-0.245924600990644,-0.29963951568519526,-0.049565217391304345,-0.1610649422124381,-0.16623830489818403,-0.2590478811227297,-0.010200880572372041,-0.11369840396257569,0.006612548156301606,28501.57815079802,0.0033030033111600687
-0.245924600990644,-0.29963951568519526,-0.049565217391304345,-0.1810649422124381,-0.18623830489818405,-0.2590478811227297,-0.00020088057237203916,-0.1236984039625757,0.006612548156301606,28320.57815079802,0.0033030033111600687
-0.285924600990644,-0.3196395156851953,-0.07956521739130434,-0.1610649422124381,-0.16623830489818403,-0.3090478811227297,-0.00020088057237203916,-0.1236984039625757,0.006612548156301606,28579.57815079802,0.007405471801760655
-0.245924600990644,-0.34963951568519525,-0.059565217391304326,-0.1810649422124381,-0.18623830489818405,-0.3290478811227297,-0.00020088057237203916,-0.14369840396257566,0.006612548156301606,28332.57815079802,0.01143379211425355
-0.275924600990644,-0.3396395156851953,-0.059565217391304326,-0.1710649422124381,-0.136238304898184,-0.3090478811227297,-0.010200880572372041,-0.10369840396257568,-0.0033874518436984025,27899.57815079802,0.015433979034423118
-0.26592460099064397,-0.3196395156851953,-0.07956521739130434,-0.1710649422124381,-0.11623830489818399,-0.3290478811227297,0.019799119427627965,-0.10369840396257568,0.0166125481563016,27702.57815079802,0.015433979034423118
-0.235924600990644,-0.34963951568519525,-0.08956521739130432,-0.1410649422124381,-0.126238304898184,-0.3590478811227297,0.019799119427627965,-0.10369840396257568,0.006612548156301606,27727.57815079802,0.01843447685241628
-0.225924600990644,-0.35963951568519525,-0.07956521739130434,-0.1810649422124381,-0.07623830489818395,-0.3390478811227297,0.019799119427627965,-0.10369840396257568,0.0166125481563016,28016.57815079802,0.023953628540038352
-0.21592460099064398,-0.34963951568519525,-0.06956521739130433,-0.1610649422124381,-0.11623830489818399,-0.3790478811227297,0.009799119427627956,-0.11369840396257569,0.0166125481563016,27785.57815079802,0.027603340148928623
-0.225924600990644,-0.3396395156851953,-0.059565217391304326,-0.1610649422124381,-0.06623830489818394,-0.3590478811227297,-0.00020088057237203916,-0.07369840396257571,0.0166125481563016,27812.57815079802,0.027603340148928623
-0.255924600990644,-0.3396395156851953,-0.049565217391304345,-0.1810649422124381,-0.09623830489818397,-0.3790478811227297,-0.010200880572372041,-0.07369840396257571,0.0166125481563016,28207.57815079802,0.031527233123778586
-0.225924600990644,-0.36963951568519526,-0.029565217391304327,-0.1810649422124381,-0.15623830489818402,-0.3890478811227297,-0.00020088057237203916,-0.11369840396257569,0.026612548156301596,28964.57815079802,0.03554816246032644
-0.225924600990644,-0.36963951568519526,-0.039565217391304336,-0.1310649422124381,-0.09623830489818397,-0.3690478811227297,0.009799119427627956,-0.05369840396257569,0.0166125481563016,29017.57815079802,0.03964109420776296
-0.255924600990644,-0.3296395156851953,-0.049565217391304345,-0.1410649422124381,-0.07623830489818395,-0.3790478811227297,-0.00020088057237203916,-0.07369840396257571,0.0166125481563016,29124.57815079802,0.04365725517272878
-0.26592460099064397,-0.2696395156851953,-0.039565217391304336,-0.1410649422124381,-0.06623830489818394,-0.3790478811227297,-0.020200880572372043,-0.08369840396257566,0.006612548156301606,29945.57815079802,0.04470939636230398
-0.235924600990644,-0.3396395156851953,-0.039565217391304336,-0.1510649422124381,-0.07623830489818395,-0.3990478811227297,-0.020200880572372043,-0.08369840396257566,0.006612548156301606,31114.57815079802,0.04730815887451101
-0.225924600990644,-0.3296395156851953,-0.019565217391304346,-0.1410649422124381,-0.026238304898184017,-0.3790478811227297,-0.020200880572372043,-0.0636984039625757,0.0166125481563016,31379.57815079802,0.05232281684875417
-0.225924600990644,-0.3296395156851953,-0.019565217391304346,-0.1310649422124381,-0.01623830489818401,-0.3890478811227297,-0.010200880572372041,-0.05369840396257569,0.0166125481563016,31314.57815079802,0.055937957763671164
-0.19592460099064402,-0.3296395156851953,-0.019565217391304346,-0.1410649422124381,0.023761695101816027,-0.3690478811227297,-0.010200880572372041,-0.05369840396257569,0.026612548156301596,31193.57815079802,0.05677504539489675
-0.19592460099064402,-0.29963951568519526,-0.019565217391304346,-0.1410649422124381,0.053761695101816054,-0.3990478811227297,-0.010200880572372041,-0.0636984039625757,0.0166125481563016,30812.57815079802,0.059937429428099875
-0.185924600990644,-0.2796395156851953,-0.049565217391304345,-0.1710649422124381,0.08376169510181597,-0.41904788112272967,-0.010200880572372041,-0.023698403962575665,0.006612548156301606,31077.57815079802,0.06526966094970632
-0.185924600990644,-0.2596395156851953,-0.049565217391304345,-0.1710649422124381,0.06376169510181595,-0.41904788112272967,-0.010200880572372041,-0.033698403962575674,0.0166125481563016,30888.57815079802,0.06857628822326589
-0.165924600990644,-0.2596395156851953,-0.049565217391304345,-0.1810649422124381,0.09376169510181598,-0.41904788112272967,-0.00020088057237203916,-0.0036984039625757026,0.0166125481563016,30517.57815079802,0.06957430839538503
-0.175924600990644,-0.22963951568519525,-0.049565217391304345,-0.1610649422124381,0.133761695101816,-0.4290478811227297,0.009799119427627956,0.046301596037424286,0.0166125481563016,30308.57815079802,0.07188148498535085
-0.165924600990644,-0.2096395156851953,-0.039565217391304336,-0.1910649422124381,0.15376169510181603,-0.3990478811227297,-0.00020088057237203916,0.026301596037424324,0.0166125481563016,30397.57815079802,0.07657570838927796
-0.14592460099064397,-0.17963951568519526,-0.059565217391304326,-0.1710649422124381,0.17376169510181605,-0.4290478811227297,-0.010200880572372041,0.006301596037424306,0.0166125481563016,31042.57815079802,0.08013339042663858
-0.13592460099064402,-0.16963951568519525,-0.059565217391304326,-0.1710649422124381,0.18376169510181606,-0.4290478811227297,-0.00020088057237203916,0.026301596037424324,0.006612548156301606,30487.57815079802,0.08116240501404093
-0.13592460099064402,-0.1496395156851953,-0.07956521739130434,-0.1710649422124381,0.14376169510181602,-0.4290478811227297,-0.00020088057237203916,0.09630159603742433,0.006612548156301606,30494.57815079802,0.08526082038879679
-0.175924600990644,-0.1496395156851953,-0.08956521739130432,-0.1610649422124381,0.30376169510181594,-0.4490478811227297,0.009799119427627956,0.12630159603742436,-0.0033874518436984025,30613.57815079802,0.08928961753844789
-0.20592460099064397,-0.1596395156851953,-0.09956521739130433,-0.1810649422124381,0.30376169510181594,-0.4490478811227297,-0.00020088057237203916,0.09630159603742433,0.006612548156301606,30908.57815079802,0.09287924766540456
-0.235924600990644,-0.1596395156851953,-0.10956521739130434,-0.1810649422124381,0.343761695101816,-0.4490478811227297,0.019799119427627965,0.13630159603742437,-0.0033874518436984025,31083.57815079802,0.09393353462219167
-0.285924600990644,-0.10963951568519525,-0.12956521739130433,-0.1910649422124381,0.40376169510181603,-0.4490478811227297,0.009799119427627956,0.12630159603742436,0.006612548156301606,31304.57815079802,0.09683866500854421
-0.26592460099064397,-0.07963951568519523,-0.11956521739130432,-0.1710649422124381,0.41376169510181604,-0.4690478811227297,0.009799119427627956,0.1763015960374243,0.006612548156301606,31499.57815079802,0.10079092979431081
-0.255924600990644,-0.09963951568519525,-0.10956521739130434,-0.1710649422124381,0.5037616951018159,-0.4590478811227297,0.019799119427627965,0.13630159603742437,0.006612548156301606,31416.57815079802,0.10581798553466726
-0.21592460099064398,-0.12963951568519527,-0.10956521739130434,-0.1610649422124381,0.5437616951018159,-0.4490478811227297,0.019799119427627965,0.15630159603742427,0.006612548156301606,30695.57815079802,0.10581798553466726
-0.21592460099064398,-0.12963951568519527,-0.10956521739130434,-0.1610649422124381,0.623761695101816,-0.4490478811227297,0.019799119427627965,0.1863015960374243,0.006612548156301606,30094.57815079802,0.10905523300170827
-0.19592460099064402,-0.13963951568519528,-0.10956521739130434,-0.1710649422124381,0.653761695101816,-0.4390478811227297,0.019799119427627965,0.1963015960374243,0.006612548156301606,30545.57815079802,0.11307520866393972
-0.185924600990644,-0.11963951568519526,-0.10956521739130434,-0.1610649422124381,0.6937616951018161,-0.4290478811227297,0.02979911942762796,0.22630159603742434,0.026612548156301596,31092.57815079802,0.11715860366821218
-0.21592460099064398,-0.07963951568519523,-0.12956521739130433,-0.1610649422124381,0.7537616951018159,-0.4290478811227297,0.02979911942762796,0.22630159603742434,0.0166125481563016,30637.57815079802,0.12085909843444753
-0.21592460099064398,-0.09963951568519525,-0.09956521739130433,-0.1610649422124381,0.843761695101816,-0.4090478811227297,0.02979911942762796,0.22630159603742434,0.026612548156301596,30474.57815079802,0.12085909843444753
-0.285924600990644,-0.08963951568519524,-0.09956521739130433,-0.1610649422124381,0.913761695101816,-0.3990478811227297,0.019799119427627965,0.20630159603742432,0.026612548156301596,30613.57815079802,0.12603516578674245
-0.255924600990644,-0.08963951568519524,-0.09956521739130433,-0.1710649422124381,1.0137616951018158,-0.3990478811227297,0.019799119427627965,0.20630159603742432,0.026612548156301596,30964.57815079802,0.13002223968505788
-0.255924600990644,-0.13963951568519528,-0.10956521739130434,-0.1710649422124381,1.0337616951018158,-0.3990478811227297,0.019799119427627965,0.20630159603742432,0.026612548156301596,31393.57815079802,0.13400335311889577
-0.26592460099064397,-0.12963951568519527,-0.12956521739130433,-0.1710649422124381,1.0937616951018159,-0.3990478811227297,0.019799119427627965,0.21630159603742433,0.0166125481563016,31258.57815079802,0.13400335311889577
-0.275924600990644,-0.05963951568519532,-0.12956521739130433,-0.1410649422124381,1.1137616951018159,-0.3790478811227297,0.019799119427627965,0.24630159603742435,0.026612548156301596,31625.57815079802,0.13854475021362234
-0.245924600990644,-0.05963951568519532,-0.13956521739130434,-0.1710649422124381,1.103761695101816,-0.3890478811227297,0.019799119427627965,0.27630159603742427,0.026612548156301596,32266.57815079802,0.14213008880615163
-0.245924600990644,-0.019639515685195286,-0.14956521739130435,-0.1310649422124381,1.1437616951018161,-0.3990478811227297,0.02979911942762796,0.3063015960374243,0.026612548156301596,32047.57815079802,0.14578933715820241
-0.235924600990644,-0.009639515685195277,-0.15956521739130433,-0.1410649422124381,1.1837616951018162,-0.3990478811227297,0.02979911942762796,0.34630159603742433,0.0166125481563016,32522.57815079802,0.14578933715820241
-0.26592460099064397,0.010360484314804741,-0.16956521739130434,-0.1610649422124381,1.253761695101816,-0.4090478811227297,0.039799119427627955,0.3363015960374243,0.0166125481563016,33569.57815079802,0.1504117965698235
-0.245924600990644,-0.009639515685195277,-0.15956521739130433,-0.1710649422124381,1.3037616951018163,-0.4090478811227297,0.039799119427627955,0.36630159603742435,0.026612548156301596,33734.57815079802,0.15446634292602468
-0.225924600990644,0.0003604843148047321,-0.16956521739130434,-0.2010649422124381,1.3237616951018163,-0.3990478811227297,0.02979911942762796,0.4063015960374243,0.026612548156301596,33665.57815079802,0.15885157585143972
-0.245924600990644,-0.019639515685195286,-0.14956521739130435,-0.1810649422124381,1.383761695101816,-0.3990478811227297,0.02979911942762796,0.38630159603742437,0.0166125481563016,33066.57815079802,0.15885157585143972
-0.255924600990644,0.010360484314804741,-0.15956521739130433,-0.2010649422124381,1.443761695101816,-0.3890478811227297,0.019799119427627965,0.36630159603742435,0.0166125481563016,32821.57815079802,0.16285581588745046
-0.26592460099064397,0.0003604843148047321,-0.14956521739130435,-0.2010649422124381,1.483761695101816,-0.3990478811227297,0.019799119427627965,0.35630159603742434,0.0166125481563016,32814.57815079802,0.16685552597045827
-0.255924600990644,0.0003604843148047321,-0.15956521739130433,-0.2010649422124381,1.503761695101816,-0.3990478811227297,0.019799119427627965,0.36630159603742435,0.0166125481563016,32803.57815079802,0.17042727470397878
-0.26592460099064397,0.03036048431480476,-0.15956521739130433,-0.1910649422124381,1.483761695101816,-0.3890478811227297,0.019799119427627965,0.37630159603742436,0.0166125481563016,32798.57815079802,0.17149085998535085
-0.255924600990644,0.04036048431480477,-0.14956521739130435,-0.1810649422124381,1.4937616951018162,-0.3790478811227297,0.019799119427627965,0.4063015960374243,0.0166125481563016,32807.57815079802,0.17456121444702077
-0.295924600990644,0.07036048431480468,-0.15956521739130433,-0.2110649422124381,1.4937616951018162,-0.3790478811227297,0.009799119427627956,0.4263015960374243,0.026612548156301596,33022.57815079802,0.178425741195678
-0.285924600990644,0.11036048431480472,-0.14956521739130435,-0.1910649422124381,1.483761695101816,-0.3890478811227297,0.02979911942762796,0.4363015960374243,0.026612548156301596,32753.57815079802,0.1833252429962151
-0.295924600990644,0.13036048431480474,-0.14956521739130435,-0.2210649422124381,1.523761695101816,-0.3590478811227297,0.019799119427627965,0.4263015960374243,0.026612548156301596,32756.57815079802,0.18669934272766042
-0.285924600990644,0.13036048431480474,-0.15956521739130433,-0.2010649422124381,1.523761695101816,-0.3590478811227297,0.019799119427627965,0.4363015960374243,0.026612548156301596,33295.57815079802,0.18774766921997
-0.315924600990644,0.14036048431480475,-0.13956521739130434,-0.2110649422124381,1.5337616951018163,-0.3590478811227297,0.019799119427627965,0.4363015960374243,0.026612548156301596,33174.57815079802,0.1909670352935784
-0.305924600990644,0.13036048431480474,-0.14956521739130435,-0.2110649422124381,1.5537616951018163,-0.3390478811227297,0.019799119427627965,0.4563015960374243,0.026612548156301596,33937.57815079802,0.19574828147887757
-0.33592460099064403,0.15036048431480475,-0.13956521739130434,-0.23106494221243812,1.5537616951018163,-0.3390478811227297,0.009799119427627956,0.4463015960374243,0.026612548156301596,34592.57815079802,0.19900722503662038
-0.315924600990644,0.16036048431480476,-0.13956521739130434,-0.2210649422124381,1.5537616951018163,-0.3390478811227297,0.009799119427627956,0.4563015960374243,0.026612548156301596,35019.57815079802,0.19900722503662038
-0.33592460099064403,0.2003604843148047,-0.13956521739130434,-0.23106494221243812,1.523761695101816,-0.3290478811227297,-0.00020088057237203916,0.5063015960374244,0.026612548156301596,35818.57815079802,0.2030376911163323
-0.345924600990644,0.2003604843148047,-0.14956521739130435,-0.2210649422124381,1.5337616951018163,-0.3290478811227297,0.009799119427627956,0.5163015960374242,0.0166125481563016,36127.57815079802,0.20747537612914968
-0.365924600990644,0.19036048431480468,-0.15956521739130433,-0.2010649422124381,1.543761695101816,-0.3190478811227297,0.019799119427627965,0.5163015960374242,0.0166125481563016,36640.57815079802,0.21128244400024343
-0.365924600990644,0.18036048431480478,-0.16956521739130434,-0.1910649422124381,1.563761695101816,-0.3290478811227297,0.019799119427627965,0.5363015960374242,0.0166125481563016,36841.57815079802,0.21234436035155824
-0.33592460099064403,0.17036048431480477,-0.15956521739130433,-0.2010649422124381,1.5537616951018163,-0.3190478811227297,0.019799119427627965,0.5563015960374242,0.0166125481563016,37330.57815079802,0.21634240150451944
-0.33592460099064403,0.17036048431480477,-0.16956521739130434,-0.2010649422124381,1.5537616951018163,-0.3090478811227297,0.019799119427627965,0.6063015960374243,0.0166125481563016,36971.57815079802,0.2198459625244098
-0.315924600990644,0.17036048431480477,-0.15956521739130433,-0.2210649422124381,1.5537616951018163,-0.2990478811227297,0.02979911942762796,0.6063015960374243,0.0166125481563016,36798.57815079802,0.22415347099303773
-0.305924600990644,0.16036048431480476,-0.16956521739130434,-0.1710649422124381,1.5737616951018163,-0.3090478811227297,0.039799119427627955,0.6163015960374243,0.0166125481563016,37287.57815079802,0.22415347099303773
-0.325924600990644,0.15036048431480475,-0.16956521739130434,-0.1810649422124381,1.5537616951018163,-0.2890478811227297,0.02979911942762796,0.6463015960374243,0.006612548156301606,37446.57815079802,0.22795529365539835
-0.325924600990644,0.14036048431480475,-0.15956521739130433,-0.2010649422124381,1.563761695101816,-0.2890478811227297,0.039799119427627955,0.6463015960374243,0.0166125481563016,37809.57815079802,0.23171682357788015
-0.305924600990644,0.14036048431480475,-0.15956521739130433,-0.1810649422124381,1.543761695101816,-0.2990478811227297,0.039799119427627955,0.6463015960374243,0.0166125481563016,37948.57815079802,0.2362348556518512
-0.315924600990644,0.16036048431480476,-0.17956521739130432,-0.2010649422124381,1.523761695101816,-0.2890478811227297,0.039799119427627955,0.6463015960374243,0.0166125481563016,38019.57815079802,0.2373096466064446
-0.315924600990644,0.16036048431480476,-0.13956521739130434,-0.2210649422124381,1.4737616951018162,-0.2890478811227297,0.039799119427627955,0.7063015960374242,0.0166125481563016,38476.57815079802,0.24048323631286195
-0.295924600990644,0.19036048431480468,-0.16956521739130434,-0.2010649422124381,1.463761695101816,-0.2890478811227297,0.049799119427627964,0.7363015960374242,0.0166125481563016,38781.57815079802,0.24401016235351847
-0.295924600990644,0.19036048431480468,-0.17956521739130432,-0.2010649422124381,1.4337616951018162,-0.2890478811227297,0.049799119427627964,0.7463015960374242,0.0166125481563016,39224.57815079802,0.2486001968383782
-0.305924600990644,0.2003604843148047,-0.12956521739130433,-0.2010649422124381,1.4137616951018162,-0.2890478811227297,0.049799119427627964,0.7663015960374242,0.0166125481563016,38917.57815079802,0.2486001968383782
-0.315924600990644,0.2203604843148047,-0.13956521739130434,-0.2010649422124381,1.403761695101816,-0.2890478811227297,0.049799119427627964,0.7563015960374242,0.026612548156301596,38892.57815079802,0.2526003837585442
-0.315924600990644,0.2203604843148047,-0.14956521739130435,-0.2010649422124381,1.3737616951018161,-0.2790478811227297,0.039799119427627955,0.7863015960374242,0.0166125481563016,38693.57815079802,0.25760073661803773
-0.315924600990644,0.24036048431480472,-0.13956521739130434,-0.1910649422124381,1.3637616951018163,-0.2690478811227297,0.049799119427627964,0.7963015960374242,0.0166125481563016,38942.57815079802,0.26060266494750906
-0.325924600990644,0.23036048431480471,-0.12956521739130433,-0.1910649422124381,1.333761695101816,-0.2690478811227297,0.049799119427627964,0.8163015960374242,0.0166125481563016,39295.57815079802,0.26474018096923757
-0.315924600990644,0.23036048431480471,-0.13956521739130434,-0.1910649422124381,1.313761695101816,-0.2490478811227297,0.049799119427627964,0.8363015960374243,0.0166125481563016,39822.57815079802,0.2657937526702874
-0.315924600990644,0.27036048431480475,-0.12956521739130433,-0.1810649422124381,1.273761695101816,-0.23904788112272968,0.05979911942762796,0.8463015960374243,0.0666125481563016,39737.57815079802,0.26879782676696706
-0.305924600990644,0.29036048431480477,-0.09956521739130433,-0.1910649422124381,1.213761695101816,-0.22904788112272967,0.05979911942762796,0.8863015960374243,0.0966125481563016,39476.57815079802,0.27381153106689027
-0.315924600990644,0.29036048431480477,-0.10956521739130434,-0.1910649422124381,1.213761695101816,-0.20904788112272965,0.05979911942762796,0.8863015960374243,0.0866125481563016,39769.57815079802,0.2768241882324247
-0.325924600990644,0.3203604843148047,-0.09956521739130433,-0.1910649422124381,1.193761695101816,-0.19904788112272964,0.05979911942762796,0.8863015960374243,0.0866125481563016,40130.57815079802,0.2768241882324247
-0.345924600990644,0.3203604843148047,-0.11956521739130432,-0.1810649422124381,1.173761695101816,-0.16904788112272973,0.05979911942762796,0.9063015960374243,0.0966125481563016,40349.57815079802,0.28216309547424245
-0.355924600990644,0.3303604843148047,-0.10956521739130434,-0.2010649422124381,1.1637616951018162,-0.1290478811227297,0.049799119427627964,0.8963015960374243,0.1166125481563016,40846.57815079802,0.2855984687805204
-0.355924600990644,0.3303604843148047,-0.09956521739130433,-0.2010649422124381,1.0937616951018159,-0.11904788112272968,0.049799119427627964,0.9363015960374244,0.1466125481563016,41077.57815079802,0.2893177986145048
-0.38592460099064396,0.29036048431480477,-0.08956521739130432,-0.23106494221243812,1.1137616951018159,-0.11904788112272968,0.05979911942762796,0.9263015960374243,0.1166125481563016,42174.57815079802,0.2900194644928007
-0.38592460099064396,0.3103604843148047,-0.07956521739130434,-0.2210649422124381,1.0937616951018159,-0.009047881122729695,0.049799119427627964,0.9063015960374243,0.1466125481563016,42681.57815079802,0.2930187702178948
-0.325924600990644,0.3303604843148047,-0.06956521739130433,-0.23106494221243812,1.0937616951018159,0.02095211887727033,0.05979911942762796,0.9163015960374243,0.1266125481563016,43022.57815079802,0.29729886054992605
-0.365924600990644,0.3303604843148047,-0.019565217391304346,-0.2210649422124381,1.063761695101816,0.07095211887727026,0.039799119427627955,0.9263015960374243,0.1566125481563016,42199.57815079802,0.3025106906890862
-0.33592460099064403,0.3203604843148047,-0.029565217391304327,-0.23106494221243812,1.043761695101816,0.05095211887727036,0.039799119427627955,0.9263015960374243,0.1566125481563016,40680.57815079802,0.30352301597595144
-0.315924600990644,0.3203604843148047,-0.019565217391304346,-0.23106494221243812,1.063761695101816,0.09095211887727028,0.049799119427627964,0.9263015960374243,0.18661254815630163,39715.57815079802,0.30651731491088796
-0.305924600990644,0.3403604843148047,-0.029565217391304327,-0.2110649422124381,1.0337616951018158,0.10095211887727029,0.06979911942762795,0.9063015960374243,0.2166125481563016,39118.57815079802,0.3097919940948479
-0.33592460099064403,0.3203604843148047,-0.019565217391304346,-0.2210649422124381,1.043761695101816,0.15095211887727034,0.049799119427627964,0.9263015960374243,0.2066125481563016,39299.57815079802,0.3141591072082477
-0.355924600990644,0.3103604843148047,0.04043478260869565,-0.23106494221243812,0.9837616951018161,0.16095211887727034,0.049799119427627964,0.9263015960374243,0.23661254815630162,39180.57815079802,0.3141591072082477
-0.37592460099064395,0.3103604843148047,0.04043478260869565,-0.23106494221243812,0.9837616951018161,0.18095211887727025,0.039799119427627955,0.9363015960374244,0.3566125481563016,39131.57815079802,0.3181530952453606
-0.38592460099064396,0.3403604843148047,0.02043478260869569,-0.23106494221243812,0.853761695101816,0.19095211887727026,0.049799119427627964,0.9563015960374242,0.2966125481563016,38974.57815079802,0.32220120429992605
-0.345924600990644,0.3503604843148047,0.030434782608695643,-0.23106494221243812,0.833761695101816,0.2609521188772703,0.039799119427627955,1.0163015960374242,0.4366125481563016,38133.57815079802,0.32619948387145925
-0.315924600990644,0.3603604843148047,0.11043478260869566,-0.2410649422124381,0.823761695101816,0.29095211887727035,0.049799119427627964,0.9963015960374242,0.4366125481563016,37474.57815079802,0.3301996707916217
-0.305924600990644,0.3303604843148047,0.12043478260869567,-0.2010649422124381,0.813761695101816,0.3509521188772704,0.05979911942762796,1.0063015960374242,0.4366125481563016,37279.57815079802,0.3301996707916217
-0.26592460099064397,0.3303604843148047,0.14043478260869569,-0.1710649422124381,0.833761695101816,0.3509521188772704,0.08979911942762797,1.0263015960374242,0.4266125481563016,36766.57815079802,0.3341972351074247
-0.245924600990644,0.3503604843148047,0.15043478260869564,-0.1710649422124381,0.7637616951018159,0.3509521188772704,0.08979911942762797,1.0363015960374242,0.46661254815630165,36067.57815079802,0.3392078399658196
-0.26592460099064397,0.3503604843148047,0.17043478260869566,-0.1610649422124381,0.7637616951018159,0.3909521188772702,0.10979911942762796,1.0163015960374242,0.45661254815630165,35910.57815079802,0.3422622203826897
-0.245924600990644,0.3003604843148048,0.19043478260869567,-0.1610649422124381,0.7437616951018161,0.41095211887727023,0.10979911942762796,0.9763015960374242,0.5066125481563015,35765.57815079802,0.34333176612853933
-0.295924600990644,0.29036048431480477,0.19043478260869567,-0.1610649422124381,0.7137616951018161,0.44095211887727026,0.09979911942762795,0.9963015960374242,0.5066125481563015,35232.57815079802,0.34665961265563894
-0.235924600990644,0.28036048431480476,0.19043478260869567,-0.1410649422124381,0.6837616951018161,0.4909521188772703,0.09979911942762795,1.0163015960374242,0.4166125481563016,34721.57815079802,0.350609254837039
-0.225924600990644,0.27036048431480475,0.2904347826086957,-0.1510649422124381,0.7037616951018161,0.4709521188772703,0.10979911942762796,1.0163015960374242,0.44661254815630164,34092.57815079802,0.3541545391082792
-0.235924600990644,0.28036048431480476,0.3104347826086956,-0.1310649422124381,0.653761695101816,0.5109521188772703,0.10979911942762796,0.9963015960374242,0.5166125481563015,33785.57815079802,0.3551876068115227
-0.20592460099064397,0.27036048431480475,0.35043478260869565,-0.1110649422124381,0.593761695101816,0.5209521188772703,0.11979911942762797,1.0063015960374242,0.5166125481563015,33394.57815079802,0.3591851711273186
-0.19592460099064402,0.25036048431480473,0.37043478260869567,-0.1510649422124381,0.623761695101816,0.5309521188772703,0.11979911942762797,0.9963015960374242,0.5466125481563016,32535.57815079802,0.36318535804748464
-0.165924600990644,0.24036048431480472,0.4204347826086957,-0.1110649422124381,0.633761695101816,0.5609521188772704,0.12979911942762795,0.9963015960374242,0.5866125481563016,32016.57815079802,0.36718530654907156
-0.185924600990644,0.28036048431480476,0.46043478260869564,-0.1210649422124381,0.613761695101816,0.6009521188772704,0.11979911942762797,0.9863015960374242,0.6366125481563016,31805.57815079802,0.36718530654907156
-0.21592460099064398,0.28036048431480476,0.49043478260869566,-0.1210649422124381,0.613761695101816,0.5809521188772704,0.11979911942762797,0.9863015960374242,0.6666125481563017,31140.57815079802,0.371205282211303
-0.19592460099064402,0.29036048431480477,0.48043478260869565,-0.1310649422124381,0.583761695101816,0.5909521188772704,0.12979911942762795,1.0063015960374242,0.6866125481563017,30473.57815079802,0.3751263141632073
-0.20592460099064397,0.27036048431480475,0.49043478260869566,-0.0910649422124381,0.563761695101816,0.6109521188772704,0.12979911942762795,1.0063015960374242,0.6866125481563017,30316.57815079802,0.3794886589050286
-0.225924600990644,0.26036048431480474,0.5204347826086957,-0.0910649422124381,0.563761695101816,0.6209521188772702,0.14979911942762797,1.0163015960374242,0.6866125481563017,30417.57815079802,0.38030619621276784
-0.245924600990644,0.27036048431480475,0.5004347826086957,-0.06106494221243808,0.5437616951018159,0.6409521188772702,0.10979911942762796,1.0163015960374242,0.7366125481563015,30314.57815079802,0.3832919120788567
-0.225924600990644,0.23036048431480471,0.5104347826086957,-0.06106494221243808,0.5437616951018159,0.6109521188772704,0.15979911942762795,0.9963015960374242,0.7566125481563015,30221.57815079802,0.38845486640930105
-0.225924600990644,0.2203604843148047,0.5104347826086957,-0.06106494221243808,0.5137616951018159,0.6609521188772702,0.13979911942762796,0.9763015960374242,0.7666125481563015,30800.57815079802,0.39245505332946706
-0.235924600990644,0.2103604843148047,0.5604347826086956,-0.051064942212438125,0.5237616951018159,0.6609521188772702,0.15979911942762795,0.9563015960374242,0.8266125481563016,30907.57815079802,0.39245505332946706
-0.19592460099064402,0.2203604843148047,0.5704347826086956,-0.031064942212438107,0.5037616951018159,0.6609521188772702,0.14979911942762797,0.9763015960374242,0.7766125481563015,30474.57815079802,0.39657611846923757
-0.225924600990644,0.2003604843148047,0.5904347826086956,-0.041064942212438116,0.5337616951018159,0.6709521188772702,0.14979911942762797,0.9763015960374242,0.8266125481563016,30599.57815079802,0.4005734443664508
-0.225924600990644,0.16036048431480476,0.6504347826086957,-0.041064942212438116,0.5437616951018159,0.6909521188772703,0.14979911942762797,0.9663015960374242,0.8566125481563016,30494.57815079802,0.4038762569427483
-0.235924600990644,0.15036048431480475,0.6504347826086957,-0.041064942212438116,0.5237616951018159,0.7009521188772703,0.13979911942762796,0.9463015960374244,0.8666125481563016,30237.57815079802,0.4080736160278313
-0.225924600990644,0.14036048431480475,0.6504347826086957,-0.06106494221243808,0.5537616951018159,0.7309521188772703,0.14979911942762797,0.9163015960374243,0.8766125481563016,30140.57815079802,0.4080736160278313
-0.235924600990644,0.18036048431480478,0.6704347826086957,-0.041064942212438116,0.5337616951018159,0.7509521188772703,0.13979911942762796,0.8963015960374243,0.8866125481563016,30337.57815079802,0.4131655216217034
-0.21592460099064398,0.15036048431480475,0.6904347826086956,-0.0810649422124381,0.4837616951018161,0.8009521188772704,0.13979911942762796,0.8663015960374243,0.8966125481563016,30592.57815079802,0.4166802883148186
-0.225924600990644,0.13036048431480474,0.7004347826086956,-0.07106494221243809,0.4637616951018161,0.8109521188772704,0.14979911942762797,0.8763015960374243,0.8866125481563016,30579.57815079802,0.4202138900756829
-0.225924600990644,0.15036048431480475,0.6904347826086956,-0.0910649422124381,0.43376169510181606,0.8209521188772704,0.13979911942762796,0.8763015960374243,0.8866125481563016,30610.57815079802,0.4202138900756829
-0.255924600990644,0.12036048431480473,0.7404347826086957,-0.1110649422124381,0.4637616951018161,0.8209521188772704,0.12979911942762795,0.8663015960374243,0.8766125481563016,30527.57815079802,0.42525000572204874
-0.245924600990644,0.0903604843148047,0.7504347826086957,-0.1210649422124381,0.4537616951018161,0.8409521188772704,0.11979911942762797,0.8363015960374243,0.8866125481563016,30818.57815079802,0.4292761802673297
-0.285924600990644,0.0903604843148047,0.7604347826086957,-0.1410649422124381,0.4637616951018161,0.8409521188772704,0.11979911942762797,0.8363015960374243,0.8866125481563016,31317.57815079802,0.43262667655944753
-0.295924600990644,0.0903604843148047,0.7804347826086957,-0.1910649422124381,0.44376169510181607,0.8409521188772704,0.09979911942762795,0.8263015960374243,0.9066125481563017,31694.57815079802,0.4333431243896477
-0.325924600990644,0.0903604843148047,0.7504347826086957,-0.2010649422124381,0.4837616951018161,0.9009521188772702,0.09979911942762795,0.7563015960374242,0.9066125481563017,32143.57815079802,0.4373685836791985
-0.345924600990644,0.060360484314804674,0.7504347826086957,-0.2010649422124381,0.4737616951018161,0.9109521188772702,0.08979911942762797,0.7563015960374242,0.9366125481563017,32572.57815079802,0.441273641586303
-0.345924600990644,0.03036048431480476,0.7804347826086957,-0.2210649422124381,0.4937616951018161,0.9009521188772702,0.07979911942762796,0.6863015960374244,0.9666125481563017,33019.57815079802,0.444746685028079
-0.355924600990644,0.02036048431480475,0.7804347826086957,-0.2410649422124381,0.5237616951018159,0.9309521188772703,0.06979911942762795,0.6663015960374243,0.9966125481563017,33216.57815079802,0.4458550930023186
-0.38592460099064396,0.03036048431480476,0.7804347826086957,-0.23106494221243812,0.5037616951018159,0.9309521188772703,0.05979911942762796,0.6763015960374243,1.0266125481563018,33483.57815079802,0.4501125335693352
-0.39592460099064397,0.02036048431480475,0.7504347826086957,-0.2710649422124381,0.5037616951018159,0.9709521188772703,0.039799119427627955,0.6963015960374244,1.0066125481563017,33740.57815079802,0.45354599952697683
-0.405924600990644,0.03036048431480476,0.7704347826086957,-0.2210649422124381,0.5237616951018159,0.9909521188772703,0.06979911942762795,0.6763015960374243,1.0066125481563017,34099.57815079802,0.45754690170288015
-0.415924600990644,0.050360484314804776,0.7804347826086957,-0.25106494221243814,0.5237616951018159,0.9709521188772703,0.019799119427627965,0.6663015960374243,1.0266125481563018,34046.57815079802,0.45852632522582937
-0.37592460099064395,0.07036048431480468,0.7504347826086957,-0.2710649422124381,0.4737616951018161,0.9709521188772703,0.02979911942762796,0.6663015960374243,1.0366125481563015,34105.57815079802,0.46152873039245534
-0.37592460099064395,0.060360484314804674,0.7704347826086957,-0.23106494221243812,0.4537616951018161,0.9809521188772703,0.049799119427627964,0.6363015960374243,1.0566125481563016,34710.57815079802,0.46654696464538503
-0.355924600990644,0.050360484314804776,0.7604347826086957,-0.2710649422124381,0.4537616951018161,0.9509521188772703,0.019799119427627965,0.5763015960374243,1.1066125481563016,35539.57815079802,0.4697327136993401
-0.37592460099064395,0.0903604843148047,0.7704347826086957,-0.2910649422124381,0.4637616951018161,0.9209521188772702,0.009799119427627956,0.5963015960374243,1.1066125481563016,36064.57815079802,0.47377009391784597
-0.37592460099064395,0.07036048431480468,0.7704347826086957,-0.3010649422124381,0.40376169510181603,0.9109521188772702,-0.00020088057237203916,0.5963015960374243,1.1566125481563017,36617.57815079802,0.47377009391784597
-0.405924600990644,0.0903604843148047,0.7704347826086957,-0.2910649422124381,0.393761695101816,0.8709521188772702,0.009799119427627956,0.5563015960374242,1.1666125481563017,36970.57815079802,0.47779412269592214
-0.39592460099064397,0.11036048431480472,0.7804347826086957,-0.2710649422124381,0.373761695101816,0.8709521188772702,0.019799119427627965,0.6163015960374243,1.1666125481563017,37587.57815079802,0.4820303440093987
-0.445924600990644,0.12036048431480473,0.8004347826086957,-0.2810649422124381,0.363761695101816,0.8509521188772704,-0.00020088057237203916,0.6063015960374243,1.1966125481563017,37814.57815079802,0.48609418869018484
-0.445924600990644,0.10036048431480471,0.8004347826086957,-0.2810649422124381,0.33376169510181597,0.8209521188772704,-0.010200880572372041,0.5863015960374243,1.1966125481563017,38085.57815079802,0.48609418869018484
-0.435924600990644,0.10036048431480471,0.8404347826086958,-0.3110649422124381,0.353761695101816,0.8609521188772704,-0.010200880572372041,0.6163015960374243,1.1766125481563017,38530.57815079802,0.4903180122375481
-0.455924600990644,0.07036048431480468,0.8304347826086957,-0.3210649422124381,0.353761695101816,0.8709521188772702,-0.04020088057237204,0.6163015960374243,1.1966125481563017,38997.57815079802,0.4943603992462151
-0.445924600990644,0.07036048431480468,0.8304347826086957,-0.3210649422124381,0.343761695101816,0.8609521188772704,-0.020200880572372043,0.6263015960374243,1.1766125481563017,38886.57815079802,0.49789376258850027
-0.435924600990644,0.050360484314804776,0.8404347826086958,-0.3110649422124381,0.33376169510181597,0.8709521188772702,-0.020200880572372043,0.6163015960374243,1.1966125481563017,38745.57815079802,0.4989630699157708
-0.415924600990644,0.08036048431480469,0.8804347826086956,-0.3110649422124381,0.363761695101816,0.8209521188772704,-0.010200880572372041,0.5963015960374243,1.2366125481563017,38982.57815079802,0.5034288883209221
-0.405924600990644,0.07036048431480468,0.8604347826086958,-0.3110649422124381,0.383761695101816,0.8209521188772704,-0.010200880572372041,0.6163015960374243,1.2466125481563017,38929.57815079802,0.5065826892852776
-0.39592460099064397,0.07036048431480468,0.8704347826086956,-0.3110649422124381,0.343761695101816,0.8309521188772704,-0.010200880572372041,0.6263015960374243,1.2566125481563017,38706.57815079802,0.5100540637969999
-0.37592460099064395,0.060360484314804674,0.8604347826086958,-0.3010649422124381,0.353761695101816,0.8009521188772704,-0.010200880572372041,0.6063015960374243,1.2566125481563017,39111.57815079802,0.5111090660095208
-0.39592460099064397,0.050360484314804776,0.8804347826086956,-0.3310649422124381,0.353761695101816,0.7809521188772703,-0.03020088057237204,0.5963015960374243,1.2766125481563018,39746.57815079802,0.5153123855590778
-0.38592460099064396,0.03036048431480476,0.8904347826086956,-0.3310649422124381,0.353761695101816,0.7909521188772703,-0.03020088057237204,0.6163015960374243,1.2766125481563018,40289.57815079802,0.5193409442901604
-0.405924600990644,0.03036048431480476,0.9404347826086956,-0.2710649422124381,0.353761695101816,0.7209521188772703,-0.020200880572372043,0.6163015960374243,1.2866125481563015,40512.57815079802,0.5223178386688225
-0.405924600990644,0.050360484314804776,0.9704347826086956,-0.2910649422124381,0.29376169510181593,0.6809521188772703,-0.020200880572372043,0.6063015960374243,1.3166125481563016,40361.57815079802,0.5233113288879387
-0.39592460099064397,0.03036048431480476,0.9804347826086957,-0.3110649422124381,0.2837616951018159,0.6509521188772702,-0.010200880572372041,0.6263015960374243,1.3166125481563016,40618.57815079802,0.5273181915283196
-0.365924600990644,0.02036048431480475,0.9804347826086957,-0.2910649422124381,0.2537616951018159,0.6709521188772702,-0.010200880572372041,0.6063015960374243,1.3066125481563016,39927.57815079802,0.530436706542968
-0.355924600990644,0.0903604843148047,0.9704347826086956,-0.2610649422124381,0.2437616951018161,0.6609521188772702,0.009799119427627956,0.6263015960374243,1.3166125481563016,40246.57815079802,0.5352942466735833
-0.33592460099064403,0.08036048431480469,0.9504347826086956,-0.2210649422124381,0.2437616951018161,0.6909521188772703,0.009799119427627956,0.6163015960374243,1.2866125481563015,40661.57815079802,0.5388917446136468
-0.325924600990644,0.07036048431480468,0.9704347826086956,-0.2110649422124381,0.2737616951018159,0.6909521188772703,-0.00020088057237203916,0.6263015960374243,1.2666125481563018,40566.57815079802,0.5388917446136468
-0.305924600990644,0.08036048431480469,0.9304347826086956,-0.2010649422124381,0.2537616951018159,0.7009521188772703,0.02979911942762796,0.6163015960374243,1.2266125481563017,40561.57815079802,0.5437738418579094
-0.325924600990644,0.04036048431480477,0.9204347826086956,-0.1810649422124381,0.29376169510181593,0.7109521188772703,0.019799119427627965,0.6463015960374243,1.2066125481563017,40996.57815079802,0.5479757308959989
-0.235924600990644,0.0903604843148047,0.9404347826086956,-0.10106494221243811,0.2837616951018159,0.7309521188772703,0.039799119427627955,0.6263015960374243,1.1866125481563017,41029.57815079802,0.5512423038482659
-0.20592460099064397,0.08036048431480469,0.9304347826086956,-0.0910649422124381,0.2637616951018159,0.7209521188772703,0.06979911942762795,0.6363015960374243,1.1966125481563017,40776.57815079802,0.5519754409790032
-0.165924600990644,0.050360484314804776,0.9104347826086956,-0.041064942212438116,0.343761695101816,0.7209521188772703,0.11979911942762797,0.5963015960374243,1.1966125481563017,40565.57815079802,0.555955362319942
-0.21592460099064398,0.050360484314804776,0.9204347826086956,-0.01106494221243809,0.2837616951018159,0.7509521188772703,0.11979911942762797,0.6063015960374243,1.1866125481563017,39900.57815079802,0.5609716892242425
-0.165924600990644,0.07036048431480468,0.8604347826086958,-0.01106494221243809,0.353761695101816,0.7509521188772703,0.15979911942762795,0.5963015960374243,1.2066125481563017,39995.57815079802,0.5635227680206292
-0.15592460099064398,0.010360484314804741,0.8904347826086956,0.008935057787561873,0.353761695101816,0.7609521188772703,0.15979911942762795,0.6063015960374243,1.1466125481563016,39994.57815079802,0.5645284175872796
-0.175924600990644,0.02036048431480475,0.8704347826086956,0.02893505778756189,0.393761695101816,0.7609521188772703,0.15979911942762795,0.5863015960374243,1.1366125481563016,40043.57815079802,0.5685557842254632
-0.10592460099064399,0.010360484314804741,0.8104347826086957,0.06893505778756187,0.4537616951018161,0.7509521188772703,0.24979911942762795,0.5963015960374243,1.1566125481563017,39462.57815079802,0.572590780258178
-0.055924600990644,0.050360484314804776,0.8004347826086957,0.11893505778756192,0.5037616951018159,0.7809521188772703,0.24979911942762795,0.5763015960374243,1.1566125481563017,38985.57815079802,0.576102685928344
-0.015924600990643967,0.04036048431480477,0.8104347826086957,0.1689350577875619,0.4937616951018161,0.7809521188772703,0.279799119427628,0.5763015960374243,1.1266125481563016,38736.57815079802,0.5771569728851276
-0.055924600990644,0.060360484314804674,0.7904347826086957,0.19893505778756193,0.5537616951018159,0.7509521188772703,0.29979911942762794,0.6063015960374243,1.1166125481563016,38665.57815079802,0.5801479339599602
0.044075399009355976,0.060360484314804674,0.7904347826086957,0.22893505778756185,0.5037616951018159,0.7809521188772703,0.29979911942762794,0.6063015960374243,1.0866125481563016,38112.57815079802,0.5850026130676262
0.064075399009356,0.08036048431480469,0.7804347826086957,0.24893505778756186,0.5437616951018159,0.8009521188772704,0.36979911942762794,0.5963015960374243,1.0466125481563016,37835.57815079802,0.5877646923065178
0.10407539900935603,0.07036048431480468,0.7904347826086957,0.2589350577875619,0.623761695101816,0.7609521188772703,0.409799119427628,0.5963015960374243,1.0466125481563016,37880.57815079802,0.5888216018676786
0.09407539900935602,0.10036048431480471,0.8104347826086957,0.4089350577875619,0.673761695101816,0.7809521188772703,0.41979911942762793,0.5863015960374243,1.0166125481563018,37237.57815079802,0.5923857212066643
0.13407539900935606,0.02036048431480475,0.7004347826086956,0.33893505778756194,0.7437616951018161,0.8009521188772704,0.479799119427628,0.5463015960374242,0.9966125481563017,36906.57815079802,0.5974561691284137
0.09407539900935602,0.010360484314804741,0.7404347826086957,0.3889350577875619,0.7537616951018159,0.8309521188772704,0.489799119427628,0.5763015960374243,0.9666125481563017,36667.57815079802,0.601456832885745
0.08407539900935601,0.04036048431480477,0.6304347826086957,0.3889350577875619,0.833761695101816,0.8309521188772704,0.5497991194276279,0.6163015960374243,0.9766125481563017,36352.57815079802,0.601456832885745
0.14407539900935595,0.02036048431480475,0.6304347826086957,0.37893505778756187,0.883761695101816,0.8109521188772704,0.5397991194276279,0.5863015960374243,0.9766125481563017,36533.57815079802,0.6054636955261223
0.184075399009356,0.010360484314804741,0.6704347826086957,0.44893505778756193,0.9337616951018161,0.8209521188772704,0.589799119427628,0.6063015960374243,0.9366125481563017,36868.57815079802,0.6094309806823723
0.204075399009356,0.010360484314804741,0.6504347826086957,0.4189350577875619,0.9837616951018161,0.8509521188772704,0.619799119427628,0.6163015960374243,0.9066125481563017,36613.57815079802,0.61318392753601
0.23407539900935603,0.0003604843148047321,0.6504347826086957,0.4289350577875619,1.003761695101816,0.8309521188772704,0.599799119427628,0.6163015960374243,0.8766125481563016,36366.57815079802,0.6168956279754632
0.28407539900935597,0.0003604843148047321,0.6604347826086957,0.44893505778756193,1.023761695101816,0.8609521188772704,0.6697991194276279,0.6363015960374243,0.8566125481563016,36215.57815079802,0.6176301956176786
0.28407539900935597,-0.009639515685195277,0.5504347826086957,0.44893505778756193,1.083761695101816,0.8709521188772702,0.689799119427628,0.6163015960374243,0.8466125481563016,35524.57815079802,0.6219093322753899
0.26407539900935606,0.02036048431480475,0.5804347826086956,0.46893505778756195,1.1237616951018161,0.8109521188772704,0.719799119427628,0.6263015960374243,0.9466125481563017,35457.57815079802,0.6253652095794671
0.27407539900935596,0.010360484314804741,0.5404347826086957,0.49893505778756186,1.153761695101816,0.7509521188772703,0.709799119427628,0.5863015960374243,0.9666125481563017,35454.57815079802,0.6294455051422077
0.28407539900935597,0.04036048431480477,0.5604347826086956,0.5289350577875619,1.1637616951018162,0.7409521188772703,0.739799119427628,0.5463015960374242,0.9466125481563017,35731.57815079802,0.6296951293945305
0.344075399009356,0.04036048431480477,0.5204347826086957,0.5089350577875619,1.193761695101816,0.7509521188772703,0.749799119427628,0.5463015960374242,0.9466125481563017,35648.57815079802,0.6341251850128167
0.334075399009356,0.07036048431480468,0.5004347826086957,0.5289350577875619,1.193761695101816,0.7209521188772703,0.7897991194276279,0.5763015960374243,0.9866125481563017,35427.57815079802,0.6383423328399687
0.344075399009356,0.08036048431480469,0.5104347826086957,0.48893505778756186,1.213761695101816,0.7009521188772703,0.819799119427628,0.5363015960374242,0.9966125481563017,35362.57815079802,0.6418296813964837
0.40407539900935596,0.0903604843148047,0.5104347826086957,0.5289350577875619,1.2237616951018162,0.6809521188772703,0.839799119427628,0.5763015960374243,0.9866125481563017,35565.57815079802,0.6418296813964837
0.39407539900935595,0.12036048431480473,0.5204347826086957,0.5689350577875619,1.2437616951018162,0.6609521188772702,0.849799119427628,0.6063015960374243,0.9666125481563017,35102.57815079802,0.6462342262268059
0.37407539900935605,0.10036048431480471,0.4404347826086956,0.5889350577875619,1.253761695101816,0.6909521188772703,0.839799119427628,0.5863015960374243,0.9466125481563017,35251.57815079802,0.6502670764923089
0.39407539900935595,0.11036048431480472,0.47043478260869565,0.5689350577875619,1.253761695101816,0.6609521188772702,0.869799119427628,0.5863015960374243,0.9666125481563017,35436.57815079802,0.6536159038543694
0.39407539900935595,0.11036048431480472,0.4304347826086956,0.5989350577875618,1.253761695101816,0.7009521188772703,0.879799119427628,0.6063015960374243,0.9466125481563017,34861.57815079802,0.6546656608581536
0.39407539900935595,0.10036048431480471,0.3904347826086957,0.5989350577875618,1.313761695101816,0.7009521188772703,0.8997991194276279,0.5763015960374243,0.9166125481563017,34688.57815079802,0.6576735496520989
0.434075399009356,0.15036048431480475,0.3804347826086957,0.5889350577875619,1.273761695101816,0.7009521188772703,0.9297991194276279,0.6163015960374243,0.8966125481563016,34813.57815079802,0.6623296260833698
0.464075399009356,0.16036048431480476,0.34043478260869564,0.5989350577875618,1.2837616951018163,0.7009521188772703,0.9097991194276279,0.5863015960374243,0.8766125481563016,34828.57815079802,0.6663336277008085
0.464075399009356,0.17036048431480477,0.35043478260869565,0.5989350577875618,1.2637616951018162,0.7009521188772703,0.9197991194276279,0.6163015960374243,0.8566125481563016,35365.57815079802,0.6663336277008085
0.474075399009356,0.19036048431480468,0.34043478260869564,0.6289350577875619,1.253761695101816,0.7309521188772703,0.8997991194276279,0.6463015960374243,0.8566125481563016,35964.57815079802,0.6703419208526604
0.48407539900935603,0.2103604843148047,0.35043478260869565,0.5989350577875618,1.2237616951018162,0.7009521188772703,0.9197991194276279,0.6863015960374244,0.8366125481563016,36107.57815079802,0.674517107009887
0.49407539900935604,0.2003604843148047,0.34043478260869564,0.6089350577875619,1.233761695101816,0.7109521188772703,0.9297991194276279,0.6963015960374244,0.8666125481563016,35726.57815079802,0.678510379791259
0.504075399009356,0.17036048431480477,0.2804347826086957,0.6089350577875619,1.2637616951018162,0.6909521188772703,0.9297991194276279,0.7163015960374242,0.8566125481563016,36409.57815079802,0.6822247028350823
0.5340753990093561,0.16036048431480476,0.2804347826086957,0.5889350577875619,1.2637616951018162,0.7009521188772703,0.939799119427628,0.7263015960374242,0.8166125481563016,36448.57815079802,0.6822247028350823
0.474075399009356,0.17036048431480477,0.25043478260869567,0.5989350577875618,1.293761695101816,0.7309521188772703,0.969799119427628,0.7163015960374242,0.7766125481563015,36365.57815079802,0.6869980812072747
0.5340753990093561,0.16036048431480476,0.24043478260869566,0.5889350577875619,1.313761695101816,0.7209521188772703,0.999799119427628,0.7363015960374242,0.7766125481563015,36808.57815079802,0.6910421371459989
0.49407539900935604,0.2003604843148047,0.2604347826086957,0.6489350577875619,1.273761695101816,0.7109521188772703,0.999799119427628,0.7463015960374242,0.7766125481563015,37537.57815079802,0.6940667152404778
0.5240753990093561,0.19036048431480468,0.2604347826086957,0.6589350577875619,1.2837616951018163,0.7209521188772703,0.989799119427628,0.7463015960374242,0.7466125481563015,37388.57815079802,0.6950368404388421
0.5640753990093561,0.16036048431480476,0.2604347826086957,0.6689350577875619,1.3037616951018163,0.7209521188772703,1.009799119427628,0.7263015960374242,0.7966125481563016,36871.57815079802,0.6992842674255364
0.5640753990093561,0.17036048431480477,0.24043478260869566,0.6389350577875619,1.293761695101816,0.6909521188772703,1.009799119427628,0.7363015960374242,0.7666125481563015,37526.57815079802,0.7032832622528069
0.5840753990093559,0.18036048431480478,0.17043478260869566,0.6089350577875619,1.2837616951018163,0.7109521188772703,1.0197991194276281,0.7463015960374242,0.7466125481563015,37725.57815079802,0.7068771839141839
0.5740753990093561,0.19036048431480468,0.20043478260869568,0.6789350577875619,1.293761695101816,0.7409521188772703,1.0197991194276281,0.7363015960374242,0.6866125481563017,37370.57815079802,0.7079226493835442
0.5440753990093561,0.19036048431480468,0.21043478260869564,0.6589350577875619,1.273761695101816,0.7109521188772703,1.0397991194276281,0.7463015960374242,0.7466125481563015,37637.57815079802,0.7108232498168903
0.5740753990093561,0.19036048431480468,0.19043478260869567,0.6789350577875619,1.273761695101816,0.7309521188772703,1.0397991194276281,0.7663015960374242,0.7166125481563017,37610.57815079802,0.7161476135253899
0.654075399009356,0.2003604843148047,0.15043478260869564,0.6689350577875619,1.2437616951018162,0.7309521188772703,1.0597991194276282,0.7663015960374242,0.6966125481563017,37501.57815079802,0.7194416046142535
0.654075399009356,0.2203604843148047,0.15043478260869564,0.7089350577875619,1.193761695101816,0.7309521188772703,1.0397991194276281,0.8063015960374242,0.6966125481563017,37902.57815079802,0.7201759338378899
0.6340753990093559,0.23036048431480471,0.18043478260869567,0.6589350577875619,1.1637616951018162,0.7009521188772703,1.109799119427628,0.8163015960374242,0.7366125481563015,38043.57815079802,0.7236494541168206
0.684075399009356,0.27036048431480475,0.17043478260869566,0.6789350577875619,1.1237616951018161,0.7009521188772703,1.089799119427628,0.8063015960374242,0.7066125481563017,38664.57815079802,0.7277552604675286
0.724075399009356,0.28036048431480476,0.16043478260869565,0.6489350577875619,1.063761695101816,0.6909521188772703,1.109799119427628,0.8263015960374243,0.7466125481563015,39651.57815079802,0.7318036079406767
0.754075399009356,0.27036048431480475,0.17043478260869566,0.6689350577875619,1.023761695101816,0.6709521188772702,1.1197991194276278,0.8663015960374243,0.7866125481563015,39900.57815079802,0.7327970981597893
0.694075399009356,0.3203604843148047,0.15043478260869564,0.7089350577875619,0.9937616951018161,0.7109521188772703,1.169799119427628,0.8663015960374243,0.7366125481563015,39741.57815079802,0.7358362197876005
0.734075399009356,0.3603604843148047,0.12043478260869567,0.6989350577875619,0.903761695101816,0.7309521188772703,1.1997991194276278,0.8663015960374243,0.7466125481563015,39694.57815079802,0.7396857261657708
0.744075399009356,0.3503604843148047,0.15043478260869564,0.6989350577875619,0.913761695101816,0.7009521188772703,1.209799119427628,0.8763015960374243,0.7766125481563015,39875.57815079802,0.7435822010040276
0.7740753990093561,0.3603604843148047,0.11043478260869566,0.7089350577875619,0.923761695101816,0.7209521188772703,1.2197991194276279,0.8663015960374243,0.7466125481563015,39988.57815079802,0.744580698013305
0.7740753990093561,0.38036048431480474,0.13043478260869568,0.738935057787562,0.913761695101816,0.7009521188772703,1.259799119427628,0.8763015960374243,0.7566125481563015,39979.57815079802,0.7485982894897418
0.754075399009356,0.38036048431480474,0.15043478260869564,0.758935057787562,0.883761695101816,0.6909521188772703,1.2697991194276281,0.9063015960374243,0.7666125481563015,39798.57815079802,0.7519208908081048
0.7940753990093561,0.3603604843148047,0.11043478260869566,0.778935057787562,0.843761695101816,0.7009521188772703,1.2497991194276281,0.8963015960374243,0.7766125481563015,39551.57815079802,0.756440353393554
0.7940753990093561,0.3703604843148047,0.14043478260869569,0.7889350577875618,0.853761695101816,0.7109521188772703,1.229799119427628,0.9163015960374243,0.7966125481563016,39042.57815079802,0.7604162216186481
0.7740753990093561,0.40036048431480475,0.11043478260869566,0.8189350577875618,0.813761695101816,0.7309521188772703,1.2697991194276281,0.8963015960374243,0.8166125481563016,38639.57815079802,0.7604162216186481
0.7640753990093561,0.38036048431480474,0.11043478260869566,0.8489350577875618,0.823761695101816,0.6909521188772703,1.259799119427628,0.9163015960374243,0.7866125481563015,38090.57815079802,0.7654163360595696
0.7840753990093561,0.3703604843148047,0.13043478260869568,0.8589350577875619,0.7937616951018159,0.6909521188772703,1.2897991194276281,0.9163015960374243,0.7566125481563015,38273.57815079802,0.7693871974945061
0.7840753990093561,0.3503604843148047,0.11043478260869566,0.8389350577875618,0.8037616951018159,0.7009521188772703,1.3097991194276282,0.9163015960374243,0.7466125481563015,38670.57815079802,0.7727660655975299
0.7940753990093561,0.3503604843148047,0.14043478260869569,0.8289350577875618,0.7737616951018159,0.7309521188772703,1.3497991194276278,0.9063015960374243,0.7366125481563015,38579.57815079802,0.773820114135745
0.8140753990093561,0.3003604843148048,0.13043478260869568,0.8389350577875618,0.7937616951018159,0.7009521188772703,1.3497991194276278,0.8663015960374243,0.7466125481563015,38536.57815079802,0.7770084857940667
0.8040753990093561,0.26036048431480474,0.17043478260869566,0.8489350577875618,0.7637616951018159,0.7109521188772703,1.3497991194276278,0.8463015960374243,0.7566125481563015,38945.57815079802,0.780982208251956
0.7740753990093561,0.29036048431480477,0.23043478260869565,0.8689350577875619,0.6937616951018161,0.7009521188772703,1.3697991194276278,0.8863015960374243,0.7566125481563015,38496.57815079802,0.7849940776824909
0.7740753990093561,0.3203604843148047,0.20043478260869568,0.8789350577875619,0.673761695101816,0.6809521188772703,1.3897991194276278,0.8863015960374243,0.7466125481563015,38443.57815079802,0.7860230922698968
0.7840753990093561,0.3103604843148047,0.21043478260869564,0.9089350577875619,0.643761695101816,0.7309521188772703,1.3897991194276278,0.9163015960374243,0.7466125481563015,38464.57815079802,0.7890138149261468
0.8040753990093561,0.3003604843148048,0.21043478260869564,0.9089350577875619,0.593761695101816,0.7009521188772703,1.359799119427628,0.8763015960374243,0.7266125481563015,38279.57815079802,0.7940437316894524
0.7740753990093561,0.27036048431480475,0.2604347826086957,0.9289350577875619,0.573761695101816,0.7409521188772703,1.3697991194276278,0.9163015960374243,0.7266125481563015,38182.57815079802,0.7973706245422392
0.7940753990093561,0.3103604843148047,0.24043478260869566,0.9389350577875619,0.5137616951018159,0.7209521188772703,1.3497991194276278,0.9263015960374243,0.7566125481563015,38161.57815079802,0.7980727672576897
0.8040753990093561,0.3303604843148047,0.2604347826086957,0.9589350577875619,0.4937616951018161,0.7509521188772703,1.3697991194276278,0.9363015960374244,0.7066125481563017,38188.57815079802,0.8020722389221184
0.8140753990093561,0.28036048431480476,0.2804347826086957,0.9489350577875619,0.4837616951018161,0.7509521188772703,1.359799119427628,0.9463015960374244,0.6966125481563017,37885.57815079802,0.8065781116485589
0.8540753990093559,0.24036048431480472,0.2704347826086957,0.8989350577875619,0.4937616951018161,0.7509521188772703,1.3497991194276278,0.9363015960374244,0.7166125481563017,37282.57815079802,0.809897851943969
0.8640753990093559,0.27036048431480475,0.3004347826086957,0.9189350577875619,0.4737616951018161,0.7409521188772703,1.3497991194276278,0.8563015960374243,0.7366125481563015,36769.57815079802,0.8109104156494098
0.904075399009356,0.3203604843148047,0.34043478260869564,0.8889350577875619,0.5037616951018159,0.7609521188772703,1.339799119427628,0.8363015960374243,0.6766125481563017,36780.57815079802,0.8139101982116692
0.944075399009356,0.3003604843148048,0.34043478260869564,0.8689350577875619,0.44376169510181607,0.7609521188772703,1.3297991194276277,0.8363015960374243,0.6966125481563017,36625.57815079802,0.8183648109436028
0.924075399009356,0.3203604843148047,0.35043478260869565,0.9089350577875619,0.42376169510181605,0.7709521188772703,1.339799119427628,0.8763015960374243,0.6966125481563017,36526.57815079802,0.8223611831665032
0.944075399009356,0.28036048431480476,0.33043478260869563,0.9089350577875619,0.383761695101816,0.7909521188772703,1.3097991194276282,0.8763015960374243,0.6366125481563016,36117.57815079802,0.8257295608520501
0.954075399009356,0.2003604843148047,0.34043478260869564,0.9089350577875619,0.43376169510181606,0.7909521188772703,1.299799119427628,0.8663015960374243,0.6266125481563016,35844.57815079802,0.8258416175842278
0.984075399009356,0.13036048431480474,0.36043478260869566,0.8989350577875619,0.4737616951018161,0.8109521188772704,1.2897991194276281,0.7763015960374242,0.6866125481563017,36085.57815079802,0.8298630237579303
0.984075399009356,0.18036048431480478,0.3904347826086957,0.8789350577875619,0.4637616951018161,0.7809521188772703,1.3097991194276282,0.8163015960374242,0.7066125481563017,36198.57815079802,0.8338615417480462
0.984075399009356,0.17036048431480477,0.4004347826086957,0.8689350577875619,0.4737616951018161,0.7809521188772703,1.3097991194276282,0.8263015960374243,0.7166125481563017,35673.57815079802,0.8380379199981682
0.984075399009356,0.17036048431480477,0.4204347826086957,0.8689350577875619,0.42376169510181605,0.8009521188772704,1.319799119427628,0.8263015960374243,0.7566125481563015,35202.57815079802,0.8388585567474394
0.984075399009356,0.13036048431480474,0.4304347826086956,0.8589350577875619,0.40376169510181603,0.7509521188772703,1.3097991194276282,0.8363015960374243,0.7466125481563015,34827.57815079802,0.8428418159484856
0.984075399009356,0.10036048431480471,0.46043478260869564,0.8589350577875619,0.43376169510181606,0.7409521188772703,1.319799119427628,0.8663015960374243,0.7666125481563015,35124.57815079802,0.8471788883209221
1.014075399009356,0.0903604843148047,0.4504347826086956,0.8589350577875619,0.40376169510181603,0.7209521188772703,1.299799119427628,0.8763015960374243,0.8166125481563016,34839.57815079802,0.8505153179168694
0.984075399009356,0.0903604843148047,0.47043478260869565,0.8689350577875619,0.393761695101816,0.7609521188772703,1.319799119427628,0.8463015960374243,0.8066125481563016,35232.57815079802,0.8515905857086139
0.964075399009356,0.11036048431480472,0.48043478260869565,0.8689350577875619,0.42376169510181605,0.7509521188772703,1.3297991194276277,0.7963015960374242,0.8066125481563016,35303.57815079802,0.8545629501342802
0.934075399009356,0.10036048431480471,0.5204347826086957,0.8889350577875619,0.41376169510181604,0.7409521188772703,1.339799119427628,0.8063015960374242,0.7766125481563015,34758.57815079802,0.8596076488494866
0.914075399009356,0.10036048431480471,0.5304347826086957,0.8989350577875619,0.393761695101816,0.7509521188772703,1.3297991194276277,0.8263015960374243,0.7966125481563016,35511.57815079802,0.8629688739776604
0.954075399009356,0.060360484314804674,0.5704347826086956,0.8789350577875619,0.343761695101816,0.7309521188772703,1.2897991194276281,0.7963015960374242,0.8066125481563016,35550.57815079802,0.8636343002319329
0.954075399009356,0.14036048431480475,0.5504347826086957,0.8689350577875619,0.31376169510181595,0.7509521188772703,1.3297991194276277,0.8163015960374242,0.8066125481563016,35263.57815079802,0.8676080226898186
0.924075399009356,0.12036048431480473,0.5604347826086956,0.8789350577875619,0.32376169510181596,0.8109521188772704,1.3297991194276277,0.8163015960374242,0.8366125481563016,35298.57815079802,0.871029090881347
0.914075399009356,0.11036048431480472,0.5704347826086956,0.8889350577875619,0.343761695101816,0.7909521188772703,1.299799119427628,0.8163015960374242,0.8466125481563016,35643.57815079802,0.8751294136047356
0.914075399009356,0.13036048431480474,0.5604347826086956,0.8689350577875619,0.33376169510181597,0.8109521188772704,1.319799119427628,0.7963015960374242,0.8566125481563016,35602.57815079802,0.8761839389801018
0.894075399009356,0.13036048431480474,0.5904347826086956,0.9089350577875619,0.29376169510181593,0.8109521188772704,1.3297991194276277,0.6963015960374244,0.8966125481563016,35401.57815079802,0.8801424026489286
0.8640753990093559,0.0903604843148047,0.5904347826086956,0.9089350577875619,0.32376169510181596,0.8109521188772704,1.339799119427628,0.6663015960374243,0.9066125481563017,35882.57815079802,0.883610916137691
0.8840753990093559,0.08036048431480469,0.6404347826086957,0.8589350577875619,0.33376169510181597,0.8209521188772704,1.3297991194276277,0.6563015960374243,0.9066125481563017,36021.57815079802,0.8874532699584954
0.8540753990093559,0.08036048431480469,0.6304347826086957,0.8789350577875619,0.29376169510181593,0.8209521188772704,1.3697991194276278,0.6363015960374243,0.9266125481563017,35622.57815079802,0.8885280609130888
0.8540753990093559,0.12036048431480473,0.6304347826086957,0.8589350577875619,0.29376169510181593,0.8009521188772704,1.359799119427628,0.6363015960374243,0.8966125481563016,35781.57815079802,0.891553592681884
0.8240753990093561,0.10036048431480471,0.6404347826086957,0.8489350577875618,0.2737616951018159,0.8109521188772704,1.3697991194276278,0.6063015960374243,0.9266125481563017,35554.57815079802,0.8958673000335686
0.8440753990093559,0.0903604843148047,0.6404347826086957,0.8489350577875618,0.2737616951018159,0.8309521188772704,1.3497991194276278,0.6263015960374243,0.9166125481563017,35573.57815079802,0.9000012397766106
0.8140753990093561,0.12036048431480473,0.6004347826086956,0.8389350577875618,0.30376169510181594,0.8709521188772702,1.3697991194276278,0.5963015960374243,0.9266125481563017,36114.57815079802,0.9000012397766106
0.7840753990093561,0.13036048431480474,0.5804347826086956,0.8489350577875618,0.30376169510181594,0.8809521188772702,1.379799119427628,0.6263015960374243,0.9266125481563017,35935.57815079802,0.9039992809295647
0.754075399009356,0.11036048431480472,0.6004347826086956,0.8589350577875619,0.363761695101816,0.9509521188772703,1.4097991194276278,0.6363015960374243,0.9266125481563017,36136.57815079802,0.9080156803131096
0.744075399009356,0.07036048431480468,0.5904347826086956,0.8289350577875618,0.363761695101816,0.9509521188772703,1.3897991194276278,0.6263015960374243,0.9466125481563017,36553.57815079802,0.9120742797851591
0.704075399009356,0.07036048431480468,0.6104347826086957,0.8389350577875618,0.393761695101816,0.9309521188772703,1.4097991194276278,0.6063015960374243,0.9666125481563017,36698.57815079802,0.9158892154693596
0.684075399009356,0.060360484314804674,0.6304347826086957,0.8389350577875618,0.373761695101816,0.9209521188772702,1.4097991194276278,0.6063015960374243,0.9966125481563017,36459.57815079802,0.9165968418121295
0.664075399009356,0.03036048431480476,0.6504347826086957,0.8289350577875618,0.373761695101816,0.9309521188772703,1.4097991194276278,0.5863015960374243,1.0066125481563017,36416.57815079802,0.9199018001556389
0.674075399009356,0.04036048431480477,0.6804347826086956,0.8289350577875618,0.33376169510181597,0.9409521188772703,1.3697991194276278,0.5763015960374243,0.9966125481563017,36647.57815079802,0.9249166965484648
0.6340753990093559,0.060360484314804674,0.7004347826086956,0.7889350577875618,0.30376169510181594,0.9209521188772702,1.4097991194276278,0.5663015960374242,1.0066125481563017,36664.57815079802,0.9284121513366692
0.6140753990093559,0.07036048431480468,0.6704347826086957,0.7989350577875618,0.2737616951018159,0.9309521188772703,1.4097991194276278,0.5563015960374242,1.0266125481563018,36773.57815079802,0.9293944358825676
0.5940753990093559,0.0903604843148047,0.7004347826086956,0.758935057787562,0.32376169510181596,0.9209521188772702,1.4097991194276278,0.5463015960374242,1.0666125481563016,37462.57815079802,0.9317545413970905
0.6040753990093559,0.04036048431480477,0.7204347826086956,0.6989350577875619,0.353761695101816,0.8709521188772702,1.3697991194276278,0.5263015960374242,1.0766125481563016,37885.57815079802,0.9367374897003202
0.5940753990093559,0.03036048431480476,0.7604347826086957,0.718935057787562,0.363761695101816,0.8309521188772704,1.3297991194276277,0.5163015960374242,1.0966125481563016,38262.57815079802,0.9407371997833245
0.5440753990093561,0.0003604843148047321,0.7704347826086957,0.728935057787562,0.343761695101816,0.8209521188772704,1.319799119427628,0.5263015960374242,1.1466125481563016,38225.57815079802,0.9407371997833245
0.5240753990093561,-0.019639515685195286,0.7804347826086957,0.6989350577875619,0.353761695101816,0.8009521188772704,1.299799119427628,0.5263015960374242,1.1366125481563016,38646.57815079802,0.9450408935546868
0.5140753990093561,0.0003604843148047321,0.8104347826086957,0.718935057787562,0.2737616951018159,0.7709521188772703,1.299799119427628,0.5563015960374242,1.1366125481563016,38617.57815079802,0.9490375041961663
0.454075399009356,0.03036048431480476,0.7704347826086957,0.728935057787562,0.2837616951018159,0.8009521188772704,1.3097991194276282,0.5763015960374243,1.1366125481563016,38362.57815079802,0.9530264854431145
0.474075399009356,0.03036048431480476,0.7604347826086957,0.6989350577875619,0.2837616951018159,0.8609521188772704,1.3097991194276282,0.5863015960374243,1.1266125481563016,38247.57815079802,0.9531242370605462
0.454075399009356,0.02036048431480475,0.7704347826086957,0.6889350577875619,0.2737616951018159,0.8609521188772704,1.279799119427628,0.6263015960374243,1.1166125481563016,38618.57815079802,0.9566471099853509
0.434075399009356,0.02036048431480475,0.7804347826086957,0.6689350577875619,0.2537616951018159,0.8709521188772702,1.2697991194276281,0.6263015960374243,1.0766125481563016,38355.57815079802,0.9608151435852044
0.40407539900935596,0.050360484314804776,0.8104347826086957,0.6889350577875619,0.2737616951018159,0.8609521188772704,1.229799119427628,0.6363015960374243,1.0966125481563016,38568.57815079802,0.9651183605194085
0.344075399009356,0.010360484314804741,0.8304347826086957,0.6989350577875619,0.2637616951018159,0.8309521188772704,1.2197991194276279,0.6063015960374243,1.0966125481563016,38671.57815079802,0.9651183605194085
0.294075399009356,0.010360484314804741,0.8404347826086958,0.6989350577875619,0.2737616951018159,0.8509521188772704,1.229799119427628,0.6263015960374243,1.1166125481563016,38436.57815079802,0.9691183090209989
0.344075399009356,-0.009639515685195277,0.8404347826086958,0.6389350577875619,0.2637616951018159,0.8409521188772704,1.2197991194276279,0.6163015960374243,1.1166125481563016,38205.57815079802,0.9741413116455071
0.304075399009356,0.010360484314804741,0.8404347826086958,0.6389350577875619,0.2637616951018159,0.8109521188772704,1.1997991194276278,0.5963015960374243,1.1166125481563016,38348.57815079802,0.9771680355071979
0.24407539900935604,0.03036048431480476,0.8504347826086958,0.6289350577875619,0.2537616951018159,0.8209521188772704,1.1997991194276278,0.6063015960374243,1.1166125481563016,38375.57815079802,0.978147220611568
0.22407539900935602,0.050360484314804776,0.8304347826086957,0.6289350577875619,0.2537616951018159,0.8209521188772704,1.1597991194276278,0.6463015960374243,1.1166125481563016,39048.57815079802,0.9826454639434807
0.23407539900935603,0.050360484314804776,0.8604347826086958,0.5889350577875619,0.2737616951018159,0.8009521188772704,1.1197991194276278,0.6463015960374243,1.1266125481563016,39365.57815079802,0.9858724594116204
0.21407539900935602,0.04036048431480477,0.8804347826086956,0.5889350577875619,0.31376169510181595,0.7809521188772703,1.1597991194276278,0.6463015960374243,1.1566125481563017,39236.57815079802,0.98987169265747
0.14407539900935595,0.0003604843148047321,0.8804347826086956,0.6089350577875619,0.2737616951018159,0.7709521188772703,1.1397991194276278,0.6563015960374243,1.1366125481563016,39387.57815079802,0.9931039333343499
0.13407539900935606,0.0003604843148047321,0.9104347826086956,0.5989350577875618,0.29376169510181593,0.7409521188772703,1.1397991194276278,0.6263015960374243,1.1566125481563017,39446.57815079802,0.994167757034301
0.14407539900935595,0.010360484314804741,0.9004347826086956,0.5789350577875619,0.2537616951018159,0.7409521188772703,1.0997991194276278,0.6563015960374243,1.1566125481563017,39637.57815079802,0.9986962795257597
0.17407539900935598,0.03036048431480476,0.8704347826086956,0.5289350577875619,0.2737616951018159,0.7109521188772703,1.069799119427628,0.6763015960374243,1.1466125481563016,39470.57815079802,1.0023920059204094
0.194075399009356,0.0003604843148047321,0.8604347826086958,0.49893505778756186,0.29376169510181593,0.7309521188772703,1.0197991194276281,0.6663015960374243,1.1666125481563017,39123.57815079802,1.0061897754669182
0.184075399009356,0.0003604843148047321,0.8804347826086956,0.5089350577875619,0.32376169510181596,0.7109521188772703,0.999799119427628,0.7063015960374242,1.1566125481563017,39258.57815079802,1.007412147521972
0.184075399009356,0.03036048431480476,0.8204347826086957,0.5289350577875619,0.31376169510181595,0.7409521188772703,0.989799119427628,0.6963015960374244,1.1566125481563017,39193.57815079802,1.0105142116546624
0.16407539900935597,-0.009639515685195277,0.7804347826086957,0.48893505778756186,0.383761695101816,0.7709521188772703,1.009799119427628,0.6863015960374244,1.1566125481563017,39534.57815079802,1.0145143985748284
0.17407539900935598,-0.029639515685195295,0.7904347826086957,0.49893505778756186,0.373761695101816,0.7609521188772703,0.989799119427628,0.7063015960374242,1.1266125481563016,39505.57815079802,1.0185141086578398
0.16407539900935597,-0.009639515685195277,0.7904347826086957,0.5289350577875619,0.373761695101816,0.7509521188772703,0.979799119427628,0.6963015960374244,1.1366125481563016,39118.57815079802,1.019512128829959
0.184075399009356,0.02036048431480475,0.7804347826086957,0.5189350577875619,0.343761695101816,0.7709521188772703,0.979799119427628,0.6863015960374244,1.0966125481563016,38917.57815079802,1.022513818740844
0.204075399009356,0.0003604843148047321,0.7504347826086957,0.49893505778756186,0.40376169510181603,0.7909521188772703,1.009799119427628,0.6963015960374244,1.0966125481563016,38652.57815079802,1.026760292053222
0.16407539900935597,0.03036048431480476,0.6904347826086956,0.5289350577875619,0.393761695101816,0.8209521188772704,1.0397991194276281,0.6063015960374243,1.0966125481563016,38403.57815079802,1.030795764923095
0.194075399009356,0.03036048431480476,0.7004347826086956,0.5289350577875619,0.44376169510181607,0.8109521188772704,1.009799119427628,0.6363015960374243,1.0566125481563016,38000.57815079802,1.0318505287170403
0.14407539900935595,-0.009639515685195277,0.6404347826086957,0.5889350577875619,0.4837616951018161,0.8009521188772704,1.0197991194276281,0.6563015960374243,1.0466125481563016,37119.57815079802,1.035084915161132
0.15407539900935596,-0.009639515685195277,0.6904347826086956,0.5589350577875619,0.5037616951018159,0.8009521188772704,1.0597991194276282,0.6263015960374243,1.0766125481563016,36480.57815079802,1.0391466140747063
0.15407539900935596,0.03036048431480476,0.6704347826086957,0.5989350577875618,0.5537616951018159,0.7909521188772703,1.0397991194276281,0.6563015960374243,1.0266125481563018,36439.57815079802,1.0431432247161858
0.184075399009356,0.0003604843148047321,0.6104347826086957,0.6189350577875619,0.583761695101816,0.8009521188772704,1.0197991194276281,0.6563015960374243,1.0066125481563017,36256.57815079802,1.0441362380981438
0.26407539900935606,0.02036048431480475,0.6104347826086957,0.5889350577875619,0.613761695101816,0.7909521188772703,1.1397991194276278,0.6663015960374243,1.0266125481563018,35923.57815079802,1.0475589752197259
0.23407539900935603,0.02036048431480475,0.5904347826086956,0.6189350577875619,0.623761695101816,0.7909521188772703,1.0797991194276277,0.6663015960374243,1.0266125481563018,35462.57815079802,1.051127386093139
0.24407539900935604,-0.019639515685195286,0.6004347826086956,0.6189350577875619,0.6837616951018161,0.7809521188772703,1.0597991194276282,0.6863015960374244,1.0066125481563017,35085.57815079802,1.0555018901824909
0.27407539900935596,-0.0396395156851953,0.6204347826086957,0.6089350577875619,0.7537616951018159,0.7909521188772703,1.089799119427628,0.6363015960374243,0.9866125481563017,34386.57815079802,1.056519699096679
0.28407539900935597,-0.019639515685195286,0.6104347826086957,0.6089350577875619,0.7637616951018159,0.8109521188772704,1.0797991194276277,0.6763015960374243,0.9566125481563017,34623.57815079802,1.0598306179046624
0.304075399009356,0.010360484314804741,0.6104347826086957,0.6289350577875619,0.7637616951018159,0.8009521188772704,1.0597991194276282,0.6963015960374244,0.9366125481563017,34630.57815079802,1.0645420074462884
0.25407539900935605,-0.009639515685195277,0.5904347826086956,0.6389350577875619,0.813761695101816,0.8109521188772704,1.089799119427628,0.6563015960374243,0.9266125481563017,34499.57815079802,1.0685691356658928
0.24407539900935604,-0.009639515685195277,0.5404347826086957,0.6889350577875619,0.863761695101816,0.8109521188772704,1.1197991194276278,0.6463015960374243,0.8766125481563016,34472.57815079802,1.071919631958007
0.24407539900935604,-0.009639515685195277,0.5204347826086957,0.6689350577875619,0.893761695101816,0.8009521188772704,1.0997991194276278,0.6463015960374243,0.9066125481563017,34473.57815079802,1.0729109764099114
0.27407539900935596,0.03036048431480476,0.49043478260869566,0.6789350577875619,0.873761695101816,0.7809521188772703,1.0997991194276278,0.6363015960374243,0.9066125481563017,34258.57815079802,1.0759424686431878
0.25407539900935605,0.03036048431480476,0.48043478260869565,0.6689350577875619,0.893761695101816,0.7909521188772703,1.089799119427628,0.6363015960374243,0.9566125481563017,33735.57815079802,1.0799438476562493
0.304075399009356,0.060360484314804674,0.4504347826086956,0.6589350577875619,0.923761695101816,0.7409521188772703,1.109799119427628,0.6263015960374243,0.9466125481563017,33932.57815079802,1.084031534194942
0.324075399009356,0.050360484314804776,0.4204347826086957,0.6289350577875619,0.9637616951018161,0.7709521188772703,1.109799119427628,0.6063015960374243,0.9066125481563017,34173.57815079802,1.084031534194942
0.334075399009356,0.10036048431480471,0.4404347826086956,0.6089350577875619,0.9737616951018161,0.7409521188772703,1.149799119427628,0.5863015960374243,0.9166125481563017,33880.57815079802,1.0886597156524616
0.344075399009356,0.08036048431480469,0.4404347826086956,0.6389350577875619,0.9437616951018161,0.7309521188772703,1.1197991194276278,0.6363015960374243,0.9066125481563017,33229.57815079802,1.0932375907897942
0.344075399009356,0.11036048431480472,0.46043478260869564,0.6189350577875619,0.923761695101816,0.7109521188772703,1.1597991194276278,0.6763015960374243,0.8966125481563016,33278.57815079802,1.097257566452022
0.35407539900935603,0.11036048431480472,0.4504347826086956,0.5989350577875618,0.9537616951018161,0.7509521188772703,1.149799119427628,0.6863015960374244,0.8866125481563016,33197.57815079802,1.097257566452022
0.37407539900935605,0.11036048431480472,0.4304347826086956,0.6189350577875619,0.9737616951018161,0.7409521188772703,1.149799119427628,0.6963015960374244,0.8866125481563016,32828.57815079802,1.1002735614776604
0.39407539900935595,0.12036048431480473,0.3904347826086957,0.6189350577875619,0.9737616951018161,0.7309521188772703,1.1597991194276278,0.7163015960374242,0.9266125481563017,33311.57815079802,1.1054307937622063
0.40407539900935596,0.0903604843148047,0.3804347826086957,0.6289350577875619,1.003761695101816,0.7109521188772703,1.149799119427628,0.7463015960374242,0.9066125481563017,33434.57815079802,1.1087822437286405
0.434075399009356,0.10036048431480471,0.36043478260869566,0.5989350577875618,1.003761695101816,0.7409521188772703,1.1797991194276278,0.7763015960374242,0.8866125481563016,33805.57815079802,1.1097530841827385
0.434075399009356,0.11036048431480472,0.36043478260869566,0.5689350577875619,1.0137616951018158,0.7309521188772703,1.169799119427628,0.7663015960374242,0.8766125481563016,34030.57815079802,1.1131257534027093
0.474075399009356,0.12036048431480473,0.35043478260869565,0.5489350577875619,1.023761695101816,0.7309521188772703,1.1797991194276278,0.7663015960374242,0.8666125481563016,34069.57815079802,1.117197942733764
0.444075399009356,0.14036048431480475,0.2904347826086957,0.5489350577875619,1.003761695101816,0.7109521188772703,1.1997991194276278,0.7863015960374242,0.8566125481563016,34264.57815079802,1.1211995601654046
0.454075399009356,0.16036048431480476,0.2704347826086957,0.5689350577875619,1.0137616951018158,0.7209521188772703,1.209799119427628,0.7963015960374242,0.8666125481563016,33831.57815079802,1.1211995601654046
0.444075399009356,0.18036048431480478,0.3004347826086957,0.5589350577875619,0.9937616951018161,0.7009521188772703,1.1997991194276278,0.8263015960374243,0.8566125481563016,34468.57815079802,1.1252002239227288
0.454075399009356,0.18036048431480478,0.3004347826086957,0.5689350577875619,1.003761695101816,0.7009521188772703,1.209799119427628,0.8263015960374243,0.8866125481563016,34801.57815079802,1.1291992187499993
0.444075399009356,0.18036048431480478,0.3004347826086957,0.5889350577875619,1.003761695101816,0.7009521188772703,1.209799119427628,0.8263015960374243,0.8566125481563016,34460.57815079802,1.133198690414428
0.454075399009356,0.15036048431480475,0.25043478260869567,0.5989350577875618,1.003761695101816,0.7409521188772703,1.229799119427628,0.8463015960374243,0.8966125481563016,34369.57815079802,1.134191703796386
0.444075399009356,0.14036048431480475,0.24043478260869566,0.6089350577875619,1.0137616951018158,0.7409521188772703,1.259799119427628,0.8263015960374243,0.8466125481563016,34834.57815079802,1.1371955394744866
0.474075399009356,0.16036048431480476,0.20043478260869568,0.5489350577875619,1.043761695101816,0.7509521188772703,1.229799119427628,0.8263015960374243,0.8366125481563016,35125.57815079802,1.1409878253936796
0.454075399009356,0.18036048431480478,0.20043478260869568,0.5689350577875619,1.0137616951018158,0.7409521188772703,1.2497991194276281,0.8163015960374242,0.8066125481563016,35378.57815079802,1.146224927902221
0.5140753990093561,0.2003604843148047,0.20043478260869568,0.5789350577875619,1.0137616951018158,0.7409521188772703,1.209799119427628,0.8163015960374242,0.7966125481563016,35359.57815079802,1.1493513107299798
0.5340753990093561,0.19036048431480468,0.21043478260869564,0.5689350577875619,0.9837616951018161,0.7409521188772703,1.209799119427628,0.8663015960374243,0.7566125481563015,35740.57815079802,1.1502592086791985
0.5140753990093561,0.19036048431480468,0.23043478260869565,0.5789350577875619,0.9637616951018161,0.7309521188772703,1.209799119427628,0.8563015960374243,0.8166125481563016,35903.57815079802,1.1543349742889397
0.5240753990093561,0.17036048431480477,0.2604347826086957,0.6289350577875619,0.913761695101816,0.6909521188772703,1.2397991194276279,0.8663015960374243,0.8266125481563016,36016.57815079802,1.1583346843719475
0.5140753990093561,0.2003604843148047,0.25043478260869567,0.6289350577875619,0.913761695101816,0.7009521188772703,1.229799119427628,0.8763015960374243,0.8166125481563016,36165.57815079802,1.161404085159301
0.5440753990093561,0.24036048431480472,0.23043478260869565,0.6689350577875619,0.893761695101816,0.7009521188772703,1.2197991194276279,0.8763015960374243,0.8166125481563016,36714.57815079802,1.161404085159301
0.5440753990093561,0.26036048431480474,0.23043478260869565,0.6389350577875619,0.873761695101816,0.7209521188772703,1.229799119427628,0.8963015960374243,0.8066125481563016,37419.57815079802,1.1654035568237298
0.5340753990093561,0.27036048431480475,0.23043478260869565,0.6389350577875619,0.853761695101816,0.6909521188772703,1.2397991194276279,0.8863015960374243,0.8166125481563016,36710.57815079802,1.1697427749633782
0.5940753990093559,0.26036048431480474,0.20043478260869568,0.6789350577875619,0.873761695101816,0.7009521188772703,1.2397991194276279,0.8663015960374243,0.8466125481563016,36689.57815079802,1.1735589027404778
0.5640753990093561,0.27036048431480475,0.22043478260869565,0.6189350577875619,0.863761695101816,0.6809521188772703,1.2497991194276281,0.8663015960374243,0.8566125481563016,36958.57815079802,1.1745748043060296
0.6240753990093559,0.26036048431480474,0.23043478260869565,0.6989350577875619,0.863761695101816,0.6809521188772703,1.2397991194276279,0.8863015960374243,0.9066125481563017,37063.57815079802,1.1784758090972893
0.6340753990093559,0.29036048431480477,0.23043478260869565,0.6789350577875619,0.8037616951018159,0.6809521188772703,1.2697991194276281,0.8863015960374243,0.9166125481563017,37078.57815079802,1.182177019119262
0.674075399009356,0.3003604843148048,0.22043478260869565,0.6889350577875619,0.7737616951018159,0.6609521188772702,1.259799119427628,0.9363015960374244,0.8866125481563016,37177.57815079802,1.1867136478424065
0.694075399009356,0.28036048431480476,0.22043478260869565,0.6989350577875619,0.7537616951018159,0.6709521188772702,1.299799119427628,0.9363015960374244,0.8666125481563016,37210.57815079802,1.1867136478424065
0.704075399009356,0.3103604843148047,0.23043478260869565,0.6689350577875619,0.7437616951018161,0.6609521188772702,1.319799119427628,0.9563015960374242,0.8666125481563016,37677.57815079802,1.190721940994262
0.694075399009356,0.28036048431480476,0.25043478260869567,0.6989350577875619,0.7337616951018161,0.6709521188772702,1.3097991194276282,0.9363015960374244,0.8666125481563016,37822.57815079802,1.1937252998352044
0.694075399009356,0.29036048431480477,0.23043478260869565,0.6989350577875619,0.7237616951018161,0.6809521188772703,1.3097991194276282,0.9963015960374242,0.8266125481563016,37747.57815079802,1.1985167980194085
0.704075399009356,0.26036048431480474,0.24043478260869566,0.7089350577875619,0.7237616951018161,0.6709521188772702,1.3097991194276282,0.9763015960374242,0.8366125481563016,37772.57815079802,1.199582767486568
0.684075399009356,0.26036048431480474,0.25043478260869567,0.718935057787562,0.7037616951018161,0.6709521188772702,1.339799119427628,0.9763015960374242,0.8066125481563016,37321.57815079802,1.2025525093078606
0.724075399009356,0.27036048431480475,0.2604347826086957,0.728935057787562,0.673761695101816,0.6809521188772703,1.3097991194276282,0.9563015960374242,0.8266125481563016,37546.57815079802,1.2076782703399687
0.714075399009356,0.29036048431480477,0.25043478260869567,0.738935057787562,0.643761695101816,0.6909521188772703,1.3297991194276277,0.9463015960374244,0.8066125481563016,38125.57815079802,1.2107614994049065
0.744075399009356,0.28036048431480476,0.2604347826086957,0.748935057787562,0.653761695101816,0.6609521188772702,1.3297991194276277,0.9363015960374244,0.7766125481563015,38320.57815079802,1.2107614994049065
0.724075399009356,0.24036048431480472,0.24043478260869566,0.738935057787562,0.623761695101816,0.6609521188772702,1.3497991194276278,0.9763015960374242,0.7966125481563016,38395.57815079802,1.215807390213012
0.704075399009356,0.27036048431480475,0.24043478260869566,0.768935057787562,0.623761695101816,0.6409521188772702,1.339799119427628,0.9463015960374244,0.7666125481563015,38272.57815079802,1.219492864608764
0.724075399009356,0.24036048431480472,0.22043478260869565,0.768935057787562,0.593761695101816,0.6709521188772702,1.3497991194276278,0.9163015960374243,0.7466125481563015,38037.57815079802,1.2230131149291985
0.7640753990093561,0.29036048431480477,0.2604347826086957,0.778935057787562,0.593761695101816,0.6809521188772703,1.3697991194276278,0.8963015960374243,0.8066125481563016,37938.57815079802,1.2271046161651604
0.7740753990093561,0.25036048431480473,0.21043478260869564,0.7889350577875618,0.5437616951018159,0.6709521188772702,1.379799119427628,0.8763015960374243,0.8066125481563016,37669.57815079802,1.2271046161651604
0.7640753990093561,0.26036048431480474,0.22043478260869565,0.778935057787562,0.5037616951018159,0.6509521188772702,1.3897991194276278,0.8763015960374243,0.7866125481563015,38200.57815079802,1.2310463905334466
0.7940753990093561,0.23036048431480471,0.23043478260869565,0.768935057787562,0.5037616951018159,0.6309521188772702,1.3897991194276278,0.8763015960374243,0.8066125481563016,38419.57815079802,1.2367159843444782
0.7840753990093561,0.2203604843148047,0.20043478260869568,0.7889350577875618,0.5237616951018159,0.6609521188772702,1.3697991194276278,0.8963015960374243,0.7466125481563015,38490.57815079802,1.2391452312469475
0.8040753990093561,0.23036048431480471,0.21043478260869564,0.7989350577875618,0.4737616951018161,0.6709521188772702,1.3697991194276278,0.8663015960374243,0.7366125481563015,38695.57815079802,1.2391452312469475
0.7940753990093561,0.2203604843148047,0.23043478260869565,0.8289350577875618,0.43376169510181606,0.6509521188772702,1.359799119427628,0.8563015960374243,0.7866125481563015,38200.57815079802,1.2440018177032464
0.7940753990093561,0.2103604843148047,0.2604347826086957,0.8289350577875618,0.42376169510181605,0.6909521188772703,1.3697991194276278,0.8563015960374243,0.8066125481563016,37819.57815079802,1.2479781627655022
0.7840753990093561,0.2203604843148047,0.24043478260869566,0.8389350577875618,0.393761695101816,0.6709521188772702,1.3697991194276278,0.8563015960374243,0.7566125481563015,37620.57815079802,1.2520210266113274
0.7940753990093561,0.2203604843148047,0.2604347826086957,0.8789350577875619,0.393761695101816,0.6809521188772703,1.379799119427628,0.8463015960374243,0.7466125481563015,37247.57815079802,1.252934408187862
0.734075399009356,0.2003604843148047,0.23043478260869565,0.8789350577875619,0.41376169510181604,0.7309521188772703,1.3897991194276278,0.8363015960374243,0.7166125481563017,37600.57815079802,1.2559322834014885
0.734075399009356,0.15036048431480475,0.24043478260869566,0.8889350577875619,0.42376169510181605,0.7009521188772703,1.3897991194276278,0.8163015960374242,0.6866125481563017,37585.57815079802,1.259932470321651
0.714075399009356,0.15036048431480475,0.2604347826086957,0.8889350577875619,0.43376169510181606,0.6909521188772703,1.3897991194276278,0.7963015960374242,0.7366125481563015,36884.57815079802,1.2643777847290032
0.7940753990093561,0.2003604843148047,0.3004347826086957,0.8389350577875618,0.32376169510181596,0.6909521188772703,1.339799119427628,0.8163015960374242,0.6866125481563017,36855.57815079802,1.265450191497802
0.8440753990093559,0.18036048431480478,0.2704347826086957,0.8589350577875619,0.31376169510181595,0.6809521188772703,1.319799119427628,0.8163015960374242,0.6966125481563017,36926.57815079802,1.269330692291259
0.8540753990093559,0.16036048431480476,0.2604347826086957,0.8389350577875618,0.353761695101816,0.6909521188772703,1.3297991194276277,0.7763015960374242,0.7066125481563017,36505.57815079802,1.2731439590454094
0.8540753990093559,0.08036048431480469,0.3104347826086956,0.8689350577875619,0.383761695101816,0.7109521188772703,1.339799119427628,0.7563015960374242,0.7366125481563015,35276.57815079802,1.2766677856445305
0.8640753990093559,0.11036048431480472,0.33043478260869563,0.8589350577875619,0.41376169510181604,0.7209521188772703,1.359799119427628,0.7563015960374242,0.7366125481563015,33249.57815079802,1.2766677856445305
0.8440753990093559,0.11036048431480472,0.36043478260869566,0.8889350577875619,0.42376169510181605,0.7109521188772703,1.3897991194276278,0.7463015960374242,0.7366125481563015,32732.57815079802,1.2806663036346428
0.8540753990093559,0.07036048431480468,0.3904347826086957,0.8889350577875619,0.42376169510181605,0.7009521188772703,1.379799119427628,0.7863015960374242,0.7866125481563015,32637.57815079802,1.2852494239807157
0.8240753990093561,0.10036048431480471,0.4104347826086957,0.8789350577875619,0.41376169510181604,0.7009521188772703,1.399799119427628,0.7763015960374242,0.8166125481563016,32226.57815079802,1.2887529850006096
0.8840753990093559,0.0903604843148047,0.3904347826086957,0.8889350577875619,0.43376169510181606,0.7109521188772703,1.359799119427628,0.7763015960374242,0.7966125481563016,31881.57815079802,1.292863082885745
0.8640753990093559,0.12036048431480473,0.4104347826086957,0.8789350577875619,0.343761695101816,0.7209521188772703,1.359799119427628,0.7763015960374242,0.8366125481563016,31984.57815079802,1.2937614440917997
0.904075399009356,0.13036048431480474,0.4204347826086957,0.8689350577875619,0.32376169510181596,0.7409521188772703,1.3697991194276278,0.7463015960374242,0.8166125481563016,31947.57815079802,1.2962572097778313
0.8640753990093559,0.15036048431480475,0.4104347826086957,0.8789350577875619,0.343761695101816,0.7809521188772703,1.379799119427628,0.6963015960374244,0.8166125481563016,31566.57815079802,1.30225224494934
0.894075399009356,0.12036048431480473,0.4404347826086956,0.9089350577875619,0.32376169510181596,0.7409521188772703,1.359799119427628,0.7463015960374242,0.8266125481563016,31313.57815079802,1.3052391529083245
0.8840753990093559,0.11036048431480472,0.4404347826086956,0.8889350577875619,0.33376169510181597,0.7409521188772703,1.359799119427628,0.7063015960374242,0.8466125481563016,31770.57815079802,1.3052391529083245
0.8540753990093559,0.10036048431480471,0.4404347826086956,0.8989350577875619,0.32376169510181596,0.7709521188772703,1.3697991194276278,0.7063015960374242,0.8366125481563016,32137.57815079802,1.3102590560913079
0.8840753990093559,0.12036048431480473,0.49043478260869566,0.8689350577875619,0.2837616951018159,0.7609521188772703,1.3697991194276278,0.7063015960374242,0.8466125481563016,32292.57815079802,1.3137320995330803
0.914075399009356,0.10036048431480471,0.49043478260869566,0.8289350577875618,0.2637616951018159,0.7309521188772703,1.3697991194276278,0.7163015960374242,0.8166125481563016,31363.57815079802,1.317448806762691
0.904075399009356,0.08036048431480469,0.49043478260869566,0.8589350577875619,0.31376169510181595,0.7509521188772703,1.359799119427628,0.7563015960374242,0.8166125481563016,30934.57815079802,1.3183366775512688
0.924075399009356,0.050360484314804776,0.5004347826086957,0.8289350577875618,0.30376169510181594,0.7409521188772703,1.379799119427628,0.7563015960374242,0.8766125481563016,31125.57815079802,1.321846675872802
0.914075399009356,0.04036048431480477,0.5004347826086957,0.8189350577875618,0.30376169510181594,0.7809521188772703,1.3497991194276278,0.6763015960374243,0.8966125481563016,31606.57815079802,1.3258485317230218
0.914075399009356,0.04036048431480477,0.5204347826086957,0.8389350577875618,0.2737616951018159,0.7609521188772703,1.339799119427628,0.5763015960374243,0.9266125481563017,31715.57815079802,1.3294708251953118
0.8840753990093559,0.03036048431480476,0.5304347826086957,0.8289350577875618,0.2337616951018161,0.7609521188772703,1.3297991194276277,0.5563015960374242,0.9466125481563017,31774.57815079802,1.3305508613586419
0.8840753990093559,0.050360484314804776,0.5604347826086956,0.8289350577875618,0.2637616951018159,0.7909521188772703,1.339799119427628,0.5663015960374242,0.9466125481563017,31695.57815079802,1.333262634277343
0.8340753990093559,0.060360484314804674,0.5704347826086956,0.8289350577875618,0.29376169510181593,0.7809521188772703,1.399799119427628,0.5963015960374243,0.9166125481563017,31652.57815079802,1.3372992992401116
0.8240753990093561,0.0903604843148047,0.5304347826086957,0.8389350577875618,0.2437616951018161,0.8509521188772704,1.3497991194276278,0.6063015960374243,0.9366125481563017,31587.57815079802,1.34271688461304
0.8240753990093561,0.08036048431480469,0.5704347826086956,0.8489350577875618,0.2437616951018161,0.8409521188772704,1.379799119427628,0.6163015960374243,0.9266125481563017,31778.57815079802,1.34271688461304
0.8040753990093561,0.07036048431480468,0.5704347826086956,0.8389350577875618,0.2537616951018159,0.8409521188772704,1.379799119427628,0.6063015960374243,0.9766125481563017,31283.57815079802,1.345722150802608
0.8540753990093559,0.07036048431480468,0.5304347826086957,0.7989350577875618,0.2537616951018159,0.8509521188772704,1.379799119427628,0.5963015960374243,0.9766125481563017,31358.57815079802,1.350532960891723
0.8240753990093561,0.04036048431480477,0.5604347826086956,0.8089350577875618,0.2437616951018161,0.8509521188772704,1.399799119427628,0.6163015960374243,0.9366125481563017,31495.57815079802,1.3546754837036126
0.8140753990093561,0.04036048431480477,0.5704347826086956,0.8189350577875618,0.2737616951018159,0.8409521188772704,1.3697991194276278,0.6163015960374243,0.9366125481563017,31340.57815079802,1.3583528518676786
0.7840753990093561,0.010360484314804741,0.5304347826086957,0.778935057787562,0.2837616951018159,0.8809521188772702,1.379799119427628,0.6063015960374243,0.9566125481563017,31213.57815079802,1.3593966484069817
0.7940753990093561,0.02036048431480475,0.5704347826086956,0.7889350577875618,0.29376169510181593,0.8909521188772702,1.399799119427628,0.5863015960374243,0.9566125481563017,31466.57815079802,1.362400722503665
0.744075399009356,0.02036048431480475,0.6204347826086957,0.768935057787562,0.31376169510181595,0.8709521188772702,1.419799119427628,0.5763015960374243,0.9466125481563017,31615.57815079802,1.3664173603057819
0.724075399009356,0.0003604843148047321,0.6504347826086957,0.7889350577875618,0.32376169510181596,0.8609521188772704,1.4097991194276278,0.5563015960374242,0.9966125481563017,31728.57815079802,1.370484781265258
0.684075399009356,0.03036048431480476,0.6304347826086957,0.738935057787562,0.32376169510181596,0.8809521188772702,1.4297991194276278,0.5763015960374243,1.0066125481563017,31771.57815079802,1.37148470878601
0.654075399009356,0.02036048431480475,0.6304347826086957,0.748935057787562,0.30376169510181594,0.8409521188772704,1.4097991194276278,0.5163015960374242,1.0366125481563015,31834.57815079802,1.374800157547
0.654075399009356,0.03036048431480476,0.6804347826086956,0.748935057787562,0.2837616951018159,0.8309521188772704,1.4297991194276278,0.5163015960374242,1.0366125481563015,31879.57815079802,1.378794860839843
0.5940753990093559,0.02036048431480475,0.7604347826086957,0.738935057787562,0.2637616951018159,0.7909521188772703,1.439799119427628,0.5163015960374242,1.0566125481563016,32050.57815079802,1.3827955245971673
0.5440753990093561,-0.009639515685195277,0.7504347826086957,0.768935057787562,0.29376169510181593,0.7809521188772703,1.4297991194276278,0.47630159603742434,1.0866125481563016,32421.57815079802,1.38379259109497
0.5240753990093561,-0.019639515685195286,0.7704347826086957,0.738935057787562,0.2837616951018159,0.7509521188772703,1.4497991194276278,0.5063015960374244,1.0866125481563016,32596.57815079802,1.3873171329498284
0.5440753990093561,-0.019639515685195286,0.7804347826086957,0.728935057787562,0.30376169510181594,0.7609521188772703,1.4097991194276278,0.48630159603742434,1.0866125481563016,32189.57815079802,1.390995931625369
0.5740753990093561,-0.029639515685195295,0.7804347826086957,0.6989350577875619,0.29376169510181593,0.7709521188772703,1.379799119427628,0.5263015960374242,1.1066125481563016,32220.57815079802,1.3944608688354485
0.5840753990093559,0.010360484314804741,0.7404347826086957,0.6989350577875619,0.2537616951018159,0.8109521188772704,1.359799119427628,0.5463015960374242,1.1066125481563016,32295.57815079802,1.3954543590545647
0.5540753990093561,0.0003604843148047321,0.7104347826086956,0.6989350577875619,0.2537616951018159,0.8209521188772704,1.3297991194276277,0.48630159603742434,1.1066125481563016,32034.57815079802,1.3994547843933098
0.5540753990093561,-0.009639515685195277,0.7404347826086957,0.6789350577875619,0.2637616951018159,0.8209521188772704,1.319799119427628,0.5463015960374242,1.0866125481563016,32229.57815079802,1.4039675712585442
0.5140753990093561,0.0003604843148047321,0.7504347826086957,0.6789350577875619,0.2637616951018159,0.8209521188772704,1.399799119427628,0.5763015960374243,1.0466125481563016,32154.57815079802,1.4075593471527093
0.464075399009356,-0.009639515685195277,0.7404347826086957,0.6789350577875619,0.2537616951018159,0.8409521188772704,1.3697991194276278,0.5863015960374243,1.0966125481563016,31745.57815079802,1.4086310386657708
0.424075399009356,0.03036048431480476,0.7504347826086957,0.6989350577875619,0.2337616951018161,0.8109521188772704,1.379799119427628,0.5863015960374243,1.0766125481563016,31818.57815079802,1.412643384933471
0.434075399009356,0.04036048431480477,0.7504347826086957,0.6789350577875619,0.21376169510181608,0.8309521188772704,1.359799119427628,0.5863015960374243,1.1066125481563016,31987.57815079802,1.415974569320678
0.424075399009356,0.010360484314804741,0.7504347826086957,0.6389350577875619,0.2337616951018161,0.8209521188772704,1.3297991194276277,0.5663015960374242,1.0966125481563016,32314.57815079802,1.4201409339904778
0.35407539900935603,-0.019639515685195286,0.7504347826086957,0.6689350577875619,0.2337616951018161,0.8409521188772704,1.3097991194276282,0.6063015960374243,1.1166125481563016,32741.57815079802,1.4211136817932122
0.35407539900935603,0.03036048431480476,0.7304347826086957,0.6489350577875619,0.2537616951018159,0.8009521188772704,1.2897991194276281,0.5863015960374243,1.0966125481563016,33030.57815079802,1.4241199016571038
0.324075399009356,0.0003604843148047321,0.7604347826086957,0.6589350577875619,0.2537616951018159,0.8009521188772704,1.319799119427628,0.5963015960374243,1.0966125481563016,32867.57815079802,1.4283101081848102
0.314075399009356,0.04036048431480477,0.7904347826086957,0.6089350577875619,0.2237616951018161,0.7709521188772703,1.279799119427628,0.5763015960374243,1.0966125481563016,32586.57815079802,1.431934070587161
0.324075399009356,0.0003604843148047321,0.7804347826086957,0.6289350577875619,0.2737616951018159,0.7909521188772703,1.2397991194276279,0.5963015960374243,1.0866125481563016,33519.57815079802,1.4361805438995354
0.304075399009356,-0.019639515685195286,0.7804347826086957,0.5989350577875618,0.29376169510181593,0.7609521188772703,1.1997991194276278,0.5963015960374243,1.0966125481563016,33590.57815079802,1.4369480133056634
0.28407539900935597,-0.019639515685195286,0.7904347826086957,0.5889350577875619,0.2437616951018161,0.7609521188772703,1.189799119427628,0.6463015960374243,1.1066125481563016,33031.57815079802,1.44025011062622
0.27407539900935596,0.010360484314804741,0.7904347826086957,0.6089350577875619,0.2537616951018159,0.7109521188772703,1.169799119427628,0.6163015960374243,1.1266125481563016,32904.57815079802,1.4456228733062737
0.28407539900935597,0.02036048431480475,0.8104347826086957,0.6189350577875619,0.2337616951018161,0.6909521188772703,1.1597991194276278,0.6263015960374243,1.1266125481563016,33123.57815079802,1.4483732700347893
0.28407539900935597,0.03036048431480476,0.7904347826086957,0.5789350577875619,0.21376169510181608,0.6909521188772703,1.0997991194276278,0.6363015960374243,1.1166125481563016,33002.57815079802,1.449385595321651
0.25407539900935605,0.03036048431480476,0.7604347826086957,0.5589350577875619,0.19376169510181607,0.7009521188772703,1.109799119427628,0.6263015960374243,1.1366125481563016,32931.57815079802,1.453388881683349
0.28407539900935597,0.0003604843148047321,0.7404347826086957,0.5389350577875619,0.2637616951018159,0.7209521188772703,1.1597991194276278,0.6463015960374243,1.1466125481563016,32816.57815079802,1.4574367523193352
0.194075399009356,0.02036048431480475,0.7304347826086957,0.5189350577875619,0.29376169510181593,0.7509521188772703,1.1397991194276278,0.6163015960374243,1.1266125481563016,32355.57815079802,1.460436534881591
0.22407539900935602,-0.04963951568519531,0.7204347826086956,0.5889350577875619,0.343761695101816,0.7309521188772703,1.1597991194276278,0.6163015960374243,1.1166125481563016,32346.57815079802,1.460436534881591
0.21407539900935602,-0.009639515685195277,0.6804347826086956,0.6089350577875619,0.343761695101816,0.7409521188772703,1.1397991194276278,0.6163015960374243,1.1066125481563016,32491.57815079802,1.4654368877410882
0.21407539900935602,-0.029639515685195295,0.6804347826086956,0.5889350577875619,0.353761695101816,0.7909521188772703,1.1197991194276278,0.6363015960374243,1.0866125481563016,32134.57815079802,1.4694098949432401
0.22407539900935602,0.010360484314804741,0.6804347826086956,0.6289350577875619,0.32376169510181596,0.7509521188772703,1.069799119427628,0.6263015960374243,1.0966125481563016,32093.57815079802,1.4729787826538079
0.23407539900935603,-0.009639515685195277,0.6604347826086957,0.6389350577875619,0.32376169510181596,0.7409521188772703,1.0197991194276281,0.6263015960374243,1.0766125481563016,32380.57815079802,1.4740304470062249
0.27407539900935596,-0.009639515685195277,0.6104347826086957,0.6089350577875619,0.373761695101816,0.7709521188772703,1.029799119427628,0.6463015960374243,1.0466125481563016,32491.57815079802,1.4769296169280999
0.23407539900935603,0.0003604843148047321,0.6404347826086957,0.6189350577875619,0.383761695101816,0.7709521188772703,1.0197991194276281,0.6263015960374243,1.0166125481563018,32174.57815079802,1.4819480895996087
0.27407539900935596,-0.009639515685195277,0.5904347826086956,0.6189350577875619,0.43376169510181606,0.8509521188772704,1.049799119427628,0.6163015960374243,0.9666125481563017,32051.57815079802,1.4859306335449176
0.26407539900935606,-0.019639515685195286,0.5404347826086957,0.6289350577875619,0.43376169510181606,0.7709521188772703,1.0397991194276281,0.5863015960374243,1.0066125481563017,31236.57815079802,1.4859306335449176
0.28407539900935597,0.010360484314804741,0.5804347826086956,0.6489350577875619,0.4837616951018161,0.7909521188772703,1.049799119427628,0.5763015960374243,0.9766125481563017,30809.57815079802,1.4904686927795403
0.26407539900935606,-0.029639515685195295,0.5804347826086956,0.6089350577875619,0.5037616951018159,0.7909521188772703,0.989799119427628,0.5763015960374243,0.9666125481563017,30450.57815079802,1.493078184127807
0.25407539900935605,-0.009639515685195277,0.6104347826086957,0.6389350577875619,0.5437616951018159,0.7909521188772703,1.049799119427628,0.6063015960374243,0.9366125481563017,30425.57815079802,1.4980616092681878
0.24407539900935604,0.03036048431480476,0.5804347826086956,0.6989350577875619,0.5337616951018159,0.7809521188772703,1.0397991194276281,0.6563015960374243,0.9666125481563017,29692.57815079802,1.5017156124114983
0.21407539900935602,0.010360484314804741,0.5704347826086956,0.728935057787562,0.623761695101816,0.7609521188772703,1.049799119427628,0.6363015960374243,0.9866125481563017,29415.57815079802,1.5023529052734403
0.24407539900935604,0.010360484314804741,0.5604347826086956,0.6789350577875619,0.653761695101816,0.7809521188772703,1.0797991194276277,0.6663015960374243,0.9566125481563017,29362.57815079802,1.5067543506622307
0.27407539900935596,0.050360484314804776,0.5504347826086957,0.728935057787562,0.653761695101816,0.7809521188772703,1.029799119427628,0.7063015960374242,0.9166125481563017,28945.57815079802,1.51019639968872
0.26407539900935606,-0.009639515685195277,0.5404347826086957,0.718935057787562,0.673761695101816,0.7709521188772703,1.0597991194276282,0.6863015960374244,0.8666125481563016,28948.57815079802,1.5141884803772
0.24407539900935604,0.0003604843148047321,0.5304347826086957,0.738935057787562,0.7037616951018161,0.7709521188772703,1.0797991194276277,0.6963015960374244,0.8766125481563016,29023.57815079802,1.5141884803772
0.25407539900935605,0.02036048431480475,0.5104347826086957,0.718935057787562,0.7237616951018161,0.7709521188772703,1.1197991194276278,0.6863015960374244,0.8866125481563016,29076.57815079802,1.5183331489562981
0.25407539900935605,0.010360484314804741,0.46043478260869564,0.6989350577875619,0.7137616951018161,0.7809521188772703,1.0797991194276277,0.6763015960374243,0.8766125481563016,28747.57815079802,1.523347330093383
0.304075399009356,0.02036048431480475,0.4504347826086956,0.718935057787562,0.7137616951018161,0.8009521188772704,1.0997991194276278,0.6863015960374244,0.8166125481563016,28532.57815079802,1.5263964653015165
0.294075399009356,0.02036048431480475,0.47043478260869565,0.6989350577875619,0.7537616951018159,0.7809521188772703,1.1397991194276278,0.6663015960374243,0.8166125481563016,28451.57815079802,1.5263964653015165
0.324075399009356,0.050360484314804776,0.4104347826086957,0.718935057787562,0.7737616951018159,0.7809521188772703,1.169799119427628,0.6463015960374243,0.8266125481563016,28400.57815079802,1.5314640522003202
0.314075399009356,0.060360484314804674,0.3904347826086957,0.718935057787562,0.7937616951018159,0.7909521188772703,1.189799119427628,0.6363015960374243,0.8166125481563016,28175.57815079802,1.5342010974884026
0.344075399009356,0.07036048431480468,0.3904347826086957,0.6989350577875619,0.833761695101816,0.7809521188772703,1.169799119427628,0.6563015960374243,0.7866125481563015,27982.57815079802,1.5382556438446038
0.314075399009356,0.08036048431480469,0.4104347826086957,0.6989350577875619,0.7937616951018159,0.7509521188772703,1.1797991194276278,0.6663015960374243,0.8266125481563016,27855.57815079802,1.5392474651336663
0.304075399009356,0.16036048431480476,0.3804347826086957,0.7089350577875619,0.823761695101816,0.7409521188772703,1.1997991194276278,0.6263015960374243,0.8466125481563016,28200.57815079802,1.543257188797
0.37407539900935605,0.15036048431480475,0.3904347826086957,0.6989350577875619,0.843761695101816,0.7209521188772703,1.1597991194276278,0.6663015960374243,0.8366125481563016,28879.57815079802,1.5473613262176507
0.304075399009356,0.17036048431480477,0.37043478260869567,0.6889350577875619,0.833761695101816,0.7209521188772703,1.189799119427628,0.7063015960374242,0.8166125481563016,28578.57815079802,1.5503873348236077
0.344075399009356,0.17036048431480477,0.36043478260869566,0.6789350577875619,0.833761695101816,0.7309521188772703,1.1797991194276278,0.7263015960374242,0.7466125481563015,28015.57815079802,1.5514037132263176
0.36407539900935604,0.16036048431480476,0.35043478260869565,0.6589350577875619,0.843761695101816,0.7309521188772703,1.189799119427628,0.7563015960374242,0.7366125481563015,28062.57815079802,1.554707479476928
0.37407539900935605,0.16036048431480476,0.36043478260869566,0.6389350577875619,0.843761695101816,0.7109521188772703,1.169799119427628,0.8063015960374242,0.8066125481563016,28153.57815079802,1.5599464893341022
0.37407539900935605,0.17036048431480477,0.2904347826086957,0.5989350577875618,0.883761695101816,0.7109521188772703,1.1797991194276278,0.8063015960374242,0.8066125481563016,28500.57815079802,1.5629906177520745
0.36407539900935604,0.16036048431480476,0.2704347826086957,0.6589350577875619,0.843761695101816,0.7409521188772703,1.189799119427628,0.8263015960374243,0.7966125481563016,28573.57815079802,1.563991975784301
0.40407539900935596,0.16036048431480476,0.2904347826086957,0.5989350577875618,0.893761695101816,0.7509521188772703,1.189799119427628,0.8263015960374243,0.8266125481563016,28690.57815079802,1.567018938064571
0.37407539900935605,0.2003604843148047,0.25043478260869567,0.6389350577875619,0.863761695101816,0.7509521188772703,1.1997991194276278,0.8463015960374243,0.7766125481563015,28951.57815079802,1.5720846176147418
0.38407539900935606,0.2003604843148047,0.2804347826086957,0.6689350577875619,0.853761695101816,0.7409521188772703,1.169799119427628,0.8763015960374243,0.7466125481563015,28910.57815079802,1.5755970001220696
0.39407539900935595,0.18036048431480478,0.2604347826086957,0.6389350577875619,0.853761695101816,0.7409521188772703,1.169799119427628,0.8763015960374243,0.7366125481563015,28821.57815079802,1.5796195983886712
0.434075399009356,0.19036048431480468,0.24043478260869566,0.6289350577875619,0.903761695101816,0.7109521188772703,1.149799119427628,0.8463015960374243,0.7966125481563016,28590.57815079802,1.5806114196777301
0.464075399009356,0.2103604843148047,0.25043478260869567,0.6289350577875619,0.893761695101816,0.7009521188772703,1.1397991194276278,0.8463015960374243,0.7866125481563015,28791.57815079802,1.5846325874328606
0.454075399009356,0.2003604843148047,0.23043478260869565,0.6289350577875619,0.893761695101816,0.7409521188772703,1.1597991194276278,0.8563015960374243,0.7366125481563015,29554.57815079802,1.5878235816955595
0.5340753990093561,0.2003604843148047,0.20043478260869568,0.6489350577875619,0.903761695101816,0.7409521188772703,1.149799119427628,0.8663015960374243,0.7566125481563015,29547.57815079802,1.592006158828731
0.464075399009356,0.2103604843148047,0.16043478260869565,0.6489350577875619,0.883761695101816,0.7509521188772703,1.189799119427628,0.8663015960374243,0.7366125481563015,29386.57815079802,1.592006158828731
0.48407539900935603,0.2003604843148047,0.16043478260869565,0.6589350577875619,0.893761695101816,0.7309521188772703,1.209799119427628,0.8663015960374243,0.7766125481563015,29925.57815079802,1.595923852920528
0.49407539900935604,0.2103604843148047,0.17043478260869566,0.6389350577875619,0.873761695101816,0.7109521188772703,1.1797991194276278,0.8563015960374243,0.7466125481563015,29256.57815079802,1.6008514881134026
0.5440753990093561,0.2103604843148047,0.15043478260869564,0.6189350577875619,0.853761695101816,0.6909521188772703,1.189799119427628,0.8963015960374243,0.7466125481563015,29185.57815079802,1.6041688442230218
0.5840753990093559,0.23036048431480471,0.17043478260869566,0.6289350577875619,0.843761695101816,0.6809521188772703,1.149799119427628,0.8863015960374243,0.7866125481563015,29664.57815079802,1.605189752578731
0.5740753990093561,0.25036048431480473,0.17043478260869566,0.6389350577875619,0.7937616951018159,0.6809521188772703,1.149799119427628,0.8863015960374243,0.7866125481563015,30079.57815079802,1.6086422920227044
0.5840753990093559,0.25036048431480473,0.16043478260869565,0.6189350577875619,0.7837616951018159,0.6909521188772703,1.1797991194276278,0.9263015960374243,0.7766125481563015,29938.57815079802,1.612769556045528
0.6040753990093559,0.28036048431480476,0.16043478260869565,0.6789350577875619,0.7637616951018159,0.6709521188772702,1.189799119427628,0.9363015960374244,0.8066125481563016,30013.57815079802,1.6168429374694782
0.6140753990093559,0.25036048431480473,0.16043478260869565,0.6589350577875619,0.7337616951018161,0.6709521188772702,1.1597991194276278,0.9763015960374242,0.8166125481563016,30128.57815079802,1.6168429374694782
0.6040753990093559,0.27036048431480475,0.19043478260869567,0.6889350577875619,0.7437616951018161,0.7009521188772703,1.149799119427628,0.9863015960374242,0.8066125481563016,29713.57815079802,1.6208421707153278
0.6240753990093559,0.27036048431480475,0.16043478260869565,0.6689350577875619,0.7337616951018161,0.6609521188772702,1.1597991194276278,0.9963015960374242,0.8266125481563016,30054.57815079802,1.624407482147216
0.664075399009356,0.3003604843148048,0.23043478260869565,0.6789350577875619,0.7437616951018161,0.6609521188772702,1.1797991194276278,0.9963015960374242,0.8366125481563016,30921.57815079802,1.628658723831176
0.664075399009356,0.28036048431480476,0.19043478260869567,0.6889350577875619,0.7237616951018161,0.6609521188772702,1.1597991194276278,0.9763015960374242,0.8166125481563016,30730.57815079802,1.6297177791595416
0.694075399009356,0.3003604843148048,0.17043478260869566,0.6889350577875619,0.673761695101816,0.6809521188772703,1.1997991194276278,0.9763015960374242,0.8166125481563016,30495.57815079802,1.6327201843261676
0.684075399009356,0.27036048431480475,0.15043478260869564,0.6989350577875619,0.673761695101816,0.6709521188772702,1.2497991194276281,0.9863015960374242,0.8166125481563016,31134.57815079802,1.6370214939117425
0.674075399009356,0.29036048431480477,0.18043478260869567,0.6989350577875619,0.643761695101816,0.6809521188772703,1.229799119427628,0.9963015960374242,0.8066125481563016,31525.57815079802,1.6411108493804925
0.674075399009356,0.25036048431480473,0.16043478260869565,0.748935057787562,0.663761695101816,0.6609521188772702,1.2497991194276281,1.0063015960374242,0.7966125481563016,31028.57815079802,1.644807291030883
0.694075399009356,0.25036048431480473,0.17043478260869566,0.738935057787562,0.633761695101816,0.6509521188772702,1.259799119427628,1.0163015960374242,0.8066125481563016,30579.57815079802,1.6458067417144804
0.694075399009356,0.26036048431480474,0.16043478260869565,0.718935057787562,0.623761695101816,0.6709521188772702,1.299799119427628,1.0063015960374242,0.8166125481563016,30988.57815079802,1.6497199058532708
0.724075399009356,0.25036048431480473,0.20043478260869568,0.6989350577875619,0.643761695101816,0.6509521188772702,1.279799119427628,0.9763015960374242,0.8266125481563016,31433.57815079802,1.653720331192016
0.754075399009356,0.26036048431480474,0.20043478260869568,0.7089350577875619,0.633761695101816,0.6709521188772702,1.2697991194276281,0.9663015960374242,0.8166125481563016,31076.57815079802,1.6573776721954339
0.754075399009356,0.23036048431480471,0.19043478260869567,0.718935057787562,0.633761695101816,0.6609521188772702,1.319799119427628,0.9663015960374242,0.8066125481563016,30773.57815079802,1.6583563804626458
0.704075399009356,0.27036048431480475,0.16043478260869565,0.7089350577875619,0.573761695101816,0.6709521188772702,1.3497991194276278,0.9763015960374242,0.7966125481563016,30658.57815079802,1.6623563289642362
0.694075399009356,0.28036048431480476,0.19043478260869567,0.768935057787562,0.583761695101816,0.6609521188772702,1.3297991194276277,0.9463015960374244,0.7666125481563015,30869.57815079802,1.6665222167968743
0.694075399009356,0.23036048431480471,0.18043478260869567,0.768935057787562,0.573761695101816,0.6609521188772702,1.3497991194276278,0.9263015960374243,0.7766125481563015,31250.57815079802,1.6697203636169426
0.684075399009356,0.24036048431480472,0.18043478260869567,0.7989350577875618,0.5537616951018159,0.6509521188772702,1.3497991194276278,0.9463015960374244,0.7466125481563015,31471.57815079802,1.6707860946655266
0.704075399009356,0.26036048431480474,0.17043478260869566,0.778935057787562,0.5337616951018159,0.6709521188772702,1.359799119427628,0.9563015960374242,0.7366125481563015,31504.57815079802,1.6733994007110589
0.704075399009356,0.23036048431480471,0.17043478260869566,0.7889350577875618,0.5437616951018159,0.7009521188772703,1.3497991194276278,0.9263015960374243,0.7566125481563015,31331.57815079802,1.6776437282562249
0.694075399009356,0.2003604843148047,0.18043478260869567,0.7989350577875618,0.593761695101816,0.6909521188772703,1.359799119427628,0.8863015960374243,0.7466125481563015,31434.57815079802,1.682146501541137
0.714075399009356,0.2103604843148047,0.16043478260869565,0.778935057787562,0.5237616951018159,0.6809521188772703,1.379799119427628,0.8863015960374243,0.7466125481563015,31657.57815079802,1.683097076416015
0.724075399009356,0.2103604843148047,0.19043478260869567,0.7889350577875618,0.4937616951018161,0.6709521188772702,1.359799119427628,0.8463015960374243,0.7366125481563015,31718.57815079802,1.6861032962799065
0.734075399009356,0.24036048431480472,0.16043478260869565,0.8089350577875618,0.4537616951018161,0.6709521188772702,1.379799119427628,0.8263015960374243,0.7466125481563015,31433.57815079802,1.6906182289123564
0.714075399009356,0.24036048431480472,0.21043478260869564,0.8389350577875618,0.43376169510181606,0.6709521188772702,1.3697991194276278,0.8063015960374242,0.6866125481563017,31532.57815079802,1.6948339462280266
0.714075399009356,0.19036048431480468,0.23043478260869565,0.8589350577875619,0.43376169510181606,0.6809521188772703,1.399799119427628,0.8263015960374243,0.7166125481563017,31547.57815079802,1.6948339462280266
0.744075399009356,0.24036048431480472,0.25043478260869567,0.8389350577875618,0.393761695101816,0.7109521188772703,1.379799119427628,0.8463015960374243,0.6866125481563017,31652.57815079802,1.6981310367584221
0.7640753990093561,0.19036048431480468,0.20043478260869568,0.8189350577875618,0.393761695101816,0.7009521188772703,1.3697991194276278,0.8363015960374243,0.7066125481563017,31461.57815079802,1.7035836696624784
0.734075399009356,0.2103604843148047,0.22043478260869565,0.8289350577875618,0.32376169510181596,0.7409521188772703,1.359799119427628,0.7863015960374242,0.6466125481563016,31322.57815079802,1.706620407104488
0.7640753990093561,0.26036048431480474,0.23043478260869565,0.8389350577875618,0.343761695101816,0.7309521188772703,1.379799119427628,0.7863015960374242,0.6966125481563017,31081.57815079802,1.7099334716796868
0.7740753990093561,0.24036048431480472,0.19043478260869567,0.8389350577875618,0.2837616951018159,0.7109521188772703,1.3697991194276278,0.8063015960374242,0.7066125481563017,30950.57815079802,1.7109469890594475
0.7640753990093561,0.19036048431480468,0.25043478260869567,0.8589350577875619,0.2837616951018159,0.7009521188772703,1.379799119427628,0.8163015960374242,0.6666125481563017,31003.57815079802,1.71494717597961
0.754075399009356,0.18036048431480478,0.2704347826086957,0.8289350577875618,0.2637616951018159,0.7209521188772703,1.359799119427628,0.7863015960374242,0.6466125481563016,31504.57815079802,1.71897644996643
0.754075399009356,0.16036048431480476,0.2604347826086957,0.8689350577875619,0.2837616951018159,0.7409521188772703,1.3497991194276278,0.7563015960374242,0.6666125481563017,31019.57815079802,1.7230207443237298
0.7740753990093561,0.12036048431480473,0.2904347826086957,0.8389350577875618,0.30376169510181594,0.7509521188772703,1.359799119427628,0.7263015960374242,0.6566125481563017,30288.57815079802,1.7230207443237298
0.7740753990093561,0.12036048431480473,0.2704347826086957,0.8089350577875618,0.2237616951018161,0.7009521188772703,1.3497991194276278,0.6763015960374243,0.7366125481563015,30377.57815079802,1.7270860195159905
0.7940753990093561,0.0903604843148047,0.3104347826086956,0.8189350577875618,0.2537616951018159,0.7309521188772703,1.3297991194276277,0.6663015960374243,0.7366125481563015,30268.57815079802,1.732317638397216
0.8540753990093559,0.08036048431480469,0.3004347826086957,0.8289350577875618,0.2337616951018161,0.7309521188772703,1.319799119427628,0.6963015960374244,0.6666125481563017,30605.57815079802,1.7349595546722405
0.8540753990093559,0.11036048431480472,0.34043478260869564,0.8289350577875618,0.2537616951018159,0.7409521188772703,1.319799119427628,0.7163015960374242,0.6666125481563017,29552.57815079802,1.736003112792968
0.8640753990093559,0.11036048431480472,0.4004347826086957,0.8289350577875618,0.2537616951018159,0.7009521188772703,1.359799119427628,0.7463015960374242,0.7566125481563015,27863.57815079802,1.7397546291351276
0.8640753990093559,0.14036048431480475,0.4304347826086956,0.8189350577875618,0.2437616951018161,0.7009521188772703,1.3297991194276277,0.7363015960374242,0.7766125481563015,26034.57815079802,1.7438239574432401
0.8840753990093559,0.15036048431480475,0.4204347826086957,0.8189350577875618,0.2437616951018161,0.7309521188772703,1.339799119427628,0.7063015960374242,0.7866125481563015,25089.57815079802,1.7468261241912835
0.8740753990093559,0.15036048431480475,0.4304347826086956,0.8189350577875618,0.2237616951018161,0.7109521188772703,1.3297991194276277,0.6963015960374244,0.7966125481563016,25258.57815079802,1.7478222370147698
0.8840753990093559,0.11036048431480472,0.4304347826086956,0.8289350577875618,0.21376169510181608,0.7209521188772703,1.3497991194276278,0.6763015960374243,0.8166125481563016,26031.57815079802,1.7519034862518303
0.8540753990093559,0.0903604843148047,0.4304347826086956,0.7989350577875618,0.2537616951018159,0.7309521188772703,1.3697991194276278,0.7163015960374242,0.7866125481563015,26278.57815079802,1.7559048652648919
0.914075399009356,0.08036048431480469,0.46043478260869564,0.7989350577875618,0.2537616951018159,0.7309521188772703,1.339799119427628,0.6263015960374243,0.8066125481563016,26223.57815079802,1.7598998069763176
0.8840753990093559,0.04036048431480477,0.46043478260869564,0.7989350577875618,0.2637616951018159,0.7409521188772703,1.3697991194276278,0.6563015960374243,0.7966125481563016,25872.57815079802,1.7598998069763176
0.8840753990093559,0.050360484314804776,0.47043478260869565,0.7889350577875618,0.2437616951018161,0.7309521188772703,1.3697991194276278,0.6563015960374243,0.8366125481563016,25793.57815079802,1.7639035701751702
0.8640753990093559,0.08036048431480469,0.48043478260869565,0.8089350577875618,0.19376169510181607,0.7109521188772703,1.3697991194276278,0.6363015960374243,0.8566125481563016,25664.57815079802,1.767774057388305
0.8740753990093559,0.060360484314804674,0.5204347826086957,0.7889350577875618,0.18376169510181606,0.7509521188772703,1.3697991194276278,0.6163015960374243,0.8666125481563016,26069.57815079802,1.7712060928344755
0.894075399009356,0.04036048431480477,0.5504347826086957,0.7889350577875618,0.113761695101816,0.7409521188772703,1.3697991194276278,0.5863015960374243,0.8866125481563016,26118.57815079802,1.7722353458404498
0.8840753990093559,0.04036048431480477,0.5504347826086957,0.778935057787562,0.15376169510181603,0.7509521188772703,1.3497991194276278,0.5963015960374243,0.8966125481563016,25853.57815079802,1.7762677192687981
0.8340753990093559,0.02036048431480475,0.5304347826086957,0.7989350577875618,0.15376169510181603,0.8209521188772704,1.3897991194276278,0.5763015960374243,0.9066125481563017,25966.57815079802,1.780544471740722
0.8040753990093561,0.010360484314804741,0.5204347826086957,0.8289350577875618,0.16376169510181604,0.8109521188772704,1.4097991194276278,0.5563015960374242,0.9366125481563017,25973.57815079802,1.7845468044280999
0.8640753990093559,0.04036048431480477,0.5404347826086957,0.768935057787562,0.14376169510181602,0.8209521188772704,1.3897991194276278,0.5563015960374242,0.9466125481563017,25340.57815079802,1.787544918060302
0.8440753990093559,0.03036048431480476,0.5404347826086957,0.768935057787562,0.123761695101816,0.8209521188772704,1.3697991194276278,0.5763015960374243,0.9566125481563017,25457.57815079802,1.7885477066040032
0.8140753990093561,-0.019639515685195286,0.5704347826086956,0.738935057787562,0.123761695101816,0.8209521188772704,1.399799119427628,0.5263015960374242,0.9266125481563017,25920.57815079802,1.792324256896972
0.8140753990093561,-0.009639515685195277,0.5604347826086956,0.758935057787562,0.113761695101816,0.8809521188772702,1.399799119427628,0.6063015960374243,0.9366125481563017,25987.57815079802,1.7972173213958769
0.7640753990093561,-0.019639515685195286,0.5504347826086957,0.748935057787562,0.113761695101816,0.8809521188772702,1.4097991194276278,0.5863015960374243,0.9166125481563017,25986.57815079802,1.80048055648804
0.754075399009356,0.0003604843148047321,0.5404347826086957,0.738935057787562,0.113761695101816,0.8909521188772702,1.419799119427628,0.6063015960374243,0.9666125481563017,25995.57815079802,1.8015448570251422
0.734075399009356,0.0003604843148047321,0.5504347826086957,0.758935057787562,0.10376169510181599,0.8709521188772702,1.419799119427628,0.5763015960374243,0.9566125481563017,25640.57815079802,1.8056246757507282
0.744075399009356,0.04036048431480477,0.5704347826086956,0.768935057787562,0.10376169510181599,0.9009521188772702,1.399799119427628,0.5763015960374243,0.9766125481563017,25537.57815079802,1.810108852386474
0.694075399009356,0.0903604843148047,0.6004347826086956,0.748935057787562,0.113761695101816,0.8809521188772702,1.4297991194276278,0.5563015960374242,0.9466125481563017,25232.57815079802,1.8131086349487298
0.704075399009356,0.08036048431480469,0.6304347826086957,0.758935057787562,0.07376169510181596,0.8309521188772704,1.399799119427628,0.5863015960374243,0.9766125481563017,25557.57815079802,1.8131086349487298
0.664075399009356,0.0003604843148047321,0.6704347826086957,0.768935057787562,0.043761695101816045,0.8309521188772704,1.4097991194276278,0.5763015960374243,0.9466125481563017,26218.57815079802,1.8171247959136956
0.664075399009356,0.010360484314804741,0.6904347826086956,0.738935057787562,0.08376169510181597,0.8209521188772704,1.4297991194276278,0.5763015960374243,0.9666125481563017,26201.57815079802,1.8221086978912346
0.6040753990093559,-0.009639515685195277,0.7104347826086956,0.728935057787562,0.043761695101816045,0.8009521188772704,1.4497991194276278,0.5563015960374242,1.0266125481563018,26240.57815079802,1.8253943443298368
0.6140753990093559,-0.009639515685195277,0.6904347826086956,0.7089350577875619,0.07376169510181596,0.8109521188772704,1.4297991194276278,0.5163015960374242,1.0266125481563018,26915.57815079802,1.826468658447265
0.6340753990093559,-0.019639515685195286,0.7004347826086956,0.718935057787562,0.08376169510181597,0.8009521188772704,1.4297991194276278,0.48630159603742434,1.0866125481563016,26980.57815079802,1.8294963359832792
0.5940753990093559,-0.009639515685195277,0.7204347826086956,0.718935057787562,0.033761695101816036,0.8109521188772704,1.379799119427628,0.5063015960374244,1.0766125481563016,26663.57815079802,1.8338622570037835
0.5740753990093561,-0.019639515685195286,0.7204347826086956,0.6989350577875619,0.023761695101816027,0.7509521188772703,1.3897991194276278,0.4063015960374243,1.0966125481563016,26100.57815079802,1.8374218463897698
0.5640753990093561,-0.029639515685195295,0.7204347826086956,0.6989350577875619,0.053761695101816054,0.8109521188772704,1.379799119427628,0.4663015960374243,1.0866125481563016,25991.57815079802,1.8379823684692376
0.5540753990093561,-0.07963951568519523,0.6704347826086957,0.6789350577875619,0.013761695101816018,0.8509521188772704,1.3697991194276278,0.47630159603742434,1.0966125481563016,26244.57815079802,1.8423375606536858
0.5340753990093561,-0.05963951568519532,0.7004347826086956,0.6789350577875619,0.013761695101816018,0.8209521188772704,1.3697991194276278,0.4563015960374243,1.1066125481563016,26223.57815079802,1.8463088989257805
0.5140753990093561,-0.05963951568519532,0.7304347826086957,0.6789350577875619,0.043761695101816045,0.8409521188772704,1.339799119427628,0.47630159603742434,1.1066125481563016,25940.57815079802,1.8498866081237786
0.5240753990093561,-0.04963951568519531,0.6804347826086956,0.6589350577875619,0.033761695101816036,0.8409521188772704,1.3097991194276282,0.49630159603742435,1.0966125481563016,26031.57815079802,1.853911113739013
0.474075399009356,-0.0396395156851953,0.6804347826086956,0.6889350577875619,0.043761695101816045,0.8609521188772704,1.299799119427628,0.5163015960374242,1.0666125481563016,26338.57815079802,1.853911113739013
0.434075399009356,-0.04963951568519531,0.7004347826086956,0.6789350577875619,0.023761695101816027,0.8609521188772704,1.299799119427628,0.49630159603742435,1.0766125481563016,26259.57815079802,1.85795612335205
0.434075399009356,-0.029639515685195295,0.7104347826086956,0.6689350577875619,0.043761695101816045,0.8409521188772704,1.319799119427628,0.5063015960374244,1.0966125481563016,25956.57815079802,1.8629765033721917
0.434075399009356,-0.05963951568519532,0.7404347826086957,0.6289350577875619,0.043761695101816045,0.7909521188772703,1.3097991194276282,0.5163015960374242,1.1466125481563016,25889.57815079802,1.8663937568664508
0.41407539900935597,-0.05963951568519532,0.7504347826086957,0.5989350577875618,0.033761695101816036,0.8109521188772704,1.3297991194276277,0.5063015960374244,1.1366125481563016,25956.57815079802,1.8669766902923577
0.35407539900935603,-0.07963951568519523,0.7404347826086957,0.6289350577875619,0.033761695101816036,0.8509521188772704,1.299799119427628,0.48630159603742434,1.0866125481563016,25827.57815079802,1.870956373214721
0.38407539900935606,-0.05963951568519532,0.7704347826086957,0.6189350577875619,0.043761695101816045,0.8309521188772704,1.279799119427628,0.4563015960374243,1.1066125481563016,26148.57815079802,1.8745603084564202
0.38407539900935606,-0.06963951568519522,0.7804347826086957,0.5989350577875618,0.033761695101816036,0.8009521188772704,1.229799119427628,0.4563015960374243,1.0966125481563016,26597.57815079802,1.8789348125457757
0.344075399009356,-0.029639515685195295,0.7804347826086957,0.5889350577875619,0.043761695101816045,0.8009521188772704,1.1797991194276278,0.4063015960374243,1.0966125481563016,26550.57815079802,1.8789348125457757
0.38407539900935606,-0.06963951568519522,0.8104347826086957,0.5189350577875619,0.013761695101816018,0.7609521188772703,1.169799119427628,0.39630159603742426,1.0666125481563016,26267.57815079802,1.88346619606018
0.37407539900935605,-0.09963951568519525,0.8304347826086957,0.5389350577875619,-0.0062383048981839995,0.7709521188772703,1.0997991194276278,0.34630159603742433,1.0966125481563016,25934.57815079802,1.8877710819244378
0.314075399009356,-0.08963951568519524,0.8304347826086957,0.5689350577875619,-0.026238304898184017,0.7309521188772703,1.1197991194276278,0.3063015960374243,1.1266125481563016,26329.57815079802,1.8910436153411858
0.324075399009356,-0.09963951568519525,0.8004347826086957,0.5289350577875619,-0.036238304898184026,0.7209521188772703,1.0797991194276277,0.3363015960374243,1.1566125481563017,26380.57815079802,1.8910436153411858
0.28407539900935597,-0.08963951568519524,0.8104347826086957,0.5489350577875619,-0.036238304898184026,0.7009521188772703,1.089799119427628,0.3363015960374243,1.1266125481563016,26637.57815079802,1.8951396465301507
0.294075399009356,-0.08963951568519524,0.7904347826086957,0.5389350577875619,-0.036238304898184026,0.7209521188772703,1.0997991194276278,0.3263015960374243,1.1166125481563016,26376.57815079802,1.8992797851562493
0.304075399009356,-0.04963951568519531,0.7804347826086957,0.5489350577875619,-0.046238304898184035,0.7109521188772703,1.109799119427628,0.34630159603742433,1.1466125481563016,26433.57815079802,1.9032332420349114
0.28407539900935597,-0.05963951568519532,0.7504347826086957,0.5689350577875619,-0.06623830489818394,0.7309521188772703,1.109799119427628,0.35630159603742434,1.1566125481563017,26360.57815079802,1.9032332420349114
0.294075399009356,-0.06963951568519522,0.7504347826086957,0.5789350577875619,-0.046238304898184035,0.7209521188772703,1.109799119427628,0.3363015960374243,1.1366125481563016,26347.57815079802,1.907586765289306
0.304075399009356,-0.07963951568519523,0.7404347826086957,0.5989350577875618,-0.056238304898184044,0.7509521188772703,1.089799119427628,0.34630159603742433,1.1366125481563016,26508.57815079802,1.9115194797515862
0.27407539900935596,-0.04963951568519531,0.7304347826086957,0.5889350577875619,-0.06623830489818394,0.7709521188772703,1.0797991194276277,0.34630159603742433,1.1266125481563016,26001.57815079802,1.9156548500061028
0.27407539900935596,-0.0396395156851953,0.7404347826086957,0.5989350577875618,-0.056238304898184044,0.7609521188772703,1.0597991194276282,0.37630159603742436,1.1366125481563016,25914.57815079802,1.9166104316711419
0.28407539900935597,-0.0396395156851953,0.6504347826086957,0.5989350577875618,-0.06623830489818394,0.8109521188772704,1.0597991194276282,0.36630159603742435,1.1566125481563017,25783.57815079802,1.919610929489135
0.304075399009356,-0.05963951568519532,0.6104347826086957,0.5989350577875618,-0.046238304898184035,0.8309521188772704,1.0597991194276282,0.3263015960374243,1.0866125481563016,25552.57815079802,1.924609851837161
0.314075399009356,-0.12963951568519527,0.6004347826086956,0.5689350577875619,-0.09623830489818397,0.8409521188772704,1.0597991194276282,0.3163015960374243,1.0766125481563016,25361.57815079802,1.9286384105682401
0.314075399009356,-0.11963951568519526,0.6004347826086956,0.5589350577875619,-0.126238304898184,0.8109521188772704,1.0597991194276282,0.2963015960374243,1.0166125481563018,25842.57815079802,1.9316401004791288
0.324075399009356,-0.12963951568519527,0.6304347826086957,0.5789350577875619,-0.126238304898184,0.8109521188772704,1.069799119427628,0.27630159603742427,1.0266125481563018,25721.57815079802,1.9316401004791288
0.344075399009356,-0.10963951568519525,0.6204347826086957,0.6389350577875619,-0.126238304898184,0.8009521188772704,1.0397991194276281,0.27630159603742427,0.9966125481563017,25178.57815079802,1.936000061035159
0.28407539900935597,-0.1496395156851953,0.6604347826086957,0.6589350577875619,-0.126238304898184,0.8209521188772704,1.069799119427628,0.26630159603742426,1.0166125481563018,24497.57815079802,1.9405109405517607
0.26407539900935606,-0.1596395156851953,0.6404347826086957,0.7089350577875619,-0.11623830489818399,0.8009521188772704,1.0797991194276277,0.2963015960374243,1.0466125481563016,23624.57815079802,1.9435572147369378
0.25407539900935605,-0.1496395156851953,0.6704347826086957,0.6989350577875619,-0.09623830489818397,0.8109521188772704,1.089799119427628,0.24630159603742435,1.0366125481563015,23153.57815079802,1.9445361614227288
0.26407539900935606,-0.11963951568519526,0.6504347826086957,0.7089350577875619,-0.18623830489818405,0.7609521188772703,1.129799119427628,0.25630159603742436,1.0066125481563017,23252.57815079802,1.9484211921691887
0.28407539900935597,-0.10963951568519525,0.6604347826086957,0.748935057787562,-0.11623830489818399,0.7609521188772703,1.129799119427628,0.24630159603742435,1.0466125481563016,23529.57815079802,1.9524487972259514
0.28407539900935597,-0.13963951568519528,0.6104347826086957,0.768935057787562,-0.136238304898184,0.7909521188772703,1.0997991194276278,0.22630159603742434,1.0166125481563018,23434.57815079802,1.9564532756805448
0.27407539900935596,-0.1496395156851953,0.6004347826086956,0.748935057787562,-0.11623830489818399,0.8109521188772704,1.149799119427628,0.25630159603742436,0.9866125481563017,22647.57815079802,1.9564532756805448
0.24407539900935604,-0.1496395156851953,0.6004347826086956,0.7089350577875619,-0.10623830489818398,0.7709521188772703,1.1797991194276278,0.22630159603742434,1.0066125481563017,22156.57815079802,1.9604393959045403
0.28407539900935597,-0.16963951568519525,0.5504347826086957,0.748935057787562,-0.136238304898184,0.8309521188772704,1.169799119427628,0.23630159603742434,0.9766125481563017,22287.57815079802,1.9646424770355182
0.27407539900935596,-0.18963951568519527,0.5304347826086957,0.728935057787562,-0.136238304898184,0.8109521188772704,1.1997991194276278,0.20630159603742432,0.9766125481563017,22326.57815079802,1.9684402465820305
0.27407539900935596,-0.18963951568519527,0.5204347826086957,0.718935057787562,-0.16623830489818403,0.8309521188772704,1.2197991194276279,0.16630159603742428,0.9266125481563017,21957.57815079802,1.9694597244262688
0.314075399009356,-0.1596395156851953,0.47043478260869565,0.728935057787562,-0.16623830489818403,0.8709521188772702,1.189799119427628,0.1863015960374243,0.9266125481563017,21454.57815079802,1.9726490497589104
0.334075399009356,-0.2096395156851953,0.47043478260869565,0.748935057787562,-0.146238304898184,0.8009521188772704,1.1997991194276278,0.13630159603742437,0.9266125481563017,21147.57815079802,1.9765758037567167
0.314075399009356,-0.2096395156851953,0.5204347826086957,0.718935057787562,-0.136238304898184,0.8009521188772704,1.209799119427628,0.14630159603742426,0.8866125481563016,21318.57815079802,1.980576467514041
0.38407539900935606,-0.19963951568519528,0.48043478260869565,0.6989350577875619,-0.11623830489818399,0.8209521188772704,1.1997991194276278,0.15630159603742427,0.8966125481563016,20919.57815079802,1.9815594673156767
0.35407539900935603,-0.24963951568519527,0.46043478260869564,0.7089350577875619,-0.15623830489818402,0.8109521188772704,1.2397991194276279,0.09630159603742433,0.9166125481563017,20830.57815079802,1.9855443954467766
0.38407539900935606,-0.22963951568519525,0.46043478260869564,0.7089350577875619,-0.15623830489818402,0.8209521188772704,1.209799119427628,0.13630159603742437,0.8966125481563016,21053.57815079802,1.9892234325408928
0.40407539900935596,-0.22963951568519525,0.4304347826086956,0.728935057787562,-0.146238304898184,0.7709521188772703,1.229799119427628,0.11630159603742435,0.8766125481563016,20720.57815079802,1.9936351299285882
0.40407539900935596,-0.19963951568519528,0.46043478260869564,0.738935057787562,-0.146238304898184,0.7609521188772703,1.2397991194276279,0.09630159603742433,0.8766125481563016,20295.57815079802,1.9936351299285882
0.40407539900935596,-0.17963951568519526,0.48043478260869565,0.6989350577875619,-0.146238304898184,0.7309521188772703,1.2497991194276281,0.10630159603742434,0.8766125481563016,20312.57815079802,1.997837018966674
0.41407539900935597,-0.2096395156851953,0.4504347826086956,0.718935057787562,-0.16623830489818403,0.7409521188772703,1.2497991194276281,0.13630159603742437,0.8666125481563016,20003.57815079802,2.0018240928649895
0.454075399009356,-0.2096395156851953,0.4504347826086956,0.7089350577875619,-0.126238304898184,0.7709521188772703,1.2397991194276279,0.13630159603742437,0.8266125481563016,19934.57815079802,2.005827617645263
0.444075399009356,-0.22963951568519525,0.4004347826086957,0.7089350577875619,-0.11623830489818399,0.7609521188772703,1.259799119427628,0.13630159603742437,0.8366125481563016,20095.57815079802,2.008827400207519
0.434075399009356,-0.18963951568519527,0.35043478260869565,0.718935057787562,-0.136238304898184,0.7809521188772703,1.259799119427628,0.12630159603742436,0.7966125481563016,19990.57815079802,2.009825181961059
0.424075399009356,-0.18963951568519527,0.35043478260869565,0.738935057787562,-0.136238304898184,0.7909521188772703,1.2497991194276281,0.0663015960374243,0.7966125481563016,19803.57815079802,2.0134579658508294
0.444075399009356,-0.2196395156851953,0.36043478260869566,0.718935057787562,-0.146238304898184,0.7509521188772703,1.259799119427628,0.11630159603742435,0.8066125481563016,19966.57815079802,2.01831240653992
0.464075399009356,-0.18963951568519527,0.34043478260869564,0.738935057787562,-0.10623830489818398,0.7909521188772703,1.2897991194276281,0.0663015960374243,0.7566125481563015,20219.57815079802,2.022311878204345
0.454075399009356,-0.22963951568519525,0.35043478260869565,0.7089350577875619,-0.06623830489818394,0.7809521188772703,1.2497991194276281,0.08630159603742432,0.7866125481563015,20202.57815079802,2.022311878204345
0.474075399009356,-0.23963951568519526,0.3204347826086956,0.718935057787562,-0.06623830489818394,0.7709521188772703,1.229799119427628,0.046301596037424286,0.7566125481563015,19949.57815079802,2.026811790466308
0.49407539900935604,-0.2196395156851953,0.3204347826086956,0.748935057787562,-0.06623830489818394,0.7809521188772703,1.2197991194276279,0.046301596037424286,0.7866125481563015,20344.57815079802,2.0308246135711663
0.504075399009356,-0.2096395156851953,0.33043478260869563,0.718935057787562,-0.036238304898184026,0.7309521188772703,1.2397991194276279,0.08630159603742432,0.7466125481563015,20025.57815079802,2.0341369628906243
0.49407539900935604,-0.24963951568519527,0.2904347826086957,0.6989350577875619,-0.09623830489818397,0.7609521188772703,1.2497991194276281,0.0663015960374243,0.7166125481563017,19814.57815079802,2.034811687469478
0.434075399009356,-0.2196395156851953,0.2904347826086957,0.728935057787562,-0.08623830489818396,0.7509521188772703,1.279799119427628,0.08630159603742432,0.7166125481563017,19985.57815079802,2.038812112808227
0.474075399009356,-0.22963951568519525,0.2704347826086957,0.718935057787562,-0.056238304898184044,0.7309521188772703,1.2897991194276281,0.08630159603742432,0.7266125481563015,19844.57815079802,2.04331631660461
0.474075399009356,-0.17963951568519526,0.2604347826086957,0.728935057787562,-0.07623830489818395,0.7609521188772703,1.2697991194276281,0.0663015960374243,0.7266125481563015,19865.57815079802,2.046942424774169
0.48407539900935603,-0.19963951568519528,0.2804347826086957,0.758935057787562,-0.06623830489818394,0.7209521188772703,1.209799119427628,0.08630159603742432,0.7366125481563015,19758.57815079802,2.0479068279266386
0.5440753990093561,-0.17963951568519526,0.3004347826086957,0.738935057787562,-0.08623830489818396,0.7009521188772703,1.2397991194276279,0.10630159603742434,0.7166125481563017,20071.57815079802,2.0508796691894524
0.6040753990093559,-0.18963951568519527,0.25043478260869567,0.738935057787562,-0.06623830489818394,0.7009521188772703,1.2397991194276279,0.10630159603742434,0.6866125481563017,20414.57815079802,2.0553967475891106
0.644075399009356,-0.19963951568519528,0.22043478260869565,0.718935057787562,-0.08623830489818396,0.7109521188772703,1.2497991194276281,0.09630159603742433,0.6466125481563016,20049.57815079802,2.059376668930053
0.654075399009356,-0.19963951568519528,0.20043478260869568,0.728935057787562,-0.06623830489818394,0.7309521188772703,1.2497991194276281,0.11630159603742435,0.6566125481563017,20134.57815079802,2.059376668930053
0.6340753990093559,-0.17963951568519526,0.17043478260869566,0.758935057787562,-0.07623830489818395,0.7009521188772703,1.279799119427628,0.07630159603742431,0.6466125481563016,20419.57815079802,2.0633677959442096
0.644075399009356,-0.16963951568519525,0.18043478260869567,0.758935057787562,-0.08623830489818396,0.7009521188772703,1.2397991194276279,0.056301596037424295,0.6066125481563016,20510.57815079802,2.0678009510040276
0.6340753990093559,-0.17963951568519526,0.18043478260869567,0.758935057787562,-0.07623830489818395,0.7009521188772703,1.299799119427628,0.09630159603742433,0.6066125481563016,20577.57815079802,2.0711996078491204
0.6240753990093559,-0.18963951568519527,0.15043478260869564,0.738935057787562,-0.08623830489818396,0.7409521188772703,1.279799119427628,0.09630159603742433,0.6266125481563016,20650.57815079802,2.0722565174102776
0.664075399009356,-0.17963951568519526,0.17043478260869566,0.738935057787562,-0.08623830489818396,0.7209521188772703,1.2697991194276281,0.10630159603742434,0.5966125481563016,20945.57815079802,2.0755195140838616
0.684075399009356,-0.16963951568519525,0.20043478260869568,0.748935057787562,-0.08623830489818396,0.7109521188772703,1.299799119427628,0.08630159603742432,0.5966125481563016,21002.57815079802,2.0798298835754387
0.694075399009356,-0.17963951568519526,0.18043478260869567,0.728935057787562,-0.09623830489818397,0.6609521188772702,1.359799119427628,0.0663015960374243,0.5966125481563016,20939.57815079802,2.08429927825928
0.704075399009356,-0.1496395156851953,0.17043478260869566,0.738935057787562,-0.136238304898184,0.6409521188772702,1.3697991194276278,0.08630159603742432,0.5666125481563016,21262.57815079802,2.08429927825928
0.704075399009356,-0.16963951568519525,0.16043478260869565,0.748935057787562,-0.126238304898184,0.6809521188772703,1.399799119427628,0.07630159603742431,0.5166125481563015,21155.57815079802,2.088301610946651
0.684075399009356,-0.16963951568519525,0.16043478260869565,0.748935057787562,-0.07623830489818395,0.6609521188772702,1.4097991194276278,0.056301596037424295,0.5666125481563016,21502.57815079802,2.0915014266967766
0.694075399009356,-0.1496395156851953,0.15043478260869564,0.7889350577875618,-0.09623830489818397,0.6609521188772702,1.399799119427628,0.046301596037424286,0.5366125481563015,21623.57815079802,2.096501541137691
0.734075399009356,-0.12963951568519527,0.14043478260869569,0.748935057787562,-0.126238304898184,0.6509521188772702,1.359799119427628,0.09630159603742433,0.5266125481563015,21352.57815079802,2.096501541137691
0.744075399009356,-0.11963951568519526,0.12043478260869567,0.738935057787562,-0.10623830489818398,0.6309521188772702,1.4097991194276278,0.08630159603742432,0.5666125481563016,20967.57815079802,2.1004750251769977
0.744075399009356,-0.1496395156851953,0.11043478260869566,0.728935057787562,-0.15623830489818402,0.6309521188772702,1.419799119427628,0.07630159603742431,0.49661254815630157,20816.57815079802,2.103998136520385
0.744075399009356,-0.1496395156851953,0.06043478260869567,0.768935057787562,-0.136238304898184,0.6209521188772702,1.4097991194276278,0.046301596037424286,0.45661254815630165,20941.57815079802,2.1080264568328886
0.734075399009356,-0.13963951568519528,0.09043478260869564,0.7889350577875618,-0.146238304898184,0.6109521188772704,1.419799119427628,0.056301596037424295,0.5166125481563015,21566.57815079802,2.112254095077514
0.684075399009356,-0.19963951568519528,0.04043478260869565,0.8189350577875618,-0.136238304898184,0.5909521188772704,1.4497991194276278,-0.0036984039625757026,0.48661254815630156,21685.57815079802,2.112254095077514
0.694075399009356,-0.18963951568519527,0.06043478260869567,0.8189350577875618,-0.15623830489818402,0.5509521188772704,1.4497991194276278,0.03630159603742433,0.46661254815630165,21928.57815079802,2.1161152839660637
0.644075399009356,-0.18963951568519527,0.07043478260869568,0.8189350577875618,-0.11623830489818399,0.5509521188772704,1.4497991194276278,0.026301596037424324,0.4266125481563016,22573.57815079802,2.1199948310852044
0.664075399009356,-0.2196395156851953,0.06043478260869567,0.8289350577875618,-0.136238304898184,0.5509521188772704,1.4697991194276279,0.03630159603742433,0.3866125481563016,22996.57815079802,2.124421310424804
0.684075399009356,-0.2096395156851953,0.07043478260869568,0.8089350577875618,-0.136238304898184,0.5509521188772704,1.4997991194276281,0.03630159603742433,0.4066125481563016,23011.57815079802,2.125466060638427
0.724075399009356,-0.1596395156851953,0.04043478260869565,0.8289350577875618,-0.15623830489818402,0.5209521188772703,1.479799119427628,0.056301596037424295,0.44661254815630164,23028.57815079802,2.128172588348388
0.714075399009356,-0.16963951568519525,0.07043478260869568,0.8389350577875618,-0.16623830489818403,0.5109521188772703,1.459799119427628,0.026301596037424324,0.3966125481563016,23679.57815079802,2.1331853389739983
0.734075399009356,-0.18963951568519527,0.08043478260869569,0.8389350577875618,-0.15623830489818402,0.5109521188772703,1.479799119427628,0.026301596037424324,0.3966125481563016,23910.57815079802,2.1371852874755817
0.724075399009356,-0.1596395156851953,0.04043478260869565,0.8389350577875618,-0.20623830489818396,0.4909521188772703,1.4697991194276279,0.026301596037424324,0.3766125481563016,24051.57815079802,2.1371852874755817
0.734075399009356,-0.18963951568519527,0.02043478260869569,0.8589350577875619,-0.126238304898184,0.5009521188772703,1.479799119427628,0.03630159603742433,0.3766125481563016,24190.57815079802,2.1413483142852776
0.714075399009356,-0.17963951568519526,0.04043478260869565,0.8589350577875619,-0.17623830489818404,0.5109521188772703,1.4497991194276278,0.03630159603742433,0.3466125481563016,24273.57815079802,2.1453485012054436
0.744075399009356,-0.18963951568519527,0.08043478260869569,0.8289350577875618,-0.17623830489818404,0.4609521188772703,1.4297991194276278,0.026301596037424324,0.3466125481563016,24158.57815079802,2.148654174804687
0.7740753990093561,-0.18963951568519527,0.07043478260869568,0.8189350577875618,-0.20623830489818396,0.4609521188772703,1.4297991194276278,0.026301596037424324,0.3166125481563016,24055.57815079802,2.1497089385986357
0.7840753990093561,-0.2096395156851953,0.01043478260869568,0.8389350577875618,-0.19623830489818395,0.45095211887727027,1.419799119427628,0.046301596037424286,0.2866125481563016,23976.57815079802,2.153281879425048
0.7940753990093561,-0.2096395156851953,-0.019565217391304346,0.8289350577875618,-0.22623830489818397,0.43095211887727025,1.4097991194276278,0.026301596037424324,0.3266125481563016,23873.57815079802,2.1572858810424798
0.8440753990093559,-0.18963951568519527,0.02043478260869569,0.8089350577875618,-0.23623830489818398,0.42095211887727024,1.439799119427628,-0.0036984039625757026,0.3366125481563016,24452.57815079802,2.161827039718627
0.8140753990093561,-0.17963951568519526,0.02043478260869569,0.8189350577875618,-0.23623830489818398,0.41095211887727023,1.4297991194276278,0.016301596037424315,0.2966125481563016,24365.57815079802,2.161827039718627
0.8140753990093561,-0.19963951568519528,0.00043478260869567187,0.8289350577875618,-0.256238304898184,0.4009521188772702,1.4097991194276278,0.016301596037424315,0.2666125481563016,24324.57815079802,2.1649639129638665
0.8040753990093561,-0.19963951568519528,-0.019565217391304346,0.8189350577875618,-0.266238304898184,0.4009521188772702,1.4097991194276278,-0.0036984039625757026,0.24661254815630163,24329.57815079802,2.169669580459594
0.8340753990093559,-0.2096395156851953,-0.039565217391304336,0.8189350577875618,-0.286238304898184,0.3709521188772702,1.4097991194276278,0.026301596037424324,0.2566125481563016,24060.57815079802,2.17358751296997
0.8840753990093559,-0.2096395156851953,-0.019565217391304346,0.8289350577875618,-0.276238304898184,0.3509521188772704,1.379799119427628,-0.0036984039625757026,0.23661254815630162,23735.57815079802,2.1745981693267815
0.894075399009356,-0.2096395156851953,0.02043478260869569,0.8289350577875618,-0.29623830489818403,0.3509521188772704,1.379799119427628,0.016301596037424315,0.24661254815630163,23626.57815079802,2.177594137191768
0.8540753990093559,-0.19963951568519528,0.04043478260869565,0.8289350577875618,-0.30623830489818404,0.3509521188772704,1.4097991194276278,-0.0036984039625757026,0.24661254815630163,22383.57815079802,2.1815983772277825
0.8640753990093559,-0.2196395156851953,0.09043478260869564,0.8489350577875618,-0.266238304898184,0.3509521188772704,1.399799119427628,-0.013698403962575711,0.2966125481563016,21458.57815079802,2.1863383769989007
0.8840753990093559,-0.24963951568519527,0.10043478260869565,0.8389350577875618,-0.256238304898184,0.3509521188772704,1.419799119427628,-0.013698403962575711,0.3166125481563016,20039.57815079802,2.1902400970458977
0.914075399009356,-0.22963951568519525,0.12043478260869567,0.8489350577875618,-0.246238304898184,0.31095211887727037,1.419799119427628,-0.013698403962575711,0.2866125481563016,19530.57815079802,2.190782260894771
0.924075399009356,-0.2096395156851953,0.07043478260869568,0.8389350577875618,-0.22623830489818397,0.3309521188772704,1.419799119427628,0.006301596037424306,0.3066125481563016,19491.57815079802,2.1935817718505817
0.934075399009356,-0.2096395156851953,0.05043478260869566,0.8289350577875618,-0.266238304898184,0.3309521188772704,1.439799119427628,-0.0036984039625757026,0.3066125481563016,19270.57815079802,2.198749256134036
0.914075399009356,-0.19963951568519528,0.11043478260869566,0.8389350577875618,-0.246238304898184,0.30095211887727036,1.419799119427628,0.006301596037424306,0.3166125481563016,19469.57815079802,2.2027396678924553
0.954075399009356,-0.2096395156851953,0.09043478260869564,0.8189350577875618,-0.22623830489818397,0.27095211887727033,1.4097991194276278,0.016301596037424315,0.3266125481563016,19954.57815079802,2.203746271133422
0.924075399009356,-0.18963951568519527,0.10043478260869565,0.8289350577875618,-0.22623830489818397,0.27095211887727033,1.419799119427628,0.016301596037424315,0.3266125481563016,19869.57815079802,2.206751060485839
0.914075399009356,-0.17963951568519526,0.09043478260869564,0.7889350577875618,-0.21623830489818396,0.28095211887727034,1.419799119427628,0.026301596037424324,0.3266125481563016,19480.57815079802,2.21073932647705
0.944075399009356,-0.18963951568519527,0.05043478260869566,0.8189350577875618,-0.20623830489818396,0.29095211887727035,1.399799119427628,0.07630159603742431,0.3066125481563016,19271.57815079802,2.214927625656127
0.914075399009356,-0.18963951568519527,0.06043478260869567,0.7989350577875618,-0.23623830489818398,0.28095211887727034,1.4297991194276278,0.03630159603742433,0.2866125481563016,19480.57815079802,2.214927625656127
0.934075399009356,-0.16963951568519525,0.07043478260869568,0.7889350577875618,-0.246238304898184,0.2509521188772703,1.379799119427628,0.046301596037424286,0.2966125481563016,19699.57815079802,2.21893925666809
0.934075399009356,-0.16963951568519525,0.04043478260869565,0.8089350577875618,-0.22623830489818397,0.2609521188772703,1.379799119427628,0.09630159603742433,0.2566125481563016,18970.57815079802,2.2236206054687493
0.924075399009356,-0.16963951568519525,0.02043478260869569,0.8089350577875618,-0.246238304898184,0.2609521188772703,1.3897991194276278,0.056301596037424295,0.2566125481563016,18571.57815079802,2.2268394947051995
0.924075399009356,-0.2096395156851953,0.04043478260869565,0.7889350577875618,-0.256238304898184,0.2609521188772703,1.4097991194276278,0.006301596037424306,0.2566125481563016,18796.57815079802,2.2278925895690875
0.904075399009356,-0.19963951568519528,0.01043478260869568,0.7989350577875618,-0.22623830489818397,0.2409521188772703,1.4097991194276278,0.056301596037424295,0.24661254815630163,18859.57815079802,2.230451297760009
0.924075399009356,-0.1596395156851953,0.030434782608695643,0.7889350577875618,-0.246238304898184,0.2509521188772703,1.419799119427628,0.08630159603742432,0.23661254815630162,18638.57815079802,2.235755395889278
0.914075399009356,-0.16963951568519525,0.02043478260869569,0.778935057787562,-0.256238304898184,0.2409521188772703,1.419799119427628,0.0663015960374243,0.23661254815630162,18795.57815079802,2.2397806167602496
0.904075399009356,-0.1596395156851953,0.01043478260869568,0.778935057787562,-0.23623830489818398,0.2609521188772703,1.4497991194276278,0.0663015960374243,0.2266125481563016,18520.57815079802,2.2397806167602496
0.8340753990093559,-0.1596395156851953,-0.029565217391304327,0.768935057787562,-0.256238304898184,0.27095211887727033,1.479799119427628,0.006301596037424306,0.19661254815630158,18437.57815079802,2.2427827835083
0.8340753990093559,-0.1596395156851953,-0.019565217391304346,0.748935057787562,-0.256238304898184,0.2609521188772703,1.4697991194276279,0.016301596037424315,0.2166125481563016,18410.57815079802,2.247007799148559
0.8340753990093559,-0.17963951568519526,-0.009565217391304337,0.778935057787562,-0.22623830489818397,0.27095211887727033,1.459799119427628,0.03630159603742433,0.23661254815630162,17939.57815079802,2.2509459972381585
0.8340753990093559,-0.1596395156851953,0.00043478260869567187,0.738935057787562,-0.246238304898184,0.27095211887727033,1.459799119427628,0.006301596037424306,0.2266125481563016,17164.57815079802,2.255221557617187
0.8040753990093561,-0.17963951568519526,-0.029565217391304327,0.768935057787562,-0.256238304898184,0.28095211887727034,1.439799119427628,0.006301596037424306,0.2066125481563016,17527.57815079802,2.255986166000369
0.8040753990093561,-0.17963951568519526,0.01043478260869568,0.738935057787562,-0.286238304898184,0.28095211887727034,1.4497991194276278,0.006301596037424306,0.2166125481563016,17858.57815079802,2.260013532638549
0.7640753990093561,-0.16963951568519525,0.030434782608695643,0.768935057787562,-0.23623830489818398,0.27095211887727033,1.459799119427628,0.03630159603742433,0.2066125481563016,17575.57815079802,2.264605236053466
0.7640753990093561,-0.1596395156851953,0.030434782608695643,0.7089350577875619,-0.22623830489818397,0.2609521188772703,1.4697991194276279,0.026301596037424324,0.18661254815630163,16712.57815079802,2.2678012371063225
0.7940753990093561,-0.1496395156851953,0.05043478260869566,0.7089350577875619,-0.22623830489818397,0.2609521188772703,1.509799119427628,0.026301596037424324,0.18661254815630163,16361.57815079802,2.2686337947845416
0.734075399009356,-0.1596395156851953,0.04043478260869565,0.7089350577875619,-0.19623830489818395,0.27095211887727033,1.529799119427628,0.006301596037424306,0.18661254815630163,16498.57815079802,2.272633743286132
0.704075399009356,-0.16963951568519525,0.05043478260869566,0.728935057787562,-0.20623830489818396,0.2509521188772703,1.529799119427628,0.006301596037424306,0.19661254815630158,16445.57815079802,2.2767333507537835
0.704075399009356,-0.13963951568519528,0.04043478260869565,0.718935057787562,-0.21623830489818396,0.2609521188772703,1.479799119427628,-0.0036984039625757026,0.1666125481563016,16160.57815079802,2.28011770248413
0.654075399009356,-0.1596395156851953,-0.009565217391304337,0.738935057787562,-0.21623830489818396,0.2409521188772703,1.4697991194276279,0.006301596037424306,0.18661254815630163,15927.57815079802,2.2811705589294426
0.644075399009356,-0.1496395156851953,0.01043478260869568,0.728935057787562,-0.21623830489818396,0.2509521188772703,1.509799119427628,-0.023698403962575665,0.1666125481563016,16356.57815079802,2.2841636657714837
0.6140753990093559,-0.17963951568519526,0.00043478260869567187,0.738935057787562,-0.19623830489818395,0.2409521188772703,1.4997991194276281,-0.033698403962575674,0.1666125481563016,16237.57815079802,2.2882201194763176
0.6040753990093559,-0.18963951568519527,0.01043478260869568,0.718935057787562,-0.20623830489818396,0.2409521188772703,1.459799119427628,-0.023698403962575665,0.19661254815630158,16268.57815079802,2.2927712917327874
0.5940753990093559,-0.19963951568519528,-0.049565217391304345,0.718935057787562,-0.18623830489818405,0.2309521188772703,1.439799119427628,-0.023698403962575665,0.2066125481563016,16045.57815079802,2.2927712917327874
0.5440753990093561,-0.16963951568519525,-0.019565217391304346,0.728935057787562,-0.21623830489818396,0.2409521188772703,1.4297991194276278,-0.033698403962575674,0.19661254815630158,15934.57815079802,2.296106052398681
0.5440753990093561,-0.1596395156851953,-0.029565217391304327,0.748935057787562,-0.20623830489818396,0.2209521188772703,1.4297991194276278,-0.04369840396257568,0.17661254815630162,15701.57815079802,2.2998957157135003
0.5140753990093561,-0.1596395156851953,-0.039565217391304336,0.728935057787562,-0.20623830489818396,0.19095211887727026,1.399799119427628,-0.033698403962575674,0.1666125481563016,15244.57815079802,2.304969978332519
0.474075399009356,-0.16963951568519525,-0.029565217391304327,0.758935057787562,-0.21623830489818396,0.17095211887727035,1.3897991194276278,-0.023698403962575665,0.1566125481563016,14951.57815079802,2.304969978332519
0.464075399009356,-0.1496395156851953,-0.039565217391304336,0.7089350577875619,-0.21623830489818396,0.17095211887727035,1.3497991194276278,-0.013698403962575711,0.1466125481563016,15078.57815079802,2.3079688072204583
0.474075399009356,-0.1596395156851953,-0.039565217391304336,0.6789350577875619,-0.19623830489818395,0.16095211887727034,1.3497991194276278,-0.013698403962575711,0.1466125481563016,15091.57815079802,2.313309860229488
0.49407539900935604,-0.17963951568519526,-0.049565217391304345,0.6989350577875619,-0.17623830489818404,0.14095211887727033,1.339799119427628,-0.0036984039625757026,0.1466125481563016,15288.57815079802,2.3175959110260003
0.474075399009356,-0.16963951568519525,-0.049565217391304345,0.6989350577875619,-0.18623830489818405,0.12095211887727031,1.299799119427628,-0.0036984039625757026,0.1666125481563016,14855.57815079802,2.3205945014953606
0.464075399009356,-0.16963951568519525,-0.049565217391304345,0.6689350577875619,-0.18623830489818405,0.16095211887727034,1.259799119427628,-0.023698403962575665,0.1566125481563016,14910.57815079802,2.3215949058532708
0.464075399009356,-0.22963951568519525,-0.039565217391304336,0.6789350577875619,-0.21623830489818396,0.13095211887727032,1.259799119427628,-0.033698403962575674,0.1466125481563016,15075.57815079802,2.3255955696105985
0.444075399009356,-0.22963951568519525,-0.039565217391304336,0.6389350577875619,-0.17623830489818404,0.14095211887727033,1.259799119427628,-0.0036984039625757026,0.18661254815630163,14882.57815079802,2.328984928131103
0.40407539900935596,-0.19963951568519528,-0.019565217391304346,0.6489350577875619,-0.15623830489818402,0.1109521188772703,1.259799119427628,-0.0036984039625757026,0.17661254815630162,14831.57815079802,2.3329839229583698
0.41407539900935597,-0.2096395156851953,-0.009565217391304337,0.6389350577875619,-0.15623830489818402,0.1109521188772703,1.2197991194276279,-0.0036984039625757026,0.18661254815630163,14554.57815079802,2.333180618286132
0.38407539900935606,-0.19963951568519528,-0.029565217391304327,0.5889350577875619,-0.17623830489818404,0.10095211887727029,1.169799119427628,-0.0036984039625757026,0.19661254815630158,14649.57815079802,2.3369872093200676
0.39407539900935595,-0.1496395156851953,0.00043478260869567187,0.6089350577875619,-0.18623830489818405,0.08095211887727027,1.149799119427628,-0.0036984039625757026,0.19661254815630158,14484.57815079802,2.341084194183349
0.37407539900935605,-0.1596395156851953,-0.029565217391304327,0.5989350577875618,-0.15623830489818402,0.08095211887727027,1.149799119427628,-0.0036984039625757026,0.18661254815630163,14575.57815079802,2.345237445831298
0.37407539900935605,-0.13963951568519528,0.00043478260869567187,0.5689350577875619,-0.20623830489818396,0.060952118877270256,1.1197991194276278,0.006301596037424306,0.2066125481563016,14850.57815079802,2.346270036697387
0.39407539900935595,-0.13963951568519528,0.02043478260869569,0.5789350577875619,-0.16623830489818403,0.08095211887727027,1.109799119427628,0.026301596037424324,0.18661254815630163,15021.57815079802,2.3493151187896757
0.344075399009356,-0.1496395156851953,0.02043478260869569,0.5489350577875619,-0.18623830489818405,0.060952118877270256,1.089799119427628,0.016301596037424315,0.2066125481563016,14342.57815079802,2.3543607711791985
0.334075399009356,-0.1596395156851953,0.02043478260869569,0.49893505778756186,-0.15623830489818402,0.09095211887727028,1.1197991194276278,0.026301596037424324,0.2066125481563016,14533.57815079802,2.3576619148254387
0.314075399009356,-0.17963951568519526,0.04043478260869565,0.5389350577875619,-0.146238304898184,0.08095211887727027,1.109799119427628,0.026301596037424324,0.19661254815630158,14522.57815079802,2.3576619148254387
0.294075399009356,-0.17963951568519526,0.04043478260869565,0.5589350577875619,-0.126238304898184,0.07095211887727026,1.089799119427628,0.016301596037424315,0.19661254815630158,13967.57815079802,2.361863565444942
0.26407539900935606,-0.1596395156851953,0.04043478260869565,0.5489350577875619,-0.136238304898184,0.060952118877270256,1.1197991194276278,0.016301596037424315,0.19661254815630158,14414.57815079802,2.365867090225219
0.294075399009356,-0.1596395156851953,0.030434782608695643,0.5489350577875619,-0.146238304898184,0.060952118877270256,1.089799119427628,0.006301596037424306,0.2066125481563016,14901.57815079802,2.369940471649169
0.294075399009356,-0.1596395156851953,0.02043478260869569,0.5189350577875619,-0.15623830489818402,0.07095211887727026,0.989799119427628,0.016301596037424315,0.2066125481563016,14472.57815079802,2.370970439910888
0.294075399009356,-0.1596395156851953,0.00043478260869567187,0.46893505778756195,-0.15623830489818402,0.060952118877270256,0.979799119427628,0.016301596037424315,0.18661254815630163,14609.57815079802,2.3738569736480706
0.26407539900935606,-0.18963951568519527,-0.019565217391304346,0.47893505778756185,-0.146238304898184,0.060952118877270256,0.969799119427628,0.03630159603742433,0.1666125481563016,14714.57815079802,2.378627729415893
0.26407539900935606,-0.1496395156851953,0.01043478260869568,0.4389350577875619,-0.15623830489818402,0.04095211887727035,0.959799119427628,0.046301596037424286,0.17661254815630162,13751.57815079802,2.382627201080318
0.22407539900935602,-0.18963951568519527,-0.019565217391304346,0.4189350577875619,-0.21623830489818396,0.04095211887727035,0.959799119427628,0.006301596037424306,0.1366125481563016,13500.57815079802,2.382627201080318
0.194075399009356,-0.2596395156851953,-0.019565217391304346,0.45893505778756194,-0.20623830489818396,0.04095211887727035,0.939799119427628,0.006301596037424306,0.1466125481563016,13477.57815079802,2.3866271495819085
0.16407539900935597,-0.2596395156851953,-0.019565217391304346,0.4289350577875619,-0.18623830489818405,0.05095211887727036,0.959799119427628,-0.0036984039625757026,0.1566125481563016,13486.57815079802,2.3901295185089104
0.14407539900935595,-0.28963951568519525,-0.049565217391304345,0.4189350577875619,-0.15623830489818402,0.07095211887727026,0.959799119427628,0.006301596037424306,0.1466125481563016,12995.57815079802,2.3951432228088407
0.17407539900935598,-0.2696395156851953,-0.019565217391304346,0.4089350577875619,-0.16623830489818403,0.060952118877270256,0.939799119427628,-0.013698403962575711,0.1366125481563016,12772.57815079802,2.3981503963470487
0.16407539900935597,-0.2796395156851953,-0.009565217391304337,0.4289350577875619,-0.15623830489818402,0.060952118877270256,0.959799119427628,-0.033698403962575674,0.1366125481563016,12539.57815079802,2.3991446018218987
0.14407539900935595,-0.2696395156851953,-0.039565217391304336,0.4289350577875619,-0.16623830489818403,0.07095211887727026,0.9297991194276279,-0.033698403962575674,0.1166125481563016,12690.57815079802,2.403161478042602
0.16407539900935597,-0.28963951568519525,-0.049565217391304345,0.44893505778756193,-0.15623830489818402,0.07095211887727026,0.9197991194276279,-0.023698403962575665,0.1366125481563016,12773.57815079802,2.406643342971801
0.16407539900935597,-0.2796395156851953,0.00043478260869567187,0.4289350577875619,-0.16623830489818403,0.07095211887727026,0.869799119427628,0.006301596037424306,0.1466125481563016,12804.57815079802,2.4107081413269036
0.09407539900935602,-0.24963951568519527,-0.009565217391304337,0.34893505778756184,-0.17623830489818404,0.08095211887727027,0.849799119427628,-0.0036984039625757026,0.1366125481563016,12291.57815079802,2.4114508152008085
0.074075399009356,-0.22963951568519525,-0.019565217391304346,0.37893505778756187,-0.15623830489818402,0.07095211887727026,0.829799119427628,-0.0036984039625757026,0.1466125481563016,11972.57815079802,2.415451002120971
0.10407539900935603,-0.2596395156851953,-0.039565217391304336,0.3189350577875619,-0.146238304898184,0.07095211887727026,0.819799119427628,-0.023698403962575665,0.1466125481563016,11999.57815079802,2.419450950622558
0.044075399009355976,-0.24963951568519527,-0.019565217391304346,0.2989350577875619,-0.146238304898184,0.08095211887727027,0.829799119427628,-0.04369840396257568,0.1366125481563016,11704.57815079802,2.423577737808227
0.08407539900935601,-0.2796395156851953,-0.029565217391304327,0.3089350577875619,-0.15623830489818402,0.07095211887727026,0.809799119427628,-0.04369840396257568,0.1566125481563016,11777.57815079802,2.423577737808227
0.054075399009355984,-0.28963951568519525,-0.029565217391304327,0.2989350577875619,-0.16623830489818403,0.07095211887727026,0.7797991194276279,-0.04369840396257568,0.1366125481563016,11934.57815079802,2.427566242218017
0.064075399009356,-0.2596395156851953,-0.049565217391304345,0.3089350577875619,-0.17623830489818404,0.07095211887727026,0.7897991194276279,-0.023698403962575665,0.1366125481563016,11807.57815079802,2.4313868999481194
0.064075399009356,-0.24963951568519527,-0.049565217391304345,0.2689350577875619,-0.15623830489818402,0.07095211887727026,0.7797991194276279,-0.04369840396257568,0.1266125481563016,11692.57815079802,2.435048055648803
0.074075399009356,-0.2796395156851953,-0.029565217391304327,0.2789350577875619,-0.16623830489818403,0.08095211887727027,0.729799119427628,-0.04369840396257568,0.1566125481563016,11703.57815079802,2.4361090183258085
0.074075399009356,-0.30963951568519527,-0.019565217391304346,0.21893505778756195,-0.18623830489818405,0.07095211887727026,0.739799119427628,-0.023698403962575665,0.1366125481563016,11482.57815079802,2.440571737289428
0.024075399009355958,-0.2696395156851953,-0.029565217391304327,0.24893505778756186,-0.17623830489818404,0.07095211887727026,0.719799119427628,-0.023698403962575665,0.1266125481563016,11773.57815079802,2.444600057601928
0.03407539900935597,-0.2696395156851953,-0.019565217391304346,0.2689350577875619,-0.16623830489818403,0.07095211887727026,0.729799119427628,-0.013698403962575711,0.1666125481563016,11944.57815079802,2.4485709190368645
0.024075399009355958,-0.2696395156851953,-0.029565217391304327,0.22893505778756185,-0.17623830489818404,0.08095211887727027,0.699799119427628,-0.023698403962575665,0.1666125481563016,11733.57815079802,2.4485709190368645
0.03407539900935597,-0.2796395156851953,-0.039565217391304336,0.21893505778756195,-0.16623830489818403,0.07095211887727026,0.699799119427628,-0.033698403962575674,0.1466125481563016,11970.57815079802,2.452571821212768
0.054075399009355984,-0.23963951568519526,-0.029565217391304327,0.18893505778756192,-0.15623830489818402,0.07095211887727026,0.6697991194276279,-0.013698403962575711,0.1366125481563016,12143.57815079802,2.4560753822326618
0.074075399009356,-0.2696395156851953,-0.039565217391304336,0.1689350577875619,-0.16623830489818403,0.07095211887727026,0.619799119427628,-0.023698403962575665,0.1466125481563016,11798.57815079802,2.460569095611568
0.064075399009356,-0.2596395156851953,-0.039565217391304336,0.12893505778756187,-0.17623830489818404,0.08095211887727027,0.619799119427628,-0.033698403962575674,0.1666125481563016,11567.57815079802,2.463894081115722
0.074075399009356,-0.24963951568519527,-0.049565217391304345,0.1589350577875619,-0.16623830489818403,0.09095211887727028,0.569799119427628,-0.0036984039625757026,0.1366125481563016,11758.57815079802,2.464591217041015
0.074075399009356,-0.24963951568519527,-0.039565217391304336,0.13893505778756188,-0.146238304898184,0.09095211887727028,0.5197991194276279,-0.013698403962575711,0.1366125481563016,12125.57815079802,2.468617153167724
0.074075399009356,-0.22963951568519525,-0.039565217391304336,0.13893505778756188,-0.15623830489818402,0.10095211887727029,0.5397991194276279,-0.023698403962575665,0.1466125481563016,12240.57815079802,2.4735886573791497
0.054075399009355984,-0.2196395156851953,-0.039565217391304336,0.1089350577875619,-0.15623830489818402,0.10095211887727029,0.569799119427628,-0.033698403962575674,0.1366125481563016,12231.57815079802,2.4766966819763176
0.054075399009355984,-0.2196395156851953,-0.059565217391304326,0.11893505778756192,-0.126238304898184,0.12095211887727031,0.569799119427628,-0.013698403962575711,0.1266125481563016,12408.57815079802,2.4777714729309075
0.074075399009356,-0.24963951568519527,-0.039565217391304336,0.018935057787561882,-0.11623830489818399,0.1109521188772703,0.5497991194276279,-0.0036984039625757026,0.1366125481563016,12991.57815079802,2.4813346385955803
0.03407539900935597,-0.22963951568519525,-0.049565217391304345,0.06893505778756187,-0.136238304898184,0.1109521188772703,0.5197991194276279,-0.033698403962575674,0.1366125481563016,12898.57815079802,2.4856111526489286
-0.005924600990643958,-0.2196395156851953,-0.039565217391304336,0.04893505778756191,-0.15623830489818402,0.1109521188772703,0.5197991194276279,-0.0036984039625757026,0.1266125481563016,12767.57815079802,2.488530826568603
0.064075399009356,-0.19963951568519528,-0.06956521739130433,0.02893505778756189,-0.11623830489818399,0.12095211887727031,0.509799119427628,0.006301596037424306,0.1166125481563016,12798.57815079802,2.488530826568603
0.024075399009355958,-0.18963951568519527,-0.09956521739130433,0.02893505778756189,-0.11623830489818399,0.1109521188772703,0.489799119427628,0.006301596037424306,0.1366125481563016,12673.57815079802,2.49306149482727
0.024075399009355958,-0.19963951568519528,-0.059565217391304326,0.018935057787561882,-0.10623830489818398,0.1109521188772703,0.469799119427628,0.016301596037424315,0.1166125481563016,12488.57815079802,2.4971472740173297
0.08407539900935601,-0.19963951568519528,-0.049565217391304345,0.018935057787561882,-0.09623830489818397,0.12095211887727031,0.44979911942762796,-0.013698403962575711,0.1266125481563016,13029.57815079802,2.5013193607330315
0.03407539900935597,-0.17963951568519526,-0.09956521739130433,-0.01106494221243809,-0.09623830489818397,0.10095211887727029,0.489799119427628,0.006301596037424306,0.1366125481563016,13416.57815079802,2.5020701408386223
0.03407539900935597,-0.19963951568519528,-0.09956521739130433,0.05893505778756192,-0.07623830489818395,0.1109521188772703,0.499799119427628,0.016301596037424315,0.1266125481563016,13167.57815079802,2.505454015731811
0.024075399009355958,-0.2096395156851953,-0.09956521739130433,0.02893505778756189,-0.08623830489818396,0.12095211887727031,0.5197991194276279,0.006301596037424306,0.1266125481563016,12880.57815079802,2.5095521926879876
0.054075399009355984,-0.18963951568519527,-0.11956521739130432,0.02893505778756189,-0.08623830489818396,0.10095211887727029,0.509799119427628,0.016301596037424315,0.1166125481563016,12863.57815079802,2.513161134719848
0.01407539900935606,-0.19963951568519528,-0.10956521739130434,-0.01106494221243809,-0.08623830489818396,0.12095211887727031,0.509799119427628,0.026301596037424324,0.1366125481563016,12634.57815079802,2.5142895698547356
-0.015924600990643967,-0.2096395156851953,-0.09956521739130433,0.018935057787561882,-0.09623830489818397,0.1109521188772703,0.5297991194276279,0.016301596037424315,0.1466125481563016,12531.57815079802,2.518597793579101
0.044075399009355976,-0.18963951568519527,-0.09956521739130433,0.008935057787561873,-0.08623830489818396,0.12095211887727031,0.489799119427628,0.026301596037424324,0.1466125481563016,12642.57815079802,2.522659969329837
0.024075399009355958,-0.18963951568519527,-0.08956521739130432,-0.01106494221243809,-0.08623830489818396,0.1109521188772703,0.489799119427628,0.026301596037424324,0.1466125481563016,13381.57815079802,2.526096534729003
-0.015924600990643967,-0.17963951568519526,-0.09956521739130433,-0.0010649422124380803,-0.07623830489818395,0.1109521188772703,0.489799119427628,0.026301596037424324,0.1466125481563016,13392.57815079802,2.526096534729003
-0.015924600990643967,-0.18963951568519527,-0.09956521739130433,0.0389350577875619,-0.08623830489818396,0.1109521188772703,0.469799119427628,0.03630159603742433,0.1466125481563016,13633.57815079802,2.53009386062622
-0.005924600990643958,-0.16963951568519525,-0.11956521739130432,-0.0010649422124380803,-0.07623830489818395,0.1109521188772703,0.499799119427628,0.03630159603742433,0.1366125481563016,13788.57815079802,2.5341307640075676
0.03407539900935597,-0.16963951568519525,-0.10956521739130434,0.018935057787561882,-0.08623830489818396,0.1109521188772703,0.489799119427628,0.03630159603742433,0.1366125481563016,13861.57815079802,2.53817434310913
0.054075399009355984,-0.17963951568519526,-0.10956521739130434,0.008935057787561873,-0.07623830489818395,0.1109521188772703,0.499799119427628,0.046301596037424286,0.1466125481563016,14316.57815079802,2.5419358730316155
0.024075399009355958,-0.17963951568519526,-0.09956521739130433,-0.01106494221243809,-0.06623830489818394,0.1109521188772703,0.499799119427628,0.056301596037424295,0.1366125481563016,14489.57815079802,2.54266972541809
0.054075399009355984,-0.16963951568519525,-0.09956521739130433,0.02893505778756189,-0.06623830489818394,0.12095211887727031,0.489799119427628,0.046301596037424286,0.1266125481563016,14100.57815079802,2.545897436141967
0.054075399009355984,-0.16963951568519525,-0.09956521739130433,0.05893505778756192,-0.07623830489818395,0.1109521188772703,0.509799119427628,0.0663015960374243,0.1366125481563016,13843.57815079802,2.550775241851806
0.01407539900935606,-0.1496395156851953,-0.09956521739130433,0.04893505778756191,-0.06623830489818394,0.12095211887727031,0.45979911942762797,0.056301596037424295,0.1266125481563016,14184.57815079802,2.554096889495849
0.064075399009356,-0.18963951568519527,-0.09956521739130433,0.02893505778756189,-0.046238304898184035,0.13095211887727032,0.45979911942762797,0.0663015960374243,0.1366125481563016,13645.57815079802,2.554812860488891
0.044075399009355976,-0.19963951568519528,-0.09956521739130433,-0.0010649422124380803,-0.056238304898184044,0.12095211887727031,0.43979911942762795,0.056301596037424295,0.1166125481563016,13876.57815079802,2.559526872634887
0.004075399009356051,-0.18963951568519527,-0.11956521739130432,0.04893505778756191,-0.06623830489818394,0.12095211887727031,0.43979911942762795,0.0663015960374243,0.1266125481563016,13873.57815079802,2.563524675369262
0.004075399009356051,-0.18963951568519527,-0.10956521739130434,0.0389350577875619,-0.056238304898184044,0.13095211887727032,0.36979911942762794,0.07630159603742431,0.1166125481563016,14004.57815079802,2.566489648818969
-0.005924600990643958,-0.19963951568519528,-0.09956521739130433,0.04893505778756191,-0.056238304898184044,0.13095211887727032,0.43979911942762795,0.056301596037424295,0.1166125481563016,14211.57815079802,2.566489648818969
0.004075399009356051,-0.17963951568519526,-0.08956521739130432,0.0389350577875619,-0.06623830489818394,0.14095211887727033,0.45979911942762797,0.0663015960374243,0.1366125481563016,14040.57815079802,2.571816396713256
0.024075399009355958,-0.19963951568519528,-0.08956521739130432,0.08893505778756189,-0.056238304898184044,0.13095211887727032,0.469799119427628,0.08630159603742432,0.1266125481563016,14029.57815079802,2.5749818801879876
0.044075399009355976,-0.19963951568519528,-0.10956521739130434,0.0989350577875619,-0.046238304898184035,0.14095211887727033,0.44979911942762796,0.056301596037424295,0.1266125481563016,13720.57815079802,2.5792190551757805
0.01407539900935606,-0.18963951568519527,-0.08956521739130432,0.1089350577875619,-0.046238304898184035,0.13095211887727032,0.45979911942762797,0.056301596037424295,0.1566125481563016,13693.57815079802,2.5792190551757805
-0.035924600990643984,-0.18963951568519527,-0.07956521739130434,0.05893505778756192,-0.046238304898184035,0.14095211887727033,0.45979911942762797,0.0663015960374243,0.1566125481563016,13952.57815079802,2.583217573165893
-0.005924600990643958,-0.19963951568519528,-0.08956521739130432,0.0989350577875619,-0.046238304898184035,0.14095211887727033,0.489799119427628,0.08630159603742432,0.1666125481563016,14073.57815079802,2.5873713016510003
0.044075399009355976,-0.17963951568519526,-0.059565217391304326,0.08893505778756189,-0.036238304898184026,0.12095211887727031,0.479799119427628,0.09630159603742433,0.18661254815630163,14316.57815079802,2.5915104866027825
0.054075399009355984,-0.1596395156851953,-0.06956521739130433,0.07893505778756188,-0.036238304898184026,0.13095211887727032,0.42979911942762794,0.10630159603742434,0.19661254815630158,14381.57815079802,2.5915104866027825
0.024075399009355958,-0.1596395156851953,-0.06956521739130433,0.07893505778756188,-0.036238304898184026,0.1109521188772703,0.409799119427628,0.11630159603742435,0.18661254815630163,14608.57815079802,2.5955104351043694
0.01407539900935606,-0.1596395156851953,-0.059565217391304326,0.02893505778756189,-0.036238304898184026,0.1109521188772703,0.39979911942762797,0.10630159603742434,0.1666125481563016,15207.57815079802,2.59951038360596
