0.82,0.92,0.41,0.64,1.09,0.98,0.09,0.47,0.11,22068,0.0009829998016357422
0.82,0.92,0.4,0.64,1.09,0.97,0.09,0.47,0.11,22049,0.0009829998016357422
0.82,0.93,0.41,0.64,1.09,0.98,0.09,0.47,0.11,21660,0.0009829998016357422
0.83,0.93,0.4,0.65,1.09,0.97,0.09,0.47,0.11,22089,0.0019991397857666016
0.82,0.92,0.4,0.64,1.09,0.97,0.09,0.47,0.11,22114,0.0019991397857666016
0.83,0.92,0.41,0.64,1.09,0.97,0.09,0.47,0.11,21669,0.0019991397857666016
0.82,0.92,0.4,0.64,1.09,0.97,0.09,0.47,0.11,22018,0.002999544143676758
0.82,0.92,0.4,0.64,1.09,0.97,0.09,0.47,0.11,22187,0.002999544143676758
0.82,0.92,0.4,0.64,1.09,0.98,0.09,0.47,0.11,22104,0.002999544143676758
0.83,0.92,0.4,0.64,1.09,0.97,0.08,0.47,0.11,21975,0.003999471664428711
0.82,0.93,0.4,0.64,1.09,0.97,0.09,0.47,0.12,21950,0.003999471664428711
0.82,0.92,0.4,0.64,1.09,0.97,0.09,0.47,0.11,22169,0.0049991607666015625
0.82,0.92,0.4,0.64,1.1,0.97,0.09,0.47,0.11,22000,0.0049991607666015625
0.82,0.92,0.4,0.64,1.09,0.97,0.08,0.47,0.11,22183,0.0049991607666015625
0.82,0.93,0.4,0.64,1.09,0.98,0.09,0.47,0.12,22470,0.005999326705932617
0.82,0.92,0.41,0.64,1.09,0.97,0.09,0.47,0.12,22055,0.005999326705932617
0.82,0.93,0.4,0.64,1.09,0.97,0.09,0.47,0.12,21822,0.005999326705932617
0.82,0.92,0.41,0.64,1.09,0.98,0.09,0.47,0.12,21721,0.00699925422668457
0.82,0.93,0.4,0.65,1.09,0.97,0.09,0.47,0.11,21706,0.00699925422668457
0.82,0.93,0.4,0.64,1.09,0.98,0.09,0.47,0.12,21847,0.00699925422668457
0.82,0.92,0.41,0.64,1.09,0.98,0.09,0.48,0.11,22316,0.007982730865478516
0.83,0.92,0.4,0.64,1.1,0.97,0.09,0.47,0.11,21991,0.007982730865478516
0.83,0.92,0.4,0.64,1.09,0.97,0.09,0.47,0.11,21832,0.007982730865478516
0.83,0.92,0.4,0.64,1.1,0.97,0.09,0.47,0.11,22203,0.008999109268188477
0.83,0.93,0.4,0.64,1.09,0.97,0.09,0.47,0.11,21690,0.008999109268188477
0.83,0.92,0.4,0.64,1.1,0.98,0.09,0.47,0.11,21827,0.009999275207519531
0.83,0.92,0.4,0.64,1.1,0.98,0.09,0.46,0.11,22078,0.010198831558227539
0.83,0.92,0.4,0.64,1.1,0.98,0.09,0.47,0.11,22349,0.010198831558227539
0.83,0.92,0.4,0.64,1.1,0.98,0.09,0.47,0.11,22256,0.010198831558227539
0.83,0.92,0.4,0.64,1.09,0.98,0.09,0.47,0.12,22397,0.011211633682250977
0.83,0.92,0.41,0.64,1.09,0.97,0.09,0.47,0.11,22196,0.011211633682250977
0.83,0.92,0.4,0.64,1.1,0.97,0.09,0.47,0.11,21975,0.011211633682250977
0.83,0.92,0.4,0.64,1.1,0.98,0.09,0.47,0.11,22000,0.01222848892211914
0.82,0.92,0.4,0.63,1.1,0.97,0.08,0.47,0.11,22253,0.01222848892211914
0.83,0.92,0.4,0.64,1.1,0.97,0.09,0.47,0.11,21938,0.013228416442871094
0.82,0.92,0.4,0.65,1.1,0.97,0.09,0.47,0.11,21655,0.013228416442871094
0.82,0.92,0.4,0.64,1.1,0.98,0.09,0.47,0.11,21746,0.013228416442871094
0.83,0.92,0.4,0.64,1.1,0.98,0.09,0.47,0.11,22071,0.014228582382202148
0.83,0.92,0.4,0.64,1.1,0.97,0.09,0.47,0.12,21610,0.014228582382202148
0.82,0.92,0.4,0.64,1.1,0.97,0.09,0.47,0.11,21839,0.014228582382202148
0.82,0.92,0.4,0.64,1.1,0.98,0.09,0.47,0.12,22286,0.015420675277709961
0.82,0.92,0.4,0.64,1.1,0.98,0.08,0.47,0.11,21939,0.015420675277709961
0.82,0.93,0.4,0.64,1.1,0.97,0.09,0.47,0.11,22210,0.015420675277709961
0.82,0.93,0.4,0.64,1.1,0.97,0.09,0.47,0.11,22383,0.016433000564575195
0.82,0.92,0.4,0.64,1.1,0.97,0.09,0.47,0.11,22150,0.016433000564575195
0.82,0.92,0.4,0.64,1.1,0.97,0.09,0.47,0.12,22221,0.016433000564575195
0.82,0.92,0.4,0.64,1.1,0.97,0.08,0.47,0.11,22228,0.01744985580444336
0.83,0.92,0.4,0.63,1.1,0.97,0.09,0.47,0.11,22259,0.01744985580444336
0.82,0.92,0.4,0.64,1.1,0.98,0.09,0.47,0.11,22264,0.01744985580444336
0.82,0.92,0.4,0.64,1.1,0.98,0.08,0.47,0.11,22053,0.018450021743774414
0.83,0.92,0.4,0.64,1.1,0.97,0.08,0.47,0.11,22120,0.018450021743774414
0.83,0.92,0.4,0.64,1.1,0.98,0.09,0.47,0.11,21629,0.018450021743774414
0.83,0.92,0.4,0.63,1.1,0.98,0.09,0.47,0.11,21668,0.019449949264526367
0.83,0.92,0.4,0.64,1.1,0.98,0.09,0.47,0.11,22047,0.019449949264526367
0.83,0.92,0.4,0.64,1.1,0.97,0.09,0.47,0.11,21820,0.02044987678527832
0.83,0.92,0.4,0.64,1.1,0.97,0.09,0.47,0.11,22131,0.020569801330566406
0.83,0.92,0.41,0.64,1.1,0.97,0.09,0.47,0.11,22086,0.020569801330566406
0.83,0.92,0.4,0.64,1.1,0.98,0.09,0.47,0.11,21751,0.020569801330566406
0.83,0.92,0.4,0.64,1.1,0.98,0.09,0.47,0.11,21882,0.021640777587890625
0.83,0.92,0.4,0.64,1.1,0.98,0.09,0.47,0.11,21559,0.021640777587890625
0.83,0.92,0.4,0.64,1.1,0.98,0.08,0.47,0.11,21790,0.02264118194580078
0.83,0.92,0.4,0.64,1.1,0.98,0.09,0.47,0.11,22295,0.02264118194580078
0.83,0.93,0.4,0.64,1.1,0.98,0.09,0.47,0.12,22160,0.02264118194580078
0.83,0.93,0.4,0.64,1.1,0.97,0.09,0.47,0.11,21989,0.023640871047973633
0.83,0.92,0.4,0.64,1.1,0.97,0.08,0.47,0.11,21890,0.023640871047973633
0.83,0.92,0.4,0.64,1.1,0.97,0.09,0.47,0.11,21531,0.023640871047973633
0.83,0.92,0.4,0.64,1.1,0.97,0.09,0.47,0.12,21760,0.02464151382446289
0.83,0.92,0.4,0.64,1.1,0.97,0.09,0.47,0.11,21759,0.02464151382446289
0.83,0.93,0.4,0.64,1.1,0.98,0.09,0.47,0.11,21616,0.02464151382446289
0.83,0.92,0.41,0.64,1.1,0.98,0.08,0.46,0.11,21295,0.025641202926635742
0.83,0.93,0.41,0.64,1.1,0.98,0.08,0.47,0.11,21460,0.025641202926635742
0.83,0.92,0.41,0.64,1.1,0.97,0.08,0.47,0.11,22233,0.025641202926635742
0.83,0.92,0.41,0.64,1.1,0.97,0.09,0.47,0.11,22454,0.026641130447387695
0.83,0.92,0.4,0.64,1.1,0.97,0.09,0.47,0.11,22103,0.026641130447387695
0.83,0.92,0.4,0.65,1.1,0.97,0.08,0.47,0.11,22252,0.02764105796813965
0.83,0.92,0.4,0.65,1.1,0.98,0.09,0.47,0.11,22007,0.02764105796813965
0.83,0.92,0.4,0.64,1.1,0.97,0.09,0.47,0.11,21948,0.02764105796813965
0.83,0.92,0.4,0.64,1.11,0.97,0.09,0.47,0.11,22301,0.028641223907470703
0.83,0.92,0.41,0.64,1.1,0.97,0.09,0.47,0.11,22106,0.028641223907470703
0.83,0.92,0.4,0.64,1.1,0.97,0.09,0.47,0.11,22107,0.028641223907470703
0.83,0.92,0.41,0.64,1.1,0.97,0.09,0.47,0.11,22066,0.029641151428222656
0.83,0.92,0.41,0.64,1.1,0.97,0.09,0.47,0.12,22049,0.029641151428222656
0.83,0.92,0.41,0.64,1.1,0.97,0.08,0.47,0.12,21626,0.029641151428222656
0.83,0.92,0.41,0.65,1.1,0.97,0.09,0.47,0.11,21835,0.03064107894897461
0.83,0.92,0.41,0.64,1.11,0.97,0.08,0.47,0.12,21938,0.03064107894897461
0.83,0.92,0.41,0.64,1.11,0.97,0.09,0.47,0.12,22007,0.031641244888305664
0.83,0.92,0.4,0.64,1.1,0.97,0.09,0.47,0.11,22090,0.031833648681640625
0.83,0.92,0.41,0.64,1.1,0.97,0.08,0.47,0.12,21985,0.031833648681640625
0.83,0.92,0.41,0.64,1.1,0.97,0.09,0.47,0.12,21896,0.031833648681640625
0.83,0.93,0.4,0.64,1.1,0.97,0.09,0.47,0.11,22183,0.03284621238708496
0.83,0.92,0.41,0.65,1.1,0.98,0.09,0.47,0.12,22126,0.03284621238708496
0.83,0.93,0.41,0.65,1.1,0.98,0.09,0.47,0.12,21799,0.03386282920837402
0.83,0.93,0.41,0.64,1.1,0.97,0.09,0.47,0.11,21658,0.03386282920837402
0.83,0.92,0.41,0.64,1.1,0.97,0.09,0.47,0.12,21919,0.03386282920837402
0.83,0.92,0.41,0.65,1.1,0.98,0.09,0.47,0.12,22138,0.03486299514770508
0.83,0.92,0.41,0.64,1.11,0.97,0.09,0.47,0.12,22243,0.03486299514770508
0.83,0.92,0.41,0.64,1.11,0.97,0.09,0.47,0.12,21990,0.03486299514770508
0.83,0.92,0.41,0.64,1.11,0.97,0.08,0.47,0.12,21791,0.03586316108703613
0.83,0.92,0.41,0.64,1.1,0.98,0.08,0.47,0.12,22010,0.03586316108703613
0.83,0.92,0.41,0.64,1.1,0.97,0.09,0.47,0.11,22493,0.03586316108703613
0.83,0.92,0.41,0.64,1.1,0.97,0.09,0.47,0.11,22304,0.03706002235412598
0.83,0.92,0.41,0.64,1.11,0.98,0.08,0.47,0.12,21965,0.03706002235412598
0.83,0.92,0.41,0.64,1.1,0.97,0.09,0.47,0.12,22450,0.03706002235412598
0.83,0.92,0.41,0.64,1.11,0.97,0.09,0.47,0.11,22139,0.03807234764099121
0.83,0.92,0.41,0.64,1.11,0.97,0.09,0.47,0.11,21706,0.03807234764099121
0.83,0.92,0.41,0.64,1.11,0.98,0.09,0.47,0.11,21891,0.03807234764099121
0.83,0.92,0.41,0.64,1.11,0.97,0.09,0.47,0.11,22084,0.03910994529724121
0.83,0.92,0.4,0.64,1.11,0.98,0.08,0.47,0.11,21805,0.03910994529724121
0.83,0.92,0.4,0.64,1.1,0.98,0.09,0.47,0.12,21908,0.03910994529724121
0.83,0.92,0.4,0.64,1.11,0.97,0.09,0.47,0.12,22555,0.040110111236572266
0.83,0.92,0.41,0.65,1.11,0.97,0.09,0.47,0.12,22140,0.040110111236572266
0.83,0.92,0.41,0.64,1.11,0.97,0.09,0.47,0.11,22079,0.040110111236572266
0.83,0.93,0.41,0.64,1.1,0.97,0.09,0.47,0.12,22296,0.04111003875732422
0.83,0.93,0.41,0.64,1.11,0.97,0.09,0.47,0.12,21901,0.04111003875732422
0.83,0.93,0.41,0.64,1.11,0.97,0.09,0.47,0.12,21906,0.042110443115234375
0.83,0.93,0.41,0.64,1.1,0.97,0.08,0.47,0.11,22151,0.04245471954345703
0.83,0.93,0.41,0.64,1.1,0.97,0.09,0.47,0.11,22124,0.04245471954345703
0.83,0.92,0.41,0.64,1.1,0.97,0.09,0.47,0.12,22345,0.04245471954345703
0.83,0.92,0.41,0.64,1.1,0.97,0.09,0.47,0.11,22354,0.043467044830322266
0.83,0.92,0.41,0.64,1.1,0.97,0.09,0.47,0.11,22227,0.043467044830322266
0.83,0.92,0.4,0.64,1.1,0.97,0.09,0.47,0.12,21832,0.043467044830322266
0.83,0.92,0.4,0.64,1.1,0.98,0.08,0.47,0.12,21769,0.04448390007019043
0.83,0.92,0.41,0.64,1.1,0.97,0.09,0.47,0.11,21754,0.04448390007019043
0.83,0.92,0.41,0.64,1.1,0.97,0.09,0.47,0.12,21743,0.04448390007019043
0.84,0.92,0.41,0.64,1.1,0.97,0.08,0.47,0.12,21626,0.045484066009521484
0.83,0.92,0.41,0.64,1.11,0.97,0.09,0.47,0.11,22029,0.045484066009521484
0.83,0.92,0.41,0.63,1.11,0.97,0.07,0.47,0.12,21692,0.04648447036743164
0.83,0.92,0.41,0.64,1.1,0.97,0.09,0.47,0.11,21955,0.04648447036743164
0.83,0.92,0.4,0.64,1.1,0.97,0.09,0.47,0.12,21930,0.04648447036743164
0.83,0.92,0.41,0.64,1.1,0.97,0.09,0.47,0.11,22215,0.04748415946960449
0.83,0.91,0.41,0.64,1.1,0.97,0.09,0.47,0.11,22548,0.04748415946960449
0.83,0.92,0.41,0.64,1.11,0.97,0.09,0.47,0.12,21883,0.04748415946960449
0.83,0.92,0.4,0.64,1.11,0.97,0.09,0.47,0.11,21710,0.04848432540893555
0.83,0.92,0.41,0.64,1.11,0.97,0.09,0.47,0.12,21871,0.04848432540893555
0.83,0.92,0.41,0.64,1.11,0.97,0.09,0.47,0.12,22222,0.04848432540893555
0.83,0.92,0.41,0.64,1.11,0.97,0.09,0.47,0.11,21937,0.0494842529296875
0.83,0.92,0.41,0.64,1.11,0.97,0.08,0.47,0.11,21784,0.0494842529296875
0.83,0.92,0.41,0.64,1.11,0.97,0.09,0.47,0.12,21739,0.0494842529296875
0.83,0.92,0.41,0.64,1.11,0.98,0.09,0.47,0.11,21516,0.05048418045043945
0.83,0.92,0.41,0.64,1.11,0.97,0.09,0.47,0.11,21323,0.05048418045043945
0.83,0.92,0.41,0.64,1.1,0.98,0.09,0.47,0.11,21870,0.05148434638977051
0.83,0.92,0.41,0.64,1.11,0.98,0.09,0.47,0.12,21907,0.05148434638977051
0.83,0.93,0.41,0.64,1.1,0.98,0.09,0.47,0.11,21956,0.05148434638977051
0.83,0.93,0.41,0.64,1.11,0.98,0.08,0.47,0.11,22345,0.05248427391052246
0.83,0.92,0.41,0.64,1.11,0.98,0.09,0.47,0.11,22566,0.05248427391052246
0.83,0.93,0.4,0.64,1.11,0.98,0.09,0.47,0.11,22611,0.05248427391052246
0.83,0.92,0.41,0.64,1.11,0.98,0.08,0.47,0.11,22012,0.05248427391052246
0.83,0.93,0.41,0.64,1.11,0.98,0.09,0.47,0.11,21761,0.05248427391052246
0.83,0.92,0.4,0.64,1.11,0.98,0.09,0.47,0.12,21692,0.054140329360961914
0.83,0.93,0.41,0.64,1.1,0.97,0.09,0.47,0.11,22183,0.05515456199645996
0.83,0.93,0.41,0.65,1.1,0.97,0.09,0.47,0.12,22182,0.05515456199645996
0.83,0.92,0.41,0.65,1.11,0.97,0.09,0.47,0.12,21953,0.05515456199645996
0.83,0.93,0.41,0.64,1.11,0.97,0.09,0.47,0.11,22356,0.05615115165710449
0.83,0.92,0.41,0.64,1.11,0.97,0.08,0.47,0.12,22427,0.05615115165710449
0.84,0.93,0.41,0.65,1.1,0.97,0.09,0.46,0.11,22344,0.05615115165710449
0.83,0.93,0.41,0.65,1.1,0.97,0.08,0.47,0.11,22205,0.057151079177856445
0.83,0.93,0.41,0.65,1.1,0.97,0.09,0.47,0.11,22028,0.057151079177856445
0.83,0.92,0.41,0.64,1.1,0.97,0.09,0.47,0.11,21985,0.0581507682800293
0.84,0.92,0.4,0.64,1.1,0.98,0.09,0.47,0.12,22344,0.0581507682800293
0.83,0.93,0.41,0.64,1.1,0.97,0.09,0.47,0.11,22111,0.0581507682800293
0.83,0.92,0.41,0.65,1.11,0.97,0.09,0.47,0.12,22072,0.05915117263793945
0.83,0.93,0.4,0.64,1.1,0.98,0.09,0.47,0.11,21871,0.05915117263793945
0.83,0.93,0.4,0.64,1.11,0.97,0.09,0.47,0.11,22290,0.05915117263793945
0.84,0.93,0.41,0.64,1.1,0.97,0.09,0.47,0.12,22535,0.060150861740112305
0.84,0.93,0.41,0.64,1.1,0.97,0.09,0.47,0.12,22034,0.060150861740112305
0.84,0.93,0.4,0.65,1.11,0.97,0.09,0.47,0.11,21997,0.060150861740112305
0.84,0.93,0.4,0.64,1.1,0.97,0.09,0.47,0.11,22022,0.06115078926086426
0.83,0.93,0.4,0.64,1.1,0.97,0.08,0.46,0.12,21643,0.06115078926086426
0.83,0.93,0.41,0.64,1.11,0.97,0.08,0.47,0.12,21450,0.06215071678161621
0.84,0.93,0.41,0.64,1.11,0.97,0.09,0.47,0.11,21807,0.06215071678161621
0.84,0.93,0.4,0.64,1.1,0.97,0.09,0.47,0.11,21968,0.06215071678161621
0.84,0.93,0.41,0.64,1.1,0.97,0.09,0.47,0.11,22243,0.06315088272094727
0.83,0.93,0.4,0.64,1.1,0.97,0.09,0.47,0.12,21994,0.06315088272094727
0.84,0.92,0.41,0.64,1.11,0.97,0.09,0.47,0.12,21957,0.06315088272094727
0.84,0.93,0.4,0.64,1.1,0.97,0.09,0.47,0.12,22268,0.06415081024169922
0.84,0.92,0.41,0.64,1.1,0.97,0.08,0.47,0.12,22081,0.06415081024169922
0.83,0.93,0.4,0.64,1.1,0.98,0.09,0.47,0.11,21844,0.06415081024169922
0.84,0.92,0.4,0.65,1.11,0.98,0.09,0.47,0.11,21861,0.06515097618103027
0.84,0.92,0.4,0.64,1.11,0.97,0.09,0.47,0.12,22138,0.06515097618103027
0.84,0.93,0.4,0.65,1.11,0.97,0.09,0.47,0.11,22461,0.06515097618103027
0.84,0.92,0.41,0.64,1.11,0.97,0.09,0.47,0.11,21866,0.06615114212036133
0.84,0.93,0.4,0.64,1.1,0.97,0.08,0.47,0.12,21823,0.06615114212036133
0.84,0.93,0.4,0.65,1.1,0.97,0.09,0.47,0.12,22138,0.06715083122253418
0.84,0.92,0.41,0.64,1.1,0.97,0.08,0.47,0.11,22575,0.06715083122253418
0.83,0.93,0.4,0.65,1.1,0.97,0.09,0.47,0.12,22430,0.06715083122253418
0.84,0.93,0.41,0.65,1.1,0.97,0.09,0.47,0.12,22495,0.06815099716186523
0.84,0.93,0.41,0.65,1.1,0.97,0.09,0.47,0.11,22294,0.06815099716186523
0.84,0.92,0.4,0.65,1.1,0.98,0.09,0.47,0.12,21949,0.06815099716186523
0.83,0.92,0.4,0.64,1.11,0.98,0.09,0.47,0.11,21786,0.06940293312072754
0.84,0.92,0.4,0.65,1.1,0.98,0.09,0.47,0.11,21819,0.06940293312072754
0.84,0.92,0.4,0.64,1.1,0.98,0.09,0.47,0.12,21556,0.07041645050048828
0.84,0.93,0.4,0.65,1.1,0.98,0.09,0.47,0.12,21577,0.07041645050048828
0.84,0.93,0.4,0.64,1.1,0.97,0.08,0.47,0.12,21852,0.07143306732177734
0.84,0.93,0.4,0.65,1.1,0.97,0.08,0.48,0.12,21637,0.07143306732177734
0.84,0.93,0.41,0.64,1.1,0.98,0.09,0.48,0.12,21800,0.07143306732177734
0.83,0.93,0.4,0.65,1.1,0.98,0.08,0.47,0.12,21883,0.0724332332611084
0.84,0.93,0.4,0.65,1.1,0.98,0.08,0.47,0.12,21670,0.0724332332611084
0.84,0.92,0.4,0.64,1.1,0.98,0.08,0.47,0.11,21737,0.07343316078186035
0.84,0.93,0.4,0.64,1.1,0.97,0.09,0.47,0.11,21732,0.07343316078186035
0.84,0.93,0.4,0.65,1.1,0.98,0.08,0.47,0.11,21855,0.07343316078186035
0.84,0.93,0.4,0.64,1.1,0.98,0.09,0.47,0.12,22032,0.07446861267089844
0.84,0.93,0.4,0.64,1.1,0.98,0.09,0.47,0.12,22185,0.07473897933959961
0.83,0.93,0.4,0.65,1.1,0.98,0.09,0.47,0.12,22180,0.07473897933959961
0.84,0.93,0.4,0.64,1.1,0.98,0.09,0.47,0.12,22011,0.07473897933959961
0.83,0.93,0.4,0.64,1.1,0.98,0.09,0.47,0.12,21820,0.07576823234558105
0.83,0.93,0.4,0.64,1.09,0.98,0.09,0.47,0.12,21695,0.07576823234558105
0.83,0.93,0.4,0.64,1.1,0.98,0.09,0.48,0.12,22002,0.07576823234558105
0.83,0.93,0.4,0.64,1.1,0.97,0.09,0.47,0.12,22073,0.0767514705657959
0.83,0.93,0.4,0.65,1.1,0.98,0.09,0.48,0.12,22044,0.0767514705657959
0.83,0.93,0.4,0.64,1.1,0.98,0.09,0.47,0.12,21829,0.07776808738708496
0.83,0.93,0.41,0.66,1.1,0.98,0.09,0.47,0.11,21882,0.07776808738708496
0.83,0.93,0.41,0.64,1.1,0.98,0.09,0.47,0.12,22477,0.07776808738708496
0.83,0.93,0.4,0.65,1.1,0.98,0.09,0.47,0.12,22512,0.07876825332641602
0.83,0.93,0.41,0.65,1.1,0.98,0.09,0.48,0.12,22041,0.07876825332641602
0.83,0.92,0.41,0.65,1.1,0.98,0.09,0.47,0.12,21798,0.07876825332641602
0.83,0.92,0.41,0.65,1.1,0.98,0.09,0.47,0.12,21819,0.07988858222961426
0.83,0.93,0.41,0.65,1.1,0.97,0.09,0.47,0.12,21788,0.0799560546875
0.83,0.93,0.4,0.65,1.1,0.98,0.09,0.47,0.12,21873,0.0799560546875
0.83,0.93,0.41,0.65,1.1,0.98,0.08,0.47,0.11,21744,0.08096861839294434
0.83,0.93,0.41,0.65,1.1,0.98,0.08,0.47,0.12,21623,0.08096861839294434
0.83,0.93,0.41,0.65,1.1,0.98,0.09,0.47,0.12,21912,0.08096861839294434
0.84,0.93,0.41,0.65,1.1,0.98,0.08,0.47,0.11,22219,0.0819854736328125
0.83,0.93,0.41,0.65,1.1,0.98,0.09,0.47,0.12,22246,0.0819854736328125
0.83,0.93,0.4,0.64,1.1,0.98,0.08,0.47,0.12,21949,0.0819854736328125
0.83,0.92,0.4,0.65,1.1,0.98,0.09,0.47,0.12,21918,0.08298587799072266
0.83,0.93,0.4,0.65,1.1,0.98,0.09,0.47,0.12,21745,0.08298587799072266
0.83,0.93,0.4,0.65,1.11,0.98,0.08,0.47,0.12,21860,0.08298587799072266
0.83,0.92,0.4,0.65,1.1,0.98,0.09,0.47,0.12,21645,0.08398556709289551
0.83,0.93,0.41,0.65,1.1,0.98,0.09,0.47,0.12,21664,0.08398556709289551
0.83,0.92,0.41,0.65,1.1,0.98,0.09,0.47,0.12,21567,0.08398556709289551
0.83,0.93,0.4,0.65,1.1,0.98,0.09,0.47,0.12,22034,0.08516168594360352
0.83,0.93,0.4,0.65,1.1,0.98,0.09,0.47,0.12,22423,0.08516168594360352
0.83,0.93,0.4,0.64,1.11,0.98,0.09,0.47,0.12,22016,0.08617067337036133
0.83,0.93,0.41,0.65,1.11,0.98,0.09,0.47,0.12,21659,0.08617067337036133
0.83,0.93,0.4,0.65,1.1,0.98,0.09,0.47,0.12,22002,0.08617067337036133
0.83,0.92,0.41,0.65,1.11,0.98,0.09,0.47,0.12,21879,0.08718729019165039
0.83,0.92,0.41,0.64,1.11,0.98,0.09,0.47,0.12,21452,0.08718729019165039
0.83,0.93,0.41,0.64,1.1,0.97,0.08,0.47,0.12,21803,0.08718729019165039
0.84,0.93,0.41,0.65,1.11,0.98,0.08,0.47,0.12,22128,0.08818745613098145
0.83,0.92,0.41,0.65,1.1,0.98,0.09,0.47,0.12,21797,0.08818745613098145
0.84,0.93,0.41,0.64,1.1,0.98,0.09,0.47,0.12,21898,0.08818745613098145
0.83,0.93,0.41,0.65,1.1,0.98,0.09,0.47,0.11,22045,0.0891873836517334
0.84,0.93,0.41,0.64,1.1,0.98,0.09,0.47,0.12,21936,0.0891873836517334
0.84,0.93,0.4,0.65,1.1,0.98,0.09,0.47,0.12,21649,0.09018731117248535
0.84,0.93,0.4,0.65,1.11,0.98,0.09,0.47,0.11,21730,0.09018731117248535
0.84,0.92,0.4,0.65,1.1,0.98,0.09,0.47,0.12,21889,0.09018731117248535
0.83,0.92,0.4,0.65,1.11,0.98,0.09,0.47,0.12,21952,0.0911872386932373
0.83,0.93,0.4,0.64,1.11,0.98,0.09,0.47,0.12,21585,0.0911872386932373
0.83,0.93,0.4,0.65,1.1,0.98,0.09,0.47,0.12,21712,0.0911872386932373
0.84,0.92,0.4,0.65,1.11,0.98,0.09,0.47,0.11,22201,0.09218764305114746
0.84,0.92,0.4,0.64,1.1,0.98,0.09,0.47,0.11,22606,0.09218764305114746
0.84,0.92,0.4,0.65,1.1,0.98,0.09,0.47,0.11,22359,0.09218764305114746
0.83,0.92,0.4,0.65,1.1,0.97,0.09,0.47,0.11,22010,0.09318757057189941
0.83,0.92,0.4,0.65,1.1,0.98,0.09,0.47,0.12,21983,0.09318757057189941
0.84,0.92,0.41,0.64,1.1,0.98,0.09,0.47,0.11,21904,0.09318757057189941
0.84,0.92,0.4,0.64,1.1,0.98,0.09,0.47,0.11,22187,0.09418773651123047
0.84,0.92,0.4,0.65,1.11,0.98,0.09,0.47,0.12,22264,0.09418773651123047
0.84,0.92,0.4,0.64,1.1,0.98,0.09,0.47,0.11,22015,0.09518742561340332
0.84,0.92,0.4,0.65,1.11,0.98,0.09,0.47,0.11,21872,0.09518742561340332
0.84,0.92,0.4,0.65,1.1,0.98,0.09,0.47,0.12,21963,0.09518742561340332
0.84,0.92,0.4,0.64,1.1,0.98,0.09,0.48,0.11,22172,0.09618759155273438
0.84,0.92,0.4,0.64,1.1,0.98,0.09,0.48,0.11,21549,0.09638285636901855
0.84,0.93,0.4,0.65,1.1,0.98,0.08,0.47,0.11,21754,0.09638285636901855
0.84,0.93,0.4,0.65,1.1,0.98,0.09,0.47,0.11,21965,0.09638285636901855
0.84,0.92,0.41,0.65,1.1,0.98,0.09,0.47,0.11,21488,0.09739542007446289
0.84,0.92,0.41,0.64,1.1,0.98,0.09,0.47,0.11,21791,0.09739542007446289
0.84,0.92,0.4,0.65,1.1,0.98,0.08,0.48,0.11,21872,0.09841227531433105
0.84,0.92,0.41,0.65,1.1,0.98,0.08,0.47,0.12,21777,0.09841227531433105
0.84,0.92,0.4,0.64,1.1,0.98,0.09,0.47,0.11,21648,0.09841227531433105
0.84,0.92,0.41,0.65,1.1,0.98,0.09,0.48,0.12,21805,0.09941244125366211
0.84,0.92,0.4,0.65,1.1,0.98,0.08,0.47,0.11,21748,0.09941244125366211
0.84,0.93,0.4,0.65,1.1,0.98,0.09,0.47,0.11,21821,0.09941244125366211
0.83,0.92,0.4,0.65,1.11,0.98,0.09,0.47,0.11,22064,0.10041236877441406
0.83,0.92,0.4,0.65,1.11,0.98,0.08,0.47,0.11,21885,0.10041236877441406
0.84,0.92,0.4,0.65,1.11,0.98,0.08,0.46,0.11,22092,0.10041236877441406
0.84,0.92,0.4,0.65,1.1,0.98,0.08,0.47,0.11,22049,0.10160970687866211
0.83,0.92,0.4,0.65,1.1,0.98,0.08,0.47,0.11,21872,0.10160970687866211
0.84,0.92,0.4,0.65,1.1,0.98,0.09,0.47,0.12,22027,0.10160970687866211
0.84,0.92,0.4,0.65,1.1,0.99,0.09,0.47,0.11,22074,0.10262227058410645
0.84,0.92,0.4,0.65,1.1,0.98,0.09,0.47,0.11,22081,0.10262227058410645
0.84,0.92,0.41,0.65,1.1,0.99,0.09,0.47,0.12,21982,0.10262227058410645
0.84,0.92,0.4,0.65,1.1,0.98,0.08,0.47,0.12,21897,0.10363912582397461
0.84,0.92,0.41,0.65,1.1,0.98,0.09,0.47,0.12,21896,0.10363912582397461
0.84,0.92,0.41,0.65,1.1,0.98,0.09,0.47,0.12,21745,0.10363912582397461
0.84,0.92,0.41,0.64,1.1,0.98,0.09,0.47,0.12,21358,0.10463929176330566
0.84,0.93,0.4,0.64,1.1,0.98,0.09,0.47,0.12,21871,0.10463929176330566
0.84,0.92,0.41,0.65,1.1,0.98,0.09,0.47,0.12,22102,0.10563921928405762
0.84,0.92,0.4,0.65,1.11,0.98,0.09,0.47,0.12,21847,0.10563921928405762
0.84,0.92,0.4,0.64,1.1,0.98,0.09,0.47,0.12,22150,0.10563921928405762
0.84,0.92,0.4,0.65,1.1,0.98,0.08,0.47,0.11,22235,0.10663914680480957
0.84,0.92,0.4,0.65,1.1,0.98,0.09,0.47,0.11,22338,0.10663914680480957
0.84,0.93,0.41,0.64,1.11,0.98,0.09,0.47,0.11,22135,0.10663914680480957
0.84,0.93,0.41,0.64,1.1,0.98,0.09,0.47,0.12,21812,0.10763907432556152
0.84,0.92,0.4,0.65,1.11,0.98,0.09,0.47,0.12,22021,0.10763907432556152
0.84,0.92,0.4,0.64,1.11,0.98,0.09,0.47,0.11,22094,0.10763907432556152
0.84,0.92,0.41,0.64,1.11,0.98,0.09,0.47,0.12,21991,0.10863947868347168
0.84,0.93,0.41,0.65,1.11,0.98,0.1,0.48,0.12,21990,0.10863947868347168
0.84,0.92,0.4,0.65,1.1,0.98,0.09,0.47,0.12,22077,0.10863947868347168
0.84,0.92,0.4,0.65,1.11,0.98,0.09,0.48,0.12,21698,0.10963940620422363
0.84,0.92,0.4,0.65,1.11,0.98,0.09,0.48,0.12,21197,0.10963940620422363
0.84,0.92,0.4,0.65,1.1,0.98,0.09,0.47,0.12,21092,0.11063981056213379
0.84,0.92,0.4,0.65,1.11,0.98,0.09,0.47,0.11,21641,0.11063981056213379
0.83,0.92,0.41,0.65,1.11,0.98,0.09,0.47,0.12,21820,0.11063981056213379
0.84,0.93,0.4,0.65,1.11,0.98,0.09,0.47,0.12,21877,0.11162900924682617
0.84,0.92,0.4,0.65,1.11,0.98,0.09,0.47,0.11,21850,0.11162900924682617
0.84,0.92,0.4,0.65,1.11,0.98,0.09,0.47,0.12,21835,0.11162900924682617
0.84,0.92,0.4,0.65,1.11,0.98,0.09,0.47,0.11,21840,0.11271333694458008
0.84,0.92,0.4,0.65,1.11,0.98,0.08,0.47,0.12,21989,0.11271333694458008
0.84,0.92,0.4,0.65,1.11,0.98,0.09,0.47,0.12,22062,0.11271333694458008
0.84,0.92,0.41,0.65,1.11,0.98,0.08,0.47,0.12,22351,0.1137690544128418
0.84,0.92,0.41,0.65,1.11,0.98,0.08,0.47,0.12,22270,0.1137690544128418
0.84,0.92,0.41,0.65,1.11,0.98,0.08,0.47,0.12,21953,0.1137690544128418
0.84,0.92,0.41,0.65,1.11,0.98,0.09,0.47,0.12,22110,0.11478638648986816
0.84,0.92,0.41,0.65,1.11,0.98,0.09,0.47,0.12,21863,0.11478638648986816
0.84,0.92,0.41,0.65,1.11,0.98,0.09,0.47,0.11,21870,0.11478638648986816
0.84,0.92,0.41,0.65,1.11,0.98,0.09,0.47,0.12,21839,0.11578607559204102
0.84,0.92,0.4,0.65,1.11,0.98,0.09,0.47,0.11,21978,0.11578607559204102
0.84,0.92,0.4,0.65,1.11,0.98,0.09,0.47,0.12,21759,0.11578607559204102
0.84,0.92,0.4,0.64,1.11,0.98,0.09,0.48,0.12,21724,0.11678624153137207
0.84,0.92,0.41,0.65,1.11,0.98,0.09,0.47,0.12,21939,0.11678624153137207
0.84,0.92,0.41,0.65,1.11,0.98,0.09,0.47,0.12,22356,0.11776924133300781
0.84,0.92,0.41,0.65,1.11,0.98,0.09,0.48,0.12,22335,0.11776924133300781
0.84,0.92,0.41,0.65,1.11,0.98,0.09,0.48,0.11,22190,0.11776924133300781
0.84,0.92,0.41,0.65,1.11,0.98,0.09,0.47,0.11,22293,0.11878609657287598
0.84,0.92,0.41,0.66,1.11,0.98,0.09,0.48,0.12,21936,0.11878609657287598
0.84,0.92,0.41,0.66,1.11,0.98,0.08,0.48,0.12,21975,0.11878609657287598
0.84,0.92,0.41,0.65,1.11,0.98,0.09,0.47,0.11,22268,0.11978602409362793
0.84,0.92,0.41,0.65,1.11,0.99,0.09,0.47,0.11,22211,0.11978602409362793
0.84,0.92,0.41,0.65,1.11,0.98,0.09,0.48,0.12,22216,0.11978602409362793
0.84,0.92,0.41,0.65,1.11,0.98,0.08,0.47,0.12,21949,0.12078642845153809
0.84,0.92,0.41,0.65,1.11,0.98,0.09,0.47,0.12,22190,0.12078642845153809
0.84,0.92,0.41,0.65,1.11,0.98,0.09,0.47,0.12,22059,0.12178635597229004
0.84,0.92,0.4,0.65,1.11,0.98,0.08,0.47,0.12,21794,0.12178635597229004
0.84,0.92,0.41,0.65,1.1,0.98,0.09,0.48,0.12,22159,0.12178635597229004
0.84,0.93,0.41,0.65,1.11,0.98,0.09,0.48,0.12,21772,0.12278628349304199
0.84,0.93,0.41,0.65,1.11,0.98,0.09,0.47,0.11,22009,0.12296557426452637
0.84,0.92,0.41,0.65,1.1,0.99,0.09,0.47,0.12,21938,0.12296557426452637
0.84,0.92,0.41,0.66,1.1,0.98,0.09,0.48,0.12,21729,0.12296557426452637
0.84,0.93,0.4,0.65,1.1,0.98,0.09,0.48,0.12,21546,0.1239781379699707
0.84,0.93,0.41,0.65,1.11,0.98,0.09,0.47,0.12,21161,0.1239781379699707
0.84,0.92,0.41,0.65,1.11,0.98,0.09,0.48,0.12,21324,0.12499475479125977
0.84,0.92,0.41,0.65,1.11,0.98,0.09,0.48,0.12,21989,0.12499475479125977
0.84,0.93,0.41,0.65,1.11,0.98,0.09,0.47,0.12,22362,0.12499475479125977
0.84,0.93,0.41,0.66,1.11,0.98,0.09,0.47,0.12,21737,0.12599492073059082
0.84,0.93,0.41,0.65,1.11,0.98,0.08,0.47,0.12,21406,0.12599492073059082
0.84,0.92,0.41,0.65,1.11,0.98,0.09,0.47,0.12,22049,0.12599492073059082
0.84,0.92,0.41,0.65,1.11,0.98,0.09,0.47,0.12,22122,0.12699532508850098
0.84,0.92,0.41,0.66,1.11,0.98,0.09,0.47,0.11,22291,0.12699532508850098
0.84,0.92,0.4,0.66,1.11,0.98,0.08,0.47,0.12,22028,0.12801170349121094
0.83,0.93,0.4,0.66,1.11,0.98,0.09,0.47,0.12,21979,0.12801170349121094
0.83,0.93,0.41,0.65,1.11,0.98,0.08,0.47,0.12,22004,0.12801170349121094
0.83,0.92,0.41,0.65,1.11,0.98,0.09,0.48,0.12,22213,0.12899494171142578
0.83,0.92,0.4,0.66,1.11,0.98,0.08,0.48,0.12,22006,0.12899494171142578
0.83,0.92,0.4,0.65,1.11,0.98,0.08,0.47,0.12,22183,0.12899494171142578
0.83,0.93,0.4,0.66,1.11,0.98,0.09,0.47,0.12,22212,0.12999510765075684
0.84,0.93,0.4,0.66,1.11,0.98,0.08,0.47,0.12,21985,0.12999510765075684
0.84,0.93,0.4,0.65,1.11,0.98,0.09,0.47,0.12,22036,0.12999510765075684
0.84,0.92,0.41,0.65,1.11,0.98,0.08,0.47,0.12,22051,0.13097786903381348
0.84,0.92,0.41,0.64,1.11,0.98,0.09,0.47,0.12,21874,0.13097786903381348
0.83,0.92,0.41,0.65,1.11,0.98,0.08,0.47,0.12,22105,0.1319713592529297
0.84,0.92,0.41,0.65,1.11,0.98,0.09,0.47,0.12,22518,0.1319713592529297
0.84,0.92,0.41,0.65,1.11,0.98,0.09,0.47,0.12,22345,0.1319713592529297
0.84,0.92,0.41,0.65,1.11,0.98,0.09,0.47,0.12,22186,0.1329665184020996
0.84,0.93,0.41,0.65,1.11,0.98,0.08,0.47,0.12,21909,0.1329665184020996
0.84,0.92,0.41,0.64,1.11,0.98,0.09,0.47,0.12,22098,0.1329665184020996
0.84,0.92,0.41,0.65,1.11,0.98,0.09,0.47,0.12,21659,0.1341228485107422
0.84,0.92,0.41,0.65,1.11,0.98,0.09,0.47,0.12,21640,0.1341228485107422
0.84,0.92,0.41,0.65,1.11,0.98,0.09,0.47,0.12,21805,0.1341228485107422
0.84,0.92,0.41,0.65,1.11,0.98,0.09,0.47,0.12,22076,0.13512396812438965
0.84,0.92,0.41,0.65,1.11,0.98,0.08,0.47,0.12,22121,0.13512396812438965
0.84,0.93,0.41,0.65,1.11,0.98,0.1,0.47,0.12,21974,0.13512396812438965
0.84,0.92,0.41,0.65,1.11,0.98,0.08,0.47,0.12,21837,0.1361238956451416
0.84,0.92,0.41,0.65,1.11,0.98,0.09,0.48,0.12,22096,0.1361238956451416
0.84,0.92,0.4,0.65,1.11,0.98,0.09,0.48,0.12,22121,0.1361238956451416
0.84,0.92,0.41,0.65,1.11,0.98,0.09,0.47,0.12,21678,0.13712358474731445
0.84,0.92,0.4,0.66,1.11,0.98,0.09,0.47,0.12,21341,0.13712358474731445
0.83,0.92,0.41,0.65,1.11,0.98,0.09,0.47,0.12,21850,0.1381237506866455
0.84,0.92,0.41,0.65,1.11,0.98,0.09,0.47,0.12,22373,0.1381237506866455
0.84,0.93,0.4,0.65,1.11,0.98,0.09,0.47,0.12,21984,0.1381237506866455
0.84,0.93,0.4,0.65,1.11,0.98,0.08,0.47,0.11,22059,0.13912343978881836
0.84,0.92,0.4,0.65,1.11,0.98,0.09,0.47,0.12,22030,0.13912343978881836
0.84,0.92,0.4,0.65,1.11,0.98,0.09,0.47,0.12,21879,0.13912343978881836
0.84,0.92,0.4,0.65,1.11,0.98,0.08,0.47,0.12,21588,0.14013361930847168
0.84,0.92,0.4,0.65,1.11,0.98,0.09,0.48,0.12,21471,0.14013361930847168
0.84,0.92,0.4,0.65,1.11,0.98,0.08,0.47,0.11,22136,0.14013361930847168
0.84,0.93,0.4,0.66,1.11,0.98,0.08,0.48,0.12,22603,0.14116263389587402
0.84,0.93,0.41,0.65,1.11,0.98,0.09,0.48,0.12,22052,0.14116263389587402
0.84,0.92,0.41,0.65,1.11,0.98,0.09,0.47,0.12,21967,0.14116263389587402
0.83,0.92,0.41,0.66,1.11,0.98,0.09,0.48,0.12,22324,0.14216256141662598
0.84,0.92,0.4,0.66,1.11,0.98,0.09,0.47,0.12,22057,0.14216256141662598
0.84,0.92,0.4,0.65,1.11,0.98,0.1,0.48,0.12,21884,0.14316248893737793
0.84,0.93,0.41,0.65,1.11,0.98,0.09,0.47,0.12,21839,0.14316248893737793
0.84,0.93,0.41,0.65,1.12,0.98,0.08,0.47,0.12,21622,0.14316248893737793
0.84,0.92,0.41,0.65,1.11,0.98,0.09,0.48,0.13,21681,0.14416265487670898
0.84,0.92,0.41,0.65,1.11,0.98,0.09,0.48,0.12,21818,0.14438104629516602
0.84,0.93,0.41,0.66,1.11,0.98,0.09,0.47,0.12,21887,0.14438104629516602
0.84,0.92,0.41,0.66,1.11,0.98,0.09,0.47,0.12,21776,0.14538168907165527
0.84,0.93,0.41,0.66,1.11,0.98,0.09,0.48,0.12,21663,0.14538168907165527
0.83,0.93,0.41,0.65,1.11,0.98,0.09,0.48,0.12,21980,0.14538168907165527
0.84,0.92,0.41,0.66,1.11,0.98,0.09,0.48,0.12,22291,0.14638233184814453
0.84,0.93,0.41,0.65,1.11,0.97,0.08,0.47,0.12,22030,0.14638233184814453
0.84,0.93,0.41,0.65,1.11,0.98,0.1,0.48,0.12,21411,0.14638233184814453
0.84,0.93,0.41,0.65,1.11,0.98,0.1,0.48,0.12,21352,0.14739131927490234
0.84,0.93,0.41,0.66,1.11,0.98,0.08,0.47,0.12,21571,0.14739131927490234
0.84,0.93,0.41,0.65,1.11,0.98,0.09,0.48,0.12,21822,0.14739131927490234
0.84,0.93,0.41,0.65,1.11,0.98,0.08,0.48,0.11,22225,0.14838218688964844
0.84,0.93,0.41,0.65,1.11,0.98,0.08,0.48,0.12,21952,0.14838218688964844
0.84,0.93,0.41,0.65,1.11,0.98,0.09,0.48,0.12,21753,0.14946627616882324
0.83,0.93,0.41,0.65,1.1,0.98,0.09,0.48,0.12,21900,0.14954590797424316
0.84,0.93,0.41,0.65,1.11,0.98,0.1,0.48,0.12,21997,0.14954590797424316
0.84,0.93,0.41,0.65,1.11,0.98,0.09,0.48,0.12,22428,0.14954590797424316
0.83,0.92,0.41,0.65,1.11,0.98,0.09,0.48,0.12,22017,0.15054678916931152
0.84,0.93,0.4,0.65,1.11,0.98,0.1,0.48,0.13,21654,0.15054678916931152
0.83,0.93,0.41,0.66,1.11,0.98,0.09,0.48,0.12,21851,0.15154695510864258
0.83,0.93,0.41,0.65,1.11,0.98,0.09,0.48,0.12,22268,0.15154695510864258
0.83,0.93,0.4,0.66,1.1,0.98,0.1,0.48,0.12,21949,0.15154695510864258
0.83,0.93,0.41,0.66,1.11,0.98,0.09,0.47,0.12,21604,0.15254688262939453
0.84,0.93,0.41,0.65,1.11,0.98,0.1,0.48,0.12,22009,0.15254688262939453
0.84,0.93,0.4,0.66,1.1,0.98,0.09,0.47,0.12,21908,0.15254688262939453
0.84,0.93,0.4,0.64,1.11,0.97,0.09,0.47,0.12,21825,0.15254688262939453
0.83,0.92,0.4,0.65,1.11,0.98,0.09,0.47,0.12,22104,0.15405535697937012
0.84,0.93,0.41,0.66,1.11,0.98,0.09,0.48,0.12,22411,0.15405535697937012
0.83,0.93,0.41,0.66,1.11,0.98,0.09,0.47,0.12,22260,0.15405535697937012
0.83,0.93,0.4,0.66,1.11,0.98,0.09,0.47,0.12,22151,0.15514492988586426
0.84,0.92,0.4,0.65,1.11,0.98,0.09,0.47,0.12,22106,0.15514492988586426
0.83,0.92,0.4,0.66,1.1,0.98,0.08,0.48,0.13,21847,0.15514492988586426
0.83,0.92,0.4,0.66,1.11,0.98,0.09,0.48,0.13,21738,0.15618443489074707
0.83,0.92,0.4,0.65,1.1,0.97,0.09,0.47,0.12,21869,0.15618443489074707
0.83,0.92,0.4,0.65,1.11,0.97,0.09,0.48,0.13,21486,0.15618443489074707
0.83,0.92,0.41,0.65,1.1,0.98,0.09,0.47,0.12,22065,0.15718412399291992
0.84,0.92,0.4,0.66,1.1,0.97,0.1,0.47,0.13,22032,0.15718412399291992
0.84,0.92,0.41,0.66,1.1,0.97,0.1,0.47,0.13,21917,0.15718412399291992
0.83,0.92,0.41,0.66,1.11,0.97,0.09,0.47,0.12,21558,0.15818405151367188
0.83,0.92,0.41,0.66,1.11,0.97,0.09,0.48,0.13,21795,0.15818405151367188
0.84,0.92,0.41,0.66,1.11,0.97,0.09,0.47,0.12,21662,0.15818405151367188
0.84,0.93,0.41,0.66,1.11,0.98,0.09,0.47,0.12,21755,0.15918421745300293
0.84,0.92,0.4,0.66,1.11,0.97,0.1,0.48,0.13,21718,0.15918421745300293
0.84,0.92,0.41,0.65,1.11,0.97,0.09,0.47,0.12,21447,0.15918421745300293
0.83,0.92,0.4,0.66,1.11,0.97,0.09,0.47,0.12,22000,0.1602625846862793
0.83,0.92,0.41,0.66,1.11,0.97,0.09,0.47,0.12,21701,0.1602625846862793
0.84,0.94,0.41,0.68,1.13,1.0,0.1,0.49,0.12,22384,0.161329984664917
0.84,0.94,0.42,0.68,1.13,1.0,0.1,0.49,0.12,22055,0.161329984664917
0.85,0.94,0.41,0.68,1.13,1.0,0.1,0.49,0.13,22138,0.161329984664917
0.84,0.94,0.42,0.68,1.13,1.0,0.1,0.49,0.12,22597,0.16231226921081543
0.84,0.94,0.41,0.68,1.13,1.0,0.1,0.49,0.12,22384,0.16231226921081543
0.84,0.94,0.42,0.68,1.13,1.0,0.1,0.49,0.12,22055,0.16331219673156738
0.85,0.94,0.41,0.68,1.13,1.0,0.1,0.49,0.13,22138,0.16331219673156738
0.84,0.94,0.41,0.68,1.13,1.0,0.1,0.49,0.12,22197,0.16331219673156738
0.85,0.94,0.41,0.68,1.13,1.0,0.1,0.5,0.12,22394,0.1643223762512207
0.85,0.93,0.41,0.68,1.13,1.0,0.09,0.5,0.12,22067,0.1643223762512207
0.85,0.94,0.41,0.67,1.13,1.0,0.1,0.5,0.12,22006,0.1653127670288086
0.85,0.94,0.41,0.68,1.13,1.0,0.1,0.5,0.12,22077,0.1653127670288086
0.85,0.94,0.41,0.68,1.13,1.0,0.1,0.5,0.12,22388,0.1653127670288086
0.85,0.94,0.41,0.69,1.13,1.0,0.1,0.5,0.12,22297,0.16631174087524414
0.85,0.94,0.41,0.68,1.13,1.0,0.1,0.49,0.12,22178,0.16631174087524414
0.85,0.94,0.42,0.68,1.13,1.0,0.09,0.49,0.12,21857,0.16631174087524414
0.85,0.94,0.41,0.68,1.13,1.0,0.1,0.49,0.12,21870,0.1673119068145752
0.84,0.94,0.41,0.68,1.13,1.0,0.1,0.5,0.12,22059,0.1673119068145752
0.85,0.94,0.41,0.68,1.13,1.0,0.1,0.49,0.12,21952,0.1673119068145752
0.85,0.94,0.41,0.68,1.13,1.0,0.1,0.5,0.12,21991,0.16831231117248535
0.84,0.94,0.41,0.68,1.13,1.0,0.09,0.49,0.12,22344,0.16831231117248535
0.85,0.94,0.41,0.68,1.13,1.0,0.1,0.49,0.13,22089,0.1693120002746582
0.85,0.94,0.41,0.67,1.13,0.99,0.1,0.5,0.12,21838,0.1693120002746582
0.85,0.94,0.41,0.67,1.13,1.0,0.11,0.49,0.12,22033,0.1693120002746582
0.85,0.94,0.41,0.68,1.13,1.0,0.1,0.49,0.12,21810,0.17031192779541016
0.85,0.94,0.41,0.68,1.13,1.0,0.1,0.49,0.12,22139,0.17031192779541016
0.85,0.94,0.41,0.68,1.13,1.0,0.1,0.49,0.12,22322,0.17031192779541016
0.85,0.94,0.41,0.68,1.13,1.0,0.1,0.49,0.12,22205,0.17139387130737305
0.85,0.94,0.41,0.68,1.13,1.0,0.1,0.49,0.12,22278,0.17139387130737305
0.84,0.94,0.41,0.68,1.13,1.0,0.1,0.49,0.12,22065,0.17139387130737305
0.85,0.94,0.41,0.68,1.13,1.0,0.11,0.49,0.12,22138,0.1724393367767334
0.85,0.94,0.41,0.68,1.13,1.0,0.1,0.49,0.12,22515,0.1724393367767334
0.84,0.94,0.41,0.67,1.13,1.0,0.1,0.49,0.12,21848,0.1724393367767334
0.84,0.94,0.41,0.68,1.13,1.0,0.1,0.49,0.12,22041,0.173431396484375
0.85,0.93,0.41,0.68,1.13,1.0,0.09,0.5,0.12,22340,0.173431396484375
0.84,0.94,0.41,0.67,1.13,1.0,0.1,0.49,0.12,22407,0.173431396484375
0.84,0.94,0.41,0.67,1.13,1.0,0.1,0.49,0.12,21996,0.17443132400512695
0.84,0.94,0.41,0.68,1.13,1.0,0.1,0.49,0.12,22349,0.17443132400512695
0.85,0.94,0.41,0.68,1.13,1.0,0.1,0.49,0.12,22404,0.17443132400512695
0.85,0.94,0.41,0.67,1.13,1.0,0.1,0.49,0.12,22027,0.175431489944458
0.85,0.94,0.41,0.67,1.13,1.0,0.1,0.49,0.12,21898,0.175431489944458
0.85,0.94,0.41,0.68,1.13,1.0,0.1,0.49,0.12,21953,0.17643117904663086
0.85,0.94,0.41,0.68,1.13,1.0,0.1,0.49,0.12,22116,0.17643117904663086
0.85,0.94,0.41,0.68,1.13,1.0,0.1,0.49,0.12,22239,0.17643117904663086
0.85,0.93,0.41,0.67,1.13,1.0,0.09,0.49,0.12,22040,0.1774311065673828
0.84,0.93,0.41,0.67,1.13,1.0,0.1,0.49,0.12,22049,0.1774311065673828
0.84,0.93,0.41,0.68,1.13,1.0,0.1,0.49,0.12,22144,0.18043231964111328
0.85,0.94,0.41,0.68,1.13,1.0,0.1,0.49,0.13,22301,0.18441104888916016
0.85,0.94,0.41,0.68,1.13,1.0,0.1,0.49,0.12,22158,0.18544530868530273
0.85,0.94,0.41,0.68,1.13,1.0,0.1,0.49,0.12,21935,0.18851518630981445
0.85,0.94,0.41,0.67,1.13,1.0,0.1,0.49,0.12,21516,0.19255709648132324
0.85,0.94,0.41,0.67,1.13,1.0,0.1,0.49,0.12,21255,0.1965336799621582
0.85,0.93,0.41,0.67,1.13,1.0,0.1,0.49,0.12,21580,0.2005302906036377
0.85,0.93,0.41,0.68,1.13,1.0,0.1,0.49,0.12,22181,0.20165228843688965
0.85,0.94,0.41,0.68,1.13,1.0,0.1,0.49,0.12,22288,0.2057020664215088
0.84,0.94,0.41,0.68,1.14,1.0,0.1,0.49,0.12,21817,0.20969462394714355
0.84,0.94,0.41,0.68,1.13,1.0,0.1,0.49,0.12,21364,0.21290278434753418
0.85,0.94,0.41,0.67,1.13,1.0,0.1,0.49,0.12,21823,0.21290278434753418
0.85,0.94,0.41,0.67,1.13,1.0,0.1,0.49,0.12,21948,0.21697330474853516
0.85,0.94,0.41,0.68,1.13,1.0,0.1,0.49,0.12,21697,0.22200846672058105
0.85,0.94,0.41,0.67,1.13,1.0,0.09,0.49,0.12,21776,0.22500848770141602
0.84,0.94,0.41,0.68,1.13,1.0,0.1,0.49,0.12,21835,0.2260127067565918
0.85,0.94,0.41,0.68,1.13,1.0,0.1,0.49,0.12,22034,0.22915434837341309
0.85,0.94,0.41,0.68,1.13,1.0,0.09,0.5,0.12,22209,0.2341625690460205
0.85,0.94,0.41,0.68,1.13,1.0,0.1,0.49,0.12,22090,0.23714995384216309
0.84,0.94,0.41,0.68,1.13,1.0,0.1,0.49,0.12,21903,0.23824071884155273
0.84,0.94,0.41,0.67,1.13,1.0,0.09,0.49,0.12,21822,0.24227547645568848
0.85,0.94,0.41,0.68,1.13,1.01,0.1,0.49,0.12,21531,0.24627947807312012
0.85,0.94,0.41,0.68,1.13,1.0,0.1,0.49,0.12,21812,0.25026941299438477
0.85,0.94,0.41,0.68,1.13,1.0,0.1,0.49,0.12,22049,0.25026941299438477
0.85,0.94,0.41,0.67,1.13,1.0,0.1,0.49,0.12,21682,0.2542734146118164
0.85,0.94,0.41,0.68,1.13,1.0,0.1,0.49,0.12,21671,0.25786399841308594
0.85,0.93,0.41,0.68,1.13,1.0,0.1,0.49,0.12,21838,0.26285314559936523
0.84,0.93,0.41,0.68,1.13,1.0,0.1,0.49,0.12,21773,0.26285314559936523
0.85,0.94,0.41,0.68,1.13,1.0,0.09,0.5,0.12,21960,0.26586365699768066
0.84,0.94,0.41,0.68,1.13,1.0,0.1,0.49,0.12,21979,0.27088332176208496
0.85,0.94,0.41,0.67,1.13,1.0,0.1,0.49,0.12,21834,0.27504706382751465
0.85,0.94,0.41,0.67,1.13,1.0,0.1,0.49,0.12,22393,0.2780444622039795
0.85,0.94,0.41,0.67,1.13,0.99,0.1,0.49,0.12,22340,0.27904176712036133
0.85,0.94,0.41,0.68,1.13,1.0,0.1,0.49,0.12,21795,0.28315281867980957
0.85,0.94,0.41,0.67,1.13,1.0,0.1,0.49,0.12,21650,0.28714776039123535
0.85,0.94,0.41,0.68,1.13,1.0,0.1,0.49,0.12,21793,0.29118800163269043
0.85,0.94,0.42,0.67,1.13,1.0,0.1,0.49,0.12,22072,0.29118800163269043
0.85,0.94,0.42,0.67,1.13,1.0,0.1,0.49,0.12,22331,0.2951831817626953
0.85,0.94,0.41,0.67,1.13,1.0,0.1,0.5,0.12,21962,0.2996358871459961
0.85,0.94,0.41,0.67,1.13,1.0,0.1,0.5,0.12,21633,0.3026461601257324
0.85,0.94,0.41,0.67,1.13,1.0,0.1,0.5,0.12,22004,0.30364537239074707
0.85,0.94,0.41,0.67,1.13,1.0,0.1,0.5,0.12,22451,0.3071744441986084
0.85,0.94,0.41,0.67,1.13,1.0,0.1,0.5,0.12,22168,0.31120729446411133
0.85,0.94,0.41,0.67,1.13,1.0,0.1,0.49,0.12,21869,0.31520557403564453
0.85,0.94,0.41,0.67,1.13,1.0,0.1,0.5,0.12,21556,0.3162062168121338
0.85,0.94,0.41,0.67,1.13,1.0,0.1,0.5,0.12,21615,0.3192019462585449
0.85,0.94,0.41,0.68,1.12,1.0,0.1,0.5,0.12,21910,0.3242061138153076
0.85,0.94,0.41,0.68,1.13,1.0,0.1,0.49,0.12,21967,0.3280916213989258
0.84,0.94,0.41,0.68,1.13,1.0,0.1,0.49,0.12,22080,0.3290882110595703
0.85,0.94,0.41,0.68,1.13,1.0,0.1,0.49,0.12,21965,0.3317394256591797
0.84,0.94,0.41,0.68,1.13,1.0,0.1,0.5,0.12,21948,0.33606481552124023
0.85,0.94,0.41,0.68,1.13,1.0,0.09,0.5,0.12,21935,0.34029650688171387
0.85,0.94,0.41,0.68,1.13,1.0,0.1,0.5,0.12,21886,0.34029650688171387
0.85,0.94,0.41,0.68,1.13,1.0,0.1,0.49,0.12,21815,0.3444035053253174
0.85,0.94,0.41,0.68,1.13,1.0,0.1,0.49,0.12,21788,0.34833741188049316
0.85,0.94,0.41,0.67,1.13,1.0,0.1,0.49,0.12,21719,0.35259437561035156
0.85,0.94,0.41,0.68,1.13,1.0,0.1,0.5,0.12,21798,0.3535923957824707
0.85,0.94,0.41,0.67,1.13,1.0,0.1,0.5,0.12,22037,0.35657715797424316
0.85,0.94,0.41,0.67,1.13,1.0,0.1,0.49,0.12,21966,0.36051106452941895
0.85,0.94,0.41,0.67,1.13,1.01,0.11,0.5,0.12,21995,0.36527323722839355
0.85,0.94,0.41,0.67,1.13,1.0,0.1,0.49,0.12,21968,0.36859130859375
0.85,0.94,0.41,0.67,1.13,1.0,0.1,0.49,0.12,22089,0.36932969093322754
0.85,0.94,0.41,0.67,1.13,1.0,0.1,0.49,0.12,21706,0.37337279319763184
0.85,0.94,0.41,0.67,1.13,1.0,0.1,0.49,0.12,21575,0.37732410430908203
0.85,0.94,0.41,0.67,1.14,1.0,0.1,0.49,0.12,21962,0.3813152313232422
0.85,0.94,0.41,0.68,1.13,1.0,0.1,0.49,0.12,21909,0.3813152313232422
0.85,0.94,0.41,0.67,1.13,1.0,0.1,0.49,0.12,22022,0.385056734085083
0.85,0.94,0.41,0.67,1.13,1.0,0.1,0.49,0.13,22147,0.3904275894165039
0.85,0.94,0.41,0.67,1.13,1.0,0.1,0.49,0.12,21782,0.3934013843536377
0.84,0.94,0.4,0.67,1.13,1.0,0.1,0.49,0.12,21851,0.3944430351257324
0.85,0.94,0.41,0.68,1.13,1.0,0.1,0.49,0.12,21896,0.39847588539123535
0.85,0.94,0.41,0.67,1.14,1.0,0.1,0.49,0.12,22015,0.40191197395324707
0.85,0.93,0.41,0.67,1.14,1.0,0.1,0.49,0.12,21600,0.4058849811553955
0.85,0.93,0.41,0.67,1.14,1.0,0.1,0.49,0.12,22135,0.4068899154663086
0.85,0.94,0.41,0.67,1.13,1.0,0.1,0.49,0.12,22418,0.40989089012145996
0.85,0.94,0.41,0.67,1.13,1.0,0.1,0.49,0.12,22261,0.4138798713684082
0.85,0.94,0.41,0.67,1.13,1.0,0.1,0.49,0.12,22204,0.41793012619018555
0.85,0.94,0.41,0.67,1.13,1.0,0.1,0.49,0.12,22199,0.4189627170562744
0.84,0.94,0.41,0.67,1.13,1.0,0.11,0.49,0.12,22038,0.42185044288635254
0.85,0.94,0.41,0.67,1.14,1.0,0.1,0.5,0.12,21893,0.425978422164917
0.85,0.94,0.41,0.67,1.14,1.0,0.1,0.49,0.12,21842,0.4303908348083496
0.85,0.94,0.41,0.67,1.14,1.0,0.1,0.49,0.12,21883,0.4313833713531494
0.84,0.94,0.41,0.67,1.14,1.0,0.1,0.49,0.12,21974,0.4344027042388916
0.85,0.93,0.41,0.67,1.13,1.0,0.1,0.49,0.12,22261,0.43839120864868164
0.85,0.93,0.41,0.67,1.13,1.0,0.1,0.49,0.12,21824,0.44238948822021484
0.85,0.94,0.41,0.67,1.14,1.0,0.1,0.49,0.12,21695,0.4464268684387207
0.85,0.94,0.41,0.67,1.14,1.0,0.1,0.5,0.12,21716,0.4464268684387207
0.85,0.94,0.41,0.67,1.13,0.99,0.1,0.49,0.12,21703,0.450488805770874
0.85,0.94,0.41,0.67,1.13,0.99,0.1,0.49,0.13,21884,0.45515894889831543
0.85,0.94,0.41,0.67,1.13,0.99,0.1,0.49,0.12,21927,0.45916295051574707
0.85,0.94,0.41,0.67,1.13,1.0,0.1,0.49,0.12,22072,0.45916295051574707
0.85,0.94,0.41,0.66,1.13,0.99,0.1,0.49,0.12,22115,0.4631619453430176
0.85,0.94,0.41,0.67,1.13,0.99,0.1,0.49,0.12,22032,0.46725893020629883
0.85,0.94,0.41,0.67,1.13,1.0,0.1,0.49,0.12,21715,0.4712381362915039
0.85,0.94,0.41,0.66,1.13,0.99,0.1,0.49,0.12,21524,0.4712381362915039
0.85,0.94,0.41,0.67,1.13,0.99,0.1,0.49,0.12,21969,0.47510766983032227
0.85,0.94,0.41,0.67,1.13,0.99,0.1,0.49,0.12,22260,0.47923994064331055
0.85,0.94,0.41,0.67,1.13,1.0,0.09,0.49,0.12,22013,0.48329925537109375
0.85,0.94,0.41,0.67,1.13,0.99,0.1,0.49,0.12,21544,0.48430395126342773
0.85,0.93,0.41,0.67,1.13,1.0,0.09,0.49,0.12,21349,0.48758411407470703
0.85,0.94,0.41,0.67,1.14,0.99,0.1,0.49,0.12,21882,0.49159717559814453
0.85,0.94,0.41,0.68,1.14,1.0,0.1,0.49,0.13,22067,0.49658799171447754
0.85,0.93,0.41,0.67,1.13,1.0,0.1,0.49,0.12,22016,0.49658799171447754
0.85,0.93,0.41,0.67,1.14,1.0,0.1,0.49,0.12,22043,0.4996225833892822
0.85,0.94,0.41,0.68,1.14,1.0,0.1,0.49,0.12,22094,0.5046401023864746
0.85,0.94,0.41,0.67,1.13,1.0,0.1,0.49,0.12,21953,0.5087904930114746
0.84,0.94,0.41,0.67,1.14,1.0,0.1,0.49,0.12,21966,0.5087904930114746
0.85,0.94,0.41,0.67,1.14,1.0,0.1,0.49,0.12,21883,0.5118629932403564
0.85,0.93,0.41,0.67,1.14,1.0,0.1,0.49,0.12,21930,0.5159270763397217
0.85,0.93,0.41,0.67,1.14,1.0,0.1,0.49,0.12,21207,0.5199275016784668
0.85,0.93,0.41,0.67,1.14,0.99,0.1,0.49,0.12,21368,0.5239274501800537
0.85,0.93,0.41,0.68,1.14,1.0,0.1,0.49,0.12,22037,0.5251069068908691
0.85,0.94,0.41,0.67,1.14,1.0,0.1,0.49,0.12,21868,0.5289053916931152
0.84,0.93,0.41,0.68,1.14,1.0,0.1,0.49,0.12,21873,0.5325491428375244
0.84,0.93,0.41,0.67,1.14,1.0,0.1,0.49,0.12,21570,0.5365686416625977
0.85,0.93,0.41,0.67,1.14,1.0,0.1,0.49,0.12,21517,0.5375745296478271
0.85,0.93,0.41,0.67,1.14,1.0,0.1,0.49,0.13,21802,0.540581226348877
0.85,0.93,0.41,0.67,1.14,0.99,0.1,0.49,0.12,21865,0.545574426651001
0.85,0.93,0.41,0.67,1.14,1.0,0.1,0.49,0.12,22006,0.5489282608032227
0.85,0.93,0.41,0.67,1.14,1.0,0.1,0.49,0.12,21865,0.5499584674835205
0.85,0.94,0.41,0.67,1.14,1.0,0.1,0.49,0.12,21824,0.5529389381408691
0.85,0.93,0.41,0.67,1.14,1.0,0.1,0.49,0.12,21995,0.5578186511993408
0.85,0.93,0.41,0.67,1.14,1.0,0.1,0.49,0.12,21874,0.5618236064910889
0.85,0.93,0.41,0.67,1.14,1.0,0.1,0.49,0.12,22011,0.5618236064910889
0.85,0.93,0.41,0.67,1.14,1.0,0.1,0.49,0.12,22058,0.5658228397369385
0.85,0.93,0.41,0.67,1.14,1.0,0.1,0.49,0.13,22155,0.5699939727783203
0.85,0.93,0.41,0.67,1.14,1.0,0.1,0.49,0.12,22378,0.5740063190460205
0.85,0.94,0.41,0.67,1.14,1.0,0.1,0.49,0.13,22203,0.5750162601470947
0.85,0.93,0.41,0.67,1.14,1.0,0.1,0.49,0.12,21862,0.5784978866577148
0.85,0.93,0.41,0.67,1.14,1.0,0.1,0.49,0.12,21629,0.5819792747497559
0.84,0.93,0.41,0.67,1.14,1.0,0.1,0.49,0.12,21724,0.5858941078186035
0.85,0.93,0.41,0.67,1.14,1.0,0.1,0.49,0.12,21751,0.5889265537261963
0.85,0.93,0.41,0.66,1.14,1.0,0.1,0.49,0.12,21950,0.5899271965026855
0.85,0.93,0.41,0.67,1.14,1.0,0.1,0.49,0.12,22053,0.5940570831298828
0.85,0.93,0.41,0.67,1.14,1.0,0.1,0.48,0.12,22084,0.5980563163757324
0.85,0.93,0.41,0.67,1.14,1.0,0.1,0.48,0.12,22001,0.6013505458831787
0.85,0.93,0.41,0.67,1.14,1.0,0.1,0.48,0.12,22152,0.6023447513580322
0.85,0.93,0.41,0.67,1.14,1.0,0.1,0.49,0.12,22159,0.6068370342254639
0.85,0.93,0.41,0.67,1.14,1.0,0.1,0.49,0.12,21790,0.6103100776672363
0.85,0.93,0.41,0.66,1.14,1.0,0.1,0.49,0.12,22247,0.6142940521240234
0.85,0.93,0.41,0.67,1.14,1.0,0.1,0.49,0.12,22116,0.6152973175048828
0.85,0.93,0.41,0.67,1.14,1.0,0.1,0.49,0.12,21925,0.6184544563293457
0.85,0.93,0.41,0.67,1.14,1.0,0.1,0.48,0.12,21940,0.6232912540435791
0.85,0.93,0.41,0.67,1.14,1.0,0.1,0.49,0.12,21967,0.6273839473724365
0.85,0.94,0.41,0.67,1.14,1.0,0.1,0.49,0.12,22030,0.6273839473724365
0.85,0.93,0.41,0.67,1.14,1.0,0.1,0.48,0.12,22063,0.6313858032226562
0.85,0.93,0.41,0.67,1.14,1.0,0.1,0.49,0.12,22264,0.6353838443756104
0.85,0.93,0.41,0.67,1.14,1.0,0.1,0.49,0.12,22363,0.6394205093383789
0.85,0.93,0.41,0.67,1.14,1.0,0.1,0.49,0.12,22164,0.6394205093383789
0.85,0.93,0.41,0.67,1.14,1.0,0.09,0.49,0.12,21793,0.643460750579834
0.85,0.93,0.41,0.67,1.14,1.0,0.1,0.49,0.12,21782,0.6471602916717529
0.86,0.93,0.42,0.67,1.14,1.0,0.09,0.49,0.12,22219,0.6516363620758057
0.86,0.93,0.41,0.67,1.14,1.0,0.1,0.49,0.12,22186,0.6553816795349121
0.86,0.93,0.41,0.67,1.14,1.0,0.1,0.49,0.12,21831,0.6554574966430664
0.86,0.93,0.41,0.67,1.14,1.0,0.09,0.49,0.12,21600,0.6595287322998047
0.85,0.93,0.41,0.67,1.14,1.0,0.1,0.49,0.12,22115,0.6636173725128174
0.86,0.93,0.41,0.67,1.14,1.0,0.1,0.49,0.12,21974,0.6676170825958252
0.85,0.93,0.41,0.67,1.14,1.0,0.1,0.49,0.12,22147,0.6686177253723145
0.85,0.93,0.41,0.67,1.14,1.0,0.1,0.49,0.12,22094,0.6726176738739014
0.85,0.93,0.41,0.67,1.14,1.0,0.1,0.49,0.13,22171,0.6766812801361084
0.85,0.93,0.41,0.67,1.14,1.0,0.1,0.49,0.12,22110,0.6796882152557373
0.85,0.93,0.41,0.67,1.14,1.0,0.1,0.48,0.12,22199,0.6806824207305908
0.85,0.93,0.41,0.68,1.14,1.0,0.1,0.49,0.12,22524,0.6847283840179443
0.85,0.93,0.41,0.67,1.14,1.0,0.1,0.49,0.12,22551,0.6879138946533203
0.85,0.93,0.41,0.67,1.14,1.0,0.1,0.49,0.12,22118,0.691913366317749
0.85,0.93,0.41,0.67,1.14,1.0,0.1,0.49,0.12,22363,0.6929130554199219
0.85,0.93,0.41,0.68,1.14,1.0,0.1,0.48,0.12,21738,0.6969165802001953
0.85,0.93,0.41,0.67,1.14,1.0,0.1,0.48,0.12,21651,0.7009131908416748
0.85,0.93,0.41,0.68,1.14,1.0,0.1,0.49,0.12,21924,0.7047510147094727
0.85,0.94,0.41,0.66,1.14,1.0,0.1,0.49,0.12,21957,0.7057878971099854
0.85,0.93,0.41,0.67,1.14,1.0,0.1,0.49,0.12,22236,0.7097148895263672
0.85,0.93,0.41,0.67,1.14,1.0,0.1,0.49,0.12,22493,0.7136654853820801
0.85,0.94,0.41,0.67,1.14,1.0,0.1,0.48,0.12,22050,0.7176849842071533
0.85,0.94,0.41,0.67,1.14,1.0,0.1,0.48,0.12,22281,0.7176849842071533
0.85,0.94,0.41,0.67,1.14,1.0,0.1,0.48,0.12,22462,0.7218160629272461
0.85,0.94,0.41,0.68,1.14,1.0,0.1,0.49,0.12,22203,0.7258155345916748
0.85,0.94,0.41,0.67,1.14,1.0,0.1,0.49,0.12,21956,0.7298102378845215
0.85,0.94,0.41,0.68,1.14,1.0,0.1,0.49,0.12,22297,0.7332251071929932
0.85,0.94,0.41,0.68,1.14,1.0,0.1,0.49,0.12,22492,0.7332251071929932
0.85,0.93,0.41,0.68,1.14,1.0,0.1,0.48,0.12,22363,0.7386276721954346
0.85,0.94,0.41,0.68,1.14,1.0,0.1,0.49,0.12,22184,0.7414610385894775
0.85,0.94,0.41,0.68,1.14,1.0,0.1,0.49,0.12,21823,0.7458858489990234
0.85,0.94,0.41,0.68,1.14,1.0,0.1,0.49,0.12,21636,0.7464947700500488
0.85,0.94,0.41,0.68,1.14,1.0,0.1,0.49,0.12,21865,0.7504949569702148
0.85,0.94,0.41,0.67,1.14,1.0,0.1,0.49,0.12,21812,0.7537367343902588
0.85,0.94,0.41,0.67,1.14,1.0,0.1,0.48,0.12,21563,0.7578370571136475
0.85,0.94,0.41,0.67,1.14,1.0,0.1,0.49,0.12,21724,0.7589032649993896
0.85,0.93,0.41,0.67,1.14,1.0,0.1,0.48,0.12,21959,0.7626566886901855
0.85,0.93,0.41,0.67,1.14,1.0,0.1,0.48,0.12,21830,0.7667644023895264
0.85,0.94,0.41,0.68,1.14,1.01,0.1,0.49,0.12,21611,0.7701196670532227
0.85,0.94,0.41,0.68,1.14,1.0,0.1,0.49,0.12,21428,0.7708842754364014
0.85,0.94,0.41,0.68,1.14,1.0,0.1,0.49,0.12,21415,0.7748651504516602
0.85,0.94,0.41,0.68,1.14,1.0,0.1,0.49,0.12,21794,0.7781581878662109
0.85,0.94,0.41,0.67,1.14,1.0,0.1,0.49,0.12,22561,0.7821578979492188
0.85,0.93,0.41,0.67,1.13,1.0,0.1,0.48,0.12,22356,0.7831335067749023
0.85,0.93,0.41,0.67,1.14,1.0,0.1,0.49,0.12,22019,0.7861297130584717
0.85,0.93,0.41,0.67,1.14,1.0,0.1,0.49,0.12,22274,0.7911298274993896
0.85,0.94,0.41,0.67,1.14,1.0,0.1,0.48,0.12,21983,0.7950356006622314
0.85,0.93,0.41,0.68,1.14,1.0,0.1,0.48,0.12,22122,0.7981052398681641
0.85,0.94,0.41,0.68,1.14,1.0,0.1,0.48,0.12,22449,0.799086332321167
0.85,0.93,0.41,0.68,1.14,1.0,0.1,0.49,0.12,22114,0.8032815456390381
0.85,0.94,0.41,0.67,1.14,1.0,0.1,0.49,0.12,21623,0.8072793483734131
0.85,0.94,0.41,0.68,1.14,1.0,0.1,0.48,0.12,22010,0.810269832611084
0.85,0.94,0.41,0.67,1.14,1.0,0.1,0.49,0.12,22001,0.811279296875
0.85,0.93,0.41,0.68,1.14,1.0,0.1,0.49,0.12,21956,0.8159275054931641
0.85,0.94,0.41,0.67,1.14,1.0,0.1,0.49,0.12,22029,0.8193433284759521
0.85,0.93,0.41,0.68,1.13,1.0,0.1,0.48,0.12,21936,0.8228669166564941
0.86,0.94,0.41,0.68,1.14,1.0,0.1,0.48,0.12,21913,0.8238675594329834
0.85,0.94,0.41,0.68,1.14,1.0,0.1,0.49,0.12,22076,0.8278684616088867
0.85,0.94,0.41,0.68,1.14,1.0,0.1,0.49,0.12,22037,0.8318638801574707
0.85,0.93,0.41,0.68,1.14,1.0,0.1,0.49,0.12,21640,0.835731029510498
0.86,0.94,0.41,0.68,1.14,1.0,0.1,0.49,0.12,21797,0.836766242980957
0.85,0.94,0.41,0.67,1.14,1.0,0.1,0.49,0.12,21506,0.8392233848571777
0.85,0.94,0.41,0.68,1.14,1.0,0.1,0.49,0.12,21739,0.8443248271942139
0.85,0.93,0.41,0.68,1.14,1.0,0.1,0.49,0.12,21920,0.8483190536499023
0.85,0.94,0.41,0.67,1.14,1.0,0.1,0.49,0.12,22067,0.8483190536499023
0.85,0.93,0.41,0.68,1.14,1.0,0.1,0.49,0.12,22074,0.8523190021514893
0.86,0.94,0.41,0.68,1.14,1.0,0.1,0.49,0.12,21659,0.856433629989624
0.85,0.94,0.41,0.68,1.14,1.0,0.1,0.49,0.12,21702,0.8603229522705078
0.85,0.93,0.41,0.67,1.14,1.0,0.1,0.49,0.12,21729,0.8603229522705078
0.85,0.93,0.41,0.68,1.14,1.0,0.1,0.49,0.12,21796,0.864466667175293
0.85,0.93,0.41,0.68,1.14,1.0,0.1,0.49,0.12,21921,0.8685681819915771
0.85,0.94,0.41,0.67,1.14,1.0,0.1,0.49,0.12,21868,0.8729169368743896
0.86,0.93,0.41,0.67,1.14,1.0,0.1,0.49,0.12,21837,0.8763246536254883
0.85,0.94,0.41,0.68,1.14,1.0,0.1,0.49,0.12,21844,0.8763246536254883
0.85,0.94,0.41,0.68,1.14,1.0,0.1,0.49,0.12,21777,0.8813180923461914
0.85,0.93,0.41,0.67,1.14,1.0,0.1,0.49,0.12,21716,0.885345458984375
0.85,0.93,0.41,0.67,1.14,1.0,0.11,0.49,0.12,21551,0.8889102935791016
0.86,0.93,0.4,0.68,1.14,1.0,0.1,0.49,0.12,21544,0.8899462223052979
0.86,0.93,0.41,0.67,1.14,1.0,0.1,0.48,0.12,22039,0.893082857131958
0.85,0.93,0.41,0.67,1.14,1.0,0.1,0.49,0.12,22366,0.8970625400543213
0.85,0.93,0.41,0.67,1.14,1.0,0.1,0.49,0.12,22155,0.9010827541351318
0.85,0.93,0.41,0.67,1.14,1.0,0.1,0.49,0.12,21876,0.9020473957061768
0.85,0.93,0.41,0.67,1.14,1.0,0.1,0.49,0.12,21551,0.9053406715393066
0.86,0.93,0.41,0.67,1.14,1.0,0.1,0.49,0.12,21596,0.9103596210479736
0.86,0.93,0.41,0.67,1.14,1.0,0.1,0.49,0.12,21527,0.9134962558746338
0.85,0.93,0.41,0.67,1.14,0.99,0.1,0.49,0.12,22178,0.9144923686981201
0.85,0.93,0.41,0.68,1.14,1.0,0.1,0.49,0.12,21829,0.9184954166412354
0.85,0.94,0.41,0.68,1.14,1.0,0.1,0.49,0.12,21824,0.9224956035614014
0.85,0.93,0.41,0.67,1.14,1.0,0.1,0.49,0.12,21787,0.9264950752258301
0.85,0.93,0.41,0.67,1.14,1.0,0.1,0.49,0.12,21354,0.9264950752258301
0.85,0.93,0.41,0.68,1.14,1.0,0.1,0.49,0.12,21615,0.9297404289245605
0.85,0.93,0.41,0.67,1.14,1.0,0.1,0.49,0.12,21886,0.9345335960388184
0.86,0.93,0.41,0.68,1.14,1.0,0.1,0.49,0.12,22013,0.9385333061218262
0.85,0.93,0.41,0.68,1.14,1.0,0.1,0.49,0.12,22366,0.942115306854248
0.85,0.93,0.41,0.67,1.14,1.0,0.1,0.49,0.12,21837,0.9428431987762451
0.85,0.93,0.41,0.68,1.14,1.0,0.09,0.49,0.12,22104,0.9469900131225586
0.85,0.93,0.41,0.68,1.14,1.0,0.1,0.49,0.12,22465,0.9509923458099365
0.86,0.94,0.41,0.68,1.14,1.0,0.1,0.49,0.12,21804,0.954364538192749
0.85,0.93,0.41,0.67,1.14,1.0,0.1,0.49,0.12,21523,0.9555137157440186
0.85,0.94,0.41,0.67,1.14,1.0,0.1,0.49,0.12,21960,0.9585323333740234
0.85,0.93,0.41,0.67,1.14,1.0,0.1,0.49,0.12,21689,0.9626948833465576
0.85,0.93,0.41,0.67,1.14,0.99,0.1,0.49,0.13,21996,0.9669895172119141
0.86,0.93,0.41,0.68,1.14,1.0,0.1,0.49,0.12,21649,0.9669895172119141
0.85,0.93,0.41,0.67,1.14,1.0,0.1,0.49,0.12,21534,0.9710328578948975
0.85,0.93,0.41,0.67,1.14,1.0,0.1,0.49,0.12,21857,0.9760274887084961
0.85,0.93,0.41,0.67,1.14,1.0,0.1,0.49,0.12,22076,0.9793117046356201
0.86,0.93,0.41,0.68,1.14,1.0,0.1,0.49,0.12,21563,0.9800276756286621
0.85,0.93,0.41,0.67,1.14,0.99,0.1,0.49,0.12,21434,0.984027624130249
0.85,0.93,0.41,0.67,1.14,1.0,0.1,0.49,0.12,22055,0.9876232147216797
0.85,0.93,0.41,0.68,1.14,1.0,0.1,0.48,0.12,22180,0.991610050201416
0.85,0.93,0.41,0.67,1.14,1.0,0.1,0.49,0.12,21571,0.9925873279571533
0.85,0.93,0.41,0.68,1.14,1.0,0.1,0.49,0.12,21518,0.9953389167785645
0.85,0.93,0.41,0.68,1.14,1.0,0.1,0.49,0.12,22027,1.0001220703125
0.86,0.94,0.41,0.68,1.14,1.0,0.1,0.49,0.12,21970,1.003401517868042
0.86,0.94,0.41,0.68,1.14,1.0,0.1,0.49,0.12,21825,1.0078825950622559
0.85,0.93,0.41,0.68,1.14,1.0,0.11,0.49,0.12,22316,1.0088214874267578
0.85,0.94,0.41,0.68,1.15,1.0,0.1,0.49,0.12,22019,1.0118498802185059
0.86,0.93,0.41,0.68,1.14,1.0,0.1,0.49,0.12,21786,1.016984462738037
0.86,0.93,0.41,0.68,1.15,1.0,0.1,0.49,0.12,22037,1.0199816226959229
0.86,0.93,0.41,0.68,1.14,1.0,0.1,0.49,0.12,21900,1.0199816226959229
0.85,0.93,0.41,0.68,1.14,1.0,0.1,0.49,0.12,22167,1.024061679840088
0.86,0.93,0.41,0.67,1.14,1.0,0.1,0.49,0.12,22228,1.0280637741088867
0.86,0.93,0.4,0.68,1.15,1.0,0.1,0.49,0.12,21769,1.03220534324646
0.85,0.93,0.41,0.67,1.15,1.0,0.1,0.49,0.12,22054,1.0332236289978027
0.86,0.93,0.41,0.68,1.14,1.0,0.1,0.49,0.12,22261,1.036252737045288
0.86,0.93,0.41,0.67,1.14,1.0,0.1,0.49,0.12,22502,1.0402791500091553
0.85,0.94,0.41,0.68,1.14,0.99,0.1,0.49,0.12,22125,1.0442888736724854
0.86,0.93,0.41,0.67,1.14,0.99,0.1,0.49,0.12,22318,1.0452845096588135
0.85,0.93,0.41,0.68,1.14,1.0,0.1,0.49,0.12,22315,1.0492885112762451
0.86,0.94,0.41,0.68,1.14,1.0,0.1,0.49,0.12,22000,1.0527617931365967
0.86,0.93,0.41,0.67,1.15,1.0,0.1,0.49,0.12,21735,1.056980848312378
0.85,0.93,0.41,0.68,1.14,1.0,0.1,0.49,0.12,22020,1.0580084323883057
0.86,0.93,0.41,0.67,1.14,1.0,0.1,0.49,0.12,22003,1.061006784439087
0.86,0.93,0.41,0.68,1.14,1.0,0.1,0.49,0.12,21746,1.065006971359253
0.86,0.94,0.41,0.68,1.14,1.0,0.1,0.49,0.12,21787,1.0694501399993896
0.86,0.94,0.41,0.68,1.14,1.0,0.1,0.49,0.12,21856,1.0694501399993896
0.86,0.94,0.41,0.67,1.14,1.0,0.1,0.49,0.12,21597,1.073453664779663
0.86,0.94,0.41,0.67,1.14,1.0,0.1,0.49,0.12,21732,1.077512502670288
0.85,0.94,0.41,0.68,1.14,1.0,0.1,0.49,0.12,21497,1.0815186500549316
0.86,0.94,0.41,0.68,1.14,1.0,0.1,0.49,0.12,21652,1.0847647190093994
0.86,0.93,0.41,0.68,1.14,1.0,0.1,0.49,0.12,21867,1.0858023166656494
0.86,0.93,0.41,0.68,1.14,1.0,0.1,0.49,0.12,21944,1.0897998809814453
0.86,0.93,0.41,0.67,1.14,0.99,0.1,0.49,0.12,21957,1.0938303470611572
0.86,0.94,0.41,0.68,1.14,1.0,0.1,0.49,0.12,22210,1.097810983657837
0.85,0.93,0.41,0.68,1.14,1.0,0.1,0.49,0.12,22161,1.098799705505371
0.85,0.93,0.41,0.68,1.14,0.99,0.1,0.49,0.12,21862,1.1020772457122803
0.86,0.94,0.41,0.68,1.14,1.0,0.1,0.48,0.12,22109,1.106398582458496
0.86,0.94,0.41,0.67,1.15,1.0,0.1,0.49,0.12,22130,1.1101949214935303
0.86,0.93,0.41,0.68,1.15,1.0,0.1,0.49,0.12,22087,1.1101949214935303
0.85,0.93,0.41,0.68,1.14,1.0,0.1,0.48,0.12,22394,1.114194393157959
0.86,0.94,0.41,0.67,1.14,1.0,0.1,0.49,0.12,22255,1.1181938648223877
0.86,0.94,0.41,0.68,1.15,1.0,0.1,0.49,0.12,21884,1.1224188804626465
0.86,0.94,0.41,0.68,1.14,0.99,0.1,0.49,0.12,22215,1.1224188804626465
0.86,0.94,0.41,0.68,1.14,1.0,0.1,0.49,0.12,22236,1.1267313957214355
0.85,0.94,0.41,0.67,1.14,1.0,0.1,0.49,0.12,22189,1.1308400630950928
0.86,0.94,0.41,0.68,1.14,1.0,0.09,0.49,0.12,21710,1.1350908279418945
0.86,0.94,0.41,0.67,1.14,1.0,0.1,0.48,0.12,21751,1.1358399391174316
0.86,0.94,0.41,0.68,1.14,1.0,0.1,0.49,0.12,21776,1.1388399600982666
0.86,0.94,0.41,0.68,1.14,1.0,0.1,0.49,0.12,21825,1.1438844203948975
0.85,0.94,0.41,0.67,1.14,1.0,0.1,0.49,0.12,22214,1.1473214626312256
0.85,0.93,0.41,0.68,1.14,1.0,0.1,0.49,0.12,22033,1.1512773036956787
0.85,0.94,0.41,0.67,1.14,1.0,0.1,0.49,0.12,22156,1.1512773036956787
0.85,0.93,0.41,0.67,1.14,1.0,0.1,0.49,0.12,22517,1.15570068359375
0.86,0.94,0.41,0.68,1.14,1.0,0.1,0.49,0.12,22430,1.1599504947662354
0.85,0.94,0.41,0.67,1.14,1.0,0.1,0.49,0.12,22265,1.1635820865631104
0.86,0.94,0.41,0.68,1.14,1.0,0.11,0.49,0.12,21960,1.1646568775177002
0.85,0.94,0.41,0.67,1.14,1.0,0.1,0.49,0.12,21923,1.167560338973999
0.86,0.93,0.41,0.67,1.15,1.0,0.1,0.49,0.12,22050,1.1727805137634277
0.86,0.94,0.41,0.67,1.14,1.0,0.1,0.49,0.12,22069,1.175948143005371
0.85,0.93,0.41,0.67,1.14,1.0,0.1,0.49,0.12,22020,1.1770110130310059
0.86,0.94,0.41,0.67,1.14,1.0,0.1,0.49,0.12,22083,1.1799805164337158
0.86,0.94,0.41,0.67,1.14,1.0,0.1,0.49,0.12,21740,1.1840097904205322
0.86,0.94,0.41,0.67,1.14,1.0,0.1,0.49,0.12,21781,1.18818998336792
0.86,0.94,0.41,0.68,1.15,1.0,0.1,0.49,0.12,21894,1.189229965209961
0.85,0.93,0.41,0.67,1.15,1.0,0.1,0.49,0.12,22147,1.1922307014465332
0.85,0.93,0.41,0.67,1.14,1.0,0.1,0.49,0.12,22006,1.1970851421356201
0.85,0.94,0.41,0.67,1.14,1.0,0.1,0.49,0.12,21839,1.2004618644714355
0.86,0.94,0.41,0.67,1.15,0.99,0.1,0.49,0.12,22096,1.2011451721191406
0.86,0.94,0.41,0.67,1.14,0.99,0.1,0.49,0.12,22041,1.2046542167663574
0.86,0.94,0.41,0.67,1.14,0.99,0.1,0.49,0.12,21948,1.2089102268218994
0.86,0.94,0.41,0.67,1.15,1.0,0.09,0.49,0.12,21847,1.2129409313201904
0.86,0.94,0.41,0.67,1.14,1.0,0.11,0.49,0.12,21882,1.2139153480529785
0.86,0.94,0.41,0.67,1.14,0.99,0.1,0.49,0.12,21923,1.216233730316162
0.86,0.94,0.41,0.67,1.14,1.0,0.1,0.49,0.12,22400,1.221738576889038
0.86,0.94,0.41,0.68,1.14,1.0,0.1,0.49,0.12,22327,1.2248058319091797
0.86,0.94,0.41,0.67,1.14,1.0,0.1,0.49,0.12,22192,1.229013442993164
0.86,0.94,0.41,0.68,1.14,1.0,0.1,0.49,0.12,22357,1.2298188209533691
0.86,0.94,0.41,0.68,1.14,1.0,0.1,0.49,0.12,22282,1.2340900897979736
0.85,0.94,0.41,0.67,1.14,1.0,0.1,0.49,0.12,21805,1.2373108863830566
0.85,0.94,0.41,0.68,1.14,1.0,0.1,0.49,0.12,21426,1.2416632175445557
0.86,0.94,0.41,0.68,1.14,1.0,0.1,0.49,0.12,21407,1.2426753044128418
0.86,0.94,0.41,0.67,1.14,1.0,0.1,0.49,0.12,21324,1.2452242374420166
0.85,0.93,0.41,0.67,1.14,1.0,0.09,0.49,0.12,21721,1.2505090236663818
0.86,0.94,0.41,0.67,1.14,1.0,0.1,0.49,0.12,22204,1.2537407875061035
0.86,0.94,0.41,0.67,1.14,1.0,0.1,0.49,0.12,22187,1.2537407875061035
0.86,0.94,0.41,0.68,1.14,1.0,0.1,0.49,0.12,22034,1.2578952312469482
0.86,0.93,0.41,0.68,1.14,0.99,0.1,0.49,0.12,21777,1.2619435787200928
0.86,0.94,0.41,0.66,1.14,1.0,0.1,0.49,0.12,21828,1.2659435272216797
0.86,0.93,0.41,0.67,1.14,1.0,0.1,0.49,0.12,21741,1.266941785812378
0.85,0.94,0.41,0.67,1.14,1.0,0.1,0.49,0.12,22170,1.2699432373046875
0.86,0.94,0.41,0.68,1.14,1.0,0.1,0.49,0.12,22341,1.2739455699920654
0.85,0.94,0.41,0.67,1.14,1.0,0.1,0.49,0.12,21988,1.2782764434814453
0.86,0.94,0.41,0.67,1.14,1.0,0.1,0.49,0.12,22045,1.2782764434814453
0.86,0.93,0.41,0.67,1.14,1.0,0.1,0.49,0.12,22624,1.282576084136963
0.85,0.94,0.41,0.67,1.14,1.0,0.1,0.49,0.12,22397,1.2867140769958496
0.86,0.93,0.41,0.67,1.14,1.0,0.1,0.49,0.12,21932,1.2906825542449951
0.86,0.93,0.41,0.68,1.14,0.99,0.1,0.49,0.12,21889,1.2936818599700928
0.85,0.94,0.41,0.67,1.14,1.0,0.1,0.49,0.12,21700,1.2946832180023193
0.86,0.94,0.41,0.67,1.14,1.0,0.1,0.49,0.12,22137,1.2986822128295898
0.86,0.94,0.41,0.68,1.14,1.0,0.1,0.49,0.12,22410,1.3026978969573975
0.85,0.94,0.41,0.67,1.14,0.99,0.1,0.49,0.12,22117,1.3063123226165771
0.86,0.94,0.41,0.68,1.14,1.0,0.1,0.49,0.12,21926,1.3073124885559082
0.85,0.93,0.41,0.67,1.14,1.0,0.1,0.49,0.12,21751,1.3115193843841553
0.86,0.93,0.41,0.67,1.14,1.0,0.1,0.49,0.12,22086,1.3153748512268066
0.85,0.94,0.41,0.67,1.14,1.0,0.1,0.49,0.12,22621,1.319528341293335
0.85,0.94,0.41,0.67,1.14,1.0,0.1,0.49,0.12,22320,1.319528341293335
0.86,0.94,0.41,0.67,1.14,1.0,0.1,0.49,0.12,21695,1.3237943649291992
0.86,0.94,0.41,0.66,1.14,1.0,0.1,0.49,0.12,21602,1.3277978897094727
0.86,0.93,0.41,0.66,1.14,1.0,0.1,0.49,0.12,21773,1.3314852714538574
0.86,0.94,0.41,0.67,1.14,1.0,0.1,0.49,0.12,21750,1.3325221538543701
0.86,0.93,0.41,0.67,1.14,1.0,0.1,0.49,0.12,21699,1.335521936416626
0.86,0.94,0.41,0.67,1.14,1.0,0.1,0.49,0.12,21816,1.3405218124389648
0.86,0.94,0.41,0.67,1.14,1.0,0.1,0.49,0.12,21759,1.3435661792755127
0.85,0.94,0.41,0.67,1.14,1.0,0.1,0.49,0.12,21706,1.3445382118225098
0.86,0.93,0.41,0.68,1.14,1.0,0.1,0.49,0.12,22363,1.3485395908355713
0.85,0.93,0.41,0.67,1.14,1.0,0.1,0.49,0.12,22092,1.3520820140838623
0.86,0.93,0.41,0.67,1.14,1.0,0.1,0.5,0.12,21695,1.3561785221099854
0.86,0.94,0.41,0.67,1.14,1.0,0.1,0.49,0.12,21636,1.3572056293487549
0.85,0.94,0.41,0.67,1.14,1.0,0.1,0.49,0.12,22065,1.3609554767608643
0.86,0.94,0.41,0.67,1.14,1.0,0.1,0.49,0.12,22156,1.364304542541504
0.86,0.93,0.41,0.66,1.14,1.0,0.1,0.49,0.12,21943,1.3693573474884033
0.86,0.94,0.41,0.67,1.14,1.0,0.1,0.49,0.12,22028,1.3693573474884033
0.86,0.93,0.41,0.67,1.13,1.0,0.1,0.49,0.12,22141,1.372352123260498
0.86,0.94,0.41,0.67,1.14,1.0,0.1,0.49,0.12,21738,1.3769903182983398
0.86,0.93,0.41,0.67,1.14,1.0,0.1,0.49,0.12,21859,1.3817815780639648
0.86,0.94,0.41,0.67,1.14,1.0,0.1,0.49,0.12,22172,1.3848927021026611
0.86,0.94,0.41,0.67,1.14,1.0,0.1,0.49,0.12,22205,1.38578200340271
0.86,0.94,0.41,0.67,1.14,1.0,0.1,0.49,0.13,22238,1.3887720108032227
0.86,0.93,0.41,0.67,1.14,1.0,0.11,0.49,0.12,22453,1.3931198120117188
0.86,0.94,0.41,0.68,1.14,1.0,0.1,0.49,0.12,22234,1.3974034786224365
0.86,0.94,0.41,0.66,1.13,1.0,0.1,0.49,0.12,22137,1.3974034786224365
0.86,0.94,0.41,0.67,1.14,1.0,0.1,0.49,0.12,22018,1.4010875225067139
0.86,0.94,0.41,0.67,1.14,1.0,0.1,0.49,0.12,22287,1.4059767723083496
0.86,0.94,0.41,0.67,1.14,1.0,0.1,0.49,0.12,22564,1.4095172882080078
0.86,0.93,0.41,0.67,1.14,1.0,0.1,0.49,0.12,22045,1.4095172882080078
0.86,0.93,0.41,0.67,1.14,1.0,0.1,0.49,0.12,21724,1.4135448932647705
0.86,0.94,0.41,0.67,1.14,1.0,0.1,0.49,0.12,22081,1.417534589767456
0.86,0.94,0.41,0.67,1.14,1.0,0.1,0.49,0.12,21958,1.4222640991210938
0.86,0.94,0.41,0.67,1.14,1.0,0.1,0.49,0.12,21751,1.4222640991210938
0.85,0.94,0.41,0.67,1.14,0.99,0.1,0.49,0.12,22190,1.4256701469421387
0.85,0.94,0.41,0.67,1.14,0.99,0.1,0.49,0.12,22157,1.429521083831787
0.86,0.93,0.41,0.67,1.14,1.0,0.1,0.49,0.12,22176,1.4337060451507568
0.86,0.93,0.41,0.67,1.14,0.99,0.1,0.49,0.12,22079,1.4347240924835205
0.86,0.94,0.41,0.67,1.14,1.0,0.1,0.49,0.12,22252,1.4376962184906006
0.86,0.93,0.41,0.67,1.14,0.99,0.1,0.49,0.12,22153,1.4417650699615479
0.86,0.93,0.41,0.67,1.14,0.99,0.1,0.49,0.12,22198,1.4468870162963867
0.86,0.94,0.41,0.67,1.14,0.99,0.1,0.49,0.13,22287,1.4468870162963867
0.86,0.94,0.41,0.68,1.14,0.99,0.1,0.49,0.13,21886,1.4498710632324219
0.86,0.94,0.41,0.67,1.14,0.99,0.1,0.49,0.12,22123,1.4540722370147705
0.86,0.93,0.41,0.67,1.14,0.99,0.1,0.49,0.12,22036,1.4586756229400635
0.86,0.94,0.41,0.67,1.14,0.99,0.1,0.49,0.12,21529,1.4617433547973633
0.86,0.94,0.41,0.67,1.14,0.99,0.1,0.49,0.12,21982,1.462785243988037
0.86,0.94,0.41,0.67,1.14,0.99,0.1,0.49,0.12,22319,1.4669475555419922
0.86,0.94,0.41,0.67,1.14,0.99,0.1,0.49,0.12,22164,1.4709486961364746
0.86,0.93,0.41,0.67,1.13,0.99,0.1,0.49,0.12,21977,1.4746417999267578
0.86,0.94,0.41,0.67,1.14,1.0,0.11,0.49,0.12,22260,1.4756946563720703
0.86,0.94,0.41,0.67,1.14,1.0,0.1,0.49,0.12,22171,1.4787077903747559
0.86,0.93,0.41,0.67,1.14,1.0,0.1,0.49,0.12,21860,1.4831652641296387
0.86,0.94,0.41,0.67,1.14,1.0,0.1,0.49,0.12,21975,1.4869904518127441
0.85,0.94,0.41,0.67,1.14,1.0,0.1,0.49,0.12,22080,1.488173007965088
0.86,0.94,0.41,0.68,1.14,1.0,0.1,0.49,0.12,21667,1.491236925125122
0.85,0.94,0.41,0.67,1.14,1.0,0.1,0.49,0.12,21818,1.4957201480865479
0.85,0.93,0.4,0.67,1.14,1.0,0.1,0.49,0.12,21823,1.4997200965881348
0.85,0.93,0.41,0.67,1.14,0.99,0.1,0.49,0.12,21958,1.4997200965881348
0.85,0.93,0.41,0.67,1.14,1.0,0.1,0.49,0.12,22301,1.5037221908569336
0.86,0.93,0.41,0.68,1.14,1.0,0.1,0.49,0.12,22000,1.5073912143707275
0.86,0.93,0.41,0.67,1.14,1.0,0.1,0.49,0.12,21391,1.511472463607788
0.85,0.93,0.41,0.67,1.14,1.0,0.1,0.49,0.12,21778,1.5125007629394531
0.86,0.93,0.41,0.67,1.14,1.0,0.1,0.49,0.12,22463,1.5159330368041992
0.86,0.93,0.41,0.68,1.14,0.99,0.1,0.49,0.12,21942,1.5209691524505615
0.86,0.93,0.41,0.67,1.14,0.99,0.09,0.49,0.12,22033,1.5249691009521484
0.86,0.93,0.41,0.68,1.14,1.0,0.1,0.49,0.12,21970,1.5249691009521484
0.85,0.94,0.41,0.67,1.14,1.0,0.1,0.49,0.12,21761,1.528193473815918
0.86,0.94,0.41,0.67,1.14,1.0,0.1,0.49,0.12,21642,1.5326519012451172
0.86,0.93,0.41,0.68,1.14,1.0,0.1,0.49,0.12,21811,1.5369601249694824
0.86,0.94,0.41,0.67,1.13,1.0,0.1,0.49,0.12,21548,1.5403718948364258
0.86,0.94,0.41,0.67,1.14,1.0,0.1,0.49,0.12,21699,1.5414271354675293
0.86,0.93,0.41,0.67,1.14,1.0,0.1,0.49,0.12,21710,1.544445276260376
0.86,0.94,0.41,0.68,1.14,1.0,0.1,0.49,0.12,22035,1.548595905303955
0.86,0.93,0.41,0.67,1.14,1.0,0.1,0.49,0.12,21968,1.5525810718536377
0.86,0.94,0.41,0.67,1.14,1.0,0.1,0.49,0.12,22297,1.553588628768921
0.86,0.93,0.41,0.67,1.14,1.0,0.1,0.49,0.13,21800,1.5565402507781982
0.85,0.94,0.41,0.67,1.14,1.0,0.1,0.49,0.12,21527,1.560685396194458
0.85,0.93,0.41,0.67,1.14,1.0,0.1,0.49,0.12,21768,1.5651063919067383
0.86,0.93,0.41,0.67,1.14,1.0,0.1,0.49,0.12,22011,1.5661811828613281
0.85,0.93,0.41,0.67,1.14,1.0,0.1,0.49,0.12,21910,1.5692074298858643
0.86,0.93,0.41,0.67,1.14,1.0,0.1,0.49,0.12,22093,1.5728514194488525
0.86,0.94,0.41,0.68,1.14,1.0,0.1,0.49,0.12,22326,1.5778470039367676
0.86,0.94,0.41,0.67,1.14,1.0,0.1,0.49,0.12,22077,1.5778470039367676
0.86,0.94,0.42,0.67,1.14,1.0,0.1,0.49,0.12,21682,1.581848382949829
0.86,0.93,0.41,0.67,1.14,0.99,0.1,0.49,0.12,21773,1.585848093032837
0.86,0.93,0.41,0.68,1.14,1.0,0.1,0.49,0.12,21990,1.5899441242218018
0.86,0.94,0.41,0.67,1.14,1.0,0.1,0.49,0.12,22199,1.5899441242218018
0.85,0.93,0.41,0.67,1.14,1.0,0.1,0.49,0.12,21850,1.5933148860931396
0.86,0.93,0.41,0.68,1.14,1.0,0.1,0.49,0.13,21983,1.597348690032959
0.86,0.93,0.41,0.68,1.14,1.0,0.1,0.49,0.12,22326,1.6025328636169434
0.86,0.94,0.41,0.68,1.14,1.0,0.1,0.49,0.12,22353,1.6025328636169434
0.86,0.93,0.41,0.67,1.14,1.0,0.1,0.49,0.12,22254,1.6065363883972168
0.86,0.93,0.41,0.68,1.14,1.0,0.1,0.49,0.12,22133,1.609675645828247
0.86,0.94,0.41,0.67,1.14,1.0,0.1,0.49,0.12,22264,1.6148765087127686
0.85,0.94,0.41,0.68,1.14,1.0,0.1,0.49,0.12,22241,1.618485927581787
0.86,0.94,0.41,0.68,1.14,1.0,0.11,0.48,0.12,22182,1.618485927581787
0.86,0.94,0.41,0.67,1.14,1.0,0.09,0.49,0.12,21923,1.6224706172943115
0.86,0.93,0.41,0.67,1.14,1.0,0.1,0.49,0.12,21496,1.6262102127075195
0.86,0.94,0.41,0.67,1.14,1.0,0.1,0.49,0.12,21385,1.6302435398101807
0.86,0.93,0.41,0.68,1.14,1.0,0.1,0.49,0.12,21956,1.6302435398101807
0.86,0.93,0.41,0.67,1.14,1.0,0.1,0.49,0.12,21711,1.634390115737915
0.86,0.94,0.41,0.68,1.14,1.0,0.11,0.49,0.12,21068,1.63838529586792
0.86,0.93,0.41,0.67,1.14,1.0,0.1,0.49,0.12,21497,1.642390489578247
0.86,0.94,0.41,0.68,1.14,1.0,0.1,0.49,0.12,22120,1.6434049606323242
0.86,0.94,0.41,0.67,1.14,1.0,0.1,0.49,0.12,22405,1.6473910808563232
0.86,0.94,0.41,0.68,1.14,1.0,0.1,0.49,0.12,22080,1.6513988971710205
0.86,0.94,0.41,0.67,1.14,1.0,0.1,0.49,0.12,21937,1.6553997993469238
0.86,0.94,0.41,0.68,1.14,1.0,0.1,0.49,0.12,21714,1.6553997993469238
0.86,0.94,0.41,0.68,1.14,1.0,0.1,0.49,0.12,21541,1.6594305038452148
0.86,0.94,0.41,0.68,1.14,1.0,0.1,0.49,0.12,21320,1.6629855632781982
0.86,0.94,0.41,0.68,1.14,1.0,0.1,0.49,0.12,21641,1.6686680316925049
0.86,0.94,0.41,0.68,1.14,1.0,0.1,0.49,0.12,21622,1.6686680316925049
0.86,0.94,0.41,0.68,1.14,1.0,0.1,0.49,0.12,21677,1.6716678142547607
0.86,0.93,0.41,0.68,1.14,1.0,0.1,0.49,0.12,22192,1.6756377220153809
0.87,0.93,0.41,0.68,1.14,1.0,0.1,0.49,0.12,21891,1.6796326637268066
0.87,0.93,0.41,0.68,1.14,1.0,0.1,0.49,0.11,22184,1.6834368705749512
0.86,0.94,0.41,0.68,1.14,1.0,0.1,0.49,0.12,22169,1.6834368705749512
0.86,0.93,0.41,0.68,1.14,1.0,0.1,0.49,0.12,21800,1.6875872611999512
0.86,0.93,0.41,0.68,1.14,1.0,0.1,0.5,0.12,21943,1.6917214393615723
0.86,0.94,0.41,0.68,1.14,1.0,0.1,0.49,0.12,22502,1.6957223415374756
0.86,0.93,0.41,0.68,1.14,1.0,0.1,0.49,0.12,22779,1.696742296218872
0.86,0.94,0.41,0.68,1.14,1.0,0.1,0.49,0.12,22286,1.700066328048706
0.86,0.93,0.41,0.68,1.14,1.0,0.1,0.49,0.12,22145,1.7040700912475586
0.86,0.94,0.41,0.68,1.14,1.0,0.1,0.49,0.12,21684,1.7080724239349365
0.86,0.94,0.41,0.68,1.14,1.0,0.1,0.49,0.12,21919,1.709101676940918
0.86,0.93,0.41,0.68,1.14,1.0,0.1,0.49,0.12,21820,1.7123503684997559
0.86,0.93,0.41,0.68,1.14,1.0,0.09,0.49,0.12,22125,1.7163488864898682
0.86,0.94,0.41,0.68,1.14,1.0,0.1,0.49,0.12,21962,1.7203638553619385
0.87,0.94,0.41,0.68,1.14,1.0,0.1,0.49,0.12,22075,1.7213373184204102
0.86,0.94,0.41,0.68,1.14,1.0,0.1,0.49,0.12,21826,1.724484920501709
0.86,0.94,0.41,0.68,1.14,1.0,0.1,0.49,0.12,21933,1.728475570678711
0.86,0.94,0.41,0.68,1.14,1.01,0.1,0.49,0.12,22198,1.7327890396118164
0.87,0.93,0.41,0.68,1.14,1.0,0.1,0.49,0.12,22251,1.7338242530822754
0.87,0.94,0.41,0.68,1.14,1.0,0.1,0.49,0.12,21884,1.7373006343841553
0.87,0.94,0.41,0.68,1.14,1.0,0.1,0.49,0.12,22265,1.741316795349121
0.86,0.94,0.41,0.68,1.14,1.0,0.1,0.49,0.12,22466,1.7453563213348389
0.86,0.93,0.41,0.68,1.14,1.0,0.1,0.49,0.12,22361,1.74873948097229
0.86,0.93,0.41,0.68,1.14,1.0,0.1,0.49,0.12,22278,1.7497525215148926
0.86,0.94,0.41,0.68,1.14,1.0,0.1,0.49,0.12,22245,1.7537541389465332
0.86,0.94,0.41,0.67,1.14,1.0,0.1,0.49,0.12,21956,1.7571163177490234
0.87,0.94,0.41,0.68,1.14,1.0,0.1,0.49,0.12,21497,1.7615511417388916
0.86,0.94,0.41,0.67,1.14,1.0,0.1,0.49,0.12,21404,1.7624444961547852
0.86,0.94,0.41,0.68,1.14,1.0,0.1,0.49,0.12,22165,1.7659597396850586
0.86,0.93,0.41,0.68,1.14,1.0,0.1,0.49,0.12,22102,1.770958662033081
0.86,0.94,0.41,0.68,1.14,1.0,0.1,0.49,0.12,21945,1.7739582061767578
0.86,0.94,0.41,0.67,1.14,1.0,0.1,0.49,0.12,21934,1.7739582061767578
0.86,0.93,0.41,0.67,1.14,1.0,0.1,0.49,0.12,21717,1.7782750129699707
0.86,0.93,0.41,0.68,1.14,1.0,0.1,0.49,0.12,21796,1.7818915843963623
0.86,0.94,0.41,0.67,1.14,1.0,0.1,0.49,0.12,22355,1.785921335220337
0.86,0.94,0.41,0.68,1.14,1.0,0.1,0.49,0.12,22226,1.7869198322296143
0.86,0.93,0.41,0.67,1.14,1.0,0.1,0.49,0.12,22423,1.7909245491027832
0.86,0.94,0.41,0.67,1.14,1.0,0.1,0.49,0.12,22168,1.793924331665039
0.86,0.94,0.41,0.67,1.14,1.0,0.1,0.5,0.13,21885,1.7982282638549805
0.86,0.94,0.42,0.67,1.14,1.0,0.1,0.49,0.12,22094,1.7992806434631348
0.86,0.93,0.41,0.67,1.14,0.99,0.09,0.49,0.12,22177,1.8022072315216064
0.86,0.94,0.41,0.67,1.14,1.0,0.1,0.49,0.12,22492,1.806382656097412
0.86,0.93,0.41,0.68,1.14,1.0,0.09,0.49,0.12,22439,1.8113744258880615
0.86,0.93,0.41,0.67,1.14,1.0,0.1,0.49,0.12,22256,1.8113744258880615
0.86,0.93,0.41,0.67,1.13,1.0,0.1,0.49,0.12,22459,1.8153741359710693
0.86,0.93,0.41,0.68,1.14,0.99,0.1,0.49,0.12,22430,1.8193798065185547
0.86,0.93,0.41,0.67,1.14,1.0,0.1,0.49,0.12,22081,1.8236124515533447
0.86,0.93,0.42,0.67,1.14,1.0,0.1,0.49,0.12,21872,1.8267192840576172
0.86,0.93,0.41,0.68,1.13,1.0,0.1,0.49,0.12,21945,1.8277559280395508
0.86,0.94,0.41,0.67,1.14,1.0,0.1,0.49,0.12,21940,1.8308796882629395
0.87,0.93,0.41,0.68,1.14,1.0,0.1,0.49,0.12,22189,1.8351008892059326
0.86,0.93,0.41,0.68,1.14,1.0,0.1,0.49,0.12,22262,1.8390884399414062
0.87,0.93,0.41,0.68,1.14,1.0,0.1,0.49,0.12,22349,1.840087890625
0.86,0.93,0.41,0.68,1.13,1.0,0.1,0.49,0.12,22344,1.843099594116211
0.87,0.93,0.41,0.68,1.14,1.0,0.1,0.49,0.12,22401,1.8480992317199707
0.86,0.94,0.41,0.67,1.14,1.0,0.1,0.49,0.12,22072,1.8512799739837646
0.86,0.93,0.41,0.68,1.14,1.0,0.1,0.49,0.12,21985,1.8512799739837646
0.86,0.93,0.41,0.68,1.14,1.0,0.1,0.49,0.12,22104,1.8554437160491943
0.86,0.93,0.41,0.68,1.14,1.0,0.1,0.49,0.12,21851,1.8596842288970947
0.87,0.93,0.41,0.68,1.14,0.99,0.09,0.49,0.12,21592,1.863724708557129
0.87,0.93,0.41,0.68,1.14,0.99,0.1,0.49,0.12,22007,1.864696979522705
0.87,0.93,0.41,0.68,1.14,0.99,0.1,0.49,0.12,21974,1.8678398132324219
0.86,0.93,0.41,0.68,1.14,1.0,0.1,0.49,0.12,21677,1.871824026107788
0.87,0.93,0.42,0.68,1.14,0.99,0.1,0.49,0.12,21546,1.876831293106079
0.86,0.93,0.41,0.68,1.14,0.99,0.1,0.49,0.12,21823,1.876831293106079
0.86,0.93,0.42,0.68,1.14,0.99,0.1,0.49,0.12,21688,1.880826711654663
0.87,0.93,0.41,0.68,1.14,1.0,0.1,0.49,0.12,21791,1.8844327926635742
0.86,0.93,0.41,0.68,1.14,0.99,0.1,0.49,0.12,21956,1.8883452415466309
0.86,0.93,0.42,0.68,1.14,0.99,0.1,0.49,0.12,22243,1.8914356231689453
0.86,0.93,0.41,0.68,1.14,1.0,0.1,0.49,0.12,21948,1.8924777507781982
0.86,0.94,0.41,0.68,1.14,1.0,0.1,0.49,0.12,21637,1.8966660499572754
0.86,0.93,0.41,0.68,1.14,1.0,0.1,0.49,0.12,21988,1.9006664752960205
0.86,0.93,0.41,0.68,1.14,1.0,0.09,0.49,0.12,22073,1.904675006866455
0.86,0.93,0.42,0.68,1.14,1.0,0.1,0.49,0.12,21978,1.9056732654571533
0.86,0.93,0.42,0.68,1.14,1.0,0.1,0.49,0.12,22157,1.9087042808532715
0.86,0.93,0.41,0.68,1.14,0.99,0.1,0.49,0.12,22028,1.912966251373291
0.86,0.93,0.42,0.68,1.14,1.0,0.1,0.49,0.12,22459,1.9168787002563477
0.86,0.93,0.41,0.68,1.14,1.0,0.1,0.49,0.12,22378,1.9180419445037842
0.86,0.93,0.41,0.68,1.14,1.0,0.1,0.49,0.12,21751,1.9210460186004639
0.86,0.93,0.41,0.68,1.14,1.0,0.1,0.49,0.12,21750,1.92604660987854
0.87,0.93,0.41,0.69,1.14,1.0,0.1,0.49,0.12,22263,1.9290459156036377
0.86,0.93,0.41,0.69,1.14,1.0,0.1,0.49,0.12,22106,1.9300425052642822
0.86,0.93,0.41,0.68,1.14,1.0,0.1,0.49,0.12,22183,1.93404221534729
0.87,0.93,0.41,0.68,1.14,1.0,0.1,0.5,0.12,22492,1.9374964237213135
0.86,0.93,0.41,0.68,1.14,1.0,0.1,0.49,0.12,22297,1.9413762092590332
0.87,0.93,0.41,0.68,1.14,1.0,0.1,0.49,0.12,21582,1.9424076080322266
0.86,0.93,0.41,0.68,1.14,1.0,0.1,0.49,0.12,21681,1.945612907409668
0.86,0.93,0.41,0.68,1.14,1.0,0.1,0.49,0.12,22352,1.950727939605713
0.86,0.93,0.42,0.67,1.14,1.0,0.1,0.49,0.12,22011,1.9548954963684082
0.86,0.93,0.42,0.68,1.14,1.0,0.1,0.49,0.12,21996,1.9548954963684082
0.86,0.93,0.42,0.67,1.14,1.0,0.1,0.49,0.12,22143,1.9587650299072266
0.86,0.93,0.41,0.68,1.14,1.0,0.1,0.49,0.12,22102,1.9622442722320557
0.87,0.94,0.42,0.67,1.14,0.99,0.1,0.49,0.12,21673,1.9665048122406006
0.86,0.93,0.41,0.68,1.14,1.0,0.1,0.49,0.12,21724,1.9705822467803955
0.86,0.93,0.41,0.68,1.14,1.0,0.1,0.49,0.12,21699,1.9705822467803955
0.87,0.93,0.41,0.68,1.14,1.0,0.1,0.49,0.12,21548,1.9751524925231934
0.86,0.93,0.41,0.68,1.14,1.0,0.1,0.49,0.12,21895,1.9791350364685059
0.86,0.93,0.41,0.68,1.14,0.99,0.1,0.49,0.12,21692,1.9823822975158691
0.86,0.93,0.41,0.68,1.14,1.0,0.1,0.49,0.12,21629,1.9831352233886719
0.87,0.93,0.41,0.68,1.14,1.0,0.1,0.49,0.12,21450,1.9871351718902588
0.86,0.93,0.41,0.68,1.14,1.0,0.1,0.49,0.12,21303,1.9915080070495605
0.87,0.93,0.41,0.68,1.14,1.0,0.1,0.49,0.12,21824,1.9951403141021729
0.87,0.93,0.41,0.67,1.14,1.0,0.1,0.49,0.12,21979,1.9962036609649658
0.87,0.93,0.41,0.67,1.14,1.0,0.1,0.49,0.12,21832,1.9995086193084717
0.87,0.93,0.41,0.67,1.14,1.0,0.1,0.49,0.12,21625,2.003202199935913
0.87,0.93,0.41,0.67,1.14,1.0,0.1,0.49,0.12,21606,2.007192611694336
0.86,0.93,0.41,0.67,1.14,1.0,0.1,0.49,0.12,21523,2.0079293251037598
0.87,0.93,0.41,0.68,1.14,1.0,0.1,0.49,0.12,21576,2.0111963748931885
0.87,0.94,0.41,0.68,1.14,1.0,0.1,0.49,0.12,21821,2.016681671142578
0.86,0.94,0.41,0.67,1.14,1.0,0.1,0.5,0.12,22004,2.0200374126434326
0.86,0.93,0.41,0.68,1.14,1.0,0.1,0.49,0.12,21979,2.021019220352173
0.86,0.93,0.41,0.68,1.14,1.0,0.1,0.49,0.12,22132,2.024250030517578
0.86,0.94,0.41,0.68,1.14,1.0,0.1,0.49,0.12,22005,2.027505397796631
0.87,0.94,0.41,0.67,1.14,1.0,0.1,0.49,0.12,21904,2.0315005779266357
0.86,0.94,0.41,0.67,1.14,1.0,0.1,0.49,0.12,22153,2.0362579822540283
0.87,0.94,0.41,0.67,1.14,1.0,0.1,0.49,0.12,22104,2.0362579822540283
0.87,0.93,0.41,0.67,1.14,1.0,0.1,0.49,0.12,21891,2.040234088897705
0.87,0.94,0.41,0.67,1.14,1.0,0.1,0.49,0.12,21810,2.0433151721954346
0.86,0.94,0.41,0.67,1.14,1.0,0.1,0.5,0.12,22005,2.0483291149139404
0.87,0.93,0.41,0.67,1.14,1.0,0.1,0.49,0.12,22488,2.0483291149139404
0.87,0.93,0.41,0.67,1.14,1.0,0.1,0.49,0.12,22025,2.0520665645599365
0.87,0.93,0.42,0.67,1.14,1.0,0.1,0.49,0.12,21524,2.0563101768493652
0.87,0.93,0.41,0.67,1.14,1.0,0.1,0.49,0.12,21645,2.0598936080932617
0.87,0.93,0.41,0.67,1.14,1.0,0.1,0.49,0.12,21796,2.060875177383423
0.86,0.93,0.41,0.67,1.14,1.0,0.1,0.49,0.12,22185,2.064861297607422
0.87,0.93,0.41,0.67,1.14,1.0,0.1,0.49,0.12,22274,2.0688605308532715
0.87,0.93,0.41,0.67,1.14,1.0,0.1,0.49,0.12,21951,2.072903871536255
0.86,0.93,0.41,0.68,1.14,1.0,0.1,0.49,0.12,21742,2.073904037475586
0.86,0.93,0.41,0.67,1.14,1.0,0.1,0.49,0.12,21493,2.0770773887634277
0.86,0.94,0.41,0.67,1.14,1.0,0.1,0.49,0.12,21588,2.082097291946411
0.87,0.93,0.41,0.67,1.14,1.0,0.1,0.49,0.13,21465,2.0849339962005615
0.87,0.93,0.41,0.67,1.14,1.0,0.1,0.49,0.12,22042,2.085967779159546
0.87,0.94,0.41,0.68,1.14,1.0,0.1,0.49,0.12,21841,2.088963747024536
0.87,0.93,0.41,0.68,1.14,1.0,0.1,0.49,0.12,21752,2.093061923980713
0.86,0.93,0.41,0.67,1.14,1.0,0.1,0.49,0.12,21873,2.0970706939697266
0.87,0.94,0.41,0.67,1.14,1.0,0.1,0.49,0.12,22402,2.1012206077575684
0.86,0.94,0.41,0.67,1.14,1.0,0.1,0.49,0.12,22419,2.1012206077575684
0.86,0.93,0.41,0.67,1.14,1.0,0.1,0.49,0.12,21958,2.105803966522217
0.86,0.93,0.41,0.68,1.14,1.0,0.1,0.49,0.12,21905,2.1098060607910156
0.86,0.93,0.41,0.68,1.14,1.0,0.1,0.49,0.12,21944,2.1138315200805664
0.87,0.93,0.41,0.67,1.14,1.0,0.1,0.49,0.12,21805,2.1148526668548584
0.87,0.93,0.41,0.67,1.14,1.0,0.1,0.49,0.12,21952,2.118342399597168
0.87,0.94,0.41,0.68,1.14,1.0,0.1,0.49,0.12,22041,2.122145891189575
0.87,0.94,0.41,0.67,1.14,1.0,0.1,0.49,0.12,21916,2.1261894702911377
0.87,0.93,0.41,0.67,1.14,1.0,0.1,0.49,0.12,21841,2.1271984577178955
0.86,0.93,0.41,0.67,1.14,1.0,0.1,0.49,0.12,21974,2.130676031112671
0.87,0.93,0.41,0.67,1.14,1.0,0.1,0.49,0.12,22303,2.1354806423187256
0.87,0.94,0.41,0.68,1.14,1.0,0.1,0.49,0.12,21882,2.1386804580688477
0.87,0.94,0.41,0.68,1.14,1.0,0.1,0.49,0.12,21615,2.1386804580688477
0.87,0.94,0.41,0.67,1.14,1.0,0.1,0.49,0.12,22218,2.142195224761963
0.86,0.94,0.41,0.68,1.14,1.0,0.1,0.49,0.12,22291,2.1471972465515137
0.87,0.93,0.42,0.67,1.14,1.0,0.1,0.49,0.12,21966,2.1513726711273193
0.87,0.93,0.41,0.67,1.14,1.0,0.1,0.49,0.12,22163,2.1513726711273193
0.87,0.94,0.41,0.68,1.13,1.0,0.1,0.49,0.12,21864,2.1553568840026855
0.87,0.93,0.41,0.68,1.14,1.0,0.1,0.49,0.12,21851,2.158747673034668
0.86,0.93,0.41,0.68,1.14,1.0,0.1,0.49,0.12,22180,2.1638078689575195
0.86,0.93,0.41,0.68,1.14,1.0,0.1,0.49,0.12,22123,2.1638078689575195
0.86,0.94,0.41,0.68,1.14,1.0,0.1,0.49,0.12,21956,2.1678264141082764
0.86,0.93,0.41,0.68,1.14,1.0,0.1,0.49,0.12,22007,2.1719419956207275
0.86,0.94,0.41,0.68,1.13,1.0,0.1,0.49,0.12,22070,2.175941228866577
0.87,0.93,0.41,0.68,1.13,1.0,0.1,0.49,0.12,22407,2.179521322250366
0.86,0.94,0.41,0.68,1.14,1.0,0.09,0.49,0.12,22112,2.179521322250366
0.87,0.94,0.41,0.67,1.14,1.0,0.1,0.49,0.12,21947,2.183290719985962
0.86,0.93,0.41,0.68,1.13,1.0,0.1,0.49,0.12,21462,2.1880505084991455
0.86,0.93,0.42,0.67,1.14,1.0,0.1,0.49,0.12,21711,2.191063642501831
0.87,0.94,0.42,0.68,1.14,1.0,0.1,0.49,0.12,21900,2.1920454502105713
0.87,0.94,0.42,0.68,1.14,1.0,0.1,0.49,0.12,21687,2.1960108280181885
0.86,0.94,0.42,0.67,1.14,1.0,0.1,0.49,0.12,21898,2.2000174522399902
0.87,0.94,0.42,0.67,1.14,1.0,0.1,0.49,0.12,21347,2.2037312984466553
0.87,0.94,0.42,0.67,1.14,1.0,0.1,0.49,0.12,21486,2.2047688961029053
0.87,0.93,0.42,0.67,1.14,1.0,0.1,0.49,0.12,21729,2.208475112915039
0.87,0.94,0.42,0.67,1.14,1.0,0.1,0.49,0.12,22000,2.2119760513305664
0.87,0.94,0.42,0.67,1.14,1.0,0.1,0.49,0.12,21695,2.216071128845215
0.86,0.94,0.42,0.67,1.14,1.0,0.1,0.49,0.12,21112,2.2170612812042236
0.87,0.94,0.42,0.67,1.14,1.0,0.1,0.49,0.12,21423,2.2202343940734863
0.87,0.94,0.42,0.68,1.14,1.0,0.1,0.49,0.12,21756,2.224243402481079
0.86,0.94,0.42,0.67,1.14,1.0,0.1,0.49,0.12,22027,2.228233575820923
0.86,0.93,0.42,0.67,1.14,1.0,0.1,0.49,0.12,22036,2.2292375564575195
0.86,0.94,0.42,0.67,1.14,1.0,0.1,0.49,0.12,21829,2.232304811477661
0.86,0.94,0.42,0.68,1.14,1.0,0.1,0.49,0.12,21772,2.2364466190338135
0.86,0.94,0.42,0.68,1.14,1.0,0.1,0.49,0.12,22163,2.2404775619506836
0.86,0.93,0.42,0.67,1.14,1.0,0.1,0.49,0.12,22346,2.244480848312378
0.87,0.93,0.42,0.68,1.14,1.0,0.1,0.49,0.12,21577,2.244480848312378
0.87,0.94,0.42,0.67,1.14,1.0,0.1,0.49,0.12,21646,2.248483657836914
0.86,0.94,0.42,0.68,1.14,1.0,0.1,0.49,0.12,22179,2.2529149055480957
0.86,0.94,0.42,0.68,1.14,1.0,0.1,0.49,0.12,21984,2.2571229934692383
0.86,0.94,0.42,0.67,1.14,1.0,0.1,0.49,0.12,21841,2.2571229934692383
0.87,0.93,0.42,0.67,1.14,1.0,0.1,0.49,0.12,22286,2.2607524394989014
0.86,0.94,0.41,0.68,1.14,1.0,0.11,0.49,0.12,22493,2.265753746032715
0.87,0.94,0.42,0.68,1.14,0.99,0.1,0.49,0.12,22290,2.2687482833862305
0.87,0.93,0.42,0.68,1.14,1.0,0.1,0.49,0.12,21505,2.269753932952881
0.87,0.93,0.42,0.67,1.14,1.0,0.09,0.49,0.12,21568,2.2740478515625
0.86,0.94,0.42,0.68,1.14,1.0,0.1,0.49,0.12,21685,2.2778210639953613
0.86,0.93,0.42,0.68,1.14,1.0,0.1,0.49,0.12,21538,2.281522274017334
0.87,0.94,0.41,0.67,1.14,1.0,0.1,0.49,0.12,21671,2.2825374603271484
0.87,0.93,0.41,0.68,1.14,1.0,0.1,0.49,0.12,21938,2.28653621673584
0.86,0.94,0.41,0.67,1.14,1.0,0.11,0.49,0.12,22113,2.2905406951904297
0.87,0.93,0.41,0.67,1.13,1.0,0.1,0.49,0.12,21820,2.2935433387756348
0.86,0.94,0.41,0.67,1.14,1.0,0.1,0.49,0.12,21839,2.294536828994751
0.87,0.94,0.41,0.67,1.14,1.0,0.1,0.49,0.12,22162,2.298541307449341
0.87,0.93,0.41,0.68,1.14,1.0,0.1,0.49,0.12,21919,2.302064895629883
0.87,0.94,0.42,0.68,1.14,1.0,0.1,0.49,0.12,21852,2.3061294555664062
0.87,0.93,0.41,0.68,1.14,1.0,0.1,0.49,0.12,21717,2.307095527648926
0.86,0.94,0.41,0.68,1.14,1.0,0.1,0.49,0.12,21838,2.310248851776123
0.86,0.94,0.42,0.68,1.14,1.0,0.1,0.49,0.12,22027,2.3150956630706787
0.86,0.93,0.42,0.68,1.14,1.0,0.1,0.49,0.12,22032,2.3184478282928467
0.86,0.94,0.41,0.68,1.14,1.0,0.1,0.49,0.12,22471,2.321876287460327
0.86,0.93,0.41,0.67,1.13,1.0,0.1,0.49,0.12,21978,2.3228769302368164
0.86,0.93,0.41,0.68,1.14,1.0,0.1,0.49,0.12,21671,2.327073097229004
0.87,0.93,0.42,0.68,1.14,0.99,0.1,0.49,0.13,21716,2.3311023712158203
0.87,0.94,0.42,0.67,1.14,0.99,0.1,0.49,0.12,21659,2.3352200984954834
0.86,0.93,0.42,0.67,1.14,0.99,0.1,0.49,0.12,21716,2.3360822200775146
0.86,0.94,0.42,0.68,1.14,1.0,0.1,0.49,0.12,21809,2.339081287384033
0.86,0.93,0.42,0.68,1.14,1.0,0.1,0.49,0.12,22074,2.3444314002990723
0.86,0.93,0.41,0.68,1.14,1.0,0.1,0.49,0.12,22163,2.346926212310791
0.86,0.94,0.41,0.68,1.14,0.99,0.1,0.49,0.12,21782,2.347991704940796
0.86,0.94,0.42,0.68,1.14,0.99,0.1,0.49,0.12,21481,2.351991653442383
0.86,0.93,0.41,0.68,1.14,0.99,0.1,0.49,0.12,21498,2.356292247772217
0.87,0.93,0.42,0.68,1.14,0.99,0.1,0.49,0.12,21645,2.359365940093994
0.87,0.93,0.41,0.68,1.14,0.99,0.1,0.49,0.12,21874,2.3604133129119873
0.87,0.93,0.41,0.67,1.14,0.99,0.1,0.49,0.12,21719,2.3644330501556396
0.86,0.94,0.42,0.68,1.14,1.0,0.1,0.49,0.12,21624,2.3679306507110596
0.86,0.93,0.42,0.67,1.14,1.0,0.09,0.49,0.12,21705,2.3724193572998047
0.87,0.93,0.42,0.68,1.14,1.0,0.11,0.49,0.12,21800,2.3724193572998047
0.87,0.93,0.42,0.68,1.14,0.99,0.1,0.49,0.12,21567,2.37644624710083
0.87,0.93,0.42,0.67,1.14,0.99,0.1,0.49,0.12,21654,2.3810391426086426
0.86,0.93,0.42,0.68,1.14,1.0,0.1,0.49,0.12,21781,2.384341239929199
0.87,0.94,0.42,0.67,1.14,0.99,0.1,0.49,0.12,21742,2.3853960037231445
0.87,0.93,0.42,0.68,1.14,0.99,0.1,0.49,0.12,21975,2.388399839401245
0.87,0.93,0.42,0.68,1.14,0.99,0.1,0.49,0.12,22376,2.3923585414886475
0.87,0.94,0.42,0.68,1.14,0.99,0.09,0.49,0.12,22193,2.3965797424316406
0.87,0.93,0.42,0.68,1.14,1.0,0.1,0.49,0.12,21760,2.4007070064544678
0.87,0.93,0.42,0.68,1.14,0.99,0.1,0.49,0.12,21911,2.4007070064544678
0.87,0.93,0.42,0.68,1.14,0.99,0.1,0.49,0.12,21868,2.4047117233276367
0.86,0.93,0.42,0.68,1.14,0.99,0.1,0.49,0.12,21839,2.408722400665283
0.86,0.94,0.42,0.68,1.14,0.99,0.1,0.49,0.13,21976,2.4128782749176025
0.86,0.93,0.42,0.68,1.14,0.99,0.1,0.49,0.12,21839,2.413811445236206
0.87,0.94,0.42,0.68,1.14,0.99,0.1,0.49,0.12,22004,2.4164881706237793
0.87,0.94,0.42,0.68,1.14,0.99,0.1,0.49,0.12,21625,2.421557664871216
0.86,0.93,0.42,0.67,1.14,0.99,0.11,0.49,0.12,21692,2.425020217895508
0.87,0.93,0.42,0.67,1.14,0.99,0.1,0.49,0.12,21739,2.426077365875244
0.87,0.94,0.42,0.68,1.14,0.99,0.1,0.49,0.12,22022,2.4300808906555176
0.87,0.93,0.42,0.68,1.14,0.99,0.1,0.49,0.12,21761,2.4342243671417236
0.87,0.93,0.42,0.67,1.14,0.99,0.1,0.49,0.12,21952,2.437493085861206
0.87,0.93,0.42,0.68,1.14,0.99,0.1,0.49,0.12,22201,2.4385478496551514
0.86,0.93,0.42,0.68,1.14,0.99,0.1,0.49,0.12,21812,2.441936492919922
0.87,0.93,0.42,0.68,1.14,0.99,0.1,0.49,0.13,21883,2.445294141769409
0.87,0.93,0.42,0.68,1.14,0.99,0.1,0.49,0.13,22246,2.450294017791748
0.87,0.94,0.42,0.67,1.14,1.0,0.1,0.49,0.12,22221,2.450294017791748
0.87,0.94,0.42,0.68,1.14,1.0,0.1,0.49,0.12,22142,2.4532968997955322
0.87,0.93,0.42,0.68,1.14,1.0,0.1,0.49,0.13,22097,2.4575960636138916
0.87,0.94,0.42,0.68,1.14,1.0,0.1,0.49,0.12,21972,2.462489604949951
0.87,0.94,0.42,0.68,1.15,0.99,0.1,0.49,0.13,21691,2.462489604949951
0.87,0.94,0.42,0.68,1.14,1.0,0.1,0.49,0.12,21826,2.4670250415802
0.87,0.93,0.42,0.68,1.14,1.0,0.1,0.49,0.12,21939,2.469987154006958
0.87,0.93,0.42,0.68,1.14,1.0,0.1,0.49,0.12,22164,2.4744791984558105
0.87,0.93,0.42,0.68,1.14,1.0,0.1,0.49,0.12,21895,2.4786837100982666
0.87,0.93,0.42,0.68,1.14,1.0,0.1,0.49,0.12,21824,2.4786837100982666
0.87,0.93,0.42,0.68,1.14,1.0,0.11,0.49,0.12,21935,2.482712745666504
0.87,0.94,0.42,0.68,1.14,1.0,0.1,0.49,0.12,21978,2.4878358840942383
0.87,0.94,0.42,0.68,1.14,1.0,0.09,0.49,0.12,21857,2.4908459186553955
0.87,0.94,0.42,0.68,1.14,1.0,0.1,0.49,0.12,21594,2.4908459186553955
0.87,0.94,0.42,0.68,1.14,1.0,0.09,0.49,0.13,21883,2.49474835395813
0.87,0.94,0.42,0.67,1.14,1.0,0.1,0.49,0.13,22202,2.498483180999756
0.87,0.94,0.42,0.67,1.14,1.0,0.1,0.49,0.12,21535,2.502992630004883
0.87,0.94,0.42,0.67,1.14,1.0,0.1,0.49,0.12,21666,2.5040528774261475
0.87,0.94,0.42,0.67,1.14,1.0,0.1,0.49,0.12,21959,2.507427453994751
0.87,0.94,0.42,0.68,1.14,1.0,0.1,0.49,0.12,22052,2.5114264488220215
0.87,0.94,0.42,0.68,1.14,1.0,0.1,0.49,0.12,21897,2.515460252761841
0.87,0.94,0.42,0.68,1.14,1.0,0.1,0.49,0.12,22208,2.515460252761841
0.87,0.94,0.42,0.68,1.14,1.0,0.1,0.49,0.12,21925,2.5194332599639893
0.87,0.94,0.42,0.68,1.14,0.99,0.1,0.49,0.12,21628,2.523893356323242
0.87,0.94,0.42,0.68,1.14,1.0,0.1,0.49,0.12,21599,2.52813982963562
0.87,0.94,0.42,0.68,1.14,1.0,0.1,0.49,0.12,21808,2.52813982963562
0.87,0.94,0.42,0.68,1.14,0.99,0.1,0.49,0.12,21599,2.53214955329895
0.87,0.94,0.42,0.68,1.14,1.0,0.1,0.49,0.12,21634,2.535696029663086
0.87,0.94,0.42,0.69,1.14,1.0,0.1,0.49,0.12,22067,2.5397696495056152
0.87,0.93,0.42,0.67,1.14,1.0,0.1,0.49,0.12,22348,2.5408339500427246
0.87,0.94,0.42,0.68,1.14,1.0,0.1,0.49,0.13,22119,2.5434422492980957
0.87,0.94,0.42,0.68,1.14,1.0,0.1,0.49,0.13,21688,2.548896551132202
0.87,0.94,0.42,0.68,1.14,1.0,0.1,0.49,0.12,21825,2.5524988174438477
0.87,0.94,0.42,0.68,1.14,1.0,0.1,0.5,0.12,21640,2.5524988174438477
0.87,0.94,0.42,0.68,1.14,1.0,0.1,0.49,0.12,21637,2.556488037109375
0.87,0.94,0.42,0.68,1.14,1.0,0.1,0.49,0.12,21562,2.5603506565093994
0.87,0.94,0.42,0.68,1.14,1.0,0.1,0.49,0.12,21767,2.565560817718506
0.87,0.94,0.42,0.68,1.14,1.0,0.1,0.49,0.12,21536,2.5685479640960693
0.87,0.94,0.42,0.68,1.14,1.0,0.1,0.49,0.13,21835,2.5696029663085938
0.87,0.94,0.42,0.68,1.14,1.0,0.1,0.49,0.12,21812,2.572939157485962
0.87,0.94,0.42,0.68,1.14,1.0,0.1,0.49,0.12,21393,2.5765914916992188
0.87,0.94,0.42,0.68,1.14,1.0,0.1,0.49,0.12,21364,2.5806002616882324
0.86,0.94,0.42,0.68,1.14,1.0,0.1,0.49,0.12,21519,2.581615686416626
0.87,0.94,0.42,0.67,1.14,1.0,0.1,0.49,0.12,21970,2.58561635017395
0.87,0.94,0.42,0.68,1.14,1.0,0.1,0.49,0.12,21751,2.589616537094116
0.87,0.94,0.42,0.68,1.14,1.0,0.1,0.49,0.12,21678,2.593616485595703
0.87,0.94,0.42,0.68,1.14,1.0,0.1,0.49,0.12,21957,2.593616485595703
0.87,0.94,0.42,0.67,1.14,1.0,0.1,0.49,0.12,22124,2.5971462726593018
0.87,0.94,0.42,0.67,1.14,1.0,0.1,0.49,0.12,21695,2.601839303970337
0.87,0.94,0.42,0.67,1.14,1.0,0.1,0.49,0.12,21640,2.6058857440948486
0.87,0.94,0.41,0.67,1.14,1.0,0.1,0.49,0.12,21857,2.6058857440948486
0.87,0.94,0.42,0.67,1.14,1.0,0.1,0.49,0.12,22070,2.6098856925964355
0.86,0.93,0.42,0.67,1.14,1.0,0.1,0.49,0.13,22019,2.614560604095459
0.87,0.94,0.42,0.67,1.14,1.0,0.1,0.49,0.13,21364,2.6188786029815674
0.86,0.94,0.42,0.67,1.14,1.0,0.1,0.49,0.12,21553,2.6188786029815674
0.86,0.93,0.42,0.67,1.14,1.0,0.1,0.49,0.13,22080,2.6220579147338867
0.87,0.94,0.42,0.68,1.14,1.0,0.1,0.49,0.12,21927,2.6260578632354736
0.87,0.94,0.42,0.67,1.14,1.0,0.1,0.49,0.12,21996,2.6305644512176514
0.87,0.94,0.42,0.68,1.14,1.0,0.1,0.49,0.12,22109,2.6336326599121094
0.87,0.94,0.42,0.67,1.14,1.0,0.1,0.49,0.12,21938,2.6347012519836426
0.87,0.93,0.42,0.68,1.14,1.0,0.1,0.49,0.12,21985,2.639127016067505
0.87,0.93,0.42,0.67,1.14,1.0,0.1,0.49,0.12,21720,2.642939805984497
0.87,0.93,0.42,0.67,1.14,1.0,0.1,0.49,0.12,21817,2.646477460861206
0.87,0.94,0.42,0.68,1.14,1.0,0.1,0.5,0.12,21834,2.6469810009002686
0.87,0.94,0.42,0.68,1.14,1.0,0.1,0.49,0.12,22007,2.6499948501586914
0.87,0.94,0.42,0.67,1.14,1.0,0.1,0.49,0.12,21600,2.6546502113342285
0.87,0.94,0.42,0.67,1.14,1.0,0.1,0.49,0.12,22137,2.658644437789917
0.87,0.94,0.42,0.67,1.14,1.0,0.1,0.49,0.12,22056,2.658644437789917
0.87,0.94,0.42,0.68,1.14,1.0,0.09,0.49,0.12,21481,2.6630287170410156
0.87,0.94,0.42,0.67,1.14,1.0,0.1,0.49,0.12,22066,2.6670384407043457
0.87,0.94,0.42,0.68,1.14,1.0,0.1,0.49,0.12,21827,2.6709516048431396
0.86,0.94,0.42,0.67,1.14,1.0,0.1,0.49,0.12,21226,2.6719512939453125
0.86,0.94,0.42,0.68,1.14,1.0,0.1,0.49,0.12,21707,2.674469232559204
0.87,0.94,0.42,0.68,1.14,1.0,0.1,0.49,0.12,22088,2.6794815063476562
0.87,0.94,0.42,0.67,1.14,1.0,0.09,0.49,0.12,21875,2.6831533908843994
0.87,0.93,0.42,0.68,1.14,1.0,0.1,0.49,0.12,21714,2.6841824054718018
0.87,0.94,0.42,0.67,1.14,1.0,0.1,0.49,0.12,21835,2.686939001083374
0.87,0.94,0.42,0.67,1.14,1.0,0.1,0.49,0.13,21868,2.6919589042663574
0.87,0.93,0.42,0.67,1.14,1.0,0.1,0.49,0.12,21961,2.6959545612335205
0.87,0.93,0.42,0.68,1.14,1.0,0.1,0.49,0.12,22032,2.6959545612335205
0.86,0.93,0.42,0.68,1.14,1.0,0.1,0.49,0.13,22255,2.6999669075012207
0.87,0.93,0.42,0.68,1.14,1.0,0.1,0.49,0.13,22296,2.7033722400665283
0.87,0.94,0.42,0.67,1.14,1.0,0.09,0.49,0.12,22041,2.7084617614746094
0.86,0.94,0.42,0.68,1.14,1.0,0.1,0.49,0.12,21806,2.7114641666412354
0.87,0.93,0.42,0.68,1.14,1.0,0.1,0.49,0.13,22103,2.7124674320220947
0.87,0.94,0.42,0.67,1.14,1.0,0.11,0.49,0.12,22298,2.7164692878723145
0.86,0.94,0.42,0.68,1.14,1.0,0.1,0.49,0.12,22285,2.7204670906066895
0.87,0.94,0.42,0.68,1.14,1.0,0.1,0.49,0.12,22444,2.7234694957733154
0.87,0.94,0.42,0.68,1.14,1.0,0.1,0.49,0.12,21809,2.724508762359619
0.86,0.93,0.42,0.68,1.14,1.0,0.1,0.49,0.12,21654,2.7285051345825195
0.87,0.93,0.42,0.68,1.14,1.0,0.1,0.49,0.12,21611,2.7328083515167236
0.87,0.94,0.42,0.67,1.14,1.0,0.1,0.49,0.13,21748,2.7365598678588867
0.86,0.94,0.42,0.68,1.14,1.0,0.1,0.49,0.12,21641,2.7365598678588867
0.86,0.94,0.42,0.68,1.14,1.0,0.1,0.49,0.12,21914,2.740839719772339
0.86,0.94,0.42,0.68,1.14,1.0,0.1,0.49,0.12,22043,2.7448344230651855
0.87,0.94,0.42,0.68,1.14,1.0,0.1,0.49,0.12,22488,2.7489256858825684
0.87,0.94,0.42,0.68,1.14,1.0,0.1,0.49,0.13,22147,2.7499260902404785
0.87,0.93,0.42,0.68,1.14,1.0,0.1,0.49,0.12,22112,2.7529256343841553
0.86,0.93,0.42,0.68,1.14,1.0,0.1,0.49,0.12,21979,2.7573742866516113
0.86,0.93,0.42,0.68,1.14,1.0,0.1,0.49,0.12,21982,2.761033296585083
0.86,0.93,0.42,0.68,1.14,1.0,0.1,0.49,0.13,22187,2.7620418071746826
0.87,0.93,0.42,0.68,1.13,1.0,0.1,0.49,0.12,22136,2.764756202697754
0.87,0.94,0.42,0.68,1.14,1.0,0.1,0.49,0.12,21891,2.769787549972534
0.87,0.94,0.42,0.68,1.14,1.0,0.1,0.49,0.12,22114,2.774001121520996
0.86,0.93,0.42,0.68,1.14,1.0,0.1,0.49,0.12,22033,2.777071952819824
0.87,0.94,0.42,0.68,1.14,1.0,0.1,0.49,0.13,21914,2.777071952819824
0.86,0.93,0.42,0.68,1.14,1.0,0.1,0.49,0.13,21771,2.781139850616455
0.86,0.93,0.42,0.68,1.14,1.0,0.1,0.49,0.13,21810,2.785416603088379
0.86,0.93,0.42,0.68,1.14,1.0,0.1,0.49,0.12,21705,2.7894372940063477
0.87,0.94,0.42,0.68,1.14,1.0,0.1,0.49,0.12,22086,2.7894372940063477
0.86,0.94,0.42,0.68,1.14,1.0,0.1,0.49,0.13,21879,2.79343318939209
0.87,0.94,0.42,0.68,1.14,1.0,0.1,0.49,0.12,22150,2.7984354496002197
0.87,0.93,0.42,0.68,1.14,1.0,0.1,0.49,0.13,22143,2.801814079284668
0.87,0.94,0.42,0.68,1.14,1.0,0.1,0.49,0.13,22180,2.802851438522339
0.87,0.94,0.42,0.67,1.14,1.0,0.1,0.49,0.13,21859,2.8059353828430176
0.87,0.93,0.42,0.68,1.14,1.0,0.1,0.49,0.13,21836,2.8099560737609863
0.86,0.93,0.42,0.68,1.14,1.0,0.1,0.49,0.12,22055,2.8141212463378906
0.87,0.94,0.42,0.68,1.14,1.0,0.1,0.49,0.13,22032,2.8151206970214844
0.87,0.93,0.42,0.68,1.14,1.0,0.1,0.49,0.13,22161,2.8185007572174072
0.87,0.94,0.42,0.68,1.14,1.0,0.1,0.49,0.12,21756,2.8224246501922607
0.87,0.94,0.42,0.68,1.15,1.0,0.1,0.49,0.12,21711,2.8275232315063477
0.86,0.93,0.42,0.68,1.14,1.0,0.1,0.49,0.12,21728,2.8275232315063477
0.87,0.93,0.42,0.68,1.14,1.0,0.1,0.49,0.13,22335,2.83034086227417
0.87,0.94,0.42,0.68,1.14,1.0,0.1,0.49,0.12,22374,2.8355979919433594
0.87,0.94,0.42,0.68,1.14,1.0,0.1,0.49,0.13,21767,2.8396029472351074
0.87,0.94,0.42,0.68,1.14,1.0,0.1,0.49,0.13,21930,2.8429412841796875
0.86,0.93,0.42,0.68,1.14,1.0,0.1,0.49,0.12,22339,2.843627452850342
0.87,0.93,0.42,0.68,1.14,1.0,0.1,0.49,0.13,22274,2.8481106758117676
0.87,0.94,0.42,0.68,1.15,1.0,0.1,0.49,0.12,22367,2.8517050743103027
0.86,0.94,0.42,0.68,1.14,1.0,0.1,0.49,0.13,22280,2.8548967838287354
0.87,0.94,0.42,0.68,1.15,1.0,0.1,0.49,0.13,21813,2.8559257984161377
0.87,0.93,0.42,0.68,1.14,1.0,0.1,0.49,0.13,21672,2.8592872619628906
0.87,0.93,0.42,0.68,1.14,1.0,0.1,0.49,0.13,22261,2.8633992671966553
0.87,0.94,0.42,0.68,1.14,1.0,0.1,0.49,0.12,22318,2.86757230758667
0.87,0.93,0.41,0.68,1.14,1.0,0.1,0.49,0.12,21853,2.86757230758667
0.87,0.94,0.42,0.68,1.14,1.0,0.1,0.49,0.13,21736,2.8715732097625732
0.87,0.93,0.42,0.68,1.14,1.0,0.1,0.49,0.13,21365,2.8757715225219727
0.87,0.94,0.42,0.68,1.14,1.0,0.1,0.49,0.13,21722,2.8798840045928955
0.87,0.94,0.42,0.68,1.14,1.0,0.1,0.49,0.13,21843,2.8808627128601074
0.87,0.94,0.42,0.68,1.15,1.0,0.1,0.49,0.13,21888,2.8835601806640625
0.87,0.94,0.42,0.67,1.14,1.0,0.1,0.49,0.13,21967,2.8888051509857178
0.87,0.94,0.42,0.67,1.14,1.0,0.1,0.49,0.13,21534,2.892624616622925
0.87,0.93,0.42,0.68,1.14,1.0,0.1,0.49,0.13,21649,2.892624616622925
0.87,0.94,0.42,0.68,1.14,0.99,0.1,0.49,0.12,22076,2.8966033458709717
0.87,0.94,0.42,0.67,1.14,1.0,0.1,0.49,0.12,22297,2.9006242752075195
0.87,0.94,0.42,0.67,1.15,1.0,0.1,0.49,0.13,22368,2.904665946960449
0.87,0.94,0.42,0.68,1.14,1.0,0.1,0.49,0.13,22023,2.904665946960449
0.87,0.93,0.42,0.67,1.14,1.0,0.1,0.49,0.13,21978,2.9082489013671875
0.87,0.93,0.42,0.67,1.14,1.0,0.1,0.49,0.13,22205,2.912226676940918
0.87,0.94,0.42,0.67,1.14,1.0,0.1,0.49,0.13,22060,2.916489839553833
0.87,0.94,0.42,0.67,1.14,1.0,0.1,0.49,0.13,21879,2.920419454574585
0.87,0.93,0.42,0.68,1.15,1.0,0.1,0.49,0.12,21688,2.920419454574585
0.87,0.93,0.42,0.68,1.14,1.0,0.1,0.49,0.12,21775,2.9245498180389404
0.87,0.93,0.42,0.67,1.14,1.0,0.1,0.49,0.12,22264,2.929518938064575
0.87,0.94,0.42,0.67,1.14,1.0,0.1,0.49,0.13,22351,2.9325459003448486
0.87,0.94,0.42,0.68,1.14,1.0,0.1,0.49,0.13,22128,2.9335196018218994
0.87,0.94,0.42,0.68,1.14,1.0,0.1,0.49,0.13,22151,2.9375176429748535
0.87,0.94,0.42,0.68,1.14,1.0,0.1,0.49,0.12,22160,2.9419076442718506
0.86,0.93,0.42,0.68,1.14,1.0,0.1,0.49,0.13,21985,2.94535231590271
0.87,0.94,0.42,0.68,1.14,1.0,0.1,0.49,0.12,22156,2.9463539123535156
0.87,0.94,0.42,0.68,1.14,1.0,0.1,0.49,0.12,21975,2.949941396713257
0.87,0.94,0.42,0.68,1.14,0.99,0.1,0.49,0.12,21966,2.953676462173462
0.87,0.94,0.42,0.67,1.14,1.0,0.1,0.49,0.13,21957,2.957655668258667
0.87,0.94,0.42,0.68,1.14,1.0,0.1,0.49,0.13,22160,2.9587035179138184
0.87,0.93,0.42,0.67,1.14,1.0,0.1,0.49,0.13,22077,2.9613499641418457
0.87,0.93,0.42,0.68,1.14,1.0,0.1,0.49,0.12,22044,2.9654786586761475
0.87,0.93,0.42,0.68,1.14,1.0,0.1,0.49,0.12,22097,2.969571352005005
0.87,0.93,0.42,0.67,1.14,1.0,0.11,0.49,0.13,22004,2.970621109008789
0.87,0.93,0.42,0.67,1.14,1.0,0.1,0.49,0.13,22011,2.9736156463623047
0.87,0.93,0.42,0.68,1.14,1.0,0.1,0.5,0.12,21808,2.978625535964966
0.87,0.93,0.42,0.67,1.14,1.0,0.1,0.49,0.13,21699,2.9826228618621826
0.87,0.93,0.42,0.68,1.14,1.0,0.1,0.49,0.13,21578,2.9859683513641357
0.87,0.93,0.42,0.68,1.15,1.0,0.1,0.5,0.12,22281,2.9870028495788574
0.86,0.93,0.42,0.68,1.15,1.0,0.1,0.49,0.13,22492,2.990671396255493
0.86,0.93,0.42,0.68,1.14,1.0,0.1,0.49,0.13,22353,2.9948978424072266
0.86,0.94,0.42,0.68,1.14,1.0,0.1,0.49,0.12,21934,2.997921943664551
0.86,0.93,0.42,0.68,1.15,1.0,0.1,0.49,0.13,22003,2.9988956451416016
0.86,0.93,0.42,0.68,1.14,1.0,0.1,0.49,0.13,22168,3.0028953552246094
0.87,0.93,0.42,0.68,1.15,1.01,0.09,0.5,0.12,21751,3.006891965866089
0.87,0.93,0.42,0.67,1.14,1.0,0.1,0.49,0.13,22458,3.009953260421753
0.87,0.93,0.42,0.68,1.14,1.0,0.1,0.49,0.12,22577,3.011017084121704
0.87,0.93,0.42,0.68,1.14,1.0,0.1,0.49,0.12,21778,3.015580892562866
0.87,0.93,0.42,0.68,1.14,1.0,0.1,0.5,0.12,21961,3.0199365615844727
0.87,0.93,0.42,0.68,1.14,1.0,0.1,0.5,0.13,22148,3.0232105255126953
0.86,0.93,0.42,0.67,1.14,1.0,0.1,0.49,0.13,21787,3.0239267349243164
0.87,0.93,0.42,0.68,1.14,1.0,0.1,0.49,0.12,21912,3.0275275707244873
0.86,0.93,0.42,0.68,1.14,1.0,0.1,0.49,0.12,21811,3.0308640003204346
0.87,0.93,0.42,0.68,1.14,1.0,0.1,0.49,0.13,22038,3.035571336746216
0.86,0.93,0.42,0.68,1.14,1.0,0.1,0.49,0.12,22073,3.035571336746216
0.86,0.93,0.42,0.68,1.15,1.0,0.1,0.49,0.13,21794,3.0395772457122803
0.86,0.93,0.42,0.68,1.14,1.0,0.11,0.49,0.13,21879,3.0448262691497803
0.87,0.93,0.42,0.68,1.15,1.0,0.1,0.49,0.13,21542,3.0478482246398926
0.87,0.93,0.42,0.68,1.14,1.0,0.1,0.49,0.13,22099,3.048851490020752
0.87,0.93,0.42,0.68,1.14,1.0,0.1,0.49,0.13,22340,3.052222967147827
0.86,0.93,0.42,0.68,1.14,1.0,0.1,0.49,0.12,21869,3.0555295944213867
0.86,0.93,0.42,0.68,1.14,1.0,0.1,0.49,0.13,22120,3.0603182315826416
0.87,0.93,0.42,0.68,1.14,1.0,0.1,0.49,0.12,22087,3.0633318424224854
0.86,0.93,0.42,0.68,1.14,1.0,0.1,0.49,0.12,21768,3.0643298625946045
0.87,0.93,0.42,0.68,1.14,1.0,0.1,0.49,0.13,21839,3.0683343410491943
0.86,0.93,0.42,0.68,1.14,1.0,0.1,0.49,0.13,21812,3.0723888874053955
0.86,0.93,0.42,0.68,1.14,1.0,0.1,0.49,0.13,22207,3.075960636138916
0.86,0.93,0.42,0.68,1.14,1.0,0.1,0.49,0.12,22554,3.0769968032836914
0.87,0.93,0.42,0.68,1.14,1.0,0.09,0.49,0.13,22269,3.080148458480835
0.87,0.94,0.42,0.68,1.14,1.0,0.1,0.49,0.13,21878,3.0850305557250977
0.86,0.94,0.42,0.68,1.15,1.0,0.1,0.5,0.13,21245,3.0881237983703613
0.87,0.94,0.42,0.68,1.14,0.99,0.1,0.5,0.13,21438,3.0892512798309326
0.87,0.93,0.42,0.68,1.14,1.0,0.1,0.49,0.13,21905,3.0930988788604736
0.87,0.93,0.42,0.68,1.14,1.0,0.1,0.49,0.13,21738,3.097095489501953
0.87,0.94,0.42,0.68,1.14,1.0,0.1,0.49,0.13,21729,3.1011831760406494
0.86,0.93,0.42,0.68,1.14,1.0,0.1,0.49,0.13,22278,3.1011831760406494
0.86,0.93,0.42,0.68,1.14,1.0,0.1,0.49,0.12,22383,3.1052322387695312
0.86,0.93,0.42,0.68,1.14,1.0,0.1,0.49,0.13,22158,3.1093790531158447
0.86,0.94,0.42,0.68,1.14,1.0,0.1,0.49,0.13,21835,3.1133601665496826
0.86,0.93,0.42,0.68,1.14,1.0,0.1,0.49,0.13,21816,3.1143710613250732
0.86,0.94,0.42,0.68,1.14,1.0,0.1,0.49,0.13,21781,3.1174228191375732
0.86,0.94,0.42,0.68,1.14,1.0,0.1,0.49,0.13,21894,3.122370481491089
0.86,0.93,0.42,0.68,1.14,1.0,0.1,0.49,0.13,22015,3.126356363296509
0.87,0.94,0.42,0.68,1.14,1.0,0.1,0.49,0.13,21904,3.129622459411621
0.86,0.94,0.42,0.68,1.14,1.0,0.1,0.49,0.13,21677,3.130370616912842
0.86,0.93,0.42,0.68,1.15,1.0,0.1,0.49,0.13,21382,3.1348469257354736
0.86,0.93,0.42,0.68,1.14,1.0,0.1,0.49,0.13,21581,3.1382880210876465
0.86,0.94,0.42,0.68,1.14,1.0,0.09,0.49,0.12,21962,3.1417033672332764
0.86,0.93,0.42,0.68,1.14,1.0,0.1,0.49,0.13,21801,3.142721176147461
0.86,0.93,0.42,0.68,1.14,1.0,0.1,0.49,0.13,22126,3.1457958221435547
0.86,0.94,0.42,0.67,1.14,1.0,0.1,0.49,0.13,22199,3.1499552726745605
0.86,0.93,0.42,0.68,1.14,1.0,0.1,0.49,0.12,21868,3.153949737548828
0.86,0.94,0.42,0.67,1.14,1.0,0.1,0.5,0.13,21819,3.154956340789795
0.86,0.93,0.42,0.68,1.14,1.0,0.1,0.49,0.13,22126,3.1581602096557617
0.86,0.94,0.42,0.67,1.14,1.0,0.1,0.49,0.12,21715,3.1622095108032227
0.86,0.94,0.42,0.68,1.14,1.0,0.1,0.49,0.13,21916,3.1662445068359375
0.86,0.94,0.42,0.68,1.14,1.0,0.1,0.49,0.13,21875,3.1672780513763428
0.87,0.93,0.42,0.68,1.14,1.0,0.1,0.49,0.13,21598,3.1705520153045654
0.87,0.94,0.42,0.68,1.14,1.0,0.1,0.49,0.12,21817,3.174464702606201
0.87,0.94,0.42,0.68,1.14,1.0,0.1,0.49,0.13,21864,3.1787877082824707
0.86,0.94,0.42,0.68,1.14,1.0,0.1,0.49,0.13,21827,3.1787877082824707
0.87,0.94,0.42,0.68,1.14,1.0,0.1,0.49,0.13,21610,3.182788133621216
0.87,0.94,0.42,0.67,1.14,1.0,0.1,0.49,0.13,21673,3.186786651611328
0.86,0.93,0.42,0.68,1.14,1.0,0.1,0.49,0.13,21498,3.190783739089966
0.86,0.94,0.42,0.68,1.14,1.0,0.1,0.49,0.13,21365,3.1921303272247314
0.87,0.94,0.42,0.67,1.14,1.0,0.1,0.49,0.12,21408,3.195128917694092
0.86,0.94,0.42,0.68,1.14,1.0,0.1,0.49,0.12,21519,3.1989922523498535
0.86,0.94,0.42,0.68,1.14,1.0,0.1,0.49,0.12,21474,3.2031643390655518
0.87,0.94,0.42,0.69,1.14,1.0,0.1,0.49,0.13,22117,3.20719575881958
0.87,0.93,0.42,0.68,1.14,1.0,0.1,0.49,0.12,22032,3.20719575881958
0.87,0.93,0.42,0.68,1.14,1.0,0.1,0.49,0.12,21895,3.211193084716797
0.87,0.94,0.42,0.68,1.14,1.0,0.09,0.49,0.13,22254,3.215507745742798
0.86,0.94,0.42,0.67,1.14,1.0,0.09,0.49,0.13,22297,3.2195091247558594
0.86,0.94,0.42,0.68,1.14,1.0,0.1,0.49,0.13,22070,3.2195091247558594
0.87,0.94,0.42,0.68,1.14,1.0,0.1,0.49,0.13,21931,3.2235195636749268
0.86,0.94,0.42,0.67,1.14,1.0,0.1,0.49,0.13,22004,3.2275328636169434
0.86,0.94,0.42,0.68,1.14,1.0,0.1,0.49,0.12,21851,3.231536626815796
0.86,0.93,0.42,0.67,1.14,1.0,0.1,0.49,0.13,21956,3.2325384616851807
0.87,0.94,0.42,0.68,1.14,1.0,0.1,0.49,0.13,22115,3.236537456512451
0.87,0.93,0.42,0.68,1.14,1.0,0.1,0.49,0.13,21824,3.2400097846984863
0.86,0.93,0.42,0.68,1.14,1.0,0.1,0.49,0.12,21931,3.24375319480896
0.87,0.94,0.42,0.68,1.14,1.0,0.1,0.49,0.12,21916,3.24481201171875
0.86,0.94,0.42,0.68,1.14,1.0,0.1,0.49,0.13,21845,3.2488601207733154
0.87,0.94,0.42,0.68,1.14,1.0,0.1,0.49,0.13,21534,3.252985715866089
0.86,0.93,0.42,0.68,1.14,1.0,0.1,0.49,0.13,21739,3.256211757659912
0.87,0.94,0.42,0.68,1.14,1.0,0.1,0.49,0.13,21938,3.25717830657959
0.86,0.94,0.42,0.67,1.14,1.0,0.1,0.49,0.13,21735,3.2601826190948486
0.86,0.93,0.42,0.67,1.15,1.0,0.1,0.49,0.12,21918,3.2644288539886475
0.87,0.94,0.42,0.68,1.14,1.0,0.1,0.49,0.13,21773,3.2694313526153564
0.87,0.94,0.42,0.67,1.14,1.0,0.09,0.49,0.13,21574,3.2727816104888916
0.86,0.94,0.42,0.67,1.14,1.0,0.1,0.49,0.13,21859,3.273820638656616
0.87,0.93,0.42,0.68,1.14,1.0,0.1,0.49,0.13,21702,3.2767839431762695
0.87,0.94,0.42,0.67,1.14,1.0,0.1,0.49,0.13,22035,3.280810594558716
0.87,0.94,0.42,0.67,1.14,1.0,0.1,0.49,0.13,22600,3.2849931716918945
0.87,0.94,0.42,0.67,1.14,1.0,0.1,0.49,0.13,22321,3.2858293056488037
0.87,0.94,0.42,0.67,1.14,1.0,0.1,0.49,0.13,21834,3.2899551391601562
0.86,0.94,0.42,0.68,1.14,1.0,0.1,0.49,0.13,21589,3.2939529418945312
0.87,0.94,0.42,0.67,1.14,1.0,0.1,0.49,0.13,21860,3.296988010406494
0.87,0.94,0.42,0.68,1.14,1.0,0.1,0.49,0.13,21743,3.297954559326172
0.87,0.93,0.42,0.68,1.14,1.0,0.09,0.49,0.13,22386,3.3019537925720215
0.87,0.93,0.42,0.67,1.14,1.0,0.1,0.49,0.13,22533,3.3055851459503174
0.87,0.94,0.42,0.67,1.15,1.0,0.1,0.49,0.13,21598,3.3096165657043457
0.87,0.94,0.42,0.68,1.14,1.0,0.1,0.49,0.13,21497,3.310617685317993
0.87,0.94,0.42,0.68,1.15,1.0,0.1,0.49,0.13,21704,3.3136134147644043
0.87,0.94,0.42,0.68,1.14,1.0,0.1,0.49,0.12,21725,3.317814350128174
0.87,0.94,0.42,0.68,1.14,1.0,0.09,0.49,0.12,22006,3.3218467235565186
0.86,0.94,0.42,0.68,1.14,1.0,0.1,0.49,0.13,22271,3.3228461742401123
0.86,0.93,0.42,0.68,1.14,1.0,0.1,0.49,0.13,21930,3.3268468379974365
0.86,0.94,0.42,0.68,1.14,1.0,0.1,0.49,0.13,22181,3.3308463096618652
0.87,0.94,0.42,0.68,1.14,1.0,0.1,0.49,0.13,22534,3.3342247009277344
0.86,0.94,0.42,0.68,1.15,1.0,0.09,0.49,0.12,22095,3.3381354808807373
0.86,0.94,0.42,0.68,1.14,1.0,0.1,0.49,0.12,22094,3.339167356491089
0.87,0.93,0.42,0.68,1.14,1.0,0.1,0.49,0.13,21953,3.3422603607177734
0.86,0.94,0.42,0.68,1.14,1.0,0.1,0.49,0.13,21842,3.3463079929351807
0.86,0.93,0.42,0.67,1.14,1.0,0.1,0.49,0.13,21805,3.3503081798553467
0.86,0.93,0.42,0.68,1.14,1.0,0.1,0.49,0.13,22032,3.3512744903564453
0.86,0.93,0.42,0.68,1.14,1.0,0.1,0.5,0.12,22027,3.3552732467651367
0.86,0.94,0.42,0.67,1.14,1.0,0.1,0.49,0.13,21984,3.3588602542877197
0.86,0.93,0.42,0.68,1.14,1.0,0.1,0.5,0.13,21721,3.3622987270355225
0.87,0.94,0.42,0.68,1.15,1.0,0.1,0.5,0.12,22128,3.3632681369781494
0.86,0.94,0.42,0.68,1.14,1.0,0.1,0.5,0.13,22445,3.367356300354004
0.86,0.93,0.42,0.68,1.14,1.0,0.1,0.5,0.12,22322,3.3713560104370117
0.86,0.93,0.42,0.68,1.14,1.0,0.1,0.5,0.13,22195,3.3753559589385986
0.86,0.93,0.42,0.68,1.14,1.0,0.1,0.49,0.13,22062,3.376356840133667
0.86,0.93,0.42,0.68,1.14,1.0,0.1,0.49,0.12,21885,3.3793578147888184
0.86,0.93,0.42,0.68,1.14,1.0,0.1,0.5,0.12,21786,3.383355140686035
0.86,0.93,0.42,0.68,1.14,1.0,0.1,0.5,0.12,21733,3.3874404430389404
0.86,0.93,0.42,0.68,1.14,1.0,0.1,0.49,0.13,21916,3.3874404430389404
0.86,0.93,0.42,0.68,1.14,1.0,0.1,0.5,0.12,22457,3.391444683074951
0.86,0.93,0.42,0.68,1.14,1.0,0.1,0.5,0.13,22310,3.39556884765625
0.87,0.93,0.42,0.67,1.15,1.0,0.1,0.49,0.13,22093,3.3996267318725586
0.87,0.93,0.42,0.68,1.14,1.0,0.1,0.49,0.12,21884,3.4007012844085693
0.86,0.93,0.42,0.68,1.14,1.0,0.1,0.5,0.13,21963,3.403787136077881
0.86,0.93,0.42,0.68,1.14,1.0,0.1,0.49,0.12,22388,3.4078266620635986
0.86,0.93,0.42,0.68,1.14,1.0,0.1,0.5,0.13,22365,3.4119961261749268
0.86,0.93,0.42,0.68,1.14,1.0,0.1,0.5,0.13,21944,3.416250228881836
0.86,0.93,0.42,0.68,1.14,1.0,0.1,0.5,0.13,22155,3.416250228881836
0.86,0.93,0.42,0.68,1.14,1.0,0.1,0.5,0.12,22504,3.4202444553375244
0.86,0.94,0.42,0.68,1.14,1.0,0.1,0.5,0.12,22219,3.4243674278259277
0.87,0.93,0.42,0.68,1.14,1.0,0.1,0.5,0.12,21896,3.4283487796783447
0.86,0.93,0.42,0.68,1.14,1.0,0.1,0.5,0.13,21857,3.4283487796783447
0.87,0.93,0.42,0.68,1.14,1.0,0.1,0.5,0.13,21872,3.4323782920837402
0.87,0.93,0.42,0.67,1.14,1.0,0.1,0.5,0.13,21917,3.4373793601989746
0.87,0.93,0.42,0.68,1.14,1.0,0.1,0.5,0.13,22094,3.440378189086914
0.87,0.93,0.42,0.68,1.14,1.0,0.1,0.5,0.13,21801,3.4413750171661377
0.87,0.93,0.42,0.68,1.14,1.0,0.1,0.5,0.13,21626,3.444765329360962
0.87,0.93,0.42,0.68,1.14,1.0,0.11,0.49,0.13,21685,3.4498136043548584
0.87,0.93,0.42,0.67,1.14,1.0,0.1,0.5,0.13,21920,3.452981948852539
0.87,0.94,0.42,0.68,1.14,1.0,0.1,0.5,0.13,22129,3.45401668548584
0.86,0.93,0.42,0.67,1.14,1.0,0.1,0.5,0.13,22024,3.4570140838623047
0.87,0.93,0.42,0.68,1.14,1.0,0.1,0.49,0.13,21937,3.4615323543548584
0.86,0.93,0.42,0.67,1.14,1.0,0.1,0.5,0.13,22026,3.4659831523895264
0.87,0.93,0.42,0.68,1.14,1.0,0.1,0.5,0.13,21995,3.466085195541382
0.87,0.93,0.42,0.67,1.14,1.0,0.1,0.5,0.13,21962,3.469259738922119
0.86,0.93,0.42,0.68,1.14,1.0,0.1,0.5,0.13,21703,3.4742140769958496
0.87,0.93,0.42,0.67,1.15,1.0,0.1,0.5,0.13,21408,3.4774582386016846
0.87,0.93,0.42,0.67,1.14,1.0,0.1,0.49,0.13,21793,3.4784317016601562
0.87,0.93,0.42,0.68,1.14,1.0,0.1,0.5,0.13,22510,3.481457471847534
0.87,0.93,0.42,0.68,1.14,1.0,0.1,0.5,0.13,22343,3.4864299297332764
0.87,0.94,0.42,0.68,1.15,1.0,0.1,0.5,0.13,22516,3.4904279708862305
0.87,0.94,0.42,0.68,1.14,1.0,0.1,0.5,0.13,22521,3.4934256076812744
0.87,0.93,0.42,0.67,1.14,1.0,0.1,0.49,0.13,21878,3.49442982673645
0.87,0.93,0.42,0.67,1.14,1.0,0.1,0.5,0.13,22087,3.4984233379364014
0.87,0.93,0.42,0.68,1.14,1.0,0.09,0.49,0.13,21996,3.5024688243865967
0.87,0.93,0.42,0.68,1.14,1.0,0.1,0.5,0.13,22081,3.50618839263916
0.86,0.93,0.42,0.68,1.14,1.0,0.1,0.5,0.13,21992,3.50618839263916
0.87,0.93,0.42,0.67,1.14,1.0,0.1,0.5,0.13,22097,3.5105650424957275
0.87,0.93,0.42,0.68,1.14,1.0,0.1,0.49,0.13,21908,3.514871835708618
0.87,0.93,0.42,0.67,1.14,1.0,0.1,0.49,0.12,21809,3.518871784210205
0.87,0.93,0.42,0.68,1.14,1.0,0.1,0.49,0.13,21864,3.518871784210205
0.87,0.93,0.42,0.67,1.14,1.0,0.1,0.49,0.12,21989,3.52286958694458
0.86,0.93,0.42,0.68,1.14,1.0,0.1,0.49,0.13,22182,3.526866912841797
0.87,0.93,0.42,0.67,1.14,1.0,0.1,0.49,0.13,21579,3.5309078693389893
0.87,0.93,0.42,0.67,1.14,1.0,0.1,0.49,0.13,21288,3.531953811645508
0.87,0.93,0.42,0.68,1.14,1.0,0.1,0.49,0.13,21619,3.5350170135498047
0.87,0.93,0.42,0.68,1.14,1.0,0.09,0.49,0.13,21746,3.538991689682007
0.87,0.93,0.42,0.67,1.14,1.0,0.1,0.5,0.13,22109,3.5430238246917725
0.87,0.93,0.42,0.68,1.14,1.0,0.1,0.5,0.13,22220,3.5440194606781006
0.87,0.94,0.42,0.68,1.14,1.0,0.1,0.5,0.13,22281,3.54803729057312
0.87,0.93,0.42,0.68,1.14,1.0,0.1,0.49,0.12,21978,3.552037477493286
0.87,0.93,0.42,0.68,1.14,1.0,0.1,0.49,0.13,22177,3.555537462234497
0.87,0.94,0.42,0.67,1.14,1.0,0.09,0.5,0.13,22458,3.555537462234497
0.87,0.93,0.42,0.68,1.14,1.0,0.1,0.49,0.12,22105,3.559579610824585
0.87,0.93,0.42,0.68,1.14,1.0,0.1,0.5,0.13,21778,3.5637595653533936
0.87,0.94,0.42,0.68,1.14,1.0,0.1,0.49,0.13,22261,3.5677950382232666
0.87,0.93,0.42,0.67,1.14,1.0,0.1,0.49,0.13,22382,3.568786859512329
0.87,0.93,0.42,0.67,1.14,1.0,0.09,0.49,0.13,21847,3.5717785358428955
0.87,0.94,0.42,0.67,1.14,1.0,0.1,0.49,0.13,21670,3.5757896900177
0.87,0.93,0.42,0.68,1.14,1.0,0.1,0.49,0.13,22241,3.580789089202881
0.87,0.94,0.42,0.68,1.14,1.0,0.09,0.49,0.12,22164,3.584289073944092
0.87,0.94,0.42,0.67,1.14,1.0,0.1,0.49,0.13,22011,3.584289073944092
0.87,0.93,0.42,0.67,1.14,1.0,0.1,0.49,0.13,21994,3.5884523391723633
0.87,0.93,0.42,0.68,1.14,1.0,0.09,0.49,0.13,22005,3.592617988586426
0.87,0.94,0.42,0.68,1.14,1.0,0.1,0.49,0.13,21956,3.596619129180908
0.87,0.93,0.42,0.68,1.14,1.0,0.1,0.49,0.13,22307,3.596619129180908
0.87,0.93,0.42,0.67,1.14,1.0,0.1,0.49,0.13,22032,3.600619316101074
0.87,0.94,0.42,0.68,1.14,1.0,0.09,0.5,0.13,22039,3.605558395385742
0.87,0.93,0.42,0.67,1.14,1.0,0.1,0.49,0.13,22014,3.6088244915008545
0.87,0.93,0.42,0.68,1.14,1.0,0.1,0.49,0.13,21887,3.609820604324341
0.87,0.94,0.42,0.68,1.14,1.0,0.1,0.49,0.13,22234,3.6128389835357666
0.87,0.94,0.42,0.67,1.14,1.0,0.1,0.49,0.13,22481,3.6168410778045654
0.86,0.93,0.42,0.67,1.14,1.0,0.1,0.49,0.13,21722,3.6208345890045166
0.86,0.94,0.42,0.68,1.14,1.0,0.1,0.49,0.13,21833,3.621830940246582
0.87,0.93,0.42,0.67,1.14,1.0,0.1,0.49,0.13,22228,3.6251633167266846
0.87,0.94,0.42,0.68,1.14,1.0,0.1,0.49,0.12,21953,3.6290688514709473
0.87,0.94,0.42,0.68,1.14,1.0,0.09,0.49,0.12,21824,3.6332600116729736
0.87,0.93,0.42,0.68,1.14,1.0,0.09,0.49,0.13,21725,3.6342291831970215
0.87,0.94,0.42,0.67,1.14,1.0,0.09,0.49,0.13,21996,3.6372148990631104
0.87,0.94,0.42,0.68,1.14,0.99,0.09,0.49,0.12,22155,3.6414554119110107
0.87,0.93,0.42,0.67,1.14,1.0,0.1,0.49,0.13,22278,3.6455187797546387
0.87,0.94,0.42,0.67,1.14,1.0,0.1,0.49,0.13,22173,3.646606922149658
0.87,0.93,0.42,0.67,1.14,1.0,0.1,0.49,0.13,22096,3.6496455669403076
0.87,0.94,0.42,0.68,1.14,1.0,0.1,0.49,0.13,21981,3.6546459197998047
0.86,0.94,0.42,0.67,1.14,1.0,0.09,0.49,0.13,22180,3.659221887588501
0.86,0.93,0.42,0.68,1.14,1.0,0.1,0.49,0.13,22397,3.662428140640259
0.87,0.94,0.42,0.68,1.14,1.0,0.1,0.49,0.12,22170,3.6634349822998047
0.87,0.93,0.42,0.67,1.14,0.99,0.1,0.49,0.13,22221,3.6658754348754883
0.87,0.93,0.42,0.68,1.14,1.0,0.1,0.5,0.13,22110,3.669858932495117
0.86,0.93,0.42,0.68,1.14,1.0,0.1,0.5,0.13,22071,3.6744728088378906
0.87,0.93,0.42,0.68,1.15,1.0,0.09,0.5,0.13,22254,3.6754214763641357
0.87,0.93,0.42,0.68,1.14,0.99,0.1,0.49,0.13,21955,3.6784772872924805
0.87,0.93,0.42,0.68,1.14,0.99,0.09,0.49,0.13,21722,3.6832947731018066
0.87,0.93,0.42,0.68,1.14,0.99,0.1,0.49,0.13,22133,3.686352252960205
0.86,0.93,0.42,0.68,1.14,1.0,0.1,0.49,0.13,22354,3.6873722076416016
0.86,0.93,0.42,0.68,1.14,0.99,0.1,0.49,0.12,21987,3.690450668334961
0.86,0.93,0.42,0.68,1.14,0.99,0.1,0.49,0.13,21918,3.6957387924194336
0.86,0.93,0.42,0.68,1.14,1.0,0.1,0.49,0.13,21873,3.6997392177581787
0.86,0.93,0.42,0.68,1.14,0.99,0.1,0.5,0.13,22252,3.6997392177581787
0.87,0.93,0.42,0.68,1.14,1.0,0.1,0.5,0.13,22349,3.7027413845062256
0.86,0.93,0.42,0.67,1.14,1.0,0.1,0.5,0.12,22180,3.7067785263061523
0.87,0.94,0.42,0.68,1.14,0.99,0.1,0.5,0.13,21879,3.711923122406006
0.86,0.93,0.42,0.67,1.14,1.0,0.1,0.5,0.13,21746,3.711923122406006
0.86,0.93,0.42,0.68,1.14,1.0,0.1,0.5,0.13,21663,3.7151522636413574
0.86,0.93,0.42,0.67,1.14,0.99,0.1,0.5,0.13,21910,3.71927547454834
0.87,0.93,0.42,0.68,1.14,0.99,0.1,0.5,0.13,22197,3.724277973175049
0.86,0.94,0.42,0.67,1.14,1.0,0.1,0.5,0.13,22124,3.7272777557373047
0.86,0.93,0.42,0.68,1.14,1.0,0.1,0.5,0.13,21787,3.7282772064208984
0.86,0.93,0.42,0.68,1.14,1.0,0.1,0.5,0.13,21820,3.7322771549224854
0.86,0.93,0.42,0.68,1.14,1.0,0.1,0.5,0.13,21663,3.735687494277954
0.86,0.93,0.42,0.68,1.14,1.0,0.1,0.5,0.12,21654,3.739467144012451
0.86,0.93,0.42,0.67,1.14,1.0,0.1,0.49,0.13,21907,3.739467144012451
0.86,0.93,0.42,0.68,1.14,0.99,0.1,0.5,0.13,22312,3.7445037364959717
0.86,0.93,0.42,0.68,1.14,1.0,0.1,0.5,0.13,22665,3.7485246658325195
0.86,0.93,0.42,0.68,1.14,1.0,0.1,0.49,0.13,21962,3.7525229454040527
0.86,0.93,0.42,0.68,1.14,1.0,0.1,0.5,0.13,21649,3.7525229454040527
0.86,0.93,0.42,0.68,1.14,1.0,0.09,0.5,0.12,21914,3.7559938430786133
0.86,0.94,0.42,0.68,1.14,1.0,0.09,0.5,0.13,21931,3.7599942684173584
0.86,0.93,0.42,0.68,1.14,1.0,0.09,0.5,0.13,21886,3.7641451358795166
0.86,0.93,0.42,0.68,1.14,1.0,0.09,0.5,0.13,21689,3.765150547027588
0.86,0.93,0.42,0.68,1.14,1.0,0.1,0.5,0.13,21418,3.7691521644592285
0.86,0.94,0.42,0.68,1.14,1.0,0.1,0.5,0.13,21625,3.7731504440307617
0.87,0.94,0.42,0.68,1.14,1.0,0.1,0.5,0.13,22164,3.777310848236084
0.86,0.94,0.42,0.68,1.14,1.0,0.1,0.5,0.13,22011,3.777310848236084
0.86,0.93,0.42,0.69,1.14,1.0,0.1,0.5,0.12,21724,3.7813096046447754
0.86,0.93,0.42,0.68,1.14,1.0,0.09,0.5,0.13,21697,3.7847321033477783
0.86,0.93,0.42,0.68,1.14,1.0,0.1,0.5,0.13,21760,3.7898194789886475
0.87,0.93,0.42,0.68,1.14,1.0,0.1,0.5,0.13,21469,3.7898194789886475
0.86,0.93,0.42,0.68,1.14,1.0,0.1,0.5,0.13,21706,3.793271064758301
0.86,0.93,0.42,0.68,1.14,1.0,0.1,0.49,0.12,21883,3.7972803115844727
0.86,0.93,0.42,0.68,1.14,1.0,0.1,0.5,0.13,21634,3.8012804985046387
0.87,0.93,0.42,0.68,1.14,1.0,0.11,0.5,0.12,21829,3.805161476135254
0.86,0.93,0.42,0.68,1.14,1.0,0.09,0.5,0.12,21782,3.8056936264038086
0.86,0.93,0.42,0.68,1.14,1.0,0.1,0.5,0.13,22037,3.8095662593841553
0.86,0.93,0.42,0.68,1.14,1.0,0.1,0.5,0.12,22174,3.813570499420166
0.86,0.93,0.42,0.68,1.14,1.0,0.1,0.5,0.13,21887,3.817777633666992
0.86,0.93,0.42,0.68,1.14,1.0,0.09,0.5,0.13,21740,3.819106101989746
0.86,0.93,0.42,0.68,1.14,1.0,0.09,0.49,0.13,21835,3.8221776485443115
0.86,0.93,0.42,0.68,1.14,1.0,0.1,0.5,0.13,21740,3.826176404953003
0.86,0.93,0.42,0.68,1.14,1.0,0.1,0.5,0.12,21725,3.830181360244751
0.86,0.93,0.42,0.68,1.14,1.0,0.09,0.49,0.13,21996,3.830181360244751
0.86,0.93,0.42,0.68,1.14,1.0,0.1,0.5,0.13,21921,3.8341965675354004
0.86,0.93,0.42,0.68,1.14,1.0,0.1,0.5,0.13,22012,3.838301181793213
0.86,0.93,0.42,0.68,1.14,1.0,0.1,0.5,0.12,22473,3.842682361602783
0.86,0.93,0.42,0.68,1.14,1.0,0.1,0.5,0.12,22246,3.843674421310425
0.86,0.93,0.42,0.68,1.15,1.0,0.09,0.5,0.12,21979,3.8470242023468018
0.86,0.93,0.42,0.68,1.14,1.0,0.1,0.5,0.13,21684,3.8510239124298096
0.86,0.93,0.42,0.68,1.14,1.0,0.1,0.5,0.13,21759,3.8550243377685547
0.86,0.93,0.42,0.68,1.14,1.0,0.1,0.5,0.12,21802,3.8550243377685547
0.86,0.93,0.42,0.68,1.14,1.0,0.1,0.5,0.13,21789,3.858684778213501
0.86,0.93,0.42,0.68,1.14,1.0,0.09,0.5,0.13,22154,3.86240291595459
0.86,0.93,0.42,0.68,1.14,1.0,0.1,0.5,0.13,22081,3.8681623935699463
0.86,0.93,0.42,0.68,1.14,1.0,0.1,0.5,0.13,21706,3.870126962661743
0.86,0.93,0.42,0.68,1.14,1.0,0.09,0.49,0.12,21767,3.871126413345337
0.86,0.93,0.42,0.68,1.14,1.0,0.1,0.49,0.12,22138,3.8751394748687744
0.86,0.93,0.42,0.67,1.14,1.0,0.1,0.5,0.13,21901,3.8806018829345703
0.86,0.93,0.42,0.68,1.14,1.0,0.09,0.5,0.12,22018,3.882878065109253
0.86,0.93,0.42,0.68,1.14,1.0,0.1,0.5,0.13,21669,3.8836495876312256
0.86,0.93,0.42,0.68,1.14,1.0,0.1,0.5,0.12,21892,3.887881278991699
0.86,0.93,0.42,0.68,1.14,1.0,0.1,0.49,0.13,21817,3.8919389247894287
0.86,0.93,0.42,0.68,1.15,1.0,0.09,0.49,0.12,22208,3.895301342010498
0.86,0.93,0.42,0.68,1.15,1.0,0.09,0.49,0.12,22143,3.895965337753296
0.86,0.93,0.42,0.68,1.15,1.0,0.1,0.5,0.13,21686,3.899270534515381
0.86,0.93,0.42,0.68,1.15,1.0,0.1,0.5,0.13,21767,3.9043660163879395
0.86,0.93,0.42,0.68,1.14,1.0,0.1,0.49,0.13,21790,3.907680034637451
0.86,0.93,0.42,0.68,1.14,1.0,0.09,0.5,0.13,22023,3.9086086750030518
0.86,0.93,0.41,0.68,1.14,1.0,0.09,0.5,0.12,21936,3.9130208492279053
0.87,0.93,0.42,0.68,1.14,1.0,0.09,0.49,0.12,21851,3.9171500205993652
0.86,0.93,0.42,0.68,1.14,1.0,0.09,0.5,0.12,21988,3.9210140705108643
0.86,0.93,0.42,0.68,1.14,1.0,0.1,0.5,0.12,22091,3.9210140705108643
0.86,0.93,0.42,0.68,1.14,1.0,0.1,0.5,0.13,21908,3.924725294113159
0.86,0.93,0.42,0.68,1.14,1.0,0.09,0.49,0.12,22023,3.9286928176879883
0.86,0.93,0.42,0.67,1.14,1.0,0.1,0.49,0.12,21946,3.932278633117676
0.86,0.93,0.42,0.67,1.14,1.0,0.1,0.49,0.13,21887,3.933354616165161
0.87,0.93,0.42,0.68,1.14,1.0,0.09,0.5,0.13,21442,3.9369893074035645
0.87,0.93,0.42,0.67,1.14,1.0,0.1,0.49,0.13,21483,3.9410154819488525
0.87,0.93,0.42,0.68,1.14,1.0,0.09,0.5,0.12,22430,3.9450361728668213
0.86,0.93,0.42,0.68,1.14,1.0,0.1,0.5,0.12,22569,3.9490573406219482
0.87,0.93,0.42,0.68,1.14,1.0,0.1,0.5,0.12,22602,3.9490573406219482
0.86,0.93,0.42,0.67,1.14,1.0,0.1,0.5,0.13,22401,3.9535489082336426
0.87,0.93,0.42,0.68,1.14,1.0,0.1,0.5,0.12,22102,3.9573280811309814
0.87,0.93,0.42,0.68,1.14,1.0,0.1,0.5,0.13,21973,3.9606332778930664
0.86,0.93,0.42,0.68,1.14,1.0,0.1,0.5,0.13,21722,3.961862564086914
0.87,0.93,0.42,0.68,1.14,1.0,0.1,0.5,0.13,21791,3.9658055305480957
0.87,0.93,0.42,0.68,1.14,1.0,0.1,0.5,0.13,22228,3.9694275856018066
0.87,0.93,0.42,0.68,1.14,1.0,0.09,0.5,0.12,22081,3.9734222888946533
0.86,0.93,0.42,0.67,1.14,1.0,0.1,0.5,0.12,21874,3.9734222888946533
0.86,0.93,0.42,0.68,1.14,1.0,0.1,0.5,0.13,21873,3.977731227874756
0.86,0.93,0.42,0.68,1.14,1.0,0.1,0.5,0.13,22224,3.9819679260253906
0.86,0.93,0.42,0.68,1.14,1.0,0.1,0.5,0.12,21955,3.9859728813171387
0.86,0.94,0.42,0.67,1.14,1.0,0.1,0.5,0.13,21724,3.9859728813171387
0.86,0.94,0.42,0.68,1.14,1.0,0.1,0.5,0.12,21757,3.990150213241577
0.86,0.94,0.42,0.68,1.14,1.0,0.09,0.5,0.13,21494,3.9931800365448
0.87,0.94,0.42,0.68,1.14,0.99,0.09,0.5,0.13,21761,3.9981017112731934
0.86,0.93,0.42,0.68,1.14,1.0,0.1,0.5,0.13,21630,3.9991614818573
0.87,0.93,0.42,0.68,1.14,0.99,0.1,0.5,0.13,22041,4.0023462772369385
0.86,0.94,0.42,0.68,1.14,1.0,0.1,0.5,0.13,22128,4.006566286087036
0.86,0.94,0.42,0.67,1.14,1.0,0.09,0.5,0.13,21835,4.010240793228149
0.87,0.94,0.42,0.68,1.14,1.0,0.1,0.5,0.13,21966,4.013852596282959
0.86,0.93,0.42,0.68,1.14,1.0,0.1,0.5,0.13,22287,4.0143961906433105
0.86,0.94,0.42,0.68,1.14,1.0,0.1,0.5,0.13,22082,4.018412828445435
0.86,0.94,0.42,0.68,1.14,1.0,0.1,0.5,0.13,22093,4.022409439086914
0.86,0.94,0.42,0.68,1.14,1.0,0.1,0.5,0.13,21666,4.026416063308716
0.87,0.93,0.42,0.68,1.14,1.0,0.1,0.5,0.13,21859,4.026416063308716
0.86,0.94,0.42,0.68,1.14,1.0,0.09,0.5,0.13,22294,4.030441522598267
0.86,0.94,0.42,0.68,1.14,1.0,0.1,0.5,0.13,22071,4.035042762756348
0.87,0.93,0.42,0.68,1.14,1.0,0.1,0.5,0.13,22192,4.039111852645874
0.86,0.94,0.42,0.68,1.13,1.0,0.1,0.5,0.13,22039,4.039493799209595
0.86,0.93,0.42,0.67,1.14,1.0,0.1,0.49,0.13,21762,4.04293155670166
0.86,0.93,0.42,0.67,1.14,1.0,0.1,0.5,0.13,22099,4.048200845718384
0.86,0.93,0.42,0.67,1.14,1.0,0.1,0.5,0.13,21996,4.0512776374816895
0.85,0.93,0.42,0.67,1.14,1.0,0.1,0.5,0.13,21589,4.0521955490112305
0.85,0.93,0.42,0.67,1.14,1.0,0.1,0.5,0.12,21712,4.054725885391235
0.86,0.93,0.42,0.68,1.14,1.0,0.1,0.5,0.13,21825,4.059317111968994
0.86,0.94,0.42,0.67,1.14,1.0,0.1,0.49,0.13,22190,4.063331127166748
0.84,0.94,0.42,0.67,1.14,1.0,0.1,0.5,0.12,22021,4.06437611579895
0.85,0.93,0.42,0.67,1.14,1.0,0.1,0.49,0.13,21704,4.068178415298462
0.85,0.93,0.42,0.67,1.14,1.0,0.1,0.49,0.13,21991,4.072034597396851
0.86,0.93,0.42,0.67,1.14,1.0,0.09,0.5,0.12,22128,4.0760157108306885
0.86,0.93,0.42,0.68,1.14,0.99,0.1,0.5,0.13,22075,4.0790019035339355
0.85,0.93,0.42,0.67,1.14,1.0,0.1,0.49,0.13,21832,4.080007314682007
0.86,0.93,0.41,0.67,1.14,1.0,0.1,0.49,0.12,21453,4.083718538284302
0.86,0.94,0.42,0.67,1.14,1.0,0.1,0.5,0.12,21564,4.088591575622559
0.86,0.93,0.42,0.67,1.14,0.99,0.09,0.5,0.12,21645,4.091710567474365
0.86,0.93,0.42,0.68,1.14,1.0,0.1,0.5,0.13,21754,4.0927135944366455
0.86,0.93,0.42,0.68,1.14,1.0,0.09,0.5,0.13,22203,4.096706867218018
0.86,0.93,0.42,0.68,1.14,1.0,0.1,0.5,0.12,22440,4.100890159606934
0.86,0.93,0.42,0.68,1.14,1.0,0.09,0.5,0.12,22133,4.104071617126465
0.86,0.93,0.42,0.67,1.14,1.0,0.1,0.5,0.13,21900,4.105064392089844
0.86,0.93,0.42,0.67,1.14,1.0,0.1,0.5,0.13,21675,4.109078407287598
0.86,0.93,0.41,0.67,1.14,1.0,0.1,0.49,0.13,21560,4.113209962844849
0.86,0.93,0.42,0.68,1.14,1.0,0.1,0.5,0.12,21975,4.116243839263916
0.86,0.94,0.42,0.68,1.14,1.0,0.09,0.5,0.12,22088,4.1172099113464355
0.86,0.94,0.41,0.68,1.14,1.0,0.1,0.5,0.12,21979,4.1212098598480225
0.86,0.93,0.42,0.68,1.14,1.0,0.1,0.49,0.12,21842,4.1249237060546875
0.86,0.93,0.42,0.67,1.14,1.0,0.1,0.5,0.12,21931,4.129114866256714
0.86,0.93,0.42,0.68,1.14,1.0,0.1,0.49,0.13,21692,4.129939079284668
0.86,0.93,0.42,0.66,1.14,1.0,0.1,0.5,0.12,21565,4.132957696914673
0.87,0.93,0.42,0.67,1.14,1.0,0.1,0.5,0.12,21804,4.137296676635742
0.86,0.93,0.42,0.68,1.14,1.0,0.09,0.5,0.12,21721,4.141582012176514
0.86,0.93,0.42,0.68,1.14,1.0,0.1,0.5,0.12,21448,4.14563512802124
0.85,0.93,0.42,0.67,1.14,1.0,0.1,0.5,0.12,22089,4.14563512802124
0.86,0.93,0.42,0.67,1.14,1.0,0.1,0.5,0.12,22244,4.149633884429932
0.84,0.94,0.42,0.67,1.14,1.0,0.1,0.49,0.13,22283,4.154223918914795
0.86,0.94,0.42,0.67,1.14,1.0,0.09,0.49,0.12,22298,4.157513856887817
0.85,0.93,0.42,0.68,1.14,1.0,0.1,0.5,0.12,22135,4.157513856887817
0.85,0.93,0.42,0.67,1.14,1.0,0.1,0.5,0.12,22120,4.162907600402832
0.86,0.94,0.42,0.67,1.13,0.99,0.09,0.5,0.13,21953,4.166922569274902
0.85,0.94,0.42,0.66,1.14,1.0,0.1,0.5,0.12,22044,4.170079946517944
0.85,0.94,0.41,0.67,1.13,0.99,0.1,0.5,0.12,21557,4.171154737472534
0.86,0.94,0.41,0.67,1.14,1.0,0.09,0.49,0.12,21874,4.174269437789917
0.85,0.93,0.41,0.67,1.14,0.99,0.09,0.5,0.12,22183,4.17939829826355
0.86,0.94,0.41,0.67,1.14,1.0,0.1,0.5,0.13,22186,4.182348251342773
0.85,0.93,0.42,0.66,1.14,1.0,0.09,0.5,0.12,22393,4.182348251342773
0.86,0.93,0.41,0.67,1.14,0.99,0.09,0.49,0.12,22034,4.186347007751465
0.85,0.93,0.41,0.66,1.14,1.0,0.09,0.49,0.12,21901,4.1903440952301025
0.86,0.93,0.41,0.67,1.14,0.99,0.1,0.5,0.12,21868,4.194174289703369
0.85,0.93,0.42,0.67,1.14,1.0,0.09,0.5,0.11,22059,4.195184707641602
0.86,0.94,0.42,0.66,1.14,0.99,0.09,0.5,0.12,22048,4.198351860046387
0.85,0.94,0.41,0.66,1.14,1.0,0.09,0.5,0.12,21769,4.202352523803711
0.85,0.94,0.41,0.66,1.14,1.0,0.09,0.5,0.12,21644,4.206352233886719
0.85,0.94,0.41,0.67,1.14,1.0,0.1,0.5,0.12,22043,4.207355499267578
0.86,0.94,0.41,0.67,1.13,1.0,0.1,0.5,0.12,22086,4.2113518714904785
0.86,0.93,0.42,0.67,1.14,1.0,0.09,0.49,0.12,22037,4.214818477630615
0.86,0.94,0.41,0.67,1.13,1.0,0.09,0.49,0.12,21878,4.219405889511108
0.84,0.93,0.41,0.67,1.13,1.0,0.1,0.5,0.13,21927,4.222470998764038
0.85,0.94,0.42,0.67,1.14,1.0,0.09,0.49,0.12,22100,4.2234721183776855
0.85,0.93,0.41,0.66,1.13,1.0,0.1,0.5,0.12,22045,4.2274909019470215
0.84,0.94,0.41,0.66,1.14,0.99,0.1,0.5,0.12,22086,4.231649160385132
0.84,0.94,0.41,0.66,1.14,1.0,0.1,0.49,0.12,21977,4.235533714294434
0.84,0.93,0.41,0.66,1.13,1.0,0.1,0.5,0.12,22074,4.235533714294434
0.84,0.93,0.41,0.66,1.14,0.99,0.11,0.49,0.13,22031,4.23950457572937
0.84,0.94,0.41,0.66,1.14,1.0,0.1,0.5,0.13,21944,4.243499040603638
0.84,0.94,0.41,0.66,1.14,1.0,0.09,0.5,0.13,21805,4.2477710247039795
0.84,0.94,0.41,0.66,1.14,0.99,0.1,0.49,0.13,21790,4.24880838394165
0.83,0.94,0.41,0.66,1.14,1.0,0.09,0.49,0.13,21901,4.251896619796753
0.85,0.94,0.41,0.66,1.14,1.0,0.09,0.49,0.12,21902,4.2569921016693115
0.85,0.94,0.41,0.66,1.14,1.0,0.1,0.49,0.12,21677,4.260056495666504
0.85,0.94,0.41,0.67,1.14,1.0,0.1,0.49,0.12,21790,4.261125564575195
0.85,0.94,0.41,0.67,1.14,1.0,0.1,0.5,0.13,22083,4.2638561725616455
0.85,0.94,0.41,0.67,1.14,1.0,0.1,0.5,0.13,21682,4.268868446350098
0.86,0.94,0.41,0.66,1.14,1.0,0.1,0.49,0.13,21407,4.271906614303589
0.85,0.93,0.42,0.67,1.14,1.0,0.1,0.5,0.13,21860,4.272907495498657
0.86,0.93,0.42,0.67,1.14,1.0,0.1,0.49,0.12,21977,4.2761664390563965
0.85,0.93,0.41,0.66,1.14,1.0,0.09,0.5,0.13,22038,4.281280040740967
0.85,0.94,0.41,0.67,1.13,1.0,0.1,0.49,0.13,22221,4.284395933151245
0.85,0.93,0.41,0.67,1.14,1.0,0.1,0.49,0.13,21864,4.288421154022217
0.85,0.93,0.41,0.68,1.14,1.0,0.11,0.49,0.13,21481,4.288421154022217
0.85,0.93,0.41,0.67,1.14,1.0,0.09,0.49,0.12,21394,4.292663097381592
0.84,0.94,0.41,0.66,1.14,1.0,0.09,0.49,0.12,21659,4.296921014785767
0.85,0.93,0.41,0.65,1.14,1.0,0.09,0.49,0.12,21962,4.300980567932129
0.85,0.94,0.42,0.66,1.14,0.99,0.1,0.49,0.13,21937,4.300980567932129
0.85,0.93,0.41,0.66,1.14,1.0,0.1,0.5,0.13,22216,4.304979562759399
0.85,0.93,0.41,0.66,1.14,1.0,0.1,0.5,0.13,21795,4.3091044425964355
0.85,0.94,0.41,0.66,1.14,1.0,0.09,0.5,0.13,21942,4.313133001327515
0.85,0.93,0.41,0.66,1.14,1.0,0.09,0.5,0.12,21963,4.314241886138916
0.86,0.93,0.41,0.66,1.14,0.99,0.09,0.49,0.12,22170,4.3172993659973145
0.85,0.93,0.42,0.67,1.14,1.0,0.11,0.5,0.12,22041,4.321463346481323
0.85,0.93,0.41,0.66,1.14,1.0,0.1,0.5,0.12,22120,4.325474977493286
0.85,0.94,0.41,0.66,1.14,1.0,0.1,0.5,0.13,22177,4.326467275619507
0.86,0.94,0.41,0.67,1.14,1.0,0.09,0.5,0.12,22278,4.329426288604736
0.86,0.93,0.41,0.67,1.14,1.0,0.09,0.49,0.12,22471,4.3336076736450195
0.86,0.93,0.42,0.67,1.14,1.0,0.1,0.5,0.12,22404,4.337742805480957
0.85,0.94,0.41,0.66,1.14,1.0,0.09,0.49,0.12,22169,4.3387463092803955
0.86,0.94,0.41,0.67,1.14,1.0,0.1,0.5,0.13,22070,4.341747045516968
0.85,0.94,0.41,0.66,1.14,1.0,0.1,0.5,0.13,21853,4.346745252609253
0.86,0.94,0.42,0.67,1.13,0.99,0.09,0.49,0.13,21776,4.349754810333252
0.86,0.94,0.41,0.67,1.14,1.0,0.09,0.49,0.12,22075,4.3509604930877686
0.86,0.93,0.41,0.66,1.14,1.0,0.1,0.5,0.13,22004,4.3543195724487305
0.86,0.93,0.41,0.66,1.14,1.0,0.1,0.49,0.12,22123,4.358431577682495
0.86,0.93,0.41,0.66,1.14,1.0,0.1,0.5,0.13,22250,4.362949848175049
0.86,0.94,0.42,0.66,1.14,1.0,0.1,0.5,0.13,21995,4.365963459014893
0.86,0.93,0.42,0.66,1.14,1.0,0.1,0.5,0.13,22126,4.367161512374878
0.86,0.93,0.42,0.66,1.14,1.0,0.1,0.5,0.13,22087,4.37116551399231
0.86,0.93,0.41,0.66,1.14,1.0,0.1,0.5,0.12,21426,4.375179290771484
0.86,0.93,0.41,0.66,1.14,1.0,0.1,0.5,0.12,21351,4.37864875793457
0.86,0.93,0.41,0.67,1.14,1.0,0.1,0.5,0.13,21878,4.379181385040283
0.86,0.94,0.42,0.65,1.14,1.0,0.1,0.49,0.13,22023,4.382951736450195
0.86,0.93,0.42,0.66,1.14,1.0,0.11,0.5,0.13,21934,4.387199878692627
0.86,0.93,0.42,0.66,1.14,1.0,0.09,0.49,0.13,21739,4.391196250915527
0.86,0.93,0.41,0.65,1.14,1.0,0.09,0.5,0.13,22190,4.3921966552734375
0.86,0.93,0.41,0.66,1.14,0.99,0.1,0.5,0.13,22457,4.395633220672607
0.86,0.93,0.42,0.66,1.15,1.0,0.1,0.5,0.13,22138,4.399805545806885
0.86,0.93,0.42,0.66,1.14,1.0,0.1,0.5,0.13,22277,4.403538465499878
0.86,0.93,0.41,0.67,1.14,1.0,0.1,0.5,0.13,22266,4.404593229293823
0.86,0.93,0.42,0.67,1.14,0.99,0.1,0.5,0.13,21787,4.408395767211914
0.85,0.93,0.42,0.67,1.14,1.0,0.1,0.5,0.13,21830,4.4120354652404785
0.86,0.94,0.42,0.67,1.14,1.0,0.1,0.5,0.13,21913,4.415872573852539
0.86,0.94,0.42,0.67,1.14,1.0,0.1,0.5,0.12,21830,4.417078256607056
0.86,0.94,0.41,0.66,1.14,1.0,0.1,0.49,0.13,22111,4.420902490615845
0.86,0.94,0.41,0.66,1.14,1.0,0.11,0.49,0.13,21810,4.424871206283569
0.86,0.94,0.41,0.67,1.14,1.0,0.1,0.5,0.13,21753,4.428958177566528
0.86,0.93,0.41,0.67,1.14,1.0,0.1,0.5,0.13,22358,4.4321448802948
0.86,0.94,0.41,0.66,1.14,1.0,0.1,0.5,0.13,22539,4.433233261108398
0.86,0.94,0.42,0.66,1.14,1.0,0.1,0.5,0.13,22004,4.437234163284302
0.86,0.94,0.41,0.67,1.14,1.0,0.11,0.5,0.13,22005,4.44065523147583
0.86,0.94,0.41,0.67,1.14,0.99,0.1,0.5,0.13,22050,4.444651126861572
0.86,0.94,0.41,0.66,1.14,1.0,0.1,0.49,0.13,22027,4.444651126861572
0.86,0.94,0.41,0.66,1.14,1.0,0.1,0.5,0.13,22094,4.448933362960815
0.86,0.93,0.42,0.67,1.14,1.0,0.1,0.5,0.13,21909,4.4539220333099365
0.86,0.94,0.42,0.67,1.14,1.0,0.1,0.5,0.13,22186,4.456472635269165
0.86,0.94,0.42,0.67,1.14,1.0,0.1,0.5,0.12,21831,4.456472635269165
0.86,0.94,0.41,0.67,1.15,1.0,0.1,0.49,0.13,21720,4.460817098617554
0.86,0.94,0.41,0.67,1.14,1.0,0.1,0.5,0.12,21955,4.465255975723267
0.86,0.94,0.41,0.67,1.14,1.0,0.1,0.5,0.13,22052,4.469250440597534
0.86,0.94,0.41,0.67,1.14,1.0,0.1,0.5,0.12,22323,4.470235109329224
0.87,0.94,0.41,0.67,1.14,1.0,0.1,0.5,0.12,22400,4.473750352859497
0.86,0.94,0.41,0.67,1.14,1.0,0.1,0.5,0.12,22425,4.477729320526123
0.86,0.94,0.41,0.67,1.14,1.0,0.11,0.5,0.12,22472,4.481852769851685
0.85,0.94,0.41,0.67,1.14,1.0,0.1,0.5,0.13,22467,4.481852769851685
0.86,0.94,0.41,0.67,1.14,1.0,0.1,0.5,0.12,22396,4.485531568527222
0.86,0.94,0.41,0.67,1.14,1.0,0.1,0.49,0.12,22237,4.489313840866089
0.86,0.94,0.41,0.67,1.14,1.0,0.1,0.49,0.12,22124,4.493489980697632
0.86,0.94,0.42,0.67,1.14,1.0,0.1,0.5,0.12,21871,4.494556665420532
0.86,0.94,0.42,0.67,1.13,1.0,0.1,0.49,0.13,21632,4.497540473937988
0.86,0.94,0.42,0.67,1.14,1.0,0.1,0.5,0.12,21769,4.501604080200195
0.86,0.94,0.41,0.67,1.14,1.0,0.1,0.49,0.12,22036,4.505736351013184
0.85,0.94,0.41,0.67,1.14,1.0,0.1,0.5,0.12,21949,4.508785009384155
0.86,0.94,0.41,0.67,1.14,1.0,0.1,0.49,0.12,21688,4.509826898574829
0.86,0.93,0.41,0.67,1.14,1.0,0.1,0.5,0.13,21837,4.513827323913574
0.85,0.94,0.41,0.68,1.14,1.0,0.1,0.5,0.13,21978,4.518878698348999
0.85,0.94,0.41,0.67,1.14,1.0,0.09,0.49,0.12,21743,4.522000074386597
0.86,0.94,0.41,0.67,1.14,1.0,0.1,0.49,0.13,21746,4.523064613342285
0.86,0.94,0.41,0.67,1.13,1.0,0.1,0.49,0.12,21847,4.5260326862335205
0.85,0.94,0.41,0.67,1.14,1.0,0.1,0.49,0.13,21870,4.530256271362305
0.85,0.94,0.42,0.67,1.14,1.0,0.09,0.49,0.13,21821,4.534210205078125
0.86,0.94,0.41,0.67,1.14,1.0,0.1,0.49,0.12,21816,4.535224437713623
0.86,0.94,0.41,0.67,1.14,1.0,0.1,0.49,0.13,21969,4.538452863693237
0.85,0.94,0.42,0.67,1.14,1.0,0.1,0.49,0.12,21612,4.542388439178467
0.85,0.94,0.41,0.67,1.14,1.0,0.1,0.5,0.12,21805,4.5464465618133545
0.85,0.94,0.41,0.67,1.14,1.0,0.1,0.49,0.12,22162,4.5474419593811035
0.86,0.94,0.41,0.67,1.14,1.0,0.1,0.49,0.12,21777,4.550448417663574
0.86,0.94,0.41,0.67,1.14,1.0,0.1,0.5,0.13,21626,4.555453777313232
0.86,0.95,0.41,0.66,1.14,1.0,0.1,0.49,0.12,21681,4.558454275131226
0.86,0.94,0.41,0.66,1.14,1.0,0.1,0.49,0.12,21606,4.559448719024658
0.86,0.94,0.41,0.67,1.14,1.0,0.1,0.49,0.12,21471,4.562883138656616
0.86,0.94,0.41,0.67,1.14,1.0,0.1,0.49,0.12,21882,4.566979169845581
0.86,0.94,0.42,0.67,1.14,1.0,0.1,0.49,0.12,22227,4.571112394332886
0.86,0.94,0.41,0.67,1.14,1.0,0.1,0.49,0.12,22296,4.5721118450164795
0.86,0.94,0.41,0.67,1.14,1.0,0.1,0.5,0.12,22237,4.576111793518066
0.86,0.94,0.41,0.67,1.14,1.0,0.11,0.49,0.12,22152,4.580107688903809
0.86,0.94,0.41,0.66,1.13,1.0,0.1,0.49,0.12,22249,4.583693981170654
0.86,0.94,0.41,0.67,1.14,1.0,0.1,0.49,0.12,22330,4.587803840637207
0.86,0.94,0.41,0.67,1.13,1.0,0.1,0.49,0.12,21767,4.588742971420288
0.86,0.94,0.41,0.66,1.13,1.0,0.1,0.49,0.12,22056,4.591096639633179
0.86,0.94,0.41,0.67,1.14,1.0,0.1,0.5,0.12,22209,4.596109390258789
0.86,0.94,0.41,0.67,1.14,1.0,0.1,0.49,0.12,21694,4.599602937698364
0.86,0.94,0.41,0.67,1.14,1.0,0.1,0.49,0.12,21963,4.600600957870483
0.86,0.94,0.41,0.67,1.14,1.0,0.1,0.49,0.12,21990,4.60460352897644
0.86,0.94,0.41,0.67,1.14,1.0,0.1,0.49,0.12,21515,4.608629465103149
0.85,0.94,0.41,0.66,1.14,1.0,0.1,0.49,0.12,21770,4.61214804649353
0.86,0.94,0.41,0.67,1.14,1.0,0.1,0.49,0.13,22025,4.613213062286377
0.86,0.94,0.41,0.67,1.14,1.0,0.1,0.49,0.13,22110,4.616339683532715
0.86,0.94,0.41,0.66,1.14,1.0,0.1,0.49,0.12,22131,4.621256351470947
0.86,0.94,0.41,0.66,1.14,1.0,0.1,0.5,0.12,22048,4.624624252319336
0.86,0.94,0.42,0.67,1.14,1.0,0.1,0.5,0.12,22035,4.625368356704712
0.86,0.94,0.42,0.67,1.14,1.0,0.1,0.5,0.12,21978,4.62862229347229
0.86,0.94,0.41,0.67,1.14,1.0,0.11,0.49,0.12,21791,4.634023427963257
0.86,0.94,0.41,0.67,1.14,0.99,0.1,0.49,0.13,21768,4.636957406997681
0.86,0.94,0.41,0.66,1.14,0.99,0.1,0.5,0.12,21575,4.636957406997681
0.86,0.94,0.41,0.66,1.14,1.0,0.1,0.49,0.13,22250,4.642005681991577
0.85,0.94,0.41,0.66,1.14,1.0,0.1,0.49,0.14,21955,4.645070314407349
0.86,0.94,0.41,0.67,1.14,1.0,0.1,0.49,0.13,21960,4.649110555648804
0.86,0.94,0.41,0.67,1.14,1.0,0.1,0.49,0.12,22181,4.650155067443848
0.85,0.94,0.41,0.66,1.14,1.0,0.1,0.49,0.12,21968,4.65425443649292
0.86,0.94,0.42,0.66,1.14,0.99,0.1,0.49,0.12,21765,4.658262491226196
0.86,0.94,0.42,0.67,1.13,1.0,0.1,0.49,0.13,21962,4.662262439727783
0.86,0.94,0.41,0.66,1.14,1.0,0.1,0.49,0.12,22239,4.662782907485962
0.86,0.94,0.41,0.66,1.13,1.0,0.1,0.49,0.12,22260,4.665825366973877
0.86,0.94,0.41,0.66,1.13,1.0,0.1,0.49,0.12,22129,4.670148849487305
0.86,0.94,0.41,0.66,1.14,1.0,0.1,0.49,0.12,21960,4.674461603164673
0.86,0.94,0.41,0.66,1.14,1.0,0.1,0.49,0.12,22097,4.678034782409668
0.86,0.94,0.41,0.66,1.13,1.0,0.1,0.49,0.12,21786,4.679097890853882
0.85,0.94,0.41,0.66,1.13,1.0,0.1,0.49,0.12,22025,4.681615352630615
0.86,0.94,0.41,0.66,1.14,1.0,0.09,0.5,0.12,22084,4.686763525009155
0.86,0.94,0.41,0.66,1.14,1.0,0.1,0.49,0.12,22165,4.689816236495972
0.85,0.94,0.41,0.66,1.14,1.0,0.1,0.49,0.13,21508,4.690819025039673
0.86,0.94,0.41,0.66,1.14,1.0,0.1,0.49,0.12,21917,4.694826126098633
0.86,0.94,0.41,0.67,1.14,1.0,0.1,0.49,0.13,21800,4.698145151138306
0.86,0.94,0.41,0.66,1.14,1.0,0.11,0.5,0.12,21505,4.702893972396851
0.86,0.94,0.41,0.66,1.14,0.99,0.11,0.5,0.12,21850,4.702893972396851
0.85,0.95,0.41,0.67,1.14,1.0,0.1,0.49,0.12,22073,4.706894159317017
0.86,0.94,0.41,0.67,1.13,1.0,0.1,0.49,0.12,21940,4.711336612701416
0.86,0.94,0.41,0.67,1.14,0.99,0.1,0.49,0.12,21903,4.714385271072388
0.86,0.94,0.41,0.66,1.14,1.0,0.1,0.5,0.12,21852,4.715375900268555
0.86,0.94,0.41,0.66,1.14,1.0,0.1,0.5,0.12,21741,4.718374967575073
0.86,0.94,0.41,0.66,1.13,1.0,0.1,0.49,0.13,22432,4.72337794303894
0.86,0.94,0.41,0.66,1.14,0.99,0.1,0.5,0.12,22595,4.7273783683776855
0.86,0.94,0.41,0.67,1.14,1.0,0.1,0.49,0.13,22464,4.72837495803833
0.87,0.94,0.41,0.66,1.14,1.0,0.1,0.5,0.12,21823,4.73087739944458
0.86,0.94,0.41,0.66,1.14,1.0,0.1,0.5,0.12,22062,4.734940528869629
0.86,0.94,0.41,0.66,1.14,1.0,0.1,0.49,0.12,22275,4.739912986755371
0.86,0.94,0.41,0.67,1.13,1.0,0.09,0.49,0.12,21960,4.739912986755371
0.86,0.94,0.42,0.66,1.13,0.99,0.1,0.49,0.13,21717,4.742912292480469
0.86,0.94,0.41,0.66,1.14,1.0,0.1,0.5,0.12,21922,4.747219085693359
0.86,0.94,0.41,0.66,1.13,1.0,0.1,0.49,0.12,21947,4.752085208892822
0.86,0.94,0.41,0.66,1.14,1.0,0.11,0.49,0.12,21816,4.755497694015503
0.86,0.94,0.41,0.66,1.14,1.0,0.1,0.5,0.12,21619,4.755497694015503
0.86,0.94,0.41,0.66,1.14,0.99,0.1,0.49,0.12,21852,4.758959531784058
0.86,0.93,0.41,0.66,1.14,0.99,0.1,0.5,0.13,21771,4.764116287231445
0.86,0.94,0.41,0.66,1.14,1.0,0.1,0.49,0.12,22076,4.768115758895874
0.86,0.94,0.41,0.66,1.14,1.0,0.1,0.49,0.12,21943,4.7691240310668945
0.86,0.94,0.41,0.67,1.13,1.0,0.1,0.49,0.12,22080,4.772116422653198
0.86,0.94,0.41,0.66,1.14,1.0,0.1,0.49,0.12,22029,4.776017189025879
0.86,0.94,0.41,0.66,1.14,1.0,0.1,0.5,0.12,21424,4.7805867195129395
0.86,0.94,0.42,0.66,1.13,1.0,0.1,0.49,0.12,21245,4.7805867195129395
0.86,0.94,0.41,0.66,1.14,1.0,0.1,0.5,0.12,21912,4.784621953964233
0.86,0.94,0.41,0.66,1.13,0.99,0.1,0.5,0.13,22221,4.788626432418823
0.86,0.94,0.41,0.66,1.13,1.0,0.1,0.5,0.12,22400,4.792622804641724
0.86,0.94,0.41,0.67,1.14,1.0,0.1,0.5,0.13,22745,4.792622804641724
0.86,0.94,0.41,0.66,1.13,1.0,0.1,0.5,0.12,22640,4.7966272830963135
0.86,0.94,0.41,0.67,1.14,1.0,0.11,0.5,0.12,22245,4.80062198638916
0.86,0.94,0.41,0.66,1.13,1.0,0.1,0.5,0.12,22002,4.804632663726807
0.86,0.94,0.41,0.67,1.14,1.0,0.1,0.49,0.12,22283,4.805683374404907
0.86,0.94,0.41,0.67,1.13,1.0,0.1,0.49,0.12,21842,4.808652639389038
0.86,0.94,0.41,0.67,1.14,1.0,0.1,0.5,0.12,21891,4.813682556152344
0.86,0.94,0.41,0.66,1.14,1.0,0.09,0.49,0.12,21806,4.817682266235352
0.86,0.94,0.41,0.67,1.14,1.0,0.1,0.49,0.13,21733,4.82068133354187
0.86,0.94,0.41,0.66,1.13,1.0,0.1,0.49,0.12,21878,4.821681976318359
0.86,0.94,0.41,0.66,1.14,1.0,0.1,0.49,0.12,21971,4.825832366943359
0.86,0.94,0.41,0.67,1.14,1.0,0.1,0.49,0.13,21708,4.8292999267578125
0.86,0.94,0.41,0.67,1.14,1.0,0.11,0.49,0.12,21871,4.833511590957642
0.86,0.94,0.41,0.66,1.14,1.0,0.09,0.49,0.12,21782,4.833511590957642
0.86,0.94,0.41,0.66,1.14,1.0,0.1,0.49,0.13,21749,4.837526082992554
0.86,0.94,0.41,0.67,1.14,1.0,0.1,0.49,0.12,21904,4.84171724319458
0.86,0.94,0.42,0.67,1.14,1.0,0.09,0.49,0.13,21969,4.845720052719116
0.86,0.94,0.41,0.67,1.14,1.0,0.1,0.49,0.13,22078,4.846719741821289
0.86,0.94,0.41,0.66,1.14,1.0,0.1,0.49,0.13,22437,4.85068154335022
0.86,0.94,0.41,0.66,1.14,1.0,0.1,0.49,0.13,21954,4.855121374130249
0.86,0.94,0.42,0.66,1.14,1.0,0.1,0.49,0.12,21497,4.858599662780762
0.86,0.94,0.41,0.66,1.14,0.99,0.1,0.49,0.12,21614,4.859563112258911
0.86,0.94,0.41,0.66,1.14,1.0,0.1,0.5,0.12,22045,4.861865043640137
0.86,0.94,0.41,0.67,1.13,1.0,0.1,0.49,0.12,22070,4.86654257774353
0.86,0.94,0.41,0.67,1.14,0.99,0.1,0.49,0.13,22093,4.870563268661499
0.86,0.95,0.41,0.67,1.14,1.0,0.1,0.49,0.13,21934,4.87154221534729
0.86,0.94,0.41,0.67,1.14,1.0,0.1,0.49,0.13,22079,4.87523341178894
0.87,0.94,0.41,0.67,1.14,1.0,0.1,0.49,0.13,21668,4.879472017288208
0.86,0.94,0.42,0.67,1.14,0.99,0.11,0.49,0.13,21769,4.883725166320801
0.86,0.94,0.42,0.67,1.14,1.0,0.1,0.49,0.13,21886,4.883725166320801
0.86,0.94,0.42,0.67,1.14,1.0,0.1,0.49,0.12,22089,4.887721061706543
0.86,0.94,0.41,0.67,1.14,1.0,0.09,0.49,0.13,22436,4.891705274581909
0.86,0.94,0.41,0.67,1.14,0.99,0.1,0.49,0.13,22223,4.895691394805908
0.86,0.94,0.41,0.67,1.14,0.99,0.1,0.49,0.12,21526,4.899077415466309
0.86,0.94,0.41,0.66,1.14,1.0,0.1,0.49,0.13,21671,4.899977207183838
0.86,0.94,0.41,0.67,1.14,0.99,0.1,0.5,0.12,21982,4.903275728225708
0.86,0.94,0.42,0.66,1.14,0.99,0.09,0.49,0.12,21963,4.908223390579224
0.86,0.94,0.41,0.66,1.14,1.0,0.1,0.49,0.12,21786,4.91120719909668
0.86,0.94,0.41,0.67,1.14,0.99,0.1,0.49,0.13,21715,4.91221022605896
0.86,0.94,0.41,0.67,1.14,1.0,0.1,0.49,0.13,21986,4.915207862854004
0.86,0.94,0.41,0.66,1.14,1.0,0.11,0.5,0.13,21995,4.920201778411865
0.86,0.94,0.41,0.66,1.14,1.0,0.1,0.5,0.13,22094,4.9232048988342285
0.86,0.94,0.41,0.67,1.14,0.99,0.09,0.49,0.12,22041,4.924208164215088
0.86,0.94,0.41,0.66,1.14,1.0,0.1,0.49,0.13,21774,4.928208112716675
0.86,0.94,0.41,0.66,1.14,1.0,0.1,0.5,0.12,21887,4.931572675704956
0.86,0.94,0.41,0.67,1.14,1.0,0.1,0.49,0.13,22022,4.935832738876343
0.87,0.94,0.41,0.67,1.14,1.0,0.1,0.49,0.13,21967,4.9368672370910645
0.86,0.94,0.41,0.67,1.14,1.0,0.1,0.49,0.12,22382,4.939971685409546
0.86,0.94,0.4,0.67,1.14,1.0,0.1,0.49,0.13,22429,4.943939924240112
0.86,0.94,0.41,0.67,1.14,1.0,0.1,0.49,0.13,21984,4.948962926864624
0.86,0.94,0.41,0.66,1.14,1.0,0.11,0.49,0.13,22053,4.948962926864624
0.86,0.94,0.41,0.66,1.14,1.0,0.1,0.49,0.13,22484,4.952967166900635
0.86,0.94,0.41,0.66,1.14,1.0,0.1,0.5,0.13,21893,4.956967353820801
0.87,0.94,0.41,0.66,1.14,1.0,0.1,0.49,0.12,21852,4.961257696151733
0.86,0.94,0.41,0.66,1.14,1.0,0.1,0.49,0.13,22525,4.963764429092407
0.86,0.94,0.41,0.66,1.13,1.0,0.1,0.49,0.13,22298,4.964779376983643
0.86,0.94,0.41,0.66,1.13,1.0,0.1,0.49,0.12,22489,4.968393564224243
0.86,0.94,0.41,0.67,1.13,0.99,0.09,0.49,0.12,22120,4.973382949829102
0.86,0.94,0.41,0.67,1.14,1.0,0.09,0.49,0.12,21717,4.976631164550781
0.86,0.94,0.41,0.67,1.14,1.0,0.1,0.49,0.13,21654,4.976631164550781
0.86,0.94,0.41,0.67,1.13,1.0,0.1,0.49,0.13,22143,4.981273174285889
0.86,0.94,0.41,0.67,1.14,1.0,0.1,0.5,0.13,22214,4.985528945922852
0.86,0.94,0.41,0.67,1.14,0.99,0.1,0.49,0.13,21861,4.9882731437683105
0.86,0.94,0.41,0.66,1.14,0.99,0.1,0.49,0.12,22370,4.989386320114136
0.86,0.94,0.41,0.67,1.14,0.99,0.1,0.49,0.13,22493,4.993271350860596
0.86,0.94,0.41,0.66,1.14,1.0,0.1,0.49,0.13,22098,4.998276233673096
0.86,0.94,0.41,0.66,1.14,1.0,0.1,0.49,0.12,22209,5.0017921924591064
0.86,0.94,0.41,0.66,1.14,1.0,0.1,0.49,0.12,22384,5.0017921924591064
0.86,0.94,0.41,0.66,1.14,1.0,0.1,0.49,0.13,21743,5.0055413246154785
0.86,0.94,0.41,0.66,1.14,1.0,0.1,0.49,0.12,21482,5.009572267532349
0.86,0.94,0.41,0.67,1.13,1.0,0.1,0.49,0.13,22095,5.0145978927612305
0.86,0.94,0.41,0.66,1.14,1.0,0.1,0.49,0.12,21892,5.0145978927612305
0.86,0.94,0.41,0.66,1.13,1.0,0.09,0.49,0.13,21811,5.018693447113037
0.86,0.94,0.41,0.66,1.14,1.0,0.09,0.49,0.13,22182,5.022696495056152
0.86,0.93,0.41,0.67,1.14,0.99,0.09,0.49,0.13,22121,5.026695966720581
0.86,0.93,0.42,0.66,1.14,1.0,0.1,0.49,0.12,22190,5.029995679855347
0.86,0.94,0.41,0.66,1.14,1.01,0.1,0.49,0.13,22655,5.030694246292114
0.86,0.94,0.41,0.67,1.14,1.0,0.11,0.49,0.12,22052,5.034881591796875
0.86,0.94,0.41,0.67,1.14,1.0,0.1,0.49,0.12,21805,5.038596153259277
0.86,0.94,0.41,0.66,1.14,1.0,0.1,0.49,0.12,21690,5.042457342147827
0.86,0.94,0.41,0.66,1.14,1.0,0.1,0.49,0.12,21963,5.042457342147827
0.86,0.94,0.41,0.66,1.14,1.0,0.1,0.49,0.12,22146,5.047022819519043
0.86,0.94,0.41,0.67,1.14,1.0,0.1,0.49,0.13,21713,5.051011323928833
0.86,0.94,0.41,0.67,1.14,1.0,0.1,0.49,0.12,21824,5.0545337200164795
0.86,0.94,0.41,0.66,1.14,1.0,0.1,0.49,0.13,22353,5.0555949211120605
0.86,0.93,0.41,0.67,1.14,1.0,0.1,0.49,0.13,22392,5.059035062789917
0.86,0.94,0.41,0.66,1.14,1.0,0.1,0.49,0.13,22503,5.06393027305603
0.86,0.94,0.41,0.66,1.14,1.0,0.11,0.49,0.13,22112,5.067189693450928
0.86,0.94,0.41,0.66,1.14,1.0,0.1,0.49,0.12,22033,5.067978620529175
0.86,0.94,0.41,0.66,1.14,1.0,0.1,0.49,0.12,21974,5.071978330612183
0.86,0.94,0.41,0.67,1.14,1.0,0.11,0.49,0.12,21997,5.0753772258758545
0.86,0.94,0.41,0.66,1.14,1.0,0.1,0.49,0.12,21736,5.079375743865967
0.86,0.94,0.41,0.66,1.14,1.0,0.1,0.49,0.13,21577,5.080424070358276
0.86,0.94,0.41,0.66,1.14,1.0,0.1,0.49,0.12,21996,5.083613395690918
0.86,0.93,0.41,0.66,1.14,1.0,0.1,0.49,0.12,21999,5.08756160736084
0.86,0.94,0.41,0.66,1.14,1.01,0.1,0.5,0.12,21240,5.092442750930786
0.86,0.94,0.41,0.66,1.14,1.0,0.1,0.49,0.13,21585,5.092442750930786
0.86,0.94,0.41,0.66,1.14,1.0,0.1,0.49,0.13,22024,5.095611333847046
0.87,0.94,0.41,0.66,1.14,1.0,0.1,0.49,0.12,21893,5.1006505489349365
0.86,0.94,0.41,0.66,1.14,1.0,0.11,0.48,0.13,21864,5.103654146194458
0.86,0.94,0.41,0.66,1.14,1.0,0.1,0.49,0.13,22059,5.107638597488403
0.86,0.94,0.41,0.65,1.14,1.0,0.1,0.49,0.12,22216,5.108638048171997
0.86,0.94,0.41,0.66,1.14,1.0,0.1,0.49,0.12,21901,5.1116416454315186
0.85,0.94,0.41,0.66,1.14,1.0,0.1,0.49,0.12,22028,5.1162121295928955
0.86,0.94,0.41,0.66,1.14,1.0,0.1,0.49,0.12,22233,5.1197121143341064
0.86,0.94,0.41,0.66,1.14,1.0,0.1,0.48,0.12,22056,5.1197121143341064
0.86,0.93,0.41,0.66,1.14,1.0,0.1,0.49,0.12,21799,5.124040842056274
0.86,0.94,0.41,0.66,1.13,1.0,0.1,0.49,0.12,21842,5.128294944763184
0.86,0.94,0.41,0.66,1.14,1.0,0.09,0.49,0.12,21605,5.132300138473511
0.86,0.94,0.41,0.66,1.14,1.0,0.1,0.49,0.13,21474,5.133297443389893
0.86,0.94,0.41,0.66,1.14,1.0,0.1,0.49,0.13,22095,5.13652491569519
0.86,0.94,0.41,0.66,1.14,1.0,0.1,0.49,0.13,22220,5.1403968334198
0.86,0.94,0.41,0.66,1.14,1.0,0.1,0.49,0.12,21891,5.144397020339966
0.86,0.94,0.41,0.66,1.14,1.0,0.1,0.49,0.12,21930,5.145376443862915
0.86,0.94,0.41,0.66,1.14,1.0,0.1,0.49,0.12,21897,5.148817539215088
0.86,0.94,0.41,0.66,1.14,1.0,0.1,0.49,0.13,21676,5.15287184715271
0.87,0.94,0.41,0.66,1.14,1.0,0.1,0.49,0.13,21829,5.156922340393066
0.86,0.93,0.41,0.66,1.14,1.0,0.1,0.49,0.12,21752,5.157958269119263
0.86,0.94,0.41,0.66,1.14,1.0,0.1,0.49,0.12,21747,5.160954236984253
0.86,0.94,0.41,0.66,1.14,1.0,0.1,0.49,0.12,22004,5.166032075881958
0.86,0.94,0.41,0.66,1.14,1.0,0.1,0.49,0.12,22009,5.1690309047698975
0.86,0.94,0.41,0.66,1.14,1.0,0.1,0.49,0.13,22164,5.173334836959839
0.86,0.94,0.41,0.65,1.14,1.0,0.1,0.49,0.12,22387,5.173334836959839
0.86,0.94,0.41,0.66,1.13,1.0,0.1,0.49,0.12,22238,5.177340745925903
0.86,0.94,0.41,0.66,1.14,1.0,0.1,0.49,0.13,21937,5.181561231613159
0.86,0.94,0.41,0.66,1.14,1.0,0.1,0.49,0.12,22366,5.184788227081299
0.86,0.94,0.41,0.66,1.14,1.0,0.1,0.49,0.12,22249,5.186068534851074
0.86,0.94,0.41,0.66,1.14,1.0,0.1,0.49,0.12,22126,5.19006609916687
0.86,0.94,0.41,0.66,1.14,1.0,0.1,0.49,0.12,22333,5.194066286087036
0.86,0.94,0.41,0.66,1.14,1.0,0.11,0.49,0.12,22146,5.197226285934448
0.86,0.94,0.41,0.66,1.14,1.0,0.1,0.49,0.12,21307,5.198230504989624
0.86,0.94,0.41,0.66,1.14,1.0,0.1,0.49,0.12,21728,5.202235698699951
0.86,0.94,0.41,0.66,1.14,1.0,0.1,0.49,0.12,21977,5.2063093185424805
0.86,0.94,0.41,0.66,1.14,1.0,0.1,0.49,0.12,22218,5.209443807601929
0.86,0.94,0.41,0.66,1.14,1.0,0.1,0.49,0.12,22207,5.210475444793701
0.86,0.94,0.41,0.66,1.14,1.0,0.1,0.49,0.13,22282,5.214724063873291
0.86,0.94,0.41,0.66,1.14,1.0,0.1,0.49,0.12,21589,5.219050168991089
0.87,0.94,0.41,0.66,1.15,1.0,0.1,0.49,0.12,21680,5.222046375274658
0.86,0.94,0.41,0.66,1.14,1.0,0.1,0.49,0.12,21817,5.223049640655518
0.86,0.94,0.41,0.66,1.14,1.0,0.09,0.49,0.12,21724,5.226461887359619
0.86,0.94,0.41,0.66,1.14,1.0,0.1,0.49,0.12,21983,5.231225967407227
0.86,0.94,0.41,0.66,1.14,1.0,0.1,0.49,0.12,22228,5.235489130020142
0.87,0.94,0.41,0.66,1.14,1.0,0.1,0.5,0.12,21941,5.235489130020142
0.86,0.94,0.41,0.66,1.14,1.0,0.1,0.49,0.13,21878,5.239468336105347
0.86,0.94,0.41,0.66,1.14,1.0,0.1,0.49,0.12,21897,5.243501424789429
0.86,0.94,0.41,0.66,1.14,1.0,0.1,0.49,0.12,22264,5.2474682331085205
0.86,0.94,0.41,0.66,1.14,1.0,0.1,0.49,0.12,22247,5.251003980636597
0.86,0.94,0.41,0.66,1.14,1.0,0.1,0.49,0.13,22014,5.252068042755127
0.86,0.94,0.41,0.66,1.14,1.0,0.1,0.49,0.12,21803,5.256323575973511
0.86,0.94,0.41,0.66,1.14,1.0,0.1,0.49,0.13,21856,5.2607421875
0.86,0.94,0.41,0.66,1.13,1.0,0.1,0.49,0.12,22089,5.263880014419556
0.87,0.94,0.4,0.66,1.14,1.0,0.1,0.49,0.12,21608,5.264404296875
0.86,0.94,0.41,0.65,1.14,1.0,0.1,0.5,0.12,21589,5.267969369888306
0.87,0.94,0.41,0.66,1.14,1.0,0.1,0.49,0.12,21564,5.2730021476745605
0.86,0.94,0.41,0.66,1.14,1.0,0.1,0.49,0.12,21635,5.2752766609191895
0.86,0.94,0.41,0.66,1.14,1.0,0.1,0.49,0.13,21750,5.276268005371094
0.86,0.94,0.41,0.66,1.14,1.0,0.1,0.49,0.12,21875,5.280277252197266
0.86,0.94,0.41,0.66,1.14,1.0,0.1,0.49,0.12,21882,5.284809350967407
0.86,0.94,0.41,0.66,1.14,1.0,0.1,0.49,0.12,22073,5.288950204849243
0.86,0.94,0.4,0.66,1.14,1.0,0.09,0.49,0.12,21570,5.28904128074646
0.86,0.94,0.41,0.66,1.14,1.0,0.1,0.49,0.12,21797,5.292132377624512
0.86,0.94,0.41,0.66,1.14,1.0,0.1,0.49,0.12,22142,5.296491384506226
0.87,0.94,0.41,0.66,1.14,1.0,0.1,0.49,0.12,21809,5.3006181716918945
0.86,0.94,0.4,0.66,1.14,1.0,0.1,0.49,0.12,22202,5.3015663623809814
0.86,0.94,0.41,0.66,1.14,1.01,0.1,0.49,0.12,21939,5.304576396942139
0.86,0.94,0.41,0.66,1.14,1.0,0.1,0.49,0.12,21548,5.308500289916992
0.86,0.93,0.4,0.66,1.14,1.0,0.1,0.49,0.12,21591,5.31248140335083
0.86,0.94,0.41,0.66,1.14,1.0,0.1,0.49,0.12,21900,5.31649112701416
0.86,0.94,0.41,0.66,1.14,1.0,0.1,0.49,0.12,21693,5.317491292953491
0.86,0.94,0.41,0.66,1.14,1.0,0.1,0.49,0.13,22116,5.320491313934326
0.86,0.94,0.41,0.66,1.14,1.0,0.1,0.49,0.13,22519,5.325644493103027
0.86,0.93,0.41,0.66,1.14,1.0,0.11,0.49,0.12,22538,5.328815937042236
0.86,0.94,0.41,0.66,1.14,1.0,0.1,0.49,0.12,21841,5.329810857772827
0.86,0.94,0.41,0.66,1.14,1.0,0.1,0.49,0.13,22250,5.332879304885864
0.86,0.94,0.41,0.66,1.14,1.0,0.1,0.49,0.12,22385,5.337886095046997
0.86,0.94,0.41,0.66,1.14,1.0,0.1,0.49,0.12,22076,5.341565132141113
0.86,0.94,0.41,0.66,1.14,1.0,0.1,0.49,0.12,21871,5.341565132141113
0.86,0.94,0.41,0.66,1.14,1.0,0.1,0.49,0.12,21830,5.345591068267822
0.87,0.94,0.41,0.66,1.14,1.0,0.1,0.49,0.12,21767,5.349524736404419
0.86,0.94,0.41,0.67,1.14,0.99,0.11,0.49,0.13,22102,5.354310512542725
0.86,0.94,0.42,0.66,1.15,1.0,0.1,0.5,0.12,22021,5.355322360992432
0.86,0.94,0.41,0.66,1.14,1.0,0.1,0.49,0.12,21988,5.358306884765625
0.86,0.94,0.41,0.66,1.14,1.0,0.1,0.49,0.13,22351,5.362908840179443
0.86,0.94,0.41,0.66,1.14,1.0,0.1,0.49,0.12,22076,5.366223335266113
0.86,0.94,0.41,0.66,1.14,1.0,0.1,0.49,0.13,22125,5.366223335266113
0.86,0.94,0.41,0.66,1.14,1.0,0.1,0.49,0.13,22352,5.370214939117432
0.86,0.94,0.41,0.66,1.14,1.0,0.1,0.49,0.13,22395,5.374237775802612
0.86,0.94,0.41,0.66,1.14,1.0,0.1,0.49,0.12,21776,5.377668857574463
0.87,0.94,0.41,0.66,1.14,0.99,0.1,0.49,0.13,21741,5.382112979888916
0.86,0.93,0.42,0.66,1.14,1.0,0.1,0.49,0.12,21956,5.383006811141968
0.86,0.94,0.41,0.66,1.14,1.0,0.1,0.49,0.12,21871,5.386270523071289
0.86,0.94,0.41,0.66,1.14,1.0,0.11,0.49,0.12,21852,5.391070127487183
0.86,0.93,0.41,0.66,1.14,1.0,0.1,0.49,0.13,22163,5.394407749176025
0.86,0.94,0.41,0.66,1.14,1.0,0.1,0.5,0.12,22160,5.394407749176025
0.86,0.94,0.41,0.66,1.14,1.0,0.1,0.49,0.13,22007,5.398439168930054
0.87,0.94,0.41,0.66,1.14,1.0,0.1,0.49,0.12,21892,5.403434753417969
0.86,0.93,0.41,0.66,1.14,1.0,0.1,0.49,0.13,21919,5.40643835067749
0.86,0.94,0.41,0.66,1.14,1.0,0.1,0.49,0.13,21912,5.407435655593872
0.86,0.94,0.41,0.66,1.14,1.0,0.1,0.49,0.13,21599,5.410821199417114
0.86,0.94,0.41,0.66,1.14,1.0,0.1,0.5,0.12,21396,5.414957523345947
0.86,0.94,0.41,0.66,1.14,1.0,0.1,0.49,0.13,21721,5.419036149978638
0.86,0.94,0.41,0.66,1.14,1.0,0.1,0.49,0.13,21794,5.419597387313843
0.86,0.94,0.41,0.66,1.14,1.0,0.1,0.49,0.13,21847,5.422966718673706
0.86,0.94,0.41,0.66,1.14,1.0,0.1,0.49,0.13,21964,5.427127838134766
0.86,0.94,0.41,0.66,1.15,1.0,0.1,0.49,0.13,22183,5.43113112449646
0.86,0.94,0.41,0.66,1.14,1.0,0.1,0.49,0.13,22168,5.432131290435791
0.86,0.94,0.41,0.66,1.13,1.0,0.1,0.49,0.12,21821,5.436257839202881
0.86,0.93,0.41,0.66,1.13,1.0,0.11,0.49,0.12,21780,5.4396374225616455
0.86,0.93,0.41,0.67,1.14,1.0,0.1,0.49,0.12,21891,5.444682598114014
0.86,0.93,0.41,0.67,1.14,1.0,0.1,0.49,0.12,21622,5.444682598114014
0.86,0.93,0.41,0.67,1.14,1.0,0.1,0.5,0.13,21391,5.448902368545532
0.86,0.93,0.41,0.66,1.14,1.0,0.1,0.49,0.13,21424,5.452278137207031
0.86,0.94,0.41,0.67,1.14,1.0,0.1,0.49,0.12,21329,5.45626974105835
0.86,0.93,0.41,0.66,1.14,1.0,0.1,0.49,0.13,21802,5.460058689117432
0.86,0.94,0.42,0.66,1.14,1.0,0.1,0.49,0.13,22165,5.46077823638916
0.86,0.94,0.41,0.66,1.14,1.0,0.1,0.49,0.13,22598,5.464322090148926
0.86,0.94,0.41,0.66,1.14,1.0,0.1,0.49,0.12,22237,5.469351291656494
0.86,0.93,0.41,0.67,1.15,0.99,0.1,0.49,0.13,22186,5.472609519958496
0.86,0.94,0.41,0.66,1.14,1.0,0.1,0.49,0.12,21985,5.473375082015991
0.86,0.94,0.41,0.66,1.14,1.0,0.1,0.49,0.12,21954,5.477009534835815
0.86,0.94,0.41,0.67,1.14,1.0,0.1,0.49,0.12,21695,5.481320381164551
0.86,0.94,0.41,0.66,1.14,1.0,0.1,0.49,0.13,22204,5.48459792137146
0.86,0.93,0.41,0.66,1.15,1.0,0.11,0.49,0.13,21901,5.485415458679199
0.86,0.93,0.41,0.66,1.14,1.0,0.1,0.49,0.12,21514,5.48871922492981
0.86,0.94,0.41,0.66,1.14,1.0,0.1,0.49,0.13,21479,5.493767738342285
0.86,0.94,0.41,0.67,1.13,1.0,0.1,0.49,0.13,21406,5.4971535205841064
0.86,0.94,0.41,0.66,1.14,1.01,0.1,0.49,0.13,21931,5.498228073120117
0.86,0.93,0.41,0.66,1.14,1.0,0.1,0.49,0.13,21634,5.501341819763184
0.85,0.94,0.41,0.66,1.14,1.0,0.11,0.49,0.13,21949,5.505807876586914
0.86,0.94,0.41,0.66,1.14,1.0,0.1,0.49,0.13,22000,5.5088276863098145
0.86,0.94,0.41,0.66,1.14,1.0,0.1,0.49,0.13,22341,5.509806871414185
0.85,0.94,0.41,0.66,1.14,1.0,0.1,0.49,0.13,22464,5.514318943023682
0.86,0.94,0.41,0.66,1.14,1.0,0.11,0.49,0.13,21893,5.517833709716797
0.86,0.94,0.41,0.66,1.14,1.0,0.1,0.49,0.13,21996,5.521831274032593
0.86,0.93,0.41,0.66,1.14,1.0,0.1,0.49,0.13,21729,5.524871110916138
0.86,0.94,0.41,0.66,1.14,1.0,0.11,0.5,0.13,21988,5.52588152885437
0.86,0.94,0.41,0.66,1.14,1.0,0.1,0.49,0.13,22081,5.529593229293823
0.86,0.94,0.41,0.66,1.14,1.0,0.1,0.5,0.13,21724,5.5347959995269775
0.86,0.94,0.42,0.66,1.14,1.0,0.1,0.49,0.13,21875,5.537787437438965
0.86,0.94,0.41,0.66,1.14,1.0,0.1,0.5,0.13,22594,5.538785457611084
0.86,0.94,0.41,0.66,1.14,0.99,0.1,0.5,0.13,22213,5.541785001754761
0.86,0.94,0.41,0.66,1.14,1.0,0.1,0.49,0.12,22018,5.546091556549072
0.86,0.94,0.41,0.66,1.14,1.0,0.1,0.5,0.13,22183,5.549793481826782
0.86,0.94,0.41,0.66,1.14,1.0,0.1,0.49,0.13,21698,5.549793481826782
0.86,0.94,0.41,0.66,1.14,1.0,0.1,0.49,0.13,21903,5.554130792617798
0.86,0.94,0.41,0.66,1.14,1.0,0.1,0.49,0.13,22112,5.558844327926636
0.86,0.93,0.41,0.66,1.14,1.0,0.1,0.5,0.13,22495,5.561907768249512
0.86,0.93,0.42,0.67,1.14,0.99,0.1,0.49,0.13,22376,5.562954902648926
0.86,0.94,0.41,0.66,1.14,1.0,0.1,0.49,0.13,22467,5.566504001617432
0.86,0.94,0.41,0.66,1.14,1.0,0.1,0.5,0.13,22026,5.5704874992370605
0.86,0.94,0.41,0.66,1.14,1.0,0.1,0.49,0.13,21893,5.574487209320068
0.86,0.94,0.41,0.66,1.14,1.0,0.09,0.5,0.13,22148,5.575488328933716
0.86,0.94,0.42,0.66,1.14,1.0,0.1,0.5,0.13,22155,5.57878851890564
0.86,0.94,0.42,0.66,1.14,0.99,0.1,0.49,0.13,21872,5.58290696144104
0.86,0.94,0.41,0.66,1.13,1.0,0.1,0.49,0.13,21963,5.587290048599243
0.86,0.94,0.42,0.66,1.14,1.0,0.1,0.49,0.13,22182,5.588361501693726
0.86,0.94,0.41,0.65,1.14,1.0,0.1,0.49,0.13,22447,5.591658592224121
0.86,0.94,0.42,0.66,1.14,1.0,0.09,0.49,0.13,21944,5.595627546310425
0.86,0.94,0.41,0.66,1.13,1.0,0.1,0.5,0.13,22041,5.599625825881958
0.86,0.94,0.41,0.66,1.13,1.0,0.11,0.49,0.13,22266,5.603625535964966
0.86,0.94,0.41,0.66,1.13,1.0,0.11,0.49,0.13,22397,5.603625535964966
0.86,0.94,0.41,0.66,1.14,1.0,0.1,0.49,0.13,22484,5.607625722885132
0.87,0.94,0.42,0.66,1.14,1.0,0.1,0.49,0.13,21873,5.6116251945495605
0.86,0.94,0.41,0.66,1.14,1.0,0.1,0.49,0.13,21556,5.615626573562622
0.86,0.93,0.41,0.66,1.13,1.0,0.1,0.49,0.13,22147,5.616666316986084
0.86,0.94,0.42,0.66,1.14,1.0,0.1,0.5,0.13,22512,5.619826316833496
0.86,0.94,0.42,0.66,1.14,0.99,0.11,0.49,0.13,22009,5.623908758163452
0.86,0.94,0.41,0.66,1.14,0.99,0.1,0.49,0.13,22014,5.627887487411499
0.86,0.94,0.42,0.66,1.14,1.0,0.1,0.49,0.13,22173,5.62886118888855
0.86,0.94,0.41,0.66,1.13,1.0,0.1,0.49,0.13,21762,5.6328606605529785
0.86,0.94,0.42,0.66,1.14,1.0,0.1,0.5,0.12,21951,5.636860132217407
0.86,0.94,0.41,0.66,1.13,1.0,0.11,0.49,0.13,21990,5.640253782272339
0.86,0.94,0.42,0.66,1.14,1.0,0.1,0.49,0.13,21887,5.641343116760254
0.86,0.93,0.42,0.66,1.14,1.0,0.1,0.49,0.12,22058,5.644423007965088
0.86,0.93,0.41,0.66,1.13,1.0,0.1,0.49,0.13,21905,5.649428606033325
0.87,0.94,0.41,0.66,1.14,1.0,0.1,0.49,0.13,21772,5.652937650680542
0.86,0.94,0.41,0.66,1.14,1.0,0.1,0.49,0.12,22527,5.652937650680542
0.86,0.94,0.41,0.66,1.14,1.0,0.11,0.49,0.13,22134,5.657857894897461
0.86,0.94,0.41,0.66,1.13,0.99,0.1,0.49,0.12,21783,5.660536289215088
0.86,0.94,0.42,0.66,1.13,1.0,0.1,0.49,0.13,22110,5.664844274520874
0.86,0.94,0.42,0.66,1.13,1.0,0.1,0.49,0.13,21939,5.666196584701538
0.86,0.94,0.41,0.65,1.13,1.0,0.1,0.5,0.13,21438,5.66920280456543
0.86,0.94,0.42,0.66,1.14,1.0,0.1,0.5,0.13,21621,5.674202919006348
0.86,0.94,0.42,0.66,1.13,1.0,0.1,0.49,0.13,22010,5.676819086074829
0.86,0.94,0.42,0.65,1.13,0.99,0.11,0.5,0.13,22129,5.677882432937622
0.86,0.94,0.41,0.66,1.14,1.0,0.1,0.49,0.13,22284,5.681592702865601
0.86,0.94,0.41,0.66,1.13,1.0,0.1,0.49,0.13,22071,5.685528755187988
0.86,0.94,0.42,0.66,1.13,1.0,0.11,0.49,0.13,22142,5.689566373825073
0.86,0.94,0.42,0.65,1.13,1.0,0.11,0.49,0.12,22177,5.693833827972412
0.86,0.94,0.42,0.66,1.13,0.99,0.1,0.49,0.13,21944,5.693833827972412
0.86,0.94,0.42,0.66,1.14,1.0,0.11,0.49,0.13,21989,5.697822570800781
0.86,0.94,0.42,0.66,1.14,1.0,0.1,0.49,0.13,22190,5.701819896697998
0.86,0.94,0.41,0.65,1.14,0.99,0.1,0.49,0.13,21795,5.705822706222534
0.86,0.94,0.41,0.66,1.14,1.0,0.1,0.49,0.13,21768,5.705822706222534
0.86,0.94,0.42,0.66,1.14,0.99,0.11,0.49,0.12,21591,5.709827899932861
0.86,0.94,0.42,0.66,1.13,0.99,0.1,0.49,0.13,21996,5.71398138999939
0.86,0.94,0.42,0.66,1.13,1.0,0.1,0.49,0.13,22133,5.718088626861572
0.86,0.94,0.42,0.66,1.14,0.99,0.1,0.5,0.13,22142,5.7190563678741455
0.86,0.94,0.42,0.66,1.14,1.0,0.11,0.49,0.13,22161,5.722501277923584
0.86,0.93,0.42,0.66,1.14,1.0,0.1,0.49,0.13,22278,5.7265167236328125
0.86,0.94,0.42,0.66,1.14,1.0,0.1,0.49,0.13,22005,5.730514287948608
0.86,0.94,0.42,0.66,1.14,1.0,0.1,0.49,0.13,21910,5.731511354446411
0.86,0.94,0.42,0.66,1.14,0.99,0.11,0.49,0.13,22271,5.7346413135528564
0.87,0.94,0.42,0.65,1.14,0.99,0.11,0.49,0.13,22092,5.738640785217285
0.86,0.94,0.42,0.66,1.14,1.0,0.1,0.49,0.13,22019,5.742827415466309
0.86,0.94,0.42,0.66,1.14,1.0,0.1,0.49,0.12,21948,5.7438459396362305
0.86,0.94,0.42,0.65,1.14,0.99,0.1,0.49,0.13,21703,5.746860027313232
0.86,0.94,0.42,0.65,1.14,0.99,0.1,0.49,0.12,22384,5.751031875610352
0.86,0.94,0.41,0.65,1.14,1.0,0.1,0.49,0.12,22161,5.755030393600464
0.86,0.93,0.42,0.66,1.14,1.0,0.1,0.5,0.13,21748,5.75603461265564
0.86,0.94,0.42,0.65,1.14,1.0,0.1,0.5,0.13,22153,5.759023427963257
0.86,0.94,0.42,0.66,1.14,0.99,0.1,0.5,0.13,22742,5.7640275955200195
0.87,0.94,0.42,0.66,1.14,1.0,0.1,0.5,0.13,22863,5.768159627914429
0.87,0.94,0.42,0.66,1.14,1.0,0.11,0.49,0.12,22190,5.771592855453491
0.86,0.94,0.42,0.66,1.14,1.0,0.1,0.49,0.13,21891,5.771592855453491
0.86,0.94,0.41,0.65,1.14,1.0,0.1,0.5,0.13,21714,5.775742769241333
0.86,0.94,0.41,0.66,1.14,1.0,0.1,0.49,0.13,22211,5.779742956161499
0.86,0.94,0.41,0.66,1.14,1.0,0.11,0.5,0.13,22576,5.783839702606201
0.86,0.94,0.41,0.66,1.14,1.0,0.1,0.5,0.13,22363,5.783839702606201
0.86,0.94,0.42,0.66,1.14,1.0,0.1,0.5,0.13,21908,5.788078546524048
0.86,0.94,0.41,0.66,1.13,1.0,0.1,0.49,0.12,21839,5.792078018188477
0.86,0.94,0.41,0.66,1.14,1.0,0.1,0.49,0.13,21954,5.796563625335693
0.86,0.94,0.42,0.66,1.14,1.0,0.1,0.5,0.13,22073,5.796563625335693
0.86,0.94,0.42,0.66,1.14,0.99,0.11,0.49,0.13,22040,5.799548625946045
0.86,0.94,0.42,0.66,1.14,1.0,0.1,0.49,0.13,21903,5.804065227508545
0.86,0.94,0.42,0.66,1.14,1.0,0.1,0.49,0.13,21522,5.808576822280884
0.87,0.94,0.42,0.66,1.14,1.0,0.1,0.49,0.13,21857,5.808576822280884
0.86,0.94,0.42,0.66,1.14,1.0,0.1,0.49,0.13,22274,5.812191009521484
0.86,0.94,0.42,0.66,1.14,1.0,0.1,0.49,0.13,22159,5.81722617149353
0.86,0.94,0.41,0.66,1.14,1.0,0.1,0.5,0.13,22032,5.820369005203247
0.86,0.94,0.42,0.66,1.14,1.0,0.1,0.49,0.13,22291,5.821369409561157
0.86,0.94,0.42,0.66,1.13,1.0,0.1,0.49,0.13,22124,5.82536506652832
0.86,0.94,0.42,0.66,1.14,1.0,0.1,0.49,0.13,22075,5.829365015029907
0.86,0.94,0.42,0.66,1.14,1.0,0.11,0.49,0.13,22104,5.833524942398071
0.86,0.94,0.42,0.66,1.14,1.0,0.1,0.49,0.13,21813,5.833524942398071
0.86,0.93,0.42,0.66,1.14,1.0,0.1,0.49,0.13,22092,5.836606979370117
0.86,0.94,0.42,0.66,1.14,1.0,0.1,0.49,0.13,21985,5.841742992401123
0.86,0.93,0.42,0.65,1.13,1.0,0.1,0.49,0.12,22120,5.8457396030426025
0.86,0.94,0.42,0.66,1.14,1.0,0.1,0.49,0.12,21989,5.848736047744751
0.86,0.94,0.42,0.66,1.14,1.0,0.1,0.49,0.12,22274,5.849739074707031
0.86,0.94,0.42,0.66,1.14,1.0,0.1,0.49,0.13,22299,5.85375452041626
0.86,0.93,0.42,0.66,1.14,1.0,0.1,0.49,0.13,22070,5.857898235321045
0.86,0.93,0.42,0.66,1.14,1.0,0.1,0.49,0.12,21879,5.86143159866333
0.86,0.93,0.42,0.67,1.14,1.0,0.1,0.49,0.12,21952,5.862459182739258
0.86,0.93,0.42,0.67,1.14,1.0,0.1,0.49,0.13,22005,5.8653669357299805
0.86,0.93,0.42,0.66,1.14,1.0,0.1,0.49,0.13,22252,5.86939549446106
0.86,0.94,0.42,0.67,1.14,1.0,0.1,0.49,0.12,22161,5.873684644699097
0.86,0.93,0.42,0.66,1.14,1.0,0.09,0.49,0.12,21582,5.874674320220947
0.87,0.94,0.42,0.66,1.14,1.0,0.1,0.49,0.12,21557,5.877701997756958
0.86,0.93,0.42,0.66,1.14,1.0,0.1,0.49,0.12,21740,5.882020950317383
0.86,0.93,0.41,0.66,1.14,1.0,0.1,0.49,0.12,22141,5.8862152099609375
0.86,0.94,0.42,0.67,1.14,1.0,0.1,0.49,0.12,22100,5.887248277664185
0.86,0.94,0.42,0.66,1.14,1.0,0.09,0.49,0.13,22079,5.890244960784912
0.87,0.94,0.42,0.66,1.14,1.0,0.1,0.49,0.12,21682,5.894245147705078
0.86,0.94,0.42,0.66,1.14,1.0,0.09,0.49,0.12,21649,5.898540019989014
0.86,0.94,0.42,0.67,1.14,1.0,0.1,0.49,0.12,22268,5.898540019989014
0.86,0.94,0.42,0.66,1.14,1.0,0.1,0.49,0.12,22151,5.902726650238037
0.86,0.94,0.42,0.66,1.14,1.0,0.1,0.49,0.12,21650,5.906725883483887
0.86,0.94,0.42,0.66,1.14,1.0,0.1,0.49,0.12,22117,5.910656452178955
0.86,0.94,0.42,0.67,1.14,1.0,0.1,0.49,0.12,22100,5.914578199386597
0.86,0.94,0.42,0.66,1.14,1.0,0.1,0.49,0.12,21993,5.914578199386597
0.87,0.94,0.42,0.66,1.14,1.0,0.1,0.49,0.13,22154,5.918609619140625
0.87,0.94,0.42,0.66,1.14,1.0,0.1,0.49,0.13,22721,5.923612117767334
0.87,0.94,0.41,0.67,1.14,1.0,0.1,0.49,0.12,22400,5.926609516143799
0.87,0.94,0.42,0.66,1.14,1.0,0.1,0.49,0.12,21901,5.927610158920288
0.86,0.94,0.41,0.66,1.13,1.0,0.11,0.5,0.13,21942,5.9310524463653564
0.86,0.94,0.42,0.67,1.14,1.0,0.1,0.49,0.12,22101,5.936039924621582
0.86,0.94,0.42,0.66,1.13,1.0,0.1,0.49,0.12,22194,5.93907904624939
0.86,0.94,0.42,0.66,1.14,1.0,0.1,0.49,0.13,21637,5.940127372741699
0.86,0.94,0.41,0.66,1.13,1.0,0.11,0.49,0.13,21688,5.943089962005615
0.86,0.94,0.41,0.66,1.14,1.0,0.1,0.49,0.12,22411,5.948115825653076
0.86,0.94,0.42,0.66,1.13,1.0,0.1,0.49,0.12,22174,5.952174663543701
0.87,0.94,0.42,0.66,1.14,1.0,0.1,0.49,0.12,21923,5.952174663543701
0.87,0.94,0.42,0.66,1.13,1.0,0.1,0.49,0.12,22044,5.95617413520813
0.86,0.94,0.42,0.66,1.14,1.0,0.1,0.49,0.12,22393,5.9601731300354
0.86,0.94,0.42,0.66,1.14,1.0,0.1,0.49,0.12,21846,5.963975191116333
0.87,0.94,0.42,0.66,1.13,0.99,0.09,0.49,0.12,21383,5.963975191116333
0.86,0.94,0.42,0.66,1.14,1.0,0.1,0.5,0.13,21900,5.968348503112793
0.87,0.94,0.42,0.66,1.13,1.0,0.1,0.49,0.13,22117,5.971924066543579
0.86,0.94,0.42,0.66,1.13,1.0,0.1,0.49,0.13,21818,5.9763946533203125
0.86,0.94,0.42,0.66,1.14,1.0,0.1,0.49,0.13,21557,5.9773924350738525
0.86,0.94,0.42,0.66,1.14,1.0,0.09,0.5,0.13,21608,5.980401992797852
0.87,0.94,0.42,0.67,1.13,1.0,0.11,0.49,0.13,21903,5.984400510787964
0.86,0.94,0.42,0.66,1.13,1.0,0.1,0.49,0.12,21816,5.988397121429443
0.86,0.93,0.42,0.66,1.13,1.0,0.1,0.49,0.13,21875,5.992453575134277
0.86,0.94,0.42,0.66,1.13,1.0,0.1,0.49,0.12,21806,5.992453575134277
0.86,0.94,0.42,0.67,1.13,1.0,0.11,0.49,0.13,21865,5.997074365615845
0.86,0.94,0.42,0.66,1.13,1.0,0.1,0.5,0.13,22248,6.00107479095459
0.86,0.94,0.42,0.66,1.14,1.0,0.1,0.49,0.12,22247,6.004045724868774
0.86,0.94,0.42,0.66,1.13,1.0,0.11,0.49,0.12,22106,6.005038261413574
0.87,0.94,0.42,0.66,1.14,1.0,0.1,0.49,0.12,21931,6.0091328620910645
0.87,0.94,0.42,0.66,1.13,1.0,0.1,0.5,0.12,21504,6.013237476348877
0.87,0.94,0.41,0.66,1.14,1.0,0.11,0.49,0.13,21725,6.017212390899658
0.86,0.94,0.42,0.67,1.14,1.0,0.1,0.5,0.12,21696,6.018225193023682
0.86,0.94,0.42,0.66,1.14,1.0,0.1,0.5,0.13,21607,6.021053791046143
0.86,0.94,0.41,0.66,1.13,1.0,0.11,0.49,0.13,21626,6.025084972381592
0.87,0.94,0.42,0.66,1.13,1.0,0.1,0.49,0.13,22467,6.029374599456787
0.87,0.94,0.42,0.66,1.14,1.0,0.1,0.49,0.13,22280,6.029374599456787
0.86,0.94,0.42,0.66,1.14,1.0,0.1,0.49,0.13,22143,6.0337073802948
0.87,0.94,0.41,0.66,1.14,1.0,0.1,0.49,0.13,22290,6.037454843521118
0.86,0.94,0.42,0.67,1.14,0.99,0.1,0.5,0.12,22157,6.041975021362305
0.87,0.94,0.41,0.66,1.14,1.0,0.09,0.5,0.12,21856,6.041975021362305
0.87,0.94,0.41,0.66,1.14,1.0,0.1,0.5,0.12,22135,6.045974254608154
0.87,0.94,0.42,0.66,1.14,1.0,0.1,0.49,0.12,22516,6.05022668838501
0.87,0.94,0.42,0.66,1.14,1.0,0.1,0.49,0.12,22159,6.05442214012146
0.87,0.94,0.41,0.66,1.14,1.0,0.1,0.49,0.12,21636,6.057922601699829
0.87,0.94,0.42,0.66,1.13,1.0,0.1,0.49,0.12,21781,6.057922601699829
0.86,0.94,0.42,0.66,1.13,1.0,0.09,0.49,0.12,21728,6.062114953994751
0.87,0.94,0.41,0.66,1.14,1.0,0.1,0.5,0.13,21811,6.0672595500946045
0.87,0.93,0.42,0.66,1.14,1.0,0.1,0.5,0.13,22008,6.070554971694946
0.87,0.94,0.42,0.66,1.13,1.0,0.09,0.49,0.13,21837,6.071395635604858
0.87,0.94,0.42,0.66,1.13,1.0,0.1,0.5,0.12,21988,6.074984788894653
0.87,0.94,0.42,0.66,1.14,1.0,0.1,0.49,0.12,22367,6.078964471817017
0.87,0.93,0.41,0.66,1.14,1.0,0.1,0.49,0.13,22070,6.082971096038818
0.87,0.94,0.42,0.66,1.13,1.0,0.1,0.49,0.13,22029,6.082971096038818
0.87,0.94,0.42,0.66,1.13,1.0,0.1,0.5,0.12,22198,6.086972951889038
0.87,0.94,0.41,0.66,1.13,1.0,0.1,0.49,0.12,21859,6.092234373092651
0.87,0.94,0.41,0.66,1.13,1.0,0.1,0.49,0.12,21660,6.095232248306274
0.87,0.94,0.42,0.66,1.14,1.0,0.1,0.5,0.13,22095,6.095232248306274
0.87,0.94,0.42,0.67,1.14,1.0,0.1,0.49,0.13,22116,6.098907470703125
0.87,0.94,0.42,0.67,1.14,1.0,0.1,0.49,0.12,21773,6.102818965911865
0.86,0.94,0.42,0.66,1.13,1.0,0.1,0.49,0.12,22054,6.107469797134399
0.87,0.93,0.42,0.66,1.14,1.0,0.1,0.49,0.12,21983,6.107469797134399
0.86,0.94,0.41,0.66,1.13,1.0,0.1,0.5,0.13,22254,6.110990285873413
0.86,0.94,0.41,0.66,1.14,1.0,0.1,0.49,0.12,22179,6.116340637207031
0.86,0.94,0.41,0.66,1.13,1.0,0.1,0.49,0.13,21878,6.1198296546936035
0.86,0.94,0.41,0.66,1.14,1.0,0.1,0.49,0.12,21619,6.123894453048706
0.87,0.94,0.42,0.66,1.13,1.0,0.1,0.49,0.12,22062,6.123894453048706
0.87,0.94,0.42,0.66,1.13,1.0,0.1,0.49,0.13,21817,6.127975940704346
0.86,0.95,0.42,0.66,1.13,1.0,0.1,0.49,0.13,21648,6.13133430480957
0.86,0.94,0.41,0.66,1.13,1.0,0.11,0.49,0.13,21823,6.1353676319122314
0.87,0.94,0.42,0.67,1.13,1.0,0.1,0.49,0.12,22150,6.1353676319122314
0.86,0.94,0.41,0.66,1.13,1.0,0.1,0.49,0.13,21913,6.14052152633667
0.86,0.94,0.41,0.66,1.13,1.0,0.1,0.5,0.12,21996,6.144520044326782
0.86,0.94,0.42,0.66,1.13,1.0,0.1,0.49,0.13,22073,6.147658109664917
0.86,0.94,0.42,0.66,1.13,1.0,0.1,0.49,0.13,21998,6.148660182952881
0.86,0.94,0.42,0.66,1.13,1.0,0.11,0.49,0.13,22045,6.15267276763916
0.86,0.94,0.41,0.66,1.13,1.0,0.11,0.49,0.13,21958,6.156882047653198
0.87,0.94,0.41,0.66,1.13,1.0,0.1,0.49,0.13,21775,6.1606175899505615
0.87,0.94,0.41,0.66,1.13,1.0,0.1,0.49,0.12,21584,6.161153316497803
0.87,0.94,0.41,0.66,1.13,1.0,0.1,0.49,0.12,21589,6.1643571853637695
0.86,0.94,0.41,0.66,1.13,1.0,0.1,0.49,0.12,21498,6.169413328170776
0.86,0.94,0.41,0.66,1.13,1.0,0.1,0.49,0.12,22063,6.172417640686035
0.87,0.94,0.41,0.67,1.13,1.0,0.11,0.49,0.12,22344,6.173413515090942
0.87,0.94,0.42,0.66,1.13,1.0,0.1,0.49,0.12,22341,6.177413463592529
0.87,0.94,0.41,0.66,1.13,1.0,0.1,0.49,0.13,22224,6.180842638015747
0.86,0.94,0.41,0.66,1.13,1.0,0.11,0.5,0.13,22151,6.185657501220703
0.87,0.94,0.41,0.66,1.13,1.0,0.1,0.49,0.13,22034,6.185657501220703
0.86,0.94,0.41,0.66,1.12,1.0,0.1,0.5,0.12,22019,6.189670562744141
0.87,0.94,0.41,0.66,1.13,1.0,0.1,0.49,0.13,22116,6.193761348724365
0.87,0.94,0.41,0.66,1.13,1.0,0.1,0.49,0.13,21857,6.197766304016113
0.86,0.94,0.41,0.66,1.13,1.0,0.11,0.5,0.13,22040,6.200762987136841
0.87,0.94,0.41,0.66,1.13,1.0,0.1,0.49,0.13,21943,6.201763868331909
0.86,0.94,0.41,0.66,1.13,1.0,0.1,0.49,0.13,21840,6.204921722412109
0.87,0.94,0.41,0.66,1.13,1.0,0.1,0.49,0.12,21907,6.210255861282349
0.86,0.94,0.41,0.66,1.13,1.0,0.1,0.49,0.13,21968,6.213363885879517
0.87,0.94,0.41,0.66,1.13,1.0,0.1,0.49,0.13,22175,6.214367866516113
0.86,0.94,0.41,0.66,1.13,1.0,0.11,0.49,0.12,22308,6.218366384506226
0.86,0.94,0.41,0.66,1.13,1.0,0.1,0.49,0.12,22269,6.221955060958862
0.87,0.94,0.41,0.66,1.13,1.0,0.11,0.5,0.13,22050,6.2260119915008545
0.87,0.94,0.41,0.66,1.13,1.0,0.1,0.49,0.13,21961,6.227049112319946
0.86,0.94,0.41,0.66,1.13,1.0,0.1,0.49,0.13,21490,6.230859994888306
0.87,0.93,0.41,0.66,1.13,1.0,0.1,0.49,0.13,21631,6.235099792480469
0.86,0.94,0.41,0.66,1.13,1.0,0.11,0.5,0.13,22222,6.23747444152832
0.86,0.94,0.41,0.66,1.13,1.0,0.1,0.5,0.13,21869,6.238712310791016
0.86,0.94,0.41,0.66,1.13,1.0,0.11,0.5,0.13,21838,6.242918968200684
0.86,0.94,0.41,0.66,1.13,1.0,0.1,0.49,0.12,21845,6.2469518184661865
0.87,0.94,0.41,0.66,1.13,1.0,0.1,0.5,0.12,21948,6.250919818878174
0.86,0.94,0.41,0.66,1.13,1.0,0.11,0.49,0.12,21955,6.250919818878174
0.86,0.94,0.42,0.66,1.13,1.0,0.1,0.49,0.12,22228,6.254930734634399
0.87,0.94,0.41,0.66,1.13,1.0,0.1,0.5,0.12,22143,6.258991241455078
0.87,0.94,0.42,0.66,1.13,1.0,0.1,0.49,0.13,22182,6.263182640075684
0.86,0.94,0.41,0.66,1.13,1.0,0.1,0.5,0.13,22311,6.266973257064819
0.87,0.93,0.41,0.66,1.13,1.0,0.1,0.5,0.13,22408,6.266973257064819
0.86,0.93,0.42,0.66,1.13,1.0,0.1,0.49,0.12,22151,6.270854234695435
0.86,0.94,0.42,0.66,1.13,1.01,0.1,0.49,0.13,21894,6.275575399398804
0.85,0.94,0.42,0.66,1.13,1.0,0.11,0.5,0.13,21453,6.279576778411865
0.86,0.94,0.41,0.66,1.13,1.0,0.1,0.49,0.13,21772,6.279576778411865
0.86,0.94,0.41,0.66,1.13,1.0,0.1,0.49,0.12,22203,6.2835776805877686
0.86,0.94,0.41,0.66,1.13,1.0,0.09,0.49,0.12,22426,6.288014888763428
0.86,0.94,0.42,0.65,1.13,1.0,0.1,0.5,0.13,22381,6.291499614715576
0.86,0.94,0.41,0.66,1.13,1.0,0.1,0.49,0.12,21986,6.2925403118133545
0.86,0.94,0.41,0.65,1.13,0.99,0.11,0.5,0.13,21663,6.296054840087891
0.86,0.94,0.41,0.64,1.13,1.0,0.09,0.49,0.12,21606,6.301098108291626
0.86,0.94,0.41,0.65,1.13,1.0,0.1,0.49,0.12,21457,6.304084777832031
0.86,0.94,0.41,0.65,1.13,1.0,0.1,0.49,0.13,22036,6.305073499679565
0.86,0.94,0.41,0.65,1.13,1.0,0.11,0.49,0.13,22161,6.308098554611206
0.85,0.94,0.41,0.66,1.13,1.0,0.09,0.49,0.12,22014,6.313098430633545
0.86,0.94,0.41,0.66,1.13,1.0,0.1,0.5,0.12,21947,6.315650701522827
0.86,0.94,0.41,0.65,1.13,1.0,0.1,0.5,0.13,21878,6.316716909408569
0.86,0.94,0.41,0.66,1.13,1.0,0.1,0.5,0.13,21839,6.320333957672119
0.85,0.94,0.41,0.66,1.13,1.0,0.1,0.5,0.12,22530,6.324740409851074
0.86,0.94,0.41,0.66,1.13,1.0,0.09,0.49,0.13,22335,6.328516244888306
0.86,0.94,0.42,0.65,1.13,1.0,0.1,0.5,0.13,22120,6.328516244888306
0.85,0.94,0.42,0.66,1.13,1.0,0.1,0.49,0.13,21911,6.333544492721558
0.86,0.94,0.41,0.66,1.13,1.0,0.1,0.49,0.12,21794,6.337528467178345
0.85,0.94,0.41,0.66,1.13,1.0,0.09,0.5,0.12,21767,6.341098070144653
0.86,0.94,0.42,0.66,1.13,1.0,0.11,0.5,0.13,22210,6.344083547592163
0.86,0.94,0.41,0.66,1.13,1.0,0.1,0.5,0.13,22057,6.3450846672058105
0.85,0.94,0.41,0.66,1.13,1.0,0.1,0.5,0.13,21728,6.348865270614624
0.86,0.94,0.41,0.66,1.13,1.0,0.1,0.5,0.12,22295,6.35319709777832
0.86,0.94,0.42,0.66,1.13,1.0,0.1,0.49,0.12,22426,6.356832027435303
0.86,0.94,0.42,0.66,1.13,1.0,0.11,0.5,0.12,22225,6.356832027435303
0.85,0.94,0.41,0.66,1.13,1.0,0.11,0.5,0.13,22022,6.3608410358428955
0.86,0.94,0.42,0.65,1.13,1.0,0.1,0.5,0.13,21901,6.36595606803894
0.86,0.94,0.41,0.65,1.13,1.0,0.1,0.5,0.13,22000,6.369355201721191
0.86,0.94,0.41,0.66,1.13,1.0,0.11,0.5,0.13,22125,6.370392799377441
0.86,0.94,0.41,0.66,1.13,0.99,0.11,0.5,0.12,22102,6.373389959335327
0.86,0.94,0.42,0.66,1.13,1.0,0.1,0.5,0.12,21753,6.378392696380615
0.86,0.94,0.42,0.66,1.13,1.0,0.1,0.5,0.12,21868,6.381420135498047
0.86,0.94,0.42,0.65,1.13,1.0,0.11,0.5,0.13,22207,6.3823935985565186
0.86,0.94,0.42,0.66,1.13,1.0,0.11,0.5,0.13,21986,6.385666370391846
0.86,0.94,0.42,0.66,1.13,1.0,0.1,0.5,0.13,22063,6.390710115432739
0.86,0.94,0.42,0.67,1.13,1.0,0.1,0.5,0.12,21980,6.393941879272461
0.86,0.94,0.42,0.66,1.13,1.0,0.1,0.5,0.13,22073,6.393941879272461
0.87,0.94,0.41,0.66,1.13,1.0,0.1,0.49,0.12,21992,6.399233818054199
0.86,0.94,0.41,0.66,1.13,1.0,0.11,0.49,0.13,22015,6.403433561325073
0.86,0.94,0.41,0.66,1.13,1.0,0.1,0.5,0.12,22384,6.406415700912476
0.86,0.94,0.42,0.66,1.13,1.0,0.09,0.49,0.13,22123,6.410763263702393
0.86,0.94,0.41,0.66,1.12,1.0,0.1,0.5,0.13,22158,6.410763263702393
0.86,0.94,0.41,0.66,1.13,1.0,0.1,0.5,0.13,22161,6.415507555007935
0.86,0.94,0.41,0.66,1.13,1.0,0.1,0.5,0.12,21954,6.4195075035095215
0.86,0.94,0.42,0.66,1.13,1.0,0.1,0.5,0.12,22127,6.42281436920166
0.86,0.93,0.42,0.66,1.13,1.0,0.1,0.49,0.13,22280,6.4235076904296875
0.86,0.94,0.42,0.65,1.13,1.0,0.1,0.49,0.12,22069,6.4268715381622314
0.86,0.94,0.42,0.65,1.13,1.0,0.11,0.5,0.13,22088,6.431373596191406
0.87,0.94,0.42,0.65,1.13,1.0,0.1,0.5,0.12,22083,6.435143232345581
0.86,0.94,0.42,0.65,1.13,1.0,0.1,0.49,0.13,21962,6.435818672180176
0.86,0.94,0.41,0.65,1.13,1.0,0.11,0.49,0.12,21839,6.439898252487183
0.86,0.93,0.42,0.65,1.13,1.0,0.11,0.49,0.12,22246,6.444314956665039
0.86,0.94,0.42,0.65,1.13,1.0,0.1,0.49,0.13,22125,6.447558403015137
0.86,0.94,0.42,0.65,1.13,1.0,0.1,0.49,0.12,21802,6.448568344116211
0.86,0.94,0.42,0.65,1.13,1.0,0.11,0.5,0.13,22309,6.451594829559326
0.86,0.94,0.42,0.66,1.13,1.0,0.1,0.5,0.13,22174,6.456364393234253
0.86,0.94,0.41,0.66,1.13,1.0,0.1,0.49,0.13,22029,6.459755182266235
0.86,0.94,0.42,0.66,1.13,1.0,0.1,0.49,0.13,22414,6.460806608200073
0.86,0.94,0.41,0.66,1.13,1.0,0.11,0.5,0.13,21919,6.464268922805786
0.86,0.94,0.42,0.66,1.13,1.0,0.11,0.49,0.13,22042,6.469130992889404
0.86,0.94,0.41,0.65,1.13,1.0,0.1,0.49,0.13,22105,6.472340106964111
0.86,0.94,0.41,0.66,1.13,1.0,0.1,0.49,0.12,21494,6.475628614425659
0.87,0.94,0.41,0.66,1.13,1.0,0.1,0.49,0.13,21545,6.476363658905029
0.86,0.94,0.42,0.66,1.13,1.0,0.11,0.49,0.12,22348,6.4798314571380615
0.86,0.94,0.41,0.66,1.13,1.0,0.11,0.49,0.13,22445,6.4841015338897705
0.86,0.94,0.42,0.66,1.13,1.0,0.1,0.49,0.12,22382,6.488315105438232
0.86,0.94,0.41,0.66,1.13,1.0,0.1,0.49,0.13,22113,6.489389657974243
0.87,0.94,0.41,0.66,1.13,1.0,0.11,0.49,0.13,21640,6.491806268692017
0.86,0.94,0.41,0.66,1.13,1.0,0.11,0.5,0.12,21515,6.496699571609497
0.86,0.94,0.41,0.66,1.13,1.0,0.1,0.49,0.12,22022,6.500750780105591
0.86,0.94,0.42,0.66,1.13,1.0,0.1,0.49,0.13,22163,6.500750780105591
0.86,0.94,0.42,0.66,1.13,1.0,0.11,0.49,0.13,22322,6.504610776901245
0.86,0.94,0.42,0.66,1.13,0.99,0.1,0.49,0.13,22265,6.5086989402771
0.86,0.94,0.42,0.67,1.13,1.0,0.1,0.49,0.12,21840,6.512916326522827
0.86,0.94,0.41,0.66,1.13,1.0,0.1,0.49,0.12,22089,6.513611555099487
0.86,0.94,0.41,0.67,1.13,1.0,0.1,0.49,0.13,22052,6.516610860824585
0.86,0.94,0.41,0.67,1.13,1.0,0.1,0.49,0.13,21905,6.522269248962402
0.86,0.94,0.41,0.67,1.13,1.0,0.11,0.49,0.13,21890,6.524659872055054
0.86,0.94,0.42,0.66,1.13,1.0,0.1,0.49,0.12,21781,6.525669813156128
0.86,0.94,0.42,0.67,1.13,1.0,0.1,0.49,0.12,21496,6.529659986495972
0.86,0.94,0.41,0.65,1.13,1.0,0.11,0.49,0.13,21943,6.53374981880188
0.86,0.94,0.41,0.67,1.13,1.0,0.1,0.49,0.13,22128,6.537810802459717
0.86,0.94,0.41,0.67,1.13,1.0,0.1,0.49,0.12,22515,6.537810802459717
0.86,0.94,0.41,0.67,1.13,1.0,0.1,0.49,0.13,22242,6.542091131210327
0.86,0.94,0.42,0.66,1.13,1.0,0.1,0.49,0.13,22371,6.546130657196045
0.86,0.93,0.41,0.66,1.13,1.0,0.11,0.49,0.13,22338,6.550126314163208
0.86,0.94,0.41,0.66,1.13,1.0,0.1,0.49,0.12,22263,6.55355167388916
0.86,0.93,0.41,0.67,1.13,1.0,0.1,0.49,0.13,22152,6.55355167388916
0.86,0.94,0.41,0.66,1.13,0.99,0.1,0.49,0.12,21743,6.557573318481445
0.86,0.94,0.41,0.66,1.13,1.0,0.1,0.49,0.12,21258,6.562566757202148
0.86,0.94,0.41,0.66,1.13,1.0,0.1,0.49,0.12,21875,6.565571546554565
0.86,0.94,0.41,0.66,1.13,1.0,0.11,0.49,0.13,22326,6.565571546554565
0.86,0.94,0.41,0.66,1.13,1.0,0.11,0.49,0.13,22393,6.570087909698486
0.86,0.93,0.41,0.66,1.13,1.0,0.1,0.49,0.12,22432,6.574434041976929
0.86,0.94,0.42,0.66,1.12,1.0,0.1,0.49,0.13,22233,6.578175067901611
0.86,0.94,0.41,0.66,1.13,1.0,0.11,0.5,0.13,22098,6.578175067901611
0.86,0.94,0.41,0.67,1.13,1.0,0.11,0.5,0.13,22263,6.582770109176636
0.86,0.94,0.41,0.67,1.13,1.0,0.11,0.5,0.13,22246,6.5867695808410645
0.87,0.94,0.42,0.67,1.13,1.0,0.1,0.49,0.13,21895,6.590025901794434
0.87,0.94,0.41,0.66,1.13,1.0,0.1,0.5,0.12,21672,6.591023921966553
0.86,0.94,0.42,0.67,1.13,1.0,0.1,0.5,0.12,21925,6.59502387046814
0.86,0.94,0.41,0.67,1.13,1.0,0.11,0.5,0.13,21774,6.598757982254028
0.86,0.94,0.42,0.66,1.13,1.0,0.1,0.5,0.13,21511,6.6027867794036865
0.86,0.94,0.42,0.66,1.13,1.0,0.11,0.5,0.12,21568,6.6027867794036865
0.86,0.93,0.41,0.66,1.13,0.99,0.11,0.5,0.13,21657,6.6067893505096436
0.86,0.94,0.41,0.67,1.13,1.0,0.11,0.5,0.13,21578,6.611790895462036
0.86,0.94,0.41,0.66,1.13,1.0,0.1,0.5,0.12,21605,6.6151063442230225
0.86,0.94,0.42,0.66,1.13,1.0,0.1,0.5,0.13,21738,6.619083881378174
0.86,0.94,0.42,0.66,1.13,1.0,0.1,0.5,0.13,21875,6.619083881378174
0.86,0.94,0.42,0.66,1.13,1.0,0.1,0.5,0.13,22160,6.623451232910156
0.86,0.94,0.42,0.66,1.13,1.0,0.1,0.5,0.13,21799,6.627497911453247
0.86,0.94,0.42,0.66,1.13,1.0,0.1,0.5,0.13,21836,6.631497859954834
0.86,0.94,0.42,0.67,1.13,1.0,0.1,0.5,0.13,22077,6.631497859954834
0.86,0.94,0.42,0.66,1.13,1.0,0.11,0.5,0.13,21746,6.635497093200684
0.86,0.93,0.42,0.66,1.13,1.0,0.1,0.5,0.13,21769,6.63978123664856
0.86,0.94,0.42,0.66,1.13,1.0,0.1,0.5,0.13,21662,6.6437366008758545
0.86,0.94,0.42,0.66,1.13,0.99,0.1,0.5,0.13,22463,6.6437366008758545
0.86,0.94,0.42,0.66,1.13,1.0,0.1,0.5,0.13,22340,6.647892713546753
0.86,0.94,0.42,0.66,1.13,0.99,0.1,0.5,0.13,22071,6.652133941650391
0.86,0.94,0.41,0.66,1.13,1.0,0.11,0.5,0.13,21974,6.656389236450195
0.86,0.94,0.42,0.66,1.13,1.0,0.1,0.5,0.13,21733,6.656389236450195
0.86,0.94,0.42,0.66,1.13,0.99,0.1,0.5,0.13,21354,6.660390615463257
0.86,0.94,0.42,0.66,1.13,1.0,0.11,0.5,0.13,21425,6.664724349975586
0.86,0.94,0.42,0.67,1.13,1.0,0.11,0.5,0.13,22164,6.668344497680664
0.86,0.94,0.42,0.66,1.13,1.0,0.11,0.5,0.13,22009,6.669344425201416
0.87,0.94,0.42,0.66,1.13,1.0,0.11,0.49,0.13,21948,6.672343969345093
0.86,0.94,0.42,0.66,1.13,1.0,0.1,0.5,0.13,22123,6.677428483963013
0.86,0.94,0.42,0.66,1.13,1.0,0.11,0.5,0.13,21850,6.680473327636719
0.86,0.94,0.41,0.65,1.13,1.0,0.1,0.5,0.13,21955,6.681473016738892
0.86,0.94,0.42,0.66,1.13,1.0,0.1,0.49,0.13,21912,6.685480356216431
0.86,0.94,0.42,0.66,1.13,1.0,0.1,0.49,0.13,21629,6.689491510391235
0.86,0.94,0.42,0.66,1.13,1.0,0.1,0.5,0.13,21816,6.6934919357299805
0.86,0.94,0.42,0.67,1.13,1.0,0.1,0.5,0.13,21979,6.6934919357299805
0.86,0.94,0.42,0.67,1.13,1.0,0.1,0.5,0.13,21492,6.696916580200195
0.85,0.94,0.41,0.66,1.13,0.99,0.1,0.5,0.12,22297,6.701624631881714
0.86,0.94,0.42,0.66,1.13,1.0,0.11,0.5,0.12,22242,6.706313610076904
0.86,0.94,0.41,0.66,1.13,0.99,0.1,0.5,0.13,22203,6.7092859745025635
0.85,0.94,0.42,0.66,1.13,1.0,0.1,0.5,0.13,22076,6.710293531417847
0.86,0.94,0.42,0.66,1.13,1.0,0.1,0.5,0.13,21759,6.714530944824219
0.86,0.94,0.42,0.67,1.13,1.0,0.11,0.5,0.13,21710,6.718561172485352
0.86,0.94,0.42,0.66,1.13,1.0,0.1,0.5,0.13,21547,6.7219743728637695
0.86,0.94,0.42,0.66,1.13,1.0,0.1,0.5,0.13,21508,6.7219743728637695
0.85,0.94,0.42,0.66,1.13,1.0,0.1,0.49,0.12,22165,6.725934743881226
0.86,0.94,0.42,0.66,1.13,1.0,0.11,0.5,0.13,22238,6.730362176895142
0.86,0.94,0.42,0.66,1.13,1.0,0.11,0.5,0.13,22159,6.733965873718262
0.86,0.94,0.42,0.66,1.13,1.0,0.11,0.5,0.13,22152,6.735106945037842
0.86,0.94,0.42,0.66,1.13,1.0,0.1,0.49,0.12,22183,6.738285541534424
0.86,0.94,0.42,0.66,1.13,1.0,0.1,0.5,0.13,22182,6.742368221282959
0.86,0.94,0.42,0.66,1.13,1.0,0.11,0.5,0.13,22283,6.746579170227051
0.86,0.94,0.41,0.67,1.13,1.0,0.11,0.5,0.13,22366,6.747459650039673
0.86,0.94,0.42,0.66,1.13,1.0,0.1,0.5,0.13,22415,6.750432252883911
0.86,0.94,0.42,0.66,1.13,1.0,0.1,0.5,0.13,22296,6.754817485809326
0.86,0.94,0.42,0.66,1.13,1.0,0.11,0.5,0.13,22437,6.7585365772247314
0.86,0.94,0.42,0.66,1.13,1.0,0.1,0.5,0.13,21902,6.7595343589782715
0.86,0.94,0.42,0.66,1.13,1.0,0.1,0.49,0.12,21979,6.763006925582886
0.86,0.94,0.42,0.66,1.13,1.0,0.1,0.5,0.12,22142,6.766005992889404
0.86,0.94,0.42,0.66,1.13,1.0,0.11,0.5,0.13,21839,6.77053165435791
0.86,0.94,0.42,0.66,1.13,1.0,0.11,0.5,0.13,22252,6.7715277671813965
0.86,0.94,0.42,0.65,1.13,1.0,0.1,0.49,0.13,22031,6.7745280265808105
0.86,0.94,0.42,0.66,1.13,1.0,0.1,0.49,0.13,21522,6.7785375118255615
0.87,0.94,0.42,0.65,1.13,1.0,0.1,0.49,0.13,21747,6.783104658126831
0.86,0.94,0.42,0.66,1.13,1.0,0.11,0.49,0.13,22162,6.784140586853027
0.86,0.94,0.42,0.66,1.13,1.0,0.11,0.5,0.13,22053,6.787179231643677
0.86,0.94,0.42,0.66,1.13,1.0,0.1,0.49,0.13,22084,6.791211843490601
0.86,0.94,0.42,0.66,1.13,1.0,0.1,0.49,0.13,21825,6.796321153640747
0.86,0.94,0.42,0.66,1.13,1.0,0.11,0.49,0.13,21556,6.799321174621582
0.86,0.94,0.42,0.66,1.13,1.0,0.1,0.49,0.13,21593,6.800317287445068
0.86,0.94,0.42,0.66,1.13,0.99,0.1,0.5,0.13,21828,6.80429220199585
0.86,0.94,0.42,0.65,1.13,1.0,0.1,0.49,0.12,22305,6.808298110961914
0.86,0.94,0.42,0.66,1.13,1.0,0.11,0.5,0.13,22488,6.811705827713013
0.86,0.94,0.42,0.66,1.13,0.99,0.11,0.49,0.13,22275,6.811705827713013
0.86,0.94,0.42,0.65,1.13,1.0,0.1,0.49,0.13,22032,6.81629753112793
0.86,0.94,0.42,0.66,1.13,1.0,0.1,0.49,0.13,22141,6.819884777069092
0.87,0.94,0.42,0.65,1.13,1.0,0.1,0.49,0.13,22316,6.823913812637329
0.87,0.94,0.42,0.66,1.13,1.0,0.1,0.49,0.13,22063,6.824914216995239
0.86,0.94,0.42,0.65,1.13,0.99,0.11,0.5,0.13,21830,6.82816481590271
0.86,0.94,0.42,0.66,1.13,1.0,0.1,0.49,0.13,21923,6.832163572311401
0.87,0.94,0.42,0.66,1.13,0.99,0.1,0.49,0.13,21874,6.836313009262085
0.87,0.94,0.42,0.66,1.13,1.0,0.11,0.49,0.13,21805,6.837346076965332
0.86,0.94,0.42,0.66,1.13,1.0,0.11,0.49,0.12,22010,6.840347528457642
0.86,0.94,0.42,0.66,1.13,0.99,0.1,0.49,0.13,21765,6.84437370300293
0.87,0.94,0.42,0.66,1.13,0.99,0.1,0.49,0.13,21694,6.848537445068359
0.86,0.94,0.42,0.66,1.13,1.0,0.1,0.49,0.13,21777,6.849523067474365
0.87,0.94,0.42,0.65,1.13,1.0,0.11,0.5,0.13,22002,6.85255241394043
0.87,0.94,0.42,0.66,1.13,0.99,0.1,0.5,0.13,21827,6.856741428375244
0.87,0.94,0.42,0.66,1.13,1.0,0.1,0.49,0.13,21764,6.861741542816162
0.87,0.94,0.42,0.65,1.13,1.0,0.1,0.49,0.13,21905,6.86494255065918
0.87,0.94,0.41,0.66,1.13,0.99,0.11,0.5,0.13,21938,6.86494255065918
0.86,0.94,0.42,0.65,1.13,1.0,0.1,0.5,0.13,22113,6.8699517250061035
0.86,0.94,0.42,0.66,1.14,1.0,0.1,0.5,0.13,22402,6.87313985824585
0.87,0.94,0.42,0.65,1.13,1.0,0.11,0.5,0.13,22357,6.878237009048462
0.87,0.94,0.42,0.66,1.13,1.0,0.11,0.49,0.13,21848,6.878237009048462
0.87,0.94,0.42,0.66,1.13,0.99,0.11,0.49,0.13,21777,6.882267475128174
0.87,0.94,0.42,0.66,1.13,0.99,0.1,0.49,0.13,22176,6.886265277862549
0.87,0.94,0.42,0.66,1.14,0.99,0.1,0.49,0.13,22133,6.890244722366333
0.87,0.94,0.42,0.66,1.14,1.0,0.11,0.49,0.12,21824,6.890244722366333
0.87,0.94,0.42,0.66,1.13,0.99,0.11,0.49,0.13,21379,6.893502235412598
0.87,0.94,0.42,0.66,1.13,0.99,0.1,0.49,0.13,21570,6.897943019866943
0.87,0.94,0.42,0.66,1.13,1.0,0.1,0.49,0.13,22141,6.901984691619873
0.87,0.94,0.42,0.66,1.13,1.0,0.1,0.49,0.13,22472,6.9029974937438965
0.87,0.94,0.42,0.66,1.13,0.99,0.11,0.49,0.13,21971,6.906048536300659
0.87,0.94,0.42,0.66,1.14,0.99,0.11,0.49,0.13,22336,6.910048246383667
0.87,0.94,0.42,0.66,1.13,0.99,0.1,0.49,0.12,22181,6.915049076080322
0.86,0.94,0.42,0.66,1.13,0.99,0.1,0.49,0.13,21520,6.915049076080322
0.86,0.94,0.42,0.66,1.13,1.0,0.1,0.49,0.13,21993,6.919049024581909
0.86,0.94,0.42,0.66,1.13,0.99,0.11,0.49,0.13,22396,6.922508955001831
0.87,0.94,0.42,0.66,1.13,0.99,0.1,0.49,0.13,22365,6.9274537563323975
0.87,0.94,0.42,0.66,1.13,0.99,0.1,0.49,0.13,22554,6.9274537563323975
0.87,0.94,0.42,0.66,1.13,0.99,0.1,0.49,0.12,22303,6.930681228637695
0.86,0.94,0.42,0.66,1.14,0.99,0.11,0.49,0.13,22032,6.934765338897705
0.87,0.94,0.42,0.66,1.14,0.99,0.1,0.49,0.13,22215,6.9401161670684814
0.87,0.94,0.42,0.65,1.14,0.99,0.1,0.49,0.13,22018,6.942339658737183
0.87,0.94,0.42,0.66,1.14,1.0,0.1,0.49,0.13,22205,6.943115949630737
0.86,0.94,0.42,0.66,1.14,1.0,0.11,0.49,0.13,22064,6.947359085083008
0.86,0.94,0.42,0.66,1.14,1.0,0.11,0.49,0.13,22001,6.9509406089782715
0.87,0.94,0.42,0.66,1.14,1.0,0.1,0.49,0.13,21934,6.955141305923462
0.86,0.94,0.42,0.66,1.14,1.0,0.1,0.49,0.13,22041,6.955141305923462
0.86,0.94,0.42,0.66,1.13,0.99,0.11,0.49,0.13,21894,6.959183931350708
0.86,0.94,0.42,0.66,1.13,0.99,0.11,0.49,0.13,21523,6.964181900024414
0.87,0.94,0.42,0.66,1.14,1.0,0.1,0.49,0.13,21658,6.967690944671631
0.86,0.94,0.42,0.66,1.13,0.99,0.1,0.49,0.13,21773,6.967690944671631
0.86,0.94,0.42,0.66,1.13,0.99,0.11,0.49,0.13,22040,6.971323490142822
0.86,0.94,0.42,0.66,1.14,1.0,0.11,0.49,0.13,22125,6.975426435470581
0.87,0.94,0.42,0.66,1.13,1.0,0.1,0.49,0.13,22110,6.980500221252441
0.86,0.94,0.42,0.67,1.14,0.99,0.11,0.49,0.13,22131,6.980500221252441
0.87,0.94,0.42,0.67,1.13,1.0,0.11,0.49,0.13,21742,6.984731197357178
0.87,0.94,0.42,0.66,1.14,1.0,0.11,0.49,0.13,21913,6.9887025356292725
0.87,0.94,0.42,0.66,1.14,1.0,0.1,0.49,0.13,21738,6.9927027225494385
0.87,0.94,0.42,0.66,1.14,1.0,0.1,0.49,0.13,21527,6.9927027225494385
0.87,0.94,0.42,0.66,1.14,1.0,0.1,0.49,0.13,21882,6.995958089828491
0.86,0.94,0.42,0.67,1.13,1.0,0.11,0.49,0.13,22209,7.00002121925354
0.86,0.94,0.42,0.67,1.13,1.0,0.11,0.49,0.13,22326,7.005063772201538
0.86,0.94,0.42,0.67,1.14,1.0,0.1,0.49,0.13,22077,7.005063772201538
0.86,0.94,0.42,0.67,1.13,1.0,0.1,0.49,0.13,21774,7.009052753448486
0.86,0.94,0.42,0.66,1.13,0.99,0.11,0.49,0.13,21821,7.012204647064209
0.87,0.94,0.42,0.67,1.13,1.0,0.11,0.49,0.13,22008,7.016560316085815
0.86,0.94,0.42,0.67,1.13,1.0,0.11,0.49,0.13,21633,7.020372629165649
0.86,0.94,0.42,0.67,1.14,1.0,0.1,0.49,0.13,21278,7.021416664123535
0.86,0.94,0.42,0.67,1.14,1.0,0.11,0.49,0.13,21841,7.024518251419067
0.86,0.94,0.42,0.67,1.13,1.0,0.11,0.49,0.13,22728,7.0294880867004395
0.86,0.94,0.42,0.67,1.13,1.0,0.11,0.49,0.13,22265,7.032638788223267
0.87,0.94,0.42,0.66,1.13,1.0,0.1,0.49,0.13,22034,7.03363561630249
0.86,0.94,0.42,0.67,1.13,1.0,0.11,0.49,0.13,22433,7.036927700042725
0.86,0.94,0.42,0.67,1.13,0.99,0.1,0.49,0.13,22018,7.04093337059021
0.86,0.94,0.42,0.66,1.14,1.0,0.11,0.49,0.13,21589,7.044965028762817
0.87,0.94,0.42,0.66,1.14,1.0,0.1,0.49,0.13,21862,7.045964479446411
0.87,0.94,0.42,0.66,1.14,1.0,0.1,0.49,0.13,21933,7.049461603164673
0.87,0.94,0.42,0.67,1.13,1.0,0.11,0.49,0.13,21830,7.054068326950073
0.87,0.94,0.42,0.66,1.13,1.0,0.1,0.49,0.13,22415,7.058096408843994
0.86,0.94,0.42,0.67,1.14,1.0,0.1,0.49,0.13,22516,7.058096408843994
0.86,0.94,0.42,0.66,1.13,1.0,0.1,0.49,0.13,21959,7.062096834182739
0.86,0.94,0.42,0.67,1.14,0.99,0.1,0.49,0.13,22426,7.06639838218689
0.86,0.94,0.42,0.67,1.14,1.0,0.11,0.49,0.13,22429,7.070271015167236
0.87,0.94,0.42,0.66,1.14,0.99,0.11,0.49,0.13,22216,7.070271015167236
0.86,0.94,0.42,0.66,1.14,1.0,0.1,0.49,0.13,22515,7.074239730834961
0.87,0.94,0.42,0.66,1.13,1.0,0.11,0.49,0.13,22058,7.079285621643066
0.87,0.94,0.42,0.66,1.13,1.0,0.11,0.49,0.13,21885,7.082361459732056
0.86,0.94,0.42,0.67,1.13,0.99,0.11,0.49,0.13,21980,7.086619138717651
0.87,0.94,0.42,0.67,1.13,0.99,0.1,0.49,0.13,22045,7.086619138717651
0.87,0.94,0.42,0.67,1.13,1.0,0.1,0.49,0.13,22156,7.090401649475098
0.87,0.94,0.42,0.66,1.13,1.0,0.11,0.49,0.13,22059,7.094723701477051
0.86,0.94,0.42,0.66,1.13,1.0,0.11,0.49,0.13,21728,7.098680019378662
0.86,0.93,0.42,0.66,1.13,0.99,0.1,0.49,0.13,21741,7.099670171737671
0.86,0.94,0.42,0.67,1.14,1.0,0.1,0.49,0.13,21942,7.102659702301025
0.87,0.94,0.42,0.66,1.14,0.99,0.11,0.49,0.13,22039,7.107687473297119
0.86,0.94,0.42,0.67,1.14,1.0,0.11,0.49,0.13,21750,7.111167669296265
0.86,0.94,0.42,0.66,1.14,1.0,0.1,0.49,0.13,22061,7.1122190952301025
0.87,0.94,0.42,0.66,1.14,1.0,0.1,0.49,0.12,22448,7.115219354629517
0.87,0.94,0.42,0.66,1.14,1.0,0.11,0.49,0.13,22181,7.119205474853516
0.87,0.94,0.42,0.66,1.14,1.0,0.11,0.49,0.13,22200,7.1238813400268555
0.87,0.94,0.42,0.66,1.14,1.0,0.11,0.49,0.13,21723,7.1238813400268555
0.86,0.94,0.42,0.66,1.14,1.0,0.1,0.49,0.13,21664,7.128352642059326
0.87,0.94,0.42,0.67,1.13,1.0,0.11,0.49,0.13,22053,7.132130861282349
0.86,0.94,0.42,0.66,1.14,1.0,0.11,0.49,0.13,22240,7.136151552200317
0.87,0.94,0.42,0.67,1.14,0.99,0.1,0.49,0.13,22071,7.136151552200317
0.87,0.94,0.42,0.67,1.14,0.99,0.11,0.49,0.13,21724,7.140151500701904
0.86,0.94,0.42,0.67,1.14,0.99,0.11,0.49,0.13,21897,7.144151926040649
0.87,0.94,0.42,0.67,1.14,0.99,0.11,0.49,0.13,22230,7.148600101470947
0.87,0.94,0.42,0.67,1.14,1.0,0.1,0.49,0.13,22353,7.152117490768433
0.87,0.94,0.42,0.66,1.14,0.99,0.1,0.49,0.13,22080,7.152117490768433
0.86,0.94,0.42,0.67,1.13,0.99,0.11,0.49,0.13,21815,7.155629634857178
0.87,0.94,0.42,0.66,1.13,0.99,0.11,0.49,0.13,21470,7.160675525665283
0.87,0.94,0.42,0.67,1.13,0.99,0.11,0.49,0.13,21793,7.164299964904785
0.86,0.94,0.42,0.67,1.13,1.0,0.11,0.49,0.13,22210,7.165283441543579
0.86,0.94,0.42,0.67,1.13,0.99,0.1,0.49,0.13,22113,7.168524980545044
0.87,0.94,0.42,0.67,1.14,1.0,0.11,0.49,0.13,21908,7.172455310821533
0.86,0.94,0.42,0.67,1.14,0.99,0.11,0.49,0.13,22191,7.175807476043701
0.87,0.94,0.42,0.67,1.13,0.99,0.1,0.49,0.13,21894,7.176819801330566
0.87,0.94,0.42,0.67,1.13,0.99,0.1,0.49,0.13,21995,7.180817604064941
0.86,0.94,0.42,0.67,1.13,0.99,0.1,0.49,0.13,22214,7.184817314147949
0.87,0.94,0.42,0.66,1.13,0.99,0.11,0.49,0.13,22219,7.18908953666687
0.87,0.94,0.42,0.66,1.13,1.0,0.11,0.49,0.13,22128,7.18908953666687
0.87,0.94,0.42,0.66,1.13,0.99,0.11,0.49,0.13,22187,7.193079471588135
0.86,0.94,0.42,0.66,1.13,0.99,0.11,0.49,0.13,22168,7.196749687194824
0.87,0.94,0.42,0.67,1.13,0.99,0.11,0.49,0.13,22059,7.200639486312866
0.87,0.94,0.42,0.66,1.13,0.99,0.11,0.49,0.13,22360,7.201707124710083
0.87,0.94,0.42,0.67,1.13,0.99,0.1,0.49,0.13,22761,7.205245733261108
0.87,0.94,0.42,0.66,1.13,0.99,0.1,0.49,0.13,22654,7.209221124649048
0.87,0.94,0.42,0.67,1.14,0.99,0.11,0.49,0.13,22245,7.213227987289429
0.87,0.94,0.42,0.67,1.13,1.0,0.11,0.49,0.13,22004,7.214220285415649
0.87,0.94,0.42,0.67,1.14,0.99,0.1,0.49,0.13,21993,7.217151403427124
0.88,0.94,0.42,0.67,1.14,1.0,0.1,0.49,0.13,22054,7.22122049331665
0.87,0.94,0.42,0.67,1.13,1.0,0.11,0.49,0.13,21773,7.226189613342285
0.86,0.94,0.42,0.66,1.13,1.0,0.11,0.49,0.13,21136,7.229708194732666
0.86,0.94,0.42,0.66,1.14,1.0,0.1,0.49,0.13,21543,7.229708194732666
0.86,0.94,0.42,0.66,1.14,1.0,0.1,0.49,0.13,22102,7.233777761459351
0.87,0.94,0.42,0.67,1.13,1.0,0.11,0.49,0.13,22125,7.239108324050903
0.87,0.94,0.42,0.67,1.13,0.99,0.11,0.49,0.13,21638,7.241324186325073
0.87,0.94,0.42,0.66,1.14,0.99,0.11,0.49,0.13,21693,7.242372989654541
0.86,0.94,0.42,0.66,1.13,0.99,0.1,0.49,0.13,22070,7.24634313583374
0.87,0.94,0.42,0.67,1.14,0.99,0.11,0.49,0.13,22331,7.251429557800293
0.86,0.94,0.42,0.66,1.14,1.0,0.1,0.49,0.13,22214,7.254089593887329
0.87,0.94,0.42,0.66,1.14,0.99,0.11,0.49,0.13,22185,7.255134344100952
0.87,0.94,0.42,0.66,1.14,0.99,0.1,0.49,0.13,22198,7.258124828338623
0.86,0.93,0.42,0.66,1.13,1.0,0.1,0.49,0.13,22235,7.263154983520508
0.87,0.94,0.42,0.66,1.13,0.99,0.11,0.49,0.13,22098,7.26613450050354
0.86,0.94,0.42,0.66,1.14,0.99,0.11,0.49,0.13,22273,7.267134428024292
0.87,0.94,0.42,0.66,1.14,0.99,0.1,0.49,0.13,22318,7.271341562271118
0.87,0.93,0.42,0.66,1.14,0.99,0.1,0.49,0.13,22317,7.274341583251953
0.86,0.94,0.42,0.66,1.14,0.99,0.11,0.49,0.13,22088,7.278666973114014
0.87,0.94,0.42,0.66,1.14,1.0,0.11,0.49,0.13,22009,7.279724836349487
0.87,0.94,0.42,0.66,1.14,0.99,0.11,0.49,0.13,21676,7.282904148101807
0.87,0.94,0.42,0.66,1.13,0.99,0.11,0.49,0.13,21717,7.288143157958984
0.87,0.94,0.42,0.66,1.14,0.99,0.1,0.49,0.12,22164,7.29115891456604
0.87,0.94,0.42,0.65,1.13,0.99,0.1,0.49,0.13,22045,7.295243263244629
0.87,0.94,0.42,0.66,1.13,0.99,0.1,0.49,0.13,22124,7.296163558959961
0.87,0.94,0.42,0.66,1.14,0.99,0.11,0.49,0.13,22249,7.2996063232421875
0.87,0.94,0.42,0.66,1.13,0.99,0.11,0.49,0.13,22074,7.303634881973267
0.87,0.94,0.42,0.66,1.14,0.99,0.11,0.49,0.13,21955,7.307038307189941
0.87,0.94,0.42,0.66,1.14,1.0,0.11,0.49,0.13,22340,7.308091640472412
0.86,0.94,0.41,0.67,1.14,0.99,0.11,0.49,0.13,22257,7.312444448471069
0.86,0.94,0.42,0.66,1.14,0.99,0.11,0.49,0.13,22220,7.316910743713379
0.87,0.94,0.42,0.66,1.14,0.99,0.11,0.49,0.13,22427,7.319904327392578
0.87,0.94,0.42,0.66,1.13,1.0,0.11,0.49,0.13,22216,7.319904327392578
0.87,0.93,0.42,0.66,1.14,0.99,0.11,0.49,0.13,22257,7.324028730392456
0.87,0.94,0.42,0.66,1.13,0.99,0.11,0.49,0.13,22494,7.329149484634399
0.87,0.94,0.42,0.66,1.13,0.99,0.11,0.49,0.12,22291,7.3321897983551025
0.87,0.94,0.42,0.66,1.13,0.99,0.11,0.49,0.13,21808,7.333148717880249
0.87,0.94,0.42,0.66,1.13,0.99,0.11,0.49,0.13,21947,7.336520671844482
0.87,0.94,0.42,0.66,1.14,1.0,0.11,0.49,0.13,21992,7.340792179107666
0.86,0.94,0.42,0.67,1.13,0.99,0.11,0.49,0.13,21717,7.344187259674072
0.86,0.94,0.42,0.66,1.13,0.99,0.11,0.49,0.13,21716,7.344187259674072
0.88,0.94,0.42,0.67,1.14,0.99,0.11,0.49,0.13,22139,7.34793496131897
0.87,0.94,0.42,0.66,1.14,1.0,0.11,0.49,0.13,22070,7.351930141448975
0.87,0.93,0.42,0.67,1.14,1.0,0.11,0.49,0.13,22085,7.357223987579346
0.86,0.93,0.41,0.66,1.14,1.0,0.1,0.49,0.13,22538,7.3603174686431885
0.87,0.94,0.42,0.66,1.14,0.99,0.11,0.49,0.13,22173,7.361330270767212
0.87,0.93,0.42,0.66,1.13,0.99,0.11,0.49,0.13,21856,7.365328311920166
0.86,0.94,0.42,0.66,1.14,0.99,0.11,0.49,0.13,21689,7.369017124176025
0.86,0.93,0.42,0.66,1.14,1.0,0.11,0.49,0.13,21576,7.372791767120361
0.86,0.93,0.42,0.67,1.14,0.99,0.11,0.49,0.13,21703,7.373501777648926
0.86,0.93,0.42,0.67,1.14,0.99,0.11,0.49,0.13,22186,7.377962350845337
0.87,0.94,0.42,0.67,1.14,0.99,0.11,0.49,0.13,22261,7.38109827041626
0.86,0.94,0.42,0.67,1.14,0.99,0.11,0.49,0.13,22268,7.385131359100342
0.86,0.94,0.42,0.66,1.14,0.99,0.11,0.49,0.13,22399,7.386131048202515
0.86,0.94,0.42,0.66,1.14,0.99,0.11,0.49,0.13,22114,7.38913106918335
0.86,0.93,0.42,0.66,1.14,0.99,0.11,0.49,0.12,21443,7.394131422042847
0.86,0.94,0.42,0.66,1.14,0.99,0.11,0.49,0.13,21872,7.397702217102051
0.86,0.93,0.42,0.66,1.13,1.0,0.11,0.49,0.13,21887,7.397702217102051
0.86,0.93,0.41,0.67,1.14,0.99,0.11,0.49,0.13,21456,7.40177321434021
0.86,0.94,0.42,0.67,1.14,0.99,0.11,0.49,0.13,21883,7.4054741859436035
0.86,0.93,0.42,0.66,1.14,0.99,0.11,0.49,0.13,22250,7.41014552116394
0.86,0.93,0.42,0.66,1.13,1.0,0.1,0.49,0.13,22039,7.41014552116394
0.86,0.93,0.41,0.66,1.14,0.99,0.11,0.49,0.13,21728,7.414145469665527
0.86,0.93,0.41,0.67,1.14,0.99,0.11,0.49,0.13,21903,7.418412208557129
0.86,0.94,0.41,0.67,1.13,1.0,0.11,0.49,0.13,21882,7.4226837158203125
0.86,0.94,0.42,0.67,1.14,0.99,0.11,0.49,0.13,21479,7.423696041107178
0.86,0.94,0.42,0.67,1.14,0.99,0.11,0.49,0.13,21976,7.426131248474121
0.86,0.94,0.41,0.66,1.13,0.99,0.11,0.49,0.13,22015,7.431363821029663
0.86,0.94,0.42,0.67,1.13,1.0,0.11,0.49,0.13,21706,7.434660196304321
0.86,0.94,0.42,0.67,1.14,1.0,0.12,0.49,0.13,22315,7.4379589557647705
0.86,0.93,0.42,0.67,1.14,0.99,0.11,0.49,0.13,22172,7.4379589557647705
0.86,0.94,0.41,0.67,1.14,0.99,0.11,0.49,0.13,21533,7.442708969116211
0.86,0.94,0.41,0.67,1.14,1.0,0.11,0.49,0.13,21864,7.447781801223755
0.86,0.93,0.42,0.67,1.14,0.99,0.11,0.49,0.13,21831,7.45064377784729
0.86,0.94,0.41,0.67,1.14,0.99,0.11,0.49,0.13,21718,7.45064377784729
0.86,0.93,0.42,0.67,1.14,0.99,0.11,0.49,0.13,22125,7.455146551132202
0.86,0.93,0.41,0.67,1.14,0.99,0.11,0.49,0.13,22186,7.4601476192474365
0.86,0.94,0.41,0.67,1.14,0.99,0.11,0.49,0.13,22085,7.463118076324463
0.86,0.93,0.41,0.66,1.14,1.0,0.11,0.49,0.13,21982,7.463118076324463
0.86,0.94,0.41,0.67,1.14,1.0,0.1,0.49,0.13,22647,7.468147277832031
0.86,0.93,0.42,0.67,1.14,1.0,0.11,0.49,0.13,22532,7.471867322921753
0.86,0.94,0.41,0.67,1.14,1.0,0.11,0.49,0.13,21957,7.475155353546143
0.86,0.94,0.42,0.67,1.14,1.0,0.11,0.49,0.13,22104,7.475890398025513
0.86,0.94,0.42,0.67,1.14,1.0,0.11,0.49,0.13,22343,7.479917526245117
0.86,0.93,0.41,0.66,1.14,1.0,0.1,0.49,0.13,22084,7.483934164047241
0.86,0.93,0.41,0.67,1.14,0.99,0.11,0.49,0.13,21893,7.488444566726685
0.86,0.94,0.41,0.66,1.14,0.99,0.11,0.49,0.13,21628,7.488444566726685
0.86,0.94,0.41,0.66,1.14,1.0,0.1,0.49,0.13,21731,7.491762638092041
0.86,0.93,0.42,0.67,1.14,0.99,0.11,0.49,0.13,21948,7.496804475784302
0.86,0.94,0.42,0.66,1.14,0.99,0.11,0.49,0.13,21999,7.499936819076538
0.86,0.94,0.42,0.66,1.14,0.99,0.11,0.49,0.13,22168,7.503817558288574
0.86,0.94,0.42,0.67,1.14,0.99,0.11,0.49,0.13,22353,7.503817558288574
0.86,0.94,0.42,0.67,1.14,0.99,0.11,0.49,0.13,22318,7.507484197616577
0.87,0.94,0.42,0.67,1.14,0.99,0.11,0.49,0.13,21903,7.512516260147095
0.86,0.94,0.41,0.67,1.14,0.99,0.11,0.49,0.12,21868,7.515509128570557
0.86,0.94,0.41,0.67,1.14,0.99,0.11,0.49,0.12,21951,7.516515731811523
0.86,0.94,0.41,0.67,1.13,1.0,0.11,0.49,0.13,21830,7.520786762237549
0.86,0.94,0.41,0.67,1.14,0.99,0.11,0.49,0.13,21859,7.5247814655303955
0.86,0.94,0.42,0.67,1.13,0.99,0.1,0.49,0.13,22304,7.527867794036865
0.86,0.94,0.41,0.67,1.14,0.99,0.1,0.49,0.12,22225,7.528860330581665
0.86,0.94,0.41,0.68,1.14,0.99,0.1,0.49,0.13,22122,7.53287935256958
0.86,0.94,0.41,0.67,1.14,1.0,0.1,0.49,0.13,22125,7.536719799041748
0.86,0.94,0.41,0.67,1.14,0.99,0.1,0.49,0.13,22124,7.540937662124634
0.86,0.94,0.41,0.66,1.14,1.0,0.1,0.49,0.12,22147,7.540937662124634
0.86,0.94,0.41,0.67,1.14,1.0,0.11,0.49,0.13,22230,7.545112133026123
0.86,0.94,0.42,0.67,1.13,1.0,0.11,0.49,0.13,22063,7.549110412597656
0.86,0.94,0.41,0.67,1.14,1.0,0.11,0.49,0.13,21512,7.5531086921691895
0.86,0.94,0.41,0.67,1.14,1.0,0.11,0.49,0.13,22235,7.554110050201416
0.86,0.94,0.42,0.67,1.13,1.0,0.11,0.49,0.13,22538,7.5571136474609375
0.86,0.94,0.41,0.67,1.14,0.99,0.11,0.49,0.13,22033,7.561230897903442
0.86,0.94,0.42,0.67,1.14,1.0,0.11,0.49,0.13,22166,7.565558195114136
0.86,0.94,0.41,0.67,1.14,1.0,0.11,0.49,0.12,21541,7.566558837890625
0.86,0.94,0.42,0.67,1.13,1.0,0.1,0.49,0.13,21192,7.570080995559692
0.86,0.94,0.41,0.67,1.13,1.0,0.11,0.49,0.13,21845,7.574166774749756
0.86,0.94,0.42,0.67,1.14,1.0,0.11,0.49,0.13,21830,7.578166484832764
0.86,0.94,0.41,0.67,1.14,1.0,0.1,0.49,0.13,21869,7.581706285476685
0.86,0.94,0.42,0.67,1.14,1.0,0.11,0.49,0.12,21944,7.581706285476685
0.86,0.94,0.42,0.67,1.14,1.0,0.1,0.49,0.13,22011,7.586312770843506
0.86,0.94,0.42,0.67,1.14,0.99,0.1,0.49,0.13,22138,7.590386867523193
0.86,0.94,0.42,0.67,1.14,1.0,0.1,0.49,0.13,22043,7.5933802127838135
0.86,0.94,0.41,0.66,1.14,0.99,0.11,0.49,0.13,22124,7.594388961791992
0.86,0.94,0.41,0.67,1.14,1.0,0.11,0.49,0.13,22143,7.598390817642212
0.86,0.94,0.41,0.66,1.14,0.99,0.11,0.49,0.12,22014,7.602386713027954
0.86,0.94,0.41,0.67,1.14,1.0,0.11,0.49,0.13,21795,7.605982303619385
0.86,0.94,0.42,0.67,1.13,1.0,0.11,0.49,0.13,21942,7.605982303619385
0.86,0.94,0.41,0.67,1.14,1.0,0.1,0.49,0.13,21871,7.611015319824219
0.86,0.94,0.41,0.67,1.14,1.0,0.11,0.49,0.13,21862,7.615015745162964
0.86,0.94,0.41,0.67,1.14,1.0,0.11,0.49,0.13,21639,7.619110822677612
0.86,0.94,0.41,0.67,1.13,1.0,0.11,0.49,0.13,21698,7.619182109832764
0.86,0.94,0.41,0.67,1.14,1.0,0.1,0.49,0.13,22051,7.62341570854187
0.86,0.94,0.41,0.67,1.14,1.0,0.11,0.49,0.13,22234,7.62678074836731
0.86,0.94,0.41,0.67,1.14,1.0,0.11,0.49,0.12,22033,7.630602836608887
0.86,0.94,0.42,0.67,1.14,1.0,0.1,0.49,0.13,22362,7.63163423538208
0.86,0.94,0.41,0.67,1.14,1.0,0.11,0.49,0.13,22323,7.634663343429565
0.86,0.94,0.41,0.66,1.14,1.0,0.11,0.49,0.13,21686,7.639638900756836
0.86,0.94,0.41,0.66,1.13,1.0,0.11,0.49,0.12,21989,7.643752336502075
0.86,0.94,0.41,0.67,1.14,1.0,0.11,0.49,0.13,22338,7.646787166595459
0.86,0.94,0.41,0.67,1.13,0.99,0.11,0.48,0.13,22059,7.647832632064819
0.86,0.94,0.41,0.67,1.13,0.99,0.11,0.49,0.13,22090,7.651320934295654
0.86,0.94,0.41,0.67,1.13,0.99,0.11,0.49,0.13,21869,7.656435251235962
0.86,0.94,0.41,0.67,1.14,0.99,0.11,0.49,0.13,21798,7.659590244293213
0.86,0.94,0.41,0.68,1.14,0.99,0.11,0.49,0.13,22231,7.660621881484985
0.86,0.94,0.41,0.67,1.14,0.99,0.11,0.49,0.13,22228,7.664235353469849
0.86,0.94,0.41,0.66,1.13,0.99,0.11,0.49,0.13,22305,7.667576551437378
0.86,0.94,0.41,0.67,1.14,0.99,0.11,0.49,0.13,22288,7.672113656997681
0.86,0.94,0.41,0.67,1.13,0.99,0.1,0.49,0.13,22195,7.673122882843018
0.86,0.94,0.41,0.67,1.13,1.0,0.11,0.49,0.13,22200,7.67611837387085
0.85,0.94,0.41,0.67,1.14,0.99,0.11,0.49,0.13,22313,7.680113077163696
0.85,0.94,0.42,0.67,1.14,0.99,0.11,0.49,0.12,22384,7.6841676235198975
0.85,0.94,0.41,0.67,1.13,0.99,0.11,0.49,0.13,22077,7.685164451599121
0.85,0.94,0.41,0.67,1.13,0.99,0.1,0.49,0.13,21792,7.688208341598511
0.85,0.94,0.41,0.66,1.14,0.99,0.11,0.49,0.13,21849,7.69301700592041
0.86,0.94,0.41,0.66,1.13,1.0,0.1,0.49,0.13,21506,7.696444749832153
0.86,0.94,0.41,0.67,1.13,0.99,0.1,0.49,0.12,21611,7.697477102279663
0.85,0.94,0.41,0.66,1.13,1.0,0.11,0.49,0.13,22204,7.7004759311676025
0.85,0.94,0.41,0.67,1.13,0.99,0.11,0.49,0.13,22075,7.704479217529297
0.85,0.94,0.41,0.67,1.14,0.99,0.11,0.49,0.13,22142,7.7094807624816895
0.85,0.94,0.41,0.67,1.14,1.0,0.1,0.49,0.13,22207,7.710477352142334
0.85,0.94,0.41,0.67,1.14,0.99,0.11,0.49,0.13,21822,7.7126545906066895
0.85,0.94,0.41,0.67,1.13,1.0,0.11,0.49,0.13,21887,7.716915607452393
0.85,0.94,0.41,0.67,1.13,1.0,0.11,0.49,0.13,21934,7.721414089202881
0.85,0.94,0.41,0.67,1.13,0.99,0.1,0.49,0.13,21835,7.724294424057007
0.85,0.94,0.41,0.67,1.13,0.99,0.11,0.49,0.13,21812,7.725277662277222
0.85,0.94,0.41,0.67,1.13,0.99,0.1,0.49,0.13,22051,7.729448080062866
0.85,0.94,0.41,0.67,1.13,0.99,0.11,0.49,0.13,22166,7.733447551727295
0.85,0.94,0.41,0.67,1.13,0.99,0.11,0.49,0.13,21895,7.737547874450684
0.85,0.94,0.41,0.67,1.14,0.99,0.11,0.49,0.13,21646,7.737547874450684
0.85,0.94,0.41,0.67,1.13,0.99,0.11,0.49,0.13,21777,7.741873741149902
0.85,0.94,0.41,0.67,1.13,0.99,0.1,0.49,0.12,22022,7.7456183433532715
0.85,0.94,0.41,0.67,1.14,1.0,0.11,0.49,0.13,22345,7.749646186828613
0.85,0.94,0.41,0.67,1.13,0.99,0.11,0.49,0.13,22218,7.749646186828613
0.85,0.94,0.41,0.67,1.13,0.99,0.11,0.49,0.13,21993,7.7536540031433105
0.85,0.94,0.41,0.67,1.13,0.99,0.1,0.49,0.13,22126,7.757660388946533
0.85,0.94,0.41,0.67,1.13,0.99,0.1,0.49,0.13,22005,7.761947870254517
0.85,0.94,0.42,0.67,1.14,0.99,0.1,0.49,0.13,21902,7.762982130050659
0.85,0.94,0.41,0.67,1.14,1.0,0.11,0.49,0.12,22383,7.766021490097046
0.85,0.93,0.41,0.67,1.14,1.0,0.11,0.49,0.12,22248,7.770128488540649
0.85,0.94,0.42,0.67,1.13,1.0,0.11,0.49,0.13,21711,7.774232387542725
0.85,0.94,0.41,0.67,1.14,1.0,0.11,0.49,0.13,21452,7.774232387542725
0.85,0.94,0.41,0.67,1.14,0.99,0.11,0.49,0.12,21569,7.779209613800049
0.85,0.94,0.41,0.66,1.13,0.99,0.11,0.49,0.13,21896,7.783212423324585
0.85,0.94,0.41,0.67,1.14,0.99,0.11,0.49,0.13,22137,7.786877155303955
0.85,0.94,0.41,0.66,1.14,1.0,0.11,0.49,0.13,22094,7.787932634353638
0.85,0.94,0.41,0.66,1.14,1.0,0.11,0.49,0.12,22059,7.790790796279907
0.84,0.94,0.41,0.67,1.14,1.0,0.1,0.49,0.13,22108,7.795804262161255
0.84,0.94,0.41,0.67,1.14,1.0,0.11,0.49,0.13,22327,7.799809217453003
0.85,0.94,0.41,0.67,1.13,0.99,0.11,0.49,0.13,22104,7.799809217453003
0.85,0.94,0.41,0.67,1.14,0.99,0.1,0.49,0.13,21751,7.803811550140381
0.85,0.94,0.41,0.67,1.13,1.0,0.11,0.49,0.13,22066,7.806837797164917
0.85,0.94,0.41,0.67,1.14,0.99,0.11,0.49,0.13,22347,7.8116614818573
0.84,0.94,0.42,0.67,1.13,0.99,0.11,0.49,0.13,22274,7.814826726913452
0.84,0.94,0.41,0.67,1.13,1.0,0.11,0.49,0.12,21993,7.815829753875732
0.84,0.94,0.41,0.67,1.13,1.0,0.11,0.49,0.13,22092,7.819967031478882
0.85,0.94,0.41,0.66,1.14,1.0,0.11,0.49,0.13,21945,7.824115991592407
0.85,0.94,0.41,0.67,1.14,0.99,0.11,0.49,0.13,22028,7.827497243881226
0.84,0.94,0.41,0.67,1.14,1.0,0.11,0.49,0.13,22099,7.82854151725769
0.84,0.94,0.41,0.67,1.14,1.0,0.11,0.49,0.13,22072,7.832354784011841
0.84,0.94,0.41,0.67,1.14,1.0,0.11,0.49,0.13,22209,7.8363213539123535
0.85,0.94,0.41,0.67,1.13,0.99,0.11,0.49,0.13,22366,7.84033989906311
0.85,0.94,0.42,0.67,1.14,0.99,0.11,0.49,0.13,21895,7.841387748718262
0.84,0.94,0.41,0.67,1.14,1.0,0.1,0.49,0.13,21644,7.844638824462891
0.85,0.93,0.41,0.67,1.14,1.0,0.1,0.49,0.13,21977,7.849241018295288
0.85,0.94,0.41,0.67,1.14,0.99,0.11,0.49,0.12,21992,7.851865530014038
0.84,0.94,0.41,0.67,1.14,0.99,0.11,0.5,0.13,21961,7.852877616882324
0.85,0.94,0.41,0.67,1.14,0.99,0.1,0.49,0.13,22162,7.857199668884277
0.85,0.93,0.41,0.67,1.14,1.0,0.1,0.49,0.13,21715,7.861199855804443
0.84,0.94,0.41,0.67,1.14,1.0,0.11,0.49,0.13,21584,7.864704608917236
0.85,0.94,0.41,0.67,1.14,1.0,0.1,0.49,0.13,22173,7.865759611129761
0.85,0.94,0.41,0.67,1.14,1.0,0.1,0.49,0.13,22608,7.869290351867676
0.85,0.93,0.41,0.67,1.14,1.0,0.1,0.49,0.13,22507,7.873334884643555
0.85,0.94,0.41,0.67,1.14,1.0,0.1,0.49,0.13,22050,7.877323627471924
0.85,0.94,0.41,0.67,1.14,1.0,0.1,0.49,0.13,22047,7.877323627471924
0.85,0.94,0.41,0.67,1.14,1.0,0.11,0.49,0.13,22280,7.8809051513671875
0.85,0.94,0.41,0.67,1.14,0.99,0.11,0.49,0.13,22093,7.885202169418335
0.85,0.93,0.41,0.67,1.14,1.0,0.11,0.49,0.13,21976,7.889813184738159
0.84,0.94,0.41,0.67,1.14,1.0,0.11,0.49,0.13,21771,7.893828392028809
0.84,0.94,0.41,0.67,1.14,1.0,0.11,0.49,0.13,21604,7.893828392028809
0.84,0.94,0.41,0.67,1.14,1.0,0.1,0.49,0.12,21883,7.897432088851929
0.84,0.94,0.41,0.67,1.14,1.0,0.1,0.49,0.12,21996,7.901721954345703
0.84,0.94,0.41,0.67,1.14,1.0,0.11,0.49,0.13,21917,7.905809640884399
0.84,0.94,0.41,0.67,1.14,0.99,0.1,0.49,0.13,21596,7.906768560409546
0.84,0.94,0.41,0.67,1.14,1.0,0.11,0.49,0.12,21547,7.910429000854492
0.84,0.94,0.41,0.67,1.14,1.0,0.1,0.49,0.13,21770,7.914400577545166
0.84,0.94,0.41,0.67,1.14,1.0,0.1,0.49,0.13,21781,7.918076038360596
0.84,0.94,0.41,0.67,1.14,1.0,0.1,0.49,0.13,21956,7.918076038360596
0.84,0.94,0.41,0.67,1.14,1.0,0.1,0.49,0.12,22049,7.922932863235474
0.84,0.94,0.41,0.67,1.14,1.0,0.1,0.49,0.12,21888,7.9268786907196045
0.84,0.94,0.41,0.67,1.14,1.0,0.1,0.49,0.13,22187,7.929955005645752
0.85,0.94,0.41,0.66,1.14,1.0,0.1,0.49,0.13,22160,7.930958271026611
0.85,0.94,0.41,0.67,1.14,1.0,0.11,0.49,0.12,21615,7.9345009326934814
0.85,0.94,0.41,0.67,1.14,0.99,0.1,0.49,0.12,21528,7.938499450683594
0.85,0.94,0.41,0.67,1.14,1.0,0.1,0.49,0.12,21663,7.942504405975342
0.85,0.94,0.41,0.67,1.14,1.0,0.1,0.49,0.12,21998,7.942504405975342
0.85,0.94,0.41,0.67,1.14,1.0,0.1,0.49,0.12,21893,7.946510314941406
0.84,0.94,0.41,0.67,1.14,1.0,0.1,0.49,0.13,21706,7.950687646865845
0.85,0.94,0.41,0.67,1.14,1.0,0.1,0.49,0.13,21807,7.9548499584198
0.85,0.94,0.41,0.67,1.14,0.99,0.1,0.49,0.12,22084,7.955799341201782
0.84,0.94,0.41,0.67,1.14,1.0,0.1,0.49,0.12,22157,7.959162473678589
0.85,0.94,0.41,0.67,1.14,1.0,0.1,0.49,0.12,22190,7.963531732559204
0.85,0.94,0.41,0.67,1.14,1.0,0.1,0.49,0.12,21701,7.967973232269287
0.85,0.94,0.41,0.68,1.14,1.0,0.1,0.49,0.12,21454,7.970606327056885
0.85,0.94,0.41,0.67,1.14,1.0,0.1,0.49,0.13,21527,7.971278429031372
0.85,0.94,0.41,0.67,1.14,1.0,0.1,0.49,0.13,22182,7.9752442836761475
0.85,0.94,0.41,0.67,1.14,1.0,0.1,0.49,0.12,22139,7.979250431060791
0.84,0.94,0.41,0.67,1.14,0.99,0.1,0.49,0.13,22162,7.983618974685669
0.85,0.94,0.41,0.67,1.14,1.0,0.1,0.49,0.13,22205,7.983618974685669
0.85,0.94,0.41,0.68,1.14,1.0,0.1,0.49,0.13,22220,7.987631797790527
0.85,0.94,0.41,0.67,1.14,0.99,0.1,0.49,0.13,22031,7.991630554199219
0.85,0.94,0.41,0.67,1.14,1.0,0.1,0.49,0.13,22106,7.995699167251587
0.85,0.93,0.41,0.67,1.14,1.0,0.1,0.49,0.13,21887,7.995699167251587
0.85,0.93,0.41,0.67,1.14,1.0,0.1,0.49,0.13,22040,7.999412536621094
0.85,0.93,0.41,0.67,1.14,0.99,0.1,0.49,0.13,22327,8.003931045532227
0.84,0.94,0.41,0.67,1.13,1.0,0.1,0.49,0.13,22264,8.007925033569336
0.85,0.94,0.41,0.67,1.14,0.99,0.1,0.49,0.13,22129,8.007925033569336
0.84,0.93,0.41,0.67,1.14,0.99,0.1,0.49,0.13,22100,8.011927843093872
0.84,0.93,0.41,0.67,1.13,0.99,0.1,0.49,0.12,22255,8.015926837921143
0.85,0.94,0.42,0.68,1.14,1.0,0.1,0.49,0.13,21324,8.020081281661987
0.84,0.94,0.41,0.67,1.14,0.99,0.1,0.49,0.12,21359,8.021115779876709
0.85,0.94,0.41,0.67,1.14,1.0,0.1,0.49,0.13,22110,8.023916482925415
0.84,0.94,0.41,0.67,1.14,1.0,0.1,0.49,0.13,22221,8.029052019119263
0.84,0.93,0.41,0.68,1.14,1.0,0.1,0.49,0.13,22102,8.033051013946533
0.85,0.94,0.41,0.67,1.14,0.99,0.1,0.49,0.12,21609,8.036050796508789
0.85,0.93,0.41,0.67,1.14,1.0,0.1,0.49,0.13,21846,8.037062644958496
0.85,0.94,0.41,0.68,1.14,1.0,0.1,0.49,0.13,22211,8.040394067764282
0.85,0.93,0.41,0.67,1.14,1.0,0.1,0.49,0.12,22716,8.045430421829224
0.84,0.93,0.41,0.67,1.14,1.0,0.1,0.49,0.12,22327,8.04913330078125
0.85,0.93,0.41,0.67,1.14,1.0,0.1,0.49,0.12,21828,8.04913330078125
0.85,0.94,0.41,0.67,1.14,1.0,0.1,0.49,0.12,22077,8.053131341934204
0.85,0.94,0.41,0.67,1.14,1.0,0.1,0.49,0.12,22048,8.057676792144775
0.85,0.94,0.41,0.67,1.14,1.0,0.1,0.49,0.12,21707,8.060973882675171
0.85,0.94,0.41,0.67,1.14,0.99,0.1,0.49,0.13,21468,8.06166934967041
0.85,0.94,0.41,0.68,1.14,1.0,0.1,0.49,0.13,21939,8.066398620605469
0.85,0.94,0.41,0.68,1.14,0.99,0.1,0.49,0.13,22326,8.07008409500122
0.85,0.94,0.41,0.68,1.14,1.0,0.1,0.49,0.12,22365,8.074161052703857
0.85,0.94,0.41,0.67,1.14,1.0,0.1,0.49,0.12,22296,8.074161052703857
0.85,0.94,0.41,0.67,1.14,1.0,0.1,0.49,0.12,22347,8.077595949172974
0.84,0.94,0.41,0.68,1.14,1.0,0.1,0.49,0.13,22164,8.081594705581665
0.85,0.94,0.41,0.68,1.14,1.0,0.1,0.49,0.12,22309,8.086087465286255
0.85,0.93,0.41,0.68,1.14,1.0,0.1,0.49,0.12,22268,8.086087465286255
0.84,0.94,0.41,0.67,1.14,1.0,0.11,0.49,0.12,22221,8.090515851974487
0.84,0.94,0.41,0.67,1.14,0.99,0.1,0.49,0.13,22186,8.094505548477173
0.85,0.94,0.41,0.67,1.14,1.0,0.1,0.49,0.12,21779,8.099020719528198
0.85,0.94,0.41,0.67,1.14,1.0,0.1,0.49,0.13,21830,8.099020719528198
0.85,0.94,0.41,0.67,1.14,1.0,0.1,0.49,0.12,21891,8.102182626724243
0.85,0.94,0.41,0.67,1.14,1.0,0.1,0.49,0.12,21666,8.107224464416504
0.85,0.94,0.41,0.67,1.14,1.0,0.1,0.49,0.12,21879,8.11090087890625
0.85,0.94,0.41,0.67,1.14,1.0,0.1,0.49,0.13,22072,8.114416122436523
0.85,0.94,0.41,0.67,1.14,0.99,0.1,0.49,0.12,22107,8.115491151809692
0.85,0.94,0.41,0.67,1.14,0.99,0.1,0.49,0.12,21908,8.119488716125488
0.84,0.94,0.41,0.68,1.14,1.0,0.1,0.49,0.13,22609,8.123982906341553
0.85,0.94,0.41,0.68,1.14,1.0,0.1,0.49,0.13,22350,8.12674856185913
0.84,0.94,0.41,0.68,1.14,1.0,0.1,0.49,0.13,22265,8.127803564071655
0.85,0.94,0.41,0.67,1.14,1.0,0.1,0.49,0.12,22484,8.130807876586914
0.85,0.94,0.41,0.67,1.14,1.0,0.1,0.49,0.12,22289,8.135693311691284
0.85,0.94,0.41,0.67,1.14,1.0,0.1,0.49,0.12,22224,8.138497829437256
0.85,0.94,0.41,0.67,1.14,1.0,0.1,0.49,0.12,22331,8.139509439468384
0.85,0.94,0.41,0.67,1.14,1.0,0.11,0.48,0.12,22000,8.143508434295654
0.85,0.94,0.41,0.67,1.14,0.99,0.1,0.49,0.13,22023,8.147510528564453
0.85,0.94,0.41,0.67,1.14,1.0,0.1,0.49,0.13,22220,8.151555299758911
0.85,0.94,0.41,0.67,1.14,1.0,0.1,0.49,0.13,22095,8.151555299758911
0.85,0.94,0.41,0.67,1.14,1.0,0.1,0.49,0.13,21742,8.15556025505066
0.85,0.94,0.41,0.67,1.14,1.0,0.1,0.49,0.13,21633,8.159599304199219
0.85,0.94,0.41,0.68,1.14,1.0,0.1,0.49,0.13,21606,8.163808822631836
0.85,0.93,0.41,0.67,1.14,1.0,0.1,0.49,0.12,21645,8.163808822631836
0.85,0.94,0.41,0.67,1.14,1.0,0.1,0.49,0.13,22232,8.168015956878662
0.85,0.94,0.41,0.68,1.14,1.0,0.1,0.49,0.12,22497,8.171858072280884
0.85,0.94,0.41,0.67,1.14,1.0,0.1,0.49,0.13,22116,8.175966501235962
0.85,0.94,0.41,0.68,1.14,1.0,0.1,0.49,0.13,22013,8.179964780807495
0.85,0.94,0.41,0.67,1.14,1.0,0.1,0.49,0.13,22264,8.180702924728394
0.85,0.94,0.41,0.67,1.14,1.0,0.1,0.49,0.13,22097,8.184702396392822
0.85,0.93,0.41,0.68,1.13,1.0,0.1,0.49,0.13,21856,8.188303709030151
0.85,0.94,0.41,0.67,1.14,1.0,0.1,0.49,0.13,21861,8.192277669906616
0.85,0.93,0.41,0.68,1.14,1.0,0.1,0.49,0.13,21670,8.192277669906616
0.86,0.94,0.41,0.68,1.14,1.0,0.1,0.49,0.13,21605,8.196024417877197
0.85,0.93,0.41,0.67,1.14,1.0,0.1,0.49,0.12,22242,8.200268030166626
0.85,0.93,0.41,0.68,1.14,1.0,0.1,0.49,0.13,22539,8.20438027381897
0.85,0.93,0.41,0.67,1.14,1.0,0.1,0.49,0.13,22308,8.20537519454956
0.85,0.93,0.41,0.68,1.14,1.0,0.1,0.49,0.12,22301,8.209376811981201
0.85,0.94,0.41,0.67,1.14,1.0,0.1,0.49,0.13,21838,8.213373899459839
0.85,0.93,0.41,0.67,1.14,1.0,0.1,0.49,0.12,21933,8.216371774673462
0.85,0.94,0.41,0.68,1.14,1.0,0.1,0.49,0.12,21890,8.217374801635742
0.85,0.93,0.41,0.67,1.14,1.0,0.1,0.49,0.13,21963,8.220597505569458
0.85,0.93,0.41,0.67,1.14,1.0,0.1,0.49,0.13,21746,8.225098133087158
0.85,0.93,0.41,0.67,1.14,1.0,0.1,0.49,0.13,21625,8.229219198226929
0.85,0.94,0.41,0.67,1.14,1.0,0.1,0.48,0.13,22378,8.229219198226929
0.85,0.94,0.41,0.67,1.14,1.0,0.1,0.49,0.12,22253,8.23321795463562
0.84,0.94,0.41,0.68,1.14,1.0,0.1,0.49,0.12,22202,8.237098693847656
0.85,0.94,0.41,0.67,1.14,1.0,0.1,0.49,0.12,21635,8.241794347763062
0.85,0.93,0.41,0.67,1.14,1.0,0.1,0.49,0.13,21096,8.245465278625488
0.85,0.93,0.41,0.67,1.14,1.0,0.1,0.49,0.13,21647,8.245465278625488
0.85,0.93,0.41,0.67,1.14,1.0,0.1,0.49,0.13,22102,8.249876022338867
0.85,0.94,0.41,0.67,1.14,1.0,0.1,0.49,0.13,21857,8.254284620285034
0.85,0.93,0.41,0.67,1.14,1.0,0.1,0.49,0.13,21530,8.257863283157349
0.85,0.94,0.41,0.67,1.14,1.0,0.1,0.49,0.13,21453,8.257863283157349
0.85,0.93,0.41,0.67,1.14,1.0,0.1,0.49,0.13,21614,8.261889696121216
0.85,0.93,0.41,0.67,1.14,1.0,0.11,0.49,0.13,21737,8.266527891159058
0.85,0.94,0.41,0.67,1.14,1.0,0.1,0.49,0.13,21870,8.269852638244629
0.85,0.93,0.41,0.67,1.14,1.0,0.1,0.49,0.13,22149,8.270380735397339
0.85,0.94,0.41,0.68,1.14,1.0,0.1,0.49,0.13,21884,8.27450704574585
0.85,0.93,0.41,0.67,1.14,1.0,0.1,0.49,0.13,21889,8.27945852279663
0.85,0.93,0.41,0.68,1.14,1.0,0.1,0.49,0.12,22208,8.282074451446533
0.84,0.94,0.41,0.67,1.14,1.0,0.1,0.49,0.13,21891,8.282780647277832
0.85,0.94,0.41,0.67,1.14,1.0,0.1,0.49,0.13,22020,8.285841226577759
0.85,0.94,0.41,0.68,1.14,1.0,0.1,0.5,0.13,22253,8.290883541107178
0.85,0.94,0.41,0.68,1.14,1.0,0.1,0.49,0.13,22268,8.294824361801147
0.85,0.94,0.41,0.67,1.14,1.0,0.1,0.49,0.12,22439,8.29585599899292
0.85,0.94,0.41,0.67,1.14,1.0,0.1,0.49,0.13,22158,8.299384355545044
0.85,0.94,0.41,0.68,1.14,1.0,0.1,0.49,0.13,22129,8.302824258804321
0.85,0.94,0.41,0.67,1.14,1.0,0.1,0.49,0.13,21988,8.306538581848145
0.85,0.94,0.41,0.67,1.14,1.0,0.1,0.5,0.13,22263,8.307569980621338
0.85,0.94,0.41,0.68,1.14,1.0,0.1,0.5,0.13,22136,8.311527490615845
0.85,0.93,0.41,0.68,1.14,1.0,0.1,0.5,0.12,21681,8.314896583557129
0.86,0.94,0.41,0.68,1.14,1.0,0.1,0.5,0.12,22004,8.319972276687622
0.84,0.94,0.41,0.67,1.14,1.0,0.1,0.49,0.13,22215,8.323155641555786
0.84,0.93,0.41,0.67,1.14,1.0,0.1,0.49,0.12,21936,8.323972702026367
0.85,0.93,0.41,0.67,1.13,1.0,0.1,0.49,0.13,22139,8.327951669692993
0.85,0.94,0.41,0.67,1.14,1.0,0.1,0.49,0.13,21862,8.332457780838013
0.85,0.94,0.41,0.68,1.14,1.0,0.1,0.49,0.12,21781,8.33551549911499
0.85,0.93,0.41,0.68,1.14,1.0,0.1,0.49,0.12,22066,8.336522102355957
0.85,0.94,0.41,0.68,1.14,1.0,0.09,0.49,0.13,22191,8.340887546539307
0.85,0.93,0.41,0.68,1.14,1.0,0.1,0.5,0.13,21700,8.34361982345581
0.85,0.93,0.41,0.68,1.14,1.0,0.1,0.5,0.13,21749,8.347132205963135
0.85,0.93,0.41,0.68,1.14,1.0,0.1,0.49,0.12,22042,8.348191738128662
0.85,0.94,0.41,0.68,1.14,1.0,0.1,0.49,0.12,21725,8.352200031280518
0.85,0.93,0.41,0.67,1.14,1.0,0.1,0.49,0.13,22318,8.35681939125061
0.85,0.94,0.41,0.68,1.14,1.0,0.1,0.49,0.12,21753,8.360259056091309
0.85,0.93,0.41,0.68,1.14,1.0,0.1,0.49,0.12,20998,8.361333131790161
0.85,0.93,0.41,0.68,1.14,1.0,0.1,0.49,0.12,21569,8.363888502120972
0.85,0.93,0.41,0.67,1.14,1.0,0.1,0.49,0.12,22144,8.369078397750854
0.85,0.93,0.41,0.68,1.14,1.0,0.1,0.49,0.13,21693,8.372990369796753
0.85,0.94,0.41,0.68,1.14,1.0,0.11,0.49,0.12,21938,8.372990369796753
0.85,0.93,0.41,0.68,1.14,1.0,0.1,0.5,0.12,22213,8.377003908157349
0.85,0.93,0.41,0.68,1.14,1.0,0.1,0.49,0.13,21832,8.38140082359314
0.85,0.94,0.41,0.68,1.14,1.0,0.1,0.49,0.13,21777,8.384786128997803
0.85,0.94,0.41,0.67,1.14,1.0,0.1,0.5,0.12,21446,8.388787269592285
0.85,0.94,0.41,0.68,1.14,1.0,0.1,0.49,0.13,21785,8.388787269592285
0.85,0.94,0.41,0.67,1.14,1.0,0.11,0.49,0.12,22086,8.393001079559326
0.85,0.94,0.41,0.67,1.14,1.0,0.1,0.49,0.13,22499,8.396979093551636
0.85,0.93,0.41,0.68,1.14,1.0,0.1,0.49,0.13,22362,8.401232719421387
0.85,0.94,0.41,0.67,1.14,1.0,0.1,0.49,0.13,22423,8.40198802947998
0.85,0.94,0.41,0.67,1.14,1.0,0.1,0.49,0.12,22266,8.405995607376099
0.85,0.94,0.41,0.68,1.14,1.0,0.1,0.49,0.12,21877,8.409619808197021
0.85,0.94,0.41,0.68,1.14,1.0,0.1,0.49,0.12,21728,8.413434743881226
0.85,0.94,0.41,0.68,1.14,1.0,0.1,0.49,0.12,21871,8.414381504058838
0.85,0.94,0.4,0.68,1.14,1.0,0.1,0.49,0.12,21940,8.418603420257568
0.85,0.94,0.41,0.67,1.14,1.0,0.1,0.49,0.12,22081,8.422542572021484
0.84,0.94,0.41,0.67,1.14,1.0,0.1,0.49,0.12,22394,8.425282716751099
0.85,0.93,0.41,0.67,1.14,1.0,0.1,0.5,0.12,22155,8.426371812820435
0.85,0.94,0.41,0.68,1.14,1.0,0.1,0.5,0.12,21634,8.42985725402832
0.85,0.94,0.41,0.67,1.14,1.0,0.1,0.5,0.12,21575,8.435113906860352
0.84,0.93,0.41,0.67,1.14,1.0,0.1,0.5,0.12,21726,8.438087940216064
0.85,0.93,0.41,0.67,1.14,1.0,0.1,0.5,0.12,21979,8.4390869140625
0.85,0.93,0.41,0.67,1.14,1.0,0.1,0.5,0.12,21824,8.442564725875854
0.85,0.94,0.41,0.68,1.14,0.99,0.1,0.49,0.12,22039,8.446445226669312
0.85,0.94,0.41,0.67,1.14,0.99,0.1,0.5,0.12,22024,8.45001482963562
0.84,0.93,0.41,0.67,1.14,1.0,0.1,0.49,0.12,21653,8.451020956039429
0.84,0.94,0.41,0.67,1.14,1.0,0.1,0.49,0.12,21890,8.455347061157227
0.85,0.94,0.41,0.67,1.14,1.0,0.1,0.49,0.13,22409,8.458773612976074
0.85,0.94,0.41,0.67,1.14,1.0,0.1,0.49,0.12,21860,8.462782621383667
0.85,0.94,0.41,0.68,1.14,1.0,0.1,0.5,0.13,21803,8.466812133789062
0.84,0.94,0.41,0.67,1.14,1.0,0.1,0.5,0.13,21562,8.466812133789062
0.85,0.94,0.41,0.67,1.14,1.0,0.1,0.49,0.12,21585,8.470888376235962
0.85,0.94,0.41,0.68,1.14,0.99,0.1,0.5,0.12,21716,8.475017547607422
0.85,0.94,0.41,0.68,1.14,0.99,0.11,0.49,0.13,21731,8.478389978408813
0.84,0.94,0.41,0.68,1.14,0.99,0.1,0.5,0.12,21744,8.479591131210327
0.84,0.94,0.41,0.67,1.14,0.99,0.1,0.5,0.12,21923,8.48346734046936
0.85,0.94,0.41,0.67,1.14,0.99,0.1,0.5,0.12,21922,8.487789392471313
0.85,0.94,0.41,0.68,1.14,1.0,0.1,0.49,0.12,21817,8.491320133209229
0.85,0.94,0.41,0.67,1.14,1.0,0.1,0.5,0.12,22028,8.492395401000977
0.85,0.94,0.41,0.68,1.14,1.0,0.1,0.5,0.12,21937,8.49536657333374
0.85,0.94,0.41,0.68,1.14,1.0,0.1,0.5,0.13,21786,8.500513315200806
0.85,0.94,0.41,0.68,1.14,1.0,0.1,0.5,0.12,22399,8.503651142120361
0.85,0.94,0.41,0.68,1.14,1.0,0.1,0.5,0.13,22352,8.504513263702393
0.85,0.94,0.41,0.68,1.14,1.0,0.1,0.5,0.12,22007,8.5085129737854
0.84,0.94,0.41,0.68,1.14,1.0,0.11,0.49,0.12,21864,8.512513637542725
0.85,0.94,0.41,0.67,1.14,1.0,0.1,0.49,0.12,21877,8.515921592712402
0.85,0.94,0.41,0.68,1.14,1.0,0.1,0.5,0.12,21750,8.516976594924927
0.85,0.94,0.41,0.68,1.13,1.0,0.1,0.5,0.12,21465,8.520979404449463
0.85,0.94,0.41,0.67,1.14,0.99,0.1,0.49,0.13,22060,8.524979591369629
0.85,0.94,0.41,0.67,1.14,1.0,0.1,0.5,0.12,22485,8.52909517288208
0.85,0.94,0.41,0.67,1.14,1.0,0.11,0.49,0.13,22274,8.532246828079224
0.85,0.94,0.41,0.68,1.14,0.99,0.1,0.5,0.12,21787,8.533323049545288
0.85,0.94,0.41,0.68,1.14,1.0,0.1,0.5,0.12,21744,8.536694765090942
0.85,0.93,0.41,0.67,1.14,1.0,0.1,0.49,0.13,21831,8.540625095367432
0.85,0.94,0.41,0.68,1.14,1.0,0.1,0.5,0.12,21688,8.543866872787476
0.84,0.94,0.41,0.68,1.14,1.0,0.1,0.49,0.13,21819,8.544890880584717
0.85,0.94,0.41,0.68,1.14,1.0,0.11,0.5,0.13,22106,8.548911809921265
0.84,0.94,0.41,0.68,1.14,1.0,0.1,0.5,0.12,21709,8.552897691726685
0.84,0.94,0.41,0.68,1.14,1.0,0.1,0.49,0.12,22112,8.557034730911255
0.84,0.94,0.41,0.67,1.14,1.0,0.1,0.5,0.13,22823,8.557034730911255
0.85,0.94,0.41,0.68,1.14,1.0,0.1,0.49,0.13,22202,8.561127424240112
0.85,0.94,0.41,0.68,1.14,1.0,0.1,0.49,0.13,22101,8.566209077835083
0.85,0.94,0.41,0.68,1.14,1.0,0.1,0.5,0.13,22292,8.568453311920166
0.85,0.94,0.41,0.68,1.14,1.0,0.1,0.49,0.12,22057,8.569973945617676
0.85,0.94,0.41,0.68,1.13,1.0,0.1,0.49,0.12,22036,8.573556184768677
0.85,0.93,0.41,0.68,1.13,1.0,0.1,0.49,0.12,21433,8.577975034713745
0.84,0.94,0.41,0.67,1.14,1.0,0.1,0.5,0.12,21452,8.58147668838501
0.84,0.94,0.41,0.68,1.14,1.0,0.1,0.49,0.12,21811,8.582299947738647
0.84,0.94,0.41,0.68,1.14,1.0,0.1,0.5,0.13,22036,8.5853271484375
0.84,0.94,0.41,0.68,1.14,1.0,0.1,0.5,0.13,21789,8.590705156326294
0.84,0.94,0.41,0.68,1.14,1.0,0.11,0.5,0.13,22212,8.593719959259033
0.84,0.94,0.41,0.68,1.13,1.0,0.1,0.49,0.12,22151,8.59470510482788
0.84,0.94,0.41,0.68,1.14,1.0,0.11,0.5,0.13,22058,8.597997426986694
0.84,0.94,0.41,0.68,1.13,1.0,0.1,0.49,0.13,22195,8.602027893066406
0.85,0.94,0.41,0.68,1.14,1.0,0.1,0.49,0.12,21688,8.606020212173462
0.84,0.94,0.41,0.68,1.14,1.0,0.1,0.49,0.12,22109,8.610040426254272
0.84,0.94,0.41,0.68,1.14,1.0,0.1,0.5,0.12,21974,8.610040426254272
0.85,0.94,0.41,0.68,1.14,1.0,0.1,0.49,0.12,21613,8.614708185195923
0.85,0.94,0.41,0.68,1.14,1.0,0.1,0.49,0.13,21956,8.61809253692627
0.85,0.94,0.41,0.67,1.14,1.0,0.1,0.5,0.12,22027,8.622126340866089
0.85,0.94,0.41,0.68,1.13,1.0,0.1,0.5,0.12,21710,8.623125791549683
0.84,0.94,0.41,0.68,1.14,1.0,0.1,0.49,0.12,22307,8.626691102981567
0.85,0.94,0.41,0.68,1.13,1.0,0.1,0.49,0.13,22206,8.630693912506104
0.85,0.94,0.41,0.68,1.14,1.0,0.1,0.49,0.12,21905,8.63469409942627
0.85,0.94,0.41,0.68,1.14,1.0,0.1,0.49,0.12,21960,8.63469409942627
0.85,0.94,0.41,0.68,1.14,1.0,0.1,0.49,0.13,21921,8.638868570327759
0.84,0.94,0.41,0.68,1.14,1.0,0.1,0.5,0.12,21408,8.642879009246826
0.85,0.94,0.41,0.68,1.14,1.0,0.1,0.49,0.12,21869,8.64667296409607
0.85,0.94,0.41,0.68,1.14,1.0,0.1,0.5,0.13,21700,8.64667296409607
0.85,0.94,0.41,0.68,1.14,1.0,0.1,0.49,0.12,21887,8.651255369186401
0.85,0.93,0.41,0.68,1.14,1.0,0.1,0.5,0.12,21710,8.65526556968689
0.85,0.94,0.41,0.68,1.14,1.0,0.1,0.49,0.13,21857,8.659454345703125
0.85,0.94,0.41,0.68,1.14,1.0,0.1,0.49,0.12,22510,8.659454345703125
0.85,0.94,0.41,0.68,1.14,1.0,0.1,0.5,0.12,22195,8.663451433181763
0.84,0.94,0.41,0.68,1.14,1.0,0.1,0.5,0.12,21776,8.667142391204834
0.85,0.93,0.41,0.68,1.14,1.0,0.1,0.49,0.13,22089,8.671371936798096
0.84,0.94,0.41,0.68,1.14,1.0,0.1,0.5,0.12,22198,8.675407648086548
0.85,0.94,0.41,0.68,1.14,0.99,0.1,0.5,0.13,21941,8.675407648086548
0.85,0.94,0.41,0.68,1.14,1.0,0.1,0.5,0.12,21874,8.679438829421997
0.85,0.94,0.41,0.68,1.14,1.0,0.1,0.5,0.13,22183,8.684409379959106
0.84,0.93,0.41,0.68,1.14,1.0,0.1,0.49,0.13,22362,8.687597513198853
0.84,0.94,0.41,0.68,1.14,1.0,0.1,0.49,0.12,21771,8.68844723701477
0.84,0.93,0.41,0.68,1.14,1.0,0.11,0.5,0.13,21388,8.692448377609253
0.84,0.94,0.41,0.68,1.14,1.0,0.1,0.49,0.12,21639,8.695853471755981
0.84,0.94,0.41,0.68,1.14,1.0,0.1,0.49,0.12,21932,8.69989800453186
0.85,0.94,0.41,0.68,1.14,1.0,0.1,0.49,0.13,21875,8.69989800453186
0.84,0.94,0.41,0.67,1.14,1.0,0.1,0.49,0.12,22140,8.704894542694092
0.85,0.93,0.41,0.67,1.14,1.0,0.1,0.49,0.12,21703,8.708914518356323
0.84,0.94,0.41,0.68,1.14,1.0,0.1,0.49,0.12,22036,8.712192058563232
0.85,0.94,0.41,0.68,1.14,1.0,0.1,0.49,0.13,22285,8.713228940963745
0.84,0.94,0.41,0.67,1.14,1.0,0.1,0.49,0.13,22202,8.717138767242432
0.84,0.93,0.41,0.68,1.14,1.0,0.1,0.49,0.13,22411,8.720408201217651
0.84,0.94,0.41,0.67,1.14,1.0,0.1,0.49,0.13,22360,8.724590301513672
0.84,0.94,0.41,0.68,1.14,0.99,0.1,0.49,0.13,22081,8.725686073303223
0.85,0.94,0.41,0.68,1.14,1.0,0.1,0.49,0.13,21956,8.728883504867554
0.84,0.94,0.42,0.68,1.14,1.0,0.09,0.5,0.12,21985,8.733176708221436
0.84,0.94,0.41,0.68,1.14,1.0,0.1,0.49,0.13,21964,8.737180471420288
0.84,0.94,0.41,0.68,1.14,1.0,0.1,0.5,0.12,21827,8.737180471420288
0.84,0.93,0.41,0.68,1.14,1.0,0.1,0.49,0.13,21808,8.741191864013672
0.84,0.94,0.41,0.67,1.14,1.0,0.1,0.49,0.13,21833,8.744991064071655
0.85,0.94,0.41,0.67,1.14,1.0,0.1,0.5,0.12,21848,8.749054431915283
0.84,0.94,0.42,0.67,1.14,1.0,0.1,0.5,0.13,22177,8.753033638000488
0.85,0.94,0.41,0.68,1.14,1.0,0.1,0.5,0.13,22416,8.753033638000488
0.84,0.94,0.41,0.68,1.14,1.0,0.1,0.5,0.13,22113,8.757055044174194
0.84,0.94,0.41,0.68,1.14,1.0,0.1,0.5,0.12,22084,8.761437177658081
0.84,0.94,0.41,0.68,1.14,1.0,0.1,0.5,0.13,21799,8.765409708023071
0.84,0.93,0.41,0.67,1.13,1.0,0.1,0.5,0.13,22146,8.76644229888916
0.85,0.94,0.41,0.68,1.14,1.0,0.1,0.5,0.13,22323,8.770097255706787
0.84,0.94,0.41,0.68,1.14,1.0,0.1,0.49,0.13,21960,8.773699283599854
0.84,0.94,0.41,0.68,1.14,0.99,0.1,0.49,0.13,22007,8.777060508728027
0.84,0.94,0.41,0.68,1.14,1.0,0.1,0.5,0.13,22708,8.778055906295776
0.84,0.94,0.41,0.68,1.13,1.0,0.1,0.5,0.13,22183,8.782058238983154
0.85,0.94,0.41,0.67,1.14,1.0,0.1,0.5,0.13,22162,8.786167860031128
0.84,0.94,0.41,0.67,1.14,1.0,0.1,0.5,0.13,21895,8.790168046951294
0.84,0.93,0.42,0.68,1.14,1.0,0.11,0.5,0.13,21654,8.790168046951294
0.84,0.93,0.41,0.68,1.13,1.0,0.1,0.5,0.13,21737,8.794203519821167
0.84,0.94,0.41,0.68,1.13,1.0,0.1,0.5,0.13,22098,8.798104763031006
0.84,0.94,0.41,0.68,1.14,1.0,0.1,0.5,0.13,21953,8.802172899246216
0.85,0.94,0.41,0.68,1.14,1.0,0.1,0.5,0.13,21800,8.803168296813965
0.84,0.94,0.42,0.67,1.14,1.0,0.1,0.5,0.13,21813,8.807161331176758
0.85,0.93,0.41,0.68,1.14,1.0,0.09,0.5,0.13,22022,8.81116795539856
0.84,0.94,0.41,0.68,1.13,1.0,0.1,0.5,0.13,21801,8.814546823501587
0.85,0.93,0.42,0.68,1.14,1.0,0.1,0.49,0.13,21934,8.815550327301025
0.85,0.94,0.41,0.68,1.13,1.0,0.11,0.5,0.13,22129,8.81858515739441
0.85,0.93,0.41,0.68,1.14,0.99,0.1,0.5,0.13,22268,8.823528289794922
0.85,0.93,0.42,0.67,1.13,1.0,0.1,0.5,0.12,21837,8.826951742172241
0.85,0.94,0.41,0.68,1.14,1.0,0.1,0.5,0.13,21686,8.83114743232727
0.84,0.94,0.41,0.67,1.14,1.0,0.1,0.5,0.13,22007,8.83214807510376
0.84,0.93,0.41,0.67,1.14,1.0,0.1,0.49,0.13,21936,8.835150718688965
0.84,0.93,0.41,0.67,1.14,1.0,0.1,0.49,0.13,21771,8.840149641036987
0.85,0.94,0.41,0.67,1.14,1.0,0.1,0.5,0.13,21746,8.843295335769653
0.85,0.94,0.42,0.67,1.14,1.0,0.1,0.5,0.13,21665,8.844295263290405
0.84,0.93,0.41,0.67,1.14,0.99,0.1,0.5,0.13,21710,8.847277879714966
0.84,0.93,0.41,0.68,1.14,0.99,0.1,0.5,0.13,22063,8.851505279541016
0.84,0.93,0.41,0.68,1.14,1.0,0.1,0.5,0.13,21952,8.855606079101562
0.84,0.93,0.41,0.67,1.14,0.99,0.1,0.5,0.13,21563,8.855606079101562
0.84,0.93,0.41,0.67,1.14,1.0,0.1,0.5,0.13,21794,8.859671115875244
0.84,0.93,0.41,0.67,1.14,1.0,0.1,0.5,0.13,21967,8.863662719726562
0.85,0.93,0.41,0.67,1.14,1.0,0.1,0.5,0.13,22032,8.867659568786621
0.84,0.93,0.41,0.67,1.13,0.99,0.1,0.49,0.13,21693,8.86866021156311
0.84,0.93,0.42,0.67,1.14,1.0,0.1,0.5,0.13,21978,8.87218189239502
0.84,0.93,0.42,0.67,1.14,1.0,0.1,0.5,0.13,21821,8.876236915588379
0.84,0.93,0.42,0.67,1.14,1.0,0.1,0.5,0.13,22220,8.880294561386108
0.85,0.93,0.41,0.68,1.14,1.0,0.1,0.5,0.13,21869,8.881272554397583
0.84,0.93,0.41,0.68,1.14,1.0,0.1,0.5,0.13,21996,8.88428521156311
0.84,0.94,0.42,0.68,1.14,1.0,0.1,0.5,0.13,22433,8.888355255126953
0.84,0.93,0.42,0.68,1.14,0.99,0.1,0.5,0.13,22052,8.892349243164062
0.85,0.93,0.42,0.67,1.14,0.99,0.1,0.5,0.13,22009,8.89335012435913
0.84,0.93,0.42,0.68,1.14,1.0,0.1,0.5,0.13,21846,8.896674871444702
0.84,0.93,0.41,0.68,1.14,1.0,0.1,0.5,0.13,21831,8.900667905807495
0.84,0.93,0.42,0.68,1.14,1.0,0.1,0.5,0.13,21764,8.904922008514404
0.84,0.94,0.41,0.68,1.14,1.0,0.1,0.49,0.13,21883,8.905914783477783
0.84,0.93,0.41,0.68,1.14,1.0,0.1,0.5,0.13,22142,8.908787250518799
0.84,0.93,0.41,0.68,1.14,1.0,0.1,0.5,0.13,21985,8.912825345993042
0.85,0.93,0.41,0.67,1.14,1.0,0.1,0.5,0.13,21880,8.916996717453003
0.84,0.93,0.41,0.68,1.14,1.0,0.1,0.5,0.13,21605,8.921536684036255
0.84,0.93,0.41,0.68,1.14,1.0,0.1,0.5,0.13,21746,8.921536684036255
0.84,0.93,0.41,0.68,1.14,1.0,0.09,0.5,0.13,22125,8.925537824630737
0.84,0.93,0.41,0.68,1.14,1.0,0.1,0.5,0.13,22242,8.929630756378174
0.84,0.93,0.41,0.68,1.14,0.99,0.11,0.5,0.13,21829,8.93324065208435
0.84,0.93,0.41,0.68,1.14,1.0,0.1,0.5,0.13,21576,8.93430471420288
0.84,0.93,0.41,0.68,1.13,0.99,0.11,0.5,0.13,21993,8.938486814498901
0.84,0.93,0.42,0.68,1.14,1.0,0.1,0.5,0.13,21812,8.941766262054443
0.84,0.94,0.41,0.68,1.14,0.99,0.11,0.5,0.13,21553,8.94678783416748
0.85,0.93,0.41,0.68,1.14,1.0,0.1,0.5,0.13,22022,8.94678783416748
0.84,0.94,0.41,0.68,1.13,1.0,0.11,0.49,0.13,21961,8.950582504272461
0.84,0.94,0.41,0.68,1.13,1.0,0.1,0.49,0.13,22206,8.954113960266113
0.84,0.93,0.41,0.67,1.14,1.0,0.1,0.5,0.13,22335,8.958302974700928
0.84,0.93,0.42,0.68,1.14,1.0,0.1,0.49,0.13,22296,8.959052085876465
0.84,0.93,0.41,0.68,1.14,1.0,0.1,0.49,0.13,21965,8.962531805038452
0.84,0.93,0.42,0.68,1.13,1.0,0.1,0.5,0.13,22058,8.966559648513794
0.84,0.93,0.41,0.68,1.14,1.0,0.1,0.49,0.13,22599,8.97066879272461
0.85,0.93,0.41,0.68,1.14,0.99,0.1,0.5,0.13,22350,8.971688032150269
0.85,0.93,0.42,0.68,1.14,1.0,0.1,0.5,0.13,22433,8.974905490875244
0.84,0.93,0.41,0.68,1.14,1.0,0.1,0.5,0.13,22196,8.979212999343872
0.84,0.93,0.42,0.68,1.14,1.0,0.1,0.5,0.13,21893,8.98324966430664
0.84,0.94,0.42,0.68,1.14,1.0,0.1,0.5,0.13,22046,8.98324966430664
0.84,0.94,0.42,0.68,1.13,0.99,0.1,0.5,0.13,21897,8.987250089645386
0.85,0.93,0.42,0.68,1.13,0.99,0.1,0.5,0.13,21802,8.990231990814209
0.85,0.93,0.41,0.68,1.14,1.0,0.1,0.49,0.12,21957,8.995238780975342
0.85,0.94,0.41,0.68,1.14,1.0,0.1,0.5,0.13,21708,8.998286008834839
0.85,0.93,0.41,0.68,1.13,1.0,0.1,0.5,0.13,21427,8.999258995056152
0.84,0.94,0.42,0.68,1.13,0.99,0.1,0.49,0.13,21626,9.003300189971924
0.85,0.93,0.41,0.68,1.13,0.99,0.1,0.5,0.13,22173,9.007723569869995
0.84,0.94,0.41,0.68,1.13,1.0,0.1,0.5,0.13,21982,9.010749101638794
0.84,0.94,0.41,0.68,1.13,0.99,0.1,0.5,0.13,21721,9.011736154556274
0.84,0.93,0.41,0.68,1.13,1.0,0.1,0.5,0.13,22060,9.015737771987915
0.84,0.93,0.41,0.68,1.13,1.0,0.1,0.5,0.13,21763,9.019737243652344
0.84,0.93,0.41,0.68,1.13,1.0,0.1,0.5,0.13,21650,9.023472547531128
0.84,0.93,0.41,0.68,1.14,1.0,0.1,0.5,0.13,21935,9.024489402770996
0.84,0.93,0.41,0.68,1.13,1.0,0.1,0.5,0.13,21732,9.027904987335205
0.84,0.93,0.41,0.68,1.13,1.0,0.1,0.5,0.12,22187,9.031918048858643
0.85,0.93,0.42,0.68,1.14,0.99,0.1,0.5,0.13,22382,9.035917043685913
0.84,0.94,0.42,0.68,1.13,1.0,0.1,0.5,0.13,21833,9.036917209625244
0.84,0.93,0.42,0.68,1.13,1.0,0.1,0.5,0.13,22074,9.03991413116455
0.85,0.93,0.42,0.68,1.14,1.0,0.1,0.5,0.13,22231,9.044975519180298
0.84,0.93,0.42,0.68,1.14,1.0,0.1,0.5,0.13,22326,9.04816222190857
0.84,0.94,0.42,0.68,1.14,1.0,0.1,0.49,0.13,22341,9.049192905426025
0.84,0.93,0.42,0.68,1.13,1.0,0.1,0.5,0.13,22426,9.052596807479858
0.84,0.93,0.42,0.68,1.13,1.0,0.1,0.5,0.13,22331,9.056766033172607
0.84,0.93,0.42,0.68,1.13,1.0,0.1,0.5,0.13,22348,9.05996060371399
0.84,0.93,0.42,0.69,1.14,1.0,0.1,0.5,0.13,22439,9.063962697982788
0.84,0.93,0.42,0.67,1.14,1.0,0.1,0.49,0.13,22280,9.064965963363647
0.84,0.93,0.42,0.68,1.14,1.0,0.1,0.5,0.13,21999,9.06896686553955
0.84,0.94,0.42,0.68,1.14,1.0,0.11,0.5,0.13,22272,9.073193788528442
0.85,0.93,0.42,0.68,1.13,1.0,0.1,0.5,0.13,22335,9.076689720153809
0.85,0.93,0.42,0.68,1.14,1.0,0.1,0.5,0.13,21954,9.077221155166626
0.84,0.93,0.42,0.68,1.14,0.99,0.1,0.5,0.13,21919,9.081222534179688
0.84,0.93,0.42,0.68,1.14,1.0,0.1,0.5,0.13,21928,9.085431337356567
0.84,0.93,0.42,0.68,1.14,1.0,0.1,0.5,0.13,21787,9.089428186416626
0.84,0.94,0.42,0.68,1.14,1.0,0.1,0.5,0.13,21898,9.089428186416626
0.85,0.93,0.42,0.68,1.14,1.0,0.1,0.5,0.13,21787,9.093531847000122
0.84,0.93,0.42,0.68,1.14,0.99,0.1,0.5,0.13,21750,9.097805976867676
0.85,0.93,0.41,0.68,1.14,1.0,0.11,0.5,0.13,21629,9.101398468017578
0.84,0.94,0.42,0.68,1.14,1.0,0.1,0.5,0.13,21670,9.102434158325195
0.84,0.93,0.42,0.68,1.13,1.0,0.1,0.5,0.13,21711,9.105845212936401
0.84,0.94,0.41,0.68,1.14,1.0,0.1,0.5,0.13,21784,9.108943939208984
0.84,0.94,0.42,0.68,1.14,1.0,0.1,0.5,0.13,22045,9.114195346832275
0.84,0.93,0.42,0.68,1.14,0.99,0.1,0.5,0.13,21930,9.114195346832275
0.84,0.93,0.42,0.67,1.14,0.99,0.1,0.5,0.12,21905,9.118202924728394
0.84,0.93,0.42,0.68,1.13,1.0,0.1,0.49,0.12,22290,9.122201204299927
0.84,0.93,0.42,0.68,1.14,1.0,0.1,0.5,0.13,22091,9.126201152801514
0.84,0.94,0.42,0.68,1.14,0.99,0.1,0.5,0.13,22198,9.126201152801514
0.84,0.94,0.42,0.68,1.14,0.99,0.1,0.5,0.12,21795,9.130203008651733
0.84,0.94,0.42,0.68,1.13,1.0,0.1,0.5,0.13,21536,9.134217262268066
0.84,0.93,0.42,0.68,1.14,1.0,0.1,0.5,0.13,21193,9.138830184936523
0.84,0.94,0.42,0.68,1.13,0.99,0.1,0.5,0.13,21528,9.141870260238647
0.84,0.93,0.42,0.68,1.14,1.0,0.1,0.5,0.13,22227,9.142905473709106
0.84,0.93,0.42,0.68,1.13,1.0,0.1,0.5,0.13,22142,9.14628791809082
0.84,0.94,0.42,0.68,1.13,1.0,0.1,0.5,0.13,22111,9.151350259780884
0.84,0.93,0.42,0.68,1.14,1.0,0.1,0.5,0.13,22316,9.154692888259888
0.84,0.94,0.42,0.68,1.13,1.0,0.1,0.5,0.12,22253,9.154692888259888
0.84,0.94,0.42,0.68,1.13,0.99,0.1,0.5,0.13,21746,9.158706665039062
0.84,0.94,0.42,0.68,1.13,0.99,0.1,0.5,0.13,21467,9.16288423538208
0.84,0.94,0.41,0.68,1.14,1.0,0.1,0.5,0.13,21686,9.16689419746399
0.84,0.94,0.42,0.68,1.14,0.99,0.1,0.5,0.13,21775,9.16689419746399
0.84,0.94,0.42,0.68,1.14,1.0,0.1,0.5,0.13,21858,9.171084880828857
0.84,0.94,0.41,0.67,1.14,0.99,0.1,0.5,0.13,21831,9.175253868103027
0.84,0.93,0.42,0.68,1.14,1.0,0.1,0.5,0.13,22192,9.179223537445068
0.84,0.93,0.42,0.68,1.14,1.0,0.1,0.5,0.13,22639,9.180257081985474
0.84,0.93,0.42,0.68,1.14,1.0,0.1,0.5,0.12,22290,9.183382511138916
0.84,0.94,0.42,0.68,1.14,1.0,0.1,0.5,0.13,21981,9.187355756759644
0.84,0.94,0.42,0.68,1.14,1.0,0.1,0.5,0.13,22092,9.191947221755981
0.84,0.93,0.42,0.68,1.13,0.99,0.1,0.5,0.13,22077,9.191947221755981
0.84,0.93,0.42,0.68,1.14,1.0,0.1,0.5,0.13,21812,9.19594693183899
0.84,0.93,0.42,0.68,1.14,1.0,0.1,0.5,0.12,22259,9.199952840805054
0.84,0.93,0.42,0.68,1.14,1.0,0.1,0.5,0.13,22282,9.204229831695557
0.84,0.93,0.42,0.68,1.14,1.0,0.1,0.5,0.13,22247,9.20823049545288
0.84,0.93,0.42,0.68,1.13,1.0,0.1,0.5,0.13,22098,9.209232091903687
0.84,0.94,0.42,0.68,1.14,1.0,0.1,0.5,0.12,22019,9.212625503540039
0.84,0.93,0.42,0.68,1.14,1.0,0.11,0.5,0.13,21434,9.216766119003296
0.84,0.93,0.42,0.68,1.14,1.0,0.1,0.5,0.13,21865,9.219629526138306
0.84,0.93,0.42,0.67,1.14,1.0,0.1,0.49,0.13,22048,9.22086215019226
0.84,0.94,0.42,0.68,1.14,1.0,0.11,0.5,0.13,21949,9.22486925125122
0.85,0.94,0.41,0.68,1.14,1.0,0.1,0.5,0.13,21782,9.228803873062134
0.84,0.94,0.42,0.67,1.14,1.0,0.1,0.5,0.13,21771,9.231897830963135
0.84,0.94,0.42,0.67,1.14,1.0,0.1,0.5,0.13,21816,9.232916831970215
0.84,0.94,0.42,0.68,1.14,1.0,0.1,0.5,0.13,22415,9.236916303634644
0.84,0.94,0.42,0.68,1.14,0.99,0.1,0.49,0.13,22586,9.24091386795044
0.85,0.94,0.41,0.68,1.14,1.0,0.1,0.49,0.13,21949,9.244913578033447
0.84,0.94,0.41,0.68,1.14,1.0,0.1,0.5,0.13,21662,9.244913578033447
0.84,0.94,0.41,0.68,1.14,1.0,0.1,0.49,0.13,22301,9.24869179725647
0.84,0.94,0.42,0.68,1.14,1.0,0.1,0.49,0.13,22202,9.252928733825684
0.84,0.94,0.42,0.68,1.14,1.0,0.1,0.49,0.13,22069,9.257186889648438
0.84,0.94,0.42,0.68,1.14,1.0,0.1,0.49,0.13,22168,9.258207082748413
0.84,0.94,0.42,0.67,1.14,1.0,0.1,0.49,0.12,22001,9.261207342147827
0.85,0.94,0.42,0.68,1.14,1.0,0.1,0.49,0.12,21948,9.265179634094238
0.84,0.94,0.42,0.68,1.14,1.0,0.1,0.5,0.13,22431,9.270175457000732
0.84,0.93,0.42,0.67,1.14,1.0,0.1,0.5,0.12,22234,9.270175457000732
0.84,0.94,0.42,0.68,1.14,1.0,0.1,0.5,0.13,21401,9.273233652114868
0.84,0.93,0.41,0.68,1.14,1.0,0.1,0.5,0.13,22398,9.277361154556274
0.84,0.94,0.41,0.68,1.14,1.0,0.1,0.5,0.12,22401,9.28229022026062
0.85,0.94,0.41,0.67,1.14,0.99,0.1,0.5,0.12,22076,9.285483598709106
0.85,0.93,0.42,0.68,1.14,1.0,0.1,0.5,0.13,22169,9.286485195159912
0.84,0.94,0.42,0.68,1.14,1.0,0.11,0.5,0.13,22146,9.290478706359863
0.84,0.94,0.42,0.68,1.14,1.0,0.1,0.5,0.13,21963,9.293778657913208
0.84,0.94,0.41,0.68,1.14,0.99,0.11,0.5,0.13,22094,9.297960042953491
0.84,0.93,0.41,0.68,1.14,1.0,0.11,0.5,0.12,22347,9.298792839050293
0.84,0.94,0.41,0.68,1.14,1.0,0.11,0.5,0.13,22474,9.301836490631104
0.84,0.93,0.41,0.68,1.14,1.0,0.1,0.5,0.13,22261,9.306185245513916
0.84,0.94,0.42,0.68,1.14,1.0,0.1,0.5,0.13,22008,9.310213088989258
0.85,0.94,0.42,0.67,1.14,0.99,0.11,0.5,0.13,21667,9.3112154006958
0.84,0.94,0.41,0.67,1.14,1.0,0.1,0.5,0.13,21764,9.314220428466797
0.84,0.94,0.42,0.67,1.14,1.0,0.1,0.5,0.13,22177,9.31857419013977
0.84,0.94,0.41,0.68,1.14,1.0,0.1,0.5,0.13,22148,9.322576522827148
0.85,0.94,0.41,0.69,1.14,1.0,0.11,0.5,0.13,21813,9.323575019836426
0.84,0.94,0.41,0.67,1.14,1.0,0.11,0.5,0.13,21830,9.32734203338623
0.84,0.94,0.42,0.68,1.14,1.0,0.11,0.5,0.13,22015,9.330617427825928
0.85,0.94,0.42,0.68,1.14,1.0,0.11,0.5,0.12,21780,9.33559536933899
0.84,0.94,0.41,0.68,1.14,1.0,0.11,0.5,0.13,21751,9.33559536933899
0.84,0.94,0.41,0.68,1.14,1.0,0.1,0.5,0.13,22000,9.33959412574768
0.84,0.94,0.42,0.68,1.14,1.0,0.1,0.5,0.13,21847,9.3435959815979
0.84,0.93,0.42,0.68,1.14,1.0,0.1,0.5,0.13,21872,9.347596168518066
0.84,0.93,0.41,0.68,1.14,1.0,0.1,0.5,0.13,22069,9.350592613220215
0.84,0.94,0.42,0.68,1.14,1.0,0.1,0.5,0.13,21894,9.351864576339722
0.84,0.94,0.41,0.68,1.14,1.0,0.1,0.5,0.13,21905,9.355180263519287
0.84,0.94,0.41,0.68,1.14,1.0,0.1,0.5,0.13,21802,9.359604358673096
0.84,0.94,0.41,0.68,1.14,1.0,0.1,0.5,0.13,21589,9.363623142242432
0.83,0.94,0.41,0.68,1.14,1.0,0.09,0.5,0.13,21478,9.363623142242432
0.84,0.94,0.41,0.68,1.14,1.0,0.11,0.5,0.12,21459,9.367705345153809
0.84,0.94,0.42,0.68,1.14,1.0,0.1,0.5,0.13,21940,9.3718581199646
0.84,0.94,0.41,0.67,1.14,1.0,0.1,0.5,0.13,21817,9.375973463058472
0.85,0.94,0.41,0.68,1.14,1.0,0.11,0.5,0.13,21820,9.375973463058472
0.84,0.94,0.42,0.68,1.14,1.0,0.1,0.5,0.13,21805,9.379969835281372
0.84,0.94,0.42,0.68,1.14,1.0,0.1,0.5,0.13,21812,9.38397216796875
0.84,0.93,0.42,0.68,1.14,1.0,0.1,0.5,0.13,21759,9.388296604156494
0.85,0.94,0.42,0.68,1.14,1.0,0.1,0.5,0.13,21826,9.389297485351562
0.84,0.94,0.42,0.68,1.14,1.0,0.1,0.5,0.13,22059,9.392043113708496
0.84,0.94,0.41,0.67,1.14,1.0,0.1,0.5,0.13,21426,9.39630913734436
0.84,0.93,0.42,0.67,1.14,0.99,0.1,0.5,0.13,21819,9.400315523147583
0.85,0.93,0.41,0.67,1.14,1.0,0.1,0.5,0.13,22018,9.401315212249756
0.84,0.94,0.41,0.67,1.14,1.0,0.1,0.5,0.12,21661,9.405313730239868
0.85,0.94,0.42,0.68,1.14,1.0,0.1,0.5,0.13,21750,9.408509016036987
0.84,0.94,0.42,0.68,1.14,1.0,0.1,0.5,0.13,22501,9.412538290023804
0.84,0.94,0.42,0.68,1.14,1.0,0.1,0.5,0.13,22168,9.416622638702393
0.85,0.93,0.41,0.68,1.14,1.0,0.1,0.5,0.13,21767,9.417548656463623
0.84,0.93,0.42,0.68,1.14,1.0,0.1,0.5,0.13,22136,9.420640468597412
0.84,0.93,0.41,0.68,1.14,1.0,0.1,0.5,0.12,22367,9.424809694290161
0.84,0.94,0.41,0.68,1.14,0.99,0.11,0.5,0.13,22188,9.428807973861694
0.84,0.94,0.41,0.68,1.14,1.0,0.1,0.5,0.13,21889,9.428807973861694
0.84,0.93,0.42,0.68,1.14,1.0,0.1,0.5,0.13,21816,9.432807922363281
0.84,0.94,0.42,0.67,1.14,1.0,0.1,0.5,0.13,21773,9.436887979507446
0.84,0.94,0.41,0.68,1.14,1.0,0.1,0.5,0.13,21864,9.441353559494019
0.84,0.93,0.41,0.68,1.14,1.0,0.1,0.49,0.13,21571,9.442007780075073
0.84,0.93,0.42,0.68,1.14,0.99,0.1,0.5,0.12,21666,9.446094512939453
0.84,0.93,0.42,0.67,1.15,1.0,0.1,0.5,0.13,21307,9.449722051620483
0.84,0.94,0.41,0.67,1.14,1.0,0.1,0.5,0.13,21598,9.453721284866333
0.84,0.93,0.42,0.68,1.14,1.0,0.1,0.5,0.13,21749,9.454715013504028
0.84,0.93,0.42,0.68,1.14,0.99,0.1,0.5,0.13,21610,9.457865953445435
0.85,0.93,0.42,0.68,1.14,0.99,0.1,0.5,0.13,22089,9.46214771270752
0.85,0.94,0.42,0.68,1.14,1.0,0.1,0.5,0.13,22304,9.466154336929321
0.84,0.93,0.42,0.68,1.14,1.0,0.1,0.5,0.13,22117,9.466154336929321
0.85,0.93,0.42,0.68,1.14,1.0,0.1,0.5,0.13,21854,9.470160484313965
0.85,0.94,0.42,0.68,1.14,1.0,0.1,0.5,0.13,21955,9.474487066268921
0.85,0.94,0.42,0.68,1.14,1.0,0.1,0.5,0.13,22080,9.477899551391602
0.84,0.93,0.42,0.68,1.14,1.0,0.1,0.5,0.13,21483,9.478949069976807
0.84,0.93,0.42,0.68,1.14,1.0,0.1,0.5,0.13,21780,9.482333898544312
0.84,0.93,0.42,0.68,1.14,1.0,0.11,0.5,0.13,22205,9.487583637237549
0.85,0.93,0.42,0.68,1.14,0.99,0.1,0.51,0.13,21664,9.491666078567505
0.84,0.93,0.42,0.68,1.14,1.0,0.1,0.5,0.13,21101,9.494783401489258
0.84,0.93,0.42,0.68,1.14,1.0,0.1,0.5,0.13,21872,9.495649099349976
0.84,0.93,0.42,0.67,1.14,1.0,0.1,0.5,0.13,21801,9.499147653579712
0.84,0.94,0.42,0.67,1.14,0.99,0.1,0.5,0.13,21542,9.504372119903564
0.84,0.93,0.42,0.68,1.14,0.99,0.1,0.5,0.13,21449,9.506720066070557
0.84,0.93,0.42,0.67,1.14,0.99,0.1,0.5,0.13,22066,9.507460832595825
0.84,0.94,0.42,0.68,1.14,0.99,0.1,0.5,0.13,22367,9.510859489440918
0.84,0.93,0.42,0.68,1.14,0.99,0.1,0.5,0.13,22048,9.514806985855103
0.84,0.93,0.42,0.68,1.14,0.99,0.1,0.5,0.13,21629,9.518872737884521
0.84,0.93,0.42,0.68,1.14,0.99,0.1,0.5,0.13,21534,9.519845962524414
0.84,0.94,0.42,0.68,1.14,0.99,0.1,0.5,0.13,21803,9.522852182388306
0.84,0.93,0.42,0.68,1.14,0.99,0.1,0.5,0.13,21350,9.527850866317749
0.84,0.93,0.42,0.68,1.14,0.99,0.11,0.5,0.13,21185,9.53184986114502
0.84,0.93,0.42,0.68,1.14,0.99,0.1,0.5,0.13,21466,9.53184986114502
0.84,0.94,0.42,0.68,1.14,0.99,0.1,0.5,0.13,22051,9.536048889160156
0.84,0.94,0.42,0.68,1.14,1.0,0.1,0.5,0.13,22264,9.540047407150269
0.84,0.94,0.42,0.68,1.14,0.99,0.1,0.5,0.13,21813,9.54410457611084
0.84,0.94,0.42,0.68,1.14,0.99,0.1,0.49,0.13,21580,9.54410457611084
0.84,0.94,0.42,0.68,1.14,1.0,0.11,0.5,0.13,21887,9.547954797744751
0.84,0.93,0.42,0.68,1.14,1.0,0.1,0.5,0.13,21652,9.552091836929321
0.84,0.94,0.42,0.68,1.14,1.0,0.1,0.5,0.13,21945,9.556452512741089
0.85,0.94,0.42,0.68,1.14,0.99,0.1,0.5,0.13,21904,9.56045150756836
0.84,0.94,0.41,0.68,1.14,1.0,0.1,0.5,0.13,21861,9.561406373977661
0.84,0.94,0.42,0.68,1.14,0.99,0.1,0.5,0.13,21660,9.564406156539917
0.84,0.94,0.42,0.68,1.14,0.99,0.1,0.5,0.13,21669,9.568758964538574
0.84,0.94,0.42,0.68,1.14,1.0,0.1,0.5,0.13,21818,9.57260251045227
0.84,0.94,0.42,0.68,1.14,0.99,0.1,0.5,0.13,21859,9.573619842529297
0.84,0.93,0.42,0.68,1.14,0.99,0.1,0.5,0.13,22094,9.57675313949585
0.84,0.94,0.42,0.68,1.14,1.0,0.1,0.5,0.13,22267,9.580766677856445
0.84,0.94,0.42,0.68,1.14,1.0,0.1,0.5,0.13,22062,9.584100484848022
0.84,0.93,0.42,0.68,1.14,0.99,0.1,0.5,0.13,22393,9.585153341293335
0.84,0.94,0.42,0.68,1.14,1.0,0.1,0.5,0.13,22370,9.58920693397522
0.84,0.93,0.42,0.68,1.14,0.99,0.1,0.5,0.13,22135,9.593206882476807
0.85,0.93,0.42,0.68,1.14,0.99,0.1,0.5,0.13,22026,9.5972580909729
0.85,0.94,0.42,0.68,1.14,0.99,0.11,0.5,0.13,22099,9.598207712173462
0.84,0.93,0.41,0.68,1.14,0.99,0.1,0.5,0.13,22084,9.601500988006592
0.85,0.93,0.42,0.67,1.14,1.0,0.1,0.5,0.12,22307,9.606482744216919
0.84,0.94,0.42,0.68,1.14,1.0,0.1,0.5,0.12,22268,9.609211206436157
0.84,0.93,0.42,0.67,1.14,0.99,0.1,0.5,0.13,22175,9.609211206436157
0.84,0.94,0.42,0.68,1.14,0.99,0.1,0.5,0.13,22198,9.614593029022217
0.84,0.93,0.42,0.68,1.14,0.99,0.1,0.5,0.13,22279,9.617942810058594
0.84,0.93,0.42,0.68,1.14,0.99,0.1,0.5,0.13,21950,9.621948480606079
0.84,0.93,0.41,0.68,1.15,0.99,0.1,0.5,0.13,21747,9.62295150756836
0.84,0.94,0.42,0.68,1.14,1.0,0.09,0.5,0.13,22024,9.625946044921875
0.84,0.93,0.42,0.68,1.14,0.99,0.1,0.5,0.13,21817,9.62993836402893
0.84,0.93,0.42,0.68,1.14,0.99,0.1,0.5,0.13,22010,9.633976697921753
0.84,0.94,0.42,0.68,1.15,0.99,0.11,0.5,0.13,21939,9.637969732284546
0.84,0.93,0.42,0.68,1.14,0.99,0.1,0.5,0.13,21872,9.637969732284546
0.84,0.93,0.42,0.68,1.14,1.0,0.1,0.5,0.13,21693,9.642131805419922
0.84,0.94,0.41,0.68,1.14,0.99,0.1,0.5,0.13,21784,9.646403074264526
0.84,0.93,0.41,0.68,1.14,1.0,0.1,0.5,0.13,21865,9.650403261184692
0.84,0.93,0.42,0.68,1.14,0.99,0.11,0.5,0.13,21606,9.650403261184692
0.84,0.93,0.42,0.68,1.14,0.99,0.1,0.5,0.13,21781,9.65440320968628
0.84,0.94,0.42,0.68,1.14,0.99,0.1,0.5,0.13,21930,9.65868067741394
0.84,0.93,0.42,0.68,1.14,0.99,0.1,0.5,0.13,22215,9.662456512451172
0.84,0.93,0.42,0.68,1.14,1.0,0.1,0.5,0.13,22178,9.662456512451172
0.84,0.94,0.42,0.68,1.14,0.99,0.1,0.5,0.13,21963,9.666907787322998
0.84,0.93,0.42,0.68,1.14,0.99,0.1,0.5,0.13,22088,9.671045303344727
0.84,0.93,0.41,0.68,1.14,0.99,0.1,0.5,0.13,22039,9.674170017242432
0.84,0.93,0.42,0.68,1.14,1.0,0.1,0.5,0.13,21992,9.675313472747803
0.84,0.93,0.42,0.68,1.14,0.99,0.1,0.5,0.13,22173,9.67916989326477
0.84,0.93,0.42,0.68,1.14,0.99,0.1,0.5,0.13,22566,9.683158159255981
0.85,0.93,0.42,0.68,1.14,1.0,0.1,0.5,0.13,22257,9.687260866165161
0.84,0.94,0.42,0.68,1.14,1.0,0.1,0.5,0.13,21694,9.68832778930664
0.85,0.93,0.42,0.68,1.14,0.99,0.1,0.5,0.13,22151,9.691432237625122
0.84,0.93,0.42,0.67,1.14,0.99,0.1,0.5,0.12,22670,9.695202589035034
0.84,0.94,0.41,0.68,1.14,1.0,0.1,0.5,0.13,22061,9.699373483657837
0.84,0.94,0.42,0.68,1.14,1.0,0.1,0.5,0.13,21828,9.703373193740845
0.84,0.94,0.42,0.68,1.14,0.99,0.1,0.5,0.13,22043,9.703373193740845
0.84,0.94,0.42,0.67,1.14,1.0,0.1,0.5,0.13,21826,9.7083420753479
0.85,0.94,0.42,0.68,1.14,1.0,0.1,0.5,0.13,22173,9.71244478225708
0.85,0.94,0.42,0.68,1.14,1.0,0.1,0.5,0.13,22338,9.715859413146973
0.84,0.94,0.42,0.68,1.14,1.0,0.1,0.5,0.13,22273,9.715859413146973
0.84,0.94,0.42,0.68,1.14,0.99,0.1,0.5,0.13,21976,9.719988346099854
0.84,0.94,0.42,0.68,1.14,0.99,0.1,0.5,0.13,21781,9.724122285842896
0.84,0.94,0.42,0.68,1.14,1.0,0.1,0.5,0.13,21624,9.728314399719238
0.85,0.94,0.42,0.68,1.14,1.0,0.11,0.5,0.13,21689,9.729299545288086
0.85,0.94,0.42,0.68,1.14,0.99,0.1,0.5,0.13,22022,9.73349905014038
0.85,0.94,0.42,0.68,1.14,1.0,0.1,0.5,0.13,22049,9.737602710723877
0.85,0.94,0.42,0.68,1.14,1.0,0.1,0.5,0.13,22048,9.740571737289429
0.85,0.93,0.42,0.68,1.14,1.0,0.1,0.5,0.13,22283,9.741602420806885
0.84,0.93,0.42,0.68,1.14,1.0,0.1,0.5,0.13,22304,9.74560260772705
0.84,0.94,0.42,0.67,1.14,1.0,0.1,0.5,0.13,21851,9.748873472213745
0.85,0.94,0.42,0.68,1.14,1.0,0.1,0.5,0.13,21962,9.752898454666138
0.84,0.94,0.42,0.68,1.14,1.0,0.1,0.5,0.13,22221,9.753894567489624
0.84,0.93,0.42,0.67,1.14,1.0,0.1,0.5,0.13,22098,9.75673794746399
0.84,0.94,0.42,0.67,1.14,1.0,0.1,0.5,0.13,21857,9.76213550567627
0.85,0.94,0.42,0.68,1.14,0.99,0.1,0.5,0.12,21784,9.76496434211731
0.84,0.94,0.42,0.67,1.14,1.0,0.1,0.5,0.13,21623,9.765976428985596
0.84,0.94,0.42,0.67,1.14,0.99,0.11,0.5,0.13,21812,9.76939868927002
0.85,0.94,0.41,0.68,1.14,1.0,0.1,0.5,0.13,21827,9.773316860198975
0.84,0.94,0.42,0.68,1.14,0.99,0.11,0.5,0.13,21888,9.77776837348938
0.84,0.93,0.42,0.68,1.14,1.0,0.11,0.5,0.13,22209,9.781306505203247
0.85,0.94,0.42,0.68,1.14,0.99,0.11,0.5,0.13,22182,9.781306505203247
0.85,0.94,0.42,0.67,1.14,0.99,0.11,0.5,0.13,22167,9.786354303359985
0.85,0.93,0.42,0.68,1.14,0.99,0.1,0.5,0.13,22014,9.789801597595215
0.84,0.94,0.42,0.68,1.14,1.0,0.1,0.5,0.13,21839,9.793808460235596
0.84,0.93,0.42,0.67,1.14,1.0,0.1,0.5,0.13,21910,9.794852018356323
0.84,0.93,0.42,0.68,1.14,1.0,0.11,0.5,0.13,22029,9.79785966873169
0.84,0.93,0.42,0.68,1.14,1.0,0.1,0.5,0.13,22252,9.802618026733398
0.84,0.93,0.42,0.68,1.14,1.0,0.11,0.5,0.13,21837,9.805704832077026
0.84,0.94,0.42,0.68,1.15,0.99,0.11,0.5,0.13,21916,9.806659936904907
0.85,0.94,0.42,0.68,1.14,0.99,0.11,0.5,0.13,22187,9.81065559387207
0.85,0.93,0.42,0.68,1.14,1.0,0.11,0.5,0.13,21856,9.814678430557251
0.85,0.94,0.42,0.68,1.14,1.0,0.11,0.5,0.13,21425,9.818682193756104
0.85,0.94,0.42,0.68,1.14,0.99,0.11,0.5,0.12,21402,9.819655895233154
0.85,0.94,0.42,0.68,1.14,0.99,0.11,0.5,0.13,21649,9.822619199752808
0.85,0.94,0.42,0.68,1.14,0.99,0.11,0.5,0.12,21974,9.826578617095947
0.85,0.94,0.42,0.68,1.14,1.0,0.1,0.5,0.13,22199,9.830779790878296
0.85,0.94,0.42,0.68,1.14,1.0,0.11,0.5,0.13,21924,9.830779790878296
0.85,0.94,0.41,0.68,1.14,0.99,0.11,0.5,0.13,21839,9.834780931472778
0.84,0.94,0.42,0.68,1.14,0.99,0.11,0.5,0.13,21988,9.838991641998291
0.85,0.93,0.41,0.68,1.14,0.99,0.1,0.5,0.12,21649,9.842997074127197
0.85,0.94,0.42,0.68,1.14,0.99,0.11,0.5,0.13,21528,9.846021175384521
0.85,0.94,0.42,0.68,1.14,0.99,0.11,0.5,0.13,22179,9.846998453140259
0.85,0.94,0.42,0.68,1.14,1.0,0.11,0.5,0.13,22304,9.850998163223267
0.84,0.94,0.41,0.68,1.14,0.99,0.11,0.5,0.13,21913,9.855041742324829
0.85,0.94,0.42,0.68,1.14,1.0,0.11,0.5,0.13,21968,9.859155893325806
0.85,0.94,0.42,0.68,1.14,0.99,0.11,0.5,0.13,21897,9.859155893325806
0.84,0.94,0.42,0.68,1.14,1.0,0.11,0.5,0.13,21856,9.86332654953003
0.84,0.93,0.42,0.68,1.14,1.0,0.11,0.5,0.13,21901,9.867480278015137
0.84,0.94,0.42,0.68,1.14,1.0,0.11,0.5,0.13,21902,9.871488809585571
0.85,0.94,0.42,0.68,1.14,0.99,0.11,0.5,0.13,21883,9.87248182296753
0.85,0.94,0.42,0.68,1.14,0.99,0.11,0.5,0.13,21670,9.87568187713623
0.85,0.93,0.42,0.68,1.14,1.0,0.1,0.5,0.13,21559,9.879613399505615
0.85,0.94,0.41,0.68,1.14,0.99,0.11,0.5,0.13,21506,9.883731126785278
0.85,0.93,0.41,0.68,1.14,0.99,0.11,0.5,0.12,21805,9.88468313217163
0.84,0.93,0.42,0.68,1.14,1.0,0.11,0.5,0.13,21798,9.88779592514038
0.84,0.93,0.41,0.68,1.14,1.0,0.1,0.5,0.13,21801,9.89276385307312
0.84,0.94,0.42,0.68,1.14,1.0,0.1,0.5,0.13,21750,9.895792007446289
0.85,0.94,0.42,0.68,1.14,1.0,0.11,0.5,0.13,21785,9.896791934967041
0.84,0.94,0.42,0.68,1.14,1.0,0.1,0.5,0.13,21672,9.900261878967285
0.84,0.94,0.42,0.68,1.14,1.0,0.1,0.5,0.13,22149,9.905312299728394
0.84,0.94,0.42,0.68,1.14,1.0,0.1,0.5,0.13,22238,9.908647298812866
0.84,0.93,0.42,0.68,1.14,1.0,0.1,0.5,0.13,22019,9.90964937210083
0.84,0.93,0.42,0.68,1.14,1.0,0.1,0.5,0.13,22230,9.913609504699707
0.84,0.93,0.42,0.68,1.14,1.0,0.11,0.5,0.13,22127,9.917088985443115
0.84,0.94,0.42,0.68,1.14,1.0,0.1,0.5,0.13,22000,9.920891523361206
0.84,0.93,0.42,0.68,1.14,1.0,0.1,0.5,0.13,21825,9.92218542098999
0.85,0.94,0.42,0.68,1.14,0.99,0.11,0.5,0.13,22048,9.924824476242065
0.85,0.94,0.42,0.68,1.14,1.0,0.11,0.5,0.13,21739,9.92958378791809
0.84,0.94,0.42,0.68,1.14,1.0,0.1,0.5,0.13,21700,9.932901859283447
0.84,0.94,0.42,0.68,1.14,0.99,0.11,0.5,0.13,21889,9.937172889709473
0.84,0.94,0.42,0.68,1.14,0.99,0.11,0.5,0.13,21460,9.937932252883911
0.84,0.94,0.42,0.67,1.14,0.99,0.1,0.5,0.13,21487,9.942020177841187
0.84,0.94,0.42,0.68,1.14,0.99,0.11,0.5,0.13,21834,9.945931911468506
0.84,0.94,0.42,0.68,1.14,1.0,0.1,0.5,0.13,21887,9.94950532913208
0.85,0.94,0.42,0.68,1.14,0.99,0.1,0.5,0.13,21620,9.950478792190552
0.84,0.94,0.42,0.68,1.14,0.99,0.11,0.5,0.13,21773,9.95388913154602
0.84,0.94,0.42,0.68,1.14,1.0,0.1,0.5,0.13,21912,9.957523822784424
0.84,0.94,0.42,0.68,1.14,0.99,0.1,0.5,0.13,22281,9.961974859237671
0.85,0.93,0.42,0.68,1.14,1.0,0.1,0.5,0.13,21968,9.961974859237671
0.84,0.94,0.42,0.68,1.14,0.99,0.11,0.5,0.13,21603,9.966511249542236
0.84,0.94,0.42,0.68,1.14,1.0,0.1,0.51,0.13,21966,9.97053337097168
0.84,0.94,0.42,0.68,1.14,0.99,0.11,0.5,0.13,21891,9.97411847114563
0.84,0.94,0.42,0.68,1.14,1.0,0.1,0.5,0.13,21572,9.975067615509033
0.84,0.94,0.42,0.68,1.14,1.0,0.1,0.5,0.13,21913,9.978081941604614
0.84,0.94,0.42,0.68,1.14,1.0,0.11,0.5,0.13,22092,9.982885599136353
0.85,0.94,0.42,0.68,1.14,0.99,0.11,0.51,0.12,22485,9.986258029937744
0.84,0.94,0.42,0.68,1.15,1.0,0.11,0.5,0.13,21908,9.986258029937744
0.84,0.94,0.42,0.69,1.14,1.0,0.11,0.5,0.13,21561,9.991305589675903
0.85,0.94,0.42,0.68,1.14,1.0,0.1,0.5,0.13,21956,9.995468378067017
0.84,0.94,0.42,0.68,1.14,0.99,0.1,0.5,0.13,22025,9.998738765716553
0.84,0.93,0.42,0.68,1.14,0.99,0.1,0.5,0.13,21894,9.999793529510498
0.85,0.94,0.42,0.68,1.14,1.0,0.1,0.5,0.13,21609,10.003324270248413
0.85,0.94,0.42,0.68,1.14,1.0,0.1,0.5,0.13,22040,10.007582426071167
0.84,0.94,0.42,0.69,1.14,1.0,0.11,0.5,0.13,22463,10.011998176574707
0.84,0.93,0.42,0.68,1.14,1.0,0.11,0.5,0.13,21978,10.015140295028687
0.84,0.94,0.42,0.68,1.14,1.0,0.11,0.5,0.13,22085,10.015140295028687
0.84,0.93,0.42,0.68,1.14,1.0,0.11,0.5,0.13,21952,10.019143342971802
0.84,0.93,0.42,0.68,1.14,1.0,0.11,0.5,0.13,21811,10.023141622543335
0.84,0.93,0.42,0.68,1.14,1.0,0.11,0.51,0.13,22082,10.02732253074646
0.84,0.93,0.42,0.68,1.14,0.99,0.11,0.5,0.13,22387,10.028138160705566
0.85,0.93,0.42,0.68,1.14,1.0,0.11,0.5,0.13,22300,10.03237271308899
0.85,0.93,0.42,0.68,1.14,1.0,0.11,0.5,0.13,22041,10.036665201187134
0.85,0.94,0.42,0.68,1.14,1.0,0.11,0.5,0.13,21852,10.039682149887085
0.85,0.93,0.42,0.68,1.14,1.0,0.11,0.5,0.13,21963,10.039682149887085
0.84,0.94,0.42,0.68,1.14,0.99,0.11,0.5,0.13,21826,10.04378628730774
0.85,0.94,0.42,0.68,1.14,0.99,0.11,0.5,0.13,21939,10.047785520553589
0.84,0.94,0.42,0.68,1.14,0.99,0.11,0.5,0.13,21522,10.051637649536133
0.84,0.94,0.42,0.68,1.14,0.99,0.11,0.5,0.13,21579,10.052664518356323
0.84,0.94,0.42,0.68,1.14,0.99,0.11,0.5,0.13,21700,10.055670976638794
0.84,0.94,0.42,0.68,1.14,1.0,0.1,0.5,0.12,21987,10.060672283172607
0.84,0.93,0.42,0.68,1.14,0.99,0.11,0.5,0.13,21982,10.064672231674194
0.85,0.94,0.42,0.68,1.14,1.0,0.11,0.5,0.13,21825,10.064672231674194
0.84,0.94,0.41,0.68,1.14,1.0,0.11,0.5,0.13,21808,10.067882061004639
0.84,0.94,0.42,0.68,1.13,1.0,0.11,0.5,0.13,21599,10.07168197631836
0.84,0.93,0.42,0.68,1.14,1.0,0.11,0.5,0.13,21900,10.076837539672852
0.84,0.94,0.42,0.68,1.14,1.0,0.11,0.5,0.13,21433,10.076837539672852
0.85,0.94,0.42,0.68,1.14,1.0,0.11,0.5,0.13,21512,10.080223083496094
0.84,0.94,0.42,0.68,1.14,1.0,0.1,0.5,0.13,21773,10.08531665802002
0.84,0.94,0.42,0.68,1.13,1.0,0.11,0.5,0.13,21784,10.089707612991333
0.85,0.94,0.42,0.68,1.14,1.0,0.11,0.5,0.13,21895,10.092762470245361
0.84,0.94,0.42,0.68,1.14,1.0,0.11,0.5,0.13,22168,10.093724489212036
0.84,0.94,0.42,0.68,1.14,1.0,0.1,0.5,0.13,22155,10.097707748413086
0.84,0.94,0.41,0.68,1.14,1.0,0.11,0.5,0.13,21792,10.101901531219482
0.84,0.94,0.41,0.68,1.14,0.99,0.1,0.5,0.13,21901,10.105132341384888
0.84,0.93,0.42,0.68,1.14,1.0,0.1,0.5,0.13,22002,10.106180191040039
0.84,0.93,0.41,0.68,1.14,1.0,0.1,0.5,0.13,21435,10.109644174575806
0.84,0.94,0.42,0.67,1.14,1.0,0.1,0.51,0.13,20988,10.113168954849243
0.83,0.93,0.41,0.68,1.14,0.99,0.1,0.5,0.13,21655,10.117252349853516
0.84,0.94,0.42,0.68,1.14,1.0,0.09,0.5,0.13,22140,10.118178844451904
0.83,0.94,0.42,0.67,1.14,1.0,0.1,0.5,0.13,21951,10.121691465377808
0.84,0.93,0.41,0.67,1.14,1.0,0.1,0.5,0.13,22118,10.12593674659729
0.84,0.93,0.42,0.68,1.14,1.0,0.11,0.5,0.13,22225,10.129760980606079
0.84,0.94,0.42,0.68,1.14,1.0,0.1,0.5,0.12,22076,10.130816221237183
0.84,0.94,0.42,0.67,1.14,1.0,0.1,0.5,0.13,22377,10.134446382522583
0.84,0.93,0.42,0.68,1.14,1.0,0.11,0.5,0.13,21764,10.138391733169556
0.84,0.94,0.42,0.68,1.14,1.0,0.11,0.5,0.13,21655,10.142390012741089
0.84,0.93,0.42,0.67,1.14,1.0,0.11,0.5,0.13,21864,10.142390012741089
0.83,0.93,0.42,0.67,1.14,1.0,0.11,0.5,0.13,21657,10.146597623825073
0.83,0.94,0.42,0.66,1.14,1.0,0.11,0.5,0.13,21772,10.15117335319519
0.84,0.93,0.42,0.68,1.14,1.0,0.1,0.5,0.13,21773,10.154499292373657
0.83,0.93,0.42,0.68,1.14,1.0,0.11,0.5,0.13,22028,10.155542850494385
0.84,0.93,0.42,0.68,1.14,1.0,0.1,0.5,0.13,21757,10.15889310836792
0.84,0.93,0.42,0.68,1.14,1.0,0.1,0.5,0.13,21910,10.162889003753662
0.84,0.94,0.42,0.68,1.14,0.99,0.1,0.5,0.13,22129,10.166093349456787
0.84,0.94,0.42,0.68,1.14,0.99,0.11,0.5,0.13,22388,10.171006441116333
0.83,0.93,0.42,0.68,1.14,1.0,0.1,0.5,0.13,22279,10.171090841293335
0.83,0.93,0.42,0.69,1.14,0.99,0.1,0.51,0.13,22246,10.175170660018921
0.83,0.93,0.42,0.68,1.14,1.0,0.1,0.5,0.13,22313,10.179206609725952
0.84,0.93,0.42,0.68,1.14,0.99,0.1,0.5,0.13,22094,10.182234287261963
0.83,0.94,0.42,0.69,1.14,1.0,0.1,0.5,0.13,21527,10.18321418762207
0.84,0.93,0.42,0.68,1.14,1.0,0.11,0.5,0.13,21632,10.187206506729126
0.82,0.94,0.42,0.67,1.14,0.99,0.11,0.5,0.13,21891,10.19121789932251
0.83,0.93,0.42,0.67,1.14,1.0,0.1,0.5,0.13,22024,10.19477653503418
0.83,0.93,0.42,0.67,1.14,1.0,0.1,0.5,0.13,22121,10.195833921432495
0.83,0.94,0.42,0.68,1.14,1.0,0.1,0.5,0.13,21684,10.199345827102661
0.83,0.94,0.42,0.67,1.14,1.0,0.11,0.5,0.12,21535,10.203699827194214
0.83,0.94,0.42,0.66,1.14,1.0,0.11,0.5,0.13,21470,10.207953691482544
0.83,0.93,0.42,0.67,1.14,1.0,0.1,0.5,0.13,21627,10.207953691482544
0.83,0.94,0.42,0.66,1.14,1.0,0.1,0.5,0.13,21640,10.21195387840271
0.83,0.94,0.42,0.66,1.14,1.0,0.09,0.5,0.12,21507,10.215733528137207
0.83,0.94,0.42,0.67,1.14,1.0,0.1,0.5,0.13,21884,10.219925880432129
0.82,0.93,0.42,0.67,1.14,1.0,0.11,0.5,0.13,22043,10.220931768417358
0.83,0.93,0.42,0.66,1.14,1.0,0.11,0.5,0.13,21948,10.22398829460144
0.82,0.93,0.41,0.65,1.14,1.0,0.1,0.5,0.13,22035,10.227681875228882
0.8,0.93,0.41,0.64,1.13,1.0,0.1,0.49,0.11,21698,10.231752395629883
0.78,0.93,0.41,0.64,1.14,0.99,0.09,0.5,0.13,21905,10.235816240310669
0.78,0.93,0.41,0.63,1.14,0.99,0.1,0.5,0.13,22206,10.235816240310669
0.78,0.93,0.41,0.65,1.14,1.0,0.1,0.5,0.13,22389,10.23989748954773
0.79,0.93,0.41,0.65,1.14,1.0,0.1,0.5,0.12,22220,10.244849920272827
0.81,0.94,0.41,0.64,1.14,1.0,0.1,0.5,0.13,22147,10.247848510742188
0.8,0.94,0.41,0.64,1.14,1.0,0.09,0.49,0.12,21932,10.248849153518677
0.81,0.94,0.41,0.64,1.14,0.99,0.1,0.5,0.13,21907,10.252845048904419
0.82,0.93,0.41,0.65,1.13,1.0,0.09,0.5,0.12,22618,10.25685429573059
0.82,0.94,0.41,0.65,1.14,1.0,0.09,0.5,0.12,22449,10.260554075241089
0.8,0.93,0.41,0.65,1.14,1.0,0.09,0.5,0.12,22330,10.260554075241089
0.81,0.94,0.41,0.65,1.14,0.99,0.09,0.49,0.12,22247,10.264878273010254
0.81,0.94,0.41,0.66,1.14,1.0,0.1,0.5,0.13,21824,10.269037008285522
0.81,0.93,0.41,0.65,1.14,1.0,0.09,0.5,0.12,22001,10.27353835105896
0.81,0.93,0.41,0.66,1.14,1.0,0.09,0.49,0.13,21758,10.27353835105896
0.81,0.93,0.42,0.66,1.14,1.0,0.1,0.49,0.13,21605,10.27754831314087
0.82,0.94,0.42,0.65,1.14,0.99,0.09,0.5,0.12,21966,10.280708074569702
0.82,0.94,0.42,0.65,1.14,0.99,0.09,0.49,0.12,21519,10.28515338897705
0.81,0.94,0.42,0.65,1.14,0.99,0.11,0.5,0.13,21534,10.286186218261719
0.81,0.94,0.42,0.65,1.13,0.99,0.1,0.5,0.13,21855,10.289368867874146
0.81,0.94,0.42,0.66,1.14,0.99,0.1,0.5,0.13,21946,10.29402470588684
0.83,0.94,0.41,0.65,1.13,0.99,0.11,0.5,0.13,22243,10.298287868499756
0.83,0.94,0.41,0.65,1.14,0.99,0.1,0.5,0.13,22574,10.298287868499756
0.82,0.94,0.41,0.65,1.14,0.99,0.11,0.5,0.13,21865,10.302132606506348
0.81,0.94,0.42,0.65,1.13,0.99,0.1,0.5,0.13,21614,10.306129455566406
0.8,0.93,0.41,0.65,1.13,0.99,0.1,0.5,0.12,22077,10.310141563415527
0.81,0.93,0.42,0.66,1.14,0.99,0.1,0.5,0.12,21830,10.313671827316284
0.81,0.93,0.42,0.65,1.13,0.99,0.1,0.49,0.13,21475,10.314202308654785
0.8,0.94,0.41,0.66,1.14,0.99,0.1,0.5,0.13,21842,10.317730903625488
0.81,0.94,0.41,0.66,1.13,0.99,0.1,0.5,0.12,21861,10.322759866714478
0.81,0.94,0.42,0.66,1.14,0.99,0.09,0.49,0.12,21890,10.325757265090942
0.81,0.94,0.42,0.66,1.14,1.0,0.09,0.49,0.12,21633,10.326760292053223
0.82,0.93,0.41,0.66,1.14,0.99,0.09,0.49,0.12,21534,10.33075737953186
0.82,0.93,0.42,0.66,1.14,0.99,0.1,0.49,0.12,21443,10.334268808364868
0.82,0.94,0.41,0.66,1.14,1.0,0.1,0.49,0.12,21806,10.338546752929688
0.82,0.94,0.41,0.66,1.14,1.0,0.1,0.49,0.12,21575,10.339584350585938
0.82,0.94,0.41,0.66,1.14,0.99,0.1,0.5,0.13,21480,10.342306852340698
0.82,0.93,0.41,0.66,1.14,1.0,0.09,0.49,0.13,21547,10.347362041473389
0.81,0.94,0.42,0.66,1.14,1.0,0.1,0.5,0.13,21830,10.350959300994873
0.82,0.94,0.42,0.66,1.14,1.0,0.1,0.49,0.13,21795,10.350959300994873
0.82,0.94,0.42,0.66,1.14,1.0,0.09,0.5,0.13,21746,10.354979276657104
0.83,0.93,0.41,0.66,1.14,0.99,0.1,0.49,0.12,22075,10.358986616134644
0.82,0.94,0.41,0.66,1.14,0.99,0.1,0.5,0.13,22100,10.362983226776123
0.82,0.94,0.41,0.66,1.15,0.99,0.1,0.5,0.12,22149,10.363989114761353
0.82,0.93,0.41,0.66,1.15,0.99,0.1,0.49,0.12,22182,10.366986274719238
0.83,0.94,0.42,0.66,1.14,0.99,0.1,0.5,0.13,21665,10.371185779571533
0.82,0.93,0.42,0.67,1.15,0.99,0.1,0.49,0.13,21552,10.376051425933838
0.82,0.93,0.42,0.66,1.14,0.99,0.1,0.5,0.13,21825,10.379197359085083
0.82,0.93,0.41,0.66,1.15,0.99,0.1,0.5,0.13,22028,10.380231857299805
0.82,0.93,0.41,0.66,1.14,0.99,0.1,0.49,0.13,21727,10.383444547653198
0.83,0.93,0.42,0.66,1.15,0.99,0.1,0.49,0.13,21860,10.38844609260559
0.83,0.93,0.42,0.66,1.15,0.99,0.1,0.5,0.13,22231,10.391473054885864
0.82,0.93,0.42,0.66,1.14,0.99,0.1,0.49,0.13,21960,10.392446041107178
0.83,0.94,0.42,0.66,1.14,0.99,0.1,0.5,0.13,22141,10.39644742012024
0.83,0.93,0.42,0.66,1.15,0.99,0.1,0.49,0.13,22370,10.399744033813477
0.82,0.93,0.42,0.66,1.15,0.99,0.1,0.5,0.13,22437,10.404104471206665
0.83,0.93,0.42,0.66,1.15,0.99,0.1,0.5,0.13,22078,10.404981851577759
0.82,0.93,0.42,0.66,1.15,0.99,0.1,0.49,0.13,21983,10.4090416431427
0.82,0.93,0.42,0.66,1.15,0.99,0.1,0.49,0.13,21934,10.41351056098938
0.83,0.94,0.42,0.66,1.15,0.99,0.1,0.5,0.13,21943,10.416374444961548
0.82,0.93,0.42,0.66,1.14,0.99,0.1,0.49,0.13,22240,10.417434215545654
0.83,0.94,0.42,0.66,1.14,0.99,0.1,0.49,0.13,21843,10.42000961303711
0.83,0.94,0.42,0.66,1.14,0.99,0.1,0.5,0.13,21268,10.425005197525024
0.82,0.93,0.42,0.66,1.14,0.99,0.1,0.49,0.13,21525,10.429039716720581
0.83,0.94,0.42,0.66,1.14,0.99,0.1,0.49,0.13,22134,10.429039716720581
0.82,0.93,0.42,0.66,1.14,0.99,0.1,0.49,0.13,22011,10.433454751968384
0.83,0.93,0.42,0.66,1.15,0.99,0.1,0.5,0.13,22084,10.43761944770813
0.82,0.93,0.42,0.66,1.14,0.99,0.1,0.49,0.13,21823,10.440810680389404
0.83,0.93,0.42,0.66,1.15,0.99,0.1,0.49,0.13,21804,10.444567918777466
0.83,0.93,0.42,0.66,1.14,1.0,0.1,0.5,0.12,22085,10.44555115699768
0.83,0.93,0.42,0.67,1.15,0.99,0.1,0.5,0.13,22174,10.448845624923706
0.83,0.94,0.42,0.66,1.15,1.0,0.1,0.49,0.13,22043,10.452880620956421
0.83,0.93,0.42,0.66,1.14,1.0,0.1,0.49,0.13,21868,10.457088708877563
0.83,0.93,0.42,0.66,1.15,1.0,0.1,0.49,0.13,22197,10.457088708877563
0.83,0.93,0.41,0.66,1.15,0.99,0.1,0.49,0.13,22154,10.461220502853394
0.83,0.93,0.42,0.66,1.14,1.0,0.1,0.5,0.12,21857,10.465355157852173
0.83,0.93,0.42,0.66,1.15,1.0,0.1,0.49,0.13,21908,10.469361305236816
0.83,0.93,0.42,0.66,1.14,1.0,0.1,0.49,0.13,22071,10.470370531082153
0.83,0.93,0.42,0.66,1.14,1.0,0.1,0.49,0.13,21772,10.47335410118103
0.82,0.93,0.42,0.66,1.15,0.99,0.1,0.49,0.13,21609,10.477595090866089
0.83,0.93,0.42,0.66,1.14,0.99,0.1,0.49,0.13,21888,10.481595277786255
0.82,0.93,0.42,0.66,1.14,0.99,0.1,0.49,0.13,21887,10.482596397399902
0.83,0.93,0.42,0.67,1.14,0.99,0.1,0.49,0.13,21900,10.485595464706421
0.83,0.93,0.42,0.67,1.14,0.99,0.1,0.49,0.13,21677,10.489875316619873
0.83,0.94,0.42,0.66,1.15,0.99,0.1,0.49,0.13,21734,10.494019508361816
0.83,0.93,0.42,0.66,1.15,0.99,0.1,0.5,0.13,22029,10.494019508361816
0.83,0.93,0.41,0.66,1.14,1.0,0.1,0.49,0.13,22338,10.498045682907104
0.83,0.93,0.42,0.66,1.14,1.0,0.1,0.49,0.13,21859,10.503034353256226
0.83,0.93,0.42,0.66,1.14,1.0,0.1,0.49,0.12,21478,10.506823301315308
0.83,0.93,0.42,0.66,1.14,0.99,0.1,0.49,0.13,21513,10.506823301315308
0.83,0.93,0.42,0.66,1.14,0.99,0.1,0.49,0.13,21516,10.510920763015747
0.83,0.93,0.41,0.66,1.14,1.0,0.1,0.49,0.12,21811,10.514252185821533
0.83,0.93,0.42,0.67,1.15,0.99,0.11,0.49,0.13,22286,10.519250869750977
0.83,0.93,0.42,0.66,1.14,0.99,0.09,0.49,0.13,22129,10.522398233413696
0.83,0.93,0.42,0.66,1.14,0.99,0.1,0.49,0.12,21526,10.523393630981445
0.83,0.93,0.42,0.66,1.15,0.99,0.1,0.49,0.13,21765,10.527397632598877
0.83,0.93,0.42,0.66,1.14,0.99,0.1,0.49,0.13,21996,10.530930995941162
0.83,0.93,0.42,0.66,1.15,0.99,0.1,0.49,0.13,21731,10.534872055053711
0.83,0.93,0.42,0.67,1.14,0.99,0.1,0.5,0.13,21522,10.535799980163574
0.83,0.93,0.42,0.66,1.14,0.99,0.1,0.5,0.13,21923,10.538911581039429
0.83,0.93,0.42,0.66,1.14,0.99,0.1,0.5,0.13,22184,10.544299840927124
0.83,0.93,0.42,0.66,1.15,1.0,0.1,0.49,0.13,21939,10.547731637954712
0.83,0.93,0.42,0.66,1.15,0.99,0.1,0.49,0.13,21710,10.548686027526855
0.83,0.93,0.42,0.66,1.14,0.99,0.1,0.49,0.13,22489,10.551955938339233
0.83,0.93,0.42,0.66,1.14,0.99,0.1,0.49,0.13,22048,10.555966138839722
0.83,0.94,0.42,0.66,1.14,0.99,0.1,0.49,0.13,21707,10.560088872909546
0.83,0.93,0.42,0.66,1.14,1.0,0.1,0.49,0.13,22066,10.560088872909546
0.83,0.93,0.42,0.67,1.14,0.99,0.1,0.49,0.13,22135,10.564089059829712
0.83,0.94,0.42,0.66,1.14,0.99,0.1,0.49,0.13,22132,10.568410158157349
0.83,0.93,0.42,0.66,1.14,0.99,0.1,0.49,0.13,21777,10.571807146072388
0.83,0.93,0.42,0.66,1.14,0.99,0.1,0.49,0.13,21790,10.571807146072388
0.83,0.93,0.42,0.66,1.14,1.0,0.1,0.49,0.13,21895,10.576395511627197
0.83,0.93,0.42,0.66,1.14,1.0,0.1,0.49,0.12,21988,10.580013513565063
0.83,0.93,0.42,0.66,1.14,0.99,0.1,0.49,0.13,22175,10.585258960723877
0.83,0.94,0.42,0.66,1.14,0.99,0.1,0.49,0.13,22410,10.587255716323853
0.83,0.93,0.42,0.66,1.14,1.0,0.1,0.49,0.12,22061,10.588258981704712
0.83,0.93,0.42,0.66,1.14,1.0,0.1,0.49,0.13,22296,10.592454195022583
0.83,0.93,0.42,0.66,1.14,1.0,0.1,0.49,0.13,22581,10.59644865989685
0.83,0.94,0.42,0.67,1.14,1.0,0.1,0.49,0.13,22070,10.600395679473877
0.83,0.94,0.42,0.66,1.14,1.0,0.1,0.49,0.13,21883,10.601426839828491
0.83,0.94,0.42,0.66,1.14,1.0,0.1,0.49,0.13,22300,10.60542607307434
0.83,0.94,0.42,0.66,1.14,1.0,0.1,0.49,0.13,22171,10.60856556892395
0.83,0.94,0.42,0.66,1.14,0.99,0.1,0.49,0.13,22304,10.612816095352173
0.83,0.94,0.42,0.66,1.14,0.99,0.1,0.5,0.13,22127,10.612816095352173
0.83,0.94,0.42,0.66,1.14,0.99,0.1,0.49,0.13,22174,10.617002964019775
0.83,0.94,0.42,0.66,1.14,0.99,0.1,0.49,0.13,22069,10.620998859405518
0.83,0.94,0.42,0.66,1.14,1.0,0.1,0.49,0.13,21776,10.624998569488525
0.83,0.94,0.42,0.66,1.14,0.99,0.1,0.49,0.13,22017,10.624998569488525
0.83,0.93,0.42,0.66,1.14,1.0,0.1,0.49,0.12,22032,10.628998517990112
0.83,0.93,0.42,0.66,1.14,1.0,0.1,0.49,0.13,22161,10.633264064788818
0.83,0.93,0.42,0.66,1.14,1.0,0.1,0.49,0.13,22402,10.63731050491333
0.83,0.93,0.41,0.66,1.14,0.99,0.1,0.49,0.13,21857,10.63731050491333
0.83,0.93,0.42,0.66,1.15,1.0,0.1,0.49,0.13,21670,10.64140248298645
0.83,0.93,0.42,0.66,1.14,1.0,0.1,0.49,0.13,21889,10.645395517349243
0.83,0.93,0.41,0.67,1.14,1.0,0.1,0.49,0.13,22286,10.649399042129517
0.83,0.93,0.41,0.67,1.14,0.99,0.1,0.49,0.13,21925,10.65040373802185
0.83,0.93,0.42,0.67,1.14,1.0,0.1,0.49,0.13,21720,10.65450382232666
0.83,0.94,0.42,0.67,1.15,0.99,0.1,0.49,0.12,21707,10.65850305557251
0.83,0.93,0.42,0.66,1.14,1.0,0.1,0.49,0.13,21888,10.662523984909058
0.83,0.93,0.42,0.66,1.14,0.99,0.1,0.49,0.13,21963,10.665584087371826
0.83,0.93,0.41,0.67,1.14,1.0,0.1,0.49,0.13,21842,10.666624069213867
0.83,0.93,0.42,0.67,1.14,0.99,0.1,0.49,0.12,21721,10.67003321647644
0.83,0.93,0.42,0.66,1.14,1.0,0.1,0.49,0.13,21606,10.674576997756958
0.83,0.93,0.42,0.66,1.14,1.0,0.1,0.49,0.13,21311,10.677643775939941
0.83,0.93,0.41,0.66,1.14,0.99,0.1,0.49,0.13,21694,10.678643941879272
0.83,0.93,0.42,0.66,1.14,0.99,0.1,0.49,0.12,21883,10.682662010192871
0.83,0.93,0.42,0.66,1.14,1.0,0.1,0.49,0.13,21836,10.686779260635376
0.83,0.93,0.42,0.66,1.14,0.99,0.1,0.49,0.13,21703,10.690778493881226
0.83,0.93,0.41,0.66,1.14,0.99,0.1,0.49,0.13,22016,10.690778493881226
0.83,0.93,0.42,0.67,1.14,0.99,0.1,0.49,0.13,22289,10.69478154182434
0.83,0.93,0.42,0.66,1.14,0.99,0.1,0.49,0.13,22378,10.698773622512817
0.83,0.93,0.42,0.66,1.15,0.99,0.1,0.49,0.13,22305,10.70338749885559
0.83,0.93,0.41,0.66,1.14,0.99,0.1,0.49,0.12,22254,10.70338749885559
0.83,0.93,0.41,0.67,1.14,0.99,0.1,0.49,0.13,21807,10.707385301589966
0.83,0.94,0.42,0.66,1.14,0.99,0.1,0.49,0.13,21820,10.711451768875122
0.83,0.93,0.41,0.66,1.14,0.99,0.1,0.49,0.13,22491,10.715566635131836
0.84,0.94,0.41,0.66,1.14,1.0,0.1,0.49,0.13,22704,10.716447830200195
0.83,0.94,0.41,0.66,1.14,1.0,0.1,0.49,0.13,21913,10.719567060470581
0.83,0.94,0.42,0.66,1.14,1.0,0.1,0.49,0.13,21868,10.723646879196167
0.83,0.93,0.41,0.66,1.14,1.0,0.1,0.49,0.13,21853,10.727691888809204
0.83,0.94,0.42,0.66,1.14,1.0,0.1,0.49,0.13,21826,10.731691598892212
0.83,0.93,0.42,0.66,1.14,0.99,0.1,0.49,0.13,21735,10.731691598892212
0.83,0.93,0.41,0.66,1.14,0.99,0.1,0.49,0.13,21722,10.736732006072998
0.83,0.93,0.42,0.66,1.14,1.0,0.1,0.49,0.13,21725,10.73996090888977
0.83,0.94,0.41,0.66,1.14,1.0,0.1,0.49,0.13,21862,10.743141174316406
0.83,0.93,0.42,0.66,1.14,1.0,0.1,0.49,0.13,22039,10.744118213653564
0.83,0.93,0.42,0.67,1.14,1.0,0.1,0.49,0.13,21790,10.748164176940918
0.83,0.94,0.41,0.66,1.14,1.0,0.1,0.49,0.13,21935,10.752557039260864
0.83,0.93,0.42,0.67,1.14,1.0,0.1,0.49,0.13,22116,10.75610637664795
0.83,0.94,0.42,0.67,1.14,0.99,0.1,0.49,0.13,21913,10.75610637664795
0.83,0.93,0.42,0.67,1.14,0.99,0.1,0.49,0.13,22080,10.760736227035522
0.83,0.93,0.41,0.67,1.15,0.99,0.1,0.49,0.13,22055,10.764029264450073
0.83,0.94,0.42,0.67,1.14,1.0,0.1,0.49,0.13,21782,10.7688889503479
0.83,0.93,0.42,0.67,1.14,1.0,0.1,0.49,0.13,22011,10.7688889503479
0.83,0.93,0.42,0.67,1.14,1.0,0.1,0.49,0.12,21754,10.772735595703125
0.83,0.93,0.42,0.67,1.15,1.0,0.1,0.49,0.13,21781,10.777759313583374
0.83,0.93,0.41,0.67,1.14,1.0,0.1,0.49,0.13,22254,10.781080722808838
0.83,0.93,0.41,0.67,1.14,1.0,0.1,0.49,0.13,22469,10.78200387954712
0.83,0.94,0.41,0.67,1.15,1.0,0.1,0.5,0.13,22084,10.785023927688599
0.83,0.94,0.41,0.67,1.15,1.0,0.1,0.49,0.13,22203,10.789523124694824
0.84,0.94,0.41,0.67,1.14,1.0,0.1,0.5,0.13,21830,10.792784452438354
0.84,0.94,0.41,0.67,1.14,1.0,0.09,0.49,0.13,21483,10.79732632637024
0.83,0.94,0.42,0.67,1.14,1.0,0.1,0.49,0.13,21692,10.79783844947815
0.83,0.94,0.42,0.67,1.15,1.0,0.1,0.49,0.13,21979,10.80126404762268
0.83,0.93,0.41,0.67,1.14,1.0,0.09,0.49,0.13,22406,10.805222988128662
0.83,0.93,0.41,0.66,1.14,1.0,0.1,0.49,0.13,22153,10.809532642364502
0.83,0.93,0.42,0.66,1.14,1.0,0.1,0.49,0.13,21822,10.810268640518188
0.83,0.93,0.42,0.67,1.14,1.0,0.1,0.5,0.12,21905,10.81419587135315
0.83,0.93,0.41,0.67,1.15,1.0,0.1,0.49,0.12,21820,10.818589925765991
0.83,0.94,0.42,0.66,1.15,1.0,0.1,0.5,0.13,21779,10.821651458740234
0.83,0.94,0.42,0.66,1.14,1.0,0.1,0.49,0.12,22138,10.822587728500366
0.83,0.93,0.42,0.66,1.14,1.0,0.1,0.49,0.13,21985,10.826588153839111
0.83,0.94,0.42,0.66,1.14,1.0,0.1,0.49,0.13,21434,10.83082103729248
0.83,0.94,0.41,0.67,1.14,1.0,0.1,0.5,0.13,21955,10.834304571151733
0.83,0.94,0.41,0.67,1.15,1.0,0.1,0.49,0.13,22340,10.83486557006836
0.83,0.93,0.41,0.66,1.15,1.0,0.1,0.49,0.13,21835,10.838586330413818
0.83,0.94,0.42,0.67,1.15,1.0,0.1,0.49,0.13,22048,10.842144966125488
0.83,0.93,0.42,0.67,1.14,1.0,0.1,0.49,0.13,22021,10.846157789230347
0.83,0.93,0.42,0.67,1.14,1.0,0.1,0.49,0.13,22036,10.847162246704102
0.83,0.94,0.42,0.67,1.14,1.0,0.1,0.49,0.13,22195,10.85115933418274
0.83,0.94,0.42,0.67,1.14,1.0,0.09,0.49,0.13,21710,10.85516357421875
0.83,0.93,0.42,0.67,1.14,1.0,0.1,0.49,0.12,21671,10.859166383743286
0.83,0.93,0.42,0.67,1.15,1.0,0.1,0.49,0.13,21688,10.859166383743286
0.83,0.94,0.42,0.66,1.15,1.0,0.1,0.49,0.13,21913,10.863208055496216
0.83,0.93,0.42,0.66,1.15,0.99,0.1,0.49,0.13,22236,10.866666078567505
0.83,0.94,0.42,0.67,1.15,1.0,0.1,0.49,0.12,22263,10.870826482772827
0.83,0.93,0.42,0.67,1.15,1.0,0.1,0.49,0.13,22330,10.875014066696167
0.83,0.94,0.42,0.67,1.14,1.0,0.1,0.49,0.13,22301,10.875014066696167
0.83,0.94,0.41,0.67,1.14,1.0,0.1,0.49,0.13,22560,10.879261255264282
0.83,0.94,0.42,0.67,1.14,1.0,0.1,0.49,0.13,22503,10.88326096534729
0.83,0.94,0.41,0.67,1.14,1.0,0.1,0.49,0.13,22396,10.886530876159668
0.83,0.94,0.42,0.67,1.14,1.0,0.1,0.49,0.13,21967,10.887534379959106
0.83,0.93,0.41,0.67,1.14,1.0,0.1,0.49,0.13,21956,10.891995191574097
0.83,0.94,0.41,0.67,1.14,1.0,0.1,0.49,0.13,21813,10.895421504974365
0.83,0.93,0.42,0.67,1.14,1.0,0.1,0.49,0.13,22234,10.899498462677002
0.83,0.94,0.42,0.67,1.14,1.0,0.1,0.49,0.13,22607,10.90049147605896
0.83,0.94,0.41,0.66,1.14,1.0,0.1,0.49,0.13,22374,10.903642177581787
0.83,0.93,0.41,0.67,1.15,1.0,0.09,0.49,0.12,22115,10.90774416923523
0.83,0.94,0.41,0.67,1.14,1.0,0.1,0.49,0.12,22408,10.911790132522583
0.83,0.93,0.41,0.67,1.14,1.0,0.1,0.49,0.12,22059,10.912787914276123
0.83,0.94,0.41,0.67,1.14,1.0,0.1,0.49,0.13,22004,10.915792465209961
0.83,0.94,0.42,0.67,1.14,1.0,0.09,0.49,0.13,22165,10.919929504394531
0.83,0.94,0.41,0.67,1.14,1.0,0.1,0.5,0.13,21848,10.924566507339478
0.83,0.94,0.41,0.67,1.14,1.0,0.1,0.5,0.13,21559,10.924566507339478
0.83,0.93,0.41,0.66,1.14,1.0,0.1,0.5,0.13,21710,10.928656339645386
0.83,0.94,0.41,0.66,1.14,1.0,0.1,0.5,0.13,21795,10.93265414237976
0.83,0.94,0.42,0.67,1.15,1.0,0.1,0.5,0.13,21926,10.93622875213623
0.83,0.93,0.42,0.67,1.15,1.0,0.1,0.5,0.13,22077,10.937335014343262
0.83,0.94,0.42,0.67,1.14,0.99,0.1,0.5,0.12,21884,10.940231323242188
0.83,0.94,0.42,0.67,1.14,1.0,0.1,0.49,0.13,21257,10.94524884223938
0.83,0.94,0.41,0.67,1.14,1.0,0.1,0.5,0.13,21736,10.949344158172607
0.84,0.93,0.42,0.66,1.14,1.0,0.1,0.5,0.13,22211,10.952654361724854
0.84,0.94,0.42,0.67,1.14,1.0,0.1,0.49,0.13,22168,10.95347809791565
0.83,0.94,0.42,0.67,1.14,1.0,0.1,0.49,0.13,22211,10.957543849945068
0.83,0.94,0.42,0.67,1.15,1.0,0.11,0.5,0.13,22282,10.961565017700195
0.84,0.94,0.42,0.66,1.14,1.0,0.1,0.5,0.13,22093,10.964592456817627
0.84,0.94,0.42,0.66,1.14,1.0,0.1,0.5,0.13,21978,10.96556568145752
0.83,0.94,0.42,0.67,1.14,1.0,0.1,0.49,0.13,22167,10.969566106796265
0.83,0.94,0.42,0.67,1.14,1.0,0.1,0.49,0.13,21404,10.974291324615479
0.83,0.94,0.42,0.66,1.14,0.99,0.1,0.49,0.12,21229,10.977402448654175
0.83,0.94,0.42,0.66,1.14,1.0,0.1,0.5,0.13,21882,10.978415489196777
0.83,0.93,0.42,0.66,1.15,0.99,0.1,0.49,0.13,21845,10.982451677322388
0.83,0.93,0.42,0.67,1.14,1.0,0.1,0.49,0.13,22018,10.98591661453247
0.83,0.93,0.42,0.67,1.14,1.0,0.1,0.5,0.13,21825,10.989630460739136
0.83,0.93,0.42,0.66,1.14,1.0,0.1,0.49,0.13,21544,10.990357398986816
0.83,0.94,0.42,0.67,1.14,1.0,0.1,0.49,0.13,21719,10.994709014892578
0.83,0.94,0.42,0.66,1.14,1.0,0.09,0.49,0.13,21926,10.998660564422607
0.83,0.93,0.42,0.66,1.14,1.0,0.09,0.49,0.13,22095,11.001694917678833
0.84,0.94,0.42,0.66,1.14,1.0,0.1,0.49,0.13,21894,11.00268816947937
0.83,0.93,0.42,0.66,1.14,1.0,0.1,0.5,0.13,21737,11.00722050666809
0.83,0.93,0.42,0.66,1.15,1.0,0.1,0.5,0.13,21840,11.010222434997559
0.83,0.94,0.42,0.67,1.14,1.0,0.1,0.5,0.13,22057,11.015276908874512
0.83,0.93,0.42,0.66,1.15,1.0,0.11,0.5,0.13,22106,11.015276908874512
0.83,0.93,0.42,0.66,1.15,1.0,0.1,0.49,0.13,21851,11.018320798873901
0.83,0.93,0.42,0.67,1.14,1.0,0.09,0.49,0.13,21514,11.022323369979858
0.83,0.93,0.42,0.67,1.14,1.0,0.1,0.49,0.13,21403,11.027324914932251
0.83,0.94,0.42,0.67,1.14,1.0,0.1,0.49,0.13,21604,11.027324914932251
0.83,0.94,0.41,0.67,1.15,1.0,0.1,0.49,0.13,21833,11.030322790145874
0.83,0.93,0.42,0.66,1.14,1.0,0.1,0.49,0.13,21518,11.034564018249512
0.83,0.94,0.41,0.67,1.14,1.0,0.1,0.49,0.13,21725,11.039239883422852
0.83,0.93,0.42,0.67,1.14,1.0,0.1,0.49,0.12,21666,11.0425283908844
0.83,0.93,0.42,0.66,1.14,1.0,0.1,0.5,0.13,21515,11.043542861938477
0.83,0.94,0.42,0.67,1.14,1.0,0.1,0.49,0.13,21902,11.04753851890564
0.83,0.93,0.42,0.66,1.14,1.0,0.1,0.5,0.13,21781,11.051538228988647
0.83,0.93,0.41,0.67,1.14,1.0,0.1,0.49,0.13,21742,11.054831266403198
0.83,0.93,0.42,0.66,1.14,1.0,0.11,0.49,0.13,21989,11.054831266403198
0.83,0.94,0.42,0.66,1.14,1.0,0.1,0.49,0.13,22236,11.059125900268555
0.83,0.93,0.42,0.66,1.15,1.0,0.1,0.49,0.13,22455,11.064136028289795
0.83,0.93,0.42,0.66,1.15,1.0,0.1,0.49,0.13,22138,11.068135738372803
0.83,0.93,0.41,0.67,1.15,1.0,0.1,0.49,0.13,22331,11.068135738372803
0.83,0.93,0.42,0.66,1.14,1.0,0.1,0.49,0.13,22054,11.07140588760376
0.83,0.94,0.41,0.66,1.15,1.0,0.1,0.5,0.13,22017,11.0755455493927
0.83,0.94,0.41,0.66,1.15,1.0,0.1,0.5,0.13,21984,11.079742193222046
0.83,0.94,0.42,0.66,1.14,1.0,0.09,0.49,0.13,21747,11.08056640625
0.83,0.94,0.42,0.67,1.14,1.0,0.1,0.49,0.13,21820,11.08458137512207
0.83,0.93,0.41,0.66,1.14,1.0,0.1,0.49,0.13,21611,11.088671445846558
0.83,0.94,0.42,0.67,1.14,1.0,0.1,0.49,0.13,21592,11.092670202255249
0.83,0.93,0.42,0.66,1.14,1.0,0.1,0.49,0.13,21743,11.092670202255249
0.83,0.93,0.42,0.66,1.14,1.0,0.1,0.49,0.13,21770,11.096667051315308
0.83,0.94,0.42,0.66,1.15,1.0,0.1,0.49,0.13,21853,11.10068416595459
0.83,0.94,0.41,0.67,1.15,0.99,0.11,0.49,0.13,22238,11.104393720626831
0.83,0.94,0.41,0.66,1.14,1.0,0.1,0.49,0.13,22367,11.105430603027344
0.83,0.94,0.42,0.66,1.15,1.0,0.1,0.49,0.13,22326,11.10853910446167
0.83,0.94,0.42,0.67,1.15,1.0,0.1,0.49,0.13,21613,11.112654685974121
0.83,0.94,0.42,0.66,1.14,1.0,0.1,0.49,0.13,21702,11.117538928985596
0.83,0.94,0.42,0.66,1.14,1.0,0.1,0.49,0.13,22157,11.120507001876831
0.83,0.93,0.42,0.67,1.15,1.0,0.1,0.49,0.13,22034,11.121506929397583
0.83,0.94,0.42,0.66,1.14,1.0,0.1,0.49,0.13,21921,11.124719858169556
0.83,0.94,0.42,0.67,1.14,1.0,0.1,0.49,0.13,21800,11.129728555679321
0.83,0.93,0.42,0.67,1.14,1.0,0.1,0.5,0.13,21833,11.133509874343872
0.83,0.93,0.41,0.67,1.14,1.0,0.1,0.49,0.13,22444,11.133509874343872
0.83,0.94,0.42,0.67,1.15,1.0,0.11,0.49,0.13,22491,11.13765001296997
0.83,0.94,0.42,0.67,1.15,1.0,0.1,0.5,0.13,21574,11.141653537750244
0.83,0.93,0.42,0.67,1.14,1.0,0.1,0.49,0.13,21519,11.14565372467041
0.83,0.93,0.42,0.67,1.14,1.0,0.1,0.49,0.13,21810,11.146652698516846
0.83,0.94,0.42,0.67,1.14,1.0,0.1,0.49,0.13,21811,11.149843454360962
0.83,0.93,0.42,0.67,1.14,1.0,0.1,0.49,0.13,22056,11.153398275375366
0.83,0.94,0.42,0.67,1.15,1.0,0.1,0.5,0.12,21977,11.157869815826416
0.83,0.94,0.42,0.67,1.15,0.99,0.1,0.49,0.13,21656,11.158864974975586
0.83,0.94,0.42,0.66,1.14,1.0,0.1,0.49,0.13,22059,11.161870002746582
0.83,0.94,0.42,0.67,1.14,1.0,0.09,0.49,0.13,21996,11.166045904159546
0.83,0.94,0.42,0.67,1.14,1.0,0.1,0.49,0.13,21727,11.170043468475342
0.83,0.94,0.42,0.67,1.14,1.0,0.1,0.49,0.13,21786,11.171039342880249
0.83,0.93,0.42,0.67,1.14,1.0,0.1,0.49,0.13,21761,11.174556016921997
0.83,0.94,0.42,0.67,1.14,1.0,0.1,0.49,0.13,21966,11.17820143699646
0.83,0.94,0.42,0.67,1.14,1.0,0.1,0.49,0.13,22129,11.182174682617188
0.83,0.93,0.42,0.67,1.14,1.0,0.1,0.49,0.13,22346,11.185533046722412
0.83,0.94,0.42,0.67,1.14,1.0,0.1,0.5,0.13,21931,11.186899423599243
0.83,0.93,0.42,0.67,1.14,1.0,0.1,0.49,0.13,21980,11.190551042556763
0.83,0.93,0.42,0.67,1.14,1.0,0.1,0.49,0.13,21897,11.194739818572998
0.83,0.94,0.42,0.67,1.14,1.0,0.1,0.49,0.13,22028,11.198885917663574
0.83,0.94,0.42,0.67,1.15,1.0,0.1,0.49,0.13,21933,11.198885917663574
0.83,0.94,0.42,0.67,1.14,0.99,0.1,0.49,0.13,21960,11.20212697982788
0.83,0.93,0.42,0.67,1.15,1.0,0.1,0.49,0.13,21819,11.20713210105896
0.83,0.93,0.42,0.67,1.15,1.0,0.1,0.49,0.13,22084,11.211132049560547
0.83,0.93,0.42,0.67,1.15,1.0,0.1,0.49,0.13,21723,11.211132049560547
0.84,0.93,0.41,0.67,1.14,1.0,0.1,0.49,0.13,21438,11.215140342712402
0.83,0.93,0.41,0.67,1.15,1.0,0.09,0.49,0.13,21781,11.219155550003052
0.84,0.94,0.42,0.67,1.14,1.0,0.1,0.5,0.13,22230,11.2231605052948
0.83,0.93,0.42,0.66,1.15,1.0,0.1,0.49,0.13,22309,11.2231605052948
0.83,0.94,0.42,0.66,1.14,1.0,0.1,0.49,0.13,21836,11.227055788040161
0.84,0.94,0.42,0.67,1.15,1.0,0.1,0.49,0.13,21679,11.231520175933838
0.83,0.94,0.42,0.67,1.14,1.0,0.1,0.5,0.13,21860,11.235408306121826
0.83,0.93,0.42,0.67,1.14,0.99,0.1,0.49,0.13,22299,11.2365243434906
0.84,0.94,0.42,0.67,1.14,1.0,0.1,0.5,0.13,22072,11.239530086517334
0.83,0.93,0.42,0.67,1.14,1.0,0.1,0.5,0.13,21983,11.24353289604187
0.83,0.94,0.42,0.67,1.14,1.0,0.1,0.5,0.13,21902,11.248534917831421
0.83,0.94,0.42,0.67,1.14,1.0,0.1,0.5,0.13,21955,11.248534917831421
0.84,0.93,0.42,0.66,1.14,1.0,0.1,0.49,0.13,22340,11.252534866333008
0.83,0.93,0.42,0.67,1.14,1.0,0.1,0.49,0.13,21861,11.25571894645691
0.83,0.94,0.42,0.67,1.15,1.0,0.1,0.5,0.13,21824,11.259937524795532
0.83,0.94,0.42,0.67,1.14,1.0,0.1,0.49,0.13,22097,11.263980627059937
0.83,0.93,0.42,0.67,1.14,0.99,0.1,0.49,0.13,21872,11.263980627059937
0.83,0.94,0.42,0.67,1.14,1.0,0.1,0.49,0.13,22051,11.267981767654419
0.83,0.94,0.42,0.66,1.14,1.0,0.1,0.5,0.13,22120,11.272950887680054
0.84,0.94,0.42,0.67,1.14,1.0,0.09,0.5,0.13,22297,11.276233673095703
0.83,0.94,0.42,0.67,1.14,1.0,0.09,0.5,0.13,22082,11.276233673095703
0.84,0.94,0.42,0.66,1.14,1.0,0.1,0.5,0.13,21681,11.281017065048218
0.83,0.94,0.42,0.66,1.14,1.0,0.1,0.5,0.13,21496,11.285082817077637
0.83,0.94,0.42,0.67,1.14,1.0,0.1,0.5,0.13,21737,11.289076089859009
0.84,0.93,0.42,0.67,1.14,1.0,0.1,0.5,0.13,21768,11.289076089859009
0.84,0.93,0.42,0.67,1.14,1.0,0.1,0.5,0.13,21969,11.293081045150757
0.84,0.94,0.42,0.67,1.14,1.0,0.1,0.5,0.13,22124,11.297080516815186
0.84,0.94,0.42,0.67,1.14,1.0,0.1,0.5,0.13,22005,11.30117154121399
0.83,0.94,0.42,0.66,1.15,1.0,0.1,0.5,0.13,22156,11.30117154121399
0.83,0.94,0.42,0.67,1.14,1.0,0.09,0.5,0.13,21887,11.305216073989868
0.84,0.94,0.42,0.67,1.14,1.0,0.1,0.5,0.13,22078,11.309032917022705
0.84,0.94,0.42,0.67,1.14,1.0,0.1,0.5,0.13,22429,11.313031911849976
0.83,0.94,0.42,0.66,1.14,1.0,0.1,0.49,0.13,22190,11.314017534255981
0.83,0.94,0.42,0.66,1.14,1.0,0.1,0.5,0.13,21875,11.317062377929688
0.84,0.94,0.42,0.66,1.14,1.0,0.1,0.5,0.13,22238,11.321073055267334
0.83,0.94,0.42,0.66,1.14,1.0,0.1,0.5,0.13,22403,11.326339721679688
0.84,0.94,0.42,0.67,1.15,1.0,0.1,0.5,0.13,21922,11.329327821731567
0.84,0.94,0.42,0.66,1.14,1.0,0.1,0.49,0.13,21895,11.330333948135376
0.84,0.94,0.42,0.66,1.14,1.0,0.1,0.5,0.13,21856,11.333539247512817
0.83,0.94,0.42,0.67,1.14,1.0,0.1,0.49,0.13,22013,11.33854866027832
0.83,0.94,0.42,0.67,1.14,1.0,0.1,0.49,0.13,21690,11.341757774353027
0.84,0.94,0.42,0.67,1.14,0.99,0.1,0.49,0.13,21931,11.342788457870483
0.83,0.94,0.42,0.67,1.14,1.0,0.1,0.49,0.13,21742,11.345895290374756
0.83,0.94,0.42,0.66,1.14,1.0,0.1,0.5,0.13,21867,11.349887609481812
0.83,0.94,0.42,0.66,1.14,0.99,0.1,0.49,0.13,22102,11.353855609893799
0.83,0.94,0.42,0.66,1.14,1.0,0.1,0.49,0.13,22055,11.354855298995972
0.83,0.94,0.42,0.66,1.14,0.99,0.1,0.49,0.13,21834,11.358855962753296
0.83,0.94,0.42,0.66,1.14,0.99,0.11,0.49,0.13,22195,11.362891912460327
0.83,0.94,0.42,0.66,1.14,0.99,0.1,0.5,0.12,22114,11.365978240966797
0.83,0.94,0.42,0.66,1.14,0.99,0.1,0.49,0.13,21545,11.36697793006897
0.83,0.94,0.42,0.66,1.14,0.99,0.1,0.49,0.13,21582,11.37016773223877
0.83,0.94,0.42,0.67,1.14,1.0,0.1,0.5,0.13,21453,11.375431776046753
0.83,0.94,0.42,0.67,1.14,0.99,0.1,0.49,0.13,21614,11.379432916641235
0.83,0.94,0.42,0.67,1.14,1.0,0.1,0.49,0.13,21659,11.379432916641235
0.83,0.93,0.42,0.66,1.14,1.0,0.1,0.49,0.13,21926,11.383549690246582
0.83,0.94,0.42,0.67,1.14,1.0,0.1,0.49,0.13,21833,11.386860609054565
0.83,0.94,0.42,0.66,1.14,1.0,0.1,0.5,0.13,22080,11.391002655029297
0.83,0.94,0.42,0.66,1.14,1.0,0.1,0.49,0.13,22083,11.391998767852783
0.83,0.94,0.42,0.66,1.14,1.0,0.1,0.49,0.13,21866,11.395982265472412
0.83,0.94,0.42,0.66,1.14,1.0,0.1,0.49,0.13,21787,11.399334907531738
0.83,0.94,0.42,0.66,1.14,0.99,0.1,0.49,0.13,21874,11.404334783554077
0.84,0.94,0.42,0.67,1.14,0.99,0.09,0.49,0.13,21869,11.407565116882324
0.83,0.93,0.42,0.66,1.14,0.99,0.1,0.49,0.13,21528,11.408334732055664
0.84,0.94,0.42,0.67,1.14,0.99,0.1,0.49,0.13,21717,11.412733793258667
0.83,0.94,0.42,0.66,1.15,0.99,0.09,0.49,0.13,21600,11.415920495986938
0.83,0.94,0.42,0.66,1.14,0.99,0.1,0.49,0.13,22051,11.419275999069214
0.83,0.94,0.42,0.66,1.14,0.99,0.1,0.49,0.13,22110,11.420421123504639
0.84,0.94,0.42,0.67,1.14,0.99,0.1,0.49,0.13,21975,11.423527240753174
0.84,0.94,0.42,0.67,1.14,1.0,0.09,0.49,0.13,21978,11.428183555603027
0.83,0.95,0.42,0.66,1.15,1.0,0.1,0.5,0.13,21963,11.432181358337402
0.83,0.94,0.42,0.66,1.14,1.0,0.09,0.49,0.13,21922,11.432181358337402
0.83,0.94,0.42,0.66,1.14,1.0,0.1,0.49,0.13,21911,11.437219381332397
0.83,0.94,0.42,0.66,1.14,1.0,0.1,0.49,0.13,22078,11.441239833831787
0.84,0.94,0.42,0.66,1.15,1.0,0.1,0.5,0.13,21953,11.444222927093506
0.83,0.94,0.42,0.66,1.14,1.0,0.1,0.49,0.13,21828,11.445219993591309
0.84,0.94,0.42,0.66,1.14,1.0,0.1,0.5,0.12,22183,11.448800563812256
0.83,0.94,0.42,0.66,1.14,1.0,0.09,0.49,0.13,22352,11.4530189037323
0.84,0.94,0.42,0.66,1.14,1.0,0.1,0.5,0.13,22045,11.456635236740112
0.83,0.94,0.42,0.66,1.14,1.0,0.1,0.5,0.13,21904,11.45803952217102
0.83,0.94,0.42,0.66,1.14,1.0,0.1,0.5,0.13,21993,11.461168766021729
0.83,0.94,0.42,0.66,1.14,1.0,0.1,0.49,0.13,22000,11.465172529220581
0.83,0.94,0.42,0.66,1.14,1.0,0.1,0.5,0.13,21861,11.469173431396484
0.84,0.94,0.42,0.66,1.14,1.0,0.1,0.5,0.13,21780,11.472169637680054
0.83,0.94,0.42,0.66,1.14,1.0,0.1,0.5,0.13,21755,11.473167896270752
0.83,0.94,0.42,0.66,1.14,0.99,0.1,0.5,0.13,21734,11.476890802383423
0.84,0.94,0.42,0.66,1.14,0.99,0.1,0.5,0.13,21601,11.4815673828125
0.83,0.94,0.42,0.66,1.14,0.99,0.1,0.5,0.13,21466,11.484463214874268
0.84,0.94,0.42,0.66,1.14,1.0,0.1,0.5,0.13,21765,11.485500812530518
0.84,0.95,0.42,0.66,1.14,1.0,0.1,0.5,0.13,21900,11.489182233810425
0.84,0.94,0.42,0.66,1.14,1.0,0.1,0.5,0.13,22355,11.494201421737671
0.83,0.94,0.42,0.66,1.14,1.0,0.09,0.5,0.13,22208,11.49738097190857
0.84,0.94,0.42,0.66,1.14,1.0,0.1,0.5,0.13,22605,11.49837875366211
0.83,0.94,0.42,0.66,1.14,1.0,0.1,0.5,0.13,21844,11.501380920410156
0.84,0.94,0.42,0.66,1.14,1.0,0.1,0.5,0.13,21383,11.505696535110474
0.83,0.94,0.42,0.66,1.14,1.0,0.1,0.5,0.13,21386,11.509943962097168
0.84,0.94,0.42,0.66,1.14,1.0,0.1,0.5,0.13,21365,11.509943962097168
0.84,0.94,0.42,0.66,1.14,1.0,0.1,0.5,0.13,21694,11.513986349105835
0.83,0.94,0.42,0.66,1.14,1.0,0.1,0.5,0.13,22143,11.517966747283936
0.83,0.94,0.42,0.66,1.14,1.0,0.1,0.49,0.13,22092,11.52195119857788
0.84,0.94,0.42,0.66,1.14,1.0,0.1,0.5,0.13,21983,11.522954225540161
0.83,0.94,0.42,0.66,1.14,0.99,0.1,0.5,0.13,22144,11.526050329208374
0.83,0.94,0.42,0.66,1.14,1.0,0.1,0.5,0.13,21923,11.53020977973938
0.83,0.94,0.42,0.67,1.14,0.99,0.1,0.5,0.13,21376,11.534370422363281
0.84,0.94,0.42,0.66,1.14,0.99,0.1,0.5,0.13,21607,11.538552522659302
0.83,0.94,0.42,0.66,1.14,1.0,0.1,0.5,0.13,21600,11.539546012878418
0.83,0.94,0.42,0.66,1.14,1.0,0.1,0.5,0.13,21861,11.542550086975098
0.83,0.94,0.42,0.66,1.14,0.99,0.1,0.5,0.13,21974,11.547556161880493
0.84,0.94,0.42,0.66,1.14,1.0,0.1,0.49,0.13,22397,11.550558805465698
0.84,0.94,0.42,0.66,1.14,1.0,0.1,0.5,0.13,21988,11.551557779312134
0.84,0.94,0.42,0.66,1.14,1.0,0.1,0.49,0.13,21853,11.555545568466187
0.84,0.94,0.42,0.66,1.14,1.0,0.1,0.5,0.13,21818,11.559545278549194
0.84,0.94,0.42,0.66,1.14,1.0,0.1,0.5,0.13,22155,11.562549591064453
0.84,0.94,0.42,0.66,1.14,0.99,0.1,0.5,0.13,21842,11.5635507106781
0.84,0.94,0.42,0.66,1.14,0.99,0.1,0.5,0.13,21387,11.56754994392395
0.84,0.94,0.42,0.66,1.15,1.0,0.1,0.5,0.13,21784,11.571551084518433
0.84,0.94,0.42,0.67,1.14,1.0,0.1,0.5,0.13,22311,11.575068473815918
0.84,0.94,0.42,0.66,1.14,1.0,0.1,0.5,0.13,22334,11.575068473815918
0.84,0.94,0.42,0.67,1.14,1.0,0.1,0.5,0.13,21957,11.579293727874756
0.84,0.94,0.42,0.66,1.14,1.0,0.1,0.5,0.13,22070,11.584313154220581
0.84,0.94,0.42,0.66,1.14,1.0,0.1,0.5,0.12,22183,11.588033676147461
0.84,0.94,0.42,0.67,1.14,1.0,0.1,0.5,0.13,21910,11.588033676147461
0.84,0.94,0.42,0.66,1.14,1.0,0.1,0.5,0.13,21639,11.592143297195435
0.84,0.94,0.42,0.66,1.14,1.0,0.1,0.5,0.13,21426,11.59613561630249
0.84,0.94,0.42,0.67,1.14,1.0,0.1,0.5,0.13,21711,11.600131273269653
0.84,0.94,0.42,0.66,1.15,1.0,0.1,0.49,0.13,21754,11.603121995925903
0.84,0.94,0.42,0.66,1.15,1.0,0.1,0.5,0.13,21773,11.604132652282715
0.84,0.94,0.42,0.66,1.15,0.99,0.1,0.5,0.13,21926,11.608422040939331
0.84,0.94,0.42,0.67,1.14,0.99,0.1,0.49,0.13,21799,11.612751722335815
0.84,0.94,0.42,0.66,1.14,0.99,0.1,0.5,0.13,21788,11.61621618270874
0.84,0.94,0.42,0.66,1.14,1.0,0.1,0.5,0.13,21837,11.61621618270874
0.84,0.94,0.42,0.67,1.15,1.0,0.1,0.5,0.13,22210,11.62083101272583
0.84,0.94,0.42,0.67,1.14,1.0,0.1,0.5,0.13,22253,11.62496829032898
0.84,0.94,0.42,0.67,1.14,1.0,0.1,0.5,0.13,22256,11.627965688705444
0.84,0.94,0.42,0.67,1.14,1.0,0.1,0.5,0.13,21821,11.629051685333252
0.84,0.94,0.42,0.66,1.14,1.0,0.1,0.5,0.13,21686,11.63310694694519
0.84,0.94,0.42,0.66,1.14,1.0,0.1,0.5,0.13,21479,11.63710618019104
0.83,0.94,0.42,0.66,1.15,1.0,0.1,0.5,0.13,21334,11.640807390213013
0.84,0.94,0.42,0.67,1.15,1.0,0.1,0.5,0.13,21333,11.640807390213013
0.84,0.94,0.42,0.67,1.14,1.0,0.1,0.5,0.13,21730,11.645523309707642
0.84,0.94,0.42,0.67,1.14,0.99,0.1,0.5,0.13,22117,11.649639368057251
0.84,0.94,0.42,0.67,1.15,1.0,0.1,0.49,0.13,21798,11.652629375457764
0.84,0.94,0.42,0.66,1.15,1.0,0.1,0.5,0.13,22305,11.653636932373047
0.84,0.94,0.42,0.67,1.15,1.0,0.1,0.5,0.13,22014,11.657636404037476
0.84,0.94,0.42,0.66,1.14,1.0,0.1,0.5,0.13,21897,11.662006616592407
0.84,0.94,0.42,0.67,1.14,1.0,0.1,0.5,0.13,21880,11.665005922317505
0.83,0.94,0.42,0.67,1.14,1.0,0.09,0.5,0.13,21615,11.666010618209839
0.84,0.94,0.42,0.67,1.15,1.0,0.1,0.5,0.13,21830,11.66921854019165
0.84,0.94,0.42,0.67,1.15,1.0,0.1,0.5,0.13,21725,11.673802614212036
0.84,0.94,0.42,0.67,1.14,1.0,0.1,0.5,0.13,22004,11.677315711975098
0.84,0.94,0.42,0.66,1.15,1.0,0.1,0.5,0.13,21519,11.681818962097168
0.84,0.94,0.42,0.67,1.14,1.0,0.1,0.5,0.13,21488,11.681818962097168
0.84,0.94,0.42,0.67,1.14,1.0,0.1,0.49,0.13,22011,11.68681788444519
0.84,0.94,0.42,0.66,1.14,1.0,0.1,0.49,0.13,21962,11.690820217132568
0.84,0.94,0.42,0.67,1.14,1.0,0.1,0.5,0.13,21481,11.693814516067505
0.84,0.94,0.42,0.67,1.14,1.0,0.1,0.49,0.13,21482,11.693814516067505
0.84,0.94,0.42,0.66,1.14,1.0,0.1,0.5,0.13,22111,11.698036909103394
0.84,0.94,0.42,0.67,1.14,0.99,0.1,0.5,0.13,22180,11.702352523803711
0.84,0.94,0.42,0.67,1.14,1.0,0.1,0.5,0.13,22073,11.70656704902649
0.83,0.94,0.42,0.66,1.14,1.0,0.1,0.49,0.13,21960,11.70656704902649
0.84,0.94,0.42,0.67,1.14,0.99,0.1,0.5,0.13,22091,11.710566759109497
0.84,0.94,0.42,0.67,1.14,1.0,0.1,0.5,0.13,22028,11.715566396713257
0.84,0.94,0.42,0.67,1.14,1.0,0.1,0.5,0.13,22063,11.718565940856934
0.84,0.94,0.42,0.67,1.14,1.0,0.1,0.5,0.13,21794,11.719566822052002
0.84,0.94,0.42,0.67,1.14,0.99,0.1,0.5,0.13,21651,11.722809791564941
0.84,0.94,0.42,0.66,1.14,0.99,0.1,0.5,0.13,21748,11.726851224899292
0.84,0.94,0.42,0.67,1.14,0.99,0.1,0.5,0.13,21413,11.730956315994263
0.84,0.94,0.42,0.67,1.14,1.0,0.1,0.5,0.13,21664,11.730956315994263
0.84,0.94,0.42,0.67,1.14,1.0,0.1,0.5,0.13,21685,11.73516583442688
0.84,0.94,0.42,0.66,1.14,1.0,0.1,0.5,0.13,21514,11.73916506767273
0.84,0.94,0.42,0.67,1.14,1.0,0.1,0.5,0.13,21827,11.743599653244019
0.84,0.94,0.42,0.66,1.14,0.99,0.1,0.5,0.13,21912,11.744632482528687
0.84,0.94,0.42,0.67,1.15,1.0,0.1,0.49,0.13,21575,11.747604846954346
0.84,0.94,0.42,0.67,1.15,1.0,0.1,0.5,0.13,22222,11.75140643119812
0.84,0.94,0.42,0.67,1.14,1.0,0.09,0.5,0.13,22493,11.756145000457764
0.84,0.94,0.42,0.66,1.14,0.99,0.1,0.5,0.13,22346,11.759648323059082
0.84,0.94,0.42,0.66,1.14,1.0,0.1,0.5,0.13,22141,11.76068377494812
0.84,0.94,0.42,0.67,1.14,1.0,0.1,0.5,0.13,22058,11.764829874038696
0.84,0.94,0.42,0.67,1.14,0.99,0.1,0.5,0.13,21913,11.768867492675781
0.84,0.94,0.42,0.66,1.14,0.99,0.1,0.5,0.13,21770,11.772218227386475
0.84,0.94,0.42,0.66,1.14,1.0,0.1,0.5,0.13,22365,11.773210763931274
0.84,0.94,0.42,0.67,1.14,1.0,0.1,0.5,0.13,22854,11.776689767837524
0.84,0.94,0.42,0.66,1.14,1.0,0.1,0.5,0.13,22225,11.780691146850586
0.84,0.94,0.42,0.67,1.14,1.0,0.1,0.5,0.13,21742,11.7847261428833
0.83,0.94,0.42,0.66,1.14,0.99,0.1,0.5,0.13,21699,11.785714626312256
0.84,0.95,0.42,0.66,1.15,0.99,0.1,0.5,0.13,21828,11.78871464729309
0.84,0.94,0.42,0.66,1.14,1.0,0.1,0.5,0.13,22179,11.79379391670227
0.84,0.94,0.42,0.67,1.14,0.99,0.1,0.5,0.13,22102,11.797020673751831
0.84,0.94,0.42,0.66,1.14,0.99,0.1,0.5,0.13,22109,11.797020673751831
0.84,0.94,0.42,0.66,1.15,0.99,0.1,0.5,0.13,21928,11.801498174667358
0.84,0.94,0.42,0.67,1.14,1.0,0.1,0.49,0.13,22231,11.805663108825684
0.84,0.94,0.42,0.67,1.14,1.0,0.09,0.49,0.13,22130,11.809235572814941
0.84,0.94,0.42,0.67,1.14,0.99,0.1,0.5,0.13,21895,11.809235572814941
0.84,0.94,0.42,0.67,1.14,1.0,0.1,0.49,0.13,21954,11.81339430809021
0.84,0.94,0.42,0.67,1.14,1.0,0.1,0.49,0.13,21783,11.81742787361145
0.84,0.94,0.42,0.67,1.14,0.99,0.1,0.5,0.13,21814,11.821027278900146
0.83,0.94,0.42,0.67,1.14,0.99,0.1,0.5,0.13,21755,11.825031280517578
0.84,0.94,0.42,0.67,1.14,0.99,0.1,0.5,0.13,21842,11.825745582580566
0.84,0.94,0.42,0.67,1.14,0.99,0.1,0.5,0.13,21567,11.829881191253662
0.84,0.94,0.42,0.66,1.14,0.99,0.09,0.5,0.13,21636,11.833580017089844
0.84,0.94,0.42,0.67,1.14,0.99,0.1,0.5,0.13,21883,11.837928295135498
0.84,0.94,0.42,0.67,1.14,0.99,0.1,0.5,0.13,21820,11.837928295135498
0.83,0.94,0.42,0.67,1.14,0.99,0.1,0.5,0.13,21961,11.842566728591919
0.84,0.94,0.42,0.67,1.14,0.99,0.11,0.5,0.13,22218,11.846158266067505
0.84,0.94,0.42,0.66,1.14,0.99,0.1,0.5,0.13,22067,11.850614786148071
0.84,0.94,0.42,0.67,1.14,0.99,0.1,0.5,0.13,21408,11.850614786148071
0.84,0.94,0.42,0.66,1.14,0.99,0.1,0.5,0.13,21801,11.853679656982422
0.84,0.94,0.42,0.67,1.14,1.0,0.1,0.5,0.13,22102,11.857811689376831
0.84,0.94,0.42,0.67,1.14,0.99,0.1,0.5,0.13,22121,11.861820220947266
0.84,0.94,0.42,0.67,1.14,0.99,0.1,0.5,0.13,22236,11.862826108932495
0.84,0.94,0.42,0.67,1.14,0.99,0.09,0.5,0.13,21875,11.866825103759766
0.84,0.94,0.42,0.67,1.14,0.99,0.1,0.5,0.13,21874,11.87082839012146
0.84,0.94,0.42,0.67,1.14,0.99,0.1,0.5,0.13,21659,11.873852491378784
0.84,0.94,0.42,0.67,1.14,0.99,0.1,0.5,0.13,22122,11.874900341033936
0.84,0.94,0.42,0.67,1.15,1.0,0.1,0.5,0.13,22335,11.878073453903198
0.83,0.94,0.42,0.67,1.15,0.99,0.1,0.5,0.13,22242,11.88309383392334
0.84,0.94,0.42,0.67,1.14,0.99,0.1,0.5,0.13,21919,11.887062311172485
0.83,0.94,0.42,0.67,1.14,1.0,0.1,0.5,0.13,21672,11.890463590621948
0.84,0.94,0.42,0.67,1.14,0.99,0.1,0.5,0.13,22453,11.891098022460938
0.84,0.94,0.42,0.67,1.14,0.99,0.1,0.5,0.13,22246,11.894959926605225
0.84,0.94,0.42,0.67,1.15,1.0,0.1,0.49,0.13,22107,11.899046659469604
0.84,0.94,0.42,0.67,1.14,1.0,0.1,0.5,0.13,21764,11.902108192443848
0.84,0.94,0.42,0.67,1.14,1.0,0.1,0.5,0.13,21549,11.903072834014893
0.84,0.94,0.42,0.66,1.14,1.0,0.1,0.5,0.13,21360,11.90707516670227
0.84,0.94,0.42,0.66,1.14,0.99,0.09,0.5,0.13,21677,11.911361694335938
0.84,0.94,0.42,0.66,1.14,0.99,0.1,0.5,0.13,22046,11.91537356376648
0.84,0.94,0.42,0.67,1.14,0.99,0.1,0.5,0.13,21693,11.91537356376648
0.84,0.94,0.42,0.66,1.14,1.0,0.1,0.5,0.13,21488,11.920421361923218
0.84,0.94,0.42,0.67,1.15,1.0,0.1,0.5,0.13,21877,11.923935174942017
0.84,0.94,0.42,0.67,1.14,1.0,0.1,0.5,0.13,21702,11.927388668060303
0.84,0.94,0.42,0.67,1.14,0.99,0.1,0.5,0.13,21853,11.928427696228027
0.85,0.94,0.42,0.67,1.15,0.99,0.1,0.49,0.13,21996,11.932437658309937
0.84,0.94,0.42,0.67,1.15,1.0,0.1,0.5,0.13,21381,11.936437606811523
0.84,0.94,0.42,0.66,1.15,0.99,0.1,0.5,0.13,21664,11.939938306808472
0.84,0.94,0.42,0.67,1.15,1.0,0.1,0.5,0.13,22037,11.940679550170898
0.84,0.94,0.42,0.66,1.14,0.99,0.1,0.5,0.13,21486,11.944679498672485
0.84,0.94,0.42,0.67,1.15,0.99,0.1,0.5,0.13,21667,11.948679447174072
0.84,0.94,0.42,0.66,1.15,1.0,0.1,0.5,0.13,22136,11.952956199645996
0.84,0.94,0.42,0.67,1.15,0.99,0.1,0.5,0.14,21949,11.953968286514282
0.84,0.95,0.42,0.67,1.14,1.0,0.1,0.5,0.13,22190,11.956408739089966
0.84,0.94,0.42,0.67,1.15,0.99,0.1,0.5,0.13,22487,11.960827350616455
0.84,0.94,0.42,0.67,1.15,0.99,0.1,0.5,0.13,22142,11.964869260787964
0.84,0.94,0.42,0.66,1.14,0.99,0.1,0.5,0.13,22177,11.968383550643921
0.84,0.94,0.42,0.67,1.14,0.99,0.1,0.5,0.13,22334,11.968383550643921
0.84,0.94,0.42,0.67,1.15,0.99,0.1,0.5,0.13,22229,11.972539901733398
0.84,0.94,0.42,0.67,1.14,0.99,0.1,0.49,0.13,22084,11.977065563201904
0.84,0.94,0.42,0.67,1.15,0.99,0.1,0.5,0.13,21699,11.980774641036987
0.84,0.94,0.42,0.67,1.15,0.99,0.1,0.5,0.13,22340,11.981811046600342
0.84,0.94,0.42,0.66,1.15,0.99,0.1,0.5,0.13,22613,11.98484206199646
0.84,0.94,0.42,0.67,1.14,0.99,0.1,0.5,0.13,22328,11.990205526351929
0.84,0.94,0.42,0.67,1.15,0.99,0.1,0.49,0.13,22009,11.99338150024414
0.84,0.94,0.42,0.67,1.15,0.99,0.1,0.5,0.13,22010,11.994848489761353
0.84,0.94,0.42,0.67,1.14,0.99,0.1,0.5,0.13,21719,11.997040033340454
0.84,0.95,0.42,0.66,1.14,0.99,0.1,0.5,0.13,21766,12.001321792602539
0.84,0.95,0.42,0.66,1.15,0.99,0.09,0.5,0.13,22165,12.005416870117188
0.84,0.95,0.42,0.66,1.14,0.99,0.1,0.5,0.13,21776,12.006160497665405
0.84,0.94,0.42,0.67,1.15,0.99,0.1,0.5,0.13,21545,12.010181427001953
0.84,0.95,0.42,0.67,1.14,0.99,0.1,0.5,0.13,22202,12.014162063598633
0.84,0.95,0.41,0.67,1.14,1.0,0.1,0.5,0.13,21813,12.018333673477173
0.84,0.94,0.42,0.67,1.15,0.99,0.1,0.5,0.13,21960,12.018333673477173
0.84,0.94,0.42,0.67,1.14,0.99,0.1,0.5,0.13,22163,12.021970987319946
0.84,0.94,0.42,0.66,1.15,0.99,0.1,0.5,0.13,22008,12.026180744171143
0.84,0.95,0.42,0.67,1.15,0.99,0.1,0.5,0.13,21383,12.03118896484375
0.84,0.94,0.42,0.67,1.15,0.99,0.1,0.5,0.13,21820,12.03118896484375
0.84,0.94,0.42,0.67,1.14,0.99,0.1,0.5,0.13,22019,12.034179210662842
0.84,0.94,0.42,0.66,1.15,0.99,0.1,0.49,0.13,21962,12.038177013397217
0.84,0.94,0.41,0.66,1.14,0.99,0.1,0.5,0.13,21899,12.042624235153198
0.84,0.95,0.42,0.66,1.14,0.99,0.1,0.5,0.13,21822,12.043699741363525
0.84,0.95,0.42,0.67,1.14,0.99,0.1,0.49,0.13,22183,12.046663761138916
0.84,0.95,0.42,0.67,1.14,0.99,0.1,0.5,0.13,22190,12.050361156463623
0.84,0.94,0.42,0.67,1.14,0.99,0.1,0.5,0.13,22063,12.054773569107056
0.84,0.95,0.42,0.67,1.14,0.99,0.1,0.5,0.13,21976,12.058845281600952
0.84,0.94,0.42,0.67,1.14,0.99,0.1,0.5,0.13,21979,12.058845281600952
0.83,0.94,0.42,0.67,1.14,0.99,0.1,0.5,0.13,21918,12.062862396240234
0.83,0.95,0.42,0.66,1.15,0.99,0.1,0.5,0.13,22065,12.067384004592896
0.83,0.95,0.42,0.66,1.15,0.99,0.1,0.5,0.13,22176,12.071390390396118
0.84,0.94,0.42,0.67,1.15,0.99,0.1,0.5,0.13,22037,12.071390390396118
0.84,0.95,0.42,0.66,1.15,0.99,0.1,0.5,0.13,22104,12.075407266616821
0.84,0.95,0.42,0.66,1.15,0.99,0.1,0.5,0.13,21829,12.079139947891235
0.84,0.94,0.42,0.66,1.15,0.99,0.09,0.5,0.13,21740,12.083678960800171
0.84,0.94,0.42,0.67,1.14,0.99,0.1,0.5,0.13,21781,12.084723234176636
0.84,0.94,0.42,0.67,1.15,0.99,0.1,0.5,0.13,21956,12.08832597732544
0.84,0.95,0.42,0.66,1.14,0.99,0.11,0.5,0.13,21787,12.091352224349976
0.84,0.95,0.42,0.67,1.14,0.99,0.1,0.5,0.13,21658,12.095360040664673
0.83,0.94,0.42,0.67,1.14,0.99,0.1,0.5,0.13,21885,12.096353530883789
0.84,0.95,0.42,0.67,1.14,0.99,0.1,0.5,0.13,21844,12.099354982376099
0.84,0.94,0.42,0.67,1.15,0.99,0.1,0.49,0.13,21799,12.104363679885864
0.83,0.95,0.42,0.67,1.15,0.99,0.1,0.5,0.13,21950,12.108359813690186
0.84,0.94,0.42,0.67,1.14,0.99,0.1,0.5,0.13,21997,12.108359813690186
0.83,0.95,0.42,0.67,1.15,0.99,0.09,0.5,0.13,22076,12.111776351928711
0.83,0.95,0.42,0.67,1.16,0.99,0.1,0.49,0.13,22507,12.116019248962402
0.84,0.94,0.42,0.67,1.15,0.99,0.1,0.5,0.13,22502,12.120048522949219
0.84,0.94,0.42,0.67,1.15,0.99,0.1,0.5,0.13,22045,12.121028184890747
0.83,0.95,0.42,0.67,1.15,0.99,0.1,0.5,0.13,22146,12.124414443969727
0.83,0.94,0.42,0.67,1.15,0.99,0.11,0.5,0.13,22213,12.128515005111694
0.83,0.94,0.42,0.67,1.15,0.99,0.1,0.5,0.13,22060,12.132514476776123
0.84,0.95,0.42,0.67,1.15,0.99,0.1,0.49,0.13,22093,12.136660099029541
0.83,0.95,0.42,0.67,1.15,0.99,0.11,0.5,0.13,22152,12.13770079612732
0.83,0.95,0.42,0.67,1.15,0.99,0.1,0.5,0.13,21911,12.140686988830566
0.83,0.94,0.42,0.67,1.15,0.99,0.1,0.5,0.13,21472,12.14469051361084
0.83,0.95,0.42,0.67,1.14,0.99,0.1,0.5,0.13,21399,12.149051427841187
0.83,0.94,0.42,0.67,1.15,0.99,0.1,0.5,0.13,21820,12.149051427841187
0.83,0.94,0.42,0.67,1.14,0.99,0.1,0.5,0.13,21985,12.15305209159851
0.84,0.94,0.42,0.67,1.15,0.99,0.1,0.5,0.13,21620,12.157177686691284
0.84,0.95,0.42,0.67,1.14,0.99,0.1,0.5,0.13,21833,12.161468029022217
0.84,0.94,0.42,0.67,1.14,0.99,0.09,0.5,0.13,22180,12.162543535232544
0.83,0.94,0.42,0.67,1.14,0.99,0.1,0.5,0.13,22049,12.165603399276733
0.84,0.95,0.42,0.67,1.14,0.99,0.1,0.49,0.13,22008,12.170024156570435
0.84,0.94,0.42,0.67,1.14,0.99,0.1,0.5,0.13,22005,12.174023866653442
0.84,0.94,0.42,0.67,1.15,0.99,0.1,0.5,0.13,21854,12.174023866653442
0.84,0.94,0.42,0.67,1.14,0.99,0.1,0.5,0.13,21881,12.178056478500366
0.84,0.94,0.42,0.67,1.14,0.99,0.1,0.5,0.13,21680,12.182170152664185
0.83,0.94,0.42,0.67,1.14,0.99,0.1,0.5,0.13,21447,12.186564207077026
0.84,0.94,0.42,0.67,1.15,0.99,0.1,0.5,0.13,22022,12.186640501022339
0.84,0.94,0.42,0.67,1.15,0.99,0.1,0.49,0.13,21633,12.190373182296753
0.83,0.94,0.42,0.67,1.14,0.99,0.1,0.49,0.13,22000,12.193716526031494
0.84,0.94,0.42,0.67,1.15,0.99,0.1,0.5,0.13,22177,12.19806170463562
0.84,0.94,0.42,0.67,1.15,0.99,0.1,0.5,0.13,22076,12.19906997680664
0.84,0.94,0.42,0.67,1.15,0.99,0.1,0.5,0.13,22111,12.202056884765625
0.84,0.94,0.42,0.67,1.15,1.0,0.1,0.5,0.13,21622,12.206058025360107
0.83,0.94,0.42,0.67,1.15,0.99,0.1,0.5,0.13,21811,12.21005892753601
0.84,0.94,0.42,0.67,1.14,0.99,0.1,0.49,0.13,21950,12.214130878448486
0.84,0.94,0.42,0.67,1.15,0.99,0.1,0.49,0.13,21961,12.214130878448486
0.83,0.94,0.42,0.67,1.14,0.99,0.1,0.49,0.13,22246,12.218262672424316
0.83,0.94,0.42,0.67,1.14,0.99,0.1,0.5,0.13,21815,12.222334384918213
0.83,0.94,0.42,0.67,1.15,0.99,0.1,0.5,0.13,21762,12.22639799118042
0.84,0.94,0.42,0.67,1.14,0.99,0.1,0.5,0.13,21811,12.22739839553833
0.83,0.94,0.42,0.67,1.15,0.99,0.1,0.5,0.13,21754,12.230902194976807
0.83,0.94,0.42,0.67,1.14,0.99,0.1,0.5,0.13,21751,12.235889434814453
0.84,0.94,0.42,0.67,1.15,0.99,0.1,0.5,0.13,21794,12.238888263702393
0.83,0.94,0.42,0.67,1.14,0.99,0.1,0.5,0.13,22041,12.239886999130249
0.84,0.94,0.42,0.67,1.14,0.99,0.1,0.5,0.13,22170,12.242866039276123
0.83,0.94,0.42,0.67,1.14,0.99,0.1,0.5,0.13,21953,12.246898889541626
0.83,0.94,0.42,0.67,1.15,0.99,0.1,0.5,0.13,21934,12.251036643981934
0.84,0.94,0.42,0.67,1.15,0.99,0.1,0.5,0.13,22181,12.252039909362793
0.84,0.95,0.42,0.67,1.15,0.99,0.1,0.5,0.13,22160,12.255085706710815
0.84,0.94,0.42,0.67,1.14,0.99,0.1,0.5,0.13,22113,12.259105920791626
0.83,0.95,0.42,0.67,1.15,0.99,0.1,0.5,0.13,21730,12.264122486114502
0.84,0.94,0.42,0.67,1.14,0.99,0.1,0.49,0.13,21813,12.264122486114502
0.84,0.94,0.42,0.67,1.14,1.0,0.1,0.5,0.13,22054,12.268120765686035
0.84,0.94,0.42,0.67,1.14,0.99,0.1,0.5,0.13,22207,12.271540641784668
0.84,0.95,0.42,0.67,1.14,1.0,0.1,0.5,0.13,22284,12.275573492050171
0.83,0.94,0.42,0.67,1.14,0.99,0.1,0.5,0.13,22181,12.27707839012146
0.83,0.95,0.42,0.67,1.14,0.99,0.1,0.5,0.13,22008,12.280088901519775
0.83,0.95,0.42,0.67,1.14,0.99,0.1,0.5,0.13,21957,12.283360958099365
0.83,0.94,0.42,0.67,1.15,1.0,0.1,0.5,0.13,22408,12.288358449935913
0.83,0.94,0.42,0.67,1.14,1.0,0.09,0.5,0.13,22301,12.291361331939697
0.83,0.94,0.42,0.67,1.14,0.99,0.1,0.5,0.13,22432,12.292362451553345
0.83,0.95,0.42,0.67,1.14,0.99,0.1,0.5,0.13,22369,12.296051025390625
0.83,0.94,0.42,0.67,1.14,0.99,0.1,0.5,0.13,22282,12.300593614578247
0.84,0.95,0.42,0.67,1.14,0.99,0.1,0.5,0.13,22147,12.30463433265686
0.84,0.95,0.42,0.67,1.14,0.99,0.1,0.5,0.13,22010,12.30463433265686
0.83,0.94,0.42,0.66,1.15,0.99,0.1,0.5,0.13,21997,12.308818340301514
0.84,0.95,0.42,0.67,1.14,0.99,0.1,0.5,0.13,21860,12.31282114982605
0.84,0.95,0.42,0.67,1.14,0.99,0.1,0.49,0.13,21781,12.316163063049316
0.84,0.95,0.42,0.67,1.14,0.99,0.1,0.5,0.13,22268,12.317161083221436
0.84,0.95,0.42,0.67,1.14,0.99,0.1,0.5,0.13,22411,12.321161031723022
0.84,0.94,0.42,0.67,1.14,0.99,0.1,0.5,0.13,22130,12.325590372085571
0.83,0.95,0.42,0.67,1.14,0.99,0.1,0.5,0.13,21933,12.329156160354614
0.84,0.94,0.42,0.67,1.14,0.99,0.1,0.5,0.13,21530,12.330177307128906
0.84,0.95,0.42,0.67,1.14,0.99,0.1,0.5,0.13,21307,12.333075761795044
0.83,0.95,0.42,0.67,1.14,0.99,0.1,0.5,0.13,21770,12.33721375465393
0.84,0.94,0.42,0.67,1.14,0.99,0.1,0.5,0.13,21949,12.341212749481201
0.83,0.94,0.42,0.67,1.14,0.99,0.1,0.5,0.13,21760,12.342209339141846
0.83,0.94,0.42,0.68,1.14,0.99,0.1,0.5,0.13,21895,12.345212697982788
0.84,0.95,0.42,0.67,1.14,0.99,0.1,0.5,0.13,21736,12.349668741226196
0.83,0.94,0.42,0.67,1.14,0.99,0.1,0.5,0.13,21963,12.354809522628784
0.83,0.95,0.42,0.67,1.15,0.99,0.1,0.5,0.13,21760,12.357113599777222
0.84,0.95,0.42,0.67,1.14,0.99,0.1,0.5,0.13,21877,12.357861280441284
0.83,0.94,0.42,0.67,1.14,0.99,0.1,0.5,0.13,21896,12.361931085586548
0.83,0.94,0.42,0.67,1.14,0.99,0.1,0.51,0.13,22009,12.367278337478638
0.83,0.95,0.42,0.68,1.14,0.99,0.1,0.5,0.13,21694,12.369787693023682
0.84,0.94,0.42,0.68,1.14,0.99,0.1,0.5,0.13,22173,12.370967626571655
0.83,0.95,0.42,0.68,1.14,1.0,0.1,0.5,0.13,22150,12.374597549438477
0.83,0.94,0.42,0.68,1.14,0.99,0.1,0.5,0.13,21551,12.378966331481934
0.84,0.94,0.42,0.67,1.14,1.0,0.09,0.5,0.13,21978,12.382967472076416
0.83,0.94,0.42,0.67,1.14,1.0,0.1,0.5,0.13,22109,12.382967472076416
0.84,0.94,0.42,0.67,1.14,0.99,0.1,0.5,0.13,21826,12.386967420578003
0.83,0.95,0.42,0.67,1.15,0.99,0.1,0.5,0.13,21793,12.390576601028442
0.83,0.95,0.42,0.68,1.14,0.99,0.1,0.5,0.13,21754,12.39578890800476
0.84,0.95,0.42,0.68,1.14,0.99,0.1,0.5,0.13,22539,12.396803140640259
0.84,0.94,0.42,0.67,1.14,0.99,0.09,0.5,0.13,22194,12.399214029312134
0.83,0.95,0.42,0.67,1.14,1.0,0.1,0.5,0.13,21787,12.403233528137207
0.83,0.95,0.42,0.68,1.14,0.99,0.11,0.5,0.13,21686,12.407230138778687
0.84,0.95,0.42,0.67,1.14,0.99,0.1,0.5,0.13,21673,12.408229351043701
0.84,0.95,0.42,0.67,1.14,0.99,0.1,0.5,0.13,21868,12.411853313446045
0.84,0.95,0.42,0.67,1.14,1.0,0.1,0.5,0.13,22143,12.415448188781738
0.84,0.94,0.42,0.67,1.14,1.0,0.1,0.5,0.13,21896,12.419901371002197
0.84,0.94,0.42,0.67,1.14,1.0,0.1,0.5,0.13,21715,12.423359870910645
0.83,0.94,0.42,0.67,1.14,0.99,0.1,0.5,0.13,22212,12.424048900604248
0.83,0.94,0.42,0.67,1.14,0.99,0.1,0.5,0.13,22125,12.428219079971313
0.84,0.94,0.42,0.68,1.14,0.99,0.1,0.5,0.13,22028,12.432218551635742
0.84,0.94,0.42,0.68,1.14,0.99,0.1,0.5,0.13,21873,12.435744047164917
0.83,0.94,0.42,0.67,1.14,0.99,0.1,0.5,0.13,21738,12.436749696731567
0.84,0.95,0.42,0.68,1.14,0.99,0.09,0.5,0.13,21995,12.439859390258789
0.84,0.94,0.42,0.68,1.14,0.99,0.1,0.5,0.13,22110,12.444904804229736
0.83,0.94,0.42,0.68,1.14,0.99,0.1,0.5,0.13,21737,12.447731256484985
0.83,0.95,0.42,0.67,1.14,0.99,0.1,0.5,0.13,22206,12.448802709579468
0.83,0.95,0.42,0.67,1.13,1.0,0.1,0.5,0.13,22297,12.452445268630981
0.84,0.94,0.42,0.67,1.14,1.0,0.1,0.5,0.13,22472,12.456664562225342
0.83,0.95,0.42,0.67,1.14,0.99,0.1,0.5,0.13,22317,12.459666728973389
0.84,0.94,0.42,0.67,1.14,0.99,0.1,0.5,0.13,22286,12.460664510726929
0.84,0.94,0.42,0.67,1.14,0.99,0.1,0.5,0.13,22213,12.464670181274414
0.84,0.95,0.42,0.67,1.14,0.99,0.1,0.5,0.13,21810,12.46803069114685
0.83,0.94,0.42,0.67,1.14,0.99,0.1,0.5,0.14,22379,12.472312688827515
0.83,0.94,0.42,0.67,1.14,1.0,0.1,0.5,0.13,22564,12.47305965423584
0.84,0.95,0.42,0.68,1.14,1.0,0.1,0.5,0.13,22181,12.476215839385986
0.84,0.95,0.42,0.67,1.14,0.99,0.1,0.5,0.13,22088,12.48129415512085
0.84,0.95,0.42,0.67,1.14,1.0,0.1,0.5,0.13,21905,12.484742641448975
0.84,0.95,0.42,0.67,1.14,0.99,0.1,0.5,0.13,22010,12.485783576965332
0.84,0.95,0.42,0.67,1.14,0.99,0.1,0.5,0.13,21843,12.489782094955444
0.84,0.95,0.42,0.67,1.14,1.0,0.1,0.5,0.13,21724,12.493782758712769
0.84,0.95,0.42,0.67,1.14,0.99,0.1,0.5,0.13,21743,12.497782468795776
0.83,0.95,0.42,0.67,1.14,0.99,0.11,0.5,0.13,21742,12.501083135604858
0.83,0.95,0.42,0.67,1.14,0.99,0.1,0.5,0.13,22141,12.501782894134521
0.83,0.95,0.42,0.67,1.14,0.99,0.1,0.5,0.13,22300,12.505088090896606
0.84,0.94,0.42,0.68,1.14,0.99,0.1,0.5,0.13,22231,12.508972406387329
0.83,0.94,0.42,0.67,1.14,0.99,0.1,0.5,0.13,21956,12.51292085647583
0.83,0.94,0.42,0.68,1.14,0.99,0.1,0.5,0.13,22119,12.513970375061035
0.83,0.94,0.42,0.67,1.14,0.99,0.09,0.5,0.13,21960,12.517139196395874
0.83,0.94,0.42,0.67,1.14,0.99,0.1,0.5,0.13,21877,12.52113151550293
0.83,0.94,0.42,0.67,1.14,0.99,0.1,0.5,0.13,21924,12.525371074676514
0.83,0.95,0.42,0.68,1.14,0.99,0.1,0.5,0.13,21903,12.526374101638794
0.84,0.94,0.42,0.67,1.14,0.99,0.09,0.5,0.13,22228,12.530372858047485
0.83,0.94,0.42,0.67,1.14,0.99,0.1,0.5,0.13,22337,12.53378963470459
0.83,0.94,0.42,0.68,1.14,0.99,0.1,0.5,0.13,22100,12.537956237792969
0.83,0.95,0.42,0.68,1.14,0.99,0.1,0.5,0.13,21971,12.537956237792969
0.83,0.94,0.42,0.67,1.14,0.99,0.1,0.5,0.13,21530,12.5419602394104
0.83,0.94,0.42,0.67,1.14,0.99,0.1,0.5,0.13,21831,12.546130895614624
0.83,0.95,0.42,0.67,1.15,0.99,0.1,0.5,0.13,22182,12.550416946411133
0.84,0.95,0.42,0.67,1.14,0.99,0.1,0.5,0.13,22217,12.550416946411133
0.83,0.94,0.42,0.67,1.14,0.99,0.1,0.5,0.13,22128,12.554128408432007
0.84,0.95,0.42,0.68,1.14,0.99,0.09,0.5,0.13,22037,12.558431625366211
0.83,0.94,0.42,0.67,1.14,1.0,0.1,0.5,0.13,21824,12.56243085861206
0.84,0.94,0.42,0.67,1.14,0.99,0.1,0.5,0.13,21731,12.565788984298706
0.84,0.95,0.42,0.67,1.14,0.99,0.1,0.5,0.13,22088,12.566793441772461
0.84,0.95,0.42,0.67,1.14,0.99,0.1,0.5,0.13,21663,12.570791959762573
0.84,0.94,0.42,0.68,1.14,0.99,0.09,0.5,0.13,21328,12.574833154678345
0.84,0.95,0.42,0.68,1.14,0.99,0.1,0.5,0.13,21585,12.578745126724243
0.84,0.95,0.42,0.67,1.14,0.99,0.1,0.5,0.13,21972,12.57931399345398
0.84,0.95,0.42,0.67,1.14,0.99,0.1,0.5,0.14,22265,12.582815408706665
0.84,0.94,0.42,0.67,1.14,0.99,0.1,0.5,0.13,22212,12.587568521499634
0.84,0.95,0.42,0.67,1.14,0.99,0.1,0.5,0.13,22175,12.591074466705322
0.84,0.95,0.42,0.67,1.14,0.99,0.1,0.5,0.13,21990,12.59156060218811
0.84,0.95,0.42,0.67,1.14,0.99,0.1,0.5,0.13,21703,12.595762968063354
0.84,0.95,0.42,0.67,1.14,0.99,0.1,0.5,0.13,21738,12.6000235080719
0.84,0.95,0.42,0.67,1.14,1.0,0.1,0.5,0.13,21533,12.60275912284851
0.84,0.95,0.42,0.67,1.14,1.0,0.1,0.5,0.13,21628,12.603958368301392
0.83,0.95,0.42,0.67,1.14,1.0,0.1,0.5,0.13,21857,12.607762813568115
0.84,0.95,0.42,0.67,1.14,0.99,0.1,0.5,0.13,22036,12.612367153167725
0.84,0.95,0.42,0.67,1.14,0.99,0.11,0.5,0.13,21979,12.615979671478271
0.84,0.95,0.42,0.67,1.14,0.99,0.1,0.5,0.13,22076,12.617017269134521
0.84,0.95,0.42,0.67,1.14,0.99,0.1,0.5,0.13,22151,12.619956731796265
0.84,0.95,0.42,0.67,1.14,0.99,0.1,0.5,0.13,21738,12.623781442642212
0.84,0.95,0.42,0.67,1.14,0.99,0.1,0.5,0.13,21857,12.628704071044922
0.84,0.95,0.42,0.67,1.14,1.0,0.1,0.5,0.13,21916,12.632259607315063
0.84,0.95,0.42,0.67,1.14,1.0,0.1,0.5,0.13,21795,12.632259607315063
0.84,0.95,0.42,0.67,1.14,0.99,0.1,0.5,0.13,21832,12.636379957199097
0.84,0.94,0.42,0.67,1.14,0.99,0.1,0.5,0.13,21799,12.641438961029053
0.84,0.95,0.42,0.67,1.14,0.99,0.1,0.5,0.13,21926,12.644413471221924
0.84,0.95,0.42,0.68,1.14,0.99,0.1,0.5,0.13,22011,12.645419120788574
0.84,0.94,0.42,0.67,1.14,0.99,0.1,0.5,0.13,21976,12.649418354034424
0.84,0.95,0.42,0.67,1.14,0.99,0.1,0.5,0.13,21761,12.652820110321045
0.84,0.95,0.42,0.67,1.14,0.99,0.1,0.5,0.13,21938,12.656054735183716
0.84,0.95,0.42,0.68,1.14,1.0,0.1,0.5,0.13,21605,12.657095670700073
0.84,0.95,0.42,0.68,1.14,0.99,0.1,0.5,0.13,21746,12.66110110282898
0.84,0.95,0.42,0.68,1.14,0.99,0.1,0.5,0.13,21967,12.66512680053711
0.83,0.95,0.42,0.68,1.14,1.0,0.1,0.5,0.13,22114,12.66890025138855
0.84,0.95,0.42,0.68,1.14,1.0,0.1,0.5,0.13,22155,12.669930696487427
0.84,0.95,0.42,0.68,1.14,1.0,0.1,0.5,0.13,21934,12.672928094863892
0.84,0.95,0.42,0.68,1.14,1.0,0.1,0.5,0.13,22117,12.67693281173706
0.84,0.95,0.42,0.68,1.14,1.0,0.1,0.5,0.13,22448,12.681152582168579
0.84,0.95,0.42,0.67,1.14,1.0,0.1,0.5,0.13,22137,12.682152509689331
0.84,0.95,0.42,0.68,1.14,1.0,0.1,0.5,0.13,22452,12.685150623321533
0.84,0.95,0.42,0.68,1.14,1.0,0.1,0.5,0.13,22317,12.689990043640137
0.84,0.95,0.42,0.67,1.14,1.0,0.1,0.5,0.13,21964,12.693477153778076
0.84,0.95,0.42,0.68,1.14,1.0,0.1,0.5,0.13,21629,12.694554567337036
0.84,0.95,0.42,0.68,1.14,1.0,0.1,0.5,0.12,21846,12.69756293296814
0.84,0.95,0.42,0.68,1.14,1.0,0.1,0.5,0.13,21891,12.701644897460938
0.84,0.95,0.42,0.67,1.14,1.0,0.1,0.5,0.13,21772,12.705656051635742
0.84,0.95,0.42,0.67,1.14,0.99,0.1,0.5,0.13,21995,12.70969009399414
0.84,0.95,0.42,0.68,1.14,1.0,0.1,0.5,0.13,21806,12.71066403388977
0.84,0.95,0.42,0.68,1.14,1.0,0.1,0.5,0.13,21785,12.714696407318115
0.84,0.94,0.42,0.68,1.14,1.0,0.1,0.5,0.13,21970,12.718820810317993
0.84,0.95,0.42,0.68,1.14,1.0,0.1,0.5,0.13,22067,12.721843957901001
0.83,0.95,0.42,0.68,1.14,1.0,0.1,0.5,0.13,21742,12.721843957901001
0.83,0.95,0.42,0.67,1.14,1.0,0.1,0.51,0.13,21887,12.726817607879639
0.84,0.95,0.42,0.68,1.14,1.0,0.1,0.5,0.13,22582,12.730818510055542
0.84,0.94,0.42,0.68,1.14,0.99,0.1,0.5,0.13,22301,12.734817743301392
0.84,0.94,0.42,0.68,1.14,1.0,0.1,0.5,0.13,22192,12.734817743301392
0.83,0.95,0.42,0.68,1.14,1.0,0.1,0.5,0.13,22213,12.738967657089233
0.83,0.95,0.42,0.68,1.14,1.0,0.1,0.5,0.13,22294,12.743141889572144
0.83,0.95,0.42,0.68,1.14,1.0,0.1,0.5,0.13,21897,12.747207164764404
0.83,0.94,0.42,0.68,1.14,1.0,0.09,0.5,0.13,21570,12.747207164764404
0.83,0.95,0.42,0.68,1.14,1.0,0.1,0.5,0.13,21451,12.750807285308838
0.84,0.95,0.42,0.68,1.14,1.0,0.11,0.5,0.13,21618,12.755773782730103
0.83,0.95,0.42,0.68,1.14,1.0,0.1,0.5,0.13,22325,12.758761882781982
0.84,0.95,0.42,0.68,1.14,1.0,0.1,0.51,0.13,22282,12.75977373123169
0.83,0.94,0.42,0.68,1.14,1.0,0.1,0.51,0.13,22091,12.763782978057861
0.84,0.95,0.42,0.68,1.14,1.0,0.1,0.5,0.13,22134,12.767226219177246
0.84,0.95,0.42,0.68,1.14,1.0,0.1,0.51,0.13,22085,12.771539449691772
0.83,0.94,0.42,0.68,1.14,1.0,0.11,0.5,0.13,22204,12.775480031967163
0.83,0.95,0.42,0.68,1.14,1.0,0.1,0.5,0.13,21991,12.776474475860596
0.83,0.95,0.42,0.68,1.14,1.0,0.1,0.5,0.13,22278,12.780105352401733
0.84,0.94,0.42,0.68,1.14,1.0,0.1,0.5,0.13,22055,12.784104824066162
0.84,0.95,0.42,0.68,1.14,1.0,0.1,0.5,0.13,21850,12.788121223449707
0.84,0.94,0.42,0.68,1.14,1.0,0.1,0.5,0.13,22115,12.789121150970459
0.83,0.95,0.42,0.68,1.15,1.0,0.1,0.5,0.13,22392,12.792423248291016
0.84,0.95,0.42,0.68,1.14,1.0,0.1,0.5,0.13,22275,12.796799421310425
0.83,0.94,0.42,0.68,1.14,1.0,0.09,0.5,0.13,22310,12.799994707107544
0.84,0.94,0.42,0.68,1.14,1.0,0.1,0.5,0.13,21979,12.801051378250122
0.84,0.95,0.42,0.68,1.14,1.0,0.1,0.5,0.13,21988,12.804082870483398
0.83,0.95,0.42,0.68,1.14,1.0,0.1,0.5,0.13,21823,12.809133052825928
0.84,0.95,0.42,0.68,1.14,1.0,0.1,0.5,0.13,22204,12.812299728393555
0.83,0.95,0.42,0.68,1.14,1.0,0.09,0.5,0.13,21859,12.81328535079956
0.84,0.95,0.42,0.68,1.14,1.0,0.1,0.5,0.13,21948,12.817306280136108
0.83,0.95,0.42,0.68,1.14,1.0,0.1,0.5,0.13,22071,12.821305990219116
0.84,0.95,0.42,0.68,1.14,1.0,0.1,0.5,0.13,21942,12.825305461883545
0.83,0.95,0.42,0.68,1.14,1.0,0.1,0.5,0.13,21769,12.825305461883545
0.84,0.95,0.42,0.68,1.14,1.0,0.1,0.5,0.13,21396,12.829883337020874
0.84,0.95,0.42,0.67,1.14,1.0,0.1,0.51,0.13,21875,12.833245992660522
0.83,0.95,0.42,0.68,1.14,1.0,0.1,0.51,0.13,22024,12.837607622146606
0.84,0.95,0.42,0.68,1.14,1.0,0.1,0.5,0.13,21919,12.838634014129639
0.84,0.94,0.42,0.68,1.14,1.0,0.1,0.5,0.13,21954,12.840858221054077
0.84,0.95,0.42,0.67,1.14,1.0,0.1,0.5,0.13,21811,12.845348834991455
0.83,0.95,0.42,0.67,1.14,1.0,0.1,0.5,0.13,21900,12.849818229675293
0.84,0.95,0.42,0.67,1.14,1.0,0.1,0.5,0.13,21759,12.853111028671265
0.84,0.95,0.42,0.67,1.14,0.99,0.1,0.5,0.13,22100,12.853835821151733
0.83,0.94,0.42,0.67,1.14,0.99,0.11,0.5,0.13,22225,12.857813119888306
0.84,0.95,0.42,0.68,1.14,0.99,0.1,0.5,0.13,21954,12.861498832702637
0.84,0.94,0.42,0.68,1.14,1.0,0.1,0.5,0.13,21993,12.865540504455566
0.84,0.94,0.42,0.68,1.14,1.0,0.1,0.5,0.13,22158,12.866539478302002
0.84,0.95,0.42,0.67,1.14,1.0,0.1,0.5,0.13,22029,12.869537353515625
0.84,0.95,0.42,0.67,1.14,1.0,0.1,0.5,0.13,22018,12.874537467956543
0.84,0.95,0.42,0.67,1.14,1.0,0.1,0.5,0.13,22355,12.878047466278076
0.84,0.94,0.42,0.67,1.14,1.0,0.1,0.5,0.13,22164,12.878047466278076
0.84,0.94,0.42,0.68,1.14,0.99,0.1,0.51,0.13,22063,12.882553577423096
0.84,0.94,0.42,0.67,1.14,0.99,0.1,0.5,0.13,22046,12.88608694076538
0.84,0.94,0.42,0.67,1.14,1.0,0.1,0.5,0.13,21891,12.8901047706604
0.84,0.94,0.42,0.67,1.14,1.0,0.1,0.5,0.13,21930,12.891133546829224
0.84,0.94,0.42,0.67,1.14,1.0,0.1,0.5,0.13,21603,12.894680500030518
0.84,0.94,0.42,0.67,1.14,1.0,0.1,0.5,0.13,21198,12.898101091384888
0.84,0.95,0.42,0.67,1.14,1.0,0.1,0.5,0.13,21717,12.902100801467896
0.84,0.94,0.42,0.68,1.14,0.99,0.1,0.5,0.13,21962,12.903100967407227
0.84,0.94,0.42,0.67,1.14,1.0,0.1,0.5,0.13,21697,12.907079458236694
0.84,0.95,0.42,0.67,1.14,1.0,0.1,0.5,0.13,21758,12.911217212677002
0.84,0.94,0.42,0.67,1.14,1.0,0.1,0.5,0.13,22251,12.91506552696228
0.84,0.94,0.42,0.68,1.14,1.0,0.1,0.5,0.13,22258,12.919283866882324
0.84,0.95,0.42,0.68,1.14,1.0,0.1,0.5,0.13,22003,12.919283866882324
0.84,0.94,0.42,0.68,1.14,1.0,0.1,0.5,0.13,22392,12.922821998596191
0.84,0.94,0.42,0.68,1.14,1.0,0.1,0.5,0.13,22045,12.92732572555542
0.84,0.94,0.42,0.67,1.14,1.0,0.1,0.5,0.13,21934,12.930373430252075
0.85,0.94,0.42,0.68,1.13,0.99,0.1,0.5,0.13,22067,12.931353569030762
0.85,0.95,0.42,0.67,1.14,0.99,0.1,0.5,0.13,22216,12.935441970825195
0.84,0.94,0.42,0.68,1.14,1.0,0.1,0.5,0.13,21737,12.93947958946228
0.85,0.94,0.42,0.67,1.14,1.0,0.1,0.5,0.13,21846,12.943477869033813
0.85,0.94,0.42,0.67,1.14,0.99,0.11,0.5,0.13,21697,12.943477869033813
0.85,0.95,0.42,0.68,1.14,0.99,0.11,0.5,0.13,21668,12.947595834732056
0.84,0.95,0.42,0.67,1.14,1.0,0.11,0.5,0.13,21677,12.951599836349487
0.85,0.94,0.42,0.68,1.14,1.0,0.1,0.51,0.14,22174,12.955596923828125
0.85,0.94,0.42,0.67,1.14,1.0,0.1,0.5,0.13,22063,12.956598043441772
0.85,0.94,0.42,0.67,1.14,1.0,0.1,0.5,0.13,22060,12.959696531295776
0.85,0.94,0.42,0.68,1.14,1.0,0.1,0.5,0.13,21901,12.964709281921387
0.85,0.94,0.42,0.68,1.14,1.0,0.1,0.5,0.13,21836,12.96825098991394
0.84,0.94,0.42,0.67,1.14,1.0,0.11,0.5,0.13,21781,12.969226121902466
0.85,0.94,0.42,0.68,1.14,1.0,0.11,0.51,0.13,21970,12.972232341766357
0.84,0.95,0.42,0.67,1.14,1.0,0.11,0.5,0.13,22161,12.97722601890564
0.85,0.94,0.42,0.68,1.14,1.0,0.1,0.5,0.13,22022,12.981429100036621
0.85,0.95,0.42,0.67,1.14,1.0,0.11,0.5,0.13,21743,12.981429100036621
0.85,0.94,0.42,0.67,1.14,1.0,0.11,0.5,0.13,21702,12.985786437988281
0.85,0.95,0.42,0.67,1.14,1.0,0.11,0.5,0.13,21831,12.989148616790771
0.85,0.95,0.42,0.67,1.14,1.0,0.11,0.5,0.14,22050,12.993236303329468
0.85,0.95,0.42,0.67,1.14,1.0,0.1,0.5,0.13,22065,12.996517181396484
0.85,0.95,0.42,0.67,1.14,1.0,0.11,0.5,0.13,22106,12.997235774993896
0.85,0.95,0.42,0.67,1.14,1.0,0.11,0.5,0.13,22309,13.001734495162964
0.85,0.95,0.42,0.67,1.14,1.0,0.11,0.5,0.13,22180,13.005240201950073
0.85,0.95,0.42,0.67,1.14,1.0,0.11,0.5,0.13,21847,13.009604215621948
0.85,0.95,0.42,0.68,1.14,1.0,0.11,0.5,0.13,21938,13.009604215621948
0.85,0.95,0.42,0.68,1.15,1.0,0.1,0.5,0.13,21897,13.013906240463257
0.84,0.95,0.42,0.68,1.14,1.0,0.11,0.5,0.13,21738,13.018507480621338
0.84,0.95,0.42,0.67,1.15,1.0,0.11,0.5,0.13,22271,13.021475791931152
0.85,0.95,0.42,0.67,1.15,1.0,0.11,0.5,0.13,22320,13.022505760192871
0.85,0.95,0.42,0.67,1.14,1.0,0.11,0.5,0.13,21787,13.025887727737427
0.85,0.95,0.42,0.67,1.14,0.99,0.11,0.5,0.13,21808,13.029669284820557
0.85,0.95,0.42,0.67,1.14,1.0,0.11,0.5,0.14,21991,13.033406257629395
0.85,0.95,0.42,0.67,1.14,0.99,0.11,0.5,0.13,21934,13.0341055393219
0.85,0.95,0.42,0.67,1.14,1.0,0.11,0.5,0.13,21703,13.038126468658447
0.85,0.95,0.42,0.67,1.14,1.0,0.11,0.5,0.13,21976,13.042104482650757
0.85,0.94,0.42,0.67,1.14,1.0,0.11,0.5,0.13,21825,13.046128988265991
0.85,0.94,0.42,0.67,1.14,1.0,0.11,0.5,0.13,21606,13.04710078239441
0.84,0.95,0.42,0.67,1.14,1.0,0.1,0.5,0.13,21839,13.050104856491089
0.85,0.94,0.42,0.67,1.14,1.0,0.11,0.5,0.13,22426,13.054535865783691
0.85,0.95,0.42,0.67,1.14,1.0,0.11,0.5,0.13,22543,13.058852434158325
0.85,0.95,0.42,0.67,1.14,1.0,0.11,0.5,0.13,22664,13.059864521026611
0.85,0.95,0.42,0.67,1.14,1.0,0.11,0.5,0.13,22455,13.062403678894043
0.85,0.94,0.42,0.67,1.14,1.0,0.11,0.5,0.13,22010,13.067130327224731
0.85,0.95,0.42,0.67,1.14,0.99,0.11,0.5,0.13,22235,13.071130275726318
0.85,0.95,0.42,0.67,1.14,1.0,0.11,0.5,0.13,22360,13.074503660202026
0.85,0.95,0.42,0.67,1.14,1.0,0.11,0.5,0.13,22009,13.075156688690186
0.84,0.94,0.42,0.67,1.14,1.0,0.11,0.5,0.13,21572,13.078431129455566
0.84,0.95,0.42,0.67,1.14,1.0,0.11,0.5,0.13,21365,13.082973957061768
0.84,0.94,0.42,0.67,1.14,1.0,0.11,0.5,0.13,21944,13.087108612060547
0.83,0.95,0.41,0.67,1.14,1.0,0.11,0.51,0.13,22253,13.087108612060547
0.83,0.94,0.41,0.66,1.14,1.0,0.11,0.49,0.13,22146,13.09071660041809
0.83,0.94,0.41,0.67,1.13,1.0,0.1,0.5,0.13,22331,13.095781564712524
0.83,0.95,0.42,0.67,1.13,1.0,0.1,0.5,0.12,22450,13.099423170089722
0.83,0.94,0.42,0.66,1.13,1.0,0.1,0.5,0.12,22309,13.100443601608276
0.83,0.95,0.42,0.66,1.13,1.0,0.1,0.5,0.12,21938,13.103683233261108
0.83,0.95,0.42,0.66,1.13,1.0,0.1,0.5,0.13,21905,13.107686519622803
0.81,0.95,0.41,0.66,1.13,1.0,0.1,0.5,0.12,21782,13.111291646957397
0.82,0.96,0.41,0.66,1.13,1.0,0.1,0.5,0.12,21567,13.11269474029541
0.82,0.95,0.41,0.66,1.13,1.0,0.11,0.5,0.12,21994,13.1149423122406
0.81,0.95,0.41,0.66,1.12,1.0,0.1,0.5,0.12,22107,13.119986534118652
0.8,0.95,0.4,0.65,1.12,1.0,0.12,0.5,0.12,21760,13.123923063278198
0.79,0.96,0.4,0.64,1.13,0.99,0.12,0.5,0.12,21901,13.124922513961792
0.8,0.95,0.42,0.64,1.13,1.0,0.13,0.5,0.12,21850,13.127923011779785
0.77,0.96,0.42,0.64,1.12,1.0,0.13,0.49,0.12,22023,13.131922721862793
0.75,0.95,0.41,0.65,1.13,0.99,0.13,0.5,0.12,21980,13.136220455169678
0.75,0.95,0.41,0.65,1.13,1.0,0.13,0.49,0.12,21771,13.136220455169678
0.75,0.95,0.41,0.64,1.12,0.99,0.13,0.49,0.12,22006,13.140231370925903
0.73,0.95,0.41,0.64,1.13,0.99,0.13,0.5,0.12,22347,13.143994331359863
0.75,0.95,0.41,0.63,1.13,1.0,0.12,0.49,0.12,22000,13.148477792739868
0.76,0.95,0.41,0.62,1.13,1.0,0.13,0.5,0.12,21919,13.148477792739868
0.75,0.95,0.41,0.62,1.13,0.99,0.13,0.49,0.12,22020,13.152151107788086
0.75,0.95,0.4,0.62,1.13,1.0,0.13,0.5,0.12,22089,13.156180620193481
0.76,0.95,0.4,0.62,1.12,1.0,0.13,0.49,0.12,21962,13.161181211471558
0.74,0.95,0.4,0.62,1.12,0.99,0.13,0.49,0.12,21979,13.164190292358398
0.74,0.95,0.4,0.62,1.12,0.99,0.13,0.49,0.12,22374,13.165187358856201
0.72,0.95,0.4,0.62,1.13,0.99,0.13,0.49,0.12,21855,13.168375015258789
0.72,0.95,0.4,0.61,1.13,0.99,0.13,0.49,0.12,21470,13.173141479492188
0.7,0.95,0.4,0.61,1.13,0.99,0.13,0.49,0.12,22075,13.177141427993774
0.73,0.95,0.41,0.61,1.13,0.99,0.13,0.5,0.12,22172,13.177141427993774
0.73,0.95,0.4,0.62,1.14,0.98,0.14,0.5,0.12,21915,13.181704044342041
0.76,0.95,0.4,0.61,1.14,0.99,0.13,0.49,0.12,22114,13.185736894607544
0.75,0.95,0.41,0.62,1.14,0.98,0.13,0.49,0.12,22019,13.189113855361938
0.78,0.95,0.41,0.62,1.14,0.98,0.13,0.49,0.12,21738,13.190164566040039
0.79,0.95,0.4,0.62,1.13,0.99,0.13,0.49,0.12,22155,13.193517923355103
0.79,0.95,0.4,0.62,1.13,0.98,0.13,0.49,0.12,22200,13.198590278625488
0.8,0.95,0.4,0.62,1.13,0.99,0.14,0.49,0.12,22005,13.202590703964233
0.8,0.95,0.4,0.62,1.13,0.99,0.14,0.49,0.12,22126,13.202590703964233
0.8,0.95,0.4,0.62,1.13,0.98,0.14,0.49,0.12,22099,13.205561637878418
0.79,0.95,0.4,0.63,1.13,0.98,0.14,0.49,0.12,21906,13.209666728973389
0.79,0.95,0.4,0.63,1.13,0.98,0.14,0.49,0.12,22229,13.21394944190979
0.8,0.95,0.4,0.63,1.13,0.98,0.14,0.49,0.12,22096,13.214950561523438
0.81,0.96,0.4,0.63,1.14,0.98,0.14,0.49,0.12,21293,13.217683792114258
0.8,0.95,0.4,0.63,1.14,0.98,0.14,0.49,0.12,21306,13.222876787185669
0.79,0.95,0.4,0.63,1.14,0.98,0.14,0.49,0.12,21853,13.225879907608032
0.78,0.95,0.41,0.63,1.13,0.99,0.14,0.5,0.12,21952,13.226876974105835
0.8,0.95,0.41,0.63,1.13,0.99,0.14,0.5,0.12,21931,13.229880571365356
0.82,0.96,0.41,0.64,1.13,0.98,0.15,0.5,0.12,21904,13.234313249588013
0.8,0.95,0.41,0.63,1.13,0.98,0.15,0.5,0.12,22199,13.238388299942017
0.81,0.96,0.4,0.64,1.13,0.99,0.14,0.49,0.12,22070,13.242348194122314
0.81,0.95,0.41,0.63,1.13,0.99,0.14,0.5,0.12,21735,13.243380069732666
0.8,0.95,0.42,0.63,1.13,0.98,0.14,0.49,0.12,21748,13.246376752853394
0.81,0.95,0.41,0.63,1.13,0.99,0.14,0.49,0.12,21629,13.250477313995361
0.82,0.95,0.41,0.64,1.13,0.98,0.14,0.49,0.13,21662,13.254473209381104
0.82,0.95,0.41,0.64,1.13,0.98,0.14,0.49,0.12,21955,13.255476951599121
0.83,0.95,0.42,0.64,1.14,0.98,0.14,0.49,0.12,21880,13.258440732955933
0.83,0.95,0.41,0.64,1.14,0.99,0.14,0.49,0.12,21845,13.263444900512695
0.83,0.95,0.41,0.64,1.13,0.99,0.14,0.49,0.13,21944,13.26700234413147
0.83,0.95,0.41,0.64,1.14,0.99,0.14,0.49,0.12,21805,13.268046379089355
0.84,0.95,0.41,0.64,1.14,0.99,0.14,0.5,0.12,21942,13.27113389968872
0.83,0.95,0.41,0.63,1.14,0.98,0.14,0.5,0.12,22047,13.27514123916626
0.83,0.95,0.41,0.64,1.14,0.98,0.14,0.5,0.13,22014,13.280072927474976
0.83,0.95,0.42,0.64,1.14,0.98,0.14,0.5,0.13,22133,13.280397653579712
0.84,0.95,0.42,0.64,1.14,0.99,0.14,0.5,0.13,22268,13.284454107284546
0.84,0.95,0.41,0.64,1.14,0.99,0.14,0.5,0.13,22343,13.288092136383057
0.83,0.95,0.41,0.63,1.14,0.98,0.14,0.5,0.12,21962,13.292117357254028
0.84,0.95,0.41,0.64,1.13,0.99,0.14,0.5,0.12,21799,13.292117357254028
0.84,0.95,0.41,0.65,1.14,0.99,0.14,0.5,0.13,21914,13.296117544174194
0.84,0.95,0.41,0.64,1.14,0.98,0.14,0.5,0.13,22137,13.30051326751709
0.85,0.95,0.41,0.64,1.14,0.98,0.14,0.5,0.13,22234,13.304514646530151
0.84,0.95,0.42,0.64,1.14,0.99,0.14,0.5,0.13,22099,13.308078050613403
0.84,0.95,0.41,0.64,1.14,0.98,0.14,0.5,0.13,22184,13.308078050613403
0.85,0.95,0.42,0.64,1.13,0.98,0.14,0.5,0.12,22253,13.312227487564087
0.84,0.95,0.42,0.64,1.13,0.99,0.14,0.5,0.12,22584,13.31618070602417
0.84,0.96,0.42,0.64,1.14,0.99,0.14,0.5,0.13,22173,13.32014012336731
0.84,0.95,0.42,0.64,1.14,0.99,0.14,0.5,0.13,21786,13.320736646652222
0.85,0.95,0.42,0.64,1.13,0.98,0.14,0.5,0.13,21905,13.324785947799683
0.84,0.96,0.42,0.64,1.14,0.99,0.14,0.5,0.13,21890,13.328302383422852
0.85,0.95,0.42,0.64,1.14,0.98,0.14,0.5,0.13,22081,13.332414150238037
0.84,0.95,0.42,0.64,1.14,0.99,0.14,0.5,0.13,22050,13.333797216415405
0.84,0.95,0.42,0.64,1.13,0.98,0.14,0.5,0.13,22577,13.336899280548096
0.84,0.95,0.42,0.64,1.14,0.99,0.14,0.5,0.13,22800,13.34102177619934
0.85,0.95,0.42,0.64,1.14,0.98,0.14,0.5,0.13,22831,13.345321655273438
0.84,0.95,0.42,0.65,1.14,0.99,0.14,0.5,0.13,22534,13.345321655273438
0.85,0.95,0.42,0.65,1.14,0.99,0.14,0.5,0.13,22325,13.348476648330688
0.85,0.95,0.42,0.64,1.14,0.98,0.14,0.5,0.13,22006,13.353500127792358
0.85,0.95,0.42,0.64,1.14,0.98,0.14,0.5,0.13,21779,13.357117652893066
0.85,0.95,0.42,0.64,1.14,0.98,0.14,0.5,0.13,21824,13.358147382736206
0.85,0.95,0.42,0.65,1.14,0.98,0.14,0.5,0.13,22191,13.361151218414307
0.85,0.95,0.42,0.65,1.14,0.98,0.14,0.5,0.13,22408,13.365160942077637
0.85,0.95,0.42,0.65,1.14,0.98,0.14,0.5,0.13,22179,13.37016749382019
0.86,0.95,0.42,0.65,1.14,0.98,0.14,0.5,0.13,22018,13.37016749382019
0.86,0.95,0.42,0.65,1.14,0.99,0.14,0.5,0.13,21915,13.373333215713501
0.86,0.95,0.42,0.65,1.13,0.98,0.14,0.5,0.13,21852,13.37753176689148
0.86,0.95,0.42,0.65,1.14,0.99,0.13,0.5,0.13,21821,13.381720304489136
0.86,0.95,0.42,0.65,1.14,0.98,0.14,0.5,0.13,21990,13.385315895080566
0.86,0.95,0.42,0.64,1.14,0.98,0.14,0.5,0.13,21875,13.386307716369629
0.86,0.95,0.42,0.65,1.14,0.98,0.14,0.5,0.13,22114,13.390302658081055
0.86,0.95,0.42,0.64,1.14,0.98,0.14,0.5,0.13,22653,13.394306898117065
0.86,0.95,0.42,0.65,1.14,0.98,0.14,0.5,0.13,22416,13.397305965423584
0.86,0.95,0.42,0.65,1.13,0.98,0.14,0.5,0.13,22063,13.398595333099365
0.86,0.95,0.42,0.65,1.14,0.98,0.14,0.5,0.13,22308,13.402005910873413
0.86,0.95,0.42,0.65,1.14,0.98,0.14,0.5,0.13,22415,13.406680822372437
0.86,0.95,0.42,0.64,1.14,0.98,0.14,0.5,0.13,22040,13.41075587272644
0.86,0.95,0.42,0.65,1.14,0.98,0.14,0.5,0.13,22253,13.41075587272644
0.86,0.96,0.42,0.65,1.13,0.97,0.14,0.5,0.13,21996,13.414754390716553
0.86,0.95,0.42,0.65,1.14,0.98,0.14,0.5,0.13,21699,13.419209718704224
0.86,0.95,0.42,0.64,1.14,0.98,0.14,0.5,0.13,21876,13.423207759857178
0.86,0.95,0.42,0.65,1.14,0.98,0.14,0.5,0.13,21993,13.423207759857178
0.86,0.95,0.42,0.65,1.14,0.99,0.14,0.5,0.13,21732,13.427207708358765
0.86,0.95,0.42,0.65,1.14,0.98,0.14,0.5,0.13,21707,13.4312162399292
0.86,0.95,0.42,0.65,1.14,0.98,0.14,0.5,0.13,21760,13.435020208358765
0.86,0.95,0.42,0.65,1.14,0.98,0.14,0.5,0.13,21969,13.436221599578857
0.86,0.95,0.42,0.65,1.14,0.98,0.14,0.5,0.13,22154,13.439236164093018
0.86,0.95,0.42,0.65,1.13,0.99,0.14,0.5,0.13,21453,13.443236351013184
0.86,0.95,0.42,0.65,1.14,0.99,0.14,0.5,0.13,21564,13.448238134384155
0.87,0.95,0.41,0.65,1.14,0.99,0.13,0.5,0.13,22319,13.45151424407959
0.86,0.95,0.42,0.65,1.14,0.99,0.14,0.5,0.13,22182,13.45223879814148
0.87,0.95,0.42,0.65,1.14,0.99,0.14,0.5,0.13,22091,13.4566490650177
0.87,0.95,0.42,0.66,1.14,0.99,0.14,0.5,0.13,22298,13.459619045257568
0.87,0.95,0.42,0.65,1.14,0.99,0.14,0.5,0.13,22215,13.463189840316772
0.87,0.95,0.42,0.65,1.13,0.98,0.14,0.5,0.13,22258,13.464243173599243
0.87,0.95,0.42,0.66,1.14,0.99,0.14,0.5,0.13,22107,13.468285322189331
0.87,0.95,0.42,0.65,1.14,0.99,0.14,0.5,0.13,22084,13.472107648849487
0.87,0.95,0.42,0.65,1.14,0.99,0.14,0.5,0.13,21743,13.47602128982544
0.87,0.95,0.42,0.65,1.14,0.99,0.14,0.5,0.13,21804,13.476668357849121
0.87,0.95,0.42,0.65,1.14,0.99,0.14,0.5,0.13,22065,13.480495929718018
0.86,0.95,0.42,0.65,1.14,0.99,0.14,0.5,0.13,21568,13.485522508621216
0.87,0.96,0.42,0.65,1.14,0.99,0.13,0.5,0.13,21827,13.48781704902649
0.87,0.95,0.42,0.65,1.13,0.99,0.14,0.5,0.13,22038,13.488902807235718
0.86,0.95,0.42,0.65,1.14,0.99,0.14,0.5,0.13,21711,13.49244737625122
0.87,0.95,0.42,0.66,1.13,0.99,0.14,0.5,0.12,21508,13.497677564620972
0.86,0.95,0.42,0.66,1.13,0.99,0.14,0.5,0.12,22213,13.501626253128052
0.86,0.95,0.42,0.66,1.13,0.98,0.14,0.5,0.13,22216,13.501626253128052
0.87,0.95,0.42,0.66,1.13,0.98,0.14,0.5,0.13,21821,13.504658460617065
0.87,0.95,0.42,0.66,1.13,0.98,0.14,0.5,0.13,22384,13.508771181106567
0.87,0.95,0.42,0.66,1.14,0.98,0.14,0.5,0.13,22391,13.512852907180786
0.87,0.95,0.42,0.66,1.14,0.98,0.14,0.5,0.12,22028,13.513885736465454
0.87,0.95,0.42,0.66,1.13,0.99,0.14,0.5,0.13,22091,13.517293691635132
0.86,0.95,0.42,0.66,1.14,0.98,0.14,0.5,0.13,21798,13.521710634231567
0.87,0.95,0.42,0.66,1.14,0.99,0.14,0.5,0.13,21597,13.525410652160645
0.87,0.95,0.42,0.66,1.14,0.99,0.14,0.5,0.13,21894,13.529578447341919
0.87,0.95,0.42,0.66,1.14,0.99,0.14,0.5,0.13,21589,13.529578447341919
0.87,0.96,0.42,0.67,1.14,0.98,0.14,0.5,0.13,21416,13.53361177444458
0.87,0.95,0.42,0.66,1.14,0.99,0.14,0.5,0.13,22113,13.537582874298096
0.87,0.95,0.42,0.66,1.14,0.99,0.14,0.5,0.13,22200,13.541722536087036
0.87,0.95,0.42,0.66,1.13,0.98,0.14,0.5,0.13,22097,13.542797565460205
0.87,0.95,0.42,0.66,1.14,0.98,0.14,0.5,0.13,22154,13.545958757400513
0.87,0.95,0.42,0.66,1.14,0.98,0.15,0.5,0.13,22195,13.550360202789307
0.87,0.95,0.42,0.66,1.14,0.99,0.14,0.5,0.13,22010,13.553610563278198
0.87,0.95,0.42,0.66,1.14,0.99,0.14,0.5,0.13,21997,13.554121255874634
0.87,0.95,0.42,0.65,1.14,0.99,0.15,0.5,0.13,22136,13.55802321434021
0.87,0.95,0.42,0.66,1.14,0.99,0.14,0.5,0.13,22033,13.561240434646606
0.87,0.95,0.42,0.66,1.14,0.99,0.14,0.5,0.13,22164,13.56626009941101
0.87,0.95,0.42,0.66,1.14,0.99,0.14,0.51,0.13,22319,13.56626009941101
0.87,0.95,0.42,0.66,1.13,0.99,0.14,0.5,0.13,22192,13.57027792930603
0.87,0.95,0.42,0.66,1.14,0.99,0.15,0.5,0.13,21855,13.574109077453613
0.87,0.95,0.42,0.66,1.14,0.98,0.14,0.5,0.13,21756,13.578875541687012
0.87,0.95,0.42,0.66,1.14,0.98,0.14,0.51,0.13,21973,13.579917669296265
0.87,0.95,0.42,0.66,1.14,0.98,0.14,0.51,0.13,22006,13.58249545097351
0.87,0.95,0.42,0.66,1.14,0.98,0.14,0.5,0.13,22163,13.586689949035645
0.87,0.95,0.42,0.66,1.14,0.99,0.15,0.5,0.13,22610,13.590689659118652
0.87,0.95,0.42,0.66,1.13,0.99,0.14,0.5,0.13,22183,13.5936861038208
0.86,0.95,0.42,0.66,1.14,0.99,0.14,0.5,0.13,21988,13.594805240631104
0.87,0.95,0.42,0.66,1.14,0.98,0.14,0.5,0.13,21987,13.598653793334961
0.87,0.95,0.42,0.66,1.14,0.98,0.14,0.51,0.13,22024,13.603704452514648
0.87,0.95,0.42,0.66,1.14,0.98,0.14,0.5,0.13,22213,13.607049465179443
0.87,0.95,0.42,0.66,1.14,0.99,0.14,0.5,0.13,22086,13.607049465179443
0.87,0.95,0.42,0.66,1.14,0.98,0.14,0.5,0.13,22023,13.611406564712524
0.87,0.95,0.42,0.66,1.14,0.98,0.14,0.5,0.13,21772,13.615812301635742
0.87,0.95,0.42,0.66,1.14,0.98,0.14,0.5,0.13,21619,13.61912202835083
0.87,0.95,0.43,0.66,1.14,0.98,0.14,0.5,0.13,21398,13.619871854782104
0.87,0.95,0.42,0.66,1.14,0.98,0.14,0.5,0.13,21819,13.623832941055298
0.87,0.95,0.43,0.66,1.14,0.98,0.14,0.5,0.13,22352,13.628366947174072
0.87,0.95,0.43,0.66,1.14,0.98,0.14,0.5,0.13,22417,13.631880044937134
0.87,0.95,0.43,0.67,1.14,0.98,0.14,0.5,0.13,21664,13.632907152175903
0.87,0.95,0.43,0.66,1.14,0.98,0.14,0.5,0.14,21617,13.635494947433472
0.87,0.95,0.43,0.66,1.14,0.98,0.14,0.5,0.13,21706,13.640336990356445
0.88,0.95,0.43,0.66,1.14,0.98,0.14,0.5,0.13,21989,13.644091129302979
0.87,0.95,0.43,0.66,1.14,0.98,0.14,0.5,0.13,21348,13.644917249679565
0.87,0.95,0.43,0.66,1.14,0.98,0.14,0.5,0.13,21287,13.648342847824097
0.87,0.95,0.43,0.66,1.14,0.98,0.15,0.5,0.13,21770,13.653351545333862
0.88,0.95,0.43,0.66,1.14,0.98,0.14,0.5,0.13,22049,13.656367778778076
0.88,0.95,0.43,0.66,1.14,0.99,0.14,0.5,0.13,21896,13.657351732254028
0.88,0.94,0.43,0.66,1.14,0.99,0.14,0.5,0.13,21527,13.660719871520996
0.88,0.95,0.43,0.66,1.14,0.99,0.14,0.5,0.13,21408,13.664902448654175
0.88,0.95,0.42,0.66,1.14,0.99,0.14,0.5,0.13,21561,13.668872833251953
0.88,0.95,0.42,0.66,1.14,0.99,0.14,0.5,0.13,21850,13.672358274459839
0.88,0.95,0.42,0.66,1.14,0.99,0.14,0.5,0.13,22079,13.672358274459839
0.88,0.95,0.42,0.66,1.14,0.98,0.14,0.5,0.13,21760,13.676568746566772
0.88,0.95,0.42,0.66,1.14,0.98,0.14,0.5,0.13,21919,13.681132316589355
0.88,0.95,0.42,0.66,1.14,0.98,0.14,0.5,0.13,22280,13.684160232543945
0.88,0.95,0.42,0.66,1.14,0.98,0.14,0.5,0.13,22495,13.685133457183838
0.88,0.95,0.42,0.66,1.14,0.98,0.14,0.5,0.13,22040,13.689130783081055
0.88,0.95,0.42,0.66,1.14,0.98,0.15,0.51,0.13,21561,13.693128824234009
0.88,0.95,0.43,0.66,1.14,0.98,0.14,0.5,0.13,21864,13.696585416793823
0.88,0.95,0.42,0.65,1.14,0.98,0.14,0.51,0.13,21395,13.697632074356079
0.88,0.95,0.43,0.66,1.14,0.99,0.14,0.5,0.13,21354,13.701296091079712
0.88,0.95,0.43,0.66,1.14,0.98,0.14,0.5,0.13,22049,13.70529294013977
0.88,0.96,0.42,0.66,1.14,0.98,0.13,0.5,0.13,21994,13.709291934967041
0.88,0.95,0.43,0.66,1.14,0.98,0.14,0.5,0.13,22267,13.709291934967041
0.88,0.95,0.43,0.66,1.14,0.99,0.14,0.5,0.13,22452,13.713221311569214
0.88,0.95,0.43,0.66,1.14,0.98,0.14,0.5,0.13,22029,13.71822476387024
0.88,0.95,0.43,0.66,1.14,0.99,0.14,0.5,0.13,21544,13.722224950790405
0.88,0.95,0.42,0.66,1.14,0.98,0.15,0.5,0.13,21743,13.723203897476196
0.88,0.95,0.42,0.66,1.14,0.99,0.14,0.51,0.13,21798,13.726434707641602
0.88,0.95,0.43,0.66,1.14,0.99,0.14,0.51,0.13,21805,13.729928016662598
0.88,0.95,0.43,0.66,1.14,0.99,0.14,0.5,0.13,22140,13.734958171844482
0.88,0.95,0.42,0.67,1.14,0.99,0.14,0.51,0.13,22199,13.738027095794678
0.87,0.95,0.42,0.66,1.14,0.98,0.14,0.51,0.13,22124,13.738027095794678
0.88,0.95,0.43,0.66,1.14,0.99,0.14,0.51,0.13,22271,13.742804050445557
0.88,0.95,0.43,0.66,1.14,0.99,0.14,0.51,0.13,22356,13.746217250823975
0.88,0.95,0.42,0.66,1.14,0.98,0.15,0.5,0.13,22243,13.750245809555054
0.88,0.95,0.43,0.66,1.14,0.99,0.14,0.51,0.13,22178,13.750245809555054
0.88,0.95,0.43,0.66,1.14,0.99,0.14,0.5,0.13,22227,13.754246473312378
0.88,0.95,0.43,0.67,1.14,0.99,0.14,0.5,0.13,22126,13.759400367736816
0.88,0.95,0.43,0.66,1.14,0.99,0.14,0.5,0.13,22151,13.762399435043335
0.88,0.95,0.43,0.67,1.14,0.99,0.14,0.51,0.13,22076,13.763400316238403
0.88,0.94,0.42,0.67,1.14,0.98,0.14,0.5,0.13,21915,13.767418622970581
0.88,0.95,0.43,0.67,1.14,0.99,0.14,0.51,0.13,21834,13.770936489105225
0.88,0.95,0.43,0.66,1.14,0.98,0.14,0.51,0.13,21751,13.775099754333496
0.88,0.95,0.42,0.66,1.14,0.98,0.14,0.5,0.13,21994,13.775099754333496
0.88,0.95,0.43,0.66,1.14,0.99,0.14,0.5,0.13,22339,13.779611587524414
0.88,0.95,0.43,0.67,1.14,0.99,0.14,0.51,0.13,22104,13.783627986907959
0.88,0.95,0.43,0.66,1.14,0.99,0.14,0.5,0.13,22115,13.787626028060913
0.88,0.95,0.43,0.66,1.14,0.99,0.15,0.51,0.14,22284,13.787626028060913
0.88,0.95,0.43,0.66,1.14,0.98,0.14,0.51,0.13,21991,13.790953636169434
0.88,0.95,0.43,0.66,1.14,0.99,0.14,0.51,0.13,21606,13.795325756072998
0.88,0.95,0.43,0.67,1.14,0.99,0.14,0.51,0.14,21637,13.800031423568726
0.88,0.95,0.43,0.66,1.14,0.98,0.15,0.51,0.14,22168,13.803482294082642
0.88,0.95,0.43,0.67,1.14,0.98,0.14,0.51,0.13,22585,13.804028749465942
0.88,0.95,0.43,0.66,1.14,0.98,0.14,0.5,0.14,22146,13.808575630187988
0.88,0.95,0.43,0.66,1.14,0.99,0.14,0.5,0.13,21975,13.812576055526733
0.88,0.95,0.43,0.67,1.14,0.98,0.14,0.5,0.14,21776,13.81557583808899
0.87,0.95,0.43,0.66,1.14,0.99,0.14,0.51,0.13,22029,13.8165762424469
0.88,0.95,0.43,0.67,1.14,0.99,0.14,0.5,0.13,22172,13.820577144622803
0.88,0.95,0.43,0.66,1.14,0.99,0.14,0.51,0.13,21997,13.824682235717773
0.88,0.95,0.43,0.66,1.14,0.98,0.14,0.5,0.14,22264,13.828036785125732
0.88,0.95,0.43,0.66,1.14,0.98,0.14,0.5,0.14,22335,13.82883358001709
0.88,0.95,0.43,0.66,1.14,0.98,0.14,0.5,0.14,22514,13.832921743392944
0.88,0.95,0.43,0.66,1.14,0.99,0.15,0.5,0.14,22345,13.83694577217102
0.88,0.95,0.43,0.66,1.14,0.98,0.14,0.5,0.14,21886,13.840092897415161
0.88,0.95,0.43,0.66,1.14,0.99,0.15,0.51,0.13,21763,13.841091871261597
0.88,0.95,0.43,0.66,1.14,0.98,0.14,0.51,0.14,22130,13.844093799591064
0.88,0.95,0.43,0.66,1.14,0.99,0.14,0.51,0.14,22191,13.84861421585083
0.88,0.95,0.43,0.67,1.14,0.98,0.15,0.51,0.14,22032,13.852405548095703
0.89,0.95,0.43,0.66,1.14,0.99,0.15,0.51,0.13,21759,13.8534414768219
0.88,0.95,0.43,0.66,1.14,0.98,0.14,0.51,0.14,21628,13.85668659210205
0.88,0.95,0.43,0.66,1.14,0.98,0.14,0.51,0.14,21813,13.860854387283325
0.88,0.95,0.42,0.66,1.14,0.99,0.14,0.5,0.14,22032,13.865037202835083
0.89,0.95,0.43,0.66,1.14,0.99,0.14,0.5,0.14,22085,13.86603307723999
0.88,0.95,0.43,0.66,1.14,0.98,0.14,0.5,0.14,22042,13.869028329849243
0.87,0.94,0.43,0.66,1.14,0.98,0.15,0.51,0.14,21901,13.873021125793457
0.88,0.95,0.43,0.66,1.14,0.98,0.14,0.5,0.13,21956,13.878118991851807
0.89,0.95,0.43,0.66,1.14,0.98,0.14,0.5,0.14,22125,13.881455183029175
0.88,0.95,0.43,0.66,1.15,0.98,0.14,0.5,0.14,21962,13.882491827011108
0.88,0.95,0.43,0.66,1.14,0.98,0.14,0.51,0.13,21721,13.885080814361572
0.88,0.95,0.43,0.66,1.14,0.98,0.14,0.5,0.14,22092,13.890124082565308
0.89,0.95,0.43,0.66,1.15,0.98,0.14,0.5,0.14,22187,13.893125534057617
0.88,0.95,0.43,0.66,1.14,0.98,0.14,0.5,0.14,21736,13.894168376922607
0.88,0.94,0.43,0.66,1.14,0.98,0.14,0.5,0.14,21859,13.897642374038696
0.88,0.95,0.43,0.66,1.14,0.98,0.14,0.51,0.13,22250,13.902671575546265
0.88,0.95,0.43,0.66,1.14,0.98,0.14,0.5,0.14,22233,13.905675411224365
0.88,0.95,0.43,0.66,1.14,0.98,0.14,0.5,0.14,22252,13.906677961349487
0.88,0.95,0.43,0.66,1.14,0.99,0.14,0.5,0.14,22083,13.910675525665283
0.88,0.95,0.43,0.66,1.14,0.98,0.14,0.5,0.14,21560,13.914132833480835
0.88,0.95,0.43,0.67,1.14,0.99,0.15,0.5,0.14,21519,13.9181809425354
0.88,0.95,0.43,0.66,1.14,0.98,0.15,0.5,0.13,21856,13.919207572937012
0.88,0.95,0.43,0.66,1.14,0.99,0.14,0.5,0.13,22049,13.92220950126648
0.88,0.95,0.43,0.66,1.14,0.99,0.14,0.5,0.14,21948,13.927207469940186
0.88,0.95,0.43,0.66,1.14,0.99,0.15,0.5,0.14,22063,13.930211067199707
0.89,0.95,0.43,0.66,1.14,0.99,0.15,0.5,0.13,22158,13.931211471557617
0.88,0.95,0.43,0.67,1.14,0.98,0.14,0.5,0.14,22085,13.93454909324646
0.88,0.95,0.43,0.67,1.14,0.99,0.15,0.5,0.13,21976,13.938766956329346
0.88,0.95,0.43,0.66,1.14,0.98,0.14,0.5,0.13,22247,13.942771196365356
0.88,0.95,0.43,0.66,1.14,0.98,0.15,0.5,0.14,21496,13.946823596954346
0.88,0.95,0.43,0.67,1.14,0.99,0.15,0.5,0.14,21989,13.947869777679443
0.89,0.95,0.43,0.66,1.14,0.99,0.15,0.5,0.14,22092,13.95172381401062
0.88,0.95,0.43,0.66,1.14,0.98,0.14,0.5,0.14,21813,13.955720901489258
0.88,0.95,0.43,0.67,1.15,0.98,0.14,0.5,0.14,21848,13.958723783493042
0.89,0.95,0.43,0.67,1.14,0.98,0.15,0.5,0.13,21971,13.959721565246582
0.89,0.95,0.43,0.66,1.14,0.99,0.15,0.5,0.14,22128,13.963721513748169
0.88,0.95,0.43,0.67,1.14,0.98,0.14,0.5,0.14,22177,13.967992544174194
0.88,0.95,0.43,0.66,1.14,0.98,0.14,0.5,0.14,22602,13.971388578414917
0.88,0.95,0.43,0.66,1.14,0.98,0.14,0.5,0.14,22361,13.971388578414917
0.88,0.95,0.43,0.67,1.14,0.99,0.14,0.5,0.14,22028,13.975510120391846
0.88,0.94,0.43,0.67,1.14,0.98,0.15,0.5,0.13,22041,13.980108499526978
0.88,0.95,0.43,0.67,1.14,0.99,0.15,0.5,0.14,22512,13.983267068862915
0.88,0.95,0.43,0.67,1.14,0.99,0.14,0.51,0.14,22323,13.984229564666748
0.89,0.95,0.43,0.67,1.14,0.99,0.15,0.5,0.14,22218,13.98836612701416
0.89,0.95,0.43,0.67,1.14,0.99,0.15,0.5,0.14,21923,13.99228286743164
0.89,0.95,0.43,0.67,1.14,0.98,0.15,0.5,0.14,22006,13.996508836746216
0.88,0.95,0.43,0.66,1.15,0.98,0.15,0.5,0.14,22255,13.997217893600464
0.89,0.95,0.43,0.67,1.14,0.99,0.15,0.5,0.14,22264,14.000589847564697
0.88,0.95,0.43,0.67,1.14,0.99,0.15,0.5,0.14,21857,14.005575895309448
0.88,0.95,0.43,0.66,1.14,0.98,0.15,0.5,0.14,21608,14.008548736572266
0.88,0.95,0.43,0.66,1.15,0.99,0.15,0.5,0.14,21533,14.008548736572266
0.88,0.95,0.43,0.66,1.14,0.99,0.15,0.5,0.14,21636,14.012839078903198
0.89,0.95,0.43,0.67,1.14,0.99,0.15,0.5,0.13,22005,14.016964197158813
0.88,0.95,0.43,0.67,1.15,0.98,0.15,0.5,0.14,22122,14.020963907241821
0.88,0.95,0.43,0.67,1.14,0.99,0.15,0.5,0.14,21603,14.023991346359253
0.88,0.95,0.43,0.67,1.15,0.99,0.15,0.5,0.13,21828,14.024959087371826
0.88,0.95,0.43,0.67,1.14,0.99,0.14,0.5,0.14,22031,14.028961420059204
0.88,0.94,0.43,0.67,1.15,0.98,0.15,0.49,0.14,21798,14.032934427261353
0.88,0.94,0.43,0.67,1.15,0.99,0.15,0.5,0.14,22169,14.03717303276062
0.88,0.95,0.43,0.67,1.15,0.99,0.15,0.5,0.14,22242,14.03717303276062
0.88,0.95,0.43,0.67,1.15,0.99,0.14,0.5,0.13,21655,14.04137372970581
0.88,0.95,0.43,0.67,1.15,0.99,0.15,0.5,0.14,21298,14.045377731323242
0.88,0.95,0.43,0.66,1.15,0.98,0.15,0.5,0.14,21519,14.049376487731934
0.89,0.95,0.43,0.67,1.15,0.99,0.15,0.5,0.14,22094,14.049376487731934
0.89,0.95,0.44,0.67,1.15,0.98,0.15,0.5,0.14,22209,14.053285360336304
0.89,0.95,0.43,0.67,1.15,0.99,0.14,0.5,0.14,21872,14.057441711425781
0.89,0.95,0.43,0.67,1.15,0.98,0.15,0.5,0.14,21645,14.061471223831177
0.89,0.95,0.43,0.67,1.15,0.99,0.15,0.5,0.14,21558,14.062474966049194
0.88,0.95,0.44,0.67,1.15,0.99,0.15,0.5,0.14,21579,14.065515041351318
0.89,0.95,0.43,0.66,1.14,0.99,0.14,0.5,0.14,21916,14.069722652435303
0.89,0.95,0.43,0.67,1.14,0.99,0.15,0.5,0.14,22159,14.073859691619873
0.89,0.95,0.43,0.66,1.15,0.99,0.15,0.5,0.14,21582,14.074895858764648
0.89,0.95,0.43,0.67,1.15,0.99,0.14,0.5,0.14,21863,14.07789397239685
0.88,0.94,0.43,0.67,1.15,0.99,0.15,0.5,0.14,22124,14.082003355026245
0.88,0.95,0.43,0.67,1.14,0.99,0.15,0.5,0.14,21693,14.086300611495972
0.89,0.95,0.43,0.67,1.14,0.98,0.15,0.5,0.13,21990,14.086300611495972
0.89,0.95,0.43,0.67,1.14,0.99,0.15,0.5,0.14,21971,14.090303659439087
0.89,0.95,0.43,0.66,1.14,0.98,0.15,0.5,0.14,22246,14.094468355178833
0.89,0.95,0.43,0.66,1.15,0.98,0.14,0.5,0.14,22425,14.098471641540527
0.88,0.95,0.44,0.66,1.15,0.99,0.15,0.51,0.14,22308,14.10245656967163
0.89,0.95,0.43,0.66,1.14,0.99,0.15,0.5,0.14,22139,14.103492021560669
0.88,0.95,0.43,0.67,1.14,0.98,0.15,0.5,0.14,21856,14.106475830078125
0.88,0.95,0.43,0.67,1.14,0.99,0.15,0.5,0.14,21677,14.110938310623169
0.88,0.95,0.43,0.67,1.15,0.99,0.15,0.5,0.13,22058,14.114935636520386
0.89,0.95,0.43,0.67,1.14,0.98,0.15,0.5,0.14,22323,14.11534333229065
0.88,0.95,0.43,0.67,1.14,0.98,0.14,0.5,0.14,22508,14.119346857070923
0.88,0.95,0.43,0.67,1.15,0.98,0.15,0.5,0.14,22371,14.123344898223877
0.89,0.95,0.43,0.67,1.15,0.98,0.14,0.5,0.14,22630,14.127134799957275
0.88,0.95,0.43,0.67,1.15,0.98,0.14,0.5,0.14,22317,14.128164529800415
0.89,0.95,0.43,0.67,1.15,0.98,0.14,0.5,0.14,21850,14.13193392753601
0.88,0.95,0.43,0.67,1.15,0.99,0.15,0.5,0.14,21745,14.135093212127686
0.88,0.95,0.43,0.67,1.15,0.99,0.14,0.5,0.14,22032,14.139096736907959
0.89,0.95,0.43,0.67,1.15,0.98,0.15,0.5,0.14,22075,14.140062808990479
0.89,0.95,0.43,0.67,1.14,0.99,0.15,0.5,0.14,22210,14.143274545669556
0.89,0.95,0.43,0.67,1.14,0.99,0.14,0.5,0.14,22257,14.147276878356934
0.89,0.95,0.43,0.67,1.14,0.99,0.15,0.5,0.14,22234,14.151274681091309
0.89,0.94,0.43,0.67,1.15,0.99,0.14,0.5,0.14,21729,14.152280569076538
0.88,0.94,0.43,0.67,1.14,0.98,0.15,0.5,0.14,21680,14.156226396560669
0.89,0.95,0.43,0.67,1.14,0.99,0.15,0.51,0.14,21759,14.160048007965088
0.89,0.95,0.43,0.66,1.14,0.99,0.15,0.5,0.14,21694,14.164406299591064
0.89,0.95,0.43,0.66,1.14,0.99,0.15,0.51,0.14,21843,14.164406299591064
0.89,0.95,0.44,0.66,1.14,0.99,0.15,0.5,0.14,22194,14.16846513748169
0.89,0.95,0.43,0.67,1.14,0.99,0.15,0.5,0.13,22037,14.172459363937378
0.89,0.95,0.43,0.67,1.14,0.99,0.14,0.5,0.14,21822,14.176772594451904
0.88,0.95,0.43,0.66,1.14,0.99,0.15,0.5,0.14,21779,14.179773807525635
0.88,0.95,0.43,0.67,1.14,0.98,0.14,0.5,0.14,22174,14.180917739868164
0.88,0.95,0.43,0.66,1.14,0.99,0.15,0.5,0.14,22399,14.184925556182861
0.89,0.94,0.43,0.67,1.14,0.99,0.15,0.5,0.14,22190,14.188937425613403
0.89,0.94,0.43,0.67,1.14,0.98,0.15,0.5,0.14,22441,14.192605018615723
0.88,0.95,0.43,0.67,1.14,0.98,0.14,0.5,0.13,22432,14.193639755249023
0.89,0.95,0.43,0.66,1.14,0.99,0.15,0.51,0.13,22403,14.197185277938843
0.89,0.95,0.43,0.67,1.14,0.99,0.14,0.5,0.14,21974,14.201246500015259
0.89,0.95,0.43,0.67,1.14,0.99,0.14,0.5,0.14,21917,14.20525050163269
0.89,0.95,0.43,0.67,1.15,0.98,0.15,0.5,0.14,22236,14.20525050163269
0.89,0.95,0.43,0.67,1.14,0.99,0.14,0.5,0.14,21753,14.209250211715698
0.88,0.95,0.43,0.67,1.14,0.98,0.14,0.5,0.14,21678,14.21324872970581
0.88,0.94,0.43,0.67,1.14,0.98,0.15,0.5,0.14,21677,14.217796564102173
0.88,0.95,0.43,0.67,1.14,0.98,0.15,0.5,0.14,21988,14.217875480651855
0.88,0.95,0.43,0.67,1.14,0.98,0.15,0.5,0.14,22121,14.221299409866333
0.88,0.95,0.43,0.67,1.14,0.98,0.14,0.5,0.14,22240,14.226296424865723
0.88,0.95,0.43,0.67,1.15,0.99,0.14,0.5,0.14,22317,14.229296684265137
0.88,0.95,0.43,0.67,1.15,0.99,0.15,0.5,0.14,22116,14.230296611785889
0.88,0.95,0.43,0.67,1.14,0.98,0.15,0.5,0.14,22507,14.234296560287476
0.89,0.95,0.43,0.68,1.14,0.99,0.14,0.5,0.14,22414,14.237680435180664
0.89,0.95,0.43,0.67,1.14,0.99,0.14,0.5,0.14,21941,14.24245572090149
0.89,0.95,0.43,0.67,1.15,0.99,0.15,0.5,0.14,21890,14.24245572090149
0.88,0.95,0.43,0.67,1.15,0.99,0.14,0.5,0.14,22477,14.245728969573975
0.89,0.95,0.43,0.66,1.14,0.99,0.15,0.51,0.14,22132,14.250730037689209
0.89,0.95,0.43,0.67,1.14,0.99,0.15,0.51,0.14,21859,14.254725933074951
0.89,0.95,0.43,0.67,1.15,0.99,0.14,0.5,0.14,21648,14.254725933074951
0.88,0.95,0.43,0.67,1.14,0.99,0.15,0.5,0.14,22063,14.258806467056274
0.88,0.95,0.43,0.67,1.15,0.98,0.15,0.51,0.14,22172,14.2618567943573
0.89,0.95,0.43,0.68,1.15,0.98,0.14,0.51,0.14,21969,14.26712965965271
0.89,0.95,0.43,0.67,1.15,0.99,0.15,0.5,0.14,21998,14.269948720932007
0.88,0.95,0.43,0.67,1.14,0.99,0.15,0.51,0.14,22279,14.271085739135742
0.88,0.95,0.43,0.68,1.14,0.99,0.14,0.51,0.14,22432,14.274721384048462
0.89,0.95,0.43,0.67,1.14,0.99,0.15,0.51,0.14,21983,14.279555320739746
0.89,0.95,0.43,0.67,1.14,0.99,0.15,0.51,0.14,21356,14.28337574005127
0.89,0.95,0.43,0.67,1.14,0.99,0.15,0.5,0.14,22271,14.28397798538208
0.89,0.95,0.43,0.68,1.14,0.99,0.15,0.5,0.14,22738,14.287149429321289
0.89,0.95,0.43,0.67,1.14,0.99,0.15,0.51,0.14,21927,14.291285753250122
0.89,0.95,0.43,0.68,1.14,0.99,0.14,0.5,0.14,22272,14.295281410217285
0.89,0.95,0.43,0.67,1.14,0.99,0.15,0.5,0.14,22067,14.295281410217285
0.89,0.95,0.43,0.67,1.14,0.99,0.15,0.51,0.14,21966,14.299571752548218
0.89,0.95,0.43,0.67,1.15,0.99,0.14,0.5,0.14,21995,14.303574085235596
0.88,0.95,0.43,0.67,1.15,0.99,0.15,0.5,0.14,22068,14.307425022125244
0.89,0.95,0.43,0.67,1.14,0.99,0.15,0.5,0.14,22157,14.307425022125244
0.88,0.95,0.44,0.67,1.14,0.99,0.15,0.51,0.14,22422,14.311454772949219
0.89,0.95,0.43,0.67,1.14,0.99,0.15,0.5,0.14,22345,14.315490961074829
0.89,0.95,0.43,0.68,1.14,0.99,0.15,0.5,0.14,22058,14.319489002227783
0.88,0.95,0.43,0.67,1.14,0.99,0.15,0.51,0.14,21791,14.320454597473145
0.89,0.95,0.43,0.67,1.14,0.99,0.15,0.51,0.14,21860,14.324499368667603
0.89,0.95,0.43,0.67,1.14,0.99,0.15,0.5,0.14,21873,14.327690362930298
0.89,0.95,0.43,0.67,1.14,0.99,0.15,0.5,0.14,22036,14.332698345184326
0.89,0.95,0.43,0.68,1.14,0.99,0.14,0.5,0.14,21839,14.335996627807617
0.89,0.95,0.43,0.68,1.14,0.99,0.15,0.51,0.14,21788,14.335996627807617
0.88,0.95,0.43,0.68,1.14,0.99,0.15,0.51,0.14,21645,14.339993238449097
0.89,0.95,0.43,0.68,1.14,0.99,0.15,0.5,0.14,21524,14.344993114471436
0.89,0.95,0.43,0.67,1.14,0.99,0.15,0.51,0.14,21853,14.348001718521118
0.89,0.95,0.42,0.67,1.14,0.99,0.15,0.5,0.14,21684,14.349035263061523
0.89,0.95,0.43,0.68,1.14,0.99,0.15,0.51,0.14,22091,14.352170705795288
0.89,0.95,0.43,0.67,1.14,0.99,0.15,0.51,0.14,22398,14.357194185256958
0.89,0.95,0.43,0.67,1.15,0.99,0.15,0.51,0.14,22209,14.361193656921387
0.89,0.95,0.43,0.67,1.15,0.99,0.15,0.51,0.14,22106,14.361193656921387
0.89,0.95,0.43,0.67,1.15,1.0,0.15,0.51,0.14,21981,14.365193843841553
0.89,0.95,0.43,0.67,1.15,0.99,0.15,0.51,0.14,22134,14.36920428276062
0.89,0.95,0.43,0.68,1.15,0.99,0.15,0.51,0.14,22093,14.373397827148438
0.89,0.95,0.43,0.67,1.15,0.99,0.15,0.5,0.14,22062,14.373397827148438
0.89,0.95,0.43,0.67,1.15,0.99,0.15,0.51,0.14,21481,14.3774094581604
0.89,0.95,0.43,0.68,1.15,0.99,0.15,0.51,0.13,21870,14.380985260009766
0.88,0.95,0.43,0.67,1.14,0.99,0.15,0.51,0.14,22305,14.385501146316528
0.89,0.95,0.43,0.68,1.14,0.99,0.15,0.51,0.14,21842,14.385501146316528
0.89,0.95,0.43,0.68,1.15,0.99,0.14,0.51,0.14,22001,14.389618158340454
0.89,0.95,0.43,0.67,1.14,1.0,0.15,0.51,0.14,22330,14.39358639717102
0.89,0.95,0.43,0.67,1.15,0.99,0.15,0.51,0.14,22037,14.397586345672607
0.9,0.95,0.43,0.67,1.15,0.99,0.14,0.51,0.14,22072,14.39858627319336
0.89,0.95,0.43,0.67,1.14,0.99,0.15,0.51,0.13,22209,14.40161657333374
0.9,0.95,0.43,0.67,1.15,0.99,0.15,0.51,0.14,21922,14.405835390090942
0.9,0.95,0.43,0.67,1.14,1.0,0.15,0.51,0.13,21991,14.409869194030762
0.9,0.95,0.43,0.67,1.14,0.99,0.15,0.51,0.14,22184,14.41387128829956
0.9,0.95,0.43,0.67,1.14,0.99,0.15,0.51,0.14,22135,14.41387128829956
0.9,0.95,0.43,0.67,1.15,0.99,0.15,0.51,0.13,22624,14.418900728225708
0.9,0.95,0.43,0.67,1.15,0.99,0.15,0.51,0.14,22125,14.42230224609375
0.9,0.95,0.43,0.67,1.15,0.99,0.15,0.51,0.14,21732,14.426311492919922
0.9,0.95,0.43,0.68,1.15,0.99,0.14,0.51,0.14,21837,14.426311492919922
0.9,0.95,0.43,0.67,1.15,0.99,0.15,0.51,0.14,22182,14.431519031524658
0.89,0.96,0.43,0.68,1.15,0.99,0.15,0.51,0.14,21785,14.434912919998169
0.89,0.95,0.43,0.67,1.15,0.99,0.15,0.51,0.13,22010,14.43876600265503
0.89,0.95,0.43,0.68,1.14,0.99,0.14,0.51,0.14,22367,14.439861059188843
0.9,0.95,0.42,0.67,1.14,0.99,0.15,0.51,0.14,21886,14.442399024963379
0.9,0.95,0.43,0.68,1.15,0.99,0.15,0.51,0.14,22115,14.447666883468628
0.9,0.95,0.43,0.67,1.15,1.0,0.15,0.51,0.14,22086,14.450698375701904
0.9,0.95,0.43,0.68,1.15,0.99,0.14,0.51,0.13,22151,14.45175051689148
0.9,0.95,0.43,0.67,1.14,0.99,0.14,0.51,0.14,22442,14.454750776290894
0.9,0.95,0.43,0.67,1.14,0.99,0.15,0.5,0.14,21945,14.459741353988647
0.9,0.95,0.43,0.67,1.14,0.99,0.15,0.51,0.14,21590,14.46374225616455
0.9,0.95,0.43,0.68,1.14,0.99,0.15,0.5,0.14,21817,14.46374225616455
0.9,0.95,0.43,0.67,1.14,0.99,0.15,0.51,0.14,21956,14.467483520507812
0.9,0.95,0.43,0.68,1.14,0.99,0.15,0.51,0.13,22401,14.471497774124146
0.9,0.95,0.42,0.67,1.14,0.99,0.15,0.5,0.14,22396,14.475505828857422
0.9,0.95,0.43,0.68,1.15,0.99,0.15,0.5,0.14,22183,14.478622436523438
0.9,0.95,0.43,0.67,1.15,0.99,0.14,0.5,0.13,22044,14.478622436523438
0.9,0.95,0.43,0.67,1.14,0.99,0.14,0.5,0.14,21733,14.48388385772705
0.9,0.95,0.42,0.68,1.15,0.99,0.15,0.5,0.14,21770,14.48790979385376
0.9,0.95,0.43,0.67,1.14,0.99,0.15,0.5,0.14,22051,14.490932703018188
0.9,0.95,0.43,0.68,1.14,0.99,0.15,0.51,0.14,21732,14.492343425750732
0.9,0.95,0.43,0.67,1.14,0.99,0.14,0.51,0.14,21787,14.496345281600952
0.9,0.95,0.43,0.67,1.15,0.99,0.15,0.51,0.14,22256,14.50034499168396
0.9,0.95,0.43,0.67,1.15,0.99,0.15,0.51,0.14,22463,14.503871202468872
0.9,0.95,0.43,0.68,1.15,0.99,0.15,0.51,0.14,21846,14.5048987865448
0.9,0.95,0.43,0.68,1.15,0.99,0.15,0.5,0.14,21483,14.508332967758179
0.9,0.95,0.43,0.67,1.15,0.99,0.14,0.51,0.14,21468,14.51244044303894
0.9,0.95,0.43,0.68,1.15,0.99,0.14,0.5,0.14,21427,14.51643991470337
0.9,0.95,0.43,0.67,1.15,0.99,0.15,0.5,0.14,21776,14.51643991470337
0.9,0.95,0.43,0.67,1.14,0.99,0.15,0.5,0.14,22359,14.520440578460693
0.9,0.95,0.43,0.67,1.14,0.99,0.15,0.51,0.14,22208,14.524440050125122
0.9,0.96,0.43,0.67,1.15,0.99,0.14,0.51,0.14,22031,14.528590202331543
0.9,0.95,0.43,0.67,1.15,0.99,0.15,0.5,0.13,21904,14.528590202331543
0.9,0.95,0.43,0.67,1.15,0.99,0.15,0.5,0.13,21875,14.53266978263855
0.9,0.95,0.43,0.67,1.15,0.99,0.15,0.51,0.14,22044,14.536608695983887
0.9,0.95,0.43,0.68,1.15,0.99,0.14,0.51,0.14,21647,14.541641473770142
0.9,0.95,0.43,0.68,1.15,0.99,0.15,0.51,0.13,21748,14.541641473770142
0.9,0.95,0.43,0.67,1.15,0.99,0.15,0.51,0.14,21851,14.544639825820923
0.89,0.95,0.43,0.68,1.15,0.99,0.15,0.51,0.14,22096,14.54881763458252
0.9,0.95,0.43,0.67,1.14,0.99,0.14,0.5,0.14,21969,14.553388357162476
0.9,0.95,0.43,0.68,1.14,0.99,0.14,0.51,0.14,21428,14.556474208831787
0.9,0.95,0.43,0.67,1.14,0.99,0.15,0.51,0.14,21733,14.557512521743774
0.9,0.95,0.43,0.67,1.14,0.99,0.15,0.51,0.14,21810,14.561511039733887
0.9,0.95,0.43,0.67,1.14,0.99,0.15,0.51,0.14,21947,14.565553665161133
0.9,0.95,0.43,0.68,1.14,0.99,0.15,0.51,0.14,22474,14.56971788406372
0.9,0.95,0.43,0.68,1.14,0.99,0.15,0.51,0.14,22207,14.56971788406372
0.9,0.95,0.43,0.67,1.14,0.99,0.15,0.51,0.14,21948,14.573447465896606
0.9,0.95,0.43,0.67,1.14,0.99,0.15,0.5,0.14,22185,14.577727317810059
0.9,0.95,0.43,0.67,1.14,1.0,0.14,0.51,0.14,22140,14.58170771598816
0.9,0.95,0.43,0.67,1.14,0.99,0.15,0.5,0.14,21987,14.582738876342773
0.9,0.95,0.43,0.67,1.14,0.99,0.15,0.5,0.13,22132,14.58603811264038
0.9,0.95,0.43,0.67,1.14,0.99,0.15,0.5,0.14,21603,14.590135335922241
0.9,0.96,0.43,0.67,1.15,0.99,0.15,0.5,0.13,21862,14.594194650650024
0.9,0.95,0.43,0.67,1.14,0.99,0.15,0.51,0.14,22121,14.594194650650024
0.9,0.95,0.43,0.68,1.14,0.99,0.15,0.51,0.14,22236,14.598341464996338
0.9,0.95,0.43,0.67,1.14,0.99,0.15,0.5,0.14,22139,14.602564811706543
0.9,0.95,0.43,0.67,1.14,0.99,0.15,0.51,0.14,22048,14.606665134429932
0.9,0.96,0.43,0.68,1.14,0.99,0.15,0.51,0.14,22391,14.607661962509155
0.9,0.95,0.43,0.68,1.15,0.99,0.15,0.5,0.14,22454,14.610684156417847
0.9,0.95,0.43,0.67,1.14,0.99,0.15,0.51,0.14,22779,14.614873886108398
0.9,0.95,0.43,0.67,1.15,0.99,0.15,0.51,0.14,22286,14.61887240409851
0.9,0.95,0.43,0.68,1.14,0.99,0.15,0.5,0.14,21619,14.621874332427979
0.9,0.95,0.43,0.67,1.14,0.99,0.15,0.5,0.14,21706,14.622879981994629
0.9,0.95,0.43,0.67,1.15,0.99,0.15,0.5,0.14,21803,14.626877546310425
0.9,0.95,0.43,0.68,1.15,0.99,0.15,0.51,0.14,22212,14.630988359451294
0.9,0.95,0.43,0.67,1.15,0.99,0.15,0.51,0.14,22067,14.634409427642822
0.9,0.95,0.43,0.67,1.14,0.99,0.15,0.51,0.13,21840,14.63561487197876
0.9,0.95,0.43,0.67,1.14,0.99,0.15,0.51,0.13,21667,14.639463901519775
0.9,0.95,0.43,0.68,1.14,0.99,0.15,0.51,0.14,21828,14.643463134765625
0.9,0.95,0.43,0.68,1.14,0.99,0.15,0.51,0.14,22303,14.646625518798828
0.9,0.95,0.43,0.67,1.14,0.99,0.14,0.5,0.13,21928,14.647622108459473
0.9,0.95,0.43,0.68,1.14,0.99,0.15,0.51,0.14,21721,14.651619672775269
0.9,0.95,0.43,0.67,1.14,0.99,0.15,0.51,0.14,21988,14.655988454818726
0.9,0.95,0.43,0.67,1.14,0.99,0.15,0.5,0.14,22319,14.658985376358032
0.91,0.95,0.43,0.67,1.14,0.99,0.15,0.51,0.14,21882,14.660279273986816
0.9,0.96,0.43,0.67,1.14,0.99,0.15,0.51,0.14,22161,14.663570404052734
0.9,0.95,0.43,0.67,1.14,0.99,0.15,0.51,0.14,22560,14.668445825576782
0.9,0.95,0.43,0.68,1.14,0.99,0.15,0.5,0.14,22389,14.671862840652466
0.9,0.95,0.43,0.67,1.14,0.99,0.15,0.51,0.14,22190,14.672897100448608
0.9,0.95,0.43,0.68,1.14,0.99,0.15,0.51,0.14,21903,14.675896644592285
0.9,0.95,0.43,0.68,1.14,0.99,0.15,0.51,0.14,21836,14.680300235748291
0.91,0.95,0.43,0.67,1.14,0.99,0.15,0.5,0.14,22063,14.684523582458496
0.9,0.95,0.44,0.68,1.14,0.99,0.15,0.51,0.14,22046,14.684523582458496
0.9,0.95,0.43,0.67,1.15,0.99,0.15,0.5,0.14,21927,14.688143253326416
0.9,0.95,0.43,0.68,1.14,0.99,0.15,0.51,0.14,21732,14.692880153656006
0.9,0.95,0.43,0.68,1.15,0.99,0.15,0.51,0.14,22215,14.69695520401001
0.9,0.95,0.43,0.67,1.14,0.99,0.15,0.5,0.14,21944,14.700226783752441
0.9,0.95,0.43,0.67,1.14,0.99,0.15,0.51,0.14,21761,14.700226783752441
0.9,0.95,0.43,0.68,1.14,0.99,0.15,0.51,0.14,22050,14.704261302947998
0.9,0.95,0.43,0.68,1.14,0.99,0.15,0.51,0.14,22035,14.7095627784729
0.9,0.95,0.43,0.68,1.14,0.99,0.15,0.51,0.14,21872,14.712753057479858
0.9,0.95,0.43,0.67,1.14,0.99,0.15,0.51,0.14,22263,14.713780164718628
0.9,0.95,0.43,0.67,1.15,0.99,0.15,0.51,0.14,22322,14.716909885406494
0.9,0.95,0.43,0.67,1.14,0.99,0.15,0.51,0.14,22001,14.721136808395386
0.9,0.95,0.43,0.67,1.14,0.99,0.15,0.51,0.14,21740,14.725136041641235
0.9,0.95,0.43,0.67,1.15,0.99,0.15,0.51,0.14,21953,14.726102828979492
0.9,0.95,0.43,0.67,1.14,0.99,0.15,0.51,0.14,21878,14.729140281677246
0.9,0.95,0.43,0.67,1.14,0.99,0.15,0.51,0.14,21743,14.733532667160034
0.89,0.95,0.43,0.67,1.14,0.99,0.15,0.51,0.14,21750,14.737396478652954
0.9,0.95,0.43,0.67,1.14,0.99,0.15,0.51,0.14,22015,14.737396478652954
0.9,0.95,0.43,0.68,1.14,0.99,0.15,0.51,0.14,22044,14.742380857467651
0.9,0.96,0.43,0.67,1.14,0.99,0.15,0.51,0.14,22109,14.746384382247925
0.9,0.95,0.43,0.67,1.14,0.99,0.15,0.51,0.14,22274,14.749900341033936
0.9,0.95,0.43,0.67,1.15,0.99,0.15,0.51,0.14,22603,14.750938177108765
0.9,0.95,0.43,0.67,1.15,0.99,0.15,0.51,0.14,22256,14.754488468170166
0.9,0.95,0.43,0.67,1.15,0.99,0.15,0.51,0.14,22085,14.758486270904541
0.9,0.95,0.43,0.67,1.15,0.99,0.15,0.51,0.14,21962,14.76248836517334
0.9,0.95,0.43,0.67,1.14,0.99,0.15,0.51,0.14,21653,14.765485525131226
0.91,0.95,0.43,0.67,1.14,0.99,0.14,0.51,0.14,21732,14.766497373580933
0.9,0.95,0.43,0.67,1.14,0.99,0.15,0.5,0.14,22099,14.770045280456543
0.91,0.95,0.43,0.67,1.14,0.99,0.14,0.51,0.14,22376,14.774704933166504
0.9,0.95,0.43,0.67,1.14,0.99,0.15,0.51,0.14,22075,14.778242588043213
0.9,0.95,0.43,0.67,1.14,0.99,0.15,0.51,0.13,21868,14.778242588043213
0.9,0.95,0.43,0.67,1.14,0.99,0.15,0.51,0.14,21889,14.782525300979614
0.9,0.95,0.43,0.67,1.14,0.99,0.15,0.51,0.14,22144,14.787504434585571
0.9,0.95,0.44,0.67,1.14,0.99,0.15,0.51,0.14,22003,14.790766477584839
0.9,0.95,0.43,0.67,1.14,0.99,0.15,0.51,0.14,21782,14.791504859924316
0.9,0.95,0.43,0.67,1.14,0.99,0.15,0.5,0.14,21907,14.795023202896118
0.9,0.95,0.43,0.67,1.15,0.99,0.15,0.51,0.14,21874,14.79948377609253
0.9,0.95,0.43,0.67,1.14,0.99,0.15,0.51,0.14,21821,14.803325414657593
0.9,0.95,0.43,0.67,1.14,0.99,0.15,0.51,0.14,21694,14.804379940032959
0.9,0.95,0.43,0.67,1.14,0.99,0.14,0.51,0.14,22059,14.807397603988647
0.9,0.95,0.43,0.67,1.14,0.99,0.15,0.51,0.14,22230,14.811178207397461
0.9,0.95,0.43,0.67,1.14,0.99,0.15,0.51,0.14,22011,14.816189527511597
0.9,0.95,0.43,0.67,1.14,0.99,0.15,0.51,0.14,21878,14.816282987594604
0.89,0.95,0.43,0.67,1.14,0.99,0.14,0.51,0.14,22081,14.819340467453003
0.9,0.96,0.43,0.68,1.14,0.99,0.15,0.51,0.14,22326,14.824347019195557
0.9,0.95,0.43,0.67,1.14,0.99,0.15,0.51,0.14,22215,14.827841520309448
0.9,0.95,0.43,0.67,1.15,0.99,0.15,0.5,0.14,22154,14.832060098648071
0.9,0.95,0.43,0.67,1.15,0.99,0.15,0.51,0.13,22055,14.832301139831543
0.9,0.95,0.43,0.67,1.14,0.99,0.15,0.51,0.14,21578,14.836448669433594
0.9,0.95,0.43,0.67,1.14,0.99,0.15,0.51,0.14,21865,14.840245246887207
0.9,0.95,0.43,0.67,1.14,0.99,0.15,0.51,0.14,22340,14.843539953231812
0.9,0.95,0.43,0.67,1.15,0.99,0.15,0.51,0.14,22189,14.843539953231812
0.9,0.95,0.43,0.67,1.14,0.99,0.15,0.51,0.14,21730,14.84853458404541
0.9,0.95,0.43,0.67,1.14,0.99,0.15,0.51,0.14,21675,14.85253620147705
0.9,0.95,0.43,0.67,1.14,1.0,0.15,0.51,0.14,21958,14.855716705322266
0.9,0.96,0.43,0.67,1.14,0.99,0.15,0.51,0.14,22155,14.856749534606934
0.9,0.95,0.43,0.68,1.14,0.99,0.15,0.51,0.14,22216,14.860873460769653
0.9,0.95,0.43,0.67,1.14,1.0,0.15,0.51,0.14,22205,14.86475920677185
0.9,0.95,0.43,0.67,1.15,0.99,0.15,0.51,0.14,22172,14.86844253540039
0.9,0.96,0.43,0.67,1.14,0.99,0.15,0.51,0.14,21715,14.86844253540039
0.9,0.95,0.43,0.67,1.15,1.0,0.15,0.51,0.14,21520,14.872783184051514
0.9,0.95,0.43,0.68,1.15,0.99,0.15,0.51,0.14,21849,14.876785039901733
0.9,0.95,0.43,0.67,1.15,0.99,0.15,0.51,0.14,22132,14.880781412124634
0.9,0.95,0.43,0.67,1.15,1.0,0.15,0.51,0.14,22309,14.882024765014648
0.9,0.95,0.43,0.67,1.15,1.0,0.14,0.51,0.14,22150,14.885020732879639
0.9,0.95,0.43,0.67,1.14,1.0,0.15,0.51,0.14,22201,14.888945817947388
0.9,0.96,0.43,0.67,1.14,1.0,0.15,0.51,0.14,22198,14.893250465393066
0.9,0.96,0.43,0.67,1.14,0.99,0.15,0.51,0.14,21939,14.893250465393066
0.9,0.95,0.43,0.67,1.14,1.0,0.15,0.51,0.14,22026,14.897477626800537
0.9,0.95,0.43,0.67,1.14,0.99,0.15,0.51,0.14,22025,14.901205062866211
0.9,0.96,0.43,0.67,1.14,0.99,0.15,0.51,0.14,22062,14.90543794631958
0.9,0.96,0.43,0.67,1.14,0.99,0.15,0.51,0.14,22177,14.90943455696106
0.9,0.95,0.43,0.67,1.14,0.99,0.15,0.51,0.14,22142,14.90943455696106
0.9,0.95,0.43,0.67,1.14,0.99,0.15,0.51,0.14,21935,14.914434671401978
0.9,0.96,0.43,0.67,1.14,0.99,0.14,0.51,0.14,21924,14.917895555496216
0.9,0.96,0.42,0.67,1.14,0.99,0.15,0.51,0.14,21611,14.921453952789307
0.9,0.95,0.42,0.67,1.14,1.0,0.15,0.51,0.14,21670,14.922189712524414
0.9,0.96,0.43,0.67,1.14,0.99,0.15,0.51,0.14,21721,14.926290512084961
0.9,0.96,0.43,0.67,1.14,0.99,0.15,0.51,0.14,21976,14.93029236793518
0.9,0.95,0.43,0.67,1.14,0.99,0.15,0.51,0.14,22487,14.93429946899414
0.9,0.95,0.43,0.67,1.14,0.99,0.15,0.51,0.14,22008,14.93429946899414
0.9,0.96,0.43,0.67,1.14,0.99,0.15,0.51,0.14,21931,14.938291788101196
0.9,0.95,0.43,0.67,1.14,0.99,0.15,0.51,0.14,21752,14.942232608795166
0.9,0.95,0.42,0.67,1.15,0.99,0.15,0.51,0.14,22301,14.946608543395996
0.91,0.95,0.43,0.67,1.15,0.99,0.15,0.51,0.14,21918,14.946608543395996
0.9,0.95,0.43,0.67,1.14,0.99,0.15,0.51,0.14,21605,14.950708627700806
0.9,0.95,0.43,0.67,1.14,0.99,0.15,0.51,0.13,21750,14.954693794250488
0.9,0.95,0.43,0.67,1.15,0.99,0.15,0.51,0.14,22223,14.959130764007568
0.9,0.96,0.43,0.67,1.15,0.99,0.15,0.51,0.14,22142,14.959957122802734
0.9,0.96,0.43,0.67,1.14,0.99,0.15,0.51,0.14,22063,14.962957382202148
0.9,0.95,0.43,0.66,1.15,0.99,0.15,0.51,0.13,21820,14.967751502990723
0.91,0.95,0.43,0.67,1.14,0.99,0.15,0.51,0.14,21485,14.97168493270874
0.9,0.95,0.43,0.67,1.14,0.99,0.15,0.51,0.14,21796,14.975183248519897
0.91,0.95,0.43,0.67,1.14,0.99,0.15,0.51,0.14,22261,14.975183248519897
0.9,0.95,0.43,0.67,1.14,0.99,0.15,0.51,0.14,22122,14.97922396659851
0.91,0.96,0.43,0.67,1.14,0.99,0.15,0.5,0.14,22025,14.98320484161377
0.9,0.95,0.43,0.67,1.14,0.99,0.15,0.51,0.14,21976,14.98678994178772
0.9,0.95,0.42,0.67,1.14,0.99,0.15,0.51,0.14,22205,14.98678994178772
0.9,0.95,0.43,0.67,1.14,0.99,0.15,0.51,0.14,22136,14.99180817604065
0.9,0.95,0.42,0.67,1.14,0.99,0.15,0.51,0.14,22275,14.995809078216553
0.9,0.95,0.43,0.67,1.14,0.99,0.15,0.51,0.14,22326,14.999808073043823
0.9,0.96,0.43,0.67,1.14,0.99,0.15,0.51,0.14,22173,14.999808073043823
0.9,0.95,0.43,0.67,1.14,0.99,0.15,0.51,0.14,22532,15.003803730010986
0.91,0.95,0.43,0.67,1.14,0.99,0.15,0.51,0.14,22697,15.00780987739563
0.91,0.95,0.43,0.67,1.14,0.99,0.14,0.51,0.14,22464,15.011826038360596
0.9,0.95,0.42,0.67,1.14,0.99,0.14,0.51,0.14,22383,15.012824535369873
0.9,0.95,0.43,0.67,1.14,0.99,0.14,0.5,0.14,22026,15.015925407409668
0.9,0.95,0.43,0.67,1.14,0.99,0.15,0.51,0.14,22281,15.020943403244019
0.9,0.95,0.43,0.67,1.14,0.99,0.15,0.51,0.14,22334,15.024166822433472
0.9,0.95,0.43,0.67,1.15,0.99,0.15,0.51,0.14,22127,15.025201559066772
0.91,0.95,0.43,0.67,1.14,0.99,0.14,0.51,0.14,22000,15.028198003768921
0.9,0.96,0.43,0.68,1.14,0.99,0.14,0.51,0.14,22389,15.032199144363403
0.9,0.95,0.43,0.67,1.14,0.99,0.14,0.51,0.14,21852,15.036195755004883
0.9,0.95,0.43,0.67,1.14,0.99,0.15,0.51,0.14,21603,15.0371994972229
0.9,0.95,0.43,0.68,1.14,0.99,0.15,0.51,0.14,21834,15.040198802947998
0.9,0.95,0.43,0.68,1.14,0.99,0.15,0.51,0.14,22031,15.044602394104004
0.9,0.95,0.43,0.67,1.15,0.99,0.14,0.51,0.14,21870,15.04832935333252
0.91,0.96,0.42,0.67,1.15,0.99,0.15,0.51,0.14,22005,15.052388429641724
0.9,0.95,0.43,0.67,1.14,0.99,0.15,0.51,0.14,22202,15.053357124328613
0.9,0.95,0.43,0.67,1.14,0.99,0.15,0.51,0.14,22023,15.057500839233398
0.9,0.95,0.43,0.67,1.15,0.99,0.15,0.51,0.14,21764,15.061411142349243
0.9,0.95,0.43,0.67,1.15,0.99,0.15,0.51,0.14,22231,15.065047264099121
0.91,0.95,0.43,0.67,1.14,0.99,0.15,0.51,0.13,22040,15.065608024597168
0.9,0.95,0.42,0.67,1.15,0.99,0.15,0.51,0.14,22177,15.070145606994629
0.91,0.95,0.43,0.67,1.14,0.99,0.15,0.51,0.14,22274,15.074462413787842
0.91,0.95,0.43,0.67,1.15,0.99,0.15,0.51,0.14,22093,15.077710151672363
0.9,0.95,0.43,0.67,1.15,0.99,0.15,0.5,0.14,22136,15.078462600708008
0.91,0.96,0.43,0.67,1.15,0.99,0.15,0.51,0.14,22191,15.081454038619995
0.9,0.95,0.43,0.67,1.15,0.99,0.15,0.51,0.14,22274,15.086503028869629
0.9,0.95,0.43,0.67,1.14,0.99,0.15,0.51,0.14,21903,15.090502500534058
0.91,0.95,0.43,0.67,1.14,0.99,0.15,0.51,0.13,21660,15.090502500534058
0.91,0.95,0.43,0.67,1.15,0.99,0.15,0.51,0.14,21645,15.095005750656128
0.9,0.95,0.43,0.67,1.14,0.99,0.15,0.51,0.14,21668,15.098134756088257
0.9,0.95,0.43,0.67,1.14,0.99,0.15,0.51,0.14,22339,15.103172302246094
0.91,0.95,0.43,0.67,1.15,0.99,0.15,0.51,0.14,22072,15.103172302246094
0.9,0.95,0.43,0.67,1.15,0.99,0.15,0.51,0.14,21887,15.106855392456055
0.91,0.95,0.43,0.67,1.14,0.99,0.15,0.51,0.14,21882,15.111512899398804
0.91,0.96,0.43,0.67,1.14,0.99,0.15,0.51,0.14,22239,15.114903688430786
0.9,0.96,0.43,0.67,1.14,0.99,0.15,0.52,0.14,21988,15.118212699890137
0.91,0.96,0.43,0.67,1.15,0.99,0.15,0.51,0.14,21651,15.118930578231812
0.91,0.95,0.42,0.67,1.15,0.99,0.15,0.51,0.14,21922,15.12293291091919
0.91,0.96,0.43,0.67,1.14,0.99,0.15,0.51,0.14,22221,15.127041578292847
0.91,0.96,0.43,0.67,1.14,0.99,0.15,0.51,0.14,22432,15.131466388702393
0.91,0.96,0.43,0.67,1.14,1.0,0.15,0.51,0.14,22719,15.131466388702393
0.91,0.95,0.43,0.67,1.14,0.99,0.15,0.51,0.14,22500,15.135575771331787
0.91,0.95,0.43,0.67,1.14,0.99,0.15,0.51,0.14,22241,15.139573335647583
0.91,0.96,0.43,0.67,1.14,0.99,0.15,0.51,0.14,22312,15.143168210983276
0.9,0.95,0.42,0.67,1.14,0.99,0.15,0.51,0.14,22161,15.144055366516113
0.91,0.95,0.43,0.67,1.15,0.99,0.15,0.51,0.14,21776,15.148054838180542
0.91,0.95,0.43,0.68,1.14,0.99,0.15,0.51,0.14,22005,15.152225494384766
0.9,0.96,0.43,0.67,1.14,0.99,0.15,0.51,0.14,22550,15.155391931533813
0.91,0.95,0.43,0.67,1.15,0.99,0.15,0.51,0.14,22169,15.155391931533813
0.9,0.96,0.42,0.67,1.15,0.99,0.15,0.51,0.13,21716,15.160538673400879
0.9,0.96,0.42,0.67,1.14,0.99,0.15,0.51,0.14,21965,15.163624048233032
0.9,0.96,0.43,0.68,1.15,0.99,0.15,0.51,0.14,22062,15.167773008346558
0.91,0.96,0.43,0.67,1.14,0.99,0.15,0.51,0.14,21835,15.168639183044434
0.9,0.96,0.43,0.67,1.14,0.99,0.15,0.51,0.14,21944,15.171359539031982
0.91,0.95,0.43,0.67,1.14,1.0,0.15,0.51,0.14,22225,15.17682957649231
0.91,0.96,0.43,0.67,1.14,1.0,0.15,0.51,0.14,22060,15.1799795627594
0.9,0.95,0.42,0.67,1.14,0.99,0.15,0.51,0.14,21623,15.1799795627594
0.9,0.95,0.43,0.67,1.14,0.99,0.15,0.51,0.14,21562,15.183762311935425
0.9,0.96,0.43,0.67,1.14,1.0,0.15,0.51,0.13,21541,15.188554286956787
0.9,0.96,0.43,0.67,1.14,0.99,0.15,0.51,0.14,21798,15.192557334899902
0.9,0.96,0.43,0.67,1.14,0.99,0.15,0.51,0.14,21689,15.195559740066528
0.9,0.96,0.43,0.67,1.14,0.99,0.15,0.51,0.14,21636,15.196553707122803
0.9,0.96,0.43,0.67,1.14,0.99,0.15,0.51,0.14,21825,15.200557231903076
0.91,0.96,0.42,0.67,1.14,1.0,0.15,0.51,0.13,21748,15.205137252807617
0.91,0.96,0.43,0.67,1.14,1.0,0.15,0.51,0.14,21751,15.208351135253906
0.9,0.96,0.42,0.67,1.14,1.0,0.14,0.51,0.14,22116,15.208351135253906
0.91,0.95,0.43,0.67,1.14,0.99,0.15,0.51,0.14,22037,15.212626934051514
0.9,0.96,0.42,0.67,1.14,0.99,0.15,0.51,0.14,22188,15.216511011123657
0.9,0.96,0.43,0.68,1.14,0.99,0.15,0.51,0.14,22121,15.220480680465698
0.91,0.96,0.43,0.67,1.14,0.99,0.15,0.51,0.14,22128,15.221494913101196
0.91,0.96,0.43,0.67,1.14,0.99,0.15,0.51,0.14,21853,15.225475549697876
0.9,0.96,0.43,0.67,1.14,0.99,0.15,0.51,0.14,21886,15.229326486587524
0.91,0.96,0.43,0.67,1.14,0.99,0.15,0.51,0.14,22539,15.233243465423584
0.91,0.96,0.43,0.67,1.14,0.99,0.15,0.51,0.14,22520,15.234274625778198
0.91,0.95,0.42,0.67,1.14,0.99,0.15,0.51,0.14,22133,15.236780166625977
0.9,0.95,0.43,0.67,1.14,0.99,0.15,0.51,0.14,22528,15.241787433624268
0.9,0.95,0.43,0.67,1.14,0.99,0.15,0.51,0.14,21979,15.245786428451538
0.9,0.95,0.43,0.67,1.14,0.99,0.15,0.51,0.14,21992,15.24678373336792
0.91,0.95,0.43,0.67,1.14,0.99,0.15,0.51,0.14,22443,15.24934697151184
0.91,0.95,0.43,0.67,1.14,0.99,0.15,0.51,0.14,22150,15.253714323043823
0.91,0.96,0.43,0.67,1.14,0.99,0.15,0.51,0.14,22105,15.258152961730957
0.91,0.95,0.43,0.67,1.14,0.99,0.15,0.51,0.14,21988,15.259161710739136
0.91,0.95,0.43,0.67,1.14,0.99,0.15,0.51,0.14,21993,15.262168407440186
0.9,0.95,0.43,0.67,1.14,0.99,0.15,0.51,0.13,22328,15.266178607940674
0.91,0.95,0.43,0.67,1.14,1.0,0.15,0.51,0.14,22125,15.270739793777466
0.9,0.95,0.43,0.67,1.15,0.99,0.15,0.51,0.14,22338,15.270739793777466
0.9,0.95,0.43,0.67,1.14,0.99,0.15,0.51,0.14,22145,15.274251222610474
0.91,0.95,0.43,0.67,1.14,0.99,0.15,0.51,0.14,22158,15.278290033340454
0.91,0.95,0.43,0.67,1.14,0.99,0.15,0.51,0.14,22243,15.282751083374023
0.91,0.95,0.43,0.67,1.14,0.99,0.15,0.51,0.14,22208,15.286755800247192
0.91,0.95,0.43,0.67,1.14,0.99,0.15,0.51,0.14,22023,15.286755800247192
0.91,0.95,0.43,0.67,1.14,0.99,0.15,0.51,0.14,21934,15.29072880744934
0.91,0.95,0.43,0.67,1.14,0.99,0.15,0.51,0.14,22177,15.294487953186035
0.91,0.95,0.43,0.67,1.14,0.99,0.15,0.51,0.14,22364,15.298523426055908
0.91,0.95,0.43,0.67,1.15,0.99,0.15,0.51,0.14,22239,15.299558639526367
0.91,0.95,0.43,0.67,1.14,0.99,0.15,0.51,0.14,21716,15.302555084228516
0.91,0.95,0.43,0.67,1.14,0.99,0.15,0.51,0.14,21659,15.30755615234375
0.91,0.96,0.43,0.67,1.14,0.99,0.16,0.51,0.14,22102,15.310551643371582
0.91,0.95,0.43,0.67,1.14,0.99,0.15,0.51,0.14,22971,15.311555624008179
0.9,0.95,0.42,0.67,1.14,0.99,0.15,0.51,0.14,22630,15.314840316772461
0.91,0.95,0.42,0.67,1.14,0.99,0.15,0.51,0.13,22235,15.319862127304077
0.91,0.95,0.42,0.67,1.14,0.99,0.15,0.51,0.14,22028,15.323867082595825
0.91,0.95,0.43,0.67,1.14,0.99,0.14,0.51,0.14,22063,15.323867082595825
0.91,0.95,0.43,0.67,1.15,0.99,0.15,0.52,0.14,22080,15.327855825424194
0.91,0.95,0.43,0.67,1.14,0.99,0.15,0.51,0.14,22187,15.33126950263977
0.91,0.96,0.43,0.67,1.14,0.99,0.15,0.52,0.14,22004,15.335297107696533
0.91,0.96,0.42,0.67,1.14,0.99,0.15,0.52,0.13,21897,15.336297273635864
0.91,0.96,0.43,0.67,1.14,0.99,0.15,0.52,0.14,21874,15.339301824569702
0.91,0.96,0.43,0.68,1.14,0.99,0.14,0.52,0.14,21707,15.344297409057617
0.9,0.96,0.43,0.67,1.14,0.99,0.15,0.51,0.14,22058,15.347766160964966
0.91,0.95,0.42,0.67,1.14,0.99,0.15,0.51,0.14,21733,15.348798513412476
0.91,0.95,0.42,0.67,1.14,0.99,0.15,0.51,0.13,22120,15.35182785987854
0.91,0.96,0.42,0.67,1.14,0.99,0.15,0.51,0.13,22085,15.35604476928711
0.91,0.96,0.43,0.67,1.14,0.99,0.15,0.51,0.14,22272,15.361035585403442
0.91,0.96,0.43,0.67,1.14,0.99,0.15,0.51,0.14,22175,15.36403751373291
0.91,0.95,0.43,0.68,1.14,0.99,0.15,0.51,0.14,22532,15.365036725997925
0.91,0.95,0.43,0.68,1.14,0.99,0.15,0.51,0.14,22665,15.368040084838867
0.91,0.96,0.43,0.67,1.14,0.99,0.15,0.51,0.13,22230,15.372297525405884
0.91,0.96,0.43,0.67,1.14,0.99,0.15,0.52,0.13,22019,15.376424789428711
0.91,0.95,0.42,0.68,1.14,0.99,0.15,0.51,0.14,21900,15.376424789428711
0.91,0.96,0.42,0.67,1.14,0.99,0.15,0.52,0.14,22405,15.380404710769653
0.91,0.96,0.42,0.67,1.14,0.99,0.15,0.51,0.13,21992,15.384535074234009
0.91,0.96,0.43,0.67,1.14,0.99,0.15,0.52,0.13,21817,15.389549016952515
0.91,0.96,0.42,0.67,1.14,0.99,0.15,0.51,0.13,21764,15.389549016952515
0.91,0.96,0.42,0.67,1.14,0.99,0.15,0.52,0.14,21699,15.393552541732788
0.91,0.96,0.43,0.68,1.14,0.99,0.15,0.51,0.14,21450,15.397552490234375
0.91,0.96,0.43,0.67,1.14,1.0,0.15,0.51,0.14,21711,15.40098237991333
0.91,0.96,0.43,0.67,1.14,1.0,0.15,0.51,0.14,21976,15.402014970779419
0.91,0.96,0.43,0.68,1.14,0.99,0.15,0.52,0.14,21927,15.405592679977417
0.91,0.96,0.42,0.67,1.14,0.99,0.15,0.51,0.14,21650,15.409137964248657
0.91,0.96,0.43,0.68,1.14,0.99,0.15,0.51,0.14,21585,15.413424968719482
0.91,0.96,0.43,0.68,1.14,0.99,0.15,0.51,0.13,21772,15.413424968719482
0.91,0.96,0.43,0.68,1.14,0.99,0.15,0.51,0.13,21895,15.417786359786987
0.91,0.96,0.43,0.68,1.14,0.99,0.15,0.52,0.14,21964,15.421841382980347
0.91,0.96,0.42,0.68,1.14,1.0,0.15,0.51,0.14,21957,15.426295042037964
0.91,0.96,0.43,0.68,1.14,1.0,0.15,0.51,0.14,22300,15.426295042037964
0.91,0.96,0.42,0.68,1.14,0.99,0.15,0.51,0.14,21881,15.430314064025879
0.91,0.96,0.43,0.67,1.14,0.99,0.14,0.51,0.13,21986,15.433549404144287
0.91,0.96,0.43,0.67,1.14,0.99,0.14,0.51,0.14,22131,15.438600540161133
0.91,0.95,0.43,0.68,1.14,0.99,0.14,0.51,0.14,21952,15.442164421081543
0.91,0.95,0.43,0.68,1.14,0.99,0.15,0.51,0.14,22293,15.443110704421997
0.91,0.95,0.43,0.67,1.14,0.99,0.15,0.51,0.14,22198,15.447109937667847
0.91,0.96,0.42,0.68,1.14,0.99,0.16,0.51,0.14,21721,15.451123237609863
0.91,0.96,0.43,0.68,1.14,0.99,0.15,0.52,0.14,21904,15.455110549926758
0.9,0.96,0.43,0.68,1.14,0.99,0.15,0.51,0.14,21809,15.455110549926758
0.91,0.96,0.43,0.68,1.14,0.99,0.15,0.52,0.14,21588,15.459109544754028
0.91,0.96,0.43,0.67,1.14,0.99,0.15,0.51,0.14,22071,15.463454008102417
0.91,0.96,0.43,0.68,1.14,0.99,0.15,0.51,0.14,22154,15.466737270355225
0.91,0.96,0.43,0.67,1.14,0.99,0.15,0.51,0.13,21829,15.466737270355225
0.91,0.95,0.43,0.67,1.14,0.99,0.15,0.51,0.13,21970,15.471882104873657
0.9,0.96,0.43,0.68,1.14,0.99,0.15,0.51,0.14,22235,15.474858045578003
0.91,0.95,0.43,0.67,1.14,0.99,0.15,0.51,0.14,22044,15.478864192962646
0.91,0.96,0.43,0.68,1.14,0.99,0.15,0.51,0.14,21973,15.479861497879028
0.92,0.95,0.43,0.68,1.14,0.99,0.15,0.52,0.14,22108,15.48340892791748
0.91,0.96,0.43,0.67,1.15,0.99,0.15,0.51,0.14,21843,15.487398624420166
0.91,0.95,0.43,0.67,1.14,0.99,0.15,0.51,0.14,21978,15.491393089294434
0.91,0.95,0.42,0.67,1.14,0.99,0.15,0.51,0.14,21705,15.492424964904785
0.91,0.96,0.43,0.67,1.14,0.99,0.15,0.51,0.14,21786,15.495423793792725
0.91,0.95,0.43,0.67,1.15,0.99,0.15,0.51,0.14,21601,15.499480485916138
0.91,0.95,0.43,0.67,1.14,0.99,0.15,0.52,0.13,22034,15.503524780273438
0.92,0.96,0.43,0.68,1.14,0.99,0.14,0.51,0.14,21939,15.50655460357666
0.91,0.95,0.43,0.68,1.14,0.99,0.15,0.51,0.14,21896,15.507526636123657
0.91,0.95,0.43,0.68,1.14,0.99,0.15,0.51,0.14,22207,15.51152229309082
0.91,0.95,0.43,0.68,1.14,0.99,0.15,0.51,0.14,22334,15.515804529190063
0.91,0.96,0.43,0.68,1.14,0.99,0.15,0.51,0.14,22265,15.519675493240356
0.91,0.96,0.43,0.68,1.14,0.99,0.15,0.51,0.14,21658,15.520739555358887
0.91,0.96,0.43,0.68,1.14,0.99,0.15,0.51,0.13,21649,15.52386736869812
0.91,0.95,0.43,0.67,1.14,0.99,0.15,0.51,0.14,22048,15.528459072113037
0.9,0.95,0.43,0.67,1.14,0.99,0.15,0.52,0.14,21883,15.532706499099731
0.91,0.96,0.43,0.67,1.14,0.99,0.15,0.51,0.14,21978,15.532706499099731
0.91,0.95,0.43,0.67,1.14,0.99,0.15,0.51,0.14,22133,15.536725282669067
0.91,0.95,0.43,0.68,1.14,0.99,0.15,0.52,0.14,22322,15.540737390518188
0.91,0.95,0.43,0.68,1.15,0.99,0.15,0.52,0.14,22503,15.544674396514893
0.91,0.95,0.43,0.67,1.14,0.99,0.15,0.52,0.14,21856,15.54575228691101
0.91,0.96,0.43,0.67,1.14,0.99,0.15,0.52,0.13,21997,15.548688411712646
0.91,0.96,0.43,0.67,1.14,0.99,0.14,0.51,0.14,22026,15.552485466003418
0.91,0.95,0.43,0.67,1.14,0.99,0.14,0.52,0.13,21945,15.557552576065063
0.91,0.95,0.43,0.67,1.14,0.99,0.15,0.51,0.14,21604,15.557552576065063
0.91,0.96,0.43,0.67,1.14,0.99,0.15,0.51,0.13,22177,15.561098575592041
0.91,0.95,0.43,0.68,1.13,0.99,0.15,0.52,0.13,22446,15.565309762954712
0.91,0.95,0.43,0.67,1.14,0.99,0.15,0.51,0.13,22493,15.569656133651733
0.9,0.96,0.43,0.68,1.14,0.99,0.15,0.51,0.14,22538,15.570640563964844
0.91,0.95,0.43,0.68,1.14,0.99,0.15,0.51,0.14,22455,15.5736403465271
0.91,0.96,0.43,0.68,1.14,0.99,0.15,0.52,0.13,22008,15.577264785766602
0.91,0.95,0.42,0.67,1.14,0.99,0.15,0.51,0.13,21823,15.582204818725586
0.91,0.95,0.42,0.68,1.14,0.99,0.15,0.51,0.14,21680,15.585212707519531
0.91,0.95,0.43,0.68,1.14,0.99,0.14,0.51,0.13,21809,15.5862135887146
0.91,0.95,0.43,0.68,1.14,0.99,0.15,0.51,0.14,22182,15.58924126625061
0.91,0.95,0.43,0.68,1.14,0.99,0.15,0.51,0.14,22073,15.593539714813232
0.91,0.96,0.43,0.68,1.14,0.99,0.15,0.51,0.14,22010,15.59763216972351
0.91,0.96,0.43,0.68,1.14,0.99,0.15,0.51,0.14,21913,15.59763216972351
0.91,0.95,0.43,0.67,1.14,0.99,0.15,0.52,0.14,21970,15.601823568344116
0.91,0.96,0.43,0.67,1.14,0.99,0.15,0.51,0.14,22335,15.605823993682861
0.91,0.96,0.43,0.67,1.14,0.99,0.15,0.52,0.14,21738,15.608969449996948
0.91,0.96,0.43,0.67,1.14,0.99,0.15,0.52,0.14,21585,15.610973596572876
0.91,0.95,0.43,0.67,1.14,0.99,0.15,0.51,0.14,21694,15.614973306655884
0.91,0.96,0.43,0.68,1.14,0.99,0.15,0.51,0.14,21629,15.618387460708618
0.91,0.96,0.43,0.67,1.14,0.99,0.15,0.52,0.14,21642,15.622703313827515
0.91,0.95,0.43,0.67,1.14,0.99,0.15,0.51,0.14,21563,15.622703313827515
0.92,0.95,0.43,0.68,1.14,0.99,0.15,0.51,0.14,21494,15.626973867416382
0.91,0.96,0.43,0.68,1.14,0.99,0.15,0.51,0.14,21591,15.630517959594727
0.91,0.95,0.43,0.68,1.14,0.99,0.15,0.51,0.14,22150,15.63551664352417
0.91,0.95,0.43,0.68,1.14,0.99,0.15,0.51,0.14,22159,15.63551664352417
0.91,0.95,0.43,0.68,1.14,0.99,0.15,0.51,0.14,22004,15.63854694366455
0.91,0.96,0.43,0.68,1.14,0.98,0.15,0.51,0.14,21851,15.642780303955078
0.91,0.95,0.43,0.68,1.14,0.99,0.15,0.51,0.14,21886,15.647819995880127
0.91,0.95,0.43,0.68,1.14,0.99,0.15,0.51,0.14,21875,15.650992631912231
0.91,0.96,0.43,0.67,1.14,0.99,0.15,0.51,0.14,21782,15.651813507080078
0.91,0.96,0.43,0.68,1.14,0.99,0.15,0.51,0.14,22159,15.655173778533936
0.91,0.96,0.43,0.67,1.14,0.99,0.15,0.51,0.14,21976,15.65958046913147
0.91,0.96,0.43,0.68,1.14,0.99,0.15,0.51,0.14,22069,15.663169384002686
0.91,0.96,0.43,0.68,1.14,0.99,0.15,0.51,0.14,22414,15.664172649383545
0.91,0.95,0.43,0.68,1.14,0.99,0.15,0.51,0.14,21985,15.66738748550415
0.91,0.95,0.43,0.68,1.14,0.99,0.15,0.51,0.13,22164,15.672435283660889
0.91,0.95,0.43,0.68,1.14,0.99,0.15,0.51,0.14,22495,15.675745964050293
0.91,0.95,0.42,0.67,1.14,0.99,0.15,0.51,0.13,22000,15.676482200622559
0.91,0.95,0.43,0.67,1.14,0.99,0.15,0.51,0.14,21829,15.67985987663269
0.91,0.95,0.43,0.67,1.14,0.99,0.15,0.51,0.13,22124,15.684120655059814
0.91,0.96,0.43,0.68,1.14,0.99,0.15,0.51,0.13,21881,15.687999486923218
0.91,0.95,0.43,0.68,1.14,0.99,0.15,0.51,0.14,21926,15.688971757888794
0.91,0.96,0.43,0.68,1.14,0.99,0.15,0.51,0.14,21831,15.692078590393066
0.9,0.96,0.43,0.67,1.14,0.99,0.15,0.51,0.13,21686,15.696102857589722
0.91,0.95,0.43,0.68,1.14,0.99,0.15,0.51,0.13,22091,15.700108289718628
0.91,0.95,0.43,0.67,1.14,0.99,0.15,0.52,0.14,22366,15.701094627380371
0.91,0.95,0.43,0.68,1.14,0.99,0.15,0.51,0.13,22177,15.704407930374146
0.91,0.95,0.43,0.68,1.15,0.99,0.15,0.51,0.14,22120,15.708404064178467
0.91,0.95,0.43,0.68,1.15,0.99,0.15,0.52,0.13,21837,15.712371587753296
0.91,0.96,0.43,0.68,1.14,0.99,0.14,0.51,0.13,21978,15.716373205184937
0.9,0.96,0.43,0.68,1.14,0.99,0.15,0.51,0.14,22041,15.716373205184937
0.91,0.96,0.43,0.68,1.15,0.99,0.15,0.51,0.14,22212,15.72046446800232
0.91,0.96,0.43,0.68,1.15,0.99,0.15,0.51,0.14,22551,15.724600791931152
0.91,0.95,0.42,0.68,1.14,0.99,0.15,0.51,0.14,22048,15.728601694107056
0.91,0.96,0.43,0.68,1.14,0.99,0.15,0.51,0.14,21593,15.728601694107056
0.91,0.96,0.43,0.68,1.14,0.99,0.15,0.51,0.14,21540,15.732596158981323
0.91,0.96,0.43,0.68,1.14,0.99,0.15,0.51,0.14,21825,15.73701286315918
0.91,0.96,0.43,0.68,1.14,0.98,0.15,0.51,0.14,21930,15.741173505783081
0.91,0.96,0.43,0.68,1.14,0.99,0.15,0.51,0.14,22063,15.742185592651367
0.91,0.96,0.43,0.68,1.14,0.99,0.15,0.51,0.14,21720,15.745848655700684
0.91,0.95,0.43,0.68,1.14,0.99,0.15,0.51,0.14,21901,15.750535249710083
0.91,0.95,0.43,0.68,1.14,0.99,0.14,0.51,0.14,21796,15.753519058227539
0.91,0.95,0.43,0.68,1.14,0.99,0.15,0.51,0.13,21581,15.753519058227539
0.91,0.95,0.43,0.68,1.14,0.99,0.15,0.51,0.14,21988,15.758740425109863
0.91,0.96,0.43,0.68,1.14,0.99,0.15,0.51,0.14,22407,15.762814044952393
0.91,0.96,0.43,0.67,1.14,0.99,0.15,0.51,0.14,22228,15.76535964012146
0.91,0.96,0.43,0.68,1.14,0.99,0.15,0.51,0.14,22187,15.766371726989746
0.91,0.96,0.43,0.68,1.14,0.99,0.15,0.51,0.14,22222,15.7704017162323
0.91,0.96,0.43,0.68,1.14,0.99,0.15,0.52,0.14,22259,15.775061130523682
0.91,0.96,0.43,0.68,1.14,0.99,0.15,0.51,0.14,21990,15.777841329574585
0.91,0.96,0.43,0.67,1.14,0.99,0.15,0.51,0.14,22235,15.778595924377441
0.91,0.96,0.43,0.68,1.14,0.99,0.15,0.51,0.14,22308,15.782592535018921
0.91,0.96,0.43,0.68,1.14,0.99,0.15,0.51,0.14,21967,15.786121368408203
0.91,0.96,0.43,0.68,1.14,0.99,0.15,0.51,0.14,22106,15.791102409362793
0.91,0.96,0.43,0.68,1.14,0.99,0.15,0.51,0.14,21791,15.794385194778442
0.91,0.96,0.43,0.67,1.14,0.99,0.15,0.51,0.14,21690,15.794385194778442
0.91,0.96,0.42,0.68,1.14,0.99,0.15,0.51,0.14,22389,15.798421859741211
0.91,0.96,0.43,0.68,1.14,0.99,0.15,0.52,0.14,22362,15.802810192108154
0.91,0.96,0.43,0.68,1.14,0.99,0.15,0.51,0.13,21975,15.80680799484253
0.91,0.96,0.43,0.67,1.14,0.99,0.15,0.51,0.14,22204,15.80680799484253
0.91,0.96,0.43,0.67,1.14,0.99,0.15,0.51,0.14,22149,15.810809135437012
0.91,0.95,0.43,0.68,1.14,0.99,0.15,0.51,0.14,21948,15.815290927886963
0.91,0.96,0.43,0.67,1.14,0.99,0.15,0.52,0.14,22049,15.818902492523193
0.91,0.96,0.43,0.67,1.14,0.99,0.15,0.52,0.14,21930,15.818902492523193
0.91,0.96,0.43,0.67,1.14,0.99,0.15,0.51,0.13,21757,15.823950052261353
0.91,0.96,0.43,0.67,1.14,0.99,0.15,0.51,0.14,21860,15.827664852142334
0.91,0.96,0.43,0.68,1.14,0.99,0.15,0.51,0.14,21897,15.831685543060303
0.91,0.95,0.43,0.68,1.14,0.99,0.15,0.52,0.14,21682,15.831685543060303
0.91,0.96,0.43,0.68,1.14,0.99,0.15,0.52,0.14,22383,15.83568525314331
0.91,0.96,0.43,0.68,1.14,0.99,0.15,0.51,0.14,22670,15.839239835739136
0.91,0.96,0.43,0.67,1.14,0.98,0.15,0.51,0.14,22139,15.843636512756348
0.91,0.96,0.43,0.68,1.14,0.98,0.15,0.51,0.14,21994,15.844711303710938
0.91,0.96,0.43,0.68,1.14,0.99,0.15,0.51,0.14,22079,15.84777307510376
0.91,0.96,0.43,0.68,1.14,0.98,0.15,0.51,0.14,22292,15.852276802062988
0.91,0.96,0.43,0.68,1.14,0.98,0.15,0.51,0.14,22333,15.856456518173218
0.91,0.95,0.43,0.68,1.14,0.99,0.15,0.51,0.14,22238,15.85990595817566
0.91,0.96,0.43,0.67,1.14,0.98,0.15,0.51,0.14,22075,15.86047649383545
0.91,0.96,0.43,0.67,1.14,0.99,0.15,0.51,0.14,22132,15.865055799484253
0.91,0.96,0.43,0.68,1.14,0.98,0.15,0.51,0.14,22183,15.869394540786743
0.91,0.96,0.43,0.68,1.14,0.98,0.15,0.51,0.14,22184,15.871505498886108
0.91,0.96,0.43,0.68,1.14,0.98,0.15,0.51,0.14,22111,15.872453451156616
0.91,0.96,0.43,0.68,1.14,0.98,0.15,0.51,0.14,22124,15.877103805541992
0.91,0.96,0.43,0.68,1.15,0.98,0.15,0.51,0.14,22251,15.881574630737305
0.91,0.96,0.43,0.68,1.14,0.98,0.16,0.51,0.14,22008,15.884828090667725
0.91,0.96,0.42,0.68,1.14,0.98,0.15,0.51,0.14,21721,15.885834455490112
0.91,0.95,0.43,0.68,1.15,0.98,0.15,0.52,0.14,22032,15.888564109802246
0.91,0.96,0.43,0.67,1.15,0.99,0.15,0.51,0.14,22143,15.892491340637207
0.92,0.96,0.43,0.68,1.14,0.98,0.15,0.51,0.14,22226,15.896509647369385
0.91,0.96,0.43,0.68,1.15,0.98,0.15,0.51,0.14,22115,15.896509647369385
0.91,0.96,0.43,0.68,1.15,0.98,0.15,0.52,0.14,22026,15.901509761810303
0.91,0.96,0.43,0.67,1.15,0.99,0.16,0.52,0.14,21971,15.905510187149048
0.91,0.95,0.43,0.68,1.14,0.98,0.15,0.51,0.14,22276,15.908546924591064
0.91,0.96,0.43,0.68,1.14,0.98,0.15,0.52,0.14,22077,15.909586906433105
0.91,0.96,0.43,0.68,1.14,0.98,0.15,0.52,0.14,21786,15.912840127944946
0.91,0.95,0.43,0.68,1.14,0.98,0.15,0.52,0.14,21961,15.917731285095215
0.91,0.96,0.42,0.68,1.14,0.98,0.15,0.51,0.14,21938,15.921732187271118
0.91,0.96,0.42,0.68,1.15,0.99,0.15,0.51,0.14,21707,15.924759149551392
0.91,0.96,0.42,0.68,1.15,0.99,0.15,0.52,0.14,22008,15.925732612609863
0.91,0.96,0.43,0.68,1.15,0.99,0.15,0.51,0.13,21931,15.929733276367188
0.91,0.96,0.43,0.68,1.15,0.99,0.15,0.51,0.13,22206,15.933785438537598
0.91,0.95,0.43,0.67,1.15,0.99,0.15,0.51,0.14,22083,15.937342166900635
0.91,0.96,0.42,0.68,1.14,0.98,0.15,0.51,0.14,21864,15.937342166900635
0.92,0.96,0.43,0.68,1.14,0.99,0.15,0.51,0.14,21685,15.942139625549316
0.91,0.95,0.43,0.68,1.14,0.98,0.15,0.51,0.14,21534,15.94713282585144
0.91,0.96,0.43,0.68,1.14,0.98,0.15,0.51,0.14,21675,15.94968056678772
0.91,0.95,0.43,0.68,1.14,0.98,0.15,0.51,0.14,22018,15.94968056678772
0.91,0.95,0.43,0.68,1.14,0.98,0.15,0.51,0.14,22379,15.95482325553894
0.91,0.96,0.43,0.68,1.15,0.98,0.15,0.51,0.14,21900,15.958193063735962
0.91,0.95,0.43,0.68,1.15,0.99,0.15,0.51,0.14,21689,15.962378978729248
0.91,0.96,0.43,0.68,1.14,0.98,0.15,0.51,0.14,21924,15.963238954544067
0.9,0.96,0.43,0.68,1.15,0.98,0.15,0.51,0.14,22155,15.966723918914795
0.91,0.95,0.42,0.68,1.14,0.98,0.15,0.51,0.14,21810,15.970607995986938
0.91,0.95,0.43,0.68,1.15,0.98,0.15,0.51,0.14,21779,15.975301742553711
0.91,0.95,0.43,0.68,1.14,0.98,0.15,0.51,0.14,21820,15.975301742553711
0.91,0.95,0.43,0.68,1.15,0.98,0.15,0.51,0.14,22155,15.978386878967285
0.91,0.96,0.43,0.68,1.15,0.98,0.15,0.51,0.13,22550,15.983229160308838
0.91,0.95,0.43,0.68,1.14,0.98,0.15,0.51,0.14,22251,15.987283706665039
0.91,0.96,0.43,0.68,1.14,0.98,0.15,0.51,0.14,22120,15.987283706665039
0.91,0.96,0.43,0.68,1.15,0.98,0.15,0.51,0.14,22143,15.99138355255127
0.91,0.96,0.43,0.68,1.15,0.98,0.15,0.51,0.14,21974,15.995373487472534
0.91,0.96,0.43,0.68,1.14,0.98,0.15,0.51,0.14,22103,15.999375820159912
0.91,0.95,0.43,0.68,1.14,0.98,0.15,0.51,0.14,22262,16.00221872329712
0.91,0.96,0.42,0.67,1.15,0.98,0.16,0.51,0.14,21991,16.00325107574463
0.91,0.95,0.43,0.68,1.15,0.98,0.15,0.51,0.14,21698,16.00737953186035
0.91,0.95,0.43,0.68,1.14,0.98,0.15,0.51,0.14,21807,16.011388063430786
0.91,0.96,0.43,0.68,1.15,0.98,0.15,0.51,0.14,21936,16.015379905700684
0.91,0.96,0.43,0.68,1.14,0.98,0.16,0.51,0.14,21685,16.015379905700684
0.91,0.95,0.43,0.68,1.14,0.98,0.15,0.51,0.14,21624,16.019445180892944
0.91,0.95,0.43,0.68,1.15,0.98,0.15,0.51,0.14,21887,16.023465633392334
0.91,0.95,0.43,0.68,1.15,0.98,0.15,0.52,0.14,21882,16.027590036392212
0.91,0.95,0.43,0.68,1.15,0.98,0.15,0.51,0.14,21711,16.028624534606934
0.91,0.96,0.43,0.68,1.14,0.98,0.15,0.52,0.14,21664,16.03179383277893
0.91,0.95,0.43,0.68,1.14,0.98,0.15,0.51,0.14,21833,16.036718368530273
0.91,0.96,0.43,0.68,1.15,0.98,0.15,0.51,0.14,21606,16.039721965789795
0.92,0.95,0.43,0.68,1.15,0.98,0.15,0.52,0.13,21795,16.039721965789795
0.91,0.95,0.43,0.68,1.15,0.98,0.15,0.51,0.14,22286,16.044734954833984
0.91,0.95,0.43,0.68,1.14,0.98,0.15,0.51,0.14,22657,16.048776149749756
0.91,0.95,0.43,0.68,1.15,0.98,0.15,0.51,0.14,22172,16.052767992019653
0.91,0.95,0.43,0.68,1.15,0.99,0.15,0.51,0.14,21867,16.052767992019653
0.91,0.95,0.43,0.68,1.15,0.98,0.15,0.51,0.14,21696,16.05676794052124
0.91,0.95,0.43,0.68,1.15,0.98,0.15,0.51,0.14,21911,16.060773372650146
0.91,0.95,0.43,0.68,1.15,0.98,0.15,0.51,0.14,21772,16.064210414886475
0.91,0.95,0.43,0.68,1.15,0.99,0.15,0.51,0.14,21759,16.068135261535645
0.91,0.95,0.43,0.68,1.15,0.98,0.15,0.51,0.14,21936,16.06915020942688
0.92,0.95,0.43,0.68,1.15,0.98,0.15,0.51,0.14,22191,16.07270073890686
0.91,0.95,0.43,0.68,1.15,0.98,0.15,0.51,0.14,22116,16.07722783088684
0.91,0.95,0.43,0.68,1.15,0.98,0.15,0.51,0.14,22107,16.081346035003662
0.91,0.95,0.43,0.68,1.15,0.98,0.15,0.51,0.14,22132,16.081346035003662
0.91,0.95,0.43,0.68,1.14,0.98,0.15,0.52,0.14,22357,16.085824489593506
0.91,0.95,0.43,0.68,1.15,0.98,0.15,0.52,0.14,22264,16.090009689331055
0.91,0.95,0.43,0.68,1.14,0.98,0.15,0.51,0.14,22087,16.093267679214478
0.91,0.95,0.43,0.68,1.15,0.99,0.15,0.52,0.14,22102,16.094010829925537
0.91,0.95,0.43,0.68,1.15,0.98,0.15,0.51,0.14,21901,16.098009824752808
0.92,0.95,0.43,0.68,1.15,0.98,0.15,0.51,0.14,22106,16.102836847305298
0.92,0.96,0.43,0.68,1.15,0.98,0.15,0.52,0.14,22391,16.105814695358276
0.91,0.96,0.43,0.68,1.15,0.98,0.15,0.52,0.14,22080,16.105814695358276
0.91,0.95,0.43,0.68,1.14,0.98,0.15,0.52,0.14,22301,16.109444856643677
0.91,0.95,0.43,0.68,1.14,0.98,0.15,0.51,0.14,21854,16.11402988433838
0.91,0.95,0.43,0.68,1.14,0.98,0.15,0.51,0.14,21659,16.118459224700928
0.91,0.95,0.43,0.68,1.15,0.98,0.15,0.51,0.14,21928,16.118459224700928
0.91,0.95,0.43,0.68,1.14,0.98,0.15,0.51,0.14,21695,16.122458934783936
0.92,0.96,0.42,0.68,1.15,0.98,0.15,0.51,0.14,21238,16.126460552215576
0.91,0.96,0.43,0.68,1.15,0.99,0.15,0.51,0.14,21733,16.13045358657837
0.91,0.95,0.43,0.68,1.15,0.98,0.15,0.52,0.14,22176,16.13432788848877
0.91,0.95,0.43,0.68,1.15,0.98,0.15,0.51,0.14,21983,16.13432788848877
0.91,0.95,0.43,0.68,1.15,0.98,0.16,0.52,0.14,21640,16.138566255569458
0.91,0.96,0.43,0.68,1.15,0.98,0.15,0.52,0.14,22241,16.142353296279907
0.91,0.96,0.43,0.68,1.15,0.98,0.15,0.52,0.14,22088,16.145781755447388
0.91,0.96,0.43,0.68,1.15,0.98,0.15,0.51,0.14,21843,16.146770477294922
0.91,0.95,0.43,0.68,1.15,0.98,0.15,0.52,0.14,22226,16.150447845458984
0.91,0.95,0.43,0.68,1.15,0.98,0.15,0.51,0.14,22073,16.154478788375854
0.91,0.96,0.43,0.68,1.15,0.98,0.15,0.52,0.14,21852,16.15847873687744
0.91,0.95,0.43,0.68,1.14,0.98,0.15,0.52,0.14,21129,16.15947961807251
0.91,0.96,0.43,0.68,1.14,0.98,0.15,0.52,0.14,21740,16.163479328155518
0.91,0.96,0.43,0.68,1.15,0.98,0.16,0.51,0.14,21685,16.1669282913208
0.91,0.95,0.43,0.68,1.14,0.98,0.15,0.52,0.14,21762,16.17102551460266
0.91,0.95,0.43,0.68,1.14,0.98,0.15,0.52,0.14,21851,16.17102551460266
0.91,0.96,0.43,0.68,1.15,0.98,0.15,0.52,0.14,21698,16.17522621154785
0.91,0.96,0.43,0.68,1.14,0.98,0.15,0.52,0.14,21933,16.1793315410614
0.91,0.95,0.43,0.68,1.15,0.98,0.15,0.52,0.14,22100,16.182332277297974
0.91,0.96,0.43,0.68,1.15,0.99,0.15,0.52,0.14,22333,16.183844327926636
0.91,0.96,0.43,0.68,1.15,0.99,0.15,0.51,0.14,22578,16.187864065170288
0.91,0.96,0.43,0.68,1.15,0.99,0.15,0.52,0.14,22917,16.19216227531433
0.91,0.96,0.43,0.68,1.15,0.98,0.15,0.52,0.14,22394,16.196163415908813
0.91,0.95,0.43,0.68,1.15,0.98,0.15,0.52,0.14,21435,16.196163415908813
0.91,0.95,0.43,0.68,1.15,0.99,0.15,0.51,0.14,21450,16.2001793384552
0.91,0.95,0.43,0.68,1.14,0.99,0.15,0.51,0.14,21989,16.204301357269287
0.91,0.95,0.43,0.68,1.14,0.98,0.15,0.52,0.14,21664,16.20762014389038
0.91,0.95,0.43,0.68,1.14,0.98,0.15,0.51,0.14,21503,16.208619594573975
0.92,0.95,0.43,0.68,1.15,0.98,0.15,0.52,0.14,21960,16.211862325668335
0.91,0.95,0.43,0.68,1.14,0.99,0.15,0.51,0.14,21845,16.21586585044861
0.91,0.96,0.43,0.68,1.14,0.98,0.15,0.51,0.14,22014,16.220867156982422
0.91,0.96,0.43,0.68,1.15,0.98,0.15,0.51,0.14,21963,16.224175691604614
0.92,0.95,0.43,0.68,1.14,0.98,0.15,0.51,0.14,21112,16.22517418861389
0.91,0.95,0.43,0.68,1.14,0.98,0.15,0.52,0.14,21207,16.22817635536194
0.91,0.96,0.43,0.69,1.14,0.98,0.15,0.51,0.14,21856,16.233189582824707
0.91,0.95,0.43,0.68,1.14,0.98,0.15,0.52,0.14,22007,16.236528635025024
0.91,0.95,0.43,0.68,1.15,0.99,0.15,0.52,0.14,22156,16.236528635025024
0.91,0.96,0.43,0.68,1.14,0.98,0.15,0.51,0.14,22477,16.240327835083008
0.91,0.95,0.43,0.68,1.14,0.98,0.15,0.51,0.14,22174,16.24562978744507
0.91,0.95,0.43,0.68,1.14,0.98,0.15,0.51,0.14,21681,16.24864172935486
0.91,0.96,0.43,0.68,1.14,0.99,0.15,0.51,0.14,21552,16.249632596969604
0.91,0.96,0.43,0.68,1.14,0.98,0.15,0.52,0.14,22341,16.253633975982666
0.91,0.96,0.43,0.68,1.14,0.99,0.15,0.51,0.14,22498,16.257635831832886
0.91,0.96,0.43,0.68,1.14,0.98,0.15,0.51,0.14,22805,16.26064658164978
0.92,0.96,0.43,0.68,1.14,0.98,0.15,0.51,0.14,22458,16.261696100234985
0.91,0.96,0.43,0.68,1.15,0.98,0.16,0.51,0.14,22395,16.26568341255188
0.91,0.96,0.43,0.68,1.14,0.99,0.15,0.52,0.14,21938,16.269834995269775
0.91,0.96,0.43,0.68,1.14,0.99,0.15,0.51,0.14,21973,16.27387833595276
0.91,0.96,0.43,0.68,1.14,0.99,0.15,0.51,0.14,21938,16.27387833595276
0.91,0.96,0.43,0.68,1.14,0.99,0.15,0.51,0.14,21875,16.278236150741577
0.91,0.96,0.43,0.68,1.14,0.99,0.15,0.52,0.14,21644,16.281877279281616
0.91,0.96,0.43,0.68,1.15,0.99,0.15,0.51,0.14,21761,16.286089181900024
0.91,0.96,0.43,0.68,1.14,0.98,0.16,0.51,0.13,21904,16.286635875701904
0.91,0.96,0.43,0.68,1.14,0.99,0.15,0.51,0.14,21875,16.289929628372192
0.91,0.96,0.43,0.68,1.14,0.99,0.15,0.52,0.14,21904,16.293930530548096
0.91,0.96,0.43,0.68,1.15,0.99,0.15,0.51,0.14,22423,16.29793095588684
0.91,0.96,0.43,0.68,1.15,0.98,0.15,0.52,0.14,22556,16.302199125289917
0.91,0.96,0.43,0.68,1.15,0.99,0.15,0.51,0.14,22187,16.302199125289917
0.91,0.95,0.43,0.68,1.15,0.99,0.15,0.52,0.14,21676,16.30621027946472
0.91,0.96,0.43,0.68,1.14,0.99,0.15,0.52,0.14,21945,16.310195446014404
0.91,0.96,0.43,0.68,1.14,0.99,0.15,0.51,0.14,21680,16.314363479614258
0.91,0.96,0.43,0.68,1.15,0.99,0.15,0.52,0.14,21629,16.314363479614258
0.91,0.96,0.43,0.68,1.15,0.99,0.15,0.52,0.14,22400,16.31854271888733
0.91,0.95,0.43,0.68,1.14,0.99,0.15,0.51,0.14,22519,16.322741985321045
0.91,0.96,0.43,0.68,1.15,0.99,0.15,0.51,0.14,22020,16.326762676239014
0.91,0.96,0.43,0.68,1.14,0.99,0.15,0.52,0.14,21993,16.327762603759766
0.91,0.96,0.43,0.68,1.14,0.98,0.15,0.52,0.14,21836,16.330753564834595
0.91,0.96,0.43,0.68,1.14,0.99,0.15,0.52,0.14,21833,16.335804224014282
0.91,0.96,0.43,0.68,1.14,0.99,0.15,0.52,0.14,21748,16.339958429336548
0.91,0.96,0.43,0.68,1.14,0.99,0.15,0.52,0.14,21681,16.339958429336548
0.91,0.96,0.43,0.68,1.14,0.99,0.15,0.52,0.14,21956,16.34334087371826
0.91,0.96,0.43,0.69,1.15,0.99,0.15,0.52,0.14,22361,16.347487688064575
0.91,0.96,0.43,0.68,1.14,0.99,0.15,0.52,0.14,22292,16.351154327392578
0.91,0.96,0.43,0.69,1.14,0.99,0.15,0.51,0.14,22155,16.352128982543945
0.91,0.96,0.43,0.68,1.14,0.99,0.15,0.51,0.14,21820,16.356186628341675
0.91,0.96,0.43,0.67,1.14,0.99,0.15,0.52,0.13,21879,16.36018681526184
0.91,0.95,0.43,0.68,1.14,0.99,0.15,0.52,0.14,22112,16.364186763763428
0.91,0.96,0.43,0.68,1.14,0.99,0.15,0.51,0.13,22349,16.365185737609863
0.91,0.96,0.43,0.68,1.14,0.99,0.15,0.52,0.14,22224,16.368217706680298
0.91,0.96,0.43,0.68,1.15,0.99,0.15,0.51,0.14,21993,16.37277317047119
0.91,0.96,0.43,0.68,1.14,0.99,0.15,0.52,0.14,21480,16.376281261444092
0.91,0.96,0.43,0.68,1.15,0.99,0.15,0.52,0.14,22033,16.38012719154358
0.91,0.96,0.43,0.68,1.15,0.99,0.15,0.52,0.14,22254,16.381181478500366
0.91,0.96,0.43,0.68,1.14,0.99,0.15,0.52,0.14,22195,16.384244680404663
0.91,0.96,0.43,0.68,1.14,0.99,0.15,0.51,0.14,22250,16.388400077819824
0.91,0.96,0.43,0.68,1.14,0.99,0.15,0.51,0.14,22187,16.39203906059265
0.92,0.96,0.43,0.68,1.14,0.99,0.15,0.51,0.14,22112,16.393394947052002
0.92,0.96,0.43,0.69,1.14,0.99,0.15,0.51,0.14,22125,16.396505117416382
0.92,0.96,0.43,0.68,1.14,0.99,0.15,0.52,0.14,22258,16.401458263397217
0.91,0.96,0.43,0.68,1.15,0.99,0.15,0.52,0.14,22073,16.404595851898193
0.91,0.96,0.43,0.69,1.14,0.99,0.15,0.51,0.14,22262,16.40546441078186
0.91,0.96,0.43,0.68,1.14,0.99,0.15,0.51,0.14,22187,16.409645080566406
0.92,0.96,0.43,0.68,1.14,0.99,0.15,0.52,0.14,22004,16.414034605026245
0.91,0.96,0.43,0.68,1.14,0.99,0.15,0.52,0.14,21769,16.41706371307373
0.92,0.96,0.43,0.68,1.14,0.99,0.15,0.51,0.14,22158,16.418109893798828
0.91,0.96,0.43,0.68,1.14,0.99,0.14,0.51,0.14,22407,16.421149015426636
0.91,0.96,0.43,0.68,1.14,0.99,0.15,0.52,0.14,22476,16.425148487091064
0.92,0.96,0.43,0.68,1.14,0.99,0.15,0.51,0.14,22059,16.429269075393677
0.92,0.96,0.43,0.68,1.14,0.99,0.15,0.51,0.14,22242,16.430260181427002
0.91,0.96,0.43,0.68,1.14,0.98,0.15,0.51,0.14,22559,16.43254256248474
0.91,0.96,0.43,0.68,1.14,0.99,0.15,0.51,0.14,22384,16.43754816055298
0.92,0.96,0.43,0.68,1.14,0.99,0.15,0.52,0.14,21609,16.44156765937805
0.92,0.96,0.43,0.68,1.14,0.99,0.15,0.52,0.14,21522,16.44156765937805
0.92,0.96,0.43,0.68,1.15,0.99,0.15,0.52,0.13,22105,16.44538640975952
0.92,0.96,0.43,0.68,1.14,0.98,0.15,0.5,0.13,22254,16.449422359466553
0.91,0.96,0.43,0.68,1.14,0.99,0.15,0.51,0.14,22261,16.453452587127686
0.91,0.96,0.43,0.68,1.14,0.98,0.15,0.51,0.14,22078,16.457705974578857
0.92,0.96,0.43,0.68,1.15,0.98,0.15,0.52,0.14,21777,16.458662271499634
0.92,0.96,0.43,0.68,1.14,0.99,0.15,0.51,0.14,21790,16.461665391921997
0.91,0.96,0.43,0.68,1.15,0.99,0.15,0.52,0.14,22661,16.46590280532837
0.91,0.95,0.43,0.68,1.14,0.99,0.15,0.52,0.14,22388,16.469669103622437
0.91,0.96,0.43,0.68,1.15,0.99,0.15,0.52,0.14,21897,16.47095799446106
0.91,0.96,0.43,0.68,1.15,0.99,0.15,0.52,0.14,21982,16.474255084991455
0.91,0.96,0.43,0.68,1.14,0.98,0.15,0.52,0.14,22005,16.479068517684937
0.91,0.96,0.43,0.68,1.14,0.98,0.15,0.52,0.14,22364,16.48206853866577
0.91,0.96,0.43,0.68,1.15,0.99,0.15,0.52,0.14,22551,16.483064889907837
0.91,0.95,0.43,0.68,1.14,0.99,0.15,0.52,0.14,22542,16.48674464225769
0.91,0.96,0.43,0.68,1.14,0.99,0.15,0.51,0.14,22183,16.49042773246765
0.91,0.96,0.43,0.68,1.14,0.99,0.15,0.52,0.14,21846,16.494534492492676
0.91,0.96,0.43,0.68,1.14,0.99,0.15,0.51,0.14,21651,16.495500802993774
0.91,0.96,0.43,0.68,1.14,0.99,0.16,0.52,0.14,21618,16.499892711639404
0.91,0.96,0.43,0.68,1.14,0.98,0.15,0.52,0.14,22137,16.50320076942444
0.91,0.96,0.43,0.68,1.14,0.99,0.15,0.51,0.14,22250,16.507228136062622
0.92,0.95,0.43,0.68,1.15,0.99,0.14,0.51,0.14,22147,16.50820016860962
0.92,0.96,0.43,0.68,1.14,0.98,0.15,0.51,0.14,22274,16.511901378631592
0.92,0.96,0.43,0.68,1.14,0.99,0.15,0.51,0.14,22353,16.515873432159424
0.92,0.96,0.43,0.68,1.14,0.99,0.15,0.52,0.14,21898,16.519298553466797
0.92,0.96,0.43,0.68,1.14,0.98,0.15,0.52,0.14,22021,16.520314931869507
0.92,0.96,0.43,0.68,1.14,0.99,0.15,0.51,0.14,22384,16.523260354995728
0.92,0.95,0.44,0.68,1.14,0.99,0.15,0.52,0.14,21837,16.527911901474
0.92,0.96,0.43,0.68,1.14,0.99,0.15,0.52,0.14,21774,16.531691074371338
0.91,0.96,0.43,0.67,1.15,0.99,0.15,0.52,0.14,21875,16.535781621932983
0.91,0.96,0.43,0.68,1.14,0.99,0.15,0.51,0.14,22086,16.536722421646118
0.92,0.96,0.43,0.68,1.14,0.99,0.15,0.51,0.14,22139,16.540721654891968
0.92,0.96,0.43,0.68,1.14,0.99,0.15,0.52,0.14,21862,16.545148372650146
0.92,0.96,0.43,0.68,1.14,0.99,0.15,0.52,0.14,22035,16.548137426376343
0.92,0.96,0.43,0.68,1.14,0.99,0.15,0.52,0.14,21850,16.548218250274658
0.92,0.96,0.43,0.68,1.14,0.99,0.15,0.52,0.14,22313,16.552595853805542
0.92,0.96,0.43,0.68,1.14,0.98,0.15,0.52,0.14,21916,16.55657458305359
0.91,0.96,0.43,0.68,1.14,0.99,0.15,0.52,0.14,21373,16.560574531555176
0.92,0.96,0.43,0.68,1.14,0.99,0.15,0.52,0.14,21406,16.560574531555176
0.92,0.96,0.43,0.68,1.14,0.99,0.15,0.52,0.14,21859,16.56460213661194
0.92,0.96,0.43,0.68,1.14,0.99,0.15,0.52,0.14,21596,16.567871809005737
0.91,0.96,0.43,0.68,1.14,0.99,0.15,0.52,0.14,21765,16.572768926620483
0.92,0.96,0.43,0.68,1.14,0.99,0.15,0.52,0.14,22122,16.57384443283081
0.91,0.96,0.43,0.68,1.14,0.99,0.15,0.52,0.14,22301,16.577199459075928
0.92,0.96,0.43,0.68,1.14,0.99,0.15,0.52,0.14,22078,16.58139991760254
0.92,0.96,0.43,0.67,1.15,0.99,0.15,0.51,0.14,21897,16.585166692733765
0.92,0.96,0.43,0.68,1.14,0.99,0.15,0.52,0.14,22138,16.585166692733765
0.91,0.96,0.43,0.68,1.14,0.99,0.15,0.52,0.14,21963,16.589204788208008
0.92,0.95,0.43,0.68,1.14,0.99,0.15,0.51,0.14,21700,16.593299388885498
0.92,0.96,0.43,0.68,1.15,0.99,0.15,0.52,0.14,21399,16.597339630126953
0.91,0.95,0.43,0.68,1.14,0.99,0.15,0.51,0.13,22036,16.60126233100891
0.92,0.96,0.43,0.68,1.14,0.99,0.15,0.51,0.14,22195,16.602311849594116
0.91,0.96,0.43,0.68,1.14,0.99,0.15,0.51,0.14,21926,16.605437517166138
0.91,0.96,0.43,0.68,1.14,0.99,0.15,0.52,0.14,21847,16.60973024368286
0.91,0.96,0.43,0.68,1.14,0.99,0.15,0.52,0.14,22234,16.61375641822815
0.91,0.96,0.43,0.68,1.14,0.99,0.15,0.51,0.14,21909,16.614784479141235
0.91,0.96,0.43,0.68,1.14,0.99,0.15,0.52,0.14,22014,16.617806673049927
0.91,0.96,0.43,0.68,1.14,0.99,0.15,0.52,0.14,22023,16.62186098098755
0.92,0.96,0.43,0.68,1.14,0.99,0.15,0.52,0.14,22128,16.62581443786621
0.91,0.96,0.43,0.68,1.14,0.99,0.15,0.52,0.14,22517,16.626868724822998
0.91,0.96,0.43,0.68,1.14,0.99,0.15,0.52,0.14,22872,16.630419492721558
0.91,0.96,0.43,0.68,1.14,0.99,0.15,0.52,0.14,22281,16.634085178375244
0.91,0.96,0.43,0.68,1.14,0.99,0.15,0.52,0.14,21918,16.63907480239868
0.91,0.96,0.43,0.68,1.15,0.99,0.15,0.51,0.14,22019,16.63907480239868
0.91,0.96,0.43,0.68,1.14,0.99,0.15,0.51,0.14,21780,16.64307427406311
0.91,0.96,0.43,0.68,1.14,0.99,0.15,0.51,0.14,21887,16.646599292755127
0.91,0.96,0.43,0.68,1.14,0.99,0.15,0.51,0.14,21996,16.6516056060791
0.91,0.96,0.43,0.68,1.14,0.99,0.15,0.51,0.14,21911,16.651694297790527
0.91,0.96,0.43,0.68,1.14,0.99,0.15,0.51,0.14,22076,16.654233932495117
0.92,0.96,0.43,0.68,1.14,0.99,0.15,0.52,0.14,22221,16.658079147338867
0.92,0.96,0.43,0.68,1.14,0.99,0.15,0.51,0.14,22366,16.663052320480347
0.92,0.96,0.43,0.68,1.14,0.99,0.15,0.51,0.14,22307,16.663052320480347
0.92,0.96,0.43,0.68,1.15,0.99,0.15,0.51,0.14,21894,16.667044401168823
0.91,0.96,0.43,0.68,1.14,0.99,0.15,0.51,0.14,21853,16.671062469482422
0.92,0.96,0.43,0.68,1.14,0.99,0.15,0.51,0.14,21850,16.67506194114685
0.91,0.96,0.43,0.68,1.14,0.99,0.15,0.52,0.14,21721,16.678061485290527
0.92,0.96,0.43,0.68,1.15,0.99,0.15,0.51,0.14,21796,16.679062128067017
0.91,0.96,0.43,0.68,1.14,0.99,0.14,0.51,0.14,21971,16.683058261871338
0.92,0.96,0.43,0.69,1.15,0.99,0.15,0.52,0.14,22028,16.688066959381104
0.92,0.96,0.43,0.68,1.14,0.99,0.15,0.52,0.14,21773,16.6911141872406
0.91,0.96,0.43,0.68,1.14,0.99,0.15,0.51,0.14,21754,16.69214391708374
0.91,0.96,0.43,0.68,1.14,0.99,0.15,0.51,0.14,22191,16.6957368850708
0.91,0.95,0.43,0.68,1.15,0.99,0.15,0.51,0.14,22094,16.6997549533844
0.92,0.95,0.43,0.68,1.14,0.99,0.16,0.51,0.14,22071,16.704123973846436
0.92,0.96,0.43,0.68,1.15,0.99,0.15,0.51,0.14,21798,16.704123973846436
0.91,0.96,0.43,0.68,1.15,0.99,0.15,0.51,0.14,21787,16.707279443740845
0.91,0.96,0.43,0.68,1.14,0.99,0.15,0.51,0.14,22002,16.712275743484497
0.91,0.96,0.43,0.68,1.15,0.99,0.16,0.51,0.14,21963,16.716280221939087
0.92,0.96,0.43,0.68,1.15,0.99,0.16,0.51,0.14,22166,16.717275619506836
0.91,0.96,0.43,0.68,1.15,0.99,0.15,0.51,0.14,22353,16.720320463180542
0.91,0.96,0.43,0.68,1.15,0.99,0.15,0.51,0.14,21976,16.72386121749878
0.91,0.96,0.43,0.68,1.14,0.99,0.15,0.51,0.14,21641,16.728468656539917
0.91,0.96,0.43,0.68,1.14,0.99,0.16,0.51,0.14,21898,16.729459047317505
0.91,0.96,0.44,0.68,1.14,0.99,0.16,0.52,0.14,21953,16.73274850845337
0.92,0.96,0.43,0.68,1.14,0.99,0.16,0.52,0.14,21920,16.736748218536377
0.91,0.96,0.43,0.68,1.15,0.99,0.16,0.51,0.14,22461,16.740753650665283
0.91,0.95,0.43,0.68,1.15,0.99,0.16,0.51,0.14,22266,16.74432611465454
0.92,0.95,0.43,0.67,1.14,0.99,0.15,0.51,0.14,21781,16.74432611465454
0.91,0.95,0.43,0.68,1.15,0.99,0.16,0.51,0.14,22306,16.74886465072632
0.91,0.95,0.43,0.68,1.15,0.99,0.16,0.51,0.14,21923,16.75286030769348
0.91,0.96,0.43,0.68,1.14,0.99,0.15,0.51,0.14,21808,16.756874084472656
0.91,0.95,0.43,0.68,1.14,0.99,0.16,0.52,0.14,22015,16.756874084472656
0.92,0.96,0.43,0.68,1.15,0.99,0.15,0.52,0.14,22076,16.761287927627563
0.91,0.96,0.43,0.68,1.14,0.99,0.16,0.52,0.14,21963,16.76514720916748
0.91,0.96,0.43,0.68,1.14,0.99,0.16,0.52,0.14,21928,16.76895546913147
0.92,0.96,0.43,0.68,1.14,0.99,0.15,0.52,0.14,22073,16.769487142562866
0.91,0.96,0.43,0.68,1.14,0.99,0.16,0.52,0.14,22282,16.773245334625244
0.91,0.96,0.43,0.68,1.15,0.99,0.16,0.52,0.14,22073,16.777261972427368
0.91,0.96,0.43,0.68,1.15,0.99,0.16,0.52,0.14,22308,16.781259059906006
0.91,0.96,0.43,0.68,1.14,0.99,0.16,0.52,0.14,22215,16.78226065635681
0.91,0.96,0.43,0.68,1.14,0.99,0.16,0.52,0.14,22486,16.7852566242218
0.91,0.96,0.43,0.68,1.14,0.99,0.16,0.52,0.14,22187,16.789406538009644
0.91,0.96,0.43,0.68,1.15,0.99,0.15,0.52,0.14,21648,16.793654918670654
0.92,0.96,0.43,0.68,1.15,0.99,0.16,0.52,0.14,21763,16.79468560218811
0.92,0.96,0.43,0.68,1.15,0.99,0.16,0.52,0.14,21824,16.797685384750366
0.91,0.96,0.43,0.68,1.15,0.99,0.16,0.52,0.14,21971,16.801684379577637
0.91,0.96,0.43,0.68,1.14,0.99,0.16,0.52,0.14,22350,16.806684970855713
0.91,0.96,0.43,0.68,1.15,0.99,0.16,0.51,0.14,22327,16.806684970855713
0.92,0.96,0.43,0.68,1.15,0.99,0.15,0.52,0.14,21660,16.810685396194458
0.92,0.96,0.43,0.67,1.15,0.99,0.16,0.52,0.14,21517,16.814379930496216
0.92,0.96,0.43,0.68,1.15,0.99,0.16,0.52,0.14,21674,16.818398237228394
0.91,0.96,0.43,0.68,1.15,0.99,0.16,0.52,0.14,21781,16.82260775566101
0.91,0.96,0.43,0.68,1.15,0.99,0.16,0.52,0.14,22056,16.823606967926025
0.91,0.96,0.43,0.68,1.15,0.99,0.16,0.52,0.14,22187,16.82660722732544
0.92,0.96,0.43,0.68,1.15,0.99,0.16,0.51,0.14,21948,16.83060598373413
0.91,0.96,0.44,0.68,1.15,0.98,0.16,0.52,0.14,21725,16.83460831642151
0.91,0.96,0.43,0.67,1.15,0.99,0.16,0.52,0.14,21972,16.83460831642151
0.92,0.96,0.43,0.68,1.15,0.99,0.16,0.52,0.14,22193,16.838762521743774
0.92,0.95,0.43,0.68,1.15,0.99,0.15,0.52,0.14,21966,16.842786073684692
0.92,0.96,0.43,0.68,1.15,0.99,0.16,0.52,0.14,21919,16.84684681892395
0.92,0.96,0.43,0.68,1.15,0.99,0.16,0.52,0.14,21868,16.847846508026123
0.92,0.96,0.43,0.68,1.14,0.99,0.16,0.52,0.14,21693,16.851579904556274
0.91,0.96,0.43,0.68,1.14,0.99,0.16,0.52,0.14,21796,16.854872941970825
0.91,0.96,0.43,0.69,1.15,0.99,0.15,0.52,0.14,22177,16.859195470809937
0.91,0.96,0.43,0.68,1.15,0.99,0.16,0.52,0.14,22134,16.860186100006104
0.91,0.96,0.43,0.68,1.15,0.99,0.16,0.52,0.14,21709,16.86319088935852
0.91,0.95,0.43,0.69,1.15,0.99,0.16,0.52,0.14,22042,16.8672091960907
0.91,0.95,0.43,0.68,1.15,0.99,0.16,0.52,0.14,22291,16.87148952484131
0.91,0.95,0.43,0.68,1.15,0.99,0.16,0.52,0.14,22296,16.87251901626587
0.91,0.96,0.43,0.68,1.15,0.99,0.16,0.52,0.14,22239,16.875385284423828
0.91,0.96,0.43,0.68,1.15,0.99,0.16,0.52,0.14,22064,16.879393815994263
0.92,0.96,0.43,0.68,1.15,0.99,0.16,0.52,0.14,21927,16.88439440727234
0.92,0.96,0.43,0.68,1.15,0.99,0.16,0.52,0.14,22264,16.88746404647827
0.92,0.96,0.43,0.68,1.15,0.99,0.15,0.52,0.14,22201,16.88846492767334
0.91,0.96,0.43,0.68,1.15,0.99,0.16,0.52,0.14,22032,16.891775608062744
0.91,0.96,0.43,0.68,1.15,0.99,0.16,0.52,0.14,22359,16.896446466445923
0.91,0.95,0.43,0.68,1.15,1.0,0.16,0.52,0.14,22036,16.899467706680298
0.91,0.96,0.43,0.68,1.15,0.99,0.16,0.52,0.14,22159,16.90046787261963
0.91,0.96,0.43,0.68,1.15,0.99,0.16,0.52,0.14,22036,16.90457558631897
0.91,0.96,0.43,0.68,1.15,0.99,0.16,0.52,0.14,21757,16.908435583114624
0.91,0.95,0.43,0.68,1.15,0.99,0.16,0.52,0.14,21982,16.91243553161621
0.92,0.95,0.43,0.68,1.14,0.99,0.16,0.52,0.14,22085,16.91243553161621
0.91,0.96,0.43,0.68,1.15,0.99,0.15,0.52,0.13,21966,16.91649341583252
0.91,0.96,0.43,0.68,1.15,0.99,0.16,0.52,0.14,21889,16.92063331604004
0.92,0.95,0.43,0.68,1.15,0.99,0.16,0.52,0.14,22024,16.924922943115234
0.91,0.95,0.43,0.68,1.14,0.99,0.16,0.52,0.14,21989,16.925950288772583
0.91,0.96,0.43,0.68,1.15,0.99,0.16,0.52,0.14,21922,16.928645372390747
0.91,0.96,0.42,0.68,1.15,0.99,0.16,0.52,0.14,21749,16.932976484298706
0.91,0.95,0.43,0.68,1.15,0.99,0.16,0.52,0.14,21812,16.93698811531067
0.91,0.96,0.43,0.68,1.15,1.0,0.15,0.52,0.14,22169,16.937968254089355
0.91,0.95,0.43,0.68,1.15,0.99,0.15,0.52,0.14,22248,16.940958261489868
0.91,0.96,0.43,0.68,1.15,0.99,0.16,0.52,0.14,22037,16.944955825805664
0.91,0.96,0.43,0.68,1.15,0.99,0.16,0.52,0.14,21706,16.949308156967163
0.91,0.96,0.43,0.68,1.15,0.99,0.15,0.52,0.14,21911,16.95032787322998
0.91,0.96,0.43,0.68,1.15,0.99,0.15,0.52,0.14,21740,16.953758001327515
0.91,0.95,0.43,0.68,1.15,0.99,0.16,0.52,0.13,21717,16.95790147781372
0.91,0.95,0.43,0.68,1.15,0.99,0.16,0.52,0.14,22048,16.962791681289673
0.91,0.96,0.43,0.68,1.15,0.99,0.16,0.52,0.14,22173,16.965837478637695
0.92,0.96,0.43,0.68,1.15,0.99,0.16,0.51,0.14,21732,16.96679162979126
0.91,0.95,0.43,0.68,1.15,0.99,0.16,0.52,0.14,21783,16.969638109207153
0.91,0.96,0.43,0.68,1.15,0.99,0.16,0.52,0.14,22300,16.975240230560303
0.91,0.96,0.43,0.68,1.15,0.99,0.16,0.52,0.14,21633,16.978124856948853
0.91,0.95,0.43,0.68,1.15,0.99,0.15,0.52,0.14,21438,16.97919249534607
0.91,0.96,0.43,0.67,1.14,0.99,0.16,0.52,0.14,21963,16.982402563095093
0.92,0.96,0.43,0.67,1.15,0.99,0.16,0.52,0.14,22158,16.98661184310913
0.92,0.96,0.43,0.68,1.15,0.99,0.16,0.52,0.14,21641,16.99106764793396
0.91,0.96,0.43,0.68,1.14,0.99,0.16,0.52,0.14,21928,16.99106764793396
0.92,0.96,0.43,0.68,1.15,0.99,0.16,0.52,0.14,22257,16.995049953460693
0.92,0.96,0.43,0.68,1.15,0.99,0.16,0.52,0.14,22178,16.99860143661499
0.92,0.96,0.43,0.68,1.15,0.99,0.16,0.52,0.14,21781,17.00280237197876
0.92,0.96,0.43,0.68,1.15,0.99,0.16,0.52,0.14,22034,17.00359559059143
0.92,0.95,0.43,0.68,1.15,0.99,0.16,0.52,0.14,22363,17.007925748825073
0.92,0.96,0.43,0.68,1.15,0.99,0.16,0.52,0.14,22320,17.01102066040039
0.92,0.96,0.43,0.68,1.14,0.99,0.16,0.52,0.14,22533,17.01552104949951
0.92,0.96,0.43,0.68,1.15,0.99,0.16,0.51,0.14,22436,17.016489505767822
0.92,0.95,0.43,0.68,1.14,0.99,0.16,0.52,0.14,22001,17.018518924713135
0.92,0.96,0.43,0.68,1.14,0.99,0.15,0.52,0.14,22156,17.023510456085205
0.92,0.96,0.43,0.68,1.14,0.99,0.16,0.52,0.14,22413,17.02751660346985
0.92,0.96,0.43,0.68,1.15,0.99,0.16,0.52,0.14,22178,17.03133273124695
0.92,0.96,0.43,0.69,1.15,0.99,0.16,0.52,0.14,21895,17.032042741775513
0.91,0.96,0.43,0.68,1.15,0.99,0.16,0.52,0.14,21808,17.03611183166504
0.92,0.96,0.43,0.68,1.15,0.99,0.16,0.52,0.14,21663,17.040128707885742
0.91,0.96,0.43,0.69,1.15,0.99,0.16,0.52,0.14,21906,17.043150424957275
0.91,0.96,0.43,0.68,1.15,0.99,0.16,0.52,0.14,21875,17.044156312942505
0.92,0.96,0.43,0.68,1.14,0.99,0.16,0.52,0.14,21504,17.047422409057617
0.91,0.95,0.43,0.68,1.15,0.99,0.16,0.52,0.14,22113,17.05216407775879
0.91,0.96,0.43,0.68,1.15,0.99,0.16,0.52,0.14,22280,17.055176734924316
0.91,0.95,0.43,0.68,1.15,0.99,0.15,0.52,0.14,22183,17.056175708770752
0.91,0.95,0.43,0.68,1.15,0.99,0.16,0.52,0.14,22326,17.06017756462097
0.91,0.95,0.43,0.68,1.15,0.99,0.16,0.52,0.14,22129,17.06417965888977
0.91,0.95,0.44,0.68,1.15,0.99,0.16,0.52,0.14,21868,17.068175315856934
0.92,0.96,0.43,0.68,1.15,0.99,0.16,0.52,0.15,22033,17.06917643547058
0.92,0.95,0.43,0.68,1.15,0.99,0.16,0.52,0.14,22024,17.07241415977478
0.92,0.95,0.43,0.68,1.15,0.99,0.16,0.52,0.14,21479,17.07651448249817
0.92,0.95,0.43,0.68,1.15,0.99,0.16,0.52,0.14,22052,17.080392837524414
0.92,0.95,0.43,0.68,1.15,0.99,0.16,0.52,0.14,22337,17.08142375946045
0.92,0.96,0.43,0.68,1.15,0.99,0.16,0.52,0.14,22112,17.084750175476074
0.92,0.96,0.43,0.67,1.15,0.99,0.16,0.52,0.14,21821,17.08910846710205
0.92,0.96,0.43,0.68,1.15,0.99,0.16,0.52,0.14,21978,17.093111991882324
0.92,0.96,0.43,0.68,1.15,0.99,0.16,0.52,0.14,22485,17.093111991882324
0.91,0.96,0.43,0.68,1.15,0.99,0.16,0.52,0.14,22520,17.097108840942383
0.92,0.95,0.43,0.68,1.15,0.99,0.16,0.52,0.14,22407,17.10124897956848
0.92,0.96,0.43,0.68,1.15,0.99,0.16,0.52,0.14,22114,17.10466718673706
0.92,0.95,0.43,0.68,1.15,0.99,0.16,0.52,0.14,21949,17.108914375305176
0.92,0.95,0.44,0.68,1.15,0.99,0.16,0.52,0.14,22292,17.10967993736267
0.91,0.96,0.43,0.68,1.15,0.99,0.15,0.52,0.14,22401,17.114062309265137
0.9,0.96,0.43,0.68,1.15,0.99,0.16,0.52,0.14,21838,17.118582487106323
0.9,0.95,0.43,0.68,1.15,0.99,0.16,0.52,0.14,21943,17.121134281158447
0.87,0.95,0.43,0.69,1.15,0.99,0.15,0.52,0.14,21988,17.122166872024536
0.87,0.96,0.43,0.69,1.15,0.99,0.15,0.52,0.14,22095,17.12616777420044
0.88,0.95,0.43,0.69,1.15,0.99,0.15,0.52,0.14,22018,17.13048768043518
0.87,0.95,0.43,0.69,1.15,0.99,0.15,0.51,0.14,22057,17.134041786193848
0.87,0.95,0.43,0.68,1.15,0.99,0.15,0.52,0.14,21978,17.13502812385559
0.85,0.95,0.42,0.69,1.15,0.99,0.15,0.52,0.14,22299,17.139026880264282
0.84,0.95,0.42,0.69,1.15,0.99,0.16,0.52,0.14,21914,17.14202332496643
0.85,0.95,0.42,0.68,1.15,0.99,0.15,0.52,0.14,21773,17.1461238861084
0.84,0.95,0.42,0.68,1.15,0.99,0.15,0.51,0.14,21852,17.147027492523193
0.83,0.95,0.42,0.68,1.15,0.99,0.15,0.52,0.14,22173,17.15025544166565
0.83,0.95,0.42,0.69,1.15,1.0,0.15,0.52,0.14,21842,17.15456748008728
0.84,0.95,0.42,0.68,1.15,0.99,0.15,0.52,0.14,22047,17.158538579940796
0.85,0.95,0.42,0.69,1.15,0.99,0.15,0.52,0.14,22084,17.159566164016724
0.85,0.95,0.42,0.69,1.15,0.99,0.15,0.51,0.13,22079,17.162282943725586
0.84,0.95,0.42,0.69,1.15,0.99,0.15,0.51,0.13,21916,17.166228532791138
0.84,0.95,0.42,0.68,1.15,0.99,0.15,0.52,0.13,22337,17.170623064041138
0.84,0.95,0.42,0.68,1.15,0.99,0.15,0.52,0.13,22408,17.174315214157104
0.84,0.95,0.42,0.67,1.15,0.99,0.15,0.51,0.13,22195,17.175055980682373
0.84,0.96,0.42,0.68,1.15,0.99,0.15,0.52,0.13,21860,17.17905569076538
0.83,0.96,0.42,0.68,1.15,1.0,0.15,0.51,0.13,21971,17.18355107307434
0.81,0.95,0.42,0.68,1.15,0.99,0.14,0.51,0.13,22182,17.187389135360718
0.83,0.95,0.42,0.68,1.15,0.99,0.15,0.51,0.13,22245,17.187562704086304
0.81,0.96,0.42,0.68,1.15,0.99,0.15,0.52,0.13,22226,17.192139625549316
0.8,0.95,0.42,0.69,1.15,0.99,0.15,0.52,0.14,22109,17.19619345664978
0.8,0.95,0.42,0.68,1.15,0.99,0.15,0.52,0.14,21982,17.199321031570435
0.79,0.96,0.42,0.69,1.15,0.99,0.14,0.51,0.13,22297,17.200375080108643
0.8,0.96,0.42,0.69,1.15,0.99,0.15,0.52,0.14,22336,17.203410148620605
0.81,0.95,0.42,0.68,1.15,1.0,0.15,0.52,0.14,21811,17.20843267440796
0.81,0.95,0.42,0.69,1.15,0.99,0.15,0.52,0.13,21842,17.211944103240967
0.82,0.95,0.42,0.68,1.15,0.99,0.15,0.52,0.14,21739,17.211944103240967
0.79,0.95,0.42,0.68,1.15,0.99,0.14,0.52,0.14,21834,17.2159903049469
0.8,0.95,0.42,0.68,1.15,0.99,0.15,0.51,0.13,22715,17.219970703125
0.81,0.95,0.42,0.68,1.15,0.99,0.15,0.52,0.13,22854,17.22395920753479
0.81,0.96,0.42,0.69,1.15,0.99,0.15,0.52,0.13,22033,17.224958181381226
0.81,0.95,0.42,0.69,1.14,0.99,0.15,0.52,0.13,21834,17.227692127227783
0.79,0.96,0.42,0.69,1.15,0.99,0.15,0.52,0.13,22193,17.232329607009888
0.75,0.96,0.42,0.69,1.15,0.99,0.15,0.52,0.14,22286,17.23636555671692
0.78,0.96,0.42,0.69,1.15,0.99,0.15,0.52,0.13,22445,17.23636555671692
0.77,0.95,0.42,0.69,1.15,0.99,0.15,0.52,0.13,22428,17.240370988845825
0.74,0.96,0.42,0.7,1.15,0.99,0.15,0.52,0.14,22309,17.24450445175171
0.76,0.95,0.42,0.69,1.15,0.99,0.15,0.52,0.14,21922,17.24849820137024
0.73,0.95,0.42,0.69,1.15,0.99,0.15,0.51,0.14,21805,17.252246618270874
0.71,0.96,0.42,0.69,1.15,0.99,0.15,0.51,0.13,22190,17.252537965774536
0.72,0.96,0.42,0.69,1.15,0.99,0.15,0.51,0.14,21895,17.256351232528687
0.73,0.96,0.42,0.69,1.15,1.0,0.15,0.52,0.14,22114,17.26062536239624
0.73,0.95,0.42,0.69,1.15,0.99,0.15,0.51,0.14,22165,17.26462745666504
0.74,0.95,0.42,0.69,1.15,1.0,0.14,0.52,0.14,22028,17.26462745666504
0.74,0.95,0.42,0.69,1.15,0.99,0.15,0.51,0.14,22041,17.268621683120728
0.77,0.96,0.42,0.68,1.15,0.99,0.15,0.52,0.13,22234,17.27289605140686
0.79,0.95,0.42,0.68,1.15,0.99,0.16,0.52,0.14,22115,17.27686309814453
0.79,0.95,0.42,0.68,1.15,0.99,0.15,0.52,0.14,21984,17.277904272079468
0.79,0.95,0.43,0.68,1.15,0.99,0.15,0.52,0.14,22171,17.28122568130493
0.79,0.95,0.42,0.68,1.15,0.99,0.15,0.52,0.14,22246,17.285529851913452
0.79,0.95,0.43,0.68,1.15,0.99,0.14,0.52,0.14,21923,17.2896568775177
0.79,0.95,0.42,0.68,1.15,0.99,0.15,0.52,0.14,22002,17.2896568775177
0.79,0.96,0.43,0.68,1.15,0.99,0.15,0.52,0.14,21983,17.293656826019287
0.8,0.95,0.43,0.69,1.15,1.0,0.15,0.52,0.14,21922,17.29754137992859
0.8,0.95,0.43,0.69,1.15,1.0,0.15,0.51,0.14,22011,17.30166006088257
0.8,0.95,0.42,0.69,1.15,1.0,0.15,0.52,0.14,21930,17.302720069885254
0.81,0.95,0.43,0.68,1.15,0.99,0.15,0.52,0.14,22037,17.30683135986328
0.78,0.95,0.42,0.68,1.15,1.0,0.15,0.52,0.14,22182,17.31001567840576
0.78,0.95,0.42,0.68,1.15,0.99,0.15,0.52,0.14,22425,17.314087867736816
0.77,0.95,0.43,0.68,1.15,1.0,0.15,0.52,0.14,22304,17.31757354736328
0.75,0.95,0.43,0.68,1.15,0.99,0.15,0.52,0.14,21989,17.318584442138672
0.74,0.95,0.42,0.68,1.15,0.99,0.15,0.52,0.14,21634,17.322827577590942
0.74,0.95,0.43,0.68,1.15,0.99,0.15,0.52,0.14,22237,17.326436281204224
0.75,0.95,0.42,0.68,1.15,0.99,0.15,0.52,0.14,22566,17.330118894577026
0.73,0.95,0.42,0.68,1.14,0.99,0.15,0.52,0.14,22041,17.330873727798462
0.73,0.95,0.42,0.67,1.15,0.99,0.15,0.52,0.14,22314,17.334877729415894
0.75,0.95,0.42,0.67,1.15,1.0,0.15,0.52,0.14,22379,17.33888053894043
0.77,0.95,0.43,0.66,1.15,1.0,0.15,0.52,0.14,21882,17.342880964279175
0.78,0.95,0.42,0.67,1.15,0.99,0.16,0.52,0.14,21693,17.342880964279175
0.78,0.95,0.42,0.67,1.15,0.99,0.15,0.52,0.14,21720,17.347278594970703
0.76,0.95,0.43,0.67,1.15,1.0,0.15,0.52,0.14,21691,17.350425243377686
0.77,0.96,0.42,0.67,1.15,0.99,0.15,0.52,0.14,21698,17.35563373565674
0.77,0.96,0.43,0.67,1.15,0.99,0.15,0.52,0.14,22317,17.35563373565674
0.78,0.96,0.42,0.67,1.15,0.99,0.15,0.52,0.14,22390,17.360148668289185
0.78,0.95,0.43,0.68,1.14,0.99,0.15,0.52,0.14,22181,17.36362934112549
0.77,0.95,0.43,0.67,1.15,0.99,0.15,0.52,0.14,22452,17.367063522338867
0.78,0.96,0.43,0.67,1.15,0.99,0.15,0.52,0.14,22257,17.36808204650879
0.8,0.95,0.42,0.67,1.15,0.99,0.15,0.52,0.14,22070,17.371098041534424
0.8,0.95,0.43,0.68,1.14,1.0,0.15,0.52,0.14,22251,17.376277446746826
0.8,0.96,0.43,0.68,1.15,0.99,0.15,0.52,0.14,22224,17.380074739456177
0.8,0.95,0.43,0.68,1.14,0.99,0.16,0.52,0.14,21987,17.383561372756958
0.8,0.96,0.43,0.68,1.14,0.99,0.16,0.52,0.14,21408,17.383561372756958
0.78,0.95,0.43,0.68,1.14,0.99,0.15,0.52,0.14,21589,17.388147830963135
0.76,0.95,0.43,0.67,1.15,0.99,0.15,0.52,0.15,21950,17.39195442199707
0.78,0.95,0.43,0.67,1.15,0.99,0.15,0.52,0.14,22171,17.395630836486816
0.78,0.95,0.43,0.67,1.15,0.99,0.15,0.52,0.14,22502,17.396674871444702
0.78,0.95,0.43,0.67,1.15,0.99,0.15,0.52,0.14,22173,17.4006769657135
0.77,0.95,0.43,0.67,1.15,0.99,0.15,0.52,0.14,22266,17.404696464538574
0.76,0.95,0.42,0.66,1.15,0.99,0.15,0.52,0.14,22359,17.407971143722534
0.76,0.95,0.43,0.66,1.15,0.99,0.15,0.52,0.14,22174,17.408695936203003
0.73,0.95,0.43,0.66,1.15,0.99,0.15,0.52,0.14,22471,17.412314414978027
0.74,0.95,0.43,0.66,1.15,0.99,0.14,0.52,0.14,22160,17.417327404022217
0.76,0.95,0.43,0.66,1.15,0.99,0.15,0.52,0.14,22073,17.420238494873047
0.76,0.95,0.43,0.66,1.15,0.99,0.15,0.52,0.14,22178,17.420238494873047
0.74,0.95,0.43,0.66,1.15,0.99,0.15,0.52,0.14,22125,17.425062656402588
0.75,0.95,0.43,0.67,1.15,0.99,0.15,0.52,0.14,22356,17.429060459136963
0.73,0.95,0.42,0.67,1.15,1.0,0.14,0.52,0.14,22333,17.43305277824402
0.71,0.95,0.43,0.66,1.15,1.0,0.15,0.51,0.14,21992,17.43305277824402
0.74,0.95,0.43,0.66,1.14,0.99,0.15,0.51,0.14,21809,17.437050819396973
0.74,0.95,0.42,0.65,1.14,0.99,0.15,0.51,0.14,22250,17.441251516342163
0.73,0.95,0.42,0.67,1.13,1.0,0.15,0.5,0.14,22229,17.44531512260437
0.75,0.94,0.42,0.66,1.12,0.99,0.14,0.48,0.13,21742,17.44531512260437
0.73,0.94,0.42,0.65,1.1,1.0,0.14,0.42,0.13,22041,17.4493088722229
0.71,0.9,0.42,0.66,1.08,0.99,0.13,0.37,0.12,22492,17.45349383354187
0.7,0.89,0.42,0.64,1.04,0.99,0.12,0.34,0.11,22125,17.456772565841675
0.66,0.84,0.41,0.63,1.05,0.99,0.12,0.31,0.11,22560,17.461145639419556
0.64,0.8,0.41,0.6,1.03,0.98,0.11,0.3,0.1,23343,17.461785078048706
0.6,0.74,0.35,0.6,1.02,1.0,0.07,0.28,0.09,23090,17.465901136398315
0.56,0.7,0.35,0.54,0.99,0.99,0.05,0.28,0.09,22717,17.470016956329346
0.49,0.63,0.33,0.45,0.92,0.96,0.08,0.25,0.08,22746,17.473273992538452
0.46,0.59,0.3,0.41,0.9,0.97,0.05,0.23,0.08,22729,17.474265575408936
0.44,0.55,0.28,0.38,0.87,0.95,0.06,0.22,0.08,23240,17.477407455444336
0.48,0.53,0.26,0.39,0.83,0.95,0.06,0.24,0.08,24169,17.48240828514099
0.44,0.47,0.24,0.39,0.78,0.96,0.05,0.18,0.08,24496,17.485413551330566
0.4,0.5,0.18,0.36,0.8,0.93,0.03,0.21,0.06,24799,17.485413551330566
0.33,0.51,0.16,0.3,0.75,0.89,0.03,0.27,0.07,25056,17.49020481109619
0.33,0.51,0.21,0.26,0.73,0.85,0.04,0.25,0.08,25425,17.494703769683838
0.28,0.5,0.2,0.3,0.74,0.83,0.04,0.26,0.08,25576,17.498690366744995
0.37,0.53,0.19,0.29,0.7,0.81,0.02,0.25,0.08,25961,17.498690366744995
0.36,0.51,0.19,0.27,0.69,0.76,0.05,0.29,0.08,26226,17.502704620361328
0.29,0.48,0.19,0.26,0.66,0.78,0.04,0.23,0.07,26657,17.50763440132141
0.3,0.51,0.16,0.28,0.72,0.77,0.04,0.27,0.08,26808,17.51040005683899
0.32,0.44,0.2,0.24,0.7,0.77,0.02,0.25,0.08,26159,17.51144790649414
0.3,0.44,0.23,0.22,0.77,0.81,0.03,0.29,0.07,26404,17.515264749526978
0.33,0.52,0.27,0.28,0.73,0.81,0.05,0.29,0.08,26075,17.51952314376831
0.36,0.56,0.24,0.3,0.73,0.82,0.05,0.32,0.08,26144,17.522791147232056
0.34,0.55,0.24,0.3,0.72,0.81,0.04,0.3,0.07,25933,17.526055097579956
0.35,0.45,0.21,0.29,0.8,0.77,0.05,0.33,0.09,25848,17.527058601379395
0.33,0.55,0.22,0.27,0.83,0.75,0.05,0.31,0.08,26397,17.53158950805664
0.36,0.48,0.21,0.25,0.87,0.8,0.04,0.38,0.08,26334,17.535019397735596
0.37,0.46,0.21,0.27,0.93,0.74,0.04,0.35,0.08,26063,17.539092302322388
0.33,0.47,0.24,0.21,0.93,0.72,0.04,0.42,0.09,25884,17.54009461402893
0.37,0.5,0.21,0.24,0.94,0.76,0.04,0.45,0.08,25983,17.543227434158325
0.36,0.51,0.17,0.24,0.92,0.76,0.05,0.45,0.08,25874,17.547589540481567
0.38,0.52,0.17,0.26,0.95,0.73,0.05,0.46,0.09,25895,17.551591873168945
0.33,0.54,0.16,0.27,0.87,0.71,0.04,0.48,0.09,26030,17.551591873168945
0.36,0.6,0.18,0.27,0.92,0.69,0.03,0.5,0.09,26053,17.555599212646484
0.35,0.6,0.21,0.23,0.98,0.67,0.04,0.51,0.1,26076,17.559577703475952
0.37,0.5,0.24,0.24,1.12,0.64,0.05,0.5,0.11,26297,17.563711166381836
0.36,0.57,0.21,0.23,1.12,0.61,0.04,0.52,0.11,26848,17.563711166381836
0.34,0.54,0.18,0.21,1.21,0.62,0.04,0.55,0.1,27045,17.56914710998535
0.36,0.56,0.18,0.24,1.3,0.65,0.04,0.6,0.1,26946,17.573153495788574
0.35,0.72,0.18,0.21,1.42,0.63,0.04,0.57,0.09,26899,17.57655644416809
0.35,0.65,0.18,0.21,1.64,0.56,0.05,0.58,0.11,27754,17.57655644416809
0.31,0.62,0.19,0.18,1.73,0.55,0.06,0.66,0.11,27979,17.579593658447266
0.31,0.61,0.18,0.19,1.88,0.56,0.05,0.71,0.12,27788,17.584562063217163
0.35,0.61,0.17,0.19,2.02,0.59,0.06,0.71,0.12,28033,17.58857250213623
0.25,0.58,0.17,0.17,2.22,0.61,0.05,0.77,0.13,28008,17.58937430381775
0.33,0.54,0.16,0.17,2.36,0.6,0.05,0.79,0.14,28077,17.592546224594116
0.36,0.55,0.16,0.18,2.47,0.56,0.06,0.82,0.13,28070,17.596755504608154
0.36,0.55,0.15,0.22,2.51,0.58,0.09,0.87,0.13,28969,17.60132598876953
0.38,0.59,0.14,0.22,2.54,0.56,0.07,0.89,0.16,29150,17.604778289794922
0.35,0.61,0.14,0.18,2.53,0.56,0.08,0.96,0.14,29181,17.605737924575806
0.33,0.67,0.14,0.18,2.44,0.54,0.07,1.07,0.15,30384,17.609254121780396
0.38,0.69,0.13,0.18,2.38,0.56,0.08,1.14,0.14,30893,17.613484621047974
0.34,0.76,0.14,0.16,2.29,0.56,0.08,1.25,0.13,30800,17.616849899291992
0.34,0.82,0.14,0.17,2.17,0.61,0.08,1.35,0.15,31483,17.617521047592163
0.37,0.84,0.16,0.18,2.05,0.65,0.1,1.47,0.14,32122,17.621530294418335
0.34,0.88,0.18,0.15,1.99,0.69,0.11,1.55,0.15,32909,17.625412702560425
0.36,0.92,0.21,0.16,1.9,0.78,0.11,1.59,0.17,33798,17.629709720611572
0.36,1.01,0.23,0.14,1.84,0.8,0.1,1.58,0.21,34029,17.629709720611572
0.38,1.09,0.26,0.17,1.76,0.88,0.11,1.58,0.23,34138,17.63392734527588
0.34,1.14,0.28,0.17,1.72,0.93,0.1,1.54,0.28,34795,17.6376690864563
0.35,1.11,0.32,0.19,1.7,1.04,0.12,1.53,0.33,35138,17.641629934310913
0.39,1.1,0.37,0.26,1.61,1.11,0.11,1.57,0.35,35065,17.641629934310913
0.37,1.15,0.42,0.22,1.61,1.19,0.09,1.53,0.39,35038,17.64614701271057
0.38,1.14,0.44,0.23,1.59,1.25,0.13,1.49,0.43,35441,17.650146961212158
0.35,1.15,0.48,0.29,1.55,1.31,0.14,1.46,0.47,35184,17.654402256011963
0.37,1.09,0.5,0.25,1.6,1.36,0.15,1.47,0.48,34953,17.654402256011963
0.38,1.02,0.6,0.32,1.53,1.39,0.18,1.45,0.51,34876,17.658398866653442
0.37,1.0,0.63,0.37,1.51,1.45,0.19,1.46,0.53,34859,17.661892652511597
0.38,0.97,0.65,0.38,1.54,1.52,0.17,1.36,0.62,34616,17.666489839553833
0.38,0.92,0.63,0.4,1.57,1.61,0.2,1.32,0.65,34555,17.669586420059204
0.38,0.87,0.68,0.45,1.54,1.61,0.22,1.35,0.72,34624,17.670586585998535
0.36,0.87,0.67,0.48,1.46,1.69,0.23,1.36,0.81,34199,17.6749267578125
0.48,0.86,0.71,0.53,1.43,1.71,0.24,1.32,0.86,34294,17.678926944732666
0.46,0.87,0.72,0.56,1.38,1.84,0.27,1.24,0.87,34335,17.68189573287964
0.47,0.85,0.7,0.55,1.38,1.91,0.27,1.18,0.93,34008,17.682892084121704
0.46,0.82,0.69,0.52,1.44,2.01,0.26,1.11,0.95,33749,17.685897827148438
0.39,0.82,0.68,0.47,1.37,2.05,0.2,1.06,1.02,34114,17.690977096557617
0.36,0.84,0.7,0.42,1.34,2.0,0.2,1.04,1.1,34617,17.694652318954468
0.37,0.82,0.78,0.43,1.3,1.98,0.2,1.02,1.13,34806,17.694652318954468
0.29,0.86,0.86,0.4,1.3,1.85,0.19,0.97,1.24,34883,17.698610544204712
0.32,0.8,0.88,0.4,1.27,1.83,0.15,1.02,1.29,35240,17.703111171722412
0.32,0.7,0.93,0.37,1.28,1.74,0.13,0.97,1.35,35161,17.707146644592285
0.3,0.8,0.95,0.37,1.18,1.7,0.17,0.94,1.36,35216,17.70814561843872
0.32,0.83,1.04,0.34,1.19,1.66,0.17,0.97,1.32,35371,17.71114706993103
0.38,0.81,1.13,0.41,1.19,1.6,0.15,0.95,1.33,35560,17.715627908706665
0.4,0.74,1.14,0.46,1.24,1.66,0.18,0.94,1.29,35935,17.7196307182312
0.42,0.71,1.09,0.52,1.3,1.69,0.21,0.91,1.27,36344,17.7196307182312
0.46,0.71,1.05,0.59,1.39,1.73,0.26,0.85,1.26,36779,17.723278760910034
0.53,0.67,1.04,0.7,1.47,1.67,0.27,0.89,1.27,36672,17.727802515029907
0.56,0.73,1.02,0.81,1.49,1.64,0.32,0.84,1.29,36469,17.731809616088867
0.62,0.76,0.97,0.88,1.58,1.66,0.4,0.84,1.31,36596,17.731809616088867
0.76,0.67,0.95,0.95,1.71,1.67,0.46,0.91,1.28,36583,17.735804080963135
0.89,0.67,0.94,1.04,1.82,1.67,0.52,0.98,1.16,36492,17.739805936813354
0.84,0.67,0.91,1.12,1.95,1.73,0.61,1.0,1.16,36933,17.74412226676941
0.95,0.67,0.93,1.14,2.07,1.71,0.65,0.96,1.07,37102,17.74786138534546
0.98,0.64,0.88,1.18,2.23,1.69,0.69,0.95,1.02,37167,17.74889588356018
0.98,0.63,0.83,1.19,2.35,1.7,0.74,0.91,0.97,36894,17.752894163131714
1.0,0.6,0.78,1.23,2.44,1.66,0.78,0.93,0.93,37213,17.75689435005188
0.98,0.59,0.73,1.26,2.44,1.67,0.83,1.04,0.86,36928,17.75989294052124
1.03,0.63,0.63,1.25,2.36,1.63,0.85,1.08,0.91,36803,17.76089382171631
1.03,0.69,0.62,1.27,2.25,1.62,0.89,1.24,0.84,36702,17.7642982006073
1.04,0.73,0.56,1.27,2.23,1.62,0.89,1.28,0.79,36561,17.76911473274231
1.07,0.77,0.54,1.27,2.21,1.66,0.9,1.31,0.74,36846,17.772166967391968
1.04,0.8,0.52,1.34,2.13,1.64,0.91,1.38,0.71,36763,17.77318263053894
1.02,0.85,0.49,1.34,2.05,1.64,0.99,1.45,0.67,36960,17.777181148529053
1.03,0.87,0.45,1.34,1.96,1.65,1.08,1.5,0.69,36977,17.781182527542114
1.05,0.92,0.43,1.36,1.88,1.67,1.08,1.5,0.68,37236,17.784610271453857
1.07,1.0,0.44,1.36,1.83,1.65,1.18,1.49,0.73,37489,17.785610675811768
1.1,1.08,0.47,1.4,1.74,1.64,1.17,1.48,0.76,37880,17.7891526222229
1.14,1.08,0.5,1.46,1.71,1.63,1.2,1.46,0.79,38035,17.792977571487427
1.18,1.04,0.55,1.49,1.64,1.64,1.26,1.51,0.76,38288,17.7970449924469
1.22,1.02,0.55,1.5,1.58,1.64,1.29,1.53,0.71,38401,17.798083782196045
1.26,1.05,0.6,1.52,1.59,1.62,1.3,1.43,0.76,38254,17.80104684829712
1.28,1.04,0.61,1.51,1.56,1.63,1.33,1.33,0.7,38175,17.80618405342102
1.33,1.01,0.61,1.5,1.49,1.65,1.34,1.39,0.77,38162,17.81018376350403
1.37,0.99,0.63,1.51,1.46,1.69,1.35,1.33,0.69,38405,17.81018376350403
1.36,0.96,0.67,1.54,1.42,1.68,1.34,1.27,0.76,38380,17.814184188842773
1.36,0.95,0.63,1.55,1.38,1.71,1.32,1.28,0.81,38401,17.818183660507202
1.38,0.93,0.67,1.59,1.38,1.69,1.35,1.22,0.84,38408,17.822489500045776
1.36,0.92,0.68,1.58,1.38,1.7,1.36,1.16,0.87,38343,17.825998783111572
1.36,0.89,0.69,1.6,1.35,1.75,1.32,1.08,0.87,38124,17.827072620391846
1.33,0.91,0.69,1.63,1.29,1.82,1.37,1.07,0.9,38211,17.831066608428955
1.27,0.94,0.72,1.63,1.25,1.86,1.41,1.06,0.88,37964,17.83406376838684
1.19,0.9,0.7,1.61,1.27,1.99,1.42,1.04,0.87,38223,17.838337898254395
1.27,0.84,0.69,1.53,1.25,2.02,1.42,1.0,0.9,37966,17.83920907974243
1.19,0.83,0.64,1.56,1.25,2.08,1.34,0.96,0.98,38511,17.84225034713745
1.18,0.83,0.63,1.53,1.21,2.09,1.34,0.94,1.04,38878,17.846328020095825
1.11,0.87,0.72,1.52,1.15,2.01,1.39,0.98,1.1,39019,17.851324558258057
1.06,0.88,0.79,1.47,1.19,1.96,1.33,0.92,1.14,39274,17.851324558258057
1.1,0.89,0.89,1.44,1.19,1.88,1.24,0.9,1.17,39419,17.854974508285522
1.04,0.88,0.9,1.41,1.18,1.88,1.21,0.88,1.2,39324,17.85900378227234
0.97,0.83,0.88,1.37,1.21,1.88,1.16,0.86,1.24,39583,17.8627028465271
0.92,0.84,0.91,1.31,1.16,1.83,1.19,0.88,1.3,39546,17.8627028465271
0.96,0.76,0.96,1.23,1.2,1.76,1.09,0.88,1.3,39275,17.86808729171753
0.95,0.84,1.0,1.22,1.16,1.78,1.03,0.87,1.24,39396,17.871401071548462
0.95,0.82,1.05,1.24,1.16,1.75,1.02,0.89,1.22,39419,17.875478982925415
0.92,0.78,0.99,1.24,1.25,1.8,0.94,0.91,1.21,39910,17.876715660095215
0.95,0.71,0.92,1.23,1.28,1.79,0.93,0.93,1.25,39749,17.880126237869263
1.01,0.77,0.89,1.25,1.38,1.78,0.92,0.99,1.27,40002,17.883862018585205
1.01,0.78,0.87,1.27,1.37,1.78,0.94,0.94,1.24,40061,17.887637853622437
1.08,0.77,0.88,1.25,1.41,1.76,0.97,0.99,1.18,40014,17.888665676116943
1.1,0.78,0.87,1.26,1.54,1.79,1.01,0.98,1.07,40071,17.89168095588684
1.13,0.76,0.84,1.28,1.62,1.78,1.02,1.01,1.06,39972,17.895674228668213
1.15,0.78,0.78,1.25,1.75,1.79,1.04,0.98,1.02,39949,17.900003671646118
1.15,0.78,0.81,1.28,1.88,1.77,1.05,1.0,0.95,40042,17.90303087234497
1.14,0.77,0.78,1.29,1.95,1.7,1.08,1.01,0.96,40205,17.904040336608887
1.16,0.75,0.7,1.28,1.98,1.71,1.05,1.02,0.93,40012,17.908278942108154
1.18,0.78,0.64,1.23,2.0,1.67,1.09,1.06,0.89,39935,17.91242551803589
1.2,0.8,0.61,1.23,1.98,1.7,1.08,1.2,0.82,39994,17.915393114089966
1.19,0.81,0.61,1.25,1.93,1.67,1.07,1.27,0.81,40333,17.916393518447876
1.2,0.9,0.56,1.24,1.86,1.67,1.07,1.3,0.78,40224,17.920551300048828
1.18,0.94,0.49,1.25,1.81,1.7,1.12,1.31,0.75,39929,17.924551725387573
1.14,0.98,0.49,1.31,1.76,1.68,1.15,1.39,0.74,40512,17.92855930328369
1.13,0.98,0.5,1.34,1.7,1.67,1.19,1.47,0.69,40677,17.92855930328369
1.14,0.98,0.46,1.37,1.63,1.65,1.18,1.53,0.72,40802,17.932570934295654
1.1,1.08,0.48,1.45,1.58,1.65,1.19,1.46,0.77,41353,17.936615467071533
1.04,1.18,0.48,1.51,1.52,1.62,1.25,1.44,0.77,41380,17.940658807754517
1.08,1.19,0.51,1.56,1.5,1.59,1.25,1.41,0.8,41455,17.940658807754517
1.06,1.19,0.51,1.62,1.48,1.66,1.25,1.45,0.73,41268,17.94467544555664
1.09,1.15,0.56,1.64,1.51,1.64,1.31,1.42,0.74,40797,17.948878288269043
1.12,1.13,0.58,1.65,1.46,1.63,1.34,1.39,0.74,41138,17.95284628868103
1.14,1.11,0.63,1.67,1.43,1.6,1.35,1.34,0.65,41785,17.95284628868103
1.17,1.09,0.62,1.7,1.39,1.62,1.39,1.41,0.71,40780,17.956846475601196
1.16,1.05,0.64,1.74,1.33,1.6,1.38,1.36,0.75,40655,17.961846113204956
1.2,1.04,0.68,1.74,1.32,1.62,1.38,1.27,0.72,41184,17.96535849571228
1.25,1.0,0.7,1.74,1.33,1.59,1.35,1.27,0.83,41127,17.966389656066895
1.29,1.03,0.71,1.71,1.3,1.61,1.35,1.18,0.82,40794,17.96947455406189
1.29,0.95,0.73,1.76,1.31,1.59,1.34,1.13,0.88,40911,17.97349715232849
1.23,0.89,0.73,1.74,1.3,1.59,1.38,1.08,0.88,41374,17.977779865264893
1.21,0.88,0.7,1.77,1.27,1.64,1.39,1.11,0.92,41599,17.977779865264893
1.21,0.85,0.74,1.79,1.24,1.66,1.39,1.07,0.92,41134,17.981791257858276
1.22,0.87,0.77,1.71,1.22,1.7,1.41,1.02,0.98,40737,17.985796213150024
1.19,0.89,0.76,1.7,1.24,1.82,1.43,0.98,0.93,41046,17.990020513534546
1.12,0.84,0.78,1.69,1.23,1.86,1.43,0.97,0.91,41001,17.994019269943237
1.1,0.86,0.75,1.68,1.21,1.92,1.44,0.94,0.98,41054,17.994019269943237
1.1,0.84,0.75,1.66,1.18,1.93,1.38,0.87,1.02,41197,17.998018980026245
1.05,0.83,0.82,1.64,1.17,1.87,1.36,0.88,1.09,41402,18.002014875411987
1.0,0.88,0.91,1.59,1.17,1.81,1.31,0.86,1.15,41349,18.005998373031616
0.93,0.89,0.98,1.57,1.2,1.77,1.31,0.85,1.15,41520,18.00701141357422
0.96,0.88,1.0,1.5,1.18,1.77,1.29,0.83,1.19,41859,18.01040554046631
0.97,0.83,0.99,1.43,1.22,1.74,1.25,0.87,1.21,41758,18.014169692993164
0.93,0.76,1.02,1.41,1.19,1.7,1.2,0.88,1.25,41387,18.018659353256226
0.88,0.79,1.04,1.39,1.17,1.71,1.11,0.89,1.26,41804,18.018659353256226
0.88,0.82,1.05,1.3,1.2,1.7,1.07,0.87,1.23,41575,18.022679805755615
0.94,0.82,1.12,1.26,1.22,1.68,1.07,0.89,1.21,41098,18.027676105499268
0.91,0.8,1.09,1.26,1.27,1.67,1.03,0.9,1.21,41491,18.031659364700317
0.93,0.78,0.98,1.28,1.23,1.72,1.04,0.87,1.22,41856,18.031659364700317
1.01,0.77,0.92,1.27,1.34,1.73,1.03,0.92,1.23,42049,18.03547716140747
1.0,0.78,0.92,1.29,1.38,1.67,1.0,0.91,1.18,41674,18.03950333595276
1.06,0.78,0.92,1.26,1.43,1.69,1.04,0.9,1.12,41165,18.043492078781128
1.08,0.74,0.91,1.24,1.55,1.71,1.06,0.95,1.07,41472,18.043492078781128
1.11,0.74,0.87,1.19,1.6,1.72,1.09,0.94,1.05,41617,18.046650171279907
1.13,0.75,0.87,1.19,1.75,1.67,1.13,0.93,1.02,41836,18.050893545150757
1.2,0.75,0.84,1.17,1.86,1.69,1.12,0.97,0.93,41837,18.055896759033203
1.19,0.73,0.77,1.18,1.94,1.68,1.09,1.02,0.9,41766,18.05889391899109
1.19,0.77,0.72,1.15,1.99,1.61,1.11,0.98,0.93,41475,18.059897422790527
1.22,0.78,0.65,1.15,1.94,1.64,1.1,1.09,0.87,41564,18.063260793685913
1.22,0.83,0.62,1.14,1.93,1.64,1.09,1.16,0.8,41587,18.067381620407104
1.23,0.84,0.55,1.14,1.87,1.66,1.12,1.23,0.79,41554,18.071380138397217
1.24,0.87,0.52,1.15,1.87,1.65,1.1,1.26,0.81,41455,18.072380542755127
1.23,0.95,0.48,1.17,1.83,1.64,1.11,1.27,0.75,41472,18.075391054153442
1.2,0.99,0.47,1.18,1.77,1.61,1.14,1.31,0.79,41723,18.080387353897095
1.16,0.98,0.53,1.26,1.74,1.62,1.19,1.35,0.7,41744,18.084041357040405
1.18,1.0,0.51,1.28,1.67,1.64,1.2,1.37,0.67,41837,18.084041357040405
1.16,1.13,0.49,1.32,1.55,1.65,1.2,1.36,0.74,41866,18.08809494972229
1.11,1.18,0.54,1.42,1.52,1.59,1.25,1.37,0.77,41639,18.0922589302063
1.12,1.22,0.57,1.44,1.44,1.56,1.27,1.38,0.77,41384,18.096335649490356
1.13,1.14,0.58,1.43,1.46,1.57,1.32,1.34,0.74,40989,18.097328186035156
1.22,1.18,0.62,1.49,1.45,1.6,1.32,1.34,0.7,41244,18.100338459014893
1.22,1.17,0.62,1.51,1.46,1.59,1.38,1.31,0.72,41303,18.1043701171875
1.26,1.1,0.63,1.54,1.39,1.63,1.38,1.34,0.7,41040,18.10833168029785
1.28,1.08,0.63,1.56,1.38,1.62,1.37,1.28,0.68,41341,18.109336376190186
1.33,1.11,0.66,1.59,1.38,1.62,1.34,1.24,0.73,41406,18.11237072944641
1.38,1.05,0.69,1.57,1.35,1.62,1.36,1.21,0.77,41467,18.11643147468567
1.39,0.99,0.68,1.61,1.35,1.65,1.34,1.19,0.8,41220,18.12075114250183
1.42,0.99,0.72,1.61,1.33,1.64,1.33,1.14,0.83,40883,18.121782064437866
1.38,0.93,0.74,1.61,1.34,1.61,1.36,1.1,0.85,41318,18.124781131744385
1.34,0.91,0.73,1.64,1.25,1.65,1.38,1.07,0.86,40965,18.128780841827393
1.31,0.86,0.73,1.67,1.2,1.65,1.38,1.05,0.89,40688,18.133796453475952
1.32,0.9,0.73,1.67,1.17,1.7,1.37,1.0,0.91,40735,18.136964797973633
1.31,0.96,0.77,1.61,1.2,1.72,1.4,0.99,0.93,40628,18.136964797973633
1.25,0.93,0.77,1.63,1.16,1.81,1.4,0.97,0.92,40749,18.141258716583252
1.2,0.9,0.77,1.61,1.14,1.9,1.45,0.92,0.9,41168,18.14524555206299
1.17,0.85,0.75,1.62,1.11,1.95,1.4,0.85,0.95,41073,18.149247884750366
1.12,0.84,0.78,1.57,1.11,1.9,1.43,0.8,1.01,40882,18.150243997573853
1.12,0.87,0.84,1.56,1.08,1.88,1.32,0.77,1.06,40527,18.153244256973267
1.06,0.93,0.95,1.52,1.07,1.83,1.32,0.78,1.06,40530,18.1575186252594
1.01,0.86,1.04,1.51,1.1,1.81,1.32,0.75,1.06,40719,18.161661386489868
1.0,0.84,1.06,1.45,1.07,1.77,1.26,0.77,1.12,40772,18.162692070007324
1.03,0.77,1.01,1.34,1.06,1.8,1.21,0.71,1.16,40625,18.165623903274536
1.04,0.77,1.04,1.32,1.04,1.74,1.2,0.68,1.21,40920,18.169775247573853
0.97,0.76,1.04,1.32,1.01,1.74,1.1,0.72,1.19,41017,18.174818992614746
0.94,0.8,1.12,1.32,0.95,1.69,1.02,0.71,1.2,40914,18.174818992614746
0.98,0.77,1.17,1.3,0.95,1.71,1.02,0.71,1.16,40835,18.17881965637207
0.95,0.72,1.08,1.37,0.93,1.7,1.02,0.68,1.16,40824,18.182372093200684
0.95,0.79,0.95,1.37,0.96,1.74,1.03,0.66,1.21,40929,18.18661379814148
0.99,0.78,0.91,1.37,0.91,1.75,1.02,0.59,1.17,41088,18.18661379814148
1.04,0.73,0.97,1.32,0.95,1.71,1.0,0.58,1.14,40777,18.190619945526123
1.05,0.73,0.95,1.31,0.91,1.75,0.99,0.54,1.11,40910,18.194745540618896
1.11,0.71,0.97,1.28,1.02,1.73,1.04,0.55,1.03,40831,18.19918704032898
1.13,0.71,0.91,1.29,0.94,1.81,1.04,0.51,0.99,40512,18.202693462371826
1.15,0.76,0.85,1.26,0.99,1.73,1.1,0.52,1.0,41181,18.202693462371826
1.14,0.77,0.78,1.28,0.96,1.79,1.12,0.47,0.92,40480,18.20772409439087
1.14,0.7,0.72,1.26,0.98,1.82,1.11,0.51,0.9,40033,18.211723566055298
1.2,0.7,0.7,1.24,0.98,1.75,1.08,0.58,0.88,39828,18.21511149406433
1.19,0.7,0.66,1.25,0.98,1.74,1.09,0.54,0.87,39549,18.216186046600342
1.23,0.72,0.64,1.25,1.01,1.74,1.07,0.59,0.84,39598,18.219815731048584
1.24,0.72,0.59,1.25,1.02,1.72,1.07,0.59,0.8,39407,18.22340703010559
1.22,0.75,0.54,1.33,1.01,1.67,1.09,0.63,0.75,39556,18.227123737335205
1.21,0.72,0.52,1.32,1.01,1.68,1.13,0.58,0.76,39783,18.22821068763733
1.21,0.73,0.48,1.34,1.03,1.67,1.19,0.61,0.73,39602,18.23139977455139
1.19,0.71,0.47,1.38,1.01,1.64,1.18,0.6,0.7,39455,18.23546028137207
1.19,0.71,0.44,1.47,0.97,1.62,1.2,0.59,0.68,39396,18.239461421966553
1.15,0.71,0.47,1.54,0.97,1.6,1.24,0.56,0.66,39423,18.240462064743042
1.13,0.71,0.45,1.57,0.95,1.58,1.27,0.53,0.59,38780,18.24346160888672
1.1,0.71,0.43,1.59,0.94,1.55,1.3,0.52,0.61,38821,18.24746084213257
1.19,0.69,0.45,1.6,0.9,1.5,1.31,0.48,0.56,38544,18.2514591217041
1.25,0.69,0.47,1.66,0.89,1.44,1.3,0.5,0.57,38673,18.252460718154907
1.26,0.67,0.46,1.71,0.94,1.42,1.33,0.5,0.54,38310,18.255464792251587
1.28,0.68,0.48,1.72,0.89,1.38,1.36,0.5,0.53,37157,18.259887218475342
1.34,0.7,0.41,1.68,0.88,1.34,1.33,0.49,0.47,36422,18.264975786209106
1.4,0.71,0.41,1.68,0.85,1.33,1.3,0.49,0.42,35947,18.264975786209106
1.4,0.7,0.4,1.71,0.83,1.3,1.32,0.42,0.44,35712,18.26897621154785
1.41,0.69,0.39,1.7,0.83,1.27,1.31,0.47,0.45,35941,18.272980213165283
1.39,0.7,0.37,1.7,0.8,1.22,1.31,0.48,0.42,35864,18.276993989944458
1.38,0.71,0.34,1.75,0.81,1.21,1.33,0.47,0.4,36053,18.28033447265625
1.34,0.72,0.36,1.76,0.82,1.2,1.34,0.46,0.36,36486,18.28033447265625
1.34,0.74,0.34,1.73,0.81,1.18,1.35,0.48,0.36,36643,18.284553289413452
1.33,0.75,0.32,1.71,0.83,1.16,1.36,0.46,0.35,36368,18.28861689567566
1.29,0.75,0.3,1.68,0.84,1.12,1.42,0.49,0.35,36257,18.29283356666565
1.31,0.72,0.31,1.65,0.83,1.15,1.41,0.45,0.34,35778,18.29283356666565
1.19,0.71,0.32,1.73,0.83,1.12,1.41,0.48,0.34,35177,18.296828269958496
1.17,0.72,0.32,1.67,0.82,1.13,1.42,0.51,0.28,35504,18.30094623565674
1.15,0.74,0.33,1.66,0.83,1.09,1.33,0.47,0.28,35685,18.304786920547485
1.09,0.75,0.27,1.6,0.82,1.15,1.34,0.49,0.21,35620,18.304786920547485
1.08,0.74,0.27,1.57,0.82,1.14,1.34,0.48,0.25,35603,18.309834241867065
1.04,0.73,0.31,1.52,0.81,1.13,1.31,0.49,0.24,35864,18.31359601020813
1.07,0.74,0.34,1.44,0.81,1.11,1.25,0.5,0.25,34765,18.318196773529053
1.08,0.74,0.34,1.41,0.83,1.12,1.24,0.48,0.23,33622,18.318196773529053
0.99,0.72,0.34,1.45,0.83,1.11,1.19,0.48,0.25,33275,18.321195363998413
0.96,0.73,0.32,1.39,0.85,1.09,1.12,0.48,0.26,33462,18.326195240020752
1.0,0.73,0.34,1.31,0.88,1.09,1.12,0.47,0.28,33563,18.330326557159424
1.01,0.7,0.35,1.29,0.86,1.1,1.13,0.42,0.29,33462,18.330326557159424
0.95,0.7,0.33,1.26,0.86,1.1,1.1,0.45,0.29,33425,18.334327459335327
0.95,0.7,0.34,1.18,0.86,1.1,1.07,0.45,0.29,32936,18.338454246520996
0.96,0.68,0.33,1.15,0.87,1.11,0.99,0.42,0.28,33133,18.342315912246704
0.99,0.7,0.34,1.05,0.86,1.1,0.94,0.4,0.29,33062,18.346155405044556
1.01,0.68,0.33,1.02,0.86,1.08,0.88,0.4,0.26,33135,18.347230672836304
0.97,0.66,0.32,0.96,0.85,1.08,0.85,0.39,0.25,33170,18.350066900253296
0.99,0.67,0.28,0.88,0.9,1.08,0.77,0.38,0.26,32657,18.35406994819641
0.97,0.67,0.28,0.82,0.86,1.1,0.81,0.38,0.24,32862,18.35806703567505
0.97,0.67,0.28,0.79,0.84,1.09,0.71,0.41,0.23,33261,18.359079599380493
0.93,0.67,0.24,0.76,0.89,1.09,0.61,0.38,0.22,33520,18.36228036880493
0.91,0.66,0.23,0.68,0.88,1.08,0.61,0.38,0.23,34033,18.36729884147644
0.85,0.64,0.25,0.66,0.91,1.07,0.63,0.38,0.2,33894,18.370502948760986
0.83,0.68,0.25,0.65,0.88,1.08,0.62,0.37,0.2,33449,18.371301412582397
0.89,0.64,0.21,0.66,0.93,1.1,0.61,0.35,0.22,33380,18.3743577003479
0.85,0.64,0.21,0.69,0.91,1.1,0.58,0.34,0.22,33667,18.379026174545288
0.78,0.64,0.2,0.69,0.93,1.1,0.6,0.36,0.21,33640,18.382479906082153
0.72,0.65,0.19,0.73,0.92,1.09,0.58,0.35,0.2,33913,18.383477687835693
0.64,0.65,0.22,0.71,0.93,1.09,0.57,0.32,0.19,33978,18.38765048980713
0.65,0.65,0.2,0.69,0.9,1.11,0.53,0.32,0.18,33983,18.39190149307251
0.63,0.64,0.23,0.7,0.89,1.08,0.5,0.3,0.18,33862,18.396018266677856
0.59,0.69,0.21,0.74,0.84,1.04,0.46,0.27,0.15,33825,18.396018266677856
0.54,0.76,0.22,0.62,0.78,1.01,0.36,0.28,0.16,33884,18.400017976760864
0.59,0.72,0.3,0.45,0.74,0.92,0.06,0.13,0.08,34147,18.404006004333496
0.46,0.62,0.27,0.5,0.77,0.89,0.21,0.26,0.12,32674,18.40755581855774
0.49,0.64,0.28,0.52,0.83,0.92,0.21,0.33,0.13,30665,18.41168737411499
0.49,0.67,0.29,0.52,0.82,0.89,0.17,0.28,0.12,27778,18.412741661071777
0.45,0.66,0.3,0.45,0.82,0.88,0.15,0.27,0.13,26579,18.4156813621521
0.48,0.67,0.31,0.42,0.78,0.88,0.14,0.27,0.13,25928,18.420729398727417
0.48,0.69,0.31,0.43,0.81,0.88,0.13,0.31,0.14,25589,18.423859357833862
0.51,0.67,0.31,0.42,0.83,0.89,0.12,0.29,0.13,25676,18.423859357833862
0.47,0.66,0.32,0.39,0.83,0.86,0.1,0.26,0.12,25407,18.42888855934143
0.46,0.69,0.3,0.38,0.82,0.86,0.12,0.29,0.12,25160,18.43238139152527
0.41,0.67,0.33,0.36,0.82,0.86,0.11,0.29,0.11,25371,18.436407327651978
0.45,0.69,0.31,0.36,0.82,0.85,0.1,0.26,0.11,25504,18.43739151954651
0.43,0.69,0.31,0.34,0.8,0.85,0.07,0.27,0.1,25087,18.44040322303772
0.48,0.68,0.28,0.33,0.76,0.83,0.05,0.24,0.1,24620,18.445431232452393
0.48,0.69,0.3,0.34,0.77,0.85,0.05,0.23,0.09,24243,18.448864936828613
0.42,0.66,0.28,0.33,0.75,0.82,0.06,0.22,0.08,24370,18.448864936828613
0.45,0.71,0.3,0.36,0.74,0.83,0.05,0.26,0.09,24235,18.453449726104736
0.46,0.69,0.3,0.38,0.74,0.84,0.05,0.26,0.1,23680,18.457918405532837
0.45,0.69,0.3,0.4,0.77,0.85,0.07,0.26,0.1,23529,18.461042404174805
0.44,0.72,0.3,0.39,0.76,0.86,0.06,0.28,0.1,23616,18.46202826499939
0.43,0.72,0.3,0.38,0.78,0.85,0.07,0.26,0.1,23449,18.46454381942749
0.43,0.71,0.28,0.37,0.79,0.85,0.07,0.3,0.1,23438,18.46961259841919
0.46,0.72,0.29,0.36,0.78,0.87,0.07,0.28,0.09,23419,18.473687887191772
0.44,0.73,0.3,0.37,0.8,0.85,0.07,0.32,0.1,23144,18.473687887191772
0.45,0.74,0.3,0.41,0.77,0.84,0.06,0.27,0.09,23285,18.478114366531372
0.47,0.73,0.28,0.39,0.75,0.84,0.07,0.29,0.09,23614,18.481269359588623
0.48,0.73,0.27,0.39,0.75,0.83,0.07,0.27,0.09,23579,18.486274003982544
0.47,0.76,0.27,0.37,0.73,0.84,0.06,0.28,0.08,23586,18.488950967788696
0.49,0.75,0.27,0.29,0.76,0.83,0.06,0.24,0.09,23133,18.489998817443848
0.47,0.72,0.31,0.26,0.73,0.8,0.05,0.26,0.09,22654,18.493999481201172
0.53,0.73,0.31,0.3,0.72,0.82,0.06,0.27,0.09,23353,18.49799919128418
0.54,0.74,0.31,0.34,0.76,0.82,0.06,0.28,0.09,23300,18.502057313919067
0.51,0.75,0.3,0.34,0.76,0.82,0.06,0.28,0.09,22819,18.50308918952942
0.51,0.77,0.31,0.33,0.76,0.82,0.06,0.29,0.09,22418,18.506299257278442
0.53,0.76,0.28,0.35,0.77,0.84,0.06,0.3,0.08,22235,18.51029920578003
0.54,0.78,0.28,0.35,0.8,0.83,0.06,0.3,0.09,21940,18.514437198638916
0.56,0.77,0.28,0.35,0.79,0.83,0.06,0.31,0.09,21713,18.51545476913452
0.52,0.78,0.29,0.34,0.8,0.83,0.06,0.3,0.09,22044,18.517778158187866
0.53,0.78,0.28,0.33,0.8,0.85,0.04,0.31,0.08,22405,18.52249836921692
0.56,0.77,0.29,0.33,0.81,0.85,0.05,0.32,0.09,22694,18.526487350463867
0.56,0.75,0.3,0.33,0.81,0.86,0.05,0.31,0.09,22393,18.52749752998352
0.56,0.76,0.29,0.35,0.81,0.86,0.05,0.34,0.09,21812,18.530487537384033
0.56,0.78,0.29,0.35,0.82,0.86,0.05,0.35,0.09,22333,18.53448510169983
0.57,0.79,0.29,0.36,0.82,0.87,0.05,0.31,0.09,22520,18.539093494415283
0.57,0.78,0.28,0.36,0.81,0.86,0.05,0.34,0.09,22515,18.539093494415283
0.58,0.8,0.28,0.36,0.79,0.85,0.06,0.32,0.09,22028,18.543230295181274
0.58,0.79,0.28,0.37,0.8,0.86,0.04,0.31,0.09,21967,18.547329902648926
0.57,0.79,0.28,0.37,0.8,0.85,0.06,0.32,0.09,22070,18.55147409439087
0.55,0.79,0.29,0.38,0.81,0.86,0.05,0.32,0.08,22063,18.55430269241333
0.57,0.78,0.29,0.38,0.82,0.87,0.05,0.32,0.09,21996,18.55529284477234
0.56,0.76,0.28,0.4,0.83,0.87,0.06,0.35,0.09,22339,18.559271097183228
0.57,0.77,0.27,0.4,0.83,0.88,0.05,0.35,0.09,22670,18.56426978111267
0.56,0.79,0.26,0.4,0.85,0.89,0.05,0.36,0.08,22767,18.567067623138428
0.59,0.78,0.26,0.4,0.85,0.89,0.06,0.34,0.09,22296,18.56809401512146
0.59,0.77,0.25,0.4,0.85,0.89,0.06,0.36,0.08,22343,18.571096420288086
0.58,0.79,0.27,0.4,0.86,0.89,0.06,0.36,0.09,22212,18.576107263565063
0.58,0.79,0.28,0.41,0.86,0.89,0.06,0.34,0.09,22563,18.579106092453003
0.59,0.79,0.29,0.42,0.85,0.9,0.06,0.37,0.1,22664,18.58010721206665
0.58,0.8,0.29,0.41,0.86,0.89,0.06,0.34,0.1,22363,18.583452224731445
0.58,0.79,0.31,0.42,0.86,0.88,0.06,0.37,0.1,22402,18.58784246444702
0.6,0.79,0.29,0.41,0.86,0.88,0.06,0.33,0.1,21975,18.59186339378357
0.58,0.79,0.29,0.42,0.84,0.88,0.06,0.34,0.1,21940,18.592854976654053
0.58,0.79,0.28,0.42,0.84,0.88,0.07,0.36,0.1,21835,18.595861673355103
0.59,0.78,0.28,0.42,0.84,0.89,0.06,0.34,0.1,21758,18.600120544433594
0.6,0.78,0.29,0.43,0.85,0.89,0.07,0.35,0.09,21983,18.604124307632446
0.58,0.79,0.3,0.42,0.85,0.88,0.06,0.34,0.1,22088,18.605117321014404
0.59,0.79,0.3,0.43,0.86,0.87,0.07,0.34,0.1,22001,18.607989072799683
0.59,0.79,0.29,0.43,0.86,0.87,0.06,0.34,0.1,22382,18.612250328063965
0.6,0.78,0.29,0.43,0.86,0.88,0.06,0.34,0.1,21923,18.61627984046936
0.59,0.79,0.3,0.42,0.86,0.89,0.06,0.35,0.1,21802,18.620607137680054
0.6,0.81,0.32,0.42,0.87,0.89,0.06,0.35,0.1,22235,18.62069272994995
0.6,0.78,0.31,0.43,0.87,0.88,0.06,0.34,0.1,22788,18.624696493148804
0.6,0.78,0.3,0.43,0.88,0.88,0.06,0.38,0.1,22603,18.62869167327881
0.61,0.79,0.3,0.44,0.87,0.88,0.06,0.37,0.1,22084,18.6326961517334
0.62,0.79,0.3,0.44,0.88,0.88,0.06,0.37,0.1,22133,18.6326961517334
0.63,0.79,0.28,0.44,0.88,0.89,0.06,0.37,0.1,21808,18.636685609817505
0.62,0.8,0.3,0.44,0.88,0.89,0.06,0.39,0.1,21783,18.640923976898193
0.62,0.81,0.29,0.45,0.88,0.89,0.06,0.37,0.1,22124,18.644956827163696
0.61,0.79,0.29,0.44,0.89,0.89,0.06,0.36,0.1,22177,18.64595675468445
0.62,0.8,0.3,0.45,0.87,0.9,0.07,0.37,0.1,22100,18.648954153060913
0.62,0.82,0.3,0.45,0.87,0.89,0.07,0.38,0.1,22471,18.653677940368652
0.62,0.81,0.29,0.46,0.87,0.89,0.06,0.38,0.1,21988,18.657657146453857
0.63,0.81,0.3,0.45,0.87,0.89,0.06,0.4,0.1,22113,18.657657146453857
0.63,0.81,0.28,0.44,0.88,0.89,0.06,0.4,0.1,22524,18.661649703979492
0.62,0.81,0.29,0.44,0.87,0.89,0.06,0.39,0.09,22327,18.66564631462097
0.61,0.8,0.29,0.44,0.87,0.9,0.06,0.37,0.1,21818,18.669662714004517
0.62,0.79,0.3,0.43,0.89,0.9,0.06,0.38,0.1,21923,18.670658349990845
0.63,0.8,0.3,0.45,0.89,0.89,0.06,0.39,0.1,22344,18.673717737197876
0.63,0.8,0.3,0.45,0.89,0.9,0.07,0.38,0.09,22205,18.67867946624756
0.64,0.8,0.29,0.45,0.89,0.9,0.06,0.37,0.09,22054,18.681679725646973
0.64,0.8,0.29,0.45,0.91,0.89,0.07,0.39,0.09,22065,18.6826753616333
0.64,0.8,0.31,0.47,0.9,0.89,0.06,0.39,0.09,22518,18.685946464538574
0.65,0.8,0.31,0.46,0.92,0.9,0.06,0.38,0.09,22595,18.690083026885986
0.64,0.8,0.31,0.45,0.92,0.9,0.06,0.38,0.09,22138,18.6948184967041
0.65,0.8,0.3,0.46,0.91,0.89,0.06,0.39,0.09,21763,18.698240995407104
0.66,0.8,0.32,0.44,0.91,0.89,0.06,0.39,0.09,21622,18.698240995407104
0.66,0.81,0.32,0.46,0.91,0.9,0.06,0.4,0.09,21681,18.702285289764404
0.66,0.81,0.32,0.48,0.9,0.9,0.06,0.4,0.09,22286,18.706514835357666
0.66,0.81,0.31,0.46,0.9,0.9,0.06,0.4,0.09,22371,18.710500240325928
0.66,0.81,0.32,0.47,0.9,0.9,0.06,0.38,0.09,22250,18.710500240325928
0.65,0.81,0.31,0.45,0.9,0.9,0.06,0.4,0.09,21869,18.714503049850464
0.67,0.81,0.31,0.46,0.9,0.91,0.06,0.4,0.09,21758,18.71864342689514
0.66,0.81,0.31,0.45,0.9,0.9,0.06,0.4,0.09,21925,18.72285771369934
0.66,0.8,0.31,0.47,0.9,0.9,0.06,0.39,0.1,22022,18.723922729492188
0.67,0.81,0.3,0.46,0.88,0.91,0.06,0.38,0.1,21755,18.727033853530884
0.68,0.81,0.3,0.46,0.9,0.9,0.07,0.39,0.09,22234,18.73167324066162
0.68,0.81,0.31,0.47,0.9,0.9,0.07,0.42,0.1,22515,18.734663009643555
0.65,0.82,0.31,0.47,0.91,0.9,0.07,0.42,0.09,22276,18.73567247390747
0.65,0.81,0.31,0.48,0.9,0.9,0.07,0.39,0.09,22125,18.739661931991577
0.68,0.79,0.32,0.48,0.9,0.9,0.07,0.4,0.09,22040,18.743661880493164
0.67,0.81,0.32,0.48,0.91,0.9,0.07,0.42,0.1,21909,18.747766494750977
0.67,0.81,0.31,0.47,0.89,0.9,0.07,0.42,0.09,22560,18.747766494750977
0.68,0.81,0.31,0.48,0.89,0.9,0.07,0.41,0.1,22217,18.7514009475708
0.68,0.8,0.31,0.46,0.9,0.9,0.07,0.39,0.09,22184,18.755923748016357
0.68,0.8,0.31,0.47,0.91,0.91,0.07,0.41,0.1,22445,18.759970903396606
0.68,0.79,0.31,0.47,0.91,0.9,0.06,0.41,0.1,22328,18.764087915420532
0.69,0.79,0.31,0.47,0.93,0.91,0.07,0.4,0.1,21871,18.76509380340576
0.69,0.79,0.31,0.47,0.93,0.91,0.06,0.4,0.1,21910,18.769094467163086
0.69,0.79,0.32,0.47,0.92,0.91,0.06,0.4,0.1,21809,18.773094654083252
0.7,0.8,0.32,0.46,0.92,0.92,0.06,0.38,0.1,22136,18.776666164398193
0.69,0.8,0.32,0.47,0.91,0.91,0.06,0.4,0.1,22159,18.776666164398193
0.69,0.8,0.31,0.48,0.92,0.91,0.07,0.4,0.11,22370,18.78106117248535
0.69,0.8,0.33,0.5,0.92,0.91,0.07,0.4,0.11,22571,18.784640073776245
0.68,0.79,0.33,0.5,0.91,0.91,0.07,0.41,0.1,22418,18.789122343063354
0.69,0.8,0.33,0.49,0.9,0.91,0.07,0.41,0.1,22315,18.789122343063354
0.7,0.81,0.33,0.49,0.91,0.91,0.07,0.4,0.1,22024,18.793224811553955
0.7,0.81,0.33,0.48,0.92,0.91,0.07,0.39,0.1,21853,18.797212839126587
0.7,0.8,0.33,0.48,0.92,0.92,0.06,0.39,0.11,21846,18.800286769866943
0.68,0.81,0.33,0.48,0.92,0.91,0.07,0.41,0.1,21681,18.801225185394287
0.69,0.8,0.32,0.49,0.91,0.91,0.07,0.41,0.1,21754,18.805224657058716
0.68,0.8,0.33,0.49,0.92,0.91,0.07,0.41,0.11,21879,18.810226678848267
0.68,0.81,0.32,0.5,0.93,0.91,0.07,0.41,0.1,21562,18.8131742477417
0.68,0.81,0.33,0.51,0.93,0.91,0.07,0.41,0.11,21545,18.81425428390503
0.67,0.8,0.33,0.51,0.92,0.91,0.07,0.41,0.1,21890,18.817246675491333
0.67,0.81,0.32,0.5,0.92,0.91,0.07,0.42,0.1,22145,18.82149910926819
0.68,0.8,0.32,0.5,0.94,0.91,0.07,0.41,0.1,21920,18.825984477996826
0.69,0.79,0.32,0.51,0.95,0.91,0.07,0.42,0.1,22071,18.829467058181763
0.68,0.8,0.32,0.51,0.95,0.91,0.07,0.43,0.11,21884,18.829467058181763
0.68,0.8,0.32,0.5,0.94,0.91,0.08,0.42,0.1,21333,18.833499431610107
0.67,0.8,0.31,0.51,0.95,0.92,0.07,0.42,0.1,21850,18.838109731674194
0.67,0.81,0.3,0.5,0.93,0.91,0.07,0.42,0.11,21925,18.841106414794922
0.67,0.82,0.31,0.51,0.93,0.92,0.07,0.41,0.11,21596,18.84210991859436
0.67,0.8,0.32,0.51,0.92,0.92,0.07,0.42,0.1,21651,18.84610939025879
0.69,0.8,0.31,0.51,0.93,0.92,0.07,0.42,0.1,21696,18.850290060043335
0.7,0.8,0.32,0.51,0.93,0.92,0.07,0.42,0.11,21809,18.853708267211914
0.67,0.81,0.32,0.51,0.94,0.92,0.07,0.42,0.11,22104,18.854740858078003
0.67,0.81,0.32,0.51,0.94,0.92,0.08,0.42,0.11,22379,18.858741283416748
0.69,0.82,0.33,0.5,0.94,0.92,0.07,0.41,0.11,22066,18.861894369125366
0.7,0.82,0.33,0.52,0.94,0.92,0.08,0.42,0.11,22001,18.866074323654175
0.71,0.81,0.33,0.51,0.94,0.91,0.08,0.43,0.11,21908,18.867074966430664
0.71,0.81,0.33,0.51,0.93,0.92,0.08,0.43,0.11,22043,18.870189428329468
0.7,0.83,0.33,0.52,0.94,0.92,0.08,0.43,0.11,22162,18.87520480155945
0.72,0.82,0.32,0.51,0.94,0.92,0.08,0.42,0.11,22029,18.878204107284546
0.71,0.82,0.32,0.52,0.94,0.9,0.08,0.41,0.11,22210,18.879204750061035
0.7,0.82,0.32,0.51,0.94,0.89,0.07,0.41,0.11,22243,18.882411241531372
0.7,0.82,0.33,0.51,0.95,0.91,0.08,0.4,0.12,22016,18.887328386306763
0.67,0.82,0.32,0.52,0.94,0.91,0.08,0.39,0.11,22011,18.890500783920288
0.67,0.81,0.32,0.52,0.96,0.91,0.08,0.39,0.11,21890,18.89153218269348
0.68,0.82,0.32,0.52,0.95,0.92,0.08,0.4,0.11,21817,18.89456534385681
0.67,0.82,0.31,0.53,0.94,0.92,0.08,0.4,0.11,22132,18.899538278579712
0.67,0.82,0.32,0.53,0.96,0.91,0.08,0.4,0.11,21967,18.90353274345398
0.66,0.81,0.32,0.53,0.95,0.91,0.07,0.39,0.11,21812,18.90704607963562
0.64,0.82,0.32,0.53,0.94,0.92,0.07,0.39,0.11,22153,18.90704607963562
0.65,0.82,0.32,0.53,0.95,0.92,0.07,0.39,0.11,22318,18.91130256652832
0.64,0.81,0.33,0.54,0.96,0.91,0.07,0.39,0.1,22379,18.915334701538086
0.66,0.82,0.33,0.53,0.96,0.92,0.07,0.4,0.11,21830,18.918556451797485
0.67,0.81,0.33,0.53,0.96,0.91,0.08,0.39,0.1,22191,18.91958737373352
0.67,0.82,0.33,0.54,0.95,0.91,0.07,0.4,0.11,22158,18.923650979995728
0.67,0.83,0.33,0.54,0.95,0.91,0.08,0.39,0.1,21871,18.92775559425354
0.67,0.83,0.32,0.54,0.95,0.91,0.08,0.4,0.1,21908,18.931764125823975
0.67,0.82,0.31,0.55,0.95,0.91,0.08,0.39,0.1,21717,18.931764125823975
0.67,0.82,0.33,0.54,0.95,0.91,0.08,0.4,0.1,22146,18.935753345489502
0.67,0.83,0.31,0.55,0.95,0.91,0.08,0.39,0.11,22393,18.93989324569702
0.67,0.83,0.32,0.54,0.95,0.91,0.08,0.41,0.1,22342,18.943952560424805
0.68,0.82,0.31,0.54,0.95,0.92,0.07,0.41,0.1,22471,18.944987535476685
0.68,0.83,0.31,0.54,0.95,0.91,0.08,0.42,0.1,22148,18.94875717163086
0.67,0.83,0.31,0.53,0.95,0.92,0.08,0.41,0.11,22043,18.9527530670166
0.67,0.83,0.31,0.53,0.95,0.92,0.08,0.42,0.1,21484,18.956020832061768
0.66,0.83,0.32,0.53,0.95,0.93,0.08,0.42,0.1,21555,18.957021236419678
0.66,0.83,0.32,0.53,0.95,0.93,0.07,0.42,0.1,21664,18.961018800735474
0.67,0.83,0.32,0.53,0.95,0.92,0.08,0.42,0.11,21851,18.965019464492798
0.68,0.83,0.32,0.53,0.95,0.92,0.07,0.41,0.1,21996,18.969196796417236
0.68,0.82,0.32,0.52,0.95,0.92,0.07,0.41,0.11,22151,18.969196796417236
0.69,0.83,0.32,0.52,0.96,0.92,0.07,0.42,0.11,21606,18.97254228591919
0.68,0.83,0.33,0.52,0.96,0.92,0.08,0.39,0.11,21865,18.976431608200073
0.69,0.83,0.33,0.52,0.95,0.92,0.08,0.42,0.1,22204,18.981462001800537
0.69,0.83,0.32,0.53,0.95,0.92,0.08,0.41,0.11,21955,18.981462001800537
0.69,0.83,0.33,0.53,0.95,0.92,0.08,0.42,0.1,22016,18.985462188720703
0.69,0.83,0.32,0.52,0.94,0.92,0.08,0.42,0.1,22283,18.989245891571045
0.67,0.83,0.32,0.53,0.95,0.92,0.08,0.42,0.1,21802,18.993204832077026
0.67,0.83,0.33,0.53,0.95,0.92,0.07,0.42,0.11,21535,18.99731707572937
0.65,0.82,0.34,0.53,0.95,0.91,0.07,0.4,0.11,21724,18.99834704399109
0.64,0.82,0.33,0.53,0.96,0.92,0.08,0.42,0.11,22221,19.001508951187134
0.63,0.82,0.33,0.53,0.95,0.92,0.07,0.42,0.11,22782,19.00579261779785
0.62,0.83,0.33,0.53,0.95,0.92,0.07,0.42,0.11,22659,19.009098052978516
0.62,0.83,0.33,0.52,0.95,0.92,0.07,0.42,0.11,22326,19.01011300086975
0.62,0.83,0.33,0.51,0.95,0.92,0.07,0.43,0.11,22383,19.013415098190308
0.63,0.83,0.33,0.52,0.95,0.92,0.08,0.42,0.11,22156,19.017409324645996
0.64,0.82,0.33,0.52,0.96,0.92,0.07,0.43,0.11,21639,19.021812200546265
0.63,0.83,0.34,0.52,0.96,0.91,0.08,0.4,0.11,21862,19.022876024246216
0.64,0.83,0.34,0.51,0.96,0.91,0.07,0.4,0.11,21985,19.025614738464355
0.65,0.83,0.34,0.5,0.96,0.91,0.07,0.42,0.11,22072,19.030959606170654
0.65,0.83,0.33,0.5,0.96,0.92,0.07,0.42,0.11,21647,19.03395986557007
0.61,0.83,0.33,0.51,0.96,0.92,0.07,0.42,0.11,21866,19.03493881225586
0.62,0.83,0.33,0.52,0.96,0.92,0.07,0.42,0.11,21939,19.038427114486694
0.6,0.83,0.33,0.51,0.95,0.93,0.08,0.42,0.11,22136,19.042609691619873
0.6,0.83,0.33,0.52,0.96,0.92,0.07,0.42,0.11,22181,19.0464026927948
0.6,0.83,0.34,0.51,0.96,0.91,0.07,0.42,0.11,22422,19.04741334915161
0.62,0.83,0.34,0.51,0.96,0.92,0.07,0.42,0.12,22213,19.051806211471558
0.6,0.83,0.35,0.5,0.95,0.92,0.07,0.42,0.11,21842,19.05545449256897
0.6,0.83,0.35,0.5,0.95,0.92,0.07,0.41,0.11,21711,19.058561325073242
0.61,0.84,0.35,0.5,0.95,0.92,0.07,0.41,0.11,21652,19.059621572494507
0.61,0.84,0.35,0.51,0.95,0.92,0.07,0.42,0.11,21849,19.063862085342407
0.62,0.83,0.34,0.52,0.95,0.92,0.07,0.41,0.11,22092,19.06739568710327
0.62,0.84,0.35,0.51,0.94,0.92,0.07,0.42,0.11,21949,19.07139825820923
0.63,0.84,0.34,0.51,0.95,0.93,0.07,0.42,0.1,21882,19.0752375125885
0.64,0.84,0.34,0.51,0.95,0.93,0.07,0.42,0.1,22027,19.075971841812134
0.65,0.84,0.34,0.51,0.95,0.92,0.06,0.42,0.1,22060,19.079752445220947
0.65,0.84,0.34,0.52,0.96,0.93,0.07,0.42,0.1,21929,19.08320903778076
0.65,0.84,0.33,0.52,0.95,0.93,0.07,0.42,0.1,21870,19.086931705474854
0.65,0.84,0.33,0.53,0.96,0.92,0.07,0.42,0.1,21501,19.087911128997803
0.63,0.84,0.32,0.52,0.96,0.93,0.07,0.42,0.1,21468,19.091613292694092
0.65,0.84,0.31,0.53,0.96,0.93,0.07,0.42,0.1,21983,19.095465421676636
0.65,0.84,0.32,0.53,0.95,0.93,0.07,0.42,0.1,22508,19.099618911743164
0.63,0.83,0.32,0.53,0.95,0.93,0.07,0.42,0.1,22331,19.10068154335022
0.65,0.84,0.32,0.53,0.96,0.93,0.07,0.42,0.1,22492,19.103595495224
0.65,0.84,0.32,0.53,0.96,0.93,0.07,0.42,0.1,22141,19.107633113861084
0.66,0.85,0.32,0.52,0.96,0.92,0.07,0.42,0.1,21538,19.112638235092163
0.65,0.85,0.31,0.53,0.95,0.93,0.07,0.43,0.1,21913,19.112638235092163
0.64,0.85,0.32,0.53,0.95,0.92,0.07,0.41,0.1,22374,19.116641998291016
0.66,0.86,0.32,0.54,0.96,0.93,0.07,0.42,0.1,22129,19.120893955230713
0.65,0.85,0.32,0.53,0.96,0.93,0.07,0.43,0.1,22070,19.12489342689514
0.65,0.85,0.32,0.54,0.96,0.93,0.07,0.43,0.1,21885,19.12489342689514
0.65,0.85,0.32,0.54,0.96,0.93,0.07,0.42,0.1,21974,19.1289803981781
0.65,0.85,0.32,0.53,0.96,0.93,0.07,0.43,0.1,22153,19.13230800628662
0.65,0.85,0.32,0.54,0.95,0.93,0.08,0.43,0.1,21982,19.136558294296265
0.65,0.84,0.32,0.54,0.95,0.93,0.07,0.43,0.1,22029,19.137596607208252
0.67,0.85,0.33,0.53,0.95,0.92,0.07,0.42,0.1,22316,19.140600442886353
0.66,0.84,0.33,0.54,0.95,0.92,0.07,0.43,0.1,22355,19.144598484039307
0.66,0.84,0.33,0.53,0.96,0.92,0.07,0.42,0.1,22492,19.148599863052368
0.65,0.84,0.33,0.53,0.96,0.93,0.07,0.42,0.1,22109,19.15279722213745
0.67,0.85,0.34,0.54,0.96,0.93,0.07,0.42,0.1,21870,19.15279722213745
0.66,0.84,0.33,0.54,0.95,0.93,0.07,0.4,0.11,21683,19.156967163085938
0.65,0.83,0.34,0.54,0.96,0.93,0.07,0.4,0.11,21876,19.16197919845581
0.66,0.84,0.34,0.54,0.96,0.93,0.07,0.41,0.11,21945,19.165235996246338
0.65,0.84,0.33,0.54,0.96,0.93,0.08,0.4,0.1,21850,19.16622829437256
0.66,0.84,0.34,0.55,0.96,0.93,0.07,0.42,0.1,22465,19.17022967338562
0.67,0.84,0.33,0.54,0.96,0.94,0.08,0.42,0.1,22106,19.173757314682007
0.67,0.84,0.34,0.54,0.96,0.93,0.07,0.42,0.1,21759,19.177857398986816
0.65,0.84,0.35,0.55,0.97,0.93,0.07,0.42,0.1,21468,19.178971529006958
0.66,0.84,0.34,0.55,0.97,0.93,0.07,0.42,0.11,21681,19.182150840759277
0.66,0.84,0.35,0.54,0.97,0.93,0.07,0.43,0.1,22004,19.18650245666504
0.66,0.85,0.34,0.54,0.97,0.94,0.07,0.42,0.1,22277,19.189789533615112
0.66,0.84,0.34,0.54,0.97,0.94,0.07,0.42,0.1,22224,19.190821170806885
0.67,0.84,0.34,0.55,0.98,0.93,0.07,0.42,0.1,21667,19.195122241973877
0.67,0.84,0.34,0.55,0.98,0.93,0.08,0.42,0.1,21890,19.19840669631958
0.68,0.84,0.35,0.54,0.98,0.93,0.07,0.42,0.1,22157,19.202436685562134
0.68,0.83,0.34,0.55,0.99,0.93,0.07,0.42,0.1,22014,19.2033908367157
0.67,0.83,0.35,0.55,1.0,0.93,0.07,0.42,0.1,21843,19.20641279220581
0.68,0.83,0.35,0.56,0.99,0.93,0.07,0.41,0.1,22238,19.21138620376587
0.67,0.83,0.34,0.56,0.99,0.93,0.07,0.4,0.1,22481,19.21546196937561
0.67,0.83,0.35,0.56,0.99,0.93,0.07,0.4,0.1,22150,19.21546196937561
0.68,0.83,0.34,0.56,0.99,0.94,0.08,0.41,0.1,22115,19.2186222076416
0.69,0.84,0.34,0.56,0.99,0.93,0.07,0.43,0.1,22108,19.222870111465454
0.69,0.84,0.35,0.56,0.99,0.93,0.07,0.42,0.1,22245,19.227304935455322
0.69,0.84,0.34,0.57,0.99,0.93,0.08,0.43,0.1,22194,19.230597972869873
0.69,0.84,0.35,0.55,0.99,0.93,0.07,0.43,0.1,22071,19.231306314468384
0.69,0.84,0.35,0.56,0.99,0.93,0.07,0.43,0.1,21796,19.235431671142578
0.69,0.84,0.35,0.56,0.99,0.93,0.07,0.42,0.1,22319,19.239431619644165
0.7,0.84,0.35,0.56,0.99,0.94,0.07,0.42,0.1,22356,19.243250131607056
0.7,0.84,0.35,0.56,0.99,0.93,0.07,0.42,0.1,22101,19.24431014060974
0.7,0.84,0.35,0.55,0.99,0.93,0.07,0.42,0.1,21628,19.247946739196777
0.69,0.84,0.35,0.56,0.99,0.92,0.08,0.42,0.1,21695,19.251444578170776
0.68,0.84,0.35,0.56,1.0,0.92,0.07,0.43,0.1,22138,19.256097316741943
0.69,0.83,0.35,0.55,1.0,0.93,0.07,0.41,0.1,22205,19.256097316741943
0.69,0.83,0.35,0.57,1.01,0.93,0.07,0.41,0.1,22296,19.26008152961731
0.69,0.83,0.36,0.56,1.0,0.93,0.07,0.4,0.1,21949,19.264097929000854
0.69,0.84,0.36,0.56,1.0,0.93,0.07,0.43,0.1,21918,19.26807713508606
0.7,0.83,0.35,0.56,1.0,0.93,0.07,0.42,0.1,21835,19.26807713508606
0.69,0.83,0.36,0.56,1.01,0.93,0.07,0.42,0.1,21770,19.272074699401855
0.7,0.83,0.36,0.56,1.01,0.93,0.07,0.42,0.1,21733,19.27611756324768
0.7,0.83,0.35,0.55,1.01,0.93,0.08,0.42,0.1,21802,19.280118703842163
0.7,0.83,0.35,0.55,1.01,0.93,0.07,0.43,0.1,21861,19.280118703842163
0.7,0.84,0.34,0.56,1.01,0.93,0.07,0.42,0.1,21860,19.284083366394043
0.69,0.84,0.35,0.57,1.01,0.93,0.07,0.42,0.1,21855,19.287925481796265
0.69,0.84,0.35,0.56,1.01,0.93,0.07,0.42,0.1,21914,19.29172110557556
0.69,0.83,0.34,0.56,1.01,0.93,0.07,0.42,0.1,22037,19.29594850540161
0.69,0.84,0.35,0.57,1.0,0.93,0.07,0.43,0.1,21712,19.29648780822754
0.69,0.84,0.35,0.56,1.01,0.92,0.07,0.43,0.1,22105,19.300354957580566
0.69,0.84,0.35,0.56,1.01,0.93,0.07,0.43,0.1,22074,19.304920196533203
0.68,0.85,0.35,0.57,1.01,0.93,0.08,0.41,0.11,22195,19.307911157608032
0.68,0.84,0.35,0.56,1.01,0.92,0.07,0.43,0.1,21914,19.30892300605774
0.69,0.83,0.35,0.56,1.01,0.93,0.07,0.43,0.1,21491,19.311959981918335
0.7,0.84,0.36,0.57,1.01,0.92,0.07,0.41,0.1,21624,19.316742658615112
0.69,0.84,0.36,0.57,1.0,0.93,0.07,0.44,0.1,22231,19.321061372756958
0.7,0.84,0.36,0.57,1.01,0.93,0.07,0.43,0.1,22232,19.321061372756958
0.7,0.84,0.36,0.56,1.0,0.93,0.07,0.43,0.1,22041,19.325217247009277
0.71,0.85,0.36,0.58,1.0,0.92,0.07,0.44,0.1,22398,19.329220294952393
0.7,0.84,0.36,0.58,1.01,0.93,0.07,0.43,0.1,22661,19.33322310447693
0.71,0.84,0.36,0.58,1.01,0.92,0.07,0.44,0.1,22418,19.334216356277466
0.71,0.85,0.36,0.58,1.0,0.92,0.07,0.43,0.1,22317,19.337466955184937
0.7,0.85,0.36,0.59,1.01,0.92,0.08,0.44,0.1,22126,19.341182947158813
0.7,0.85,0.36,0.59,1.01,0.92,0.07,0.44,0.1,22187,19.345866441726685
0.7,0.84,0.36,0.59,1.01,0.92,0.07,0.43,0.1,21900,19.345866441726685
0.71,0.86,0.36,0.59,1.02,0.92,0.07,0.43,0.1,21835,19.349899768829346
0.7,0.85,0.37,0.59,1.02,0.93,0.07,0.42,0.1,22188,19.353877067565918
0.7,0.85,0.37,0.58,1.01,0.93,0.07,0.43,0.1,22299,19.357863426208496
0.72,0.85,0.36,0.6,1.01,0.93,0.08,0.43,0.1,22124,19.361867427825928
0.71,0.84,0.36,0.58,1.02,0.93,0.07,0.43,0.1,21919,19.361867427825928
0.71,0.84,0.36,0.59,1.02,0.93,0.07,0.43,0.1,22228,19.365962743759155
0.7,0.84,0.37,0.59,1.02,0.93,0.08,0.42,0.1,22379,19.3700270652771
0.71,0.84,0.36,0.6,1.01,0.93,0.07,0.43,0.1,21980,19.37402892112732
0.7,0.85,0.36,0.59,1.01,0.93,0.07,0.44,0.1,21805,19.375044584274292
0.7,0.85,0.36,0.59,1.01,0.93,0.07,0.44,0.1,21838,19.37807321548462
0.7,0.85,0.36,0.59,1.0,0.93,0.07,0.44,0.1,21957,19.38241171836853
0.71,0.84,0.36,0.59,1.01,0.93,0.07,0.44,0.1,21734,19.386422157287598
0.7,0.84,0.36,0.59,1.01,0.93,0.07,0.44,0.1,21547,19.3873872756958
0.69,0.84,0.37,0.59,1.01,0.93,0.07,0.44,0.1,21464,19.39062476158142
0.69,0.84,0.36,0.59,1.01,0.93,0.07,0.44,0.1,21909,19.39469814300537
0.69,0.84,0.37,0.59,1.0,0.93,0.07,0.44,0.1,22182,19.398884534835815
0.7,0.84,0.36,0.59,1.02,0.93,0.07,0.44,0.1,22167,19.399766206741333
0.7,0.84,0.36,0.59,1.01,0.93,0.07,0.44,0.1,21910,19.40316414833069
0.7,0.84,0.36,0.59,1.01,0.93,0.07,0.44,0.1,21895,19.40768575668335
0.69,0.84,0.36,0.59,1.02,0.93,0.07,0.44,0.1,22288,19.412004470825195
0.69,0.84,0.36,0.59,1.02,0.92,0.07,0.44,0.1,22111,19.412004470825195
0.69,0.84,0.36,0.6,1.02,0.92,0.07,0.44,0.1,21864,19.41618585586548
0.7,0.84,0.36,0.6,1.02,0.92,0.07,0.44,0.1,22125,19.420364141464233
0.7,0.84,0.37,0.6,1.03,0.93,0.07,0.43,0.1,22226,19.423381328582764
0.71,0.84,0.36,0.6,1.03,0.93,0.07,0.44,0.1,21891,19.423381328582764
0.71,0.84,0.37,0.59,1.02,0.93,0.07,0.42,0.1,21974,19.42747735977173
0.7,0.84,0.36,0.6,1.02,0.92,0.08,0.42,0.1,21821,19.43213963508606
0.71,0.84,0.37,0.59,1.02,0.93,0.07,0.42,0.1,21940,19.436923027038574
0.71,0.84,0.37,0.59,1.02,0.93,0.08,0.42,0.1,22023,19.439761638641357
0.7,0.85,0.37,0.59,1.02,0.93,0.08,0.42,0.1,21992,19.439761638641357
0.72,0.85,0.37,0.59,1.02,0.93,0.08,0.42,0.1,21809,19.444905519485474
0.71,0.85,0.37,0.59,1.02,0.93,0.08,0.42,0.1,22132,19.44811773300171
0.71,0.86,0.36,0.59,1.02,0.93,0.07,0.42,0.1,21891,19.452121257781982
0.71,0.86,0.37,0.58,1.02,0.93,0.07,0.42,0.1,21730,19.4529812335968
0.7,0.86,0.37,0.59,1.02,0.93,0.07,0.42,0.11,21741,19.457356452941895
0.71,0.85,0.36,0.59,1.02,0.93,0.07,0.42,0.1,21498,19.460458040237427
0.71,0.85,0.36,0.59,1.02,0.93,0.07,0.42,0.1,21707,19.464511394500732
0.71,0.85,0.37,0.59,1.02,0.92,0.07,0.42,0.1,21846,19.464511394500732
0.71,0.85,0.37,0.59,1.02,0.92,0.08,0.42,0.1,22033,19.468544483184814
0.71,0.85,0.37,0.59,1.03,0.92,0.07,0.42,0.1,22320,19.472365379333496
0.72,0.84,0.37,0.59,1.03,0.93,0.07,0.42,0.1,22261,19.47640895843506
0.71,0.84,0.37,0.59,1.03,0.93,0.07,0.42,0.1,21538,19.477405309677124
0.72,0.84,0.37,0.59,1.03,0.93,0.08,0.42,0.1,21931,19.480409145355225
0.72,0.85,0.37,0.6,1.03,0.93,0.07,0.41,0.1,22326,19.485405445098877
0.72,0.85,0.37,0.59,1.03,0.93,0.07,0.42,0.1,22385,19.488409280776978
0.72,0.85,0.37,0.59,1.03,0.93,0.08,0.42,0.1,22450,19.48940944671631
0.72,0.85,0.38,0.59,1.02,0.93,0.07,0.42,0.1,22181,19.49269461631775
0.72,0.85,0.38,0.59,1.02,0.93,0.08,0.42,0.1,22136,19.496812105178833
0.71,0.85,0.38,0.6,1.03,0.93,0.08,0.42,0.1,21485,19.501425743103027
0.71,0.85,0.38,0.59,1.02,0.92,0.07,0.42,0.1,21734,19.504424571990967
0.72,0.85,0.38,0.6,1.03,0.93,0.07,0.42,0.1,22317,19.505427837371826
0.71,0.85,0.38,0.59,1.03,0.93,0.07,0.42,0.1,22148,19.509600162506104
0.71,0.85,0.38,0.59,1.03,0.92,0.07,0.42,0.1,21741,19.51360321044922
0.71,0.85,0.38,0.6,1.03,0.92,0.07,0.42,0.1,21752,19.516759395599365
0.71,0.85,0.37,0.6,1.02,0.93,0.07,0.42,0.1,21797,19.51780605316162
0.7,0.85,0.38,0.6,1.02,0.93,0.07,0.42,0.1,21772,19.521769285202026
0.7,0.86,0.38,0.6,1.02,0.93,0.07,0.42,0.1,22109,19.526067972183228
0.71,0.85,0.38,0.6,1.02,0.93,0.08,0.42,0.1,21928,19.52941346168518
0.7,0.85,0.38,0.6,1.02,0.93,0.07,0.42,0.1,21725,19.530412197113037
0.71,0.85,0.38,0.6,1.03,0.93,0.07,0.42,0.1,21618,19.533411741256714
0.71,0.85,0.38,0.59,1.03,0.93,0.07,0.42,0.1,21471,19.538416385650635
0.7,0.85,0.38,0.6,1.03,0.92,0.07,0.42,0.1,21760,19.541722297668457
0.71,0.85,0.38,0.59,1.03,0.93,0.07,0.42,0.1,21843,19.542738914489746
0.7,0.85,0.38,0.6,1.04,0.93,0.07,0.42,0.1,21758,19.547062397003174
0.72,0.85,0.38,0.6,1.03,0.92,0.07,0.42,0.1,21905,19.550987720489502
0.72,0.86,0.38,0.59,1.03,0.93,0.07,0.42,0.1,22492,19.55500841140747
0.72,0.86,0.38,0.59,1.03,0.92,0.07,0.42,0.1,22545,19.55500841140747
0.71,0.86,0.37,0.59,1.03,0.93,0.07,0.42,0.1,22326,19.559144258499146
0.71,0.86,0.37,0.6,1.03,0.93,0.07,0.42,0.1,21901,19.563133239746094
0.71,0.86,0.37,0.59,1.03,0.93,0.07,0.42,0.1,22122,19.567131996154785
0.71,0.86,0.37,0.59,1.03,0.93,0.07,0.42,0.09,22103,19.570775747299194
0.72,0.85,0.38,0.59,1.03,0.92,0.07,0.42,0.1,22176,19.570775747299194
0.72,0.85,0.37,0.59,1.03,0.93,0.08,0.42,0.1,22427,19.574715852737427
0.72,0.85,0.38,0.59,1.03,0.93,0.07,0.42,0.1,22302,19.579076051712036
0.71,0.85,0.38,0.59,1.04,0.93,0.07,0.42,0.1,21997,19.58302903175354
0.7,0.85,0.38,0.59,1.03,0.93,0.08,0.42,0.1,21876,19.58410334587097
0.72,0.85,0.38,0.59,1.03,0.92,0.07,0.42,0.1,21847,19.587626457214355
0.71,0.85,0.39,0.59,1.03,0.92,0.07,0.42,0.1,21516,19.59238076210022
0.72,0.85,0.38,0.59,1.04,0.92,0.07,0.42,0.1,21361,19.595523357391357
0.71,0.85,0.39,0.58,1.03,0.92,0.07,0.42,0.1,21996,19.59637689590454
0.72,0.86,0.39,0.59,1.03,0.92,0.07,0.42,0.1,22353,19.600357055664062
0.71,0.86,0.38,0.58,1.03,0.93,0.08,0.42,0.1,22568,19.60345983505249
0.72,0.86,0.39,0.58,1.03,0.93,0.07,0.42,0.1,22531,19.607459783554077
0.73,0.86,0.39,0.59,1.02,0.93,0.07,0.42,0.1,21680,19.608463525772095
0.72,0.86,0.38,0.58,1.03,0.93,0.07,0.42,0.1,21791,19.61147713661194
0.72,0.86,0.38,0.59,1.03,0.93,0.07,0.42,0.1,22466,19.615794897079468
0.72,0.86,0.38,0.59,1.03,0.93,0.07,0.42,0.1,22825,19.620038986206055
0.72,0.86,0.39,0.58,1.03,0.93,0.07,0.42,0.1,22516,19.620038986206055
0.71,0.86,0.38,0.6,1.03,0.93,0.07,0.42,0.1,22247,19.62423324584961
0.72,0.86,0.38,0.59,1.02,0.93,0.07,0.42,0.1,21686,19.628087997436523
0.72,0.86,0.38,0.59,1.03,0.93,0.07,0.42,0.1,21681,19.63208770751953
0.72,0.86,0.37,0.59,1.03,0.92,0.07,0.42,0.1,22190,19.63306474685669
0.72,0.86,0.38,0.6,1.03,0.93,0.07,0.42,0.1,22137,19.63741636276245
0.71,0.86,0.38,0.59,1.02,0.92,0.07,0.42,0.1,22106,19.64061999320984
0.71,0.86,0.38,0.59,1.03,0.92,0.08,0.42,0.1,22385,19.644651889801025
0.71,0.85,0.38,0.59,1.03,0.93,0.07,0.41,0.1,22228,19.6486759185791
0.71,0.86,0.38,0.59,1.03,0.93,0.07,0.42,0.11,21981,19.649561882019043
0.72,0.84,0.38,0.6,1.03,0.93,0.08,0.42,0.11,22356,19.653573274612427
0.71,0.83,0.38,0.6,1.04,0.92,0.07,0.42,0.1,22023,19.657014846801758
0.72,0.84,0.38,0.59,1.04,0.92,0.07,0.42,0.1,21910,19.660353660583496
0.72,0.84,0.38,0.59,1.04,0.92,0.07,0.42,0.1,22035,19.661394834518433
0.71,0.84,0.38,0.59,1.04,0.93,0.07,0.42,0.1,21762,19.6654372215271
0.72,0.84,0.38,0.59,1.04,0.93,0.07,0.42,0.1,22023,19.669477939605713
0.73,0.84,0.38,0.59,1.04,0.92,0.07,0.42,0.1,21952,19.673478603363037
0.73,0.84,0.38,0.59,1.04,0.93,0.07,0.42,0.1,21245,19.673478603363037
0.73,0.84,0.38,0.59,1.04,0.92,0.07,0.42,0.1,21798,19.677091121673584
0.72,0.84,0.38,0.59,1.04,0.92,0.07,0.42,0.1,22593,19.681644678115845
0.72,0.84,0.38,0.59,1.04,0.92,0.07,0.42,0.1,22460,19.685609340667725
0.71,0.84,0.39,0.59,1.03,0.93,0.07,0.42,0.1,22293,19.685609340667725
0.72,0.84,0.38,0.59,1.04,0.93,0.07,0.42,0.1,22302,19.69020938873291
0.72,0.84,0.38,0.58,1.03,0.93,0.07,0.43,0.1,21685,19.694321155548096
0.73,0.84,0.38,0.59,1.03,0.92,0.07,0.42,0.1,21508,19.697323083877563
0.72,0.84,0.38,0.59,1.03,0.93,0.07,0.43,0.1,21751,19.698294162750244
0.72,0.84,0.38,0.6,1.03,0.93,0.07,0.42,0.1,22198,19.702439785003662
0.72,0.84,0.38,0.59,1.03,0.92,0.07,0.42,0.1,21629,19.706440925598145
0.72,0.84,0.38,0.59,1.02,0.92,0.07,0.42,0.1,22202,19.71048140525818
0.72,0.84,0.38,0.59,1.03,0.92,0.07,0.43,0.1,22441,19.713573932647705
0.73,0.84,0.39,0.59,1.03,0.93,0.07,0.43,0.1,21998,19.71461033821106
0.72,0.84,0.38,0.59,1.04,0.93,0.07,0.43,0.1,22057,19.71858286857605
0.72,0.84,0.39,0.59,1.03,0.93,0.07,0.43,0.1,22322,19.72265100479126
0.72,0.84,0.39,0.6,1.03,0.93,0.07,0.43,0.1,22501,19.72563672065735
0.73,0.84,0.39,0.6,1.03,0.92,0.07,0.43,0.1,22130,19.726644039154053
0.72,0.84,0.39,0.6,1.03,0.92,0.08,0.43,0.1,22183,19.730932474136353
0.72,0.84,0.39,0.6,1.03,0.93,0.07,0.43,0.1,22422,19.73492980003357
0.71,0.84,0.38,0.61,1.03,0.93,0.08,0.42,0.1,21819,19.738539934158325
0.72,0.84,0.39,0.6,1.03,0.93,0.07,0.42,0.1,21958,19.739569187164307
0.72,0.84,0.38,0.6,1.03,0.93,0.07,0.43,0.1,22489,19.743244647979736
0.72,0.84,0.38,0.6,1.03,0.93,0.08,0.43,0.1,22426,19.747406721115112
0.72,0.84,0.38,0.61,1.03,0.93,0.08,0.43,0.11,22193,19.75041365623474
0.72,0.84,0.38,0.6,1.03,0.93,0.08,0.43,0.11,22262,19.751567840576172
0.72,0.84,0.38,0.61,1.03,0.93,0.08,0.43,0.11,22261,19.755407333374023
0.73,0.83,0.39,0.6,1.03,0.94,0.08,0.43,0.1,21702,19.760387182235718
0.73,0.83,0.38,0.6,1.03,0.93,0.08,0.43,0.1,22063,19.76356029510498
0.72,0.83,0.39,0.61,1.03,0.93,0.08,0.42,0.1,22296,19.764409065246582
0.73,0.83,0.38,0.61,1.04,0.94,0.08,0.43,0.1,22063,19.767749309539795
0.72,0.83,0.39,0.6,1.03,0.93,0.08,0.43,0.1,21708,19.771636724472046
0.73,0.83,0.39,0.61,1.03,0.93,0.08,0.43,0.1,21563,19.776487588882446
0.73,0.84,0.39,0.61,1.03,0.93,0.08,0.43,0.1,21640,19.779485940933228
0.73,0.84,0.39,0.61,1.03,0.93,0.08,0.43,0.1,22079,19.779485940933228
0.73,0.84,0.39,0.6,1.03,0.93,0.08,0.43,0.11,22272,19.783986568450928
0.73,0.83,0.39,0.61,1.04,0.94,0.08,0.43,0.11,21949,19.78903818130493
0.73,0.84,0.39,0.61,1.03,0.94,0.08,0.43,0.11,21852,19.792221069335938
0.72,0.83,0.39,0.6,1.04,0.94,0.08,0.43,0.11,21639,19.793219566345215
0.73,0.84,0.39,0.61,1.03,0.94,0.08,0.43,0.1,21280,19.79647397994995
0.73,0.84,0.39,0.6,1.04,0.94,0.08,0.43,0.1,21583,19.800501108169556
0.73,0.84,0.39,0.61,1.03,0.94,0.08,0.43,0.1,22066,19.804503440856934
0.73,0.83,0.38,0.61,1.04,0.94,0.08,0.43,0.1,22157,19.805472373962402
0.73,0.84,0.38,0.6,1.03,0.94,0.08,0.43,0.1,22412,19.808741331100464
0.73,0.83,0.39,0.61,1.03,0.94,0.07,0.43,0.1,22333,19.813210487365723
0.72,0.84,0.39,0.59,1.03,0.94,0.08,0.43,0.1,22590,19.816340684890747
0.73,0.84,0.39,0.6,1.03,0.95,0.08,0.43,0.1,22069,19.817367553710938
0.73,0.84,0.39,0.6,1.03,0.94,0.07,0.43,0.1,22154,19.820810317993164
0.73,0.84,0.39,0.61,1.04,0.94,0.07,0.42,0.11,22297,19.82580804824829
0.73,0.84,0.39,0.61,1.04,0.94,0.08,0.43,0.11,22150,19.82914972305298
0.72,0.83,0.39,0.61,1.04,0.94,0.08,0.43,0.11,22067,19.830382108688354
0.73,0.84,0.39,0.6,1.04,0.95,0.08,0.43,0.11,21868,19.833807945251465
0.73,0.84,0.39,0.6,1.04,0.95,0.07,0.43,0.11,22283,19.83780837059021
0.73,0.84,0.39,0.61,1.05,0.94,0.08,0.43,0.1,22040,19.84182858467102
0.73,0.84,0.39,0.61,1.04,0.94,0.08,0.43,0.1,21755,19.84182858467102
0.73,0.84,0.39,0.61,1.04,0.95,0.08,0.43,0.1,21832,19.845828771591187
0.72,0.84,0.39,0.62,1.05,0.95,0.08,0.43,0.1,21873,19.850553274154663
0.74,0.84,0.39,0.61,1.04,0.95,0.08,0.43,0.1,22114,19.85362982749939
0.73,0.84,0.39,0.61,1.04,0.94,0.08,0.43,0.1,21957,19.85762643814087
0.73,0.84,0.39,0.61,1.04,0.95,0.08,0.44,0.1,22062,19.85762643814087
0.73,0.84,0.39,0.6,1.05,0.94,0.08,0.43,0.1,21935,19.86233139038086
0.72,0.84,0.39,0.6,1.05,0.94,0.08,0.43,0.1,22332,19.866398096084595
0.72,0.84,0.39,0.6,1.04,0.94,0.08,0.43,0.11,22341,19.86967921257019
0.72,0.84,0.39,0.61,1.05,0.94,0.08,0.43,0.1,22058,19.870399475097656
0.72,0.83,0.39,0.61,1.04,0.94,0.08,0.43,0.1,22101,19.873927116394043
0.71,0.83,0.39,0.61,1.05,0.94,0.07,0.43,0.1,22000,19.879239082336426
0.72,0.83,0.39,0.61,1.05,0.94,0.08,0.43,0.1,21309,19.881691694259644
0.72,0.83,0.39,0.61,1.05,0.94,0.08,0.43,0.1,21626,19.882790565490723
0.72,0.84,0.39,0.61,1.05,0.94,0.08,0.43,0.1,21931,19.885748624801636
0.73,0.84,0.38,0.61,1.05,0.94,0.08,0.43,0.1,21966,19.890849828720093
0.73,0.83,0.39,0.61,1.05,0.94,0.08,0.43,0.1,21989,19.893874168395996
0.72,0.83,0.38,0.61,1.04,0.94,0.08,0.42,0.1,21962,19.894850492477417
0.73,0.83,0.39,0.6,1.04,0.94,0.08,0.42,0.1,22021,19.898847103118896
0.74,0.84,0.39,0.61,1.05,0.94,0.08,0.43,0.1,22118,19.903105974197388
0.73,0.84,0.39,0.62,1.04,0.94,0.08,0.43,0.1,21939,19.907106399536133
0.74,0.84,0.39,0.61,1.04,0.94,0.08,0.43,0.1,22110,19.907106399536133
0.73,0.83,0.39,0.61,1.04,0.94,0.08,0.43,0.1,21901,19.91044569015503
0.73,0.83,0.39,0.61,1.04,0.94,0.08,0.43,0.1,21856,19.914663076400757
0.73,0.83,0.39,0.61,1.05,0.94,0.08,0.42,0.1,22147,19.918863534927368
0.74,0.83,0.39,0.62,1.04,0.94,0.07,0.43,0.1,22498,19.922760248184204
0.73,0.84,0.39,0.6,1.05,0.94,0.08,0.43,0.1,22617,19.922760248184204
0.74,0.84,0.39,0.6,1.05,0.94,0.08,0.43,0.1,22650,19.926878452301025
0.73,0.84,0.39,0.61,1.04,0.95,0.08,0.43,0.11,22295,19.931922435760498
0.73,0.84,0.39,0.62,1.04,0.95,0.08,0.43,0.11,22250,19.934914588928223
0.73,0.84,0.39,0.61,1.05,0.94,0.08,0.43,0.1,22367,19.935924530029297
0.73,0.84,0.39,0.62,1.04,0.94,0.08,0.43,0.1,21920,19.939136028289795
0.74,0.84,0.39,0.61,1.04,0.94,0.08,0.43,0.1,21915,19.94414210319519
0.73,0.84,0.39,0.61,1.05,0.94,0.08,0.43,0.11,22278,19.94713306427002
0.74,0.84,0.39,0.61,1.05,0.94,0.08,0.43,0.11,22147,19.948145627975464
0.74,0.84,0.39,0.61,1.04,0.94,0.08,0.43,0.1,22274,19.952173948287964
0.73,0.84,0.39,0.61,1.05,0.94,0.08,0.43,0.1,22001,19.955735206604004
0.73,0.84,0.39,0.62,1.04,0.94,0.07,0.43,0.1,21818,19.959763765335083
0.73,0.84,0.39,0.62,1.05,0.94,0.08,0.43,0.1,21651,19.959763765335083
0.73,0.84,0.39,0.61,1.05,0.94,0.08,0.43,0.1,21824,19.96376371383667
0.73,0.84,0.39,0.62,1.05,0.94,0.08,0.44,0.11,22349,19.96877098083496
0.72,0.84,0.39,0.62,1.05,0.94,0.08,0.43,0.1,21920,19.97205662727356
0.73,0.84,0.39,0.62,1.05,0.94,0.08,0.44,0.1,21867,19.97308850288391
0.72,0.84,0.39,0.62,1.04,0.95,0.08,0.44,0.1,21890,19.976097583770752
0.73,0.84,0.39,0.61,1.04,0.94,0.08,0.43,0.1,21989,19.980242013931274
0.73,0.84,0.39,0.61,1.04,0.94,0.08,0.43,0.11,21662,19.984241724014282
0.73,0.85,0.39,0.62,1.05,0.94,0.08,0.44,0.1,21913,19.985241889953613
0.73,0.84,0.39,0.61,1.04,0.94,0.08,0.44,0.11,22146,19.988242149353027
0.73,0.84,0.39,0.61,1.05,0.94,0.08,0.43,0.11,22441,19.99308753013611
0.73,0.84,0.39,0.61,1.05,0.94,0.08,0.43,0.11,22252,19.996971368789673
0.73,0.85,0.39,0.61,1.04,0.94,0.08,0.43,0.11,21913,20.00059986114502
0.73,0.85,0.39,0.61,1.04,0.94,0.08,0.43,0.11,22162,20.00162982940674
0.73,0.85,0.39,0.61,1.05,0.94,0.08,0.44,0.1,22011,20.00626492500305
0.73,0.84,0.39,0.61,1.04,0.94,0.08,0.43,0.1,21838,20.009432315826416
0.73,0.84,0.39,0.61,1.04,0.94,0.08,0.43,0.1,22187,20.01273822784424
0.73,0.85,0.38,0.61,1.04,0.95,0.08,0.43,0.1,22058,20.013439416885376
0.73,0.85,0.38,0.62,1.05,0.94,0.08,0.43,0.1,22247,20.018118143081665
0.73,0.84,0.38,0.61,1.05,0.95,0.08,0.44,0.1,21984,20.02179718017578
0.74,0.84,0.38,0.61,1.04,0.95,0.08,0.44,0.1,22037,20.02533769607544
0.74,0.84,0.38,0.61,1.04,0.95,0.08,0.44,0.1,22070,20.02533769607544
0.74,0.84,0.38,0.61,1.04,0.95,0.08,0.44,0.1,22149,20.0304217338562
0.74,0.84,0.38,0.61,1.04,0.95,0.08,0.44,0.1,21978,20.03341841697693
0.74,0.84,0.38,0.61,1.04,0.95,0.07,0.43,0.1,21665,20.03793215751648
0.74,0.84,0.38,0.61,1.05,0.95,0.08,0.43,0.1,22204,20.038915634155273
0.73,0.84,0.39,0.61,1.04,0.95,0.08,0.43,0.1,22527,20.04236149787903
0.74,0.84,0.38,0.61,1.04,0.95,0.08,0.43,0.1,22426,20.04717230796814
0.74,0.84,0.38,0.6,1.04,0.94,0.08,0.44,0.1,22379,20.05017328262329
0.74,0.85,0.38,0.61,1.04,0.95,0.07,0.44,0.1,22382,20.05017328262329
0.73,0.84,0.39,0.61,1.04,0.95,0.08,0.44,0.11,22091,20.05531907081604
0.74,0.84,0.38,0.61,1.04,0.95,0.08,0.43,0.1,21814,20.057923793792725
0.74,0.85,0.39,0.61,1.04,0.95,0.08,0.44,0.11,21983,20.06349515914917
0.74,0.84,0.38,0.61,1.04,0.95,0.08,0.44,0.1,22392,20.06349515914917
0.74,0.85,0.38,0.61,1.04,0.95,0.08,0.44,0.1,22353,20.067086458206177
0.74,0.85,0.38,0.61,1.04,0.95,0.08,0.44,0.1,22260,20.070108890533447
0.73,0.85,0.37,0.61,1.03,0.95,0.08,0.44,0.1,22283,20.075150966644287
0.74,0.85,0.37,0.61,1.04,0.96,0.08,0.44,0.1,21976,20.075150966644287
0.74,0.85,0.37,0.61,1.04,0.95,0.08,0.44,0.1,21759,20.079161405563354
0.74,0.85,0.37,0.61,1.04,0.95,0.08,0.44,0.1,21668,20.083163738250732
0.74,0.85,0.37,0.61,1.04,0.95,0.08,0.44,0.1,21565,20.0862877368927
0.74,0.85,0.37,0.61,1.04,0.95,0.08,0.44,0.1,21874,20.09077525138855
0.74,0.85,0.37,0.61,1.04,0.95,0.07,0.44,0.1,22033,20.091783046722412
0.74,0.85,0.37,0.61,1.04,0.95,0.08,0.44,0.1,21716,20.095139741897583
0.74,0.85,0.37,0.61,1.04,0.95,0.08,0.44,0.1,21699,20.099185943603516
0.73,0.84,0.37,0.61,1.04,0.95,0.08,0.44,0.1,22220,20.10333824157715
0.74,0.84,0.37,0.61,1.04,0.95,0.08,0.44,0.1,22085,20.104317903518677
0.75,0.85,0.37,0.61,1.04,0.95,0.08,0.44,0.1,21946,20.10761523246765
0.74,0.85,0.37,0.61,1.05,0.95,0.08,0.44,0.1,22295,20.1113600730896
0.74,0.85,0.37,0.61,1.04,0.95,0.08,0.44,0.1,22096,20.115960359573364
0.74,0.85,0.38,0.61,1.04,0.95,0.08,0.43,0.11,21869,20.115960359573364
0.73,0.85,0.38,0.61,1.05,0.95,0.08,0.44,0.11,22036,20.119858741760254
0.73,0.84,0.38,0.61,1.05,0.95,0.08,0.44,0.1,21851,20.12388849258423
0.73,0.85,0.37,0.61,1.05,0.95,0.08,0.44,0.11,21730,20.127860069274902
0.74,0.85,0.37,0.61,1.04,0.95,0.08,0.44,0.1,21567,20.127860069274902
0.74,0.85,0.37,0.62,1.05,0.95,0.08,0.44,0.1,21738,20.132129669189453
0.74,0.85,0.37,0.61,1.05,0.95,0.08,0.44,0.1,21395,20.136306285858154
0.74,0.85,0.37,0.62,1.05,0.95,0.08,0.44,0.1,21312,20.140303134918213
0.74,0.85,0.37,0.62,1.05,0.95,0.08,0.44,0.1,21691,20.14131212234497
0.75,0.85,0.37,0.62,1.05,0.95,0.08,0.44,0.1,22066,20.14430332183838
0.74,0.85,0.37,0.62,1.05,0.95,0.08,0.45,0.1,21641,20.14848303794861
0.74,0.85,0.37,0.61,1.05,0.95,0.08,0.44,0.1,21746,20.152584552764893
0.74,0.84,0.38,0.61,1.04,0.95,0.09,0.44,0.1,21737,20.1535804271698
0.74,0.84,0.37,0.61,1.05,0.95,0.08,0.44,0.11,22084,20.156564950942993
0.73,0.85,0.37,0.6,1.04,0.95,0.08,0.44,0.1,22015,20.160481214523315
0.74,0.85,0.38,0.61,1.04,0.95,0.08,0.44,0.11,22318,20.16457724571228
0.74,0.85,0.38,0.61,1.04,0.95,0.08,0.44,0.11,22033,20.168580293655396
0.74,0.84,0.38,0.61,1.04,0.95,0.08,0.44,0.11,22272,20.168580293655396
0.74,0.84,0.38,0.6,1.04,0.95,0.08,0.44,0.11,22485,20.172579765319824
0.74,0.85,0.38,0.61,1.04,0.95,0.08,0.44,0.11,22766,20.17688298225403
0.74,0.84,0.38,0.61,1.04,0.95,0.08,0.44,0.11,22461,20.18105387687683
0.73,0.84,0.38,0.61,1.05,0.95,0.09,0.44,0.11,21952,20.182098388671875
0.75,0.84,0.38,0.61,1.04,0.95,0.08,0.44,0.11,22241,20.18527603149414
0.74,0.84,0.38,0.61,1.04,0.95,0.08,0.44,0.11,22308,20.189128875732422
0.73,0.84,0.38,0.61,1.04,0.95,0.08,0.44,0.11,22111,20.193196535110474
0.74,0.84,0.38,0.62,1.05,0.95,0.08,0.44,0.11,22530,20.193196535110474
0.73,0.85,0.38,0.62,1.05,0.95,0.09,0.44,0.11,21961,20.197162628173828
0.74,0.84,0.38,0.62,1.05,0.95,0.09,0.44,0.11,22092,20.20217514038086
0.74,0.84,0.39,0.62,1.05,0.95,0.08,0.44,0.11,21903,20.206172704696655
0.74,0.84,0.38,0.62,1.05,0.95,0.09,0.44,0.11,21780,20.206172704696655
0.73,0.84,0.39,0.62,1.05,0.95,0.09,0.44,0.11,21937,20.209378480911255
0.73,0.84,0.38,0.63,1.05,0.95,0.08,0.43,0.11,21560,20.214398860931396
0.73,0.84,0.38,0.62,1.05,0.95,0.09,0.44,0.11,21519,20.218474626541138
0.73,0.85,0.38,0.62,1.05,0.95,0.08,0.43,0.11,21698,20.218474626541138
0.73,0.84,0.38,0.62,1.05,0.95,0.08,0.44,0.11,21839,20.222514390945435
0.73,0.84,0.38,0.63,1.05,0.95,0.09,0.44,0.11,21740,20.225923776626587
0.73,0.85,0.38,0.63,1.05,0.95,0.08,0.44,0.11,21659,20.23103904724121
0.73,0.84,0.39,0.62,1.05,0.95,0.09,0.44,0.11,21740,20.23103904724121
0.73,0.85,0.38,0.62,1.06,0.95,0.08,0.43,0.11,22389,20.235018730163574
0.74,0.84,0.38,0.62,1.06,0.95,0.08,0.43,0.11,22208,20.23852229118347
0.74,0.84,0.38,0.62,1.05,0.95,0.08,0.44,0.11,21905,20.242721796035767
0.74,0.85,0.38,0.62,1.06,0.95,0.08,0.44,0.11,21610,20.2457218170166
0.74,0.84,0.38,0.62,1.06,0.95,0.08,0.43,0.11,21833,20.246721982955933
0.74,0.84,0.39,0.62,1.06,0.95,0.08,0.43,0.11,22044,20.250347137451172
0.74,0.84,0.38,0.62,1.06,0.95,0.09,0.44,0.11,21887,20.255515336990356
0.74,0.84,0.38,0.61,1.06,0.95,0.08,0.44,0.11,22308,20.258519411087036
0.74,0.84,0.38,0.62,1.06,0.95,0.08,0.44,0.11,21999,20.25951862335205
0.74,0.84,0.39,0.62,1.06,0.95,0.08,0.44,0.11,21666,20.262693405151367
0.74,0.84,0.38,0.62,1.06,0.95,0.08,0.43,0.11,22039,20.266690015792847
0.74,0.84,0.38,0.62,1.06,0.95,0.09,0.44,0.11,22236,20.271708488464355
0.74,0.84,0.38,0.62,1.07,0.95,0.08,0.44,0.11,22069,20.271708488464355
0.74,0.84,0.38,0.62,1.07,0.95,0.08,0.44,0.11,21746,20.275325775146484
0.74,0.84,0.38,0.62,1.07,0.96,0.08,0.44,0.11,21695,20.279337406158447
0.74,0.84,0.38,0.62,1.07,0.95,0.08,0.44,0.11,21782,20.28337574005127
0.74,0.84,0.38,0.62,1.06,0.96,0.09,0.44,0.11,21905,20.28337574005127
0.74,0.84,0.38,0.62,1.07,0.95,0.08,0.44,0.11,21940,20.287374258041382
0.74,0.84,0.38,0.62,1.07,0.96,0.07,0.44,0.11,21623,20.291581392288208
0.74,0.84,0.38,0.62,1.07,0.95,0.08,0.44,0.11,21598,20.295714616775513
0.75,0.84,0.38,0.62,1.06,0.95,0.08,0.44,0.11,22105,20.296744346618652
0.74,0.84,0.38,0.62,1.07,0.95,0.08,0.45,0.11,22194,20.299628973007202
0.75,0.84,0.38,0.62,1.07,0.95,0.08,0.44,0.11,21821,20.303730726242065
0.74,0.84,0.38,0.62,1.07,0.95,0.08,0.44,0.11,21558,20.307681560516357
0.73,0.84,0.38,0.62,1.07,0.95,0.08,0.44,0.11,22029,20.311818838119507
0.74,0.84,0.38,0.62,1.06,0.95,0.08,0.44,0.11,21954,20.312819004058838
0.74,0.84,0.38,0.62,1.07,0.95,0.08,0.44,0.12,21891,20.31681513786316
0.73,0.84,0.38,0.61,1.07,0.95,0.08,0.44,0.11,21882,20.32081937789917
0.74,0.84,0.38,0.62,1.06,0.95,0.08,0.45,0.11,21793,20.32482886314392
0.74,0.84,0.39,0.62,1.07,0.95,0.08,0.44,0.11,21666,20.32482886314392
0.74,0.84,0.39,0.62,1.07,0.95,0.08,0.45,0.11,21865,20.328911781311035
0.74,0.84,0.39,0.62,1.08,0.95,0.08,0.45,0.11,21978,20.333372831344604
0.74,0.84,0.39,0.62,1.07,0.96,0.08,0.44,0.1,22355,20.33711528778076
0.73,0.84,0.39,0.62,1.07,0.95,0.08,0.44,0.11,22592,20.33711528778076
0.74,0.83,0.39,0.62,1.07,0.95,0.09,0.45,0.11,22317,20.340900421142578
0.74,0.84,0.38,0.62,1.07,0.95,0.08,0.45,0.11,22006,20.345229864120483
0.74,0.84,0.39,0.62,1.07,0.95,0.08,0.45,0.11,22285,20.34922695159912
0.74,0.84,0.38,0.62,1.07,0.95,0.08,0.45,0.11,22262,20.34922695159912
0.74,0.84,0.38,0.62,1.07,0.95,0.08,0.45,0.11,21805,20.3532292842865
0.73,0.84,0.39,0.62,1.07,0.93,0.08,0.44,0.11,21838,20.35720920562744
0.74,0.84,0.39,0.62,1.07,0.93,0.08,0.44,0.11,21591,20.361384391784668
0.74,0.84,0.39,0.62,1.07,0.93,0.08,0.44,0.11,21612,20.36262083053589
0.74,0.84,0.39,0.62,1.08,0.93,0.08,0.44,0.11,21579,20.36576533317566
0.74,0.84,0.39,0.62,1.07,0.93,0.08,0.44,0.11,21724,20.369645595550537
0.74,0.84,0.39,0.62,1.07,0.93,0.08,0.44,0.11,21877,20.373655080795288
0.74,0.84,0.39,0.62,1.07,0.93,0.08,0.44,0.11,22366,20.37666416168213
0.73,0.84,0.39,0.62,1.07,0.94,0.08,0.44,0.11,22279,20.377660751342773
0.74,0.84,0.38,0.62,1.07,0.93,0.09,0.44,0.11,22090,20.381958723068237
0.73,0.84,0.39,0.62,1.07,0.93,0.09,0.44,0.11,22365,20.385958909988403
0.74,0.84,0.39,0.62,1.07,0.94,0.08,0.44,0.11,22068,20.38911199569702
0.74,0.85,0.39,0.62,1.07,0.93,0.08,0.44,0.11,21927,20.38911199569702
0.74,0.84,0.39,0.62,1.07,0.93,0.08,0.44,0.12,22280,20.394295930862427
0.74,0.85,0.39,0.62,1.07,0.94,0.08,0.44,0.12,22275,20.398104429244995
0.74,0.84,0.39,0.62,1.07,0.94,0.08,0.43,0.11,21702,20.40181589126587
0.74,0.84,0.38,0.62,1.06,0.93,0.08,0.44,0.11,21693,20.402815103530884
0.73,0.84,0.39,0.63,1.07,0.94,0.08,0.44,0.11,22016,20.406821250915527
0.74,0.84,0.38,0.62,1.07,0.94,0.09,0.44,0.11,22105,20.410821437835693
0.74,0.84,0.39,0.63,1.07,0.94,0.08,0.44,0.11,21904,20.414023399353027
0.74,0.85,0.39,0.63,1.06,0.93,0.08,0.44,0.11,22175,20.414023399353027
0.74,0.85,0.39,0.63,1.07,0.94,0.08,0.44,0.11,21804,20.41901445388794
0.74,0.84,0.38,0.62,1.07,0.94,0.08,0.44,0.11,21743,20.42274785041809
0.74,0.85,0.38,0.62,1.07,0.94,0.08,0.44,0.11,21846,20.427930116653442
0.74,0.84,0.38,0.62,1.07,0.94,0.08,0.44,0.11,21761,20.427930116653442
0.74,0.83,0.39,0.63,1.07,0.94,0.08,0.43,0.11,22012,20.431803226470947
0.74,0.84,0.39,0.62,1.07,0.93,0.08,0.43,0.11,21963,20.43582272529602
0.74,0.84,0.39,0.62,1.07,0.93,0.08,0.43,0.11,21816,20.439822673797607
0.74,0.84,0.39,0.63,1.07,0.93,0.08,0.43,0.11,22069,20.439822673797607
0.74,0.84,0.39,0.62,1.07,0.93,0.08,0.43,0.11,22050,20.443804025650024
0.74,0.84,0.39,0.63,1.08,0.93,0.08,0.44,0.11,21871,20.44782280921936
0.74,0.84,0.39,0.62,1.07,0.93,0.09,0.44,0.11,21470,20.451530694961548
0.74,0.85,0.39,0.62,1.07,0.93,0.08,0.44,0.11,21715,20.455300092697144
0.74,0.84,0.39,0.63,1.07,0.93,0.08,0.44,0.11,21884,20.45639419555664
0.74,0.84,0.39,0.62,1.07,0.93,0.09,0.44,0.11,21815,20.45986557006836
0.74,0.85,0.39,0.62,1.08,0.93,0.08,0.44,0.11,21500,20.46395254135132
0.74,0.84,0.39,0.62,1.08,0.94,0.08,0.43,0.11,21995,20.468017101287842
0.74,0.84,0.39,0.62,1.08,0.93,0.08,0.44,0.11,22208,20.468017101287842
0.74,0.84,0.39,0.63,1.07,0.93,0.09,0.43,0.11,22235,20.472172737121582
0.74,0.84,0.39,0.61,1.07,0.93,0.08,0.44,0.11,22338,20.47734761238098
0.74,0.84,0.39,0.63,1.07,0.93,0.08,0.44,0.11,22045,20.480343341827393
0.74,0.84,0.39,0.62,1.07,0.93,0.08,0.44,0.11,21790,20.481361865997314
0.74,0.84,0.39,0.62,1.07,0.93,0.08,0.43,0.11,21827,20.48435616493225
0.74,0.84,0.39,0.62,1.07,0.93,0.08,0.43,0.11,22250,20.48837161064148
0.75,0.84,0.39,0.63,1.08,0.93,0.09,0.43,0.11,22215,20.492087364196777
0.75,0.84,0.39,0.63,1.08,0.93,0.09,0.44,0.11,21984,20.49281668663025
0.74,0.84,0.39,0.63,1.08,0.94,0.08,0.43,0.11,21879,20.496540546417236
0.74,0.84,0.39,0.63,1.08,0.93,0.08,0.43,0.11,21952,20.5002338886261
0.75,0.85,0.39,0.63,1.07,0.94,0.08,0.43,0.11,22399,20.505204916000366
0.74,0.85,0.38,0.63,1.08,0.93,0.08,0.43,0.11,22198,20.505204916000366
0.75,0.85,0.39,0.62,1.07,0.93,0.09,0.43,0.11,21975,20.50977110862732
0.74,0.85,0.38,0.63,1.08,0.93,0.08,0.43,0.11,22018,20.51379132270813
0.74,0.85,0.39,0.63,1.08,0.94,0.09,0.43,0.11,21767,20.517791271209717
0.74,0.85,0.38,0.63,1.08,0.93,0.09,0.43,0.11,21742,20.52131986618042
0.74,0.84,0.39,0.63,1.08,0.94,0.08,0.43,0.11,22223,20.52131986618042
0.74,0.85,0.38,0.63,1.07,0.93,0.08,0.43,0.11,22446,20.525348901748657
0.74,0.85,0.39,0.63,1.07,0.93,0.08,0.43,0.11,22673,20.53039789199829
0.74,0.85,0.39,0.63,1.07,0.94,0.08,0.43,0.11,22514,20.533413410186768
0.73,0.84,0.38,0.63,1.07,0.93,0.08,0.43,0.11,22041,20.53446936607361
0.74,0.85,0.39,0.63,1.07,0.94,0.08,0.43,0.11,21668,20.537530422210693
0.74,0.85,0.39,0.63,1.07,0.94,0.08,0.43,0.11,21649,20.541733980178833
0.74,0.84,0.38,0.63,1.08,0.94,0.08,0.44,0.11,21946,20.545706748962402
0.74,0.84,0.38,0.63,1.08,0.94,0.08,0.43,0.11,22399,20.546669960021973
0.74,0.85,0.39,0.63,1.08,0.94,0.08,0.43,0.11,22418,20.549678325653076
0.74,0.84,0.39,0.63,1.07,0.94,0.08,0.43,0.11,22439,20.55366587638855
0.74,0.84,0.39,0.63,1.08,0.94,0.08,0.43,0.11,22378,20.557665824890137
0.74,0.85,0.39,0.63,1.08,0.93,0.08,0.43,0.11,22013,20.558664321899414
0.74,0.84,0.39,0.63,1.08,0.93,0.09,0.43,0.11,22230,20.561761379241943
0.75,0.84,0.39,0.63,1.08,0.93,0.08,0.44,0.11,22405,20.56598472595215
0.74,0.85,0.39,0.63,1.08,0.93,0.08,0.44,0.11,21898,20.570133447647095
0.74,0.84,0.39,0.63,1.08,0.93,0.08,0.44,0.11,21837,20.57113289833069
0.74,0.85,0.39,0.63,1.08,0.94,0.08,0.43,0.11,21916,20.574132919311523
0.74,0.85,0.39,0.63,1.07,0.93,0.08,0.43,0.11,21813,20.5791757106781
0.74,0.84,0.39,0.63,1.08,0.93,0.08,0.43,0.11,21670,20.583143711090088
0.74,0.84,0.39,0.63,1.08,0.94,0.08,0.44,0.11,21541,20.583143711090088
0.74,0.84,0.4,0.63,1.07,0.93,0.08,0.43,0.11,21852,20.586337566375732
0.74,0.84,0.39,0.63,1.07,0.94,0.08,0.44,0.11,22019,20.590758085250854
0.75,0.84,0.4,0.63,1.07,0.93,0.08,0.43,0.11,22028,20.59488344192505
0.74,0.84,0.4,0.63,1.07,0.94,0.08,0.44,0.11,21851,20.59910488128662
0.75,0.84,0.4,0.63,1.07,0.93,0.09,0.44,0.11,21974,20.59988260269165
0.74,0.85,0.4,0.63,1.07,0.93,0.08,0.44,0.11,22243,20.603862047195435
0.75,0.84,0.4,0.63,1.07,0.93,0.08,0.44,0.11,22270,20.607882738113403
0.75,0.85,0.4,0.63,1.07,0.93,0.08,0.44,0.11,21981,20.61096692085266
0.75,0.84,0.4,0.63,1.08,0.93,0.08,0.44,0.11,21926,20.611944675445557
0.74,0.84,0.4,0.63,1.08,0.93,0.08,0.44,0.12,22367,20.61638355255127
0.75,0.84,0.4,0.63,1.08,0.93,0.08,0.44,0.11,22128,20.619965314865112
0.76,0.85,0.4,0.63,1.07,0.93,0.08,0.44,0.11,22357,20.623456954956055
0.75,0.85,0.4,0.64,1.08,0.93,0.09,0.43,0.11,22564,20.62446904182434
0.75,0.85,0.4,0.63,1.08,0.93,0.08,0.44,0.11,22059,20.628467559814453
0.75,0.85,0.4,0.63,1.08,0.94,0.08,0.44,0.11,22158,20.632468223571777
0.76,0.85,0.39,0.63,1.09,0.94,0.08,0.43,0.11,22495,20.636041402816772
0.75,0.84,0.4,0.63,1.08,0.93,0.08,0.43,0.11,22246,20.637115478515625
0.75,0.84,0.4,0.63,1.08,0.93,0.09,0.44,0.11,22045,20.641130208969116
0.76,0.84,0.4,0.63,1.09,0.94,0.08,0.44,0.11,21854,20.645185708999634
0.76,0.84,0.4,0.63,1.08,0.94,0.08,0.44,0.11,22001,20.647808074951172
0.76,0.85,0.4,0.64,1.08,0.93,0.08,0.43,0.12,22132,20.648860454559326
0.76,0.85,0.4,0.63,1.08,0.93,0.08,0.44,0.11,22133,20.653016805648804
0.76,0.84,0.4,0.63,1.08,0.94,0.09,0.44,0.12,22018,20.65703773498535
0.75,0.84,0.39,0.63,1.08,0.93,0.08,0.43,0.12,22263,20.66103768348694
0.76,0.84,0.39,0.63,1.09,0.93,0.09,0.44,0.12,22392,20.664320707321167
0.75,0.84,0.4,0.64,1.08,0.94,0.08,0.43,0.12,22001,20.665037393569946
0.76,0.84,0.4,0.64,1.08,0.93,0.09,0.44,0.11,21732,20.668647050857544
0.76,0.84,0.39,0.64,1.08,0.94,0.08,0.44,0.11,21555,20.6734676361084
0.77,0.84,0.39,0.64,1.08,0.93,0.08,0.43,0.11,21838,20.676546812057495
0.76,0.84,0.4,0.64,1.08,0.93,0.08,0.44,0.11,22239,20.676546812057495
0.76,0.84,0.4,0.64,1.08,0.94,0.09,0.44,0.12,22312,20.680821418762207
0.76,0.84,0.4,0.64,1.08,0.93,0.08,0.44,0.12,21953,20.684773206710815
0.76,0.84,0.39,0.64,1.08,0.94,0.08,0.44,0.12,22018,20.688857078552246
0.76,0.84,0.39,0.64,1.08,0.94,0.09,0.43,0.12,22135,20.688857078552246
0.75,0.84,0.4,0.64,1.08,0.93,0.08,0.44,0.12,22182,20.69292950630188
0.76,0.84,0.39,0.64,1.08,0.93,0.08,0.43,0.12,22357,20.697949171066284
0.76,0.83,0.39,0.64,1.08,0.93,0.08,0.43,0.12,22088,20.70094323158264
0.76,0.84,0.39,0.63,1.08,0.94,0.08,0.43,0.12,21643,20.70194721221924
0.76,0.84,0.4,0.64,1.08,0.93,0.08,0.44,0.12,22154,20.70595407485962
0.76,0.84,0.4,0.64,1.08,0.93,0.08,0.43,0.12,22623,20.709946870803833
0.76,0.83,0.4,0.63,1.08,0.93,0.08,0.43,0.12,22332,20.713955640792847
0.76,0.83,0.4,0.64,1.08,0.93,0.08,0.43,0.12,21971,20.713955640792847
0.75,0.84,0.4,0.64,1.08,0.94,0.08,0.43,0.12,21960,20.717756509780884
0.75,0.84,0.39,0.64,1.08,0.93,0.08,0.43,0.12,21737,20.7220356464386
0.76,0.84,0.4,0.64,1.08,0.94,0.08,0.43,0.12,21938,20.726035356521606
0.76,0.84,0.4,0.64,1.08,0.94,0.08,0.43,0.12,21915,20.729034423828125
0.76,0.84,0.4,0.63,1.08,0.94,0.09,0.43,0.12,21872,20.730035305023193
0.76,0.84,0.4,0.64,1.08,0.94,0.08,0.43,0.12,22041,20.734030961990356
0.76,0.84,0.39,0.64,1.08,0.93,0.08,0.43,0.12,21656,20.738040447235107
0.76,0.84,0.4,0.65,1.09,0.94,0.09,0.43,0.12,21671,20.741334438323975
0.75,0.84,0.4,0.64,1.08,0.94,0.09,0.43,0.12,21990,20.742337942123413
0.76,0.84,0.4,0.64,1.08,0.93,0.09,0.43,0.12,21927,20.746336221694946
0.75,0.84,0.4,0.63,1.08,0.94,0.09,0.43,0.12,21860,20.75033211708069
0.76,0.84,0.4,0.64,1.08,0.93,0.08,0.43,0.12,21941,20.754453420639038
0.75,0.84,0.39,0.64,1.09,0.93,0.09,0.43,0.12,22300,20.755447387695312
0.76,0.84,0.4,0.64,1.08,0.93,0.09,0.43,0.12,21791,20.757762670516968
0.75,0.84,0.4,0.64,1.08,0.94,0.09,0.43,0.12,21636,20.762828826904297
0.75,0.84,0.4,0.64,1.09,0.93,0.08,0.43,0.11,21373,20.766889810562134
0.75,0.84,0.4,0.64,1.08,0.94,0.09,0.43,0.12,21618,20.766889810562134
0.75,0.84,0.39,0.64,1.08,0.94,0.09,0.43,0.12,21539,20.771113634109497
0.75,0.84,0.39,0.64,1.09,0.94,0.09,0.43,0.12,21750,20.775317668914795
0.76,0.84,0.39,0.64,1.09,0.94,0.09,0.43,0.12,21987,20.779329538345337
0.75,0.84,0.4,0.64,1.09,0.94,0.09,0.43,0.12,21998,20.779329538345337
0.75,0.84,0.4,0.64,1.09,0.94,0.09,0.43,0.12,22307,20.783331394195557
0.75,0.84,0.4,0.64,1.09,0.94,0.09,0.43,0.12,22450,20.787339687347412
0.75,0.84,0.41,0.64,1.09,0.94,0.09,0.43,0.12,22291,20.791369199752808
0.75,0.84,0.4,0.64,1.08,0.94,0.09,0.44,0.12,21832,20.792398691177368
0.75,0.84,0.4,0.64,1.09,0.93,0.09,0.43,0.12,22203,20.795398473739624
0.75,0.84,0.4,0.64,1.08,0.93,0.09,0.43,0.12,22730,20.79940152168274
0.75,0.84,0.4,0.64,1.08,0.94,0.09,0.43,0.12,22539,20.80339765548706
0.75,0.83,0.4,0.64,1.08,0.94,0.08,0.42,0.12,21826,20.807543754577637
0.75,0.83,0.4,0.64,1.09,0.93,0.09,0.43,0.12,21971,20.807543754577637
0.74,0.84,0.4,0.64,1.08,0.93,0.09,0.43,0.12,21930,20.81157398223877
0.75,0.84,0.4,0.64,1.08,0.94,0.09,0.43,0.12,21519,20.815637350082397
0.75,0.85,0.4,0.64,1.09,0.94,0.09,0.43,0.12,21478,20.819637298583984
0.74,0.84,0.4,0.64,1.09,0.93,0.08,0.42,0.12,21641,20.820603609085083
0.74,0.84,0.4,0.64,1.08,0.94,0.09,0.43,0.12,21500,20.824606895446777
0.75,0.84,0.4,0.65,1.09,0.93,0.09,0.43,0.12,21905,20.82860541343689
0.75,0.84,0.4,0.64,1.08,0.93,0.08,0.43,0.12,21828,20.832896947860718
0.75,0.84,0.4,0.64,1.08,0.93,0.09,0.43,0.12,21897,20.832896947860718
0.75,0.84,0.4,0.64,1.08,0.93,0.09,0.43,0.12,21958,20.836843490600586
0.75,0.84,0.4,0.64,1.08,0.93,0.09,0.43,0.12,21827,20.840739727020264
0.75,0.84,0.4,0.64,1.08,0.94,0.08,0.43,0.12,21868,20.84388256072998
0.75,0.84,0.4,0.64,1.09,0.93,0.09,0.43,0.12,21923,20.844875812530518
0.76,0.84,0.39,0.64,1.09,0.94,0.08,0.43,0.12,21702,20.848921537399292
0.76,0.84,0.4,0.64,1.09,0.93,0.08,0.43,0.12,22209,20.852917671203613
0.76,0.84,0.39,0.64,1.09,0.94,0.09,0.43,0.12,22656,20.857046127319336
0.75,0.84,0.39,0.64,1.09,0.93,0.08,0.43,0.12,22279,20.857046127319336
0.77,0.84,0.4,0.64,1.08,0.93,0.08,0.43,0.12,21608,20.861039400100708
0.76,0.84,0.39,0.65,1.09,0.93,0.09,0.43,0.12,21967,20.86513376235962
0.76,0.84,0.4,0.64,1.09,0.93,0.08,0.44,0.12,22054,20.869173288345337
0.76,0.85,0.4,0.64,1.09,0.93,0.08,0.44,0.12,21561,20.87308645248413
0.77,0.85,0.4,0.64,1.09,0.93,0.08,0.43,0.12,22178,20.874119997024536
0.77,0.84,0.4,0.64,1.09,0.93,0.08,0.43,0.12,22371,20.877171754837036
0.77,0.85,0.4,0.64,1.09,0.93,0.08,0.43,0.12,22092,20.881399869918823
0.77,0.84,0.4,0.63,1.08,0.93,0.08,0.43,0.12,21917,20.885576963424683
0.76,0.85,0.4,0.64,1.09,0.93,0.09,0.43,0.12,21892,20.886467456817627
0.76,0.85,0.4,0.64,1.09,0.93,0.08,0.43,0.12,21853,20.889464378356934
0.77,0.84,0.4,0.65,1.09,0.93,0.09,0.43,0.12,21688,20.894022703170776
0.76,0.85,0.4,0.64,1.09,0.93,0.09,0.43,0.12,21903,20.898016691207886
0.76,0.84,0.4,0.64,1.09,0.93,0.09,0.43,0.12,22172,20.898016691207886
0.76,0.84,0.4,0.65,1.09,0.93,0.09,0.43,0.12,22361,20.901772022247314
0.76,0.84,0.4,0.64,1.09,0.94,0.08,0.43,0.12,22490,20.905974864959717
0.76,0.85,0.4,0.64,1.09,0.93,0.09,0.43,0.12,22257,20.910010814666748
0.76,0.85,0.4,0.64,1.09,0.93,0.09,0.43,0.12,21790,20.91100239753723
0.76,0.84,0.4,0.64,1.09,0.93,0.08,0.43,0.12,21599,20.914079666137695
0.76,0.85,0.4,0.64,1.08,0.94,0.09,0.42,0.12,21556,20.91906976699829
0.76,0.85,0.4,0.65,1.09,0.93,0.09,0.43,0.12,21861,20.922066688537598
0.76,0.84,0.4,0.65,1.09,0.93,0.08,0.43,0.12,22120,20.92306923866272
0.76,0.85,0.4,0.64,1.09,0.93,0.09,0.42,0.12,22053,20.927071571350098
0.76,0.84,0.4,0.64,1.09,0.93,0.08,0.43,0.12,22040,20.930490016937256
0.76,0.85,0.41,0.64,1.1,0.93,0.08,0.43,0.12,21853,20.93533229827881
0.75,0.84,0.4,0.65,1.09,0.94,0.09,0.43,0.12,22296,20.93837833404541
0.75,0.84,0.4,0.65,1.1,0.93,0.09,0.43,0.12,22117,20.93935775756836
0.76,0.84,0.4,0.65,1.09,0.93,0.09,0.43,0.12,22164,20.943506240844727
0.76,0.85,0.41,0.64,1.09,0.93,0.08,0.43,0.12,22129,20.947506427764893
0.76,0.85,0.4,0.65,1.09,0.93,0.08,0.43,0.12,21912,20.95050621032715
0.75,0.85,0.41,0.65,1.09,0.93,0.09,0.43,0.12,21521,20.951658725738525
0.76,0.85,0.4,0.65,1.08,0.93,0.08,0.43,0.12,21896,20.95565915107727
0.76,0.85,0.4,0.65,1.09,0.93,0.08,0.43,0.12,22385,20.959688663482666
0.76,0.85,0.4,0.65,1.09,0.93,0.09,0.43,0.12,22330,20.96327543258667
0.76,0.85,0.4,0.65,1.09,0.93,0.08,0.42,0.12,22111,20.96431040763855
0.76,0.85,0.4,0.64,1.09,0.93,0.08,0.43,0.12,22528,20.9673330783844
0.75,0.84,0.4,0.65,1.08,0.93,0.09,0.43,0.12,22567,20.972309589385986
0.76,0.85,0.4,0.65,1.08,0.93,0.08,0.42,0.12,22148,20.975690364837646
0.76,0.85,0.4,0.65,1.08,0.93,0.09,0.43,0.12,22159,20.976702451705933
0.76,0.85,0.4,0.64,1.07,0.93,0.08,0.43,0.12,22244,20.980202198028564
0.76,0.85,0.4,0.65,1.07,0.94,0.09,0.43,0.12,22027,20.984110832214355
0.77,0.85,0.4,0.64,1.07,0.93,0.08,0.42,0.12,21628,20.98818063735962
0.77,0.85,0.41,0.64,1.07,0.93,0.09,0.43,0.12,21907,20.989158391952515
0.77,0.85,0.4,0.64,1.07,0.93,0.09,0.43,0.12,22030,20.99300265312195
0.76,0.85,0.4,0.63,1.08,0.93,0.08,0.43,0.12,21671,20.996567249298096
0.77,0.85,0.4,0.64,1.08,0.93,0.09,0.43,0.12,21626,21.000710010528564
0.77,0.84,0.4,0.63,1.08,0.93,0.08,0.43,0.12,21445,21.001752376556396
0.77,0.85,0.4,0.63,1.08,0.93,0.09,0.43,0.12,21402,21.005005598068237
0.77,0.84,0.4,0.63,1.08,0.94,0.08,0.43,0.12,21887,21.008675813674927
0.77,0.85,0.4,0.64,1.08,0.94,0.09,0.43,0.12,21884,21.013490915298462
0.77,0.84,0.4,0.64,1.08,0.93,0.08,0.43,0.12,21671,21.017080068588257
0.77,0.84,0.41,0.64,1.07,0.93,0.09,0.43,0.12,21738,21.017080068588257
0.77,0.85,0.41,0.63,1.08,0.93,0.08,0.43,0.12,21731,21.021206378936768
0.77,0.85,0.41,0.64,1.09,0.93,0.08,0.43,0.12,21928,21.025457859039307
0.77,0.84,0.41,0.64,1.08,0.93,0.09,0.43,0.12,22155,21.029457807540894
0.77,0.84,0.41,0.64,1.08,0.93,0.08,0.43,0.12,22426,21.029457807540894
0.78,0.84,0.41,0.64,1.08,0.93,0.08,0.43,0.12,21929,21.03365707397461
0.77,0.84,0.41,0.64,1.08,0.93,0.08,0.44,0.12,21992,21.038424730300903
0.76,0.84,0.41,0.63,1.08,0.93,0.08,0.43,0.12,22015,21.040985345840454
0.77,0.85,0.41,0.64,1.09,0.93,0.08,0.43,0.12,22092,21.040985345840454
0.76,0.85,0.41,0.64,1.08,0.93,0.08,0.43,0.12,22379,21.044906854629517
0.77,0.85,0.41,0.64,1.09,0.93,0.09,0.43,0.12,22190,21.04999542236328
0.77,0.85,0.41,0.64,1.09,0.93,0.09,0.43,0.12,22341,21.053776264190674
0.77,0.84,0.41,0.64,1.08,0.93,0.08,0.43,0.12,22360,21.054672479629517
0.77,0.84,0.41,0.64,1.08,0.93,0.09,0.43,0.12,22217,21.058255195617676
0.78,0.84,0.42,0.64,1.08,0.93,0.08,0.43,0.12,21932,21.062255144119263
0.77,0.84,0.42,0.64,1.08,0.93,0.08,0.43,0.12,22411,21.06625533103943
0.78,0.84,0.41,0.64,1.08,0.93,0.09,0.43,0.12,22494,21.067250967025757
0.78,0.84,0.41,0.64,1.08,0.93,0.09,0.43,0.12,22117,21.06964612007141
0.78,0.84,0.41,0.63,1.08,0.93,0.08,0.43,0.12,21694,21.07521653175354
0.78,0.85,0.41,0.64,1.08,0.93,0.09,0.44,0.12,21549,21.07842493057251
0.78,0.84,0.41,0.64,1.08,0.93,0.09,0.43,0.12,21738,21.0794517993927
0.78,0.85,0.41,0.65,1.08,0.93,0.09,0.44,0.12,22249,21.082449913024902
0.77,0.85,0.41,0.64,1.08,0.93,0.08,0.44,0.12,21522,21.086357355117798
0.78,0.85,0.41,0.64,1.08,0.93,0.08,0.44,0.12,21537,21.090348958969116
0.77,0.84,0.41,0.64,1.08,0.93,0.08,0.44,0.12,22056,21.094417095184326
0.78,0.84,0.41,0.64,1.08,0.93,0.08,0.44,0.12,22253,21.095415592193604
0.78,0.84,0.4,0.64,1.08,0.93,0.08,0.44,0.12,22102,21.098400831222534
0.78,0.85,0.41,0.64,1.08,0.93,0.08,0.44,0.12,21883,21.103471994400024
0.78,0.84,0.41,0.64,1.08,0.93,0.09,0.44,0.12,21922,21.106488466262817
0.78,0.85,0.41,0.63,1.08,0.93,0.09,0.44,0.12,21821,21.107455492019653
0.77,0.85,0.4,0.64,1.08,0.93,0.09,0.44,0.12,22040,21.11146354675293
0.78,0.85,0.4,0.64,1.08,0.93,0.09,0.44,0.12,21933,21.115469932556152
0.77,0.85,0.4,0.64,1.07,0.93,0.09,0.44,0.12,21470,21.11845302581787
0.78,0.85,0.4,0.64,1.08,0.93,0.09,0.44,0.12,21539,21.119465351104736
0.78,0.85,0.4,0.64,1.09,0.94,0.09,0.44,0.12,21894,21.123455286026
0.78,0.85,0.4,0.65,1.08,0.93,0.09,0.44,0.11,22195,21.127142190933228
0.78,0.85,0.4,0.64,1.08,0.93,0.08,0.44,0.12,21952,21.131272315979004
0.78,0.84,0.41,0.64,1.08,0.93,0.09,0.44,0.12,21717,21.132272243499756
0.78,0.84,0.41,0.64,1.08,0.93,0.09,0.44,0.12,21680,21.135791540145874
0.78,0.85,0.41,0.64,1.08,0.93,0.08,0.44,0.11,21615,21.13979935646057
0.77,0.85,0.4,0.64,1.08,0.93,0.09,0.44,0.11,22014,21.14380168914795
0.77,0.85,0.4,0.64,1.09,0.93,0.09,0.44,0.11,22081,21.144801378250122
0.78,0.84,0.41,0.64,1.09,0.93,0.09,0.44,0.12,21814,21.147804021835327
0.78,0.85,0.41,0.64,1.09,0.93,0.09,0.44,0.11,22051,21.151801824569702
0.77,0.84,0.41,0.64,1.09,0.93,0.09,0.44,0.12,21806,21.15580177307129
0.77,0.85,0.41,0.63,1.09,0.93,0.08,0.44,0.12,21689,21.156800985336304
0.77,0.85,0.41,0.64,1.08,0.93,0.09,0.44,0.12,21912,21.160833597183228
0.78,0.85,0.4,0.64,1.09,0.93,0.08,0.44,0.12,21847,21.16414976119995
0.77,0.85,0.4,0.64,1.09,0.93,0.09,0.44,0.12,21974,21.169185876846313
0.77,0.84,0.4,0.64,1.09,0.93,0.09,0.44,0.12,22511,21.169185876846313
0.78,0.85,0.4,0.64,1.09,0.93,0.09,0.44,0.11,22368,21.172662019729614
0.78,0.85,0.4,0.64,1.09,0.93,0.09,0.44,0.11,21549,21.17717933654785
0.78,0.85,0.4,0.64,1.09,0.93,0.09,0.44,0.12,21820,21.18118667602539
0.78,0.85,0.4,0.64,1.09,0.93,0.09,0.44,0.11,21751,21.18458652496338
0.78,0.85,0.4,0.64,1.09,0.93,0.09,0.43,0.11,21580,21.1856427192688
0.78,0.84,0.4,0.64,1.09,0.93,0.08,0.44,0.11,21949,21.18821430206299
0.78,0.84,0.4,0.65,1.08,0.93,0.09,0.44,0.11,22418,21.19353151321411
0.78,0.84,0.4,0.64,1.09,0.93,0.09,0.44,0.11,22071,21.19701862335205
0.78,0.84,0.4,0.64,1.09,0.93,0.09,0.44,0.11,22360,21.19799828529358
0.78,0.85,0.4,0.65,1.09,0.93,0.09,0.44,0.11,22473,21.201997995376587
0.77,0.85,0.4,0.64,1.09,0.95,0.09,0.45,0.11,22080,21.205450534820557
0.78,0.84,0.4,0.64,1.09,0.95,0.09,0.44,0.11,21989,21.20970106124878
0.78,0.84,0.4,0.65,1.09,0.95,0.08,0.44,0.11,21856,21.210712432861328
0.78,0.85,0.4,0.64,1.09,0.95,0.09,0.44,0.11,21641,21.213712692260742
0.78,0.84,0.4,0.64,1.09,0.95,0.08,0.44,0.11,22054,21.218189239501953
0.78,0.84,0.4,0.64,1.1,0.95,0.09,0.44,0.11,22115,21.221675634384155
0.78,0.85,0.4,0.64,1.09,0.95,0.09,0.44,0.11,21998,21.222731113433838
0.78,0.84,0.4,0.63,1.1,0.95,0.09,0.44,0.12,22087,21.22597074508667
0.78,0.84,0.4,0.64,1.09,0.95,0.09,0.45,0.12,22120,21.23000741004944
0.78,0.85,0.4,0.64,1.09,0.95,0.09,0.45,0.11,22041,21.233983039855957
0.78,0.84,0.4,0.64,1.1,0.95,0.09,0.44,0.11,21888,21.234986543655396
0.78,0.84,0.4,0.64,1.09,0.95,0.09,0.45,0.11,22213,21.237698078155518
0.78,0.84,0.4,0.64,1.1,0.95,0.09,0.45,0.12,22240,21.24223017692566
0.78,0.84,0.4,0.65,1.1,0.95,0.09,0.45,0.11,22197,21.247277975082397
0.78,0.84,0.4,0.64,1.1,0.95,0.08,0.45,0.12,22098,21.247277975082397
0.78,0.84,0.4,0.64,1.1,0.95,0.08,0.45,0.11,21849,21.24936079978943
0.78,0.84,0.4,0.64,1.1,0.96,0.09,0.45,0.11,21636,21.25443696975708
0.78,0.84,0.4,0.64,1.1,0.96,0.09,0.45,0.11,21933,21.25942635536194
0.78,0.84,0.4,0.64,1.1,0.96,0.09,0.45,0.11,21956,21.26248550415039
0.78,0.84,0.4,0.65,1.1,0.96,0.09,0.45,0.11,21801,21.263437271118164
0.78,0.84,0.4,0.64,1.1,0.95,0.09,0.45,0.11,21996,21.267436742782593
0.78,0.84,0.4,0.64,1.1,0.96,0.09,0.45,0.11,22051,21.27074432373047
0.78,0.84,0.4,0.64,1.1,0.96,0.09,0.45,0.12,21698,21.275037050247192
0.78,0.84,0.4,0.65,1.1,0.96,0.09,0.45,0.11,21963,21.2760910987854
0.78,0.84,0.4,0.65,1.1,0.96,0.09,0.45,0.12,22024,21.2794771194458
0.78,0.83,0.39,0.65,1.11,0.96,0.09,0.45,0.12,21747,21.283156156539917
0.78,0.84,0.4,0.64,1.1,0.96,0.08,0.45,0.12,21832,21.287199020385742
0.78,0.84,0.4,0.64,1.11,0.95,0.09,0.45,0.11,22195,21.28822946548462
0.77,0.84,0.39,0.64,1.1,0.96,0.09,0.45,0.11,21794,21.292053937911987
0.78,0.84,0.4,0.65,1.11,0.96,0.08,0.45,0.11,22079,21.2960844039917
0.79,0.84,0.4,0.65,1.1,0.96,0.09,0.45,0.11,22120,21.299084901809692
0.78,0.84,0.4,0.65,1.1,0.95,0.08,0.45,0.12,21933,21.300053119659424
0.78,0.84,0.4,0.65,1.1,0.96,0.08,0.45,0.11,21970,21.303135633468628
0.77,0.84,0.4,0.64,1.1,0.96,0.09,0.45,0.11,21895,21.30750608444214
0.78,0.84,0.38,0.65,1.1,0.95,0.09,0.45,0.11,21632,21.31150794029236
0.77,0.84,0.4,0.65,1.1,0.95,0.08,0.45,0.11,21683,21.312507390975952
0.77,0.84,0.4,0.64,1.1,0.95,0.09,0.45,0.11,21678,21.31650400161743
0.78,0.84,0.4,0.65,1.1,0.96,0.09,0.45,0.11,21833,21.319642782211304
0.77,0.84,0.4,0.65,1.1,0.95,0.09,0.45,0.11,21962,21.324808597564697
0.77,0.84,0.4,0.65,1.1,0.95,0.09,0.45,0.11,22247,21.324808597564697
0.77,0.84,0.4,0.65,1.1,0.95,0.09,0.45,0.11,21696,21.32776141166687
0.77,0.84,0.4,0.65,1.1,0.95,0.08,0.46,0.11,21475,21.331932067871094
0.77,0.84,0.4,0.65,1.1,0.95,0.09,0.45,0.11,21500,21.336795806884766
0.77,0.84,0.4,0.65,1.1,0.95,0.08,0.46,0.11,21773,21.339897632598877
0.78,0.84,0.4,0.65,1.1,0.95,0.09,0.46,0.11,22304,21.339897632598877
0.77,0.85,0.39,0.65,1.1,0.95,0.08,0.46,0.11,22359,21.34493589401245
0.77,0.84,0.4,0.65,1.1,0.95,0.09,0.46,0.11,22088,21.349040508270264
0.77,0.84,0.4,0.64,1.1,0.95,0.08,0.46,0.11,21717,21.35206627845764
0.77,0.84,0.39,0.65,1.1,0.95,0.09,0.46,0.11,21864,21.353111505508423
0.77,0.84,0.39,0.65,1.1,0.95,0.09,0.45,0.11,21839,21.35723614692688
0.77,0.84,0.39,0.65,1.1,0.95,0.08,0.46,0.11,21804,21.361236572265625
0.77,0.84,0.39,0.66,1.1,0.95,0.08,0.46,0.11,21909,21.36523151397705
0.77,0.84,0.39,0.65,1.1,0.96,0.09,0.46,0.11,22272,21.36523151397705
0.77,0.84,0.39,0.65,1.1,0.95,0.09,0.45,0.11,21993,21.36937117576599
0.77,0.84,0.39,0.65,1.1,0.95,0.09,0.45,0.11,22000,21.37337040901184
0.77,0.85,0.38,0.65,1.11,0.96,0.09,0.46,0.11,21971,21.377413749694824
0.77,0.84,0.39,0.65,1.11,0.96,0.09,0.45,0.11,22350,21.377413749694824
0.77,0.84,0.39,0.65,1.11,0.96,0.09,0.46,0.11,22103,21.381762742996216
0.76,0.84,0.39,0.65,1.11,0.96,0.09,0.45,0.11,22054,21.385080814361572
0.76,0.84,0.39,0.65,1.1,0.96,0.09,0.45,0.11,21747,21.389427185058594
0.76,0.84,0.39,0.65,1.11,0.96,0.08,0.46,0.11,21976,21.39042615890503
0.77,0.84,0.39,0.65,1.11,0.96,0.09,0.45,0.12,22023,21.393035888671875
0.76,0.84,0.39,0.65,1.11,0.96,0.09,0.45,0.11,22230,21.398118019104004
0.76,0.85,0.39,0.65,1.11,0.95,0.09,0.46,0.12,21927,21.40208625793457
0.77,0.84,0.39,0.66,1.11,0.95,0.09,0.45,0.11,22150,21.405579090118408
0.77,0.84,0.39,0.66,1.11,0.95,0.09,0.45,0.11,22325,21.40615701675415
0.77,0.84,0.39,0.66,1.11,0.96,0.09,0.46,0.12,22020,21.40963339805603
0.77,0.84,0.39,0.66,1.11,0.96,0.09,0.45,0.11,21681,21.414919137954712
0.77,0.84,0.39,0.66,1.11,0.96,0.09,0.46,0.12,21442,21.418198108673096
0.77,0.84,0.39,0.65,1.11,0.96,0.08,0.45,0.12,21407,21.418198108673096
0.77,0.84,0.39,0.65,1.11,0.95,0.09,0.46,0.12,21772,21.422362804412842
0.77,0.84,0.4,0.65,1.11,0.95,0.09,0.46,0.12,21809,21.427370071411133
0.77,0.84,0.39,0.65,1.11,0.96,0.09,0.46,0.12,22084,21.43059206008911
0.77,0.84,0.39,0.66,1.11,0.95,0.09,0.46,0.12,22179,21.431344032287598
0.77,0.84,0.4,0.65,1.1,0.96,0.09,0.46,0.12,22174,21.435465812683105
0.77,0.84,0.39,0.66,1.1,0.96,0.09,0.46,0.12,22291,21.439467430114746
0.77,0.84,0.39,0.65,1.1,0.96,0.1,0.46,0.12,22282,21.442914724349976
0.77,0.84,0.4,0.66,1.1,0.95,0.09,0.46,0.12,22067,21.44389247894287
0.77,0.84,0.4,0.66,1.1,0.96,0.08,0.46,0.11,21824,21.4472017288208
0.77,0.85,0.39,0.67,1.1,0.95,0.08,0.46,0.12,21975,21.4513897895813
0.77,0.85,0.4,0.66,1.1,0.96,0.09,0.46,0.12,22362,21.45566725730896
0.77,0.85,0.4,0.66,1.1,0.95,0.09,0.46,0.12,22463,21.45566725730896
0.76,0.85,0.39,0.66,1.1,0.95,0.09,0.46,0.12,22396,21.459666967391968
0.76,0.85,0.4,0.66,1.1,0.95,0.09,0.46,0.12,22283,21.4642813205719
0.77,0.85,0.4,0.65,1.1,0.95,0.09,0.46,0.12,21984,21.46719217300415
0.77,0.85,0.4,0.66,1.1,0.96,0.09,0.46,0.12,21737,21.47117042541504
0.77,0.85,0.4,0.65,1.1,0.95,0.09,0.46,0.11,22170,21.471930742263794
0.76,0.84,0.4,0.66,1.1,0.95,0.09,0.46,0.12,22459,21.476069450378418
0.76,0.84,0.4,0.66,1.1,0.95,0.09,0.46,0.12,22000,21.48037362098694
0.76,0.84,0.4,0.66,1.11,0.95,0.09,0.46,0.12,22049,21.483635425567627
0.77,0.84,0.4,0.65,1.1,0.95,0.09,0.46,0.12,22094,21.484373569488525
0.77,0.85,0.4,0.66,1.09,0.95,0.09,0.46,0.12,21907,21.48737382888794
0.77,0.85,0.4,0.66,1.1,0.96,0.09,0.46,0.12,21918,21.493022441864014
0.77,0.85,0.4,0.65,1.1,0.95,0.09,0.46,0.12,22225,21.495978832244873
0.77,0.85,0.4,0.65,1.09,0.95,0.09,0.46,0.12,22204,21.49686098098755
0.77,0.85,0.4,0.66,1.1,0.95,0.1,0.46,0.12,22307,21.50045680999756
0.76,0.85,0.4,0.65,1.1,0.94,0.1,0.46,0.12,21908,21.504327535629272
0.76,0.85,0.4,0.66,1.1,0.95,0.09,0.46,0.12,21675,21.50838589668274
0.77,0.85,0.4,0.66,1.1,0.95,0.09,0.46,0.12,21712,21.50936532020569
0.76,0.85,0.4,0.66,1.1,0.95,0.09,0.46,0.12,21869,21.512386083602905
0.77,0.85,0.4,0.66,1.1,0.95,0.09,0.46,0.12,22356,21.516488790512085
0.76,0.85,0.4,0.65,1.1,0.95,0.09,0.46,0.12,21921,21.520503520965576
0.77,0.85,0.4,0.66,1.1,0.95,0.09,0.46,0.12,21958,21.521509408950806
0.76,0.86,0.4,0.66,1.1,0.95,0.09,0.46,0.12,21989,21.524505138397217
0.77,0.85,0.4,0.66,1.1,0.95,0.09,0.46,0.12,21964,21.52889347076416
0.77,0.85,0.4,0.66,1.1,0.95,0.09,0.46,0.12,22013,21.53285026550293
0.77,0.85,0.4,0.66,1.1,0.95,0.09,0.46,0.12,21916,21.53388023376465
0.77,0.85,0.4,0.66,1.1,0.95,0.09,0.46,0.12,21751,21.53612971305847
0.77,0.85,0.41,0.66,1.1,0.95,0.1,0.46,0.12,22364,21.541308164596558
0.77,0.85,0.41,0.66,1.1,0.95,0.09,0.46,0.12,21905,21.545310974121094
0.77,0.85,0.4,0.66,1.1,0.95,0.09,0.46,0.12,21562,21.548308610916138
0.77,0.85,0.4,0.66,1.1,0.95,0.09,0.46,0.12,22041,21.549313068389893
0.77,0.85,0.4,0.66,1.1,0.95,0.09,0.45,0.12,22288,21.55299162864685
0.77,0.85,0.41,0.67,1.1,0.96,0.09,0.46,0.12,22291,21.557926893234253
0.76,0.85,0.41,0.66,1.11,0.95,0.09,0.46,0.12,22102,21.561286449432373
0.77,0.85,0.4,0.67,1.1,0.95,0.09,0.46,0.12,22081,21.562322854995728
0.78,0.86,0.4,0.67,1.1,0.95,0.09,0.46,0.12,21794,21.56498384475708
0.77,0.85,0.4,0.66,1.11,0.95,0.09,0.45,0.11,22307,21.570140838623047
0.77,0.85,0.4,0.67,1.1,0.95,0.09,0.46,0.12,22540,21.574140787124634
0.77,0.85,0.4,0.66,1.1,0.95,0.09,0.46,0.12,21989,21.574140787124634
0.78,0.85,0.4,0.66,1.1,0.95,0.09,0.46,0.12,22000,21.57842469215393
0.78,0.85,0.4,0.66,1.1,0.95,0.09,0.46,0.12,22027,21.58243489265442
0.77,0.85,0.4,0.67,1.1,0.95,0.09,0.45,0.12,21552,21.586143255233765
0.78,0.86,0.4,0.66,1.1,0.95,0.09,0.46,0.11,21983,21.58721375465393
0.77,0.85,0.4,0.66,1.1,0.95,0.09,0.46,0.12,21820,21.590633153915405
0.77,0.85,0.4,0.66,1.1,0.95,0.09,0.45,0.12,21747,21.593971967697144
0.78,0.85,0.4,0.66,1.1,0.95,0.09,0.45,0.12,22082,21.599207401275635
0.78,0.85,0.4,0.67,1.1,0.95,0.09,0.46,0.12,22223,21.599207401275635
0.78,0.85,0.4,0.67,1.1,0.95,0.1,0.46,0.12,21908,21.602234601974487
0.78,0.85,0.4,0.66,1.1,0.95,0.09,0.45,0.11,21263,21.606627941131592
0.78,0.85,0.41,0.66,1.1,0.95,0.09,0.46,0.12,21614,21.610663652420044
0.77,0.85,0.4,0.66,1.1,0.95,0.09,0.45,0.12,21991,21.614750385284424
0.77,0.85,0.41,0.66,1.11,0.95,0.09,0.45,0.12,21880,21.615659475326538
0.77,0.85,0.4,0.66,1.11,0.95,0.09,0.45,0.12,21943,21.619659900665283
0.78,0.85,0.4,0.67,1.1,0.95,0.1,0.46,0.12,22166,21.62367272377014
0.77,0.85,0.4,0.67,1.1,0.95,0.09,0.45,0.12,21941,21.62683892250061
0.77,0.85,0.41,0.66,1.1,0.95,0.09,0.46,0.12,22486,21.62683892250061
0.77,0.85,0.4,0.66,1.1,0.95,0.09,0.45,0.12,22565,21.631755590438843
0.78,0.85,0.41,0.66,1.1,0.95,0.09,0.46,0.12,22372,21.635795831680298
0.78,0.85,0.41,0.66,1.1,0.95,0.09,0.45,0.12,21977,21.63949704170227
0.78,0.85,0.41,0.66,1.1,0.95,0.09,0.46,0.12,22018,21.63949704170227
0.79,0.84,0.4,0.66,1.1,0.95,0.09,0.46,0.12,22155,21.6435067653656
0.78,0.84,0.4,0.66,1.1,0.95,0.1,0.46,0.12,22318,21.64852261543274
0.78,0.85,0.4,0.65,1.1,0.95,0.09,0.46,0.12,22115,21.651718616485596
0.78,0.85,0.4,0.66,1.1,0.95,0.09,0.46,0.12,22094,21.652524709701538
0.78,0.85,0.4,0.66,1.1,0.95,0.09,0.46,0.12,22085,21.655495643615723
0.78,0.85,0.4,0.65,1.1,0.95,0.09,0.46,0.12,21992,21.65960693359375
0.78,0.85,0.4,0.66,1.1,0.95,0.09,0.46,0.12,22055,21.663565397262573
0.78,0.85,0.4,0.66,1.1,0.95,0.08,0.46,0.12,21844,21.664601802825928
0.79,0.85,0.4,0.66,1.1,0.95,0.09,0.46,0.12,21977,21.667680740356445
0.78,0.85,0.4,0.65,1.1,0.95,0.09,0.45,0.11,22228,21.67182683944702
0.78,0.85,0.4,0.66,1.1,0.95,0.1,0.46,0.12,22511,21.6757595539093
0.78,0.85,0.4,0.65,1.11,0.95,0.09,0.46,0.12,22156,21.680187940597534
0.78,0.85,0.4,0.66,1.1,0.95,0.09,0.46,0.12,21647,21.680919408798218
0.78,0.85,0.41,0.65,1.11,0.95,0.09,0.45,0.12,21992,21.684518814086914
0.78,0.85,0.4,0.66,1.11,0.93,0.1,0.46,0.12,22217,21.6889865398407
0.78,0.85,0.4,0.65,1.1,0.93,0.09,0.46,0.12,21966,21.692423582077026
0.78,0.85,0.4,0.65,1.1,0.93,0.1,0.46,0.12,21875,21.69297194480896
0.78,0.85,0.4,0.65,1.1,0.93,0.1,0.46,0.12,21574,21.696372032165527
0.79,0.85,0.4,0.65,1.11,0.93,0.1,0.46,0.12,21835,21.70142126083374
0.78,0.85,0.4,0.66,1.11,0.93,0.1,0.46,0.12,21782,21.70439386367798
0.78,0.85,0.4,0.66,1.11,0.93,0.1,0.46,0.12,21831,21.705387830734253
0.78,0.84,0.4,0.66,1.11,0.93,0.09,0.46,0.12,21398,21.70999574661255
0.78,0.84,0.4,0.66,1.1,0.93,0.1,0.46,0.12,21363,21.71401333808899
0.78,0.85,0.4,0.66,1.11,0.93,0.1,0.46,0.12,21724,21.71720051765442
0.78,0.85,0.4,0.66,1.11,0.95,0.1,0.46,0.12,22059,21.71720051765442
0.78,0.84,0.4,0.66,1.1,0.95,0.1,0.46,0.12,21926,21.72119903564453
0.78,0.84,0.4,0.66,1.11,0.95,0.1,0.46,0.12,21963,21.725481510162354
0.78,0.84,0.4,0.66,1.11,0.94,0.1,0.46,0.12,21962,21.72952437400818
0.78,0.85,0.4,0.66,1.1,0.94,0.1,0.45,0.12,21693,21.730523824691772
0.78,0.85,0.41,0.66,1.1,0.95,0.09,0.46,0.12,21922,21.733944177627563
0.78,0.85,0.4,0.66,1.11,0.95,0.09,0.46,0.12,22221,21.73796796798706
0.79,0.85,0.4,0.67,1.11,0.95,0.09,0.46,0.12,21912,21.742164134979248
0.78,0.85,0.4,0.67,1.11,0.95,0.09,0.45,0.12,21799,21.742164134979248
0.78,0.85,0.4,0.67,1.11,0.95,0.09,0.45,0.12,21912,21.74611520767212
0.78,0.85,0.4,0.67,1.11,0.95,0.09,0.46,0.12,22003,21.750114679336548
0.78,0.85,0.4,0.67,1.11,0.95,0.09,0.45,0.12,21906,21.7541184425354
0.78,0.85,0.41,0.66,1.11,0.95,0.09,0.45,0.12,21715,21.757113933563232
0.78,0.85,0.41,0.67,1.11,0.95,0.09,0.45,0.12,22006,21.758118867874146
0.78,0.85,0.41,0.66,1.11,0.95,0.09,0.45,0.12,22143,21.76236629486084
0.78,0.85,0.4,0.66,1.11,0.95,0.09,0.45,0.12,22152,21.766209840774536
0.79,0.85,0.4,0.66,1.1,0.95,0.09,0.46,0.12,22471,21.77035164833069
0.79,0.85,0.4,0.66,1.11,0.95,0.09,0.45,0.12,22356,21.77035164833069
0.78,0.85,0.4,0.66,1.11,0.95,0.09,0.45,0.12,22069,21.77446722984314
0.78,0.85,0.4,0.67,1.11,0.95,0.1,0.45,0.12,22080,21.77869176864624
0.78,0.86,0.4,0.67,1.11,0.95,0.09,0.45,0.12,21945,21.782684564590454
0.78,0.85,0.41,0.66,1.11,0.95,0.1,0.45,0.12,21888,21.782684564590454
0.78,0.85,0.41,0.66,1.11,0.95,0.09,0.45,0.12,21749,21.786700963974
0.78,0.85,0.4,0.67,1.1,0.95,0.1,0.45,0.12,21608,21.790905714035034
0.78,0.85,0.4,0.66,1.11,0.95,0.1,0.45,0.12,21961,21.795209407806396
0.78,0.85,0.41,0.66,1.11,0.95,0.09,0.45,0.12,22274,21.795952081680298
0.78,0.85,0.4,0.66,1.11,0.95,0.09,0.45,0.12,22067,21.79881739616394
0.78,0.85,0.4,0.66,1.11,0.95,0.09,0.45,0.12,21970,21.802953958511353
0.78,0.85,0.4,0.67,1.11,0.95,0.09,0.45,0.12,22161,21.808163166046143
0.78,0.85,0.41,0.66,1.11,0.95,0.09,0.45,0.12,21894,21.808163166046143
0.78,0.85,0.41,0.66,1.1,0.95,0.09,0.45,0.12,21841,21.81113314628601
0.78,0.85,0.41,0.66,1.11,0.95,0.09,0.45,0.12,21562,21.815214157104492
0.78,0.85,0.41,0.66,1.1,0.95,0.1,0.45,0.12,21589,21.819576501846313
0.78,0.85,0.41,0.67,1.11,0.95,0.09,0.45,0.12,21500,21.823381185531616
0.79,0.86,0.41,0.67,1.11,0.95,0.09,0.45,0.12,22051,21.823381185531616
0.79,0.85,0.41,0.67,1.11,0.95,0.1,0.45,0.12,21996,21.827845811843872
0.78,0.86,0.41,0.67,1.11,0.95,0.09,0.45,0.12,22023,21.831844329833984
0.79,0.85,0.41,0.67,1.11,0.95,0.1,0.45,0.12,22086,21.835843324661255
0.79,0.85,0.41,0.66,1.11,0.95,0.09,0.45,0.12,22443,21.835843324661255
0.78,0.85,0.41,0.66,1.1,0.95,0.1,0.45,0.12,22528,21.83984637260437
0.78,0.85,0.41,0.66,1.11,0.95,0.1,0.45,0.12,21907,21.84488010406494
0.79,0.85,0.41,0.66,1.1,0.95,0.09,0.45,0.12,21816,21.84796977043152
0.79,0.85,0.41,0.66,1.1,0.96,0.09,0.45,0.12,21993,21.848995447158813
0.79,0.85,0.41,0.66,1.1,0.96,0.1,0.45,0.12,22304,21.852266788482666
0.79,0.85,0.41,0.67,1.1,0.95,0.09,0.45,0.12,22081,21.85626220703125
0.79,0.85,0.41,0.67,1.1,0.95,0.1,0.45,0.11,21832,21.86025619506836
0.78,0.85,0.41,0.66,1.1,0.95,0.09,0.45,0.12,21951,21.86125922203064
0.78,0.85,0.41,0.66,1.1,0.95,0.09,0.45,0.12,21786,21.865259647369385
0.78,0.85,0.41,0.67,1.1,0.95,0.09,0.45,0.12,22181,21.86850595474243
0.78,0.85,0.41,0.67,1.1,0.95,0.1,0.45,0.12,22100,21.872457265853882
0.78,0.85,0.41,0.67,1.11,0.95,0.1,0.44,0.12,21655,21.87349033355713
0.79,0.86,0.41,0.66,1.1,0.95,0.1,0.45,0.11,21574,21.876562118530273
0.78,0.86,0.41,0.67,1.1,0.95,0.09,0.44,0.11,22071,21.881569147109985
0.78,0.86,0.4,0.66,1.1,0.95,0.09,0.45,0.12,22108,21.88457179069519
0.79,0.86,0.41,0.66,1.1,0.95,0.09,0.45,0.12,22055,21.88870859146118
0.78,0.85,0.41,0.66,1.1,0.95,0.1,0.45,0.11,22180,21.88870859146118
0.78,0.86,0.4,0.66,1.1,0.95,0.1,0.45,0.11,22223,21.892711400985718
0.78,0.86,0.41,0.66,1.1,0.96,0.09,0.45,0.12,21842,21.89786720275879
0.78,0.86,0.41,0.66,1.1,0.95,0.09,0.44,0.12,21351,21.90098762512207
0.78,0.86,0.41,0.66,1.1,0.95,0.09,0.45,0.12,22044,21.9019877910614
0.78,0.86,0.41,0.67,1.1,0.95,0.1,0.44,0.12,22093,21.90595531463623
0.78,0.86,0.41,0.66,1.1,0.95,0.1,0.44,0.12,22160,21.90998649597168
0.78,0.86,0.41,0.66,1.1,0.95,0.1,0.44,0.12,22331,21.912988662719727
0.78,0.86,0.4,0.66,1.1,0.95,0.09,0.44,0.12,22678,21.91399121284485
0.77,0.86,0.4,0.66,1.1,0.95,0.1,0.45,0.12,22529,21.917986392974854
0.78,0.86,0.4,0.66,1.1,0.95,0.09,0.45,0.12,21926,21.922167539596558
0.78,0.86,0.41,0.66,1.1,0.95,0.09,0.45,0.12,22353,21.926167249679565
0.78,0.85,0.4,0.66,1.1,0.95,0.09,0.45,0.12,22076,21.926536321640015
0.77,0.86,0.4,0.66,1.1,0.95,0.09,0.44,0.12,22077,21.929874897003174
0.78,0.86,0.41,0.66,1.09,0.95,0.09,0.44,0.12,22080,21.93406343460083
0.78,0.86,0.41,0.66,1.1,0.95,0.09,0.45,0.12,21965,21.93801712989807
0.77,0.86,0.41,0.66,1.1,0.95,0.09,0.45,0.12,21856,21.939133167266846
0.77,0.86,0.41,0.66,1.1,0.95,0.1,0.45,0.12,21899,21.943013429641724
0.78,0.86,0.4,0.66,1.1,0.95,0.09,0.44,0.12,22042,21.946981191635132
0.78,0.86,0.41,0.66,1.09,0.95,0.09,0.45,0.12,21819,21.95102882385254
0.78,0.86,0.41,0.66,1.1,0.95,0.09,0.45,0.12,21484,21.95102882385254
0.78,0.86,0.4,0.66,1.09,0.95,0.09,0.45,0.12,21471,21.955159902572632
0.78,0.86,0.41,0.66,1.1,0.95,0.09,0.45,0.12,21802,21.95816469192505
0.78,0.87,0.41,0.66,1.09,0.95,0.09,0.45,0.12,22091,21.962228536605835
0.78,0.86,0.41,0.66,1.1,0.95,0.09,0.45,0.12,22392,21.966293811798096
0.78,0.87,0.41,0.66,1.09,0.95,0.1,0.45,0.12,21949,21.967355489730835
0.78,0.86,0.41,0.66,1.09,0.95,0.09,0.45,0.12,21886,21.970454692840576
0.79,0.87,0.41,0.67,1.09,0.95,0.09,0.45,0.12,22057,21.975671529769897
0.78,0.86,0.4,0.66,1.09,0.94,0.09,0.45,0.12,21868,21.978477478027344
0.78,0.87,0.41,0.66,1.09,0.95,0.09,0.45,0.12,22159,21.97949767112732
0.78,0.86,0.41,0.66,1.09,0.95,0.09,0.45,0.12,21952,21.98346447944641
0.78,0.86,0.4,0.67,1.1,0.95,0.09,0.44,0.12,22099,21.98764944076538
0.78,0.86,0.41,0.67,1.09,0.95,0.09,0.44,0.12,22476,21.9918053150177
0.78,0.86,0.41,0.67,1.1,0.95,0.09,0.45,0.12,22207,21.992679595947266
0.78,0.86,0.41,0.67,1.1,0.95,0.09,0.45,0.11,21818,21.996219396591187
0.78,0.86,0.41,0.67,1.1,0.95,0.09,0.45,0.12,21641,22.000216722488403
0.78,0.86,0.41,0.67,1.1,0.95,0.09,0.44,0.12,21942,22.003214120864868
0.78,0.86,0.41,0.67,1.1,0.96,0.09,0.45,0.12,21963,22.004218101501465
0.78,0.87,0.4,0.67,1.1,0.95,0.09,0.45,0.12,22128,22.00822353363037
0.78,0.87,0.4,0.67,1.1,0.95,0.09,0.45,0.12,22221,22.01231360435486
0.78,0.87,0.41,0.67,1.1,0.95,0.09,0.44,0.12,22182,22.016364336013794
0.78,0.87,0.4,0.66,1.1,0.95,0.1,0.44,0.12,22253,22.016726970672607
0.78,0.86,0.4,0.67,1.1,0.94,0.1,0.45,0.11,22030,22.02017378807068
0.79,0.86,0.4,0.67,1.1,0.95,0.09,0.45,0.12,21993,22.023818969726562
0.78,0.87,0.4,0.67,1.1,0.95,0.09,0.44,0.11,21960,22.028040885925293
0.78,0.87,0.4,0.66,1.1,0.95,0.09,0.44,0.11,21885,22.03204083442688
0.79,0.86,0.4,0.67,1.1,0.95,0.09,0.44,0.11,21966,22.03302025794983
0.79,0.86,0.4,0.67,1.1,0.95,0.09,0.44,0.11,21763,22.037009477615356
0.79,0.86,0.4,0.67,1.1,0.95,0.09,0.44,0.11,21692,22.041008710861206
0.78,0.87,0.4,0.67,1.1,0.95,0.09,0.44,0.11,21695,22.044008493423462
0.78,0.87,0.4,0.67,1.1,0.95,0.09,0.44,0.11,21390,22.04500913619995
0.78,0.86,0.4,0.67,1.1,0.96,0.09,0.44,0.11,21737,22.049020051956177
0.78,0.87,0.4,0.68,1.11,0.96,0.09,0.44,0.11,22070,22.053221464157104
0.78,0.86,0.4,0.67,1.1,0.96,0.1,0.44,0.11,22059,22.056177377700806
0.78,0.86,0.4,0.67,1.11,0.95,0.09,0.45,0.11,22142,22.057215213775635
0.78,0.86,0.4,0.67,1.11,0.96,0.09,0.44,0.11,22287,22.061460733413696
0.78,0.86,0.4,0.68,1.11,0.96,0.09,0.45,0.11,21878,22.06576633453369
0.79,0.86,0.4,0.68,1.1,0.96,0.09,0.45,0.11,21677,22.06879234313965
0.78,0.86,0.4,0.67,1.1,0.96,0.09,0.44,0.11,21474,22.069795608520508
0.78,0.86,0.4,0.68,1.1,0.95,0.1,0.44,0.11,21563,22.073874473571777
0.78,0.86,0.4,0.68,1.1,0.95,0.09,0.45,0.11,21802,22.07742404937744
0.79,0.86,0.4,0.67,1.1,0.95,0.09,0.45,0.11,21983,22.082488536834717
0.79,0.86,0.4,0.67,1.1,0.95,0.1,0.44,0.11,22092,22.082488536834717
0.79,0.86,0.4,0.68,1.1,0.95,0.09,0.44,0.11,21781,22.08578634262085
0.79,0.86,0.4,0.67,1.09,0.95,0.09,0.44,0.11,21824,22.090365171432495
0.78,0.86,0.4,0.67,1.1,0.95,0.09,0.45,0.11,22263,22.09424376487732
0.79,0.86,0.4,0.67,1.1,0.96,0.09,0.44,0.11,21948,22.09524965286255
0.79,0.86,0.4,0.67,1.1,0.96,0.1,0.44,0.11,22087,22.098440170288086
0.79,0.86,0.4,0.67,1.1,0.95,0.1,0.44,0.11,22094,22.1032977104187
0.79,0.86,0.4,0.68,1.1,0.95,0.1,0.44,0.11,21563,22.107295989990234
0.79,0.87,0.4,0.67,1.1,0.95,0.09,0.45,0.11,21806,22.110262393951416
0.79,0.86,0.4,0.67,1.1,0.96,0.09,0.44,0.11,22023,22.110262393951416
0.79,0.86,0.4,0.67,1.1,0.96,0.09,0.44,0.11,22010,22.114285707473755
0.79,0.86,0.4,0.67,1.1,0.95,0.1,0.44,0.11,21673,22.118488550186157
0.8,0.86,0.4,0.67,1.1,0.95,0.1,0.44,0.12,21886,22.12248969078064
0.79,0.86,0.4,0.67,1.1,0.95,0.09,0.44,0.11,21997,22.12349247932434
0.79,0.86,0.41,0.67,1.1,0.95,0.09,0.45,0.11,22318,22.126490354537964
0.79,0.86,0.41,0.67,1.1,0.95,0.1,0.45,0.11,22521,22.131568431854248
0.8,0.86,0.4,0.67,1.11,0.95,0.09,0.45,0.11,22432,22.134699821472168
0.79,0.86,0.4,0.67,1.11,0.95,0.09,0.45,0.11,22187,22.135729551315308
0.79,0.86,0.41,0.66,1.11,0.93,0.09,0.45,0.11,22112,22.138941764831543
0.8,0.86,0.41,0.67,1.1,0.94,0.09,0.44,0.12,21781,22.143965482711792
0.79,0.86,0.4,0.67,1.1,0.94,0.09,0.45,0.11,21808,22.147069931030273
0.8,0.86,0.41,0.67,1.1,0.93,0.09,0.45,0.11,22139,22.148083448410034
0.79,0.86,0.42,0.67,1.1,0.93,0.1,0.45,0.11,22392,22.15106987953186
0.79,0.86,0.41,0.67,1.11,0.94,0.1,0.45,0.11,22363,22.15603804588318
0.79,0.86,0.41,0.67,1.1,0.93,0.1,0.45,0.11,22006,22.159037351608276
0.79,0.86,0.41,0.67,1.1,0.93,0.1,0.45,0.11,22451,22.16014266014099
0.79,0.86,0.41,0.67,1.1,0.93,0.09,0.44,0.12,22432,22.163312673568726
0.79,0.86,0.41,0.67,1.1,0.94,0.09,0.45,0.11,22101,22.16837167739868
0.8,0.86,0.41,0.67,1.1,0.94,0.1,0.45,0.11,22288,22.17163896560669
0.79,0.86,0.41,0.67,1.1,0.94,0.09,0.44,0.12,22067,22.172669887542725
0.8,0.86,0.4,0.67,1.1,0.93,0.1,0.44,0.12,21592,22.17592144012451
0.8,0.86,0.41,0.66,1.1,0.93,0.1,0.45,0.11,22079,22.179996728897095
0.79,0.86,0.41,0.67,1.1,0.93,0.1,0.45,0.12,22102,22.183993577957153
0.8,0.86,0.4,0.66,1.11,0.93,0.09,0.44,0.12,21819,22.18498992919922
0.8,0.86,0.41,0.66,1.11,0.93,0.09,0.44,0.11,22272,22.187992811203003
0.8,0.86,0.4,0.66,1.11,0.93,0.09,0.44,0.11,22123,22.19199228286743
0.8,0.86,0.41,0.67,1.1,0.93,0.09,0.45,0.12,22146,22.196819305419922
0.79,0.86,0.41,0.67,1.1,0.93,0.1,0.45,0.12,22201,22.199831008911133
0.79,0.86,0.41,0.67,1.1,0.93,0.1,0.45,0.12,22092,22.20082974433899
0.8,0.86,0.41,0.66,1.11,0.93,0.09,0.44,0.12,22111,22.204249382019043
0.79,0.85,0.41,0.67,1.1,0.93,0.1,0.44,0.11,21526,22.20926785469055
0.79,0.85,0.41,0.67,1.11,0.93,0.1,0.45,0.12,21593,22.212438344955444
0.79,0.86,0.41,0.66,1.11,0.93,0.1,0.45,0.12,21872,22.213439464569092
0.79,0.86,0.41,0.67,1.11,0.93,0.1,0.44,0.12,22031,22.216736793518066
0.79,0.86,0.41,0.66,1.11,0.93,0.09,0.45,0.11,22258,22.220735549926758
0.79,0.86,0.41,0.66,1.1,0.94,0.09,0.45,0.12,22613,22.224871397018433
0.79,0.86,0.41,0.67,1.1,0.94,0.1,0.45,0.12,22066,22.224871397018433
0.8,0.86,0.41,0.67,1.1,0.94,0.09,0.45,0.12,21961,22.228941440582275
0.79,0.86,0.41,0.67,1.1,0.94,0.09,0.45,0.12,21874,22.234012126922607
0.79,0.86,0.41,0.67,1.1,0.94,0.1,0.45,0.12,22101,22.237032413482666
0.8,0.86,0.41,0.67,1.1,0.94,0.1,0.45,0.12,21958,22.238032341003418
0.79,0.86,0.41,0.67,1.1,0.94,0.1,0.45,0.12,22005,22.24200201034546
0.79,0.86,0.4,0.68,1.1,0.94,0.09,0.45,0.12,21976,22.246000289916992
0.79,0.86,0.41,0.67,1.1,0.94,0.1,0.45,0.12,21857,22.250386714935303
0.79,0.86,0.41,0.67,1.1,0.93,0.1,0.45,0.12,21648,22.250386714935303
0.8,0.86,0.41,0.67,1.1,0.94,0.09,0.45,0.12,21651,22.253323078155518
0.8,0.86,0.41,0.67,1.1,0.93,0.1,0.45,0.12,22058,22.25838851928711
0.79,0.86,0.41,0.67,1.1,0.94,0.09,0.45,0.12,21993,22.262362957000732
0.79,0.86,0.41,0.67,1.1,0.93,0.1,0.45,0.12,21768,22.262362957000732
0.79,0.87,0.41,0.67,1.1,0.93,0.09,0.45,0.11,21981,22.265599727630615
0.8,0.86,0.41,0.67,1.1,0.94,0.1,0.45,0.12,22212,22.270560026168823
0.8,0.86,0.41,0.67,1.1,0.94,0.09,0.44,0.11,22181,22.27456521987915
0.79,0.86,0.41,0.67,1.1,0.94,0.1,0.45,0.11,22306,22.277573347091675
0.8,0.86,0.41,0.67,1.1,0.94,0.1,0.45,0.11,22373,22.278566122055054
0.8,0.86,0.41,0.67,1.11,0.94,0.1,0.45,0.11,22256,22.282575845718384
0.8,0.86,0.41,0.67,1.1,0.94,0.1,0.45,0.11,22291,22.286784887313843
0.79,0.86,0.41,0.67,1.11,0.93,0.1,0.45,0.12,22378,22.290818691253662
0.79,0.86,0.41,0.67,1.11,0.94,0.09,0.45,0.12,22265,22.291244745254517
0.79,0.86,0.41,0.67,1.1,0.94,0.09,0.45,0.12,22420,22.2947678565979
0.8,0.86,0.41,0.68,1.1,0.94,0.09,0.45,0.12,22601,22.29854393005371
0.79,0.86,0.41,0.68,1.1,0.93,0.09,0.45,0.11,22304,22.30281162261963
0.8,0.87,0.41,0.67,1.1,0.94,0.09,0.45,0.11,22111,22.30281162261963
0.79,0.87,0.41,0.67,1.1,0.94,0.09,0.45,0.11,22014,22.306971073150635
0.8,0.86,0.41,0.67,1.11,0.94,0.09,0.45,0.11,22339,22.31096887588501
0.8,0.87,0.41,0.67,1.1,0.95,0.09,0.45,0.11,22438,22.314963817596436
0.79,0.87,0.41,0.68,1.11,0.95,0.09,0.45,0.12,22187,22.314963817596436
0.8,0.86,0.41,0.67,1.11,0.95,0.09,0.45,0.11,22004,22.318968296051025
0.8,0.86,0.41,0.67,1.11,0.95,0.09,0.45,0.12,22023,22.322968006134033
0.8,0.86,0.41,0.67,1.11,0.95,0.1,0.45,0.12,22108,22.327123165130615
0.79,0.86,0.41,0.67,1.11,0.95,0.1,0.45,0.11,22033,22.32818841934204
0.8,0.86,0.42,0.67,1.11,0.95,0.09,0.45,0.11,21870,22.33117175102234
0.8,0.86,0.41,0.67,1.11,0.95,0.09,0.46,0.12,22269,22.33546495437622
0.8,0.87,0.41,0.67,1.1,0.95,0.08,0.46,0.12,22348,22.339693546295166
0.8,0.87,0.41,0.67,1.11,0.95,0.09,0.45,0.12,22175,22.34072780609131
0.8,0.86,0.41,0.68,1.11,0.95,0.1,0.45,0.12,22176,22.34360957145691
0.8,0.86,0.41,0.67,1.11,0.95,0.1,0.46,0.12,22017,22.347609519958496
0.79,0.86,0.41,0.67,1.11,0.95,0.09,0.46,0.12,22042,22.352206230163574
0.8,0.86,0.41,0.68,1.1,0.95,0.09,0.45,0.12,22139,22.35636615753174
0.8,0.86,0.41,0.67,1.11,0.95,0.09,0.45,0.12,22294,22.35636615753174
0.79,0.86,0.41,0.67,1.11,0.95,0.1,0.45,0.12,22265,22.361268520355225
0.79,0.86,0.41,0.67,1.1,0.95,0.1,0.45,0.12,21746,22.36406111717224
0.8,0.86,0.41,0.67,1.11,0.95,0.1,0.45,0.12,21739,22.36838984489441
0.79,0.86,0.41,0.67,1.11,0.95,0.09,0.46,0.12,21860,22.36912250518799
0.79,0.86,0.41,0.67,1.11,0.95,0.09,0.45,0.12,22125,22.372512340545654
0.79,0.87,0.41,0.67,1.11,0.95,0.1,0.45,0.12,22624,22.377556562423706
0.8,0.86,0.41,0.67,1.11,0.95,0.09,0.46,0.12,22409,22.380862712860107
0.79,0.86,0.41,0.67,1.11,0.95,0.09,0.46,0.12,21852,22.381913900375366
0.79,0.86,0.41,0.67,1.11,0.95,0.09,0.45,0.12,21715,22.384911060333252
0.8,0.86,0.41,0.67,1.11,0.95,0.1,0.45,0.12,21750,22.388904094696045
0.79,0.86,0.41,0.67,1.11,0.95,0.09,0.45,0.12,21933,22.392902851104736
0.79,0.86,0.41,0.67,1.1,0.95,0.09,0.45,0.12,21872,22.39389944076538
0.79,0.86,0.41,0.67,1.11,0.95,0.09,0.45,0.12,22295,22.39712929725647
0.8,0.86,0.41,0.67,1.1,0.95,0.09,0.46,0.12,22506,22.401017427444458
0.79,0.86,0.41,0.68,1.11,0.95,0.1,0.45,0.12,21923,22.405141592025757
0.78,0.86,0.41,0.67,1.11,0.95,0.1,0.45,0.12,21960,22.4061439037323
0.79,0.86,0.41,0.67,1.11,0.95,0.1,0.45,0.12,21731,22.409146547317505
0.79,0.86,0.41,0.67,1.1,0.95,0.1,0.45,0.12,21970,22.413416862487793
0.79,0.86,0.4,0.67,1.11,0.95,0.1,0.45,0.12,21823,22.417415857315063
0.78,0.86,0.41,0.68,1.1,0.95,0.1,0.45,0.11,22040,22.418625116348267
0.78,0.86,0.41,0.67,1.11,0.96,0.09,0.45,0.12,22279,22.42168927192688
0.79,0.86,0.4,0.68,1.11,0.96,0.1,0.46,0.11,22378,22.425440311431885
0.78,0.86,0.4,0.66,1.11,0.96,0.09,0.45,0.11,22083,22.4295392036438
0.78,0.85,0.41,0.67,1.11,0.95,0.09,0.45,0.12,22086,22.43357276916504
0.78,0.86,0.4,0.67,1.1,0.96,0.09,0.45,0.12,21843,22.434650421142578
0.79,0.85,0.41,0.67,1.11,0.95,0.09,0.45,0.12,21788,22.437675714492798
0.79,0.86,0.41,0.67,1.11,0.96,0.09,0.45,0.12,21863,22.442673444747925
0.79,0.86,0.4,0.68,1.11,0.96,0.1,0.45,0.12,22112,22.44604229927063
0.79,0.86,0.41,0.67,1.11,0.96,0.09,0.45,0.12,22317,22.447071075439453
0.79,0.86,0.4,0.68,1.11,0.95,0.09,0.45,0.12,21948,22.450093746185303
0.79,0.85,0.4,0.67,1.1,0.96,0.09,0.46,0.12,21495,22.455111026763916
0.79,0.86,0.4,0.67,1.11,0.95,0.09,0.46,0.12,22014,22.458176612854004
0.79,0.86,0.41,0.67,1.1,0.96,0.09,0.45,0.12,22385,22.459214687347412
0.79,0.86,0.4,0.68,1.11,0.96,0.09,0.45,0.12,22312,22.46321415901184
0.79,0.86,0.41,0.67,1.1,0.95,0.1,0.46,0.12,22001,22.466240882873535
0.79,0.86,0.41,0.67,1.11,0.96,0.1,0.46,0.11,21556,22.47020697593689
0.79,0.86,0.41,0.67,1.1,0.96,0.1,0.46,0.12,21697,22.471205472946167
0.79,0.86,0.41,0.67,1.1,0.96,0.09,0.46,0.12,21988,22.47521138191223
0.79,0.86,0.41,0.68,1.1,0.95,0.09,0.46,0.12,21593,22.479295015335083
0.79,0.86,0.4,0.67,1.1,0.95,0.09,0.46,0.12,21528,22.48344874382019
0.79,0.86,0.4,0.67,1.1,0.95,0.09,0.46,0.12,22169,22.48398780822754
0.79,0.86,0.41,0.67,1.1,0.96,0.09,0.46,0.12,22378,22.488032579421997
0.79,0.86,0.4,0.68,1.1,0.96,0.09,0.45,0.12,22225,22.492212295532227
0.79,0.86,0.4,0.67,1.11,0.96,0.09,0.46,0.11,21776,22.49614453315735
0.79,0.86,0.41,0.67,1.11,0.96,0.1,0.46,0.12,21763,22.499455451965332
0.79,0.86,0.4,0.67,1.1,0.96,0.09,0.46,0.12,21960,22.50042414665222
0.78,0.86,0.41,0.67,1.11,0.96,0.09,0.46,0.11,21991,22.504424333572388
0.78,0.86,0.41,0.68,1.11,0.95,0.09,0.46,0.12,21972,22.508424520492554
0.78,0.86,0.4,0.68,1.11,0.95,0.08,0.46,0.12,22021,22.51168966293335
0.79,0.86,0.41,0.68,1.11,0.95,0.09,0.46,0.12,21682,22.512742042541504
0.79,0.86,0.4,0.67,1.1,0.96,0.09,0.46,0.12,21783,22.516292095184326
0.79,0.86,0.4,0.67,1.11,0.96,0.09,0.46,0.12,22418,22.520544290542603
0.78,0.86,0.4,0.67,1.11,0.96,0.1,0.46,0.12,22059,22.523810863494873
0.78,0.86,0.4,0.67,1.1,0.95,0.09,0.46,0.11,21854,22.523810863494873
0.78,0.86,0.41,0.67,1.11,0.95,0.1,0.46,0.12,22307,22.529221296310425
0.78,0.86,0.41,0.68,1.1,0.95,0.09,0.46,0.12,22290,22.532195568084717
0.79,0.86,0.41,0.68,1.1,0.95,0.09,0.46,0.12,21453,22.536200761795044
0.78,0.86,0.41,0.68,1.11,0.96,0.09,0.46,0.12,21338,22.537195920944214
0.78,0.86,0.41,0.67,1.11,0.96,0.09,0.46,0.12,21883,22.54122042655945
0.79,0.86,0.41,0.68,1.11,0.96,0.09,0.46,0.12,21868,22.545220136642456
0.78,0.85,0.41,0.68,1.11,0.96,0.09,0.46,0.12,21501,22.549198627471924
0.78,0.85,0.4,0.68,1.11,0.96,0.09,0.46,0.12,21666,22.549198627471924
0.78,0.85,0.4,0.68,1.11,0.96,0.09,0.46,0.12,21809,22.552974462509155
0.78,0.86,0.41,0.68,1.11,0.96,0.09,0.46,0.11,22416,22.557166576385498
0.78,0.86,0.41,0.68,1.11,0.96,0.09,0.46,0.12,22245,22.561390161514282
0.78,0.85,0.41,0.67,1.11,0.95,0.1,0.46,0.11,21862,22.56474256515503
0.78,0.85,0.41,0.67,1.11,0.95,0.09,0.46,0.12,21697,22.56474256515503
0.79,0.85,0.41,0.68,1.11,0.95,0.09,0.46,0.12,21562,22.568946838378906
0.79,0.86,0.41,0.68,1.11,0.95,0.09,0.46,0.12,21601,22.572933197021484
0.78,0.86,0.41,0.67,1.11,0.96,0.1,0.46,0.12,21930,22.576930046081543
0.79,0.86,0.41,0.67,1.11,0.95,0.09,0.46,0.12,22527,22.577934741973877
0.78,0.86,0.41,0.67,1.11,0.96,0.1,0.46,0.12,22220,22.581077098846436
0.78,0.85,0.41,0.67,1.12,0.96,0.1,0.46,0.12,21817,22.586082458496094
0.78,0.86,0.41,0.67,1.11,0.95,0.1,0.45,0.11,22172,22.58941960334778
0.78,0.86,0.41,0.67,1.11,0.95,0.1,0.46,0.12,21945,22.590057849884033
0.78,0.85,0.41,0.67,1.11,0.95,0.1,0.46,0.12,21760,22.594130039215088
0.78,0.85,0.41,0.67,1.11,0.95,0.1,0.45,0.12,21745,22.597835302352905
0.78,0.85,0.41,0.67,1.11,0.95,0.1,0.45,0.12,21872,22.601137399673462
0.78,0.86,0.41,0.68,1.11,0.96,0.1,0.46,0.12,22169,22.602134227752686
0.78,0.86,0.41,0.67,1.11,0.96,0.09,0.46,0.11,22224,22.606138229370117
0.79,0.86,0.41,0.67,1.12,0.96,0.1,0.46,0.12,22137,22.610138654708862
0.79,0.86,0.41,0.68,1.11,0.95,0.1,0.46,0.12,21772,22.614137887954712
0.79,0.85,0.41,0.67,1.11,0.95,0.1,0.46,0.12,21893,22.61513924598694
0.79,0.86,0.41,0.67,1.11,0.95,0.1,0.46,0.12,21896,22.61836051940918
0.79,0.86,0.41,0.67,1.11,0.96,0.1,0.46,0.12,21895,22.62218141555786
0.79,0.86,0.41,0.67,1.11,0.96,0.1,0.46,0.12,21786,22.626317501068115
0.79,0.86,0.4,0.68,1.11,0.96,0.1,0.46,0.12,21937,22.630348205566406
0.79,0.85,0.4,0.67,1.11,0.96,0.1,0.46,0.12,21970,22.630348205566406
0.79,0.85,0.4,0.67,1.11,0.96,0.1,0.46,0.12,21781,22.634460926055908
0.78,0.86,0.41,0.67,1.11,0.96,0.09,0.45,0.12,21650,22.638696432113647
0.79,0.85,0.4,0.67,1.11,0.96,0.09,0.45,0.12,21827,22.642690896987915
0.78,0.86,0.4,0.67,1.1,0.96,0.1,0.45,0.12,22042,22.642690896987915
0.78,0.86,0.4,0.68,1.1,0.96,0.09,0.46,0.12,22037,22.646703004837036
0.79,0.86,0.41,0.68,1.1,0.96,0.1,0.46,0.12,22120,22.650880575180054
0.78,0.86,0.41,0.68,1.1,0.96,0.1,0.45,0.12,21919,22.65520668029785
0.79,0.86,0.41,0.67,1.1,0.95,0.1,0.46,0.12,21982,22.65520668029785
0.78,0.86,0.41,0.67,1.11,0.96,0.1,0.46,0.12,21985,22.65889835357666
0.78,0.86,0.41,0.68,1.11,0.95,0.1,0.46,0.12,21788,22.663501977920532
0.78,0.86,0.41,0.67,1.1,0.96,0.09,0.46,0.12,21649,22.66750454902649
0.77,0.86,0.41,0.68,1.11,0.96,0.09,0.46,0.12,21896,22.66750454902649
0.78,0.86,0.4,0.68,1.1,0.96,0.09,0.46,0.12,21775,22.671504974365234
0.78,0.86,0.4,0.68,1.11,0.95,0.09,0.46,0.12,21484,22.67557406425476
0.78,0.86,0.41,0.67,1.1,0.95,0.09,0.46,0.12,22169,22.679783821105957
0.78,0.86,0.4,0.67,1.11,0.95,0.1,0.46,0.12,22114,22.680851936340332
0.77,0.86,0.4,0.67,1.11,0.96,0.09,0.45,0.12,21761,22.684170722961426
0.78,0.86,0.41,0.67,1.11,0.95,0.09,0.45,0.12,21578,22.688562393188477
0.78,0.86,0.4,0.68,1.11,0.95,0.09,0.45,0.12,21659,22.69256043434143
0.78,0.86,0.4,0.67,1.11,0.95,0.09,0.45,0.12,22094,22.69256043434143
0.78,0.86,0.4,0.68,1.1,0.96,0.09,0.46,0.12,22317,22.69637680053711
0.78,0.86,0.4,0.67,1.11,0.95,0.09,0.46,0.12,22394,22.70037603378296
0.78,0.86,0.4,0.68,1.11,0.95,0.09,0.46,0.12,22469,22.704734563827515
0.78,0.86,0.4,0.68,1.11,0.95,0.09,0.46,0.12,22250,22.70809245109558
0.78,0.86,0.4,0.68,1.11,0.95,0.09,0.46,0.12,21985,22.709162712097168
0.78,0.86,0.4,0.68,1.11,0.95,0.09,0.45,0.11,22216,22.712170600891113
0.78,0.86,0.41,0.68,1.11,0.95,0.09,0.46,0.12,22471,22.71738076210022
0.78,0.86,0.41,0.67,1.11,0.95,0.09,0.46,0.12,22168,22.72085165977478
0.78,0.86,0.41,0.67,1.11,0.95,0.09,0.46,0.12,21983,22.72085165977478
0.78,0.86,0.41,0.68,1.11,0.95,0.09,0.45,0.12,22154,22.725728750228882
0.78,0.86,0.41,0.68,1.11,0.95,0.09,0.45,0.12,21925,22.728889226913452
0.77,0.86,0.41,0.67,1.11,0.96,0.09,0.46,0.12,21714,22.732620239257812
0.78,0.87,0.41,0.68,1.11,0.96,0.09,0.45,0.12,22073,22.733678579330444
0.78,0.86,0.41,0.68,1.11,0.96,0.09,0.46,0.12,22274,22.736776113510132
0.77,0.86,0.41,0.68,1.11,0.95,0.09,0.46,0.12,22007,22.74077010154724
0.78,0.86,0.41,0.68,1.11,0.95,0.1,0.46,0.12,21812,22.744774103164673
0.78,0.87,0.4,0.68,1.11,0.95,0.09,0.45,0.12,21883,22.74576997756958
0.78,0.86,0.41,0.68,1.11,0.95,0.09,0.46,0.12,22140,22.748772859573364
0.78,0.86,0.41,0.68,1.11,0.95,0.1,0.45,0.12,21809,22.75322461128235
0.78,0.86,0.41,0.68,1.11,0.95,0.09,0.46,0.12,21844,22.756841897964478
0.78,0.86,0.41,0.68,1.11,0.95,0.09,0.46,0.12,22013,22.757872104644775
0.78,0.86,0.41,0.67,1.11,0.95,0.09,0.46,0.12,21988,22.760934352874756
0.78,0.86,0.41,0.67,1.11,0.95,0.09,0.46,0.12,21795,22.766122817993164
0.78,0.86,0.41,0.67,1.11,0.95,0.09,0.46,0.12,21954,22.7701473236084
0.78,0.86,0.41,0.68,1.11,0.96,0.09,0.46,0.12,21815,22.773552417755127
0.78,0.86,0.41,0.67,1.11,0.95,0.1,0.46,0.12,22384,22.77427911758423
0.78,0.86,0.41,0.67,1.11,0.96,0.1,0.45,0.12,22323,22.778279066085815
0.78,0.86,0.41,0.68,1.11,0.96,0.09,0.46,0.12,22026,22.7823965549469
0.78,0.86,0.41,0.67,1.11,0.95,0.08,0.46,0.12,22625,22.78585147857666
0.78,0.86,0.41,0.68,1.11,0.95,0.1,0.45,0.12,22246,22.78691840171814
0.78,0.86,0.41,0.68,1.11,0.95,0.09,0.46,0.12,21569,22.79069232940674
0.78,0.86,0.41,0.68,1.11,0.95,0.09,0.45,0.12,21954,22.794795513153076
0.78,0.86,0.41,0.68,1.11,0.95,0.09,0.45,0.12,21987,22.798757553100586
0.78,0.86,0.42,0.68,1.11,0.95,0.09,0.46,0.12,21714,22.799744844436646
0.78,0.86,0.42,0.68,1.11,0.95,0.09,0.45,0.12,21767,22.802755117416382
0.77,0.86,0.42,0.68,1.11,0.95,0.09,0.45,0.12,21952,22.806909799575806
0.78,0.86,0.42,0.68,1.11,0.95,0.09,0.45,0.12,22029,22.810842514038086
0.77,0.86,0.41,0.68,1.12,0.95,0.1,0.45,0.12,22210,22.81174612045288
0.77,0.86,0.41,0.68,1.12,0.95,0.09,0.45,0.12,22277,22.815266370773315
0.77,0.86,0.41,0.68,1.11,0.95,0.09,0.45,0.12,21940,22.819336414337158
0.78,0.86,0.42,0.68,1.11,0.95,0.09,0.45,0.12,21971,22.823322057724
0.78,0.86,0.41,0.68,1.11,0.95,0.09,0.45,0.12,22132,22.8243465423584
0.78,0.86,0.41,0.68,1.11,0.95,0.1,0.45,0.12,22467,22.826886892318726
0.78,0.86,0.41,0.68,1.12,0.95,0.09,0.45,0.12,22244,22.831688404083252
0.78,0.86,0.41,0.68,1.11,0.95,0.09,0.45,0.12,21813,22.835087776184082
0.78,0.86,0.41,0.68,1.11,0.95,0.09,0.46,0.12,21532,22.836073637008667
0.78,0.86,0.41,0.68,1.11,0.95,0.09,0.45,0.12,21739,22.840115785598755
0.78,0.86,0.41,0.68,1.11,0.95,0.09,0.45,0.12,21996,22.844091176986694
0.78,0.86,0.41,0.68,1.11,0.95,0.09,0.45,0.12,22213,22.848094940185547
0.78,0.86,0.41,0.67,1.11,0.95,0.09,0.46,0.12,21516,22.851447105407715
0.77,0.86,0.41,0.68,1.11,0.95,0.09,0.45,0.12,21607,22.852511644363403
0.78,0.86,0.41,0.68,1.11,0.95,0.09,0.45,0.12,21900,22.855401277542114
0.78,0.86,0.42,0.68,1.11,0.95,0.09,0.45,0.12,21701,22.86058235168457
0.78,0.86,0.41,0.67,1.11,0.95,0.09,0.46,0.12,21734,22.863321781158447
0.78,0.86,0.41,0.67,1.11,0.95,0.09,0.45,0.12,22231,22.86436128616333
0.78,0.86,0.41,0.68,1.11,0.96,0.09,0.45,0.12,22278,22.868452310562134
0.78,0.86,0.41,0.67,1.11,0.95,0.09,0.45,0.12,22093,22.87191104888916
0.79,0.85,0.41,0.68,1.12,0.95,0.09,0.45,0.12,21998,22.876025676727295
0.78,0.86,0.41,0.67,1.11,0.95,0.09,0.45,0.12,21825,22.87699294090271
0.78,0.86,0.41,0.68,1.12,0.95,0.09,0.45,0.12,21826,22.880110502243042
0.78,0.86,0.41,0.68,1.11,0.95,0.09,0.45,0.12,21745,22.885079383850098
0.78,0.85,0.41,0.68,1.12,0.95,0.09,0.45,0.12,21850,22.889081716537476
0.78,0.86,0.41,0.68,1.11,0.95,0.09,0.46,0.12,22033,22.889081716537476
0.78,0.85,0.41,0.68,1.11,0.96,0.09,0.45,0.12,22018,22.893319368362427
0.78,0.85,0.41,0.68,1.12,0.96,0.09,0.45,0.12,21785,22.896878242492676
0.78,0.85,0.41,0.68,1.12,0.95,0.09,0.45,0.12,22016,22.90060782432556
0.78,0.86,0.41,0.68,1.12,0.95,0.09,0.45,0.12,21817,22.90164041519165
0.78,0.85,0.41,0.68,1.12,0.95,0.09,0.45,0.12,21882,22.90504789352417
0.78,0.85,0.41,0.68,1.12,0.95,0.09,0.45,0.12,22449,22.90903401374817
0.78,0.85,0.42,0.68,1.12,0.95,0.09,0.45,0.12,22448,22.913553714752197
0.78,0.85,0.41,0.68,1.12,0.95,0.1,0.45,0.12,22065,22.91682720184326
0.78,0.85,0.41,0.69,1.12,0.96,0.1,0.45,0.12,22146,22.917553901672363
0.78,0.85,0.41,0.69,1.11,0.95,0.09,0.45,0.12,22261,22.921539068222046
0.78,0.85,0.41,0.68,1.12,0.95,0.09,0.45,0.12,21990,22.925862312316895
0.78,0.85,0.42,0.68,1.12,0.95,0.09,0.45,0.12,21753,22.929566860198975
0.78,0.85,0.42,0.68,1.12,0.95,0.09,0.45,0.12,22154,22.930641412734985
0.78,0.85,0.42,0.68,1.12,0.95,0.09,0.45,0.12,22317,22.93392515182495
0.78,0.85,0.42,0.68,1.12,0.96,0.09,0.46,0.12,21838,22.937581539154053
0.78,0.85,0.42,0.68,1.12,0.96,0.09,0.45,0.12,21733,22.941949367523193
0.78,0.85,0.42,0.68,1.13,0.95,0.1,0.45,0.12,21768,22.941949367523193
0.78,0.85,0.42,0.68,1.12,0.96,0.09,0.45,0.12,21733,22.94607663154602
0.78,0.85,0.42,0.68,1.12,0.96,0.09,0.45,0.12,22054,22.95033025741577
0.78,0.85,0.42,0.68,1.12,0.95,0.09,0.45,0.12,22087,22.954333782196045
0.78,0.85,0.41,0.68,1.12,0.96,0.1,0.45,0.12,22268,22.954333782196045
0.78,0.85,0.41,0.68,1.12,0.96,0.09,0.45,0.12,21825,22.957916259765625
0.79,0.85,0.41,0.68,1.12,0.95,0.09,0.45,0.12,21808,22.962614059448242
0.78,0.85,0.42,0.68,1.12,0.95,0.09,0.45,0.12,21919,22.965959548950195
0.79,0.85,0.42,0.67,1.12,0.95,0.09,0.45,0.12,21850,22.96696400642395
0.78,0.85,0.41,0.68,1.12,0.95,0.09,0.45,0.12,22081,22.970963716506958
0.78,0.85,0.42,0.68,1.12,0.95,0.09,0.45,0.12,22010,22.974964141845703
0.78,0.85,0.42,0.68,1.12,0.95,0.09,0.45,0.12,22111,22.979103565216064
0.78,0.85,0.41,0.68,1.12,0.96,0.09,0.45,0.12,21794,22.982572078704834
0.79,0.85,0.41,0.68,1.12,0.95,0.1,0.45,0.12,21655,22.982572078704834
0.78,0.85,0.41,0.68,1.12,0.96,0.1,0.45,0.12,21926,22.986636877059937
0.78,0.85,0.42,0.68,1.12,0.96,0.09,0.45,0.12,22309,22.99095582962036
0.78,0.85,0.42,0.68,1.12,0.96,0.1,0.45,0.12,22576,22.99496054649353
0.78,0.85,0.42,0.68,1.12,0.96,0.1,0.45,0.12,22159,22.995473623275757
0.79,0.85,0.41,0.68,1.12,0.96,0.09,0.45,0.12,22126,22.999486684799194
0.79,0.85,0.42,0.68,1.12,0.96,0.1,0.45,0.12,22371,23.00313687324524
0.79,0.85,0.42,0.68,1.12,0.95,0.09,0.45,0.13,21974,23.007525205612183
0.79,0.85,0.42,0.68,1.11,0.95,0.09,0.45,0.12,21961,23.008679151535034
0.79,0.85,0.42,0.68,1.11,0.95,0.09,0.45,0.12,22222,23.011715173721313
0.79,0.86,0.42,0.68,1.11,0.96,0.09,0.45,0.12,22233,23.01581358909607
0.79,0.86,0.42,0.68,1.11,0.95,0.09,0.45,0.13,21940,23.019821643829346
0.79,0.85,0.42,0.68,1.12,0.95,0.09,0.45,0.13,21799,23.020812511444092
0.79,0.86,0.42,0.68,1.11,0.96,0.09,0.45,0.12,21842,23.0238196849823
0.79,0.86,0.42,0.68,1.11,0.95,0.09,0.45,0.12,21885,23.02839422225952
0.79,0.85,0.42,0.68,1.12,0.95,0.09,0.45,0.12,22358,23.031770706176758
0.79,0.85,0.42,0.68,1.11,0.95,0.1,0.45,0.12,21851,23.031770706176758
0.8,0.86,0.42,0.68,1.12,0.95,0.09,0.45,0.12,21644,23.036471843719482
0.79,0.86,0.42,0.68,1.11,0.95,0.1,0.45,0.12,21931,23.041381120681763
0.79,0.86,0.42,0.68,1.12,0.95,0.09,0.45,0.12,21984,23.044381141662598
0.79,0.85,0.42,0.68,1.11,0.95,0.09,0.45,0.12,21421,23.04535722732544
0.79,0.85,0.42,0.68,1.11,0.95,0.09,0.45,0.12,21760,23.048381090164185
0.79,0.85,0.41,0.68,1.11,0.95,0.09,0.45,0.12,21905,23.053570985794067
0.79,0.86,0.42,0.68,1.11,0.95,0.09,0.45,0.12,21818,23.057601928710938
0.8,0.86,0.42,0.68,1.12,0.95,0.09,0.45,0.12,21787,23.06061577796936
0.79,0.86,0.42,0.68,1.12,0.95,0.09,0.45,0.12,21810,23.06175684928894
0.8,0.86,0.42,0.68,1.12,0.94,0.1,0.45,0.12,21847,23.06426167488098
0.8,0.86,0.42,0.68,1.11,0.95,0.1,0.45,0.12,21526,23.06813335418701
0.8,0.86,0.42,0.68,1.11,0.95,0.09,0.45,0.12,21855,23.072654724121094
0.8,0.86,0.42,0.67,1.12,0.95,0.09,0.45,0.12,21630,23.073384046554565
0.8,0.86,0.42,0.67,1.11,0.95,0.1,0.45,0.12,21783,23.07645344734192
0.8,0.85,0.42,0.68,1.11,0.95,0.1,0.45,0.12,22128,23.081486463546753
0.8,0.86,0.42,0.68,1.11,0.95,0.1,0.45,0.13,22379,23.08548641204834
0.79,0.86,0.42,0.68,1.12,0.95,0.1,0.46,0.12,22240,23.08548641204834
0.8,0.86,0.42,0.68,1.11,0.95,0.09,0.46,0.12,22045,23.089481353759766
0.8,0.86,0.42,0.67,1.11,0.95,0.1,0.45,0.12,22298,23.093231678009033
0.8,0.85,0.42,0.68,1.11,0.95,0.1,0.45,0.12,22011,23.096955060958862
0.8,0.86,0.42,0.68,1.12,0.95,0.1,0.45,0.12,21516,23.097991704940796
0.8,0.86,0.42,0.67,1.12,0.95,0.1,0.45,0.12,21137,23.10121726989746
0.8,0.86,0.42,0.68,1.12,0.95,0.1,0.45,0.13,21808,23.106305837631226
0.8,0.86,0.42,0.68,1.12,0.95,0.1,0.45,0.12,22009,23.109355926513672
0.79,0.86,0.42,0.68,1.12,0.95,0.1,0.45,0.12,21960,23.110356330871582
0.8,0.86,0.42,0.68,1.12,0.95,0.1,0.45,0.12,22093,23.114363431930542
0.8,0.85,0.42,0.68,1.12,0.95,0.1,0.45,0.12,22402,23.11773371696472
0.8,0.86,0.42,0.68,1.12,0.95,0.1,0.45,0.12,22159,23.122416019439697
0.79,0.85,0.42,0.68,1.12,0.95,0.1,0.45,0.12,21954,23.125507831573486
0.8,0.85,0.42,0.68,1.12,0.95,0.1,0.45,0.12,22085,23.126506805419922
0.8,0.85,0.42,0.68,1.12,0.95,0.1,0.45,0.12,22214,23.12999176979065
0.8,0.85,0.42,0.68,1.12,0.95,0.1,0.45,0.12,22029,23.134199142456055
0.8,0.86,0.42,0.68,1.12,0.95,0.09,0.45,0.12,21896,23.1383957862854
0.8,0.85,0.42,0.68,1.12,0.95,0.1,0.45,0.12,22139,23.1383957862854
0.8,0.85,0.42,0.68,1.12,0.95,0.1,0.45,0.12,21670,23.142394065856934
0.8,0.86,0.42,0.68,1.12,0.95,0.1,0.45,0.12,21953,23.146394968032837
0.8,0.86,0.42,0.68,1.13,0.95,0.1,0.45,0.12,22204,23.150506496429443
0.8,0.86,0.42,0.68,1.12,0.95,0.1,0.45,0.13,22067,23.151505708694458
0.8,0.85,0.42,0.68,1.12,0.95,0.1,0.45,0.13,21996,23.15556311607361
0.8,0.85,0.42,0.68,1.12,0.95,0.1,0.45,0.12,22247,23.15873670578003
0.8,0.85,0.42,0.68,1.12,0.95,0.1,0.45,0.12,22180,23.162818670272827
0.8,0.85,0.42,0.68,1.12,0.95,0.1,0.45,0.12,21695,23.16382074356079
0.79,0.85,0.42,0.68,1.12,0.95,0.1,0.45,0.13,21570,23.166820764541626
0.79,0.85,0.42,0.68,1.12,0.95,0.1,0.45,0.12,21767,23.170820474624634
0.8,0.85,0.42,0.68,1.12,0.95,0.1,0.45,0.12,22138,23.17482018470764
0.8,0.86,0.42,0.68,1.12,0.95,0.09,0.45,0.12,22325,23.175816774368286
0.8,0.86,0.42,0.68,1.12,0.95,0.1,0.45,0.12,22002,23.178826093673706
0.79,0.86,0.42,0.68,1.13,0.95,0.1,0.45,0.12,21831,23.183269262313843
0.8,0.85,0.42,0.68,1.12,0.95,0.1,0.45,0.12,21852,23.18725085258484
0.79,0.85,0.42,0.68,1.13,0.95,0.1,0.45,0.12,21867,23.188292503356934
0.79,0.85,0.42,0.68,1.12,0.95,0.1,0.45,0.12,21606,23.192283630371094
0.79,0.86,0.42,0.68,1.12,0.95,0.1,0.45,0.12,21591,23.19639229774475
0.8,0.86,0.42,0.68,1.12,0.95,0.1,0.45,0.12,22044,23.200392961502075
0.79,0.85,0.42,0.68,1.12,0.95,0.09,0.45,0.13,21831,23.200392961502075
0.79,0.85,0.42,0.68,1.12,0.95,0.1,0.46,0.13,21614,23.203673839569092
0.8,0.86,0.42,0.68,1.12,0.95,0.1,0.45,0.13,21495,23.207778453826904
0.8,0.86,0.42,0.69,1.12,0.95,0.1,0.45,0.13,21382,23.211793661117554
0.8,0.85,0.42,0.68,1.12,0.95,0.1,0.44,0.12,21923,23.21595311164856
0.8,0.85,0.42,0.68,1.12,0.96,0.09,0.45,0.12,22416,23.21595311164856
0.8,0.86,0.42,0.68,1.12,0.95,0.1,0.45,0.12,22613,23.220932245254517
0.8,0.85,0.42,0.68,1.12,0.95,0.1,0.45,0.13,22266,23.224952697753906
0.79,0.86,0.42,0.68,1.12,0.95,0.1,0.45,0.12,22273,23.228229522705078
0.79,0.86,0.42,0.68,1.12,0.95,0.1,0.45,0.13,22634,23.22893238067627
0.79,0.86,0.42,0.68,1.12,0.95,0.1,0.45,0.12,22485,23.23367428779602
0.8,0.86,0.42,0.68,1.11,0.96,0.1,0.45,0.12,22608,23.23649001121521
0.8,0.86,0.42,0.68,1.12,0.95,0.1,0.45,0.13,22349,23.240962028503418
0.79,0.86,0.41,0.68,1.12,0.95,0.1,0.45,0.13,21810,23.240962028503418
0.79,0.86,0.41,0.68,1.11,0.95,0.1,0.46,0.13,21519,23.245376110076904
0.79,0.86,0.42,0.69,1.12,0.95,0.1,0.46,0.12,21544,23.249422311782837
0.79,0.85,0.42,0.68,1.12,0.95,0.1,0.45,0.12,21847,23.25356411933899
0.79,0.86,0.41,0.68,1.11,0.95,0.1,0.45,0.12,21728,23.254413604736328
0.79,0.86,0.41,0.68,1.11,0.95,0.1,0.46,0.13,21603,23.257428884506226
0.79,0.86,0.42,0.68,1.11,0.95,0.1,0.45,0.13,21834,23.2624294757843
0.79,0.85,0.42,0.68,1.11,0.95,0.1,0.46,0.13,22191,23.26585292816162
0.79,0.86,0.42,0.68,1.12,0.96,0.1,0.45,0.13,21898,23.2668297290802
0.8,0.85,0.41,0.69,1.11,0.95,0.1,0.46,0.13,21703,23.270576000213623
0.8,0.86,0.41,0.68,1.12,0.95,0.1,0.45,0.12,21464,23.273544311523438
0.79,0.86,0.42,0.69,1.12,0.95,0.1,0.46,0.13,21387,23.277873516082764
0.79,0.86,0.42,0.68,1.12,0.95,0.1,0.46,0.13,21738,23.279019117355347
0.8,0.86,0.42,0.68,1.12,0.95,0.1,0.46,0.13,21745,23.28247094154358
0.8,0.86,0.41,0.68,1.12,0.95,0.1,0.45,0.13,21918,23.286463737487793
0.79,0.86,0.42,0.69,1.11,0.96,0.1,0.45,0.12,21799,23.290318489074707
0.79,0.86,0.42,0.68,1.11,0.95,0.1,0.45,0.12,21766,23.293639421463013
0.79,0.86,0.42,0.69,1.11,0.95,0.1,0.45,0.13,21781,23.293639421463013
0.79,0.86,0.42,0.68,1.12,0.95,0.1,0.45,0.13,21684,23.298306941986084
0.79,0.86,0.42,0.68,1.12,0.95,0.1,0.45,0.13,21787,23.303307056427002
0.79,0.85,0.42,0.69,1.11,0.95,0.1,0.45,0.13,22080,23.306486129760742
0.8,0.85,0.42,0.68,1.12,0.95,0.1,0.45,0.13,22053,23.30730700492859
0.8,0.86,0.42,0.68,1.12,0.95,0.1,0.46,0.13,21766,23.3102765083313
0.79,0.86,0.42,0.68,1.12,0.95,0.1,0.46,0.13,21951,23.314351558685303
0.79,0.86,0.42,0.68,1.12,0.95,0.1,0.46,0.12,22120,23.318631172180176
0.79,0.86,0.42,0.68,1.12,0.95,0.1,0.46,0.13,21435,23.31962513923645
0.79,0.86,0.42,0.68,1.12,0.95,0.1,0.46,0.13,21446,23.32262873649597
0.79,0.86,0.42,0.69,1.12,0.95,0.1,0.46,0.13,22081,23.326626777648926
0.79,0.86,0.42,0.68,1.12,0.95,0.1,0.46,0.13,21902,23.330626487731934
0.79,0.86,0.42,0.68,1.12,0.95,0.1,0.46,0.13,21597,23.33163022994995
0.8,0.86,0.42,0.68,1.12,0.95,0.1,0.46,0.13,21618,23.334681272506714
0.8,0.86,0.42,0.68,1.12,0.95,0.1,0.45,0.13,21565,23.338885068893433
0.8,0.86,0.42,0.68,1.12,0.95,0.1,0.45,0.13,21650,23.343897342681885
0.79,0.85,0.42,0.68,1.12,0.95,0.1,0.46,0.13,22121,23.343897342681885
0.8,0.86,0.42,0.68,1.12,0.95,0.1,0.46,0.13,22102,23.347988843917847
0.8,0.86,0.42,0.68,1.12,0.95,0.1,0.45,0.12,22091,23.352118968963623
0.8,0.86,0.42,0.68,1.12,0.95,0.1,0.45,0.13,22318,23.35608696937561
0.8,0.86,0.42,0.68,1.12,0.95,0.1,0.45,0.12,22555,23.35608696937561
0.8,0.86,0.41,0.68,1.12,0.95,0.1,0.45,0.12,22354,23.360086679458618
0.8,0.85,0.42,0.68,1.13,0.95,0.1,0.45,0.13,22139,23.36410689353943
0.8,0.86,0.42,0.68,1.12,0.95,0.1,0.45,0.13,22558,23.367690086364746
0.8,0.85,0.42,0.68,1.12,0.95,0.1,0.45,0.13,21703,23.371203660964966
0.8,0.86,0.42,0.68,1.12,0.95,0.09,0.45,0.13,21494,23.372204542160034
0.8,0.86,0.42,0.68,1.12,0.95,0.1,0.45,0.12,21853,23.375710487365723
0.8,0.86,0.42,0.68,1.13,0.95,0.1,0.46,0.13,22126,23.38075542449951
0.8,0.86,0.42,0.68,1.12,0.95,0.1,0.46,0.13,22129,23.383909463882446
0.8,0.85,0.42,0.68,1.12,0.95,0.1,0.45,0.13,22054,23.384907722473145
0.79,0.85,0.42,0.68,1.12,0.95,0.1,0.45,0.13,22413,23.388903856277466
0.79,0.85,0.42,0.68,1.12,0.95,0.1,0.45,0.13,22168,23.392178773880005
0.79,0.86,0.42,0.68,1.12,0.95,0.1,0.46,0.13,22137,23.3960919380188
0.79,0.85,0.42,0.68,1.12,0.95,0.1,0.46,0.13,21884,23.39709186553955
0.79,0.86,0.42,0.68,1.12,0.95,0.1,0.46,0.13,21951,23.40028166770935
0.79,0.86,0.42,0.68,1.12,0.95,0.1,0.46,0.13,22176,23.405312299728394
0.79,0.85,0.42,0.68,1.12,0.95,0.1,0.46,0.13,21971,23.408478260040283
0.79,0.86,0.42,0.68,1.12,0.95,0.1,0.46,0.12,22058,23.40946626663208
0.79,0.86,0.42,0.67,1.12,0.94,0.1,0.46,0.13,22287,23.412465810775757
0.79,0.85,0.42,0.68,1.12,0.95,0.11,0.46,0.13,22260,23.416707038879395
0.79,0.86,0.42,0.69,1.12,0.95,0.1,0.46,0.13,22089,23.42093777656555
0.79,0.86,0.42,0.68,1.12,0.95,0.1,0.46,0.13,21650,23.42093777656555
0.79,0.86,0.42,0.68,1.12,0.95,0.1,0.46,0.13,21853,23.424969911575317
0.79,0.86,0.42,0.68,1.12,0.95,0.11,0.46,0.13,21926,23.428967237472534
0.79,0.86,0.42,0.68,1.12,0.95,0.1,0.46,0.13,22159,23.433969974517822
0.79,0.86,0.42,0.68,1.12,0.95,0.11,0.46,0.13,22112,23.433969974517822
0.79,0.86,0.42,0.68,1.12,0.95,0.11,0.46,0.13,22447,23.437148571014404
0.79,0.86,0.42,0.68,1.12,0.95,0.1,0.46,0.13,22260,23.441239833831787
0.79,0.86,0.42,0.68,1.12,0.95,0.11,0.46,0.13,22061,23.446308135986328
0.79,0.86,0.42,0.68,1.12,0.95,0.11,0.46,0.13,21926,23.449306964874268
0.78,0.86,0.42,0.68,1.12,0.96,0.1,0.46,0.13,22085,23.45052218437195
0.79,0.86,0.42,0.69,1.12,0.95,0.11,0.46,0.13,22122,23.453909397125244
0.79,0.86,0.42,0.69,1.12,0.95,0.11,0.46,0.13,22085,23.45790958404541
0.79,0.86,0.42,0.68,1.12,0.95,0.11,0.46,0.13,21658,23.461828231811523
0.79,0.86,0.42,0.68,1.12,0.95,0.1,0.47,0.13,21905,23.46285629272461
0.79,0.87,0.42,0.68,1.12,0.95,0.1,0.46,0.13,22108,23.465812921524048
0.79,0.86,0.42,0.68,1.12,0.95,0.11,0.46,0.13,21935,23.4698543548584
0.79,0.86,0.42,0.69,1.11,0.95,0.1,0.46,0.13,21774,23.473854064941406
0.79,0.86,0.42,0.68,1.12,0.95,0.1,0.46,0.13,21439,23.474854946136475
0.79,0.87,0.42,0.68,1.11,0.95,0.1,0.46,0.13,21872,23.47885489463806
0.79,0.87,0.42,0.68,1.11,0.95,0.11,0.46,0.13,21711,23.4822895526886
0.78,0.87,0.42,0.68,1.11,0.95,0.1,0.46,0.13,21784,23.485923767089844
0.79,0.87,0.42,0.68,1.11,0.95,0.1,0.47,0.13,22293,23.487045288085938
0.79,0.86,0.42,0.68,1.11,0.95,0.1,0.46,0.13,22200,23.49112343788147
0.79,0.87,0.42,0.68,1.11,0.95,0.1,0.47,0.13,22005,23.49512267112732
0.79,0.86,0.42,0.68,1.12,0.95,0.1,0.46,0.13,22148,23.49954652786255
0.8,0.86,0.42,0.69,1.11,0.95,0.1,0.46,0.13,22293,23.49954652786255
0.8,0.87,0.42,0.68,1.12,0.95,0.1,0.47,0.13,21790,23.50354528427124
0.78,0.87,0.42,0.68,1.12,0.95,0.11,0.47,0.13,21963,23.507163524627686
0.79,0.87,0.42,0.68,1.12,0.95,0.1,0.47,0.13,22058,23.511245489120483
0.8,0.86,0.42,0.68,1.12,0.95,0.1,0.46,0.13,21739,23.515032291412354
0.8,0.87,0.42,0.68,1.12,0.95,0.11,0.47,0.13,21760,23.515032291412354
0.79,0.87,0.42,0.68,1.12,0.95,0.11,0.46,0.13,22373,23.519201517105103
0.79,0.87,0.42,0.68,1.12,0.95,0.1,0.46,0.13,22218,23.52420210838318
0.8,0.87,0.42,0.68,1.12,0.95,0.1,0.46,0.13,21875,23.527190685272217
0.8,0.87,0.42,0.68,1.12,0.95,0.1,0.46,0.13,21508,23.52819561958313
0.8,0.86,0.42,0.68,1.12,0.95,0.1,0.47,0.13,21545,23.53150200843811
0.8,0.87,0.42,0.68,1.12,0.95,0.11,0.46,0.13,21232,23.53649091720581
0.8,0.87,0.42,0.68,1.12,0.95,0.1,0.46,0.13,21561,23.539670705795288
0.79,0.87,0.42,0.68,1.12,0.95,0.1,0.46,0.13,21914,23.540854930877686
0.79,0.86,0.42,0.69,1.12,0.95,0.1,0.46,0.13,21597,23.54432225227356
0.79,0.86,0.42,0.69,1.12,0.95,0.1,0.47,0.13,22184,23.54731845855713
0.79,0.86,0.42,0.69,1.12,0.95,0.1,0.46,0.13,21847,23.55192494392395
0.79,0.87,0.42,0.68,1.12,0.95,0.1,0.46,0.13,21644,23.55294179916382
0.79,0.87,0.42,0.69,1.12,0.95,0.1,0.47,0.13,22043,23.555942058563232
0.79,0.86,0.43,0.7,1.12,0.95,0.1,0.47,0.13,22212,23.559957027435303
0.79,0.87,0.42,0.68,1.12,0.95,0.1,0.46,0.13,22113,23.56518054008484
0.79,0.86,0.42,0.69,1.12,0.95,0.1,0.46,0.13,21714,23.56518054008484
0.79,0.86,0.42,0.68,1.12,0.95,0.1,0.47,0.13,21843,23.568179845809937
0.79,0.86,0.42,0.68,1.12,0.95,0.1,0.46,0.13,21904,23.57318353652954
0.8,0.86,0.42,0.69,1.12,0.95,0.11,0.46,0.13,21715,23.577292919158936
0.79,0.86,0.42,0.68,1.12,0.95,0.1,0.47,0.13,22384,23.577292919158936
0.8,0.86,0.42,0.68,1.12,0.95,0.1,0.46,0.13,22371,23.580665826797485
0.79,0.86,0.43,0.68,1.12,0.95,0.11,0.46,0.13,21988,23.584961891174316
0.79,0.87,0.42,0.68,1.12,0.95,0.1,0.46,0.13,21865,23.58896017074585
0.79,0.87,0.42,0.68,1.12,0.95,0.1,0.46,0.13,22022,23.592960119247437
0.79,0.86,0.42,0.69,1.12,0.95,0.1,0.46,0.13,22515,23.593238830566406
0.8,0.86,0.42,0.68,1.12,0.95,0.1,0.46,0.13,21992,23.597424268722534
0.79,0.86,0.42,0.68,1.12,0.95,0.11,0.47,0.13,21531,23.601433277130127
0.8,0.87,0.42,0.68,1.12,0.95,0.11,0.46,0.13,21846,23.60455632209778
0.8,0.87,0.42,0.68,1.12,0.96,0.1,0.47,0.13,21811,23.605557680130005
0.8,0.87,0.43,0.68,1.12,0.95,0.11,0.47,0.13,21836,23.608867645263672
0.8,0.86,0.42,0.69,1.12,0.95,0.1,0.47,0.13,21589,23.613922595977783
0.79,0.86,0.42,0.68,1.12,0.95,0.1,0.46,0.13,21992,23.616912126541138
0.79,0.86,0.43,0.68,1.12,0.95,0.11,0.46,0.13,22007,23.617923259735107
0.8,0.86,0.42,0.69,1.12,0.95,0.1,0.47,0.13,22160,23.621453285217285
0.79,0.86,0.43,0.68,1.12,0.95,0.1,0.47,0.13,22009,23.62621521949768
0.8,0.86,0.43,0.68,1.12,0.95,0.1,0.47,0.13,21864,23.630396127700806
0.8,0.86,0.43,0.68,1.12,0.95,0.1,0.47,0.13,21711,23.630396127700806
0.8,0.86,0.43,0.68,1.12,0.95,0.1,0.47,0.13,21824,23.634535312652588
0.79,0.87,0.43,0.68,1.12,0.95,0.11,0.47,0.13,22041,23.638537168502808
0.8,0.86,0.43,0.68,1.12,0.95,0.1,0.47,0.13,21894,23.64339566230774
0.79,0.86,0.42,0.68,1.12,0.95,0.11,0.47,0.13,21725,23.64339566230774
0.8,0.86,0.43,0.68,1.12,0.95,0.1,0.47,0.13,21438,23.646405458450317
0.8,0.86,0.42,0.68,1.12,0.95,0.11,0.47,0.13,21857,23.650719165802002
0.8,0.86,0.42,0.68,1.12,0.95,0.1,0.47,0.13,21748,23.65502691268921
0.79,0.87,0.42,0.68,1.12,0.95,0.1,0.47,0.13,22183,23.658620595932007
0.8,0.86,0.42,0.68,1.12,0.95,0.1,0.47,0.13,21974,23.659687042236328
0.79,0.86,0.42,0.68,1.13,0.95,0.1,0.46,0.13,21857,23.663118362426758
0.79,0.86,0.42,0.68,1.12,0.95,0.1,0.46,0.13,22370,23.667118549346924
0.8,0.86,0.42,0.68,1.12,0.95,0.11,0.46,0.12,22401,23.67041540145874
0.79,0.86,0.42,0.68,1.12,0.95,0.1,0.47,0.13,21922,23.671143531799316
0.8,0.86,0.42,0.68,1.12,0.95,0.1,0.46,0.13,22033,23.67566680908203
0.79,0.86,0.42,0.68,1.12,0.95,0.1,0.46,0.13,22190,23.679630517959595
0.79,0.86,0.42,0.68,1.12,0.95,0.1,0.46,0.13,22273,23.683263063430786
0.79,0.86,0.42,0.68,1.12,0.95,0.11,0.47,0.13,22246,23.684576511383057
0.79,0.86,0.42,0.68,1.13,0.95,0.1,0.47,0.13,21611,23.688028812408447
0.8,0.86,0.42,0.68,1.12,0.95,0.1,0.46,0.13,21424,23.692261934280396
0.8,0.86,0.42,0.68,1.12,0.95,0.11,0.47,0.13,21509,23.695334434509277
0.8,0.86,0.42,0.68,1.12,0.95,0.1,0.46,0.13,21658,23.69656801223755
0.79,0.86,0.42,0.68,1.12,0.95,0.1,0.47,0.13,21923,23.69993305206299
0.79,0.86,0.42,0.68,1.12,0.95,0.1,0.46,0.13,21826,23.703925848007202
0.79,0.86,0.42,0.68,1.12,0.95,0.11,0.47,0.13,21681,23.7080659866333
0.79,0.86,0.42,0.67,1.12,0.96,0.1,0.47,0.13,21970,23.7080659866333
0.79,0.86,0.42,0.68,1.13,0.94,0.11,0.47,0.13,21811,23.71262264251709
0.8,0.86,0.42,0.68,1.12,0.94,0.11,0.47,0.13,21846,23.71598243713379
0.79,0.86,0.42,0.68,1.13,0.95,0.11,0.47,0.13,21905,23.721179485321045
0.79,0.85,0.42,0.68,1.13,0.95,0.1,0.47,0.13,22252,23.723451137542725
0.79,0.86,0.42,0.67,1.12,0.95,0.1,0.47,0.13,22363,23.724539756774902
0.8,0.86,0.42,0.68,1.13,0.95,0.1,0.47,0.13,22118,23.728485822677612
0.79,0.86,0.42,0.68,1.12,0.95,0.1,0.47,0.13,22111,23.732771158218384
0.79,0.86,0.42,0.68,1.13,0.96,0.1,0.47,0.13,22264,23.736395120620728
0.79,0.86,0.42,0.67,1.12,0.95,0.1,0.47,0.13,22107,23.73709464073181
0.79,0.86,0.42,0.68,1.12,0.95,0.1,0.47,0.13,21912,23.74107336997986
0.78,0.86,0.42,0.67,1.13,0.95,0.1,0.47,0.13,21969,23.745094537734985
0.79,0.86,0.42,0.68,1.12,0.95,0.1,0.47,0.13,22254,23.748692989349365
0.79,0.86,0.42,0.68,1.12,0.95,0.11,0.47,0.13,22509,23.749301195144653
0.79,0.87,0.42,0.68,1.12,0.95,0.1,0.47,0.13,21946,23.753618001937866
0.79,0.87,0.42,0.68,1.13,0.95,0.1,0.47,0.13,22019,23.75662636756897
0.79,0.87,0.42,0.68,1.13,0.95,0.11,0.47,0.13,22238,23.760778188705444
0.79,0.87,0.42,0.68,1.13,0.95,0.1,0.47,0.13,21907,23.761840343475342
0.78,0.87,0.42,0.68,1.12,0.96,0.1,0.47,0.13,21746,23.76482653617859
0.79,0.86,0.42,0.68,1.13,0.96,0.1,0.46,0.13,21805,23.769819021224976
0.79,0.86,0.42,0.68,1.13,0.96,0.1,0.47,0.13,21694,23.772822856903076
0.79,0.87,0.42,0.68,1.12,0.96,0.1,0.47,0.13,21839,23.773818254470825
0.79,0.86,0.42,0.68,1.12,0.96,0.1,0.47,0.13,21966,23.777098894119263
0.79,0.86,0.42,0.68,1.13,0.96,0.1,0.47,0.13,21823,23.78212022781372
0.79,0.86,0.42,0.68,1.13,0.95,0.1,0.47,0.12,21912,23.785380601882935
0.79,0.86,0.42,0.68,1.12,0.95,0.1,0.47,0.13,21827,23.786396741867065
0.79,0.87,0.42,0.68,1.13,0.96,0.1,0.47,0.13,22160,23.789575338363647
0.79,0.86,0.42,0.68,1.13,0.96,0.1,0.47,0.13,22275,23.793479204177856
0.79,0.86,0.42,0.68,1.13,0.96,0.1,0.47,0.13,21674,23.797683238983154
0.79,0.86,0.42,0.68,1.12,0.96,0.1,0.47,0.13,21637,23.801947832107544
0.79,0.86,0.42,0.68,1.12,0.96,0.1,0.47,0.13,21546,23.802655696868896
0.79,0.86,0.42,0.68,1.12,0.96,0.11,0.47,0.13,21439,23.806655406951904
0.79,0.86,0.42,0.68,1.13,0.96,0.11,0.47,0.13,21990,23.810234785079956
0.79,0.87,0.42,0.69,1.12,0.96,0.11,0.47,0.13,22221,23.81381368637085
0.79,0.87,0.42,0.68,1.12,0.96,0.11,0.47,0.13,22204,23.814867734909058
0.79,0.87,0.41,0.68,1.12,0.96,0.09,0.47,0.13,21953,23.818411588668823
0.79,0.86,0.42,0.68,1.13,0.95,0.1,0.47,0.13,22362,23.82347011566162
0.79,0.86,0.42,0.68,1.13,0.95,0.1,0.47,0.13,22397,23.826730728149414
0.79,0.86,0.42,0.68,1.12,0.96,0.11,0.46,0.13,21844,23.827470541000366
0.79,0.86,0.42,0.68,1.12,0.96,0.11,0.47,0.13,21883,23.830906867980957
0.79,0.86,0.42,0.68,1.12,0.96,0.1,0.46,0.13,21772,23.834754705429077
0.79,0.86,0.42,0.68,1.13,0.96,0.1,0.47,0.13,21907,23.838802814483643
0.79,0.86,0.42,0.68,1.12,0.96,0.1,0.47,0.13,22070,23.83950686454773
0.79,0.86,0.42,0.68,1.13,0.95,0.11,0.46,0.13,21913,23.843163013458252
0.79,0.87,0.42,0.68,1.12,0.95,0.1,0.47,0.13,21892,23.848169803619385
0.8,0.87,0.42,0.68,1.12,0.95,0.11,0.46,0.13,21831,23.851259469985962
0.79,0.87,0.42,0.68,1.12,0.96,0.11,0.47,0.13,21960,23.852189540863037
0.8,0.87,0.42,0.68,1.12,0.95,0.1,0.46,0.13,21957,23.856181621551514
0.8,0.87,0.42,0.68,1.12,0.95,0.1,0.47,0.13,21986,23.859614372253418
0.8,0.86,0.42,0.68,1.12,0.95,0.11,0.46,0.13,21655,23.863560438156128
0.8,0.86,0.42,0.67,1.12,0.96,0.11,0.47,0.13,21852,23.867266416549683
0.8,0.86,0.42,0.68,1.12,0.96,0.1,0.46,0.13,21897,23.868360996246338
0.79,0.86,0.42,0.68,1.12,0.96,0.11,0.47,0.13,22142,23.872567653656006
0.8,0.86,0.42,0.67,1.12,0.95,0.1,0.47,0.13,22275,23.87555170059204
0.8,0.86,0.42,0.67,1.12,0.95,0.11,0.46,0.13,21860,23.879539012908936
0.8,0.86,0.42,0.66,1.13,0.96,0.11,0.47,0.13,21765,23.880536556243896
0.8,0.86,0.42,0.67,1.13,0.96,0.11,0.47,0.13,22016,23.88454818725586
0.8,0.86,0.42,0.67,1.12,0.96,0.11,0.47,0.13,21905,23.887865781784058
0.79,0.87,0.42,0.67,1.13,0.95,0.11,0.47,0.13,21996,23.89189887046814
0.79,0.87,0.42,0.67,1.12,0.95,0.11,0.47,0.13,22195,23.89189887046814
0.8,0.87,0.42,0.67,1.12,0.95,0.11,0.46,0.13,22186,23.89651370048523
0.8,0.87,0.42,0.68,1.12,0.95,0.11,0.47,0.13,22205,23.900124549865723
0.8,0.86,0.42,0.67,1.12,0.95,0.11,0.46,0.13,22248,23.904155731201172
0.79,0.87,0.42,0.67,1.12,0.95,0.11,0.47,0.13,22051,23.90515160560608
0.79,0.87,0.42,0.67,1.12,0.95,0.11,0.46,0.13,21688,23.90915560722351
0.8,0.86,0.42,0.68,1.13,0.95,0.1,0.46,0.13,21737,23.913155555725098
0.78,0.87,0.42,0.66,1.13,0.96,0.1,0.46,0.13,21958,23.916544198989868
0.79,0.86,0.42,0.67,1.13,0.95,0.11,0.47,0.13,21741,23.917545318603516
0.79,0.86,0.42,0.67,1.12,0.96,0.1,0.47,0.13,22070,23.9205162525177
0.79,0.87,0.42,0.68,1.12,0.96,0.1,0.46,0.13,22573,23.925653219223022
0.79,0.87,0.42,0.67,1.13,0.96,0.1,0.46,0.13,22218,23.928769826889038
0.8,0.87,0.42,0.67,1.12,0.96,0.11,0.46,0.13,21955,23.92973566055298
0.8,0.87,0.42,0.67,1.12,0.95,0.1,0.46,0.13,22156,23.93277382850647
0.79,0.86,0.42,0.67,1.12,0.96,0.1,0.46,0.13,22145,23.936975955963135
0.79,0.87,0.42,0.67,1.12,0.96,0.11,0.46,0.13,21930,23.94095206260681
0.79,0.87,0.42,0.67,1.12,0.96,0.11,0.46,0.13,21717,23.94498038291931
0.79,0.87,0.42,0.67,1.13,0.96,0.11,0.46,0.13,21850,23.94498038291931
0.79,0.87,0.42,0.67,1.13,0.96,0.1,0.46,0.13,21483,23.950090885162354
0.79,0.86,0.42,0.67,1.13,0.96,0.11,0.46,0.13,21884,23.954086542129517
0.79,0.87,0.42,0.67,1.12,0.96,0.11,0.46,0.13,22243,23.957391023635864
0.79,0.87,0.42,0.67,1.12,0.96,0.11,0.46,0.13,22076,23.958078145980835
0.79,0.87,0.42,0.67,1.13,0.96,0.1,0.46,0.13,21975,23.961061000823975
0.79,0.87,0.42,0.68,1.13,0.96,0.1,0.46,0.13,21786,23.96607804298401
0.79,0.87,0.42,0.68,1.13,0.96,0.1,0.46,0.13,21875,23.969815969467163
0.79,0.87,0.42,0.67,1.12,0.96,0.11,0.46,0.13,22124,23.969815969467163
0.79,0.87,0.42,0.67,1.13,0.96,0.11,0.47,0.13,21835,23.97408938407898
0.79,0.87,0.42,0.67,1.12,0.96,0.1,0.46,0.13,21470,23.978717803955078
0.79,0.86,0.42,0.68,1.12,0.96,0.1,0.47,0.13,21609,23.981727600097656
0.79,0.87,0.43,0.68,1.12,0.96,0.11,0.46,0.13,22074,23.98273253440857
0.79,0.87,0.42,0.68,1.12,0.96,0.1,0.46,0.13,22027,23.986730575561523
0.79,0.87,0.42,0.68,1.12,0.96,0.11,0.47,0.13,21582,23.990258932113647
0.79,0.86,0.42,0.68,1.13,0.96,0.1,0.46,0.13,21571,23.994291067123413
0.79,0.87,0.42,0.67,1.12,0.96,0.1,0.46,0.13,21980,23.994291067123413
0.79,0.87,0.42,0.68,1.12,0.96,0.11,0.46,0.13,21969,23.99864959716797
0.79,0.86,0.42,0.67,1.13,0.96,0.11,0.46,0.13,21944,24.002973318099976
0.79,0.87,0.42,0.67,1.12,0.96,0.1,0.46,0.13,21893,24.007001161575317
0.79,0.87,0.42,0.68,1.13,0.96,0.11,0.46,0.13,21350,24.010838508605957
0.79,0.86,0.42,0.67,1.12,0.96,0.1,0.46,0.13,21699,24.010838508605957
0.79,0.86,0.42,0.67,1.12,0.96,0.1,0.46,0.13,21894,24.01583766937256
0.79,0.86,0.42,0.67,1.13,0.96,0.11,0.46,0.13,21413,24.0197651386261
0.79,0.86,0.42,0.67,1.13,0.96,0.11,0.46,0.13,21772,24.02296733856201
0.79,0.87,0.42,0.67,1.13,0.96,0.11,0.46,0.13,22211,24.02296733856201
0.79,0.87,0.42,0.67,1.13,0.96,0.1,0.46,0.13,21888,24.026970148086548
0.79,0.87,0.42,0.67,1.13,0.96,0.1,0.46,0.13,22005,24.03096652030945
0.79,0.87,0.42,0.67,1.12,0.96,0.11,0.46,0.13,22036,24.035260438919067
0.79,0.87,0.42,0.67,1.13,0.95,0.11,0.46,0.13,22001,24.035260438919067
0.79,0.86,0.42,0.67,1.12,0.95,0.11,0.46,0.13,22222,24.039562702178955
0.79,0.87,0.42,0.67,1.12,0.95,0.1,0.46,0.13,22121,24.043751001358032
0.79,0.86,0.42,0.67,1.13,0.96,0.1,0.46,0.13,21758,24.04775094985962
0.79,0.87,0.43,0.67,1.13,0.95,0.1,0.46,0.13,21759,24.04775094985962
0.8,0.87,0.42,0.67,1.12,0.96,0.11,0.46,0.13,22050,24.05273747444153
0.79,0.87,0.42,0.67,1.12,0.95,0.11,0.46,0.13,21997,24.05639386177063
0.79,0.87,0.42,0.66,1.13,0.96,0.11,0.46,0.13,22160,24.060139417648315
0.8,0.87,0.42,0.67,1.13,0.96,0.11,0.46,0.13,21851,24.061511278152466
0.79,0.86,0.42,0.67,1.13,0.96,0.1,0.46,0.13,21584,24.06383180618286
0.79,0.86,0.42,0.67,1.13,0.96,0.1,0.46,0.13,21647,24.0688693523407
0.79,0.87,0.42,0.67,1.13,0.96,0.11,0.46,0.13,22102,24.072674989700317
0.8,0.87,0.42,0.67,1.12,0.95,0.11,0.46,0.12,22141,24.075997352600098
0.8,0.87,0.42,0.67,1.12,0.96,0.11,0.46,0.13,22154,24.076699256896973
0.8,0.87,0.42,0.67,1.12,0.96,0.11,0.46,0.13,22331,24.081092596054077
0.79,0.87,0.42,0.67,1.13,0.96,0.11,0.46,0.13,21976,24.0850830078125
0.79,0.87,0.42,0.67,1.12,0.96,0.11,0.46,0.13,21669,24.08844256401062
0.8,0.87,0.42,0.67,1.12,0.96,0.1,0.46,0.13,22032,24.08951187133789
0.79,0.87,0.42,0.67,1.12,0.96,0.11,0.46,0.13,21913,24.093745708465576
0.8,0.87,0.42,0.67,1.12,0.95,0.11,0.46,0.13,21934,24.09778904914856
0.8,0.87,0.42,0.67,1.13,0.96,0.1,0.46,0.13,21883,24.10080313682556
0.79,0.87,0.42,0.67,1.12,0.96,0.1,0.47,0.13,22004,24.10080313682556
0.8,0.87,0.42,0.66,1.12,0.96,0.11,0.46,0.13,22183,24.106183767318726
0.79,0.87,0.42,0.67,1.12,0.96,0.11,0.46,0.13,21806,24.110184907913208
0.8,0.87,0.42,0.67,1.12,0.96,0.1,0.47,0.13,21861,24.11344885826111
0.8,0.87,0.42,0.67,1.12,0.96,0.11,0.46,0.13,21636,24.114185333251953
0.79,0.87,0.42,0.67,1.12,0.96,0.11,0.47,0.13,21903,24.118184804916382
0.79,0.87,0.42,0.67,1.12,0.96,0.1,0.46,0.13,22034,24.12218475341797
0.8,0.87,0.42,0.67,1.12,0.96,0.1,0.46,0.13,21801,24.125653743743896
0.8,0.87,0.42,0.67,1.12,0.96,0.11,0.47,0.13,21842,24.12672233581543
0.8,0.87,0.42,0.67,1.12,0.96,0.1,0.47,0.13,22367,24.129940271377563
0.8,0.87,0.42,0.67,1.12,0.96,0.11,0.46,0.13,22336,24.133978366851807
0.8,0.87,0.42,0.67,1.12,0.96,0.11,0.47,0.13,22049,24.13772201538086
0.8,0.87,0.42,0.67,1.13,0.96,0.11,0.47,0.13,21794,24.138774871826172
0.8,0.87,0.42,0.67,1.12,0.96,0.11,0.47,0.13,21531,24.14228582382202
0.79,0.87,0.42,0.67,1.13,0.96,0.11,0.47,0.13,21610,24.14653253555298
0.8,0.87,0.42,0.67,1.13,0.96,0.1,0.46,0.13,21425,24.150564670562744
0.8,0.87,0.42,0.67,1.12,0.96,0.1,0.46,0.13,21760,24.154545068740845
0.8,0.87,0.42,0.68,1.13,0.96,0.11,0.47,0.13,22101,24.155563592910767
0.8,0.87,0.42,0.67,1.12,0.96,0.11,0.47,0.13,21934,24.158350467681885
0.8,0.86,0.42,0.67,1.12,0.96,0.11,0.46,0.13,22165,24.16281747817993
0.8,0.87,0.42,0.68,1.13,0.95,0.11,0.46,0.13,21922,24.166190147399902
0.8,0.87,0.42,0.67,1.12,0.96,0.11,0.46,0.13,22331,24.167239665985107
0.8,0.87,0.41,0.67,1.12,0.96,0.1,0.47,0.13,22436,24.1712589263916
0.8,0.86,0.42,0.68,1.12,0.96,0.11,0.47,0.12,22211,24.174864530563354
0.8,0.86,0.42,0.67,1.12,0.95,0.11,0.47,0.13,22070,24.178226947784424
0.8,0.87,0.42,0.67,1.12,0.96,0.11,0.47,0.13,22111,24.17939043045044
0.8,0.87,0.42,0.68,1.12,0.96,0.11,0.47,0.13,21582,24.182568311691284
0.8,0.87,0.41,0.67,1.12,0.95,0.1,0.47,0.13,21803,24.18663763999939
0.79,0.87,0.42,0.67,1.12,0.96,0.1,0.47,0.13,22106,24.190637826919556
0.79,0.87,0.42,0.67,1.12,0.96,0.1,0.47,0.13,22261,24.191637754440308
0.8,0.87,0.42,0.67,1.12,0.95,0.1,0.47,0.13,22200,24.194637537002563
0.8,0.87,0.42,0.67,1.12,0.96,0.1,0.47,0.13,21905,24.199087858200073
0.79,0.87,0.42,0.67,1.12,0.96,0.11,0.47,0.13,21862,24.203178882598877
0.79,0.87,0.42,0.68,1.12,0.96,0.11,0.47,0.13,22339,24.203178882598877
0.79,0.87,0.42,0.67,1.12,0.96,0.11,0.47,0.13,22196,24.20724320411682
0.8,0.87,0.42,0.67,1.12,0.96,0.11,0.47,0.13,21673,24.21224331855774
0.8,0.87,0.42,0.67,1.12,0.96,0.11,0.47,0.13,21516,24.216211795806885
0.79,0.87,0.42,0.68,1.11,0.96,0.11,0.46,0.13,22143,24.219544172286987
0.8,0.87,0.42,0.67,1.12,0.96,0.11,0.47,0.13,22394,24.220581531524658
0.79,0.87,0.42,0.67,1.12,0.96,0.11,0.47,0.13,21939,24.22361397743225
0.8,0.87,0.42,0.67,1.12,0.96,0.11,0.47,0.12,22032,24.22805643081665
0.8,0.87,0.41,0.68,1.12,0.96,0.1,0.47,0.13,21983,24.232059478759766
0.8,0.87,0.42,0.67,1.12,0.96,0.1,0.47,0.13,22070,24.232059478759766
0.8,0.87,0.41,0.67,1.12,0.96,0.1,0.47,0.13,22323,24.236239194869995
0.8,0.87,0.41,0.67,1.12,0.96,0.1,0.47,0.12,22098,24.24024200439453
0.8,0.87,0.42,0.67,1.12,0.96,0.11,0.46,0.13,21831,24.244495153427124
0.8,0.87,0.42,0.67,1.12,0.96,0.11,0.47,0.13,22150,24.244495153427124
0.8,0.87,0.41,0.67,1.12,0.96,0.1,0.47,0.13,22161,24.248827934265137
0.8,0.87,0.42,0.67,1.12,0.96,0.1,0.47,0.13,22122,24.252846717834473
0.8,0.87,0.41,0.67,1.13,0.96,0.1,0.46,0.13,22015,24.256815671920776
0.8,0.86,0.42,0.67,1.12,0.96,0.1,0.47,0.13,22138,24.256815671920776
0.8,0.87,0.42,0.67,1.12,0.96,0.1,0.47,0.13,22387,24.260818243026733
0.8,0.87,0.42,0.67,1.12,0.96,0.11,0.47,0.13,22458,24.264892101287842
0.8,0.87,0.42,0.67,1.13,0.95,0.1,0.47,0.13,22195,24.268893718719482
0.79,0.87,0.42,0.66,1.13,0.96,0.1,0.47,0.13,21920,24.269911527633667
0.8,0.86,0.42,0.67,1.13,0.96,0.1,0.47,0.13,22119,24.273017644882202
0.8,0.86,0.41,0.67,1.12,0.96,0.1,0.47,0.13,22138,24.278156995773315
0.8,0.87,0.41,0.67,1.12,0.96,0.11,0.47,0.13,22249,24.281328678131104
0.8,0.87,0.41,0.67,1.12,0.96,0.11,0.47,0.13,22054,24.28225803375244
0.8,0.87,0.41,0.67,1.12,0.96,0.11,0.47,0.13,21967,24.286258220672607
0.79,0.87,0.41,0.67,1.12,0.96,0.11,0.47,0.13,22072,24.289276599884033
0.8,0.87,0.41,0.67,1.12,0.96,0.11,0.47,0.13,21715,24.293346405029297
0.79,0.87,0.41,0.67,1.12,0.96,0.1,0.47,0.13,21644,24.294492959976196
0.79,0.87,0.41,0.67,1.12,0.95,0.1,0.47,0.13,21947,24.297292947769165
0.8,0.87,0.41,0.67,1.12,0.96,0.1,0.47,0.13,22308,24.30161738395691
0.79,0.86,0.41,0.67,1.12,0.96,0.1,0.47,0.13,22345,24.30564522743225
0.79,0.87,0.41,0.67,1.12,0.96,0.1,0.47,0.13,22128,24.309645414352417
0.79,0.87,0.41,0.67,1.12,0.96,0.1,0.47,0.13,21873,24.310617446899414
0.79,0.87,0.41,0.67,1.12,0.95,0.11,0.47,0.13,21464,24.313645124435425
0.79,0.87,0.41,0.67,1.12,0.95,0.1,0.47,0.13,21697,24.318625926971436
0.79,0.87,0.41,0.67,1.12,0.95,0.1,0.47,0.13,21942,24.32224988937378
0.79,0.86,0.41,0.67,1.13,0.95,0.11,0.47,0.13,22383,24.323304653167725
0.79,0.87,0.41,0.67,1.13,0.95,0.11,0.47,0.13,22010,24.32665753364563
0.79,0.87,0.42,0.68,1.12,0.96,0.1,0.47,0.13,21565,24.330175638198853
0.79,0.87,0.41,0.67,1.12,0.96,0.11,0.47,0.13,21852,24.334710121154785
0.79,0.87,0.41,0.67,1.12,0.95,0.1,0.47,0.13,22159,24.335689544677734
0.79,0.87,0.41,0.67,1.12,0.95,0.1,0.47,0.13,22000,24.339237928390503
0.79,0.87,0.41,0.68,1.12,0.96,0.1,0.47,0.13,21641,24.343238353729248
0.79,0.87,0.41,0.67,1.12,0.95,0.1,0.47,0.13,21768,24.347238779067993
0.79,0.87,0.41,0.67,1.12,0.95,0.11,0.47,0.13,21979,24.347238779067993
0.79,0.87,0.41,0.67,1.12,0.95,0.11,0.47,0.13,21942,24.351238250732422
0.8,0.87,0.42,0.66,1.12,0.95,0.1,0.47,0.13,22279,24.355018615722656
0.8,0.86,0.42,0.67,1.13,0.95,0.1,0.47,0.13,22508,24.35943341255188
0.8,0.86,0.42,0.67,1.12,0.96,0.1,0.47,0.13,21853,24.360445499420166
0.79,0.86,0.41,0.67,1.13,0.95,0.1,0.47,0.13,21618,24.362821578979492
0.79,0.86,0.41,0.67,1.12,0.95,0.1,0.47,0.13,21723,24.366840362548828
0.8,0.87,0.41,0.67,1.12,0.96,0.1,0.47,0.13,22042,24.371838092803955
0.8,0.86,0.42,0.67,1.12,0.95,0.11,0.47,0.13,21997,24.371838092803955
0.79,0.87,0.42,0.67,1.12,0.95,0.1,0.47,0.13,22006,24.375837087631226
0.79,0.87,0.42,0.68,1.12,0.95,0.1,0.47,0.13,22195,24.379228830337524
0.8,0.87,0.42,0.67,1.12,0.95,0.1,0.47,0.13,21848,24.38350224494934
0.8,0.87,0.42,0.68,1.12,0.95,0.1,0.47,0.13,21663,24.38350224494934
0.79,0.86,0.42,0.67,1.12,0.95,0.1,0.47,0.13,21838,24.387428045272827
0.79,0.87,0.42,0.68,1.12,0.96,0.11,0.46,0.13,22361,24.39242720603943
0.79,0.86,0.41,0.67,1.13,0.96,0.11,0.47,0.13,22244,24.39594531059265
0.79,0.87,0.41,0.67,1.12,0.95,0.11,0.47,0.13,22177,24.400232315063477
0.8,0.87,0.42,0.67,1.12,0.96,0.1,0.47,0.13,22292,24.400232315063477
0.79,0.87,0.41,0.67,1.12,0.96,0.1,0.47,0.13,22069,24.40420651435852
0.8,0.87,0.41,0.68,1.13,0.96,0.1,0.47,0.13,21906,24.408015251159668
0.8,0.86,0.41,0.67,1.13,0.96,0.1,0.47,0.13,22129,24.412059783935547
0.79,0.87,0.41,0.67,1.13,0.96,0.1,0.47,0.13,22344,24.4130597114563
0.79,0.87,0.41,0.67,1.12,0.96,0.1,0.47,0.13,22087,24.4172785282135
0.8,0.87,0.41,0.68,1.13,0.95,0.11,0.47,0.13,22080,24.4207661151886
0.79,0.86,0.41,0.67,1.13,0.96,0.1,0.47,0.13,21941,24.424781799316406
0.8,0.87,0.41,0.67,1.13,0.96,0.1,0.47,0.13,21658,24.425782442092896
0.8,0.86,0.41,0.67,1.13,0.96,0.1,0.47,0.13,21785,24.429013967514038
0.79,0.86,0.41,0.67,1.13,0.96,0.1,0.47,0.13,22352,24.432823181152344
0.8,0.86,0.41,0.68,1.13,0.96,0.11,0.47,0.13,22127,24.436712741851807
0.8,0.86,0.41,0.67,1.13,0.96,0.11,0.47,0.13,21860,24.436712741851807
0.79,0.87,0.41,0.67,1.13,0.96,0.1,0.47,0.13,22021,24.442089319229126
0.8,0.87,0.41,0.67,1.12,0.96,0.11,0.47,0.13,22214,24.44524908065796
0.8,0.87,0.41,0.68,1.12,0.95,0.11,0.47,0.13,22241,24.45029091835022
0.79,0.87,0.42,0.67,1.12,0.96,0.11,0.47,0.13,21762,24.45029091835022
0.79,0.87,0.41,0.67,1.12,0.96,0.11,0.47,0.13,22137,24.45351243019104
0.79,0.87,0.42,0.68,1.13,0.96,0.1,0.47,0.13,22150,24.457512378692627
0.8,0.87,0.41,0.68,1.13,0.96,0.1,0.46,0.13,22195,24.461509227752686
0.79,0.87,0.41,0.68,1.13,0.96,0.11,0.46,0.13,22204,24.464879512786865
0.8,0.87,0.41,0.68,1.13,0.96,0.1,0.46,0.13,21827,24.465907335281372
0.8,0.87,0.41,0.68,1.13,0.96,0.1,0.47,0.13,22044,24.470617532730103
0.79,0.87,0.42,0.68,1.13,0.96,0.1,0.47,0.13,22397,24.473993062973022
0.8,0.87,0.41,0.68,1.12,0.96,0.11,0.47,0.13,22022,24.47741413116455
0.8,0.86,0.42,0.68,1.13,0.96,0.1,0.47,0.13,21675,24.478015184402466
0.8,0.86,0.41,0.67,1.13,0.96,0.11,0.46,0.13,22014,24.481308460235596
0.8,0.87,0.41,0.68,1.13,0.96,0.11,0.47,0.13,21655,24.487154245376587
0.8,0.87,0.41,0.67,1.13,0.96,0.11,0.47,0.13,21746,24.490439891815186
0.79,0.86,0.41,0.68,1.13,0.96,0.11,0.47,0.13,21749,24.491004705429077
0.8,0.87,0.42,0.68,1.13,0.96,0.1,0.47,0.13,21906,24.494525909423828
0.79,0.86,0.42,0.68,1.13,0.96,0.11,0.47,0.13,22209,24.499096870422363
0.79,0.87,0.42,0.68,1.13,0.96,0.1,0.47,0.13,22168,24.502099752426147
0.8,0.86,0.42,0.68,1.12,0.96,0.11,0.47,0.13,21493,24.503100633621216
0.79,0.86,0.42,0.68,1.13,0.96,0.1,0.47,0.13,21434,24.506386041641235
0.79,0.86,0.42,0.68,1.13,0.96,0.11,0.46,0.13,21935,24.510385990142822
0.8,0.86,0.42,0.68,1.12,0.96,0.1,0.47,0.13,22312,24.514553546905518
0.8,0.86,0.42,0.68,1.12,0.96,0.11,0.47,0.13,21913,24.515585899353027
0.79,0.86,0.42,0.68,1.13,0.96,0.1,0.47,0.13,21938,24.51862645149231
0.79,0.87,0.41,0.68,1.13,0.96,0.1,0.47,0.13,22045,24.52285885810852
0.79,0.86,0.42,0.68,1.13,0.96,0.1,0.47,0.13,22246,24.526837825775146
0.8,0.87,0.42,0.68,1.13,0.96,0.11,0.46,0.13,22407,24.527854442596436
0.79,0.86,0.42,0.68,1.12,0.96,0.11,0.47,0.13,22054,24.53185534477234
0.79,0.86,0.42,0.68,1.13,0.96,0.11,0.47,0.13,21803,24.535838842391968
0.8,0.86,0.42,0.69,1.13,0.96,0.1,0.47,0.13,21938,24.54018211364746
0.8,0.86,0.42,0.68,1.12,0.96,0.11,0.47,0.13,22033,24.543354749679565
0.8,0.86,0.42,0.68,1.13,0.96,0.1,0.47,0.13,21472,24.544427156448364
0.8,0.87,0.42,0.68,1.12,0.96,0.1,0.47,0.13,21813,24.547880172729492
0.8,0.87,0.41,0.68,1.12,0.97,0.1,0.47,0.12,21796,24.552308797836304
0.8,0.86,0.41,0.68,1.13,0.96,0.11,0.47,0.13,21975,24.555307149887085
0.8,0.86,0.42,0.69,1.12,0.96,0.11,0.47,0.13,22036,24.556277751922607
0.8,0.86,0.42,0.69,1.13,0.96,0.1,0.46,0.13,22405,24.560795068740845
0.8,0.86,0.42,0.68,1.12,0.96,0.11,0.47,0.13,22138,24.564170122146606
0.8,0.87,0.42,0.69,1.12,0.96,0.11,0.47,0.13,21579,24.56723117828369
0.8,0.86,0.42,0.68,1.12,0.96,0.11,0.47,0.13,21844,24.5682475566864
0.8,0.87,0.42,0.68,1.13,0.96,0.11,0.47,0.13,22113,24.571836233139038
0.8,0.87,0.42,0.68,1.12,0.96,0.1,0.47,0.13,21900,24.575464248657227
0.8,0.86,0.42,0.68,1.13,0.96,0.11,0.47,0.13,21563,24.580531358718872
0.8,0.86,0.42,0.68,1.12,0.96,0.11,0.47,0.13,21336,24.581544876098633
0.8,0.87,0.42,0.68,1.13,0.96,0.1,0.47,0.13,21817,24.584577560424805
0.8,0.86,0.42,0.69,1.12,0.96,0.11,0.47,0.13,22128,24.589513778686523
0.8,0.87,0.42,0.69,1.13,0.96,0.11,0.47,0.13,22089,24.593165636062622
0.8,0.87,0.42,0.69,1.12,0.96,0.11,0.47,0.13,21962,24.593165636062622
0.8,0.87,0.41,0.69,1.12,0.96,0.1,0.47,0.13,21655,24.596972465515137
0.8,0.87,0.41,0.68,1.12,0.96,0.11,0.47,0.13,21648,24.60126805305481
0.8,0.87,0.42,0.69,1.12,0.96,0.11,0.47,0.13,22013,24.605255842208862
0.8,0.86,0.41,0.69,1.12,0.96,0.11,0.46,0.13,21942,24.608612775802612
0.8,0.86,0.42,0.69,1.12,0.96,0.11,0.47,0.12,21777,24.60968804359436
0.8,0.87,0.42,0.7,1.12,0.96,0.1,0.47,0.13,21962,24.614193439483643
0.8,0.87,0.42,0.69,1.12,0.96,0.1,0.47,0.13,22039,24.61837863922119
0.8,0.87,0.42,0.69,1.13,0.96,0.11,0.47,0.13,22292,24.62057113647461
0.8,0.87,0.42,0.69,1.12,0.96,0.11,0.47,0.13,22313,24.621566772460938
0.8,0.87,0.42,0.69,1.12,0.96,0.11,0.47,0.13,22014,24.62576937675476
0.8,0.87,0.42,0.69,1.12,0.96,0.11,0.47,0.13,22245,24.629761695861816
0.8,0.87,0.41,0.69,1.13,0.96,0.11,0.47,0.13,21952,24.633365154266357
0.8,0.87,0.41,0.69,1.13,0.96,0.11,0.47,0.12,22019,24.634459972381592
0.8,0.87,0.42,0.68,1.13,0.96,0.1,0.47,0.13,21750,24.638460874557495
0.8,0.87,0.42,0.69,1.13,0.96,0.11,0.47,0.13,21965,24.64275097846985
0.8,0.87,0.42,0.68,1.12,0.96,0.11,0.47,0.13,22130,24.64575171470642
0.8,0.87,0.41,0.68,1.12,0.96,0.11,0.47,0.13,22237,24.646738529205322
0.8,0.87,0.41,0.69,1.12,0.96,0.11,0.47,0.13,21934,24.650750875473022
0.8,0.87,0.41,0.68,1.12,0.96,0.1,0.47,0.13,22007,24.654261112213135
0.8,0.87,0.41,0.69,1.12,0.96,0.11,0.47,0.13,22630,24.658575534820557
0.8,0.87,0.41,0.69,1.12,0.96,0.1,0.47,0.13,22217,24.658575534820557
0.8,0.87,0.41,0.68,1.13,0.96,0.11,0.47,0.13,21882,24.66253423690796
0.79,0.87,0.41,0.69,1.13,0.96,0.11,0.47,0.13,21829,24.667187929153442
0.79,0.87,0.41,0.68,1.12,0.96,0.11,0.47,0.12,22024,24.671621322631836
0.79,0.87,0.41,0.69,1.13,0.96,0.1,0.46,0.13,22023,24.671621322631836
0.79,0.87,0.42,0.69,1.13,0.96,0.11,0.47,0.13,22128,24.675117254257202
0.79,0.87,0.42,0.69,1.12,0.96,0.1,0.47,0.13,22111,24.679339170455933
0.8,0.87,0.42,0.69,1.13,0.96,0.1,0.47,0.13,21720,24.68363332748413
0.8,0.87,0.42,0.69,1.13,0.96,0.11,0.47,0.13,21909,24.686868906021118
0.79,0.87,0.42,0.69,1.13,0.96,0.11,0.47,0.13,21826,24.68763279914856
0.8,0.87,0.42,0.69,1.12,0.96,0.11,0.47,0.13,21509,24.691247701644897
0.79,0.87,0.42,0.69,1.12,0.96,0.1,0.47,0.13,21210,24.695512533187866
0.79,0.87,0.41,0.69,1.12,0.96,0.11,0.47,0.13,21483,24.69905376434326
0.79,0.87,0.41,0.69,1.12,0.96,0.11,0.47,0.13,22024,24.69905376434326
0.79,0.87,0.41,0.69,1.12,0.96,0.1,0.47,0.13,22231,24.70256495475769
0.79,0.87,0.41,0.69,1.13,0.96,0.1,0.47,0.13,22328,24.707112789154053
0.79,0.87,0.41,0.69,1.12,0.96,0.1,0.47,0.13,22193,24.711146593093872
0.79,0.87,0.42,0.69,1.12,0.96,0.11,0.47,0.13,22068,24.711146593093872
0.79,0.87,0.41,0.69,1.12,0.96,0.11,0.47,0.12,22519,24.715259552001953
0.78,0.87,0.41,0.7,1.13,0.96,0.11,0.47,0.13,22124,24.71931028366089
0.79,0.87,0.41,0.69,1.12,0.96,0.11,0.47,0.13,21523,24.72415018081665
0.79,0.87,0.41,0.69,1.12,0.96,0.11,0.47,0.13,21754,24.72415018081665
0.79,0.87,0.41,0.69,1.12,0.96,0.1,0.47,0.13,21941,24.728732347488403
0.8,0.87,0.41,0.69,1.12,0.96,0.1,0.47,0.13,21910,24.732197761535645
0.8,0.87,0.41,0.69,1.12,0.96,0.11,0.47,0.13,21921,24.73605990409851
0.79,0.87,0.41,0.69,1.12,0.96,0.1,0.47,0.13,21962,24.737114667892456
0.79,0.87,0.41,0.69,1.12,0.96,0.1,0.47,0.13,21827,24.74030590057373
0.79,0.87,0.41,0.69,1.12,0.96,0.11,0.47,0.13,21782,24.74431037902832
0.79,0.87,0.41,0.69,1.12,0.96,0.11,0.47,0.13,22067,24.74831247329712
0.79,0.87,0.41,0.69,1.12,0.96,0.11,0.47,0.13,22276,24.752320766448975
0.8,0.87,0.41,0.69,1.12,0.96,0.11,0.47,0.13,22407,24.753295183181763
0.79,0.87,0.41,0.69,1.12,0.96,0.11,0.47,0.13,21708,24.757296085357666
0.79,0.87,0.42,0.69,1.12,0.96,0.1,0.47,0.13,21695,24.76168203353882
0.79,0.87,0.41,0.69,1.12,0.96,0.11,0.47,0.13,21888,24.764710903167725
0.79,0.87,0.41,0.69,1.12,0.96,0.11,0.47,0.13,21855,24.764710903167725
0.8,0.87,0.41,0.69,1.12,0.96,0.1,0.47,0.13,21868,24.768920421600342
0.79,0.87,0.41,0.69,1.12,0.96,0.11,0.47,0.13,22217,24.772921800613403
0.8,0.87,0.41,0.69,1.13,0.97,0.11,0.47,0.13,22168,24.77692413330078
0.8,0.87,0.41,0.69,1.12,0.96,0.11,0.47,0.13,22107,24.77692413330078
0.79,0.87,0.41,0.69,1.12,0.96,0.11,0.46,0.13,21806,24.780916213989258
0.8,0.87,0.41,0.69,1.13,0.96,0.11,0.47,0.13,21967,24.784932374954224
0.79,0.87,0.42,0.69,1.13,0.96,0.11,0.47,0.13,21910,24.789148807525635
0.79,0.87,0.42,0.69,1.12,0.96,0.11,0.47,0.13,21939,24.789148807525635
0.8,0.87,0.42,0.69,1.12,0.96,0.11,0.47,0.13,21512,24.79352593421936
0.8,0.87,0.42,0.69,1.12,0.96,0.11,0.47,0.13,21787,24.79755711555481
0.79,0.87,0.42,0.69,1.13,0.96,0.11,0.47,0.13,21950,24.80168104171753
0.79,0.87,0.42,0.69,1.13,0.96,0.11,0.47,0.13,21533,24.802690982818604
0.79,0.87,0.42,0.69,1.12,0.96,0.11,0.47,0.13,21654,24.805578231811523
0.79,0.87,0.41,0.69,1.12,0.96,0.11,0.47,0.13,21811,24.809658765792847
0.8,0.87,0.41,0.69,1.12,0.96,0.11,0.47,0.12,21900,24.8136568069458
0.8,0.87,0.41,0.69,1.12,0.96,0.11,0.47,0.13,22317,24.8136568069458
0.8,0.87,0.41,0.69,1.12,0.96,0.11,0.47,0.13,22120,24.81765580177307
0.8,0.87,0.42,0.69,1.12,0.96,0.11,0.47,0.13,22007,24.821648597717285
0.79,0.87,0.42,0.69,1.13,0.97,0.11,0.47,0.13,21834,24.825883626937866
0.8,0.87,0.41,0.7,1.12,0.96,0.11,0.47,0.13,22013,24.829651832580566
0.8,0.87,0.42,0.7,1.12,0.96,0.11,0.47,0.13,21760,24.830668926239014
0.8,0.88,0.42,0.69,1.13,0.96,0.11,0.47,0.13,21719,24.83385968208313
0.8,0.87,0.41,0.69,1.13,0.96,0.1,0.47,0.13,22126,24.837964057922363
0.79,0.88,0.42,0.69,1.12,0.96,0.11,0.47,0.13,22109,24.84195613861084
0.8,0.87,0.42,0.69,1.12,0.96,0.11,0.47,0.13,22022,24.842952489852905
0.8,0.87,0.41,0.69,1.12,0.96,0.11,0.47,0.12,21727,24.845956325531006
0.8,0.87,0.42,0.69,1.12,0.96,0.11,0.47,0.13,21968,24.850956916809082
0.8,0.87,0.42,0.69,1.12,0.96,0.11,0.46,0.13,22165,24.85454249382019
0.79,0.87,0.42,0.69,1.12,0.97,0.11,0.47,0.13,22252,24.855579614639282
0.79,0.87,0.41,0.69,1.12,0.96,0.11,0.47,0.13,21797,24.858683347702026
0.79,0.87,0.42,0.68,1.12,0.96,0.11,0.47,0.13,21836,24.86268377304077
0.8,0.87,0.42,0.69,1.12,0.96,0.1,0.47,0.13,21965,24.8667893409729
0.79,0.87,0.42,0.69,1.12,0.96,0.11,0.47,0.13,21742,24.86765217781067
0.79,0.87,0.42,0.69,1.12,0.96,0.11,0.47,0.13,21739,24.87165117263794
0.79,0.87,0.41,0.69,1.12,0.96,0.11,0.47,0.13,21842,24.87495446205139
0.79,0.87,0.42,0.69,1.12,0.96,0.11,0.47,0.13,21799,24.87877058982849
0.8,0.87,0.42,0.69,1.12,0.96,0.1,0.47,0.13,21742,24.879785299301147
0.8,0.87,0.42,0.69,1.12,0.96,0.1,0.47,0.13,21861,24.882874250411987
0.79,0.87,0.42,0.69,1.12,0.96,0.11,0.47,0.13,21610,24.887869834899902
0.8,0.87,0.42,0.69,1.12,0.96,0.11,0.47,0.13,21155,24.891123294830322
0.79,0.87,0.42,0.69,1.12,0.96,0.1,0.47,0.13,21926,24.89516854286194
0.8,0.87,0.42,0.69,1.12,0.96,0.11,0.47,0.13,22123,24.89516854286194
0.79,0.87,0.42,0.69,1.12,0.96,0.11,0.47,0.13,21862,24.90075922012329
0.79,0.87,0.42,0.68,1.12,0.96,0.11,0.47,0.13,21579,24.90454411506653
0.8,0.87,0.42,0.69,1.12,0.96,0.11,0.47,0.13,21718,24.907493591308594
0.79,0.87,0.42,0.69,1.12,0.96,0.11,0.47,0.13,21871,24.908493518829346
0.79,0.87,0.42,0.69,1.12,0.96,0.11,0.47,0.13,22066,24.912493467330933
0.79,0.87,0.42,0.69,1.12,0.96,0.11,0.46,0.13,22511,24.91649603843689
0.8,0.87,0.42,0.69,1.12,0.96,0.11,0.47,0.13,22308,24.920262575149536
0.79,0.87,0.42,0.69,1.12,0.96,0.11,0.47,0.13,21873,24.921059608459473
0.79,0.87,0.42,0.69,1.12,0.96,0.11,0.47,0.13,22408,24.924614429473877
0.8,0.87,0.42,0.69,1.12,0.96,0.11,0.47,0.13,22533,24.928629636764526
0.79,0.88,0.42,0.69,1.12,0.96,0.11,0.47,0.13,22204,24.932331800460815
0.8,0.87,0.42,0.69,1.12,0.96,0.11,0.47,0.13,22195,24.933037042617798
0.8,0.87,0.42,0.69,1.12,0.96,0.11,0.47,0.13,22420,24.937042474746704
0.79,0.87,0.42,0.69,1.12,0.97,0.11,0.47,0.13,22005,24.941645860671997
0.79,0.87,0.42,0.69,1.12,0.96,0.11,0.47,0.13,21534,24.944867610931396
0.79,0.87,0.42,0.69,1.12,0.96,0.11,0.47,0.13,21591,24.945921897888184
0.79,0.87,0.41,0.69,1.12,0.96,0.1,0.47,0.13,22050,24.94913363456726
0.79,0.87,0.41,0.69,1.12,0.96,0.1,0.47,0.13,22165,24.95349907875061
0.8,0.87,0.42,0.69,1.12,0.96,0.1,0.47,0.12,21586,24.957818269729614
0.8,0.87,0.42,0.69,1.12,0.96,0.11,0.47,0.13,21699,24.961114168167114
0.8,0.87,0.41,0.69,1.12,0.96,0.11,0.47,0.13,22354,24.961114168167114
0.79,0.87,0.41,0.69,1.12,0.97,0.11,0.47,0.13,22499,24.96549153327942
0.79,0.87,0.42,0.69,1.12,0.96,0.11,0.47,0.13,22656,24.969457626342773
0.8,0.87,0.41,0.69,1.12,0.96,0.11,0.47,0.13,22325,24.973461151123047
0.79,0.87,0.42,0.69,1.12,0.96,0.11,0.47,0.13,21834,24.973461151123047
0.79,0.87,0.41,0.69,1.12,0.96,0.11,0.47,0.13,21869,24.97745656967163
0.79,0.87,0.41,0.69,1.12,0.96,0.1,0.47,0.13,21868,24.98149824142456
0.79,0.87,0.42,0.69,1.12,0.96,0.1,0.47,0.13,22155,24.98481297492981
0.79,0.87,0.41,0.69,1.12,0.96,0.11,0.47,0.13,21936,24.985849380493164
0.79,0.87,0.42,0.69,1.12,0.96,0.11,0.47,0.13,21781,24.98994517326355
0.78,0.87,0.42,0.69,1.12,0.96,0.11,0.47,0.13,22000,24.99387526512146
0.79,0.87,0.42,0.69,1.12,0.96,0.11,0.47,0.13,21847,24.99802827835083
