-0.2581920748486515,-0.4833186571271325,-0.24443863511282338,-0.5311585030269678,0.13746835443037964,-0.5345652173913045,-0.09820858558062741,0.13607044578976346,-0.021956521739130402,22985.57594936709,0.0017187118530266332
-0.23819207484865146,-0.5033186571271325,-0.22443863511282336,-0.5611585030269678,0.11746835443037962,-0.5545652173913045,-0.08820858558062741,0.13607044578976346,-0.011956521739130394,23478.57594936709,0.0017187118530266332
-0.21819207484865155,-0.4733186571271326,-0.24443863511282338,-0.5411585030269678,0.13746835443037964,-0.5545652173913045,-0.09820858558062741,0.13607044578976346,-0.011956521739130394,23385.57594936709,0.004974079132079368
-0.21819207484865155,-0.4933186571271325,-0.2544386351128234,-0.5211585030269679,0.17746835443037967,-0.5745652173913044,-0.1082085855806274,0.15607044578976348,-0.011956521739130394,23336.57594936709,0.009992313385009055
-0.19819207484865153,-0.5433186571271326,-0.2544386351128234,-0.5311585030269678,0.23746835443037972,-0.5545652173913045,-0.09820858558062741,0.13607044578976346,-0.0019565217391303846,23355.57594936709,0.01308436393737722
-0.23819207484865146,-0.5333186571271326,-0.23443863511282337,-0.5611585030269678,0.24746835443037973,-0.5945652173913044,-0.11820858558062741,0.1760704457897635,-0.0019565217391303846,23872.57594936709,0.01308436393737722
-0.23819207484865146,-0.5233186571271325,-0.23443863511282337,-0.5711585030269678,0.2174683544303797,-0.5945652173913044,-0.11820858558062741,0.1860704457897635,-0.0019565217391303846,24427.57594936709,0.017148208618163352
-0.2581920748486515,-0.5333186571271326,-0.20443863511282334,-0.5611585030269678,0.25746835443037974,-0.6245652173913044,-0.11820858558062741,0.1660704457897635,-0.011956521739130394,24372.57594936709,0.022128057479854135
-0.2681920748486515,-0.5233186571271325,-0.24443863511282338,-0.5611585030269678,0.2174683544303797,-0.5845652173913044,-0.11820858558062741,0.1960704457897634,-0.011956521739130394,24655.57594936709,0.026148509979247336
-0.2881920748486515,-0.5333186571271326,-0.2544386351128234,-0.5711585030269678,0.27746835443037976,-0.6345652173913044,-0.11820858558062741,0.1960704457897634,-0.0019565217391303846,24836.57594936709,0.029131841659545188
-0.2881920748486515,-0.5533186571271326,-0.24443863511282338,-0.5911585030269678,0.3274683544303798,-0.6245652173913044,-0.11820858558062741,0.21607044578976342,-0.011956521739130394,25121.57594936709,0.030168962478640537
-0.2981920748486515,-0.5633186571271326,-0.2744386351128234,-0.5811585030269678,0.35746835443037983,-0.6045652173913044,-0.1082085855806274,0.26607044578976347,-0.011956521739130394,25406.57594936709,0.033527565002440696
-0.2981920748486515,-0.5433186571271326,-0.2744386351128234,-0.5811585030269678,0.3674683544303796,-0.6045652173913044,-0.1082085855806274,0.26607044578976347,-0.0019565217391303846,25111.57594936709,0.038201284408568625
-0.2981920748486515,-0.5333186571271326,-0.2544386351128234,-0.5711585030269678,0.39746835443037964,-0.6045652173913044,-0.09820858558062741,0.2860704457897635,-0.011956521739130394,25422.57594936709,0.041186046600341086
-0.2881920748486515,-0.5533186571271326,-0.23443863511282337,-0.6011585030269678,0.4374683544303797,-0.6245652173913044,-0.1082085855806274,0.2960704457897635,-0.0019565217391303846,25927.57594936709,0.042180967330928354
-0.32819207484865154,-0.5833186571271326,-0.2744386351128234,-0.5711585030269678,0.4474683544303797,-0.5545652173913045,-0.1082085855806274,0.3060704457897635,-0.0019565217391303846,26204.57594936709,0.04616899490356374
-0.31819207484865153,-0.5333186571271326,-0.29443863511282337,-0.5511585030269678,0.5074683544303797,-0.5745652173913044,-0.1082085855806274,0.2860704457897635,-0.0019565217391303846,26453.57594936709,0.050170135498046164
-0.33819207484865155,-0.5433186571271326,-0.2844386351128234,-0.5611585030269678,0.4874683544303797,-0.6045652173913044,-0.11820858558062741,0.2860704457897635,-0.0019565217391303846,26506.57594936709,0.054058265686034446
-0.35819207484865145,-0.5333186571271326,-0.29443863511282337,-0.5911585030269678,0.5274683544303798,-0.6045652173913044,-0.11820858558062741,0.2860704457897635,-0.0019565217391303846,26765.57594936709,0.05509061813354421
-0.3881920748486515,-0.5433186571271326,-0.2844386351128234,-0.5611585030269678,0.5674683544303798,-0.6145652173913044,-0.11820858558062741,0.2860704457897635,-0.0019565217391303846,26878.57594936709,0.058405590057372336
-0.37819207484865147,-0.5533186571271326,-0.3144386351128234,-0.6011585030269678,0.6074683544303798,-0.6245652173913044,-0.1082085855806274,0.35607044578976343,0.008043478260869596,27069.57594936709,0.06241722106933523
-0.4381920748486515,-0.5533186571271326,-0.3244386351128234,-0.6011585030269678,0.6474683544303796,-0.6145652173913044,-0.1082085855806274,0.3360704457897634,0.008043478260869596,27288.57594936709,0.06637592315673402
-0.4081920748486515,-0.5333186571271326,-0.3044386351128234,-0.6211585030269677,0.6774683544303797,-0.6445652173913045,-0.1082085855806274,0.3260704457897634,0.028043478260869614,27521.57594936709,0.06637592315673402
-0.4081920748486515,-0.5533186571271326,-0.2844386351128234,-0.6311585030269677,0.6874683544303797,-0.6045652173913044,-0.11820858558062741,0.3460704457897634,0.018043478260869605,27758.57594936709,0.07086606025696085
-0.37819207484865147,-0.5633186571271326,-0.3044386351128234,-0.5911585030269678,0.7274683544303797,-0.6145652173913044,-0.09820858558062741,0.35607044578976343,0.038043478260869595,27643.57594936709,0.07523341178893972
-0.31819207484865153,-0.5533186571271326,-0.3244386351128234,-0.5811585030269678,0.7674683544303795,-0.6245652173913044,-0.1082085855806274,0.36607044578976344,0.008043478260869596,27614.57594936709,0.07955641746520925
-0.3881920748486515,-0.5333186571271326,-0.3744386351128234,-0.5811585030269678,0.8074683544303796,-0.6045652173913044,-0.1082085855806274,0.35607044578976343,0.008043478260869596,27759.57594936709,0.07955641746520925
-0.3981920748486515,-0.5233186571271325,-0.3344386351128234,-0.5911585030269678,0.8074683544303796,-0.6145652173913044,-0.1082085855806274,0.39607044578976347,0.018043478260869605,28166.57594936709,0.08256001472473073
-0.4281920748486515,-0.5633186571271326,-0.3144386351128234,-0.6011585030269678,0.8574683544303798,-0.6645652173913045,-0.11820858558062741,0.38607044578976346,0.028043478260869614,28275.57594936709,0.08782310485840128
-0.4081920748486515,-0.5433186571271326,-0.3044386351128234,-0.6011585030269678,0.8674683544303796,-0.6845652173913044,-0.1082085855806274,0.4060704457897635,0.038043478260869595,28412.57594936709,0.09105272293090749
-0.3881920748486515,-0.5433186571271326,-0.3144386351128234,-0.5711585030269678,0.9074683544303797,-0.6945652173913044,-0.11820858558062741,0.4060704457897635,0.028043478260869614,28043.57594936709,0.09470839500427175
-0.4181920748486515,-0.5233186571271325,-0.3244386351128234,-0.6311585030269677,0.9174683544303799,-0.7145652173913044,-0.11820858558062741,0.4160704457897635,0.038043478260869595,27894.57594936709,0.09470839500427175
-0.4881920748486515,-0.5233186571271325,-0.3244386351128234,-0.6011585030269678,0.9674683544303797,-0.7145652173913044,-0.12820858558062742,0.4160704457897635,0.038043478260869595,27891.57594936709,0.09977312088012624
-0.3881920748486515,-0.5533186571271326,-0.3444386351128234,-0.6111585030269677,0.9774683544303799,-0.6845652173913044,-0.12820858558062742,0.4160704457897635,0.038043478260869595,27796.57594936709,0.10335822105407999
-0.4081920748486515,-0.5333186571271326,-0.3344386351128234,-0.6111585030269677,0.9774683544303799,-0.6645652173913045,-0.1382085855806274,0.4160704457897635,0.038043478260869595,28189.57594936709,0.10736198425292898
-0.44819207484865153,-0.4733186571271326,-0.3244386351128234,-0.5911585030269678,1.0174683544303795,-0.6745652173913045,-0.12820858558062742,0.4260704457897635,0.038043478260869595,28168.57594936709,0.10736198425292898
-0.3981920748486515,-0.4733186571271326,-0.3244386351128234,-0.5911585030269678,0.9974683544303795,-0.6945652173913044,-0.11820858558062741,0.4460704457897635,0.048043478260869604,28595.57594936709,0.11233205795288015
-0.4081920748486515,-0.4533186571271326,-0.3444386351128234,-0.6111585030269677,1.0074683544303797,-0.6745652173913045,-0.11820858558062741,0.46607044578976353,0.048043478260869604,28642.57594936709,0.11613793373107839
-0.3881920748486515,-0.4733186571271326,-0.3344386351128234,-0.6011585030269678,1.0374683544303795,-0.6845652173913044,-0.1082085855806274,0.46607044578976353,0.038043478260869595,28345.57594936709,0.11914987564086843
-0.4081920748486515,-0.4533186571271326,-0.3244386351128234,-0.5811585030269678,1.0174683544303795,-0.6945652173913044,-0.1082085855806274,0.49607044578976356,0.048043478260869604,28372.57594936709,0.12013144493102956
-0.4581920748486515,-0.4633186571271326,-0.3444386351128234,-0.6111585030269677,1.0374683544303795,-0.6745652173913045,-0.1082085855806274,0.49607044578976356,0.048043478260869604,28823.57594936709,0.12413735389709046
-0.44819207484865153,-0.41331865712713256,-0.3244386351128234,-0.6011585030269678,1.0274683544303798,-0.6745652173913045,-0.12820858558062742,0.5060704457897633,0.048043478260869604,29166.57594936709,0.12817139625549245
-0.4381920748486515,-0.41331865712713256,-0.3144386351128234,-0.6311585030269677,1.0174683544303795,-0.6945652173913044,-0.11820858558062741,0.5160704457897634,0.048043478260869604,29027.57594936709,0.13192052841186452
-0.4881920748486515,-0.38331865712713253,-0.3244386351128234,-0.6211585030269677,0.9874683544303797,-0.6945652173913044,-0.11820858558062741,0.5260704457897634,0.0680434782608696,28926.57594936709,0.13296599388122488
-0.44819207484865153,-0.3733186571271325,-0.2744386351128234,-0.6311585030269677,0.9774683544303799,-0.7045652173913044,-0.11820858558062741,0.5560704457897634,0.05804347826086961,29407.57594936709,0.13595361709594656
-0.4681920748486515,-0.3633186571271325,-0.2644386351128234,-0.6411585030269678,0.9574683544303799,-0.6945652173913044,-0.12820858558062742,0.5660704457897634,0.05804347826086961,29508.57594936709,0.14096064567565847
-0.4681920748486515,-0.3333186571271325,-0.2844386351128234,-0.6311585030269677,0.9374683544303799,-0.6845652173913044,-0.11820858558062741,0.6060704457897634,0.05804347826086961,29337.57594936709,0.14395136833190847
-0.44819207484865153,-0.31331865712713247,-0.2644386351128234,-0.6011585030269678,0.8974683544303799,-0.7345652173913044,-0.1082085855806274,0.6260704457897635,0.0680434782608696,29508.57594936709,0.1449625015258782
-0.4381920748486515,-0.28331865712713267,-0.2744386351128234,-0.6211585030269677,0.8474683544303796,-0.7045652173913044,-0.1082085855806274,0.6460704457897635,0.0680434782608696,29713.57594936709,0.14826197624206472
-0.4381920748486515,-0.24331865712713263,-0.29443863511282337,-0.6411585030269678,0.8174683544303798,-0.6745652173913045,-0.11820858558062741,0.6660704457897635,0.0780434782608696,30254.57594936709,0.15254731178283976
-0.4681920748486515,-0.23331865712713262,-0.2744386351128234,-0.6311585030269677,0.8174683544303798,-0.6745652173913045,-0.1082085855806274,0.6760704457897635,0.0780434782608696,30309.57594936709,0.1565677642822223
-0.44819207484865153,-0.2133186571271326,-0.2744386351128234,-0.6411585030269678,0.7774683544303798,-0.6645652173913045,-0.11820858558062741,0.7060704457897635,0.08804347826086961,30042.57594936709,0.16056771278381277
-0.4881920748486515,-0.1933186571271326,-0.2744386351128234,-0.6311585030269677,0.7574683544303797,-0.6645652173913045,-0.11820858558062741,0.7160704457897635,0.08804347826086961,30113.57594936709,0.16056771278381277
-0.4981920748486515,-0.18331865712713258,-0.3244386351128234,-0.6311585030269677,0.7274683544303797,-0.6845652173913044,-0.11820858558062741,0.7460704457897636,0.0680434782608696,30518.57594936709,0.16453523635863831
-0.4981920748486515,-0.16331865712713256,-0.3244386351128234,-0.6311585030269677,0.7074683544303797,-0.6345652173913044,-0.11820858558062741,0.7560704457897633,0.0680434782608696,30559.57594936709,0.16888422966003702
-0.4781920748486515,-0.12331865712713252,-0.35443863511282336,-0.6211585030269677,0.6574683544303797,-0.6245652173913044,-0.1082085855806274,0.7560704457897633,0.0680434782608696,30864.57594936709,0.1730396270751946
-0.4881920748486515,-0.0933186571271325,-0.3344386351128234,-0.6311585030269677,0.6374683544303796,-0.6145652173913044,-0.1082085855806274,0.7860704457897634,0.0780434782608696,31279.57594936709,0.1730396270751946
-0.4981920748486515,-0.0933186571271325,-0.2644386351128234,-0.6411585030269678,0.6174683544303796,-0.6045652173913044,-0.1082085855806274,0.8060704457897634,0.10804347826086963,31128.57594936709,0.1772653579711907
-0.5281920748486515,-0.07331865712713248,-0.2744386351128234,-0.6411585030269678,0.5874683544303798,-0.5745652173913044,-0.1082085855806274,0.8060704457897634,0.09804347826086962,30787.57594936709,0.1812657833099358
-0.5381920748486515,-0.05331865712713246,-0.3144386351128234,-0.6411585030269678,0.5474683544303798,-0.5845652173913044,-0.1082085855806274,0.8360704457897634,0.08804347826086961,31028.57594936709,0.18444557189941335
-0.5081920748486515,-0.03331865712713267,-0.3144386351128234,-0.6611585030269678,0.5174683544303798,-0.5545652173913045,-0.09820858558062741,0.8460704457897634,0.08804347826086961,31863.57594936709,0.1854435920715325
-0.4981920748486515,-0.023318657127132658,-0.3044386351128234,-0.6311585030269677,0.49746835443037973,-0.5345652173913045,-0.1082085855806274,0.8660704457897634,0.08804347826086961,32278.57594936709,0.18944401741028116
-0.4981920748486515,-0.0033186571271326404,-0.3044386351128234,-0.6411585030269678,0.4774683544303797,-0.5045652173913044,-0.1082085855806274,0.8660704457897634,0.09804347826086962,31983.57594936709,0.19340510368347097
-0.5381920748486515,0.016681342872867377,-0.3144386351128234,-0.6511585030269678,0.4574683544303797,-0.4745652173913044,-0.1082085855806274,0.8860704457897635,0.08804347826086961,31904.57594936709,0.19695324897766042
-0.4781920748486515,0.046681342872867404,-0.3244386351128234,-0.6211585030269677,0.4374683544303797,-0.4545652173913044,-0.1082085855806274,0.8960704457897635,0.09804347826086962,32797.57594936709,0.19803781509399698
-0.4881920748486515,0.046681342872867404,-0.2844386351128234,-0.6411585030269678,0.41746835443037966,-0.4445652173913044,-0.1082085855806274,0.8960704457897635,0.09804347826086962,32802.57594936709,0.2014677047729485
-0.4881920748486515,0.06668134287286742,-0.2744386351128234,-0.6211585030269677,0.38746835443037964,-0.40456521739130435,-0.1082085855806274,0.9160704457897635,0.09804347826086962,32933.57594936709,0.20550055503844789
-0.4581920748486515,0.08668134287286744,-0.2744386351128234,-0.6411585030269678,0.3774683544303796,-0.41456521739130436,-0.08820858558062741,0.9160704457897635,0.09804347826086962,32944.57594936709,0.20971770286559988
-0.5181920748486515,0.08668134287286744,-0.2544386351128234,-0.6411585030269678,0.35746835443037983,-0.39456521739130435,-0.1082085855806274,0.9060704457897635,0.1280434782608696,33081.57594936709,0.2107290744781487
-0.5281920748486515,0.10668134287286746,-0.19443863511282333,-0.6211585030269677,0.3274683544303798,-0.38456521739130434,-0.1082085855806274,0.9260704457897635,0.1380434782608696,33140.57594936709,0.21371383666992116
-0.4981920748486515,0.11668134287286747,-0.20443863511282334,-0.6211585030269677,0.3174683544303798,-0.37456521739130433,-0.09820858558062741,0.9260704457897635,0.1280434782608696,32975.57594936709,0.2179309844970696
-0.4981920748486515,0.11668134287286747,-0.19443863511282333,-0.6111585030269677,0.3074683544303798,-0.3345652173913045,-0.09820858558062741,0.9460704457897635,0.1480434782608696,33070.57594936709,0.22201223373413015
-0.5081920748486515,0.12668134287286748,-0.19443863511282333,-0.6011585030269678,0.28746835443037977,-0.3145652173913045,-0.09820858558062741,0.9460704457897635,0.16804347826086963,33169.57594936709,0.22309155464172292
-0.5081920748486515,0.1466813428728675,-0.19443863511282333,-0.6111585030269677,0.27746835443037976,-0.2945652173913045,-0.08820858558062741,0.9460704457897635,0.17804347826086958,33396.57594936709,0.22609157562255788
-0.4981920748486515,0.1666813428728675,-0.17443863511282343,-0.6011585030269678,0.25746835443037974,-0.3145652173913045,-0.0782085855806274,0.9460704457897635,0.1880434782608696,33379.57594936709,0.23027749061584402
-0.4881920748486515,0.1566813428728675,-0.1544386351128234,-0.5911585030269678,0.24746835443037973,-0.2945652173913045,-0.06820858558062741,0.9560704457897635,0.21804347826086962,33306.57594936709,0.23436923027038503
-0.4681920748486515,0.1666813428728675,-0.1444386351128234,-0.6011585030269678,0.24746835443037973,-0.26456521739130445,-0.08820858558062741,0.9660704457897635,0.21804347826086962,33029.57594936709,0.2383610725402825
-0.44819207484865153,0.1666813428728675,-0.11443863511282337,-0.5911585030269678,0.23746835443037972,-0.28456521739130447,-0.0782085855806274,0.9660704457897635,0.22804347826086963,33014.57594936709,0.2383610725402825
-0.4981920748486515,0.17668134287286752,-0.11443863511282337,-0.6011585030269678,0.22746835443037972,-0.24456521739130443,-0.0782085855806274,0.9560704457897635,0.2480434782608696,33047.57594936709,0.24234194755554128
-0.4781920748486515,0.18668134287286753,-0.11443863511282337,-0.6011585030269678,0.2174683544303797,-0.23456521739130443,-0.08820858558062741,0.9560704457897635,0.2480434782608696,33190.57594936709,0.2465188026428251
-0.4781920748486515,0.17668134287286752,-0.09443863511282335,-0.6011585030269678,0.2174683544303797,-0.2045652173913044,-0.0782085855806274,0.9660704457897635,0.2480434782608696,33419.57594936709,0.2505828857421868
-0.4981920748486515,0.17668134287286752,-0.04443863511282342,-0.6011585030269678,0.23746835443037972,-0.1945652173913044,-0.06820858558062741,0.9560704457897635,0.2580434782608696,33428.57594936709,0.2515165328979485
-0.4881920748486515,0.1666813428728675,-0.04443863511282342,-0.5911585030269678,0.2174683544303797,-0.15456521739130435,-0.06820858558062741,0.9760704457897635,0.2780434782608696,33221.57594936709,0.2555152893066399
-0.4781920748486515,0.1566813428728675,-0.03443863511282341,-0.5711585030269678,0.22746835443037972,-0.13456521739130434,-0.06820858558062741,0.9760704457897635,0.3080434782608696,32950.57594936709,0.2590453147888141
-0.44819207484865153,0.17668134287286752,-0.004438635112823386,-0.5711585030269678,0.22746835443037972,-0.13456521739130434,-0.058208585580627414,0.9460704457897635,0.3180434782608696,32599.57594936709,0.2632641315460198
-0.4381920748486515,0.1566813428728675,-0.004438635112823386,-0.5511585030269678,0.25746835443037974,-0.08456521739130451,-0.058208585580627414,0.9360704457897635,0.3380434782608696,32474.57594936709,0.2641031265258782
-0.3981920748486515,0.1566813428728675,0.015561364887176632,-0.5611585030269678,0.23746835443037972,-0.0745652173913045,-0.06820858558062741,0.9560704457897635,0.3380434782608696,32221.57594936709,0.2665593147277825
-0.4081920748486515,0.13668134287286748,0.02556136488717664,-0.5611585030269678,0.24746835443037973,-0.03456521739130447,-0.058208585580627414,0.9360704457897635,0.35804347826086963,32446.57594936709,0.2713844299316399
-0.4281920748486515,0.1466813428728675,0.05556136488717667,-0.5511585030269678,0.24746835443037973,-0.014565217391304452,-0.058208585580627414,0.9260704457897635,0.37804347826086965,31983.57594936709,0.27541227340698526
-0.4181920748486515,0.13668134287286748,0.08556136488717658,-0.5511585030269678,0.26746835443037975,-0.014565217391304452,-0.048208585580627406,0.9160704457897635,0.39804347826086955,32188.57594936709,0.27641196250915456
-0.3881920748486515,0.1466813428728675,0.07556136488717657,-0.5211585030269679,0.25746835443037974,-0.014565217391304452,-0.048208585580627406,0.9160704457897635,0.39804347826086955,31965.57594936709,0.27929587364196706
-0.37819207484865147,0.1466813428728675,0.08556136488717658,-0.5411585030269678,0.24746835443037973,0.03543478260869559,-0.048208585580627406,0.9360704457897635,0.4280434782608696,31728.57594936709,0.28342385292052796
-0.34819207484865156,0.13668134287286748,0.12556136488717662,-0.5611585030269678,0.25746835443037974,0.03543478260869559,-0.028208585580627416,0.9360704457897635,0.4380434782608696,31771.57594936709,0.2874340534210198
-0.31819207484865153,0.10668134287286746,0.13556136488717663,-0.5511585030269678,0.26746835443037975,0.05543478260869561,-0.028208585580627416,0.9460704457897635,0.4480434782608696,31504.57594936709,0.2884356498718219
-0.32819207484865154,0.13668134287286748,0.16556136488717665,-0.5311585030269678,0.25746835443037974,0.07543478260869563,-0.028208585580627416,0.9260704457897635,0.4380434782608696,31815.57594936709,0.2917186737060504
-0.2981920748486515,0.11668134287286747,0.17556136488717666,-0.5011585030269678,0.27746835443037976,0.08543478260869564,-0.008208585580627398,0.8960704457897635,0.4580434782608696,31684.57594936709,0.2967304706573479
-0.2681920748486515,0.12668134287286748,0.18556136488717656,-0.5111585030269679,0.26746835443037975,0.05543478260869561,0.0017914144193725834,0.8760704457897635,0.49804347826086964,31075.57594936709,0.300231885910037
-0.3081920748486515,0.07668134287286743,0.17556136488717666,-0.4911585030269678,0.2974683544303798,0.10543478260869565,0.03179141441937258,0.8860704457897635,0.49804347826086964,30668.57594936709,0.30392069816589284
-0.33819207484865155,0.10668134287286746,0.18556136488717656,-0.47115850302696777,0.2974683544303798,0.11543478260869566,0.011791414419372592,0.8760704457897635,0.5280434782608696,31133.57594936709,0.30489225387572816
-0.4381920748486515,0.07668134287286743,0.17556136488717666,-0.4511585030269678,0.3074683544303798,0.12543478260869567,0.0217914144193726,0.8960704457897635,0.5480434782608696,31342.57594936709,0.30800981521606374
-0.35819207484865145,0.046681342872867404,0.20556136488717658,-0.4511585030269678,0.3274683544303798,0.11543478260869566,0.03179141441937258,0.8860704457897635,0.5680434782608696,31029.57594936709,0.3130368709564202
-0.33819207484865155,0.036681342872867395,0.20556136488717658,-0.4411585030269678,0.3474683544303798,0.13543478260869546,0.0217914144193726,0.8560704457897634,0.5780434782608697,30986.57594936709,0.3160316467285149
-0.36819207484865146,0.016681342872867377,0.2255613648871766,-0.4011585030269678,0.3674683544303796,0.14543478260869547,0.03179141441937258,0.8460704457897634,0.6080434782608697,31025.57594936709,0.3160316467285149
-0.36819207484865146,-0.0033186571271326404,0.2155613648871766,-0.3911585030269678,0.3774683544303796,0.1754347826086955,0.03179141441937258,0.8560704457897634,0.6280434782608697,30928.57594936709,0.32102818489074636
-0.34819207484865156,-0.023318657127132658,0.24556136488717661,-0.3711585030269678,0.39746835443037964,0.15543478260869548,0.04179141441937259,0.8560704457897634,0.6480434782608695,30663.57594936709,0.3244981288909905
-0.33819207484865155,-0.03331865712713267,0.24556136488717661,-0.3211585030269678,0.39746835443037964,0.1754347826086955,0.0517914144193726,0.8360704457897634,0.6580434782608695,30812.57594936709,0.32852883338927796
-0.34819207484865156,-0.03331865712713267,0.2555613648871766,-0.3011585030269678,0.39746835443037964,0.1754347826086955,0.07179141441937259,0.8460704457897634,0.6580434782608695,30619.57594936709,0.32852883338927796
-0.34819207484865156,-0.03331865712713267,0.27556136488717664,-0.2911585030269678,0.41746835443037966,0.1854347826086955,0.0817914144193726,0.8260704457897634,0.6680434782608695,30462.57594936709,0.3325733661651604
-0.36819207484865146,-0.043318657127132454,0.27556136488717664,-0.25115850302696774,0.42746835443037967,0.21543478260869553,0.09179141441937261,0.8060704457897634,0.6680434782608695,30911.57594936709,0.3366763114929192
-0.32819207484865154,-0.07331865712713248,0.2555613648871766,-0.23115850302696783,0.4374683544303797,0.23543478260869555,0.10179141441937262,0.8060704457897634,0.6880434782608695,30720.57594936709,0.34067769050598073
-0.31819207484865153,-0.08331865712713249,0.27556136488717664,-0.23115850302696783,0.4574683544303797,0.23543478260869555,0.11179141441937257,0.7960704457897634,0.6980434782608695,30637.57594936709,0.34067769050598073
-0.31819207484865153,-0.0933186571271325,0.2555613648871766,-0.2011585030269678,0.4774683544303797,0.24543478260869556,0.12179141441937258,0.7860704457897634,0.7080434782608696,30576.57594936709,0.345680904388427
-0.2881920748486515,-0.12331865712713252,0.27556136488717664,-0.2011585030269678,0.49746835443037973,0.24543478260869556,0.1417914144193726,0.7660704457897634,0.7280434782608696,30687.57594936709,0.3496808528900104
-0.2781920748486515,-0.11331865712713252,0.29556136488717666,-0.16115850302696777,0.49746835443037973,0.25543478260869557,0.1417914144193726,0.7660704457897634,0.7280434782608696,30588.57594936709,0.3527011394500761
-0.22819207484865156,-0.14331865712713254,0.29556136488717666,-0.1811585030269678,0.5374683544303798,0.2754347826086956,0.16179141441937261,0.7560704457897633,0.7480434782608696,30581.57594936709,0.3537473201751702
-0.2581920748486515,-0.16331865712713256,0.30556136488717667,-0.14115850302696775,0.5474683544303798,0.2754347826086956,0.17179141441937257,0.7360704457897635,0.7380434782608696,31036.57594936709,0.35781569480895925
-0.2581920748486515,-0.1933186571271326,0.3155613648871767,-0.14115850302696775,0.5774683544303798,0.2654347826086956,0.18179141441937258,0.7260704457897635,0.7680434782608696,30887.57594936709,0.36193032264709046
-0.19819207484865153,-0.2133186571271326,0.3255613648871767,-0.13115850302696774,0.6074683544303798,0.2854347826086956,0.18179141441937258,0.7360704457897635,0.7680434782608696,30550.57594936709,0.36604876518249085
-0.19819207484865153,-0.23331865712713262,0.3255613648871767,-0.14115850302696775,0.6274683544303796,0.25543478260869557,0.18179141441937258,0.7260704457897635,0.8180434782608696,30677.57594936709,0.3693608760833733
-0.20819207484865154,-0.23331865712713262,0.3255613648871767,-0.13115850302696774,0.6174683544303796,0.2654347826086956,0.18179141441937258,0.7260704457897635,0.7980434782608696,31090.57594936709,0.3693608760833733
-0.2581920748486515,-0.25331865712713264,0.3555613648871767,-0.1811585030269678,0.6474683544303796,0.2754347826086956,0.1417914144193726,0.7360704457897635,0.8180434782608696,31197.57594936709,0.3745731830596881
-0.23819207484865146,-0.26331865712713265,0.3755613648871765,-0.1911585030269678,0.6674683544303797,0.25543478260869557,0.1317914144193726,0.7160704457897635,0.8080434782608696,31084.57594936709,0.37869544029236124
-0.2581920748486515,-0.27331865712713266,0.40556136488717653,-0.23115850302696783,0.6974683544303797,0.22543478260869554,0.11179141441937257,0.6960704457897635,0.8380434782608697,31333.57594936709,0.3819889545440667
-0.2681920748486515,-0.26331865712713265,0.42556136488717655,-0.25115850302696774,0.7074683544303797,0.20543478260869552,0.10179141441937262,0.6860704457897635,0.8480434782608697,31270.57594936709,0.38270564079284597
-0.2881920748486515,-0.27331865712713266,0.4555613648871766,-0.27115850302696776,0.7074683544303797,0.1854347826086955,0.0817914144193726,0.6760704457897635,0.8680434782608697,31393.57594936709,0.38703818321227956
-0.2781920748486515,-0.27331865712713266,0.4955613648871766,-0.28115850302696777,0.7374683544303797,0.16543478260869549,0.09179141441937261,0.6660704457897635,0.8780434782608697,31590.57594936709,0.39004797935485414
-0.32819207484865154,-0.27331865712713266,0.4955613648871766,-0.3311585030269678,0.7274683544303797,0.14543478260869547,0.06179141441937258,0.6660704457897635,0.9080434782608697,31345.57594936709,0.3940424442291288
-0.35819207484865145,-0.25331865712713264,0.5055613648871766,-0.3411585030269678,0.7274683544303797,0.13543478260869546,0.04179141441937259,0.6560704457897635,0.9380434782608698,31572.57594936709,0.3950876712799065
-0.3981920748486515,-0.26331865712713265,0.5355613648871766,-0.3711585030269678,0.7374683544303797,0.10543478260869565,0.03179141441937258,0.6360704457897635,0.9680434782608696,31781.57594936709,0.3984343528747587
-0.3981920748486515,-0.25331865712713264,0.5555613648871767,-0.3911585030269678,0.7374683544303797,0.06543478260869562,0.0217914144193726,0.6260704457897635,0.9780434782608696,32552.57594936709,0.40278453826904226
-0.4281920748486515,-0.25331865712713264,0.5855613648871767,-0.4011585030269678,0.7674683544303795,0.05543478260869561,0.03179141441937258,0.6160704457897634,0.9880434782608696,32487.57594936709,0.40665884017944265
-0.4281920748486515,-0.23331865712713262,0.5955613648871767,-0.4511585030269678,0.7774683544303798,0.025434782608695583,-0.018208585580627407,0.6060704457897634,1.0080434782608696,32892.57594936709,0.4079288959503202
-0.4781920748486515,-0.24331865712713263,0.6055613648871767,-0.4811585030269678,0.7574683544303797,0.015434782608695574,0.011791414419372592,0.6160704457897634,1.0180434782608696,33065.57594936709,0.41066355705260804
-0.4581920748486515,-0.24331865712713263,0.6255613648871765,-0.5211585030269679,0.7674683544303795,-0.014565217391304452,-0.018208585580627407,0.5960704457897634,1.0580434782608696,32610.57594936709,0.41550750732421804
-0.4981920748486515,-0.2233186571271326,0.6455613648871765,-0.5011585030269678,0.7574683544303797,-0.02456521739130446,-0.018208585580627407,0.5960704457897634,1.0580434782608696,32989.57594936709,0.41847128868102956
-0.4681920748486515,-0.2233186571271326,0.6655613648871765,-0.5011585030269678,0.7474683544303795,-0.03456521739130447,-0.008208585580627398,0.6360704457897635,1.0680434782608696,33468.57594936709,0.41847128868102956
-0.4881920748486515,-0.2233186571271326,0.6655613648871765,-0.5511585030269678,0.7174683544303797,-0.04456521739130448,-0.018208585580627407,0.6460704457897635,1.0780434782608697,33685.57594936709,0.4224755287170403
-0.4981920748486515,-0.2133186571271326,0.6955613648871766,-0.5511585030269678,0.7174683544303797,-0.0745652173913045,-0.0382085855806274,0.6360704457897635,1.0880434782608697,34156.57594936709,0.42683334350585866
-0.4781920748486515,-0.2033186571271326,0.7055613648871766,-0.5411585030269678,0.7174683544303797,-0.09456521739130452,0.011791414419372592,0.6560704457897635,1.0880434782608697,34247.57594936709,0.4307355403900104
-0.4281920748486515,-0.17331865712713257,0.7255613648871766,-0.5611585030269678,0.6874683544303797,-0.10456521739130453,-0.018208585580627407,0.6460704457897635,1.0980434782608697,35050.57594936709,0.4320621013641315
-0.4981920748486515,-0.16331865712713256,0.7455613648871766,-0.5411585030269678,0.6674683544303797,-0.12456521739130433,-0.0382085855806274,0.6560704457897635,1.1080434782608697,35287.57594936709,0.4350971698760979
-0.5581920748486515,-0.15331865712713255,0.7655613648871766,-0.5411585030269678,0.6374683544303796,-0.14456521739130435,-0.018208585580627407,0.6760704457897635,1.1280434782608697,35352.57594936709,0.4390913963317864
-0.5781920748486515,-0.16331865712713256,0.7855613648871766,-0.5711585030269678,0.6274683544303796,-0.16456521739130436,-0.028208585580627416,0.6960704457897635,1.1180434782608697,35577.57594936709,0.4430899143218987
-0.5581920748486515,-0.15331865712713255,0.8155613648871767,-0.5611585030269678,0.6174683544303796,-0.1945652173913044,-0.048208585580627406,0.7160704457897635,1.1380434782608697,35712.57594936709,0.44708986282348917
-0.5781920748486515,-0.12331865712713252,0.8155613648871767,-0.6011585030269678,0.5774683544303798,-0.2045652173913044,-0.058208585580627414,0.7260704457897635,1.1380434782608697,35941.57594936709,0.448095512390136
-0.5581920748486515,-0.13331865712713253,0.8355613648871767,-0.5911585030269678,0.5774683544303798,-0.2145652173913044,-0.028208585580627416,0.7360704457897635,1.1380434782608697,35968.57594936709,0.4516975402832024
-0.5681920748486515,-0.10331865712713251,0.8455613648871767,-0.5811585030269678,0.5474683544303798,-0.23456521739130443,-0.048208585580627406,0.7460704457897636,1.1380434782608697,36329.57594936709,0.45580453872680593
-0.6381920748486515,-0.07331865712713248,0.8655613648871767,-0.5811585030269678,0.5274683544303798,-0.23456521739130443,-0.0382085855806274,0.7260704457897635,1.1480434782608697,36556.57594936709,0.4595567703247063
-0.5681920748486515,-0.06331865712713247,0.8555613648871767,-0.5811585030269678,0.49746835443037973,-0.23456521739130443,-0.028208585580627416,0.7460704457897636,1.1480434782608697,36241.57594936709,0.4595567703247063
-0.5381920748486515,-0.03331865712713267,0.8655613648871767,-0.5611585030269678,0.4574683544303797,-0.24456521739130443,-0.048208585580627406,0.7660704457897634,1.1480434782608697,36346.57594936709,0.4635881900787311
-0.5481920748486515,-0.0033186571271326404,0.8655613648871767,-0.5711585030269678,0.4474683544303797,-0.24456521739130443,-0.028208585580627416,0.7660704457897634,1.1580434782608697,36971.57594936709,0.46758837699890066
-0.5481920748486515,-0.0033186571271326404,0.8755613648871765,-0.5511585030269678,0.40746835443037965,-0.24456521739130443,-0.018208585580627407,0.7860704457897634,1.1480434782608697,36848.57594936709,0.4715914249420159
-0.5581920748486515,0.0066813428728673685,0.8755613648871765,-0.5311585030269678,0.40746835443037965,-0.25456521739130444,-0.008208585580627398,0.7960704457897634,1.1580434782608697,36645.57594936709,0.4725994586944573
-0.5081920748486515,0.016681342872867377,0.8855613648871765,-0.4811585030269678,0.38746835443037964,-0.26456521739130445,0.0017914144193725834,0.7960704457897634,1.1580434782608697,37026.57594936709,0.47659630775451944
-0.5081920748486515,0.046681342872867404,0.8855613648871765,-0.47115850302696777,0.3674683544303796,-0.26456521739130445,0.011791414419372592,0.8160704457897634,1.1580434782608697,37333.57594936709,0.4806267738342278
-0.4981920748486515,0.046681342872867404,0.8855613648871765,-0.4411585030269678,0.3374683544303798,-0.25456521739130444,0.0217914144193726,0.8260704457897634,1.1480434782608697,37542.57594936709,0.48427052497864054
-0.4881920748486515,0.046681342872867404,0.8855613648871765,-0.4511585030269678,0.3174683544303798,-0.26456521739130445,0.03179141441937258,0.8360704457897634,1.1480434782608697,37533.57594936709,0.4847902774810784
-0.4381920748486515,0.08668134287286744,0.8955613648871765,-0.4311585030269678,0.3074683544303798,-0.26456521739130445,0.03179141441937258,0.8360704457897634,1.1280434782608697,37870.57594936709,0.4890431880950885
-0.4281920748486515,0.08668134287286744,0.8955613648871765,-0.41115850302696777,0.28746835443037977,-0.25456521739130444,0.04179141441937259,0.8360704457897634,1.1380434782608697,37873.57594936709,0.4929558753967278
-0.34819207484865156,0.08668134287286744,0.8955613648871765,-0.3911585030269678,0.26746835443037975,-0.24456521739130443,0.07179141441937259,0.8360704457897634,1.1280434782608697,37976.57594936709,0.4969768047332792
-0.32819207484865154,0.10668134287286746,0.8955613648871765,-0.3611585030269678,0.25746835443037974,-0.25456521739130444,0.11179141441937257,0.8460704457897634,1.1180434782608697,38119.57594936709,0.4969768047332792
-0.3081920748486515,0.10668134287286746,0.8855613648871765,-0.3211585030269678,0.24746835443037973,-0.24456521739130443,0.10179141441937262,0.8660704457897634,1.1080434782608697,37858.57594936709,0.5009762763977044
-0.2781920748486515,0.11668134287286747,0.8955613648871765,-0.2911585030269678,0.22746835443037972,-0.24456521739130443,0.12179141441937258,0.8560704457897634,1.1080434782608697,37547.57594936709,0.5054921627044671
-0.24819207484865147,0.10668134287286746,0.8955613648871765,-0.25115850302696774,0.23746835443037972,-0.24456521739130443,0.1317914144193726,0.8660704457897634,1.1180434782608697,37696.57594936709,0.5090772628784173
-0.24819207484865147,0.11668134287286747,0.8855613648871765,-0.1911585030269678,0.22746835443037972,-0.22456521739130442,0.1417914144193726,0.8560704457897634,1.1080434782608697,38059.57594936709,0.5131673336029046
-0.18819207484865152,0.12668134287286748,0.8955613648871765,-0.16115850302696777,0.2174683544303797,-0.22456521739130442,0.16179141441937261,0.8460704457897634,1.0780434782608697,38160.57594936709,0.5140740394592278
-0.13819207484865148,0.12668134287286748,0.8955613648871765,-0.15115850302696776,0.22746835443037972,-0.22456521739130442,0.17179141441937257,0.8360704457897634,1.0880434782608697,38285.57594936709,0.5164565563201897
-0.1581920748486515,0.1466813428728675,0.8955613648871765,-0.10115850302696783,0.23746835443037972,-0.22456521739130442,0.17179141441937257,0.8360704457897634,1.0780434782608697,37920.57594936709,0.5215410709381096
-0.06819207484865153,0.12668134287286748,0.8855613648871765,-0.021158503026967757,0.22746835443037972,-0.2045652173913044,0.2117914144193726,0.8360704457897634,1.0780434782608697,37643.57594936709,0.5253750801086383
-0.09819207484865156,0.11668134287286747,0.8755613648871765,-0.0011585030269677388,0.24746835443037973,-0.1945652173913044,0.24179141441937257,0.8360704457897634,1.0780434782608697,37422.57594936709,0.5260965347290032
-0.018192074848651485,0.12668134287286748,0.8555613648871767,0.028841496973032177,0.23746835443037972,-0.18456521739130438,0.2517914144193726,0.8360704457897634,1.0780434782608697,37543.57594936709,0.5300967216491692
-0.008192074848651476,0.10668134287286746,0.8355613648871767,0.07884149697303222,0.24746835443037973,-0.17456521739130437,0.2717914144193726,0.8160704457897634,1.0780434782608697,37976.57594936709,0.5343970775604241
0.04180792515134846,0.11668134287286747,0.8055613648871767,0.11884149697303226,0.25746835443037974,-0.16456521739130436,0.2717914144193726,0.7960704457897634,1.1080434782608697,37459.57594936709,0.5374364376068108
0.011807925151348542,0.1466813428728675,0.7755613648871766,0.15884149697303218,0.24746835443037973,-0.13456521739130434,0.3217914144193726,0.7960704457897634,1.1080434782608697,37058.57594936709,0.5385198116302483
0.04180792515134846,0.11668134287286747,0.7755613648871766,0.1888414969730322,0.26746835443037975,-0.12456521739130433,0.3417914144193726,0.7860704457897634,1.0780434782608697,37095.57594936709,0.5417336940765374
0.08180792515134849,0.10668134287286746,0.7655613648871766,0.22884149697303224,0.27746835443037976,-0.09456521739130452,0.3617914144193726,0.7760704457897634,1.0680434782608696,37300.57594936709,0.5463127613067584
0.12180792515134853,0.11668134287286747,0.7655613648871766,0.22884149697303224,0.24746835443037973,-0.08456521739130451,0.40179141441937255,0.7760704457897634,1.0480434782608696,36593.57594936709,0.54903597831726
0.12180792515134853,0.10668134287286746,0.7355613648871766,0.25884149697303227,0.27746835443037976,-0.05456521739130449,0.4517914144193726,0.7860704457897634,1.0580434782608696,36398.57594936709,0.5501014709472649
0.13180792515134854,0.11668134287286747,0.6955613648871766,0.25884149697303227,0.26746835443037975,-0.03456521739130447,0.4817914144193726,0.7760704457897634,1.0680434782608696,36635.57594936709,0.5541619777679436
0.15180792515134856,0.10668134287286746,0.6855613648871766,0.2788414969730323,0.27746835443037976,-0.02456521739130446,0.4717914144193726,0.7760704457897634,1.0480434782608696,36446.57594936709,0.5581619262695305
0.17180792515134857,0.08668134287286744,0.6755613648871766,0.3188414969730321,0.2974683544303798,0.005434782608695565,0.5117914144193725,0.7560704457897633,1.0380434782608696,35851.57594936709,0.5621604442596428
0.18180792515134858,0.10668134287286746,0.6555613648871765,0.3188414969730321,0.27746835443037976,0.03543478260869559,0.5117914144193725,0.7660704457897634,1.0280434782608696,35422.57594936709,0.5631589412689202
0.18180792515134858,0.09668134287286745,0.6255613648871765,0.3388414969730321,0.27746835443037976,0.06543478260869562,0.5417914144193725,0.7560704457897633,1.0180434782608696,35405.57594936709,0.5661603927612298
0.18180792515134858,0.08668134287286744,0.6355613648871765,0.37884149697303215,0.27746835443037976,0.07543478260869563,0.5617914144193725,0.7560704457897633,1.0080434782608696,35442.57594936709,0.5701932430267327
0.17180792515134857,0.07668134287286743,0.6055613648871767,0.37884149697303215,0.2974683544303798,0.10543478260869565,0.5917914144193726,0.7560704457897633,0.9780434782608696,35027.57594936709,0.5743104934692411
0.2118079251513484,0.06668134287286742,0.5655613648871767,0.4188414969730322,0.2974683544303798,0.14543478260869547,0.6117914144193726,0.7460704457897636,0.9980434782608696,34342.57594936709,0.5783400058746366
0.2118079251513484,0.036681342872867395,0.5455613648871767,0.4088414969730322,0.2974683544303798,0.16543478260869549,0.6617914144193726,0.7560704457897633,0.9680434782608696,34227.57594936709,0.5783400058746366
0.1918079251513486,0.026681342872867386,0.5455613648871767,0.4188414969730322,0.2974683544303798,0.15543478260869548,0.6717914144193726,0.7660704457897634,0.9880434782608696,34234.57594936709,0.58233995437622
0.2018079251513486,0.026681342872867386,0.5355613648871766,0.4288414969730322,0.3074683544303798,0.15543478260869548,0.7017914144193727,0.7660704457897634,0.9780434782608696,33951.57594936709,0.5865957260131829
0.2018079251513486,0.016681342872867377,0.5455613648871767,0.47884149697303224,0.3474683544303798,0.1754347826086955,0.7117914144193727,0.7660704457897634,0.9580434782608696,34092.57594936709,0.5905956745147698
0.2118079251513484,-0.023318657127132658,0.5455613648871767,0.4588414969730322,0.3674683544303796,0.1954347826086955,0.7217914144193727,0.7560704457897633,0.9480434782608698,33661.57594936709,0.5905956745147698
0.26180792515134843,-0.05331865712713246,0.5255613648871766,0.4588414969730322,0.3674683544303796,0.1954347826086955,0.7417914144193727,0.7460704457897636,0.9380434782608698,33132.57594936709,0.5947110176086383
0.27180792515134844,-0.05331865712713246,0.5055613648871766,0.4488414969730322,0.35746835443037983,0.20543478260869552,0.7617914144193725,0.7460704457897636,0.9380434782608698,32861.57594936709,0.598756027221679
0.28180792515134845,-0.07331865712713248,0.5055613648871766,0.4588414969730322,0.3774683544303796,0.20543478260869552,0.7817914144193725,0.7360704457897635,0.9280434782608697,32616.57594936709,0.6024178981780999
0.28180792515134845,-0.07331865712713248,0.5255613648871766,0.47884149697303224,0.39746835443037964,0.20543478260869552,0.8117914144193725,0.7360704457897635,0.9180434782608697,32471.57594936709,0.6034178256988483
0.28180792515134845,-0.08331865712713249,0.5355613648871766,0.48884149697303225,0.38746835443037964,0.1854347826086955,0.8017914144193725,0.7360704457897635,0.9280434782608697,32464.57594936709,0.6073972702026396
0.28180792515134845,-0.0933186571271325,0.5255613648871766,0.48884149697303225,0.40746835443037965,0.1854347826086955,0.8617914144193726,0.7360704457897635,0.9380434782608698,32165.57594936709,0.6114146232604973
0.26180792515134843,-0.11331865712713252,0.5155613648871766,0.5188414969730323,0.42746835443037967,0.1854347826086955,0.8617914144193726,0.7460704457897636,0.9280434782608697,31850.57594936709,0.6153826236724846
0.27180792515134844,-0.12331865712713252,0.5155613648871766,0.49884149697303226,0.41746835443037966,0.1754347826086955,0.8817914144193726,0.7160704457897635,0.9380434782608698,31409.57594936709,0.6153826236724846
0.29180792515134846,-0.12331865712713252,0.5155613648871766,0.49884149697303226,0.4574683544303797,0.1954347826086955,0.8917914144193726,0.6960704457897635,0.9280434782608697,31588.57594936709,0.6193942546844475
0.3218079251513485,-0.15331865712713255,0.5055613648871766,0.49884149697303226,0.4674683544303797,0.1954347826086955,0.9017914144193726,0.6960704457897635,0.9380434782608698,31635.57594936709,0.6234983921051018
0.3318079251513485,-0.16331865712713256,0.4955613648871766,0.48884149697303225,0.4874683544303797,0.1954347826086955,0.9217914144193726,0.6760704457897635,0.9480434782608698,31690.57594936709,0.6276266098022489
0.3518079251513485,-0.17331865712713257,0.4855613648871766,0.48884149697303225,0.5074683544303797,0.1954347826086955,0.9317914144193726,0.6960704457897635,0.9280434782608697,31839.57594936709,0.6276266098022489
0.3618079251513485,-0.1933186571271326,0.4855613648871766,0.5088414969730323,0.5174683544303798,0.21543478260869553,0.9517914144193724,0.7060704457897635,0.9380434782608698,31616.57594936709,0.6316263198852532
0.3618079251513485,-0.2033186571271326,0.4955613648871766,0.5088414969730323,0.5174683544303798,0.20543478260869552,0.9617914144193724,0.7060704457897635,0.9280434782608697,31705.57594936709,0.6356265068054192
0.3418079251513485,-0.17331865712713257,0.4755613648871766,0.5188414969730323,0.5174683544303798,0.1954347826086955,0.9817914144193725,0.6760704457897635,0.9380434782608698,32064.57594936709,0.6396264553070061
0.3518079251513485,-0.1933186571271326,0.4655613648871766,0.5288414969730323,0.5474683544303798,0.20543478260869552,1.0017914144193725,0.6860704457897635,0.9380434782608698,31841.57594936709,0.6406263828277581
0.37180792515134853,-0.2133186571271326,0.4755613648871766,0.5188414969730323,0.5674683544303798,0.20543478260869552,1.0117914144193725,0.6760704457897635,0.9480434782608698,31900.57594936709,0.6437236785888665
0.40180792515134856,-0.24331865712713263,0.4755613648871766,0.49884149697303226,0.5774683544303798,0.20543478260869552,1.0417914144193725,0.6860704457897635,0.9680434782608696,32109.57594936709,0.6479892253875725
0.3618079251513485,-0.24331865712713263,0.4955613648871766,0.5088414969730323,0.5974683544303798,0.20543478260869552,1.0617914144193725,0.6860704457897635,0.9380434782608698,31994.57594936709,0.6528708457946806
0.4318079251513486,-0.24331865712713263,0.4855613648871766,0.5088414969730323,0.6074683544303798,0.20543478260869552,1.0317914144193725,0.6560704457897635,0.9380434782608698,32093.57594936709,0.6528708457946806
0.41180792515134856,-0.24331865712713263,0.4955613648871766,0.5088414969730323,0.6074683544303798,0.23543478260869555,1.0517914144193725,0.6360704457897635,0.8980434782608697,32088.57594936709,0.6568784236907987
0.41180792515134856,-0.24331865712713263,0.4755613648871766,0.5288414969730323,0.6274683544303796,0.22543478260869554,1.0417914144193725,0.6060704457897634,0.9380434782608698,32229.57594936709,0.6603080749511712
0.39180792515134855,-0.2233186571271326,0.5155613648871766,0.5388414969730323,0.6474683544303796,0.1954347826086955,1.0717914144193725,0.6060704457897634,0.9280434782608697,32524.57594936709,0.6642992019653313
0.40180792515134856,-0.24331865712713263,0.4855613648871766,0.5388414969730323,0.6474683544303796,0.20543478260869552,1.0517914144193725,0.6060704457897634,0.9280434782608697,32913.57594936709,0.6683082103729241
0.37180792515134853,-0.24331865712713263,0.5155613648871766,0.5688414969730321,0.6574683544303797,0.20543478260869552,1.0617914144193725,0.5860704457897634,0.9380434782608698,32962.57594936709,0.669310283660888
0.40180792515134856,-0.24331865712713263,0.5055613648871766,0.5488414969730323,0.6774683544303797,0.20543478260869552,1.0617914144193725,0.5760704457897634,0.9280434782608697,32811.57594936709,0.6733114242553704
0.41180792515134856,-0.24331865712713263,0.5255613648871766,0.5588414969730323,0.6974683544303797,0.1854347826086955,1.0817914144193725,0.5860704457897634,0.9480434782608698,33176.57594936709,0.6767491817474394
0.41180792515134856,-0.2233186571271326,0.5155613648871766,0.5688414969730321,0.6874683544303797,0.1754347826086955,1.0817914144193725,0.5760704457897634,0.9580434782608696,33507.57594936709,0.6806783199310296
0.4318079251513486,-0.2233186571271326,0.5555613648871767,0.5588414969730323,0.7074683544303797,0.15543478260869548,1.0717914144193725,0.5660704457897634,0.9380434782608698,33710.57594936709,0.6806783199310296
0.41180792515134856,-0.23331865712713262,0.5655613648871767,0.5788414969730321,0.6974683544303797,0.14543478260869547,1.1017914144193726,0.5660704457897634,0.9380434782608698,34237.57594936709,0.6847850799560504
0.41180792515134856,-0.2233186571271326,0.6055613648871767,0.5788414969730321,0.6874683544303797,0.11543478260869566,1.1217914144193726,0.5760704457897634,0.9480434782608698,34432.57594936709,0.688801717758178
0.4218079251513486,-0.2233186571271326,0.6155613648871767,0.5488414969730323,0.6974683544303797,0.08543478260869564,1.1417914144193726,0.5860704457897634,0.9780434782608696,34661.57594936709,0.6928016662597649
0.4218079251513486,-0.2133186571271326,0.6355613648871765,0.5588414969730323,0.6774683544303797,0.06543478260869562,1.1817914144193726,0.5760704457897634,0.9580434782608696,34772.57594936709,0.6938015937805204
0.41180792515134856,-0.18331865712713258,0.6555613648871765,0.5688414969730321,0.6474683544303796,0.05543478260869561,1.1517914144193726,0.5960704457897634,0.9680434782608696,35171.57594936709,0.6971835613250761
0.4518079251513486,-0.17331865712713257,0.6755613648871766,0.5788414969730321,0.6274683544303796,0.025434782608695583,1.1517914144193726,0.5960704457897634,0.9880434782608696,35644.57594936709,0.7016920566558831
0.4918079251513484,-0.16331865712713256,0.6855613648871766,0.5688414969730321,0.6174683544303796,0.005434782608695565,1.1417914144193726,0.5960704457897634,0.9980434782608696,35683.57594936709,0.705406618118289
0.5018079251513484,-0.15331865712713255,0.7055613648871766,0.5688414969730321,0.6074683544303798,-0.014565217391304452,1.1517914144193726,0.6060704457897634,0.9880434782608696,35938.57594936709,0.7064411163330071
0.5318079251513484,-0.12331865712713252,0.7255613648871766,0.5488414969730323,0.5874683544303798,-0.03456521739130447,1.1517914144193726,0.6060704457897634,0.9980434782608696,36129.57594936709,0.7097849369049065
0.5318079251513484,-0.12331865712713252,0.7255613648871766,0.5488414969730323,0.5774683544303798,-0.04456521739130448,1.1817914144193726,0.6060704457897634,1.0080434782608696,36180.57594936709,0.7135464668273919
0.5518079251513485,-0.11331865712713252,0.7455613648871766,0.5588414969730323,0.5674683544303798,-0.0645652173913045,1.1817914144193726,0.6260704457897635,1.0280434782608696,36339.57594936709,0.7174334049224846
0.5418079251513485,-0.11331865712713252,0.7455613648871766,0.5588414969730323,0.5374683544303798,-0.0745652173913045,1.1817914144193726,0.6460704457897635,1.0080434782608696,36804.57594936709,0.7185081958770745
0.5518079251513485,-0.10331865712713251,0.7755613648871766,0.5688414969730321,0.5074683544303797,-0.08456521739130451,1.2117914144193724,0.6560704457897635,1.0080434782608696,37157.57594936709,0.7215487480163603
0.5518079251513485,-0.08331865712713249,0.7655613648871766,0.5588414969730323,0.49746835443037973,-0.08456521739130451,1.2217914144193724,0.6660704457897635,1.0080434782608696,37892.57594936709,0.7255486965179436
0.5718079251513485,-0.07331865712713248,0.7855613648871766,0.5388414969730323,0.4674683544303797,-0.10456521739130453,1.2217914144193724,0.6560704457897635,1.0280434782608696,37895.57594936709,0.7300054550170891
0.5718079251513485,-0.05331865712713246,0.7855613648871766,0.5488414969730323,0.4574683544303797,-0.11456521739130454,1.2317914144193725,0.6560704457897635,1.0180434782608696,37818.57594936709,0.7310490131378167
0.5718079251513485,-0.01331865712713265,0.7755613648871766,0.5588414969730323,0.4374683544303797,-0.10456521739130453,1.2517914144193725,0.6660704457897635,1.0180434782608696,38399.57594936709,0.7336318016052239
0.5918079251513485,-0.03331865712713267,0.7855613648871766,0.5588414969730323,0.42746835443037967,-0.12456521739130433,1.2317914144193725,0.6960704457897635,1.0180434782608696,38484.57594936709,0.7386848449707024
0.6118079251513485,-0.0033186571271326404,0.7955613648871767,0.5488414969730323,0.40746835443037965,-0.13456521739130434,1.2417914144193725,0.7060704457897635,1.0180434782608696,38897.57594936709,0.742682647705081
0.6218079251513485,-0.0033186571271326404,0.8155613648871767,0.5588414969730323,0.39746835443037964,-0.14456521739130435,1.2417914144193725,0.7060704457897635,1.0180434782608696,39194.57594936709,0.7456738471984892
0.6418079251513485,0.016681342872867377,0.8055613648871767,0.5588414969730323,0.35746835443037983,-0.14456521739130435,1.2317914144193725,0.7260704457897635,1.0380434782608696,39515.57594936709,0.7466837882995598
0.6618079251513486,0.016681342872867377,0.8155613648871767,0.5388414969730323,0.35746835443037983,-0.14456521739130435,1.2117914144193724,0.7160704457897635,1.0180434782608696,39810.57594936709,0.7506825447082512
0.6718079251513486,0.016681342872867377,0.8055613648871767,0.5588414969730323,0.3374683544303798,-0.14456521739130435,1.2217914144193724,0.7460704457897636,1.0280434782608696,39833.57594936709,0.7547111034393303
0.6818079251513486,0.036681342872867395,0.8055613648871767,0.5588414969730323,0.3074683544303798,-0.14456521739130435,1.2117914144193724,0.7360704457897635,1.0080434782608696,39800.57594936709,0.7588674545288079
0.6718079251513486,0.046681342872867404,0.8055613648871767,0.5588414969730323,0.2974683544303798,-0.14456521739130435,1.2217914144193724,0.7660704457897634,1.0180434782608696,39609.57594936709,0.7588674545288079
0.6718079251513486,0.046681342872867404,0.8155613648871767,0.5588414969730323,0.28746835443037977,-0.14456521739130435,1.2217914144193724,0.7660704457897634,1.0180434782608696,40058.57594936709,0.7640866756439202
0.6918079251513486,0.046681342872867404,0.8055613648871767,0.5588414969730323,0.26746835443037975,-0.14456521739130435,1.2217914144193724,0.7760704457897634,0.9980434782608696,40795.57594936709,0.7667850971221917
0.7018079251513486,0.06668134287286742,0.8055613648871767,0.5588414969730323,0.24746835443037973,-0.13456521739130434,1.2017914144193724,0.7760704457897634,0.9780434782608696,40832.57594936709,0.7709857940673821
0.7018079251513486,0.08668134287286744,0.8155613648871767,0.5688414969730321,0.25746835443037974,-0.12456521739130433,1.2017914144193724,0.7760704457897634,0.9680434782608696,40487.57594936709,0.7720436573028557
0.7018079251513486,0.07668134287286743,0.8055613648871767,0.5788414969730321,0.23746835443037972,-0.11456521739130454,1.2117914144193724,0.7760704457897634,0.9580434782608696,40788.57594936709,0.7760648250579827
0.7018079251513486,0.06668134287286742,0.8155613648871767,0.5588414969730323,0.2174683544303797,-0.12456521739130433,1.2217914144193724,0.7860704457897634,0.9680434782608696,40439.57594936709,0.7800650119781487
0.7018079251513486,0.07668134287286743,0.7955613648871767,0.5688414969730321,0.2174683544303797,-0.11456521739130454,1.2317914144193725,0.7860704457897634,0.9580434782608696,40394.57594936709,0.7843122005462639
0.7118079251513484,0.07668134287286743,0.7955613648871767,0.5688414969730321,0.22746835443037972,-0.09456521739130452,1.1917914144193726,0.7760704457897634,0.9480434782608698,40621.57594936709,0.7843122005462639
0.7118079251513484,0.08668134287286744,0.7955613648871767,0.5888414969730321,0.2174683544303797,-0.08456521739130451,1.2017914144193724,0.7760704457897634,0.9380434782608698,40600.57594936709,0.7874931812286405
0.7018079251513486,0.07668134287286743,0.7755613648871766,0.5788414969730321,0.22746835443037972,-0.0645652173913045,1.2017914144193724,0.7660704457897634,0.9480434782608698,40857.57594936709,0.7916578769683831
0.7118079251513484,0.07668134287286743,0.7655613648871766,0.5988414969730321,0.23746835443037972,-0.05456521739130449,1.1917914144193726,0.7560704457897633,0.9380434782608698,40740.57594936709,0.7958297252655022
0.7118079251513484,0.07668134287286743,0.7655613648871766,0.5988414969730321,0.22746835443037972,-0.0645652173913045,1.1917914144193726,0.7460704457897636,0.9380434782608698,40497.57594936709,0.796670627593997
0.6918079251513486,0.06668134287286742,0.7355613648871766,0.5988414969730321,0.23746835443037972,-0.04456521739130448,1.1917914144193726,0.7660704457897634,0.9380434782608698,40284.57594936709,0.7998251438140862
0.7018079251513486,0.05668134287286741,0.7255613648871766,0.5988414969730321,0.2174683544303797,-0.03456521739130447,1.2017914144193724,0.7660704457897634,0.9480434782608698,40571.57594936709,0.8040403842925983
0.6818079251513486,0.07668134287286743,0.7055613648871766,0.6088414969730321,0.2174683544303797,-0.03456521739130447,1.2117914144193724,0.7560704457897633,0.9580434782608696,40490.57594936709,0.8086142063140862
0.6718079251513486,0.07668134287286743,0.6955613648871766,0.6188414969730321,0.22746835443037972,-0.02456521739130446,1.2017914144193724,0.7560704457897633,0.9580434782608696,39973.57594936709,0.8086142063140862
0.6718079251513486,0.07668134287286743,0.6955613648871766,0.6288414969730322,0.22746835443037972,-0.004565217391304444,1.2117914144193724,0.7360704457897635,0.9380434782608698,39672.57594936709,0.8118078231811516
0.6718079251513486,0.06668134287286742,0.6755613648871766,0.6188414969730321,0.23746835443037972,0.005434782608695565,1.2217914144193724,0.7460704457897636,0.9480434782608698,39455.57594936709,0.8172730922698968
0.6718079251513486,0.07668134287286743,0.6555613648871765,0.6288414969730322,0.22746835443037972,0.015434782608695574,1.1917914144193726,0.7160704457897635,0.9380434782608698,39370.57594936709,0.820461463928222
0.6618079251513486,0.046681342872867404,0.6455613648871765,0.6388414969730322,0.23746835443037972,0.0454347826086956,1.2017914144193724,0.7560704457897633,0.9280434782608697,39165.57594936709,0.8214339733123772
0.6218079251513485,0.046681342872867404,0.6355613648871765,0.6488414969730322,0.24746835443037973,0.06543478260869562,1.2117914144193724,0.7360704457897635,0.9080434782608697,39050.57594936709,0.8254243850708001
0.6318079251513485,0.036681342872867395,0.6055613648871767,0.6388414969730322,0.24746835443037973,0.11543478260869566,1.2317914144193725,0.7460704457897636,0.8680434782608697,38947.57594936709,0.8284229755401604
0.6418079251513485,0.036681342872867395,0.6055613648871767,0.6388414969730322,0.24746835443037973,0.10543478260869565,1.1917914144193726,0.7460704457897636,0.8780434782608697,38324.57594936709,0.8323966979980462
0.6518079251513486,0.026681342872867386,0.6055613648871767,0.6488414969730322,0.24746835443037973,0.12543478260869567,1.2017914144193724,0.7360704457897635,0.8580434782608697,38243.57594936709,0.8367857456207268
0.6418079251513485,0.0066813428728673685,0.6055613648871767,0.6288414969730322,0.25746835443037974,0.13543478260869546,1.2117914144193724,0.7360704457897635,0.8780434782608697,38270.57594936709,0.8377413272857659
0.6618079251513486,0.0066813428728673685,0.5855613648871767,0.6388414969730322,0.26746835443037975,0.15543478260869548,1.2017914144193724,0.7260704457897635,0.8680434782608697,37817.57594936709,0.8407668590545647
0.6418079251513485,0.0066813428728673685,0.5755613648871767,0.6688414969730322,0.26746835443037975,0.1754347826086955,1.1717914144193726,0.7160704457897635,0.8580434782608697,37510.57594936709,0.84576768875122
0.6218079251513485,-0.03331865712713267,0.5755613648871767,0.6688414969730322,0.2974683544303798,0.1754347826086955,1.2017914144193724,0.7360704457897635,0.8380434782608697,37055.57594936709,0.8487412452697711
0.6118079251513485,-0.03331865712713267,0.5655613648871767,0.6588414969730322,0.27746835443037976,0.1754347826086955,1.1717914144193726,0.7360704457897635,0.8480434782608697,36932.57594936709,0.849746656417846
0.6218079251513485,-0.043318657127132454,0.5655613648871767,0.6788414969730322,0.27746835443037976,0.1854347826086955,1.1617914144193726,0.7360704457897635,0.8380434782608697,36927.57594936709,0.8540234088897698
0.5918079251513485,-0.03331865712713267,0.5555613648871767,0.6888414969730322,0.27746835443037976,0.1954347826086955,1.1817914144193726,0.7660704457897634,0.8280434782608697,36292.57594936709,0.8573908329010003
0.5618079251513485,-0.06331865712713247,0.5455613648871767,0.6888414969730322,0.2974683544303798,0.20543478260869552,1.1717914144193726,0.7360704457897635,0.8180434782608696,35757.57594936709,0.861794185638427
0.5418079251513485,-0.07331865712713248,0.5555613648871767,0.7388414969730323,0.3274683544303798,0.20543478260869552,1.1617914144193726,0.7160704457897635,0.8280434782608697,35962.57594936709,0.861794185638427
0.5418079251513485,-0.10331865712713251,0.5455613648871767,0.7188414969730322,0.3374683544303798,0.21543478260869553,1.1917914144193726,0.7360704457897635,0.8180434782608696,35753.57594936709,0.8660931110382073
0.5518079251513485,-0.0933186571271325,0.5455613648871767,0.7188414969730322,0.3374683544303798,0.20543478260869552,1.1617914144193726,0.7060704457897635,0.8180434782608696,35492.57594936709,0.8695039272308343
0.5418079251513485,-0.11331865712713252,0.5655613648871767,0.7188414969730322,0.3474683544303798,0.20543478260869552,1.1417914144193726,0.7160704457897635,0.8180434782608696,34927.57594936709,0.8745009422302239
0.5418079251513485,-0.12331865712713252,0.5655613648871767,0.7288414969730322,0.3674683544303796,0.1954347826086955,1.1517914144193726,0.6760704457897635,0.8380434782608697,34680.57594936709,0.8745009422302239
0.5318079251513484,-0.13331865712713253,0.5455613648871767,0.7388414969730323,0.38746835443037964,0.1854347826086955,1.1617914144193726,0.6760704457897635,0.8380434782608697,34663.57594936709,0.877550554275512
0.4718079251513484,-0.14331865712713254,0.5355613648871766,0.7888414969730323,0.40746835443037965,0.1954347826086955,1.1517914144193726,0.6860704457897635,0.8480434782608697,34398.57594936709,0.8829426288604765
0.5018079251513484,-0.14331865712713254,0.5255613648871766,0.7788414969730323,0.40746835443037965,0.20543478260869552,1.1417914144193726,0.6960704457897635,0.8380434782608697,34291.57594936709,0.8870241165161161
0.4718079251513484,-0.15331865712713255,0.5155613648871766,0.7688414969730323,0.41746835443037966,0.1954347826086955,1.1617914144193726,0.6560704457897635,0.8480434782608697,34206.57594936709,0.8870241165161161
0.4718079251513484,-0.16331865712713256,0.5155613648871766,0.7588414969730323,0.4374683544303797,0.20543478260869552,1.1517914144193726,0.6760704457897635,0.8480434782608697,34399.57594936709,0.8903219223022489
0.4818079251513484,-0.17331865712713257,0.5155613648871766,0.7488414969730323,0.4474683544303797,0.1954347826086955,1.1817914144193726,0.6760704457897635,0.8480434782608697,34270.57594936709,0.8943228244781487
0.4518079251513486,-0.1933186571271326,0.4955613648871766,0.7488414969730323,0.4574683544303797,0.21543478260869553,1.1817914144193726,0.6760704457897635,0.8580434782608697,33955.57594936709,0.898313236236568
0.4618079251513484,-0.2033186571271326,0.4955613648871766,0.7488414969730323,0.4674683544303797,0.20543478260869552,1.1617914144193726,0.6860704457897635,0.8580434782608697,33422.57594936709,0.9022504806518512
0.4818079251513484,-0.2233186571271326,0.4855613648871766,0.7488414969730323,0.4774683544303797,0.22543478260869554,1.1517914144193726,0.6960704457897635,0.8580434782608697,33179.57594936709,0.9032954692840569
0.4718079251513484,-0.2233186571271326,0.4655613648871766,0.7588414969730323,0.4674683544303797,0.22543478260869554,1.1517914144193726,0.6860704457897635,0.8480434782608697,33018.57594936709,0.9072808742523186
0.4718079251513484,-0.2233186571271326,0.4655613648871766,0.7588414969730323,0.4874683544303797,0.23543478260869555,1.1617914144193726,0.6760704457897635,0.8480434782608697,32899.57594936709,0.9104969024658196
0.4718079251513484,-0.23331865712713262,0.4755613648871766,0.7588414969730323,0.49746835443037973,0.23543478260869555,1.1417914144193726,0.6660704457897635,0.8480434782608697,32604.57594936709,0.9147121429443352
0.4818079251513484,-0.23331865712713262,0.4755613648871766,0.7488414969730323,0.49746835443037973,0.23543478260869555,1.1417914144193726,0.6860704457897635,0.8380434782608697,32701.57594936709,0.9157311439514153
0.4618079251513484,-0.24331865712713263,0.4655613648871766,0.7688414969730323,0.5374683544303798,0.23543478260869555,1.1317914144193726,0.6760704457897635,0.8680434782608697,32610.57594936709,0.9191197872161823
0.4518079251513486,-0.25331865712713264,0.4655613648871766,0.7788414969730323,0.5574683544303798,0.24543478260869556,1.1117914144193726,0.6460704457897635,0.8580434782608697,32485.57594936709,0.9226612567901604
0.4418079251513486,-0.27331865712713266,0.4755613648871766,0.7688414969730323,0.5974683544303798,0.24543478260869556,1.1417914144193726,0.6360704457897635,0.8480434782608697,32192.57594936709,0.9271080017089837
0.4318079251513486,-0.26331865712713265,0.4955613648871766,0.7688414969730323,0.5874683544303798,0.24543478260869556,1.1317914144193726,0.6260704457897635,0.8380434782608697,32391.57594936709,0.9271080017089837
0.4218079251513486,-0.27331865712713266,0.4855613648871766,0.7788414969730323,0.5874683544303798,0.23543478260869555,1.1217914144193726,0.6360704457897635,0.8580434782608697,32346.57594936709,0.9312500476837187
0.4218079251513486,-0.27331865712713266,0.4855613648871766,0.7688414969730323,0.6074683544303798,0.25543478260869557,1.1417914144193726,0.6260704457897635,0.8480434782608697,32727.57594936709,0.9356934547424309
0.41180792515134856,-0.28331865712713267,0.4755613648871766,0.7788414969730323,0.6074683544303798,0.2654347826086956,1.1117914144193726,0.6360704457897635,0.8580434782608697,32976.57594936709,0.9386925220489495
0.4218079251513486,-0.26331865712713265,0.4655613648871766,0.7688414969730323,0.6174683544303796,0.2654347826086956,1.1117914144193726,0.6160704457897634,0.8480434782608697,33007.57594936709,0.9396936416626005
0.4318079251513486,-0.28331865712713267,0.4855613648871766,0.7488414969730323,0.6374683544303796,0.25543478260869557,1.1217914144193726,0.6260704457897635,0.8480434782608697,33214.57594936709,0.9426955699920647
0.4218079251513486,-0.29331865712713245,0.4955613648871766,0.7488414969730323,0.6374683544303796,0.25543478260869557,1.1017914144193726,0.6160704457897634,0.8380434782608697,33381.57594936709,0.9477023601532011
0.4518079251513486,-0.25331865712713264,0.5055613648871766,0.7488414969730323,0.6274683544303796,0.23543478260869555,1.1317914144193726,0.6160704457897634,0.8580434782608697,33270.57594936709,0.9512109279632561
0.4318079251513486,-0.25331865712713264,0.5155613648871766,0.7388414969730323,0.6574683544303797,0.22543478260869554,1.1217914144193726,0.6060704457897634,0.8680434782608697,33463.57594936709,0.9522633075714104
0.4418079251513486,-0.24331865712713263,0.5655613648871767,0.7088414969730322,0.6574683544303797,0.1854347826086955,1.1217914144193726,0.5960704457897634,0.8680434782608697,34214.57594936709,0.9558147907257073
0.4418079251513486,-0.26331865712713265,0.5755613648871767,0.7188414969730322,0.6674683544303797,0.1854347826086955,1.0717914144193725,0.5860704457897634,0.8280434782608697,34351.57594936709,0.9598404884338407
0.4518079251513486,-0.24331865712713263,0.5855613648871767,0.7088414969730322,0.6674683544303797,0.16543478260869549,1.1117914144193726,0.5860704457897634,0.8780434782608697,34566.57594936709,0.9638876438140862
0.4618079251513484,-0.23331865712713262,0.6155613648871767,0.6988414969730322,0.6874683544303797,0.13543478260869546,1.0817914144193725,0.5860704457897634,0.8680434782608697,34545.57594936709,0.9638876438140862
0.4818079251513484,-0.24331865712713263,0.6255613648871765,0.6788414969730322,0.6574683544303797,0.13543478260869546,1.0817914144193725,0.5960704457897634,0.8680434782608697,34738.57594936709,0.9674117088317864
0.4718079251513484,-0.2233186571271326,0.6355613648871765,0.6788414969730322,0.6374683544303796,0.11543478260869566,1.0617914144193725,0.6060704457897634,0.8780434782608697,35165.57594936709,0.9714710235595696
0.5018079251513484,-0.2133186571271326,0.6755613648871766,0.6688414969730322,0.6274683544303796,0.08543478260869564,1.0817914144193725,0.6260704457897635,0.8780434782608697,35414.57594936709,0.9755219936370843
0.5018079251513484,-0.2033186571271326,0.6655613648871765,0.6888414969730322,0.6174683544303796,0.06543478260869562,1.0717914144193725,0.6260704457897635,0.9080434782608697,35733.57594936709,0.9795217037200885
0.5118079251513484,-0.1933186571271326,0.6955613648871766,0.6688414969730322,0.6074683544303798,0.05543478260869561,1.0717914144193725,0.6260704457897635,0.8880434782608697,35990.57594936709,0.980518054962161
0.5418079251513485,-0.18331865712713258,0.7055613648871766,0.6588414969730322,0.6074683544303798,0.0454347826086956,1.0617914144193725,0.6260704457897635,0.9180434782608697,36377.57594936709,0.9844896316528313
0.5518079251513485,-0.16331865712713256,0.7155613648871766,0.6488414969730322,0.5874683544303798,0.015434782608695574,1.0717914144193725,0.6260704457897635,0.9080434782608697,36686.57594936709,0.9880821228027301
0.5818079251513485,-0.16331865712713256,0.7355613648871766,0.6088414969730321,0.5574683544303798,0.005434782608695565,1.0617914144193725,0.6360704457897635,0.9180434782608697,36615.57594936709,0.9917892932891839
0.6118079251513485,-0.15331865712713255,0.7455613648871766,0.6088414969730321,0.5474683544303798,-0.02456521739130446,1.0717914144193725,0.6460704457897635,0.9280434782608697,37326.57594936709,0.9917892932891839
0.6018079251513485,-0.14331865712713254,0.7455613648871766,0.6188414969730321,0.5374683544303798,-0.02456521739130446,1.0817914144193725,0.6560704457897635,0.9380434782608698,37733.57594936709,0.9960927486419671
0.6218079251513485,-0.11331865712713252,0.7455613648871766,0.6188414969730321,0.5074683544303797,-0.04456521739130448,1.0617914144193725,0.6760704457897635,0.9480434782608698,37720.57594936709,1.0011338710784905
0.6218079251513485,-0.11331865712713252,0.7655613648871766,0.6088414969730321,0.4874683544303797,-0.05456521739130449,1.0717914144193725,0.6860704457897635,0.9480434782608698,37889.57594936709,1.0046555519103997
0.6418079251513485,-0.0933186571271325,0.7655613648871766,0.5888414969730321,0.4774683544303797,-0.0645652173913045,1.0717914144193725,0.6960704457897635,0.9580434782608696,38310.57594936709,1.005657148361209
0.6418079251513485,-0.0933186571271325,0.7655613648871766,0.5988414969730321,0.4474683544303797,-0.0645652173913045,1.0817914144193725,0.7160704457897635,0.9480434782608698,38183.57594936709,1.0086519241333
0.6518079251513486,-0.07331865712713248,0.7655613648871766,0.5888414969730321,0.4374683544303797,-0.0745652173913045,1.0917914144193726,0.7060704457897635,0.9580434782608696,38882.57594936709,1.0126618862152093
0.6418079251513485,-0.06331865712713247,0.7755613648871766,0.5988414969730321,0.40746835443037965,-0.0745652173913045,1.1017914144193726,0.7160704457897635,0.9480434782608698,39345.57594936709,1.0174483776092522
0.6518079251513486,-0.05331865712713246,0.7755613648871766,0.5788414969730321,0.39746835443037964,-0.0745652173913045,1.1017914144193726,0.7360704457897635,0.9580434782608696,39436.57594936709,1.0174483776092522
0.6618079251513486,-0.03331865712713267,0.7755613648871766,0.5888414969730321,0.38746835443037964,-0.08456521739130451,1.1117914144193726,0.7260704457897635,0.9580434782608696,39475.57594936709,1.020552110672
0.6718079251513486,-0.023318657127132658,0.7655613648871766,0.5888414969730321,0.35746835443037983,-0.0745652173913045,1.1117914144193726,0.7560704457897633,0.9580434782608696,39718.57594936709,1.024790954589843
0.6818079251513486,-0.023318657127132658,0.7755613648871766,0.5888414969730321,0.3374683544303798,-0.0745652173913045,1.1117914144193726,0.7560704457897633,0.9580434782608696,39759.57594936709,1.0297939300537102
0.6818079251513486,0.0066813428728673685,0.7755613648871766,0.5888414969730321,0.3174683544303798,-0.08456521739130451,1.1117914144193726,0.7560704457897633,0.9480434782608698,40020.57594936709,1.0297939300537102
0.6718079251513486,0.0066813428728673685,0.7855613648871766,0.5888414969730321,0.3174683544303798,-0.08456521739130451,1.1217914144193726,0.7660704457897634,0.9480434782608698,39893.57594936709,1.0337938785552971
0.6818079251513486,0.0066813428728673685,0.7855613648871766,0.6088414969730321,0.3174683544303798,-0.08456521739130451,1.1117914144193726,0.7560704457897633,0.9380434782608698,40276.57594936709,1.0377940654754632
0.6818079251513486,0.016681342872867377,0.7755613648871766,0.6088414969730321,0.3074683544303798,-0.0745652173913045,1.1217914144193726,0.7760704457897634,0.9280434782608697,40277.57594936709,1.0418331146240227
0.6718079251513486,0.016681342872867377,0.7755613648871766,0.6088414969730321,0.28746835443037977,-0.05456521739130449,1.1317914144193726,0.7860704457897634,0.9180434782608697,40588.57594936709,1.0448476791381829
0.6918079251513486,0.016681342872867377,0.7655613648871766,0.6088414969730321,0.27746835443037976,-0.04456521739130448,1.1217914144193726,0.7860704457897634,0.9180434782608697,40571.57594936709,1.045848083496093
0.6918079251513486,0.016681342872867377,0.7555613648871766,0.5988414969730321,0.27746835443037976,-0.03456521739130447,1.1117914144193726,0.7860704457897634,0.9080434782608697,40296.57594936709,1.0497557640075676
0.6918079251513486,0.016681342872867377,0.7455613648871766,0.6088414969730321,0.27746835443037976,-0.03456521739130447,1.1217914144193726,0.7960704457897634,0.9180434782608697,40679.57594936709,1.0536005020141594
0.7018079251513486,0.016681342872867377,0.7255613648871766,0.6188414969730321,0.26746835443037975,-0.02456521739130446,1.1017914144193726,0.7760704457897634,0.8980434782608697,40998.57594936709,1.0578484058380084
0.7218079251513484,0.016681342872867377,0.7455613648871766,0.5988414969730321,0.28746835443037977,-0.02456521739130446,1.0917914144193726,0.7660704457897634,0.8880434782608697,40789.57594936709,1.0581941127777093
0.7218079251513484,0.016681342872867377,0.7455613648871766,0.6088414969730321,0.28746835443037977,-0.014565217391304452,1.0917914144193726,0.7660704457897634,0.8680434782608697,40644.57594936709,1.06229920387268
0.7118079251513484,0.016681342872867377,0.7355613648871766,0.6188414969730321,0.28746835443037977,0.005434782608695565,1.1017914144193726,0.7660704457897634,0.8880434782608697,40839.57594936709,1.066299629211425
0.7018079251513486,-0.0033186571271326404,0.7155613648871766,0.6288414969730322,0.27746835443037976,0.015434782608695574,1.1017914144193726,0.7860704457897634,0.8980434782608697,40578.57594936709,1.0697137832641594
0.6918079251513486,-0.0033186571271326404,0.6855613648871766,0.6488414969730322,0.28746835443037977,0.03543478260869559,1.1017914144193726,0.7960704457897634,0.9080434782608697,40393.57594936709,1.0697137832641594
0.6618079251513486,-0.023318657127132658,0.6655613648871765,0.6488414969730322,0.2974683544303798,0.03543478260869559,1.1117914144193726,0.7860704457897634,0.9080434782608697,40312.57594936709,1.0747019767761223
0.6718079251513486,-0.023318657127132658,0.6755613648871766,0.6488414969730322,0.2974683544303798,0.05543478260869561,1.1017914144193726,0.7860704457897634,0.8980434782608697,40035.57594936709,1.0788604736328082
0.6818079251513486,-0.03331865712713267,0.6455613648871765,0.6388414969730322,0.2974683544303798,0.07543478260869563,1.1017914144193726,0.7760704457897634,0.8880434782608697,39978.57594936709,1.082053613662719
0.6718079251513486,-0.0033186571271326404,0.6355613648871765,0.6588414969730322,0.27746835443037976,0.10543478260869565,1.0917914144193726,0.7660704457897634,0.8880434782608697,40179.57594936709,1.0831143379211419
0.6618079251513486,0.0066813428728673685,0.6355613648871765,0.6588414969730322,0.26746835443037975,0.12543478260869567,1.1117914144193726,0.7660704457897634,0.8680434782608697,40258.57594936709,1.0870892524719231
0.6618079251513486,0.0066813428728673685,0.6155613648871767,0.6588414969730322,0.26746835443037975,0.12543478260869567,1.1017914144193726,0.7660704457897634,0.8680434782608697,39525.57594936709,1.0906049728393548
0.6618079251513486,-0.01331865712713265,0.6155613648871767,0.6688414969730322,0.25746835443037974,0.14543478260869547,1.1017914144193726,0.7660704457897634,0.8480434782608697,39958.57594936709,1.0951578140258782
0.6418079251513485,-0.023318657127132658,0.6055613648871767,0.6988414969730322,0.27746835443037976,0.16543478260869549,1.0817914144193725,0.7760704457897634,0.8280434782608697,39673.57594936709,1.0951578140258782
0.6418079251513485,-0.01331865712713265,0.5955613648871767,0.7088414969730322,0.27746835443037976,0.1854347826086955,1.0817914144193725,0.7660704457897634,0.8180434782608696,39114.57594936709,1.0991792201995843
0.6018079251513485,-0.01331865712713265,0.5855613648871767,0.7188414969730322,0.27746835443037976,0.1954347826086955,1.0917914144193726,0.7460704457897636,0.8280434782608697,39113.57594936709,1.1040617942810087
0.6018079251513485,-0.03331865712713267,0.5655613648871767,0.7288414969730322,0.25746835443037974,0.20543478260869552,1.1017914144193726,0.7560704457897633,0.7980434782608696,38634.57594936709,1.1080624580383294
0.6118079251513485,-0.03331865712713267,0.5855613648871767,0.7088414969730322,0.27746835443037976,0.21543478260869553,1.1117914144193726,0.7460704457897636,0.7880434782608696,38381.57594936709,1.1112169742584221
0.6218079251513485,-0.043318657127132454,0.5755613648871767,0.7188414969730322,0.26746835443037975,0.23543478260869555,1.1017914144193726,0.7460704457897636,0.7880434782608696,37694.57594936709,1.1123468399047844
0.6118079251513485,-0.05331865712713246,0.5855613648871767,0.7288414969730322,0.28746835443037977,0.23543478260869555,1.0917914144193726,0.7260704457897635,0.7580434782608696,37693.57594936709,1.1161591529846184
0.6018079251513485,-0.043318657127132454,0.5755613648871767,0.7388414969730323,0.2974683544303798,0.25543478260869557,1.0917914144193726,0.7360704457897635,0.7680434782608696,37238.57594936709,1.119160842895507
0.6018079251513485,-0.06331865712713247,0.5755613648871767,0.7288414969730322,0.28746835443037977,0.24543478260869556,1.1017914144193726,0.7460704457897636,0.7580434782608696,36975.57594936709,1.1234440326690667
0.5818079251513485,-0.0933186571271325,0.5755613648871767,0.7188414969730322,0.2974683544303798,0.23543478260869555,1.1017914144193726,0.7360704457897635,0.7780434782608696,36896.57594936709,1.1244904518127434
0.5918079251513485,-0.07331865712713248,0.5555613648871767,0.7488414969730323,0.2974683544303798,0.24543478260869556,1.0917914144193726,0.7260704457897635,0.7780434782608696,36337.57594936709,1.1274878501892083
0.5518079251513485,-0.08331865712713249,0.5455613648871767,0.7288414969730322,0.3174683544303798,0.25543478260869557,1.1017914144193726,0.7260704457897635,0.7780434782608696,35942.57594936709,1.131604623794555
0.5918079251513485,-0.08331865712713249,0.5455613648871767,0.7188414969730322,0.3174683544303798,0.2654347826086956,1.0817914144193725,0.7160704457897635,0.7680434782608696,35819.57594936709,1.13560242652893
0.5618079251513485,-0.08331865712713249,0.5355613648871766,0.7188414969730322,0.3274683544303798,0.2654347826086956,1.1117914144193726,0.6960704457897635,0.7880434782608696,35402.57594936709,1.13560242652893
0.5818079251513485,-0.11331865712713252,0.5355613648871766,0.7388414969730323,0.3474683544303798,0.25543478260869557,1.0917914144193726,0.6960704457897635,0.7780434782608696,35133.57594936709,1.1396123886108391
0.5618079251513485,-0.12331865712713252,0.5255613648871766,0.7588414969730323,0.3474683544303798,0.24543478260869556,1.0717914144193725,0.7060704457897635,0.8080434782608696,34948.57594936709,1.1439699649810784
0.5618079251513485,-0.12331865712713252,0.5155613648871766,0.7488414969730323,0.35746835443037983,0.23543478260869555,1.0717914144193725,0.7260704457897635,0.7980434782608696,34733.57594936709,1.1477074146270745
0.5318079251513484,-0.16331865712713256,0.5255613648871766,0.7588414969730323,0.35746835443037983,0.22543478260869554,1.0717914144193725,0.7360704457897635,0.8080434782608696,34020.57594936709,1.1477074146270745
0.5618079251513485,-0.15331865712713255,0.5055613648871766,0.7588414969730323,0.35746835443037983,0.23543478260869555,1.0717914144193725,0.7160704457897635,0.8180434782608696,33585.57594936709,1.1520943164825432
0.5418079251513485,-0.17331865712713257,0.5055613648871766,0.7888414969730323,0.38746835443037964,0.20543478260869552,1.0717914144193725,0.7160704457897635,0.8380434782608697,33752.57594936709,1.1560649394989007
0.5218079251513484,-0.17331865712713257,0.5155613648871766,0.7988414969730323,0.39746835443037964,0.1854347826086955,1.0617914144193725,0.7260704457897635,0.8480434782608697,33329.57594936709,1.159619998931884
0.5218079251513484,-0.18331865712713258,0.4955613648871766,0.7788414969730323,0.41746835443037966,0.1954347826086955,1.0817914144193725,0.6960704457897635,0.8680434782608697,32488.57594936709,1.1606199264526396
0.4718079251513484,-0.2033186571271326,0.4955613648871766,0.7888414969730323,0.42746835443037967,0.1854347826086955,1.0817914144193725,0.7060704457897635,0.8680434782608697,32219.57594936709,1.164619874954223
0.4818079251513484,-0.2233186571271326,0.4955613648871766,0.7788414969730323,0.4374683544303797,0.1754347826086955,1.1017914144193726,0.7160704457897635,0.8680434782608697,32520.57594936709,1.1686195850372307
0.4618079251513484,-0.2233186571271326,0.4955613648871766,0.7788414969730323,0.4574683544303797,0.1854347826086955,1.1217914144193726,0.6960704457897635,0.8780434782608697,32643.57594936709,1.1729394912719684
0.4518079251513486,-0.23331865712713262,0.4855613648871766,0.7888414969730323,0.4474683544303797,0.20543478260869552,1.1117914144193726,0.7260704457897635,0.8780434782608697,32116.57594936709,1.1729394912719684
0.4418079251513486,-0.2233186571271326,0.4655613648871766,0.7888414969730323,0.4674683544303797,0.21543478260869553,1.1217914144193726,0.7060704457897635,0.8880434782608697,31333.57594936709,1.1769556522369342
0.4418079251513486,-0.23331865712713262,0.4655613648871766,0.7988414969730323,0.4774683544303797,0.20543478260869552,1.1117914144193726,0.7160704457897635,0.8880434782608697,31548.57594936709,1.179982137680053
0.4218079251513486,-0.23331865712713262,0.44556136488717657,0.8188414969730321,0.4774683544303797,0.23543478260869555,1.1317914144193726,0.6960704457897635,0.8780434782608697,31551.57594936709,1.1849827289581292
0.41180792515134856,-0.23331865712713262,0.43556136488717656,0.8088414969730323,0.49746835443037973,0.23543478260869555,1.1317914144193726,0.6960704457897635,0.8880434782608697,31674.57594936709,1.1879784584045403
0.41180792515134856,-0.25331865712713264,0.43556136488717656,0.8088414969730323,0.5174683544303798,0.24543478260869556,1.1317914144193726,0.6760704457897635,0.8880434782608697,31421.57594936709,1.1889938831329303
0.4218079251513486,-0.26331865712713265,0.44556136488717657,0.7988414969730323,0.5274683544303798,0.23543478260869555,1.1217914144193726,0.6760704457897635,0.8780434782608697,31022.57594936709,1.1933297634124749
0.41180792515134856,-0.28331865712713267,0.43556136488717656,0.8188414969730321,0.5474683544303798,0.24543478260869556,1.1117914144193726,0.6760704457897635,0.8780434782608697,31003.57594936709,1.1974181652069085
0.40180792515134856,-0.27331865712713266,0.44556136488717657,0.8188414969730321,0.5574683544303798,0.24543478260869556,1.1017914144193726,0.6660704457897635,0.9080434782608697,31010.57594936709,1.2009253025054925
0.39180792515134855,-0.28331865712713267,0.4655613648871766,0.8088414969730323,0.5874683544303798,0.24543478260869556,1.1217914144193726,0.6460704457897635,0.8780434782608697,31083.57594936709,1.201969099044799
0.39180792515134855,-0.28331865712713267,0.44556136488717657,0.8188414969730321,0.5774683544303798,0.25543478260869557,1.0917914144193726,0.6560704457897635,0.8880434782608697,31198.57594936709,1.2056674480438225
0.38180792515134854,-0.29331865712713245,0.42556136488717655,0.8088414969730323,0.6074683544303798,0.2654347826086956,1.1117914144193726,0.6360704457897635,0.8980434782608697,31443.57594936709,1.209243965148925
0.37180792515134853,-0.30331865712713246,0.43556136488717656,0.8188414969730321,0.6474683544303796,0.2754347826086956,1.1017914144193726,0.6360704457897635,0.8780434782608697,31804.57594936709,1.2132160186767607
0.39180792515134855,-0.27331865712713266,0.44556136488717657,0.8088414969730323,0.6174683544303796,0.2754347826086956,1.0917914144193726,0.6060704457897634,0.8980434782608697,32163.57594936709,1.2132160186767607
0.37180792515134853,-0.28331865712713267,0.4655613648871766,0.7988414969730323,0.6374683544303796,0.2754347826086956,1.0917914144193726,0.6260704457897635,0.8880434782608697,32224.57594936709,1.2182003974914508
0.37180792515134853,-0.30331865712713246,0.44556136488717657,0.8188414969730321,0.6574683544303797,0.2654347826086956,1.1017914144193726,0.6060704457897634,0.8880434782608697,31879.57594936709,1.222202253341674
0.37180792515134853,-0.28331865712713267,0.4655613648871766,0.8188414969730321,0.6674683544303797,0.2754347826086956,1.0917914144193726,0.5860704457897634,0.8680434782608697,32132.57594936709,1.2252006053924553
0.39180792515134855,-0.28331865712713267,0.4855613648871766,0.7888414969730323,0.6574683544303797,0.24543478260869556,1.0717914144193725,0.6060704457897634,0.8980434782608697,32405.57594936709,1.2262005329132073
0.4218079251513486,-0.28331865712713267,0.4855613648871766,0.7688414969730323,0.6674683544303797,0.21543478260869553,1.0717914144193725,0.6060704457897634,0.9280434782608697,32476.57594936709,1.2301966667175286
0.41180792515134856,-0.28331865712713267,0.5055613648871766,0.7588414969730323,0.6674683544303797,0.21543478260869553,1.0717914144193725,0.6060704457897634,0.9080434782608697,32437.57594936709,1.2342183113098102
0.4318079251513486,-0.27331865712713266,0.5255613648871766,0.7588414969730323,0.6774683544303797,0.1954347826086955,1.0317914144193725,0.6060704457897634,0.9180434782608697,32904.57594936709,1.237851810455318
0.41180792515134856,-0.27331865712713266,0.5555613648871767,0.7588414969730323,0.6674683544303797,0.1754347826086955,1.0717914144193725,0.6160704457897634,0.9080434782608697,33149.57594936709,1.237851810455318
0.4418079251513486,-0.27331865712713266,0.5755613648871767,0.7288414969730322,0.6774683544303797,0.15543478260869548,1.0617914144193725,0.5960704457897634,0.9180434782608697,33296.57594936709,1.2416135787963825
0.4518079251513486,-0.26331865712713265,0.6055613648871767,0.7188414969730322,0.6774683544303797,0.13543478260869546,1.0517914144193725,0.6160704457897634,0.9080434782608697,33513.57594936709,1.2466761589050286
0.4718079251513484,-0.26331865712713265,0.6155613648871767,0.7088414969730322,0.6674683544303797,0.09543478260869565,1.0617914144193725,0.6260704457897635,0.9380434782608698,33636.57594936709,1.251012754440307
0.4618079251513484,-0.25331865712713264,0.6455613648871765,0.6988414969730322,0.6574683544303797,0.07543478260869563,1.0517914144193725,0.6260704457897635,0.9580434782608696,34351.57594936709,1.2540125370025628
0.5018079251513484,-0.24331865712713263,0.6655613648871765,0.6788414969730322,0.6374683544303796,0.0454347826086956,1.0417914144193725,0.6260704457897635,0.9480434782608698,34390.57594936709,1.2550124645233147
0.4818079251513484,-0.2133186571271326,0.6755613648871766,0.6988414969730322,0.6374683544303796,0.03543478260869559,1.0217914144193725,0.6160704457897634,0.9580434782608696,34655.57594936709,1.2595071315765374
0.5218079251513484,-0.1933186571271326,0.6755613648871766,0.6988414969730322,0.6174683544303796,0.015434782608695574,1.0317914144193725,0.6460704457897635,0.9680434782608696,34762.57594936709,1.262510967254638
0.5118079251513484,-0.1933186571271326,0.6955613648871766,0.6788414969730322,0.6074683544303798,0.015434782608695574,1.0517914144193725,0.6460704457897635,0.9580434782608696,34923.57594936709,1.266764593124389
0.5418079251513485,-0.18331865712713258,0.6955613648871766,0.6688414969730322,0.5874683544303798,0.005434782608695565,1.0317914144193725,0.6560704457897635,0.9680434782608696,35222.57594936709,1.2675384998321562
0.5418079251513485,-0.16331865712713256,0.6955613648871766,0.6588414969730322,0.5674683544303798,-0.004565217391304444,1.0317914144193725,0.6660704457897635,0.9680434782608696,35819.57594936709,1.271778774261474
0.5818079251513485,-0.17331865712713257,0.6955613648871766,0.6388414969730322,0.5574683544303798,-0.014565217391304452,1.0417914144193725,0.6860704457897635,0.9780434782608696,36242.57594936709,1.276283931732177
0.5818079251513485,-0.14331865712713254,0.7055613648871766,0.6488414969730322,0.5374683544303798,-0.02456521739130446,1.0317914144193725,0.6860704457897635,0.9580434782608696,36309.57594936709,1.2788552761077874
0.5918079251513485,-0.15331865712713255,0.7055613648871766,0.6488414969730322,0.5174683544303798,-0.02456521739130446,1.0417914144193725,0.6960704457897635,0.9880434782608696,36616.57594936709,1.2788552761077874
0.6018079251513485,-0.13331865712713253,0.7155613648871766,0.6388414969730322,0.49746835443037973,-0.03456521739130447,1.0617914144193725,0.7060704457897635,0.9780434782608696,36927.57594936709,1.2839116573333733
0.6018079251513485,-0.12331865712713252,0.7155613648871766,0.6388414969730322,0.4774683544303797,-0.03456521739130447,1.0417914144193725,0.7260704457897635,0.9880434782608696,37410.57594936709,1.2882487297058098
0.6418079251513485,-0.10331865712713251,0.7155613648871766,0.6188414969730321,0.4574683544303797,-0.03456521739130447,1.0517914144193725,0.7160704457897635,0.9880434782608696,37485.57594936709,1.2915117263793974
0.6418079251513485,-0.10331865712713251,0.7255613648871766,0.6188414969730321,0.4374683544303797,-0.04456521739130448,1.0517914144193725,0.7260704457897635,0.9880434782608696,37878.57594936709,1.2922234058380084
0.6418079251513485,-0.08331865712713249,0.7055613648871766,0.6288414969730322,0.4374683544303797,-0.04456521739130448,1.0717914144193725,0.7060704457897635,0.9880434782608696,38137.57594936709,1.2957345962524407
0.6318079251513485,-0.05331865712713246,0.7255613648871766,0.6488414969730322,0.41746835443037966,-0.04456521739130448,1.0617914144193725,0.7360704457897635,0.9780434782608696,37884.57594936709,1.2991334915161161
0.6418079251513485,-0.06331865712713247,0.7255613648871766,0.6588414969730322,0.39746835443037964,-0.04456521739130448,1.0717914144193725,0.7360704457897635,0.9780434782608696,38303.57594936709,1.3033735275268512
0.6218079251513485,-0.05331865712713246,0.7155613648871766,0.6488414969730322,0.3774683544303796,-0.04456521739130448,1.0817914144193725,0.7560704457897633,0.9780434782608696,38728.57594936709,1.3033735275268512
0.6318079251513485,-0.05331865712713246,0.7255613648871766,0.6588414969730322,0.3674683544303796,-0.03456521739130447,1.0717914144193725,0.7460704457897636,0.9580434782608696,38857.57594936709,1.30843634605408
0.6418079251513485,-0.023318657127132658,0.7155613648871766,0.6588414969730322,0.3474683544303798,-0.03456521739130447,1.0817914144193725,0.7560704457897633,0.9480434782608698,39000.57594936709,1.3119277477264397
0.6518079251513486,-0.023318657127132658,0.7255613648871766,0.6488414969730322,0.3474683544303798,-0.03456521739130447,1.0717914144193725,0.7560704457897633,0.9480434782608698,39135.57594936709,1.315961551666259
0.6618079251513486,-0.01331865712713265,0.7455613648871766,0.6588414969730322,0.3274683544303798,-0.03456521739130447,1.0817914144193725,0.7560704457897633,0.9280434782608697,38952.57594936709,1.31694049835205
0.6818079251513486,0.0066813428728673685,0.7155613648871766,0.6488414969730322,0.3274683544303798,-0.014565217391304452,1.0817914144193725,0.7460704457897636,0.9380434782608698,39431.57594936709,1.3210558414459221
0.6618079251513486,0.0066813428728673685,0.6955613648871766,0.6588414969730322,0.3274683544303798,-0.004565217391304444,1.0817914144193725,0.7460704457897636,0.9380434782608698,39810.57594936709,1.3237132549285882
0.6718079251513486,-0.023318657127132658,0.6755613648871766,0.6588414969730322,0.3174683544303798,0.005434782608695565,1.0817914144193725,0.7560704457897633,0.9580434782608696,39853.57594936709,1.3287524700164788
0.6718079251513486,-0.01331865712713265,0.6755613648871766,0.6688414969730322,0.3074683544303798,0.005434782608695565,1.0817914144193725,0.7560704457897633,0.9380434782608698,39752.57594936709,1.331752967834472
0.6718079251513486,-0.023318657127132658,0.6755613648871766,0.6588414969730322,0.3174683544303798,0.025434782608695583,1.0817914144193725,0.7460704457897636,0.9380434782608698,39687.57594936709,1.331752967834472
0.6818079251513486,-0.03331865712713267,0.6655613648871765,0.6588414969730322,0.3174683544303798,0.025434782608695583,1.0717914144193725,0.7660704457897634,0.9180434782608697,39432.57594936709,1.3360428333282464
0.6618079251513486,-0.01331865712713265,0.6555613648871765,0.6688414969730322,0.3074683544303798,0.0454347826086956,1.0817914144193725,0.7660704457897634,0.9280434782608697,39603.57594936709,1.3404371261596673
0.6618079251513486,-0.03331865712713267,0.6355613648871765,0.6788414969730322,0.3274683544303798,0.07543478260869563,1.0817914144193725,0.7460704457897636,0.9180434782608697,39612.57594936709,1.3444606781005852
0.6418079251513485,-0.043318657127132454,0.6255613648871765,0.6888414969730322,0.3174683544303798,0.07543478260869563,1.0817914144193725,0.7660704457897634,0.9180434782608697,39349.57594936709,1.3444606781005852
0.6518079251513486,-0.03331865712713267,0.6155613648871767,0.6888414969730322,0.3274683544303798,0.08543478260869564,1.0717914144193725,0.7760704457897634,0.9080434782608697,39432.57594936709,1.3484520435333245
0.6318079251513485,-0.043318657127132454,0.5955613648871767,0.7088414969730322,0.3074683544303798,0.11543478260869566,1.0917914144193726,0.7660704457897634,0.8980434782608697,39309.57594936709,1.3524498462676995
0.6318079251513485,-0.05331865712713246,0.5755613648871767,0.7088414969730322,0.3274683544303798,0.13543478260869546,1.0917914144193726,0.7660704457897634,0.8780434782608697,39094.57594936709,1.356495809555053
0.6218079251513485,-0.05331865712713246,0.5855613648871767,0.7388414969730323,0.3374683544303798,0.14543478260869547,1.0817914144193725,0.7660704457897634,0.8880434782608697,38873.57594936709,1.357495975494384
0.5918079251513485,-0.06331865712713247,0.5855613648871767,0.7288414969730322,0.3374683544303798,0.15543478260869548,1.0917914144193726,0.7460704457897636,0.8780434782608697,38304.57594936709,1.360863399505611
0.5818079251513485,-0.06331865712713247,0.5655613648871767,0.7388414969730323,0.3374683544303798,0.1754347826086955,1.0917914144193726,0.7560704457897633,0.8680434782608697,38483.57594936709,1.3646289825439446
0.5718079251513485,-0.07331865712713248,0.5755613648871767,0.7688414969730323,0.3474683544303798,0.1754347826086955,1.0717914144193725,0.7660704457897634,0.8380434782608697,38512.57594936709,1.3689076423645012
0.5618079251513485,-0.07331865712713248,0.5655613648871767,0.7588414969730323,0.3174683544303798,0.1854347826086955,1.0817914144193725,0.7560704457897633,0.8280434782608697,38417.57594936709,1.3689076423645012
0.5718079251513485,-0.07331865712713248,0.5755613648871767,0.7888414969730323,0.3074683544303798,0.1954347826086955,1.0817914144193725,0.7560704457897633,0.8180434782608696,38302.57594936709,1.372923803329467
0.5718079251513485,-0.06331865712713247,0.5755613648871767,0.7888414969730323,0.3174683544303798,0.21543478260869553,1.0817914144193725,0.7460704457897636,0.8180434782608696,37969.57594936709,1.3770627498626702
0.5518079251513485,-0.06331865712713247,0.5355613648871766,0.7788414969730323,0.3374683544303798,0.22543478260869554,1.0917914144193726,0.7460704457897636,0.8280434782608697,37190.57594936709,1.3810572147369342
0.5718079251513485,-0.05331865712713246,0.5255613648871766,0.7888414969730323,0.3174683544303798,0.22543478260869554,1.0717914144193725,0.7360704457897635,0.8080434782608696,36905.57594936709,1.3820542812347405
0.5418079251513485,-0.08331865712713249,0.5355613648871766,0.7888414969730323,0.3274683544303798,0.22543478260869554,1.0717914144193725,0.7160704457897635,0.8280434782608697,36450.57594936709,1.3860580444335966
0.5518079251513485,-0.0933186571271325,0.5155613648871766,0.8088414969730323,0.3274683544303798,0.22543478260869554,1.0717914144193725,0.7160704457897635,0.8380434782608697,35969.57594936709,1.390063953399654
0.5318079251513484,-0.11331865712713252,0.5255613648871766,0.8088414969730323,0.3374683544303798,0.22543478260869554,1.0717914144193725,0.7360704457897635,0.8380434782608697,35948.57594936709,1.3943886280059807
0.5518079251513485,-0.0933186571271325,0.5255613648871766,0.8088414969730323,0.3374683544303798,0.24543478260869556,1.0817914144193725,0.7360704457897635,0.8180434782608696,36227.57594936709,1.3975097656249993
0.5418079251513485,-0.10331865712713251,0.5155613648871766,0.7988414969730323,0.3274683544303798,0.25543478260869557,1.0717914144193725,0.7460704457897636,0.7980434782608696,35748.57594936709,1.398414087295528
0.5618079251513485,-0.10331865712713251,0.5055613648871766,0.7888414969730323,0.3374683544303798,0.25543478260869557,1.0717914144193725,0.7260704457897635,0.8080434782608696,35213.57594936709,1.4015857696533196
0.5418079251513485,-0.13331865712713253,0.4755613648871766,0.7888414969730323,0.35746835443037983,0.2654347826086956,1.0517914144193725,0.7560704457897633,0.8180434782608696,35022.57594936709,1.4067437171936028
0.5618079251513485,-0.14331865712713254,0.4855613648871766,0.7688414969730323,0.35746835443037983,0.25543478260869557,1.0617914144193725,0.7460704457897636,0.8180434782608696,34411.57594936709,1.4099468708038358
0.5718079251513485,-0.13331865712713253,0.4655613648871766,0.7888414969730323,0.3674683544303796,0.25543478260869557,1.0617914144193725,0.7360704457897635,0.8380434782608697,34140.57594936709,1.4099468708038358
0.5418079251513485,-0.15331865712713255,0.4655613648871766,0.7788414969730323,0.35746835443037983,0.25543478260869557,1.0617914144193725,0.7260704457897635,0.8380434782608697,33911.57594936709,1.4143719196319608
0.5018079251513484,-0.17331865712713257,0.4655613648871766,0.8088414969730323,0.3474683544303798,0.24543478260869556,1.0917914144193726,0.7260704457897635,0.8280434782608697,33582.57594936709,1.4181229591369622
0.5118079251513484,-0.17331865712713257,0.4655613648871766,0.8088414969730323,0.3674683544303796,0.23543478260869555,1.0817914144193725,0.7160704457897635,0.8480434782608697,33023.57594936709,1.422061395645141
0.5018079251513484,-0.18331865712713258,0.4655613648871766,0.8088414969730323,0.38746835443037964,0.21543478260869553,1.0717914144193725,0.7160704457897635,0.8580434782608697,32778.57594936709,1.4231094837188714
0.5118079251513484,-0.1933186571271326,0.4755613648871766,0.8088414969730323,0.39746835443037964,0.1954347826086955,1.0817914144193725,0.7360704457897635,0.8780434782608697,32515.57594936709,1.4262299060821562
0.4918079251513484,-0.2033186571271326,0.4755613648871766,0.8188414969730321,0.39746835443037964,0.1854347826086955,1.0617914144193725,0.7560704457897633,0.8880434782608697,31902.57594936709,1.4312324047088651
0.4918079251513484,-0.2033186571271326,0.4555613648871766,0.8188414969730321,0.39746835443037964,0.1854347826086955,1.0717914144193725,0.7660704457897634,0.9080434782608697,31355.57594936709,1.434232187271121
0.4918079251513484,-0.24331865712713263,0.4555613648871766,0.8088414969730323,0.42746835443037967,0.1854347826086955,1.0817914144193725,0.7360704457897635,0.9080434782608697,31010.57594936709,1.4352323532104485
0.4618079251513484,-0.24331865712713263,0.4555613648871766,0.8088414969730323,0.4474683544303797,0.1854347826086955,1.1217914144193726,0.7460704457897636,0.9080434782608697,31173.57594936709,1.439232301712039
0.4718079251513484,-0.25331865712713264,0.44556136488717657,0.7988414969730323,0.4774683544303797,0.1954347826086955,1.1217914144193726,0.7360704457897635,0.8980434782608697,31150.57594936709,1.4426755428314202
0.4518079251513486,-0.26331865712713265,0.44556136488717657,0.8288414969730321,0.4774683544303797,0.20543478260869552,1.1217914144193726,0.7160704457897635,0.8980434782608697,30673.57594936709,1.446836185455318
0.4218079251513486,-0.27331865712713266,0.44556136488717657,0.8188414969730321,0.4574683544303797,0.21543478260869553,1.1317914144193726,0.7260704457897635,0.8880434782608697,30502.57594936709,1.446836185455318
0.4418079251513486,-0.26331865712713265,0.44556136488717657,0.8188414969730321,0.4674683544303797,0.21543478260869553,1.1317914144193726,0.7060704457897635,0.9080434782608697,29991.57594936709,1.45076675415039
0.4318079251513486,-0.26331865712713265,0.44556136488717657,0.8388414969730321,0.4774683544303797,0.21543478260869553,1.1117914144193726,0.7360704457897635,0.8980434782608697,29884.57594936709,1.4558107376098626
0.4218079251513486,-0.27331865712713266,0.43556136488717656,0.8388414969730321,0.4874683544303797,0.23543478260869555,1.1317914144193726,0.7160704457897635,0.9080434782608697,29573.57594936709,1.4598102092742913
0.4218079251513486,-0.27331865712713266,0.41556136488717654,0.8388414969730321,0.49746835443037973,0.24543478260869556,1.1217914144193726,0.7160704457897635,0.9080434782608697,29608.57594936709,1.4598102092742913
0.41180792515134856,-0.28331865712713267,0.42556136488717655,0.8388414969730321,0.5074683544303797,0.24543478260869556,1.1317914144193726,0.7060704457897635,0.8980434782608697,29931.57594936709,1.4638924121856682
0.41180792515134856,-0.28331865712713267,0.42556136488717655,0.8288414969730321,0.5574683544303798,0.24543478260869556,1.1217914144193726,0.6860704457897635,0.9080434782608697,29706.57594936709,1.4670083045959466
0.41180792515134856,-0.29331865712713245,0.41556136488717654,0.8388414969730321,0.5574683544303798,0.25543478260869557,1.1017914144193726,0.6760704457897635,0.8980434782608697,29463.57594936709,1.4722330093383782
0.40180792515134856,-0.30331865712713246,0.41556136488717654,0.8488414969730321,0.5774683544303798,0.25543478260869557,1.1117914144193726,0.6460704457897635,0.8980434782608697,29406.57594936709,1.4752768993377678
0.40180792515134856,-0.29331865712713245,0.40556136488717653,0.8388414969730321,0.6074683544303798,0.2654347826086956,1.1117914144193726,0.6560704457897635,0.9080434782608697,29443.57594936709,1.4763414382934563
0.39180792515134855,-0.30331865712713246,0.40556136488717653,0.8488414969730321,0.6174683544303796,0.2854347826086956,1.1117914144193726,0.6460704457897635,0.8980434782608697,29696.57594936709,1.4803132534027093
0.37180792515134853,-0.3233186571271325,0.40556136488717653,0.8488414969730321,0.6574683544303797,0.2854347826086956,1.1217914144193726,0.6360704457897635,0.8980434782608697,29813.57594936709,1.484310579299926
0.3618079251513485,-0.31331865712713247,0.3955613648871765,0.8588414969730321,0.6774683544303797,0.2954347826086956,1.1317914144193726,0.6260704457897635,0.8980434782608697,30004.57594936709,1.4873063087463372
0.3518079251513485,-0.3333186571271325,0.41556136488717654,0.8488414969730321,0.6574683544303797,0.2854347826086956,1.1217914144193726,0.6260704457897635,0.8980434782608697,29717.57594936709,1.4883117198944085
0.3418079251513485,-0.3233186571271325,0.42556136488717655,0.8688414969730321,0.6774683544303797,0.3054347826086956,1.0817914144193725,0.6260704457897635,0.8980434782608697,29820.57594936709,1.4923276424407987
0.3518079251513485,-0.30331865712713246,0.42556136488717655,0.8588414969730321,0.6574683544303797,0.2754347826086956,1.0917914144193726,0.6260704457897635,0.9080434782608697,30313.57594936709,1.4966299057006829
0.3318079251513485,-0.31331865712713247,0.41556136488717654,0.8488414969730321,0.6774683544303797,0.2654347826086956,1.1217914144193726,0.6160704457897634,0.9080434782608697,30626.57594936709,1.499965143203731
0.39180792515134855,-0.3333186571271325,0.44556136488717657,0.8388414969730321,0.6874683544303797,0.2654347826086956,1.0917914144193726,0.6360704457897635,0.8980434782608697,30931.57594936709,1.5010077476501422
0.39180792515134855,-0.31331865712713247,0.4655613648871766,0.8388414969730321,0.6974683544303797,0.24543478260869556,1.0917914144193726,0.6260704457897635,0.8980434782608697,30902.57594936709,1.5046758174896233
0.40180792515134856,-0.31331865712713247,0.4955613648871766,0.8088414969730323,0.6974683544303797,0.22543478260869554,1.0517914144193725,0.6160704457897634,0.9080434782608697,31419.57594936709,1.5088004589080803
0.4218079251513486,-0.30331865712713246,0.5155613648871766,0.7888414969730323,0.6974683544303797,0.20543478260869552,1.0717914144193725,0.6160704457897634,0.9180434782608697,31772.57594936709,1.51282091140747
0.4318079251513486,-0.31331865712713247,0.5155613648871766,0.7588414969730323,0.6974683544303797,0.1754347826086955,1.0717914144193725,0.6160704457897634,0.9380434782608698,31495.57594936709,1.513076734542846
0.4518079251513486,-0.31331865712713247,0.5355613648871766,0.7588414969730323,0.6874683544303797,0.1754347826086955,1.0917914144193726,0.6460704457897635,0.9280434782608697,31658.57594936709,1.517154169082641
0.4518079251513486,-0.29331865712713245,0.5655613648871767,0.7088414969730322,0.6874683544303797,0.14543478260869547,1.0717914144193725,0.6460704457897635,0.9480434782608698,32147.57594936709,1.5211548328399687
0.4618079251513484,-0.30331865712713246,0.5655613648871767,0.7388414969730323,0.6674683544303797,0.12543478260869567,1.0617914144193725,0.6560704457897635,0.9380434782608698,32294.57594936709,1.524897527694705
0.4618079251513484,-0.29331865712713245,0.5955613648871767,0.7488414969730323,0.6474683544303796,0.10543478260869565,1.0617914144193725,0.6660704457897635,0.9480434782608698,32677.57594936709,1.5257329463958769
0.4518079251513486,-0.28331865712713267,0.6155613648871767,0.7588414969730323,0.6274683544303796,0.08543478260869564,1.0617914144193725,0.6760704457897635,0.9580434782608696,32914.57594936709,1.5292214870452874
0.4918079251513484,-0.27331865712713266,0.6355613648871765,0.7288414969730322,0.6174683544303796,0.06543478260869562,1.0517914144193725,0.6960704457897635,0.9480434782608698,32625.57594936709,1.533667039871215
0.4918079251513484,-0.26331865712713265,0.6555613648871765,0.7488414969730323,0.6174683544303796,0.05543478260869561,1.0517914144193725,0.7060704457897635,0.9380434782608698,33132.57594936709,1.5376944065093987
0.4918079251513484,-0.26331865712713265,0.6555613648871765,0.7488414969730323,0.5974683544303798,0.0454347826086956,1.0517914144193725,0.7160704457897635,0.9480434782608698,33521.57594936709,1.5411724567413323
0.4918079251513484,-0.25331865712713264,0.6655613648871765,0.7488414969730323,0.5774683544303798,0.0454347826086956,1.0517914144193725,0.6960704457897635,0.9580434782608696,33598.57594936709,1.5422291278839104
0.5118079251513484,-0.2233186571271326,0.6855613648871766,0.7288414969730322,0.5674683544303798,0.025434782608695583,1.0517914144193725,0.7360704457897635,0.9680434782608696,33987.57594936709,1.5455922603607206
0.5018079251513484,-0.2133186571271326,0.6755613648871766,0.7288414969730322,0.5474683544303798,0.015434782608695574,1.0717914144193725,0.7360704457897635,0.9680434782608696,33960.57594936709,1.5498725891113274
0.5418079251513485,-0.2133186571271326,0.6855613648871766,0.7088414969730322,0.5574683544303798,-0.004565217391304444,1.0617914144193725,0.7360704457897635,0.9780434782608696,34407.57594936709,1.5528659343719475
0.5518079251513485,-0.2033186571271326,0.6755613648871766,0.7088414969730322,0.5174683544303798,0.005434782608695565,1.0617914144193725,0.7360704457897635,0.9680434782608696,35370.57594936709,1.5538746833801262
0.5318079251513484,-0.1933186571271326,0.6855613648871766,0.7188414969730322,0.5174683544303798,0.005434782608695565,1.0817914144193725,0.7360704457897635,0.9580434782608696,36021.57594936709,1.557686281204223
0.5518079251513485,-0.17331865712713257,0.6955613648871766,0.7088414969730322,0.4774683544303797,0.015434782608695574,1.0817914144193725,0.7660704457897634,0.9480434782608698,36308.57594936709,1.5618340492248528
0.5418079251513485,-0.18331865712713258,0.6955613648871766,0.7188414969730322,0.4774683544303797,0.005434782608695565,1.0817914144193725,0.7760704457897634,0.9480434782608698,36165.57594936709,1.5654878139495843
0.5618079251513485,-0.16331865712713256,0.6955613648871766,0.7088414969730322,0.4474683544303797,0.005434782608695565,1.0817914144193725,0.7660704457897634,0.9380434782608698,36150.57594936709,1.5654878139495843
0.5718079251513485,-0.16331865712713256,0.7055613648871766,0.7188414969730322,0.4474683544303797,0.005434782608695565,1.0817914144193725,0.8060704457897634,0.9380434782608698,36409.57594936709,1.5698003292083733
0.5518079251513485,-0.15331865712713255,0.6955613648871766,0.7288414969730322,0.42746835443037967,-0.004565217391304444,1.1017914144193726,0.7960704457897634,0.9280434782608697,36178.57594936709,1.5737683296203606
0.5618079251513485,-0.14331865712713254,0.7055613648871766,0.7288414969730322,0.40746835443037965,-0.004565217391304444,1.1017914144193726,0.8060704457897634,0.9380434782608698,36561.57594936709,1.5777678012847893
0.5718079251513485,-0.14331865712713254,0.6955613648871766,0.7188414969730322,0.40746835443037965,-0.014565217391304452,1.1017914144193726,0.7960704457897634,0.9480434782608698,36790.57594936709,1.5777678012847893
0.5518079251513485,-0.13331865712713253,0.6955613648871766,0.7188414969730322,0.38746835443037964,-0.004565217391304444,1.1217914144193726,0.8060704457897634,0.9380434782608698,37011.57594936709,1.581770610809329
0.5518079251513485,-0.11331865712713252,0.7055613648871766,0.7188414969730322,0.3674683544303796,0.005434782608695565,1.1417914144193726,0.8260704457897634,0.9380434782608698,36934.57594936709,1.5858151435852044
0.5718079251513485,-0.10331865712713251,0.7055613648871766,0.7288414969730322,0.3674683544303796,0.005434782608695565,1.1117914144193726,0.7960704457897634,0.9180434782608697,37407.57594936709,1.5901119232177727
0.5818079251513485,-0.10331865712713251,0.7055613648871766,0.7188414969730322,0.35746835443037983,0.005434782608695565,1.1217914144193726,0.8060704457897634,0.9180434782608697,37840.57594936709,1.5911576271057157
0.5818079251513485,-0.10331865712713251,0.6955613648871766,0.7188414969730322,0.35746835443037983,0.015434782608695574,1.1217914144193726,0.7860704457897634,0.9280434782608697,37921.57594936709,1.5941493034362786
0.5718079251513485,-0.10331865712713251,0.6855613648871766,0.7288414969730322,0.3374683544303798,0.03543478260869559,1.1317914144193726,0.8060704457897634,0.9180434782608697,37382.57594936709,1.5984849452972405
0.5718079251513485,-0.11331865712713252,0.6855613648871766,0.7388414969730323,0.3374683544303798,0.0454347826086956,1.1117914144193726,0.8260704457897634,0.9080434782608697,37539.57594936709,1.6024901390075676
0.5618079251513485,-0.08331865712713249,0.6755613648871766,0.7488414969730323,0.3274683544303798,0.05543478260869561,1.1117914144193726,0.8160704457897634,0.8980434782608697,37374.57594936709,1.6063882827758782
0.5718079251513485,-0.0933186571271325,0.6655613648871765,0.7588414969730323,0.3174683544303798,0.07543478260869563,1.1017914144193726,0.8060704457897634,0.8780434782608697,37565.57594936709,1.6063882827758782
0.5718079251513485,-0.0933186571271325,0.6655613648871765,0.7488414969730323,0.3174683544303798,0.07543478260869563,1.1217914144193726,0.8260704457897634,0.8780434782608697,37928.57594936709,1.6113726615905755
0.5618079251513485,-0.10331865712713251,0.6355613648871765,0.7588414969730323,0.3074683544303798,0.09543478260869565,1.1217914144193726,0.8260704457897634,0.8780434782608697,38303.57594936709,1.614686441421508
0.5618079251513485,-0.08331865712713249,0.6455613648871765,0.7688414969730323,0.28746835443037977,0.10543478260869565,1.1117914144193726,0.8360704457897634,0.8780434782608697,38358.57594936709,1.6179911613464348
0.5718079251513485,-0.08331865712713249,0.6155613648871767,0.7688414969730323,0.3074683544303798,0.11543478260869566,1.1217914144193726,0.7960704457897634,0.8880434782608697,37657.57594936709,1.6190115928649895
0.5518079251513485,-0.0933186571271325,0.5955613648871767,0.7788414969730323,0.3174683544303798,0.13543478260869546,1.1217914144193726,0.8060704457897634,0.8780434782608697,37378.57594936709,1.623012018203731
0.5518079251513485,-0.08331865712713249,0.5855613648871767,0.7888414969730323,0.27746835443037976,0.15543478260869548,1.1217914144193726,0.8160704457897634,0.8580434782608697,37583.57594936709,1.6269762039184563
0.5218079251513484,-0.07331865712713248,0.5655613648871767,0.7888414969730323,0.27746835443037976,0.15543478260869548,1.1417914144193726,0.7960704457897634,0.8680434782608697,37182.57594936709,1.630979251861568
0.5218079251513484,-0.05331865712713246,0.5655613648871767,0.7888414969730323,0.27746835443037976,0.1754347826086955,1.1217914144193726,0.8060704457897634,0.8580434782608697,36875.57594936709,1.6319794178009026
0.5218079251513484,-0.06331865712713247,0.5755613648871767,0.8088414969730323,0.25746835443037974,0.1854347826086955,1.1517914144193726,0.8160704457897634,0.8280434782608697,37212.57594936709,1.636017990112304
0.5118079251513484,-0.07331865712713248,0.5655613648871767,0.7888414969730323,0.24746835443037973,0.1854347826086955,1.1317914144193726,0.7960704457897634,0.8380434782608697,36651.57594936709,1.6400637149810784
0.5118079251513484,-0.07331865712713248,0.5555613648871767,0.7988414969730323,0.23746835443037972,0.1854347826086955,1.1317914144193726,0.8160704457897634,0.8380434782608697,36396.57594936709,1.6433283805847196
0.5118079251513484,-0.08331865712713249,0.5655613648871767,0.8088414969730323,0.24746835443037973,0.21543478260869553,1.1317914144193726,0.7860704457897634,0.8180434782608696,36181.57594936709,1.6443662166595452
0.5018079251513484,-0.0933186571271325,0.5455613648871767,0.8388414969730321,0.24746835443037973,0.20543478260869552,1.1417914144193726,0.7960704457897634,0.8380434782608697,35906.57594936709,1.6482412338256829
0.5018079251513484,-0.10331865712713251,0.5455613648871767,0.8388414969730321,0.24746835443037973,0.20543478260869552,1.1217914144193726,0.7960704457897634,0.8280434782608697,35297.57594936709,1.652240228652957
0.4918079251513484,-0.10331865712713251,0.5155613648871766,0.8488414969730321,0.23746835443037972,0.21543478260869553,1.1017914144193726,0.7960704457897634,0.8380434782608697,35420.57594936709,1.6562406539916985
0.4918079251513484,-0.10331865712713251,0.5255613648871766,0.8488414969730321,0.23746835443037972,0.23543478260869555,1.1017914144193726,0.7960704457897634,0.8380434782608697,35275.57594936709,1.6562406539916985
0.4818079251513484,-0.10331865712713251,0.5155613648871766,0.8588414969730321,0.23746835443037972,0.25543478260869557,1.1217914144193726,0.8160704457897634,0.8380434782608697,34512.57594936709,1.6604077339172392
0.4818079251513484,-0.11331865712713252,0.5155613648871766,0.8788414969730322,0.2174683544303797,0.23543478260869555,1.1117914144193726,0.7960704457897634,0.8280434782608697,34043.57594936709,1.6644105434417682
0.5018079251513484,-0.10331865712713251,0.5055613648871766,0.8588414969730321,0.22746835443037972,0.25543478260869557,1.1017914144193726,0.7660704457897634,0.8280434782608697,34040.57594936709,1.6679415225982623
0.5018079251513484,-0.10331865712713251,0.4855613648871766,0.8488414969730321,0.23746835443037972,0.2654347826086956,1.1117914144193726,0.7460704457897636,0.8080434782608696,33745.57594936709,1.668985080718997
0.4818079251513484,-0.08331865712713249,0.4955613648871766,0.8488414969730321,0.24746835443037973,0.2754347826086956,1.1117914144193726,0.7360704457897635,0.8180434782608696,33212.57594936709,1.6720201492309599
0.5118079251513484,-0.07331865712713248,0.4855613648871766,0.8388414969730321,0.22746835443037972,0.2754347826086956,1.1017914144193726,0.7360704457897635,0.8280434782608697,32549.57594936709,1.676019382476806
0.5018079251513484,-0.0933186571271325,0.4655613648871766,0.8588414969730321,0.25746835443037974,0.2754347826086956,1.0917914144193726,0.7060704457897635,0.8380434782608697,32128.57594936709,1.6814066886901848
0.4718079251513484,-0.0933186571271325,0.44556136488717657,0.8888414969730322,0.23746835443037972,0.2754347826086956,1.0817914144193725,0.7160704457897635,0.8480434782608697,31841.57594936709,1.6844074249267607
0.4818079251513484,-0.0933186571271325,0.4655613648871766,0.8788414969730322,0.22746835443037972,0.25543478260869557,1.0817914144193725,0.7060704457897635,0.8480434782608697,31502.57594936709,1.6844074249267607
0.4718079251513484,-0.14331865712713254,0.44556136488717657,0.8788414969730322,0.23746835443037972,0.23543478260869555,1.0817914144193725,0.7160704457897635,0.8680434782608697,30711.57594936709,1.688407135009765
0.4318079251513486,-0.14331865712713254,0.44556136488717657,0.8788414969730322,0.25746835443037974,0.22543478260869554,1.0917914144193726,0.7160704457897635,0.8980434782608697,30554.57594936709,1.6925761222839313
0.4418079251513486,-0.15331865712713255,0.44556136488717657,0.8888414969730322,0.25746835443037974,0.21543478260869553,1.1017914144193726,0.6860704457897635,0.8980434782608697,30413.57594936709,1.6965469837188714
0.4618079251513484,-0.13331865712713253,0.4555613648871766,0.9088414969730322,0.22746835443037972,0.20543478260869552,1.1117914144193726,0.6860704457897635,0.8980434782608697,29796.57594936709,1.6965469837188714
0.4518079251513486,-0.13331865712713253,0.4555613648871766,0.8888414969730322,0.24746835443037973,0.20543478260869552,1.1317914144193726,0.6760704457897635,0.9280434782608697,29795.57594936709,1.7005357265472405
0.4318079251513486,-0.12331865712713252,0.44556136488717657,0.8888414969730322,0.23746835443037972,0.1954347826086955,1.1217914144193726,0.6460704457897635,0.9280434782608697,29542.57594936709,1.7052146911621087
0.4518079251513486,-0.12331865712713252,0.44556136488717657,0.8688414969730321,0.23746835443037972,0.1954347826086955,1.1417914144193726,0.6460704457897635,0.9380434782608698,29205.57594936709,1.7092115402221673
0.4418079251513486,-0.14331865712713254,0.43556136488717656,0.8788414969730322,0.23746835443037972,0.20543478260869552,1.1317914144193726,0.6560704457897635,0.9380434782608698,28284.57594936709,1.7092115402221673
0.41180792515134856,-0.15331865712713255,0.42556136488717655,0.8788414969730322,0.23746835443037972,0.20543478260869552,1.1517914144193726,0.6660704457897635,0.9480434782608698,27989.57594936709,1.7132114887237542
0.4218079251513486,-0.13331865712713253,0.43556136488717656,0.8688414969730321,0.22746835443037972,0.21543478260869553,1.1517914144193726,0.6460704457897635,0.9380434782608698,28232.57594936709,1.717638683319091
0.41180792515134856,-0.12331865712713252,0.42556136488717655,0.8888414969730322,0.2174683544303797,0.21543478260869553,1.1517914144193726,0.6260704457897635,0.9480434782608698,27981.57594936709,1.7211780071258502
0.40180792515134856,-0.13331865712713253,0.41556136488717654,0.8888414969730322,0.1974683544303797,0.20543478260869552,1.1417914144193726,0.6360704457897635,0.9680434782608696,27496.57594936709,1.7220274925231962
0.41180792515134856,-0.15331865712713255,0.42556136488717655,0.8788414969730322,0.18746835443037968,0.20543478260869552,1.1517914144193726,0.6260704457897635,0.9880434782608696,27181.57594936709,1.7251169204711907
0.41180792515134856,-0.13331865712713253,0.40556136488717653,0.8788414969730322,0.16746835443037966,0.21543478260869553,1.1517914144193726,0.6160704457897634,0.9780434782608696,27230.57594936709,1.7301380157470696
0.40180792515134856,-0.08331865712713249,0.41556136488717654,0.8788414969730322,0.16746835443037966,0.21543478260869553,1.1517914144193726,0.5960704457897634,0.9780434782608696,27039.57594936709,1.7341405868530266
0.40180792515134856,-0.10331865712713251,0.41556136488717654,0.8788414969730322,0.16746835443037966,0.22543478260869554,1.1517914144193726,0.5760704457897634,0.9780434782608696,27036.57594936709,1.7341405868530266
0.39180792515134855,-0.10331865712713251,0.41556136488717654,0.8788414969730322,0.16746835443037966,0.22543478260869554,1.1617914144193726,0.5760704457897634,0.9880434782608696,26925.57594936709,1.7381271839141839
0.38180792515134854,-0.12331865712713252,0.41556136488717654,0.8888414969730322,0.15746835443037965,0.23543478260869555,1.1517914144193726,0.5660704457897634,0.9780434782608696,26988.57594936709,1.7421378612518303
0.38180792515134854,-0.11331865712713252,0.40556136488717653,0.8788414969730322,0.14746835443037964,0.23543478260869555,1.1617914144193726,0.5460704457897634,0.9880434782608696,26711.57594936709,1.7462198257446282
0.37180792515134853,-0.10331865712713251,0.3855613648871765,0.8788414969730322,0.13746835443037964,0.25543478260869557,1.1817914144193726,0.5160704457897634,0.9880434782608696,26434.57594936709,1.7495119094848626
0.3618079251513485,-0.10331865712713251,0.3955613648871765,0.8688414969730321,0.13746835443037964,0.25543478260869557,1.1817914144193726,0.5260704457897634,0.9880434782608696,26787.57594936709,1.7505502223968499
0.3618079251513485,-0.12331865712713252,0.41556136488717654,0.8888414969730322,0.12746835443037963,0.25543478260869557,1.1717914144193726,0.5360704457897634,0.9880434782608696,27164.57594936709,1.7545711517334013
0.3518079251513485,-0.12331865712713252,0.3855613648871765,0.8988414969730322,0.10746835443037983,0.2754347826086956,1.1617914144193726,0.5060704457897633,0.9880434782608696,27067.57594936709,1.7586197376251214
0.3618079251513485,-0.12331865712713252,0.3855613648871765,0.8788414969730322,0.11746835443037962,0.2754347826086956,1.1617914144193726,0.46607044578976353,0.9980434782608696,26898.57594936709,1.7616180896759026
0.3518079251513485,-0.14331865712713254,0.3955613648871765,0.8988414969730322,0.0774683544303798,0.2854347826086956,1.1517914144193726,0.4460704457897635,0.9980434782608696,27065.57594936709,1.762621593475341
0.3518079251513485,-0.12331865712713252,0.3955613648871765,0.8888414969730322,0.0774683544303798,0.2754347826086956,1.1317914144193726,0.47607044578976354,0.9980434782608696,27016.57594936709,1.766743612289428
0.3318079251513485,-0.12331865712713252,0.3955613648871765,0.9088414969730322,0.0774683544303798,0.2754347826086956,1.1317914144193726,0.4360704457897635,0.9980434782608696,26993.57594936709,1.770745944976806
0.3518079251513485,-0.13331865712713253,0.40556136488717653,0.9288414969730322,0.0674683544303798,0.2654347826086956,1.1017914144193726,0.4160704457897635,1.0080434782608696,26982.57594936709,1.7747656822204583
0.3618079251513485,-0.13331865712713253,0.41556136488717654,0.9288414969730322,0.04746835443037978,0.24543478260869556,1.1317914144193726,0.38607044578976346,1.0080434782608696,27245.57594936709,1.7747656822204583
0.3618079251513485,-0.13331865712713253,0.43556136488717656,0.8988414969730322,0.04746835443037978,0.22543478260869554,1.0917914144193726,0.39607044578976347,1.0180434782608696,27622.57594936709,1.7793893337249713
0.40180792515134856,-0.13331865712713253,0.4555613648871766,0.8788414969730322,0.03746835443037977,0.20543478260869552,1.0817914144193725,0.38607044578976346,1.0180434782608696,27769.57594936709,1.783829879760745
0.40180792515134856,-0.16331865712713256,0.4655613648871766,0.8688414969730321,0.03746835443037977,0.1854347826086955,1.0717914144193725,0.39607044578976347,1.0380434782608696,27914.57594936709,1.7872404575347893
0.41180792515134856,-0.14331865712713254,0.4855613648871766,0.8788414969730322,0.01746835443037975,0.1754347826086955,1.1017914144193726,0.36607044578976344,1.0280434782608696,28549.57594936709,1.7872404575347893
0.4218079251513486,-0.17331865712713257,0.4955613648871766,0.8588414969730321,0.02746835443037976,0.16543478260869549,1.0817914144193725,0.3460704457897634,1.0480434782608696,28562.57594936709,1.7907928943634026
0.4518079251513486,-0.17331865712713257,0.5155613648871766,0.8388414969730321,0.01746835443037975,0.14543478260869547,1.0817914144193725,0.3360704457897634,1.0580434782608696,28639.57594936709,1.7958018302917473
0.4318079251513486,-0.2133186571271326,0.5255613648871766,0.8588414969730321,-0.0025316455696202667,0.11543478260869566,1.0817914144193725,0.3460704457897634,1.0680434782608696,28632.57594936709,1.7988378524780266
0.4518079251513486,-0.2133186571271326,0.5455613648871767,0.8388414969730321,-0.0425316455696203,0.11543478260869566,1.1017914144193726,0.36607044578976344,1.0680434782608696,28645.57594936709,1.7988378524780266
0.4718079251513484,-0.24331865712713263,0.5555613648871767,0.8288414969730321,-0.012531645569620276,0.09543478260869565,1.0817914144193725,0.3260704457897634,1.0580434782608696,29316.57594936709,1.8030001640319853
0.4518079251513486,-0.24331865712713263,0.5655613648871767,0.8388414969730321,-0.03253164556962029,0.07543478260869563,1.0817914144193725,0.3460704457897634,1.0580434782608696,29747.57594936709,1.8072127819061272
0.4518079251513486,-0.26331865712713265,0.5855613648871767,0.8488414969730321,-0.022531645569620284,0.06543478260869562,1.1017914144193726,0.3160704457897634,1.0580434782608696,29784.57594936709,1.811213207244876
0.4718079251513484,-0.27331865712713266,0.6155613648871767,0.8588414969730321,-0.012531645569620276,0.0454347826086956,1.0917914144193726,0.3260704457897634,1.0580434782608696,29747.57594936709,1.812245321273803
0.4418079251513486,-0.29331865712713245,0.6155613648871767,0.8588414969730321,-0.022531645569620284,0.0454347826086956,1.1017914144193726,0.3060704457897635,1.0580434782608696,29932.57594936709,1.815672588348388
0.4718079251513484,-0.27331865712713266,0.6255613648871765,0.8588414969730321,-0.0025316455696202667,0.03543478260869559,1.1017914144193726,0.2860704457897635,1.0580434782608696,30457.57594936709,1.8196806430816643
0.4618079251513484,-0.28331865712713267,0.6055613648871767,0.8388414969730321,-0.012531645569620276,0.03543478260869559,1.1217914144193726,0.3060704457897635,1.0580434782608696,30820.57594936709,1.8236147880554192
0.4818079251513484,-0.27331865712713266,0.6355613648871765,0.8388414969730321,-0.0425316455696203,0.03543478260869559,1.1117914144193726,0.3060704457897635,1.0480434782608696,31153.57594936709,1.8269211769103997
0.5018079251513484,-0.29331865712713245,0.6255613648871765,0.8288414969730321,-0.03253164556962029,0.03543478260869559,1.0917914144193726,0.2760704457897635,1.0180434782608696,31016.57594936709,1.828129720687862
0.5218079251513484,-0.28331865712713267,0.6355613648871765,0.8388414969730321,-0.022531645569620284,0.025434782608695583,1.0917914144193726,0.22607044578976343,1.0380434782608696,31281.57594936709,1.8321628093719475
0.5218079251513484,-0.28331865712713267,0.6455613648871765,0.8388414969730321,-0.03253164556962029,0.025434782608695583,1.1017914144193726,0.23607044578976344,1.0380434782608696,31474.57594936709,1.8361420154571562
0.5118079251513484,-0.29331865712713245,0.6455613648871765,0.8188414969730321,-0.03253164556962029,0.015434782608695574,1.1217914144193726,0.2060704457897634,1.0580434782608696,31755.57594936709,1.8401302814483635
0.5118079251513484,-0.29331865712713245,0.6555613648871765,0.8388414969730321,-0.0425316455696203,0.025434782608695583,1.1117914144193726,0.22607044578976343,1.0280434782608696,31950.57594936709,1.8401302814483635
0.5318079251513484,-0.3233186571271325,0.6555613648871765,0.8288414969730321,-0.022531645569620284,0.025434782608695583,1.1117914144193726,0.2060704457897634,1.0180434782608696,31861.57594936709,1.8445603370666497
0.5418079251513485,-0.30331865712713246,0.6455613648871765,0.8288414969730321,-0.022531645569620284,0.03543478260869559,1.1217914144193726,0.1960704457897634,1.0080434782608696,31948.57594936709,1.8481909751892083
0.5418079251513485,-0.3333186571271325,0.6455613648871765,0.8088414969730323,-0.0425316455696203,0.03543478260869559,1.1417914144193726,0.2060704457897634,1.0180434782608696,32227.57594936709,1.8515765190124505
0.5418079251513485,-0.3633186571271325,0.6455613648871765,0.8088414969730323,-0.022531645569620284,0.0454347826086956,1.1517914144193726,0.21607044578976342,0.9980434782608696,32250.57594936709,1.8525774002075188
0.5418079251513485,-0.3733186571271325,0.6455613648871765,0.8188414969730321,-0.05253164556962031,0.06543478260869562,1.1517914144193726,0.1960704457897634,0.9780434782608696,32029.57594936709,1.8567466259002678
0.5318079251513484,-0.3733186571271325,0.6255613648871765,0.8188414969730321,-0.0425316455696203,0.06543478260869562,1.1517914144193726,0.21607044578976342,0.9980434782608696,32108.57594936709,1.8607463359832792
0.5418079251513485,-0.3633186571271325,0.6055613648871767,0.8188414969730321,-0.05253164556962031,0.07543478260869563,1.1517914144193726,0.1960704457897634,0.9880434782608696,32339.57594936709,1.8647458076477044
0.5618079251513485,-0.3533186571271325,0.6055613648871767,0.8088414969730323,-0.08253164556962034,0.09543478260869565,1.1617914144193726,0.1860704457897635,0.9780434782608696,32430.57594936709,1.8647458076477044
0.5518079251513485,-0.39331865712713254,0.6055613648871767,0.8088414969730323,-0.08253164556962034,0.10543478260869565,1.1417914144193726,0.1960704457897634,0.9780434782608696,32127.57594936709,1.868745279312133
0.5418079251513485,-0.3733186571271325,0.5855613648871767,0.8088414969730323,-0.07253164556962033,0.11543478260869566,1.1617914144193726,0.21607044578976342,0.9980434782608696,32300.57594936709,1.8727247238159208
0.5418079251513485,-0.39331865712713254,0.5855613648871767,0.8288414969730321,-0.09253164556962035,0.11543478260869566,1.1517914144193726,0.21607044578976342,0.9680434782608696,32133.57594936709,1.877081108093261
0.5418079251513485,-0.40331865712713255,0.5855613648871767,0.8288414969730321,-0.10253164556962036,0.12543478260869567,1.1617914144193726,0.21607044578976342,0.9680434782608696,32218.57594936709,1.8782774925231962
0.5318079251513484,-0.3733186571271325,0.5755613648871767,0.8288414969730321,-0.10253164556962036,0.12543478260869567,1.1517914144193726,0.1860704457897635,0.9680434782608696,32489.57594936709,1.8813123226165764
0.5318079251513484,-0.41331865712713256,0.5555613648871767,0.8388414969730321,-0.11253164556962036,0.12543478260869567,1.1517914144193726,0.22607044578976343,0.9480434782608698,32460.57594936709,1.885304403305053
0.5218079251513484,-0.40331865712713255,0.5755613648871767,0.8388414969730321,-0.13253164556962038,0.13543478260869546,1.1517914144193726,0.1960704457897634,0.9380434782608698,32513.57594936709,1.889322471618648
0.5318079251513484,-0.41331865712713256,0.5555613648871767,0.8488414969730321,-0.13253164556962038,0.14543478260869547,1.1617914144193726,0.2060704457897634,0.9480434782608698,32458.57594936709,1.8933214664459221
0.5118079251513484,-0.41331865712713256,0.5455613648871767,0.8588414969730321,-0.13253164556962038,0.15543478260869548,1.1617914144193726,0.21607044578976342,0.9580434782608696,32455.57594936709,1.8937708854675286
0.5018079251513484,-0.40331865712713255,0.5255613648871766,0.8588414969730321,-0.13253164556962038,0.1754347826086955,1.1617914144193726,0.1960704457897634,0.9380434782608698,32540.57594936709,1.8973319053649895
0.5018079251513484,-0.42331865712713257,0.5155613648871766,0.8688414969730321,-0.1625316455696202,0.16543478260869549,1.1617914144193726,0.1960704457897634,0.9080434782608697,32339.57594936709,1.901821565628051
0.5018079251513484,-0.4433186571271326,0.5455613648871767,0.8588414969730321,-0.15253164556962018,0.1754347826086955,1.1517914144193726,0.1660704457897635,0.9080434782608697,31986.57594936709,1.905423593521121
0.4918079251513484,-0.42331865712713257,0.5255613648871766,0.8788414969730322,-0.12253164556962037,0.1854347826086955,1.1717914144193726,0.1760704457897635,0.9080434782608697,31855.57594936709,1.905423593521121
0.4918079251513484,-0.4333186571271326,0.5455613648871767,0.8688414969730321,-0.13253164556962038,0.1954347826086955,1.1617914144193726,0.1660704457897635,0.8980434782608697,31754.57594936709,1.9097907066345208
0.4718079251513484,-0.42331865712713257,0.5155613648871766,0.8788414969730322,-0.1925316455696202,0.1954347826086955,1.1717914144193726,0.15607044578976348,0.8880434782608697,31529.57594936709,1.9137904167175286
0.4918079251513484,-0.42331865712713257,0.5155613648871766,0.8888414969730322,-0.1825316455696202,0.22543478260869554,1.1617914144193726,0.1660704457897635,0.8880434782608697,31470.57594936709,1.9177882194519036
0.4718079251513484,-0.4433186571271326,0.5155613648871766,0.8988414969730322,-0.1825316455696202,0.1954347826086955,1.1517914144193726,0.14607044578976347,0.8780434782608697,31399.57594936709,1.9177882194519036
0.4818079251513484,-0.4833186571271325,0.4755613648871766,0.8988414969730322,-0.1625316455696202,0.21543478260869553,1.1517914144193726,0.14607044578976347,0.8980434782608697,31178.57594936709,1.9217686176300042
0.4718079251513484,-0.4533186571271326,0.4955613648871766,0.9288414969730322,-0.1825316455696202,0.1954347826086955,1.1517914144193726,0.14607044578976347,0.8880434782608697,31097.57594936709,1.9260200977325432
0.4618079251513484,-0.4833186571271325,0.4655613648871766,0.9488414969730322,-0.1625316455696202,0.21543478260869553,1.1417914144193726,0.12607044578976345,0.8980434782608697,30952.57594936709,1.9303898334503202
0.4718079251513484,-0.4933186571271325,0.4555613648871766,0.9488414969730322,-0.15253164556962018,0.22543478260869554,1.1217914144193726,0.1760704457897635,0.8780434782608697,30793.57594936709,1.9303898334503202
0.4418079251513486,-0.4733186571271326,0.43556136488717656,0.9688414969730322,-0.15253164556962018,0.23543478260869555,1.1217914144193726,0.14607044578976347,0.8780434782608697,30708.57594936709,1.9343878746032708
0.4518079251513486,-0.4433186571271326,0.41556136488717654,0.9488414969730322,-0.13253164556962038,0.22543478260869554,1.1317914144193726,0.11607044578976344,0.8980434782608697,30657.57594936709,1.9384922504425042
0.4418079251513486,-0.4533186571271326,0.40556136488717653,0.9688414969730322,-0.15253164556962018,0.24543478260869556,1.1317914144193726,0.11607044578976344,0.8780434782608697,30074.57594936709,1.9426438331603997
0.4418079251513486,-0.42331865712713257,0.3855613648871765,0.9588414969730322,-0.15253164556962018,0.2654347826086956,1.1517914144193726,0.12607044578976345,0.8680434782608697,29693.57594936709,1.9426438331603997
0.4318079251513486,-0.4733186571271326,0.3755613648871765,0.9488414969730322,-0.14253164556962017,0.2754347826086956,1.1517914144193726,0.09607044578976343,0.8580434782608697,29024.57594936709,1.946613979339599
0.4418079251513486,-0.4633186571271326,0.3955613648871765,0.9788414969730322,-0.11253164556962036,0.2854347826086956,1.1217914144193726,0.11607044578976344,0.8380434782608697,28825.57594936709,1.9506134510040276
0.4218079251513486,-0.4733186571271326,0.3955613648871765,0.9988414969730323,-0.14253164556962017,0.2654347826086956,1.1217914144193726,0.11607044578976344,0.8480434782608697,28642.57594936709,1.954613399505611
0.4318079251513486,-0.4833186571271325,0.3955613648871765,0.9988414969730323,-0.14253164556962017,0.2754347826086956,1.1217914144193726,0.08607044578976342,0.8180434782608696,28529.57594936709,1.9556130886077874
0.41180792515134856,-0.4633186571271326,0.41556136488717654,0.9788414969730322,-0.15253164556962018,0.2654347826086956,1.1217914144193726,0.09607044578976343,0.7880434782608696,28302.57594936709,1.958619546890258
0.40180792515134856,-0.5033186571271325,0.40556136488717653,0.9888414969730323,-0.14253164556962017,0.2654347826086956,1.1417914144193726,0.09607044578976343,0.7880434782608696,28027.57594936709,1.962802600860595
0.38180792515134854,-0.5133186571271325,0.3655613648871767,0.9988414969730323,-0.1825316455696202,0.2854347826086956,1.1617914144193726,0.09607044578976343,0.7780434782608696,27678.57594936709,1.9667696475982623
0.40180792515134856,-0.4933186571271325,0.3455613648871767,0.9788414969730322,-0.15253164556962018,0.2854347826086956,1.1317914144193726,0.09607044578976343,0.7880434782608696,27469.57594936709,1.9708978652954094
0.39180792515134855,-0.4733186571271326,0.3455613648871767,0.9988414969730323,-0.1625316455696202,0.3054347826086956,1.1517914144193726,0.09607044578976343,0.7680434782608696,26888.57594936709,1.9708978652954094
0.39180792515134855,-0.4633186571271326,0.3455613648871767,0.9888414969730323,-0.15253164556962018,0.2954347826086956,1.1617914144193726,0.07607044578976341,0.7780434782608696,26553.57594936709,1.9748939990997307
0.38180792515134854,-0.4533186571271326,0.3455613648871767,0.9788414969730322,-0.14253164556962017,0.2854347826086956,1.1517914144193726,0.07607044578976341,0.7780434782608696,25908.57594936709,1.9798976898193352
0.37180792515134853,-0.4833186571271325,0.3255613648871767,0.9888414969730323,-0.12253164556962037,0.2954347826086956,1.1917914144193726,0.09607044578976343,0.7680434782608696,25437.57594936709,1.9830696105957024
0.3518079251513485,-0.4733186571271326,0.3255613648871767,0.9888414969730323,-0.11253164556962036,0.2854347826086956,1.2017914144193724,0.09607044578976343,0.7680434782608696,25502.57594936709,1.9840721607208245
0.3618079251513485,-0.4633186571271326,0.3155613648871767,0.9788414969730322,-0.12253164556962037,0.2754347826086956,1.1917914144193726,0.08607044578976342,0.7580434782608696,25127.57594936709,1.9880682945251422
0.3618079251513485,-0.4533186571271326,0.30556136488717667,0.9688414969730322,-0.09253164556962035,0.2854347826086956,1.2017914144193724,0.11607044578976344,0.7580434782608696,24724.57594936709,1.9921707630157464
0.3318079251513485,-0.4433186571271326,0.29556136488717666,0.9688414969730322,-0.13253164556962038,0.2754347826086956,1.2217914144193724,0.08607044578976342,0.7680434782608696,24855.57594936709,1.9956185340881305
0.3318079251513485,-0.4433186571271326,0.28556136488717665,0.9688414969730322,-0.10253164556962036,0.2854347826086956,1.2217914144193724,0.12607044578976345,0.7580434782608696,24360.57594936709,1.9966148853301995
0.3318079251513485,-0.4333186571271326,0.27556136488717664,0.9788414969730322,-0.09253164556962035,0.2954347826086956,1.2217914144193724,0.12607044578976345,0.7380434782608696,23563.57594936709,1.9995860576629632
0.3218079251513485,-0.4433186571271326,0.26556136488717663,0.9888414969730323,-0.10253164556962036,0.3054347826086956,1.2417914144193725,0.15607044578976348,0.7380434782608696,23424.57594936709,2.004586172103881
0.29180792515134846,-0.42331865712713257,0.24556136488717661,0.9788414969730322,-0.11253164556962036,0.3154347826086956,1.2417914144193725,0.1760704457897635,0.7480434782608696,23161.57594936709,2.0081109523773186
0.30180792515134847,-0.39331865712713254,0.2355613648871766,0.9888414969730323,-0.11253164556962036,0.3254347826086956,1.2517914144193725,0.13607044578976346,0.7280434782608696,22990.57594936709,2.009111833572387
0.28180792515134845,-0.39331865712713254,0.20556136488717658,0.9888414969730323,-0.09253164556962035,0.3254347826086956,1.2617914144193725,0.14607044578976347,0.7380434782608696,22727.57594936709,2.0121581077575676
0.28180792515134845,-0.3733186571271325,0.20556136488717658,0.9788414969730322,-0.06253164556962032,0.33543478260869564,1.2317914144193725,0.1660704457897635,0.7380434782608696,22870.57594936709,2.0160936832428007
0.29180792515134846,-0.39331865712713254,0.20556136488717658,0.9888414969730323,-0.0425316455696203,0.3154347826086956,1.2417914144193725,0.1760704457897635,0.7380434782608696,22839.57594936709,2.020673465728759
0.28180792515134845,-0.3733186571271325,0.20556136488717658,0.9788414969730322,-0.0425316455696203,0.3154347826086956,1.2617914144193725,0.14607044578976347,0.7380434782608696,22710.57594936709,2.020673465728759
0.28180792515134845,-0.3633186571271325,0.18556136488717656,0.9888414969730323,-0.022531645569620284,0.3254347826086956,1.2517914144193725,0.13607044578976346,0.7280434782608696,22321.57594936709,2.023673486709594
0.27180792515134844,-0.3733186571271325,0.18556136488717656,0.9888414969730323,-0.012531645569620276,0.33543478260869564,1.2617914144193725,0.12607044578976345,0.7080434782608696,21940.57594936709,2.028809976577758
0.29180792515134846,-0.3633186571271325,0.17556136488717666,0.9788414969730322,-0.0025316455696202667,0.33543478260869564,1.2417914144193725,0.14607044578976347,0.7180434782608696,21865.57594936709,2.0328061103820794
0.29180792515134846,-0.3533186571271325,0.14556136488717664,0.9988414969730323,-0.012531645569620276,0.33543478260869564,1.2517914144193725,0.1660704457897635,0.7080434782608696,22106.57594936709,2.0364877700805692
0.28180792515134845,-0.3433186571271325,0.12556136488717662,0.9788414969730322,-0.0025316455696202667,0.33543478260869564,1.2517914144193725,0.13607044578976346,0.6980434782608695,21945.57594936709,2.0364877700805692
0.28180792515134845,-0.3233186571271325,0.11556136488717661,0.9888414969730323,-0.0025316455696202667,0.35543478260869565,1.2417914144193725,0.14607044578976347,0.7080434782608696,22202.57594936709,2.040546131134036
0.30180792515134847,-0.31331865712713247,0.09556136488717659,0.9788414969730322,0.01746835443037975,0.36543478260869566,1.2317914144193725,0.13607044578976346,0.6980434782608695,21911.57594936709,2.044542741775512
0.3218079251513485,-0.3233186571271325,0.1055613648871766,0.9888414969730323,0.007468354430379742,0.34543478260869565,1.2317914144193725,0.13607044578976346,0.6880434782608695,21746.57594936709,2.0485467433929436
0.3318079251513485,-0.30331865712713246,0.07556136488717657,0.9788414969730322,-0.0025316455696202667,0.36543478260869566,1.2317914144193725,0.13607044578976346,0.6880434782608695,22043.57594936709,2.0485467433929436
0.30180792515134847,-0.29331865712713245,0.06556136488717657,0.9788414969730322,0.007468354430379742,0.36543478260869566,1.2417914144193725,0.14607044578976347,0.6780434782608695,22158.57594936709,2.053710412979129
0.3218079251513485,-0.30331865712713246,0.04556136488717666,0.9888414969730323,0.02746835443037976,0.36543478260869566,1.2217914144193724,0.13607044578976346,0.6780434782608695,22239.57594936709,2.057633590698238
0.3318079251513485,-0.30331865712713246,0.05556136488717667,0.9688414969730322,0.02746835443037976,0.35543478260869565,1.2417914144193725,0.12607044578976345,0.6580434782608695,22554.57594936709,2.061101627349853
0.3418079251513485,-0.29331865712713245,0.04556136488717666,0.9888414969730323,0.007468354430379742,0.36543478260869566,1.2117914144193724,0.15607044578976348,0.6380434782608697,22915.57594936709,2.0621466159820514
0.3418079251513485,-0.27331865712713266,0.04556136488717666,0.9688414969730322,-0.012531645569620276,0.36543478260869566,1.2317914144193725,0.13607044578976346,0.6480434782608695,22932.57594936709,2.065228652954101
0.38180792515134854,-0.30331865712713246,0.03556136488717665,0.9588414969730322,-0.0025316455696202667,0.36543478260869566,1.2217914144193724,0.14607044578976347,0.6480434782608695,23121.57594936709,2.069930982589721
0.38180792515134854,-0.31331865712713247,-0.004438635112823386,0.9488414969730322,-0.022531645569620284,0.35543478260869565,1.2117914144193724,0.1660704457897635,0.6380434782608697,23392.57594936709,2.0729281425476067
0.37180792515134853,-0.28331865712713267,-0.014438635112823395,0.9588414969730322,-0.0425316455696203,0.35543478260869565,1.2217914144193724,0.15607044578976348,0.6280434782608697,23515.57594936709,2.073942613601684
0.38180792515134854,-0.28331865712713267,-0.024438635112823404,0.9688414969730322,-0.05253164556962031,0.36543478260869566,1.2217914144193724,0.13607044578976346,0.6180434782608697,23842.57594936709,2.078231763839721
0.39180792515134855,-0.28331865712713267,-0.04443863511282342,0.9588414969730322,-0.05253164556962031,0.37543478260869567,1.2217914144193724,0.12607044578976345,0.6380434782608697,23971.57594936709,2.0822312355041497
0.39180792515134855,-0.27331865712713266,-0.05443863511282343,0.9488414969730322,-0.0425316455696203,0.33543478260869564,1.2317914144193725,0.11607044578976344,0.6380434782608697,24268.57594936709,2.0853189945220905
0.41180792515134856,-0.26331865712713265,-0.07443863511282334,0.9488414969730322,-0.07253164556962033,0.35543478260869565,1.2417914144193725,0.12607044578976345,0.5980434782608697,24401.57594936709,2.0862977027893024
0.41180792515134856,-0.26331865712713265,-0.06443863511282344,0.9388414969730322,-0.0425316455696203,0.34543478260869565,1.2317914144193725,0.11607044578976344,0.5780434782608697,24654.57594936709,2.090365600585937
0.4418079251513486,-0.27331865712713266,-0.04443863511282342,0.9188414969730322,-0.06253164556962032,0.37543478260869567,1.2417914144193725,0.11607044578976344,0.5680434782608696,24999.57594936709,2.09468502998352
0.4318079251513486,-0.27331865712713266,-0.04443863511282342,0.9188414969730322,-0.06253164556962032,0.34543478260869565,1.2517914144193725,0.09607044578976343,0.5380434782608696,25004.57594936709,2.097866487503051
0.4418079251513486,-0.28331865712713267,-0.05443863511282343,0.9088414969730322,-0.07253164556962033,0.3254347826086956,1.2517914144193725,0.12607044578976345,0.5680434782608696,25197.57594936709,2.101901245117187
0.4318079251513486,-0.27331865712713266,-0.07443863511282334,0.9188414969730322,-0.08253164556962034,0.33543478260869564,1.2417914144193725,0.11607044578976344,0.5280434782608696,25504.57594936709,2.103110742568969
0.41180792515134856,-0.30331865712713246,-0.05443863511282343,0.9288414969730322,-0.07253164556962033,0.33543478260869564,1.2617914144193725,0.08607044578976342,0.48804347826086963,25771.57594936709,2.1066267013549798
0.4318079251513486,-0.3233186571271325,-0.03443863511282341,0.9088414969730322,-0.08253164556962034,0.3154347826086956,1.2617914144193725,0.09607044578976343,0.49804347826086964,25950.57594936709,2.1106256961822503
0.41180792515134856,-0.30331865712713246,-0.07443863511282334,0.9188414969730322,-0.08253164556962034,0.3154347826086956,1.2617914144193725,0.08607044578976342,0.48804347826086963,26171.57594936709,2.114184093475341
0.4218079251513486,-0.3433186571271325,-0.07443863511282334,0.9088414969730322,-0.07253164556962033,0.2954347826086956,1.2817914144193725,0.09607044578976343,0.48804347826086963,26218.57594936709,2.114184093475341
0.41180792515134856,-0.3233186571271325,-0.08443863511282335,0.9088414969730322,-0.05253164556962031,0.3054347826086956,1.2817914144193725,0.07607044578976341,0.4780434782608696,26475.57594936709,2.119235467910766
0.4218079251513486,-0.3233186571271325,-0.07443863511282334,0.9088414969730322,-0.08253164556962034,0.2954347826086956,1.2717914144193725,0.08607044578976342,0.4680434782608696,26712.57594936709,2.122855377197265
0.4218079251513486,-0.3533186571271325,-0.05443863511282343,0.9188414969730322,-0.09253164556962035,0.2754347826086956,1.2717914144193725,0.04607044578976349,0.4580434782608696,26997.57594936709,2.1258635044097893
0.4318079251513486,-0.3433186571271325,-0.06443863511282344,0.9088414969730322,-0.11253164556962036,0.2654347826086956,1.2717914144193725,0.0560704457897635,0.4380434782608696,27026.57594936709,2.126851511001586
0.4318079251513486,-0.3333186571271325,-0.08443863511282335,0.9088414969730322,-0.09253164556962035,0.2754347826086956,1.2617914144193725,0.03607044578976348,0.40804347826086956,26889.57594936709,2.1308235645294182
0.4418079251513486,-0.3533186571271325,-0.09443863511282335,0.9088414969730322,-0.11253164556962036,0.2954347826086956,1.2717914144193725,0.0660704457897634,0.40804347826086956,27314.57594936709,2.1348232746124225
0.4318079251513486,-0.3633186571271325,-0.08443863511282335,0.9288414969730322,-0.11253164556962036,0.2754347826086956,1.2817914144193725,0.0560704457897635,0.40804347826086956,27219.57594936709,2.1389438629150384
0.4318079251513486,-0.3533186571271325,-0.10443863511282336,0.9188414969730322,-0.10253164556962036,0.2754347826086956,1.2617914144193725,0.03607044578976348,0.40804347826086956,27124.57594936709,2.1399888515472405
0.4318079251513486,-0.3733186571271325,-0.10443863511282336,0.9188414969730322,-0.12253164556962037,0.25543478260869557,1.2717914144193725,0.03607044578976348,0.38804347826086966,27177.57594936709,2.1429750442504876
0.4418079251513486,-0.3633186571271325,-0.10443863511282336,0.9288414969730322,-0.12253164556962037,0.24543478260869556,1.2617914144193725,0.016070445789763466,0.37804347826086965,27416.57594936709,2.147980880737304
0.4318079251513486,-0.3533186571271325,-0.12443863511282338,0.9288414969730322,-0.13253164556962038,0.25543478260869557,1.2517914144193725,0.006070445789763457,0.35804347826086963,27573.57594936709,2.1509775638580315
0.4518079251513486,-0.3533186571271325,-0.12443863511282338,0.9388414969730322,-0.13253164556962038,0.25543478260869557,1.2617914144193725,0.006070445789763457,0.3480434782608696,27714.57594936709,2.1521291255950885
0.4518079251513486,-0.3433186571271325,-0.1544386351128234,0.9288414969730322,-0.14253164556962017,0.2654347826086956,1.2517914144193725,-0.003929554210236552,0.35804347826086963,27539.57594936709,2.155249786376956
0.4318079251513486,-0.3333186571271325,-0.1544386351128234,0.9388414969730322,-0.1625316455696202,0.23543478260869555,1.2717914144193725,-0.003929554210236552,0.3480434782608696,27212.57594936709,2.159281682968139
0.4218079251513486,-0.3333186571271325,-0.16443863511282342,0.9288414969730322,-0.14253164556962017,0.25543478260869557,1.2717914144193725,-0.003929554210236552,0.3280434782608696,27565.57594936709,2.163345050811767
0.41180792515134856,-0.3433186571271325,-0.1344386351128234,0.9288414969730322,-0.1625316455696202,0.22543478260869554,1.2717914144193725,0.006070445789763457,0.3180434782608696,27568.57594936709,2.163345050811767
0.4218079251513486,-0.3633186571271325,-0.18443863511282343,0.9488414969730322,-0.15253164556962018,0.22543478260869554,1.2517914144193725,-0.003929554210236552,0.3180434782608696,27679.57594936709,2.168347072601321
0.4318079251513486,-0.3633186571271325,-0.16443863511282342,0.9488414969730322,-0.15253164556962018,0.20543478260869552,1.2717914144193725,-0.003929554210236552,0.3380434782608696,27604.57594936709,2.1723451137542718
0.41180792515134856,-0.3733186571271325,-0.17443863511282343,0.9488414969730322,-0.1925316455696202,0.21543478260869553,1.2617914144193725,0.006070445789763457,0.3280434782608696,27737.57594936709,2.1763450622558587
0.4318079251513486,-0.38331865712713253,-0.20443863511282334,0.9488414969730322,-0.20253164556962022,0.22543478260869554,1.2617914144193725,0.026070445789763474,0.3180434782608696,27274.57594936709,2.1798841476440423
0.40180792515134856,-0.3633186571271325,-0.22443863511282336,0.9688414969730322,-0.21253164556962023,0.23543478260869555,1.2517914144193725,0.006070445789763457,0.2980434782608696,27169.57594936709,2.1798841476440423
0.38180792515134854,-0.39331865712713254,-0.21443863511282335,0.9688414969730322,-0.1725316455696202,0.21543478260869553,1.2517914144193725,0.026070445789763474,0.3080434782608696,27178.57594936709,2.1839386940002434
0.39180792515134855,-0.3633186571271325,-0.22443863511282336,0.9488414969730322,-0.20253164556962022,0.22543478260869554,1.2717914144193725,0.016070445789763466,0.2980434782608696,27171.57594936709,2.188966226577758
0.39180792515134855,-0.3633186571271325,-0.20443863511282334,0.9888414969730323,-0.1825316455696202,0.1954347826086955,1.2517914144193725,-0.013929554210236561,0.2980434782608696,27384.57594936709,2.1922840595245354
0.38180792515134854,-0.3433186571271325,-0.17443863511282343,0.9788414969730322,-0.1725316455696202,0.1954347826086955,1.2517914144193725,-0.003929554210236552,0.2780434782608696,26901.57594936709,2.193287324905395
0.39180792515134855,-0.3533186571271325,-0.16443863511282342,0.9788414969730322,-0.1925316455696202,0.16543478260869549,1.2517914144193725,-0.003929554210236552,0.2880434782608696,26694.57594936709,2.196278285980224
0.37180792515134853,-0.3633186571271325,-0.19443863511282333,0.9888414969730323,-0.1825316455696202,0.16543478260869549,1.2517914144193725,-0.003929554210236552,0.2680434782608696,26687.57594936709,2.2007469654083245
0.37180792515134853,-0.3433186571271325,-0.18443863511282343,0.9788414969730322,-0.21253164556962023,0.15543478260869548,1.2517914144193725,-0.013929554210236561,0.2580434782608696,26636.57594936709,2.2044558048248284
0.3618079251513485,-0.3433186571271325,-0.18443863511282343,0.9888414969730323,-0.22253164556962024,0.13543478260869546,1.2417914144193725,-0.013929554210236561,0.2580434782608696,26313.57594936709,2.205487442016601
0.3618079251513485,-0.3433186571271325,-0.20443863511282334,0.9888414969730323,-0.24253164556962026,0.13543478260869546,1.2117914144193724,-0.003929554210236552,0.23804347826086958,26178.57594936709,2.208809804916381
0.39180792515134855,-0.3533186571271325,-0.18443863511282343,0.9888414969730323,-0.22253164556962024,0.14543478260869547,1.1917914144193726,-0.013929554210236561,0.23804347826086958,26193.57594936709,2.212801885604854
0.40180792515134856,-0.3233186571271325,-0.16443863511282342,0.9788414969730322,-0.21253164556962023,0.15543478260869548,1.2017914144193724,-0.013929554210236561,0.23804347826086958,26242.57594936709,2.21680040359497
0.38180792515134854,-0.3533186571271325,-0.18443863511282343,0.9888414969730323,-0.1825316455696202,0.13543478260869546,1.2017914144193724,-0.0539295542102366,0.2480434782608696,25977.57594936709,2.21680040359497
0.39180792515134855,-0.3433186571271325,-0.18443863511282343,0.9688414969730322,-0.1725316455696202,0.08543478260869564,1.2217914144193724,-0.03392955421023658,0.23804347826086958,25970.57594936709,2.22080655097961
0.3618079251513485,-0.3233186571271325,-0.16443863511282342,0.9988414969730323,-0.1825316455696202,0.09543478260869565,1.2317914144193725,-0.04392955421023659,0.22804347826086963,25759.57594936709,2.22497911453247
0.3618079251513485,-0.3633186571271325,-0.17443863511282343,0.9688414969730322,-0.1725316455696202,0.10543478260869565,1.2317914144193725,-0.03392955421023658,0.2080434782608696,25248.57594936709,2.2293059349060087
0.3418079251513485,-0.3233186571271325,-0.16443863511282342,0.9588414969730322,-0.1625316455696202,0.11543478260869566,1.2217914144193724,-0.04392955421023659,0.22804347826086963,24833.57594936709,2.2293059349060087
0.3318079251513485,-0.3333186571271325,-0.1344386351128234,0.9788414969730322,-0.1625316455696202,0.10543478260869565,1.2417914144193725,-0.03392955421023658,0.21804347826086962,24770.57594936709,2.233383607864379
0.3318079251513485,-0.3333186571271325,-0.1344386351128234,0.9788414969730322,-0.1625316455696202,0.10543478260869565,1.2517914144193725,-0.003929554210236552,0.23804347826086958,24181.57594936709,2.237514448165893
0.3218079251513485,-0.3433186571271325,-0.1544386351128234,0.9788414969730322,-0.14253164556962017,0.09543478260869565,1.2417914144193725,-0.02392955421023657,0.22804347826086963,23676.57594936709,2.2415287017822223
0.3318079251513485,-0.3333186571271325,-0.20443863511282334,0.9688414969730322,-0.14253164556962017,0.15543478260869548,1.2417914144193725,-0.02392955421023657,0.2080434782608696,23383.57594936709,2.2425283908843987
0.30180792515134847,-0.3233186571271325,-0.19443863511282333,0.9788414969730322,-0.12253164556962037,0.13543478260869546,1.2217914144193724,-0.02392955421023657,0.1980434782608696,22800.57594936709,2.2457983016967766
0.3318079251513485,-0.3233186571271325,-0.23443863511282337,0.9688414969730322,-0.11253164556962036,0.15543478260869548,1.2217914144193724,-0.03392955421023658,0.2080434782608696,22635.57594936709,2.2497460365295403
0.3118079251513485,-0.3533186571271325,-0.21443863511282335,0.9488414969730322,-0.11253164556962036,0.14543478260869547,1.2217914144193724,-0.02392955421023657,0.2080434782608696,22382.57594936709,2.253748130798339
0.29180792515134846,-0.3333186571271325,-0.22443863511282336,0.9488414969730322,-0.12253164556962037,0.16543478260869549,1.2317914144193725,-0.013929554210236561,0.2080434782608696,22033.57594936709,2.2577394962310784
0.3318079251513485,-0.3333186571271325,-0.20443863511282334,0.9188414969730322,-0.12253164556962037,0.1754347826086955,1.2017914144193724,-0.003929554210236552,0.2080434782608696,21454.57594936709,2.2577394962310784
0.3218079251513485,-0.3233186571271325,-0.21443863511282335,0.9188414969730322,-0.12253164556962037,0.16543478260869549,1.2117914144193724,-0.003929554210236552,0.2080434782608696,20833.57594936709,2.261740636825561
0.29180792515134846,-0.3233186571271325,-0.22443863511282336,0.9388414969730322,-0.12253164556962037,0.1754347826086955,1.2017914144193724,0.006070445789763457,0.2080434782608696,20590.57594936709,2.2659878253936796
0.27180792515134844,-0.3333186571271325,-0.21443863511282335,0.9088414969730322,-0.09253164556962035,0.14543478260869547,1.2217914144193724,-0.013929554210236561,0.23804347826086958,20305.57594936709,2.2697500705718987
0.2518079251513484,-0.3433186571271325,-0.19443863511282333,0.9188414969730322,-0.09253164556962035,0.13543478260869546,1.2217914144193724,-0.003929554210236552,0.2580434782608696,20036.57594936709,2.2710508823394804
0.2418079251513484,-0.29331865712713245,-0.18443863511282343,0.9088414969730322,-0.11253164556962036,0.14543478260869547,1.2217914144193724,0.006070445789763457,0.2480434782608696,20155.57594936709,2.2741415023803704
0.2518079251513484,-0.30331865712713246,-0.20443863511282334,0.8988414969730322,-0.11253164556962036,0.15543478260869548,1.2317914144193725,0.006070445789763457,0.22804347826086963,19830.57594936709,2.27821774482727
0.2518079251513484,-0.29331865712713245,-0.20443863511282334,0.8988414969730322,-0.11253164556962036,0.16543478260869549,1.2217914144193724,-0.003929554210236552,0.22804347826086963,19031.57594936709,2.282420349121093
0.2218079251513484,-0.29331865712713245,-0.22443863511282336,0.8988414969730322,-0.11253164556962036,0.1754347826086955,1.2217914144193724,0.006070445789763457,0.23804347826086958,18636.57594936709,2.283420753479003
0.2118079251513484,-0.27331865712713266,-0.24443863511282338,0.8988414969730322,-0.12253164556962037,0.1954347826086955,1.2317914144193725,0.006070445789763457,0.22804347826086963,18763.57594936709,2.2866208076477044
0.2218079251513484,-0.25331865712713264,-0.2544386351128234,0.8688414969730321,-0.11253164556962036,0.1754347826086955,1.2117914144193724,0.006070445789763457,0.22804347826086963,18636.57594936709,2.29067416191101
0.2318079251513484,-0.26331865712713265,-0.2544386351128234,0.8688414969730321,-0.11253164556962036,0.1854347826086955,1.1517914144193726,0.006070445789763457,0.23804347826086958,17759.57594936709,2.294743490219119
0.2218079251513484,-0.27331865712713266,-0.2644386351128234,0.8588414969730321,-0.10253164556962036,0.1754347826086955,1.1817914144193726,0.006070445789763457,0.2480434782608696,17620.57594936709,2.294743490219119
0.2218079251513484,-0.25331865712713264,-0.2544386351128234,0.8588414969730321,-0.11253164556962036,0.1954347826086955,1.1717914144193726,0.016070445789763466,0.22804347826086963,17485.57594936709,2.298596096038814
0.17180792515134857,-0.26331865712713265,-0.21443863511282335,0.8388414969730321,-0.09253164556962035,0.16543478260869549,1.1517914144193726,-0.003929554210236552,0.22804347826086963,17336.57594936709,2.3027600765228264
0.17180792515134857,-0.24331865712713263,-0.22443863511282336,0.8488414969730321,-0.10253164556962036,0.1854347826086955,1.1517914144193726,-0.003929554210236552,0.21804347826086962,17505.57594936709,2.3063313484191887
0.17180792515134857,-0.25331865712713264,-0.23443863511282337,0.7888414969730323,-0.08253164556962034,0.1854347826086955,1.1517914144193726,0.006070445789763457,0.22804347826086963,16954.57594936709,2.3073415279388385
0.17180792515134857,-0.24331865712713263,-0.23443863511282337,0.7888414969730323,-0.10253164556962036,0.1754347826086955,1.1517914144193726,0.006070445789763457,0.22804347826086963,16695.57594936709,2.311349821090694
0.17180792515134857,-0.23331865712713262,-0.23443863511282337,0.7788414969730323,-0.10253164556962036,0.1754347826086955,1.1117914144193726,0.016070445789763466,0.21804347826086962,16928.57594936709,2.31534833908081
0.1918079251513486,-0.24331865712713263,-0.2644386351128234,0.7388414969730323,-0.07253164556962033,0.20543478260869552,1.1217914144193726,0.016070445789763466,0.2080434782608696,16881.57594936709,2.319527578353881
0.1918079251513486,-0.24331865712713263,-0.2544386351128234,0.7288414969730322,-0.05253164556962031,0.1754347826086955,1.1417914144193726,0.006070445789763457,0.22804347826086963,16684.57594936709,2.319527578353881
0.1918079251513486,-0.23331865712713262,-0.22443863511282336,0.6988414969730322,-0.08253164556962034,0.16543478260869549,1.1117914144193726,0.016070445789763466,0.23804347826086958,16857.57594936709,2.3238496303558343
0.2018079251513486,-0.23331865712713262,-0.22443863511282336,0.6588414969730322,-0.08253164556962034,0.14543478260869547,1.1017914144193726,0.016070445789763466,0.2580434782608696,16938.57594936709,2.3273438930511468
0.2218079251513484,-0.2233186571271326,-0.22443863511282336,0.6488414969730322,-0.10253164556962036,0.14543478260869547,1.0717914144193725,0.026070445789763474,0.2480434782608696,17179.57594936709,2.3310057640075676
0.2018079251513486,-0.2233186571271326,-0.20443863511282334,0.6288414969730322,-0.07253164556962033,0.12543478260869567,1.0817914144193725,0.026070445789763474,0.2580434782608696,16840.57594936709,2.3350531578063993
0.2218079251513484,-0.2233186571271326,-0.19443863511282333,0.6188414969730321,-0.08253164556962034,0.13543478260869546,1.0917914144193726,0.026070445789763474,0.2580434782608696,16781.57594936709,2.336053323745727
0.2118079251513484,-0.2133186571271326,-0.20443863511282334,0.5988414969730321,-0.07253164556962033,0.14543478260869547,1.0517914144193725,0.016070445789763466,0.2480434782608696,16980.57594936709,2.340053510665893
0.2318079251513484,-0.2133186571271326,-0.20443863511282334,0.5588414969730323,-0.09253164556962035,0.15543478260869548,1.0517914144193725,0.016070445789763466,0.23804347826086958,17125.57594936709,2.344053936004638
0.2218079251513484,-0.2033186571271326,-0.20443863511282334,0.5788414969730321,-0.10253164556962036,0.15543478260869548,1.0217914144193725,0.026070445789763474,0.2480434782608696,17156.57594936709,2.348176193237304
0.2318079251513484,-0.2033186571271326,-0.19443863511282333,0.5488414969730323,-0.08253164556962034,0.14543478260869547,1.0117914144193725,0.006070445789763457,0.2580434782608696,17535.57594936709,2.348176193237304
0.27180792515134844,-0.1933186571271326,-0.18443863511282343,0.47884149697303224,-0.07253164556962033,0.13543478260869546,1.0017914144193725,0.006070445789763457,0.2580434782608696,17510.57594936709,2.352171611785888
0.28180792515134845,-0.1933186571271326,-0.19443863511282333,0.46884149697303223,-0.06253164556962032,0.15543478260869548,0.9617914144193724,-0.003929554210236552,0.2480434782608696,17775.57594936709,2.3572067737579303
0.3218079251513485,-0.1933186571271326,-0.20443863511282334,0.4288414969730322,-0.07253164556962033,0.15543478260869548,0.9717914144193724,-0.003929554210236552,0.2480434782608696,17866.57594936709,2.360359621047973
0.3318079251513485,-0.18331865712713258,-0.19443863511282333,0.4188414969730322,-0.06253164556962032,0.15543478260869548,0.9517914144193724,-0.003929554210236552,0.2580434782608696,17981.57594936709,2.3613776683807366
0.3318079251513485,-0.18331865712713258,-0.18443863511282343,0.4288414969730322,-0.06253164556962032,0.14543478260869547,0.9117914144193726,-0.003929554210236552,0.2580434782608696,17984.57594936709,2.365376901626586
0.3418079251513485,-0.18331865712713258,-0.17443863511282343,0.4088414969730322,-0.06253164556962032,0.14543478260869547,0.8717914144193726,-0.013929554210236561,0.2580434782608696,18095.57594936709,2.369477462768554
0.3418079251513485,-0.1933186571271326,-0.17443863511282343,0.38884149697303216,-0.06253164556962032,0.13543478260869546,0.8617914144193726,-0.013929554210236561,0.2580434782608696,18360.57594936709,2.372773838043212
0.3518079251513485,-0.18331865712713258,-0.1544386351128234,0.34884149697303213,-0.05253164556962031,0.13543478260869546,0.8617914144193726,-0.02392955421023657,0.2480434782608696,18165.57594936709,2.373771381378173
0.3418079251513485,-0.1933186571271326,-0.16443863511282342,0.3288414969730321,-0.06253164556962032,0.12543478260869567,0.8517914144193726,-0.013929554210236561,0.2580434782608696,18408.57594936709,2.377203178405761
0.3418079251513485,-0.2033186571271326,-0.16443863511282342,0.3288414969730321,-0.0425316455696203,0.13543478260869546,0.8017914144193725,-0.013929554210236561,0.2480434782608696,18881.57594936709,2.381202888488769
0.3618079251513485,-0.2033186571271326,-0.16443863511282342,0.2988414969730323,-0.06253164556962032,0.12543478260869567,0.7817914144193725,-0.02392955421023657,0.2580434782608696,19246.57594936709,2.385724973678588
0.37180792515134853,-0.1933186571271326,-0.17443863511282343,0.24884149697303226,-0.06253164556962032,0.12543478260869567,0.7917914144193725,-0.02392955421023657,0.2580434782608696,19513.57594936709,2.386714887619018
0.3618079251513485,-0.2133186571271326,-0.17443863511282343,0.24884149697303226,-0.06253164556962032,0.10543478260869565,0.7617914144193725,-0.03392955421023658,0.2580434782608696,19272.57594936709,2.3892707347869866
0.3318079251513485,-0.2233186571271326,-0.17443863511282343,0.23884149697303225,-0.05253164556962031,0.10543478260869565,0.7317914144193727,-0.02392955421023657,0.2580434782608696,19113.57594936709,2.3940500736236565
0.3218079251513485,-0.2233186571271326,-0.16443863511282342,0.23884149697303225,-0.05253164556962031,0.11543478260869566,0.7717914144193725,-0.02392955421023657,0.2480434782608696,19502.57594936709,2.3971030235290485
0.3318079251513485,-0.2033186571271326,-0.17443863511282343,0.22884149697303224,-0.08253164556962034,0.11543478260869566,0.7517914144193727,-0.03392955421023658,0.2580434782608696,19739.57594936709,2.3980757713317864
0.3318079251513485,-0.2133186571271326,-0.17443863511282343,0.21884149697303223,-0.05253164556962031,0.12543478260869567,0.6917914144193726,-0.013929554210236561,0.2480434782608696,19578.57594936709,2.40234727859497
0.3518079251513485,-0.2233186571271326,-0.17443863511282343,0.21884149697303223,-0.0425316455696203,0.12543478260869567,0.7117914144193727,-0.013929554210236561,0.2480434782608696,19559.57594936709,2.4049190998077385
0.3518079251513485,-0.2233186571271326,-0.18443863511282343,0.19884149697303222,-0.03253164556962029,0.11543478260869566,0.7017914144193727,-0.02392955421023657,0.2480434782608696,19780.57594936709,2.4096560001373284
0.3418079251513485,-0.2133186571271326,-0.19443863511282333,0.22884149697303224,-0.0425316455696203,0.11543478260869566,0.6717914144193726,-0.04392955421023659,0.23804347826086958,19539.57594936709,2.4138376235961907
0.28180792515134845,-0.23331865712713262,-0.17443863511282343,0.21884149697303223,-0.0425316455696203,0.10543478260869565,0.6617914144193726,-0.02392955421023657,0.2480434782608696,19580.57594936709,2.4138376235961907
0.3318079251513485,-0.23331865712713262,-0.17443863511282343,0.1888414969730322,-0.0425316455696203,0.12543478260869567,0.6717914144193726,-0.02392955421023657,0.2480434782608696,20115.57594936709,2.417853546142574
0.3118079251513485,-0.23331865712713262,-0.19443863511282333,0.15884149697303218,-0.0425316455696203,0.11543478260869566,0.6717914144193726,-0.02392955421023657,0.23804347826086958,19944.57594936709,2.421936464309688
0.27180792515134844,-0.2233186571271326,-0.19443863511282333,0.14884149697303217,-0.0425316455696203,0.12543478260869567,0.6417914144193726,-0.04392955421023659,0.22804347826086963,19711.57594936709,2.4261340618133573
0.28180792515134845,-0.2233186571271326,-0.19443863511282333,0.13884149697303216,-0.03253164556962029,0.12543478260869567,0.6817914144193726,-0.0539295542102366,0.23804347826086958,19790.57594936709,2.4268357276916497
0.2518079251513484,-0.24331865712713263,-0.20443863511282334,0.14884149697303217,-0.03253164556962029,0.13543478260869546,0.6817914144193726,-0.04392955421023659,0.23804347826086958,19609.57594936709,2.429934930801391
0.26180792515134843,-0.26331865712713265,-0.21443863511282335,0.10884149697303225,-0.03253164556962029,0.12543478260869567,0.6917914144193726,-0.04392955421023659,0.23804347826086958,19674.57594936709,2.434252452850341
0.2318079251513484,-0.25331865712713264,-0.20443863511282334,0.12884149697303215,-0.022531645569620284,0.12543478260869567,0.6617914144193726,-0.0539295542102366,0.22804347826086963,19585.57594936709,2.4382650375366204
0.2318079251513484,-0.26331865712713265,-0.20443863511282334,0.13884149697303216,-0.022531645569620284,0.12543478260869567,0.6317914144193726,-0.0539295542102366,0.22804347826086963,19298.57594936709,2.4382650375366204
0.2018079251513486,-0.28331865712713267,-0.19443863511282333,0.1788414969730322,-0.022531645569620284,0.10543478260869565,0.6417914144193726,-0.0739295542102365,0.2080434782608696,19405.57594936709,2.44214053153992
0.18180792515134858,-0.28331865712713267,-0.23443863511282337,0.14884149697303217,-0.022531645569620284,0.12543478260869567,0.6217914144193726,-0.08392955421023651,0.2080434782608696,19474.57594936709,2.4466855049133294
0.2018079251513486,-0.29331865712713245,-0.22443863511282336,0.10884149697303225,-0.022531645569620284,0.11543478260869566,0.6417914144193726,-0.10392955421023653,0.2080434782608696,19671.57594936709,2.45070834159851
0.12180792515134853,-0.25331865712713264,-0.24443863511282338,0.11884149697303226,-0.03253164556962029,0.12543478260869567,0.6617914144193726,-0.11392955421023654,0.1980434782608696,19412.57594936709,2.45070834159851
0.14180792515134855,-0.26331865712713265,-0.22443863511282336,0.12884149697303215,-0.03253164556962029,0.09543478260869565,0.6617914144193726,-0.12392955421023655,0.17804347826086958,19075.57594936709,2.454709720611568
0.14180792515134855,-0.24331865712713263,-0.22443863511282336,0.08884149697303223,-0.05253164556962031,0.11543478260869566,0.6617914144193726,-0.11392955421023654,0.15804347826086962,19246.57594936709,2.4587087154388385
0.0918079251513485,-0.27331865712713266,-0.23443863511282337,0.14884149697303217,-0.06253164556962032,0.09543478260869565,0.6617914144193726,-0.11392955421023654,0.16804347826086963,19161.57594936709,2.4625956535339313
0.10180792515134851,-0.31331865712713247,-0.24443863511282338,0.11884149697303226,-0.05253164556962031,0.08543478260869564,0.6317914144193726,-0.09392955421023652,0.16804347826086963,19022.57594936709,2.4625956535339313
0.0918079251513485,-0.29331865712713245,-0.22443863511282336,0.08884149697303223,-0.07253164556962033,0.07543478260869563,0.6617914144193726,-0.12392955421023655,0.15804347826086962,18873.57594936709,2.466660928726199
0.04180792515134846,-0.30331865712713246,-0.23443863511282337,0.08884149697303223,-0.0425316455696203,0.07543478260869563,0.6217914144193726,-0.12392955421023655,0.1480434782608696,18912.57594936709,2.470661115646358
-0.018192074848651485,-0.3233186571271325,-0.2544386351128234,0.08884149697303223,-0.05253164556962031,0.07543478260869563,0.6417914144193726,-0.12392955421023655,0.15804347826086962,18835.57594936709,2.4756609916687005
-0.008192074848651476,-0.3333186571271325,-0.2544386351128234,0.08884149697303223,-0.06253164556962032,0.06543478260869562,0.6717914144193726,-0.13392955421023656,0.15804347826086962,18770.57594936709,2.4756609916687005
-0.04819207484865151,-0.31331865712713247,-0.21443863511282335,0.11884149697303226,-0.08253164556962034,0.07543478260869563,0.6317914144193726,-0.13392955421023656,0.16804347826086963,18807.57594936709,2.4789785861968987
-0.04819207484865151,-0.31331865712713247,-0.2644386351128234,0.12884149697303215,-0.07253164556962033,0.07543478260869563,0.5917914144193726,-0.14392955421023657,0.1380434782608696,18708.57594936709,2.483097267150878
-0.04819207484865151,-0.29331865712713245,-0.2644386351128234,0.13884149697303216,-0.06253164556962032,0.06543478260869562,0.6117914144193726,-0.12392955421023655,0.1480434782608696,18361.57594936709,2.4878515720367425
-0.07819207484865154,-0.27331865712713266,-0.23443863511282337,0.12884149697303215,-0.06253164556962032,0.05543478260869561,0.6317914144193726,-0.14392955421023657,0.1480434782608696,18338.57594936709,2.4908911705017083
-0.07819207484865154,-0.29331865712713245,-0.23443863511282337,0.12884149697303215,-0.06253164556962032,0.05543478260869561,0.6017914144193726,-0.14392955421023657,0.1480434782608696,18059.57594936709,2.491911602020263
-0.05819207484865152,-0.29331865712713245,-0.22443863511282336,0.10884149697303225,-0.05253164556962031,0.0454347826086956,0.5817914144193725,-0.14392955421023657,0.1480434782608696,17750.57594936709,2.4958798408508294
-0.05819207484865152,-0.28331865712713267,-0.2544386351128234,0.06884149697303221,-0.07253164556962033,0.06543478260869562,0.6417914144193726,-0.16392955421023653,0.1280434782608696,17621.57594936709,2.4998795509338407
-0.05819207484865152,-0.28331865712713267,-0.2844386351128234,0.09884149697303224,-0.10253164556962036,0.07543478260869563,0.5717914144193725,-0.15392955421023657,0.10804347826086963,17390.57594936709,2.502917003631591
-0.08819207484865155,-0.29331865712713245,-0.24443863511282338,0.08884149697303223,-0.10253164556962036,0.03543478260869559,0.5917914144193726,-0.18392955421023655,0.1280434782608696,17263.57594936709,2.503957223892211
-0.08819207484865155,-0.27331865712713266,-0.2644386351128234,0.08884149697303223,-0.09253164556962035,0.005434782608695565,0.5817914144193725,-0.18392955421023655,0.1280434782608696,17178.57594936709,2.507957172393798
-0.09819207484865156,-0.28331865712713267,-0.23443863511282337,0.038841496973032186,-0.10253164556962036,0.005434782608695565,0.5617914144193725,-0.17392955421023654,0.1380434782608696,16609.57594936709,2.51168246269226
-0.08819207484865155,-0.25331865712713264,-0.24443863511282338,0.058841496973032203,-0.13253164556962038,-0.014565217391304452,0.5017914144193727,-0.17392955421023654,0.1480434782608696,15898.575949367088,2.5157138824462884
-0.05819207484865152,-0.28331865712713267,-0.22443863511282336,0.038841496973032186,-0.12253164556962037,-0.02456521739130446,0.5217914144193725,-0.16392955421023653,0.1280434782608696,15893.575949367088,2.516905498504638
-0.06819207484865153,-0.29331865712713245,-0.21443863511282335,0.058841496973032203,-0.11253164556962036,-0.004565217391304444,0.4817914144193726,-0.15392955421023657,0.09804347826086962,15912.575949367088,2.51996202468872
-0.09819207484865156,-0.26331865712713265,-0.23443863511282337,0.028841496973032177,-0.14253164556962017,-0.014565217391304452,0.5017914144193727,-0.18392955421023655,0.11804347826086958,15181.575949367088,2.523909282684329
-0.08819207484865155,-0.27331865712713266,-0.22443863511282336,0.018841496973032168,-0.13253164556962038,-0.014565217391304452,0.4717914144193726,-0.17392955421023654,0.11804347826086958,14686.575949367088,2.528246116638183
-0.11819207484865146,-0.29331865712713245,-0.22443863511282336,0.028841496973032177,-0.12253164556962037,-0.04456521739130448,0.4517914144193726,-0.18392955421023655,0.1280434782608696,14179.575949367088,2.5292567729949944
-0.10819207484865145,-0.25331865712713264,-0.19443863511282333,-0.011158503026967748,-0.1625316455696202,-0.04456521739130448,0.4417914144193726,-0.19392955421023655,0.09804347826086962,13654.575949367088,2.5327019214630084
-0.13819207484865148,-0.25331865712713264,-0.18443863511282343,-0.011158503026967748,-0.1725316455696202,-0.0645652173913045,0.41179141441937256,-0.16392955421023653,0.11804347826086958,13035.575949367088,2.536198568344119
-0.08819207484865155,-0.25331865712713264,-0.19443863511282333,-0.031158503026967765,-0.1625316455696202,-0.08456521739130451,0.40179141441937255,-0.17392955421023654,0.10804347826086963,12716.575949367088,2.541477870941158
-0.13819207484865148,-0.26331865712713265,-0.1544386351128234,-0.06115850302696779,-0.15253164556962018,-0.09456521739130452,0.40179141441937255,-0.18392955421023655,0.09804347826086962,12179.575949367088,2.541477870941158
-0.18819207484865152,-0.30331865712713246,-0.18443863511282343,-0.0711585030269678,-0.13253164556962038,-0.08456521739130451,0.2717914144193726,-0.18392955421023655,0.0780434782608696,11956.575949367088,2.544373941421508
-0.22819207484865156,-0.29331865712713245,-0.17443863511282343,-0.0711585030269678,-0.14253164556962017,-0.08456521739130451,0.24179141441937257,-0.19392955421023655,0.08804347826086961,11607.575949367088,2.5484053611755364
-0.2881920748486515,-0.3333186571271325,-0.19443863511282333,-0.11115850302696784,-0.11253164556962036,-0.09456521739130452,0.1517914144193726,-0.20392955421023656,0.0780434782608696,10994.575949367088,2.5534126281738274
-0.2681920748486515,-0.3433186571271325,-0.17443863511282343,-0.09115850302696782,-0.14253164556962017,-0.09456521739130452,0.16179141441937261,-0.20392955421023656,0.0780434782608696,10649.575949367088,2.553672266006469
-0.2881920748486515,-0.28331865712713267,-0.17443863511282343,-0.14115850302696775,-0.15253164556962018,-0.08456521739130451,0.1417914144193726,-0.15392955421023657,0.0680434782608696,10292.575949367088,2.556845378875728
-0.2981920748486515,-0.30331865712713246,-0.19443863511282333,-0.10115850302696783,-0.14253164556962017,-0.0745652173913045,0.1417914144193726,-0.14392955421023657,0.0780434782608696,9733.575949367088,2.560844373703002
-0.2981920748486515,-0.29331865712713245,-0.17443863511282343,-0.12115850302696785,-0.1625316455696202,-0.09456521739130452,0.11179141441937257,-0.13392955421023656,0.0680434782608696,9476.575949367088,2.565043401718139
-0.3081920748486515,-0.26331865712713265,-0.16443863511282342,-0.12115850302696785,-0.1625316455696202,-0.10456521739130453,0.10179141441937262,-0.14392955421023657,0.0680434782608696,9137.575949367088,2.569043350219726
-0.3081920748486515,-0.27331865712713266,-0.17443863511282343,-0.14115850302696775,-0.14253164556962017,-0.09456521739130452,0.0817914144193726,-0.13392955421023656,0.0680434782608696,8862.575949367088,2.569043350219726
-0.35819207484865145,-0.27331865712713266,-0.16443863511282342,-0.17115850302696778,-0.14253164556962017,-0.11456521739130454,0.07179141441937259,-0.14392955421023657,0.05804347826086961,8463.575949367088,2.5730380535125725
-0.35819207484865145,-0.26331865712713265,-0.18443863511282343,-0.1811585030269678,-0.1625316455696202,-0.0745652173913045,0.07179141441937259,-0.14392955421023657,0.05804347826086961,8728.575949367088,2.5772211074829094
-0.36819207484865146,-0.26331865712713265,-0.18443863511282343,-0.14115850302696775,-0.1625316455696202,-0.09456521739130452,0.07179141441937259,-0.14392955421023657,0.05804347826086961,8695.575949367088,2.5812851905822747
-0.35819207484865145,-0.25331865712713264,-0.16443863511282342,-0.1811585030269678,-0.15253164556962018,-0.12456521739130433,0.04179141441937259,-0.15392955421023657,0.05804347826086961,8336.575949367088,2.5812851905822747
-0.32819207484865154,-0.25331865712713264,-0.18443863511282343,-0.16115850302696777,-0.15253164556962018,-0.12456521739130433,0.03179141441937258,-0.15392955421023657,0.048043478260869604,8269.575949367088,2.585252952575683
-0.33819207484865155,-0.26331865712713265,-0.17443863511282343,-0.1811585030269678,-0.13253164556962038,-0.11456521739130454,0.0517914144193726,-0.13392955421023656,0.05804347826086961,8024.5759493670885,2.590264749526977
-0.36819207484865146,-0.25331865712713264,-0.18443863511282343,-0.16115850302696777,-0.1625316455696202,-0.11456521739130454,0.03179141441937258,-0.15392955421023657,0.048043478260869604,7783.5759493670885,2.593301486968997
-0.35819207484865145,-0.24331865712713263,-0.18443863511282343,-0.23115850302696783,-0.1625316455696202,-0.12456521739130433,0.04179141441937259,-0.14392955421023657,0.05804347826086961,7722.5759493670885,2.5947520256042473
-0.36819207484865146,-0.25331865712713264,-0.17443863511282343,-0.2011585030269678,-0.15253164556962018,-0.13456521739130434,0.0217914144193726,-0.15392955421023657,0.048043478260869604,7405.5759493670885,2.597384643554687
