1.8,1.38,0.56,0.7,0.47,0.2,1.17,0.39,0.25,19973,0.0007784366607666016
1.8,1.38,0.56,0.7,0.47,0.2,1.17,0.39,0.25,19810,0.0007784366607666016
1.8,1.38,0.57,0.7,0.47,0.2,1.17,0.39,0.25,19807,0.0017697811126708984
1.8,1.38,0.57,0.7,0.47,0.2,1.17,0.39,0.25,20150,0.0017697811126708984
1.8,1.38,0.56,0.7,0.47,0.2,1.17,0.39,0.25,20193,0.0017697811126708984
1.8,1.38,0.57,0.7,0.47,0.2,1.17,0.39,0.25,19758,0.0027763843536376953
1.8,1.38,0.57,0.7,0.47,0.2,1.17,0.39,0.25,19855,0.0027763843536376953
1.79,1.38,0.57,0.7,0.47,0.2,1.17,0.39,0.25,20166,0.0037763118743896484
1.8,1.38,0.57,0.7,0.47,0.2,1.17,0.39,0.25,20183,0.0037763118743896484
1.8,1.38,0.57,0.7,0.47,0.2,1.17,0.39,0.25,20236,0.0037763118743896484
1.8,1.38,0.57,0.7,0.47,0.2,1.17,0.39,0.25,20027,0.0047762393951416016
1.79,1.38,0.57,0.7,0.47,0.2,1.17,0.39,0.25,19546,0.0047762393951416016
1.8,1.38,0.57,0.7,0.47,0.2,1.17,0.39,0.25,19961,0.0047762393951416016
1.79,1.38,0.57,0.7,0.47,0.2,1.17,0.39,0.24,20142,0.005776166915893555
1.79,1.38,0.57,0.7,0.47,0.2,1.17,0.38,0.25,20287,0.005776166915893555
1.8,1.38,0.57,0.7,0.47,0.2,1.17,0.39,0.25,19852,0.005776166915893555
1.8,1.38,0.57,0.7,0.47,0.2,1.17,0.39,0.25,19671,0.006776094436645508
1.8,1.38,0.56,0.7,0.47,0.2,1.17,0.39,0.25,20030,0.006776094436645508
1.8,1.38,0.57,0.7,0.47,0.2,1.17,0.39,0.25,19925,0.006776094436645508
1.8,1.38,0.57,0.7,0.47,0.2,1.17,0.39,0.25,20258,0.0077762603759765625
1.8,1.38,0.57,0.7,0.47,0.2,1.17,0.39,0.25,20277,0.0077762603759765625
1.8,1.38,0.57,0.7,0.47,0.2,1.17,0.39,0.25,19892,0.008776187896728516
1.8,1.38,0.57,0.7,0.47,0.2,1.17,0.39,0.25,20219,0.008776187896728516
1.8,1.38,0.57,0.7,0.47,0.2,1.17,0.39,0.25,19986,0.008776187896728516
1.8,1.38,0.57,0.7,0.47,0.2,1.17,0.39,0.25,19797,0.00977635383605957
1.8,1.38,0.57,0.7,0.47,0.2,1.17,0.39,0.25,19586,0.00977635383605957
1.8,1.38,0.57,0.7,0.47,0.2,1.17,0.39,0.25,19711,0.00977635383605957
1.8,1.38,0.56,0.7,0.47,0.2,1.17,0.39,0.26,20076,0.010776042938232422
1.8,1.38,0.57,0.7,0.47,0.2,1.17,0.39,0.25,20277,0.010776042938232422
1.8,1.38,0.57,0.7,0.47,0.2,1.17,0.39,0.25,19828,0.010776042938232422
1.8,1.38,0.57,0.71,0.47,0.2,1.17,0.39,0.25,19903,0.011776208877563477
1.8,1.38,0.57,0.71,0.47,0.2,1.17,0.39,0.25,19856,0.011776208877563477
1.79,1.38,0.56,0.7,0.47,0.2,1.17,0.39,0.25,19663,0.01277613639831543
1.8,1.38,0.57,0.7,0.47,0.2,1.17,0.39,0.25,19992,0.01277613639831543
1.8,1.38,0.57,0.7,0.47,0.2,1.17,0.39,0.25,20211,0.01277613639831543
1.8,1.38,0.57,0.7,0.47,0.2,1.17,0.39,0.25,19730,0.013776540756225586
1.8,1.38,0.57,0.7,0.47,0.2,1.17,0.39,0.25,19433,0.013776540756225586
1.8,1.38,0.57,0.7,0.47,0.2,1.17,0.39,0.25,20138,0.013776540756225586
1.8,1.38,0.57,0.7,0.47,0.2,1.18,0.39,0.25,20247,0.014776229858398438
1.8,1.38,0.57,0.7,0.47,0.2,1.17,0.39,0.25,19806,0.014776229858398438
1.8,1.38,0.57,0.7,0.47,0.2,1.17,0.39,0.26,19759,0.014776229858398438
1.8,1.38,0.57,0.7,0.47,0.2,1.17,0.39,0.25,20030,0.015978336334228516
1.8,1.38,0.57,0.7,0.47,0.2,1.17,0.39,0.25,20039,0.015978336334228516
1.8,1.38,0.57,0.7,0.47,0.2,1.17,0.39,0.25,20042,0.015978336334228516
1.8,1.38,0.57,0.7,0.47,0.2,1.17,0.39,0.25,20127,0.017028093338012695
1.79,1.38,0.57,0.7,0.47,0.2,1.17,0.39,0.25,20284,0.017028093338012695
1.8,1.38,0.57,0.7,0.47,0.2,1.17,0.39,0.25,20061,0.017028093338012695
1.79,1.38,0.57,0.7,0.47,0.2,1.17,0.39,0.25,20192,0.01802825927734375
1.8,1.38,0.57,0.71,0.47,0.2,1.17,0.39,0.25,19925,0.01802825927734375
1.8,1.38,0.57,0.71,0.47,0.2,1.17,0.39,0.25,19672,0.01802825927734375
1.8,1.38,0.56,0.7,0.47,0.2,1.17,0.39,0.25,19549,0.019028186798095703
1.8,1.38,0.56,0.7,0.47,0.2,1.16,0.39,0.25,20064,0.019028186798095703
1.8,1.38,0.57,0.7,0.47,0.21,1.17,0.39,0.25,19985,0.020028114318847656
1.8,1.38,0.56,0.7,0.47,0.21,1.17,0.39,0.25,19530,0.020028114318847656
1.8,1.38,0.57,0.7,0.47,0.21,1.17,0.39,0.25,20063,0.020028114318847656
1.8,1.38,0.56,0.7,0.47,0.2,1.17,0.39,0.25,20180,0.02102804183959961
1.8,1.38,0.56,0.7,0.47,0.2,1.16,0.39,0.25,19859,0.02102804183959961
1.8,1.38,0.56,0.7,0.47,0.2,1.17,0.39,0.25,19606,0.02102804183959961
1.8,1.38,0.55,0.7,0.47,0.2,1.17,0.39,0.25,20095,0.022028446197509766
1.8,1.38,0.56,0.7,0.47,0.2,1.17,0.39,0.25,20104,0.022028446197509766
1.8,1.38,0.56,0.7,0.47,0.2,1.17,0.39,0.25,19869,0.022028446197509766
1.8,1.38,0.56,0.7,0.47,0.2,1.17,0.39,0.25,19534,0.02302837371826172
1.8,1.38,0.56,0.7,0.47,0.2,1.17,0.39,0.25,19603,0.02302837371826172
1.8,1.38,0.56,0.7,0.47,0.2,1.17,0.39,0.25,19570,0.024028301239013672
1.8,1.38,0.56,0.7,0.47,0.2,1.17,0.39,0.25,19489,0.024028301239013672
1.8,1.38,0.56,0.7,0.47,0.2,1.17,0.39,0.25,19648,0.024028301239013672
1.8,1.38,0.56,0.7,0.47,0.2,1.17,0.39,0.25,19985,0.025028467178344727
1.8,1.38,0.56,0.7,0.47,0.2,1.17,0.39,0.26,20142,0.025028467178344727
1.8,1.38,0.55,0.7,0.46,0.2,1.17,0.4,0.25,20339,0.025028467178344727
1.8,1.38,0.55,0.7,0.47,0.2,1.17,0.39,0.25,20048,0.026112794876098633
1.8,1.38,0.56,0.7,0.47,0.2,1.17,0.39,0.25,19889,0.026112794876098633
1.8,1.38,0.56,0.7,0.47,0.2,1.17,0.39,0.26,19790,0.026112794876098633
1.8,1.37,0.56,0.7,0.47,0.2,1.17,0.39,0.26,19819,0.027182579040527344
1.8,1.38,0.56,0.7,0.47,0.2,1.17,0.39,0.25,19906,0.027182579040527344
1.8,1.38,0.56,0.7,0.47,0.2,1.17,0.4,0.26,20003,0.027182579040527344
1.8,1.37,0.56,0.7,0.47,0.2,1.17,0.4,0.25,19650,0.0281827449798584
1.8,1.37,0.56,0.7,0.46,0.2,1.17,0.4,0.25,19517,0.0281827449798584
1.8,1.38,0.56,0.7,0.47,0.2,1.17,0.39,0.25,20008,0.0281827449798584
1.8,1.38,0.55,0.7,0.47,0.2,1.17,0.39,0.25,20555,0.02918243408203125
1.8,1.38,0.55,0.7,0.47,0.2,1.17,0.39,0.25,20602,0.02918243408203125
1.8,1.37,0.55,0.7,0.47,0.2,1.17,0.39,0.25,20253,0.030182600021362305
1.8,1.38,0.56,0.7,0.47,0.2,1.17,0.39,0.26,19626,0.030182600021362305
1.8,1.38,0.56,0.7,0.47,0.2,1.17,0.4,0.25,19557,0.030182600021362305
1.8,1.37,0.56,0.7,0.47,0.2,1.17,0.4,0.25,20262,0.03118276596069336
1.8,1.37,0.56,0.7,0.47,0.2,1.17,0.4,0.26,20173,0.03118276596069336
1.8,1.37,0.56,0.7,0.47,0.2,1.16,0.39,0.25,19900,0.03118276596069336
1.8,1.38,0.57,0.7,0.47,0.2,1.17,0.39,0.25,19951,0.032182931900024414
1.8,1.38,0.56,0.7,0.46,0.2,1.17,0.39,0.25,20224,0.032182931900024414
1.8,1.37,0.57,0.7,0.47,0.2,1.16,0.39,0.25,20161,0.032182931900024414
1.8,1.38,0.57,0.7,0.47,0.2,1.16,0.39,0.25,20254,0.03318285942077637
1.8,1.37,0.57,0.7,0.48,0.21,1.17,0.39,0.25,19961,0.03318285942077637
1.8,1.37,0.57,0.7,0.47,0.2,1.17,0.4,0.25,19956,0.03418278694152832
1.8,1.37,0.57,0.7,0.47,0.2,1.17,0.4,0.25,19835,0.03418278694152832
1.8,1.37,0.57,0.7,0.47,0.2,1.17,0.39,0.25,19752,0.03418278694152832
1.8,1.38,0.57,0.7,0.47,0.2,1.17,0.39,0.25,20077,0.03518271446228027
1.8,1.38,0.57,0.7,0.47,0.2,1.17,0.39,0.26,20110,0.03518271446228027
1.8,1.38,0.58,0.7,0.47,0.2,1.17,0.39,0.26,19683,0.03518271446228027
1.8,1.37,0.56,0.7,0.46,0.2,1.17,0.39,0.25,20016,0.03618264198303223
1.8,1.38,0.57,0.7,0.47,0.2,1.16,0.39,0.25,20317,0.03618264198303223
1.8,1.37,0.56,0.7,0.47,0.21,1.17,0.39,0.25,19946,0.03618264198303223
1.8,1.37,0.57,0.7,0.47,0.2,1.17,0.39,0.25,19813,0.03718256950378418
1.8,1.38,0.58,0.7,0.47,0.2,1.16,0.39,0.25,19964,0.03718256950378418
1.8,1.38,0.57,0.7,0.47,0.21,1.17,0.39,0.26,19645,0.03718256950378418
1.8,1.38,0.58,0.7,0.47,0.21,1.17,0.39,0.25,19744,0.038182735443115234
1.8,1.37,0.58,0.7,0.47,0.21,1.17,0.39,0.26,19819,0.038182735443115234
1.8,1.38,0.57,0.7,0.46,0.21,1.17,0.39,0.25,19910,0.03918266296386719
1.8,1.37,0.58,0.7,0.47,0.21,1.17,0.39,0.26,20039,0.03918266296386719
1.8,1.38,0.57,0.7,0.46,0.21,1.17,0.39,0.25,19854,0.03918266296386719
1.8,1.37,0.57,0.7,0.47,0.2,1.17,0.39,0.25,19775,0.04018282890319824
1.8,1.37,0.58,0.7,0.47,0.21,1.17,0.39,0.26,19982,0.04018282890319824
1.8,1.37,0.57,0.7,0.47,0.21,1.17,0.39,0.25,19791,0.04018282890319824
1.8,1.37,0.57,0.7,0.47,0.21,1.17,0.39,0.25,19848,0.041182518005371094
1.8,1.37,0.57,0.7,0.47,0.21,1.17,0.39,0.25,20233,0.041182518005371094
1.8,1.37,0.57,0.7,0.47,0.21,1.17,0.4,0.26,20028,0.041182518005371094
1.8,1.37,0.57,0.7,0.47,0.21,1.17,0.39,0.25,19853,0.04218268394470215
1.8,1.37,0.57,0.7,0.47,0.21,1.17,0.39,0.25,20420,0.04218268394470215
1.8,1.37,0.58,0.7,0.47,0.21,1.17,0.4,0.25,20007,0.0431826114654541
1.8,1.37,0.58,0.7,0.48,0.21,1.17,0.39,0.26,20138,0.0431826114654541
1.8,1.37,0.57,0.7,0.47,0.2,1.17,0.39,0.25,20269,0.0431826114654541
1.8,1.37,0.58,0.7,0.48,0.21,1.17,0.39,0.25,20114,0.044182777404785156
1.8,1.37,0.57,0.7,0.48,0.21,1.17,0.39,0.25,20199,0.044182777404785156
1.8,1.37,0.58,0.7,0.48,0.21,1.17,0.39,0.25,19774,0.044182777404785156
1.8,1.37,0.58,0.7,0.48,0.21,1.17,0.39,0.25,19677,0.04518246650695801
1.8,1.37,0.57,0.7,0.47,0.21,1.17,0.39,0.25,19978,0.04518246650695801
1.8,1.37,0.57,0.7,0.48,0.21,1.17,0.39,0.25,19657,0.04518246650695801
1.8,1.37,0.57,0.7,0.47,0.21,1.17,0.39,0.25,19690,0.04649949073791504
1.8,1.37,0.58,0.7,0.48,0.21,1.17,0.39,0.26,19865,0.04649949073791504
1.8,1.37,0.58,0.7,0.48,0.21,1.17,0.39,0.25,19872,0.04649949073791504
1.8,1.37,0.57,0.7,0.48,0.21,1.17,0.39,0.25,20289,0.04756331443786621
1.8,1.37,0.58,0.7,0.48,0.21,1.17,0.39,0.26,20376,0.04756331443786621
1.8,1.37,0.58,0.7,0.48,0.21,1.17,0.39,0.25,19961,0.04756331443786621
1.8,1.37,0.58,0.7,0.47,0.21,1.17,0.39,0.25,19624,0.04857015609741211
1.8,1.37,0.58,0.7,0.48,0.21,1.17,0.39,0.25,19747,0.04857015609741211
1.8,1.37,0.58,0.7,0.48,0.21,1.17,0.39,0.26,19978,0.04857015609741211
1.8,1.37,0.58,0.7,0.47,0.21,1.17,0.39,0.25,19917,0.04957008361816406
1.8,1.37,0.58,0.7,0.48,0.21,1.17,0.39,0.25,20124,0.04957008361816406
1.8,1.37,0.58,0.7,0.48,0.21,1.17,0.4,0.25,19793,0.04957008361816406
1.8,1.37,0.58,0.7,0.48,0.21,1.17,0.39,0.26,19778,0.05057024955749512
1.8,1.37,0.58,0.7,0.48,0.21,1.17,0.4,0.25,19747,0.05057024955749512
1.8,1.37,0.58,0.7,0.48,0.21,1.17,0.39,0.25,20048,0.05157017707824707
1.8,1.37,0.58,0.7,0.48,0.21,1.17,0.39,0.25,20187,0.05165386199951172
1.8,1.37,0.58,0.7,0.47,0.21,1.17,0.4,0.25,20020,0.05165386199951172
1.8,1.37,0.58,0.7,0.48,0.21,1.17,0.39,0.25,20303,0.05165386199951172
1.8,1.37,0.58,0.7,0.48,0.21,1.17,0.4,0.25,20302,0.05272316932678223
1.8,1.37,0.57,0.7,0.48,0.21,1.17,0.39,0.25,19759,0.05272316932678223
1.8,1.37,0.58,0.7,0.48,0.21,1.17,0.39,0.25,19318,0.05372333526611328
1.8,1.37,0.58,0.7,0.48,0.21,1.18,0.4,0.25,19507,0.05372333526611328
1.8,1.37,0.58,0.7,0.48,0.21,1.17,0.39,0.25,19366,0.05372333526611328
1.8,1.37,0.58,0.7,0.48,0.21,1.17,0.4,0.25,19649,0.05472373962402344
1.8,1.37,0.58,0.7,0.47,0.21,1.17,0.39,0.25,20048,0.05472373962402344
1.8,1.37,0.58,0.7,0.48,0.21,1.17,0.39,0.25,19903,0.05472373962402344
1.8,1.37,0.58,0.7,0.47,0.21,1.17,0.39,0.25,19582,0.05572342872619629
1.79,1.37,0.58,0.7,0.47,0.21,1.17,0.39,0.25,19877,0.05572342872619629
1.8,1.37,0.58,0.71,0.48,0.21,1.17,0.39,0.25,19798,0.05572342872619629
1.8,1.37,0.58,0.71,0.48,0.21,1.17,0.39,0.25,19741,0.056920528411865234
1.8,1.37,0.58,0.71,0.48,0.21,1.17,0.39,0.26,19642,0.056920528411865234
1.8,1.37,0.58,0.7,0.48,0.2,1.17,0.39,0.26,19535,0.056920528411865234
1.8,1.37,0.57,0.7,0.47,0.21,1.17,0.39,0.26,19554,0.05799078941345215
1.8,1.37,0.58,0.7,0.48,0.21,1.17,0.39,0.26,19001,0.05799078941345215
1.8,1.37,0.58,0.71,0.48,0.21,1.17,0.39,0.25,19452,0.05799078941345215
1.8,1.37,0.58,0.71,0.48,0.21,1.17,0.39,0.26,20135,0.0589909553527832
1.8,1.37,0.58,0.71,0.48,0.21,1.17,0.39,0.26,20256,0.0589909553527832
1.8,1.37,0.58,0.71,0.48,0.21,1.17,0.39,0.25,19991,0.0589909553527832
1.8,1.37,0.57,0.7,0.48,0.21,1.17,0.39,0.26,19806,0.059990882873535156
1.8,1.37,0.58,0.7,0.48,0.21,1.17,0.39,0.26,19749,0.059990882873535156
1.8,1.37,0.58,0.7,0.47,0.21,1.17,0.4,0.26,19344,0.06099081039428711
1.79,1.37,0.58,0.71,0.48,0.21,1.17,0.39,0.25,20109,0.06099081039428711
1.8,1.38,0.56,0.7,0.46,0.21,1.17,0.39,0.25,20628,0.06099081039428711
1.8,1.37,0.58,0.7,0.48,0.21,1.17,0.39,0.26,19919,0.06199073791503906
1.8,1.37,0.58,0.7,0.48,0.21,1.17,0.39,0.25,19644,0.06225085258483887
1.8,1.37,0.58,0.7,0.47,0.21,1.17,0.39,0.26,19669,0.06225085258483887
1.8,1.37,0.58,0.7,0.48,0.21,1.17,0.39,0.26,20114,0.06225085258483887
1.8,1.37,0.58,0.7,0.46,0.21,1.17,0.39,0.26,20125,0.06330108642578125
1.8,1.37,0.58,0.7,0.48,0.21,1.17,0.39,0.26,20044,0.06330108642578125
1.8,1.37,0.58,0.7,0.48,0.21,1.17,0.39,0.26,20241,0.06330108642578125
1.8,1.37,0.58,0.7,0.48,0.21,1.17,0.4,0.26,19734,0.0643012523651123
1.8,1.37,0.58,0.7,0.48,0.21,1.17,0.39,0.25,19533,0.0643012523651123
1.8,1.37,0.58,0.7,0.48,0.21,1.17,0.39,0.26,19946,0.06530141830444336
1.8,1.37,0.58,0.7,0.48,0.21,1.17,0.39,0.25,20167,0.06530141830444336
1.8,1.37,0.58,0.7,0.48,0.2,1.17,0.39,0.26,20146,0.06530141830444336
1.8,1.37,0.57,0.7,0.48,0.21,1.17,0.39,0.26,19821,0.06630134582519531
1.8,1.37,0.58,0.7,0.48,0.21,1.17,0.39,0.26,20000,0.06630134582519531
1.8,1.37,0.58,0.7,0.48,0.21,1.17,0.39,0.25,20251,0.06630134582519531
1.8,1.37,0.58,0.7,0.47,0.21,1.17,0.4,0.26,20140,0.0675046443939209
1.8,1.37,0.58,0.7,0.48,0.21,1.17,0.39,0.26,20039,0.0675046443939209
1.8,1.37,0.58,0.7,0.48,0.21,1.17,0.39,0.26,19968,0.0675046443939209
1.8,1.37,0.58,0.7,0.47,0.21,1.17,0.39,0.26,19955,0.06857419013977051
1.8,1.37,0.57,0.7,0.47,0.2,1.17,0.39,0.26,19794,0.06857419013977051
1.8,1.37,0.58,0.7,0.48,0.2,1.17,0.39,0.26,19821,0.06857419013977051
1.8,1.37,0.58,0.7,0.48,0.21,1.18,0.39,0.26,19778,0.06957435607910156
1.8,1.37,0.58,0.7,0.48,0.21,1.17,0.39,0.26,19895,0.06957435607910156
1.8,1.37,0.58,0.7,0.48,0.21,1.17,0.39,0.26,19994,0.06957435607910156
1.8,1.37,0.58,0.7,0.48,0.21,1.18,0.39,0.26,20037,0.07057428359985352
1.8,1.37,0.57,0.7,0.48,0.21,1.17,0.39,0.25,19984,0.07057428359985352
1.8,1.37,0.58,0.7,0.48,0.21,1.17,0.39,0.26,20093,0.07057428359985352
1.8,1.37,0.58,0.7,0.48,0.21,1.17,0.39,0.26,19844,0.07157421112060547
1.8,1.37,0.58,0.7,0.47,0.21,1.17,0.4,0.26,19709,0.07157421112060547
1.8,1.37,0.58,0.7,0.48,0.21,1.17,0.39,0.26,19694,0.07157421112060547
1.8,1.37,0.58,0.7,0.48,0.21,1.17,0.39,0.26,19941,0.07265830039978027
1.8,1.37,0.58,0.7,0.48,0.21,1.17,0.39,0.26,20194,0.07265830039978027
1.8,1.37,0.58,0.7,0.48,0.21,1.17,0.39,0.26,20203,0.07265830039978027
1.8,1.37,0.58,0.7,0.47,0.21,1.17,0.39,0.26,20118,0.07372641563415527
1.8,1.37,0.58,0.7,0.48,0.21,1.17,0.39,0.26,19893,0.07372641563415527
1.8,1.37,0.58,0.7,0.48,0.21,1.17,0.39,0.26,19828,0.07372641563415527
1.8,1.37,0.58,0.7,0.48,0.21,1.17,0.39,0.25,20033,0.07472681999206543
1.8,1.37,0.58,0.7,0.48,0.21,1.17,0.39,0.26,19924,0.07472681999206543
1.8,1.37,0.58,0.7,0.47,0.21,1.17,0.39,0.26,19775,0.07572674751281738
1.8,1.37,0.58,0.7,0.48,0.21,1.17,0.39,0.26,20008,0.07572674751281738
1.8,1.37,0.58,0.7,0.48,0.21,1.17,0.39,0.26,19991,0.07572674751281738
1.79,1.36,0.58,0.7,0.48,0.21,1.17,0.39,0.26,19830,0.07672667503356934
1.8,1.37,0.58,0.7,0.48,0.21,1.17,0.39,0.26,19955,0.07672667503356934
1.8,1.37,0.58,0.7,0.48,0.21,1.17,0.39,0.26,20164,0.07672667503356934
1.8,1.37,0.58,0.7,0.48,0.21,1.17,0.39,0.26,20245,0.07792401313781738
1.8,1.37,0.58,0.7,0.48,0.21,1.17,0.39,0.26,20004,0.07792401313781738
1.8,1.37,0.58,0.7,0.47,0.21,1.17,0.39,0.26,20035,0.07792401313781738
1.8,1.37,0.59,0.7,0.48,0.21,1.17,0.39,0.26,19990,0.07897186279296875
1.8,1.37,0.59,0.7,0.48,0.21,1.17,0.4,0.26,20053,0.07897186279296875
1.8,1.37,0.58,0.7,0.47,0.21,1.17,0.39,0.25,20192,0.07897186279296875
1.8,1.37,0.58,0.7,0.48,0.21,1.17,0.39,0.26,20353,0.0800015926361084
1.8,1.37,0.58,0.7,0.47,0.21,1.17,0.39,0.26,20724,0.0800015926361084
1.8,1.37,0.58,0.71,0.48,0.21,1.17,0.39,0.26,20145,0.0800015926361084
1.8,1.37,0.58,0.7,0.48,0.2,1.17,0.39,0.26,19866,0.0809934139251709
1.8,1.37,0.58,0.7,0.48,0.21,1.17,0.39,0.25,20043,0.0809934139251709
1.8,1.37,0.58,0.7,0.48,0.21,1.17,0.39,0.26,19906,0.0809934139251709
1.8,1.37,0.58,0.7,0.48,0.21,1.17,0.39,0.26,19709,0.0820000171661377
1.8,1.37,0.58,0.7,0.48,0.21,1.17,0.39,0.26,19736,0.0820000171661377
1.8,1.37,0.58,0.7,0.48,0.21,1.18,0.39,0.26,19837,0.08299994468688965
1.8,1.37,0.58,0.7,0.48,0.21,1.17,0.39,0.26,19832,0.08308815956115723
1.8,1.37,0.58,0.7,0.48,0.21,1.18,0.39,0.26,19931,0.08308815956115723
1.8,1.37,0.58,0.71,0.48,0.21,1.17,0.39,0.26,20194,0.08414602279663086
1.8,1.37,0.58,0.7,0.48,0.21,1.17,0.39,0.26,19869,0.08414602279663086
1.8,1.37,0.58,0.7,0.48,0.21,1.17,0.39,0.26,19716,0.08414602279663086
1.8,1.37,0.58,0.7,0.48,0.21,1.17,0.39,0.25,20039,0.08514618873596191
1.8,1.37,0.58,0.7,0.48,0.21,1.17,0.4,0.26,20328,0.08514618873596191
1.8,1.37,0.58,0.7,0.48,0.21,1.17,0.39,0.26,19895,0.08514618873596191
1.8,1.37,0.58,0.7,0.48,0.21,1.17,0.4,0.26,19292,0.08614659309387207
1.8,1.37,0.58,0.7,0.48,0.21,1.17,0.39,0.26,19493,0.08614659309387207
1.8,1.37,0.58,0.7,0.48,0.21,1.17,0.39,0.26,20154,0.08714604377746582
1.8,1.37,0.58,0.7,0.48,0.21,1.17,0.39,0.26,20159,0.08714604377746582
1.8,1.37,0.58,0.7,0.48,0.21,1.17,0.39,0.26,20016,0.08714604377746582
1.8,1.37,0.58,0.7,0.48,0.21,1.18,0.39,0.26,19921,0.08814620971679688
1.8,1.37,0.58,0.7,0.48,0.21,1.17,0.39,0.26,19978,0.08840727806091309
1.8,1.37,0.58,0.7,0.48,0.21,1.17,0.39,0.26,20247,0.08840727806091309
1.8,1.37,0.58,0.7,0.48,0.21,1.17,0.39,0.26,20500,0.08840727806091309
1.8,1.37,0.58,0.7,0.48,0.21,1.17,0.39,0.26,20133,0.08942151069641113
1.8,1.37,0.58,0.7,0.47,0.21,1.17,0.39,0.26,19686,0.08942151069641113
1.8,1.37,0.58,0.7,0.48,0.21,1.17,0.39,0.25,19527,0.09042811393737793
1.8,1.37,0.57,0.7,0.47,0.2,1.17,0.39,0.26,20138,0.09042811393737793
1.8,1.37,0.58,0.7,0.48,0.21,1.17,0.39,0.26,19925,0.09042811393737793
1.8,1.37,0.58,0.7,0.48,0.2,1.17,0.39,0.26,19752,0.09142851829528809
1.8,1.37,0.57,0.7,0.48,0.21,1.17,0.39,0.26,19487,0.09142851829528809
1.8,1.37,0.57,0.7,0.48,0.21,1.17,0.39,0.26,19736,0.09142851829528809
1.8,1.37,0.58,0.7,0.48,0.21,1.17,0.39,0.26,19851,0.09242844581604004
1.8,1.37,0.58,0.7,0.48,0.21,1.17,0.39,0.26,19748,0.09242844581604004
1.8,1.37,0.58,0.7,0.48,0.21,1.17,0.39,0.26,19965,0.09242844581604004
1.8,1.37,0.58,0.7,0.48,0.21,1.17,0.39,0.26,19950,0.09242844581604004
1.8,1.37,0.58,0.7,0.48,0.21,1.17,0.39,0.26,19879,0.0939488410949707
1.8,1.37,0.58,0.7,0.48,0.21,1.17,0.39,0.26,20082,0.0939488410949707
1.8,1.37,0.58,0.7,0.48,0.21,1.17,0.39,0.26,20347,0.0939488410949707
1.8,1.37,0.58,0.7,0.48,0.21,1.17,0.39,0.26,19958,0.09497666358947754
1.8,1.37,0.58,0.7,0.48,0.21,1.17,0.39,0.26,19777,0.09497666358947754
1.8,1.37,0.58,0.7,0.48,0.21,1.17,0.39,0.26,19584,0.09497666358947754
1.8,1.37,0.58,0.7,0.48,0.21,1.17,0.39,0.26,19649,0.0959632396697998
1.8,1.37,0.58,0.7,0.48,0.21,1.17,0.39,0.26,19678,0.0959632396697998
1.8,1.37,0.58,0.7,0.48,0.21,1.17,0.39,0.26,19961,0.09697699546813965
1.8,1.37,0.58,0.7,0.48,0.21,1.17,0.39,0.26,20214,0.09697699546813965
1.8,1.37,0.58,0.7,0.48,0.2,1.17,0.39,0.26,19723,0.09697699546813965
1.8,1.37,0.58,0.7,0.48,0.21,1.17,0.4,0.25,19800,0.0979766845703125
1.8,1.37,0.58,0.7,0.48,0.2,1.17,0.39,0.26,20275,0.0979766845703125
1.8,1.37,0.58,0.7,0.48,0.21,1.17,0.39,0.26,20310,0.0979766845703125
1.8,1.37,0.58,0.7,0.48,0.21,1.17,0.4,0.26,19983,0.09909868240356445
1.8,1.37,0.58,0.7,0.48,0.2,1.17,0.39,0.26,19960,0.09909868240356445
1.8,1.37,0.58,0.7,0.48,0.2,1.17,0.4,0.26,20347,0.09909868240356445
1.8,1.37,0.58,0.7,0.48,0.21,1.17,0.39,0.26,20394,0.10010504722595215
1.79,1.37,0.58,0.7,0.48,0.21,1.17,0.39,0.26,19793,0.10010504722595215
1.8,1.37,0.58,0.7,0.48,0.21,1.17,0.39,0.26,19738,0.10010504722595215
1.8,1.37,0.58,0.7,0.47,0.2,1.17,0.39,0.25,19563,0.1011054515838623
1.8,1.37,0.58,0.7,0.48,0.21,1.17,0.39,0.26,19482,0.1011054515838623
1.8,1.37,0.58,0.7,0.48,0.2,1.17,0.39,0.26,19819,0.1011054515838623
1.8,1.37,0.58,0.7,0.47,0.2,1.17,0.4,0.26,19788,0.10211968421936035
1.8,1.37,0.58,0.7,0.48,0.21,1.17,0.39,0.26,19919,0.10211968421936035
1.8,1.37,0.58,0.7,0.48,0.21,1.17,0.39,0.26,19870,0.10211968421936035
1.8,1.37,0.58,0.7,0.48,0.2,1.17,0.39,0.25,19657,0.1031198501586914
1.8,1.37,0.58,0.7,0.48,0.21,1.17,0.39,0.26,19734,0.1031198501586914
1.8,1.37,0.58,0.7,0.48,0.2,1.17,0.39,0.26,20155,0.10411977767944336
1.8,1.37,0.58,0.7,0.48,0.21,1.17,0.39,0.26,20174,0.10417985916137695
1.8,1.37,0.58,0.7,0.48,0.21,1.17,0.39,0.26,20073,0.10417985916137695
1.8,1.37,0.58,0.71,0.47,0.21,1.17,0.39,0.25,19930,0.10521960258483887
1.8,1.37,0.58,0.7,0.48,0.21,1.17,0.39,0.26,19939,0.10521960258483887
1.8,1.37,0.58,0.7,0.47,0.21,1.17,0.39,0.26,19942,0.10521960258483887
1.8,1.37,0.58,0.7,0.48,0.21,1.17,0.39,0.26,19741,0.10622024536132812
1.8,1.37,0.58,0.7,0.48,0.21,1.17,0.39,0.26,19542,0.10622024536132812
1.8,1.37,0.58,0.7,0.48,0.21,1.17,0.39,0.26,19417,0.10622024536132812
1.8,1.37,0.58,0.7,0.48,0.21,1.17,0.39,0.26,19578,0.10722064971923828
1.8,1.37,0.58,0.7,0.48,0.21,1.17,0.39,0.26,19545,0.10722064971923828
1.79,1.37,0.58,0.7,0.47,0.2,1.17,0.39,0.26,19730,0.10722064971923828
1.8,1.37,0.57,0.7,0.48,0.21,1.17,0.39,0.26,19847,0.10823535919189453
1.8,1.37,0.58,0.7,0.48,0.21,1.17,0.39,0.26,19846,0.10823535919189453
1.8,1.37,0.58,0.7,0.48,0.21,1.17,0.39,0.26,20243,0.10823535919189453
1.8,1.37,0.58,0.7,0.48,0.21,1.17,0.39,0.26,20194,0.10923504829406738
1.8,1.37,0.58,0.7,0.48,0.21,1.17,0.39,0.26,20257,0.10923504829406738
1.8,1.37,0.58,0.7,0.48,0.21,1.17,0.4,0.26,19806,0.11023497581481934
1.8,1.37,0.58,0.71,0.47,0.21,1.17,0.39,0.26,19741,0.11023497581481934
1.8,1.37,0.58,0.7,0.48,0.21,1.17,0.39,0.27,20246,0.11023497581481934
1.8,1.37,0.58,0.7,0.48,0.21,1.17,0.39,0.26,20053,0.11121678352355957
1.8,1.37,0.58,0.7,0.48,0.21,1.17,0.39,0.26,19362,0.11121678352355957
1.8,1.37,0.57,0.7,0.48,0.21,1.17,0.39,0.26,19639,0.11121678352355957
1.8,1.37,0.58,0.7,0.48,0.21,1.17,0.39,0.26,19626,0.11221432685852051
1.8,1.37,0.57,0.7,0.48,0.21,1.17,0.39,0.26,19583,0.11221432685852051
1.8,1.37,0.58,0.7,0.48,0.21,1.17,0.39,0.26,19372,0.11221432685852051
1.8,1.37,0.58,0.7,0.48,0.21,1.17,0.39,0.26,19541,0.11321425437927246
1.8,1.37,0.58,0.7,0.48,0.21,1.17,0.39,0.26,19950,0.11321425437927246
1.8,1.37,0.58,0.7,0.47,0.21,1.17,0.39,0.26,20181,0.11321425437927246
1.8,1.37,0.58,0.7,0.47,0.21,1.17,0.39,0.26,20104,0.11423492431640625
1.8,1.37,0.58,0.7,0.47,0.21,1.17,0.39,0.26,19935,0.11423492431640625
1.8,1.37,0.58,0.7,0.48,0.21,1.17,0.4,0.26,20008,0.11423492431640625
1.8,1.37,0.58,0.7,0.48,0.21,1.17,0.39,0.26,19579,0.11534667015075684
1.8,1.37,0.58,0.7,0.48,0.21,1.17,0.39,0.26,19980,0.11534667015075684
1.8,1.37,0.58,0.7,0.48,0.21,1.17,0.39,0.26,20045,0.11534667015075684
1.8,1.37,0.58,0.7,0.48,0.21,1.17,0.39,0.26,19722,0.11634969711303711
1.8,1.37,0.58,0.7,0.48,0.21,1.17,0.4,0.26,19819,0.11634969711303711
1.8,1.37,0.58,0.7,0.48,0.21,1.17,0.39,0.26,19782,0.11735320091247559
1.8,1.37,0.58,0.7,0.48,0.21,1.17,0.39,0.26,19601,0.11735320091247559
1.8,1.37,0.58,0.7,0.48,0.21,1.17,0.4,0.26,19788,0.11735320091247559
1.8,1.37,0.58,0.7,0.48,0.21,1.17,0.39,0.26,19737,0.1183474063873291
1.8,1.37,0.58,0.7,0.48,0.21,1.17,0.4,0.26,19828,0.1183474063873291
1.8,1.37,0.58,0.7,0.48,0.21,1.17,0.39,0.26,19719,0.1183474063873291
1.8,1.37,0.58,0.7,0.47,0.21,1.17,0.39,0.26,19840,0.11934733390808105
1.8,1.37,0.58,0.7,0.47,0.21,1.17,0.39,0.26,20117,0.11934733390808105
1.8,1.37,0.58,0.7,0.48,0.21,1.17,0.39,0.26,20224,0.11934733390808105
1.8,1.37,0.58,0.7,0.47,0.21,1.17,0.4,0.26,19829,0.12048029899597168
1.8,1.37,0.58,0.7,0.47,0.21,1.17,0.39,0.26,19522,0.12048029899597168
1.8,1.37,0.58,0.7,0.48,0.21,1.17,0.4,0.26,19757,0.12048029899597168
1.8,1.37,0.59,0.7,0.48,0.21,1.17,0.39,0.26,19908,0.12148332595825195
1.8,1.37,0.58,0.7,0.48,0.21,1.17,0.39,0.26,20315,0.12148332595825195
1.8,1.37,0.58,0.7,0.48,0.21,1.17,0.39,0.26,20416,0.12148332595825195
1.8,1.37,0.58,0.7,0.47,0.21,1.17,0.39,0.26,20093,0.12248682975769043
1.8,1.37,0.58,0.7,0.48,0.21,1.18,0.4,0.26,19608,0.12248682975769043
1.8,1.37,0.58,0.7,0.48,0.21,1.17,0.39,0.26,19889,0.12248682975769043
1.8,1.37,0.58,0.7,0.47,0.21,1.17,0.4,0.26,20280,0.12348103523254395
1.8,1.37,0.58,0.7,0.48,0.21,1.17,0.4,0.26,20155,0.12348103523254395
1.8,1.37,0.58,0.7,0.47,0.21,1.17,0.4,0.26,20338,0.1244807243347168
1.8,1.37,0.59,0.7,0.48,0.21,1.17,0.39,0.25,20233,0.1244807243347168
1.8,1.37,0.59,0.7,0.48,0.21,1.17,0.39,0.26,19564,0.1244807243347168
1.8,1.37,0.58,0.7,0.47,0.21,1.17,0.39,0.26,19461,0.12550115585327148
1.8,1.37,0.58,0.7,0.48,0.21,1.17,0.39,0.26,19682,0.1255643367767334
1.8,1.37,0.59,0.7,0.48,0.21,1.17,0.4,0.26,20031,0.1255643367767334
1.8,1.37,0.59,0.7,0.48,0.21,1.17,0.39,0.26,19970,0.12666964530944824
1.8,1.37,0.59,0.7,0.48,0.21,1.17,0.39,0.26,20053,0.12666964530944824
1.8,1.37,0.59,0.7,0.48,0.21,1.17,0.39,0.25,19972,0.12760400772094727
1.8,1.37,0.58,0.7,0.48,0.21,1.17,0.39,0.26,20495,0.12760400772094727
1.8,1.37,0.59,0.7,0.48,0.21,1.17,0.4,0.26,20088,0.12760400772094727
1.8,1.37,0.59,0.71,0.48,0.21,1.17,0.39,0.26,19955,0.1286008358001709
1.8,1.37,0.59,0.7,0.48,0.21,1.17,0.39,0.25,20076,0.1286008358001709
1.8,1.37,0.59,0.7,0.48,0.21,1.17,0.4,0.26,19935,0.12960100173950195
1.8,1.37,0.59,0.71,0.48,0.21,1.17,0.39,0.26,19994,0.12960100173950195
1.8,1.37,0.59,0.7,0.48,0.21,1.17,0.4,0.26,19525,0.12960100173950195
1.8,1.37,0.59,0.7,0.48,0.21,1.17,0.39,0.26,19402,0.1306009292602539
1.8,1.37,0.59,0.7,0.48,0.21,1.17,0.39,0.26,19635,0.1306009292602539
1.8,1.37,0.59,0.7,0.47,0.21,1.17,0.4,0.26,20138,0.1306009292602539
1.8,1.37,0.59,0.7,0.47,0.21,1.17,0.39,0.26,20229,0.13160085678100586
1.8,1.37,0.59,0.7,0.48,0.21,1.17,0.4,0.26,19900,0.13160085678100586
1.8,1.37,0.59,0.7,0.47,0.21,1.17,0.39,0.25,19879,0.13160085678100586
1.8,1.37,0.59,0.7,0.48,0.21,1.17,0.4,0.26,19864,0.1326007843017578
1.8,1.37,0.58,0.7,0.48,0.21,1.17,0.4,0.26,19867,0.1326007843017578
1.8,1.37,0.59,0.7,0.47,0.21,1.17,0.39,0.26,19996,0.13360071182250977
1.8,1.37,0.59,0.7,0.48,0.21,1.17,0.39,0.26,20021,0.13360071182250977
1.8,1.37,0.59,0.7,0.47,0.21,1.17,0.4,0.26,20020,0.13360071182250977
1.8,1.37,0.59,0.7,0.48,0.21,1.17,0.39,0.26,20229,0.13462233543395996
1.8,1.37,0.59,0.7,0.48,0.21,1.17,0.4,0.26,20200,0.13462233543395996
1.8,1.37,0.58,0.7,0.48,0.21,1.17,0.39,0.26,20003,0.13462233543395996
1.8,1.37,0.59,0.7,0.48,0.21,1.17,0.39,0.26,19824,0.1356217861175537
1.8,1.37,0.59,0.7,0.48,0.21,1.17,0.4,0.26,19745,0.1356217861175537
1.8,1.37,0.59,0.7,0.47,0.21,1.17,0.4,0.26,19510,0.1356217861175537
1.8,1.37,0.59,0.7,0.48,0.21,1.17,0.4,0.25,19943,0.13662171363830566
1.8,1.37,0.59,0.7,0.47,0.21,1.17,0.4,0.26,19586,0.13662171363830566
1.8,1.37,0.59,0.7,0.48,0.21,1.17,0.39,0.26,19441,0.13662171363830566
1.8,1.37,0.59,0.7,0.48,0.21,1.17,0.4,0.25,19850,0.13762164115905762
1.8,1.37,0.59,0.7,0.48,0.21,1.17,0.39,0.25,19627,0.13762164115905762
1.8,1.37,0.59,0.7,0.48,0.21,1.18,0.39,0.25,19452,0.13862180709838867
1.8,1.37,0.59,0.7,0.47,0.21,1.17,0.39,0.26,19845,0.13862180709838867
1.8,1.37,0.59,0.7,0.48,0.21,1.17,0.4,0.26,19926,0.13862180709838867
1.8,1.37,0.59,0.7,0.48,0.21,1.17,0.4,0.26,19975,0.13962173461914062
1.8,1.37,0.59,0.7,0.48,0.21,1.17,0.39,0.26,20056,0.13962173461914062
1.8,1.37,0.59,0.7,0.48,0.21,1.17,0.4,0.26,19815,0.13962173461914062
1.8,1.37,0.59,0.7,0.48,0.21,1.17,0.39,0.25,19864,0.14078903198242188
1.8,1.37,0.59,0.71,0.48,0.21,1.17,0.4,0.25,19683,0.1408405303955078
1.8,1.37,0.59,0.7,0.48,0.21,1.17,0.4,0.26,19742,0.1408405303955078
1.8,1.37,0.59,0.7,0.48,0.21,1.18,0.39,0.26,20135,0.14185500144958496
1.8,1.37,0.59,0.7,0.48,0.21,1.17,0.39,0.26,19916,0.14185500144958496
1.8,1.37,0.6,0.7,0.48,0.21,1.17,0.4,0.26,20085,0.14185500144958496
1.8,1.37,0.59,0.7,0.48,0.22,1.17,0.39,0.26,20178,0.14286160469055176
1.8,1.37,0.59,0.7,0.47,0.21,1.18,0.4,0.26,20189,0.14286160469055176
1.8,1.37,0.59,0.7,0.48,0.21,1.17,0.4,0.26,19988,0.14286160469055176
1.8,1.37,0.59,0.7,0.48,0.21,1.17,0.39,0.25,19771,0.1438615322113037
1.8,1.37,0.59,0.7,0.47,0.21,1.17,0.4,0.26,19476,0.1438615322113037
1.8,1.37,0.59,0.7,0.47,0.21,1.18,0.4,0.26,19881,0.1438615322113037
1.8,1.37,0.6,0.7,0.48,0.21,1.18,0.4,0.26,20260,0.14486169815063477
1.8,1.37,0.59,0.7,0.48,0.21,1.17,0.39,0.26,20279,0.14486169815063477
1.8,1.37,0.59,0.7,0.48,0.21,1.17,0.39,0.25,20336,0.14586162567138672
1.8,1.37,0.59,0.7,0.48,0.21,1.17,0.4,0.26,19751,0.14594507217407227
1.8,1.37,0.59,0.7,0.48,0.21,1.17,0.39,0.26,19920,0.14594507217407227
1.79,1.37,0.6,0.7,0.48,0.21,1.17,0.39,0.26,20011,0.14594507217407227
1.8,1.37,0.6,0.7,0.47,0.21,1.17,0.4,0.26,19674,0.14699387550354004
1.8,1.37,0.6,0.7,0.47,0.21,1.17,0.39,0.26,19613,0.14699387550354004
1.8,1.37,0.59,0.7,0.47,0.21,1.17,0.4,0.26,19458,0.14699387550354004
1.8,1.37,0.6,0.7,0.48,0.21,1.17,0.4,0.26,19495,0.1479942798614502
1.8,1.37,0.6,0.7,0.48,0.21,1.17,0.39,0.26,19700,0.1479942798614502
1.8,1.37,0.59,0.7,0.48,0.21,1.17,0.4,0.26,20005,0.14899420738220215
1.8,1.37,0.6,0.7,0.47,0.21,1.17,0.39,0.26,19672,0.14899420738220215
1.8,1.37,0.6,0.7,0.48,0.21,1.17,0.39,0.26,19085,0.14899420738220215
1.8,1.37,0.6,0.7,0.48,0.21,1.17,0.39,0.26,19534,0.1499941349029541
1.8,1.37,0.6,0.7,0.48,0.21,1.17,0.39,0.26,19641,0.1499941349029541
1.8,1.37,0.6,0.7,0.48,0.21,1.17,0.4,0.26,19688,0.1499941349029541
1.8,1.37,0.6,0.7,0.48,0.21,1.17,0.4,0.26,19571,0.15111017227172852
1.8,1.37,0.6,0.7,0.48,0.21,1.17,0.4,0.26,19620,0.15111017227172852
1.8,1.37,0.6,0.7,0.48,0.21,1.17,0.4,0.26,19983,0.15111017227172852
1.79,1.37,0.6,0.7,0.48,0.21,1.17,0.4,0.26,20082,0.1521313190460205
1.8,1.37,0.6,0.7,0.48,0.21,1.17,0.39,0.26,20093,0.1521313190460205
1.8,1.37,0.6,0.7,0.48,0.21,1.17,0.4,0.26,19786,0.1521313190460205
1.8,1.37,0.6,0.7,0.48,0.21,1.17,0.39,0.26,19703,0.15312457084655762
1.8,1.37,0.6,0.7,0.48,0.21,1.17,0.4,0.26,19510,0.15312457084655762
1.8,1.37,0.6,0.7,0.47,0.21,1.17,0.4,0.26,19767,0.15312457084655762
1.8,1.37,0.6,0.7,0.48,0.21,1.17,0.39,0.26,20104,0.15413141250610352
1.8,1.37,0.59,0.7,0.48,0.21,1.17,0.4,0.26,20111,0.15413141250610352
1.8,1.37,0.59,0.7,0.47,0.21,1.17,0.39,0.26,19722,0.15413141250610352
1.8,1.37,0.6,0.7,0.48,0.21,1.17,0.4,0.26,19781,0.15513134002685547
1.8,1.38,0.6,0.7,0.47,0.21,1.17,0.4,0.26,19786,0.15513134002685547
1.8,1.37,0.6,0.7,0.48,0.21,1.17,0.4,0.26,19979,0.15613126754760742
1.8,1.37,0.6,0.7,0.47,0.21,1.17,0.4,0.26,20000,0.15613126754760742
1.8,1.37,0.6,0.7,0.48,0.21,1.17,0.4,0.26,19833,0.15613126754760742
1.8,1.37,0.6,0.7,0.48,0.21,1.17,0.4,0.26,19796,0.15713143348693848
1.8,1.37,0.6,0.7,0.48,0.21,1.17,0.39,0.26,19795,0.15713143348693848
1.79,1.37,0.6,0.7,0.48,0.21,1.17,0.39,0.26,19928,0.15713143348693848
1.8,1.37,0.6,0.7,0.48,0.22,1.17,0.4,0.26,19705,0.15813159942626953
1.8,1.37,0.6,0.7,0.48,0.21,1.17,0.39,0.26,19508,0.15813159942626953
1.8,1.37,0.6,0.7,0.48,0.21,1.17,0.39,0.26,19677,0.15813159942626953
1.8,1.37,0.6,0.7,0.48,0.21,1.17,0.39,0.26,19842,0.15913152694702148
1.8,1.37,0.6,0.7,0.48,0.21,1.17,0.39,0.26,20067,0.15913152694702148
1.8,1.37,0.6,0.7,0.48,0.21,1.17,0.4,0.26,20354,0.16013145446777344
1.79,1.38,0.62,0.71,0.48,0.23,1.18,0.4,0.27,19929,0.16013145446777344
1.79,1.38,0.62,0.71,0.48,0.23,1.18,0.4,0.27,20060,0.16121578216552734
1.79,1.38,0.62,0.71,0.48,0.23,1.18,0.4,0.27,19859,0.16121578216552734
1.79,1.38,0.62,0.71,0.48,0.23,1.18,0.4,0.27,19594,0.16121578216552734
1.79,1.38,0.62,0.71,0.48,0.23,1.18,0.4,0.27,19973,0.16228675842285156
1.79,1.38,0.62,0.71,0.48,0.23,1.18,0.4,0.28,20260,0.16228675842285156
1.79,1.38,0.62,0.71,0.48,0.23,1.18,0.4,0.27,19969,0.16228675842285156
1.79,1.38,0.62,0.71,0.48,0.23,1.18,0.4,0.27,19990,0.16328001022338867
1.79,1.38,0.62,0.71,0.48,0.23,1.18,0.4,0.27,19917,0.16328001022338867
1.79,1.38,0.62,0.71,0.48,0.23,1.18,0.4,0.27,19792,0.16328001022338867
1.79,1.38,0.63,0.71,0.48,0.23,1.19,0.4,0.28,20045,0.16428685188293457
1.79,1.38,0.62,0.71,0.48,0.23,1.18,0.4,0.27,20092,0.16428685188293457
1.79,1.38,0.62,0.71,0.48,0.23,1.18,0.4,0.27,19913,0.16428685188293457
1.79,1.38,0.62,0.71,0.48,0.23,1.18,0.4,0.27,19680,0.16528677940368652
1.79,1.38,0.63,0.71,0.48,0.23,1.18,0.4,0.27,19563,0.16528677940368652
1.79,1.38,0.62,0.71,0.48,0.23,1.18,0.4,0.27,19490,0.16528677940368652
1.79,1.38,0.62,0.71,0.48,0.23,1.18,0.4,0.27,19467,0.16628670692443848
1.79,1.38,0.62,0.71,0.48,0.23,1.18,0.4,0.27,19650,0.16628670692443848
1.79,1.38,0.63,0.71,0.48,0.23,1.18,0.4,0.27,19791,0.16728663444519043
1.79,1.38,0.62,0.71,0.48,0.23,1.18,0.4,0.27,19846,0.16728663444519043
1.79,1.38,0.63,0.71,0.48,0.23,1.18,0.4,0.27,19789,0.16728663444519043
1.79,1.38,0.62,0.71,0.48,0.23,1.18,0.4,0.27,19890,0.16828656196594238
1.79,1.38,0.62,0.71,0.48,0.23,1.18,0.4,0.27,19523,0.16828656196594238
1.79,1.38,0.62,0.71,0.48,0.23,1.18,0.4,0.27,19612,0.16828656196594238
1.79,1.38,0.63,0.71,0.48,0.23,1.18,0.4,0.27,20113,0.16928672790527344
1.79,1.38,0.62,0.71,0.48,0.23,1.18,0.4,0.28,19928,0.16928672790527344
1.79,1.38,0.62,0.71,0.48,0.23,1.18,0.4,0.27,19545,0.16928672790527344
1.79,1.38,0.62,0.71,0.48,0.23,1.18,0.4,0.28,19818,0.1702866554260254
1.79,1.38,0.62,0.71,0.48,0.23,1.18,0.4,0.27,20111,0.1702866554260254
1.79,1.38,0.63,0.71,0.48,0.24,1.18,0.4,0.27,19688,0.1702866554260254
1.79,1.38,0.62,0.71,0.48,0.23,1.18,0.4,0.27,19775,0.17134952545166016
1.79,1.38,0.62,0.71,0.48,0.23,1.18,0.4,0.27,20130,0.17134952545166016
1.79,1.38,0.62,0.71,0.48,0.23,1.18,0.4,0.27,20239,0.17134952545166016
1.79,1.38,0.62,0.71,0.48,0.23,1.18,0.4,0.27,19932,0.17241930961608887
1.8,1.38,0.62,0.71,0.48,0.23,1.18,0.4,0.27,19985,0.17241930961608887
1.79,1.38,0.62,0.71,0.48,0.23,1.18,0.4,0.28,19802,0.17241930961608887
1.79,1.38,0.62,0.71,0.48,0.23,1.18,0.4,0.27,19595,0.17343449592590332
1.79,1.38,0.62,0.71,0.48,0.23,1.18,0.4,0.27,19578,0.17343449592590332
1.79,1.38,0.63,0.71,0.48,0.23,1.19,0.4,0.27,19921,0.17441940307617188
1.79,1.38,0.62,0.71,0.48,0.23,1.18,0.4,0.27,20050,0.17441940307617188
1.79,1.38,0.63,0.71,0.48,0.23,1.18,0.4,0.27,19749,0.17441940307617188
1.79,1.38,0.62,0.71,0.48,0.23,1.18,0.4,0.27,19866,0.17541933059692383
1.79,1.38,0.62,0.71,0.48,0.23,1.18,0.4,0.27,19731,0.17741179466247559
1.79,1.38,0.62,0.71,0.48,0.23,1.18,0.4,0.27,19806,0.17741179466247559
1.79,1.38,0.62,0.71,0.48,0.23,1.18,0.4,0.27,20135,0.18139338493347168
1.79,1.38,0.62,0.71,0.48,0.23,1.18,0.4,0.27,20130,0.18558168411254883
1.79,1.38,0.62,0.71,0.48,0.23,1.19,0.4,0.28,19761,0.18953943252563477
1.79,1.38,0.62,0.71,0.48,0.23,1.18,0.4,0.27,19908,0.19257783889770508
1.79,1.38,0.62,0.71,0.48,0.23,1.18,0.4,0.27,19937,0.19410324096679688
1.79,1.38,0.63,0.71,0.48,0.23,1.18,0.4,0.27,19866,0.1981966495513916
1.8,1.38,0.62,0.71,0.48,0.23,1.18,0.4,0.28,19733,0.2023775577545166
1.79,1.38,0.63,0.71,0.48,0.23,1.18,0.4,0.27,19780,0.2060546875
1.79,1.38,0.62,0.71,0.48,0.23,1.18,0.4,0.27,19873,0.2060546875
1.79,1.38,0.62,0.71,0.48,0.23,1.18,0.4,0.27,20026,0.21004533767700195
1.79,1.38,0.62,0.71,0.48,0.23,1.18,0.4,0.27,19929,0.21404528617858887
1.79,1.38,0.62,0.71,0.48,0.23,1.18,0.4,0.27,20122,0.2180488109588623
1.79,1.38,0.62,0.71,0.48,0.23,1.18,0.4,0.27,20311,0.2180488109588623
1.79,1.38,0.62,0.71,0.48,0.23,1.18,0.4,0.27,20032,0.22214937210083008
1.79,1.38,0.62,0.71,0.48,0.23,1.18,0.4,0.27,19867,0.22625279426574707
1.79,1.38,0.62,0.71,0.48,0.23,1.18,0.4,0.27,20202,0.23029088973999023
1.79,1.38,0.62,0.71,0.48,0.23,1.18,0.4,0.27,20065,0.23129057884216309
1.79,1.38,0.62,0.71,0.48,0.23,1.18,0.4,0.27,19516,0.2352924346923828
1.79,1.38,0.62,0.71,0.48,0.22,1.19,0.4,0.28,19689,0.2392899990081787
1.79,1.38,0.62,0.71,0.48,0.23,1.18,0.4,0.27,19818,0.24246811866760254
1.79,1.38,0.62,0.71,0.48,0.23,1.18,0.4,0.27,19887,0.24349164962768555
1.79,1.38,0.62,0.71,0.48,0.23,1.18,0.4,0.27,20314,0.24657034873962402
1.79,1.38,0.62,0.71,0.48,0.23,1.18,0.4,0.27,20191,0.25157999992370605
1.79,1.38,0.62,0.71,0.48,0.23,1.18,0.4,0.27,19786,0.2555708885192871
1.79,1.38,0.62,0.71,0.48,0.23,1.19,0.4,0.27,19565,0.2555708885192871
1.79,1.38,0.62,0.71,0.48,0.23,1.18,0.4,0.27,19956,0.259570837020874
1.79,1.38,0.62,0.71,0.48,0.23,1.18,0.4,0.27,19951,0.26365137100219727
1.79,1.38,0.62,0.71,0.48,0.23,1.18,0.4,0.27,20100,0.2677123546600342
1.79,1.38,0.62,0.71,0.48,0.23,1.18,0.4,0.27,19839,0.2707498073577881
1.79,1.38,0.62,0.71,0.48,0.23,1.18,0.4,0.27,19736,0.27175164222717285
1.79,1.38,0.62,0.71,0.48,0.23,1.18,0.4,0.27,20119,0.27575063705444336
1.79,1.38,0.63,0.71,0.48,0.23,1.18,0.4,0.27,20300,0.27994322776794434
1.79,1.38,0.62,0.71,0.48,0.23,1.18,0.4,0.27,20089,0.2840592861175537
1.79,1.38,0.62,0.71,0.48,0.23,1.18,0.4,0.28,19906,0.2840592861175537
1.79,1.38,0.62,0.71,0.48,0.23,1.18,0.4,0.27,19787,0.28806304931640625
1.79,1.38,0.62,0.71,0.48,0.23,1.18,0.4,0.27,19870,0.292125940322876
1.79,1.38,0.62,0.71,0.48,0.23,1.18,0.4,0.27,19769,0.29608845710754395
1.79,1.38,0.62,0.71,0.48,0.23,1.18,0.4,0.27,20112,0.29608845710754395
1.79,1.38,0.62,0.71,0.48,0.23,1.18,0.4,0.27,20181,0.30015110969543457
1.79,1.38,0.62,0.71,0.48,0.23,1.18,0.4,0.28,20046,0.3041548728942871
1.79,1.38,0.62,0.71,0.48,0.23,1.18,0.4,0.27,20233,0.30817317962646484
1.79,1.38,0.63,0.71,0.48,0.23,1.18,0.41,0.28,20150,0.3091733455657959
1.79,1.38,0.62,0.71,0.48,0.23,1.18,0.4,0.27,20061,0.31217312812805176
1.79,1.38,0.62,0.71,0.48,0.23,1.18,0.4,0.27,19990,0.31717824935913086
1.79,1.38,0.63,0.71,0.48,0.23,1.18,0.4,0.27,19821,0.32100772857666016
1.79,1.38,0.62,0.71,0.48,0.23,1.18,0.4,0.27,19806,0.32100772857666016
1.79,1.38,0.62,0.71,0.48,0.23,1.18,0.4,0.27,19787,0.3250911235809326
1.79,1.38,0.62,0.71,0.48,0.23,1.18,0.4,0.27,19726,0.32920217514038086
1.79,1.38,0.62,0.71,0.48,0.23,1.18,0.4,0.28,19929,0.33334946632385254
1.79,1.38,0.62,0.71,0.48,0.23,1.18,0.4,0.28,19760,0.33731651306152344
1.79,1.38,0.62,0.71,0.48,0.23,1.18,0.4,0.27,20039,0.33809661865234375
1.79,1.38,0.62,0.71,0.48,0.23,1.18,0.4,0.27,20178,0.3414630889892578
1.79,1.38,0.62,0.71,0.48,0.23,1.18,0.4,0.27,19925,0.34577441215515137
1.79,1.38,0.62,0.71,0.48,0.23,1.18,0.4,0.27,19586,0.34984922409057617
1.79,1.38,0.62,0.71,0.48,0.23,1.18,0.4,0.28,19769,0.34984922409057617
1.79,1.38,0.62,0.71,0.48,0.23,1.18,0.4,0.28,19688,0.353924036026001
1.79,1.38,0.62,0.71,0.48,0.23,1.18,0.4,0.27,19481,0.3583719730377197
1.79,1.38,0.62,0.71,0.48,0.23,1.18,0.4,0.27,19798,0.36183667182922363
1.79,1.38,0.62,0.71,0.48,0.23,1.18,0.4,0.27,20221,0.36183667182922363
1.79,1.38,0.62,0.71,0.48,0.23,1.18,0.4,0.27,19972,0.3658580780029297
1.79,1.38,0.62,0.71,0.48,0.23,1.18,0.4,0.28,20031,0.3706014156341553
1.79,1.38,0.62,0.71,0.48,0.23,1.18,0.4,0.28,20092,0.37399888038635254
1.79,1.38,0.62,0.71,0.48,0.23,1.18,0.4,0.28,20105,0.37399888038635254
1.79,1.38,0.63,0.71,0.48,0.23,1.18,0.4,0.27,20248,0.37826108932495117
1.79,1.38,0.62,0.71,0.48,0.23,1.18,0.4,0.28,20043,0.3822195529937744
1.79,1.38,0.62,0.71,0.48,0.23,1.18,0.4,0.27,19704,0.38636326789855957
1.79,1.38,0.62,0.71,0.48,0.23,1.18,0.4,0.28,19871,0.38710451126098633
1.79,1.38,0.62,0.71,0.48,0.23,1.18,0.4,0.27,20042,0.39035654067993164
1.79,1.38,0.62,0.71,0.48,0.23,1.18,0.4,0.28,20581,0.39489126205444336
1.79,1.38,0.62,0.71,0.48,0.23,1.18,0.4,0.28,20438,0.39887166023254395
1.79,1.38,0.62,0.71,0.48,0.23,1.18,0.4,0.28,20085,0.3998839855194092
1.79,1.38,0.62,0.71,0.48,0.23,1.18,0.4,0.28,19880,0.4026038646697998
1.79,1.38,0.62,0.71,0.48,0.23,1.18,0.4,0.28,19907,0.4066448211669922
1.79,1.38,0.62,0.71,0.48,0.23,1.18,0.4,0.28,20098,0.4106631278991699
1.79,1.38,0.62,0.71,0.48,0.23,1.18,0.4,0.28,20335,0.4149901866912842
1.79,1.38,0.62,0.71,0.48,0.23,1.18,0.4,0.28,20076,0.4149901866912842
1.79,1.38,0.62,0.71,0.48,0.23,1.18,0.4,0.28,19605,0.4190077781677246
1.79,1.38,0.62,0.71,0.48,0.23,1.18,0.4,0.28,19718,0.4230077266693115
1.79,1.38,0.62,0.71,0.48,0.23,1.18,0.4,0.28,19895,0.42700719833374023
1.79,1.38,0.62,0.71,0.48,0.23,1.18,0.4,0.28,20062,0.42700719833374023
1.79,1.38,0.62,0.71,0.48,0.23,1.18,0.4,0.28,19591,0.43131089210510254
1.79,1.38,0.62,0.71,0.48,0.23,1.18,0.4,0.28,19414,0.4353303909301758
1.79,1.38,0.62,0.71,0.48,0.23,1.18,0.4,0.28,19579,0.43935561180114746
1.79,1.38,0.62,0.71,0.48,0.23,1.18,0.4,0.28,19508,0.44032859802246094
1.8,1.38,0.62,0.71,0.48,0.23,1.18,0.4,0.28,20011,0.443331241607666
1.79,1.38,0.62,0.71,0.48,0.23,1.18,0.4,0.28,20354,0.4483311176300049
1.79,1.38,0.62,0.71,0.48,0.23,1.18,0.4,0.28,20363,0.451479434967041
1.79,1.38,0.62,0.71,0.48,0.23,1.18,0.4,0.28,19932,0.45247960090637207
1.79,1.38,0.62,0.71,0.48,0.23,1.19,0.4,0.28,20235,0.4554729461669922
1.79,1.38,0.62,0.71,0.48,0.23,1.18,0.4,0.28,20156,0.46047449111938477
1.79,1.38,0.62,0.71,0.48,0.23,1.18,0.4,0.28,20253,0.46447324752807617
1.79,1.38,0.62,0.71,0.48,0.23,1.18,0.4,0.28,20398,0.46447324752807617
1.79,1.38,0.62,0.71,0.48,0.23,1.18,0.4,0.28,20051,0.46890687942504883
1.79,1.38,0.62,0.71,0.48,0.23,1.18,0.4,0.28,19826,0.47237133979797363
1.79,1.38,0.62,0.71,0.48,0.23,1.19,0.4,0.28,19889,0.47672319412231445
1.79,1.38,0.62,0.71,0.48,0.23,1.18,0.4,0.27,19910,0.47739315032958984
1.79,1.38,0.62,0.71,0.48,0.23,1.18,0.4,0.28,19701,0.481076717376709
1.8,1.38,0.63,0.71,0.48,0.23,1.19,0.4,0.28,19528,0.48480677604675293
1.79,1.38,0.62,0.71,0.48,0.23,1.18,0.4,0.28,20247,0.4894576072692871
1.79,1.38,0.62,0.71,0.48,0.23,1.18,0.4,0.28,20282,0.4927380084991455
1.79,1.38,0.62,0.71,0.48,0.23,1.18,0.4,0.27,20225,0.4934666156768799
1.79,1.38,0.62,0.71,0.48,0.23,1.18,0.4,0.28,20096,0.49719858169555664
1.79,1.38,0.62,0.71,0.48,0.23,1.18,0.4,0.28,19943,0.501234769821167
1.79,1.38,0.62,0.71,0.48,0.23,1.18,0.4,0.28,20030,0.5053157806396484
1.79,1.38,0.63,0.71,0.48,0.23,1.18,0.4,0.28,19819,0.5053157806396484
1.79,1.38,0.62,0.71,0.48,0.23,1.18,0.4,0.27,19888,0.5095205307006836
1.79,1.38,0.62,0.71,0.48,0.23,1.18,0.4,0.28,19951,0.513469934463501
1.79,1.38,0.62,0.71,0.48,0.23,1.18,0.4,0.28,19700,0.5177626609802246
1.8,1.38,0.62,0.71,0.48,0.23,1.18,0.4,0.28,19415,0.5177626609802246
1.79,1.38,0.62,0.71,0.48,0.23,1.18,0.4,0.27,19708,0.5217344760894775
1.79,1.38,0.63,0.71,0.48,0.23,1.18,0.4,0.28,20335,0.525813102722168
1.79,1.38,0.62,0.71,0.48,0.23,1.18,0.4,0.28,20162,0.5299334526062012
1.79,1.38,0.62,0.71,0.48,0.23,1.18,0.4,0.28,19967,0.5307407379150391
1.79,1.38,0.63,0.71,0.48,0.22,1.18,0.4,0.28,20098,0.5339088439941406
1.79,1.38,0.62,0.71,0.48,0.23,1.18,0.4,0.27,20069,0.5381579399108887
1.79,1.38,0.62,0.71,0.48,0.23,1.18,0.4,0.28,19972,0.5423860549926758
1.79,1.38,0.62,0.71,0.48,0.23,1.18,0.4,0.28,20149,0.543428897857666
1.79,1.38,0.62,0.71,0.48,0.23,1.18,0.4,0.27,20238,0.5464267730712891
1.79,1.38,0.62,0.71,0.48,0.23,1.18,0.4,0.28,19833,0.5503420829772949
1.79,1.38,0.63,0.71,0.48,0.23,1.18,0.4,0.28,19616,0.5545542240142822
1.79,1.38,0.62,0.71,0.48,0.23,1.18,0.4,0.28,19885,0.5553305149078369
1.79,1.38,0.62,0.71,0.48,0.23,1.18,0.4,0.28,20062,0.5584850311279297
1.79,1.38,0.62,0.71,0.48,0.23,1.18,0.4,0.28,20225,0.5626020431518555
1.79,1.39,0.63,0.71,0.48,0.23,1.18,0.4,0.28,20432,0.5668821334838867
1.79,1.38,0.63,0.71,0.48,0.23,1.18,0.4,0.28,20285,0.5677719116210938
1.79,1.38,0.63,0.71,0.48,0.23,1.18,0.4,0.28,19996,0.5707776546478271
1.8,1.38,0.62,0.71,0.48,0.23,1.18,0.4,0.28,19567,0.5750675201416016
1.79,1.38,0.62,0.71,0.48,0.23,1.18,0.4,0.28,19776,0.578589916229248
1.79,1.38,0.62,0.71,0.48,0.23,1.18,0.4,0.27,19893,0.5832674503326416
1.79,1.38,0.63,0.71,0.48,0.23,1.18,0.4,0.28,19740,0.5832674503326416
1.79,1.38,0.62,0.71,0.48,0.23,1.18,0.4,0.28,19911,0.5867090225219727
1.79,1.38,0.63,0.71,0.48,0.23,1.18,0.4,0.28,20122,0.5917706489562988
1.79,1.38,0.62,0.71,0.48,0.23,1.18,0.4,0.27,20171,0.5955586433410645
1.79,1.38,0.63,0.71,0.48,0.23,1.18,0.4,0.28,19792,0.5955586433410645
1.79,1.38,0.63,0.71,0.48,0.23,1.18,0.4,0.28,19881,0.5994791984558105
1.79,1.38,0.63,0.71,0.48,0.23,1.18,0.4,0.28,20188,0.6040358543395996
1.79,1.38,0.63,0.71,0.48,0.23,1.18,0.4,0.28,19885,0.6074240207672119
1.79,1.38,0.62,0.71,0.48,0.23,1.18,0.4,0.28,20086,0.608468770980835
1.79,1.38,0.62,0.71,0.48,0.23,1.18,0.4,0.28,19593,0.6114621162414551
1.79,1.38,0.63,0.71,0.48,0.23,1.18,0.4,0.27,19436,0.6158163547515869
1.79,1.38,0.63,0.71,0.48,0.23,1.18,0.4,0.28,19867,0.6200268268585205
1.79,1.38,0.63,0.71,0.48,0.23,1.18,0.4,0.28,19906,0.6210689544677734
1.79,1.39,0.63,0.71,0.48,0.22,1.18,0.4,0.28,19915,0.6240935325622559
1.79,1.38,0.63,0.71,0.48,0.23,1.18,0.4,0.28,20008,0.6282539367675781
1.79,1.38,0.63,0.71,0.48,0.23,1.19,0.4,0.28,20049,0.632237434387207
1.79,1.38,0.63,0.71,0.48,0.23,1.18,0.4,0.28,19864,0.632237434387207
1.79,1.38,0.63,0.71,0.48,0.23,1.18,0.4,0.28,19473,0.6363286972045898
1.79,1.38,0.63,0.71,0.48,0.23,1.18,0.4,0.27,19586,0.6404931545257568
1.79,1.38,0.63,0.71,0.48,0.22,1.18,0.4,0.27,19829,0.6445512771606445
1.79,1.38,0.62,0.71,0.48,0.23,1.18,0.4,0.28,19858,0.6452929973602295
1.79,1.38,0.63,0.71,0.48,0.23,1.18,0.4,0.28,20001,0.6485795974731445
1.79,1.38,0.63,0.71,0.48,0.23,1.18,0.4,0.28,19812,0.652961015701294
1.79,1.38,0.62,0.71,0.48,0.23,1.18,0.4,0.28,20007,0.656975269317627
1.79,1.38,0.63,0.71,0.48,0.23,1.18,0.4,0.28,19740,0.6606259346008301
1.79,1.38,0.62,0.71,0.48,0.23,1.18,0.4,0.28,20009,0.661353588104248
1.79,1.38,0.63,0.71,0.48,0.23,1.18,0.4,0.27,20134,0.6647384166717529
1.79,1.38,0.63,0.71,0.48,0.23,1.18,0.4,0.28,20285,0.6691834926605225
1.79,1.38,0.62,0.71,0.48,0.23,1.18,0.4,0.28,19792,0.6734251976013184
1.79,1.38,0.62,0.71,0.48,0.23,1.18,0.4,0.28,19833,0.6744012832641602
1.79,1.38,0.62,0.71,0.48,0.23,1.18,0.4,0.28,19892,0.6772511005401611
1.79,1.38,0.62,0.71,0.48,0.23,1.18,0.4,0.28,20125,0.681161642074585
1.79,1.38,0.62,0.71,0.48,0.24,1.18,0.4,0.28,20120,0.685185432434082
1.79,1.38,0.63,0.71,0.48,0.23,1.18,0.4,0.28,20031,0.685185432434082
1.79,1.38,0.63,0.71,0.48,0.23,1.18,0.4,0.28,19904,0.6891827583312988
1.79,1.38,0.63,0.71,0.49,0.23,1.18,0.4,0.27,19947,0.6931829452514648
1.79,1.38,0.63,0.71,0.48,0.23,1.18,0.4,0.28,19980,0.6976933479309082
1.79,1.38,0.63,0.71,0.48,0.23,1.18,0.4,0.28,19671,0.6976933479309082
1.79,1.38,0.63,0.71,0.48,0.23,1.18,0.4,0.28,19204,0.7017946243286133
1.79,1.38,0.63,0.71,0.48,0.23,1.18,0.4,0.27,19377,0.7059140205383301
1.79,1.38,0.63,0.71,0.48,0.23,1.18,0.4,0.28,19460,0.7098832130432129
1.79,1.38,0.63,0.71,0.48,0.23,1.18,0.4,0.28,19517,0.710798978805542
1.79,1.38,0.63,0.71,0.48,0.23,1.18,0.4,0.28,19910,0.7138831615447998
1.79,1.38,0.63,0.71,0.48,0.23,1.18,0.4,0.28,20109,0.7189075946807861
1.79,1.38,0.63,0.71,0.48,0.23,1.18,0.4,0.28,19806,0.7223727703094482
1.79,1.39,0.63,0.71,0.48,0.23,1.18,0.4,0.28,19759,0.72641921043396
1.79,1.38,0.63,0.71,0.48,0.23,1.18,0.4,0.28,19656,0.72641921043396
1.79,1.38,0.63,0.71,0.48,0.23,1.19,0.4,0.28,19749,0.7299988269805908
1.79,1.39,0.63,0.71,0.48,0.23,1.18,0.4,0.27,19714,0.7346429824829102
1.79,1.39,0.63,0.71,0.48,0.23,1.18,0.4,0.28,19375,0.738624095916748
1.79,1.38,0.62,0.71,0.48,0.23,1.18,0.4,0.28,19358,0.739372968673706
1.79,1.38,0.63,0.71,0.48,0.23,1.19,0.4,0.27,20031,0.7426438331604004
1.79,1.38,0.63,0.71,0.48,0.22,1.18,0.4,0.28,19716,0.7473719120025635
1.79,1.38,0.63,0.71,0.48,0.23,1.18,0.4,0.28,19617,0.7509250640869141
1.79,1.38,0.62,0.71,0.48,0.23,1.18,0.4,0.27,19642,0.7509250640869141
1.79,1.38,0.62,0.71,0.48,0.23,1.18,0.4,0.28,19383,0.7551450729370117
1.79,1.38,0.62,0.71,0.48,0.23,1.18,0.4,0.28,19550,0.7592582702636719
1.79,1.38,0.63,0.71,0.48,0.23,1.18,0.4,0.28,20169,0.7634930610656738
1.79,1.38,0.63,0.71,0.48,0.23,1.18,0.4,0.28,19898,0.7645366191864014
1.79,1.38,0.62,0.71,0.48,0.23,1.18,0.4,0.28,19775,0.7667839527130127
1.79,1.39,0.62,0.71,0.48,0.23,1.18,0.4,0.28,19830,0.7718818187713623
1.79,1.39,0.62,0.71,0.48,0.23,1.18,0.4,0.28,20163,0.7759299278259277
1.79,1.38,0.62,0.71,0.48,0.23,1.18,0.4,0.28,20130,0.7768776416778564
1.79,1.39,0.62,0.71,0.48,0.23,1.18,0.4,0.28,20105,0.7799010276794434
1.79,1.38,0.62,0.71,0.48,0.23,1.18,0.4,0.28,19978,0.7839541435241699
1.79,1.38,0.63,0.71,0.48,0.23,1.18,0.4,0.28,19907,0.7882208824157715
1.79,1.38,0.63,0.71,0.48,0.23,1.18,0.4,0.28,19978,0.792015790939331
1.79,1.38,0.62,0.71,0.48,0.23,1.18,0.4,0.27,19991,0.792015790939331
1.79,1.39,0.62,0.71,0.48,0.23,1.18,0.4,0.28,19828,0.7959065437316895
1.79,1.39,0.62,0.71,0.48,0.23,1.18,0.4,0.28,20097,0.8006021976470947
1.79,1.39,0.62,0.71,0.48,0.23,1.18,0.4,0.28,19802,0.8038556575775146
1.79,1.38,0.62,0.71,0.48,0.23,1.18,0.4,0.28,19705,0.8046026229858398
1.79,1.38,0.62,0.71,0.48,0.23,1.18,0.4,0.28,19714,0.8083343505859375
1.79,1.38,0.63,0.71,0.48,0.23,1.18,0.4,0.28,19297,0.8123648166656494
1.79,1.38,0.62,0.71,0.48,0.23,1.18,0.4,0.28,19560,0.8163628578186035
1.79,1.38,0.62,0.71,0.48,0.23,1.18,0.4,0.28,19897,0.8163628578186035
1.8,1.38,0.62,0.71,0.48,0.23,1.18,0.4,0.28,19448,0.8203520774841309
1.79,1.38,0.62,0.71,0.48,0.23,1.18,0.4,0.27,19253,0.8245100975036621
1.79,1.38,0.62,0.71,0.48,0.22,1.18,0.4,0.28,19176,0.8285098075866699
1.79,1.38,0.62,0.71,0.48,0.23,1.18,0.4,0.28,19631,0.8294975757598877
1.79,1.38,0.62,0.71,0.48,0.23,1.18,0.4,0.27,19526,0.8324909210205078
1.79,1.39,0.62,0.71,0.48,0.23,1.18,0.4,0.27,19821,0.8364896774291992
1.79,1.38,0.62,0.71,0.48,0.23,1.18,0.4,0.28,20118,0.8406751155853271
1.79,1.38,0.63,0.71,0.48,0.23,1.18,0.4,0.28,19925,0.8416767120361328
1.79,1.38,0.62,0.71,0.48,0.23,1.18,0.4,0.28,19742,0.8446762561798096
1.79,1.38,0.63,0.71,0.48,0.23,1.18,0.4,0.28,19755,0.8486762046813965
1.8,1.38,0.62,0.71,0.48,0.22,1.18,0.4,0.28,19576,0.8536760807037354
1.79,1.38,0.63,0.71,0.48,0.23,1.18,0.4,0.28,19605,0.8536760807037354
1.79,1.38,0.63,0.71,0.48,0.23,1.18,0.4,0.27,19602,0.8576767444610596
1.79,1.38,0.63,0.71,0.48,0.23,1.18,0.4,0.28,19961,0.861497163772583
1.79,1.38,0.63,0.71,0.48,0.23,1.19,0.4,0.27,20000,0.8655750751495361
1.8,1.38,0.63,0.71,0.48,0.23,1.18,0.4,0.28,19665,0.8695728778839111
1.79,1.38,0.63,0.71,0.48,0.23,1.19,0.4,0.28,19790,0.8695728778839111
1.79,1.38,0.63,0.71,0.48,0.23,1.18,0.4,0.28,19797,0.873572826385498
1.79,1.39,0.63,0.71,0.48,0.23,1.18,0.4,0.28,19664,0.8775730133056641
1.79,1.38,0.63,0.71,0.48,0.23,1.18,0.4,0.28,19829,0.8818888664245605
1.79,1.38,0.63,0.71,0.48,0.23,1.18,0.4,0.28,19898,0.8818888664245605
1.79,1.38,0.63,0.71,0.48,0.23,1.18,0.4,0.27,19613,0.8857786655426025
1.79,1.38,0.63,0.71,0.48,0.23,1.18,0.4,0.28,19748,0.8899025917053223
1.8,1.39,0.63,0.71,0.48,0.22,1.18,0.4,0.28,19683,0.8939023017883301
1.79,1.38,0.62,0.71,0.48,0.23,1.18,0.4,0.28,19836,0.8939023017883301
1.79,1.38,0.62,0.71,0.48,0.23,1.18,0.4,0.28,19917,0.8985774517059326
1.8,1.39,0.63,0.71,0.48,0.23,1.18,0.4,0.27,19718,0.9026663303375244
1.8,1.38,0.62,0.71,0.48,0.23,1.18,0.4,0.28,19917,0.9060120582580566
1.79,1.38,0.62,0.71,0.48,0.23,1.18,0.4,0.28,20004,0.9070696830749512
1.79,1.38,0.63,0.71,0.48,0.23,1.18,0.4,0.28,20017,0.9110705852508545
1.79,1.38,0.63,0.71,0.48,0.23,1.18,0.4,0.28,19660,0.9153437614440918
1.8,1.39,0.63,0.71,0.48,0.23,1.18,0.4,0.28,19691,0.9190328121185303
1.8,1.39,0.63,0.71,0.48,0.23,1.18,0.4,0.28,19574,0.9197714328765869
1.79,1.39,0.63,0.71,0.48,0.23,1.18,0.4,0.28,19321,0.9230170249938965
1.79,1.38,0.63,0.71,0.48,0.23,1.18,0.4,0.28,19906,0.9270102977752686
1.79,1.38,0.63,0.71,0.48,0.23,1.18,0.4,0.28,19979,0.9316391944885254
1.79,1.38,0.63,0.71,0.48,0.23,1.18,0.4,0.28,19814,0.9349839687347412
1.79,1.38,0.62,0.71,0.48,0.23,1.18,0.4,0.28,19665,0.9349839687347412
1.8,1.38,0.63,0.71,0.48,0.23,1.18,0.4,0.28,19390,0.9392590522766113
1.8,1.39,0.62,0.71,0.48,0.23,1.18,0.4,0.28,19367,0.9440205097198486
1.8,1.38,0.63,0.71,0.48,0.23,1.18,0.4,0.28,19404,0.9472684860229492
1.79,1.39,0.62,0.71,0.48,0.23,1.18,0.4,0.27,19957,0.9480204582214355
1.79,1.39,0.62,0.71,0.48,0.23,1.18,0.4,0.28,19888,0.9513223171234131
1.8,1.38,0.62,0.71,0.48,0.23,1.18,0.4,0.28,19793,0.9559688568115234
1.79,1.38,0.62,0.71,0.48,0.23,1.18,0.4,0.27,20144,0.9599590301513672
1.79,1.38,0.62,0.71,0.48,0.23,1.18,0.4,0.28,19869,0.9599590301513672
1.8,1.38,0.62,0.71,0.48,0.23,1.18,0.4,0.28,19744,0.9639739990234375
1.79,1.38,0.62,0.71,0.48,0.23,1.18,0.4,0.28,20161,0.9682316780090332
1.79,1.38,0.62,0.71,0.48,0.23,1.18,0.4,0.27,20362,0.9726395606994629
1.79,1.38,0.62,0.71,0.48,0.23,1.18,0.4,0.28,19669,0.9726395606994629
1.79,1.38,0.63,0.71,0.48,0.23,1.18,0.4,0.28,19396,0.9766261577606201
1.79,1.38,0.63,0.71,0.48,0.23,1.18,0.4,0.28,19719,0.9806389808654785
1.79,1.38,0.63,0.71,0.48,0.23,1.18,0.4,0.28,19954,0.9846720695495605
1.79,1.38,0.63,0.71,0.48,0.23,1.18,0.4,0.27,19775,0.9846720695495605
1.79,1.39,0.63,0.71,0.48,0.23,1.19,0.4,0.28,19382,0.9886672496795654
1.79,1.38,0.62,0.71,0.48,0.23,1.18,0.4,0.28,19879,0.9924840927124023
1.79,1.38,0.62,0.71,0.48,0.23,1.18,0.4,0.28,20126,0.9969797134399414
1.79,1.38,0.63,0.71,0.48,0.23,1.18,0.4,0.28,19733,1.0008788108825684
1.79,1.38,0.63,0.71,0.48,0.23,1.18,0.4,0.28,19410,1.0008788108825684
1.79,1.38,0.63,0.71,0.48,0.23,1.18,0.4,0.28,19489,1.0049538612365723
1.79,1.38,0.62,0.71,0.48,0.23,1.18,0.4,0.28,19968,1.008744239807129
1.79,1.38,0.63,0.71,0.49,0.23,1.18,0.4,0.28,20183,1.013052225112915
1.79,1.38,0.62,0.71,0.48,0.23,1.18,0.4,0.28,20026,1.0137715339660645
1.79,1.38,0.62,0.71,0.48,0.23,1.18,0.4,0.28,20065,1.0170445442199707
1.79,1.39,0.62,0.71,0.48,0.23,1.18,0.4,0.28,19862,1.021780014038086
1.79,1.38,0.62,0.71,0.48,0.23,1.18,0.4,0.28,19699,1.024794340133667
1.79,1.38,0.63,0.71,0.48,0.23,1.18,0.4,0.28,19800,1.0257742404937744
1.79,1.38,0.62,0.71,0.48,0.23,1.18,0.4,0.28,20105,1.0289199352264404
1.79,1.38,0.62,0.71,0.48,0.23,1.19,0.4,0.28,20048,1.0338213443756104
1.79,1.38,0.63,0.71,0.48,0.23,1.18,0.4,0.28,19581,1.0375525951385498
1.79,1.38,0.62,0.71,0.48,0.23,1.18,0.4,0.28,20056,1.0375525951385498
1.79,1.38,0.62,0.71,0.48,0.23,1.18,0.4,0.28,20153,1.0418155193328857
1.79,1.38,0.62,0.71,0.48,0.23,1.18,0.4,0.28,19588,1.046828269958496
1.79,1.38,0.62,0.71,0.48,0.23,1.18,0.4,0.27,19653,1.0501675605773926
1.79,1.38,0.62,0.71,0.48,0.23,1.18,0.4,0.28,19700,1.0510404109954834
1.79,1.38,0.62,0.71,0.48,0.23,1.18,0.4,0.28,20065,1.054154634475708
1.79,1.38,0.62,0.71,0.48,0.23,1.18,0.4,0.28,20392,1.0582919120788574
1.79,1.38,0.62,0.71,0.48,0.23,1.18,0.4,0.28,19789,1.062302589416504
1.79,1.38,0.63,0.71,0.48,0.23,1.18,0.4,0.28,19562,1.0630414485931396
1.79,1.38,0.63,0.71,0.48,0.23,1.18,0.4,0.28,19741,1.0669159889221191
1.79,1.38,0.62,0.71,0.48,0.23,1.18,0.4,0.28,19762,1.0702776908874512
1.79,1.38,0.63,0.71,0.48,0.22,1.18,0.4,0.28,19419,1.074422836303711
1.8,1.38,0.62,0.71,0.48,0.23,1.18,0.4,0.28,19460,1.0783295631408691
1.79,1.38,0.63,0.71,0.48,0.23,1.18,0.4,0.28,19595,1.0790855884552002
1.79,1.38,0.63,0.71,0.48,0.23,1.18,0.4,0.28,19800,1.0826621055603027
1.79,1.38,0.63,0.71,0.48,0.23,1.18,0.4,0.28,20129,1.0873572826385498
1.79,1.38,0.62,0.71,0.48,0.23,1.19,0.4,0.28,19860,1.090625524520874
1.79,1.38,0.62,0.71,0.48,0.23,1.18,0.4,0.28,19653,1.0913572311401367
1.79,1.38,0.62,0.71,0.48,0.23,1.18,0.4,0.28,19524,1.0948987007141113
1.79,1.38,0.63,0.71,0.48,0.22,1.18,0.4,0.28,19395,1.0996899604797363
1.79,1.38,0.63,0.71,0.48,0.23,1.18,0.4,0.28,19880,1.102950096130371
1.79,1.38,0.63,0.71,0.48,0.23,1.18,0.4,0.28,20291,1.1036674976348877
1.79,1.38,0.63,0.71,0.48,0.23,1.18,0.4,0.28,19908,1.1076736450195312
1.79,1.38,0.63,0.71,0.48,0.23,1.18,0.4,0.28,19803,1.1117017269134521
1.79,1.38,0.63,0.71,0.48,0.23,1.18,0.4,0.28,20072,1.1155204772949219
1.79,1.38,0.62,0.71,0.48,0.23,1.18,0.4,0.28,19675,1.1155204772949219
1.79,1.38,0.63,0.71,0.48,0.23,1.18,0.4,0.28,19568,1.1193299293518066
1.79,1.38,0.63,0.71,0.48,0.23,1.18,0.4,0.28,19973,1.1236231327056885
1.79,1.38,0.63,0.71,0.48,0.23,1.18,0.4,0.28,19842,1.1279993057250977
1.79,1.38,0.63,0.71,0.48,0.23,1.18,0.4,0.28,20175,1.1289758682250977
1.79,1.38,0.63,0.71,0.48,0.23,1.19,0.4,0.28,20600,1.1317620277404785
1.79,1.38,0.63,0.71,0.48,0.23,1.18,0.4,0.28,20111,1.1359081268310547
1.79,1.38,0.63,0.71,0.48,0.23,1.18,0.4,0.28,19770,1.1402218341827393
1.79,1.38,0.63,0.71,0.48,0.23,1.18,0.4,0.28,20265,1.1442363262176514
1.79,1.38,0.63,0.71,0.48,0.23,1.18,0.4,0.28,20552,1.1449482440948486
1.79,1.38,0.63,0.71,0.48,0.23,1.18,0.4,0.28,20177,1.1489481925964355
1.79,1.38,0.63,0.71,0.48,0.23,1.18,0.4,0.28,20086,1.1522188186645508
1.79,1.38,0.63,0.71,0.48,0.23,1.18,0.4,0.28,19977,1.1565258502960205
1.79,1.38,0.63,0.71,0.48,0.23,1.18,0.4,0.28,19974,1.1565258502960205
1.8,1.38,0.63,0.71,0.48,0.23,1.18,0.4,0.28,19819,1.160998821258545
1.79,1.38,0.62,0.71,0.48,0.23,1.18,0.4,0.28,19730,1.1650140285491943
1.79,1.38,0.63,0.71,0.48,0.23,1.18,0.4,0.28,19775,1.1689980030059814
1.79,1.38,0.63,0.71,0.48,0.23,1.18,0.4,0.28,19772,1.1689980030059814
1.79,1.38,0.63,0.71,0.48,0.23,1.18,0.4,0.28,19597,1.1729979515075684
1.79,1.38,0.63,0.71,0.48,0.23,1.18,0.4,0.28,20122,1.1771652698516846
1.8,1.38,0.63,0.71,0.48,0.23,1.18,0.4,0.28,20259,1.1811563968658447
1.79,1.38,0.62,0.71,0.48,0.23,1.18,0.4,0.27,19752,1.1821918487548828
1.79,1.38,0.63,0.71,0.48,0.22,1.18,0.4,0.27,19569,1.1852643489837646
1.79,1.38,0.63,0.71,0.48,0.23,1.18,0.4,0.28,20062,1.1887695789337158
1.79,1.38,0.62,0.71,0.48,0.23,1.18,0.4,0.27,19913,1.1935288906097412
1.8,1.38,0.63,0.71,0.48,0.23,1.18,0.4,0.28,19908,1.1935288906097412
1.79,1.38,0.63,0.71,0.48,0.23,1.18,0.4,0.28,20159,1.197396993637085
1.79,1.38,0.63,0.71,0.48,0.23,1.18,0.4,0.27,20150,1.201655626296997
1.79,1.38,0.63,0.71,0.48,0.23,1.18,0.4,0.28,19457,1.205756664276123
1.79,1.38,0.63,0.71,0.48,0.23,1.18,0.4,0.28,19428,1.2094228267669678
1.79,1.38,0.62,0.71,0.48,0.22,1.18,0.4,0.27,19555,1.2101640701293945
1.79,1.38,0.63,0.71,0.48,0.23,1.18,0.4,0.28,19920,1.2141635417938232
1.79,1.38,0.63,0.71,0.48,0.23,1.19,0.4,0.28,19931,1.2181897163391113
1.79,1.38,0.62,0.71,0.48,0.23,1.18,0.4,0.27,19822,1.2221894264221191
1.79,1.38,0.63,0.71,0.48,0.23,1.19,0.4,0.28,19915,1.2221894264221191
1.79,1.38,0.63,0.71,0.48,0.23,1.18,0.4,0.27,19958,1.2264554500579834
1.79,1.38,0.62,0.71,0.48,0.23,1.18,0.4,0.28,20087,1.230757474899292
1.79,1.38,0.62,0.71,0.48,0.23,1.18,0.4,0.28,19776,1.2337586879730225
1.79,1.38,0.62,0.71,0.48,0.23,1.19,0.4,0.27,19805,1.234743356704712
1.79,1.38,0.63,0.71,0.48,0.23,1.19,0.41,0.28,19884,1.2377429008483887
1.79,1.38,0.63,0.71,0.48,0.23,1.18,0.4,0.28,20067,1.2421514987945557
1.79,1.38,0.63,0.71,0.48,0.23,1.18,0.4,0.28,20352,1.2464327812194824
1.79,1.38,0.63,0.71,0.48,0.23,1.19,0.41,0.28,20307,1.2472057342529297
1.79,1.38,0.63,0.71,0.48,0.23,1.18,0.4,0.28,20152,1.2504205703735352
1.79,1.38,0.63,0.71,0.48,0.23,1.19,0.4,0.28,20023,1.2544448375701904
1.79,1.38,0.63,0.71,0.48,0.23,1.18,0.4,0.28,20062,1.2584373950958252
1.79,1.38,0.63,0.71,0.48,0.23,1.18,0.4,0.28,19879,1.2594382762908936
1.79,1.38,0.63,0.71,0.48,0.23,1.18,0.4,0.27,20132,1.262437105178833
1.79,1.38,0.63,0.71,0.48,0.23,1.18,0.4,0.28,19859,1.2669522762298584
1.79,1.38,0.63,0.71,0.48,0.23,1.18,0.4,0.28,19756,1.270461082458496
1.79,1.38,0.63,0.71,0.48,0.23,1.18,0.4,0.28,19825,1.2714955806732178
1.79,1.38,0.63,0.71,0.48,0.23,1.18,0.4,0.28,20050,1.27557373046875
1.79,1.38,0.63,0.71,0.48,0.23,1.18,0.4,0.28,19511,1.2795684337615967
1.79,1.38,0.63,0.71,0.48,0.23,1.18,0.4,0.28,19576,1.2836802005767822
1.79,1.38,0.63,0.71,0.48,0.22,1.19,0.4,0.28,20021,1.2878108024597168
1.79,1.38,0.63,0.71,0.48,0.23,1.18,0.4,0.28,20124,1.2878108024597168
1.79,1.38,0.63,0.71,0.48,0.23,1.18,0.4,0.28,19911,1.2918436527252197
1.79,1.38,0.63,0.71,0.48,0.23,1.18,0.4,0.28,19748,1.2963449954986572
1.79,1.38,0.62,0.71,0.48,0.23,1.18,0.4,0.27,19639,1.2999091148376465
1.79,1.38,0.63,0.71,0.48,0.23,1.18,0.4,0.28,19716,1.2999091148376465
1.79,1.38,0.62,0.71,0.48,0.23,1.19,0.4,0.28,19859,1.303394079208374
1.79,1.38,0.63,0.71,0.48,0.23,1.19,0.4,0.28,20096,1.3084261417388916
1.79,1.39,0.63,0.71,0.48,0.23,1.19,0.4,0.28,19895,1.3124232292175293
1.79,1.38,0.63,0.71,0.48,0.23,1.18,0.4,0.28,19710,1.3124232292175293
1.79,1.38,0.63,0.71,0.48,0.23,1.19,0.4,0.28,19661,1.316422462463379
1.79,1.38,0.63,0.71,0.48,0.23,1.18,0.4,0.28,20042,1.3203961849212646
1.79,1.38,0.63,0.71,0.48,0.23,1.19,0.4,0.28,20005,1.3237478733062744
1.79,1.38,0.63,0.71,0.48,0.23,1.18,0.4,0.27,19740,1.3247978687286377
1.79,1.38,0.63,0.71,0.48,0.23,1.19,0.4,0.28,19963,1.3281183242797852
1.79,1.38,0.63,0.71,0.48,0.23,1.19,0.4,0.27,19820,1.3321173191070557
1.79,1.38,0.63,0.71,0.48,0.23,1.19,0.4,0.28,19727,1.3360962867736816
1.79,1.38,0.63,0.71,0.48,0.23,1.18,0.4,0.28,19942,1.3370964527130127
1.79,1.38,0.63,0.71,0.48,0.22,1.18,0.4,0.28,19651,1.3410961627960205
1.79,1.38,0.63,0.71,0.48,0.23,1.19,0.4,0.27,19654,1.3451206684112549
1.79,1.38,0.63,0.71,0.48,0.23,1.19,0.41,0.27,19903,1.3492612838745117
1.79,1.38,0.63,0.71,0.48,0.23,1.19,0.4,0.27,19960,1.3531885147094727
1.79,1.38,0.62,0.71,0.48,0.23,1.18,0.4,0.27,19779,1.3531885147094727
1.79,1.38,0.62,0.71,0.48,0.23,1.19,0.4,0.27,19572,1.3576462268829346
1.79,1.38,0.63,0.71,0.48,0.22,1.19,0.4,0.28,19869,1.3616461753845215
1.79,1.38,0.63,0.71,0.48,0.23,1.19,0.4,0.27,19984,1.364957332611084
1.79,1.38,0.63,0.71,0.48,0.22,1.19,0.4,0.28,19991,1.3656527996063232
1.79,1.38,0.63,0.71,0.48,0.23,1.19,0.4,0.27,19808,1.3696460723876953
1.79,1.38,0.63,0.71,0.48,0.22,1.18,0.4,0.27,19855,1.3737530708312988
1.79,1.38,0.63,0.71,0.48,0.23,1.18,0.4,0.28,20074,1.3773174285888672
1.79,1.38,0.62,0.71,0.48,0.23,1.18,0.4,0.28,19967,1.378356695175171
1.79,1.38,0.63,0.71,0.48,0.23,1.19,0.4,0.28,19646,1.3823487758636475
1.79,1.38,0.63,0.71,0.48,0.23,1.18,0.4,0.28,19611,1.3860278129577637
1.79,1.38,0.63,0.71,0.48,0.23,1.19,0.4,0.28,19454,1.3903717994689941
1.79,1.38,0.63,0.71,0.48,0.23,1.18,0.4,0.28,19559,1.3903717994689941
1.79,1.38,0.63,0.71,0.48,0.23,1.18,0.4,0.28,19684,1.394359827041626
1.79,1.38,0.63,0.71,0.48,0.23,1.18,0.4,0.27,19765,1.3987417221069336
1.79,1.38,0.63,0.71,0.48,0.23,1.19,0.4,0.28,19948,1.4020144939422607
1.79,1.38,0.63,0.71,0.48,0.23,1.19,0.4,0.27,19901,1.4027481079101562
1.79,1.38,0.63,0.71,0.48,0.23,1.18,0.4,0.28,19960,1.4063520431518555
1.79,1.38,0.62,0.71,0.48,0.23,1.18,0.4,0.28,20049,1.4109549522399902
1.79,1.38,0.63,0.71,0.48,0.23,1.18,0.4,0.28,19832,1.414719581604004
1.79,1.38,0.63,0.71,0.48,0.23,1.18,0.4,0.28,19893,1.4156932830810547
1.79,1.39,0.63,0.71,0.48,0.23,1.18,0.4,0.28,19748,1.4186465740203857
1.79,1.38,0.63,0.71,0.48,0.23,1.18,0.4,0.28,19921,1.422860860824585
1.79,1.38,0.62,0.71,0.48,0.22,1.18,0.4,0.28,20390,1.4269688129425049
1.79,1.38,0.63,0.71,0.48,0.23,1.18,0.4,0.27,20275,1.4309475421905518
1.79,1.38,0.63,0.71,0.48,0.23,1.18,0.4,0.27,20200,1.4309475421905518
1.79,1.38,0.63,0.71,0.48,0.22,1.18,0.4,0.28,19787,1.4350619316101074
1.79,1.38,0.62,0.71,0.48,0.23,1.18,0.4,0.27,19658,1.4388155937194824
1.79,1.38,0.62,0.71,0.48,0.23,1.18,0.4,0.27,19655,1.443373441696167
1.79,1.38,0.62,0.71,0.48,0.23,1.18,0.39,0.28,19354,1.443373441696167
1.79,1.38,0.63,0.71,0.48,0.23,1.18,0.4,0.28,19763,1.4473686218261719
1.79,1.38,0.62,0.71,0.48,0.22,1.18,0.4,0.27,19954,1.4523963928222656
1.79,1.38,0.62,0.71,0.48,0.23,1.18,0.4,0.28,19797,1.4550697803497314
1.79,1.38,0.62,0.71,0.48,0.22,1.18,0.4,0.28,19586,1.4561057090759277
1.79,1.38,0.62,0.71,0.48,0.23,1.18,0.4,0.28,19709,1.4593603610992432
1.79,1.38,0.63,0.71,0.48,0.23,1.18,0.4,0.27,19650,1.464104175567627
1.79,1.38,0.63,0.71,0.48,0.23,1.19,0.4,0.27,19371,1.4681129455566406
1.79,1.38,0.63,0.71,0.48,0.23,1.18,0.4,0.28,19916,1.4681129455566406
1.79,1.38,0.63,0.71,0.48,0.23,1.18,0.4,0.28,20169,1.4721043109893799
1.79,1.38,0.63,0.71,0.48,0.23,1.18,0.4,0.28,19870,1.4761698246002197
1.79,1.38,0.63,0.71,0.48,0.23,1.18,0.4,0.28,20177,1.479633092880249
1.79,1.38,0.63,0.71,0.48,0.22,1.18,0.4,0.28,20144,1.480682134628296
1.79,1.38,0.63,0.71,0.48,0.22,1.18,0.4,0.28,19833,1.4841759204864502
1.79,1.38,0.63,0.71,0.48,0.23,1.18,0.4,0.28,19502,1.4883842468261719
1.79,1.38,0.63,0.71,0.48,0.23,1.18,0.4,0.28,19441,1.492614984512329
1.79,1.38,0.63,0.71,0.47,0.23,1.18,0.4,0.28,19736,1.4959180355072021
1.79,1.38,0.63,0.71,0.48,0.23,1.18,0.4,0.28,20189,1.496657133102417
1.79,1.38,0.63,0.71,0.48,0.23,1.18,0.4,0.28,20118,1.5009770393371582
1.79,1.38,0.62,0.71,0.48,0.23,1.18,0.4,0.27,20225,1.504976749420166
1.79,1.38,0.63,0.71,0.48,0.23,1.18,0.4,0.28,19744,1.5088896751403809
1.79,1.38,0.63,0.71,0.48,0.23,1.18,0.4,0.27,19599,1.5088896751403809
1.79,1.38,0.63,0.71,0.48,0.23,1.18,0.4,0.28,20016,1.5126068592071533
1.79,1.38,0.63,0.71,0.48,0.23,1.18,0.4,0.28,20061,1.5176315307617188
1.8,1.39,0.62,0.71,0.48,0.23,1.18,0.4,0.28,19922,1.5212478637695312
1.79,1.38,0.63,0.71,0.48,0.23,1.18,0.4,0.28,19921,1.5212478637695312
1.79,1.38,0.63,0.71,0.48,0.23,1.18,0.4,0.28,19844,1.5249300003051758
1.79,1.38,0.63,0.71,0.48,0.23,1.18,0.4,0.28,20219,1.529656171798706
1.79,1.38,0.62,0.71,0.48,0.23,1.18,0.4,0.28,20258,1.5336766242980957
1.79,1.39,0.63,0.71,0.48,0.23,1.18,0.4,0.28,20149,1.5336766242980957
1.79,1.38,0.63,0.71,0.48,0.23,1.18,0.4,0.28,19932,1.5376701354980469
1.79,1.38,0.63,0.71,0.48,0.23,1.18,0.4,0.28,19709,1.5416967868804932
1.79,1.38,0.63,0.71,0.48,0.23,1.18,0.4,0.28,19618,1.5457921028137207
1.79,1.38,0.63,0.71,0.48,0.23,1.18,0.4,0.28,19813,1.5466561317443848
1.79,1.38,0.63,0.71,0.48,0.23,1.18,0.4,0.27,20118,1.5497221946716309
1.79,1.38,0.63,0.71,0.48,0.23,1.18,0.4,0.27,20065,1.5538980960845947
1.79,1.38,0.62,0.71,0.48,0.23,1.18,0.4,0.27,19946,1.5583066940307617
1.79,1.38,0.63,0.71,0.48,0.23,1.18,0.4,0.27,20089,1.5617594718933105
1.79,1.38,0.63,0.71,0.48,0.23,1.18,0.4,0.28,19928,1.5617594718933105
1.79,1.38,0.63,0.71,0.48,0.23,1.18,0.4,0.28,19797,1.566176414489746
1.79,1.38,0.63,0.71,0.48,0.23,1.18,0.4,0.27,19710,1.5703275203704834
1.79,1.38,0.63,0.71,0.48,0.23,1.18,0.4,0.27,19541,1.5743083953857422
1.79,1.38,0.63,0.71,0.48,0.22,1.18,0.4,0.28,19696,1.5750749111175537
1.79,1.38,0.63,0.71,0.48,0.23,1.18,0.4,0.28,19759,1.5783276557922363
1.79,1.38,0.63,0.71,0.48,0.23,1.18,0.4,0.28,19868,1.5826222896575928
1.79,1.39,0.63,0.71,0.48,0.23,1.18,0.4,0.27,20247,1.5866069793701172
1.79,1.38,0.63,0.71,0.48,0.23,1.18,0.4,0.28,19790,1.5866069793701172
1.79,1.38,0.63,0.71,0.48,0.23,1.18,0.4,0.28,19397,1.5906970500946045
1.79,1.38,0.63,0.71,0.48,0.23,1.18,0.4,0.28,19774,1.5953114032745361
1.79,1.38,0.63,0.71,0.48,0.23,1.18,0.4,0.28,19839,1.598703145980835
1.79,1.38,0.63,0.71,0.48,0.23,1.18,0.4,0.28,19916,1.598703145980835
1.79,1.38,0.63,0.71,0.48,0.23,1.18,0.4,0.27,20083,1.6030333042144775
1.79,1.38,0.62,0.71,0.48,0.23,1.18,0.4,0.28,19494,1.6071758270263672
1.8,1.38,0.63,0.71,0.48,0.23,1.18,0.4,0.28,19535,1.6112356185913086
1.79,1.38,0.63,0.71,0.48,0.23,1.18,0.4,0.28,20166,1.612039566040039
1.79,1.38,0.63,0.71,0.48,0.23,1.18,0.4,0.27,20281,1.6152534484863281
1.79,1.38,0.63,0.71,0.48,0.22,1.18,0.4,0.28,19994,1.6194279193878174
1.79,1.38,0.63,0.71,0.48,0.23,1.18,0.39,0.27,19733,1.623713731765747
1.79,1.38,0.63,0.71,0.48,0.23,1.18,0.4,0.27,19722,1.6247756481170654
1.79,1.39,0.63,0.71,0.48,0.23,1.18,0.4,0.27,19991,1.6273012161254883
1.8,1.38,0.63,0.71,0.48,0.23,1.18,0.4,0.27,19894,1.6313121318817139
1.79,1.38,0.63,0.71,0.48,0.23,1.18,0.4,0.27,19831,1.6357052326202393
1.79,1.38,0.62,0.71,0.48,0.23,1.18,0.4,0.28,19572,1.6396987438201904
1.79,1.38,0.63,0.71,0.48,0.22,1.18,0.4,0.28,19791,1.64044189453125
1.8,1.38,0.63,0.71,0.48,0.23,1.17,0.4,0.27,20078,1.6436991691589355
1.8,1.38,0.63,0.71,0.48,0.23,1.18,0.4,0.27,19869,1.6484432220458984
1.79,1.38,0.63,0.71,0.48,0.23,1.18,0.4,0.27,19916,1.6514451503753662
1.8,1.38,0.63,0.71,0.48,0.23,1.18,0.4,0.27,19927,1.6524345874786377
1.79,1.38,0.63,0.71,0.48,0.23,1.18,0.4,0.27,19706,1.6554408073425293
1.79,1.38,0.63,0.71,0.48,0.23,1.18,0.4,0.27,19905,1.6602110862731934
1.79,1.38,0.63,0.71,0.48,0.23,1.18,0.4,0.27,20102,1.6643519401550293
1.79,1.38,0.63,0.71,0.48,0.23,1.18,0.4,0.27,19825,1.6651127338409424
1.79,1.39,0.63,0.71,0.48,0.23,1.18,0.4,0.27,19544,1.6689388751983643
1.79,1.38,0.62,0.71,0.48,0.23,1.18,0.4,0.27,19819,1.6729183197021484
1.79,1.38,0.63,0.71,0.48,0.23,1.18,0.4,0.28,20064,1.676915168762207
1.79,1.38,0.62,0.71,0.48,0.23,1.18,0.4,0.28,19821,1.676915168762207
1.79,1.39,0.63,0.71,0.48,0.23,1.18,0.4,0.27,19710,1.6809334754943848
1.79,1.39,0.63,0.71,0.48,0.23,1.18,0.4,0.27,19761,1.685044527053833
1.8,1.38,0.63,0.71,0.48,0.23,1.18,0.4,0.27,19524,1.689091682434082
1.79,1.38,0.62,0.71,0.48,0.23,1.18,0.4,0.27,19751,1.690141201019287
1.79,1.38,0.63,0.71,0.48,0.23,1.18,0.4,0.27,20154,1.6925578117370605
1.79,1.38,0.63,0.71,0.48,0.23,1.18,0.4,0.27,20147,1.697214126586914
1.79,1.38,0.63,0.71,0.48,0.23,1.18,0.4,0.27,19746,1.7012345790863037
1.79,1.38,0.63,0.71,0.48,0.23,1.18,0.4,0.27,19619,1.7012345790863037
1.79,1.38,0.63,0.71,0.48,0.23,1.18,0.4,0.27,19616,1.705364465713501
1.8,1.38,0.62,0.71,0.48,0.22,1.18,0.4,0.27,19665,1.7090768814086914
1.8,1.38,0.63,0.71,0.48,0.23,1.18,0.4,0.27,19678,1.713963270187378
1.79,1.38,0.63,0.71,0.49,0.22,1.18,0.4,0.27,19889,1.717256784439087
1.79,1.38,0.63,0.71,0.48,0.23,1.18,0.4,0.28,20104,1.7179925441741943
1.79,1.38,0.63,0.71,0.48,0.23,1.18,0.4,0.28,19999,1.7220027446746826
1.79,1.38,0.63,0.71,0.48,0.23,1.18,0.4,0.27,19548,1.7260088920593262
1.8,1.38,0.63,0.71,0.48,0.23,1.18,0.4,0.27,19473,1.7289807796478271
1.79,1.38,0.63,0.71,0.48,0.23,1.18,0.4,0.28,19720,1.7299787998199463
1.79,1.38,0.63,0.71,0.48,0.23,1.18,0.4,0.27,19675,1.7334911823272705
1.79,1.38,0.63,0.71,0.48,0.23,1.18,0.4,0.28,19520,1.7377650737762451
1.79,1.38,0.63,0.71,0.48,0.23,1.18,0.4,0.28,19331,1.7417593002319336
1.79,1.38,0.63,0.71,0.48,0.23,1.18,0.4,0.27,19386,1.7427599430084229
1.79,1.39,0.63,0.71,0.48,0.23,1.18,0.4,0.27,19701,1.7457594871520996
1.79,1.38,0.63,0.71,0.48,0.23,1.18,0.4,0.28,19792,1.7502591609954834
1.79,1.38,0.63,0.71,0.48,0.23,1.18,0.4,0.28,19603,1.7539639472961426
1.79,1.38,0.62,0.71,0.48,0.23,1.18,0.4,0.27,19744,1.7550771236419678
1.79,1.38,0.63,0.71,0.48,0.22,1.18,0.4,0.28,19505,1.7580459117889404
1.79,1.38,0.63,0.71,0.48,0.23,1.18,0.4,0.27,19310,1.762941837310791
1.79,1.38,0.63,0.71,0.48,0.23,1.18,0.4,0.28,19737,1.766941785812378
1.79,1.38,0.63,0.71,0.48,0.23,1.18,0.4,0.28,19838,1.766941785812378
1.79,1.38,0.63,0.71,0.48,0.23,1.18,0.4,0.28,19931,1.7707746028900146
1.79,1.38,0.63,0.71,0.48,0.23,1.18,0.4,0.27,20012,1.775071620941162
1.8,1.38,0.63,0.71,0.48,0.23,1.18,0.4,0.27,20193,1.779228925704956
1.79,1.38,0.63,0.71,0.48,0.23,1.18,0.4,0.28,20176,1.7834227085113525
1.79,1.38,0.63,0.71,0.48,0.23,1.18,0.4,0.28,19803,1.7834227085113525
1.79,1.38,0.63,0.71,0.48,0.23,1.18,0.4,0.28,19770,1.7874464988708496
1.79,1.38,0.63,0.71,0.48,0.23,1.18,0.4,0.28,19925,1.7916367053985596
1.8,1.38,0.62,0.71,0.48,0.23,1.19,0.4,0.28,19892,1.795652151107788
1.79,1.38,0.63,0.71,0.48,0.23,1.18,0.4,0.28,19951,1.795652151107788
1.79,1.38,0.63,0.71,0.48,0.23,1.18,0.4,0.28,20106,1.7994613647460938
1.79,1.38,0.63,0.71,0.48,0.23,1.18,0.4,0.28,19867,1.8042027950286865
1.79,1.38,0.63,0.71,0.48,0.23,1.18,0.4,0.28,19960,1.807826042175293
1.79,1.38,0.63,0.71,0.48,0.23,1.18,0.4,0.27,19803,1.807826042175293
1.79,1.38,0.63,0.71,0.48,0.23,1.18,0.4,0.27,19924,1.8125121593475342
1.79,1.38,0.63,0.71,0.48,0.23,1.18,0.4,0.28,19871,1.8157687187194824
1.79,1.38,0.63,0.71,0.48,0.23,1.18,0.4,0.28,19546,1.8199870586395264
1.79,1.38,0.63,0.71,0.48,0.23,1.18,0.4,0.28,19649,1.8199870586395264
1.79,1.38,0.63,0.71,0.48,0.23,1.18,0.4,0.28,20262,1.8241827487945557
1.79,1.38,0.63,0.72,0.48,0.23,1.18,0.4,0.27,20177,1.8287441730499268
1.79,1.38,0.63,0.71,0.48,0.23,1.18,0.4,0.27,20126,1.831822395324707
1.79,1.38,0.63,0.71,0.48,0.23,1.18,0.4,0.28,20165,1.8327357769012451
1.79,1.38,0.63,0.71,0.48,0.23,1.18,0.4,0.27,19440,1.83599853515625
1.79,1.38,0.63,0.71,0.48,0.23,1.18,0.4,0.28,19359,1.840761661529541
1.79,1.38,0.63,0.71,0.48,0.23,1.18,0.4,0.27,20140,1.8447308540344238
1.79,1.38,0.63,0.71,0.48,0.23,1.18,0.4,0.28,19951,1.8447308540344238
1.79,1.38,0.63,0.71,0.48,0.23,1.18,0.4,0.28,20004,1.8490512371063232
1.79,1.39,0.63,0.71,0.48,0.23,1.18,0.4,0.28,19629,1.8528904914855957
1.79,1.38,0.63,0.71,0.48,0.23,1.18,0.4,0.28,19706,1.8569176197052002
1.79,1.39,0.63,0.71,0.48,0.23,1.18,0.4,0.27,19705,1.8609156608581543
1.79,1.38,0.63,0.71,0.48,0.23,1.18,0.4,0.28,19604,1.8609156608581543
1.79,1.38,0.63,0.71,0.48,0.23,1.18,0.4,0.28,19687,1.8649237155914307
1.79,1.38,0.63,0.71,0.48,0.23,1.18,0.4,0.28,19392,1.86907958984375
1.79,1.38,0.63,0.71,0.48,0.23,1.18,0.4,0.28,19635,1.8731050491333008
1.79,1.39,0.63,0.71,0.48,0.23,1.18,0.4,0.28,20130,1.8731050491333008
1.79,1.38,0.63,0.72,0.48,0.23,1.18,0.4,0.28,20095,1.8771820068359375
1.79,1.39,0.63,0.71,0.48,0.23,1.18,0.4,0.28,20090,1.881187915802002
1.79,1.38,0.63,0.71,0.48,0.23,1.18,0.4,0.28,19479,1.8852155208587646
1.79,1.38,0.63,0.71,0.48,0.23,1.18,0.4,0.28,19364,1.8852155208587646
1.79,1.38,0.63,0.71,0.48,0.23,1.18,0.4,0.28,19969,1.8892154693603516
1.79,1.39,0.63,0.71,0.48,0.23,1.18,0.4,0.28,19842,1.8938567638397217
1.79,1.38,0.63,0.71,0.48,0.23,1.18,0.4,0.28,19765,1.8976683616638184
1.79,1.38,0.63,0.71,0.48,0.23,1.18,0.4,0.28,19892,1.8987057209014893
1.8,1.39,0.63,0.71,0.48,0.23,1.18,0.4,0.28,20025,1.9021155834197998
1.79,1.39,0.63,0.71,0.48,0.23,1.18,0.4,0.27,19808,1.9061863422393799
1.8,1.38,0.63,0.71,0.48,0.23,1.18,0.4,0.28,19633,1.9102730751037598
1.79,1.39,0.63,0.71,0.48,0.23,1.18,0.4,0.28,19968,1.911072015762329
1.79,1.38,0.63,0.71,0.48,0.23,1.18,0.4,0.28,19699,1.9150722026824951
1.79,1.38,0.63,0.71,0.48,0.23,1.18,0.4,0.28,19794,1.918332815170288
1.79,1.38,0.63,0.71,0.48,0.23,1.18,0.4,0.28,19787,1.9225890636444092
1.79,1.38,0.63,0.71,0.48,0.23,1.18,0.4,0.28,19654,1.923630714416504
1.79,1.39,0.63,0.71,0.48,0.23,1.18,0.4,0.28,19731,1.9268054962158203
1.79,1.39,0.63,0.71,0.48,0.23,1.18,0.4,0.27,19754,1.930680274963379
1.79,1.39,0.63,0.71,0.48,0.23,1.18,0.4,0.28,19825,1.9347238540649414
1.79,1.38,0.63,0.71,0.48,0.23,1.18,0.4,0.28,19636,1.9388704299926758
1.79,1.38,0.62,0.71,0.48,0.23,1.18,0.4,0.27,19525,1.9388704299926758
1.79,1.39,0.63,0.71,0.48,0.23,1.18,0.39,0.27,19910,1.9429543018341064
1.79,1.38,0.63,0.71,0.48,0.23,1.18,0.4,0.28,20145,1.947744369506836
1.79,1.38,0.63,0.71,0.48,0.23,1.18,0.4,0.27,20074,1.951019287109375
1.79,1.39,0.63,0.71,0.48,0.23,1.18,0.4,0.27,19631,1.951758623123169
1.79,1.38,0.63,0.71,0.49,0.23,1.18,0.4,0.27,19458,1.955251932144165
1.79,1.39,0.63,0.71,0.48,0.23,1.18,0.4,0.28,19977,1.9594261646270752
1.79,1.39,0.63,0.71,0.48,0.23,1.18,0.4,0.27,19922,1.9636476039886475
1.79,1.38,0.63,0.71,0.48,0.23,1.18,0.4,0.28,19543,1.9636476039886475
1.79,1.38,0.63,0.71,0.48,0.24,1.18,0.4,0.27,19836,1.9676451683044434
1.79,1.39,0.63,0.71,0.48,0.23,1.18,0.4,0.28,19795,1.9714429378509521
1.79,1.38,0.63,0.71,0.48,0.23,1.18,0.4,0.27,19678,1.9758048057556152
1.79,1.39,0.63,0.71,0.48,0.23,1.18,0.4,0.28,20263,1.9765310287475586
1.79,1.38,0.63,0.71,0.48,0.23,1.18,0.4,0.27,20558,1.979515552520752
1.79,1.38,0.63,0.71,0.48,0.23,1.18,0.4,0.27,20107,1.983858346939087
1.79,1.38,0.63,0.71,0.48,0.23,1.18,0.4,0.27,19948,1.9874818325042725
1.79,1.38,0.63,0.71,0.48,0.23,1.18,0.4,0.27,19579,1.9884898662567139
1.8,1.38,0.63,0.71,0.48,0.23,1.18,0.4,0.28,19374,1.991819143295288
1.79,1.38,0.63,0.71,0.48,0.23,1.18,0.4,0.27,19601,1.9959619045257568
1.79,1.38,0.63,0.71,0.48,0.23,1.18,0.4,0.27,20338,2.000323534011841
1.79,1.38,0.64,0.71,0.48,0.23,1.18,0.39,0.27,20087,2.000323534011841
1.79,1.38,0.63,0.71,0.48,0.23,1.18,0.4,0.27,19666,2.004340887069702
1.79,1.38,0.63,0.71,0.48,0.23,1.18,0.4,0.27,19991,2.008599281311035
1.8,1.38,0.63,0.71,0.48,0.23,1.18,0.4,0.27,20052,2.01273250579834
1.79,1.38,0.63,0.71,0.49,0.23,1.18,0.4,0.27,19833,2.016711473464966
1.8,1.38,0.63,0.71,0.48,0.23,1.18,0.4,0.27,19758,2.016711473464966
1.8,1.38,0.63,0.71,0.48,0.23,1.18,0.4,0.27,19643,2.020843505859375
1.8,1.39,0.63,0.71,0.48,0.23,1.18,0.4,0.27,19556,2.02500057220459
1.8,1.39,0.63,0.71,0.48,0.23,1.18,0.4,0.27,19759,2.0292539596557617
1.8,1.38,0.63,0.71,0.49,0.23,1.18,0.4,0.27,19674,2.0292539596557617
1.79,1.38,0.63,0.71,0.48,0.23,1.18,0.4,0.27,19661,2.033047914505005
1.8,1.38,0.63,0.71,0.49,0.23,1.18,0.4,0.27,20018,2.036989212036133
1.79,1.38,0.63,0.71,0.48,0.23,1.18,0.4,0.27,19865,2.041330337524414
1.79,1.38,0.63,0.71,0.48,0.23,1.18,0.4,0.27,20088,2.0420327186584473
1.8,1.38,0.63,0.71,0.48,0.23,1.18,0.4,0.27,19911,2.0452983379364014
1.79,1.38,0.63,0.71,0.48,0.23,1.18,0.4,0.27,19744,2.049299955368042
1.79,1.38,0.63,0.71,0.48,0.23,1.18,0.4,0.27,19973,2.0533673763275146
1.79,1.38,0.63,0.71,0.48,0.23,1.18,0.4,0.27,20078,2.054408550262451
1.79,1.38,0.63,0.71,0.48,0.23,1.18,0.4,0.27,20215,2.0578880310058594
1.79,1.39,0.63,0.71,0.48,0.23,1.18,0.4,0.28,19776,2.061768054962158
1.79,1.38,0.63,0.71,0.48,0.23,1.18,0.4,0.28,19829,2.0656330585479736
1.8,1.38,0.63,0.71,0.48,0.23,1.18,0.4,0.27,20350,2.066690683364868
1.79,1.38,0.63,0.71,0.48,0.23,1.18,0.4,0.28,19943,2.070037841796875
1.8,1.38,0.63,0.71,0.48,0.23,1.18,0.4,0.27,19762,2.0740370750427246
1.79,1.38,0.63,0.71,0.48,0.23,1.18,0.4,0.27,19947,2.0780351161956787
1.79,1.38,0.63,0.71,0.48,0.23,1.18,0.4,0.28,20108,2.0790317058563232
1.79,1.38,0.63,0.71,0.48,0.23,1.18,0.4,0.27,20139,2.082031488418579
1.79,1.38,0.63,0.71,0.48,0.23,1.18,0.4,0.27,20034,2.0860211849212646
1.79,1.38,0.63,0.71,0.48,0.23,1.18,0.4,0.27,20345,2.09018611907959
1.79,1.38,0.63,0.71,0.48,0.23,1.18,0.4,0.27,19748,2.0942256450653076
1.79,1.38,0.63,0.71,0.48,0.23,1.18,0.4,0.27,19799,2.0942256450653076
1.8,1.38,0.63,0.71,0.48,0.22,1.18,0.4,0.27,20044,2.098207950592041
1.79,1.38,0.63,0.71,0.48,0.23,1.18,0.4,0.27,19643,2.1025097370147705
1.8,1.38,0.63,0.71,0.48,0.23,1.18,0.4,0.27,19572,2.106334924697876
1.79,1.38,0.63,0.71,0.48,0.23,1.18,0.4,0.28,19605,2.1073648929595947
1.79,1.38,0.63,0.71,0.48,0.23,1.18,0.4,0.27,19874,2.1103994846343994
1.79,1.38,0.63,0.71,0.48,0.23,1.18,0.4,0.27,20427,2.1143999099731445
1.79,1.38,0.63,0.71,0.48,0.23,1.18,0.4,0.27,19812,2.119399309158325
1.79,1.38,0.63,0.71,0.48,0.23,1.18,0.4,0.27,19627,2.119399309158325
1.79,1.39,0.63,0.71,0.48,0.23,1.18,0.4,0.27,19538,2.123399257659912
1.79,1.38,0.63,0.71,0.48,0.23,1.18,0.4,0.27,19485,2.127403736114502
1.79,1.38,0.63,0.71,0.48,0.23,1.18,0.4,0.28,19574,2.1312172412872314
1.79,1.38,0.63,0.71,0.48,0.23,1.18,0.4,0.28,19897,2.1312172412872314
1.79,1.38,0.63,0.71,0.48,0.23,1.18,0.4,0.27,19474,2.1362431049346924
1.79,1.38,0.63,0.71,0.48,0.23,1.18,0.4,0.28,19667,2.13930082321167
1.8,1.38,0.63,0.71,0.48,0.23,1.18,0.4,0.27,19896,2.143601179122925
1.79,1.38,0.63,0.71,0.48,0.23,1.18,0.4,0.27,19815,2.14428973197937
1.79,1.38,0.63,0.71,0.48,0.23,1.18,0.4,0.27,19516,2.1482932567596436
1.79,1.39,0.63,0.71,0.48,0.23,1.18,0.4,0.28,19889,2.151611566543579
1.79,1.39,0.63,0.71,0.48,0.23,1.18,0.4,0.27,19832,2.1563098430633545
1.8,1.39,0.63,0.71,0.48,0.23,1.18,0.4,0.28,19731,2.1572887897491455
1.79,1.39,0.63,0.71,0.48,0.23,1.18,0.4,0.28,19834,2.1598827838897705
1.79,1.38,0.63,0.71,0.48,0.23,1.18,0.4,0.28,20123,2.1641857624053955
1.79,1.38,0.63,0.71,0.48,0.23,1.18,0.4,0.28,20216,2.1685826778411865
1.8,1.38,0.63,0.71,0.48,0.23,1.18,0.4,0.28,19691,2.1725666522979736
1.79,1.38,0.63,0.71,0.48,0.23,1.18,0.4,0.28,19888,2.1725666522979736
1.79,1.38,0.63,0.71,0.48,0.23,1.18,0.4,0.28,19899,2.176164150238037
1.79,1.38,0.63,0.71,0.48,0.23,1.18,0.4,0.27,19556,2.1812920570373535
1.79,1.38,0.63,0.71,0.48,0.23,1.18,0.4,0.28,19849,2.1846985816955566
1.79,1.39,0.63,0.71,0.48,0.23,1.18,0.4,0.27,20130,2.185650587081909
1.79,1.38,0.63,0.71,0.48,0.23,1.18,0.4,0.27,20119,2.188784122467041
1.79,1.38,0.63,0.71,0.48,0.23,1.18,0.4,0.27,19972,2.192866563796997
1.79,1.39,0.63,0.71,0.48,0.23,1.18,0.4,0.28,19815,2.197023630142212
1.79,1.38,0.63,0.71,0.48,0.23,1.18,0.4,0.28,19898,2.197023630142212
1.79,1.38,0.63,0.71,0.48,0.23,1.18,0.4,0.28,20029,2.2013392448425293
1.79,1.38,0.63,0.71,0.48,0.23,1.18,0.4,0.28,20188,2.205352783203125
1.8,1.38,0.63,0.71,0.48,0.23,1.18,0.4,0.28,19913,2.2094309329986572
1.79,1.38,0.63,0.71,0.48,0.23,1.18,0.4,0.28,20028,2.2103378772735596
1.79,1.38,0.63,0.71,0.48,0.23,1.18,0.4,0.27,20133,2.21340274810791
1.79,1.38,0.63,0.71,0.48,0.23,1.18,0.4,0.28,20286,2.2173707485198975
1.79,1.38,0.63,0.71,0.48,0.24,1.18,0.4,0.28,19653,2.2216310501098633
1.79,1.38,0.63,0.71,0.48,0.23,1.18,0.4,0.27,19628,2.2226765155792236
1.79,1.38,0.63,0.71,0.48,0.23,1.18,0.4,0.27,19761,2.224966049194336
1.79,1.38,0.63,0.71,0.48,0.23,1.18,0.4,0.27,19578,2.230257511138916
1.79,1.38,0.63,0.71,0.48,0.24,1.18,0.4,0.27,19639,2.2346620559692383
1.8,1.38,0.63,0.71,0.48,0.23,1.18,0.4,0.28,19738,2.2346620559692383
1.79,1.38,0.63,0.71,0.48,0.23,1.18,0.4,0.28,19701,2.2378528118133545
1.79,1.38,0.63,0.71,0.48,0.23,1.18,0.4,0.27,19602,2.2419233322143555
1.79,1.38,0.64,0.71,0.48,0.23,1.18,0.4,0.28,19869,2.2460758686065674
1.79,1.38,0.63,0.71,0.48,0.22,1.18,0.4,0.28,19888,2.250318765640259
1.79,1.38,0.63,0.71,0.48,0.23,1.18,0.4,0.28,19757,2.2508649826049805
1.8,1.39,0.63,0.71,0.48,0.23,1.18,0.4,0.27,19664,2.2541663646698
1.8,1.38,0.63,0.71,0.48,0.23,1.18,0.4,0.28,19711,2.258166551589966
1.79,1.39,0.63,0.71,0.48,0.23,1.18,0.4,0.27,19770,2.2621583938598633
1.79,1.38,0.63,0.71,0.48,0.23,1.18,0.4,0.27,19667,2.262894868850708
1.79,1.39,0.63,0.71,0.48,0.23,1.18,0.4,0.28,19754,2.266895055770874
1.79,1.38,0.63,0.71,0.48,0.23,1.18,0.4,0.27,19921,2.2704455852508545
1.8,1.38,0.63,0.71,0.48,0.23,1.18,0.4,0.27,19924,2.2747583389282227
1.79,1.38,0.63,0.71,0.48,0.23,1.18,0.4,0.28,19873,2.275491714477539
1.79,1.38,0.63,0.71,0.48,0.23,1.18,0.4,0.28,19784,2.2785401344299316
1.79,1.38,0.63,0.71,0.48,0.23,1.18,0.4,0.27,19777,2.282780885696411
1.79,1.38,0.63,0.71,0.48,0.23,1.18,0.4,0.28,19456,2.287004232406616
1.79,1.38,0.63,0.71,0.48,0.23,1.18,0.39,0.27,19279,2.287825584411621
1.79,1.38,0.63,0.71,0.48,0.23,1.18,0.4,0.28,19192,2.2918131351470947
1.8,1.39,0.63,0.71,0.48,0.23,1.18,0.4,0.28,19627,2.2958128452301025
1.79,1.38,0.63,0.71,0.48,0.23,1.18,0.4,0.28,19616,2.299203872680664
1.79,1.39,0.63,0.71,0.48,0.23,1.18,0.4,0.28,19797,2.299203872680664
1.79,1.39,0.63,0.71,0.48,0.23,1.18,0.39,0.28,19836,2.3034112453460693
1.79,1.38,0.63,0.71,0.48,0.23,1.18,0.4,0.27,19845,2.3075754642486572
1.79,1.38,0.63,0.71,0.48,0.23,1.18,0.4,0.27,19794,2.3119871616363525
1.79,1.38,0.64,0.71,0.48,0.23,1.18,0.4,0.28,19693,2.3149728775024414
1.79,1.39,0.63,0.71,0.48,0.23,1.18,0.4,0.28,19714,2.3159725666046143
1.79,1.39,0.64,0.71,0.48,0.23,1.18,0.4,0.28,19821,2.3196141719818115
1.79,1.39,0.63,0.71,0.48,0.23,1.18,0.4,0.28,20250,2.324362277984619
1.79,1.38,0.63,0.71,0.48,0.23,1.18,0.4,0.28,20255,2.32742977142334
1.79,1.38,0.63,0.71,0.48,0.23,1.18,0.4,0.28,19886,2.3283677101135254
1.79,1.39,0.63,0.71,0.48,0.23,1.18,0.4,0.28,19889,2.332368850708008
1.79,1.39,0.63,0.71,0.48,0.23,1.18,0.4,0.28,19806,2.336362600326538
1.79,1.39,0.63,0.71,0.48,0.23,1.18,0.4,0.28,19817,2.3402888774871826
1.8,1.39,0.63,0.71,0.48,0.23,1.18,0.4,0.27,20144,2.340847969055176
1.79,1.39,0.63,0.71,0.48,0.23,1.17,0.4,0.28,19861,2.3443262577056885
1.79,1.38,0.63,0.71,0.48,0.23,1.18,0.4,0.27,19988,2.3485355377197266
1.79,1.39,0.63,0.71,0.48,0.23,1.18,0.4,0.27,20197,2.352853298187256
1.8,1.39,0.63,0.71,0.48,0.23,1.18,0.4,0.28,19968,2.352853298187256
1.79,1.39,0.63,0.71,0.48,0.23,1.18,0.4,0.28,20009,2.3568336963653564
1.79,1.38,0.63,0.71,0.48,0.23,1.18,0.4,0.27,19910,2.3608503341674805
1.79,1.39,0.63,0.71,0.48,0.23,1.18,0.4,0.27,19807,2.365119457244873
1.79,1.39,0.63,0.71,0.48,0.23,1.18,0.4,0.28,20086,2.3658394813537598
1.79,1.39,0.63,0.71,0.48,0.23,1.18,0.4,0.28,19995,2.3689048290252686
1.79,1.39,0.63,0.71,0.48,0.23,1.18,0.4,0.28,19686,2.3732666969299316
1.8,1.39,0.63,0.71,0.48,0.23,1.18,0.4,0.28,19343,2.3773605823516846
1.8,1.39,0.63,0.71,0.48,0.23,1.18,0.4,0.28,19566,2.380998134613037
1.79,1.39,0.63,0.71,0.48,0.23,1.18,0.4,0.28,19801,2.380998134613037
1.79,1.39,0.63,0.71,0.48,0.23,1.18,0.4,0.29,19602,2.3854331970214844
1.79,1.39,0.63,0.71,0.48,0.23,1.18,0.4,0.28,19665,2.389690399169922
1.79,1.39,0.63,0.71,0.48,0.23,1.18,0.4,0.28,20080,2.393643617630005
1.79,1.39,0.63,0.71,0.48,0.23,1.18,0.4,0.28,19803,2.393643617630005
1.8,1.39,0.63,0.71,0.48,0.23,1.18,0.4,0.28,19490,2.3976869583129883
1.79,1.39,0.63,0.71,0.48,0.24,1.18,0.4,0.28,19795,2.401839017868042
1.79,1.38,0.63,0.71,0.48,0.23,1.18,0.4,0.27,20174,2.405817985534668
1.79,1.39,0.63,0.71,0.48,0.23,1.18,0.4,0.28,20209,2.405817985534668
1.8,1.39,0.63,0.71,0.48,0.23,1.17,0.4,0.28,20046,2.4098780155181885
1.79,1.39,0.63,0.71,0.48,0.23,1.18,0.4,0.28,20245,2.414726734161377
1.8,1.39,0.63,0.71,0.48,0.23,1.17,0.39,0.28,19924,2.417996883392334
1.79,1.39,0.63,0.71,0.48,0.23,1.18,0.4,0.27,19745,2.418727397918701
1.79,1.39,0.63,0.71,0.48,0.23,1.18,0.4,0.28,19986,2.421987533569336
1.79,1.39,0.63,0.71,0.48,0.23,1.18,0.4,0.28,19807,2.426276922225952
1.79,1.39,0.63,0.71,0.48,0.23,1.18,0.4,0.28,19510,2.4305152893066406
1.8,1.39,0.63,0.71,0.48,0.23,1.18,0.4,0.28,19627,2.4313039779663086
1.79,1.39,0.63,0.71,0.48,0.23,1.18,0.4,0.28,19790,2.4339191913604736
1.8,1.39,0.63,0.71,0.48,0.23,1.18,0.4,0.28,19937,2.4386210441589355
1.79,1.39,0.63,0.71,0.48,0.23,1.18,0.4,0.28,19986,2.4428329467773438
1.79,1.39,0.63,0.71,0.48,0.23,1.18,0.4,0.28,20165,2.4435577392578125
1.79,1.38,0.63,0.71,0.48,0.23,1.18,0.4,0.28,20280,2.4462950229644775
1.79,1.39,0.63,0.71,0.48,0.23,1.18,0.4,0.28,20127,2.4508450031280518
1.79,1.39,0.63,0.71,0.48,0.23,1.18,0.4,0.27,19716,2.4551007747650146
1.79,1.39,0.63,0.71,0.48,0.23,1.18,0.4,0.28,19921,2.4591898918151855
1.79,1.39,0.63,0.71,0.48,0.23,1.18,0.4,0.27,19650,2.4591898918151855
1.79,1.38,0.63,0.71,0.48,0.23,1.18,0.4,0.28,19173,2.463691234588623
1.8,1.39,0.63,0.71,0.48,0.23,1.18,0.4,0.28,19818,2.4673798084259033
1.79,1.39,0.63,0.71,0.48,0.23,1.18,0.4,0.28,19919,2.471360206604004
1.79,1.39,0.63,0.71,0.48,0.23,1.18,0.4,0.28,19508,2.4721596240997314
1.79,1.39,0.63,0.71,0.48,0.23,1.18,0.4,0.28,19643,2.4753854274749756
1.79,1.39,0.63,0.71,0.48,0.23,1.18,0.39,0.28,19736,2.4791572093963623
1.79,1.39,0.63,0.71,0.48,0.23,1.18,0.4,0.28,19391,2.4833900928497314
1.8,1.39,0.63,0.71,0.48,0.23,1.18,0.4,0.28,19334,2.4833900928497314
1.79,1.39,0.63,0.71,0.48,0.23,1.18,0.4,0.28,19833,2.487452268600464
1.79,1.39,0.63,0.71,0.48,0.23,1.18,0.4,0.27,19982,2.4924771785736084
1.79,1.39,0.63,0.71,0.48,0.23,1.18,0.4,0.28,19927,2.4959299564361572
1.79,1.39,0.63,0.71,0.48,0.23,1.18,0.4,0.28,19912,2.4959299564361572
1.79,1.39,0.63,0.71,0.48,0.23,1.18,0.4,0.27,19609,2.4997477531433105
1.79,1.38,0.63,0.71,0.48,0.23,1.18,0.4,0.28,19704,2.504039764404297
1.79,1.38,0.63,0.71,0.48,0.23,1.18,0.4,0.28,19537,2.5087742805480957
1.79,1.39,0.64,0.71,0.48,0.23,1.18,0.4,0.28,19666,2.5087742805480957
1.79,1.39,0.63,0.71,0.48,0.23,1.18,0.4,0.28,19793,2.5120387077331543
1.79,1.39,0.63,0.71,0.48,0.23,1.18,0.4,0.27,19652,2.516373872756958
1.79,1.38,0.63,0.71,0.48,0.23,1.18,0.4,0.28,19821,2.5206358432769775
1.79,1.39,0.63,0.71,0.48,0.23,1.18,0.4,0.28,19802,2.524618625640869
1.79,1.39,0.63,0.71,0.48,0.23,1.19,0.4,0.28,19931,2.524618625640869
1.79,1.39,0.63,0.71,0.48,0.23,1.18,0.4,0.28,20146,2.528237819671631
1.79,1.39,0.63,0.71,0.48,0.23,1.18,0.4,0.28,20333,2.5328543186187744
1.79,1.39,0.63,0.71,0.48,0.23,1.18,0.4,0.27,20202,2.5369224548339844
1.79,1.39,0.63,0.71,0.48,0.23,1.18,0.4,0.28,19709,2.5376055240631104
1.79,1.38,0.63,0.71,0.48,0.23,1.18,0.4,0.27,19324,2.540867328643799
1.79,1.38,0.63,0.71,0.48,0.23,1.18,0.4,0.28,19687,2.545605421066284
1.79,1.39,0.63,0.71,0.48,0.23,1.18,0.4,0.28,20132,2.549192428588867
1.79,1.39,0.63,0.71,0.48,0.23,1.18,0.4,0.28,19765,2.5499298572540283
1.79,1.39,0.63,0.71,0.48,0.23,1.18,0.4,0.28,19794,2.553215503692627
1.79,1.38,0.63,0.71,0.48,0.23,1.18,0.4,0.27,19725,2.557465076446533
1.79,1.38,0.63,0.71,0.48,0.23,1.18,0.4,0.28,19988,2.561061382293701
1.79,1.39,0.63,0.71,0.48,0.23,1.18,0.4,0.28,20033,2.561061382293701
1.79,1.39,0.63,0.71,0.48,0.23,1.18,0.4,0.28,20022,2.565511703491211
1.79,1.38,0.63,0.71,0.48,0.23,1.18,0.39,0.28,19795,2.569732666015625
1.79,1.39,0.63,0.71,0.48,0.23,1.18,0.39,0.28,19872,2.573477029800415
1.79,1.39,0.63,0.71,0.48,0.23,1.18,0.4,0.28,19745,2.573477029800415
1.79,1.39,0.63,0.71,0.48,0.23,1.18,0.4,0.28,20086,2.577754259109497
1.79,1.39,0.63,0.71,0.48,0.23,1.18,0.4,0.28,20013,2.581733226776123
1.79,1.38,0.63,0.71,0.48,0.23,1.18,0.4,0.28,19864,2.586019277572632
1.79,1.38,0.63,0.71,0.48,0.23,1.18,0.4,0.28,19933,2.5901122093200684
1.79,1.38,0.64,0.71,0.48,0.23,1.18,0.4,0.28,19908,2.5901122093200684
1.8,1.39,0.63,0.71,0.48,0.23,1.18,0.4,0.27,19477,2.594200372695923
1.79,1.38,0.63,0.71,0.48,0.23,1.18,0.4,0.27,19354,2.598376512527466
1.79,1.38,0.63,0.71,0.48,0.23,1.18,0.4,0.27,19989,2.6019697189331055
1.79,1.38,0.63,0.71,0.48,0.23,1.18,0.4,0.28,20020,2.6019697189331055
1.79,1.39,0.63,0.71,0.48,0.23,1.18,0.4,0.27,19565,2.6062471866607666
1.79,1.38,0.63,0.71,0.48,0.23,1.18,0.4,0.28,19792,2.6109750270843506
1.79,1.38,0.63,0.71,0.48,0.23,1.18,0.4,0.28,19967,2.6149778366088867
1.79,1.39,0.63,0.71,0.48,0.23,1.18,0.4,0.27,19750,2.6149778366088867
1.79,1.39,0.63,0.71,0.48,0.23,1.18,0.4,0.28,19459,2.6185245513916016
1.8,1.39,0.63,0.71,0.48,0.23,1.18,0.4,0.28,19760,2.6235530376434326
1.79,1.39,0.63,0.71,0.48,0.23,1.18,0.4,0.27,20093,2.6272647380828857
1.79,1.39,0.64,0.71,0.48,0.23,1.18,0.4,0.28,19836,2.6272647380828857
1.8,1.39,0.63,0.71,0.48,0.23,1.18,0.4,0.28,19657,2.631072521209717
1.79,1.39,0.64,0.71,0.48,0.23,1.18,0.4,0.28,19934,2.635516405105591
1.79,1.39,0.63,0.71,0.48,0.23,1.18,0.4,0.28,19715,2.639819860458374
1.79,1.38,0.63,0.71,0.48,0.23,1.18,0.4,0.28,19638,2.639819860458374
1.79,1.38,0.63,0.71,0.48,0.22,1.18,0.4,0.27,19631,2.643322467803955
1.79,1.38,0.64,0.71,0.48,0.23,1.18,0.4,0.27,19700,2.647352933883667
1.79,1.39,0.63,0.71,0.48,0.23,1.18,0.4,0.27,19821,2.651714563369751
1.79,1.39,0.64,0.71,0.48,0.23,1.18,0.4,0.28,19650,2.651714563369751
1.79,1.38,0.63,0.71,0.48,0.23,1.18,0.4,0.28,19837,2.655747175216675
1.79,1.38,0.63,0.71,0.48,0.23,1.18,0.4,0.28,20022,2.6597721576690674
1.79,1.38,0.63,0.71,0.48,0.23,1.18,0.4,0.28,20013,2.663968324661255
1.79,1.38,0.63,0.71,0.48,0.23,1.18,0.4,0.28,19748,2.6679251194000244
1.79,1.39,0.63,0.71,0.48,0.23,1.18,0.4,0.28,19759,2.6679251194000244
1.79,1.38,0.63,0.71,0.48,0.23,1.18,0.4,0.27,19656,2.671797752380371
1.79,1.39,0.63,0.71,0.48,0.23,1.18,0.4,0.28,20173,2.6763341426849365
1.79,1.38,0.63,0.71,0.48,0.23,1.18,0.4,0.27,20178,2.679931402206421
1.79,1.38,0.63,0.71,0.48,0.23,1.18,0.4,0.27,20123,2.679931402206421
1.79,1.38,0.64,0.71,0.48,0.23,1.18,0.4,0.27,20088,2.684303045272827
1.79,1.38,0.63,0.71,0.48,0.23,1.18,0.4,0.27,20077,2.6880602836608887
1.8,1.39,0.63,0.71,0.48,0.23,1.18,0.4,0.27,20142,2.6921331882476807
1.79,1.38,0.63,0.71,0.48,0.23,1.18,0.4,0.27,20089,2.693140745162964
1.79,1.39,0.63,0.71,0.48,0.23,1.18,0.4,0.28,20050,2.6962897777557373
1.79,1.39,0.63,0.71,0.48,0.23,1.18,0.4,0.27,20219,2.7012102603912354
1.79,1.39,0.63,0.71,0.48,0.23,1.18,0.4,0.27,19970,2.704864501953125
1.8,1.39,0.63,0.71,0.48,0.23,1.18,0.4,0.27,19537,2.704864501953125
1.79,1.38,0.63,0.71,0.48,0.23,1.18,0.4,0.27,19724,2.708911418914795
1.79,1.38,0.63,0.71,0.48,0.23,1.18,0.4,0.27,19595,2.7131993770599365
1.79,1.39,0.64,0.71,0.48,0.23,1.18,0.4,0.27,20030,2.7172458171844482
1.79,1.39,0.64,0.71,0.48,0.23,1.18,0.4,0.28,20075,2.7172458171844482
1.79,1.38,0.64,0.71,0.48,0.23,1.18,0.4,0.27,20038,2.721245765686035
1.79,1.39,0.64,0.71,0.48,0.23,1.18,0.4,0.27,19743,2.724764108657837
1.79,1.39,0.64,0.71,0.48,0.23,1.18,0.4,0.27,19332,2.729090929031372
1.79,1.38,0.63,0.71,0.48,0.23,1.18,0.4,0.27,19835,2.7328972816467285
1.79,1.38,0.64,0.71,0.48,0.23,1.18,0.4,0.28,19742,2.733901023864746
1.79,1.38,0.63,0.71,0.48,0.23,1.18,0.4,0.27,19673,2.7379226684570312
1.8,1.38,0.63,0.71,0.48,0.23,1.18,0.4,0.27,19820,2.741799831390381
1.79,1.39,0.63,0.71,0.48,0.23,1.18,0.4,0.27,20071,2.7448811531066895
1.79,1.38,0.64,0.71,0.48,0.23,1.18,0.4,0.27,19976,2.7459189891815186
1.79,1.39,0.64,0.71,0.48,0.23,1.19,0.4,0.27,19863,2.7499189376831055
1.79,1.39,0.64,0.71,0.48,0.23,1.18,0.4,0.27,19846,2.7540884017944336
1.79,1.39,0.64,0.71,0.48,0.23,1.18,0.4,0.27,19813,2.758213996887207
1.79,1.39,0.63,0.71,0.48,0.23,1.18,0.4,0.27,19436,2.7589190006256104
1.79,1.39,0.64,0.71,0.48,0.23,1.19,0.4,0.27,19625,2.7621116638183594
1.79,1.38,0.64,0.71,0.48,0.23,1.18,0.4,0.27,19890,2.7663443088531494
1.79,1.39,0.64,0.71,0.48,0.23,1.19,0.4,0.27,19891,2.7704427242279053
1.79,1.38,0.64,0.71,0.48,0.23,1.18,0.4,0.27,19870,2.7704427242279053
1.79,1.39,0.64,0.71,0.48,0.23,1.18,0.4,0.27,19639,2.774423599243164
1.79,1.39,0.63,0.71,0.48,0.23,1.19,0.4,0.27,19666,2.778642416000366
1.79,1.39,0.63,0.71,0.48,0.23,1.19,0.4,0.27,20049,2.782142162322998
1.79,1.39,0.64,0.71,0.48,0.23,1.18,0.4,0.27,20132,2.7831876277923584
1.79,1.38,0.64,0.71,0.48,0.23,1.18,0.4,0.27,20307,2.7864625453948975
1.79,1.39,0.64,0.71,0.48,0.23,1.18,0.4,0.27,20162,2.790898084640503
1.79,1.38,0.64,0.71,0.48,0.23,1.19,0.4,0.28,19721,2.795006275177002
1.79,1.39,0.63,0.71,0.48,0.23,1.18,0.4,0.27,19280,2.7956314086914062
1.79,1.39,0.64,0.71,0.48,0.23,1.18,0.4,0.27,19447,2.798919677734375
1.79,1.39,0.64,0.71,0.48,0.23,1.18,0.4,0.27,19746,2.802941083908081
1.79,1.38,0.64,0.71,0.48,0.23,1.18,0.4,0.27,19599,2.8068196773529053
1.79,1.38,0.64,0.71,0.48,0.23,1.19,0.4,0.27,19572,2.8112905025482178
1.79,1.39,0.64,0.71,0.48,0.23,1.18,0.4,0.27,19681,2.8112905025482178
1.8,1.39,0.64,0.71,0.48,0.23,1.18,0.4,0.28,19990,2.815406084060669
1.79,1.39,0.64,0.71,0.48,0.23,1.18,0.4,0.27,19969,2.8196144104003906
1.79,1.39,0.64,0.71,0.48,0.24,1.18,0.4,0.27,19540,2.8235955238342285
1.79,1.39,0.64,0.71,0.48,0.23,1.18,0.4,0.28,19551,2.8235955238342285
1.79,1.39,0.63,0.71,0.48,0.23,1.18,0.4,0.27,19862,2.8276519775390625
1.79,1.39,0.64,0.71,0.48,0.23,1.18,0.4,0.27,20005,2.8314898014068604
1.79,1.39,0.63,0.71,0.48,0.23,1.18,0.4,0.27,19738,2.835951328277588
1.79,1.39,0.63,0.71,0.48,0.23,1.18,0.4,0.27,19623,2.8365161418914795
1.79,1.39,0.64,0.71,0.48,0.23,1.18,0.4,0.28,20012,2.8397977352142334
1.79,1.39,0.63,0.71,0.48,0.23,1.18,0.4,0.27,20373,2.8447632789611816
1.79,1.39,0.63,0.71,0.48,0.23,1.18,0.4,0.27,19880,2.8484036922454834
1.79,1.39,0.64,0.71,0.48,0.23,1.19,0.4,0.27,19841,2.8484036922454834
1.8,1.39,0.63,0.71,0.48,0.23,1.18,0.4,0.27,19710,2.85245680809021
1.79,1.39,0.64,0.71,0.48,0.23,1.18,0.4,0.27,19675,2.856490135192871
1.79,1.39,0.64,0.71,0.49,0.23,1.18,0.4,0.27,19562,2.860558032989502
1.8,1.39,0.63,0.71,0.48,0.23,1.18,0.4,0.27,19803,2.860558032989502
1.79,1.38,0.63,0.71,0.49,0.23,1.18,0.4,0.27,20110,2.864557981491089
1.79,1.39,0.64,0.71,0.48,0.23,1.18,0.4,0.27,19907,2.868557929992676
1.79,1.39,0.63,0.71,0.48,0.23,1.18,0.4,0.27,19768,2.8725578784942627
1.79,1.39,0.64,0.71,0.48,0.23,1.19,0.4,0.27,19847,2.87672758102417
1.79,1.39,0.63,0.71,0.48,0.23,1.18,0.4,0.27,19956,2.87672758102417
1.79,1.38,0.63,0.71,0.48,0.23,1.18,0.4,0.27,19827,2.880716323852539
1.8,1.39,0.64,0.71,0.48,0.23,1.18,0.4,0.28,19780,2.8849921226501465
1.79,1.39,0.63,0.71,0.48,0.23,1.18,0.4,0.27,19649,2.889003276824951
1.79,1.39,0.63,0.71,0.48,0.23,1.19,0.4,0.27,19862,2.889003276824951
1.79,1.39,0.64,0.71,0.49,0.23,1.19,0.4,0.28,19967,2.894021987915039
1.79,1.39,0.64,0.71,0.48,0.23,1.18,0.4,0.27,20156,2.897364616394043
1.8,1.39,0.63,0.71,0.48,0.23,1.18,0.4,0.27,20323,2.901520013809204
1.79,1.39,0.63,0.71,0.48,0.23,1.18,0.4,0.27,19714,2.901520013809204
1.79,1.38,0.63,0.71,0.48,0.23,1.18,0.4,0.27,19851,2.9052162170410156
1.8,1.38,0.64,0.71,0.48,0.23,1.19,0.4,0.28,19736,2.909257411956787
1.79,1.38,0.64,0.71,0.48,0.23,1.18,0.4,0.28,19609,2.9132566452026367
1.79,1.39,0.64,0.71,0.48,0.23,1.18,0.4,0.27,20038,2.914238691329956
1.8,1.39,0.64,0.71,0.48,0.23,1.19,0.4,0.28,20427,2.917235851287842
1.79,1.39,0.64,0.71,0.48,0.23,1.18,0.4,0.27,19944,2.921236038208008
1.79,1.39,0.64,0.71,0.48,0.23,1.18,0.39,0.27,19759,2.925283670425415
1.79,1.39,0.64,0.71,0.48,0.23,1.18,0.4,0.27,19814,2.926311731338501
1.79,1.39,0.63,0.71,0.48,0.23,1.18,0.4,0.27,19643,2.929461717605591
1.79,1.39,0.64,0.71,0.48,0.23,1.18,0.4,0.27,19396,2.9344615936279297
1.79,1.39,0.64,0.71,0.48,0.23,1.18,0.4,0.27,19599,2.9385018348693848
1.8,1.38,0.64,0.71,0.48,0.23,1.18,0.4,0.28,19672,2.9424684047698975
1.79,1.39,0.63,0.71,0.48,0.23,1.18,0.4,0.28,19475,2.9424684047698975
1.79,1.38,0.64,0.71,0.48,0.23,1.18,0.4,0.27,19646,2.946241617202759
1.79,1.39,0.63,0.71,0.48,0.23,1.18,0.4,0.28,19661,2.9511191844940186
1.8,1.39,0.64,0.71,0.48,0.23,1.18,0.4,0.27,20106,2.95440673828125
1.8,1.39,0.64,0.71,0.48,0.23,1.18,0.4,0.28,20391,2.9551429748535156
1.79,1.38,0.63,0.71,0.48,0.23,1.19,0.4,0.27,20180,2.958406448364258
1.79,1.38,0.63,0.71,0.48,0.23,1.18,0.4,0.27,20085,2.963149070739746
1.79,1.38,0.63,0.71,0.48,0.23,1.18,0.4,0.28,19814,2.9671592712402344
1.79,1.38,0.63,0.71,0.48,0.23,1.18,0.4,0.27,19805,2.9671592712402344
1.8,1.39,0.64,0.71,0.48,0.23,1.18,0.4,0.28,19970,2.9712605476379395
1.79,1.39,0.63,0.71,0.48,0.23,1.18,0.4,0.27,20147,2.9748053550720215
1.79,1.39,0.64,0.71,0.48,0.23,1.18,0.4,0.28,19944,2.9792845249176025
1.79,1.39,0.63,0.71,0.48,0.23,1.18,0.4,0.27,19719,2.9792845249176025
1.79,1.39,0.63,0.71,0.48,0.23,1.19,0.4,0.28,19682,2.983301877975464
1.79,1.39,0.63,0.71,0.48,0.23,1.18,0.4,0.28,19675,2.9875073432922363
1.79,1.38,0.64,0.71,0.48,0.23,1.18,0.4,0.28,19846,2.991591691970825
1.8,1.39,0.64,0.71,0.48,0.23,1.18,0.4,0.28,19903,2.9923722743988037
1.79,1.39,0.63,0.71,0.48,0.23,1.18,0.4,0.27,19972,2.9956610202789307
1.79,1.39,0.64,0.71,0.48,0.23,1.19,0.4,0.27,19837,2.999206781387329
1.79,1.39,0.63,0.71,0.48,0.24,1.18,0.4,0.28,19872,3.003943920135498
1.8,1.39,0.63,0.71,0.48,0.23,1.18,0.4,0.28,19645,3.0072059631347656
1.79,1.39,0.63,0.71,0.48,0.23,1.18,0.4,0.27,19494,3.0079269409179688
1.79,1.39,0.63,0.71,0.48,0.23,1.18,0.4,0.28,19667,3.011967658996582
1.79,1.38,0.63,0.71,0.48,0.23,1.18,0.4,0.27,20132,3.0162317752838135
1.79,1.38,0.63,0.71,0.48,0.23,1.19,0.4,0.28,20009,3.020324230194092
1.79,1.38,0.63,0.71,0.48,0.23,1.18,0.4,0.27,19994,3.020324230194092
1.79,1.38,0.63,0.71,0.48,0.23,1.18,0.4,0.28,20035,3.0245378017425537
1.79,1.39,0.63,0.71,0.47,0.23,1.18,0.4,0.27,19876,3.028618097305298
1.79,1.38,0.63,0.71,0.48,0.23,1.18,0.4,0.28,19659,3.0326180458068848
1.79,1.38,0.63,0.71,0.48,0.23,1.18,0.4,0.28,19920,3.0326180458068848
1.79,1.38,0.63,0.71,0.48,0.23,1.18,0.4,0.28,20069,3.0366997718811035
1.8,1.38,0.63,0.71,0.48,0.23,1.18,0.4,0.27,19554,3.0407931804656982
1.8,1.39,0.64,0.71,0.48,0.23,1.18,0.4,0.26,19477,3.044236898422241
1.79,1.38,0.63,0.71,0.48,0.23,1.18,0.4,0.28,19836,3.0452802181243896
1.79,1.38,0.64,0.71,0.48,0.23,1.18,0.4,0.27,19925,3.0488359928131104
1.8,1.39,0.63,0.71,0.48,0.23,1.18,0.4,0.28,19554,3.0530354976654053
1.79,1.38,0.63,0.71,0.48,0.23,1.18,0.4,0.27,19609,3.0571236610412598
1.79,1.39,0.63,0.71,0.48,0.23,1.18,0.4,0.27,19998,3.0571236610412598
1.79,1.38,0.63,0.71,0.48,0.23,1.18,0.4,0.27,20321,3.0611190795898438
1.79,1.39,0.63,0.71,0.48,0.23,1.18,0.4,0.28,19720,3.065286874771118
1.79,1.39,0.63,0.71,0.48,0.23,1.18,0.4,0.27,19411,3.069444417953491
1.79,1.38,0.63,0.71,0.48,0.23,1.18,0.4,0.27,19820,3.0704915523529053
1.8,1.38,0.63,0.71,0.48,0.23,1.18,0.4,0.28,20173,3.0734193325042725
1.79,1.38,0.63,0.71,0.48,0.23,1.18,0.4,0.28,19998,3.077817678451538
1.79,1.39,0.63,0.71,0.48,0.23,1.18,0.4,0.27,19837,3.081850528717041
1.79,1.39,0.63,0.71,0.48,0.23,1.18,0.4,0.27,19940,3.0828938484191895
1.79,1.39,0.63,0.71,0.48,0.23,1.18,0.4,0.27,20005,3.0856642723083496
1.79,1.38,0.63,0.71,0.48,0.23,1.19,0.4,0.27,19724,3.0898468494415283
1.79,1.38,0.63,0.71,0.48,0.22,1.18,0.4,0.27,19759,3.0933876037597656
1.79,1.38,0.63,0.71,0.48,0.23,1.18,0.4,0.27,19830,3.097411632537842
1.79,1.39,0.64,0.71,0.48,0.23,1.18,0.4,0.27,19845,3.0984113216400146
1.79,1.39,0.63,0.71,0.48,0.23,1.19,0.4,0.27,19932,3.1019294261932373
1.79,1.39,0.64,0.71,0.48,0.24,1.18,0.4,0.27,19639,3.1059253215789795
1.79,1.38,0.64,0.71,0.48,0.24,1.18,0.4,0.27,19802,3.1099255084991455
1.79,1.39,0.63,0.71,0.48,0.23,1.18,0.4,0.28,20267,3.1109254360198975
1.79,1.39,0.64,0.71,0.48,0.23,1.18,0.4,0.27,20152,3.114279270172119
1.79,1.39,0.64,0.71,0.48,0.23,1.18,0.4,0.27,19891,3.1183183193206787
1.79,1.39,0.64,0.71,0.48,0.23,1.18,0.4,0.27,19822,3.122563600540161
1.79,1.39,0.64,0.71,0.48,0.23,1.18,0.4,0.28,19861,3.1233022212982178
1.79,1.39,0.63,0.71,0.48,0.23,1.18,0.4,0.27,19892,3.1265692710876465
1.79,1.39,0.63,0.71,0.48,0.23,1.18,0.4,0.28,19643,3.1313021183013916
1.79,1.38,0.64,0.71,0.48,0.23,1.18,0.4,0.27,19444,3.1348466873168945
1.79,1.39,0.63,0.71,0.47,0.23,1.18,0.4,0.27,19639,3.1348466873168945
1.79,1.39,0.64,0.71,0.48,0.23,1.18,0.4,0.28,19710,3.138942003250122
1.79,1.39,0.63,0.71,0.47,0.23,1.18,0.4,0.28,19803,3.1431314945220947
1.79,1.39,0.64,0.71,0.48,0.23,1.18,0.4,0.27,19988,3.147469997406006
1.79,1.39,0.63,0.71,0.48,0.23,1.18,0.4,0.27,20071,3.147469997406006
1.79,1.39,0.63,0.71,0.48,0.23,1.19,0.4,0.27,20066,3.1514742374420166
1.79,1.38,0.63,0.71,0.48,0.23,1.18,0.4,0.27,19829,3.1554911136627197
1.79,1.39,0.63,0.71,0.48,0.23,1.18,0.4,0.27,19822,3.15956974029541
1.79,1.39,0.63,0.71,0.48,0.23,1.18,0.4,0.28,19899,3.160457134246826
1.79,1.39,0.63,0.71,0.48,0.23,1.18,0.4,0.27,19402,3.1635546684265137
1.79,1.39,0.63,0.71,0.48,0.23,1.18,0.39,0.27,19671,3.1679022312164307
1.79,1.39,0.63,0.71,0.48,0.23,1.18,0.4,0.27,20202,3.171915054321289
1.79,1.39,0.63,0.71,0.48,0.23,1.18,0.4,0.27,20005,3.17549467086792
1.79,1.39,0.64,0.71,0.48,0.23,1.18,0.4,0.27,19828,3.1760306358337402
1.79,1.39,0.63,0.71,0.48,0.23,1.18,0.39,0.27,20113,3.180051803588867
1.79,1.39,0.63,0.71,0.48,0.23,1.18,0.4,0.27,19950,3.184140682220459
1.79,1.39,0.63,0.71,0.48,0.23,1.18,0.4,0.27,19925,3.188408374786377
1.79,1.39,0.64,0.71,0.47,0.23,1.18,0.4,0.27,20074,3.1893274784088135
1.79,1.39,0.63,0.71,0.48,0.23,1.19,0.4,0.27,19621,3.192599296569824
1.8,1.39,0.63,0.71,0.48,0.23,1.18,0.4,0.27,19626,3.195906162261963
1.8,1.39,0.63,0.71,0.48,0.23,1.18,0.4,0.27,20299,3.2009100914001465
1.79,1.39,0.63,0.71,0.48,0.23,1.19,0.4,0.27,19916,3.2009100914001465
1.8,1.39,0.63,0.71,0.48,0.23,1.18,0.4,0.27,19467,3.204586982727051
1.79,1.39,0.63,0.71,0.48,0.23,1.18,0.39,0.27,19950,3.208832025527954
1.79,1.39,0.63,0.71,0.48,0.23,1.18,0.4,0.27,20351,3.2127926349639893
1.8,1.39,0.63,0.71,0.48,0.23,1.18,0.4,0.27,20124,3.2138357162475586
1.79,1.39,0.63,0.71,0.48,0.23,1.18,0.4,0.27,20291,3.2164406776428223
1.79,1.39,0.63,0.71,0.48,0.23,1.18,0.4,0.27,20178,3.220932722091675
1.79,1.39,0.63,0.71,0.48,0.22,1.18,0.4,0.27,20141,3.224745035171509
1.79,1.39,0.63,0.71,0.48,0.23,1.18,0.4,0.27,19906,3.225776195526123
1.79,1.39,0.63,0.71,0.48,0.23,1.18,0.4,0.27,19883,3.229212760925293
1.79,1.39,0.63,0.71,0.48,0.23,1.18,0.4,0.27,20032,3.233292579650879
1.79,1.39,0.63,0.71,0.48,0.23,1.18,0.4,0.28,19909,3.237032413482666
1.79,1.39,0.64,0.71,0.48,0.23,1.18,0.4,0.27,19762,3.238032341003418
1.79,1.39,0.63,0.71,0.48,0.23,1.18,0.4,0.27,20175,3.241032361984253
1.8,1.39,0.63,0.71,0.48,0.23,1.18,0.4,0.27,20540,3.245032548904419
1.79,1.39,0.63,0.71,0.48,0.23,1.18,0.4,0.27,20101,3.2490408420562744
1.79,1.39,0.63,0.71,0.48,0.23,1.18,0.4,0.27,19646,3.2500879764556885
1.79,1.39,0.63,0.71,0.48,0.23,1.18,0.4,0.27,19601,3.2533698081970215
1.79,1.39,0.63,0.71,0.48,0.23,1.18,0.4,0.27,19986,3.2576940059661865
1.8,1.39,0.63,0.71,0.48,0.23,1.18,0.4,0.28,20149,3.2616708278656006
1.79,1.39,0.63,0.71,0.48,0.23,1.18,0.4,0.27,20280,3.265745162963867
1.79,1.39,0.63,0.71,0.48,0.23,1.18,0.4,0.27,20283,3.2664101123809814
1.79,1.39,0.63,0.71,0.48,0.23,1.18,0.4,0.27,19954,3.2697362899780273
1.8,1.39,0.63,0.71,0.48,0.23,1.18,0.4,0.27,19605,3.274232864379883
1.79,1.39,0.64,0.71,0.48,0.23,1.18,0.4,0.27,19666,3.27826189994812
1.79,1.39,0.63,0.71,0.48,0.23,1.18,0.4,0.27,19971,3.2789957523345947
1.8,1.39,0.63,0.71,0.48,0.23,1.18,0.4,0.27,19656,3.282259941101074
1.79,1.39,0.63,0.71,0.48,0.23,1.18,0.4,0.27,19447,3.286470651626587
1.79,1.39,0.63,0.71,0.48,0.23,1.18,0.4,0.27,19834,3.2906391620635986
1.79,1.39,0.63,0.71,0.48,0.23,1.18,0.4,0.27,20167,3.2915821075439453
1.8,1.39,0.63,0.71,0.48,0.23,1.19,0.4,0.27,20462,3.2946057319641113
1.79,1.39,0.64,0.71,0.48,0.23,1.19,0.4,0.27,20127,3.2987167835235596
1.79,1.39,0.64,0.71,0.48,0.23,1.18,0.4,0.27,19638,3.3033928871154785
1.8,1.39,0.63,0.71,0.48,0.23,1.18,0.4,0.27,19451,3.3033928871154785
1.79,1.39,0.63,0.71,0.48,0.23,1.19,0.4,0.27,19716,3.306692123413086
1.79,1.39,0.63,0.71,0.48,0.23,1.18,0.4,0.27,20091,3.3117265701293945
1.79,1.39,0.63,0.71,0.48,0.23,1.18,0.4,0.27,20122,3.315061092376709
1.79,1.39,0.64,0.71,0.48,0.23,1.18,0.4,0.27,19963,3.316084384918213
1.79,1.39,0.63,0.71,0.48,0.23,1.18,0.39,0.27,20102,3.319399118423462
1.79,1.39,0.63,0.71,0.48,0.23,1.18,0.4,0.27,19867,3.3234572410583496
1.79,1.39,0.63,0.71,0.48,0.23,1.18,0.4,0.27,19868,3.3275249004364014
1.79,1.39,0.64,0.71,0.48,0.23,1.18,0.39,0.27,19631,3.330756664276123
1.79,1.39,0.63,0.71,0.48,0.23,1.18,0.4,0.27,19940,3.3317883014678955
1.79,1.39,0.63,0.71,0.48,0.23,1.18,0.4,0.28,19623,3.335784912109375
1.79,1.39,0.64,0.71,0.48,0.23,1.18,0.39,0.27,19750,3.339564800262451
1.79,1.39,0.64,0.71,0.48,0.23,1.18,0.4,0.27,20135,3.3437798023223877
1.79,1.39,0.63,0.71,0.48,0.23,1.19,0.4,0.27,20130,3.344604730606079
1.79,1.39,0.64,0.71,0.48,0.23,1.18,0.4,0.27,19901,3.3486030101776123
1.79,1.39,0.64,0.71,0.48,0.23,1.18,0.4,0.27,19824,3.3518762588500977
1.79,1.39,0.63,0.71,0.48,0.23,1.18,0.4,0.27,20115,3.355928421020508
1.79,1.39,0.64,0.71,0.48,0.23,1.18,0.4,0.27,19874,3.355928421020508
1.79,1.39,0.63,0.71,0.48,0.23,1.18,0.4,0.27,19677,3.360137939453125
1.79,1.39,0.63,0.71,0.48,0.23,1.18,0.4,0.27,19946,3.364584445953369
1.8,1.39,0.63,0.71,0.48,0.23,1.18,0.4,0.27,20077,3.3684706687927246
1.79,1.39,0.64,0.71,0.48,0.23,1.18,0.39,0.27,19722,3.3695199489593506
1.79,1.39,0.63,0.71,0.48,0.23,1.18,0.4,0.27,19859,3.3725202083587646
1.79,1.39,0.63,0.71,0.48,0.23,1.18,0.4,0.27,20166,3.3768692016601562
1.79,1.39,0.64,0.71,0.48,0.23,1.18,0.4,0.27,20051,3.381124496459961
1.79,1.39,0.63,0.71,0.48,0.23,1.18,0.4,0.27,19836,3.381124496459961
1.79,1.39,0.64,0.71,0.48,0.23,1.19,0.4,0.27,19775,3.384402275085449
1.79,1.39,0.64,0.71,0.48,0.23,1.18,0.4,0.27,19470,3.3885385990142822
1.79,1.39,0.63,0.71,0.48,0.23,1.18,0.4,0.28,19745,3.393284320831299
1.79,1.39,0.63,0.71,0.48,0.23,1.19,0.4,0.27,19880,3.397062301635742
1.79,1.39,0.63,0.71,0.48,0.23,1.18,0.4,0.27,19775,3.397062301635742
1.79,1.39,0.63,0.71,0.48,0.23,1.19,0.4,0.27,19700,3.401397705078125
1.79,1.39,0.63,0.71,0.48,0.23,1.18,0.4,0.27,19689,3.4051122665405273
1.79,1.39,0.63,0.71,0.48,0.23,1.18,0.4,0.27,19960,3.4093151092529297
1.79,1.39,0.63,0.71,0.48,0.23,1.19,0.4,0.27,19943,3.4093151092529297
1.79,1.39,0.64,0.71,0.48,0.23,1.19,0.4,0.27,20084,3.414153814315796
1.79,1.39,0.63,0.71,0.48,0.23,1.19,0.4,0.27,20165,3.4181535243988037
1.79,1.39,0.63,0.71,0.48,0.23,1.19,0.4,0.27,20164,3.421419143676758
1.79,1.38,0.64,0.71,0.48,0.23,1.19,0.4,0.27,20313,3.422153949737549
1.79,1.39,0.64,0.71,0.48,0.23,1.18,0.4,0.27,19814,3.4251022338867188
1.79,1.39,0.63,0.71,0.48,0.23,1.18,0.4,0.27,19965,3.429813861846924
1.79,1.39,0.64,0.71,0.48,0.23,1.19,0.4,0.27,20220,3.4340293407440186
1.79,1.39,0.63,0.71,0.48,0.23,1.19,0.4,0.27,19785,3.4347970485687256
1.79,1.39,0.63,0.71,0.48,0.23,1.19,0.4,0.27,19890,3.4379587173461914
1.79,1.39,0.63,0.71,0.48,0.23,1.19,0.4,0.27,19925,3.4421136379241943
1.79,1.39,0.63,0.71,0.48,0.23,1.18,0.4,0.27,19646,3.4458467960357666
1.79,1.39,0.64,0.71,0.48,0.23,1.19,0.39,0.27,19741,3.4469027519226074
1.79,1.39,0.64,0.71,0.48,0.23,1.19,0.4,0.27,19858,3.450165271759033
1.79,1.39,0.64,0.71,0.48,0.23,1.19,0.4,0.27,19217,3.45446515083313
1.79,1.39,0.63,0.71,0.48,0.23,1.19,0.4,0.27,19500,3.4585907459259033
1.79,1.39,0.64,0.71,0.48,0.23,1.18,0.4,0.27,19705,3.45932936668396
1.79,1.39,0.64,0.71,0.48,0.23,1.18,0.4,0.28,19472,3.462636709213257
1.79,1.39,0.63,0.71,0.48,0.23,1.18,0.4,0.27,19283,3.4666943550109863
1.79,1.38,0.63,0.71,0.48,0.23,1.19,0.4,0.27,19428,3.471356153488159
1.79,1.39,0.63,0.71,0.48,0.23,1.19,0.4,0.27,19755,3.4742238521575928
1.79,1.39,0.63,0.71,0.48,0.23,1.18,0.4,0.27,19758,3.4752771854400635
1.79,1.39,0.64,0.71,0.48,0.23,1.18,0.4,0.27,19469,3.478895425796509
1.79,1.39,0.64,0.71,0.48,0.23,1.19,0.4,0.27,19452,3.483635663986206
1.79,1.39,0.63,0.71,0.48,0.23,1.19,0.4,0.27,19475,3.487187147140503
1.79,1.39,0.63,0.71,0.48,0.23,1.19,0.4,0.27,19398,3.4879300594329834
1.79,1.39,0.63,0.71,0.48,0.23,1.18,0.4,0.27,19697,3.4911880493164062
1.79,1.39,0.63,0.71,0.48,0.23,1.18,0.4,0.27,19652,3.495924472808838
1.79,1.39,0.63,0.71,0.48,0.23,1.18,0.4,0.27,19887,3.4994771480560303
1.79,1.39,0.63,0.71,0.48,0.23,1.19,0.4,0.28,20280,3.4994771480560303
1.79,1.38,0.63,0.71,0.48,0.23,1.19,0.4,0.27,20325,3.503446340560913
1.79,1.39,0.63,0.71,0.48,0.23,1.18,0.4,0.27,20004,3.508352756500244
1.79,1.39,0.63,0.71,0.48,0.23,1.18,0.4,0.27,19831,3.511519193649292
1.79,1.39,0.64,0.71,0.48,0.23,1.18,0.4,0.27,19998,3.511519193649292
1.79,1.39,0.63,0.71,0.48,0.23,1.19,0.4,0.28,19933,3.5155394077301025
1.79,1.39,0.63,0.71,0.48,0.23,1.19,0.4,0.27,20136,3.5197174549102783
1.79,1.39,0.63,0.71,0.48,0.23,1.19,0.4,0.27,19931,3.524538278579712
1.79,1.39,0.63,0.71,0.48,0.24,1.19,0.4,0.27,19884,3.524538278579712
1.79,1.39,0.63,0.71,0.48,0.23,1.19,0.4,0.28,20035,3.527822256088257
1.79,1.39,0.63,0.71,0.48,0.23,1.19,0.4,0.27,19586,3.5320868492126465
1.79,1.39,0.63,0.71,0.48,0.23,1.19,0.4,0.27,19531,3.536275863647461
1.79,1.39,0.63,0.71,0.48,0.23,1.19,0.4,0.27,19840,3.5403835773468018
1.79,1.39,0.63,0.71,0.48,0.23,1.19,0.4,0.27,19797,3.5403835773468018
1.79,1.39,0.63,0.71,0.48,0.23,1.19,0.4,0.27,19446,3.5446958541870117
1.79,1.39,0.63,0.71,0.48,0.23,1.19,0.4,0.28,19813,3.548701524734497
1.79,1.39,0.63,0.71,0.48,0.23,1.18,0.4,0.27,19730,3.552701473236084
1.79,1.39,0.63,0.71,0.48,0.23,1.18,0.4,0.27,19575,3.552701473236084
1.79,1.39,0.63,0.71,0.48,0.23,1.18,0.4,0.28,19730,3.5567240715026855
1.79,1.39,0.63,0.71,0.48,0.23,1.18,0.4,0.28,19947,3.5609889030456543
1.79,1.39,0.63,0.71,0.48,0.23,1.19,0.4,0.27,19612,3.565014362335205
1.79,1.39,0.63,0.71,0.48,0.23,1.19,0.4,0.27,19639,3.565014362335205
1.79,1.39,0.63,0.71,0.48,0.23,1.18,0.4,0.27,19738,3.56904935836792
1.79,1.39,0.63,0.71,0.48,0.23,1.19,0.4,0.27,20061,3.573270082473755
1.79,1.39,0.64,0.71,0.48,0.23,1.18,0.4,0.28,19582,3.577666759490967
1.79,1.39,0.63,0.71,0.48,0.23,1.19,0.4,0.27,19523,3.577666759490967
1.79,1.39,0.63,0.71,0.48,0.23,1.19,0.4,0.28,20246,3.581681489944458
1.79,1.39,0.63,0.71,0.48,0.23,1.18,0.4,0.27,20347,3.5856857299804688
1.79,1.39,0.63,0.71,0.48,0.23,1.19,0.4,0.27,19710,3.589773416519165
1.79,1.39,0.63,0.71,0.48,0.23,1.19,0.4,0.27,19659,3.590696334838867
1.79,1.39,0.63,0.71,0.48,0.23,1.18,0.4,0.28,19530,3.593709707260132
1.79,1.38,0.63,0.71,0.48,0.23,1.18,0.4,0.27,19561,3.5977635383605957
1.79,1.39,0.63,0.71,0.48,0.23,1.18,0.4,0.28,20052,3.6024792194366455
1.8,1.39,0.63,0.71,0.48,0.23,1.18,0.4,0.27,19995,3.6053194999694824
1.79,1.39,0.63,0.71,0.48,0.23,1.18,0.4,0.28,19740,3.6063547134399414
1.79,1.39,0.63,0.71,0.48,0.23,1.18,0.4,0.27,19517,3.6099772453308105
1.8,1.39,0.63,0.71,0.48,0.23,1.18,0.4,0.27,19678,3.6138103008270264
1.79,1.38,0.63,0.71,0.48,0.23,1.18,0.4,0.27,19935,3.618103265762329
1.79,1.39,0.63,0.71,0.48,0.23,1.19,0.4,0.27,20316,3.618103265762329
1.79,1.39,0.63,0.71,0.48,0.23,1.18,0.4,0.27,20019,3.6225357055664062
1.8,1.38,0.63,0.71,0.48,0.23,1.18,0.4,0.27,19946,3.6269733905792236
1.79,1.39,0.63,0.71,0.48,0.23,1.18,0.4,0.27,19973,3.630263566970825
1.8,1.39,0.64,0.71,0.48,0.23,1.18,0.4,0.27,19786,3.63096284866333
1.8,1.39,0.63,0.71,0.48,0.23,1.18,0.39,0.27,19841,3.634267807006836
1.79,1.39,0.64,0.71,0.48,0.23,1.18,0.4,0.27,20104,3.638972520828247
1.8,1.39,0.63,0.71,0.48,0.23,1.18,0.4,0.27,20029,3.6429717540740967
1.79,1.39,0.63,0.71,0.48,0.23,1.18,0.4,0.27,19860,3.6429717540740967
1.8,1.39,0.63,0.71,0.48,0.23,1.18,0.4,0.27,20025,3.6473259925842285
1.79,1.39,0.63,0.71,0.48,0.23,1.18,0.4,0.28,20004,3.6512575149536133
1.8,1.39,0.63,0.71,0.48,0.23,1.18,0.39,0.27,19781,3.6553549766540527
1.79,1.39,0.63,0.71,0.48,0.23,1.18,0.4,0.27,19906,3.6553549766540527
1.79,1.38,0.63,0.71,0.48,0.23,1.19,0.39,0.28,20153,3.659329652786255
1.79,1.39,0.63,0.71,0.48,0.23,1.19,0.39,0.27,20022,3.663353443145752
1.79,1.39,0.63,0.71,0.48,0.23,1.18,0.4,0.28,19543,3.6674578189849854
1.79,1.39,0.63,0.71,0.48,0.23,1.18,0.39,0.27,19654,3.671619415283203
1.79,1.39,0.63,0.71,0.48,0.23,1.19,0.4,0.27,19691,3.671619415283203
1.79,1.38,0.63,0.71,0.48,0.23,1.18,0.39,0.27,19604,3.67592191696167
1.79,1.39,0.63,0.71,0.48,0.23,1.19,0.4,0.27,19667,3.6802117824554443
1.79,1.39,0.63,0.71,0.48,0.23,1.18,0.4,0.27,20034,3.6837282180786133
1.79,1.39,0.63,0.71,0.48,0.23,1.19,0.4,0.27,19783,3.6837282180786133
1.79,1.38,0.63,0.71,0.48,0.23,1.19,0.4,0.28,19698,3.6878409385681152
1.79,1.39,0.63,0.71,0.48,0.23,1.18,0.4,0.27,20037,3.692160129547119
1.79,1.39,0.63,0.71,0.48,0.23,1.18,0.4,0.27,20306,3.696122169494629
1.79,1.38,0.63,0.71,0.48,0.23,1.19,0.4,0.27,20023,3.696122169494629
1.8,1.39,0.63,0.71,0.48,0.23,1.18,0.4,0.28,20080,3.7001216411590576
1.79,1.38,0.63,0.71,0.48,0.23,1.18,0.4,0.28,19745,3.7045092582702637
1.79,1.38,0.64,0.71,0.48,0.23,1.19,0.4,0.27,19560,3.7085256576538086
1.79,1.39,0.63,0.71,0.48,0.23,1.18,0.4,0.27,19605,3.7085256576538086
1.79,1.39,0.63,0.71,0.48,0.23,1.18,0.4,0.27,19798,3.7124972343444824
1.79,1.38,0.63,0.71,0.48,0.23,1.18,0.4,0.27,19845,3.7163288593292236
1.79,1.39,0.64,0.71,0.48,0.23,1.18,0.4,0.27,20258,3.720498561859131
1.79,1.39,0.63,0.71,0.48,0.23,1.18,0.4,0.27,20013,3.720498561859131
1.79,1.39,0.64,0.71,0.48,0.23,1.18,0.4,0.27,19682,3.7247121334075928
1.79,1.39,0.63,0.71,0.48,0.23,1.18,0.4,0.27,19521,3.72894024848938
1.79,1.39,0.64,0.71,0.48,0.23,1.18,0.4,0.27,19464,3.7329928874969482
1.79,1.39,0.63,0.71,0.48,0.23,1.18,0.4,0.27,20155,3.733926296234131
1.79,1.39,0.63,0.71,0.48,0.23,1.18,0.4,0.27,20068,3.7369191646575928
1.79,1.39,0.64,0.71,0.48,0.23,1.18,0.4,0.27,19495,3.7411413192749023
1.79,1.39,0.63,0.71,0.48,0.23,1.18,0.4,0.28,19700,3.745703935623169
1.79,1.39,0.63,0.71,0.48,0.23,1.18,0.4,0.27,20131,3.748994827270508
1.79,1.39,0.63,0.71,0.48,0.23,1.18,0.4,0.27,19878,3.74973464012146
1.79,1.39,0.63,0.71,0.48,0.23,1.18,0.4,0.27,19627,3.7530593872070312
1.79,1.39,0.63,0.71,0.48,0.23,1.19,0.4,0.27,19898,3.758089542388916
1.79,1.38,0.63,0.71,0.48,0.23,1.18,0.4,0.27,20037,3.7615697383880615
1.79,1.39,0.63,0.71,0.48,0.23,1.18,0.4,0.27,19762,3.7615697383880615
1.79,1.39,0.64,0.71,0.48,0.23,1.19,0.4,0.27,19825,3.765716314315796
1.79,1.39,0.63,0.71,0.48,0.23,1.18,0.4,0.27,20078,3.7699968814849854
1.79,1.39,0.64,0.71,0.48,0.23,1.18,0.4,0.27,19991,3.7740163803100586
1.79,1.39,0.64,0.71,0.48,0.23,1.18,0.4,0.27,19740,3.7740163803100586
1.79,1.39,0.63,0.71,0.48,0.23,1.18,0.4,0.27,20159,3.778013229370117
1.79,1.39,0.64,0.71,0.48,0.23,1.18,0.4,0.27,20080,3.782163143157959
1.79,1.39,0.64,0.71,0.48,0.23,1.18,0.4,0.27,19803,3.786252975463867
1.79,1.39,0.64,0.71,0.48,0.23,1.18,0.4,0.27,19732,3.786989688873291
1.79,1.39,0.64,0.71,0.48,0.23,1.18,0.4,0.27,19733,3.7902603149414062
1.79,1.39,0.64,0.71,0.48,0.23,1.18,0.4,0.27,19592,3.7944090366363525
1.79,1.39,0.64,0.71,0.48,0.23,1.19,0.4,0.27,19905,3.798501491546631
1.79,1.39,0.64,0.71,0.48,0.23,1.18,0.4,0.27,20078,3.7994556427001953
1.79,1.39,0.63,0.71,0.48,0.23,1.18,0.4,0.27,20033,3.802295684814453
1.79,1.39,0.64,0.71,0.48,0.23,1.18,0.4,0.27,19912,3.8063111305236816
1.79,1.39,0.64,0.71,0.48,0.23,1.18,0.4,0.27,19981,3.810894250869751
1.79,1.39,0.64,0.71,0.48,0.23,1.18,0.4,0.27,19960,3.814312219619751
1.79,1.39,0.63,0.71,0.48,0.23,1.19,0.4,0.27,19931,3.8149428367614746
1.79,1.39,0.63,0.71,0.48,0.23,1.19,0.4,0.27,19902,3.8192553520202637
1.79,1.39,0.64,0.71,0.48,0.23,1.18,0.4,0.27,20065,3.823167562484741
1.79,1.39,0.63,0.71,0.48,0.23,1.18,0.4,0.27,19828,3.8270628452301025
1.79,1.39,0.64,0.71,0.48,0.23,1.18,0.4,0.27,19977,3.8270628452301025
1.79,1.39,0.64,0.71,0.48,0.23,1.18,0.4,0.27,20042,3.8311407566070557
1.79,1.39,0.63,0.71,0.48,0.23,1.18,0.4,0.27,19985,3.8353259563446045
1.79,1.39,0.64,0.71,0.48,0.23,1.18,0.4,0.27,19838,3.839400291442871
1.79,1.39,0.64,0.71,0.48,0.23,1.19,0.4,0.27,19507,3.8401410579681396
1.79,1.39,0.63,0.71,0.48,0.22,1.19,0.4,0.27,19994,3.8434009552001953
1.79,1.39,0.64,0.71,0.48,0.23,1.19,0.4,0.28,19727,3.8485586643218994
1.79,1.39,0.63,0.71,0.48,0.23,1.18,0.4,0.27,19540,3.8517186641693115
1.79,1.39,0.64,0.71,0.48,0.23,1.19,0.4,0.27,19437,3.85255765914917
1.79,1.39,0.64,0.71,0.48,0.23,1.19,0.4,0.27,19820,3.8558285236358643
1.79,1.39,0.64,0.71,0.48,0.22,1.19,0.4,0.27,19745,3.8597958087921143
1.79,1.39,0.64,0.71,0.48,0.23,1.19,0.39,0.27,19550,3.8640482425689697
1.79,1.39,0.63,0.71,0.48,0.23,1.19,0.4,0.27,20001,3.8640482425689697
1.79,1.39,0.64,0.71,0.48,0.23,1.19,0.4,0.27,19924,3.867997646331787
1.79,1.39,0.63,0.71,0.48,0.23,1.19,0.4,0.28,20099,3.872309923171997
1.79,1.39,0.63,0.71,0.48,0.23,1.19,0.4,0.27,20038,3.8763949871063232
1.79,1.39,0.64,0.71,0.48,0.23,1.19,0.4,0.27,19785,3.8773105144500732
1.79,1.39,0.63,0.71,0.48,0.23,1.19,0.4,0.28,19528,3.880310297012329
1.79,1.39,0.64,0.71,0.48,0.23,1.19,0.4,0.27,19785,3.8844847679138184
1.79,1.39,0.64,0.71,0.48,0.23,1.18,0.4,0.27,19726,3.8886587619781494
1.79,1.39,0.64,0.71,0.48,0.22,1.19,0.4,0.27,19557,3.8929595947265625
1.79,1.39,0.64,0.71,0.48,0.23,1.19,0.4,0.27,19526,3.8929595947265625
1.79,1.39,0.63,0.71,0.48,0.23,1.18,0.39,0.27,19541,3.897209644317627
1.79,1.39,0.63,0.71,0.48,0.23,1.19,0.4,0.27,20168,3.9012093544006348
1.79,1.39,0.63,0.71,0.48,0.23,1.19,0.4,0.27,19969,3.9045846462249756
1.79,1.39,0.63,0.71,0.48,0.23,1.19,0.4,0.27,19518,3.905299663543701
1.79,1.39,0.63,0.71,0.48,0.23,1.18,0.4,0.27,20105,3.909298896789551
1.79,1.39,0.63,0.71,0.48,0.23,1.19,0.4,0.27,19752,3.913296937942505
1.79,1.39,0.63,0.71,0.48,0.23,1.18,0.4,0.28,19483,3.9168570041656494
1.79,1.39,0.63,0.71,0.48,0.23,1.19,0.4,0.27,19472,3.9168570041656494
1.79,1.39,0.63,0.71,0.48,0.23,1.18,0.4,0.28,19875,3.9212722778320312
1.79,1.39,0.63,0.71,0.48,0.23,1.19,0.39,0.27,20402,3.9254987239837646
1.79,1.39,0.63,0.71,0.48,0.23,1.19,0.4,0.27,20299,3.929591178894043
1.79,1.39,0.63,0.71,0.48,0.23,1.18,0.4,0.27,20320,3.930511474609375
1.79,1.39,0.64,0.71,0.48,0.23,1.18,0.39,0.27,20093,3.9335501194000244
1.79,1.39,0.63,0.71,0.48,0.23,1.19,0.4,0.27,19474,3.937767744064331
1.79,1.39,0.63,0.71,0.48,0.23,1.19,0.4,0.27,19563,3.9418206214904785
1.79,1.39,0.63,0.71,0.48,0.23,1.18,0.39,0.27,19850,3.9425251483917236
1.79,1.39,0.63,0.71,0.48,0.23,1.19,0.4,0.27,20445,3.945805072784424
1.79,1.39,0.63,0.71,0.48,0.23,1.19,0.4,0.27,20060,3.9500441551208496
1.79,1.39,0.63,0.71,0.48,0.23,1.19,0.4,0.28,19893,3.95428204536438
1.79,1.39,0.63,0.71,0.48,0.23,1.19,0.4,0.27,20194,3.9581713676452637
1.79,1.39,0.63,0.71,0.48,0.24,1.19,0.4,0.27,20019,3.9581713676452637
1.79,1.39,0.63,0.71,0.48,0.23,1.19,0.4,0.27,19966,3.9624252319335938
1.79,1.39,0.63,0.71,0.48,0.23,1.18,0.4,0.27,19867,3.9662466049194336
1.79,1.39,0.64,0.71,0.48,0.23,1.19,0.39,0.28,20076,3.9702281951904297
1.79,1.39,0.63,0.71,0.48,0.23,1.19,0.4,0.27,20115,3.9702281951904297
1.79,1.39,0.64,0.71,0.48,0.23,1.18,0.4,0.27,20388,3.9749770164489746
1.79,1.39,0.64,0.71,0.48,0.23,1.19,0.4,0.27,20149,3.9789862632751465
1.79,1.39,0.63,0.71,0.48,0.23,1.18,0.4,0.27,19984,3.9827778339385986
1.79,1.39,0.63,0.71,0.48,0.23,1.19,0.4,0.27,19845,3.9827778339385986
1.79,1.39,0.63,0.71,0.48,0.23,1.19,0.39,0.28,19844,3.9866011142730713
1.79,1.39,0.64,0.71,0.48,0.23,1.19,0.4,0.28,19533,3.990960121154785
1.79,1.39,0.64,0.71,0.48,0.23,1.19,0.39,0.27,19682,3.9951348304748535
1.79,1.39,0.63,0.71,0.48,0.23,1.18,0.4,0.27,20531,3.9951348304748535
1.79,1.39,0.64,0.71,0.48,0.23,1.19,0.4,0.28,20504,3.998645544052124
1.79,1.39,0.63,0.71,0.48,0.23,1.18,0.4,0.27,19973,4.002911806106567
1.79,1.39,0.63,0.71,0.48,0.23,1.19,0.39,0.27,19702,4.00742244720459
1.79,1.39,0.64,0.71,0.48,0.23,1.18,0.4,0.28,19955,4.008303880691528
1.79,1.39,0.63,0.71,0.48,0.23,1.18,0.4,0.27,19910,4.011393070220947
1.79,1.39,0.64,0.71,0.48,0.23,1.19,0.4,0.27,19909,4.015559196472168
1.79,1.39,0.63,0.71,0.48,0.23,1.19,0.4,0.28,19840,4.01955246925354
1.79,1.39,0.64,0.71,0.48,0.23,1.18,0.4,0.27,19809,4.022840976715088
1.79,1.39,0.63,0.71,0.48,0.23,1.18,0.4,0.28,19596,4.02390193939209
1.79,1.39,0.63,0.71,0.48,0.23,1.19,0.4,0.28,19643,4.027902126312256
1.79,1.39,0.63,0.71,0.48,0.23,1.19,0.4,0.27,20084,4.032027006149292
1.79,1.39,0.64,0.71,0.48,0.23,1.19,0.4,0.28,20089,4.036008358001709
1.79,1.39,0.63,0.71,0.48,0.23,1.19,0.4,0.27,20020,4.03655481338501
1.79,1.38,0.64,0.71,0.48,0.23,1.18,0.4,0.28,20127,4.040566682815552
1.79,1.39,0.64,0.71,0.48,0.23,1.19,0.4,0.27,20266,4.0441203117370605
1.79,1.39,0.63,0.71,0.48,0.23,1.19,0.4,0.27,20029,4.048781871795654
1.79,1.39,0.63,0.71,0.48,0.23,1.19,0.4,0.27,20268,4.048781871795654
1.79,1.39,0.64,0.71,0.48,0.23,1.18,0.4,0.27,20575,4.052035570144653
1.79,1.39,0.63,0.71,0.48,0.23,1.19,0.4,0.27,20460,4.056582689285278
1.79,1.39,0.63,0.71,0.48,0.23,1.18,0.4,0.28,19741,4.060609340667725
1.79,1.39,0.63,0.71,0.48,0.23,1.18,0.4,0.27,19492,4.061384916305542
1.81,1.4,0.61,0.69,0.46,0.22,1.18,0.39,0.27,19583,4.06463885307312
1.8,1.39,0.62,0.7,0.46,0.23,1.18,0.4,0.27,19352,4.068840742111206
1.8,1.39,0.62,0.7,0.46,0.23,1.18,0.4,0.27,19581,4.072939395904541
1.8,1.39,0.62,0.7,0.46,0.23,1.18,0.4,0.27,20034,4.0737481117248535
1.8,1.39,0.62,0.7,0.47,0.23,1.18,0.4,0.27,19987,4.076923608779907
1.8,1.39,0.62,0.7,0.46,0.23,1.18,0.4,0.27,19694,4.0810160636901855
1.8,1.39,0.62,0.7,0.47,0.23,1.18,0.4,0.27,20039,4.085017681121826
1.8,1.39,0.62,0.7,0.47,0.23,1.18,0.4,0.27,19950,4.085747957229614
1.8,1.39,0.62,0.7,0.47,0.23,1.18,0.4,0.27,19565,4.089257001876831
1.8,1.39,0.62,0.7,0.47,0.23,1.18,0.4,0.27,19850,4.093329668045044
1.8,1.39,0.62,0.7,0.47,0.23,1.18,0.4,0.27,20165,4.097589492797852
1.8,1.39,0.62,0.7,0.47,0.23,1.18,0.4,0.27,20016,4.098478555679321
1.8,1.39,0.62,0.7,0.47,0.23,1.18,0.4,0.27,19889,4.101557493209839
1.8,1.39,0.62,0.7,0.47,0.23,1.18,0.4,0.27,20238,4.105461835861206
1.8,1.39,0.62,0.7,0.47,0.23,1.18,0.4,0.27,19639,4.1101908683776855
1.8,1.39,0.62,0.7,0.47,0.23,1.18,0.4,0.27,19344,4.113872528076172
1.8,1.39,0.62,0.7,0.47,0.23,1.18,0.4,0.27,19725,4.113872528076172
1.8,1.39,0.63,0.7,0.47,0.23,1.19,0.4,0.27,20004,4.118267297744751
1.8,1.39,0.62,0.7,0.47,0.23,1.18,0.4,0.27,19775,4.121922731399536
1.8,1.39,0.62,0.7,0.47,0.23,1.18,0.4,0.27,19612,4.125917673110962
1.8,1.39,0.62,0.7,0.47,0.23,1.18,0.4,0.28,19525,4.126648187637329
1.8,1.39,0.62,0.7,0.46,0.23,1.18,0.41,0.27,19802,4.1306610107421875
1.8,1.39,0.62,0.7,0.46,0.23,1.18,0.4,0.28,20079,4.134647369384766
1.8,1.39,0.62,0.7,0.47,0.23,1.18,0.4,0.27,20152,4.138458251953125
1.8,1.39,0.62,0.7,0.46,0.23,1.18,0.4,0.27,20143,4.138458251953125
1.8,1.39,0.62,0.7,0.47,0.23,1.18,0.41,0.27,20336,4.142430067062378
1.8,1.39,0.62,0.7,0.47,0.23,1.18,0.4,0.27,20027,4.146613359451294
1.8,1.39,0.62,0.7,0.46,0.23,1.18,0.4,0.27,19858,4.149890899658203
1.8,1.39,0.62,0.7,0.47,0.23,1.18,0.4,0.28,19793,4.150939226150513
1.8,1.39,0.63,0.7,0.47,0.23,1.18,0.4,0.27,19498,4.1546311378479
1.8,1.39,0.62,0.7,0.46,0.23,1.18,0.4,0.26,19413,4.15860915184021
1.8,1.39,0.63,0.7,0.47,0.23,1.18,0.4,0.27,19376,4.163634300231934
1.8,1.39,0.63,0.7,0.46,0.23,1.18,0.4,0.27,20029,4.163634300231934
1.8,1.39,0.62,0.7,0.46,0.22,1.18,0.4,0.27,19990,4.166924715042114
1.8,1.39,0.63,0.7,0.46,0.23,1.18,0.4,0.27,19847,4.1716625690460205
1.8,1.39,0.62,0.7,0.47,0.23,1.17,0.4,0.27,19968,4.175394058227539
1.8,1.39,0.63,0.7,0.46,0.23,1.17,0.4,0.27,19749,4.176337957382202
1.81,1.39,0.62,0.7,0.47,0.22,1.17,0.4,0.27,19786,4.179444074630737
1.81,1.39,0.62,0.7,0.47,0.22,1.17,0.4,0.27,20015,4.18345046043396
1.8,1.39,0.62,0.7,0.47,0.22,1.17,0.4,0.27,19960,4.187601327896118
1.81,1.39,0.62,0.7,0.47,0.22,1.17,0.4,0.26,19727,4.191681623458862
1.81,1.39,0.62,0.7,0.46,0.22,1.17,0.4,0.27,20086,4.191681623458862
1.81,1.39,0.62,0.7,0.47,0.22,1.17,0.4,0.26,20167,4.195921182632446
1.81,1.39,0.62,0.7,0.47,0.23,1.17,0.4,0.27,20082,4.200315475463867
1.81,1.4,0.62,0.7,0.47,0.22,1.16,0.4,0.27,20201,4.204470634460449
1.81,1.39,0.62,0.7,0.47,0.23,1.17,0.4,0.27,20258,4.204470634460449
1.81,1.4,0.62,0.7,0.46,0.22,1.17,0.4,0.27,20273,4.207762956619263
1.81,1.39,0.62,0.7,0.47,0.23,1.17,0.4,0.27,20074,4.212459325790405
1.81,1.39,0.63,0.7,0.47,0.23,1.17,0.4,0.27,19983,4.21647572517395
1.81,1.39,0.63,0.69,0.46,0.23,1.17,0.4,0.27,20192,4.21647572517395
1.81,1.39,0.63,0.7,0.47,0.23,1.17,0.4,0.27,19977,4.2204742431640625
1.81,1.39,0.63,0.7,0.47,0.23,1.17,0.4,0.27,19562,4.224129676818848
1.81,1.39,0.63,0.7,0.47,0.23,1.17,0.4,0.27,19963,4.228047847747803
1.81,1.39,0.63,0.7,0.46,0.23,1.17,0.4,0.27,19718,4.229091644287109
1.8,1.39,0.63,0.7,0.47,0.23,1.16,0.4,0.26,19601,4.2326438426971436
1.81,1.39,0.63,0.7,0.47,0.23,1.17,0.4,0.27,19832,4.236621618270874
1.81,1.39,0.63,0.7,0.47,0.23,1.17,0.4,0.27,20223,4.240921258926392
1.8,1.39,0.64,0.7,0.47,0.23,1.17,0.4,0.26,20260,4.241964101791382
1.81,1.39,0.63,0.7,0.46,0.23,1.16,0.4,0.27,20017,4.245012998580933
1.81,1.39,0.63,0.7,0.47,0.23,1.17,0.4,0.26,20006,4.248947858810425
1.8,1.39,0.63,0.7,0.47,0.23,1.17,0.4,0.27,19739,4.252947092056274
1.81,1.39,0.63,0.7,0.47,0.23,1.17,0.41,0.27,19676,4.253948211669922
1.81,1.39,0.63,0.7,0.47,0.23,1.17,0.4,0.26,20113,4.256949424743652
1.81,1.39,0.63,0.71,0.47,0.23,1.17,0.4,0.26,19930,4.261088132858276
1.81,1.39,0.64,0.7,0.47,0.23,1.17,0.4,0.27,19809,4.265260696411133
1.8,1.39,0.64,0.7,0.47,0.23,1.17,0.4,0.26,20002,4.266260623931885
1.8,1.39,0.63,0.7,0.46,0.23,1.17,0.4,0.25,19889,4.26926851272583
1.8,1.39,0.63,0.7,0.47,0.23,1.16,0.4,0.26,19930,4.273268699645996
1.8,1.39,0.64,0.71,0.47,0.23,1.17,0.4,0.26,19839,4.277269124984741
1.8,1.39,0.64,0.7,0.47,0.23,1.17,0.4,0.27,19884,4.282305002212524
1.8,1.39,0.64,0.7,0.47,0.23,1.17,0.4,0.26,19693,4.282305002212524
1.8,1.39,0.64,0.7,0.47,0.23,1.17,0.4,0.26,19748,4.285821199417114
1.8,1.39,0.64,0.7,0.47,0.23,1.17,0.4,0.26,19607,4.289757013320923
1.8,1.39,0.64,0.71,0.47,0.23,1.17,0.4,0.26,20052,4.294088363647461
1.8,1.39,0.64,0.7,0.47,0.23,1.17,0.4,0.26,20345,4.294827938079834
1.8,1.39,0.64,0.71,0.47,0.23,1.17,0.4,0.26,20088,4.29810357093811
1.8,1.39,0.64,0.71,0.47,0.23,1.16,0.4,0.26,19913,4.302095413208008
1.8,1.39,0.64,0.71,0.47,0.23,1.17,0.4,0.26,19816,4.306668519973755
1.8,1.39,0.64,0.71,0.47,0.23,1.17,0.4,0.26,19697,4.307639837265015
1.8,1.39,0.64,0.71,0.47,0.23,1.16,0.4,0.26,19762,4.31039834022522
1.81,1.39,0.63,0.7,0.47,0.22,1.17,0.4,0.26,19585,4.314199447631836
1.81,1.39,0.63,0.7,0.47,0.23,1.17,0.4,0.26,19430,4.318612098693848
1.81,1.39,0.63,0.7,0.47,0.23,1.17,0.41,0.27,19737,4.319376230239868
1.8,1.39,0.63,0.7,0.47,0.23,1.17,0.4,0.26,19848,4.322386264801025
1.8,1.39,0.63,0.71,0.47,0.22,1.17,0.4,0.26,19865,4.3268327713012695
1.8,1.39,0.64,0.71,0.47,0.23,1.17,0.4,0.27,19814,4.330731391906738
1.8,1.39,0.63,0.7,0.47,0.23,1.17,0.4,0.26,19661,4.331723213195801
1.8,1.39,0.63,0.71,0.47,0.23,1.17,0.4,0.27,20194,4.334919691085815
1.8,1.39,0.64,0.71,0.47,0.23,1.17,0.4,0.26,20137,4.338990211486816
1.8,1.39,0.64,0.71,0.47,0.23,1.17,0.4,0.27,19886,4.343334197998047
1.8,1.39,0.64,0.7,0.49,0.23,1.17,0.39,0.26,19789,4.346285104751587
1.81,1.39,0.63,0.71,0.47,0.23,1.17,0.4,0.27,20102,4.347336769104004
1.8,1.39,0.64,0.71,0.47,0.23,1.17,0.4,0.27,20109,4.351660490036011
1.8,1.39,0.63,0.71,0.47,0.23,1.17,0.4,0.27,19808,4.355965614318848
1.8,1.39,0.63,0.71,0.48,0.23,1.17,0.4,0.27,19951,4.3596413135528564
1.8,1.39,0.63,0.71,0.48,0.23,1.17,0.4,0.26,19828,4.360687971115112
1.8,1.39,0.63,0.71,0.47,0.23,1.17,0.4,0.27,19441,4.363400459289551
1.8,1.39,0.63,0.7,0.47,0.23,1.17,0.4,0.26,19908,4.367208242416382
1.8,1.39,0.63,0.71,0.47,0.23,1.17,0.4,0.27,19929,4.37163519859314
1.8,1.39,0.64,0.71,0.47,0.23,1.17,0.4,0.27,19690,4.372384309768677
1.8,1.39,0.63,0.71,0.47,0.23,1.17,0.4,0.27,19851,4.375932455062866
1.8,1.39,0.64,0.71,0.47,0.23,1.17,0.4,0.26,19508,4.380694627761841
1.8,1.39,0.63,0.71,0.47,0.23,1.17,0.4,0.26,19187,4.384003400802612
1.8,1.39,0.63,0.71,0.47,0.23,1.18,0.4,0.26,19408,4.384690523147583
1.8,1.39,0.64,0.71,0.47,0.23,1.17,0.4,0.27,19789,4.388246297836304
1.8,1.39,0.63,0.71,0.47,0.23,1.17,0.4,0.26,19884,4.392335414886475
1.8,1.39,0.63,0.71,0.47,0.23,1.17,0.41,0.26,19685,4.396663665771484
1.8,1.39,0.63,0.71,0.47,0.24,1.17,0.4,0.26,19646,4.396663665771484
1.8,1.39,0.64,0.71,0.47,0.23,1.17,0.4,0.27,19983,4.39998984336853
1.8,1.39,0.64,0.71,0.47,0.23,1.17,0.4,0.26,19718,4.404098033905029
1.8,1.39,0.64,0.71,0.48,0.23,1.17,0.4,0.27,19727,4.409130573272705
1.8,1.39,0.64,0.71,0.47,0.23,1.17,0.4,0.27,19732,4.412395477294922
1.8,1.39,0.64,0.71,0.47,0.23,1.17,0.4,0.27,20071,4.4131200313568115
1.8,1.39,0.64,0.71,0.47,0.23,1.17,0.4,0.27,19980,4.4171302318573
1.8,1.39,0.64,0.71,0.47,0.23,1.17,0.4,0.26,20037,4.421443700790405
1.8,1.39,0.63,0.71,0.47,0.23,1.17,0.4,0.27,20234,4.425107002258301
1.8,1.39,0.64,0.71,0.47,0.23,1.17,0.4,0.27,20133,4.425107002258301
1.8,1.39,0.64,0.71,0.47,0.23,1.17,0.4,0.27,19828,4.429088830947876
1.8,1.39,0.64,0.71,0.47,0.23,1.17,0.4,0.27,19661,4.433202266693115
1.8,1.39,0.64,0.71,0.47,0.23,1.17,0.4,0.27,19892,4.437512159347534
1.8,1.39,0.64,0.71,0.47,0.23,1.17,0.4,0.27,20323,4.438551425933838
1.8,1.39,0.64,0.71,0.47,0.23,1.17,0.4,0.27,20104,4.441296100616455
1.8,1.39,0.64,0.71,0.47,0.23,1.17,0.4,0.27,19653,4.445311069488525
1.8,1.39,0.63,0.71,0.47,0.23,1.17,0.4,0.27,19710,4.4500322341918945
1.8,1.39,0.64,0.71,0.48,0.23,1.17,0.4,0.27,20053,4.4500322341918945
1.8,1.39,0.63,0.71,0.47,0.23,1.17,0.4,0.27,19736,4.454041242599487
1.8,1.39,0.64,0.71,0.48,0.23,1.17,0.4,0.27,19349,4.457875728607178
1.8,1.39,0.64,0.71,0.47,0.23,1.17,0.4,0.27,19468,4.462453126907349
1.8,1.39,0.63,0.71,0.47,0.23,1.17,0.4,0.27,20071,4.462453126907349
1.8,1.39,0.64,0.71,0.47,0.23,1.17,0.4,0.27,19966,4.465719938278198
1.8,1.39,0.64,0.71,0.47,0.23,1.17,0.4,0.27,19799,4.470071792602539
1.8,1.39,0.64,0.71,0.47,0.23,1.17,0.4,0.27,19458,4.47442102432251
1.81,1.39,0.64,0.71,0.47,0.23,1.17,0.4,0.27,19855,4.475470542907715
1.8,1.39,0.63,0.71,0.47,0.23,1.17,0.4,0.27,19792,4.477816104888916
1.8,1.39,0.64,0.71,0.48,0.23,1.17,0.4,0.26,19781,4.4821248054504395
1.8,1.39,0.63,0.71,0.47,0.23,1.17,0.4,0.27,19740,4.4868483543396
1.8,1.39,0.64,0.71,0.47,0.23,1.17,0.4,0.26,19809,4.4904186725616455
1.8,1.39,0.63,0.71,0.47,0.23,1.17,0.4,0.27,19762,4.491147994995117
1.8,1.39,0.64,0.71,0.47,0.23,1.17,0.4,0.26,19677,4.494465112686157
1.8,1.39,0.64,0.71,0.48,0.23,1.17,0.41,0.27,20104,4.4989259243011475
1.8,1.39,0.64,0.71,0.47,0.23,1.17,0.4,0.27,20027,4.502958536148071
1.8,1.39,0.64,0.71,0.47,0.23,1.17,0.4,0.27,19590,4.502958536148071
1.8,1.39,0.64,0.71,0.47,0.23,1.17,0.4,0.27,19533,4.506518125534058
1.8,1.39,0.64,0.71,0.47,0.23,1.17,0.4,0.27,19802,4.511268138885498
1.8,1.39,0.64,0.71,0.47,0.23,1.17,0.4,0.27,19727,4.515177011489868
1.8,1.39,0.64,0.71,0.47,0.23,1.17,0.4,0.27,19958,4.515907287597656
1.8,1.39,0.64,0.71,0.47,0.23,1.17,0.4,0.27,20013,4.519319534301758
1.8,1.39,0.64,0.71,0.48,0.23,1.17,0.4,0.27,20066,4.523293733596802
1.8,1.39,0.64,0.71,0.47,0.23,1.17,0.4,0.27,19905,4.527282953262329
1.8,1.39,0.64,0.71,0.47,0.23,1.17,0.4,0.27,19788,4.528293609619141
1.8,1.39,0.64,0.71,0.47,0.23,1.17,0.4,0.27,19577,4.531283140182495
1.8,1.39,0.64,0.71,0.47,0.23,1.17,0.4,0.27,19410,4.535282850265503
1.8,1.39,0.64,0.71,0.47,0.23,1.17,0.41,0.27,19709,4.539691925048828
1.8,1.39,0.64,0.71,0.47,0.23,1.17,0.4,0.27,19604,4.539691925048828
1.8,1.39,0.64,0.71,0.47,0.23,1.17,0.4,0.27,19847,4.543342113494873
1.8,1.39,0.64,0.71,0.47,0.23,1.17,0.4,0.28,19674,4.547428131103516
1.8,1.39,0.64,0.71,0.47,0.23,1.17,0.4,0.27,19633,4.552444696426392
1.8,1.39,0.64,0.71,0.47,0.23,1.17,0.4,0.27,20070,4.555686712265015
1.8,1.39,0.64,0.71,0.47,0.23,1.17,0.4,0.27,19957,4.556439399719238
1.8,1.39,0.64,0.71,0.47,0.23,1.17,0.4,0.27,19648,4.560439348220825
1.8,1.39,0.64,0.71,0.47,0.23,1.17,0.4,0.27,20079,4.563955783843994
1.8,1.39,0.64,0.71,0.47,0.23,1.17,0.4,0.27,20016,4.568504810333252
1.8,1.39,0.64,0.71,0.48,0.23,1.17,0.4,0.27,19859,4.56898045539856
1.8,1.39,0.64,0.71,0.48,0.23,1.17,0.4,0.27,19868,4.572662830352783
1.8,1.39,0.64,0.71,0.47,0.23,1.17,0.4,0.27,19937,4.57677960395813
1.8,1.39,0.64,0.71,0.48,0.24,1.17,0.4,0.27,19736,4.580782890319824
1.8,1.39,0.64,0.71,0.48,0.23,1.17,0.4,0.27,19679,4.581687688827515
1.8,1.39,0.64,0.71,0.48,0.24,1.17,0.4,0.27,19612,4.584820508956909
1.8,1.39,0.64,0.71,0.48,0.23,1.17,0.4,0.27,19835,4.588974714279175
1.8,1.38,0.64,0.71,0.48,0.22,1.17,0.4,0.27,19710,4.59233546257019
1.8,1.39,0.64,0.71,0.48,0.23,1.17,0.4,0.26,19429,4.593344211578369
1.8,1.39,0.64,0.71,0.48,0.23,1.18,0.4,0.27,19764,4.596849203109741
1.8,1.39,0.64,0.71,0.48,0.23,1.17,0.4,0.27,19949,4.601470232009888
1.8,1.39,0.64,0.71,0.47,0.23,1.17,0.4,0.27,19774,4.606106519699097
1.8,1.39,0.64,0.71,0.48,0.24,1.17,0.4,0.27,19481,4.606106519699097
1.8,1.39,0.64,0.71,0.48,0.23,1.17,0.4,0.27,19472,4.6099090576171875
1.8,1.39,0.64,0.71,0.48,0.23,1.17,0.4,0.27,19699,4.613325357437134
1.8,1.39,0.64,0.71,0.48,0.23,1.17,0.4,0.27,19852,4.617525577545166
1.8,1.39,0.64,0.71,0.48,0.23,1.17,0.4,0.27,19627,4.621574640274048
1.8,1.39,0.63,0.71,0.48,0.23,1.17,0.4,0.27,19392,4.622313737869263
1.8,1.39,0.64,0.71,0.48,0.23,1.17,0.4,0.27,19335,4.625578880310059
1.8,1.39,0.64,0.71,0.48,0.23,1.17,0.4,0.27,19576,4.630311965942383
1.8,1.39,0.64,0.71,0.48,0.23,1.17,0.4,0.27,19781,4.634012222290039
1.8,1.39,0.64,0.71,0.48,0.23,1.17,0.4,0.27,19766,4.634012222290039
1.8,1.39,0.64,0.71,0.47,0.23,1.17,0.4,0.27,19797,4.638111591339111
1.8,1.39,0.63,0.7,0.47,0.23,1.17,0.4,0.27,20108,4.642335891723633
1.8,1.39,0.64,0.71,0.48,0.23,1.17,0.4,0.27,20075,4.64579963684082
1.8,1.39,0.64,0.71,0.48,0.23,1.17,0.4,0.27,19752,4.64684796333313
1.8,1.39,0.64,0.71,0.48,0.23,1.17,0.4,0.27,20075,4.650377988815308
1.8,1.39,0.64,0.71,0.48,0.23,1.17,0.4,0.27,20116,4.654778718948364
1.8,1.39,0.64,0.71,0.48,0.23,1.17,0.4,0.27,19891,4.658756256103516
1.8,1.39,0.64,0.71,0.48,0.23,1.17,0.4,0.27,19948,4.658756256103516
1.8,1.39,0.64,0.71,0.48,0.23,1.17,0.4,0.27,19563,4.662776470184326
1.8,1.39,0.64,0.71,0.48,0.23,1.17,0.4,0.27,19564,4.666918754577637
1.8,1.39,0.64,0.71,0.47,0.24,1.17,0.4,0.27,19949,4.670925617218018
1.8,1.39,0.64,0.71,0.47,0.23,1.17,0.4,0.27,20260,4.671762704849243
1.8,1.39,0.64,0.71,0.47,0.24,1.17,0.4,0.27,20467,4.675374746322632
1.8,1.39,0.64,0.71,0.48,0.23,1.17,0.4,0.27,20492,4.679127931594849
1.8,1.39,0.64,0.71,0.48,0.23,1.17,0.4,0.27,19979,4.6834704875946045
1.8,1.39,0.64,0.71,0.47,0.23,1.17,0.4,0.27,19888,4.6834704875946045
1.8,1.39,0.64,0.71,0.47,0.23,1.17,0.4,0.27,19587,4.687272071838379
1.8,1.39,0.64,0.71,0.47,0.23,1.17,0.4,0.27,19446,4.691514015197754
1.8,1.39,0.64,0.71,0.48,0.24,1.17,0.4,0.27,19489,4.695627927780151
1.8,1.39,0.64,0.71,0.48,0.23,1.17,0.4,0.27,19626,4.699628829956055
1.8,1.39,0.63,0.71,0.48,0.23,1.17,0.4,0.27,19687,4.699628829956055
1.8,1.39,0.64,0.71,0.48,0.23,1.17,0.4,0.27,19544,4.70331597328186
1.8,1.39,0.63,0.71,0.48,0.23,1.17,0.4,0.27,19791,4.708448648452759
1.8,1.39,0.64,0.71,0.48,0.23,1.17,0.4,0.28,19700,4.711833238601685
1.8,1.39,0.64,0.71,0.48,0.23,1.17,0.4,0.27,19759,4.711833238601685
1.8,1.39,0.64,0.71,0.48,0.23,1.17,0.4,0.27,19828,4.715937614440918
1.8,1.39,0.64,0.71,0.48,0.23,1.17,0.4,0.27,19763,4.7203052043914795
1.8,1.39,0.64,0.71,0.48,0.23,1.17,0.4,0.27,19320,4.724306583404541
1.8,1.39,0.64,0.71,0.48,0.23,1.17,0.4,0.27,19341,4.724306583404541
1.8,1.39,0.64,0.71,0.48,0.23,1.17,0.4,0.27,19594,4.728283882141113
1.8,1.39,0.64,0.71,0.48,0.23,1.17,0.4,0.27,20031,4.732275009155273
1.8,1.39,0.64,0.71,0.48,0.23,1.17,0.4,0.27,19864,4.736289739608765
1.8,1.39,0.64,0.71,0.48,0.23,1.17,0.4,0.27,19951,4.736289739608765
1.8,1.39,0.64,0.71,0.48,0.23,1.17,0.4,0.27,19852,4.740367889404297
1.8,1.39,0.63,0.71,0.48,0.23,1.17,0.4,0.27,19817,4.744642019271851
1.8,1.39,0.64,0.71,0.48,0.23,1.17,0.4,0.27,19682,4.748518228530884
1.8,1.39,0.64,0.71,0.48,0.23,1.17,0.4,0.27,19777,4.748518228530884
1.8,1.39,0.64,0.71,0.48,0.23,1.17,0.4,0.27,19820,4.752537488937378
1.8,1.39,0.64,0.71,0.48,0.23,1.17,0.4,0.27,20111,4.756932973861694
1.8,1.39,0.64,0.71,0.47,0.23,1.17,0.4,0.27,20370,4.761245965957642
1.8,1.39,0.64,0.71,0.48,0.23,1.17,0.4,0.27,19929,4.765231132507324
1.8,1.39,0.64,0.71,0.48,0.23,1.17,0.4,0.27,19574,4.765231132507324
1.8,1.39,0.64,0.71,0.48,0.24,1.17,0.4,0.27,19867,4.768944025039673
1.8,1.39,0.64,0.71,0.48,0.23,1.17,0.4,0.27,20408,4.773687124252319
1.8,1.39,0.64,0.71,0.48,0.23,1.17,0.4,0.27,19943,4.776970624923706
1.8,1.39,0.64,0.71,0.48,0.23,1.17,0.4,0.27,19792,4.777703523635864
1.8,1.39,0.64,0.71,0.48,0.23,1.17,0.4,0.27,20033,4.78169322013855
1.8,1.39,0.64,0.71,0.48,0.23,1.16,0.4,0.27,20336,4.785438060760498
1.8,1.39,0.64,0.71,0.48,0.23,1.17,0.4,0.27,19931,4.789432525634766
1.8,1.39,0.64,0.71,0.47,0.23,1.17,0.4,0.27,19828,4.789432525634766
1.8,1.39,0.64,0.71,0.48,0.23,1.17,0.4,0.27,19819,4.793702602386475
1.8,1.39,0.64,0.71,0.48,0.23,1.17,0.4,0.27,19890,4.798287630081177
1.8,1.39,0.64,0.71,0.48,0.23,1.17,0.4,0.27,20263,4.801903963088989
1.8,1.39,0.64,0.71,0.48,0.23,1.17,0.4,0.27,20110,4.802642583847046
1.8,1.39,0.64,0.71,0.48,0.23,1.17,0.4,0.27,20207,4.805437088012695
1.8,1.39,0.64,0.71,0.48,0.23,1.17,0.4,0.27,20252,4.810482501983643
1.8,1.39,0.63,0.71,0.48,0.23,1.17,0.4,0.27,19651,4.814314842224121
1.8,1.39,0.64,0.71,0.48,0.23,1.17,0.4,0.27,19466,4.815040826797485
1.81,1.39,0.64,0.71,0.48,0.23,1.17,0.4,0.27,19385,4.8182759284973145
1.8,1.39,0.64,0.71,0.48,0.23,1.17,0.4,0.27,19888,4.822572231292725
1.8,1.39,0.64,0.71,0.48,0.23,1.17,0.4,0.27,19859,4.826735019683838
1.81,1.39,0.64,0.71,0.48,0.23,1.17,0.4,0.27,19674,4.829773902893066
1.8,1.39,0.64,0.71,0.48,0.23,1.17,0.4,0.27,19551,4.830826282501221
1.8,1.39,0.63,0.71,0.48,0.23,1.17,0.4,0.27,19462,4.834829092025757
1.8,1.39,0.64,0.71,0.48,0.23,1.17,0.4,0.27,20047,4.838996648788452
1.8,1.39,0.63,0.71,0.48,0.23,1.17,0.4,0.27,19816,4.842937231063843
1.8,1.39,0.64,0.71,0.47,0.23,1.17,0.4,0.27,19647,4.842937231063843
1.8,1.39,0.64,0.71,0.48,0.24,1.17,0.4,0.27,19898,4.847020387649536
1.8,1.39,0.64,0.71,0.48,0.23,1.17,0.4,0.27,19965,4.8511857986450195
1.8,1.39,0.64,0.71,0.47,0.23,1.17,0.4,0.27,19502,4.855288743972778
1.81,1.39,0.64,0.71,0.48,0.23,1.17,0.4,0.27,19841,4.855288743972778
1.8,1.39,0.64,0.71,0.47,0.23,1.17,0.4,0.27,20248,4.859014272689819
1.81,1.39,0.64,0.71,0.48,0.23,1.17,0.4,0.27,20055,4.862826824188232
1.8,1.39,0.64,0.71,0.48,0.24,1.17,0.4,0.27,20114,4.866826295852661
1.81,1.39,0.64,0.71,0.48,0.23,1.17,0.4,0.27,20165,4.867826461791992
1.8,1.39,0.64,0.71,0.48,0.23,1.17,0.4,0.27,19916,4.871826171875
1.8,1.39,0.64,0.71,0.48,0.23,1.17,0.4,0.28,19635,4.876120090484619
1.8,1.39,0.64,0.71,0.47,0.23,1.17,0.4,0.27,19556,4.879151344299316
1.8,1.39,0.64,0.71,0.48,0.23,1.17,0.4,0.27,19847,4.880192041397095
1.8,1.39,0.64,0.71,0.47,0.23,1.17,0.4,0.27,20022,4.883564710617065
1.8,1.39,0.64,0.71,0.48,0.23,1.17,0.4,0.27,20067,4.8876049518585205
1.81,1.39,0.64,0.71,0.48,0.23,1.17,0.4,0.27,19886,4.892366170883179
1.8,1.39,0.64,0.71,0.48,0.23,1.17,0.4,0.27,20011,4.893014907836914
1.8,1.39,0.64,0.71,0.48,0.23,1.17,0.4,0.27,19782,4.896170139312744
1.81,1.39,0.64,0.71,0.48,0.23,1.17,0.4,0.27,19575,4.9002673625946045
1.8,1.39,0.64,0.71,0.48,0.23,1.17,0.4,0.27,19418,4.904735088348389
1.8,1.39,0.64,0.71,0.48,0.23,1.17,0.4,0.27,19869,4.908423662185669
1.81,1.39,0.64,0.71,0.48,0.23,1.17,0.4,0.27,20110,4.908423662185669
1.8,1.39,0.64,0.71,0.48,0.23,1.17,0.4,0.27,20049,4.912544250488281
1.8,1.39,0.64,0.71,0.48,0.23,1.17,0.4,0.27,20060,4.9168407917022705
1.8,1.39,0.64,0.71,0.48,0.23,1.17,0.4,0.27,19669,4.920839071273804
1.8,1.39,0.64,0.71,0.48,0.23,1.17,0.4,0.27,19466,4.920839071273804
1.8,1.39,0.63,0.71,0.48,0.23,1.17,0.4,0.27,19767,4.924847841262817
1.8,1.39,0.64,0.71,0.48,0.23,1.17,0.4,0.27,19660,4.929056167602539
1.8,1.39,0.64,0.71,0.48,0.23,1.17,0.4,0.27,19535,4.93283224105835
1.8,1.4,0.64,0.71,0.48,0.23,1.17,0.4,0.27,19822,4.93283224105835
1.8,1.39,0.64,0.71,0.48,0.23,1.17,0.4,0.27,19767,4.9371020793914795
1.8,1.39,0.64,0.71,0.48,0.23,1.17,0.4,0.27,19882,4.941312074661255
1.8,1.39,0.64,0.71,0.48,0.23,1.17,0.4,0.27,20137,4.945462703704834
1.8,1.39,0.64,0.71,0.48,0.23,1.17,0.4,0.27,20088,4.946336269378662
1.8,1.39,0.64,0.71,0.48,0.23,1.17,0.4,0.27,19785,4.949641942977905
1.8,1.39,0.64,0.71,0.48,0.23,1.17,0.4,0.27,19688,4.953558444976807
1.8,1.39,0.64,0.71,0.47,0.23,1.17,0.4,0.27,19811,4.957348346710205
1.8,1.39,0.64,0.71,0.48,0.23,1.17,0.4,0.27,19922,4.958078622817993
1.8,1.39,0.64,0.71,0.48,0.23,1.17,0.4,0.27,19995,4.961336135864258
1.8,1.39,0.64,0.71,0.48,0.23,1.17,0.4,0.27,19760,4.966095209121704
1.8,1.4,0.64,0.71,0.48,0.23,1.17,0.4,0.27,19985,4.970064401626587
1.8,1.39,0.64,0.71,0.48,0.23,1.17,0.4,0.27,20046,4.973952770233154
1.8,1.39,0.64,0.71,0.48,0.23,1.17,0.4,0.27,19805,4.973952770233154
1.8,1.39,0.64,0.71,0.48,0.24,1.17,0.4,0.27,19704,4.97797966003418
1.8,1.39,0.64,0.71,0.48,0.23,1.17,0.4,0.27,20131,4.982296705245972
1.8,1.39,0.64,0.71,0.48,0.23,1.17,0.4,0.27,20074,4.986284017562866
1.8,1.39,0.64,0.71,0.47,0.23,1.17,0.4,0.27,19689,4.986284017562866
1.8,1.39,0.64,0.71,0.48,0.23,1.17,0.4,0.27,19804,4.989910364151001
1.8,1.39,0.64,0.71,0.47,0.23,1.17,0.4,0.27,20415,4.99492883682251
1.8,1.39,0.65,0.71,0.47,0.23,1.17,0.4,0.27,20384,4.998688220977783
1.8,1.39,0.64,0.71,0.48,0.23,1.17,0.4,0.27,20005,4.998688220977783
1.8,1.39,0.64,0.71,0.48,0.23,1.17,0.4,0.27,19928,5.002624988555908
1.8,1.39,0.64,0.71,0.48,0.23,1.17,0.4,0.27,19705,5.006825685501099
1.8,1.39,0.64,0.71,0.48,0.23,1.17,0.4,0.27,19760,5.011397361755371
1.81,1.39,0.64,0.71,0.48,0.23,1.17,0.4,0.27,19921,5.011397361755371
1.8,1.39,0.64,0.71,0.48,0.24,1.17,0.4,0.27,19832,5.014631032943726
1.8,1.39,0.64,0.71,0.48,0.23,1.17,0.4,0.27,19699,5.0193870067596436
1.8,1.39,0.64,0.71,0.48,0.23,1.17,0.4,0.27,19198,5.023386478424072
1.8,1.39,0.64,0.71,0.48,0.23,1.17,0.4,0.27,19625,5.023386478424072
1.8,1.39,0.64,0.71,0.47,0.23,1.17,0.4,0.27,19388,5.027054786682129
1.8,1.39,0.64,0.71,0.48,0.23,1.17,0.4,0.27,19735,5.031224966049194
1.8,1.39,0.64,0.71,0.48,0.23,1.17,0.4,0.27,19942,5.035508871078491
1.8,1.39,0.64,0.71,0.48,0.23,1.17,0.4,0.27,19851,5.038866281509399
1.8,1.39,0.64,0.71,0.48,0.23,1.17,0.4,0.27,19798,5.0399329662323
1.8,1.39,0.64,0.71,0.48,0.23,1.17,0.4,0.27,19537,5.043597459793091
1.8,1.39,0.64,0.71,0.48,0.23,1.17,0.4,0.27,19732,5.047572612762451
1.8,1.39,0.64,0.71,0.48,0.23,1.17,0.4,0.27,20219,5.051812648773193
1.8,1.39,0.64,0.71,0.48,0.23,1.17,0.4,0.27,20292,5.0526087284088135
1.8,1.39,0.64,0.71,0.48,0.23,1.17,0.4,0.27,20097,5.055943250656128
1.8,1.39,0.64,0.71,0.48,0.23,1.17,0.4,0.27,19802,5.059816598892212
1.8,1.39,0.64,0.71,0.48,0.23,1.17,0.4,0.27,19775,5.064083814620972
1.8,1.39,0.64,0.71,0.48,0.23,1.17,0.4,0.27,20202,5.064083814620972
1.8,1.4,0.64,0.71,0.48,0.23,1.17,0.4,0.27,20015,5.068161964416504
1.8,1.39,0.64,0.71,0.47,0.23,1.17,0.4,0.27,19986,5.073099136352539
1.8,1.39,0.64,0.71,0.48,0.23,1.17,0.4,0.27,19523,5.076513767242432
1.8,1.39,0.64,0.71,0.48,0.23,1.17,0.4,0.27,19556,5.077443838119507
1.8,1.39,0.64,0.71,0.48,0.23,1.17,0.4,0.27,19847,5.079963684082031
1.8,1.39,0.64,0.71,0.48,0.23,1.17,0.4,0.27,19492,5.084965467453003
1.8,1.39,0.64,0.71,0.47,0.23,1.17,0.4,0.27,19781,5.088723421096802
1.8,1.39,0.64,0.71,0.48,0.23,1.17,0.4,0.27,20060,5.089606523513794
1.8,1.39,0.64,0.71,0.48,0.23,1.17,0.4,0.27,19889,5.092995643615723
1.8,1.4,0.64,0.71,0.48,0.23,1.17,0.4,0.27,19670,5.0970025062561035
1.8,1.39,0.64,0.71,0.48,0.23,1.17,0.4,0.27,19685,5.1010582447052
1.8,1.39,0.63,0.71,0.48,0.23,1.17,0.4,0.27,20082,5.101982593536377
1.8,1.39,0.64,0.71,0.48,0.23,1.17,0.4,0.27,20117,5.10442042350769
1.8,1.39,0.64,0.71,0.48,0.23,1.18,0.4,0.27,20114,5.1087422370910645
1.8,1.39,0.64,0.71,0.48,0.23,1.17,0.4,0.26,20203,5.113282203674316
1.8,1.39,0.64,0.71,0.47,0.23,1.18,0.4,0.27,20158,5.117396593093872
1.8,1.39,0.65,0.71,0.47,0.23,1.18,0.4,0.27,19645,5.117396593093872
1.8,1.39,0.64,0.71,0.48,0.23,1.18,0.4,0.27,19792,5.121467113494873
1.8,1.39,0.64,0.71,0.48,0.23,1.18,0.4,0.27,19929,5.125799894332886
1.8,1.39,0.64,0.71,0.47,0.23,1.17,0.4,0.27,19680,5.1297407150268555
1.8,1.39,0.64,0.71,0.48,0.23,1.17,0.4,0.27,19737,5.1297407150268555
1.8,1.39,0.64,0.71,0.48,0.23,1.17,0.4,0.28,20098,5.133834362030029
1.8,1.39,0.65,0.71,0.48,0.23,1.17,0.4,0.27,20077,5.138195037841797
1.8,1.39,0.64,0.71,0.47,0.23,1.17,0.4,0.27,19580,5.142182350158691
1.8,1.39,0.64,0.71,0.47,0.23,1.17,0.4,0.27,19713,5.142182350158691
1.8,1.39,0.64,0.71,0.47,0.23,1.17,0.4,0.27,19666,5.146198034286499
1.8,1.39,0.64,0.71,0.47,0.23,1.17,0.4,0.27,19623,5.1502697467803955
1.8,1.39,0.64,0.71,0.48,0.23,1.17,0.4,0.27,19862,5.1543073654174805
1.8,1.39,0.64,0.71,0.48,0.23,1.17,0.4,0.27,19665,5.1551923751831055
1.8,1.39,0.64,0.71,0.48,0.23,1.17,0.4,0.27,20148,5.15827751159668
1.8,1.39,0.64,0.71,0.48,0.23,1.17,0.4,0.27,20263,5.162478446960449
1.8,1.39,0.64,0.71,0.48,0.23,1.17,0.4,0.27,20222,5.166651248931885
1.8,1.39,0.63,0.71,0.48,0.23,1.17,0.4,0.27,19975,5.167665719985962
1.8,1.39,0.64,0.71,0.48,0.23,1.17,0.4,0.28,19644,5.170309543609619
1.8,1.39,0.64,0.71,0.48,0.23,1.17,0.4,0.27,19843,5.175036191940308
1.8,1.39,0.64,0.71,0.48,0.23,1.17,0.4,0.27,20324,5.179053544998169
1.8,1.39,0.64,0.71,0.48,0.23,1.17,0.4,0.27,20177,5.1800315380096436
1.8,1.39,0.64,0.71,0.48,0.23,1.17,0.4,0.27,20026,5.1830315589904785
1.8,1.39,0.64,0.71,0.47,0.23,1.17,0.4,0.27,19911,5.1870012283325195
1.8,1.39,0.64,0.71,0.48,0.24,1.17,0.4,0.27,19658,5.19100546836853
1.8,1.39,0.64,0.71,0.47,0.23,1.17,0.4,0.27,19805,5.194954872131348
1.8,1.39,0.64,0.71,0.47,0.24,1.17,0.4,0.27,19790,5.194954872131348
1.8,1.39,0.64,0.71,0.47,0.24,1.17,0.4,0.27,19833,5.199752330780029
1.8,1.39,0.64,0.71,0.48,0.24,1.17,0.4,0.27,20042,5.2037506103515625
1.8,1.39,0.64,0.71,0.48,0.23,1.17,0.4,0.27,20013,5.207738876342773
1.8,1.39,0.64,0.71,0.48,0.24,1.17,0.4,0.27,19912,5.207738876342773
1.8,1.39,0.64,0.71,0.48,0.23,1.17,0.4,0.27,19617,5.211737394332886
1.8,1.39,0.64,0.71,0.48,0.23,1.17,0.4,0.27,19714,5.215750694274902
1.8,1.39,0.64,0.71,0.48,0.24,1.17,0.4,0.27,19935,5.220051527023315
1.8,1.39,0.64,0.71,0.48,0.23,1.17,0.4,0.27,20156,5.220051527023315
1.8,1.39,0.64,0.71,0.48,0.24,1.18,0.4,0.27,19711,5.224369049072266
1.8,1.39,0.64,0.71,0.47,0.23,1.17,0.4,0.27,19726,5.227923154830933
1.8,1.39,0.64,0.71,0.48,0.24,1.17,0.4,0.27,20101,5.232097864151001
1.8,1.39,0.64,0.71,0.47,0.23,1.17,0.4,0.27,19718,5.232945680618286
1.8,1.39,0.63,0.71,0.48,0.23,1.17,0.4,0.27,19891,5.236587762832642
1.8,1.39,0.64,0.71,0.47,0.23,1.17,0.4,0.27,20166,5.2402873039245605
1.8,1.39,0.64,0.71,0.48,0.24,1.17,0.4,0.27,19925,5.244649887084961
1.8,1.39,0.64,0.71,0.47,0.23,1.17,0.4,0.27,19604,5.244649887084961
1.8,1.39,0.64,0.71,0.47,0.23,1.17,0.4,0.27,19835,5.248658657073975
1.8,1.39,0.64,0.71,0.47,0.24,1.18,0.4,0.27,19782,5.252782106399536
1.8,1.39,0.64,0.71,0.47,0.23,1.17,0.4,0.27,19631,5.256828784942627
1.8,1.39,0.64,0.71,0.47,0.23,1.17,0.4,0.28,19468,5.257765531539917
1.8,1.39,0.64,0.71,0.48,0.23,1.17,0.4,0.27,19433,5.260426044464111
1.8,1.39,0.64,0.71,0.48,0.23,1.17,0.4,0.27,19560,5.265320301055908
1.8,1.39,0.64,0.71,0.47,0.24,1.17,0.4,0.27,19527,5.2690088748931885
1.8,1.39,0.64,0.71,0.48,0.23,1.17,0.4,0.27,19554,5.2690088748931885
1.8,1.39,0.64,0.71,0.48,0.23,1.17,0.4,0.27,19595,5.273372173309326
1.8,1.39,0.64,0.71,0.48,0.23,1.17,0.4,0.27,19466,5.277382135391235
1.8,1.39,0.64,0.71,0.48,0.23,1.18,0.4,0.27,19821,5.281529188156128
1.8,1.39,0.64,0.71,0.48,0.23,1.18,0.4,0.27,19990,5.285584211349487
1.8,1.39,0.64,0.71,0.48,0.24,1.17,0.4,0.27,20031,5.285584211349487
1.8,1.39,0.64,0.71,0.47,0.24,1.17,0.4,0.27,19986,5.290008544921875
1.8,1.39,0.64,0.71,0.48,0.23,1.17,0.4,0.27,20043,5.293271064758301
1.8,1.39,0.64,0.71,0.48,0.24,1.18,0.4,0.27,19946,5.297352313995361
1.8,1.39,0.64,0.71,0.48,0.23,1.17,0.4,0.27,19881,5.297352313995361
1.8,1.4,0.64,0.71,0.47,0.24,1.17,0.4,0.27,19656,5.301613092422485
1.8,1.39,0.64,0.71,0.48,0.24,1.17,0.4,0.27,19447,5.305935621261597
1.8,1.39,0.64,0.71,0.48,0.24,1.17,0.4,0.27,19822,5.310148239135742
1.8,1.39,0.64,0.71,0.48,0.23,1.17,0.4,0.27,19977,5.310974836349487
1.8,1.39,0.63,0.71,0.48,0.24,1.18,0.4,0.27,19824,5.3139967918396
1.8,1.4,0.64,0.71,0.48,0.23,1.17,0.4,0.27,19721,5.318593263626099
1.8,1.39,0.64,0.71,0.47,0.23,1.17,0.4,0.27,20110,5.322355270385742
1.8,1.39,0.63,0.71,0.47,0.24,1.18,0.4,0.27,19721,5.323379993438721
1.8,1.39,0.64,0.71,0.47,0.23,1.17,0.4,0.26,19700,5.325766086578369
1.8,1.4,0.64,0.71,0.47,0.23,1.17,0.4,0.27,20069,5.330825567245483
1.8,1.39,0.64,0.71,0.48,0.24,1.17,0.4,0.27,20136,5.334958553314209
1.8,1.39,0.64,0.71,0.48,0.24,1.17,0.4,0.27,19555,5.334958553314209
1.8,1.39,0.64,0.71,0.48,0.23,1.18,0.4,0.27,19740,5.337958812713623
1.8,1.39,0.64,0.71,0.48,0.23,1.17,0.4,0.27,19789,5.34232497215271
1.8,1.39,0.64,0.71,0.48,0.23,1.17,0.4,0.27,19882,5.3465917110443115
1.8,1.39,0.64,0.71,0.47,0.23,1.17,0.4,0.27,20149,5.3465917110443115
1.8,1.4,0.64,0.71,0.48,0.23,1.17,0.4,0.27,20048,5.351381540298462
1.8,1.39,0.64,0.71,0.48,0.23,1.17,0.4,0.27,19799,5.35485315322876
1.8,1.39,0.64,0.71,0.48,0.24,1.17,0.4,0.27,19610,5.358853101730347
1.8,1.39,0.64,0.71,0.48,0.23,1.17,0.4,0.27,19635,5.363372325897217
1.8,1.39,0.64,0.71,0.47,0.23,1.17,0.4,0.27,19544,5.364073753356934
1.8,1.4,0.64,0.71,0.47,0.24,1.17,0.4,0.28,19679,5.367357969284058
1.8,1.39,0.64,0.71,0.48,0.23,1.18,0.4,0.27,19788,5.371368169784546
1.8,1.39,0.64,0.71,0.48,0.23,1.17,0.4,0.27,19531,5.375027179718018
1.8,1.39,0.64,0.71,0.48,0.24,1.18,0.4,0.27,19646,5.375027179718018
1.8,1.39,0.64,0.71,0.48,0.24,1.17,0.4,0.27,19667,5.379201412200928
1.8,1.39,0.64,0.71,0.48,0.23,1.17,0.4,0.27,19624,5.3838417530059814
1.8,1.4,0.64,0.71,0.48,0.24,1.17,0.4,0.27,19791,5.387840032577515
1.8,1.39,0.63,0.71,0.48,0.24,1.17,0.4,0.27,19670,5.388890504837036
1.8,1.39,0.64,0.71,0.48,0.24,1.18,0.4,0.27,19961,5.391357898712158
1.8,1.39,0.63,0.71,0.48,0.24,1.18,0.4,0.27,20178,5.3964033126831055
1.8,1.39,0.64,0.71,0.47,0.24,1.17,0.4,0.28,20189,5.399659872055054
1.8,1.39,0.64,0.71,0.48,0.24,1.18,0.4,0.27,19890,5.400404214859009
1.8,1.39,0.64,0.71,0.47,0.24,1.17,0.4,0.27,19999,5.4044029712677
1.8,1.39,0.64,0.71,0.48,0.24,1.17,0.4,0.27,20140,5.40818190574646
1.8,1.39,0.64,0.71,0.48,0.23,1.17,0.4,0.27,20317,5.412689685821533
1.8,1.39,0.64,0.71,0.48,0.24,1.17,0.4,0.27,19916,5.41370415687561
1.8,1.39,0.64,0.71,0.47,0.24,1.17,0.4,0.27,19807,5.416716575622559
1.8,1.39,0.64,0.71,0.48,0.23,1.17,0.4,0.27,19700,5.420369386672974
1.8,1.39,0.64,0.71,0.48,0.24,1.17,0.4,0.28,19625,5.425104856491089
1.8,1.39,0.64,0.71,0.48,0.24,1.17,0.4,0.27,19514,5.425104856491089
1.8,1.39,0.64,0.71,0.47,0.23,1.17,0.4,0.27,19709,5.428605079650879
1.8,1.39,0.64,0.71,0.48,0.23,1.17,0.4,0.27,20010,5.432647705078125
1.8,1.4,0.64,0.71,0.48,0.23,1.17,0.4,0.27,19889,5.436707973480225
1.8,1.39,0.64,0.71,0.48,0.24,1.17,0.4,0.27,20058,5.440860748291016
1.8,1.39,0.64,0.71,0.48,0.24,1.17,0.4,0.28,20405,5.440860748291016
1.8,1.39,0.64,0.71,0.48,0.24,1.17,0.4,0.28,20082,5.444976806640625
1.8,1.39,0.64,0.71,0.47,0.24,1.17,0.4,0.27,19811,5.44916296005249
1.8,1.39,0.64,0.71,0.48,0.24,1.17,0.4,0.27,19468,5.453470945358276
1.8,1.39,0.63,0.71,0.48,0.24,1.17,0.4,0.27,19305,5.454211711883545
1.8,1.39,0.64,0.71,0.47,0.25,1.17,0.4,0.27,19470,5.457204580307007
1.8,1.39,0.64,0.71,0.47,0.23,1.18,0.4,0.27,19847,5.462192535400391
1.8,1.39,0.64,0.71,0.48,0.24,1.17,0.4,0.27,20246,5.465484857559204
1.8,1.4,0.64,0.71,0.47,0.23,1.17,0.4,0.27,19755,5.466211557388306
1.8,1.39,0.64,0.71,0.47,0.24,1.17,0.4,0.27,19750,5.4698615074157715
1.8,1.39,0.64,0.71,0.48,0.24,1.17,0.4,0.27,20029,5.473684787750244
1.8,1.39,0.64,0.71,0.48,0.23,1.17,0.4,0.27,19912,5.477756023406982
1.8,1.4,0.64,0.71,0.48,0.23,1.17,0.4,0.27,19883,5.478498935699463
1.8,1.4,0.64,0.71,0.47,0.24,1.17,0.4,0.27,20212,5.4818456172943115
1.8,1.39,0.64,0.71,0.48,0.23,1.18,0.4,0.27,19927,5.485976934432983
1.8,1.39,0.64,0.71,0.48,0.24,1.18,0.4,0.27,19838,5.490212678909302
1.8,1.39,0.64,0.71,0.48,0.24,1.17,0.4,0.27,20397,5.490952968597412
1.8,1.39,0.64,0.71,0.48,0.23,1.18,0.4,0.27,20254,5.494507312774658
1.8,1.39,0.64,0.71,0.48,0.23,1.18,0.4,0.27,19565,5.49863600730896
1.8,1.39,0.64,0.71,0.48,0.24,1.17,0.4,0.27,19518,5.5025200843811035
1.8,1.39,0.64,0.71,0.48,0.23,1.17,0.4,0.27,19555,5.506213903427124
1.8,1.39,0.64,0.71,0.48,0.24,1.17,0.4,0.27,19732,5.506213903427124
1.8,1.39,0.64,0.71,0.48,0.24,1.17,0.4,0.27,20077,5.51054048538208
1.8,1.39,0.64,0.71,0.48,0.23,1.17,0.4,0.27,20008,5.515140056610107
1.8,1.4,0.64,0.71,0.47,0.24,1.17,0.4,0.27,19995,5.518477201461792
1.8,1.39,0.64,0.71,0.48,0.24,1.17,0.4,0.27,19890,5.5192039012908936
1.8,1.39,0.64,0.71,0.48,0.24,1.18,0.4,0.27,19569,5.522852420806885
1.8,1.39,0.64,0.71,0.48,0.24,1.17,0.4,0.27,19698,5.527097225189209
1.8,1.39,0.64,0.71,0.48,0.24,1.17,0.4,0.27,19869,5.5311665534973145
1.8,1.39,0.64,0.71,0.47,0.24,1.18,0.4,0.27,20008,5.5311665534973145
1.8,1.4,0.64,0.71,0.48,0.24,1.17,0.4,0.27,20097,5.534777879714966
1.8,1.39,0.64,0.71,0.47,0.23,1.17,0.4,0.27,20016,5.539305210113525
1.8,1.39,0.64,0.71,0.47,0.23,1.17,0.4,0.29,19535,5.543530702590942
1.8,1.39,0.63,0.71,0.47,0.23,1.18,0.4,0.27,19424,5.5445942878723145
1.8,1.39,0.64,0.71,0.47,0.23,1.17,0.4,0.27,19933,5.547083854675293
1.8,1.4,0.64,0.71,0.47,0.23,1.17,0.4,0.27,20078,5.551636219024658
1.8,1.39,0.64,0.71,0.47,0.24,1.17,0.4,0.27,19673,5.555755376815796
1.8,1.39,0.64,0.71,0.47,0.23,1.17,0.4,0.27,19860,5.556589365005493
1.8,1.39,0.64,0.71,0.47,0.23,1.17,0.4,0.27,19793,5.559649229049683
1.8,1.39,0.64,0.71,0.47,0.23,1.17,0.4,0.27,19612,5.5637195110321045
1.8,1.39,0.64,0.71,0.48,0.23,1.18,0.4,0.27,19627,5.567994832992554
1.8,1.39,0.64,0.71,0.47,0.23,1.17,0.4,0.27,19690,5.5712690353393555
1.8,1.39,0.64,0.71,0.47,0.24,1.18,0.4,0.27,19709,5.572291851043701
1.8,1.39,0.64,0.71,0.47,0.24,1.17,0.41,0.27,19788,5.57590389251709
1.8,1.39,0.64,0.71,0.48,0.24,1.17,0.4,0.27,19721,5.580357551574707
1.8,1.39,0.64,0.71,0.48,0.24,1.17,0.4,0.27,19940,5.583869695663452
1.8,1.39,0.64,0.71,0.48,0.23,1.17,0.4,0.28,20141,5.58458685874939
1.8,1.4,0.64,0.71,0.48,0.24,1.17,0.4,0.28,20082,5.588005542755127
1.8,1.39,0.64,0.71,0.48,0.24,1.17,0.4,0.27,19997,5.592326879501343
1.8,1.39,0.64,0.71,0.47,0.24,1.17,0.4,0.27,19748,5.596670627593994
1.81,1.39,0.64,0.71,0.47,0.24,1.17,0.4,0.27,19695,5.597347974777222
1.8,1.39,0.64,0.71,0.47,0.23,1.17,0.4,0.27,20280,5.600646018981934
1.8,1.39,0.64,0.71,0.48,0.24,1.17,0.4,0.27,20067,5.604865074157715
1.8,1.39,0.64,0.71,0.47,0.23,1.17,0.4,0.27,19936,5.60922384262085
1.8,1.4,0.64,0.71,0.47,0.23,1.17,0.4,0.27,19851,5.60922384262085
1.8,1.4,0.64,0.71,0.47,0.24,1.17,0.4,0.27,20036,5.6130452156066895
1.8,1.39,0.64,0.71,0.47,0.24,1.17,0.4,0.27,19875,5.617262840270996
1.8,1.39,0.64,0.71,0.47,0.24,1.17,0.4,0.27,19894,5.621699094772339
1.8,1.39,0.64,0.71,0.47,0.24,1.17,0.4,0.27,19807,5.621699094772339
1.8,1.4,0.64,0.71,0.48,0.24,1.17,0.4,0.27,20050,5.625162124633789
1.8,1.39,0.64,0.71,0.47,0.23,1.17,0.4,0.27,19951,5.629169225692749
1.8,1.39,0.64,0.71,0.47,0.23,1.17,0.4,0.27,19328,5.633783340454102
1.8,1.4,0.64,0.71,0.48,0.23,1.17,0.4,0.28,19665,5.634773254394531
1.8,1.39,0.64,0.71,0.47,0.23,1.17,0.4,0.27,19506,5.637489557266235
1.8,1.39,0.64,0.71,0.47,0.23,1.17,0.4,0.27,19455,5.641693353652954
1.8,1.39,0.63,0.71,0.47,0.24,1.17,0.4,0.27,19584,5.645967245101929
1.8,1.39,0.65,0.71,0.48,0.24,1.17,0.4,0.27,19749,5.649966716766357
1.8,1.39,0.64,0.71,0.47,0.23,1.17,0.41,0.27,20360,5.649966716766357
1.8,1.39,0.64,0.71,0.47,0.24,1.17,0.4,0.27,20287,5.653972625732422
1.8,1.39,0.63,0.71,0.47,0.23,1.17,0.4,0.27,19656,5.658305644989014
1.8,1.4,0.64,0.71,0.47,0.24,1.17,0.4,0.27,19377,5.662105321884155
1.8,1.39,0.64,0.71,0.47,0.24,1.17,0.4,0.27,19796,5.662105321884155
1.8,1.39,0.64,0.71,0.47,0.23,1.17,0.4,0.27,19873,5.666077613830566
1.8,1.39,0.64,0.71,0.48,0.24,1.17,0.4,0.27,19724,5.670650005340576
1.8,1.39,0.64,0.71,0.48,0.23,1.17,0.4,0.27,19751,5.674635171890259
1.8,1.39,0.64,0.71,0.47,0.23,1.17,0.4,0.27,19366,5.674635171890259
1.8,1.39,0.64,0.71,0.48,0.23,1.18,0.4,0.28,19367,5.678752422332764
1.8,1.39,0.64,0.71,0.47,0.23,1.17,0.4,0.27,19722,5.682743549346924
1.8,1.39,0.64,0.71,0.48,0.23,1.17,0.4,0.27,19611,5.6868085861206055
1.8,1.39,0.64,0.71,0.48,0.24,1.17,0.4,0.28,19934,5.687743186950684
1.8,1.39,0.64,0.71,0.48,0.23,1.17,0.4,0.27,19983,5.69127082824707
1.8,1.39,0.64,0.71,0.47,0.24,1.17,0.4,0.27,20014,5.695348501205444
1.8,1.39,0.64,0.71,0.48,0.23,1.18,0.4,0.27,20067,5.69913649559021
1.8,1.39,0.64,0.71,0.48,0.23,1.17,0.4,0.27,20268,5.700179815292358
1.8,1.39,0.64,0.71,0.48,0.23,1.17,0.4,0.27,19859,5.702533483505249
1.8,1.39,0.64,0.71,0.47,0.24,1.18,0.4,0.28,19718,5.7067131996154785
1.8,1.4,0.64,0.71,0.48,0.23,1.17,0.4,0.27,19891,5.71138858795166
1.8,1.39,0.64,0.71,0.47,0.24,1.17,0.4,0.28,20138,5.715355396270752
1.8,1.39,0.64,0.71,0.48,0.24,1.17,0.4,0.27,20101,5.715355396270752
1.8,1.39,0.64,0.71,0.47,0.23,1.17,0.4,0.27,19664,5.719200849533081
1.8,1.39,0.64,0.71,0.48,0.23,1.17,0.4,0.27,19683,5.723337173461914
1.8,1.39,0.64,0.71,0.48,0.23,1.17,0.4,0.27,19814,5.727632999420166
1.8,1.39,0.64,0.71,0.47,0.24,1.18,0.4,0.27,19721,5.7280189990997314
1.8,1.39,0.64,0.71,0.47,0.23,1.17,0.4,0.27,19814,5.731550931930542
1.8,1.4,0.64,0.71,0.47,0.24,1.17,0.4,0.27,19919,5.735973834991455
1.8,1.39,0.64,0.71,0.48,0.24,1.18,0.4,0.27,19666,5.740103006362915
1.8,1.4,0.64,0.71,0.47,0.24,1.18,0.4,0.27,19719,5.740103006362915
1.8,1.39,0.64,0.71,0.47,0.24,1.17,0.4,0.28,19940,5.744389295578003
1.8,1.39,0.65,0.71,0.47,0.23,1.18,0.4,0.27,19941,5.74794864654541
1.8,1.39,0.64,0.71,0.47,0.23,1.18,0.4,0.27,19836,5.752376556396484
1.8,1.39,0.64,0.71,0.47,0.23,1.17,0.4,0.27,19643,5.752376556396484
1.8,1.4,0.64,0.71,0.47,0.24,1.17,0.4,0.27,19654,5.756425380706787
1.8,1.39,0.64,0.71,0.47,0.23,1.18,0.4,0.28,19333,5.760453462600708
1.8,1.39,0.64,0.71,0.48,0.24,1.17,0.4,0.27,19458,5.764446020126343
1.8,1.39,0.64,0.71,0.48,0.23,1.17,0.4,0.27,19579,5.765429496765137
1.8,1.39,0.64,0.71,0.48,0.23,1.17,0.4,0.27,19664,5.7687647342681885
1.8,1.39,0.64,0.71,0.48,0.24,1.17,0.4,0.28,19655,5.772892713546753
1.8,1.4,0.64,0.71,0.47,0.23,1.17,0.4,0.27,19630,5.777085065841675
1.8,1.39,0.64,0.71,0.47,0.24,1.18,0.4,0.27,20127,5.777901649475098
1.8,1.39,0.63,0.71,0.48,0.23,1.18,0.4,0.27,19950,5.7812535762786865
1.8,1.39,0.64,0.71,0.48,0.24,1.18,0.4,0.27,19263,5.784954071044922
1.8,1.39,0.64,0.71,0.48,0.24,1.18,0.4,0.27,19244,5.789084196090698
1.8,1.39,0.64,0.71,0.48,0.24,1.17,0.4,0.28,19655,5.792573690414429
1.8,1.39,0.64,0.71,0.48,0.24,1.17,0.4,0.27,19698,5.793603420257568
1.8,1.39,0.63,0.71,0.48,0.24,1.17,0.4,0.27,20211,5.797596454620361
1.8,1.39,0.64,0.71,0.47,0.23,1.17,0.4,0.27,20064,5.801624536514282
1.8,1.39,0.64,0.71,0.48,0.23,1.17,0.4,0.27,19801,5.805605888366699
1.8,1.39,0.64,0.71,0.48,0.23,1.18,0.4,0.27,19676,5.805605888366699
1.81,1.39,0.64,0.71,0.48,0.23,1.17,0.4,0.27,19991,5.809909105300903
1.8,1.39,0.64,0.71,0.48,0.23,1.18,0.4,0.27,19928,5.813655853271484
1.8,1.39,0.64,0.71,0.48,0.23,1.18,0.4,0.27,19715,5.817866563796997
1.8,1.39,0.64,0.7,0.48,0.23,1.18,0.4,0.27,19802,5.817866563796997
1.8,1.39,0.64,0.71,0.47,0.23,1.17,0.4,0.27,20013,5.822036504745483
1.8,1.39,0.64,0.71,0.48,0.23,1.18,0.4,0.27,20076,5.825926780700684
1.8,1.39,0.63,0.71,0.48,0.23,1.17,0.4,0.27,19621,5.829669713973999
1.8,1.39,0.64,0.71,0.48,0.24,1.17,0.4,0.27,19986,5.830667734146118
1.8,1.39,0.64,0.71,0.48,0.24,1.17,0.4,0.27,20361,5.834124803543091
1.8,1.39,0.64,0.71,0.47,0.24,1.17,0.4,0.27,20026,5.838417053222656
1.8,1.4,0.64,0.71,0.48,0.24,1.18,0.4,0.27,19733,5.842412233352661
1.8,1.39,0.64,0.71,0.48,0.24,1.17,0.4,0.27,19852,5.843458890914917
1.8,1.39,0.64,0.71,0.48,0.24,1.17,0.4,0.27,20009,5.8458404541015625
1.8,1.39,0.64,0.71,0.47,0.23,1.17,0.4,0.27,19740,5.850494623184204
1.8,1.39,0.64,0.71,0.47,0.23,1.18,0.4,0.27,19599,5.854525327682495
1.8,1.39,0.64,0.71,0.47,0.24,1.17,0.4,0.27,19704,5.858513832092285
1.8,1.39,0.64,0.71,0.48,0.24,1.17,0.4,0.27,19561,5.859258413314819
1.8,1.39,0.64,0.71,0.47,0.23,1.17,0.4,0.27,19708,5.863268852233887
1.8,1.39,0.64,0.71,0.48,0.24,1.17,0.4,0.27,19869,5.867264032363892
1.8,1.39,0.64,0.71,0.48,0.23,1.18,0.4,0.27,19858,5.870879650115967
1.8,1.39,0.64,0.71,0.48,0.23,1.17,0.4,0.27,19877,5.871605157852173
1.8,1.39,0.64,0.71,0.48,0.23,1.17,0.4,0.27,19954,5.875056743621826
1.8,1.39,0.64,0.71,0.47,0.23,1.17,0.4,0.27,19971,5.879055023193359
1.8,1.39,0.64,0.71,0.47,0.23,1.18,0.4,0.27,19940,5.882565021514893
1.8,1.4,0.64,0.71,0.47,0.23,1.17,0.4,0.27,19625,5.883617639541626
1.8,1.39,0.64,0.71,0.47,0.23,1.18,0.4,0.27,19192,5.887654781341553
1.8,1.39,0.64,0.71,0.48,0.23,1.17,0.4,0.27,19323,5.891686201095581
1.8,1.39,0.64,0.71,0.48,0.24,1.18,0.4,0.27,19524,5.89483118057251
1.8,1.39,0.64,0.71,0.48,0.24,1.18,0.4,0.27,20247,5.895829677581787
1.8,1.39,0.64,0.71,0.48,0.23,1.17,0.4,0.28,20174,5.899829387664795
1.8,1.39,0.64,0.71,0.48,0.24,1.17,0.4,0.28,19403,5.903829336166382
1.8,1.39,0.64,0.71,0.48,0.23,1.17,0.4,0.27,19314,5.906828880310059
1.8,1.39,0.64,0.71,0.47,0.23,1.17,0.4,0.27,19751,5.908334732055664
1.8,1.39,0.64,0.71,0.48,0.23,1.17,0.4,0.27,19818,5.91167950630188
1.8,1.39,0.64,0.71,0.47,0.23,1.17,0.4,0.27,19363,5.915477991104126
1.8,1.39,0.64,0.71,0.47,0.24,1.17,0.4,0.27,19216,5.92052435874939
1.8,1.39,0.65,0.71,0.48,0.23,1.17,0.4,0.27,19607,5.923771858215332
1.8,1.39,0.64,0.71,0.47,0.24,1.17,0.4,0.27,19682,5.924510478973389
1.8,1.39,0.64,0.71,0.47,0.23,1.18,0.4,0.27,19759,5.928175449371338
1.8,1.39,0.64,0.71,0.47,0.23,1.17,0.4,0.27,19962,5.932904243469238
1.8,1.39,0.64,0.71,0.48,0.23,1.18,0.4,0.27,19751,5.936181306838989
1.8,1.4,0.64,0.71,0.48,0.23,1.18,0.4,0.27,19634,5.936905860900879
1.8,1.39,0.64,0.71,0.48,0.24,1.17,0.4,0.27,19817,5.940459728240967
1.8,1.4,0.64,0.71,0.48,0.23,1.17,0.4,0.27,20034,5.944879770278931
1.8,1.39,0.64,0.71,0.48,0.23,1.18,0.4,0.27,19807,5.948765754699707
1.8,1.39,0.65,0.71,0.48,0.23,1.17,0.4,0.28,19906,5.949348449707031
1.8,1.39,0.64,0.71,0.47,0.24,1.17,0.4,0.27,19621,5.952807426452637
1.8,1.39,0.64,0.71,0.48,0.23,1.18,0.4,0.27,19854,5.9573962688446045
1.8,1.39,0.64,0.71,0.48,0.24,1.17,0.4,0.27,20505,5.96069598197937
1.8,1.39,0.64,0.71,0.47,0.23,1.17,0.4,0.28,19894,5.961385250091553
1.8,1.39,0.64,0.71,0.48,0.24,1.18,0.4,0.28,19765,5.965364933013916
1.8,1.39,0.64,0.71,0.48,0.23,1.18,0.4,0.27,19892,5.969364643096924
1.8,1.39,0.64,0.71,0.48,0.23,1.18,0.4,0.27,19673,5.973535537719727
1.8,1.39,0.64,0.71,0.48,0.24,1.18,0.4,0.27,19592,5.973535537719727
1.8,1.39,0.64,0.71,0.48,0.24,1.17,0.4,0.27,19623,5.977198123931885
1.8,1.39,0.64,0.71,0.48,0.24,1.17,0.4,0.27,19888,5.981568098068237
1.8,1.39,0.63,0.71,0.48,0.24,1.17,0.4,0.27,20245,5.985764980316162
1.8,1.39,0.64,0.71,0.48,0.23,1.18,0.4,0.28,20000,5.9865827560424805
1.8,1.4,0.64,0.71,0.48,0.24,1.17,0.4,0.27,19641,5.989740371704102
1.8,1.39,0.64,0.71,0.48,0.24,1.17,0.4,0.27,19916,5.994072914123535
1.8,1.39,0.64,0.71,0.47,0.24,1.18,0.4,0.27,19957,5.998422622680664
1.8,1.39,0.64,0.71,0.47,0.24,1.17,0.4,0.27,19554,6.002014875411987
1.8,1.39,0.64,0.71,0.47,0.23,1.18,0.4,0.27,19417,6.002753257751465
1.8,1.39,0.64,0.71,0.47,0.24,1.17,0.4,0.27,19506,6.006011009216309
1.8,1.39,0.64,0.71,0.48,0.23,1.17,0.4,0.27,19705,6.010720729827881
1.8,1.39,0.64,0.71,0.47,0.24,1.17,0.4,0.27,19924,6.013992071151733
1.8,1.39,0.63,0.71,0.48,0.24,1.17,0.4,0.27,19775,6.014721870422363
1.8,1.39,0.64,0.71,0.47,0.23,1.18,0.4,0.27,19758,6.019016981124878
1.8,1.39,0.64,0.71,0.48,0.23,1.18,0.4,0.27,19935,6.022332429885864
1.8,1.39,0.64,0.71,0.47,0.24,1.17,0.4,0.27,19928,6.0266618728637695
1.8,1.39,0.64,0.71,0.47,0.23,1.18,0.4,0.27,19799,6.0266618728637695
1.8,1.39,0.64,0.71,0.47,0.23,1.17,0.4,0.27,20096,6.030341863632202
1.81,1.39,0.64,0.71,0.47,0.23,1.18,0.4,0.28,19619,6.035367250442505
1.8,1.39,0.64,0.71,0.48,0.24,1.18,0.4,0.27,19194,6.0391504764556885
1.8,1.39,0.64,0.71,0.48,0.23,1.18,0.4,0.27,19545,6.0400002002716064
1.8,1.39,0.64,0.71,0.47,0.24,1.18,0.4,0.27,20126,6.042992353439331
1.8,1.39,0.64,0.71,0.47,0.23,1.17,0.4,0.27,19857,6.047388792037964
1.8,1.39,0.64,0.71,0.47,0.24,1.17,0.4,0.27,19636,6.05117130279541
1.8,1.39,0.64,0.71,0.47,0.23,1.17,0.4,0.27,19907,6.05117130279541
1.8,1.39,0.64,0.71,0.48,0.24,1.17,0.4,0.27,19932,6.0556800365448
1.8,1.39,0.64,0.71,0.48,0.24,1.18,0.4,0.27,20185,6.059061050415039
1.8,1.39,0.64,0.71,0.48,0.24,1.18,0.4,0.27,20148,6.063451051712036
1.8,1.39,0.64,0.71,0.48,0.23,1.18,0.4,0.27,19613,6.067441940307617
1.8,1.39,0.64,0.71,0.48,0.24,1.17,0.4,0.27,19590,6.068187713623047
1.8,1.39,0.64,0.71,0.48,0.23,1.18,0.4,0.27,19643,6.07165265083313
1.8,1.39,0.64,0.71,0.47,0.23,1.17,0.4,0.27,19784,6.075905799865723
1.8,1.39,0.64,0.71,0.47,0.24,1.17,0.4,0.27,19679,6.079894781112671
1.8,1.39,0.64,0.72,0.48,0.23,1.18,0.4,0.27,19372,6.080609083175659
1.8,1.39,0.64,0.71,0.47,0.23,1.17,0.4,0.27,19589,6.084054231643677
1.8,1.39,0.64,0.71,0.48,0.23,1.18,0.4,0.27,19922,6.088234901428223
1.8,1.39,0.64,0.71,0.48,0.23,1.18,0.4,0.27,19635,6.092017650604248
1.8,1.39,0.64,0.71,0.47,0.23,1.17,0.4,0.27,19928,6.092017650604248
1.8,1.39,0.64,0.71,0.48,0.23,1.17,0.4,0.27,20155,6.096409797668457
1.8,1.39,0.64,0.71,0.47,0.23,1.18,0.41,0.27,19934,6.100674390792847
1.8,1.39,0.64,0.71,0.48,0.23,1.18,0.4,0.27,19455,6.104301691055298
1.8,1.39,0.64,0.71,0.47,0.23,1.18,0.4,0.27,19564,6.105030298233032
1.8,1.39,0.63,0.71,0.48,0.23,1.17,0.4,0.27,19653,6.107542991638184
1.8,1.39,0.64,0.71,0.48,0.23,1.17,0.4,0.27,19708,6.11309289932251
1.8,1.39,0.64,0.71,0.49,0.23,1.18,0.4,0.27,19829,6.117098808288574
1.8,1.4,0.64,0.71,0.49,0.23,1.18,0.4,0.27,19992,6.117098808288574
1.8,1.4,0.64,0.7,0.48,0.23,1.17,0.4,0.27,19523,6.121097803115845
1.8,1.39,0.64,0.71,0.47,0.23,1.18,0.4,0.27,19418,6.1250975131988525
1.8,1.39,0.64,0.71,0.48,0.23,1.17,0.4,0.27,19883,6.128713846206665
1.8,1.39,0.63,0.71,0.48,0.23,1.18,0.4,0.27,19990,6.1297643184661865
1.8,1.39,0.64,0.71,0.47,0.23,1.17,0.4,0.27,19867,6.13287353515625
1.8,1.39,0.64,0.71,0.47,0.23,1.17,0.4,0.27,19938,6.137567043304443
1.8,1.4,0.64,0.71,0.47,0.23,1.17,0.4,0.27,19935,6.141255855560303
1.8,1.39,0.64,0.71,0.48,0.23,1.18,0.4,0.27,19774,6.145427465438843
1.8,1.39,0.64,0.71,0.48,0.24,1.18,0.4,0.27,19607,6.146289348602295
1.8,1.39,0.64,0.71,0.47,0.23,1.18,0.4,0.27,19642,6.149247646331787
1.8,1.4,0.64,0.71,0.47,0.23,1.18,0.4,0.27,19871,6.153730392456055
1.8,1.4,0.64,0.71,0.47,0.23,1.17,0.4,0.27,19734,6.157785177230835
1.8,1.39,0.64,0.71,0.47,0.22,1.17,0.4,0.27,19643,6.157785177230835
1.8,1.39,0.64,0.71,0.47,0.23,1.17,0.4,0.27,19828,6.161900758743286
1.8,1.4,0.64,0.71,0.47,0.23,1.18,0.4,0.27,19965,6.166332244873047
1.8,1.4,0.64,0.71,0.48,0.23,1.18,0.4,0.27,19868,6.169397354125977
1.8,1.39,0.64,0.71,0.48,0.23,1.17,0.4,0.27,19503,6.170442819595337
1.8,1.39,0.64,0.71,0.47,0.23,1.17,0.4,0.27,19514,6.1734395027160645
1.8,1.39,0.64,0.71,0.47,0.23,1.17,0.4,0.27,19645,6.178439140319824
1.8,1.39,0.64,0.71,0.47,0.23,1.17,0.4,0.27,19868,6.181566953659058
1.8,1.39,0.63,0.71,0.47,0.23,1.17,0.4,0.28,19911,6.182562828063965
1.8,1.39,0.64,0.71,0.47,0.23,1.17,0.4,0.27,19850,6.186563491821289
1.8,1.39,0.64,0.71,0.48,0.23,1.17,0.41,0.27,19767,6.190271615982056
1.8,1.39,0.64,0.71,0.48,0.23,1.17,0.4,0.27,19732,6.193671703338623
1.8,1.39,0.64,0.71,0.47,0.23,1.17,0.4,0.27,19499,6.195059776306152
1.8,1.39,0.64,0.71,0.48,0.24,1.17,0.4,0.27,19534,6.198354244232178
1.8,1.39,0.64,0.71,0.47,0.23,1.17,0.4,0.27,19301,6.202162504196167
1.8,1.39,0.64,0.71,0.47,0.23,1.17,0.4,0.27,19796,6.206359386444092
1.8,1.4,0.64,0.71,0.47,0.23,1.17,0.4,0.27,19703,6.21048903465271
1.8,1.4,0.64,0.71,0.48,0.23,1.17,0.4,0.27,19732,6.211222887039185
1.8,1.39,0.64,0.71,0.47,0.23,1.17,0.4,0.27,19715,6.21543025970459
1.8,1.39,0.64,0.71,0.47,0.23,1.17,0.4,0.27,19742,6.219430446624756
1.8,1.4,0.64,0.71,0.48,0.23,1.17,0.4,0.27,19519,6.223253488540649
1.8,1.4,0.64,0.71,0.49,0.23,1.18,0.4,0.27,19788,6.223799467086792
1.8,1.4,0.64,0.71,0.47,0.23,1.17,0.4,0.27,20111,6.227331638336182
1.8,1.4,0.64,0.71,0.47,0.23,1.17,0.4,0.28,20040,6.231425762176514
1.81,1.4,0.63,0.7,0.46,0.23,1.17,0.4,0.27,20195,6.2354278564453125
1.81,1.4,0.63,0.7,0.46,0.22,1.17,0.4,0.27,20178,6.236162185668945
1.8,1.4,0.63,0.7,0.47,0.23,1.17,0.4,0.27,19933,6.23959755897522
1.8,1.4,0.64,0.71,0.47,0.23,1.17,0.4,0.27,19778,6.243616819381714
1.8,1.4,0.64,0.71,0.47,0.23,1.17,0.39,0.27,19647,6.247606992721558
1.8,1.4,0.64,0.7,0.47,0.23,1.18,0.4,0.27,19796,6.248001337051392
1.8,1.4,0.64,0.7,0.47,0.23,1.17,0.4,0.27,19799,6.2512617111206055
1.8,1.39,0.64,0.71,0.47,0.23,1.17,0.4,0.27,19748,6.256300449371338
1.8,1.39,0.64,0.71,0.47,0.23,1.18,0.4,0.27,19515,6.259294033050537
1.8,1.39,0.64,0.71,0.47,0.23,1.18,0.4,0.27,20034,6.260554552078247
1.8,1.39,0.64,0.71,0.47,0.23,1.18,0.4,0.27,20327,6.263558864593506
1.8,1.39,0.63,0.7,0.47,0.23,1.18,0.4,0.27,20014,6.268558979034424
1.8,1.39,0.64,0.71,0.47,0.23,1.18,0.4,0.27,20027,6.271603345870972
1.8,1.39,0.65,0.71,0.47,0.23,1.18,0.4,0.27,19836,6.272619724273682
1.8,1.39,0.64,0.71,0.47,0.23,1.18,0.4,0.27,19551,6.276861667633057
1.8,1.39,0.64,0.71,0.48,0.23,1.18,0.4,0.27,19774,6.2808239459991455
1.8,1.39,0.64,0.71,0.47,0.23,1.17,0.41,0.27,20185,6.284610271453857
1.8,1.39,0.64,0.71,0.47,0.23,1.18,0.4,0.27,19962,6.288611173629761
1.8,1.39,0.64,0.71,0.47,0.23,1.18,0.4,0.27,19727,6.2893359661102295
1.8,1.39,0.64,0.71,0.48,0.23,1.18,0.4,0.27,19928,6.2926130294799805
1.8,1.39,0.64,0.71,0.47,0.23,1.18,0.4,0.27,20033,6.296911716461182
1.8,1.39,0.64,0.71,0.47,0.23,1.18,0.4,0.27,20044,6.3012001514434814
1.8,1.39,0.64,0.71,0.47,0.23,1.18,0.41,0.27,19921,6.3012001514434814
1.8,1.4,0.64,0.71,0.47,0.23,1.18,0.4,0.28,19920,6.305344820022583
1.8,1.39,0.64,0.71,0.48,0.23,1.18,0.4,0.27,19707,6.3093931674957275
1.8,1.39,0.64,0.71,0.47,0.23,1.18,0.4,0.27,19594,6.313606262207031
1.8,1.39,0.64,0.71,0.48,0.23,1.18,0.4,0.27,19589,6.313606262207031
1.8,1.39,0.64,0.71,0.47,0.23,1.18,0.4,0.27,19730,6.317640542984009
1.8,1.39,0.64,0.71,0.47,0.23,1.18,0.4,0.27,19535,6.321640968322754
1.8,1.39,0.64,0.71,0.47,0.23,1.18,0.4,0.27,19926,6.325732946395874
1.8,1.39,0.64,0.71,0.48,0.23,1.18,0.4,0.27,20021,6.326654434204102
1.8,1.39,0.64,0.71,0.49,0.23,1.18,0.4,0.27,19734,6.3301215171813965
1.8,1.39,0.64,0.71,0.48,0.23,1.18,0.4,0.27,19715,6.333630084991455
1.8,1.39,0.64,0.71,0.47,0.23,1.18,0.4,0.27,19644,6.33794903755188
1.8,1.39,0.64,0.71,0.47,0.24,1.18,0.4,0.27,19591,6.3386921882629395
1.8,1.39,0.64,0.71,0.48,0.23,1.18,0.4,0.27,19642,6.342334032058716
1.8,1.39,0.64,0.71,0.48,0.23,1.18,0.4,0.27,19987,6.346547603607178
1.8,1.39,0.64,0.71,0.47,0.23,1.18,0.4,0.27,20068,6.350255250930786
1.8,1.39,0.64,0.71,0.47,0.23,1.18,0.4,0.27,19813,6.354358911514282
1.8,1.39,0.64,0.71,0.48,0.23,1.18,0.4,0.27,19802,6.354358911514282
1.8,1.39,0.64,0.71,0.47,0.23,1.18,0.4,0.27,19951,6.358440160751343
1.8,1.39,0.63,0.71,0.48,0.23,1.18,0.4,0.27,20106,6.3626487255096436
1.8,1.39,0.64,0.71,0.47,0.23,1.18,0.4,0.27,20035,6.3666229248046875
1.8,1.39,0.64,0.71,0.48,0.23,1.18,0.4,0.27,20076,6.3666229248046875
1.8,1.4,0.64,0.71,0.48,0.23,1.18,0.4,0.27,19933,6.370626926422119
1.8,1.39,0.64,0.71,0.48,0.23,1.18,0.4,0.27,19502,6.374914646148682
1.8,1.39,0.64,0.71,0.47,0.23,1.18,0.4,0.27,19955,6.3780598640441895
1.8,1.39,0.64,0.71,0.48,0.23,1.18,0.4,0.27,20110,6.379117012023926
1.8,1.39,0.64,0.71,0.48,0.23,1.18,0.4,0.27,20045,6.383285999298096
1.8,1.39,0.64,0.71,0.48,0.23,1.18,0.4,0.27,20010,6.386726379394531
1.8,1.39,0.64,0.71,0.47,0.24,1.17,0.4,0.27,19657,6.391223669052124
1.8,1.39,0.64,0.71,0.47,0.23,1.18,0.4,0.27,19756,6.391223669052124
1.8,1.39,0.64,0.71,0.48,0.23,1.18,0.41,0.27,20233,6.395421028137207
1.8,1.39,0.64,0.71,0.47,0.23,1.18,0.4,0.27,20166,6.3994140625
1.8,1.39,0.64,0.71,0.48,0.23,1.18,0.4,0.27,20129,6.4038519859313965
1.8,1.39,0.64,0.71,0.47,0.24,1.18,0.4,0.27,19956,6.4038519859313965
1.8,1.39,0.64,0.71,0.48,0.23,1.18,0.4,0.27,20181,6.408025741577148
1.8,1.39,0.64,0.71,0.47,0.23,1.18,0.4,0.27,19736,6.412279367446899
1.8,1.39,0.64,0.71,0.47,0.25,1.18,0.4,0.27,20121,6.416019439697266
1.8,1.39,0.64,0.71,0.48,0.23,1.18,0.4,0.27,19858,6.416019439697266
1.8,1.39,0.64,0.71,0.48,0.23,1.18,0.4,0.27,19997,6.419749021530151
1.8,1.39,0.64,0.71,0.48,0.24,1.18,0.4,0.27,19586,6.423850774765015
1.8,1.39,0.64,0.71,0.48,0.23,1.18,0.4,0.27,19251,6.428154706954956
1.8,1.39,0.64,0.71,0.47,0.23,1.18,0.4,0.27,19712,6.432145118713379
1.8,1.39,0.64,0.71,0.47,0.23,1.18,0.4,0.27,19893,6.432914972305298
1.8,1.39,0.64,0.71,0.48,0.23,1.18,0.4,0.27,19970,6.4363486766815186
1.8,1.39,0.64,0.71,0.48,0.23,1.18,0.4,0.27,19735,6.440611124038696
1.8,1.39,0.64,0.71,0.48,0.23,1.18,0.4,0.27,19746,6.444593191146851
1.8,1.39,0.64,0.71,0.47,0.23,1.18,0.4,0.27,19533,6.444593191146851
1.8,1.4,0.64,0.71,0.48,0.23,1.18,0.4,0.27,19670,6.448253870010376
1.8,1.39,0.64,0.71,0.5,0.23,1.18,0.4,0.27,19723,6.452881097793579
1.8,1.39,0.64,0.71,0.47,0.23,1.18,0.4,0.27,19662,6.4563188552856445
1.8,1.39,0.64,0.71,0.47,0.23,1.18,0.4,0.27,19847,6.457336187362671
1.8,1.39,0.64,0.71,0.48,0.23,1.18,0.4,0.27,19476,6.460609197616577
1.8,1.39,0.64,0.71,0.48,0.23,1.18,0.4,0.27,19705,6.465332508087158
1.8,1.39,0.64,0.71,0.48,0.23,1.18,0.4,0.27,19820,6.469094514846802
1.8,1.39,0.64,0.71,0.47,0.23,1.18,0.4,0.27,19875,6.469094514846802
1.8,1.39,0.64,0.71,0.48,0.23,1.18,0.4,0.27,19564,6.47306489944458
1.8,1.39,0.64,0.71,0.48,0.23,1.18,0.4,0.27,19715,6.477372646331787
1.8,1.39,0.64,0.71,0.49,0.23,1.18,0.4,0.27,19690,6.4811179637908936
1.8,1.39,0.64,0.71,0.48,0.23,1.18,0.4,0.27,19793,6.4811179637908936
1.8,1.39,0.64,0.71,0.48,0.23,1.18,0.4,0.27,19718,6.4853675365448
1.8,1.39,0.64,0.71,0.48,0.23,1.18,0.4,0.27,19815,6.4895970821380615
1.8,1.39,0.64,0.71,0.48,0.24,1.18,0.4,0.27,19636,6.493884801864624
1.8,1.39,0.63,0.71,0.48,0.23,1.18,0.4,0.27,19235,6.497399806976318
1.8,1.39,0.64,0.71,0.48,0.23,1.18,0.4,0.27,18772,6.497939109802246
1.8,1.39,0.64,0.71,0.47,0.23,1.18,0.4,0.27,19399,6.501131296157837
1.8,1.39,0.64,0.71,0.48,0.23,1.18,0.4,0.27,19798,6.505722999572754
1.8,1.39,0.64,0.71,0.48,0.23,1.18,0.4,0.27,19843,6.509669780731201
1.8,1.39,0.63,0.71,0.47,0.23,1.18,0.4,0.27,19862,6.509669780731201
1.8,1.39,0.64,0.71,0.47,0.23,1.18,0.4,0.27,19741,6.513718128204346
1.8,1.39,0.64,0.71,0.47,0.23,1.18,0.4,0.27,19534,6.518207550048828
1.8,1.39,0.64,0.71,0.48,0.23,1.18,0.4,0.27,19589,6.52219557762146
1.8,1.39,0.64,0.71,0.5,0.24,1.17,0.4,0.27,20136,6.52219557762146
1.8,1.39,0.64,0.71,0.48,0.23,1.18,0.4,0.27,20093,6.526202201843262
1.8,1.39,0.64,0.71,0.48,0.23,1.18,0.4,0.27,19648,6.5307817459106445
1.8,1.39,0.64,0.71,0.48,0.23,1.18,0.4,0.27,19385,6.53461766242981
1.8,1.39,0.64,0.71,0.48,0.23,1.18,0.4,0.27,19820,6.53461766242981
1.8,1.39,0.64,0.71,0.48,0.23,1.18,0.4,0.27,19827,6.538567781448364
1.8,1.39,0.64,0.71,0.48,0.23,1.18,0.4,0.27,19744,6.54256796836853
1.8,1.39,0.64,0.71,0.48,0.24,1.17,0.4,0.27,19955,6.546929359436035
1.8,1.4,0.64,0.71,0.48,0.23,1.18,0.4,0.27,19748,6.5476744174957275
1.8,1.39,0.64,0.71,0.48,0.23,1.18,0.4,0.27,19341,6.550933122634888
1.8,1.39,0.64,0.71,0.48,0.24,1.18,0.4,0.27,19740,6.555124521255493
1.8,1.39,0.64,0.71,0.48,0.24,1.18,0.4,0.27,19883,6.559204578399658
1.8,1.39,0.64,0.71,0.48,0.23,1.18,0.4,0.27,19506,6.563394784927368
1.8,1.39,0.64,0.71,0.48,0.23,1.18,0.4,0.27,19731,6.563394784927368
1.8,1.4,0.64,0.71,0.48,0.24,1.18,0.4,0.27,19912,6.567740201950073
1.8,1.4,0.64,0.71,0.48,0.23,1.18,0.4,0.27,20101,6.571147203445435
1.8,1.39,0.64,0.71,0.48,0.24,1.18,0.4,0.26,19778,6.575226783752441
1.8,1.4,0.64,0.71,0.48,0.23,1.18,0.4,0.27,19585,6.575226783752441
1.8,1.39,0.64,0.71,0.5,0.24,1.18,0.4,0.27,20008,6.579264163970947
1.8,1.39,0.64,0.71,0.48,0.23,1.18,0.4,0.27,19755,6.583358526229858
1.8,1.39,0.64,0.71,0.48,0.23,1.18,0.4,0.27,19384,6.587358713150024
1.8,1.39,0.64,0.71,0.47,0.23,1.18,0.4,0.27,19983,6.587358713150024
1.8,1.4,0.64,0.71,0.48,0.23,1.17,0.41,0.27,20246,6.591585397720337
1.8,1.4,0.64,0.71,0.48,0.23,1.18,0.4,0.27,20079,6.596053600311279
1.8,1.39,0.64,0.71,0.47,0.23,1.18,0.4,0.27,19708,6.59984016418457
1.8,1.4,0.64,0.71,0.48,0.23,1.18,0.4,0.27,19789,6.59984016418457
1.8,1.4,0.64,0.71,0.48,0.23,1.18,0.4,0.27,19656,6.604424953460693
1.8,1.4,0.64,0.71,0.48,0.23,1.18,0.4,0.27,19535,6.60757303237915
1.8,1.4,0.64,0.71,0.48,0.23,1.18,0.4,0.27,19812,6.6118385791778564
1.8,1.4,0.64,0.71,0.48,0.23,1.18,0.4,0.27,19923,6.612892150878906
1.8,1.39,0.64,0.71,0.47,0.23,1.18,0.4,0.27,19270,6.615898132324219
1.8,1.4,0.64,0.71,0.48,0.23,1.18,0.4,0.27,19503,6.620878219604492
1.8,1.4,0.64,0.71,0.48,0.23,1.18,0.4,0.27,19840,6.62439227104187
1.8,1.4,0.64,0.71,0.47,0.23,1.18,0.4,0.27,19979,6.62439227104187
1.8,1.4,0.64,0.71,0.47,0.23,1.18,0.4,0.27,19864,6.628791332244873
1.8,1.39,0.64,0.71,0.48,0.23,1.18,0.4,0.27,20203,6.6329591274261475
1.8,1.4,0.64,0.71,0.48,0.24,1.18,0.4,0.27,20032,6.637116193771362
1.8,1.39,0.64,0.71,0.48,0.23,1.18,0.4,0.27,19819,6.641113042831421
1.8,1.39,0.64,0.71,0.48,0.23,1.18,0.41,0.27,19692,6.641113042831421
1.8,1.4,0.64,0.71,0.48,0.23,1.18,0.4,0.27,19991,6.64511513710022
1.8,1.4,0.64,0.71,0.48,0.23,1.18,0.4,0.27,19490,6.649725914001465
1.8,1.39,0.64,0.71,0.48,0.23,1.18,0.4,0.27,19815,6.653054237365723
1.8,1.39,0.63,0.71,0.48,0.23,1.18,0.4,0.27,20274,6.653054237365723
1.8,1.39,0.64,0.71,0.48,0.23,1.18,0.4,0.27,20379,6.65675687789917
1.8,1.39,0.64,0.71,0.48,0.23,1.18,0.4,0.27,20140,6.661958932876587
1.8,1.39,0.64,0.71,0.48,0.23,1.18,0.4,0.27,19529,6.665218353271484
1.8,1.4,0.64,0.71,0.48,0.23,1.18,0.4,0.27,19688,6.665952205657959
1.8,1.39,0.64,0.71,0.48,0.23,1.18,0.4,0.27,19785,6.669670104980469
1.8,1.39,0.64,0.71,0.48,0.23,1.18,0.4,0.27,19950,6.673667669296265
1.8,1.4,0.64,0.71,0.48,0.24,1.18,0.4,0.27,19977,6.677929162979126
1.8,1.39,0.64,0.71,0.48,0.23,1.18,0.4,0.27,19806,6.677929162979126
1.8,1.4,0.64,0.71,0.48,0.23,1.18,0.4,0.27,19759,6.681688070297241
1.8,1.39,0.64,0.71,0.47,0.23,1.18,0.4,0.27,19712,6.6861793994903564
1.8,1.4,0.64,0.71,0.48,0.23,1.18,0.4,0.27,19647,6.690287113189697
1.8,1.4,0.64,0.71,0.48,0.24,1.18,0.4,0.27,19684,6.691061019897461
1.8,1.4,0.64,0.71,0.48,0.24,1.18,0.4,0.27,19705,6.694321155548096
1.8,1.4,0.64,0.71,0.48,0.24,1.18,0.4,0.27,19702,6.698584079742432
1.8,1.4,0.64,0.71,0.47,0.23,1.18,0.4,0.27,19793,6.702581167221069
1.8,1.4,0.64,0.71,0.48,0.23,1.18,0.4,0.27,19456,6.706549167633057
1.8,1.4,0.64,0.71,0.48,0.23,1.18,0.4,0.27,19591,6.706549167633057
1.8,1.4,0.64,0.71,0.47,0.23,1.18,0.4,0.27,19576,6.710693359375
1.8,1.39,0.64,0.71,0.48,0.23,1.18,0.4,0.27,19673,6.7150938510894775
1.8,1.4,0.64,0.71,0.48,0.23,1.18,0.4,0.27,19530,6.719093084335327
1.8,1.39,0.64,0.71,0.48,0.24,1.18,0.4,0.27,19575,6.719093084335327
1.8,1.39,0.64,0.71,0.47,0.23,1.18,0.4,0.27,19364,6.722936153411865
1.8,1.39,0.64,0.71,0.47,0.23,1.18,0.4,0.27,19645,6.727608919143677
1.8,1.4,0.64,0.71,0.48,0.23,1.18,0.4,0.27,19638,6.730823755264282
1.8,1.39,0.64,0.71,0.48,0.23,1.18,0.4,0.27,19863,6.73165488243103
1.8,1.4,0.64,0.71,0.48,0.23,1.18,0.4,0.27,19708,6.7356626987457275
1.8,1.4,0.64,0.71,0.48,0.23,1.18,0.4,0.27,19455,6.739396095275879
1.8,1.4,0.64,0.71,0.48,0.23,1.18,0.4,0.27,19506,6.743404865264893
1.8,1.39,0.64,0.71,0.48,0.23,1.18,0.4,0.27,19593,6.744136333465576
1.8,1.4,0.64,0.71,0.48,0.23,1.18,0.4,0.27,19932,6.747509241104126
1.8,1.4,0.64,0.71,0.48,0.23,1.18,0.4,0.27,19677,6.751747369766235
1.8,1.4,0.64,0.71,0.48,0.23,1.18,0.4,0.27,19670,6.755783557891846
1.8,1.4,0.64,0.71,0.48,0.23,1.18,0.4,0.27,20045,6.7567830085754395
1.8,1.39,0.64,0.71,0.48,0.23,1.18,0.4,0.27,19888,6.7596213817596436
1.8,1.4,0.64,0.71,0.48,0.23,1.18,0.4,0.27,19719,6.763848781585693
1.8,1.39,0.64,0.71,0.48,0.23,1.18,0.4,0.27,19956,6.7681050300598145
1.8,1.4,0.64,0.71,0.48,0.23,1.18,0.4,0.27,19743,6.768909931182861
1.8,1.4,0.64,0.71,0.48,0.23,1.18,0.4,0.27,19992,6.772062063217163
1.8,1.4,0.64,0.71,0.48,0.24,1.18,0.4,0.27,20101,6.775683641433716
1.8,1.4,0.64,0.71,0.48,0.23,1.18,0.4,0.27,20004,6.77991509437561
1.8,1.4,0.64,0.71,0.48,0.23,1.18,0.4,0.27,19877,6.7809669971466064
1.8,1.4,0.64,0.71,0.48,0.23,1.18,0.4,0.27,20002,6.783971071243286
1.8,1.4,0.64,0.71,0.47,0.23,1.18,0.4,0.27,19899,6.789014577865601
1.8,1.4,0.64,0.71,0.48,0.23,1.18,0.4,0.27,19468,6.792690753936768
1.8,1.39,0.64,0.71,0.48,0.23,1.18,0.4,0.27,19393,6.796328544616699
1.8,1.4,0.64,0.71,0.47,0.23,1.18,0.4,0.27,19712,6.7970592975616455
1.8,1.4,0.64,0.71,0.48,0.23,1.18,0.4,0.27,19797,6.801355838775635
1.8,1.4,0.64,0.71,0.48,0.23,1.18,0.4,0.27,19364,6.804949045181274
1.8,1.39,0.64,0.71,0.48,0.23,1.18,0.4,0.27,19697,6.808464527130127
1.8,1.4,0.64,0.71,0.48,0.23,1.18,0.4,0.27,20122,6.808464527130127
1.8,1.4,0.64,0.71,0.48,0.23,1.18,0.4,0.27,19929,6.8130481243133545
1.8,1.4,0.64,0.71,0.48,0.23,1.18,0.4,0.27,19648,6.817258596420288
1.8,1.39,0.64,0.71,0.48,0.23,1.18,0.4,0.27,19599,6.82128381729126
1.8,1.39,0.64,0.71,0.48,0.23,1.18,0.4,0.27,19824,6.82202672958374
1.8,1.39,0.64,0.71,0.47,0.23,1.18,0.4,0.27,19635,6.825376749038696
1.8,1.4,0.64,0.71,0.48,0.23,1.18,0.4,0.27,19486,6.829279899597168
1.8,1.4,0.64,0.71,0.48,0.23,1.18,0.4,0.27,19801,6.833568811416626
1.8,1.39,0.64,0.71,0.48,0.23,1.18,0.4,0.27,19700,6.834618330001831
1.8,1.4,0.64,0.71,0.48,0.23,1.18,0.4,0.27,19503,6.83762788772583
1.8,1.4,0.63,0.71,0.48,0.24,1.18,0.4,0.27,19600,6.841794013977051
1.8,1.4,0.64,0.71,0.48,0.23,1.18,0.4,0.27,19735,6.845875024795532
1.8,1.39,0.64,0.71,0.48,0.24,1.18,0.4,0.27,19894,6.846617221832275
1.8,1.4,0.64,0.71,0.5,0.23,1.18,0.4,0.27,19693,6.849868535995483
1.8,1.4,0.64,0.71,0.5,0.23,1.18,0.4,0.27,19880,6.8545989990234375
1.8,1.4,0.64,0.71,0.48,0.24,1.18,0.4,0.27,20175,6.858462572097778
1.8,1.4,0.64,0.71,0.48,0.23,1.18,0.4,0.27,19786,6.858462572097778
1.8,1.4,0.64,0.71,0.48,0.23,1.18,0.4,0.27,20041,6.86189079284668
1.8,1.4,0.64,0.71,0.48,0.24,1.18,0.4,0.27,19922,6.866342544555664
1.8,1.4,0.64,0.71,0.48,0.23,1.18,0.4,0.27,19477,6.8705525398254395
1.8,1.39,0.64,0.71,0.48,0.23,1.18,0.4,0.27,19452,6.874531030654907
1.8,1.4,0.63,0.71,0.5,0.23,1.18,0.4,0.27,20245,6.874531030654907
1.8,1.4,0.64,0.71,0.48,0.23,1.18,0.4,0.27,20104,6.878515958786011
1.8,1.4,0.65,0.71,0.48,0.23,1.18,0.4,0.27,19823,6.8828887939453125
1.8,1.4,0.64,0.71,0.48,0.23,1.18,0.4,0.27,19604,6.886016845703125
1.8,1.39,0.64,0.71,0.48,0.24,1.18,0.4,0.27,19623,6.8870251178741455
1.8,1.4,0.64,0.71,0.48,0.23,1.18,0.41,0.27,19688,6.891024112701416
1.8,1.4,0.64,0.71,0.48,0.23,1.18,0.41,0.27,19855,6.894643545150757
1.8,1.4,0.64,0.71,0.48,0.23,1.18,0.4,0.27,19746,6.898891925811768
1.8,1.39,0.64,0.71,0.48,0.23,1.18,0.4,0.27,19799,6.898891925811768
1.8,1.39,0.64,0.71,0.48,0.24,1.18,0.4,0.27,19952,6.902911901473999
1.8,1.39,0.64,0.71,0.48,0.23,1.18,0.41,0.27,19785,6.907225608825684
1.8,1.39,0.64,0.71,0.47,0.23,1.18,0.4,0.27,20004,6.911464691162109
1.8,1.39,0.64,0.71,0.48,0.23,1.18,0.4,0.27,20207,6.911464691162109
1.8,1.39,0.64,0.71,0.48,0.24,1.18,0.4,0.27,20178,6.915480136871338
1.8,1.4,0.64,0.71,0.48,0.23,1.18,0.41,0.27,20277,6.919622182846069
1.8,1.4,0.64,0.71,0.48,0.23,1.18,0.4,0.27,19964,6.923777341842651
1.8,1.4,0.64,0.71,0.47,0.23,1.18,0.41,0.27,19781,6.923777341842651
1.8,1.4,0.64,0.71,0.48,0.23,1.18,0.41,0.27,20022,6.927806377410889
1.8,1.4,0.64,0.71,0.48,0.24,1.18,0.41,0.27,20133,6.9322614669799805
1.8,1.39,0.64,0.71,0.48,0.23,1.18,0.4,0.27,20104,6.936350345611572
1.8,1.39,0.64,0.71,0.48,0.24,1.18,0.41,0.27,19851,6.936350345611572
1.8,1.4,0.64,0.71,0.48,0.23,1.18,0.41,0.27,20098,6.940006256103516
1.8,1.39,0.64,0.71,0.48,0.24,1.18,0.41,0.27,19929,6.944293260574341
1.8,1.4,0.64,0.71,0.48,0.24,1.18,0.4,0.27,19818,6.949308633804321
1.8,1.4,0.64,0.71,0.48,0.23,1.18,0.4,0.27,19577,6.949308633804321
1.8,1.4,0.64,0.71,0.48,0.23,1.18,0.4,0.27,19312,6.951939105987549
1.8,1.39,0.64,0.71,0.48,0.23,1.18,0.41,0.27,19319,6.956395864486694
1.8,1.39,0.64,0.71,0.48,0.23,1.18,0.4,0.27,19880,6.960822343826294
1.8,1.4,0.64,0.71,0.48,0.23,1.18,0.4,0.27,19929,6.964703321456909
1.8,1.4,0.64,0.71,0.48,0.23,1.18,0.41,0.27,19652,6.964703321456909
1.8,1.4,0.64,0.71,0.48,0.24,1.18,0.41,0.27,19503,6.968676805496216
1.8,1.4,0.64,0.71,0.48,0.23,1.18,0.41,0.27,19396,6.972715377807617
1.8,1.4,0.64,0.71,0.48,0.24,1.18,0.4,0.27,19457,6.976712942123413
1.8,1.4,0.64,0.71,0.48,0.23,1.18,0.41,0.27,19648,6.977437496185303
1.8,1.4,0.64,0.71,0.48,0.24,1.18,0.4,0.27,19811,6.980711221694946
1.8,1.4,0.64,0.71,0.48,0.24,1.18,0.41,0.27,19616,6.985038757324219
1.8,1.4,0.64,0.71,0.48,0.24,1.18,0.41,0.27,19329,6.9897119998931885
1.8,1.4,0.64,0.71,0.48,0.23,1.18,0.41,0.27,19670,6.9897119998931885
1.8,1.4,0.64,0.71,0.48,0.23,1.18,0.41,0.27,19649,6.992968320846558
1.8,1.4,0.64,0.71,0.48,0.23,1.18,0.41,0.27,19722,6.997286558151245
1.8,1.4,0.64,0.71,0.48,0.24,1.18,0.41,0.27,19819,7.001084804534912
1.8,1.4,0.64,0.71,0.48,0.24,1.18,0.41,0.27,19612,7.002096176147461
1.8,1.4,0.64,0.71,0.48,0.23,1.18,0.4,0.27,19955,7.005275011062622
1.8,1.4,0.64,0.71,0.48,0.24,1.18,0.4,0.27,19718,7.009100437164307
1.8,1.4,0.64,0.71,0.48,0.24,1.18,0.4,0.27,19477,7.014005422592163
1.8,1.4,0.64,0.71,0.48,0.24,1.18,0.4,0.27,19864,7.014005422592163
1.8,1.4,0.64,0.71,0.48,0.23,1.18,0.41,0.27,19753,7.017972946166992
1.8,1.4,0.64,0.71,0.48,0.24,1.18,0.41,0.27,19666,7.021190166473389
1.8,1.4,0.64,0.71,0.48,0.23,1.18,0.41,0.27,19859,7.026393175125122
1.8,1.4,0.64,0.71,0.5,0.23,1.18,0.41,0.27,19848,7.02939248085022
1.8,1.4,0.64,0.71,0.48,0.23,1.18,0.41,0.27,19963,7.030393362045288
1.8,1.4,0.64,0.71,0.48,0.24,1.18,0.41,0.27,19744,7.033631801605225
1.8,1.4,0.64,0.71,0.48,0.23,1.18,0.41,0.27,19325,7.038630485534668
1.8,1.4,0.64,0.71,0.48,0.23,1.18,0.4,0.27,19558,7.04263162612915
1.8,1.4,0.64,0.71,0.48,0.23,1.18,0.41,0.27,19775,7.04263162612915
1.8,1.4,0.64,0.71,0.48,0.23,1.18,0.41,0.27,19980,7.04621434211731
1.8,1.4,0.64,0.71,0.48,0.23,1.18,0.41,0.27,20261,7.050396680831909
1.8,1.4,0.64,0.71,0.48,0.24,1.18,0.41,0.27,19968,7.0548460483551025
1.8,1.4,0.64,0.71,0.48,0.23,1.18,0.41,0.27,19635,7.0548460483551025
1.8,1.4,0.64,0.71,0.48,0.23,1.18,0.41,0.27,19766,7.058115243911743
1.8,1.4,0.64,0.71,0.48,0.23,1.18,0.4,0.27,20005,7.063120126724243
1.8,1.4,0.64,0.71,0.48,0.24,1.18,0.41,0.27,20048,7.067131996154785
1.8,1.4,0.64,0.71,0.48,0.23,1.18,0.41,0.27,19921,7.068115234375
1.8,1.39,0.64,0.71,0.48,0.23,1.18,0.41,0.27,19932,7.071130752563477
1.8,1.4,0.64,0.71,0.48,0.23,1.18,0.41,0.27,19797,7.075476884841919
1.8,1.4,0.64,0.71,0.48,0.24,1.18,0.41,0.27,19758,7.079453945159912
1.8,1.4,0.64,0.71,0.48,0.24,1.18,0.41,0.27,19885,7.08049750328064
1.8,1.4,0.64,0.71,0.48,0.23,1.18,0.41,0.27,19890,7.083853721618652
1.8,1.4,0.64,0.71,0.48,0.23,1.18,0.41,0.27,19793,7.087853670120239
1.8,1.4,0.64,0.71,0.48,0.23,1.18,0.41,0.27,19942,7.091721534729004
1.8,1.39,0.64,0.71,0.48,0.24,1.18,0.41,0.27,20163,7.095663785934448
1.8,1.4,0.64,0.71,0.48,0.23,1.18,0.41,0.27,19530,7.095663785934448
1.8,1.4,0.64,0.71,0.48,0.23,1.18,0.41,0.27,19207,7.0997326374053955
1.8,1.39,0.64,0.71,0.48,0.23,1.18,0.41,0.27,19216,7.104177236557007
1.8,1.4,0.64,0.71,0.48,0.23,1.18,0.41,0.27,19583,7.1074793338775635
1.8,1.4,0.64,0.71,0.48,0.23,1.18,0.41,0.27,19866,7.108208417892456
1.8,1.4,0.64,0.71,0.48,0.23,1.18,0.41,0.27,19943,7.111570835113525
1.8,1.4,0.63,0.71,0.48,0.23,1.18,0.4,0.27,20066,7.1162800788879395
1.8,1.4,0.64,0.71,0.48,0.23,1.18,0.41,0.27,20057,7.120558500289917
1.8,1.4,0.64,0.71,0.48,0.23,1.18,0.41,0.27,19846,7.120558500289917
1.8,1.4,0.64,0.71,0.48,0.23,1.18,0.4,0.27,19737,7.124563932418823
1.8,1.4,0.64,0.71,0.48,0.24,1.18,0.41,0.27,19736,7.128599166870117
1.8,1.4,0.64,0.71,0.48,0.24,1.18,0.4,0.27,19723,7.132883548736572
1.8,1.4,0.64,0.71,0.48,0.24,1.19,0.4,0.27,19732,7.132883548736572
1.8,1.4,0.64,0.71,0.48,0.23,1.18,0.41,0.27,19657,7.136630296707153
1.8,1.4,0.64,0.71,0.48,0.23,1.18,0.4,0.27,19770,7.140767812728882
1.8,1.39,0.64,0.71,0.47,0.23,1.18,0.41,0.27,20035,7.1450183391571045
1.8,1.4,0.64,0.71,0.48,0.23,1.18,0.4,0.27,20212,7.145817995071411
1.8,1.4,0.63,0.71,0.48,0.23,1.18,0.4,0.27,20063,7.14889121055603
1.8,1.4,0.64,0.71,0.48,0.24,1.18,0.4,0.28,20010,7.15300726890564
1.8,1.4,0.64,0.71,0.48,0.23,1.18,0.4,0.27,20045,7.157729864120483
1.8,1.4,0.64,0.71,0.48,0.23,1.18,0.4,0.27,20430,7.157729864120483
1.8,1.4,0.64,0.71,0.48,0.23,1.18,0.41,0.27,20171,7.161707639694214
1.8,1.4,0.64,0.71,0.48,0.23,1.18,0.41,0.27,19800,7.165355920791626
1.8,1.4,0.64,0.71,0.48,0.24,1.18,0.41,0.27,19847,7.169567584991455
1.8,1.4,0.64,0.71,0.48,0.24,1.18,0.41,0.27,19738,7.173526763916016
1.8,1.4,0.64,0.71,0.48,0.23,1.18,0.41,0.27,19523,7.173526763916016
1.8,1.4,0.64,0.71,0.47,0.23,1.19,0.41,0.27,19616,7.177591323852539
1.8,1.4,0.64,0.71,0.48,0.24,1.18,0.41,0.27,19519,7.181846857070923
1.8,1.4,0.64,0.71,0.48,0.24,1.18,0.41,0.27,19706,7.185816049575806
1.8,1.4,0.64,0.71,0.48,0.24,1.18,0.41,0.27,20063,7.185816049575806
1.8,1.4,0.64,0.71,0.48,0.23,1.18,0.41,0.27,20114,7.189896583557129
1.8,1.4,0.64,0.71,0.47,0.23,1.18,0.4,0.27,19799,7.194352149963379
1.8,1.4,0.64,0.71,0.48,0.23,1.18,0.4,0.27,19770,7.197486400604248
1.8,1.4,0.64,0.71,0.48,0.24,1.18,0.41,0.27,19985,7.198526382446289
1.8,1.4,0.64,0.71,0.48,0.24,1.18,0.41,0.27,19818,7.2025251388549805
1.8,1.4,0.64,0.71,0.48,0.24,1.18,0.41,0.27,19711,7.2062437534332275
1.8,1.4,0.64,0.71,0.48,0.24,1.18,0.41,0.27,20326,7.21087908744812
1.8,1.4,0.64,0.71,0.48,0.23,1.18,0.41,0.27,20223,7.21087908744812
1.8,1.4,0.64,0.71,0.48,0.24,1.18,0.41,0.27,19862,7.214449167251587
1.8,1.4,0.64,0.71,0.48,0.24,1.18,0.41,0.27,19723,7.218487977981567
1.8,1.4,0.64,0.71,0.48,0.24,1.18,0.4,0.27,19640,7.222817659378052
1.8,1.4,0.64,0.71,0.48,0.24,1.18,0.41,0.27,19773,7.223867177963257
1.8,1.4,0.64,0.71,0.48,0.23,1.18,0.41,0.27,19700,7.226851224899292
1.8,1.4,0.64,0.71,0.48,0.24,1.18,0.41,0.27,19755,7.231194496154785
1.8,1.4,0.64,0.71,0.47,0.23,1.18,0.41,0.27,19792,7.235181570053101
1.8,1.4,0.64,0.71,0.48,0.23,1.18,0.41,0.27,19847,7.239179372787476
1.8,1.4,0.64,0.71,0.48,0.24,1.18,0.41,0.27,19920,7.239179372787476
1.8,1.4,0.64,0.71,0.48,0.23,1.18,0.41,0.27,19947,7.242813348770142
1.8,1.4,0.64,0.71,0.48,0.24,1.18,0.41,0.26,20056,7.247400760650635
1.8,1.4,0.64,0.71,0.48,0.23,1.18,0.41,0.27,19665,7.250845909118652
1.8,1.4,0.64,0.71,0.48,0.23,1.18,0.41,0.27,19532,7.251909971237183
1.8,1.4,0.64,0.71,0.48,0.23,1.18,0.41,0.27,19683,7.255857467651367
1.8,1.4,0.64,0.71,0.48,0.24,1.18,0.41,0.27,20038,7.260336637496948
1.8,1.4,0.64,0.71,0.48,0.23,1.18,0.41,0.27,19749,7.263656139373779
1.8,1.4,0.64,0.71,0.48,0.23,1.18,0.41,0.27,19556,7.264430046081543
1.8,1.4,0.64,0.71,0.48,0.23,1.18,0.4,0.27,19657,7.267885684967041
1.8,1.4,0.64,0.71,0.5,0.24,1.18,0.41,0.27,19706,7.27215838432312
1.8,1.4,0.64,0.71,0.48,0.24,1.18,0.4,0.27,19925,7.276187419891357
1.8,1.4,0.64,0.71,0.48,0.24,1.18,0.4,0.27,20084,7.276187419891357
1.8,1.4,0.64,0.71,0.48,0.23,1.18,0.41,0.27,19957,7.2797369956970215
1.8,1.4,0.64,0.71,0.48,0.23,1.18,0.41,0.27,19640,7.284117698669434
1.8,1.4,0.64,0.71,0.48,0.23,1.18,0.41,0.27,19605,7.28860068321228
1.8,1.4,0.64,0.71,0.48,0.23,1.18,0.41,0.27,20046,7.28860068321228
1.8,1.4,0.64,0.71,0.48,0.23,1.18,0.41,0.27,19873,7.291872501373291
1.8,1.4,0.65,0.71,0.47,0.23,1.18,0.41,0.27,19354,7.296366214752197
1.8,1.4,0.64,0.71,0.48,0.23,1.18,0.41,0.27,19363,7.3006627559661865
1.8,1.4,0.64,0.71,0.48,0.23,1.18,0.4,0.27,19770,7.301413059234619
1.8,1.4,0.64,0.71,0.48,0.23,1.18,0.41,0.27,19563,7.305413007736206
1.8,1.4,0.65,0.71,0.48,0.24,1.18,0.41,0.27,19812,7.309048891067505
1.8,1.4,0.64,0.71,0.48,0.23,1.18,0.41,0.27,20115,7.313129186630249
1.8,1.4,0.64,0.71,0.48,0.23,1.18,0.4,0.27,20070,7.31588077545166
1.8,1.4,0.64,0.71,0.48,0.23,1.18,0.41,0.27,19749,7.316922426223755
1.8,1.4,0.64,0.71,0.47,0.23,1.18,0.41,0.27,19714,7.320282459259033
1.8,1.4,0.64,0.71,0.47,0.23,1.18,0.41,0.27,19837,7.325425386428833
1.8,1.4,0.64,0.71,0.48,0.23,1.18,0.41,0.27,19774,7.328352451324463
1.8,1.4,0.64,0.71,0.48,0.24,1.18,0.41,0.27,19693,7.329349517822266
1.8,1.4,0.64,0.71,0.48,0.24,1.18,0.41,0.27,19968,7.332594633102417
1.8,1.4,0.64,0.71,0.48,0.24,1.18,0.41,0.27,19749,7.337640762329102
1.8,1.4,0.64,0.71,0.48,0.24,1.18,0.41,0.27,19754,7.340846061706543
1.8,1.4,0.64,0.71,0.48,0.24,1.18,0.4,0.27,19833,7.341846227645874
1.8,1.4,0.64,0.71,0.48,0.24,1.18,0.4,0.27,20016,7.344871282577515
1.8,1.4,0.64,0.71,0.48,0.24,1.18,0.41,0.27,20039,7.349452257156372
1.8,1.4,0.64,0.71,0.48,0.24,1.18,0.41,0.27,19274,7.353156089782715
1.8,1.4,0.64,0.71,0.48,0.24,1.18,0.41,0.27,19377,7.354182481765747
1.8,1.4,0.64,0.71,0.48,0.24,1.18,0.4,0.27,19650,7.35719895362854
1.8,1.4,0.64,0.71,0.48,0.24,1.18,0.41,0.27,20001,7.361462831497192
1.8,1.4,0.64,0.71,0.48,0.24,1.18,0.41,0.27,20238,7.365780830383301
1.8,1.4,0.64,0.71,0.48,0.23,1.18,0.41,0.27,19925,7.366460561752319
1.8,1.4,0.65,0.71,0.48,0.24,1.18,0.4,0.27,19686,7.370088815689087
1.8,1.4,0.64,0.71,0.48,0.24,1.18,0.4,0.27,19701,7.374324560165405
1.8,1.4,0.64,0.71,0.48,0.24,1.18,0.41,0.27,19762,7.377994537353516
1.8,1.4,0.64,0.71,0.48,0.24,1.18,0.4,0.27,19955,7.382076263427734
1.8,1.4,0.64,0.71,0.48,0.24,1.18,0.4,0.27,19722,7.382076263427734
1.8,1.4,0.64,0.71,0.48,0.23,1.18,0.4,0.27,19913,7.385931730270386
1.8,1.4,0.64,0.71,0.48,0.23,1.18,0.41,0.27,20322,7.39041543006897
1.8,1.4,0.65,0.71,0.48,0.23,1.18,0.41,0.27,20449,7.394654750823975
1.8,1.4,0.65,0.71,0.48,0.23,1.18,0.41,0.27,19456,7.395431041717529
1.8,1.4,0.64,0.71,0.48,0.23,1.18,0.41,0.27,19557,7.39863395690918
1.8,1.4,0.64,0.71,0.48,0.23,1.18,0.41,0.27,19792,7.402992248535156
1.8,1.4,0.64,0.71,0.48,0.24,1.18,0.41,0.27,19817,7.407149076461792
1.8,1.4,0.64,0.71,0.48,0.23,1.18,0.41,0.27,19870,7.407149076461792
1.8,1.4,0.64,0.71,0.48,0.23,1.18,0.41,0.27,20039,7.411243438720703
1.8,1.4,0.64,0.71,0.48,0.24,1.18,0.41,0.27,19894,7.414990425109863
1.8,1.4,0.64,0.71,0.47,0.24,1.18,0.41,0.27,19845,7.419376373291016
1.8,1.4,0.65,0.71,0.48,0.24,1.18,0.41,0.27,19644,7.420419692993164
1.8,1.4,0.64,0.71,0.48,0.24,1.18,0.41,0.27,19595,7.422973871231079
1.8,1.4,0.64,0.71,0.47,0.23,1.18,0.41,0.27,19812,7.427267074584961
1.8,1.4,0.64,0.71,0.48,0.24,1.18,0.41,0.27,19833,7.431266784667969
1.8,1.4,0.65,0.71,0.48,0.24,1.18,0.41,0.27,19620,7.431995391845703
1.8,1.4,0.65,0.71,0.47,0.24,1.18,0.41,0.27,19569,7.435995817184448
1.8,1.4,0.64,0.71,0.47,0.24,1.18,0.41,0.27,19860,7.439496278762817
1.8,1.4,0.65,0.71,0.47,0.24,1.18,0.41,0.27,19987,7.443519830703735
1.8,1.4,0.64,0.71,0.48,0.23,1.18,0.41,0.27,19868,7.44799017906189
1.8,1.4,0.64,0.71,0.48,0.23,1.18,0.4,0.27,19547,7.448544979095459
1.8,1.4,0.65,0.71,0.48,0.24,1.18,0.41,0.27,19206,7.452260971069336
1.8,1.4,0.65,0.71,0.48,0.23,1.18,0.41,0.27,19429,7.456615686416626
1.8,1.4,0.65,0.71,0.48,0.24,1.18,0.41,0.27,19502,7.459872245788574
1.8,1.4,0.65,0.71,0.48,0.24,1.18,0.41,0.27,19623,7.460615396499634
1.8,1.4,0.64,0.71,0.48,0.24,1.18,0.41,0.27,19714,7.4646155834198
1.8,1.4,0.65,0.71,0.48,0.23,1.18,0.41,0.27,19469,7.4683051109313965
1.8,1.4,0.64,0.71,0.48,0.24,1.18,0.4,0.27,19466,7.472315311431885
1.8,1.4,0.65,0.71,0.48,0.23,1.18,0.4,0.27,19257,7.473031759262085
1.8,1.4,0.65,0.71,0.48,0.24,1.18,0.41,0.27,19890,7.476576566696167
1.8,1.4,0.65,0.71,0.48,0.23,1.18,0.41,0.27,20149,7.480831146240234
1.8,1.4,0.65,0.71,0.48,0.24,1.18,0.4,0.28,19474,7.485009670257568
1.8,1.4,0.65,0.71,0.48,0.24,1.18,0.4,0.27,19327,7.485009670257568
1.8,1.4,0.64,0.71,0.48,0.24,1.18,0.4,0.27,19766,7.489009618759155
1.8,1.4,0.64,0.71,0.48,0.24,1.18,0.4,0.27,19875,7.493084192276001
1.8,1.4,0.64,0.71,0.48,0.24,1.18,0.4,0.27,20042,7.497415542602539
1.8,1.4,0.64,0.71,0.48,0.24,1.18,0.4,0.27,20105,7.497415542602539
1.79,1.4,0.65,0.71,0.48,0.24,1.18,0.41,0.27,19614,7.501172065734863
1.8,1.4,0.65,0.71,0.48,0.24,1.18,0.4,0.27,19443,7.5057501792907715
1.8,1.4,0.65,0.71,0.48,0.23,1.18,0.4,0.27,19686,7.509001970291138
1.8,1.4,0.64,0.71,0.48,0.24,1.18,0.4,0.27,19977,7.510049343109131
1.8,1.4,0.64,0.71,0.48,0.24,1.18,0.4,0.27,19788,7.514028787612915
1.8,1.4,0.65,0.71,0.48,0.24,1.18,0.4,0.27,19509,7.517625331878662
1.8,1.4,0.65,0.71,0.48,0.24,1.18,0.4,0.27,19950,7.522351503372192
1.8,1.4,0.64,0.71,0.48,0.24,1.18,0.4,0.27,20369,7.525720119476318
1.8,1.4,0.65,0.71,0.48,0.24,1.18,0.4,0.27,20312,7.525720119476318
1.8,1.4,0.65,0.71,0.48,0.24,1.18,0.4,0.27,19755,7.529858350753784
1.8,1.4,0.65,0.71,0.48,0.24,1.18,0.4,0.27,19498,7.534067630767822
1.8,1.4,0.65,0.71,0.48,0.24,1.18,0.4,0.27,19573,7.538060426712036
1.8,1.4,0.65,0.71,0.48,0.24,1.18,0.4,0.27,20004,7.538929224014282
1.8,1.4,0.65,0.71,0.48,0.23,1.18,0.4,0.28,20351,7.542109966278076
1.8,1.4,0.65,0.71,0.48,0.23,1.18,0.4,0.27,20196,7.546380996704102
1.8,1.4,0.64,0.71,0.48,0.23,1.18,0.4,0.27,19849,7.550650119781494
1.8,1.4,0.64,0.71,0.48,0.24,1.18,0.4,0.27,19788,7.550650119781494
1.8,1.4,0.65,0.71,0.48,0.23,1.18,0.4,0.27,19785,7.554079532623291
1.8,1.4,0.64,0.71,0.48,0.24,1.18,0.4,0.27,20136,7.558614253997803
1.8,1.4,0.65,0.71,0.47,0.24,1.18,0.4,0.27,20273,7.562813758850098
1.8,1.4,0.65,0.71,0.48,0.24,1.18,0.4,0.27,20312,7.562813758850098
1.8,1.4,0.65,0.71,0.48,0.24,1.18,0.4,0.27,19719,7.566896915435791
1.8,1.4,0.65,0.71,0.48,0.24,1.18,0.4,0.27,19666,7.57124924659729
1.8,1.41,0.65,0.71,0.48,0.24,1.18,0.4,0.27,19809,7.574991941452026
1.79,1.4,0.65,0.71,0.48,0.24,1.18,0.4,0.27,19572,7.574991941452026
1.8,1.41,0.65,0.71,0.48,0.24,1.18,0.4,0.27,19583,7.57926869392395
1.8,1.4,0.65,0.71,0.48,0.24,1.18,0.4,0.27,19388,7.583580493927002
1.8,1.4,0.65,0.71,0.48,0.24,1.18,0.4,0.27,19857,7.587387561798096
1.8,1.4,0.65,0.71,0.47,0.24,1.18,0.4,0.27,20128,7.590703248977661
1.8,1.4,0.65,0.71,0.47,0.24,1.18,0.4,0.27,20035,7.5914201736450195
1.8,1.4,0.65,0.71,0.47,0.24,1.18,0.4,0.27,20110,7.595707654953003
1.8,1.4,0.65,0.71,0.47,0.23,1.18,0.4,0.27,20041,7.599719762802124
1.8,1.4,0.65,0.71,0.47,0.24,1.18,0.41,0.27,20160,7.60271954536438
1.8,1.4,0.65,0.71,0.48,0.24,1.18,0.4,0.27,19661,7.603719711303711
1.8,1.4,0.65,0.71,0.47,0.24,1.18,0.4,0.27,19764,7.607719898223877
1.8,1.4,0.65,0.71,0.48,0.23,1.18,0.4,0.27,19833,7.611720085144043
1.79,1.4,0.65,0.71,0.47,0.24,1.19,0.4,0.27,19666,7.615723609924316
1.8,1.4,0.65,0.71,0.47,0.24,1.18,0.4,0.27,19643,7.615723609924316
1.8,1.4,0.65,0.71,0.47,0.24,1.18,0.4,0.27,19264,7.619709014892578
1.8,1.4,0.65,0.71,0.48,0.24,1.18,0.41,0.27,19353,7.624258279800415
1.8,1.4,0.65,0.71,0.48,0.24,1.18,0.4,0.27,19756,7.628330230712891
1.8,1.4,0.65,0.71,0.48,0.24,1.18,0.4,0.27,20119,7.628330230712891
1.8,1.4,0.65,0.71,0.48,0.24,1.18,0.4,0.27,19688,7.632345676422119
1.8,1.4,0.65,0.71,0.48,0.24,1.18,0.41,0.27,19637,7.636428117752075
1.8,1.4,0.65,0.71,0.48,0.24,1.18,0.4,0.27,19912,7.640036582946777
1.8,1.4,0.65,0.71,0.48,0.24,1.18,0.4,0.27,19377,7.640783309936523
1.8,1.4,0.65,0.71,0.48,0.24,1.18,0.41,0.27,19504,7.6447834968566895
1.8,1.4,0.65,0.71,0.48,0.24,1.18,0.4,0.27,20043,7.649066925048828
1.8,1.4,0.65,0.71,0.48,0.24,1.18,0.4,0.27,19718,7.652412414550781
1.8,1.4,0.65,0.71,0.48,0.24,1.18,0.41,0.27,19891,7.657112121582031
1.8,1.4,0.64,0.71,0.5,0.23,1.18,0.4,0.27,19832,7.657112121582031
1.8,1.4,0.65,0.71,0.48,0.24,1.19,0.4,0.27,20071,7.660494565963745
1.8,1.4,0.65,0.71,0.48,0.24,1.18,0.4,0.27,20394,7.665512800216675
1.8,1.4,0.65,0.71,0.48,0.24,1.19,0.4,0.27,20193,7.668779611587524
1.8,1.4,0.65,0.71,0.48,0.23,1.19,0.4,0.27,20240,7.669512748718262
1.8,1.4,0.65,0.71,0.48,0.24,1.18,0.41,0.27,20101,7.673207759857178
1.79,1.4,0.65,0.71,0.48,0.24,1.19,0.4,0.27,19618,7.678250074386597
1.8,1.4,0.65,0.71,0.48,0.24,1.18,0.41,0.27,19851,7.681501865386963
1.8,1.4,0.65,0.71,0.48,0.24,1.19,0.41,0.27,20342,7.681501865386963
1.8,1.4,0.64,0.71,0.48,0.24,1.19,0.41,0.27,19717,7.685449123382568
1.8,1.4,0.65,0.71,0.48,0.23,1.18,0.4,0.27,19682,7.689452171325684
1.8,1.4,0.65,0.71,0.48,0.24,1.19,0.4,0.27,20187,7.693640232086182
1.8,1.4,0.65,0.71,0.47,0.24,1.18,0.4,0.27,20406,7.693640232086182
1.8,1.4,0.65,0.71,0.48,0.24,1.18,0.4,0.27,20457,7.697964429855347
1.8,1.4,0.64,0.71,0.48,0.24,1.18,0.4,0.27,19976,7.702318906784058
1.8,1.4,0.65,0.71,0.48,0.23,1.19,0.41,0.27,19777,7.706061601638794
1.79,1.4,0.65,0.71,0.48,0.24,1.19,0.41,0.27,20052,7.706061601638794
1.8,1.4,0.65,0.71,0.47,0.24,1.18,0.41,0.27,19943,7.710225582122803
1.8,1.4,0.65,0.71,0.47,0.24,1.19,0.41,0.27,19820,7.714374780654907
1.8,1.4,0.65,0.71,0.48,0.24,1.18,0.4,0.27,20183,7.718393087387085
1.8,1.4,0.65,0.71,0.48,0.24,1.18,0.41,0.27,20422,7.719401121139526
1.8,1.4,0.65,0.71,0.48,0.24,1.19,0.4,0.27,20213,7.7220141887664795
1.8,1.4,0.65,0.71,0.48,0.24,1.18,0.41,0.27,20192,7.726327419281006
1.8,1.4,0.64,0.71,0.48,0.24,1.18,0.4,0.27,20103,7.730327606201172
1.8,1.4,0.65,0.71,0.48,0.24,1.18,0.4,0.27,20098,7.734674692153931
1.8,1.4,0.64,0.71,0.47,0.24,1.18,0.4,0.27,19671,7.734674692153931
1.8,1.4,0.65,0.71,0.48,0.24,1.18,0.4,0.27,19802,7.7391157150268555
1.8,1.4,0.65,0.71,0.47,0.24,1.18,0.4,0.28,20149,7.743112564086914
1.8,1.4,0.65,0.71,0.48,0.24,1.18,0.4,0.27,19998,7.747115850448608
1.8,1.4,0.65,0.71,0.48,0.24,1.18,0.4,0.27,19421,7.747115850448608
1.8,1.4,0.65,0.71,0.48,0.24,1.18,0.4,0.28,19814,7.7512078285217285
1.8,1.4,0.65,0.71,0.48,0.24,1.18,0.4,0.27,20141,7.755261182785034
1.8,1.4,0.65,0.71,0.48,0.24,1.18,0.4,0.27,20042,7.75909948348999
1.8,1.41,0.65,0.71,0.48,0.24,1.18,0.4,0.27,19851,7.75909948348999
1.8,1.4,0.65,0.71,0.5,0.24,1.18,0.4,0.27,19806,7.764124393463135
1.8,1.4,0.65,0.71,0.48,0.24,1.18,0.4,0.27,19731,7.76779842376709
1.8,1.4,0.65,0.71,0.48,0.24,1.18,0.4,0.27,20180,7.771390914916992
1.8,1.41,0.65,0.71,0.48,0.24,1.18,0.4,0.27,19901,7.772134780883789
1.8,1.4,0.65,0.71,0.48,0.25,1.18,0.4,0.27,19828,7.7753822803497314
1.8,1.4,0.65,0.71,0.48,0.24,1.18,0.4,0.27,19727,7.780121088027954
1.8,1.4,0.65,0.71,0.48,0.24,1.18,0.4,0.27,19906,7.783864259719849
1.8,1.4,0.65,0.71,0.47,0.24,1.18,0.4,0.27,19815,7.78459906578064
1.8,1.4,0.65,0.71,0.47,0.24,1.18,0.41,0.27,19436,7.787865161895752
1.8,1.4,0.65,0.71,0.48,0.24,1.18,0.4,0.27,20027,7.791865825653076
1.8,1.4,0.65,0.71,0.48,0.24,1.18,0.4,0.27,20136,7.796610593795776
1.8,1.4,0.64,0.71,0.48,0.24,1.18,0.4,0.27,19837,7.800182580947876
1.8,1.4,0.65,0.71,0.48,0.24,1.18,0.4,0.27,19936,7.800182580947876
1.8,1.4,0.65,0.71,0.48,0.24,1.18,0.4,0.27,20181,7.805126667022705
1.8,1.4,0.65,0.71,0.48,0.24,1.18,0.41,0.28,19900,7.808538436889648
1.8,1.4,0.65,0.71,0.47,0.24,1.18,0.4,0.27,19487,7.811967611312866
1.8,1.41,0.65,0.71,0.48,0.24,1.18,0.4,0.27,19278,7.812993764877319
1.8,1.4,0.65,0.71,0.48,0.24,1.18,0.4,0.27,19283,7.8163135051727295
1.8,1.41,0.65,0.71,0.47,0.24,1.18,0.4,0.27,19510,7.821154832839966
1.8,1.4,0.65,0.71,0.48,0.23,1.18,0.4,0.27,19617,7.825153589248657
1.8,1.4,0.65,0.71,0.48,0.24,1.18,0.4,0.27,20064,7.825153589248657
1.8,1.4,0.65,0.71,0.48,0.24,1.18,0.4,0.27,20243,7.82915186882019
1.8,1.4,0.65,0.71,0.47,0.24,1.19,0.4,0.27,20056,7.8330042362213135
1.8,1.4,0.65,0.71,0.48,0.24,1.18,0.4,0.27,19839,7.836830377578735
1.8,1.4,0.65,0.71,0.48,0.24,1.18,0.4,0.27,19696,7.837579011917114
1.8,1.4,0.65,0.71,0.48,0.24,1.18,0.41,0.27,19943,7.840861558914185
1.8,1.4,0.65,0.71,0.48,0.24,1.18,0.4,0.27,19586,7.844883680343628
1.8,1.4,0.65,0.71,0.48,0.24,1.18,0.4,0.27,19549,7.848881244659424
1.8,1.4,0.65,0.71,0.47,0.24,1.18,0.4,0.27,19934,7.849881887435913
1.8,1.4,0.65,0.71,0.48,0.24,1.18,0.41,0.27,19871,7.852881193161011
1.8,1.4,0.65,0.71,0.47,0.24,1.18,0.41,0.28,19640,7.8573126792907715
1.8,1.4,0.65,0.71,0.48,0.24,1.18,0.41,0.27,19599,7.8613927364349365
1.8,1.4,0.65,0.71,0.48,0.24,1.18,0.41,0.27,19464,7.8613927364349365
1.8,1.4,0.65,0.71,0.48,0.24,1.18,0.4,0.27,19497,7.865586757659912
1.8,1.4,0.65,0.71,0.47,0.24,1.19,0.4,0.27,19532,7.869582891464233
1.8,1.4,0.65,0.71,0.47,0.24,1.18,0.4,0.27,19273,7.873826265335083
1.8,1.4,0.65,0.71,0.48,0.24,1.18,0.41,0.27,19278,7.874582290649414
1.8,1.4,0.65,0.71,0.48,0.24,1.18,0.4,0.27,20265,7.87772011756897
1.8,1.4,0.65,0.71,0.47,0.24,1.18,0.4,0.27,20416,7.882106065750122
1.8,1.4,0.65,0.71,0.47,0.24,1.18,0.4,0.27,19951,7.886456489562988
1.8,1.4,0.65,0.71,0.47,0.24,1.18,0.4,0.27,19766,7.88945460319519
1.8,1.4,0.65,0.71,0.48,0.24,1.18,0.4,0.27,19941,7.890451669692993
1.8,1.4,0.65,0.71,0.48,0.24,1.18,0.4,0.27,19968,7.894449710845947
1.8,1.4,0.65,0.71,0.47,0.24,1.18,0.4,0.27,19809,7.898457765579224
1.8,1.4,0.65,0.71,0.48,0.24,1.18,0.41,0.27,19858,7.902376651763916
1.8,1.4,0.65,0.71,0.49,0.24,1.18,0.4,0.27,19927,7.902376651763916
1.8,1.4,0.65,0.71,0.48,0.24,1.18,0.41,0.27,19912,7.906689643859863
1.8,1.4,0.65,0.71,0.48,0.24,1.18,0.4,0.27,19807,7.91059947013855
1.8,1.4,0.65,0.71,0.48,0.24,1.18,0.41,0.27,19740,7.914249897003174
1.8,1.4,0.65,0.71,0.48,0.24,1.18,0.41,0.27,19183,7.9151482582092285
1.8,1.4,0.65,0.71,0.48,0.24,1.18,0.41,0.27,19120,7.919146299362183
1.8,1.4,0.65,0.71,0.48,0.24,1.18,0.41,0.27,19619,7.92314600944519
1.8,1.4,0.65,0.71,0.48,0.24,1.18,0.41,0.27,19746,7.927319288253784
1.8,1.4,0.65,0.71,0.48,0.24,1.18,0.41,0.27,19971,7.927374362945557
1.8,1.4,0.65,0.71,0.48,0.24,1.18,0.41,0.27,19836,7.9309515953063965
1.8,1.4,0.65,0.71,0.48,0.24,1.18,0.4,0.27,20145,7.935109376907349
1.8,1.4,0.65,0.71,0.5,0.24,1.18,0.41,0.27,19878,7.9387733936309814
1.8,1.4,0.65,0.71,0.48,0.24,1.18,0.4,0.27,19375,7.93980073928833
1.8,1.4,0.65,0.71,0.48,0.24,1.18,0.4,0.27,19948,7.943804979324341
1.8,1.4,0.65,0.71,0.47,0.24,1.18,0.4,0.27,20081,7.9478044509887695
1.8,1.4,0.64,0.71,0.48,0.23,1.18,0.4,0.27,19684,7.951926231384277
1.8,1.4,0.65,0.71,0.47,0.24,1.19,0.41,0.27,19635,7.952897787094116
1.8,1.4,0.65,0.71,0.47,0.24,1.18,0.41,0.27,20334,7.955947160720825
1.8,1.4,0.65,0.71,0.48,0.24,1.19,0.4,0.27,20263,7.9599268436431885
1.8,1.4,0.65,0.71,0.47,0.24,1.18,0.41,0.27,19942,7.96418309211731
1.8,1.4,0.66,0.71,0.49,0.24,1.19,0.41,0.27,19937,7.968215703964233
1.8,1.4,0.65,0.71,0.48,0.24,1.18,0.4,0.27,19642,7.9690842628479
1.8,1.4,0.65,0.71,0.48,0.23,1.19,0.4,0.27,19509,7.9721903800964355
1.8,1.4,0.65,0.71,0.48,0.24,1.19,0.41,0.27,19838,7.976426124572754
1.8,1.4,0.65,0.71,0.48,0.24,1.18,0.41,0.27,19797,7.980495929718018
1.8,1.4,0.65,0.71,0.48,0.24,1.18,0.4,0.27,19520,7.981232166290283
1.8,1.4,0.65,0.71,0.48,0.24,1.19,0.41,0.27,19489,7.984307765960693
1.8,1.4,0.65,0.71,0.48,0.24,1.18,0.41,0.27,19938,7.988613843917847
1.8,1.4,0.65,0.71,0.49,0.24,1.18,0.41,0.27,19975,7.992620944976807
1.8,1.4,0.65,0.71,0.47,0.24,1.18,0.41,0.27,19820,7.993348598480225
1.8,1.4,0.64,0.71,0.48,0.24,1.18,0.41,0.27,19917,7.9966490268707275
1.8,1.4,0.65,0.71,0.47,0.24,1.18,0.41,0.27,19956,8.00092339515686
1.8,1.4,0.65,0.71,0.48,0.24,1.18,0.41,0.27,19951,8.00509786605835
1.8,1.4,0.65,0.71,0.48,0.24,1.18,0.4,0.27,19980,8.006141424179077
1.8,1.4,0.65,0.71,0.48,0.24,1.19,0.41,0.27,20017,8.009543895721436
1.8,1.4,0.65,0.71,0.49,0.24,1.19,0.41,0.28,20100,8.013080358505249
1.8,1.4,0.65,0.71,0.5,0.24,1.19,0.4,0.27,19921,8.017123699188232
1.8,1.4,0.65,0.71,0.48,0.24,1.18,0.4,0.27,19690,8.017123699188232
1.8,1.4,0.65,0.71,0.48,0.24,1.19,0.41,0.27,19991,8.021140336990356
1.8,1.4,0.65,0.71,0.48,0.24,1.18,0.41,0.27,20148,8.02514123916626
1.8,1.4,0.65,0.71,0.48,0.24,1.18,0.41,0.27,19717,8.029141664505005
1.8,1.4,0.65,0.71,0.49,0.24,1.19,0.41,0.27,19598,8.030204772949219
1.8,1.4,0.65,0.71,0.48,0.24,1.18,0.41,0.27,19791,8.033352136611938
1.8,1.4,0.65,0.71,0.47,0.24,1.18,0.41,0.27,20054,8.037453889846802
1.8,1.4,0.65,0.71,0.49,0.24,1.18,0.41,0.28,20109,8.04140591621399
1.8,1.4,0.65,0.71,0.48,0.24,1.18,0.41,0.27,19810,8.04593825340271
1.8,1.4,0.65,0.71,0.5,0.24,1.18,0.4,0.27,19875,8.04593825340271
1.8,1.4,0.65,0.71,0.48,0.23,1.19,0.41,0.27,19638,8.050040006637573
1.8,1.4,0.65,0.71,0.48,0.23,1.18,0.4,0.27,19745,8.054298162460327
1.8,1.4,0.65,0.71,0.5,0.24,1.19,0.41,0.27,20082,8.058382034301758
1.8,1.4,0.65,0.71,0.48,0.24,1.19,0.41,0.27,19961,8.059161186218262
1.8,1.4,0.64,0.71,0.48,0.23,1.19,0.41,0.27,19862,8.06255292892456
1.8,1.4,0.65,0.71,0.48,0.24,1.18,0.41,0.27,19801,8.066505670547485
1.8,1.4,0.65,0.71,0.5,0.24,1.19,0.41,0.27,19538,8.070637702941895
1.8,1.4,0.65,0.71,0.48,0.24,1.19,0.4,0.27,19527,8.071687936782837
1.8,1.4,0.65,0.71,0.48,0.24,1.18,0.41,0.27,19750,8.074676513671875
1.8,1.4,0.65,0.71,0.5,0.24,1.19,0.41,0.27,19371,8.078773021697998
1.8,1.4,0.65,0.71,0.48,0.24,1.19,0.4,0.27,19470,8.082393884658813
1.8,1.4,0.65,0.71,0.48,0.24,1.18,0.41,0.27,19465,8.083421230316162
1.8,1.4,0.65,0.71,0.48,0.23,1.18,0.41,0.27,19652,8.086692333221436
1.8,1.4,0.65,0.71,0.48,0.24,1.18,0.41,0.27,19775,8.09143352508545
1.8,1.4,0.65,0.71,0.48,0.24,1.18,0.41,0.27,19532,8.095434188842773
1.8,1.4,0.65,0.71,0.48,0.24,1.18,0.4,0.27,19561,8.095434188842773
1.8,1.4,0.65,0.71,0.48,0.24,1.18,0.4,0.27,19386,8.099458694458008
1.8,1.4,0.65,0.71,0.48,0.24,1.18,0.4,0.27,19399,8.103454113006592
1.8,1.4,0.65,0.71,0.48,0.24,1.18,0.4,0.27,19774,8.107766389846802
1.8,1.4,0.65,0.71,0.5,0.24,1.19,0.41,0.27,19759,8.107766389846802
1.8,1.4,0.65,0.71,0.48,0.24,1.18,0.4,0.27,19906,8.110891342163086
1.8,1.4,0.65,0.71,0.5,0.24,1.18,0.4,0.27,19729,8.115326881408691
1.8,1.4,0.65,0.71,0.48,0.24,1.18,0.4,0.27,19474,8.11982274055481
1.8,1.4,0.65,0.71,0.49,0.24,1.18,0.4,0.27,19789,8.123932123184204
1.8,1.4,0.65,0.71,0.48,0.24,1.18,0.4,0.27,20170,8.123932123184204
1.8,1.41,0.65,0.71,0.5,0.24,1.19,0.4,0.27,20197,8.127917051315308
1.8,1.4,0.65,0.71,0.48,0.24,1.18,0.4,0.27,19778,8.132182836532593
1.8,1.4,0.65,0.71,0.5,0.24,1.18,0.4,0.27,19903,8.136260986328125
1.8,1.4,0.65,0.71,0.48,0.24,1.18,0.4,0.27,19734,8.136260986328125
1.8,1.4,0.65,0.71,0.48,0.24,1.18,0.4,0.27,20111,8.140309572219849
1.8,1.4,0.65,0.71,0.5,0.24,1.18,0.41,0.27,20576,8.144323348999023
1.8,1.4,0.65,0.71,0.5,0.24,1.18,0.4,0.27,20341,8.14856505393982
1.8,1.4,0.65,0.71,0.5,0.24,1.18,0.4,0.27,20122,8.149539947509766
1.8,1.4,0.64,0.71,0.48,0.24,1.18,0.4,0.27,20091,8.152420043945312
1.8,1.4,0.65,0.71,0.5,0.24,1.18,0.4,0.27,20002,8.156272172927856
1.8,1.4,0.64,0.71,0.48,0.24,1.18,0.41,0.27,19769,8.16026496887207
1.8,1.4,0.64,0.71,0.48,0.24,1.18,0.41,0.27,19488,8.161313533782959
1.8,1.4,0.65,0.71,0.5,0.24,1.18,0.4,0.27,19689,8.16472053527832
1.8,1.4,0.65,0.71,0.48,0.24,1.18,0.41,0.27,19926,8.168681383132935
1.8,1.4,0.65,0.71,0.5,0.24,1.18,0.4,0.27,19885,8.173126935958862
1.8,1.4,0.64,0.71,0.5,0.23,1.18,0.41,0.27,19956,8.174110889434814
1.8,1.4,0.65,0.71,0.48,0.24,1.18,0.4,0.27,19853,8.176527500152588
1.8,1.41,0.65,0.71,0.5,0.24,1.18,0.4,0.27,19956,8.180852174758911
1.8,1.4,0.65,0.71,0.48,0.24,1.19,0.41,0.27,20127,8.185183048248291
1.8,1.4,0.65,0.71,0.48,0.24,1.18,0.4,0.27,19998,8.18929672241211
1.8,1.4,0.65,0.71,0.48,0.23,1.18,0.41,0.27,19785,8.189842462539673
1.8,1.41,0.65,0.71,0.5,0.24,1.19,0.4,0.27,19560,8.193150281906128
1.8,1.4,0.65,0.71,0.48,0.23,1.18,0.41,0.27,19611,8.197441816329956
1.8,1.4,0.64,0.71,0.5,0.24,1.19,0.4,0.27,20056,8.20168137550354
1.8,1.4,0.65,0.71,0.5,0.23,1.18,0.4,0.27,20195,8.20168137550354
1.8,1.4,0.65,0.71,0.48,0.24,1.18,0.4,0.27,19922,8.205689668655396
1.8,1.4,0.64,0.71,0.48,0.23,1.18,0.4,0.27,19831,8.20971131324768
1.8,1.4,0.65,0.71,0.48,0.24,1.18,0.41,0.27,19516,8.213698387145996
1.8,1.4,0.65,0.71,0.5,0.24,1.19,0.41,0.27,19513,8.21470046043396
1.8,1.4,0.65,0.71,0.48,0.24,1.19,0.4,0.27,19754,8.21769642829895
1.8,1.4,0.64,0.71,0.47,0.24,1.19,0.4,0.27,19871,8.221696853637695
1.8,1.41,0.65,0.71,0.48,0.24,1.19,0.41,0.27,19960,8.225696802139282
1.8,1.4,0.64,0.71,0.5,0.24,1.19,0.41,0.27,19837,8.226697444915771
1.8,1.4,0.65,0.71,0.48,0.24,1.18,0.4,0.27,19824,8.230354309082031
1.8,1.4,0.65,0.71,0.48,0.24,1.18,0.41,0.27,19907,8.23410415649414
1.8,1.4,0.65,0.71,0.48,0.24,1.19,0.41,0.27,19338,8.238525867462158
1.8,1.4,0.64,0.71,0.48,0.24,1.18,0.41,0.27,19367,8.238525867462158
1.8,1.4,0.65,0.71,0.5,0.24,1.19,0.41,0.27,19774,8.24259066581726
1.8,1.4,0.65,0.71,0.48,0.24,1.19,0.41,0.27,19903,8.246781826019287
1.8,1.4,0.65,0.71,0.5,0.24,1.19,0.4,0.27,19734,8.250825881958008
1.8,1.4,0.65,0.71,0.48,0.24,1.18,0.4,0.27,19513,8.253825426101685
1.8,1.4,0.64,0.71,0.48,0.24,1.18,0.41,0.27,19902,8.254825353622437
1.8,1.4,0.65,0.71,0.5,0.24,1.19,0.4,0.27,20211,8.258638858795166
1.8,1.4,0.65,0.71,0.48,0.24,1.19,0.41,0.27,20024,8.26335334777832
1.8,1.4,0.65,0.71,0.49,0.24,1.19,0.41,0.27,19653,8.266383647918701
1.8,1.4,0.65,0.71,0.48,0.24,1.18,0.41,0.27,19674,8.26738429069519
1.8,1.4,0.65,0.71,0.48,0.24,1.18,0.41,0.27,19757,8.271384239196777
1.8,1.4,0.65,0.71,0.5,0.23,1.18,0.41,0.27,19908,8.275384187698364
1.8,1.4,0.65,0.71,0.5,0.24,1.19,0.41,0.27,20027,8.278461694717407
1.8,1.4,0.65,0.71,0.48,0.24,1.19,0.4,0.27,19756,8.279460191726685
1.79,1.4,0.65,0.71,0.47,0.24,1.19,0.41,0.27,19743,8.283610105514526
1.8,1.4,0.65,0.71,0.48,0.24,1.18,0.41,0.27,19494,8.287370443344116
1.8,1.4,0.65,0.71,0.47,0.24,1.18,0.4,0.27,19469,8.291388988494873
1.8,1.4,0.65,0.71,0.49,0.24,1.19,0.41,0.27,19618,8.292391538619995
1.8,1.4,0.65,0.71,0.49,0.24,1.18,0.41,0.27,19761,8.295454025268555
1.8,1.4,0.64,0.71,0.48,0.24,1.18,0.41,0.27,19754,8.299522638320923
1.8,1.4,0.64,0.71,0.5,0.24,1.18,0.41,0.27,19443,8.304523229598999
1.8,1.4,0.65,0.71,0.48,0.24,1.19,0.41,0.27,19578,8.304523229598999
1.8,1.4,0.65,0.71,0.48,0.24,1.18,0.41,0.27,19675,8.308517694473267
1.8,1.4,0.65,0.71,0.48,0.24,1.18,0.41,0.27,19786,8.312523365020752
1.8,1.4,0.65,0.71,0.48,0.24,1.19,0.41,0.27,19957,8.316637754440308
1.8,1.4,0.65,0.71,0.48,0.24,1.18,0.41,0.27,20052,8.317652940750122
1.8,1.4,0.65,0.71,0.48,0.24,1.18,0.41,0.27,19847,8.320405721664429
1.8,1.4,0.65,0.71,0.48,0.24,1.18,0.41,0.27,19796,8.324074506759644
1.8,1.4,0.65,0.71,0.48,0.24,1.19,0.41,0.27,19471,8.328957319259644
1.8,1.4,0.65,0.71,0.47,0.24,1.19,0.41,0.27,19696,8.332293510437012
1.79,1.4,0.65,0.71,0.48,0.24,1.19,0.41,0.27,19467,8.332970142364502
1.8,1.4,0.65,0.71,0.48,0.24,1.19,0.41,0.27,19548,8.336970090866089
1.8,1.4,0.65,0.71,0.48,0.24,1.19,0.41,0.27,19693,8.341403484344482
1.79,1.4,0.65,0.71,0.48,0.24,1.19,0.41,0.27,20008,8.344695329666138
1.8,1.4,0.65,0.71,0.48,0.24,1.19,0.41,0.27,19989,8.345419883728027
1.79,1.4,0.65,0.71,0.48,0.24,1.19,0.4,0.27,19960,8.348961114883423
1.8,1.4,0.65,0.71,0.48,0.24,1.19,0.41,0.27,19789,8.353207349777222
1.8,1.4,0.65,0.71,0.48,0.24,1.18,0.41,0.27,19916,8.357401371002197
1.8,1.4,0.65,0.71,0.48,0.24,1.19,0.41,0.27,19921,8.358444929122925
1.8,1.4,0.65,0.71,0.48,0.24,1.19,0.41,0.27,19736,8.361689805984497
1.8,1.4,0.65,0.71,0.48,0.24,1.18,0.4,0.27,19577,8.36570143699646
1.8,1.4,0.65,0.71,0.48,0.24,1.19,0.41,0.27,19536,8.369751930236816
1.8,1.4,0.65,0.71,0.48,0.24,1.19,0.41,0.27,19695,8.370763778686523
1.79,1.4,0.65,0.71,0.48,0.24,1.19,0.41,0.27,19702,8.373827457427979
1.8,1.4,0.65,0.71,0.48,0.24,1.18,0.41,0.27,20097,8.378167629241943
1.79,1.4,0.65,0.71,0.48,0.24,1.19,0.41,0.27,19908,8.382420063018799
1.8,1.4,0.65,0.71,0.48,0.24,1.19,0.4,0.27,19885,8.382420063018799
1.8,1.4,0.65,0.71,0.5,0.24,1.19,0.41,0.27,19992,8.385677337646484
1.8,1.4,0.65,0.71,0.49,0.24,1.19,0.41,0.27,20031,8.390063762664795
1.79,1.4,0.65,0.71,0.48,0.24,1.19,0.41,0.27,19902,8.394091367721558
1.8,1.4,0.65,0.71,0.48,0.24,1.19,0.41,0.27,19615,8.398274183273315
1.79,1.4,0.65,0.71,0.48,0.24,1.19,0.41,0.27,19374,8.398274183273315
1.8,1.4,0.65,0.71,0.48,0.24,1.19,0.41,0.27,19851,8.40232253074646
1.8,1.4,0.65,0.71,0.48,0.24,1.19,0.41,0.27,19890,8.406617641448975
1.8,1.4,0.65,0.71,0.5,0.24,1.19,0.41,0.27,19577,8.410672426223755
1.8,1.4,0.65,0.71,0.48,0.24,1.19,0.41,0.27,19832,8.410672426223755
1.8,1.4,0.65,0.71,0.5,0.24,1.19,0.41,0.27,20339,8.414480447769165
1.8,1.4,0.65,0.71,0.49,0.24,1.19,0.41,0.27,20364,8.41913914680481
1.8,1.4,0.65,0.71,0.5,0.24,1.19,0.41,0.27,20103,8.422527313232422
1.8,1.4,0.65,0.71,0.5,0.24,1.19,0.41,0.27,20028,8.422527313232422
1.8,1.4,0.65,0.71,0.48,0.24,1.19,0.41,0.27,20189,8.426725625991821
1.8,1.4,0.65,0.71,0.48,0.24,1.19,0.41,0.27,20104,8.430610179901123
1.8,1.4,0.65,0.71,0.48,0.24,1.19,0.4,0.27,19829,8.434867143630981
1.79,1.4,0.65,0.71,0.48,0.24,1.18,0.41,0.27,19816,8.435611009597778
1.8,1.4,0.65,0.71,0.48,0.24,1.19,0.41,0.27,20299,8.438873767852783
1.8,1.4,0.65,0.71,0.48,0.24,1.19,0.41,0.27,20088,8.443145513534546
1.8,1.4,0.65,0.71,0.48,0.24,1.19,0.41,0.27,19997,8.44751262664795
1.8,1.4,0.65,0.71,0.48,0.24,1.19,0.41,0.28,19990,8.4486825466156
1.8,1.4,0.65,0.71,0.48,0.24,1.19,0.41,0.27,19663,8.451497554779053
1.8,1.4,0.65,0.71,0.48,0.24,1.19,0.41,0.27,19836,8.455478191375732
1.8,1.4,0.65,0.71,0.49,0.24,1.19,0.4,0.27,19769,8.460100889205933
1.79,1.4,0.65,0.71,0.48,0.24,1.19,0.41,0.27,19880,8.460100889205933
1.8,1.4,0.65,0.71,0.48,0.24,1.19,0.41,0.27,19781,8.463722229003906
1.8,1.4,0.65,0.71,0.5,0.24,1.19,0.41,0.27,19482,8.467899560928345
1.8,1.4,0.65,0.71,0.48,0.24,1.19,0.41,0.27,19363,8.472071409225464
1.8,1.41,0.65,0.71,0.48,0.24,1.19,0.41,0.27,19678,8.476071834564209
1.8,1.4,0.65,0.71,0.48,0.24,1.19,0.41,0.27,19675,8.476071834564209
1.8,1.4,0.65,0.71,0.5,0.24,1.19,0.41,0.27,19536,8.47973108291626
1.8,1.4,0.65,0.71,0.48,0.24,1.19,0.41,0.27,19913,8.484806776046753
1.8,1.4,0.65,0.71,0.48,0.24,1.19,0.41,0.27,19896,8.488168239593506
1.79,1.4,0.65,0.71,0.48,0.24,1.19,0.41,0.27,19915,8.488860845565796
1.8,1.4,0.65,0.71,0.48,0.24,1.19,0.41,0.27,19906,8.492127895355225
1.8,1.4,0.65,0.71,0.5,0.24,1.19,0.41,0.27,19989,8.497281312942505
1.8,1.4,0.65,0.71,0.48,0.24,1.19,0.41,0.27,19710,8.500572919845581
1.8,1.4,0.65,0.71,0.49,0.24,1.19,0.41,0.27,19479,8.501309156417847
1.79,1.4,0.65,0.71,0.48,0.24,1.18,0.41,0.27,19338,8.504684448242188
1.8,1.4,0.65,0.71,0.48,0.24,1.19,0.41,0.27,19355,8.508950233459473
1.8,1.4,0.65,0.71,0.48,0.24,1.19,0.41,0.27,19616,8.512775897979736
1.8,1.4,0.65,0.71,0.48,0.24,1.19,0.41,0.27,19869,8.513805627822876
1.8,1.4,0.65,0.71,0.48,0.24,1.19,0.41,0.27,19656,8.516956806182861
1.8,1.4,0.65,0.71,0.48,0.24,1.19,0.41,0.27,19785,8.521220207214355
1.8,1.4,0.65,0.71,0.48,0.24,1.19,0.41,0.27,20156,8.525748491287231
1.8,1.4,0.65,0.71,0.48,0.24,1.19,0.41,0.27,20469,8.526810646057129
1.8,1.4,0.65,0.71,0.48,0.24,1.19,0.41,0.27,19990,8.529266595840454
1.8,1.4,0.65,0.71,0.48,0.24,1.18,0.41,0.27,19777,8.533174276351929
1.8,1.4,0.65,0.71,0.48,0.24,1.19,0.41,0.27,19652,8.537921905517578
1.8,1.41,0.65,0.71,0.48,0.24,1.19,0.41,0.27,19317,8.541202068328857
1.8,1.4,0.65,0.71,0.5,0.24,1.19,0.41,0.27,19286,8.54192328453064
1.8,1.41,0.65,0.71,0.48,0.24,1.19,0.41,0.27,19449,8.545923233032227
1.8,1.4,0.65,0.71,0.48,0.24,1.19,0.41,0.27,19670,8.549915075302124
1.8,1.4,0.65,0.71,0.48,0.24,1.19,0.41,0.27,20017,8.553861141204834
1.8,1.4,0.65,0.71,0.48,0.24,1.19,0.41,0.27,20098,8.553861141204834
1.79,1.4,0.65,0.71,0.47,0.24,1.19,0.4,0.27,20109,8.557916641235352
1.8,1.4,0.65,0.71,0.48,0.24,1.19,0.41,0.27,19736,8.562584161758423
1.8,1.4,0.65,0.71,0.48,0.24,1.19,0.41,0.27,19345,8.56584644317627
1.8,1.4,0.65,0.71,0.48,0.24,1.19,0.41,0.27,19776,8.566579818725586
1.8,1.4,0.65,0.71,0.48,0.24,1.19,0.41,0.27,19877,8.570217609405518
1.8,1.4,0.65,0.71,0.49,0.24,1.19,0.41,0.27,19556,8.574352502822876
1.8,1.4,0.65,0.71,0.5,0.24,1.19,0.41,0.27,19327,8.578466653823853
1.8,1.4,0.65,0.71,0.48,0.24,1.19,0.4,0.27,19162,8.579379558563232
1.8,1.4,0.65,0.71,0.48,0.24,1.19,0.41,0.27,19191,8.581960201263428
1.8,1.4,0.65,0.71,0.48,0.24,1.19,0.4,0.27,19526,8.586351871490479
1.8,1.4,0.65,0.71,0.48,0.24,1.19,0.41,0.27,19553,8.590969562530518
1.8,1.4,0.65,0.71,0.47,0.24,1.19,0.41,0.27,19330,8.592026948928833
1.79,1.4,0.65,0.71,0.48,0.24,1.19,0.41,0.27,19697,8.594791889190674
1.8,1.4,0.65,0.71,0.47,0.24,1.19,0.4,0.27,19826,8.598835945129395
1.79,1.4,0.65,0.71,0.48,0.24,1.19,0.41,0.27,19739,8.602843523025513
1.8,1.4,0.65,0.71,0.48,0.24,1.19,0.4,0.27,19830,8.60357403755188
1.8,1.4,0.65,0.71,0.47,0.24,1.19,0.4,0.28,20229,8.60659122467041
1.8,1.4,0.65,0.71,0.48,0.24,1.19,0.4,0.27,20434,8.611574649810791
1.8,1.41,0.65,0.71,0.48,0.24,1.19,0.41,0.27,19915,8.615172147750854
1.8,1.4,0.65,0.71,0.48,0.24,1.19,0.41,0.27,19670,8.619443655014038
1.8,1.4,0.65,0.71,0.48,0.24,1.19,0.4,0.27,19841,8.619443655014038
1.8,1.4,0.65,0.71,0.48,0.24,1.19,0.41,0.27,19712,8.623636245727539
1.79,1.4,0.65,0.71,0.48,0.24,1.19,0.4,0.27,19915,8.627716302871704
1.8,1.4,0.65,0.71,0.48,0.24,1.19,0.4,0.27,19708,8.631595134735107
1.8,1.4,0.65,0.71,0.47,0.23,1.19,0.41,0.27,19705,8.631595134735107
1.79,1.4,0.65,0.71,0.48,0.24,1.19,0.4,0.27,19820,8.636107206344604
1.79,1.4,0.65,0.71,0.47,0.24,1.19,0.41,0.27,19765,8.639566421508789
1.79,1.4,0.65,0.71,0.47,0.24,1.19,0.41,0.27,19792,8.643903970718384
1.8,1.4,0.65,0.71,0.49,0.24,1.19,0.41,0.27,19599,8.644658088684082
1.8,1.4,0.65,0.71,0.48,0.24,1.19,0.41,0.27,20108,8.647966623306274
1.8,1.4,0.65,0.71,0.48,0.24,1.19,0.41,0.27,20251,8.651981115341187
1.8,1.4,0.65,0.71,0.48,0.24,1.19,0.41,0.27,19796,8.656308889389038
1.79,1.4,0.65,0.71,0.47,0.24,1.19,0.41,0.27,19371,8.656308889389038
1.79,1.4,0.65,0.71,0.48,0.24,1.19,0.41,0.27,19320,8.660723447799683
1.8,1.4,0.65,0.71,0.48,0.24,1.19,0.41,0.27,19495,8.664624691009521
1.79,1.4,0.65,0.71,0.48,0.24,1.19,0.41,0.27,19564,8.668947458267212
1.79,1.4,0.66,0.71,0.48,0.23,1.19,0.41,0.27,19967,8.668947458267212
1.8,1.4,0.65,0.71,0.48,0.24,1.19,0.41,0.27,20138,8.67236590385437
1.79,1.4,0.65,0.71,0.48,0.24,1.19,0.41,0.27,19489,8.676690340042114
1.79,1.4,0.65,0.71,0.48,0.24,1.19,0.41,0.27,19556,8.680689573287964
1.79,1.4,0.65,0.71,0.48,0.23,1.19,0.41,0.27,19651,8.684689998626709
1.8,1.4,0.65,0.71,0.48,0.24,1.19,0.41,0.27,19500,8.684689998626709
1.79,1.41,0.65,0.71,0.48,0.24,1.19,0.41,0.27,19671,8.688889503479004
1.8,1.4,0.65,0.71,0.48,0.24,1.19,0.41,0.27,19660,8.693321466445923
1.8,1.4,0.65,0.71,0.48,0.24,1.19,0.41,0.27,19865,8.697063446044922
1.79,1.4,0.65,0.71,0.48,0.24,1.19,0.41,0.27,20172,8.697063446044922
1.8,1.4,0.65,0.71,0.48,0.24,1.19,0.41,0.27,20145,8.701273679733276
1.79,1.4,0.65,0.71,0.48,0.24,1.19,0.41,0.27,19828,8.705626964569092
1.79,1.4,0.65,0.71,0.47,0.23,1.19,0.41,0.27,19639,8.709630727767944
1.79,1.4,0.65,0.71,0.48,0.24,1.19,0.41,0.27,19810,8.709630727767944
1.79,1.4,0.65,0.71,0.48,0.24,1.19,0.41,0.27,19579,8.71330714225769
1.79,1.4,0.65,0.71,0.48,0.24,1.19,0.41,0.27,19158,8.71761417388916
1.79,1.4,0.65,0.71,0.48,0.24,1.19,0.41,0.27,19329,8.72163462638855
1.8,1.4,0.65,0.71,0.5,0.23,1.19,0.41,0.27,19716,8.722558736801147
1.79,1.4,0.65,0.71,0.48,0.24,1.19,0.41,0.28,19887,8.725842952728271
1.79,1.4,0.65,0.71,0.48,0.24,1.19,0.41,0.27,19792,8.730083227157593
1.8,1.4,0.65,0.71,0.48,0.23,1.19,0.41,0.26,19495,8.733779191970825
1.79,1.4,0.65,0.71,0.48,0.24,1.19,0.41,0.27,19476,8.734813690185547
1.8,1.4,0.65,0.71,0.48,0.24,1.19,0.41,0.27,19639,8.738110542297363
1.79,1.4,0.64,0.71,0.48,0.24,1.19,0.41,0.27,20104,8.742092370986938
1.79,1.4,0.65,0.71,0.48,0.24,1.19,0.41,0.27,20351,8.746259689331055
1.79,1.4,0.65,0.71,0.48,0.24,1.18,0.41,0.27,19990,8.746981620788574
1.8,1.4,0.65,0.71,0.48,0.23,1.19,0.41,0.27,19855,8.7505202293396
1.8,1.4,0.65,0.71,0.48,0.24,1.19,0.41,0.27,19770,8.754530906677246
1.79,1.4,0.65,0.71,0.49,0.24,1.19,0.41,0.27,19853,8.758792161941528
1.79,1.4,0.65,0.71,0.48,0.24,1.18,0.41,0.27,19810,8.762743949890137
1.8,1.4,0.65,0.71,0.48,0.24,1.19,0.41,0.27,19759,8.762743949890137
1.79,1.4,0.65,0.71,0.48,0.24,1.19,0.41,0.27,19938,8.766820669174194
1.8,1.4,0.65,0.71,0.48,0.24,1.19,0.41,0.27,20113,8.77085018157959
1.8,1.4,0.65,0.71,0.48,0.24,1.19,0.41,0.27,19844,8.775087594985962
1.8,1.4,0.64,0.71,0.48,0.24,1.19,0.41,0.27,19627,8.77587366104126
1.8,1.4,0.65,0.71,0.48,0.24,1.19,0.41,0.27,19670,8.779301881790161
1.79,1.4,0.65,0.71,0.48,0.24,1.19,0.41,0.27,19671,8.783630609512329
1.8,1.4,0.65,0.71,0.48,0.24,1.18,0.41,0.27,19794,8.786858081817627
1.79,1.4,0.65,0.71,0.48,0.24,1.19,0.41,0.27,19711,8.787681579589844
1.79,1.4,0.65,0.71,0.48,0.24,1.19,0.41,0.27,19696,8.791678667068481
1.79,1.4,0.65,0.71,0.48,0.24,1.19,0.41,0.27,19563,8.795777320861816
1.79,1.4,0.65,0.71,0.48,0.24,1.19,0.41,0.27,19744,8.799410820007324
1.8,1.4,0.65,0.71,0.48,0.24,1.19,0.41,0.27,19895,8.799410820007324
1.79,1.4,0.65,0.71,0.48,0.24,1.19,0.41,0.27,19810,8.803587198257446
1.79,1.4,0.65,0.71,0.48,0.24,1.19,0.41,0.27,19673,8.80785059928894
1.79,1.4,0.65,0.71,0.5,0.24,1.19,0.41,0.27,19828,8.811976432800293
1.79,1.4,0.65,0.71,0.48,0.24,1.19,0.41,0.27,19987,8.812743663787842
1.79,1.4,0.65,0.71,0.48,0.24,1.19,0.41,0.27,19644,8.815768003463745
1.8,1.4,0.65,0.71,0.48,0.24,1.19,0.41,0.27,19833,8.81977367401123
1.79,1.4,0.65,0.71,0.48,0.24,1.19,0.41,0.27,20118,8.824778079986572
1.79,1.4,0.65,0.71,0.5,0.24,1.19,0.41,0.27,19887,8.827884435653687
1.79,1.4,0.65,0.71,0.48,0.24,1.19,0.41,0.27,19490,8.827884435653687
1.79,1.4,0.65,0.71,0.48,0.24,1.19,0.41,0.27,19991,8.831895351409912
1.79,1.4,0.65,0.71,0.48,0.24,1.18,0.41,0.27,20082,8.83631157875061
1.79,1.4,0.65,0.71,0.48,0.24,1.19,0.41,0.27,19623,8.840311288833618
1.79,1.4,0.65,0.71,0.48,0.24,1.19,0.41,0.27,19470,8.840311288833618
1.79,1.4,0.65,0.71,0.48,0.24,1.19,0.41,0.27,19865,8.844311237335205
1.79,1.4,0.65,0.71,0.5,0.24,1.19,0.41,0.27,20100,8.84835958480835
1.8,1.4,0.64,0.71,0.48,0.24,1.19,0.41,0.27,20181,8.85262393951416
1.8,1.4,0.65,0.71,0.5,0.24,1.19,0.41,0.27,20082,8.85262393951416
1.79,1.4,0.65,0.71,0.48,0.24,1.19,0.41,0.27,20303,8.85701584815979
1.8,1.4,0.65,0.71,0.48,0.24,1.19,0.41,0.27,20064,8.860968589782715
1.8,1.4,0.65,0.71,0.48,0.23,1.19,0.41,0.27,19723,8.864629983901978
1.79,1.4,0.64,0.71,0.48,0.24,1.19,0.41,0.27,19712,8.865350246429443
1.79,1.4,0.65,0.71,0.48,0.24,1.19,0.41,0.27,19899,8.869581699371338
1.79,1.4,0.64,0.71,0.48,0.24,1.19,0.41,0.27,20090,8.873325109481812
1.8,1.4,0.64,0.71,0.48,0.24,1.19,0.41,0.27,19911,8.87726378440857
1.8,1.4,0.65,0.71,0.48,0.24,1.19,0.41,0.27,19902,8.87726378440857
1.79,1.4,0.65,0.71,0.48,0.24,1.19,0.41,0.27,19723,8.881515741348267
1.8,1.4,0.65,0.71,0.48,0.24,1.19,0.41,0.27,19614,8.885945558547974
1.79,1.4,0.64,0.71,0.5,0.24,1.19,0.41,0.27,20003,8.889999628067017
1.8,1.4,0.64,0.71,0.48,0.24,1.19,0.41,0.27,20168,8.89094090461731
1.79,1.4,0.65,0.71,0.48,0.24,1.19,0.41,0.27,19645,8.894009828567505
1.79,1.4,0.65,0.71,0.48,0.24,1.19,0.41,0.27,19532,8.89772891998291
1.79,1.4,0.65,0.71,0.48,0.24,1.19,0.41,0.27,19709,8.901896953582764
1.79,1.4,0.65,0.71,0.48,0.24,1.19,0.41,0.27,19744,8.905919075012207
1.79,1.4,0.65,0.71,0.48,0.24,1.19,0.41,0.27,19731,8.905919075012207
1.79,1.4,0.64,0.71,0.5,0.24,1.19,0.41,0.27,19910,8.909919023513794
1.8,1.4,0.65,0.71,0.48,0.24,1.19,0.41,0.27,19961,8.914430379867554
1.79,1.4,0.64,0.71,0.5,0.24,1.19,0.41,0.27,19858,8.917429447174072
1.79,1.4,0.65,0.71,0.48,0.24,1.19,0.41,0.27,19599,8.918430089950562
1.79,1.4,0.65,0.71,0.48,0.24,1.19,0.41,0.27,19678,8.922177791595459
1.79,1.4,0.65,0.71,0.5,0.24,1.19,0.41,0.27,20131,8.926779747009277
1.79,1.4,0.65,0.71,0.48,0.24,1.19,0.41,0.27,20334,8.929933071136475
1.79,1.4,0.65,0.71,0.48,0.24,1.19,0.41,0.27,20559,8.930932521820068
1.79,1.4,0.65,0.71,0.48,0.24,1.19,0.41,0.27,20198,8.934932470321655
1.79,1.4,0.64,0.71,0.5,0.24,1.19,0.41,0.27,20043,8.938958883285522
1.79,1.4,0.65,0.71,0.48,0.24,1.19,0.41,0.27,19898,8.943024396896362
1.79,1.4,0.65,0.71,0.48,0.24,1.19,0.41,0.27,19975,8.943933248519897
1.79,1.4,0.65,0.71,0.48,0.24,1.19,0.41,0.27,19788,8.94710636138916
1.79,1.4,0.65,0.71,0.48,0.24,1.19,0.41,0.27,19943,8.951305627822876
1.79,1.4,0.65,0.71,0.48,0.24,1.19,0.41,0.27,20170,8.955593824386597
1.79,1.4,0.65,0.71,0.48,0.24,1.19,0.41,0.27,19849,8.955593824386597
1.79,1.4,0.65,0.71,0.48,0.24,1.19,0.41,0.27,19568,8.959089994430542
1.79,1.4,0.65,0.71,0.5,0.24,1.19,0.41,0.27,19635,8.963739395141602
1.79,1.4,0.65,0.71,0.48,0.24,1.19,0.4,0.27,19496,8.967952489852905
1.79,1.4,0.65,0.71,0.48,0.24,1.19,0.41,0.27,19677,8.971245288848877
1.79,1.4,0.65,0.71,0.48,0.24,1.19,0.41,0.27,19996,8.971932411193848
1.79,1.4,0.65,0.71,0.48,0.24,1.19,0.41,0.27,19997,8.975940465927124
1.79,1.4,0.65,0.71,0.48,0.24,1.19,0.41,0.27,19960,8.979970216751099
1.79,1.4,0.65,0.71,0.48,0.24,1.19,0.41,0.27,19807,8.983689069747925
1.79,1.4,0.65,0.71,0.48,0.24,1.19,0.41,0.27,19878,8.983689069747925
1.79,1.4,0.65,0.71,0.48,0.24,1.19,0.41,0.27,19705,8.987983226776123
1.79,1.4,0.65,0.71,0.48,0.24,1.19,0.41,0.27,19532,8.992478370666504
1.8,1.4,0.65,0.71,0.48,0.24,1.19,0.41,0.27,19907,8.995733737945557
1.79,1.4,0.65,0.71,0.49,0.24,1.19,0.41,0.27,19836,8.996467590332031
1.79,1.4,0.65,0.71,0.5,0.24,1.19,0.41,0.27,19933,9.00001049041748
1.79,1.4,0.65,0.71,0.48,0.24,1.19,0.41,0.27,19864,9.004765272140503
1.79,1.4,0.65,0.71,0.48,0.24,1.19,0.41,0.27,19925,9.0084810256958
1.79,1.4,0.65,0.71,0.48,0.24,1.19,0.41,0.27,20030,9.00952410697937
1.79,1.4,0.65,0.71,0.48,0.24,1.19,0.41,0.27,20039,9.012295246124268
1.79,1.4,0.65,0.71,0.48,0.24,1.19,0.41,0.27,19750,9.016783237457275
1.79,1.4,0.65,0.71,0.48,0.24,1.19,0.41,0.27,19491,9.021034955978394
1.79,1.4,0.65,0.71,0.48,0.24,1.19,0.41,0.27,19508,9.021034955978394
1.79,1.4,0.65,0.71,0.48,0.24,1.19,0.41,0.27,20065,9.025132179260254
1.79,1.4,0.65,0.71,0.48,0.24,1.19,0.41,0.27,20026,9.029128551483154
1.79,1.4,0.65,0.71,0.48,0.24,1.19,0.41,0.27,19775,9.03328561782837
1.79,1.4,0.65,0.71,0.48,0.24,1.19,0.41,0.27,19554,9.03731918334961
1.79,1.4,0.65,0.71,0.5,0.24,1.19,0.41,0.27,19889,9.03731918334961
1.79,1.4,0.65,0.71,0.48,0.24,1.19,0.41,0.27,19938,9.04128384590149
1.79,1.4,0.65,0.71,0.48,0.24,1.19,0.41,0.27,19725,9.045643329620361
1.79,1.4,0.65,0.71,0.49,0.24,1.19,0.41,0.27,19218,9.0494704246521
1.79,1.4,0.65,0.71,0.48,0.24,1.19,0.41,0.27,19601,9.0494704246521
1.79,1.4,0.65,0.71,0.48,0.24,1.19,0.4,0.27,20004,9.053321838378906
1.79,1.4,0.65,0.71,0.48,0.24,1.19,0.41,0.27,20053,9.058026313781738
1.79,1.4,0.65,0.71,0.48,0.24,1.19,0.41,0.27,19836,9.061789989471436
1.79,1.4,0.65,0.71,0.48,0.24,1.19,0.41,0.27,19785,9.061789989471436
1.79,1.4,0.65,0.71,0.48,0.24,1.19,0.41,0.27,19868,9.065926313400269
1.79,1.4,0.65,0.71,0.48,0.24,1.18,0.41,0.27,20143,9.070425510406494
1.79,1.4,0.65,0.71,0.5,0.24,1.18,0.41,0.27,20460,9.07451605796814
1.79,1.4,0.65,0.71,0.48,0.24,1.19,0.41,0.27,19961,9.07451605796814
1.8,1.4,0.65,0.71,0.48,0.24,1.19,0.41,0.27,19436,9.077878952026367
1.8,1.4,0.65,0.71,0.48,0.24,1.19,0.41,0.27,19399,9.082108497619629
1.79,1.4,0.65,0.71,0.48,0.24,1.19,0.41,0.27,19552,9.086428165435791
1.8,1.4,0.65,0.71,0.48,0.24,1.19,0.41,0.27,19831,9.086428165435791
1.79,1.4,0.65,0.71,0.48,0.24,1.19,0.41,0.27,19844,9.090904712677002
1.79,1.4,0.65,0.71,0.48,0.24,1.19,0.41,0.27,19771,9.094724893569946
1.79,1.4,0.65,0.71,0.5,0.24,1.18,0.41,0.27,19820,9.098427534103394
1.8,1.4,0.65,0.71,0.48,0.24,1.18,0.41,0.27,19595,9.098427534103394
1.79,1.4,0.65,0.71,0.48,0.24,1.19,0.41,0.27,19704,9.102517127990723
1.79,1.4,0.65,0.71,0.48,0.24,1.19,0.41,0.26,20279,9.106766700744629
1.79,1.4,0.65,0.71,0.48,0.24,1.19,0.41,0.27,19992,9.110503673553467
1.8,1.4,0.65,0.71,0.48,0.23,1.18,0.41,0.27,19713,9.114365339279175
1.8,1.4,0.65,0.71,0.48,0.24,1.19,0.41,0.27,19758,9.115380048751831
1.79,1.4,0.65,0.71,0.5,0.24,1.18,0.41,0.27,20001,9.119018077850342
1.79,1.4,0.65,0.71,0.48,0.24,1.18,0.41,0.27,19544,9.123132705688477
1.79,1.4,0.65,0.71,0.48,0.24,1.18,0.41,0.27,19617,9.126760959625244
1.79,1.4,0.65,0.71,0.48,0.24,1.18,0.41,0.27,19934,9.127797842025757
1.79,1.4,0.65,0.71,0.48,0.24,1.19,0.41,0.27,20017,9.131797313690186
1.8,1.4,0.65,0.71,0.48,0.24,1.18,0.41,0.27,20008,9.135401010513306
1.79,1.4,0.65,0.71,0.48,0.24,1.18,0.41,0.27,19601,9.139598846435547
1.79,1.4,0.65,0.71,0.48,0.23,1.19,0.41,0.27,19568,9.139598846435547
1.8,1.41,0.65,0.71,0.5,0.24,1.19,0.41,0.27,19859,9.143996477127075
1.79,1.41,0.65,0.71,0.48,0.24,1.19,0.41,0.27,20122,9.148123741149902
1.79,1.4,0.65,0.71,0.48,0.24,1.19,0.41,0.27,19823,9.15212893486023
1.8,1.4,0.65,0.71,0.48,0.24,1.18,0.41,0.27,19954,9.15212893486023
1.79,1.4,0.65,0.71,0.48,0.24,1.19,0.41,0.27,20263,9.156106233596802
1.8,1.4,0.65,0.71,0.48,0.24,1.19,0.41,0.27,20144,9.160569429397583
1.8,1.41,0.65,0.71,0.48,0.25,1.19,0.41,0.27,20079,9.163825750350952
1.79,1.41,0.64,0.71,0.48,0.24,1.19,0.41,0.27,19712,9.164563417434692
1.79,1.41,0.65,0.71,0.48,0.24,1.18,0.41,0.27,19629,9.168630838394165
1.79,1.4,0.65,0.71,0.48,0.24,1.19,0.41,0.26,19630,9.17228889465332
1.79,1.4,0.65,0.71,0.48,0.24,1.19,0.41,0.27,19597,9.176547527313232
1.79,1.4,0.65,0.71,0.48,0.24,1.19,0.41,0.27,19256,9.179972887039185
1.79,1.4,0.65,0.71,0.48,0.24,1.19,0.41,0.27,19371,9.181005477905273
1.79,1.4,0.65,0.71,0.48,0.24,1.18,0.41,0.27,20228,9.184388637542725
1.79,1.4,0.65,0.71,0.48,0.24,1.19,0.41,0.27,20109,9.189546823501587
1.79,1.41,0.65,0.71,0.48,0.24,1.19,0.41,0.27,19776,9.192978382110596
1.8,1.4,0.65,0.71,0.49,0.24,1.19,0.41,0.27,20061,9.192978382110596
1.8,1.41,0.65,0.71,0.48,0.24,1.18,0.41,0.27,20012,9.196983098983765
1.79,1.4,0.65,0.71,0.48,0.24,1.19,0.41,0.27,19931,9.200709581375122
1.79,1.41,0.65,0.71,0.48,0.24,1.19,0.41,0.27,19506,9.20497465133667
1.8,1.4,0.65,0.71,0.5,0.24,1.19,0.41,0.27,20011,9.205877542495728
1.79,1.41,0.65,0.71,0.48,0.24,1.19,0.41,0.27,20186,9.209171295166016
1.79,1.4,0.65,0.71,0.48,0.24,1.19,0.41,0.27,19935,9.21248745918274
1.79,1.4,0.65,0.71,0.48,0.24,1.19,0.41,0.27,20064,9.217458248138428
1.79,1.4,0.65,0.71,0.48,0.24,1.19,0.41,0.27,19657,9.218501329421997
1.79,1.4,0.65,0.71,0.48,0.24,1.19,0.41,0.27,19678,9.221775770187378
1.79,1.4,0.65,0.71,0.48,0.24,1.19,0.41,0.27,20009,9.225674152374268
1.79,1.41,0.65,0.71,0.48,0.24,1.19,0.41,0.27,20004,9.229427337646484
1.79,1.4,0.65,0.71,0.49,0.24,1.19,0.41,0.27,19867,9.229427337646484
1.8,1.41,0.65,0.71,0.5,0.24,1.18,0.41,0.27,19708,9.23370909690857
1.8,1.4,0.65,0.71,0.5,0.24,1.19,0.41,0.27,19747,9.237709999084473
1.8,1.4,0.65,0.71,0.5,0.24,1.19,0.41,0.27,19614,9.24197006225586
1.8,1.4,0.65,0.71,0.5,0.24,1.19,0.41,0.27,19621,9.245781421661377
1.79,1.4,0.65,0.71,0.48,0.24,1.19,0.41,0.27,19890,9.245781421661377
1.8,1.4,0.65,0.71,0.5,0.23,1.19,0.41,0.27,20055,9.249869108200073
1.79,1.4,0.65,0.71,0.48,0.24,1.19,0.41,0.27,19688,9.253870964050293
1.8,1.4,0.64,0.71,0.48,0.24,1.19,0.41,0.27,19681,9.257869005203247
1.8,1.4,0.65,0.71,0.48,0.24,1.19,0.4,0.27,19638,9.257869005203247
1.79,1.4,0.65,0.71,0.5,0.24,1.19,0.41,0.27,19823,9.261951446533203
1.79,1.4,0.65,0.71,0.5,0.24,1.19,0.41,0.27,19444,9.266350030899048
1.79,1.4,0.65,0.71,0.5,0.24,1.19,0.41,0.27,19823,9.270419836044312
1.79,1.4,0.65,0.71,0.48,0.24,1.19,0.41,0.27,19820,9.270419836044312
1.8,1.4,0.65,0.71,0.5,0.24,1.19,0.41,0.27,19671,9.274729013442993
1.8,1.4,0.65,0.71,0.48,0.24,1.19,0.41,0.27,19786,9.278822422027588
1.79,1.4,0.65,0.71,0.48,0.24,1.19,0.41,0.27,19767,9.283001899719238
1.79,1.4,0.65,0.71,0.48,0.24,1.19,0.41,0.27,19562,9.283001899719238
1.79,1.4,0.65,0.71,0.5,0.24,1.19,0.41,0.27,19521,9.287214994430542
1.79,1.4,0.65,0.71,0.48,0.24,1.19,0.41,0.27,19702,9.291203498840332
1.79,1.4,0.65,0.71,0.48,0.24,1.19,0.41,0.27,19671,9.295396327972412
1.8,1.4,0.65,0.71,0.48,0.24,1.19,0.41,0.27,19852,9.296244859695435
1.79,1.4,0.65,0.71,0.48,0.24,1.19,0.41,0.27,19765,9.29897928237915
1.79,1.4,0.65,0.71,0.48,0.24,1.19,0.41,0.27,19988,9.302979707717896
1.79,1.4,0.65,0.71,0.48,0.24,1.19,0.41,0.27,19813,9.307252168655396
1.79,1.4,0.65,0.71,0.48,0.24,1.19,0.41,0.27,19704,9.30829906463623
1.79,1.4,0.65,0.71,0.5,0.24,1.19,0.41,0.27,19649,9.311573266983032
1.79,1.4,0.65,0.71,0.48,0.24,1.19,0.41,0.27,20016,9.315623998641968
1.8,1.4,0.65,0.71,0.48,0.24,1.19,0.41,0.27,19999,9.319907665252686
1.8,1.4,0.65,0.71,0.48,0.24,1.19,0.41,0.27,20108,9.323890209197998
1.8,1.4,0.65,0.71,0.48,0.24,1.19,0.4,0.27,20025,9.324697494506836
1.79,1.4,0.65,0.71,0.48,0.24,1.18,0.41,0.27,20018,9.327690839767456
1.8,1.4,0.65,0.71,0.48,0.24,1.19,0.41,0.27,19929,9.331778287887573
1.79,1.4,0.65,0.71,0.48,0.24,1.19,0.41,0.26,19866,9.335968732833862
1.79,1.4,0.65,0.71,0.48,0.24,1.19,0.41,0.27,19723,9.335968732833862
1.79,1.4,0.65,0.71,0.48,0.24,1.19,0.41,0.27,19966,9.340003967285156
1.79,1.41,0.65,0.71,0.48,0.24,1.19,0.41,0.27,19533,9.344151020050049
1.79,1.41,0.65,0.71,0.48,0.23,1.19,0.4,0.27,19614,9.348190069198608
1.8,1.41,0.65,0.71,0.5,0.24,1.19,0.41,0.27,19723,9.348190069198608
1.79,1.41,0.65,0.71,0.48,0.23,1.19,0.41,0.27,19164,9.352449655532837
1.8,1.41,0.65,0.71,0.48,0.24,1.19,0.41,0.27,19533,9.356454610824585
1.8,1.4,0.65,0.71,0.48,0.24,1.19,0.41,0.27,19616,9.360618591308594
1.79,1.41,0.65,0.71,0.5,0.24,1.19,0.41,0.26,19631,9.360618591308594
1.79,1.41,0.65,0.71,0.48,0.24,1.19,0.41,0.27,19846,9.365210771560669
1.8,1.4,0.65,0.71,0.49,0.24,1.19,0.41,0.27,19899,9.369407176971436
1.8,1.4,0.65,0.71,0.48,0.24,1.19,0.41,0.27,19946,9.372605323791504
1.8,1.4,0.65,0.71,0.48,0.24,1.19,0.41,0.27,19517,9.373390913009644
1.79,1.4,0.65,0.71,0.48,0.24,1.19,0.41,0.27,19506,9.37739086151123
1.8,1.4,0.65,0.71,0.48,0.24,1.19,0.41,0.27,19609,9.381390571594238
1.8,1.4,0.65,0.71,0.5,0.24,1.19,0.41,0.27,20054,9.385733127593994
1.79,1.4,0.65,0.71,0.48,0.24,1.19,0.41,0.27,19883,9.385733127593994
1.79,1.4,0.65,0.71,0.48,0.24,1.19,0.41,0.27,20078,9.390004634857178
1.79,1.4,0.65,0.71,0.48,0.24,1.19,0.41,0.27,20215,9.394177675247192
1.79,1.4,0.65,0.71,0.48,0.24,1.19,0.41,0.27,19688,9.397494792938232
1.79,1.41,0.65,0.71,0.48,0.24,1.19,0.41,0.27,19965,9.401942253112793
1.79,1.4,0.65,0.71,0.48,0.24,1.19,0.41,0.27,20428,9.401942253112793
1.79,1.4,0.65,0.71,0.48,0.24,1.19,0.41,0.27,19859,9.406075954437256
1.79,1.4,0.65,0.71,0.48,0.24,1.19,0.41,0.27,19594,9.41014814376831
1.79,1.4,0.65,0.71,0.48,0.24,1.19,0.4,0.27,19935,9.41414475440979
1.8,1.4,0.65,0.71,0.48,0.24,1.19,0.41,0.27,19964,9.414671182632446
1.8,1.4,0.65,0.71,0.5,0.24,1.19,0.41,0.27,20045,9.418140888214111
1.8,1.4,0.65,0.71,0.48,0.24,1.19,0.41,0.27,20046,9.422569990158081
1.8,1.41,0.65,0.71,0.48,0.24,1.19,0.41,0.27,19687,9.42672848701477
1.8,1.4,0.65,0.71,0.48,0.24,1.19,0.41,0.27,19880,9.42672848701477
1.8,1.41,0.65,0.71,0.48,0.24,1.19,0.41,0.27,20015,9.43063735961914
1.8,1.4,0.65,0.71,0.48,0.24,1.19,0.41,0.27,19710,9.434324502944946
1.8,1.4,0.65,0.71,0.48,0.24,1.19,0.41,0.27,19675,9.43843936920166
1.8,1.4,0.65,0.71,0.48,0.24,1.19,0.41,0.27,19576,9.43843936920166
1.8,1.4,0.65,0.71,0.48,0.24,1.19,0.41,0.27,19681,9.443466663360596
1.79,1.4,0.65,0.71,0.48,0.24,1.19,0.41,0.27,19886,9.446605205535889
1.79,1.4,0.65,0.71,0.5,0.24,1.19,0.41,0.27,19559,9.450960874557495
1.79,1.4,0.65,0.71,0.48,0.24,1.19,0.41,0.27,19382,9.451842546463013
1.79,1.4,0.65,0.71,0.48,0.24,1.19,0.41,0.27,19659,9.455200910568237
1.79,1.4,0.65,0.71,0.48,0.24,1.19,0.41,0.27,19774,9.459217071533203
1.79,1.4,0.65,0.71,0.48,0.24,1.19,0.4,0.27,19421,9.463504076004028
1.79,1.4,0.65,0.71,0.48,0.24,1.19,0.41,0.27,19254,9.463504076004028
1.79,1.4,0.65,0.71,0.48,0.24,1.19,0.41,0.27,19615,9.467645168304443
1.79,1.4,0.65,0.71,0.48,0.24,1.19,0.41,0.27,19896,9.471950054168701
1.79,1.4,0.65,0.71,0.48,0.24,1.19,0.41,0.27,19889,9.475327730178833
1.79,1.4,0.65,0.71,0.48,0.24,1.19,0.41,0.27,19894,9.479596614837646
1.79,1.4,0.65,0.71,0.5,0.24,1.19,0.41,0.27,20029,9.480457544326782
1.8,1.4,0.65,0.71,0.48,0.24,1.19,0.41,0.27,20126,9.484081268310547
1.79,1.4,0.65,0.71,0.48,0.24,1.19,0.41,0.27,19857,9.487846374511719
1.79,1.4,0.65,0.71,0.48,0.24,1.19,0.41,0.27,20000,9.492274761199951
1.79,1.4,0.65,0.71,0.48,0.24,1.19,0.41,0.27,20123,9.492274761199951
1.79,1.4,0.65,0.71,0.5,0.24,1.19,0.41,0.27,20056,9.496258974075317
1.79,1.41,0.65,0.71,0.48,0.24,1.19,0.4,0.27,19671,9.499537229537964
1.79,1.4,0.65,0.71,0.48,0.24,1.19,0.41,0.27,19488,9.503823518753052
1.79,1.4,0.65,0.71,0.48,0.24,1.19,0.4,0.27,19475,9.504562139511108
1.79,1.4,0.65,0.71,0.48,0.24,1.19,0.41,0.27,19852,9.5078706741333
1.79,1.4,0.65,0.71,0.48,0.24,1.19,0.41,0.27,19973,9.512143611907959
1.79,1.4,0.65,0.71,0.48,0.24,1.19,0.41,0.27,19704,9.516662120819092
1.8,1.4,0.65,0.71,0.48,0.24,1.19,0.41,0.27,19355,9.517712354660034
1.79,1.4,0.65,0.71,0.48,0.24,1.19,0.41,0.27,19494,9.520787000656128
1.8,1.4,0.65,0.71,0.48,0.24,1.19,0.41,0.27,19737,9.524803161621094
1.79,1.4,0.65,0.71,0.48,0.24,1.19,0.41,0.27,19554,9.528862953186035
1.79,1.4,0.65,0.71,0.48,0.24,1.19,0.41,0.27,19637,9.529926300048828
1.79,1.41,0.65,0.71,0.48,0.24,1.19,0.41,0.27,19972,9.53295111656189
1.79,1.4,0.65,0.71,0.48,0.24,1.19,0.41,0.27,19727,9.536898851394653
1.79,1.4,0.65,0.71,0.48,0.25,1.19,0.41,0.28,19498,9.54152226448059
1.79,1.4,0.65,0.71,0.48,0.24,1.19,0.41,0.27,19623,9.54152226448059
1.79,1.4,0.65,0.71,0.48,0.24,1.19,0.41,0.27,19986,9.545705556869507
1.79,1.4,0.65,0.7,0.48,0.24,1.19,0.4,0.27,19999,9.549149990081787
1.79,1.4,0.65,0.71,0.48,0.24,1.19,0.41,0.27,20086,9.553462028503418
1.79,1.4,0.65,0.71,0.48,0.24,1.19,0.41,0.27,19847,9.554192543029785
1.79,1.4,0.65,0.71,0.48,0.24,1.19,0.41,0.27,19962,9.557702779769897
1.79,1.4,0.65,0.71,0.48,0.24,1.19,0.41,0.27,19893,9.561880826950073
1.79,1.4,0.65,0.71,0.48,0.24,1.19,0.41,0.27,19882,9.565754890441895
1.79,1.4,0.65,0.71,0.5,0.24,1.19,0.41,0.27,19789,9.569430589675903
1.79,1.4,0.65,0.71,0.48,0.24,1.19,0.41,0.27,19732,9.569430589675903
1.79,1.4,0.65,0.71,0.48,0.24,1.19,0.41,0.27,19723,9.574036836624146
1.79,1.4,0.65,0.71,0.48,0.24,1.19,0.41,0.27,19850,9.57804274559021
1.79,1.4,0.65,0.71,0.48,0.24,1.19,0.41,0.27,19987,9.582042932510376
1.79,1.4,0.66,0.71,0.48,0.24,1.19,0.41,0.27,20164,9.583025693893433
1.79,1.4,0.65,0.71,0.48,0.24,1.19,0.41,0.27,20417,9.586121320724487
1.79,1.4,0.65,0.71,0.48,0.24,1.19,0.41,0.27,20114,9.590237855911255
1.79,1.4,0.65,0.71,0.48,0.24,1.19,0.41,0.27,20225,9.59465742111206
1.79,1.4,0.65,0.71,0.48,0.24,1.19,0.41,0.27,20152,9.59465742111206
1.79,1.4,0.65,0.71,0.48,0.24,1.19,0.41,0.27,20287,9.598307132720947
1.79,1.4,0.65,0.71,0.5,0.24,1.19,0.41,0.27,20030,9.602447986602783
1.79,1.4,0.65,0.71,0.5,0.24,1.19,0.41,0.27,19803,9.606379270553589
1.79,1.4,0.65,0.71,0.5,0.24,1.19,0.41,0.27,19736,9.607102632522583
1.79,1.4,0.65,0.71,0.48,0.24,1.19,0.41,0.27,19593,9.610357761383057
1.79,1.4,0.65,0.71,0.48,0.24,1.19,0.41,0.27,19452,9.615210056304932
1.79,1.4,0.65,0.71,0.48,0.24,1.19,0.41,0.27,19821,9.618839979171753
1.79,1.4,0.65,0.71,0.48,0.24,1.19,0.41,0.27,20142,9.619564533233643
1.79,1.4,0.65,0.71,0.5,0.24,1.19,0.41,0.27,20021,9.62284541130066
1.79,1.4,0.65,0.71,0.48,0.24,1.19,0.41,0.27,19764,9.626840353012085
1.79,1.4,0.65,0.71,0.5,0.24,1.19,0.41,0.27,19855,9.631569862365723
1.79,1.4,0.65,0.71,0.48,0.24,1.19,0.41,0.27,20016,9.635174989700317
1.79,1.4,0.65,0.71,0.48,0.24,1.19,0.41,0.27,20009,9.635174989700317
1.79,1.4,0.65,0.71,0.48,0.24,1.19,0.41,0.27,19650,9.639881610870361
1.79,1.4,0.65,0.71,0.5,0.24,1.19,0.41,0.27,19671,9.64389181137085
1.8,1.4,0.65,0.71,0.48,0.24,1.19,0.41,0.27,19754,9.647366285324097
1.79,1.4,0.65,0.71,0.48,0.24,1.19,0.41,0.27,19619,9.647891521453857
1.79,1.4,0.65,0.71,0.48,0.24,1.19,0.41,0.27,19752,9.651552677154541
1.79,1.4,0.65,0.71,0.48,0.24,1.19,0.41,0.27,19467,9.655848026275635
1.79,1.4,0.65,0.71,0.48,0.24,1.19,0.41,0.27,19600,9.65997862815857
1.79,1.4,0.65,0.71,0.48,0.24,1.19,0.41,0.27,19937,9.660833835601807
1.79,1.4,0.65,0.71,0.48,0.24,1.19,0.41,0.27,19906,9.663982629776001
1.79,1.4,0.65,0.71,0.48,0.24,1.19,0.41,0.27,19811,9.668349266052246
1.79,1.4,0.65,0.71,0.48,0.24,1.19,0.41,0.27,19644,9.67178750038147
1.79,1.4,0.65,0.71,0.48,0.24,1.19,0.41,0.27,19661,9.672802448272705
1.79,1.41,0.65,0.71,0.48,0.24,1.19,0.41,0.27,20030,9.676819801330566
1.8,1.4,0.65,0.71,0.48,0.24,1.19,0.41,0.27,20075,9.680276870727539
1.79,1.4,0.65,0.71,0.49,0.24,1.19,0.41,0.27,19926,9.684886932373047
1.79,1.4,0.65,0.71,0.48,0.24,1.19,0.41,0.27,20361,9.684886932373047
1.8,1.4,0.65,0.71,0.5,0.24,1.19,0.41,0.27,20588,9.688352108001709
1.8,1.4,0.65,0.71,0.48,0.24,1.19,0.41,0.27,20201,9.692526578903198
1.8,1.4,0.65,0.71,0.5,0.24,1.19,0.41,0.27,19798,9.696630239486694
1.79,1.4,0.65,0.71,0.48,0.24,1.19,0.41,0.27,19833,9.69736123085022
1.79,1.4,0.65,0.71,0.48,0.24,1.19,0.41,0.27,19888,9.700731039047241
1.79,1.4,0.65,0.71,0.48,0.24,1.19,0.41,0.27,19897,9.704784631729126
1.79,1.4,0.65,0.71,0.5,0.24,1.19,0.4,0.27,19800,9.70936131477356
1.79,1.4,0.66,0.71,0.48,0.24,1.19,0.41,0.27,19507,9.712637901306152
1.79,1.4,0.66,0.71,0.5,0.24,1.19,0.41,0.27,19932,9.713355779647827
1.79,1.4,0.65,0.71,0.48,0.24,1.19,0.41,0.27,19757,9.716646909713745
1.79,1.4,0.65,0.71,0.48,0.24,1.19,0.41,0.27,19662,9.721699476242065
1.79,1.4,0.65,0.71,0.48,0.24,1.19,0.41,0.27,20121,9.72544002532959
1.79,1.4,0.65,0.71,0.48,0.24,1.19,0.41,0.27,20022,9.72544002532959
1.79,1.4,0.65,0.71,0.48,0.24,1.19,0.41,0.27,20289,9.72897720336914
1.79,1.4,0.65,0.71,0.48,0.24,1.19,0.41,0.27,20140,9.733164548873901
1.79,1.4,0.65,0.71,0.48,0.24,1.19,0.41,0.27,19719,9.737536907196045
1.79,1.4,0.66,0.71,0.48,0.24,1.19,0.41,0.27,19602,9.73837399482727
1.79,1.4,0.65,0.71,0.48,0.24,1.19,0.41,0.27,20145,9.74166464805603
1.79,1.4,0.65,0.71,0.48,0.24,1.19,0.41,0.27,19800,9.74570369720459
1.79,1.41,0.65,0.71,0.48,0.24,1.19,0.41,0.27,19643,9.750014305114746
1.79,1.4,0.65,0.71,0.48,0.24,1.19,0.41,0.27,19534,9.750896692276001
1.79,1.4,0.65,0.71,0.48,0.24,1.19,0.41,0.27,19491,9.754117727279663
1.79,1.4,0.65,0.71,0.48,0.24,1.19,0.41,0.27,19582,9.758606195449829
1.79,1.4,0.65,0.71,0.48,0.24,1.19,0.41,0.27,19729,9.761898517608643
1.8,1.4,0.66,0.71,0.48,0.24,1.19,0.41,0.27,19718,9.76293683052063
1.79,1.41,0.65,0.71,0.48,0.24,1.19,0.41,0.27,19667,9.766190767288208
1.79,1.4,0.65,0.71,0.48,0.24,1.19,0.41,0.27,19976,9.770333766937256
1.79,1.4,0.65,0.71,0.48,0.24,1.19,0.41,0.27,20007,9.774598360061646
1.79,1.4,0.65,0.71,0.48,0.24,1.19,0.41,0.27,19908,9.777929544448853
1.8,1.4,0.65,0.71,0.47,0.24,1.19,0.41,0.27,19539,9.77898120880127
1.79,1.4,0.65,0.71,0.48,0.24,1.19,0.41,0.27,19572,9.782979726791382
1.79,1.4,0.65,0.71,0.48,0.24,1.19,0.41,0.27,19735,9.786540031433105
1.79,1.4,0.65,0.71,0.48,0.24,1.19,0.41,0.27,19876,9.790855169296265
1.8,1.4,0.65,0.71,0.47,0.24,1.19,0.41,0.27,19477,9.791565418243408
1.79,1.4,0.65,0.71,0.48,0.24,1.19,0.41,0.27,19870,9.795220375061035
1.79,1.4,0.65,0.71,0.48,0.24,1.19,0.41,0.27,20241,9.799581289291382
1.79,1.4,0.65,0.71,0.48,0.24,1.19,0.41,0.27,20164,9.802864074707031
1.79,1.4,0.65,0.71,0.48,0.24,1.19,0.41,0.27,19813,9.803602933883667
1.8,1.4,0.65,0.71,0.48,0.24,1.19,0.41,0.27,19476,9.807600975036621
1.79,1.4,0.65,0.71,0.48,0.24,1.19,0.41,0.27,19403,9.811291456222534
1.79,1.4,0.65,0.71,0.48,0.24,1.19,0.41,0.27,19534,9.815512895584106
1.79,1.4,0.65,0.71,0.48,0.24,1.19,0.41,0.27,19943,9.816062688827515
1.8,1.4,0.65,0.71,0.48,0.24,1.19,0.41,0.27,20162,9.819982767105103
1.8,1.4,0.65,0.71,0.48,0.24,1.19,0.41,0.27,19917,9.823590517044067
1.79,1.4,0.65,0.71,0.48,0.24,1.19,0.41,0.27,19954,9.827857732772827
1.79,1.4,0.65,0.71,0.48,0.24,1.19,0.41,0.27,19911,9.828906774520874
1.79,1.4,0.65,0.71,0.48,0.24,1.19,0.41,0.27,19812,9.831679344177246
1.8,1.4,0.65,0.71,0.48,0.24,1.18,0.41,0.27,19701,9.83587384223938
1.79,1.4,0.66,0.71,0.48,0.24,1.19,0.41,0.27,19674,9.840017557144165
1.79,1.4,0.65,0.71,0.48,0.24,1.19,0.41,0.27,19859,9.843747615814209
1.79,1.4,0.65,0.71,0.48,0.24,1.19,0.4,0.27,19698,9.843747615814209
1.8,1.4,0.65,0.71,0.48,0.24,1.19,0.41,0.27,19167,9.847928047180176
1.79,1.4,0.65,0.71,0.48,0.24,1.19,0.41,0.27,19406,9.852341413497925
1.79,1.4,0.65,0.71,0.48,0.24,1.19,0.41,0.27,19419,9.856438398361206
1.79,1.4,0.65,0.71,0.47,0.24,1.19,0.41,0.27,19746,9.856438398361206
1.79,1.4,0.65,0.71,0.48,0.24,1.19,0.41,0.27,20097,9.859830379486084
1.79,1.4,0.65,0.71,0.48,0.24,1.19,0.41,0.27,19822,9.864634275436401
1.79,1.4,0.65,0.71,0.5,0.24,1.19,0.41,0.27,19729,9.868837356567383
1.79,1.4,0.65,0.71,0.49,0.24,1.19,0.41,0.27,19796,9.868837356567383
1.79,1.4,0.65,0.71,0.5,0.24,1.19,0.41,0.27,19993,9.872888803482056
1.79,1.4,0.65,0.71,0.48,0.24,1.19,0.41,0.27,20168,9.877081394195557
1.79,1.4,0.65,0.71,0.48,0.24,1.19,0.41,0.27,20225,9.880420446395874
1.79,1.4,0.65,0.71,0.48,0.24,1.19,0.41,0.27,20412,9.881464004516602
1.79,1.4,0.65,0.71,0.48,0.24,1.19,0.41,0.27,20393,9.884754419326782
1.79,1.4,0.66,0.71,0.48,0.24,1.19,0.41,0.27,19960,9.888981819152832
1.79,1.4,0.65,0.71,0.48,0.24,1.19,0.41,0.27,19785,9.893491268157959
1.79,1.4,0.65,0.71,0.48,0.24,1.19,0.41,0.27,20140,9.893491268157959
1.79,1.4,0.65,0.71,0.48,0.24,1.19,0.4,0.27,20317,9.897482872009277
1.79,1.4,0.65,0.71,0.48,0.24,1.19,0.41,0.27,19484,9.901475191116333
1.79,1.4,0.65,0.71,0.48,0.24,1.19,0.41,0.27,19549,9.905471324920654
1.79,1.4,0.65,0.71,0.48,0.24,1.19,0.41,0.27,19720,9.905471324920654
1.79,1.4,0.65,0.71,0.5,0.24,1.19,0.41,0.27,19883,9.909326076507568
1.79,1.4,0.65,0.71,0.5,0.24,1.19,0.41,0.27,19558,9.913642883300781
1.79,1.4,0.65,0.71,0.48,0.24,1.19,0.41,0.27,19499,9.917789459228516
1.79,1.4,0.65,0.71,0.48,0.24,1.19,0.41,0.27,19806,9.921797513961792
1.79,1.4,0.65,0.71,0.5,0.24,1.19,0.41,0.27,19871,9.921797513961792
1.79,1.4,0.65,0.71,0.48,0.24,1.19,0.41,0.27,19928,9.925711870193481
1.79,1.4,0.65,0.71,0.48,0.24,1.19,0.41,0.27,20311,9.930454730987549
1.8,1.4,0.65,0.71,0.49,0.24,1.19,0.4,0.27,19778,9.933726072311401
1.79,1.4,0.65,0.71,0.48,0.24,1.19,0.41,0.27,19821,9.934455156326294
1.79,1.4,0.65,0.71,0.48,0.24,1.19,0.41,0.27,19806,9.938464879989624
1.8,1.4,0.65,0.71,0.48,0.24,1.19,0.41,0.27,19847,9.942660808563232
1.8,1.4,0.65,0.71,0.48,0.24,1.19,0.41,0.27,19816,9.946751594543457
1.79,1.4,0.65,0.71,0.48,0.24,1.19,0.41,0.27,19743,9.946751594543457
1.79,1.4,0.65,0.71,0.5,0.24,1.19,0.41,0.27,19648,9.950674533843994
1.79,1.4,0.65,0.71,0.48,0.24,1.19,0.41,0.27,19381,9.954704999923706
1.79,1.4,0.65,0.71,0.48,0.24,1.19,0.41,0.27,19884,9.958844423294067
1.8,1.4,0.65,0.71,0.48,0.24,1.19,0.41,0.27,19955,9.959856510162354
1.79,1.4,0.65,0.71,0.48,0.24,1.19,0.41,0.27,19574,9.962864875793457
1.79,1.4,0.65,0.71,0.48,0.24,1.19,0.41,0.27,19955,9.967163562774658
1.8,1.4,0.65,0.71,0.48,0.24,1.19,0.41,0.27,20040,9.97113037109375
1.79,1.4,0.66,0.71,0.48,0.24,1.19,0.41,0.27,19977,9.972185373306274
1.79,1.4,0.65,0.71,0.48,0.24,1.19,0.41,0.27,20020,9.974666118621826
1.8,1.4,0.65,0.71,0.48,0.24,1.19,0.41,0.27,19821,9.978940725326538
1.79,1.4,0.65,0.71,0.48,0.24,1.19,0.41,0.27,19704,9.98323917388916
1.79,1.4,0.65,0.71,0.48,0.24,1.19,0.41,0.26,19749,9.987271547317505
1.79,1.4,0.66,0.71,0.48,0.24,1.19,0.41,0.27,19724,9.98797607421875
1.79,1.4,0.65,0.71,0.48,0.24,1.19,0.41,0.27,19709,9.991499662399292
1.8,1.4,0.65,0.71,0.48,0.24,1.19,0.41,0.27,19850,9.996193170547485
1.79,1.4,0.65,0.71,0.48,0.24,1.19,0.41,0.27,20009,9.999531984329224
1.79,1.4,0.65,0.71,0.48,0.24,1.19,0.4,0.27,20038,10.000258207321167
1.79,1.4,0.65,0.71,0.5,0.24,1.19,0.41,0.27,19939,10.00378942489624
1.8,1.4,0.65,0.71,0.48,0.24,1.18,0.41,0.27,19678,10.00841498374939
1.79,1.4,0.65,0.71,0.47,0.24,1.19,0.4,0.27,19853,10.011796951293945
1.79,1.4,0.65,0.71,0.48,0.24,1.19,0.41,0.27,19776,10.011796951293945
1.79,1.4,0.66,0.71,0.48,0.24,1.19,0.41,0.27,19667,10.015972375869751
1.79,1.4,0.65,0.71,0.48,0.24,1.19,0.41,0.27,19446,10.020267248153687
1.79,1.4,0.66,0.71,0.48,0.24,1.19,0.41,0.27,19761,10.024364709854126
1.79,1.4,0.65,0.71,0.48,0.24,1.19,0.41,0.27,19880,10.024364709854126
1.79,1.4,0.65,0.71,0.48,0.24,1.19,0.4,0.27,20115,10.028424501419067
1.79,1.4,0.66,0.71,0.47,0.24,1.19,0.41,0.27,20038,10.032941579818726
1.79,1.4,0.65,0.71,0.48,0.24,1.19,0.41,0.27,19839,10.036631107330322
1.79,1.4,0.66,0.71,0.48,0.24,1.19,0.41,0.27,19924,10.037140846252441
1.79,1.4,0.66,0.71,0.48,0.24,1.19,0.41,0.26,19863,10.039916038513184
1.79,1.4,0.65,0.71,0.48,0.24,1.19,0.41,0.28,19652,10.044928789138794
1.79,1.4,0.65,0.71,0.48,0.24,1.19,0.41,0.27,19955,10.049074172973633
1.79,1.4,0.66,0.71,0.48,0.24,1.19,0.41,0.27,20036,10.052690982818604
1.79,1.4,0.65,0.71,0.48,0.24,1.19,0.41,0.27,19841,10.052690982818604
1.79,1.39,0.66,0.71,0.49,0.24,1.19,0.41,0.27,19762,10.056788206100464
1.79,1.4,0.65,0.71,0.48,0.24,1.19,0.41,0.27,19823,10.060915231704712
1.79,1.4,0.66,0.71,0.5,0.24,1.19,0.41,0.27,19898,10.064657926559448
1.79,1.4,0.65,0.71,0.48,0.24,1.19,0.4,0.27,19699,10.065656900405884
1.79,1.4,0.65,0.71,0.48,0.24,1.19,0.41,0.27,20012,10.06865668296814
1.79,1.4,0.66,0.71,0.48,0.24,1.19,0.41,0.27,20097,10.073817253112793
1.8,1.4,0.65,0.71,0.48,0.24,1.19,0.4,0.27,19498,10.077063798904419
1.79,1.4,0.65,0.71,0.5,0.24,1.19,0.41,0.27,19727,10.077806234359741
1.79,1.4,0.65,0.71,0.48,0.24,1.19,0.4,0.27,20088,10.081380844116211
1.79,1.4,0.65,0.71,0.48,0.24,1.19,0.41,0.27,20013,10.085339546203613
1.8,1.4,0.65,0.71,0.48,0.24,1.19,0.4,0.27,19884,10.089892625808716
1.8,1.4,0.65,0.71,0.48,0.24,1.19,0.41,0.27,20155,10.089892625808716
1.8,1.4,0.65,0.71,0.47,0.24,1.19,0.41,0.27,20196,10.093940734863281
1.8,1.4,0.65,0.71,0.47,0.24,1.2,0.41,0.27,19899,10.098115921020508
1.79,1.4,0.65,0.71,0.48,0.24,1.19,0.4,0.27,19548,10.102213144302368
1.8,1.4,0.65,0.71,0.47,0.24,1.19,0.4,0.27,19947,10.102969408035278
1.79,1.4,0.66,0.71,0.47,0.24,1.19,0.41,0.27,20278,10.106192111968994
1.8,1.4,0.66,0.71,0.47,0.24,1.19,0.4,0.27,19729,10.110428810119629
1.79,1.4,0.65,0.71,0.47,0.24,1.19,0.4,0.27,19568,10.114500761032104
1.8,1.4,0.65,0.71,0.47,0.24,1.19,0.41,0.27,19803,10.114500761032104
1.79,1.4,0.65,0.71,0.48,0.24,1.19,0.41,0.27,19916,10.118316173553467
1.8,1.4,0.65,0.71,0.48,0.24,1.19,0.41,0.27,19845,10.123058319091797
1.79,1.4,0.65,0.71,0.47,0.24,1.19,0.41,0.27,19722,10.126425743103027
1.79,1.4,0.66,0.71,0.48,0.24,1.19,0.41,0.27,19481,10.130784034729004
1.8,1.4,0.66,0.71,0.47,0.24,1.19,0.41,0.27,19400,10.130784034729004
1.79,1.4,0.65,0.71,0.47,0.24,1.19,0.41,0.27,19361,10.135189056396484
1.79,1.4,0.66,0.71,0.48,0.24,1.19,0.4,0.27,19384,10.139347076416016
1.79,1.4,0.66,0.71,0.48,0.24,1.19,0.41,0.27,19209,10.14299464225769
1.8,1.4,0.66,0.71,0.48,0.24,1.19,0.41,0.27,19160,10.144002914428711
1.8,1.4,0.66,0.71,0.48,0.24,1.19,0.41,0.27,19119,10.14735746383667
1.8,1.4,0.65,0.71,0.48,0.24,1.19,0.41,0.27,19298,10.151455640792847
1.79,1.4,0.66,0.71,0.48,0.24,1.19,0.41,0.27,19473,10.155450582504272
1.79,1.4,0.66,0.71,0.48,0.24,1.19,0.41,0.27,19834,10.155450582504272
1.79,1.4,0.65,0.71,0.48,0.24,1.19,0.41,0.27,19813,10.159536123275757
1.79,1.4,0.66,0.71,0.47,0.24,1.19,0.41,0.27,19840,10.163913249969482
1.79,1.4,0.66,0.71,0.48,0.24,1.19,0.41,0.27,19963,10.167856454849243
1.79,1.4,0.66,0.71,0.48,0.24,1.19,0.41,0.27,19960,10.168360233306885
1.79,1.4,0.65,0.71,0.48,0.24,1.19,0.4,0.27,19719,10.171730279922485
1.8,1.4,0.66,0.71,0.48,0.24,1.19,0.41,0.27,19362,10.175647497177124
1.79,1.4,0.65,0.71,0.48,0.24,1.19,0.4,0.27,19313,10.180046081542969
1.79,1.4,0.65,0.71,0.48,0.24,1.19,0.41,0.27,19362,10.18101716041565
1.8,1.4,0.66,0.71,0.47,0.24,1.19,0.41,0.27,19599,10.184483289718628
1.8,1.4,0.65,0.71,0.47,0.24,1.19,0.41,0.27,19636,10.188457489013672
1.8,1.4,0.65,0.7,0.48,0.25,1.19,0.41,0.27,19565,10.192347049713135
1.8,1.4,0.66,0.71,0.48,0.24,1.19,0.41,0.27,19880,10.195992469787598
1.79,1.4,0.65,0.71,0.48,0.24,1.19,0.41,0.27,19655,10.196748971939087
1.79,1.4,0.66,0.71,0.48,0.24,1.19,0.41,0.27,19708,10.200130462646484
1.79,1.4,0.65,0.71,0.48,0.24,1.19,0.4,0.27,19919,10.204631328582764
1.79,1.4,0.65,0.71,0.48,0.24,1.19,0.4,0.27,20022,10.20863151550293
1.79,1.4,0.65,0.71,0.48,0.24,1.19,0.41,0.27,19821,10.20863151550293
1.8,1.4,0.65,0.71,0.5,0.24,1.19,0.4,0.27,19710,10.212401151657104
1.79,1.4,0.66,0.71,0.48,0.24,1.19,0.41,0.27,19811,10.217052221298218
1.8,1.4,0.65,0.71,0.48,0.24,1.19,0.41,0.27,19714,10.22066879272461
1.79,1.4,0.66,0.71,0.48,0.24,1.19,0.41,0.27,19315,10.221389532089233
1.79,1.4,0.65,0.7,0.48,0.24,1.19,0.41,0.27,19632,10.224977493286133
1.79,1.4,0.66,0.7,0.48,0.24,1.18,0.4,0.27,19893,10.229051351547241
1.8,1.4,0.66,0.7,0.48,0.23,1.19,0.4,0.27,19546,10.233057737350464
1.8,1.4,0.65,0.7,0.48,0.24,1.19,0.41,0.27,19549,10.233790636062622
1.8,1.4,0.65,0.7,0.48,0.24,1.19,0.4,0.27,19230,10.237289428710938
1.8,1.4,0.65,0.71,0.48,0.24,1.19,0.41,0.27,19389,10.241461992263794
1.8,1.4,0.66,0.71,0.48,0.24,1.19,0.41,0.27,19584,10.245294332504272
1.8,1.41,0.66,0.7,0.48,0.24,1.19,0.41,0.27,19787,10.246047973632812
1.79,1.4,0.66,0.7,0.48,0.24,1.19,0.4,0.27,19492,10.249317646026611
1.8,1.4,0.66,0.7,0.48,0.24,1.19,0.4,0.27,19869,10.253591299057007
1.8,1.4,0.65,0.7,0.48,0.24,1.19,0.41,0.27,20026,10.25764513015747
1.8,1.4,0.66,0.7,0.48,0.24,1.19,0.41,0.27,19851,10.261636972427368
1.8,1.4,0.66,0.7,0.48,0.24,1.19,0.4,0.27,19568,10.261636972427368
1.8,1.4,0.66,0.7,0.47,0.24,1.19,0.41,0.27,19385,10.265933990478516
1.8,1.4,0.65,0.7,0.48,0.24,1.19,0.41,0.27,19322,10.270192384719849
1.8,1.4,0.65,0.7,0.5,0.24,1.19,0.41,0.27,19473,10.274212121963501
1.8,1.4,0.66,0.7,0.5,0.25,1.19,0.4,0.27,19540,10.274986028671265
1.8,1.4,0.65,0.7,0.48,0.24,1.19,0.41,0.27,19789,10.278255939483643
1.8,1.4,0.66,0.7,0.48,0.24,1.19,0.41,0.27,19914,10.282504320144653
1.8,1.4,0.66,0.7,0.48,0.24,1.19,0.41,0.27,20267,10.286621570587158
1.8,1.4,0.66,0.7,0.5,0.24,1.19,0.41,0.27,20378,10.286621570587158
1.8,1.4,0.65,0.7,0.48,0.24,1.19,0.41,0.27,19759,10.290515661239624
1.8,1.4,0.65,0.7,0.48,0.24,1.19,0.41,0.27,19490,10.294776916503906
1.8,1.4,0.65,0.7,0.48,0.24,1.19,0.41,0.27,19635,10.29915189743042
1.8,1.4,0.65,0.7,0.48,0.24,1.19,0.41,0.27,19368,10.29915189743042
1.8,1.4,0.65,0.7,0.48,0.24,1.19,0.41,0.27,19511,10.303448677062988
1.8,1.4,0.65,0.7,0.48,0.24,1.19,0.41,0.28,19458,10.3069429397583
1.8,1.4,0.65,0.7,0.48,0.24,1.19,0.4,0.27,19687,10.310945987701416
1.8,1.4,0.65,0.7,0.5,0.23,1.19,0.4,0.27,19998,10.311688661575317
1.8,1.4,0.65,0.7,0.47,0.23,1.19,0.41,0.27,19895,10.315159320831299
1.8,1.4,0.65,0.7,0.5,0.24,1.19,0.41,0.27,19798,10.319693088531494
1.8,1.4,0.66,0.7,0.48,0.24,1.19,0.41,0.27,19817,10.323463678359985
1.8,1.4,0.65,0.7,0.47,0.23,1.19,0.4,0.27,19722,10.323463678359985
1.8,1.4,0.65,0.7,0.48,0.24,1.19,0.4,0.27,19689,10.327214241027832
1.8,1.4,0.66,0.7,0.48,0.24,1.19,0.41,0.27,19670,10.331299781799316
1.8,1.4,0.65,0.7,0.48,0.23,1.19,0.41,0.27,19689,10.33572244644165
1.8,1.4,0.65,0.7,0.48,0.24,1.19,0.4,0.27,19646,10.339675664901733
1.79,1.4,0.65,0.7,0.48,0.24,1.19,0.4,0.27,19653,10.339675664901733
1.8,1.4,0.66,0.7,0.48,0.24,1.19,0.41,0.27,19578,10.344103336334229
1.8,1.4,0.66,0.7,0.48,0.24,1.19,0.41,0.27,20109,10.347122192382812
1.8,1.4,0.65,0.7,0.48,0.24,1.19,0.41,0.27,20126,10.351167440414429
1.8,1.4,0.65,0.7,0.48,0.24,1.19,0.41,0.27,20093,10.352167844772339
1.8,1.4,0.66,0.7,0.48,0.24,1.19,0.41,0.27,20040,10.356182336807251
1.81,1.4,0.64,0.68,0.47,0.23,1.19,0.4,0.27,20109,10.360418558120728
1.8,1.4,0.65,0.7,0.48,0.23,1.19,0.4,0.27,19846,10.364572286605835
1.8,1.4,0.65,0.7,0.48,0.23,1.19,0.4,0.27,19923,10.364572286605835
1.8,1.4,0.65,0.7,0.48,0.23,1.19,0.41,0.27,19894,10.368076801300049
1.8,1.4,0.65,0.7,0.48,0.23,1.19,0.4,0.27,19713,10.372203350067139
1.8,1.4,0.65,0.7,0.48,0.23,1.19,0.4,0.27,19828,10.376242637634277
1.8,1.4,0.65,0.7,0.5,0.23,1.19,0.4,0.27,19661,10.377115488052368
1.8,1.4,0.65,0.7,0.48,0.23,1.19,0.41,0.27,19644,10.380388498306274
1.8,1.4,0.65,0.7,0.48,0.23,1.19,0.41,0.27,19635,10.384565353393555
1.8,1.4,0.65,0.7,0.48,0.24,1.19,0.4,0.27,19462,10.38906192779541
1.8,1.4,0.65,0.7,0.48,0.24,1.19,0.41,0.27,19565,10.38906192779541
1.8,1.4,0.65,0.7,0.5,0.24,1.19,0.41,0.27,19768,10.39284372329712
1.8,1.4,0.65,0.7,0.48,0.23,1.19,0.41,0.27,19837,10.397089958190918
1.8,1.4,0.65,0.7,0.5,0.23,1.19,0.41,0.27,20036,10.400861024856567
1.8,1.4,0.65,0.7,0.48,0.23,1.19,0.41,0.27,19965,10.404868841171265
1.8,1.4,0.65,0.7,0.48,0.24,1.19,0.41,0.27,19694,10.404868841171265
1.8,1.4,0.65,0.7,0.48,0.23,1.19,0.4,0.27,19909,10.409911870956421
1.8,1.4,0.65,0.7,0.48,0.24,1.19,0.41,0.27,19674,10.413227558135986
1.8,1.4,0.65,0.7,0.48,0.23,1.19,0.41,0.27,19563,10.417745351791382
1.8,1.4,0.65,0.7,0.48,0.23,1.19,0.41,0.27,19616,10.417745351791382
1.8,1.4,0.65,0.7,0.5,0.24,1.19,0.41,0.27,20021,10.42173957824707
1.8,1.4,0.65,0.7,0.48,0.23,1.19,0.41,0.27,20210,10.426222085952759
1.8,1.4,0.65,0.71,0.5,0.24,1.19,0.41,0.27,20105,10.429460763931274
1.8,1.4,0.65,0.7,0.5,0.24,1.19,0.41,0.27,19998,10.429460763931274
1.8,1.4,0.65,0.7,0.5,0.23,1.19,0.41,0.27,20075,10.434496641159058
1.8,1.4,0.65,0.7,0.48,0.23,1.19,0.41,0.27,19922,10.437770128250122
1.8,1.4,0.65,0.7,0.48,0.23,1.19,0.4,0.27,19699,10.44236969947815
1.8,1.4,0.65,0.7,0.48,0.24,1.19,0.41,0.27,19842,10.443068981170654
1.8,1.41,0.65,0.7,0.47,0.24,1.19,0.41,0.27,19735,10.446148157119751
1.8,1.4,0.65,0.7,0.48,0.23,1.19,0.41,0.27,20070,10.450397968292236
1.8,1.4,0.65,0.7,0.48,0.23,1.19,0.41,0.27,20255,10.454700708389282
1.8,1.4,0.65,0.7,0.48,0.24,1.19,0.41,0.27,19844,10.454700708389282
1.8,1.4,0.65,0.7,0.48,0.24,1.19,0.41,0.27,19789,10.458874702453613
1.8,1.4,0.65,0.7,0.48,0.23,1.19,0.41,0.27,20308,10.462283611297607
1.8,1.4,0.65,0.7,0.48,0.24,1.19,0.41,0.27,20215,10.466579914093018
1.8,1.4,0.65,0.7,0.48,0.24,1.19,0.4,0.27,19952,10.467321395874023
1.8,1.4,0.65,0.7,0.5,0.23,1.19,0.41,0.27,19649,10.470581293106079
1.8,1.4,0.65,0.7,0.5,0.24,1.19,0.41,0.27,19708,10.474860906600952
1.8,1.4,0.65,0.7,0.48,0.24,1.19,0.4,0.27,20093,10.479056596755981
1.8,1.4,0.65,0.7,0.48,0.23,1.19,0.4,0.27,20006,10.48234510421753
1.8,1.4,0.65,0.7,0.5,0.24,1.19,0.41,0.27,19601,10.483071088790894
1.8,1.4,0.65,0.7,0.48,0.24,1.19,0.41,0.27,19232,10.487516641616821
1.8,1.4,0.65,0.7,0.5,0.23,1.19,0.4,0.27,19627,10.490914583206177
1.8,1.4,0.65,0.7,0.5,0.23,1.19,0.41,0.27,20126,10.495352029800415
1.8,1.4,0.65,0.7,0.5,0.23,1.19,0.41,0.27,19825,10.495940446853638
1.8,1.4,0.65,0.7,0.5,0.23,1.19,0.41,0.27,19250,10.499491691589355
1.8,1.4,0.65,0.7,0.5,0.23,1.19,0.41,0.27,19099,10.503850221633911
1.8,1.4,0.65,0.7,0.48,0.24,1.19,0.41,0.27,19710,10.50799036026001
1.8,1.4,0.65,0.7,0.5,0.23,1.19,0.4,0.27,20145,10.50799036026001
1.8,1.4,0.65,0.7,0.48,0.23,1.19,0.41,0.27,19894,10.5119788646698
1.8,1.4,0.65,0.7,0.48,0.23,1.19,0.41,0.26,19507,10.51523208618164
1.8,1.4,0.65,0.7,0.5,0.23,1.19,0.41,0.27,19778,10.519983530044556
1.8,1.4,0.65,0.7,0.48,0.23,1.19,0.41,0.27,20229,10.5207839012146
1.8,1.41,0.65,0.7,0.48,0.23,1.19,0.4,0.27,19910,10.524234533309937
1.8,1.4,0.65,0.7,0.48,0.24,1.19,0.41,0.27,19751,10.528220415115356
1.8,1.4,0.65,0.7,0.48,0.23,1.19,0.41,0.27,19776,10.532305240631104
1.8,1.4,0.65,0.7,0.5,0.24,1.19,0.41,0.27,19579,10.532305240631104
1.8,1.4,0.65,0.7,0.48,0.23,1.19,0.41,0.27,19564,10.53636121749878
1.8,1.4,0.65,0.7,0.48,0.23,1.19,0.41,0.27,19661,10.540629386901855
1.8,1.4,0.65,0.7,0.48,0.23,1.19,0.41,0.27,19616,10.544604063034058
1.8,1.4,0.65,0.7,0.48,0.23,1.19,0.41,0.27,19759,10.548578262329102
1.8,1.4,0.65,0.7,0.48,0.23,1.19,0.41,0.27,19780,10.548578262329102
1.8,1.4,0.65,0.7,0.48,0.23,1.19,0.41,0.27,19891,10.553138971328735
1.8,1.4,0.65,0.7,0.48,0.24,1.19,0.41,0.27,20004,10.557032346725464
1.79,1.4,0.65,0.7,0.49,0.23,1.19,0.41,0.27,19775,10.561073064804077
1.8,1.4,0.65,0.7,0.48,0.23,1.19,0.41,0.27,19486,10.561073064804077
1.8,1.4,0.65,0.7,0.48,0.24,1.19,0.41,0.27,20083,10.565075159072876
1.8,1.4,0.65,0.7,0.48,0.23,1.19,0.41,0.27,20244,10.56922960281372
1.8,1.4,0.65,0.7,0.48,0.23,1.19,0.41,0.27,19841,10.57317042350769
1.8,1.4,0.65,0.7,0.48,0.24,1.19,0.41,0.27,19608,10.57371711730957
1.8,1.4,0.65,0.7,0.48,0.24,1.19,0.41,0.27,19855,10.577547550201416
1.8,1.4,0.65,0.7,0.48,0.23,1.19,0.41,0.27,19792,10.581218004226685
1.8,1.4,0.65,0.7,0.5,0.24,1.19,0.41,0.27,19649,10.585530996322632
1.8,1.4,0.65,0.7,0.48,0.23,1.19,0.41,0.27,19780,10.585530996322632
1.8,1.4,0.65,0.7,0.48,0.23,1.19,0.41,0.27,19837,10.589531660079956
1.8,1.4,0.65,0.7,0.48,0.24,1.19,0.41,0.27,19814,10.593736171722412
1.8,1.4,0.65,0.7,0.48,0.23,1.19,0.41,0.27,20195,10.597787141799927
1.8,1.4,0.65,0.7,0.48,0.24,1.19,0.41,0.27,19990,10.598530769348145
1.79,1.4,0.65,0.7,0.48,0.23,1.19,0.41,0.26,19299,10.601930618286133
1.8,1.4,0.65,0.7,0.48,0.23,1.19,0.41,0.27,19774,10.606117486953735
1.8,1.4,0.65,0.7,0.48,0.23,1.19,0.41,0.26,20695,10.610403537750244
1.8,1.4,0.65,0.7,0.48,0.24,1.19,0.41,0.27,20494,10.610403537750244
1.8,1.4,0.65,0.7,0.5,0.23,1.19,0.41,0.26,19805,10.613662481307983
1.8,1.4,0.65,0.7,0.48,0.23,1.19,0.41,0.27,19774,10.618022918701172
1.8,1.4,0.65,0.7,0.48,0.23,1.19,0.41,0.27,19815,10.622788429260254
1.8,1.4,0.64,0.7,0.49,0.23,1.19,0.41,0.27,19724,10.626055002212524
1.8,1.4,0.65,0.7,0.48,0.23,1.19,0.41,0.27,19579,10.626787185668945
1.8,1.4,0.65,0.7,0.5,0.23,1.19,0.41,0.27,19982,10.630625486373901
1.79,1.4,0.65,0.7,0.48,0.23,1.19,0.41,0.27,19955,10.634480237960815
1.8,1.4,0.65,0.7,0.48,0.23,1.19,0.41,0.27,20092,10.638276815414429
1.8,1.4,0.65,0.7,0.5,0.23,1.19,0.41,0.27,20167,10.638276815414429
1.8,1.4,0.65,0.7,0.48,0.23,1.19,0.41,0.27,19848,10.643303155899048
1.8,1.4,0.65,0.7,0.48,0.23,1.19,0.41,0.27,19835,10.646896362304688
1.8,1.4,0.65,0.7,0.5,0.23,1.19,0.41,0.26,20022,10.651014566421509
1.8,1.4,0.65,0.7,0.5,0.24,1.19,0.41,0.27,19851,10.651014566421509
1.79,1.4,0.65,0.7,0.48,0.23,1.19,0.41,0.27,19780,10.655049562454224
1.8,1.4,0.65,0.7,0.49,0.23,1.19,0.41,0.27,19793,10.659422636032104
1.8,1.4,0.65,0.7,0.48,0.23,1.19,0.41,0.27,19894,10.663410186767578
1.8,1.4,0.65,0.7,0.48,0.23,1.19,0.41,0.27,19773,10.663410186767578
1.8,1.4,0.65,0.7,0.48,0.23,1.19,0.41,0.27,19564,10.667080163955688
1.8,1.4,0.65,0.7,0.5,0.23,1.19,0.4,0.27,19909,10.671176195144653
1.8,1.4,0.65,0.7,0.48,0.23,1.19,0.41,0.27,20064,10.676206827163696
1.8,1.4,0.65,0.7,0.48,0.23,1.19,0.41,0.27,20009,10.676206827163696
1.8,1.4,0.65,0.7,0.5,0.23,1.19,0.4,0.27,19822,10.67923617362976
1.8,1.4,0.65,0.7,0.48,0.24,1.19,0.4,0.27,19541,10.6838960647583
1.8,1.4,0.65,0.7,0.48,0.23,1.19,0.41,0.27,19604,10.688073873519897
1.79,1.4,0.65,0.7,0.48,0.23,1.19,0.4,0.27,19891,10.691874504089355
1.8,1.4,0.65,0.7,0.48,0.23,1.19,0.41,0.27,20024,10.691874504089355
1.79,1.4,0.66,0.7,0.5,0.24,1.19,0.4,0.27,19741,10.695809364318848
1.8,1.4,0.65,0.7,0.48,0.23,1.19,0.41,0.26,19916,10.700109958648682
1.8,1.4,0.65,0.7,0.5,0.23,1.19,0.41,0.27,19965,10.704324007034302
1.8,1.4,0.65,0.7,0.48,0.23,1.19,0.4,0.27,20050,10.704324007034302
1.8,1.4,0.65,0.7,0.48,0.23,1.19,0.41,0.27,19933,10.708565473556519
1.8,1.4,0.65,0.7,0.48,0.23,1.19,0.41,0.27,19912,10.712552309036255
1.8,1.4,0.65,0.7,0.48,0.23,1.19,0.41,0.27,19749,10.715897798538208
1.8,1.4,0.65,0.7,0.49,0.24,1.19,0.4,0.27,19750,10.716925382614136
1.8,1.4,0.65,0.7,0.48,0.23,1.19,0.4,0.27,19803,10.720567464828491
1.8,1.4,0.65,0.7,0.5,0.24,1.19,0.41,0.27,19516,10.724781274795532
1.8,1.4,0.65,0.7,0.48,0.24,1.19,0.41,0.27,19721,10.72881817817688
1.8,1.4,0.65,0.7,0.5,0.24,1.19,0.4,0.27,19682,10.72881817817688
1.8,1.4,0.65,0.7,0.48,0.24,1.19,0.41,0.27,19779,10.732818126678467
1.8,1.4,0.65,0.7,0.5,0.23,1.19,0.41,0.27,19724,10.737075567245483
1.8,1.4,0.65,0.7,0.48,0.23,1.19,0.4,0.27,19525,10.741075038909912
1.8,1.4,0.65,0.7,0.48,0.23,1.19,0.41,0.27,19620,10.741304397583008
1.8,1.4,0.65,0.7,0.5,0.23,1.19,0.41,0.27,19663,10.744897603988647
1.8,1.4,0.65,0.7,0.48,0.23,1.19,0.41,0.27,20064,10.749770402908325
1.8,1.4,0.65,0.7,0.48,0.24,1.19,0.4,0.27,19985,10.753478050231934
1.8,1.4,0.66,0.7,0.5,0.23,1.19,0.41,0.27,20062,10.757472515106201
1.8,1.4,0.65,0.7,0.5,0.24,1.19,0.41,0.27,20009,10.757472515106201
1.8,1.4,0.65,0.7,0.48,0.23,1.19,0.4,0.27,20018,10.7614905834198
1.8,1.4,0.65,0.7,0.48,0.23,1.19,0.41,0.27,20009,10.765932321548462
1.8,1.4,0.65,0.7,0.5,0.23,1.19,0.41,0.27,19694,10.769234657287598
1.8,1.4,0.65,0.7,0.48,0.23,1.19,0.4,0.27,19941,10.770264148712158
1.8,1.4,0.65,0.7,0.48,0.24,1.19,0.41,0.27,20260,10.77426290512085
1.8,1.4,0.65,0.7,0.48,0.24,1.19,0.4,0.27,20221,10.778012752532959
1.8,1.4,0.65,0.7,0.48,0.23,1.19,0.41,0.27,20280,10.782078981399536
1.8,1.4,0.65,0.7,0.48,0.24,1.19,0.4,0.27,20607,10.782842636108398
1.8,1.4,0.65,0.7,0.5,0.23,1.19,0.41,0.27,20038,10.786166906356812
1.8,1.4,0.65,0.7,0.48,0.23,1.19,0.41,0.27,19719,10.790387153625488
1.8,1.4,0.65,0.7,0.48,0.23,1.19,0.41,0.27,19884,10.794399499893188
1.8,1.4,0.65,0.7,0.49,0.24,1.19,0.41,0.27,19447,10.7952299118042
1.8,1.4,0.65,0.7,0.48,0.23,1.19,0.41,0.27,19586,10.798685550689697
1.8,1.4,0.65,0.7,0.48,0.23,1.19,0.41,0.27,19837,10.802969455718994
1.8,1.4,0.65,0.7,0.48,0.23,1.19,0.41,0.27,20056,10.806981801986694
1.8,1.4,0.65,0.7,0.48,0.24,1.19,0.41,0.27,19867,10.806981801986694
1.8,1.4,0.65,0.7,0.48,0.23,1.19,0.41,0.27,19780,10.810580492019653
1.8,1.4,0.65,0.7,0.48,0.24,1.19,0.41,0.27,20207,10.814911603927612
1.8,1.4,0.65,0.7,0.48,0.23,1.19,0.41,0.27,20726,10.81885051727295
1.8,1.4,0.65,0.7,0.48,0.23,1.19,0.41,0.27,20175,10.81885051727295
1.8,1.4,0.65,0.7,0.48,0.24,1.19,0.41,0.27,19840,10.822990655899048
1.8,1.41,0.65,0.7,0.5,0.24,1.19,0.41,0.27,20019,10.827173471450806
1.79,1.4,0.65,0.7,0.48,0.24,1.19,0.41,0.27,19740,10.83145785331726
1.8,1.4,0.65,0.7,0.48,0.24,1.19,0.4,0.27,19751,10.834890365600586
1.8,1.4,0.65,0.7,0.48,0.24,1.19,0.41,0.27,19806,10.834890365600586
1.8,1.4,0.65,0.7,0.48,0.24,1.19,0.41,0.27,19761,10.839911699295044
1.8,1.4,0.65,0.7,0.48,0.24,1.19,0.41,0.27,19744,10.843621015548706
1.8,1.4,0.65,0.7,0.48,0.24,1.19,0.41,0.27,19981,10.84773874282837
1.8,1.4,0.65,0.7,0.48,0.24,1.19,0.41,0.27,20098,10.84773874282837
1.8,1.4,0.65,0.7,0.48,0.24,1.19,0.41,0.27,19667,10.851727485656738
1.79,1.4,0.65,0.7,0.49,0.24,1.19,0.41,0.27,19764,10.855376243591309
1.8,1.4,0.65,0.7,0.5,0.24,1.19,0.41,0.27,19991,10.860049724578857
1.79,1.4,0.65,0.7,0.48,0.23,1.19,0.41,0.27,19722,10.860954761505127
1.8,1.4,0.65,0.7,0.5,0.24,1.19,0.41,0.27,19265,10.86403751373291
1.79,1.4,0.65,0.7,0.48,0.24,1.19,0.41,0.27,19504,10.868257761001587
1.79,1.4,0.65,0.7,0.48,0.24,1.19,0.41,0.27,19727,10.871963500976562
1.8,1.4,0.65,0.7,0.5,0.24,1.19,0.41,0.27,19804,10.871963500976562
1.8,1.4,0.65,0.7,0.48,0.24,1.19,0.41,0.27,19815,10.875884532928467
1.8,1.4,0.65,0.7,0.5,0.24,1.19,0.41,0.27,20008,10.881082773208618
1.8,1.4,0.65,0.7,0.5,0.24,1.19,0.41,0.27,19867,10.884535312652588
1.8,1.4,0.65,0.7,0.48,0.24,1.19,0.41,0.27,19744,10.884535312652588
1.8,1.4,0.65,0.7,0.48,0.24,1.19,0.4,0.27,19591,10.888518571853638
1.79,1.4,0.65,0.7,0.48,0.24,1.19,0.41,0.27,19806,10.89279294013977
1.79,1.4,0.65,0.7,0.48,0.23,1.19,0.41,0.27,19973,10.896858930587769
1.8,1.4,0.65,0.7,0.48,0.24,1.19,0.41,0.27,19632,10.897786855697632
1.79,1.4,0.65,0.7,0.48,0.23,1.19,0.41,0.27,19503,10.901262760162354
1.8,1.4,0.65,0.7,0.5,0.24,1.19,0.41,0.27,19638,10.904789209365845
1.8,1.4,0.65,0.7,0.48,0.23,1.19,0.41,0.27,19509,10.909198999404907
1.79,1.4,0.65,0.7,0.5,0.24,1.19,0.4,0.27,19332,10.912272930145264
1.8,1.4,0.65,0.7,0.48,0.24,1.19,0.41,0.27,19639,10.913307666778564
1.8,1.4,0.65,0.7,0.5,0.24,1.19,0.41,0.27,20154,10.917340517044067
1.8,1.4,0.65,0.7,0.48,0.24,1.19,0.4,0.27,20073,10.921371936798096
1.8,1.4,0.65,0.7,0.5,0.24,1.19,0.4,0.27,19886,10.925536155700684
1.8,1.4,0.65,0.7,0.5,0.24,1.19,0.41,0.27,20005,10.925536155700684
1.8,1.4,0.65,0.7,0.5,0.23,1.19,0.41,0.27,20018,10.929625988006592
1.8,1.4,0.65,0.7,0.5,0.24,1.19,0.41,0.27,20119,10.933627367019653
1.8,1.4,0.65,0.7,0.5,0.24,1.19,0.41,0.27,20086,10.937628507614136
1.8,1.4,0.65,0.7,0.48,0.24,1.19,0.41,0.27,19387,10.937809467315674
1.8,1.4,0.65,0.7,0.48,0.24,1.19,0.41,0.27,19564,10.941494941711426
1.8,1.4,0.65,0.7,0.48,0.24,1.19,0.41,0.26,19963,10.945885419845581
1.8,1.4,0.66,0.7,0.5,0.24,1.19,0.4,0.27,19790,10.950026035308838
1.8,1.4,0.65,0.7,0.5,0.23,1.19,0.41,0.27,19745,10.950026035308838
1.8,1.4,0.65,0.7,0.48,0.24,1.19,0.41,0.27,19828,10.954053163528442
1.8,1.4,0.65,0.7,0.5,0.24,1.19,0.41,0.27,20119,10.958364486694336
1.8,1.4,0.65,0.7,0.48,0.24,1.19,0.41,0.27,20188,10.962390422821045
1.8,1.4,0.65,0.7,0.5,0.23,1.19,0.4,0.27,19609,10.962390422821045
1.8,1.4,0.65,0.7,0.48,0.24,1.19,0.41,0.27,19506,10.966347932815552
1.8,1.4,0.65,0.7,0.48,0.24,1.19,0.41,0.27,19815,10.970924377441406
1.8,1.4,0.65,0.7,0.49,0.24,1.19,0.4,0.27,19998,10.974428415298462
1.8,1.4,0.65,0.7,0.48,0.24,1.19,0.41,0.27,20115,10.978549003601074
1.8,1.4,0.65,0.7,0.48,0.24,1.19,0.4,0.27,20156,10.978549003601074
1.8,1.4,0.65,0.7,0.48,0.24,1.19,0.4,0.27,19891,10.983468294143677
1.8,1.4,0.65,0.7,0.5,0.24,1.19,0.4,0.27,19812,10.98673415184021
1.8,1.4,0.66,0.7,0.5,0.24,1.19,0.4,0.27,20279,10.990722179412842
1.8,1.4,0.65,0.7,0.48,0.24,1.19,0.41,0.27,20006,10.991462469100952
1.8,1.4,0.65,0.7,0.48,0.24,1.19,0.4,0.27,19721,10.995035648345947
1.8,1.4,0.65,0.7,0.48,0.24,1.19,0.4,0.27,20012,11.000069379806519
1.8,1.4,0.65,0.7,0.48,0.24,1.19,0.4,0.27,20005,11.003416061401367
1.79,1.4,0.65,0.7,0.5,0.24,1.19,0.41,0.27,19930,11.003416061401367
1.8,1.4,0.65,0.7,0.48,0.24,1.19,0.4,0.27,20155,11.007441520690918
1.8,1.4,0.65,0.7,0.48,0.24,1.19,0.4,0.27,20016,11.011557579040527
1.8,1.4,0.65,0.7,0.48,0.24,1.19,0.4,0.27,19755,11.01604413986206
1.8,1.4,0.65,0.7,0.5,0.23,1.19,0.4,0.27,19648,11.01604413986206
1.8,1.4,0.65,0.7,0.48,0.24,1.19,0.41,0.27,19629,11.019269943237305
1.8,1.4,0.65,0.7,0.48,0.24,1.19,0.41,0.28,19970,11.023420333862305
1.8,1.4,0.65,0.7,0.5,0.24,1.19,0.41,0.27,19839,11.027918100357056
1.8,1.4,0.65,0.7,0.48,0.24,1.19,0.41,0.27,19604,11.028445959091187
1.8,1.4,0.66,0.7,0.48,0.23,1.19,0.41,0.27,19869,11.032134532928467
1.8,1.4,0.65,0.7,0.48,0.24,1.19,0.41,0.27,19884,11.036057949066162
1.8,1.4,0.65,0.7,0.48,0.23,1.19,0.41,0.27,19561,11.03989052772522
1.79,1.4,0.65,0.7,0.48,0.24,1.19,0.41,0.27,19726,11.04090428352356
1.8,1.4,0.65,0.7,0.48,0.24,1.19,0.41,0.27,20033,11.044162511825562
1.8,1.4,0.65,0.7,0.48,0.24,1.19,0.41,0.27,19868,11.048317670822144
1.8,1.4,0.65,0.7,0.48,0.24,1.19,0.41,0.27,19677,11.052320003509521
1.8,1.4,0.65,0.7,0.48,0.24,1.19,0.41,0.27,19568,11.056330442428589
1.8,1.4,0.65,0.7,0.48,0.24,1.19,0.41,0.27,20083,11.057048559188843
1.8,1.4,0.65,0.7,0.48,0.23,1.19,0.41,0.27,20182,11.060791492462158
1.8,1.4,0.65,0.7,0.5,0.24,1.19,0.41,0.27,19911,11.065479755401611
1.79,1.4,0.65,0.7,0.48,0.24,1.19,0.41,0.27,20108,11.068963289260864
1.79,1.4,0.65,0.7,0.48,0.23,1.19,0.41,0.27,19813,11.068963289260864
1.8,1.4,0.65,0.7,0.48,0.23,1.19,0.41,0.27,19810,11.0730619430542
1.8,1.4,0.65,0.7,0.48,0.24,1.19,0.41,0.27,19961,11.077056169509888
1.8,1.4,0.65,0.7,0.48,0.24,1.19,0.41,0.27,20044,11.080814361572266
1.8,1.4,0.65,0.7,0.48,0.23,1.19,0.41,0.27,19637,11.08184003829956
1.8,1.4,0.65,0.7,0.48,0.24,1.19,0.41,0.27,19780,11.084847211837769
1.8,1.4,0.65,0.7,0.48,0.24,1.19,0.41,0.27,19889,11.088864803314209
1.79,1.4,0.65,0.7,0.48,0.24,1.19,0.41,0.27,19612,11.092865228652954
1.79,1.4,0.65,0.7,0.48,0.24,1.19,0.41,0.27,19771,11.093864440917969
1.8,1.4,0.65,0.7,0.5,0.24,1.19,0.41,0.27,19810,11.096864938735962
1.8,1.4,0.65,0.7,0.5,0.24,1.19,0.4,0.27,20027,11.101265668869019
1.79,1.4,0.65,0.7,0.48,0.24,1.19,0.41,0.27,20198,11.105460166931152
1.8,1.4,0.65,0.7,0.5,0.24,1.19,0.41,0.27,20277,11.105460166931152
1.79,1.4,0.65,0.7,0.48,0.24,1.19,0.41,0.27,20004,11.109477758407593
1.79,1.4,0.65,0.7,0.48,0.24,1.19,0.41,0.27,20193,11.113479137420654
1.79,1.4,0.65,0.7,0.48,0.23,1.19,0.41,0.27,19774,11.117984771728516
1.79,1.4,0.65,0.7,0.48,0.23,1.19,0.41,0.27,19495,11.117984771728516
1.79,1.4,0.65,0.7,0.48,0.24,1.19,0.41,0.27,19338,11.121718168258667
1.8,1.4,0.65,0.7,0.48,0.24,1.19,0.41,0.27,19463,11.12550950050354
1.79,1.4,0.65,0.7,0.5,0.24,1.19,0.41,0.27,19858,11.13050627708435
1.79,1.4,0.66,0.7,0.48,0.24,1.19,0.41,0.27,19733,11.134049654006958
1.8,1.4,0.65,0.7,0.48,0.24,1.19,0.41,0.27,19720,11.13451075553894
1.79,1.4,0.65,0.7,0.5,0.24,1.19,0.41,0.27,20149,11.138154983520508
1.79,1.4,0.65,0.7,0.5,0.24,1.19,0.41,0.27,20092,11.142198324203491
1.8,1.4,0.65,0.7,0.48,0.24,1.19,0.4,0.27,19637,11.14619493484497
1.8,1.4,0.66,0.7,0.5,0.24,1.19,0.41,0.27,19872,11.14619493484497
1.8,1.4,0.65,0.7,0.48,0.24,1.19,0.41,0.27,19999,11.150195360183716
1.8,1.4,0.65,0.7,0.48,0.24,1.19,0.41,0.27,20042,11.154636859893799
1.8,1.4,0.65,0.7,0.5,0.24,1.19,0.41,0.27,19939,11.159409761428833
1.79,1.4,0.66,0.7,0.5,0.24,1.19,0.41,0.27,20096,11.159409761428833
1.8,1.4,0.65,0.7,0.5,0.24,1.19,0.41,0.27,20049,11.16238808631897
1.8,1.4,0.66,0.7,0.48,0.24,1.19,0.41,0.27,19730,11.16705870628357
1.79,1.4,0.65,0.7,0.5,0.24,1.19,0.4,0.27,19665,11.171271800994873
1.8,1.4,0.66,0.7,0.48,0.24,1.19,0.41,0.27,20024,11.172058582305908
1.79,1.4,0.65,0.7,0.48,0.24,1.19,0.41,0.27,20495,11.175671100616455
1.8,1.4,0.66,0.7,0.48,0.24,1.2,0.41,0.27,20290,11.179806232452393
1.79,1.4,0.65,0.7,0.48,0.24,1.19,0.41,0.27,19947,11.18305492401123
1.79,1.4,0.65,0.7,0.48,0.24,1.19,0.41,0.27,20012,11.184265375137329
1.8,1.4,0.65,0.7,0.48,0.24,1.19,0.41,0.27,19807,11.187681436538696
1.8,1.4,0.65,0.7,0.5,0.24,1.19,0.41,0.27,19718,11.19178056716919
1.8,1.4,0.65,0.7,0.5,0.23,1.19,0.41,0.27,19997,11.19613242149353
1.8,1.4,0.65,0.7,0.5,0.23,1.19,0.41,0.27,20354,11.19613242149353
1.8,1.4,0.65,0.7,0.48,0.24,1.19,0.4,0.27,20225,11.200122356414795
1.8,1.4,0.65,0.7,0.48,0.24,1.2,0.4,0.27,19652,11.203737735748291
1.8,1.4,0.66,0.7,0.5,0.23,1.19,0.41,0.27,19511,11.208475351333618
1.8,1.4,0.65,0.7,0.48,0.24,1.19,0.41,0.27,19722,11.21191692352295
1.79,1.4,0.65,0.7,0.48,0.24,1.19,0.41,0.27,19577,11.21191692352295
1.8,1.4,0.65,0.7,0.48,0.24,1.19,0.41,0.27,19646,11.21601915359497
1.8,1.4,0.65,0.7,0.48,0.24,1.19,0.41,0.27,19815,11.220485925674438
1.8,1.4,0.65,0.7,0.48,0.24,1.19,0.4,0.27,20074,11.224756002426147
1.8,1.4,0.65,0.7,0.48,0.24,1.19,0.41,0.27,19847,11.224756002426147
1.8,1.4,0.65,0.7,0.48,0.24,1.19,0.41,0.27,19930,11.228165864944458
1.8,1.4,0.65,0.7,0.48,0.24,1.19,0.4,0.27,19843,11.233209371566772
1.79,1.4,0.65,0.7,0.5,0.24,1.19,0.4,0.27,19556,11.236474990844727
1.8,1.4,0.65,0.7,0.48,0.24,1.19,0.41,0.27,19465,11.237202405929565
1.8,1.4,0.65,0.7,0.48,0.24,1.19,0.41,0.27,19792,11.240781307220459
1.8,1.4,0.65,0.7,0.5,0.24,1.19,0.41,0.27,19927,11.245062112808228
1.8,1.4,0.65,0.7,0.48,0.24,1.19,0.41,0.27,19488,11.249130249023438
1.79,1.4,0.65,0.7,0.48,0.24,1.19,0.41,0.27,19843,11.250176668167114
1.8,1.4,0.65,0.7,0.48,0.24,1.19,0.41,0.27,20342,11.252713441848755
1.79,1.4,0.65,0.7,0.48,0.24,1.19,0.41,0.27,19947,11.257083654403687
1.8,1.4,0.65,0.7,0.5,0.23,1.19,0.41,0.27,19830,11.261092901229858
1.8,1.4,0.65,0.7,0.48,0.24,1.19,0.41,0.27,19709,11.261836767196655
1.79,1.4,0.65,0.7,0.48,0.23,1.19,0.41,0.27,19476,11.26509141921997
1.79,1.4,0.66,0.7,0.5,0.24,1.19,0.41,0.27,19491,11.269827365875244
1.79,1.4,0.65,0.7,0.48,0.23,1.19,0.41,0.27,19906,11.273858070373535
1.8,1.4,0.65,0.7,0.48,0.24,1.19,0.41,0.27,19667,11.27482557296753
1.79,1.4,0.65,0.7,0.48,0.24,1.19,0.4,0.27,19670,11.277835369110107
1.79,1.4,0.65,0.7,0.5,0.24,1.19,0.41,0.27,19785,11.281755208969116
1.8,1.4,0.65,0.7,0.48,0.24,1.19,0.41,0.27,20170,11.286213874816895
1.8,1.4,0.65,0.7,0.49,0.24,1.2,0.41,0.27,19907,11.289737939834595
1.79,1.4,0.65,0.7,0.5,0.24,1.19,0.41,0.27,19222,11.289737939834595
1.79,1.4,0.65,0.7,0.5,0.24,1.19,0.41,0.27,19731,11.29374384880066
1.79,1.4,0.65,0.7,0.5,0.24,1.2,0.41,0.27,19820,11.298106908798218
1.79,1.4,0.65,0.7,0.48,0.24,1.19,0.41,0.27,19629,11.302168607711792
1.8,1.4,0.65,0.7,0.48,0.24,1.19,0.41,0.27,19354,11.302924394607544
1.79,1.4,0.65,0.7,0.48,0.24,1.19,0.41,0.27,19627,11.306472539901733
1.79,1.4,0.65,0.7,0.48,0.24,1.19,0.41,0.27,19928,11.310652256011963
1.8,1.4,0.65,0.7,0.48,0.24,1.19,0.41,0.27,19961,11.314635992050171
1.8,1.4,0.65,0.7,0.48,0.24,1.2,0.41,0.27,19730,11.315679550170898
1.8,1.4,0.65,0.7,0.48,0.24,1.19,0.41,0.27,19537,11.318626165390015
1.8,1.4,0.65,0.7,0.5,0.24,1.19,0.41,0.27,19690,11.322557926177979
1.79,1.4,0.65,0.7,0.48,0.24,1.19,0.41,0.27,19583,11.326668500900269
1.79,1.4,0.65,0.7,0.5,0.23,1.19,0.41,0.27,19788,11.326668500900269
1.79,1.4,0.65,0.7,0.48,0.24,1.19,0.41,0.27,19901,11.330909729003906
1.79,1.4,0.65,0.7,0.48,0.24,1.19,0.41,0.27,19484,11.334946632385254
1.8,1.4,0.65,0.7,0.5,0.23,1.2,0.41,0.27,19477,11.339229583740234
1.79,1.4,0.66,0.7,0.5,0.24,1.2,0.41,0.27,19960,11.340272903442383
1.79,1.4,0.65,0.7,0.5,0.24,1.19,0.41,0.27,19781,11.343334436416626
1.79,1.4,0.65,0.7,0.5,0.24,1.2,0.41,0.27,19666,11.347324132919312
1.8,1.4,0.65,0.7,0.48,0.24,1.2,0.41,0.27,19529,11.351523876190186
1.79,1.4,0.65,0.7,0.5,0.24,1.2,0.4,0.27,19524,11.35551905632019
1.8,1.4,0.65,0.7,0.48,0.24,1.2,0.41,0.27,19715,11.35551905632019
1.79,1.4,0.65,0.7,0.48,0.23,1.2,0.41,0.27,19710,11.358938694000244
1.79,1.4,0.65,0.7,0.48,0.24,1.2,0.41,0.27,19921,11.363800525665283
1.8,1.4,0.65,0.7,0.48,0.24,1.19,0.41,0.27,20238,11.36780571937561
1.8,1.4,0.65,0.7,0.48,0.24,1.19,0.41,0.27,20115,11.368647813796997
1.8,1.4,0.65,0.7,0.48,0.24,1.19,0.41,0.27,20116,11.371890306472778
1.79,1.4,0.65,0.7,0.48,0.24,1.2,0.41,0.27,19897,11.375728368759155
1.8,1.4,0.66,0.7,0.48,0.24,1.19,0.41,0.27,19854,11.380139589309692
1.8,1.4,0.65,0.7,0.48,0.24,1.19,0.41,0.27,19977,11.381188154220581
1.79,1.4,0.65,0.7,0.5,0.24,1.2,0.41,0.27,20062,11.384500980377197
1.79,1.4,0.65,0.7,0.49,0.24,1.2,0.41,0.27,20031,11.388458490371704
1.79,1.4,0.65,0.7,0.5,0.24,1.2,0.41,0.27,19744,11.392242670059204
1.79,1.4,0.65,0.7,0.48,0.24,1.2,0.41,0.27,20187,11.393283128738403
1.79,1.4,0.65,0.7,0.5,0.24,1.2,0.41,0.27,20520,11.396388292312622
1.79,1.4,0.65,0.7,0.48,0.24,1.19,0.41,0.27,19967,11.400473833084106
1.79,1.4,0.65,0.7,0.48,0.24,1.2,0.41,0.27,19678,11.404035091400146
1.79,1.4,0.65,0.7,0.5,0.23,1.19,0.41,0.27,19749,11.405042886734009
1.79,1.4,0.65,0.7,0.5,0.24,1.19,0.41,0.27,19658,11.408035039901733
1.8,1.4,0.65,0.7,0.48,0.24,1.19,0.41,0.27,19877,11.413041353225708
1.79,1.4,0.65,0.7,0.48,0.24,1.2,0.41,0.27,20206,11.417060852050781
1.8,1.4,0.65,0.7,0.48,0.24,1.19,0.41,0.27,20065,11.417060852050781
1.79,1.4,0.65,0.7,0.48,0.24,1.19,0.41,0.27,19736,11.42120909690857
1.79,1.4,0.65,0.7,0.48,0.24,1.19,0.4,0.27,19745,11.425294876098633
1.79,1.4,0.65,0.7,0.48,0.24,1.2,0.41,0.27,19726,11.429617166519165
1.79,1.4,0.65,0.7,0.48,0.24,1.19,0.41,0.27,19631,11.432983160018921
1.79,1.4,0.65,0.7,0.48,0.24,1.19,0.41,0.27,19616,11.43403935432434
1.79,1.4,0.66,0.7,0.48,0.24,1.19,0.41,0.27,19679,11.437290906906128
1.8,1.4,0.65,0.7,0.5,0.24,1.19,0.41,0.27,19710,11.441723823547363
1.8,1.4,0.65,0.7,0.48,0.24,1.2,0.41,0.27,19621,11.445691347122192
1.79,1.4,0.65,0.7,0.5,0.24,1.19,0.4,0.27,19592,11.446744203567505
1.79,1.4,0.65,0.7,0.48,0.24,1.19,0.41,0.27,19707,11.449759721755981
1.79,1.4,0.65,0.7,0.48,0.24,1.19,0.4,0.27,19590,11.453341245651245
1.79,1.4,0.65,0.7,0.48,0.23,1.19,0.41,0.27,19573,11.457975625991821
1.79,1.4,0.65,0.7,0.48,0.24,1.19,0.4,0.27,19898,11.45879864692688
1.79,1.4,0.65,0.7,0.5,0.24,1.2,0.41,0.27,19929,11.46200180053711
1.79,1.4,0.65,0.7,0.48,0.23,1.19,0.41,0.27,19780,11.466012954711914
1.79,1.4,0.65,0.7,0.48,0.23,1.19,0.41,0.27,19699,11.470192670822144
1.79,1.4,0.65,0.7,0.48,0.24,1.19,0.41,0.27,19722,11.470192670822144
1.79,1.4,0.65,0.7,0.48,0.24,1.19,0.41,0.27,19851,11.474287509918213
1.79,1.4,0.65,0.7,0.5,0.24,1.2,0.41,0.27,19702,11.478405952453613
1.79,1.4,0.65,0.7,0.48,0.24,1.19,0.41,0.27,19989,11.482599973678589
1.8,1.4,0.65,0.7,0.48,0.24,1.19,0.41,0.27,19604,11.482599973678589
1.79,1.4,0.65,0.7,0.5,0.23,1.19,0.41,0.27,19793,11.486787557601929
1.79,1.4,0.65,0.7,0.48,0.24,1.19,0.41,0.27,20070,11.490887641906738
1.79,1.4,0.65,0.7,0.48,0.24,1.19,0.41,0.27,20175,11.494872093200684
1.79,1.4,0.65,0.7,0.48,0.24,1.19,0.41,0.27,20062,11.494872093200684
1.79,1.4,0.65,0.7,0.48,0.24,1.19,0.41,0.27,20073,11.49923038482666
1.79,1.4,0.65,0.7,0.48,0.24,1.2,0.41,0.27,19530,11.502670049667358
1.79,1.4,0.65,0.7,0.48,0.24,1.19,0.41,0.27,19609,11.507695436477661
1.8,1.4,0.65,0.7,0.48,0.24,1.19,0.41,0.27,19944,11.511375665664673
1.79,1.4,0.65,0.7,0.49,0.24,1.19,0.4,0.27,19943,11.511375665664673
1.79,1.4,0.65,0.7,0.48,0.24,1.2,0.41,0.27,19866,11.51529049873352
1.79,1.4,0.65,0.7,0.48,0.24,1.19,0.41,0.27,20071,11.51930022239685
1.79,1.4,0.65,0.7,0.48,0.24,1.19,0.41,0.27,20100,11.52350640296936
1.79,1.4,0.65,0.7,0.48,0.24,1.19,0.41,0.27,20155,11.524312734603882
1.79,1.4,0.65,0.7,0.48,0.24,1.19,0.41,0.27,19932,11.527481317520142
1.79,1.4,0.65,0.7,0.48,0.23,1.19,0.41,0.27,19533,11.5315842628479
1.79,1.4,0.65,0.7,0.48,0.24,1.19,0.41,0.27,19482,11.535579204559326
1.79,1.4,0.65,0.7,0.48,0.24,1.19,0.41,0.27,19467,11.536322116851807
1.79,1.4,0.65,0.7,0.5,0.24,1.19,0.41,0.27,19758,11.540009021759033
1.79,1.4,0.65,0.7,0.48,0.24,1.19,0.41,0.27,20235,11.543755531311035
1.79,1.4,0.65,0.7,0.48,0.24,1.19,0.4,0.27,20134,11.548334121704102
1.79,1.4,0.65,0.7,0.48,0.24,1.19,0.41,0.27,19589,11.548334121704102
1.8,1.4,0.65,0.7,0.5,0.23,1.19,0.41,0.27,19542,11.552325963973999
1.79,1.4,0.65,0.7,0.48,0.24,1.19,0.41,0.27,20049,11.556352853775024
1.79,1.4,0.65,0.7,0.48,0.24,1.19,0.41,0.27,19806,11.560499429702759
1.79,1.4,0.65,0.7,0.48,0.24,1.19,0.41,0.27,19639,11.561325550079346
1.79,1.4,0.65,0.7,0.48,0.23,1.19,0.41,0.27,19994,11.564422130584717
1.79,1.4,0.65,0.7,0.48,0.24,1.19,0.41,0.27,19877,11.568634986877441
1.79,1.4,0.65,0.7,0.48,0.23,1.19,0.41,0.27,19856,11.572733402252197
1.79,1.4,0.65,0.7,0.48,0.24,1.2,0.41,0.27,19987,11.573777437210083
1.79,1.4,0.65,0.7,0.48,0.23,1.19,0.41,0.27,20102,11.576349258422852
1.79,1.4,0.65,0.7,0.48,0.24,1.19,0.41,0.27,20047,11.5806405544281
1.79,1.4,0.65,0.7,0.48,0.24,1.19,0.41,0.27,19572,11.584648847579956
1.79,1.4,0.66,0.7,0.48,0.24,1.2,0.41,0.27,19371,11.589090585708618
1.79,1.4,0.65,0.7,0.48,0.24,1.2,0.41,0.27,19656,11.589847803115845
1.79,1.4,0.65,0.7,0.48,0.24,1.2,0.41,0.27,19937,11.593042850494385
1.79,1.4,0.65,0.7,0.48,0.24,1.2,0.41,0.27,20120,11.597294807434082
1.79,1.4,0.65,0.7,0.48,0.24,1.2,0.4,0.27,19933,11.601539611816406
1.79,1.4,0.65,0.7,0.48,0.24,1.2,0.4,0.27,19976,11.601539611816406
1.79,1.4,0.65,0.7,0.48,0.24,1.2,0.41,0.27,19947,11.605143547058105
1.79,1.4,0.65,0.7,0.48,0.24,1.2,0.41,0.27,20042,11.60936450958252
1.79,1.4,0.65,0.7,0.48,0.24,1.19,0.4,0.27,19685,11.61384391784668
1.79,1.4,0.65,0.7,0.48,0.24,1.2,0.41,0.27,19982,11.61384391784668
1.79,1.4,0.65,0.7,0.48,0.24,1.19,0.4,0.27,20053,11.617877721786499
1.79,1.4,0.65,0.7,0.48,0.24,1.19,0.41,0.27,20072,11.621469736099243
1.79,1.4,0.65,0.7,0.48,0.23,1.19,0.41,0.27,20083,11.625970125198364
1.79,1.4,0.65,0.7,0.48,0.24,1.19,0.41,0.27,19976,11.627021074295044
1.79,1.4,0.65,0.7,0.48,0.24,1.19,0.41,0.27,19661,11.630241394042969
1.79,1.4,0.65,0.7,0.48,0.24,1.19,0.41,0.27,19696,11.634026765823364
1.79,1.4,0.65,0.7,0.48,0.24,1.19,0.41,0.27,19811,11.638299465179443
1.79,1.4,0.65,0.7,0.48,0.24,1.19,0.4,0.27,19818,11.639343500137329
1.8,1.4,0.65,0.7,0.48,0.24,1.19,0.41,0.27,20009,11.642676830291748
1.8,1.4,0.65,0.7,0.48,0.24,1.19,0.41,0.27,19998,11.645932674407959
1.8,1.4,0.65,0.7,0.48,0.24,1.19,0.41,0.27,19701,11.650701999664307
1.8,1.4,0.65,0.7,0.48,0.24,1.19,0.41,0.27,19876,11.65468692779541
1.8,1.4,0.65,0.7,0.48,0.24,1.19,0.41,0.27,19765,11.65468692779541
1.8,1.4,0.65,0.7,0.48,0.24,1.19,0.41,0.27,19848,11.658966064453125
1.8,1.4,0.65,0.7,0.48,0.24,1.2,0.41,0.27,20251,11.662519693374634
1.8,1.4,0.65,0.71,0.48,0.24,1.19,0.41,0.27,19908,11.666599988937378
1.8,1.4,0.65,0.7,0.48,0.24,1.19,0.41,0.27,19985,11.666599988937378
1.8,1.4,0.65,0.7,0.48,0.24,1.19,0.41,0.27,20082,11.670855283737183
1.8,1.4,0.65,0.7,0.48,0.24,1.19,0.41,0.27,20109,11.675231456756592
1.8,1.4,0.65,0.7,0.48,0.23,1.19,0.41,0.27,20276,11.679280996322632
1.79,1.4,0.65,0.7,0.48,0.24,1.19,0.41,0.27,19797,11.680221557617188
1.8,1.4,0.65,0.7,0.48,0.24,1.19,0.41,0.27,19370,11.683227777481079
1.79,1.4,0.65,0.7,0.48,0.24,1.19,0.41,0.27,19711,11.687286615371704
1.8,1.4,0.65,0.7,0.48,0.24,1.19,0.41,0.27,19928,11.691577672958374
1.8,1.4,0.65,0.7,0.48,0.24,1.19,0.41,0.27,19675,11.692620038986206
1.8,1.4,0.65,0.7,0.48,0.24,1.19,0.41,0.27,19898,11.695833206176758
1.8,1.4,0.65,0.7,0.48,0.24,1.19,0.41,0.27,19569,11.699797630310059
1.79,1.4,0.65,0.7,0.48,0.24,1.19,0.41,0.27,19700,11.703837394714355
1.8,1.4,0.65,0.7,0.48,0.24,1.19,0.41,0.27,19879,11.7048659324646
1.8,1.4,0.65,0.7,0.48,0.24,1.19,0.41,0.27,19892,11.707719564437866
1.79,1.4,0.65,0.7,0.48,0.24,1.19,0.41,0.27,19987,11.71157169342041
1.79,1.39,0.65,0.7,0.48,0.24,1.19,0.41,0.27,19934,11.715888738632202
1.8,1.4,0.65,0.7,0.48,0.24,1.19,0.41,0.27,20083,11.719163656234741
1.79,1.4,0.65,0.7,0.48,0.24,1.19,0.41,0.27,19920,11.720288753509521
1.8,1.4,0.65,0.7,0.48,0.23,1.19,0.41,0.27,19705,11.724298477172852
1.8,1.4,0.65,0.7,0.48,0.24,1.19,0.41,0.27,19924,11.728379964828491
1.8,1.4,0.65,0.7,0.48,0.23,1.19,0.41,0.27,19781,11.731309652328491
1.8,1.4,0.65,0.7,0.48,0.24,1.19,0.41,0.27,19858,11.732303857803345
1.79,1.4,0.66,0.7,0.48,0.24,1.19,0.4,0.27,19907,11.736134052276611
1.8,1.4,0.65,0.7,0.48,0.24,1.19,0.41,0.27,19740,11.740794897079468
1.8,1.4,0.65,0.7,0.48,0.24,1.19,0.41,0.27,20273,11.74381136894226
1.8,1.4,0.65,0.7,0.48,0.24,1.19,0.41,0.27,20032,11.744942903518677
1.8,1.4,0.66,0.7,0.48,0.24,1.19,0.4,0.27,19815,11.749223709106445
1.79,1.4,0.65,0.7,0.48,0.24,1.19,0.41,0.27,19784,11.752232789993286
1.79,1.4,0.65,0.7,0.48,0.24,1.19,0.41,0.27,20097,11.756323099136353
1.79,1.4,0.65,0.7,0.48,0.24,1.19,0.41,0.27,20036,11.757326602935791
1.79,1.4,0.65,0.7,0.48,0.24,1.19,0.41,0.27,19753,11.760320901870728
1.79,1.4,0.65,0.7,0.48,0.24,1.19,0.41,0.27,19876,11.765333414077759
1.79,1.4,0.65,0.7,0.48,0.24,1.19,0.41,0.27,19815,11.769444465637207
1.79,1.4,0.65,0.7,0.48,0.23,1.19,0.41,0.27,19876,11.769444465637207
1.79,1.4,0.65,0.7,0.48,0.24,1.19,0.4,0.27,20035,11.773442506790161
1.79,1.4,0.65,0.7,0.48,0.24,1.19,0.4,0.27,20162,11.777422904968262
1.79,1.4,0.65,0.7,0.48,0.23,1.19,0.4,0.27,20079,11.781425714492798
1.79,1.4,0.65,0.7,0.48,0.24,1.19,0.4,0.27,19758,11.7824227809906
1.79,1.4,0.65,0.7,0.5,0.24,1.19,0.4,0.27,19767,11.785451173782349
1.8,1.4,0.65,0.7,0.48,0.24,1.19,0.41,0.27,19824,11.789798259735107
1.79,1.4,0.65,0.7,0.48,0.24,1.19,0.4,0.27,19961,11.793804407119751
1.79,1.4,0.65,0.7,0.48,0.24,1.19,0.4,0.27,20140,11.797914743423462
1.79,1.4,0.65,0.7,0.48,0.24,1.19,0.4,0.27,19917,11.797914743423462
1.79,1.4,0.65,0.7,0.48,0.24,1.19,0.4,0.27,19530,11.80191969871521
1.79,1.4,0.65,0.7,0.48,0.24,1.19,0.4,0.27,19753,11.806457996368408
1.79,1.4,0.65,0.7,0.48,0.24,1.19,0.41,0.27,19968,11.810310363769531
1.79,1.4,0.65,0.7,0.48,0.24,1.19,0.4,0.27,19999,11.810310363769531
1.8,1.4,0.65,0.7,0.48,0.24,1.19,0.41,0.27,19762,11.814105749130249
1.79,1.4,0.65,0.7,0.48,0.24,1.19,0.41,0.27,19655,11.818123579025269
1.8,1.4,0.65,0.7,0.48,0.24,1.19,0.41,0.27,19890,11.822323560714722
1.79,1.4,0.65,0.7,0.48,0.24,1.19,0.4,0.27,19979,11.822977304458618
1.8,1.4,0.65,0.7,0.48,0.24,1.19,0.41,0.27,20086,11.826439142227173
1.79,1.4,0.65,0.7,0.48,0.24,1.19,0.41,0.27,20333,11.830665588378906
1.79,1.4,0.65,0.7,0.48,0.24,1.19,0.41,0.27,20000,11.834754943847656
1.8,1.4,0.65,0.7,0.48,0.24,1.19,0.41,0.27,19609,11.835487127304077
1.79,1.4,0.65,0.7,0.48,0.24,1.2,0.4,0.27,19840,11.838549137115479
1.79,1.4,0.65,0.7,0.48,0.24,1.19,0.41,0.27,20267,11.843003749847412
1.79,1.4,0.65,0.7,0.48,0.24,1.19,0.41,0.27,20280,11.847009181976318
1.79,1.4,0.65,0.7,0.48,0.24,1.2,0.41,0.27,19943,11.847009181976318
1.79,1.4,0.65,0.7,0.48,0.24,1.19,0.41,0.27,19706,11.851230382919312
1.8,1.4,0.65,0.7,0.48,0.24,1.19,0.41,0.27,19935,11.85541033744812
1.79,1.4,0.65,0.7,0.48,0.24,1.19,0.41,0.27,20030,11.85952353477478
1.79,1.4,0.65,0.7,0.48,0.24,1.19,0.41,0.27,20195,11.86038589477539
1.79,1.4,0.65,0.7,0.48,0.24,1.19,0.4,0.27,19892,11.863508462905884
1.79,1.4,0.65,0.7,0.48,0.24,1.19,0.41,0.27,19833,11.867588520050049
1.79,1.4,0.65,0.7,0.48,0.24,1.19,0.4,0.27,20092,11.871734857559204
1.79,1.4,0.65,0.7,0.48,0.24,1.19,0.4,0.27,19975,11.875292539596558
1.79,1.4,0.65,0.7,0.48,0.23,1.19,0.41,0.27,20006,11.876055002212524
1.79,1.4,0.65,0.7,0.48,0.24,1.19,0.41,0.27,19767,11.879439353942871
1.79,1.4,0.65,0.7,0.48,0.24,1.19,0.41,0.27,19592,11.883702039718628
1.79,1.4,0.65,0.7,0.48,0.24,1.19,0.41,0.27,19555,11.88808560371399
1.79,1.4,0.65,0.7,0.48,0.24,1.19,0.41,0.27,19494,11.88887906074524
1.79,1.4,0.65,0.7,0.48,0.24,1.19,0.41,0.27,19845,11.891910791397095
1.79,1.4,0.65,0.7,0.48,0.24,1.19,0.41,0.27,19890,11.896859169006348
1.8,1.4,0.65,0.7,0.48,0.23,1.19,0.41,0.27,19771,11.899908065795898
1.79,1.4,0.65,0.7,0.48,0.24,1.19,0.41,0.27,19792,11.9009370803833
1.8,1.4,0.65,0.7,0.48,0.23,1.19,0.41,0.27,20039,11.904097318649292
1.79,1.4,0.65,0.7,0.48,0.24,1.19,0.41,0.27,20040,11.908607244491577
1.79,1.4,0.65,0.7,0.48,0.23,1.19,0.41,0.27,19673,11.912583827972412
1.8,1.4,0.65,0.7,0.48,0.23,1.19,0.41,0.27,19968,11.913588285446167
1.79,1.4,0.65,0.7,0.48,0.23,1.19,0.41,0.27,20207,11.916571140289307
1.8,1.4,0.65,0.7,0.48,0.24,1.19,0.41,0.27,20120,11.920752048492432
1.8,1.4,0.65,0.7,0.48,0.24,1.19,0.4,0.27,19945,11.924725532531738
1.8,1.4,0.65,0.7,0.48,0.24,1.19,0.41,0.27,19978,11.925765752792358
1.8,1.4,0.65,0.7,0.48,0.24,1.19,0.41,0.27,19929,11.928900957107544
1.8,1.4,0.65,0.7,0.48,0.24,1.19,0.41,0.27,19834,11.93282699584961
1.79,1.4,0.65,0.7,0.48,0.24,1.19,0.41,0.27,19961,11.93745470046997
1.79,1.4,0.65,0.7,0.48,0.24,1.19,0.41,0.27,19906,11.940698862075806
1.79,1.4,0.65,0.7,0.48,0.24,1.19,0.41,0.27,19855,11.94143533706665
1.79,1.4,0.65,0.7,0.48,0.24,1.19,0.41,0.27,19462,11.945449113845825
1.79,1.4,0.66,0.7,0.48,0.24,1.19,0.41,0.27,19577,11.949576616287231
1.79,1.4,0.65,0.71,0.48,0.24,1.19,0.41,0.27,19978,11.95321536064148
1.79,1.4,0.65,0.7,0.48,0.24,1.19,0.41,0.27,19635,11.95396637916565
1.79,1.4,0.65,0.7,0.48,0.24,1.19,0.41,0.27,19448,11.95823073387146
1.79,1.4,0.65,0.7,0.5,0.24,1.19,0.41,0.27,19631,11.961522817611694
1.79,1.4,0.65,0.7,0.48,0.24,1.19,0.41,0.27,19458,11.966553449630737
1.79,1.4,0.65,0.7,0.48,0.24,1.19,0.41,0.27,19479,11.966553449630737
1.8,1.4,0.65,0.7,0.48,0.24,1.19,0.41,0.27,19678,11.969853639602661
1.79,1.4,0.65,0.7,0.5,0.24,1.19,0.4,0.27,20123,11.974002122879028
1.79,1.4,0.65,0.7,0.48,0.24,1.19,0.41,0.27,19830,11.978156566619873
1.79,1.4,0.65,0.7,0.5,0.24,1.19,0.4,0.27,19591,11.978901863098145
1.8,1.4,0.65,0.7,0.48,0.24,1.2,0.41,0.27,19348,11.982170343399048
1.79,1.4,0.65,0.7,0.48,0.24,1.19,0.41,0.27,19533,11.986248016357422
1.79,1.4,0.65,0.7,0.5,0.24,1.19,0.41,0.27,19818,11.990071773529053
1.79,1.4,0.65,0.7,0.48,0.24,1.19,0.41,0.27,19909,11.991100311279297
1.79,1.4,0.65,0.7,0.48,0.24,1.19,0.41,0.27,20130,11.994276762008667
1.8,1.4,0.65,0.7,0.48,0.24,1.19,0.41,0.27,19713,11.998894214630127
1.79,1.4,0.65,0.7,0.48,0.24,1.19,0.41,0.27,19578,12.002570867538452
1.79,1.4,0.65,0.7,0.48,0.23,1.19,0.41,0.27,20083,12.006109714508057
1.79,1.4,0.65,0.7,0.48,0.24,1.19,0.41,0.27,19854,12.006661891937256
1.79,1.4,0.65,0.71,0.48,0.23,1.19,0.41,0.27,19669,12.01021695137024
1.79,1.4,0.65,0.7,0.5,0.24,1.19,0.41,0.27,19786,12.015217781066895
1.8,1.4,0.65,0.7,0.48,0.24,1.19,0.41,0.27,20067,12.018708944320679
1.8,1.4,0.65,0.7,0.48,0.24,1.19,0.41,0.27,19998,12.018708944320679
1.79,1.4,0.65,0.7,0.48,0.24,1.19,0.41,0.27,19857,12.0228853225708
1.79,1.4,0.65,0.7,0.48,0.24,1.2,0.4,0.27,19360,12.027098417282104
1.79,1.4,0.65,0.7,0.48,0.24,1.19,0.41,0.27,19447,12.031512975692749
1.79,1.4,0.65,0.7,0.48,0.24,1.19,0.4,0.27,19320,12.032100200653076
1.79,1.4,0.65,0.7,0.48,0.24,1.19,0.41,0.27,19597,12.035386800765991
1.79,1.4,0.66,0.7,0.48,0.24,1.19,0.41,0.27,20354,12.039411544799805
1.79,1.4,0.65,0.7,0.48,0.24,1.19,0.41,0.27,19867,12.04367995262146
1.79,1.4,0.65,0.71,0.48,0.24,1.19,0.41,0.27,20004,12.04367995262146
1.79,1.4,0.65,0.7,0.48,0.23,1.19,0.41,0.27,19987,12.047683715820312
1.79,1.4,0.65,0.71,0.5,0.24,1.19,0.41,0.27,19772,12.05183219909668
1.79,1.4,0.65,0.7,0.48,0.24,1.19,0.4,0.27,19869,12.056101322174072
1.79,1.4,0.65,0.7,0.5,0.24,1.19,0.41,0.27,19754,12.057074546813965
1.79,1.4,0.65,0.7,0.48,0.24,1.19,0.41,0.27,19771,12.060375690460205
1.79,1.4,0.65,0.7,0.48,0.24,1.19,0.41,0.27,19908,12.06407904624939
1.79,1.4,0.65,0.71,0.48,0.24,1.19,0.41,0.27,19867,12.067935943603516
1.79,1.4,0.65,0.7,0.48,0.24,1.19,0.41,0.27,19946,12.068944215774536
1.8,1.4,0.66,0.7,0.48,0.24,1.19,0.41,0.26,20313,12.072200536727905
1.79,1.4,0.65,0.7,0.48,0.24,1.19,0.4,0.28,19774,12.076206684112549
1.79,1.4,0.65,0.7,0.5,0.24,1.19,0.41,0.27,19561,12.080620288848877
1.79,1.4,0.65,0.7,0.48,0.24,1.19,0.41,0.27,19912,12.084788084030151
1.79,1.4,0.65,0.7,0.48,0.24,1.19,0.41,0.27,19819,12.084788084030151
1.79,1.4,0.65,0.7,0.48,0.24,1.2,0.41,0.27,19642,12.088804960250854
1.79,1.4,0.65,0.7,0.48,0.24,1.19,0.41,0.27,19829,12.092931270599365
1.8,1.4,0.65,0.7,0.48,0.24,1.19,0.41,0.27,20126,12.096615314483643
1.8,1.4,0.65,0.7,0.48,0.24,1.19,0.41,0.27,19723,12.096615314483643
1.8,1.4,0.65,0.7,0.48,0.24,1.19,0.41,0.27,19720,12.101526260375977
1.79,1.4,0.65,0.7,0.48,0.24,1.19,0.41,0.27,19935,12.105184555053711
1.79,1.4,0.65,0.7,0.48,0.24,1.19,0.41,0.27,19700,12.109076261520386
1.79,1.4,0.65,0.7,0.48,0.24,1.19,0.41,0.27,19603,12.109076261520386
1.79,1.4,0.65,0.7,0.48,0.24,1.19,0.41,0.27,19656,12.113142251968384
1.79,1.4,0.65,0.7,0.48,0.24,1.2,0.41,0.27,19715,12.11772632598877
1.79,1.4,0.65,0.7,0.48,0.24,1.19,0.41,0.27,19876,12.12140703201294
1.79,1.4,0.65,0.7,0.48,0.24,1.19,0.4,0.27,20093,12.122141599655151
1.79,1.4,0.65,0.7,0.48,0.24,1.19,0.41,0.27,20192,12.125186443328857
1.79,1.4,0.66,0.7,0.48,0.24,1.19,0.41,0.27,20143,12.12941288948059
1.8,1.4,0.65,0.7,0.49,0.24,1.19,0.41,0.27,19732,12.133892297744751
1.79,1.4,0.65,0.7,0.48,0.24,1.19,0.41,0.27,19451,12.134941816329956
1.79,1.4,0.66,0.7,0.48,0.24,1.19,0.41,0.27,19854,12.138036727905273
1.79,1.4,0.66,0.7,0.48,0.24,1.19,0.41,0.27,19783,12.142566680908203
1.79,1.4,0.66,0.7,0.5,0.24,1.19,0.41,0.27,19826,12.145685911178589
1.79,1.4,0.66,0.71,0.48,0.24,1.19,0.4,0.27,19855,12.149935483932495
1.8,1.4,0.66,0.7,0.48,0.24,1.19,0.41,0.27,19528,12.149935483932495
1.79,1.4,0.66,0.7,0.48,0.24,1.19,0.41,0.27,19639,12.15394926071167
1.8,1.4,0.65,0.7,0.48,0.24,1.19,0.41,0.27,20024,12.158684730529785
1.79,1.4,0.66,0.7,0.48,0.24,1.19,0.4,0.27,20167,12.162495613098145
1.79,1.4,0.66,0.71,0.5,0.24,1.19,0.41,0.27,20126,12.163002490997314
1.79,1.4,0.65,0.71,0.48,0.23,1.19,0.41,0.27,19983,12.166512727737427
1.79,1.4,0.65,0.71,0.48,0.24,1.19,0.41,0.27,19942,12.171055316925049
1.79,1.4,0.65,0.7,0.48,0.24,1.19,0.41,0.27,19775,12.174713850021362
1.79,1.4,0.66,0.7,0.48,0.24,1.19,0.41,0.27,19616,12.175758123397827
1.79,1.4,0.65,0.7,0.48,0.24,1.19,0.41,0.27,19757,12.178773880004883
1.79,1.4,0.65,0.71,0.48,0.24,1.19,0.41,0.27,19800,12.183228254318237
1.79,1.4,0.65,0.71,0.48,0.23,1.19,0.41,0.27,19819,12.187304258346558
1.79,1.4,0.65,0.7,0.48,0.23,1.19,0.41,0.27,20056,12.187304258346558
1.8,1.4,0.65,0.7,0.48,0.24,1.19,0.4,0.27,19939,12.191364526748657
1.79,1.4,0.65,0.7,0.48,0.23,1.19,0.41,0.27,20140,12.194968223571777
1.79,1.4,0.66,0.7,0.48,0.24,1.19,0.4,0.27,19741,12.199330806732178
1.8,1.4,0.65,0.71,0.48,0.24,1.19,0.4,0.27,19536,12.199330806732178
1.79,1.4,0.65,0.7,0.48,0.23,1.19,0.41,0.27,19697,12.203692197799683
1.79,1.4,0.65,0.7,0.48,0.24,1.19,0.41,0.27,19436,12.207903385162354
1.79,1.4,0.65,0.7,0.48,0.24,1.19,0.41,0.27,19323,12.212092161178589
1.79,1.4,0.65,0.71,0.48,0.24,1.19,0.41,0.27,19954,12.215394258499146
1.79,1.4,0.65,0.7,0.48,0.24,1.19,0.41,0.27,20367,12.216091871261597
1.79,1.4,0.65,0.71,0.48,0.24,1.19,0.41,0.27,20274,12.219959497451782
1.79,1.4,0.65,0.7,0.48,0.24,1.19,0.41,0.27,20067,12.22370958328247
1.79,1.4,0.66,0.71,0.48,0.24,1.19,0.41,0.27,19862,12.22794795036316
1.79,1.41,0.66,0.7,0.48,0.24,1.19,0.4,0.27,19949,12.22794795036316
1.79,1.4,0.65,0.7,0.48,0.24,1.19,0.4,0.27,19968,12.23235034942627
1.79,1.4,0.65,0.7,0.48,0.24,1.19,0.41,0.27,19643,12.23563528060913
1.79,1.4,0.65,0.7,0.48,0.24,1.19,0.41,0.27,19652,12.240229606628418
1.79,1.4,0.65,0.7,0.48,0.23,1.19,0.41,0.27,20001,12.240229606628418
1.79,1.4,0.65,0.7,0.48,0.24,1.19,0.41,0.27,19926,12.244292259216309
1.79,1.4,0.65,0.7,0.5,0.24,1.19,0.41,0.27,20081,12.248581409454346
1.8,1.4,0.65,0.7,0.48,0.24,1.19,0.41,0.27,20372,12.253097534179688
1.8,1.4,0.65,0.7,0.48,0.24,1.19,0.41,0.27,20107,12.253097534179688
1.8,1.4,0.65,0.7,0.48,0.24,1.19,0.41,0.27,19918,12.25644850730896
1.8,1.4,0.65,0.7,0.48,0.24,1.19,0.41,0.27,20057,12.261192321777344
1.79,1.4,0.65,0.71,0.5,0.24,1.19,0.41,0.27,19814,12.264564752578735
1.79,1.4,0.65,0.7,0.48,0.24,1.19,0.4,0.27,19293,12.264564752578735
1.79,1.4,0.65,0.7,0.48,0.24,1.19,0.41,0.27,19670,12.268874883651733
1.79,1.4,0.65,0.7,0.48,0.24,1.19,0.4,0.27,19819,12.273376941680908
1.79,1.4,0.65,0.71,0.48,0.24,1.19,0.41,0.27,20082,12.2767014503479
1.79,1.4,0.65,0.7,0.48,0.24,1.19,0.41,0.27,20365,12.27774453163147
1.8,1.4,0.66,0.71,0.48,0.24,1.19,0.4,0.27,20126,12.281009912490845
1.8,1.4,0.65,0.71,0.48,0.24,1.19,0.41,0.27,19985,12.285017967224121
1.8,1.4,0.66,0.71,0.48,0.24,1.19,0.41,0.27,20016,12.289456605911255
1.8,1.4,0.65,0.7,0.5,0.24,1.19,0.41,0.27,20305,12.293462991714478
1.8,1.4,0.65,0.71,0.48,0.24,1.19,0.41,0.27,20096,12.294193267822266
1.79,1.4,0.65,0.7,0.48,0.23,1.19,0.41,0.27,20031,12.297544956207275
1.79,1.4,0.65,0.71,0.48,0.24,1.19,0.41,0.27,20196,12.301482200622559
1.79,1.4,0.65,0.71,0.48,0.24,1.19,0.41,0.27,19665,12.305783033370972
1.8,1.4,0.65,0.71,0.5,0.23,1.19,0.41,0.27,19502,12.305783033370972
1.79,1.4,0.65,0.7,0.48,0.24,1.19,0.41,0.27,19881,12.310197830200195
1.8,1.4,0.65,0.7,0.48,0.24,1.19,0.41,0.27,20118,12.313563346862793
1.8,1.4,0.65,0.71,0.48,0.24,1.19,0.41,0.27,20029,12.318096160888672
1.79,1.4,0.65,0.71,0.48,0.24,1.19,0.41,0.27,19674,12.318846940994263
1.8,1.4,0.65,0.71,0.48,0.24,1.19,0.41,0.27,19893,12.3221116065979
1.8,1.4,0.65,0.71,0.48,0.24,1.19,0.41,0.27,19934,12.326347827911377
1.79,1.4,0.65,0.7,0.48,0.23,1.19,0.41,0.27,19925,12.330393552780151
1.79,1.4,0.65,0.7,0.48,0.24,1.19,0.41,0.27,19844,12.331255435943604
1.8,1.41,0.66,0.71,0.48,0.24,1.19,0.41,0.27,19749,12.334416389465332
1.79,1.4,0.65,0.7,0.48,0.23,1.19,0.4,0.27,19762,12.338529825210571
1.79,1.4,0.65,0.7,0.48,0.24,1.19,0.41,0.27,20083,12.34244966506958
1.8,1.4,0.65,0.7,0.48,0.24,1.19,0.41,0.27,20294,12.342981576919556
1.79,1.4,0.65,0.71,0.48,0.24,1.19,0.41,0.27,20175,12.346005916595459
1.8,1.4,0.65,0.7,0.48,0.23,1.19,0.41,0.27,19784,12.350606679916382
1.79,1.4,0.65,0.7,0.48,0.24,1.19,0.4,0.27,19989,12.35476803779602
1.8,1.4,0.65,0.7,0.48,0.23,1.19,0.41,0.27,19950,12.35886263847351
1.8,1.41,0.65,0.71,0.48,0.23,1.19,0.41,0.27,19903,12.35886263847351
1.8,1.4,0.65,0.7,0.48,0.24,1.19,0.41,0.27,20048,12.362776517868042
1.8,1.4,0.65,0.71,0.48,0.24,1.19,0.4,0.27,19873,12.367955446243286
1.79,1.4,0.65,0.71,0.48,0.24,1.19,0.41,0.27,19446,12.37096381187439
1.79,1.4,0.65,0.71,0.48,0.23,1.19,0.41,0.27,19635,12.37096381187439
1.79,1.4,0.65,0.7,0.48,0.24,1.19,0.41,0.27,20222,12.374963998794556
1.79,1.4,0.65,0.7,0.48,0.24,1.19,0.41,0.27,20245,12.379956245422363
1.8,1.4,0.65,0.7,0.48,0.24,1.19,0.4,0.27,19712,12.382964134216309
1.8,1.4,0.65,0.7,0.48,0.24,1.19,0.41,0.27,19919,12.383950471878052
1.8,1.4,0.66,0.7,0.48,0.24,1.19,0.41,0.27,20286,12.387461185455322
1.79,1.4,0.65,0.7,0.48,0.23,1.19,0.41,0.27,20083,12.392150163650513
1.79,1.4,0.65,0.7,0.48,0.24,1.19,0.41,0.27,20088,12.395665645599365
1.79,1.4,0.65,0.7,0.48,0.24,1.19,0.41,0.27,19829,12.395665645599365
1.79,1.4,0.65,0.71,0.48,0.24,1.19,0.41,0.27,19390,12.399949550628662
1.79,1.4,0.65,0.7,0.48,0.24,1.19,0.41,0.27,19723,12.404156923294067
1.79,1.4,0.65,0.71,0.48,0.24,1.19,0.41,0.27,19850,12.408277750015259
1.79,1.4,0.65,0.7,0.48,0.24,1.19,0.41,0.27,19859,12.408977270126343
1.79,1.4,0.65,0.7,0.48,0.24,1.19,0.41,0.27,19792,12.412225008010864
1.79,1.4,0.65,0.7,0.48,0.24,1.19,0.41,0.27,20035,12.416422605514526
1.79,1.4,0.65,0.7,0.48,0.24,1.19,0.41,0.27,20044,12.420369386672974
1.79,1.4,0.65,0.7,0.48,0.24,1.19,0.41,0.27,19899,12.420369386672974
1.79,1.4,0.65,0.7,0.48,0.24,1.19,0.41,0.27,20102,12.424907684326172
1.8,1.4,0.65,0.71,0.48,0.24,1.19,0.41,0.27,19799,12.429044961929321
1.79,1.4,0.65,0.71,0.48,0.24,1.19,0.41,0.27,19580,12.432868480682373
1.79,1.4,0.65,0.7,0.48,0.24,1.19,0.4,0.27,19985,12.436830282211304
1.79,1.4,0.65,0.7,0.48,0.24,1.19,0.41,0.27,19988,12.437730073928833
1.79,1.4,0.65,0.7,0.48,0.23,1.19,0.41,0.27,19581,12.441051959991455
1.8,1.4,0.65,0.7,0.48,0.24,1.19,0.41,0.27,19666,12.44516921043396
1.79,1.4,0.65,0.7,0.48,0.24,1.19,0.41,0.27,19933,12.449127197265625
1.79,1.4,0.65,0.7,0.48,0.24,1.19,0.41,0.27,19802,12.449127197265625
1.8,1.4,0.65,0.7,0.48,0.24,1.19,0.41,0.27,19947,12.452922582626343
1.79,1.4,0.65,0.71,0.48,0.24,1.19,0.41,0.27,20220,12.456868171691895
1.8,1.4,0.65,0.71,0.5,0.24,1.19,0.41,0.27,20233,12.461446762084961
1.79,1.4,0.65,0.7,0.48,0.24,1.19,0.41,0.27,19968,12.461892366409302
1.8,1.4,0.65,0.71,0.48,0.23,1.19,0.41,0.27,19607,12.465505123138428
1.8,1.4,0.65,0.71,0.48,0.24,1.19,0.41,0.27,19688,12.47010850906372
1.79,1.4,0.65,0.7,0.5,0.24,1.19,0.41,0.27,19799,12.4735426902771
1.79,1.4,0.65,0.71,0.48,0.24,1.19,0.41,0.27,19978,12.4735426902771
1.79,1.4,0.65,0.71,0.48,0.24,1.19,0.41,0.27,19939,12.477773189544678
1.79,1.4,0.65,0.7,0.48,0.24,1.19,0.41,0.27,19862,12.481821775436401
1.79,1.4,0.65,0.7,0.48,0.24,1.19,0.41,0.27,19949,12.486067056655884
1.79,1.4,0.65,0.71,0.48,0.24,1.19,0.41,0.27,19900,12.487012147903442
1.79,1.4,0.65,0.7,0.48,0.24,1.19,0.41,0.27,19719,12.490335941314697
1.79,1.4,0.65,0.71,0.48,0.24,1.19,0.41,0.27,20050,12.493962526321411
1.79,1.4,0.65,0.71,0.48,0.24,1.19,0.41,0.27,19969,12.49837613105774
1.79,1.4,0.65,0.7,0.48,0.24,1.19,0.41,0.27,19758,12.502367973327637
1.79,1.4,0.65,0.71,0.48,0.24,1.19,0.41,0.27,19437,12.503093957901001
1.79,1.4,0.65,0.71,0.48,0.23,1.19,0.41,0.27,19686,12.50625205039978
1.79,1.4,0.65,0.71,0.48,0.24,1.19,0.41,0.27,19983,12.510601997375488
1.79,1.4,0.65,0.71,0.48,0.24,1.19,0.41,0.27,20132,12.514614582061768
1.79,1.4,0.65,0.71,0.48,0.24,1.19,0.41,0.27,19905,12.515331268310547
1.79,1.4,0.66,0.71,0.48,0.24,1.19,0.41,0.27,19810,12.51858115196228
1.79,1.4,0.65,0.71,0.48,0.24,1.19,0.41,0.27,20115,12.522984027862549
1.79,1.4,0.66,0.71,0.48,0.24,1.19,0.41,0.27,20034,12.526884317398071
1.79,1.4,0.65,0.71,0.48,0.24,1.19,0.41,0.27,20219,12.527801990509033
1.79,1.4,0.66,0.71,0.48,0.24,1.19,0.41,0.27,20006,12.531094789505005
1.79,1.4,0.65,0.71,0.48,0.24,1.19,0.41,0.27,19707,12.535248756408691
1.79,1.4,0.65,0.71,0.48,0.24,1.19,0.41,0.27,20082,12.53882908821106
1.79,1.4,0.65,0.71,0.48,0.24,1.19,0.41,0.27,20075,12.5398588180542
1.79,1.4,0.65,0.71,0.48,0.23,1.19,0.41,0.27,19782,12.543836832046509
1.79,1.4,0.65,0.71,0.48,0.24,1.19,0.41,0.27,19881,12.547520160675049
1.79,1.4,0.65,0.71,0.48,0.24,1.19,0.41,0.27,20066,12.551437854766846
1.79,1.4,0.65,0.7,0.48,0.24,1.19,0.41,0.27,19965,12.552175760269165
1.79,1.4,0.65,0.71,0.48,0.23,1.19,0.4,0.27,19734,12.555176258087158
1.79,1.4,0.65,0.71,0.48,0.23,1.19,0.41,0.27,19385,12.560158967971802
1.79,1.4,0.65,0.71,0.48,0.24,1.19,0.41,0.27,19682,12.563904762268066
1.79,1.41,0.65,0.71,0.48,0.24,1.19,0.41,0.27,19947,12.56464433670044
1.79,1.4,0.65,0.71,0.5,0.24,1.19,0.41,0.27,19388,12.567878246307373
1.79,1.4,0.65,0.71,0.5,0.23,1.19,0.41,0.27,19337,12.571907758712769
1.79,1.4,0.65,0.71,0.48,0.24,1.19,0.41,0.27,19736,12.576208114624023
1.79,1.4,0.65,0.71,0.48,0.24,1.19,0.41,0.27,19755,12.580213069915771
1.79,1.4,0.65,0.71,0.48,0.24,1.19,0.41,0.27,19422,12.581024646759033
1.79,1.4,0.65,0.71,0.48,0.24,1.19,0.41,0.27,19499,12.58425235748291
1.79,1.4,0.65,0.71,0.5,0.24,1.19,0.41,0.27,19686,12.588554620742798
1.79,1.4,0.65,0.71,0.48,0.24,1.19,0.41,0.27,19697,12.59253478050232
1.79,1.4,0.65,0.71,0.48,0.23,1.19,0.41,0.27,19978,12.59253478050232
1.79,1.4,0.65,0.71,0.48,0.24,1.19,0.41,0.27,19983,12.596592664718628
1.79,1.4,0.65,0.71,0.48,0.23,1.19,0.41,0.27,19758,12.600863218307495
1.79,1.4,0.65,0.71,0.48,0.24,1.19,0.41,0.27,19485,12.604804992675781
1.8,1.4,0.65,0.71,0.48,0.23,1.19,0.41,0.27,19762,12.604804992675781
1.79,1.4,0.65,0.71,0.48,0.24,1.19,0.41,0.27,20101,12.609225034713745
1.79,1.4,0.65,0.71,0.48,0.24,1.19,0.41,0.27,19880,12.613214015960693
1.79,1.4,0.65,0.7,0.48,0.24,1.19,0.41,0.27,19625,12.617274284362793
1.79,1.4,0.65,0.71,0.48,0.24,1.19,0.41,0.27,19820,12.617274284362793
1.79,1.4,0.65,0.71,0.48,0.24,1.19,0.41,0.27,19829,12.621774196624756
1.79,1.4,0.65,0.71,0.48,0.24,1.19,0.41,0.27,20032,12.624857425689697
1.79,1.4,0.65,0.71,0.48,0.24,1.19,0.41,0.27,20067,12.629104614257812
1.79,1.4,0.65,0.71,0.48,0.24,1.19,0.41,0.27,20214,12.629841327667236
1.79,1.4,0.65,0.71,0.48,0.24,1.19,0.41,0.27,19699,12.633394718170166
1.79,1.4,0.65,0.71,0.48,0.24,1.19,0.41,0.27,19538,12.637811183929443
1.79,1.4,0.65,0.71,0.48,0.24,1.19,0.41,0.27,20051,12.641734600067139
1.79,1.4,0.65,0.71,0.48,0.24,1.19,0.41,0.27,20262,12.645845890045166
1.79,1.4,0.65,0.71,0.48,0.23,1.19,0.41,0.27,20075,12.645845890045166
1.79,1.4,0.65,0.71,0.48,0.23,1.19,0.41,0.27,19934,12.64985466003418
1.8,1.4,0.66,0.71,0.48,0.24,1.19,0.41,0.27,19879,12.653800249099731
1.79,1.4,0.65,0.71,0.48,0.24,1.19,0.4,0.27,20000,12.658021926879883
1.79,1.4,0.66,0.71,0.48,0.24,1.19,0.41,0.27,20045,12.658865213394165
1.79,1.4,0.65,0.71,0.48,0.24,1.19,0.41,0.27,19888,12.66209602355957
1.79,1.4,0.65,0.71,0.48,0.24,1.19,0.41,0.27,19781,12.66638445854187
1.79,1.4,0.65,0.7,0.48,0.24,1.19,0.41,0.27,20022,12.67070984840393
1.79,1.4,0.65,0.7,0.48,0.24,1.19,0.41,0.27,19935,12.67070984840393
1.79,1.4,0.65,0.71,0.48,0.24,1.19,0.41,0.27,19858,12.674725770950317
1.79,1.4,0.65,0.71,0.48,0.24,1.19,0.41,0.27,19837,12.678615093231201
1.8,1.4,0.65,0.71,0.48,0.23,1.19,0.41,0.27,19954,12.68201231956482
1.79,1.4,0.65,0.71,0.48,0.24,1.19,0.41,0.27,20027,12.683024644851685
1.8,1.4,0.65,0.71,0.48,0.24,1.19,0.41,0.27,19682,12.686381578445435
1.79,1.4,0.65,0.71,0.48,0.23,1.19,0.4,0.27,19873,12.691025257110596
1.79,1.4,0.65,0.71,0.48,0.24,1.19,0.41,0.27,19932,12.69496750831604
1.8,1.4,0.65,0.71,0.48,0.24,1.19,0.41,0.27,19707,12.696016073226929
1.8,1.4,0.65,0.71,0.48,0.24,1.19,0.41,0.27,19384,12.699052095413208
1.79,1.4,0.65,0.71,0.48,0.24,1.19,0.41,0.27,19489,12.70334243774414
1.79,1.4,0.65,0.71,0.48,0.24,1.19,0.4,0.27,20054,12.706629514694214
1.79,1.4,0.65,0.71,0.48,0.23,1.19,0.41,0.27,19935,12.710403203964233
1.79,1.4,0.65,0.71,0.48,0.23,1.19,0.41,0.27,19872,12.711456537246704
1.79,1.4,0.65,0.71,0.48,0.24,1.19,0.41,0.27,19889,12.715445756912231
1.8,1.4,0.65,0.71,0.48,0.24,1.19,0.41,0.27,20166,12.719583511352539
1.79,1.4,0.65,0.71,0.48,0.24,1.19,0.41,0.27,19801,12.72290563583374
1.79,1.4,0.65,0.71,0.48,0.24,1.19,0.41,0.27,19512,12.723637819290161
1.79,1.4,0.65,0.71,0.48,0.23,1.19,0.41,0.27,19755,12.727650880813599
1.8,1.4,0.65,0.71,0.48,0.24,1.19,0.41,0.27,19764,12.73142147064209
1.8,1.4,0.65,0.71,0.48,0.23,1.19,0.41,0.27,19783,12.735562324523926
1.8,1.4,0.65,0.71,0.48,0.24,1.19,0.41,0.27,19672,12.735562324523926
1.8,1.4,0.65,0.71,0.48,0.24,1.19,0.41,0.27,19749,12.739731073379517
1.8,1.4,0.65,0.71,0.48,0.24,1.19,0.41,0.27,19704,12.743683576583862
1.8,1.4,0.65,0.71,0.48,0.24,1.19,0.41,0.27,19803,12.747891664505005
1.8,1.4,0.65,0.71,0.48,0.24,1.19,0.41,0.27,19884,12.747891664505005
1.8,1.4,0.65,0.71,0.48,0.23,1.19,0.41,0.27,20181,12.751891851425171
1.8,1.4,0.65,0.71,0.48,0.24,1.19,0.41,0.27,20196,12.756483554840088
1.8,1.4,0.65,0.71,0.48,0.23,1.19,0.41,0.27,19949,12.76024317741394
1.8,1.4,0.65,0.71,0.48,0.24,1.19,0.41,0.27,19534,12.76024317741394
1.8,1.4,0.65,0.71,0.48,0.24,1.19,0.41,0.27,19407,12.764405727386475
1.8,1.4,0.65,0.71,0.48,0.24,1.19,0.41,0.27,19510,12.769276142120361
1.8,1.4,0.66,0.71,0.48,0.23,1.19,0.41,0.27,19561,12.7726149559021
1.8,1.4,0.65,0.71,0.48,0.23,1.19,0.41,0.27,19782,12.773274421691895
1.8,1.4,0.65,0.71,0.48,0.24,1.19,0.41,0.27,19627,12.776556253433228
1.8,1.4,0.65,0.71,0.48,0.23,1.19,0.41,0.28,19754,12.780949354171753
1.8,1.4,0.65,0.71,0.48,0.24,1.19,0.41,0.27,19995,12.785090684890747
1.79,1.4,0.65,0.71,0.48,0.24,1.19,0.41,0.27,20044,12.788756608963013
1.8,1.4,0.65,0.71,0.48,0.24,1.19,0.41,0.27,19983,12.78947901725769
1.79,1.4,0.66,0.71,0.48,0.24,1.19,0.4,0.27,19584,12.792908191680908
1.79,1.4,0.65,0.71,0.48,0.24,1.19,0.41,0.27,19535,12.797415256500244
1.79,1.4,0.65,0.71,0.48,0.24,1.19,0.41,0.27,19888,12.8013916015625
1.79,1.41,0.65,0.71,0.48,0.23,1.19,0.4,0.27,20089,12.802095651626587
1.8,1.4,0.65,0.71,0.5,0.24,1.19,0.41,0.27,20120,12.80539083480835
1.8,1.4,0.65,0.71,0.48,0.24,1.19,0.41,0.27,19925,12.809707641601562
1.79,1.4,0.65,0.71,0.48,0.24,1.19,0.41,0.27,20174,12.813682317733765
1.8,1.4,0.65,0.71,0.48,0.23,1.19,0.41,0.27,20241,12.813682317733765
1.8,1.4,0.65,0.71,0.48,0.24,1.19,0.41,0.27,19938,12.817729949951172
1.79,1.4,0.65,0.71,0.48,0.24,1.19,0.41,0.27,20059,12.821959018707275
1.8,1.4,0.65,0.71,0.48,0.24,1.19,0.41,0.27,19858,12.826197147369385
1.8,1.4,0.65,0.71,0.48,0.24,1.19,0.41,0.27,19781,12.826197147369385
1.8,1.4,0.65,0.71,0.48,0.24,1.19,0.41,0.27,19922,12.829658031463623
1.79,1.4,0.65,0.71,0.48,0.24,1.19,0.41,0.27,19989,12.834659099578857
1.8,1.4,0.65,0.71,0.48,0.24,1.19,0.41,0.27,19798,12.837814092636108
1.8,1.4,0.65,0.71,0.48,0.24,1.19,0.41,0.27,19741,12.83879542350769
1.79,1.4,0.65,0.71,0.48,0.24,1.19,0.41,0.27,19880,12.842798948287964
1.79,1.4,0.65,0.71,0.48,0.24,1.19,0.41,0.27,20337,12.847349166870117
1.8,1.4,0.66,0.71,0.48,0.24,1.19,0.41,0.27,20114,12.850651264190674
1.79,1.4,0.65,0.71,0.48,0.24,1.19,0.41,0.27,19821,12.854734182357788
1.79,1.4,0.65,0.71,0.48,0.24,1.19,0.41,0.27,19998,12.854734182357788
1.8,1.4,0.65,0.71,0.48,0.24,1.19,0.41,0.27,19953,12.858994960784912
1.79,1.4,0.66,0.71,0.48,0.24,1.19,0.41,0.27,19998,12.863080263137817
1.8,1.4,0.65,0.7,0.48,0.24,1.19,0.41,0.27,19983,12.867033958435059
1.8,1.4,0.66,0.71,0.48,0.23,1.19,0.41,0.27,20004,12.867033958435059
1.79,1.4,0.65,0.71,0.48,0.23,1.19,0.41,0.27,19727,12.871081113815308
1.8,1.4,0.65,0.71,0.48,0.24,1.19,0.41,0.27,19698,12.875366926193237
1.8,1.4,0.65,0.71,0.48,0.24,1.19,0.41,0.27,19637,12.878734827041626
1.8,1.4,0.65,0.71,0.48,0.24,1.19,0.41,0.27,19890,12.878734827041626
1.79,1.4,0.65,0.71,0.48,0.24,1.19,0.41,0.27,19995,12.882811307907104
1.8,1.4,0.65,0.71,0.48,0.24,1.19,0.41,0.27,19696,12.887853384017944
1.79,1.4,0.65,0.71,0.48,0.24,1.19,0.41,0.27,19829,12.891108512878418
1.79,1.4,0.65,0.71,0.48,0.23,1.19,0.41,0.27,20120,12.891853332519531
1.8,1.4,0.65,0.71,0.48,0.24,1.19,0.41,0.27,19997,12.895288467407227
1.8,1.4,0.65,0.71,0.48,0.24,1.19,0.4,0.27,20222,12.899340867996216
1.8,1.4,0.65,0.71,0.5,0.24,1.19,0.41,0.27,19909,12.903514385223389
1.79,1.4,0.65,0.71,0.48,0.24,1.19,0.41,0.27,20074,12.903514385223389
1.79,1.4,0.65,0.71,0.48,0.24,1.19,0.41,0.27,20237,12.907992124557495
1.79,1.4,0.65,0.7,0.48,0.24,1.19,0.41,0.27,20370,12.912036895751953
1.79,1.4,0.65,0.71,0.48,0.23,1.19,0.41,0.27,20079,12.916150331497192
1.79,1.4,0.66,0.71,0.48,0.24,1.19,0.41,0.27,19612,12.917199850082397
1.8,1.4,0.65,0.71,0.48,0.24,1.19,0.41,0.27,20065,12.919941902160645
1.8,1.4,0.66,0.71,0.48,0.23,1.19,0.41,0.27,20272,12.924010038375854
1.8,1.4,0.65,0.71,0.48,0.24,1.19,0.41,0.27,20049,12.927984237670898
1.79,1.4,0.65,0.71,0.48,0.24,1.19,0.41,0.27,20024,12.93220329284668
1.79,1.4,0.65,0.71,0.48,0.24,1.19,0.41,0.27,20241,12.93220329284668
1.79,1.4,0.65,0.7,0.48,0.24,1.19,0.41,0.27,20442,12.936511993408203
1.8,1.4,0.65,0.71,0.48,0.24,1.19,0.41,0.27,20263,12.940511226654053
1.8,1.4,0.65,0.71,0.48,0.24,1.19,0.41,0.27,20592,12.94451117515564
1.79,1.4,0.65,0.71,0.48,0.24,1.19,0.41,0.27,20395,12.94451117515564
1.8,1.4,0.65,0.7,0.48,0.24,1.19,0.41,0.27,20420,12.948511600494385
1.8,1.4,0.66,0.71,0.48,0.24,1.19,0.41,0.27,20287,12.952970266342163
1.8,1.4,0.65,0.71,0.48,0.24,1.19,0.41,0.27,19920,12.956143617630005
1.8,1.4,0.65,0.7,0.48,0.24,1.19,0.41,0.27,19621,12.957143068313599
1.8,1.4,0.65,0.7,0.48,0.24,1.19,0.41,0.27,19576,12.961177110671997
1.79,1.4,0.65,0.71,0.48,0.24,1.19,0.41,0.27,19689,12.965315341949463
1.8,1.4,0.65,0.7,0.48,0.24,1.19,0.41,0.27,19388,12.969473361968994
1.8,1.4,0.65,0.7,0.48,0.24,1.19,0.41,0.27,19313,12.969473361968994
1.79,1.4,0.65,0.7,0.48,0.24,1.19,0.41,0.27,19572,12.972939729690552
1.8,1.4,0.66,0.7,0.48,0.24,1.19,0.41,0.27,19853,12.977966070175171
1.8,1.4,0.65,0.71,0.48,0.24,1.19,0.41,0.27,20090,12.981691122055054
1.8,1.4,0.65,0.71,0.48,0.24,1.19,0.41,0.27,19977,12.98261308670044
1.79,1.4,0.65,0.71,0.48,0.24,1.19,0.4,0.27,19464,12.985982418060303
1.8,1.4,0.65,0.71,0.48,0.23,1.19,0.41,0.27,19867,12.989989519119263
1.79,1.4,0.65,0.71,0.48,0.23,1.19,0.41,0.27,19932,12.99408221244812
1.79,1.4,0.65,0.71,0.48,0.24,1.19,0.41,0.27,19925,12.99799919128418
1.79,1.4,0.65,0.71,0.48,0.24,1.19,0.41,0.27,19938,12.99799919128418
1.8,1.4,0.65,0.71,0.48,0.24,1.19,0.41,0.27,19879,13.002347946166992
1.8,1.4,0.65,0.7,0.48,0.24,1.19,0.41,0.27,19918,13.00639271736145
1.79,1.4,0.65,0.7,0.5,0.24,1.19,0.41,0.27,20073,13.009911060333252
1.79,1.4,0.65,0.71,0.5,0.24,1.19,0.41,0.27,20222,13.010639429092407
1.8,1.4,0.65,0.71,0.5,0.24,1.19,0.41,0.27,20153,13.014634609222412
1.8,1.4,0.65,0.71,0.5,0.24,1.19,0.4,0.27,19488,13.018657445907593
1.8,1.4,0.65,0.71,0.48,0.23,1.19,0.4,0.27,20023,13.022583246231079
1.8,1.4,0.65,0.71,0.51,0.23,1.19,0.41,0.27,20292,13.022583246231079
1.8,1.4,0.65,0.7,0.48,0.24,1.19,0.41,0.27,20075,13.026651620864868
1.79,1.4,0.65,0.7,0.5,0.24,1.19,0.41,0.27,19714,13.030973196029663
1.8,1.4,0.66,0.7,0.5,0.24,1.19,0.41,0.27,19925,13.03489899635315
1.8,1.4,0.65,0.7,0.5,0.24,1.19,0.41,0.27,19806,13.03489899635315
1.8,1.4,0.64,0.7,0.5,0.23,1.19,0.4,0.26,19603,13.038938999176025
1.8,1.4,0.65,0.7,0.48,0.23,1.19,0.4,0.27,20042,13.04320764541626
1.8,1.4,0.65,0.7,0.49,0.23,1.19,0.4,0.27,19943,13.047393083572388
1.8,1.41,0.65,0.71,0.5,0.23,1.19,0.4,0.27,19708,13.047393083572388
1.8,1.4,0.64,0.71,0.48,0.23,1.19,0.4,0.27,19709,13.051372528076172
1.8,1.4,0.65,0.71,0.51,0.23,1.19,0.41,0.27,19732,13.05542516708374
1.8,1.4,0.65,0.7,0.49,0.23,1.19,0.4,0.27,19681,13.059565544128418
1.79,1.4,0.65,0.7,0.48,0.23,1.19,0.4,0.27,19576,13.06037974357605
1.8,1.4,0.65,0.7,0.49,0.22,1.19,0.4,0.27,19929,13.063286304473877
1.8,1.4,0.65,0.7,0.49,0.23,1.19,0.4,0.26,19934,13.067100286483765
1.8,1.41,0.65,0.7,0.49,0.23,1.19,0.4,0.27,19845,13.07195496559143
1.8,1.4,0.66,0.7,0.49,0.22,1.19,0.41,0.26,19998,13.075216293334961
1.8,1.4,0.64,0.7,0.48,0.22,1.19,0.4,0.26,19991,13.07594609260559
1.8,1.41,0.65,0.7,0.48,0.23,1.19,0.4,0.26,20022,13.080342531204224
1.8,1.41,0.64,0.7,0.48,0.22,1.19,0.4,0.26,20033,13.08372974395752
1.81,1.4,0.62,0.69,0.48,0.23,1.19,0.4,0.26,19982,13.08810567855835
1.8,1.4,0.65,0.69,0.47,0.24,1.19,0.4,0.26,19737,13.088754892349243
1.81,1.4,0.7,0.68,0.47,0.24,1.19,0.39,0.26,19510,13.09247636795044
1.81,1.4,0.71,0.68,0.47,0.24,1.19,0.4,0.28,19403,13.096410989761353
1.81,1.39,0.71,0.68,0.49,0.24,1.19,0.4,0.28,19774,13.100595235824585
1.81,1.4,0.72,0.67,0.47,0.25,1.19,0.41,0.28,19707,13.100595235824585
1.82,1.4,0.73,0.67,0.47,0.26,1.19,0.41,0.28,20074,13.104433536529541
1.82,1.39,0.73,0.66,0.48,0.29,1.19,0.42,0.28,20101,13.10879135131836
1.82,1.39,0.75,0.66,0.48,0.28,1.18,0.42,0.28,19900,13.11278486251831
1.83,1.39,0.78,0.66,0.48,0.3,1.18,0.42,0.29,19905,13.11278486251831
1.83,1.38,0.79,0.66,0.48,0.3,1.18,0.43,0.31,20106,13.116759538650513
1.83,1.38,0.78,0.65,0.47,0.32,1.18,0.43,0.31,20299,13.120759725570679
1.83,1.39,0.83,0.65,0.47,0.32,1.18,0.44,0.32,20096,13.124766111373901
1.83,1.38,0.83,0.64,0.48,0.33,1.18,0.42,0.34,20569,13.124766111373901
1.83,1.38,0.85,0.64,0.49,0.36,1.18,0.43,0.35,20776,13.128784894943237
1.84,1.38,0.88,0.63,0.49,0.37,1.18,0.42,0.36,20505,13.132785320281982
1.84,1.39,0.88,0.63,0.48,0.38,1.17,0.43,0.37,20636,13.13678503036499
1.84,1.38,0.91,0.63,0.49,0.38,1.17,0.43,0.36,20739,13.1377854347229
1.83,1.37,0.94,0.64,0.51,0.39,1.17,0.44,0.37,20596,13.141069889068604
1.83,1.36,0.93,0.64,0.52,0.39,1.17,0.44,0.37,20547,13.14487075805664
1.84,1.37,0.94,0.64,0.53,0.4,1.17,0.43,0.38,20356,13.149372100830078
1.84,1.36,0.96,0.65,0.55,0.42,1.17,0.44,0.36,20407,13.153389930725098
1.84,1.36,0.96,0.64,0.55,0.42,1.17,0.45,0.38,20654,13.153389930725098
1.84,1.36,0.98,0.64,0.56,0.43,1.17,0.45,0.38,20625,13.157493352890015
1.83,1.36,0.99,0.65,0.56,0.43,1.17,0.44,0.38,20930,13.161490678787231
1.83,1.36,1.01,0.65,0.56,0.43,1.17,0.45,0.38,20513,13.165703058242798
1.83,1.36,1.02,0.66,0.57,0.43,1.17,0.45,0.38,19976,13.165703058242798
1.83,1.36,1.04,0.66,0.57,0.44,1.17,0.44,0.37,20379,13.16994047164917
1.83,1.36,1.03,0.66,0.57,0.45,1.17,0.45,0.38,20706,13.173928260803223
1.83,1.37,1.04,0.66,0.57,0.45,1.17,0.44,0.38,20751,13.177945852279663
1.83,1.36,1.05,0.66,0.57,0.44,1.17,0.44,0.38,20476,13.177945852279663
1.83,1.36,1.06,0.66,0.57,0.45,1.17,0.44,0.39,20419,13.18225646018982
1.83,1.37,1.06,0.66,0.57,0.45,1.17,0.44,0.39,20324,13.186458110809326
1.83,1.37,1.06,0.66,0.57,0.45,1.17,0.45,0.39,20343,13.190487146377563
1.82,1.37,1.07,0.66,0.57,0.45,1.17,0.44,0.38,20484,13.190487146377563
1.82,1.36,1.07,0.66,0.58,0.45,1.17,0.44,0.38,20387,13.194542646408081
1.82,1.36,1.07,0.66,0.58,0.45,1.17,0.44,0.39,20236,13.198497772216797
1.82,1.36,1.07,0.66,0.58,0.45,1.17,0.45,0.39,20911,13.203156471252441
1.82,1.36,1.07,0.67,0.57,0.45,1.17,0.44,0.39,20902,13.204154014587402
1.82,1.36,1.07,0.67,0.58,0.45,1.17,0.45,0.39,20443,13.206850290298462
1.82,1.36,1.08,0.67,0.58,0.45,1.17,0.45,0.39,20708,13.211363792419434
1.82,1.36,1.08,0.67,0.58,0.46,1.17,0.44,0.39,21055,13.215364933013916
1.82,1.36,1.08,0.67,0.58,0.46,1.17,0.45,0.4,21020,13.216347932815552
1.82,1.36,1.08,0.67,0.58,0.46,1.17,0.45,0.4,20831,13.218743562698364
1.82,1.36,1.08,0.67,0.58,0.46,1.17,0.44,0.4,20404,13.223263263702393
1.81,1.36,1.08,0.67,0.58,0.46,1.17,0.45,0.4,20413,13.227572202682495
1.82,1.37,1.08,0.67,0.58,0.46,1.17,0.45,0.4,19868,13.22861385345459
1.82,1.36,1.09,0.67,0.57,0.45,1.17,0.46,0.4,20043,13.231611728668213
1.81,1.37,1.09,0.67,0.57,0.45,1.17,0.45,0.4,20528,13.235661029815674
1.81,1.36,1.09,0.67,0.58,0.45,1.17,0.45,0.4,20551,13.239572763442993
1.81,1.36,1.09,0.68,0.58,0.45,1.17,0.45,0.4,20248,13.243531227111816
1.81,1.36,1.09,0.68,0.57,0.45,1.17,0.45,0.4,20409,13.24425196647644
1.81,1.36,1.09,0.68,0.58,0.45,1.17,0.45,0.4,20598,13.247534275054932
1.81,1.37,1.1,0.67,0.58,0.46,1.17,0.45,0.4,20875,13.252250909805298
1.81,1.37,1.1,0.67,0.58,0.45,1.17,0.45,0.4,20952,13.256253004074097
1.81,1.37,1.1,0.68,0.57,0.45,1.17,0.45,0.4,20711,13.256253004074097
1.81,1.37,1.1,0.68,0.58,0.45,1.17,0.46,0.4,20562,13.260100841522217
1.81,1.37,1.1,0.68,0.58,0.46,1.17,0.45,0.4,20541,13.263958215713501
1.81,1.37,1.09,0.68,0.58,0.45,1.17,0.46,0.4,20246,13.268152713775635
1.81,1.36,1.09,0.68,0.58,0.45,1.17,0.46,0.4,20039,13.269192934036255
1.81,1.36,1.1,0.68,0.58,0.46,1.17,0.45,0.4,19774,13.27237057685852
1.81,1.36,1.09,0.68,0.58,0.45,1.17,0.45,0.4,20345,13.276568412780762
1.81,1.36,1.1,0.68,0.58,0.45,1.17,0.45,0.4,20484,13.280698776245117
1.81,1.36,1.1,0.68,0.58,0.45,1.17,0.45,0.41,20423,13.281362056732178
1.81,1.36,1.1,0.68,0.58,0.45,1.17,0.46,0.4,20610,13.284648180007935
1.81,1.36,1.11,0.68,0.58,0.46,1.17,0.45,0.41,20381,13.288803339004517
1.81,1.36,1.1,0.68,0.59,0.46,1.17,0.45,0.41,20298,13.29304552078247
1.81,1.36,1.1,0.68,0.58,0.46,1.17,0.45,0.41,20561,13.294105768203735
1.81,1.36,1.1,0.68,0.58,0.46,1.17,0.45,0.4,20568,13.297124147415161
1.81,1.36,1.1,0.68,0.59,0.46,1.18,0.45,0.4,20313,13.301070928573608
1.81,1.36,1.1,0.68,0.59,0.46,1.17,0.45,0.41,20372,13.30512523651123
1.81,1.36,1.1,0.68,0.59,0.46,1.17,0.45,0.41,20777,13.30512523651123
1.81,1.36,1.1,0.68,0.58,0.46,1.17,0.45,0.4,20608,13.309450387954712
1.81,1.37,1.1,0.68,0.58,0.46,1.17,0.45,0.4,20379,13.313034772872925
1.81,1.37,1.1,0.69,0.58,0.46,1.17,0.45,0.4,20366,13.317765712738037
1.81,1.37,1.1,0.69,0.58,0.46,1.17,0.45,0.41,20411,13.320750713348389
1.81,1.37,1.1,0.68,0.58,0.46,1.17,0.46,0.41,20368,13.320750713348389
1.81,1.37,1.1,0.68,0.58,0.46,1.17,0.45,0.41,20049,13.32575535774231
1.81,1.37,1.1,0.68,0.58,0.46,1.17,0.46,0.41,20122,13.329546928405762
1.81,1.37,1.1,0.69,0.57,0.46,1.17,0.46,0.41,20623,13.333786487579346
1.8,1.37,1.11,0.69,0.58,0.46,1.17,0.45,0.41,20750,13.333786487579346
1.8,1.37,1.1,0.69,0.58,0.46,1.17,0.45,0.41,20497,13.337828397750854
1.81,1.37,1.1,0.69,0.58,0.46,1.17,0.46,0.41,20390,13.34182357788086
1.81,1.37,1.1,0.69,0.58,0.46,1.17,0.46,0.41,20193,13.345928192138672
1.81,1.37,1.11,0.69,0.58,0.46,1.17,0.45,0.41,20192,13.346931219100952
1.81,1.37,1.11,0.69,0.58,0.46,1.17,0.45,0.41,20237,13.349923133850098
1.81,1.37,1.11,0.69,0.58,0.47,1.17,0.46,0.41,20706,13.353576183319092
1.8,1.37,1.1,0.69,0.58,0.46,1.17,0.46,0.41,20577,13.358285903930664
1.81,1.37,1.11,0.69,0.58,0.46,1.17,0.46,0.41,20470,13.358285903930664
1.8,1.37,1.11,0.69,0.58,0.46,1.17,0.46,0.41,20751,13.36261534690857
1.81,1.37,1.11,0.69,0.58,0.47,1.17,0.46,0.41,20716,13.366856336593628
1.81,1.37,1.11,0.69,0.58,0.46,1.17,0.46,0.41,20263,13.371064901351929
1.8,1.37,1.11,0.69,0.58,0.47,1.17,0.46,0.42,20236,13.371064901351929
1.8,1.37,1.11,0.69,0.57,0.46,1.17,0.46,0.41,20233,13.374062061309814
1.8,1.37,1.11,0.69,0.58,0.46,1.17,0.46,0.41,20306,13.378629684448242
1.81,1.37,1.11,0.69,0.58,0.46,1.17,0.46,0.42,19929,13.38266921043396
1.81,1.37,1.11,0.69,0.58,0.46,1.17,0.46,0.42,20224,13.386931657791138
1.81,1.37,1.12,0.69,0.58,0.46,1.17,0.46,0.42,20545,13.387653350830078
1.8,1.37,1.12,0.69,0.58,0.46,1.17,0.46,0.42,20604,13.3911612033844
1.8,1.37,1.12,0.69,0.58,0.46,1.17,0.46,0.42,20467,13.395437002182007
1.8,1.37,1.12,0.69,0.58,0.46,1.17,0.46,0.42,20408,13.39943528175354
1.8,1.37,1.11,0.69,0.58,0.46,1.17,0.46,0.42,20401,13.39943528175354
1.8,1.37,1.11,0.69,0.58,0.46,1.17,0.46,0.42,20594,13.403475999832153
1.8,1.37,1.12,0.69,0.58,0.46,1.17,0.46,0.42,20357,13.40800142288208
1.81,1.37,1.12,0.69,0.58,0.46,1.17,0.46,0.42,20244,13.412001848220825
1.8,1.37,1.12,0.69,0.58,0.46,1.17,0.46,0.42,20623,13.412001848220825
1.8,1.37,1.12,0.69,0.58,0.46,1.17,0.46,0.42,20662,13.416001796722412
1.8,1.37,1.12,0.69,0.59,0.46,1.17,0.46,0.42,20779,13.420016288757324
1.8,1.37,1.12,0.69,0.59,0.46,1.17,0.46,0.41,20724,13.424087047576904
1.8,1.37,1.12,0.69,0.58,0.46,1.17,0.46,0.42,20623,13.42513370513916
1.81,1.37,1.12,0.69,0.58,0.46,1.17,0.46,0.42,20492,13.428606986999512
1.81,1.37,1.12,0.7,0.59,0.46,1.17,0.46,0.42,20321,13.432178020477295
1.8,1.37,1.12,0.69,0.58,0.46,1.17,0.46,0.41,20300,13.436439275741577
1.8,1.37,1.12,0.69,0.58,0.46,1.17,0.46,0.42,20339,13.43739628791809
1.8,1.37,1.12,0.69,0.58,0.46,1.17,0.46,0.42,20466,13.440472841262817
1.8,1.37,1.12,0.69,0.59,0.46,1.17,0.46,0.42,20639,13.444590091705322
1.8,1.37,1.12,0.7,0.59,0.46,1.17,0.46,0.41,20548,13.44865894317627
1.8,1.36,1.12,0.7,0.58,0.46,1.17,0.46,0.42,20667,13.44938349723816
1.8,1.37,1.12,0.7,0.58,0.46,1.17,0.46,0.42,20736,13.45259428024292
1.8,1.37,1.12,0.7,0.59,0.46,1.17,0.46,0.42,20545,13.456954002380371
1.8,1.37,1.12,0.7,0.59,0.46,1.17,0.46,0.42,20614,13.46127438545227
1.8,1.37,1.12,0.7,0.59,0.46,1.17,0.46,0.41,20573,13.464926958084106
1.8,1.37,1.12,0.7,0.59,0.46,1.17,0.46,0.42,20602,13.465578079223633
1.8,1.37,1.12,0.7,0.59,0.46,1.17,0.46,0.42,20499,13.468980073928833
1.8,1.37,1.12,0.7,0.58,0.46,1.17,0.46,0.42,20334,13.473245859146118
1.8,1.37,1.12,0.7,0.58,0.46,1.17,0.46,0.42,20127,13.477222919464111
1.8,1.37,1.12,0.7,0.58,0.46,1.17,0.46,0.42,20060,13.47806692123413
1.8,1.37,1.12,0.7,0.58,0.46,1.17,0.46,0.41,20127,13.481286764144897
1.8,1.37,1.12,0.7,0.58,0.46,1.17,0.47,0.42,19780,13.485504627227783
1.8,1.37,1.12,0.7,0.59,0.46,1.17,0.46,0.42,19753,13.48994755744934
1.8,1.37,1.12,0.7,0.59,0.46,1.17,0.46,0.42,20486,13.48994755744934
1.8,1.37,1.12,0.7,0.59,0.46,1.17,0.46,0.42,20441,13.493907928466797
1.8,1.37,1.13,0.7,0.59,0.46,1.17,0.46,0.42,20554,13.497714519500732
1.8,1.37,1.13,0.7,0.59,0.46,1.17,0.46,0.42,20743,13.501502513885498
1.8,1.37,1.13,0.7,0.58,0.46,1.17,0.46,0.41,20514,13.502548456192017
1.8,1.37,1.13,0.7,0.59,0.46,1.17,0.46,0.42,19939,13.50581169128418
1.8,1.36,1.13,0.7,0.59,0.46,1.17,0.46,0.41,20016,13.50998592376709
1.8,1.37,1.13,0.7,0.59,0.46,1.17,0.46,0.42,20365,13.514224529266357
1.8,1.37,1.13,0.7,0.59,0.46,1.17,0.46,0.42,20434,13.515011548995972
1.8,1.37,1.13,0.7,0.59,0.46,1.17,0.46,0.42,20465,13.517538070678711
1.8,1.37,1.13,0.7,0.59,0.46,1.17,0.46,0.42,20600,13.521596670150757
1.8,1.36,1.13,0.7,0.59,0.46,1.17,0.46,0.42,20175,13.526156187057495
1.8,1.37,1.13,0.7,0.59,0.46,1.17,0.46,0.42,20496,13.53042459487915
1.8,1.36,1.13,0.7,0.59,0.46,1.17,0.46,0.42,20629,13.531179904937744
1.8,1.37,1.14,0.7,0.59,0.46,1.17,0.46,0.42,20294,13.534541606903076
1.8,1.36,1.13,0.7,0.59,0.46,1.17,0.46,0.42,20313,13.53878927230835
1.8,1.37,1.14,0.7,0.6,0.46,1.17,0.46,0.42,20356,13.542754173278809
1.8,1.37,1.14,0.7,0.59,0.46,1.17,0.46,0.42,20411,13.542754173278809
1.8,1.36,1.13,0.7,0.59,0.46,1.17,0.46,0.42,20406,13.54680323600769
1.8,1.37,1.13,0.7,0.59,0.47,1.17,0.46,0.42,20357,13.551669359207153
1.8,1.37,1.13,0.7,0.59,0.47,1.17,0.46,0.42,20132,13.5553457736969
1.8,1.37,1.13,0.7,0.59,0.47,1.17,0.46,0.42,20191,13.5553457736969
1.8,1.37,1.14,0.7,0.59,0.47,1.17,0.46,0.42,20620,13.559429407119751
1.8,1.37,1.14,0.7,0.59,0.47,1.17,0.46,0.42,20729,13.563464164733887
1.8,1.37,1.14,0.7,0.6,0.47,1.17,0.46,0.42,20396,13.56713056564331
1.8,1.37,1.13,0.7,0.59,0.47,1.17,0.46,0.42,20429,13.567852973937988
1.8,1.37,1.14,0.7,0.59,0.47,1.17,0.46,0.42,20386,13.570940732955933
1.8,1.37,1.14,0.7,0.59,0.47,1.17,0.46,0.42,20387,13.575293779373169
1.8,1.36,1.14,0.7,0.59,0.47,1.17,0.46,0.42,20486,13.579497814178467
1.8,1.36,1.14,0.7,0.59,0.46,1.17,0.46,0.42,20567,13.579497814178467
1.8,1.37,1.14,0.7,0.59,0.47,1.17,0.46,0.42,20496,13.58369755744934
1.8,1.37,1.14,0.7,0.59,0.47,1.17,0.46,0.42,20373,13.587773561477661
1.8,1.37,1.14,0.7,0.59,0.46,1.17,0.46,0.42,20318,13.592652559280396
1.8,1.37,1.14,0.7,0.59,0.46,1.17,0.46,0.42,20561,13.595968246459961
1.8,1.37,1.14,0.7,0.59,0.47,1.17,0.46,0.42,20536,13.59670352935791
1.8,1.37,1.14,0.7,0.59,0.47,1.17,0.46,0.42,20391,13.599967956542969
1.8,1.37,1.14,0.71,0.59,0.47,1.17,0.46,0.42,20228,13.605012893676758
1.8,1.37,1.14,0.71,0.59,0.47,1.17,0.46,0.42,20649,13.608272790908813
1.8,1.37,1.14,0.7,0.59,0.47,1.17,0.46,0.42,20370,13.608272790908813
1.8,1.37,1.14,0.7,0.59,0.46,1.17,0.46,0.42,20667,13.61232590675354
1.8,1.37,1.14,0.7,0.59,0.46,1.17,0.46,0.42,20622,13.61736273765564
1.8,1.37,1.14,0.71,0.59,0.46,1.17,0.46,0.42,20629,13.620580673217773
1.8,1.37,1.14,0.71,0.59,0.46,1.17,0.46,0.42,20870,13.621447801589966
1.8,1.37,1.14,0.71,0.59,0.46,1.17,0.46,0.42,20995,13.624281167984009
1.8,1.37,1.14,0.71,0.59,0.46,1.17,0.46,0.42,20840,13.629258155822754
1.8,1.37,1.14,0.71,0.58,0.46,1.17,0.46,0.42,20339,13.63253140449524
1.8,1.37,1.14,0.71,0.59,0.46,1.17,0.46,0.42,20562,13.633258581161499
1.8,1.37,1.14,0.71,0.59,0.46,1.17,0.46,0.42,20911,13.637258768081665
1.8,1.37,1.14,0.71,0.59,0.47,1.17,0.46,0.42,20562,13.640887975692749
1.8,1.37,1.14,0.71,0.59,0.47,1.17,0.46,0.42,20177,13.645210027694702
1.8,1.37,1.14,0.71,0.59,0.47,1.17,0.46,0.42,20400,13.645210027694702
1.8,1.37,1.14,0.7,0.59,0.47,1.17,0.46,0.42,20339,13.649627685546875
1.8,1.37,1.14,0.71,0.59,0.47,1.17,0.46,0.42,20320,13.653392553329468
1.8,1.37,1.14,0.71,0.59,0.47,1.17,0.46,0.42,20647,13.657693147659302
1.8,1.37,1.14,0.71,0.59,0.47,1.17,0.46,0.42,20628,13.657693147659302
1.8,1.37,1.14,0.71,0.59,0.47,1.17,0.46,0.42,20131,13.661967754364014
1.8,1.38,1.14,0.71,0.59,0.47,1.17,0.46,0.42,20260,13.665604829788208
1.8,1.37,1.15,0.71,0.59,0.47,1.18,0.46,0.42,20111,13.669811964035034
1.8,1.37,1.15,0.7,0.59,0.47,1.17,0.46,0.42,19880,13.673917293548584
1.8,1.37,1.15,0.71,0.59,0.47,1.17,0.46,0.42,19957,13.673917293548584
1.8,1.37,1.14,0.7,0.59,0.47,1.17,0.46,0.42,20478,13.677998065948486
1.8,1.38,1.15,0.7,0.59,0.47,1.17,0.46,0.42,20521,13.682177782058716
1.8,1.37,1.15,0.71,0.59,0.47,1.17,0.46,0.42,20356,13.6862154006958
1.8,1.37,1.15,0.7,0.59,0.47,1.17,0.46,0.42,19983,13.6862154006958
1.8,1.37,1.15,0.7,0.59,0.47,1.17,0.46,0.42,20358,13.690337419509888
1.79,1.37,1.15,0.7,0.59,0.47,1.18,0.46,0.42,20733,13.694440841674805
1.8,1.38,1.15,0.7,0.59,0.47,1.17,0.47,0.42,20372,13.69860553741455
1.79,1.37,1.15,0.7,0.59,0.47,1.18,0.47,0.42,20311,13.69860553741455
1.8,1.37,1.15,0.7,0.59,0.47,1.17,0.47,0.42,20660,13.702604055404663
1.8,1.37,1.15,0.7,0.59,0.47,1.18,0.46,0.42,20469,13.70676589012146
1.8,1.37,1.14,0.7,0.59,0.47,1.17,0.47,0.42,20382,13.71074366569519
1.8,1.38,1.15,0.7,0.59,0.47,1.17,0.47,0.42,20745,13.711637020111084
1.8,1.38,1.15,0.7,0.59,0.47,1.17,0.47,0.42,20834,13.714752912521362
1.8,1.37,1.15,0.7,0.59,0.47,1.17,0.47,0.42,20403,13.718900442123413
1.8,1.38,1.15,0.7,0.59,0.47,1.17,0.47,0.42,20640,13.723141431808472
1.79,1.37,1.15,0.7,0.59,0.47,1.17,0.47,0.42,20201,13.723141431808472
1.8,1.38,1.15,0.7,0.59,0.47,1.17,0.47,0.42,20390,13.727163553237915
1.79,1.37,1.15,0.7,0.58,0.47,1.17,0.47,0.42,20527,13.73095440864563
1.8,1.37,1.15,0.7,0.58,0.47,1.17,0.47,0.42,20712,13.73535442352295
1.79,1.37,1.15,0.7,0.59,0.47,1.17,0.47,0.42,20479,13.739109516143799
1.8,1.37,1.15,0.71,0.59,0.47,1.17,0.47,0.42,20340,13.739846229553223
1.79,1.37,1.15,0.71,0.59,0.47,1.17,0.47,0.42,20805,13.743862867355347
1.79,1.38,1.15,0.71,0.58,0.47,1.17,0.47,0.42,20420,13.747862100601196
1.8,1.38,1.15,0.71,0.59,0.47,1.17,0.47,0.42,20365,13.75186276435852
1.8,1.37,1.15,0.71,0.59,0.47,1.17,0.46,0.42,20522,13.75186276435852
1.79,1.37,1.15,0.71,0.59,0.46,1.17,0.47,0.42,20711,13.755468368530273
1.8,1.37,1.15,0.71,0.59,0.47,1.17,0.47,0.42,20914,13.760504484176636
1.8,1.37,1.15,0.71,0.59,0.47,1.17,0.47,0.42,20699,13.763962507247925
1.79,1.37,1.15,0.71,0.59,0.47,1.17,0.46,0.42,20460,13.764750480651855
1.8,1.37,1.15,0.71,0.59,0.47,1.17,0.47,0.42,20511,13.767984628677368
1.8,1.37,1.15,0.7,0.59,0.47,1.17,0.47,0.42,20106,13.77222752571106
1.79,1.38,1.15,0.71,0.59,0.47,1.17,0.47,0.42,20513,13.775609254837036
1.79,1.37,1.15,0.71,0.59,0.47,1.17,0.47,0.42,21308,13.776648759841919
1.79,1.37,1.15,0.71,0.59,0.47,1.18,0.47,0.42,20657,13.780644655227661
1.79,1.37,1.15,0.71,0.59,0.47,1.17,0.47,0.42,20254,13.784627914428711
1.79,1.37,1.15,0.71,0.59,0.47,1.17,0.47,0.42,20419,13.788586139678955
1.8,1.38,1.15,0.71,0.59,0.47,1.17,0.47,0.42,20426,13.788586139678955
1.8,1.37,1.15,0.71,0.59,0.47,1.17,0.47,0.42,20343,13.792363405227661
1.79,1.37,1.15,0.71,0.59,0.46,1.17,0.47,0.42,20406,13.79746150970459
1.79,1.38,1.16,0.71,0.59,0.47,1.17,0.47,0.42,20325,13.800725221633911
1.8,1.37,1.15,0.71,0.59,0.47,1.17,0.47,0.42,20482,13.803912878036499
1.79,1.38,1.15,0.71,0.58,0.47,1.17,0.47,0.42,20827,13.804916143417358
1.79,1.38,1.15,0.71,0.59,0.47,1.17,0.47,0.42,20814,13.80907130241394
1.79,1.38,1.16,0.71,0.59,0.46,1.17,0.47,0.42,20497,13.812933921813965
1.8,1.37,1.16,0.71,0.58,0.47,1.18,0.46,0.42,20326,13.816913604736328
1.8,1.38,1.15,0.71,0.58,0.47,1.17,0.46,0.42,20537,13.817130088806152
1.79,1.37,1.15,0.71,0.6,0.47,1.17,0.46,0.42,20420,13.821210384368896
1.79,1.37,1.15,0.71,0.6,0.47,1.17,0.47,0.42,20433,13.825316429138184
1.79,1.38,1.15,0.71,0.59,0.47,1.17,0.46,0.42,20566,13.829521894454956
1.79,1.37,1.15,0.71,0.59,0.47,1.17,0.46,0.42,20347,13.83031702041626
1.79,1.37,1.15,0.71,0.59,0.47,1.18,0.46,0.42,20188,13.834317207336426
1.79,1.38,1.15,0.71,0.59,0.47,1.17,0.46,0.42,20223,13.837766885757446
1.8,1.38,1.15,0.7,0.59,0.47,1.17,0.47,0.42,20288,13.841989517211914
1.8,1.37,1.15,0.71,0.59,0.47,1.17,0.46,0.42,20097,13.843042850494385
1.8,1.38,1.15,0.71,0.6,0.47,1.17,0.46,0.42,20284,13.845250368118286
1.79,1.37,1.16,0.7,0.6,0.47,1.18,0.46,0.42,20409,13.849866390228271
1.8,1.37,1.16,0.71,0.59,0.47,1.17,0.46,0.42,20294,13.854262590408325
1.79,1.37,1.16,0.71,0.59,0.47,1.17,0.47,0.42,19935,13.854262590408325
1.79,1.37,1.15,0.71,0.59,0.47,1.17,0.47,0.42,20398,13.858256816864014
1.79,1.37,1.15,0.71,0.59,0.47,1.18,0.46,0.41,20631,13.862276554107666
1.79,1.37,1.15,0.71,0.59,0.46,1.18,0.47,0.42,20372,13.866471290588379
1.79,1.37,1.15,0.71,0.6,0.47,1.17,0.46,0.42,20245,13.86725401878357
1.79,1.37,1.16,0.71,0.61,0.47,1.17,0.46,0.42,20370,13.870375394821167
1.79,1.37,1.16,0.71,0.6,0.47,1.17,0.46,0.42,20291,13.8748197555542
1.79,1.37,1.16,0.71,0.59,0.47,1.18,0.46,0.42,20230,13.878723859786987
1.79,1.37,1.16,0.71,0.6,0.47,1.17,0.46,0.42,20343,13.882156133651733
1.79,1.37,1.16,0.71,0.6,0.47,1.17,0.46,0.42,20720,13.88286805152893
1.79,1.37,1.16,0.71,0.59,0.47,1.17,0.47,0.42,20397,13.88658857345581
1.79,1.37,1.16,0.71,0.59,0.47,1.17,0.47,0.42,20322,13.890748739242554
1.79,1.37,1.16,0.71,0.59,0.47,1.17,0.46,0.42,20637,13.895024538040161
1.79,1.37,1.15,0.71,0.59,0.47,1.17,0.47,0.42,20618,13.895799398422241
1.79,1.37,1.16,0.71,0.59,0.47,1.17,0.46,0.42,20245,13.899468898773193
1.79,1.37,1.15,0.71,0.6,0.47,1.17,0.46,0.42,20190,13.903308153152466
1.79,1.38,1.16,0.7,0.59,0.47,1.17,0.47,0.41,20487,13.907184839248657
1.79,1.38,1.16,0.71,0.58,0.47,1.18,0.47,0.42,20606,13.907184839248657
1.79,1.38,1.16,0.71,0.58,0.47,1.18,0.47,0.42,20777,13.911959886550903
1.79,1.38,1.16,0.71,0.58,0.47,1.17,0.47,0.42,20728,13.915532350540161
1.79,1.38,1.16,0.71,0.59,0.47,1.17,0.46,0.42,20575,13.91924238204956
1.79,1.38,1.16,0.71,0.58,0.47,1.17,0.47,0.42,20312,13.91924238204956
1.79,1.38,1.16,0.71,0.58,0.47,1.17,0.47,0.42,20491,13.923240900039673
1.79,1.38,1.16,0.71,0.59,0.47,1.17,0.46,0.42,20502,13.927287101745605
1.79,1.38,1.16,0.71,0.59,0.47,1.17,0.46,0.42,20565,13.931670665740967
1.79,1.38,1.16,0.71,0.6,0.47,1.17,0.47,0.42,20938,13.93229365348816
1.79,1.38,1.16,0.71,0.59,0.47,1.17,0.47,0.42,20721,13.93569278717041
1.79,1.38,1.16,0.71,0.59,0.47,1.17,0.47,0.42,20678,13.93940544128418
1.79,1.38,1.16,0.71,0.58,0.47,1.17,0.47,0.42,20647,13.944116830825806
1.79,1.38,1.16,0.71,0.58,0.47,1.17,0.47,0.42,20544,13.94711422920227
1.79,1.38,1.16,0.71,0.59,0.47,1.17,0.47,0.42,20213,13.94811463356018
1.79,1.37,1.16,0.71,0.59,0.47,1.17,0.47,0.42,20020,13.95230484008789
1.79,1.38,1.16,0.71,0.59,0.47,1.18,0.47,0.42,20367,13.956352233886719
1.79,1.38,1.16,0.71,0.57,0.47,1.18,0.46,0.42,20470,13.960466146469116
1.79,1.38,1.16,0.71,0.57,0.47,1.17,0.47,0.42,20493,13.960466146469116
1.79,1.38,1.16,0.71,0.58,0.47,1.17,0.46,0.42,20378,13.964502811431885
1.79,1.38,1.16,0.71,0.58,0.47,1.17,0.46,0.42,20363,13.968626260757446
1.79,1.38,1.16,0.71,0.59,0.47,1.17,0.46,0.42,20508,13.972727298736572
1.79,1.38,1.16,0.71,0.58,0.47,1.17,0.47,0.42,20691,13.972727298736572
1.79,1.38,1.16,0.71,0.58,0.47,1.17,0.46,0.42,20576,13.97689151763916
1.79,1.38,1.16,0.71,0.58,0.47,1.18,0.46,0.42,20569,13.9811110496521
1.79,1.38,1.16,0.71,0.58,0.47,1.17,0.46,0.42,20478,13.98517107963562
1.79,1.38,1.16,0.71,0.57,0.47,1.17,0.46,0.42,20623,13.986069202423096
1.79,1.38,1.15,0.71,0.58,0.47,1.17,0.46,0.42,20334,13.98916745185852
1.79,1.38,1.16,0.71,0.57,0.47,1.17,0.46,0.42,20353,13.993481636047363
1.79,1.38,1.16,0.71,0.58,0.46,1.17,0.46,0.42,20646,13.997335433959961
1.79,1.38,1.16,0.71,0.58,0.47,1.17,0.46,0.42,20231,13.998087882995605
1.79,1.38,1.16,0.71,0.58,0.47,1.17,0.46,0.42,20384,14.001506567001343
1.79,1.38,1.16,0.71,0.58,0.47,1.17,0.46,0.42,20543,14.005642652511597
1.79,1.38,1.16,0.71,0.57,0.47,1.17,0.46,0.42,20356,14.009778261184692
1.79,1.38,1.16,0.71,0.58,0.47,1.17,0.46,0.42,20379,14.013768434524536
1.79,1.38,1.16,0.71,0.58,0.47,1.17,0.46,0.42,20566,14.013768434524536
1.79,1.38,1.16,0.71,0.59,0.47,1.18,0.46,0.42,20475,14.017383575439453
1.79,1.38,1.16,0.71,0.58,0.47,1.17,0.46,0.42,20320,14.022393703460693
1.79,1.38,1.16,0.71,0.58,0.47,1.17,0.46,0.42,20105,14.026071310043335
1.79,1.38,1.16,0.71,0.58,0.47,1.17,0.46,0.42,19964,14.026071310043335
1.79,1.38,1.17,0.71,0.58,0.47,1.17,0.46,0.42,20245,14.030169248580933
1.79,1.38,1.16,0.71,0.58,0.47,1.17,0.46,0.42,20644,14.034476280212402
1.79,1.38,1.16,0.71,0.58,0.47,1.18,0.46,0.42,20629,14.038640022277832
1.79,1.38,1.16,0.71,0.58,0.47,1.17,0.46,0.42,20492,14.038640022277832
1.79,1.38,1.16,0.71,0.58,0.47,1.17,0.46,0.42,20701,14.04247760772705
1.79,1.38,1.16,0.71,0.58,0.47,1.17,0.46,0.42,20512,14.04686450958252
1.79,1.38,1.16,0.71,0.58,0.47,1.18,0.46,0.42,20361,14.050055742263794
1.79,1.38,1.16,0.71,0.58,0.47,1.17,0.46,0.42,20166,14.05110788345337
1.79,1.38,1.16,0.71,0.58,0.47,1.17,0.46,0.42,20461,14.055080652236938
1.79,1.38,1.17,0.71,0.58,0.47,1.17,0.46,0.42,20658,14.058606624603271
1.79,1.38,1.16,0.71,0.58,0.47,1.17,0.46,0.42,20645,14.063007116317749
1.79,1.38,1.17,0.71,0.59,0.47,1.17,0.46,0.42,20170,14.064056158065796
1.79,1.38,1.17,0.71,0.59,0.47,1.17,0.46,0.42,20121,14.067128896713257
1.79,1.38,1.17,0.71,0.58,0.47,1.18,0.46,0.42,20298,14.07123875617981
1.79,1.38,1.16,0.71,0.58,0.47,1.18,0.46,0.42,20733,14.075332164764404
1.79,1.38,1.17,0.71,0.58,0.47,1.17,0.46,0.42,20754,14.076224088668823
1.79,1.38,1.17,0.71,0.58,0.47,1.17,0.46,0.42,20577,14.078927516937256
1.79,1.38,1.16,0.71,0.58,0.47,1.17,0.46,0.42,20712,14.083650588989258
1.79,1.39,1.17,0.71,0.58,0.47,1.17,0.46,0.42,20239,14.087690591812134
1.79,1.38,1.16,0.71,0.58,0.47,1.17,0.46,0.42,19958,14.091599225997925
1.79,1.38,1.16,0.71,0.58,0.47,1.17,0.46,0.42,19973,14.091951847076416
1.79,1.38,1.16,0.71,0.59,0.47,1.18,0.46,0.42,20374,14.095717668533325
1.79,1.38,1.16,0.71,0.59,0.47,1.17,0.46,0.42,20697,14.100154876708984
1.79,1.38,1.16,0.71,0.58,0.47,1.17,0.46,0.42,20262,14.103550434112549
1.79,1.38,1.16,0.71,0.58,0.47,1.18,0.46,0.42,20149,14.103550434112549
1.79,1.38,1.16,0.71,0.58,0.47,1.17,0.46,0.42,20176,14.107842206954956
1.79,1.38,1.16,0.71,0.59,0.47,1.17,0.46,0.42,20711,14.112269639968872
1.79,1.38,1.16,0.71,0.59,0.47,1.18,0.46,0.42,20842,14.116321086883545
1.79,1.38,1.16,0.71,0.58,0.47,1.17,0.46,0.42,20685,14.116321086883545
1.79,1.38,1.16,0.71,0.58,0.47,1.17,0.46,0.42,20460,14.120270729064941
1.79,1.38,1.16,0.71,0.59,0.47,1.17,0.46,0.42,20315,14.12476658821106
1.79,1.38,1.16,0.71,0.59,0.47,1.17,0.46,0.42,20488,14.128766059875488
1.79,1.38,1.16,0.71,0.58,0.47,1.17,0.46,0.42,20391,14.128766059875488
1.79,1.38,1.16,0.71,0.57,0.47,1.18,0.46,0.42,20346,14.132841110229492
1.79,1.38,1.16,0.71,0.58,0.47,1.17,0.46,0.42,20547,14.136200904846191
1.79,1.38,1.16,0.71,0.58,0.47,1.17,0.46,0.42,20076,14.140278100967407
1.79,1.38,1.16,0.71,0.58,0.47,1.18,0.46,0.42,20223,14.141280889511108
1.79,1.38,1.17,0.71,0.59,0.47,1.17,0.46,0.42,20602,14.14527153968811
1.79,1.38,1.16,0.71,0.58,0.47,1.18,0.46,0.42,20867,14.149271249771118
1.79,1.38,1.17,0.71,0.58,0.47,1.18,0.46,0.42,20472,14.153270959854126
1.79,1.38,1.16,0.71,0.58,0.47,1.17,0.46,0.42,20411,14.157102346420288
1.79,1.38,1.16,0.71,0.59,0.47,1.17,0.46,0.42,20944,14.157102346420288
1.79,1.38,1.17,0.71,0.58,0.47,1.17,0.46,0.42,21153,14.161203145980835
1.79,1.38,1.17,0.71,0.59,0.47,1.17,0.46,0.42,20602,14.165493726730347
1.79,1.38,1.17,0.71,0.58,0.47,1.17,0.46,0.42,20665,14.169502973556519
1.79,1.38,1.16,0.71,0.59,0.47,1.17,0.46,0.42,20618,14.170203924179077
1.79,1.38,1.16,0.71,0.59,0.47,1.17,0.46,0.42,19873,14.174203872680664
1.79,1.38,1.17,0.71,0.59,0.47,1.17,0.46,0.42,20066,14.177764654159546
1.79,1.38,1.16,0.71,0.58,0.47,1.17,0.46,0.42,20393,14.181941032409668
1.79,1.38,1.16,0.71,0.57,0.47,1.18,0.46,0.42,20356,14.181941032409668
1.79,1.38,1.16,0.71,0.58,0.47,1.18,0.46,0.42,20587,14.185784578323364
1.79,1.38,1.16,0.71,0.59,0.47,1.17,0.46,0.42,20786,14.190168619155884
1.79,1.38,1.16,0.71,0.59,0.47,1.17,0.46,0.42,20609,14.194170475006104
1.79,1.38,1.16,0.71,0.59,0.47,1.17,0.46,0.42,20688,14.194170475006104
1.79,1.38,1.17,0.71,0.58,0.47,1.17,0.46,0.42,20215,14.19815707206726
1.79,1.38,1.16,0.71,0.58,0.47,1.18,0.46,0.42,20206,14.202605485916138
1.79,1.38,1.16,0.71,0.59,0.47,1.18,0.46,0.42,20211,14.206300735473633
1.79,1.38,1.16,0.71,0.59,0.47,1.17,0.46,0.42,20718,14.207062482833862
1.79,1.38,1.16,0.71,0.59,0.47,1.18,0.46,0.42,20809,14.210500955581665
1.79,1.38,1.17,0.71,0.59,0.47,1.17,0.46,0.42,20472,14.214618921279907
1.79,1.38,1.16,0.71,0.59,0.47,1.18,0.46,0.42,20531,14.218058824539185
1.79,1.38,1.17,0.71,0.59,0.47,1.18,0.46,0.42,20650,14.219120025634766
1.79,1.38,1.17,0.71,0.59,0.47,1.17,0.46,0.42,20485,14.222650051116943
1.79,1.38,1.16,0.71,0.59,0.47,1.18,0.46,0.42,20356,14.227019309997559
1.79,1.38,1.17,0.71,0.59,0.47,1.18,0.46,0.42,20181,14.230996131896973
1.79,1.38,1.17,0.71,0.59,0.47,1.17,0.46,0.42,20412,14.2346351146698
1.79,1.38,1.16,0.71,0.59,0.47,1.17,0.46,0.42,20311,14.2346351146698
1.79,1.38,1.17,0.71,0.59,0.47,1.18,0.46,0.42,20368,14.239350080490112
1.79,1.38,1.17,0.71,0.59,0.47,1.17,0.46,0.42,20349,14.242812633514404
1.79,1.38,1.17,0.71,0.59,0.47,1.17,0.46,0.42,20406,14.247099876403809
1.79,1.38,1.17,0.71,0.59,0.47,1.18,0.46,0.42,20285,14.247833490371704
1.79,1.38,1.17,0.71,0.59,0.47,1.17,0.46,0.42,20672,14.251098871231079
1.79,1.38,1.17,0.71,0.59,0.47,1.17,0.46,0.42,20911,14.255833387374878
1.79,1.38,1.17,0.71,0.59,0.47,1.18,0.46,0.42,20672,14.25959300994873
1.79,1.38,1.17,0.71,0.59,0.47,1.18,0.46,0.42,20831,14.25959300994873
1.79,1.38,1.17,0.71,0.58,0.47,1.17,0.46,0.42,20642,14.26396107673645
1.79,1.38,1.16,0.71,0.58,0.47,1.18,0.46,0.42,20307,14.26781153678894
1.79,1.38,1.17,0.71,0.59,0.47,1.18,0.46,0.42,20566,14.271353244781494
1.79,1.38,1.17,0.71,0.59,0.47,1.18,0.46,0.42,20571,14.272390127182007
1.79,1.38,1.17,0.71,0.59,0.47,1.18,0.46,0.42,20390,14.275903940200806
1.79,1.38,1.17,0.71,0.58,0.47,1.18,0.46,0.42,20481,14.280313491821289
1.79,1.38,1.17,0.71,0.59,0.47,1.18,0.46,0.42,20656,14.284387588500977
1.79,1.38,1.17,0.71,0.59,0.47,1.18,0.46,0.42,20361,14.284387588500977
1.79,1.38,1.17,0.71,0.59,0.46,1.18,0.46,0.42,20082,14.288386344909668
1.79,1.38,1.17,0.71,0.59,0.47,1.17,0.46,0.42,20373,14.292101860046387
1.79,1.38,1.17,0.71,0.59,0.47,1.18,0.46,0.42,20428,14.296059370040894
1.79,1.38,1.17,0.71,0.59,0.47,1.18,0.46,0.42,20733,14.29711389541626
1.79,1.38,1.17,0.71,0.59,0.47,1.18,0.46,0.42,20742,14.301095008850098
1.79,1.38,1.17,0.71,0.59,0.47,1.18,0.46,0.42,20621,14.304625034332275
1.79,1.38,1.17,0.71,0.59,0.47,1.17,0.46,0.42,20418,14.309204339981079
1.79,1.38,1.17,0.71,0.59,0.47,1.18,0.46,0.42,20505,14.310195922851562
1.79,1.38,1.17,0.71,0.59,0.47,1.17,0.46,0.42,20210,14.313202381134033
1.79,1.38,1.17,0.71,0.59,0.47,1.17,0.46,0.42,20109,14.31720495223999
1.79,1.38,1.18,0.71,0.59,0.47,1.17,0.46,0.42,20222,14.321096420288086
1.79,1.38,1.17,0.71,0.59,0.47,1.18,0.46,0.42,20347,14.32494068145752
1.79,1.38,1.17,0.71,0.59,0.47,1.18,0.46,0.42,20524,14.325659036636353
1.79,1.38,1.18,0.71,0.58,0.47,1.17,0.46,0.42,20397,14.329094886779785
1.79,1.38,1.17,0.71,0.59,0.47,1.17,0.47,0.42,20246,14.33377742767334
1.79,1.38,1.17,0.71,0.59,0.47,1.17,0.46,0.42,20471,14.337249517440796
1.79,1.38,1.17,0.71,0.59,0.47,1.18,0.46,0.42,20448,14.337960243225098
1.79,1.38,1.17,0.71,0.59,0.47,1.17,0.46,0.42,20525,14.340967178344727
1.79,1.38,1.17,0.71,0.59,0.48,1.17,0.46,0.42,20732,14.345957040786743
1.79,1.38,1.17,0.71,0.59,0.47,1.17,0.46,0.42,20883,14.348954200744629
1.79,1.38,1.17,0.71,0.59,0.47,1.17,0.46,0.42,20548,14.349987268447876
1.79,1.38,1.17,0.71,0.59,0.47,1.17,0.46,0.42,20363,14.353042840957642
1.79,1.38,1.17,0.71,0.6,0.47,1.18,0.46,0.42,20108,14.358036041259766
1.79,1.38,1.17,0.71,0.6,0.47,1.17,0.46,0.42,20229,14.361398696899414
1.79,1.38,1.17,0.71,0.58,0.47,1.17,0.46,0.42,20026,14.36241865158081
1.79,1.38,1.17,0.71,0.59,0.47,1.17,0.46,0.42,20035,14.366424560546875
1.79,1.37,1.17,0.71,0.6,0.47,1.17,0.46,0.42,20474,14.370145797729492
1.79,1.38,1.17,0.71,0.6,0.47,1.17,0.46,0.42,20223,14.374163150787354
1.79,1.38,1.17,0.71,0.6,0.47,1.17,0.46,0.42,20518,14.374163150787354
1.79,1.38,1.17,0.71,0.6,0.47,1.17,0.46,0.42,20839,14.378291368484497
1.79,1.37,1.17,0.71,0.6,0.47,1.18,0.46,0.42,20466,14.382402658462524
1.79,1.38,1.17,0.71,0.6,0.47,1.17,0.46,0.42,20361,14.386982917785645
1.79,1.38,1.18,0.71,0.6,0.47,1.17,0.46,0.42,20390,14.386982917785645
1.79,1.38,1.17,0.71,0.6,0.47,1.17,0.46,0.42,20805,14.390596628189087
1.79,1.38,1.18,0.71,0.6,0.47,1.18,0.46,0.42,21018,14.394848823547363
1.79,1.38,1.18,0.71,0.6,0.47,1.18,0.47,0.42,20761,14.398942470550537
1.79,1.38,1.17,0.71,0.6,0.48,1.18,0.46,0.42,20512,14.402682065963745
1.79,1.38,1.17,0.71,0.6,0.47,1.18,0.46,0.42,20491,14.403404951095581
1.79,1.38,1.17,0.71,0.6,0.47,1.18,0.46,0.42,20848,14.40678095817566
1.79,1.38,1.17,0.71,0.6,0.47,1.18,0.46,0.42,20913,14.411184787750244
1.79,1.38,1.17,0.71,0.6,0.47,1.18,0.46,0.42,20348,14.41544508934021
1.79,1.38,1.17,0.71,0.6,0.47,1.17,0.46,0.42,20057,14.41544508934021
1.79,1.38,1.17,0.71,0.6,0.47,1.17,0.46,0.42,20342,14.4192476272583
1.79,1.37,1.18,0.71,0.59,0.48,1.17,0.46,0.42,20629,14.423950910568237
1.79,1.38,1.17,0.71,0.6,0.47,1.17,0.46,0.42,20522,14.4278883934021
1.79,1.37,1.17,0.71,0.6,0.47,1.17,0.46,0.42,20525,14.4278883934021
1.79,1.38,1.18,0.71,0.6,0.47,1.17,0.46,0.42,20470,14.43133020401001
1.79,1.38,1.18,0.71,0.59,0.47,1.17,0.46,0.42,20449,14.435639142990112
1.79,1.38,1.18,0.71,0.6,0.47,1.17,0.46,0.42,20118,14.43964433670044
1.79,1.38,1.18,0.71,0.6,0.47,1.18,0.46,0.42,20203,14.440375328063965
1.79,1.38,1.17,0.71,0.6,0.47,1.17,0.46,0.42,20352,14.444373369216919
1.79,1.37,1.18,0.72,0.6,0.47,1.18,0.46,0.42,20511,14.447676658630371
1.79,1.38,1.18,0.71,0.61,0.47,1.18,0.47,0.42,20560,14.452192068099976
1.79,1.38,1.18,0.72,0.61,0.47,1.18,0.46,0.42,20381,14.453237295150757
1.79,1.38,1.17,0.71,0.6,0.47,1.17,0.46,0.42,19884,14.4564790725708
1.79,1.37,1.18,0.72,0.6,0.47,1.18,0.46,0.42,20089,14.460241556167603
1.79,1.37,1.18,0.72,0.6,0.47,1.17,0.46,0.42,20424,14.464721441268921
1.79,1.38,1.17,0.72,0.6,0.47,1.17,0.46,0.42,20397,14.464721441268921
1.79,1.38,1.18,0.72,0.61,0.47,1.17,0.46,0.42,20230,14.468717813491821
1.79,1.38,1.18,0.72,0.61,0.47,1.18,0.46,0.42,20269,14.472717523574829
1.79,1.37,1.18,0.71,0.61,0.47,1.17,0.46,0.42,20258,14.476718664169312
1.79,1.37,1.18,0.72,0.6,0.47,1.18,0.46,0.42,20405,14.480728149414062
1.79,1.37,1.18,0.72,0.61,0.47,1.17,0.46,0.42,20520,14.480728149414062
1.79,1.37,1.17,0.71,0.61,0.47,1.18,0.46,0.42,20559,14.484447717666626
1.79,1.37,1.17,0.72,0.61,0.47,1.18,0.46,0.42,20534,14.48878002166748
1.79,1.37,1.17,0.71,0.61,0.47,1.17,0.46,0.42,20259,14.493123054504395
1.79,1.37,1.18,0.72,0.6,0.47,1.18,0.46,0.42,20426,14.494099140167236
1.79,1.37,1.18,0.71,0.6,0.47,1.18,0.46,0.42,20733,14.497095823287964
1.79,1.38,1.18,0.72,0.61,0.47,1.18,0.46,0.42,20574,14.501245737075806
1.79,1.37,1.18,0.71,0.61,0.47,1.17,0.46,0.42,20395,14.505073070526123
1.79,1.37,1.18,0.72,0.61,0.47,1.18,0.46,0.42,20150,14.506084442138672
1.79,1.38,1.18,0.71,0.6,0.47,1.18,0.46,0.42,20225,14.509387731552124
1.79,1.37,1.18,0.71,0.6,0.47,1.18,0.46,0.42,20108,14.513521432876587
1.79,1.38,1.18,0.71,0.6,0.47,1.18,0.46,0.42,20045,14.517824172973633
1.79,1.38,1.17,0.71,0.6,0.47,1.18,0.46,0.42,20144,14.517824172973633
1.79,1.38,1.17,0.71,0.61,0.47,1.18,0.46,0.42,20369,14.521824359893799
1.79,1.38,1.18,0.71,0.6,0.47,1.18,0.46,0.42,20318,14.52613091468811
1.79,1.38,1.17,0.72,0.6,0.47,1.18,0.46,0.42,20267,14.530503749847412
1.79,1.38,1.18,0.72,0.6,0.47,1.18,0.46,0.42,20216,14.530503749847412
1.79,1.38,1.18,0.71,0.6,0.47,1.18,0.46,0.42,20751,14.53372311592102
1.79,1.38,1.17,0.71,0.6,0.47,1.18,0.47,0.42,20872,14.538031578063965
1.79,1.38,1.18,0.71,0.6,0.47,1.18,0.47,0.42,20365,14.542004108428955
1.79,1.38,1.18,0.71,0.59,0.47,1.18,0.46,0.42,20152,14.546244621276855
1.79,1.38,1.18,0.71,0.59,0.47,1.18,0.46,0.42,20199,14.546244621276855
1.79,1.38,1.18,0.71,0.59,0.47,1.18,0.46,0.42,20614,14.550406694412231
1.79,1.38,1.18,0.71,0.6,0.47,1.18,0.46,0.42,20655,14.554603576660156
1.79,1.37,1.18,0.72,0.6,0.47,1.18,0.46,0.42,20314,14.558741092681885
1.79,1.38,1.18,0.71,0.6,0.47,1.18,0.46,0.42,20461,14.559469223022461
1.79,1.37,1.18,0.71,0.6,0.47,1.18,0.46,0.42,20324,14.56306529045105
1.79,1.38,1.18,0.71,0.6,0.47,1.18,0.46,0.42,20491,14.56708025932312
1.79,1.38,1.18,0.72,0.61,0.47,1.18,0.46,0.42,20690,14.570730209350586
1.79,1.38,1.18,0.72,0.6,0.47,1.18,0.46,0.42,20687,14.571462392807007
1.79,1.38,1.18,0.71,0.6,0.47,1.18,0.46,0.43,20430,14.57471227645874
1.78,1.37,1.18,0.72,0.6,0.47,1.18,0.47,0.42,20191,14.579738140106201
1.79,1.38,1.18,0.72,0.6,0.47,1.18,0.46,0.42,20168,14.583011388778687
1.79,1.38,1.18,0.71,0.6,0.47,1.18,0.46,0.42,20649,14.584062814712524
1.79,1.38,1.18,0.71,0.6,0.47,1.18,0.46,0.42,20930,14.58755612373352
1.79,1.38,1.18,0.71,0.61,0.47,1.18,0.46,0.42,20791,14.5916166305542
1.79,1.38,1.18,0.71,0.6,0.47,1.18,0.46,0.42,20742,14.595633268356323
1.79,1.38,1.18,0.72,0.6,0.47,1.18,0.47,0.42,20471,14.596601486206055
1.79,1.38,1.18,0.71,0.6,0.47,1.18,0.46,0.42,20256,14.599172353744507
1.79,1.38,1.18,0.72,0.61,0.47,1.18,0.46,0.42,20399,14.603591203689575
1.79,1.37,1.18,0.71,0.6,0.47,1.18,0.47,0.43,20206,14.608314275741577
1.78,1.38,1.18,0.71,0.6,0.47,1.18,0.47,0.42,20237,14.611874341964722
1.79,1.38,1.18,0.72,0.6,0.47,1.18,0.46,0.42,20592,14.612552404403687
1.79,1.38,1.18,0.71,0.6,0.47,1.18,0.46,0.42,20193,14.615784168243408
1.78,1.38,1.18,0.71,0.61,0.47,1.18,0.46,0.42,20270,14.619847297668457
1.79,1.38,1.18,0.71,0.6,0.47,1.18,0.46,0.42,20551,14.623002529144287
1.78,1.38,1.18,0.72,0.6,0.47,1.18,0.46,0.42,20712,14.624002456665039
1.79,1.38,1.18,0.71,0.6,0.47,1.18,0.46,0.43,20531,14.628069639205933
1.79,1.38,1.18,0.72,0.61,0.47,1.18,0.46,0.43,20618,14.632139921188354
1.79,1.38,1.18,0.72,0.6,0.47,1.18,0.46,0.42,20381,14.636139869689941
1.79,1.38,1.18,0.72,0.6,0.47,1.18,0.47,0.42,20350,14.636139869689941
1.79,1.38,1.18,0.72,0.6,0.47,1.18,0.46,0.42,20255,14.640616416931152
1.79,1.38,1.18,0.72,0.61,0.47,1.18,0.46,0.42,20414,14.64471173286438
1.79,1.38,1.18,0.72,0.6,0.47,1.18,0.46,0.42,20453,14.64846158027649
1.79,1.38,1.18,0.71,0.59,0.47,1.18,0.46,0.42,20342,14.64846158027649
1.79,1.38,1.18,0.72,0.6,0.47,1.18,0.46,0.43,20299,14.65326452255249
1.79,1.38,1.18,0.72,0.59,0.47,1.18,0.46,0.42,20398,14.657285213470459
1.79,1.38,1.18,0.72,0.59,0.47,1.18,0.46,0.42,20303,14.661389589309692
1.79,1.38,1.18,0.72,0.59,0.47,1.18,0.46,0.42,20256,14.661389589309692
1.79,1.38,1.18,0.72,0.59,0.47,1.18,0.46,0.42,20269,14.665444374084473
1.79,1.38,1.18,0.72,0.59,0.47,1.18,0.46,0.42,20550,14.669442653656006
1.79,1.38,1.18,0.72,0.59,0.48,1.18,0.46,0.42,20847,14.673571109771729
1.79,1.38,1.18,0.72,0.6,0.47,1.18,0.46,0.43,20926,14.674444913864136
1.79,1.38,1.18,0.72,0.6,0.47,1.18,0.46,0.42,20643,14.677454710006714
1.78,1.38,1.18,0.72,0.6,0.47,1.18,0.46,0.43,20224,14.681389570236206
1.79,1.38,1.18,0.72,0.6,0.47,1.18,0.46,0.43,20211,14.68525767326355
1.78,1.38,1.18,0.72,0.6,0.47,1.18,0.46,0.43,20712,14.689214944839478
1.79,1.38,1.18,0.72,0.6,0.47,1.18,0.47,0.42,20821,14.689214944839478
1.79,1.38,1.18,0.71,0.6,0.47,1.18,0.46,0.43,20362,14.693514585494995
1.78,1.38,1.18,0.72,0.6,0.47,1.18,0.46,0.42,20223,14.697802305221558
1.78,1.38,1.18,0.71,0.6,0.47,1.18,0.46,0.42,20528,14.701775789260864
1.78,1.38,1.18,0.72,0.6,0.47,1.18,0.46,0.42,20357,14.702525615692139
1.78,1.37,1.18,0.72,0.6,0.47,1.18,0.46,0.42,20486,14.705811023712158
1.79,1.38,1.18,0.72,0.6,0.47,1.18,0.46,0.42,20673,14.710373401641846
1.78,1.38,1.18,0.72,0.59,0.47,1.18,0.47,0.42,20718,14.714237928390503
1.78,1.38,1.18,0.72,0.6,0.47,1.18,0.47,0.42,20733,14.714237928390503
1.78,1.38,1.19,0.72,0.6,0.47,1.18,0.46,0.43,20328,14.717975378036499
1.79,1.38,1.18,0.72,0.59,0.47,1.18,0.46,0.42,19853,14.722535371780396
1.78,1.38,1.18,0.72,0.6,0.47,1.18,0.46,0.42,20146,14.726349592208862
1.78,1.38,1.18,0.72,0.6,0.47,1.18,0.47,0.42,20487,14.727081060409546
1.78,1.38,1.18,0.71,0.6,0.47,1.18,0.47,0.42,20406,14.730343580245972
1.78,1.38,1.18,0.72,0.6,0.47,1.18,0.47,0.42,20585,14.735084772109985
1.78,1.38,1.18,0.72,0.6,0.47,1.18,0.47,0.43,20662,14.738614082336426
1.79,1.38,1.19,0.72,0.6,0.47,1.18,0.47,0.43,20383,14.738614082336426
1.78,1.38,1.18,0.72,0.59,0.47,1.18,0.47,0.42,20144,14.742669105529785
1.78,1.38,1.18,0.72,0.6,0.47,1.18,0.47,0.42,19953,14.747029781341553
1.78,1.38,1.19,0.72,0.59,0.47,1.18,0.46,0.43,20222,14.751384019851685
1.78,1.38,1.18,0.72,0.59,0.47,1.18,0.46,0.42,20487,14.75464916229248
1.78,1.38,1.18,0.71,0.6,0.47,1.18,0.46,0.42,20686,14.75537633895874
1.78,1.38,1.18,0.72,0.6,0.47,1.18,0.46,0.43,20859,14.759382724761963
1.78,1.38,1.18,0.72,0.6,0.47,1.18,0.46,0.43,20254,14.76352596282959
1.78,1.38,1.19,0.72,0.59,0.47,1.18,0.47,0.42,20147,14.76744294166565
1.78,1.38,1.19,0.72,0.6,0.47,1.18,0.47,0.43,20532,14.76744294166565
1.78,1.38,1.19,0.72,0.6,0.47,1.18,0.47,0.42,20677,14.7715425491333
1.78,1.38,1.19,0.72,0.6,0.47,1.18,0.47,0.42,20774,14.775646924972534
1.78,1.38,1.19,0.72,0.6,0.47,1.18,0.47,0.42,20715,14.779781341552734
1.78,1.38,1.19,0.72,0.59,0.47,1.18,0.47,0.43,20414,14.779781341552734
1.78,1.38,1.19,0.72,0.6,0.47,1.18,0.47,0.43,20591,14.783562898635864
1.78,1.38,1.18,0.72,0.59,0.47,1.18,0.47,0.42,20756,14.78787612915039
1.78,1.38,1.19,0.72,0.6,0.47,1.18,0.47,0.43,20457,14.79188060760498
1.78,1.38,1.19,0.72,0.6,0.47,1.18,0.47,0.43,20478,14.792603731155396
1.78,1.38,1.19,0.72,0.59,0.47,1.18,0.47,0.43,20453,14.795687913894653
1.78,1.38,1.19,0.72,0.6,0.47,1.18,0.46,0.43,20514,14.800055027008057
1.78,1.38,1.19,0.72,0.6,0.47,1.18,0.46,0.43,20641,14.804376602172852
1.78,1.38,1.19,0.72,0.6,0.47,1.18,0.47,0.43,20496,14.805332899093628
1.78,1.38,1.19,0.72,0.59,0.47,1.18,0.46,0.43,20529,14.808459043502808
1.78,1.38,1.19,0.72,0.6,0.47,1.18,0.46,0.43,20422,14.812596797943115
1.78,1.38,1.19,0.72,0.6,0.47,1.18,0.47,0.43,20477,14.816688299179077
1.78,1.38,1.19,0.72,0.59,0.47,1.18,0.47,0.43,20718,14.82073974609375
1.78,1.38,1.19,0.72,0.6,0.47,1.18,0.46,0.43,20667,14.82073974609375
1.78,1.38,1.19,0.72,0.6,0.47,1.18,0.47,0.42,20892,14.824556350708008
1.78,1.38,1.19,0.72,0.6,0.47,1.18,0.46,0.43,20735,14.829034328460693
1.78,1.38,1.19,0.72,0.6,0.47,1.18,0.47,0.43,20444,14.833125591278076
1.78,1.38,1.19,0.72,0.6,0.47,1.18,0.47,0.43,20293,14.833125591278076
1.78,1.38,1.19,0.72,0.6,0.47,1.18,0.46,0.43,20432,14.837043285369873
1.78,1.38,1.19,0.72,0.6,0.47,1.18,0.46,0.43,20745,14.841298580169678
1.78,1.38,1.19,0.72,0.6,0.47,1.18,0.46,0.43,20366,14.845304012298584
1.78,1.38,1.19,0.72,0.6,0.47,1.18,0.47,0.43,20619,14.846199750900269
1.78,1.38,1.19,0.72,0.6,0.47,1.18,0.46,0.42,20436,14.849327325820923
1.78,1.38,1.19,0.72,0.6,0.47,1.18,0.46,0.43,20637,14.853444576263428
1.78,1.38,1.19,0.72,0.6,0.47,1.18,0.46,0.43,20508,14.856794595718384
1.78,1.38,1.19,0.72,0.61,0.47,1.18,0.47,0.43,20117,14.857847452163696
1.78,1.38,1.19,0.72,0.6,0.47,1.18,0.47,0.43,19986,14.861359357833862
1.78,1.38,1.19,0.72,0.6,0.47,1.18,0.47,0.43,20267,14.865646839141846
1.78,1.38,1.19,0.72,0.6,0.47,1.18,0.46,0.43,20320,14.86991024017334
1.78,1.38,1.19,0.72,0.6,0.47,1.18,0.46,0.43,20351,14.870678424835205
1.78,1.38,1.19,0.72,0.6,0.47,1.18,0.47,0.43,20580,14.874011516571045
1.78,1.38,1.19,0.72,0.6,0.47,1.18,0.47,0.43,20917,14.878385066986084
1.78,1.38,1.18,0.72,0.6,0.47,1.18,0.47,0.43,20766,14.882375001907349
1.78,1.38,1.18,0.72,0.6,0.47,1.18,0.46,0.43,20087,14.882375001907349
1.78,1.38,1.19,0.72,0.59,0.47,1.18,0.47,0.43,20522,14.886375188827515
1.78,1.38,1.18,0.72,0.59,0.47,1.18,0.46,0.43,20637,14.890375137329102
1.78,1.38,1.18,0.72,0.59,0.47,1.18,0.46,0.43,20312,14.894745826721191
1.78,1.38,1.18,0.72,0.59,0.47,1.18,0.47,0.43,20489,14.8982515335083
1.78,1.38,1.18,0.72,0.59,0.47,1.18,0.46,0.43,20556,14.8982515335083
1.78,1.38,1.18,0.72,0.59,0.47,1.18,0.46,0.43,20845,14.902831792831421
1.78,1.38,1.18,0.72,0.59,0.47,1.18,0.46,0.43,20536,14.906840801239014
1.78,1.38,1.18,0.72,0.59,0.48,1.18,0.46,0.43,20499,14.910394430160522
1.78,1.38,1.18,0.72,0.59,0.48,1.18,0.46,0.43,20832,14.911118745803833
1.78,1.38,1.18,0.72,0.59,0.47,1.18,0.46,0.43,20563,14.91511869430542
1.78,1.38,1.18,0.72,0.59,0.47,1.18,0.46,0.43,20690,14.91942024230957
1.78,1.38,1.18,0.72,0.59,0.47,1.18,0.47,0.43,20607,14.922688484191895
1.78,1.38,1.18,0.72,0.59,0.47,1.18,0.46,0.43,20460,14.922688484191895
1.78,1.38,1.18,0.72,0.59,0.47,1.18,0.46,0.43,20545,14.92728590965271
1.78,1.38,1.18,0.72,0.6,0.47,1.18,0.47,0.43,20562,14.931347370147705
1.78,1.38,1.18,0.72,0.59,0.47,1.18,0.46,0.43,20305,14.935433387756348
1.78,1.38,1.18,0.72,0.6,0.48,1.18,0.46,0.43,20122,14.935433387756348
1.78,1.38,1.18,0.72,0.6,0.47,1.18,0.46,0.43,20175,14.938694953918457
1.78,1.38,1.18,0.72,0.59,0.47,1.18,0.47,0.43,20540,14.943552017211914
1.78,1.38,1.18,0.72,0.59,0.47,1.18,0.47,0.43,20369,14.947773694992065
1.78,1.38,1.18,0.72,0.59,0.47,1.18,0.46,0.43,20174,14.948572874069214
1.78,1.38,1.18,0.72,0.59,0.47,1.18,0.47,0.43,20633,14.951813220977783
1.78,1.38,1.18,0.72,0.59,0.47,1.18,0.47,0.43,20890,14.955804824829102
1.78,1.38,1.18,0.72,0.59,0.47,1.19,0.46,0.43,20867,14.959802627563477
1.78,1.38,1.19,0.72,0.59,0.47,1.18,0.46,0.43,20672,14.963803052902222
1.78,1.38,1.19,0.72,0.59,0.47,1.18,0.46,0.43,20417,14.963803052902222
1.78,1.38,1.19,0.72,0.59,0.47,1.18,0.47,0.43,20282,14.967828273773193
1.78,1.38,1.19,0.72,0.59,0.47,1.18,0.47,0.43,20037,14.972117900848389
1.78,1.38,1.19,0.72,0.58,0.47,1.18,0.46,0.43,20400,14.976238250732422
1.78,1.38,1.19,0.72,0.59,0.47,1.18,0.46,0.43,20507,14.976238250732422
1.78,1.38,1.18,0.71,0.59,0.47,1.18,0.46,0.43,20272,14.980262994766235
1.78,1.38,1.19,0.72,0.59,0.47,1.18,0.46,0.43,20449,14.985238313674927
1.78,1.38,1.19,0.72,0.59,0.47,1.18,0.46,0.43,20418,14.988563537597656
1.78,1.38,1.19,0.72,0.59,0.47,1.19,0.46,0.43,20291,14.989238500595093
1.78,1.38,1.19,0.72,0.59,0.47,1.18,0.46,0.43,20558,14.993249654769897
1.78,1.38,1.19,0.72,0.59,0.47,1.18,0.46,0.43,20457,14.996840476989746
1.78,1.38,1.19,0.72,0.59,0.47,1.18,0.46,0.43,20132,15.000975370407104
1.78,1.38,1.19,0.72,0.6,0.47,1.18,0.47,0.43,20297,15.002028942108154
1.78,1.38,1.19,0.72,0.59,0.47,1.18,0.46,0.43,20486,15.004974365234375
1.78,1.38,1.19,0.72,0.6,0.47,1.18,0.46,0.43,20597,15.009233713150024
1.78,1.38,1.18,0.72,0.6,0.47,1.18,0.46,0.43,20232,15.013311386108398
1.78,1.38,1.19,0.72,0.59,0.47,1.18,0.46,0.43,20375,15.014351844787598
1.78,1.38,1.19,0.72,0.59,0.47,1.18,0.46,0.43,20284,15.016867399215698
1.78,1.38,1.19,0.72,0.59,0.47,1.18,0.46,0.43,20035,15.021417617797852
1.78,1.38,1.19,0.72,0.59,0.47,1.18,0.46,0.43,20368,15.025612831115723
1.78,1.38,1.19,0.72,0.6,0.47,1.18,0.46,0.43,20835,15.029598712921143
1.79,1.38,1.19,0.72,0.6,0.47,1.18,0.46,0.43,20804,15.029598712921143
1.78,1.38,1.19,0.72,0.59,0.47,1.18,0.46,0.43,20383,15.033762454986572
1.78,1.38,1.19,0.72,0.59,0.47,1.18,0.46,0.43,20338,15.037744998931885
1.78,1.38,1.19,0.72,0.59,0.47,1.18,0.46,0.43,20603,15.041744947433472
1.79,1.38,1.19,0.72,0.59,0.47,1.18,0.47,0.43,20746,15.042473077774048
1.78,1.38,1.19,0.72,0.59,0.47,1.19,0.47,0.43,20263,15.046099424362183
1.78,1.38,1.19,0.72,0.59,0.47,1.18,0.46,0.43,19890,15.050228834152222
1.78,1.38,1.19,0.72,0.59,0.47,1.18,0.47,0.43,20295,15.054170608520508
1.78,1.38,1.19,0.72,0.59,0.47,1.18,0.46,0.43,20816,15.054170608520508
1.78,1.38,1.19,0.72,0.59,0.47,1.18,0.47,0.43,20377,15.05848217010498
1.78,1.38,1.19,0.72,0.59,0.47,1.18,0.47,0.43,20228,15.062469482421875
1.78,1.38,1.19,0.72,0.59,0.47,1.18,0.47,0.43,20245,15.066189527511597
1.78,1.38,1.19,0.72,0.59,0.47,1.18,0.47,0.43,20308,15.06691288948059
1.78,1.38,1.19,0.72,0.59,0.47,1.18,0.47,0.43,20557,15.069998502731323
1.78,1.38,1.19,0.72,0.59,0.48,1.18,0.46,0.43,20454,15.074920177459717
1.78,1.38,1.19,0.72,0.59,0.47,1.18,0.46,0.43,20483,15.078976154327393
1.78,1.38,1.19,0.72,0.59,0.47,1.18,0.46,0.43,20602,15.078976154327393
1.78,1.38,1.19,0.72,0.59,0.47,1.18,0.47,0.43,20193,15.083205938339233
1.78,1.38,1.19,0.72,0.59,0.47,1.18,0.47,0.43,20230,15.087228298187256
1.78,1.38,1.19,0.72,0.59,0.47,1.18,0.46,0.42,20541,15.09113097190857
1.78,1.38,1.19,0.72,0.59,0.47,1.18,0.47,0.43,20434,15.094815731048584
1.78,1.38,1.19,0.72,0.59,0.47,1.18,0.46,0.43,20717,15.094815731048584
1.78,1.38,1.19,0.72,0.59,0.47,1.19,0.47,0.43,20266,15.098988056182861
1.78,1.38,1.19,0.72,0.59,0.47,1.19,0.47,0.43,19873,15.103318929672241
1.78,1.38,1.19,0.72,0.59,0.47,1.18,0.46,0.43,20044,15.107294082641602
1.78,1.38,1.19,0.72,0.59,0.47,1.18,0.46,0.43,20201,15.108027696609497
1.78,1.38,1.19,0.72,0.59,0.47,1.18,0.47,0.43,20268,15.111572265625
1.78,1.38,1.19,0.72,0.59,0.47,1.18,0.46,0.43,20183,15.115560293197632
1.78,1.38,1.19,0.72,0.59,0.47,1.19,0.46,0.43,20518,15.119629383087158
1.78,1.38,1.19,0.72,0.59,0.47,1.18,0.46,0.43,20651,15.120353698730469
1.79,1.38,1.19,0.72,0.59,0.47,1.18,0.47,0.43,20556,15.123763799667358
1.78,1.38,1.19,0.72,0.59,0.47,1.18,0.46,0.43,20429,15.12801480293274
1.78,1.38,1.19,0.72,0.59,0.47,1.18,0.46,0.43,20200,15.131628513336182
1.78,1.38,1.19,0.72,0.59,0.47,1.18,0.46,0.43,20311,15.131628513336182
1.78,1.38,1.19,0.72,0.59,0.47,1.18,0.46,0.43,20298,15.135564088821411
1.78,1.38,1.19,0.72,0.59,0.47,1.18,0.46,0.43,19903,15.140677213668823
1.78,1.38,1.19,0.72,0.59,0.47,1.18,0.47,0.43,19978,15.143950462341309
1.78,1.38,1.19,0.72,0.59,0.48,1.19,0.47,0.43,20341,15.144683122634888
1.78,1.38,1.19,0.72,0.59,0.47,1.18,0.47,0.43,20394,15.148694276809692
1.79,1.38,1.19,0.72,0.59,0.47,1.18,0.47,0.43,20465,15.15269160270691
1.78,1.38,1.19,0.72,0.59,0.47,1.18,0.47,0.43,20536,15.156678199768066
1.78,1.38,1.19,0.72,0.59,0.47,1.18,0.46,0.43,20683,15.156678199768066
1.78,1.38,1.19,0.72,0.59,0.47,1.18,0.46,0.43,20592,15.16064190864563
1.78,1.38,1.19,0.72,0.6,0.47,1.18,0.47,0.43,20813,15.164809226989746
1.78,1.38,1.19,0.72,0.59,0.48,1.18,0.47,0.43,20684,15.169053792953491
1.78,1.38,1.19,0.72,0.59,0.48,1.18,0.47,0.43,20357,15.172780513763428
1.79,1.38,1.19,0.72,0.59,0.47,1.18,0.47,0.43,20584,15.172780513763428
1.78,1.38,1.19,0.72,0.6,0.47,1.18,0.47,0.43,20529,15.176804065704346
1.78,1.38,1.19,0.72,0.59,0.48,1.18,0.47,0.43,20244,15.181086540222168
1.78,1.38,1.19,0.72,0.59,0.47,1.18,0.46,0.43,20233,15.18508529663086
1.78,1.38,1.19,0.72,0.59,0.47,1.18,0.47,0.43,20040,15.185820817947388
1.78,1.38,1.19,0.72,0.59,0.47,1.18,0.46,0.43,20255,15.189086437225342
1.78,1.38,1.19,0.72,0.59,0.47,1.18,0.46,0.43,20442,15.193366765975952
1.78,1.38,1.19,0.72,0.6,0.47,1.18,0.46,0.43,20667,15.1977379322052
1.78,1.38,1.2,0.72,0.6,0.48,1.18,0.46,0.43,20598,15.1977379322052
1.78,1.38,1.19,0.72,0.6,0.47,1.18,0.47,0.43,19995,15.20160436630249
1.78,1.38,1.19,0.72,0.6,0.47,1.18,0.46,0.43,19908,15.205424547195435
1.78,1.38,1.19,0.72,0.6,0.47,1.18,0.46,0.43,20185,15.209590911865234
1.78,1.38,1.19,0.72,0.6,0.47,1.18,0.46,0.43,20338,15.209590911865234
1.78,1.38,1.19,0.72,0.6,0.48,1.18,0.47,0.43,20097,15.213890552520752
1.78,1.38,1.19,0.72,0.6,0.47,1.18,0.46,0.43,20162,15.217895269393921
1.78,1.38,1.19,0.72,0.61,0.47,1.19,0.46,0.43,20637,15.221903085708618
1.78,1.38,1.19,0.72,0.6,0.47,1.18,0.46,0.43,20618,15.22262454032898
1.78,1.38,1.19,0.72,0.6,0.48,1.18,0.46,0.43,20963,15.226160764694214
1.78,1.38,1.2,0.72,0.61,0.47,1.18,0.46,0.43,20824,15.230177164077759
1.78,1.38,1.19,0.72,0.61,0.48,1.19,0.46,0.43,20469,15.234792947769165
1.78,1.37,1.19,0.72,0.61,0.47,1.18,0.46,0.43,20478,15.238123416900635
1.78,1.38,1.2,0.72,0.61,0.48,1.18,0.46,0.43,20465,15.238856554031372
1.79,1.38,1.2,0.72,0.61,0.47,1.18,0.46,0.43,20594,15.242866277694702
1.78,1.38,1.2,0.72,0.61,0.47,1.18,0.46,0.43,20285,15.246856212615967
1.78,1.38,1.19,0.72,0.61,0.48,1.18,0.46,0.43,20502,15.250872611999512
1.78,1.38,1.19,0.72,0.61,0.47,1.18,0.46,0.43,20443,15.250872611999512
1.79,1.38,1.2,0.72,0.61,0.47,1.18,0.46,0.43,20178,15.254472970962524
1.79,1.38,1.2,0.72,0.61,0.47,1.18,0.46,0.43,20327,15.259105920791626
1.78,1.38,1.19,0.72,0.61,0.47,1.18,0.46,0.43,20580,15.263097047805786
1.79,1.38,1.19,0.72,0.6,0.47,1.18,0.46,0.43,20871,15.263936281204224
1.78,1.38,1.19,0.72,0.61,0.47,1.18,0.46,0.43,20588,15.267151832580566
1.78,1.38,1.19,0.72,0.61,0.47,1.18,0.46,0.43,20493,15.27133059501648
1.78,1.38,1.19,0.72,0.61,0.47,1.19,0.46,0.43,20410,15.275331735610962
1.78,1.38,1.19,0.72,0.61,0.48,1.19,0.46,0.43,20163,15.275331735610962
1.78,1.38,1.19,0.72,0.61,0.47,1.18,0.46,0.43,20522,15.279414415359497
1.78,1.38,1.19,0.72,0.61,0.48,1.18,0.46,0.43,21033,15.28362774848938
1.78,1.38,1.19,0.72,0.61,0.47,1.18,0.46,0.43,20534,15.287663459777832
1.78,1.38,1.19,0.72,0.61,0.48,1.18,0.46,0.43,20317,15.28842043876648
1.78,1.38,1.19,0.72,0.61,0.48,1.18,0.46,0.43,20874,15.291678428649902
1.78,1.38,1.19,0.72,0.61,0.48,1.18,0.46,0.43,20535,15.295886993408203
1.78,1.38,1.19,0.72,0.61,0.48,1.18,0.46,0.43,20100,15.30001187324524
1.78,1.38,1.19,0.72,0.61,0.47,1.18,0.46,0.43,20611,15.301012992858887
1.78,1.38,1.19,0.72,0.61,0.48,1.18,0.46,0.43,20942,15.3037748336792
1.78,1.38,1.19,0.72,0.61,0.48,1.18,0.46,0.43,20613,15.308147668838501
1.79,1.38,1.19,0.72,0.61,0.48,1.18,0.46,0.43,20588,15.312318325042725
1.78,1.38,1.19,0.72,0.61,0.48,1.18,0.46,0.43,20959,15.316300392150879
1.79,1.38,1.19,0.72,0.61,0.48,1.18,0.46,0.43,20610,15.316300392150879
1.78,1.38,1.19,0.72,0.61,0.48,1.18,0.46,0.43,20787,15.320416927337646
1.79,1.38,1.19,0.72,0.61,0.48,1.18,0.46,0.43,20800,15.32481598854065
1.79,1.38,1.19,0.72,0.61,0.48,1.18,0.46,0.43,20175,15.328117609024048
1.78,1.38,1.19,0.72,0.61,0.48,1.18,0.46,0.43,19780,15.328838348388672
1.78,1.38,1.19,0.72,0.61,0.48,1.18,0.46,0.43,19913,15.33285641670227
1.79,1.38,1.19,0.72,0.6,0.48,1.18,0.46,0.43,20382,15.336439847946167
1.78,1.38,1.19,0.72,0.61,0.48,1.18,0.46,0.43,20213,15.341113090515137
1.78,1.38,1.19,0.72,0.61,0.48,1.18,0.46,0.43,20280,15.341113090515137
1.79,1.38,1.19,0.72,0.61,0.48,1.18,0.47,0.43,20501,15.345106840133667
1.79,1.38,1.19,0.72,0.61,0.47,1.18,0.46,0.43,20522,15.349168300628662
1.79,1.38,1.19,0.72,0.61,0.48,1.18,0.46,0.43,20559,15.353272676467896
1.78,1.38,1.19,0.72,0.61,0.48,1.18,0.46,0.43,20646,15.35410737991333
1.79,1.38,1.19,0.72,0.61,0.48,1.18,0.46,0.43,20849,15.356969594955444
1.78,1.38,1.19,0.72,0.61,0.48,1.18,0.46,0.43,20562,15.36186146736145
1.79,1.38,1.2,0.71,0.61,0.48,1.18,0.46,0.43,20261,15.365111112594604
1.79,1.38,1.2,0.72,0.61,0.47,1.18,0.46,0.43,20338,15.365858554840088
1.79,1.38,1.2,0.72,0.61,0.48,1.18,0.46,0.43,20603,15.370140314102173
1.78,1.38,1.2,0.72,0.61,0.48,1.18,0.46,0.43,20380,15.373249769210815
1.79,1.38,1.19,0.72,0.61,0.48,1.18,0.46,0.43,20279,15.378297567367554
1.79,1.38,1.2,0.72,0.61,0.47,1.18,0.47,0.43,20686,15.378297567367554
1.79,1.38,1.2,0.72,0.61,0.48,1.19,0.46,0.43,20215,15.382298469543457
1.79,1.38,1.2,0.72,0.61,0.47,1.18,0.46,0.43,20130,15.386298418045044
1.79,1.38,1.2,0.72,0.61,0.48,1.18,0.47,0.42,20667,15.389872550964355
1.79,1.38,1.2,0.72,0.61,0.48,1.18,0.46,0.43,21112,15.394155263900757
1.78,1.38,1.2,0.72,0.61,0.48,1.18,0.46,0.43,20643,15.39493203163147
1.79,1.38,1.2,0.72,0.61,0.48,1.18,0.46,0.43,20442,15.39819884300232
1.79,1.38,1.2,0.72,0.61,0.48,1.18,0.46,0.43,20517,15.402444839477539
1.79,1.37,1.2,0.72,0.61,0.48,1.18,0.47,0.43,20768,15.406487703323364
1.78,1.38,1.2,0.72,0.61,0.48,1.19,0.47,0.43,20813,15.407530069351196
1.78,1.37,1.2,0.72,0.61,0.48,1.18,0.46,0.43,20460,15.409858465194702
1.78,1.38,1.2,0.72,0.61,0.48,1.18,0.46,0.43,20483,15.414868831634521
1.79,1.38,1.2,0.72,0.61,0.48,1.18,0.46,0.43,20752,15.417933940887451
1.78,1.38,1.2,0.72,0.61,0.48,1.18,0.46,0.43,20563,15.418933868408203
1.78,1.38,1.2,0.72,0.61,0.48,1.18,0.46,0.43,20780,15.422017812728882
1.78,1.38,1.2,0.72,0.61,0.48,1.18,0.46,0.43,20579,15.426973342895508
1.78,1.38,1.2,0.72,0.61,0.48,1.18,0.46,0.43,20460,15.430973052978516
1.78,1.38,1.2,0.72,0.61,0.48,1.18,0.46,0.43,20421,15.430973052978516
1.78,1.38,1.2,0.72,0.61,0.48,1.18,0.46,0.43,20330,15.434973001480103
1.78,1.38,1.2,0.72,0.61,0.48,1.18,0.46,0.42,20179,15.439159631729126
1.78,1.38,1.2,0.72,0.61,0.48,1.18,0.47,0.43,20382,15.44337010383606
1.79,1.38,1.2,0.72,0.61,0.48,1.18,0.46,0.43,20277,15.44440746307373
1.79,1.38,1.2,0.72,0.61,0.48,1.18,0.47,0.43,20372,15.447344541549683
1.78,1.38,1.2,0.72,0.61,0.48,1.18,0.47,0.43,20471,15.4510178565979
1.79,1.38,1.2,0.72,0.61,0.48,1.18,0.46,0.43,20306,15.45567274093628
1.79,1.38,1.2,0.72,0.61,0.48,1.18,0.47,0.43,20263,15.456417798995972
1.78,1.38,1.2,0.72,0.61,0.48,1.18,0.46,0.43,20342,15.459630727767944
1.79,1.38,1.2,0.72,0.61,0.48,1.18,0.47,0.43,20559,15.463675498962402
1.79,1.38,1.2,0.72,0.61,0.48,1.18,0.46,0.43,20450,15.467713832855225
1.79,1.38,1.2,0.72,0.61,0.48,1.18,0.46,0.43,20445,15.471952676773071
1.79,1.38,1.2,0.72,0.61,0.48,1.18,0.46,0.43,20698,15.471952676773071
1.78,1.38,1.2,0.72,0.61,0.48,1.18,0.46,0.43,20491,15.476046085357666
1.79,1.38,1.2,0.72,0.61,0.48,1.18,0.46,0.42,20432,15.480684995651245
1.78,1.38,1.2,0.72,0.61,0.48,1.18,0.47,0.43,20571,15.484005212783813
1.78,1.38,1.2,0.72,0.61,0.48,1.18,0.46,0.43,20290,15.484005212783813
1.78,1.38,1.2,0.72,0.61,0.48,1.18,0.46,0.43,20557,15.488111019134521
1.78,1.38,1.2,0.72,0.6,0.48,1.18,0.46,0.43,20654,15.4926176071167
1.78,1.38,1.2,0.72,0.61,0.48,1.18,0.46,0.43,20677,15.496522903442383
1.79,1.38,1.2,0.72,0.61,0.48,1.18,0.46,0.43,20434,15.497034788131714
1.78,1.38,1.2,0.72,0.61,0.48,1.18,0.46,0.43,20237,15.500043153762817
1.78,1.38,1.2,0.72,0.61,0.48,1.18,0.46,0.43,20628,15.504528045654297
1.78,1.38,1.2,0.72,0.61,0.48,1.18,0.46,0.43,20569,15.508064985275269
1.78,1.38,1.2,0.72,0.61,0.47,1.18,0.46,0.43,20624,15.509072542190552
1.78,1.38,1.2,0.72,0.61,0.48,1.18,0.47,0.43,20571,15.513077735900879
1.78,1.38,1.2,0.72,0.61,0.48,1.18,0.46,0.43,20610,15.517077207565308
1.78,1.38,1.2,0.72,0.61,0.47,1.18,0.47,0.43,20509,15.521077156066895
1.78,1.37,1.2,0.72,0.61,0.48,1.18,0.47,0.43,20238,15.521077156066895
1.79,1.38,1.2,0.72,0.61,0.48,1.18,0.46,0.43,20709,15.524757385253906
1.78,1.37,1.2,0.72,0.61,0.48,1.18,0.46,0.43,20732,15.529055833816528
1.78,1.37,1.2,0.72,0.61,0.48,1.18,0.47,0.43,20663,15.532919645309448
1.79,1.38,1.2,0.72,0.61,0.48,1.18,0.47,0.43,20866,15.53721833229065
1.79,1.38,1.2,0.72,0.61,0.48,1.18,0.47,0.43,20671,15.53721833229065
1.78,1.38,1.2,0.72,0.61,0.48,1.19,0.46,0.43,20498,15.541612386703491
1.78,1.38,1.2,0.72,0.61,0.48,1.18,0.46,0.43,20591,15.545809268951416
1.78,1.38,1.2,0.72,0.61,0.48,1.18,0.47,0.43,20412,15.549861192703247
1.78,1.38,1.21,0.72,0.61,0.48,1.18,0.46,0.43,20129,15.550561904907227
1.79,1.38,1.2,0.72,0.61,0.48,1.18,0.46,0.43,20152,15.553852796554565
1.78,1.38,1.2,0.72,0.61,0.48,1.18,0.46,0.43,20357,15.557842016220093
1.79,1.38,1.2,0.72,0.61,0.48,1.18,0.46,0.43,20674,15.562243938446045
1.78,1.38,1.2,0.72,0.61,0.48,1.18,0.47,0.43,20433,15.562243938446045
1.79,1.38,1.2,0.72,0.61,0.48,1.18,0.47,0.43,20280,15.56570839881897
1.78,1.38,1.2,0.72,0.61,0.48,1.18,0.46,0.43,20451,15.569808721542358
1.78,1.38,1.2,0.72,0.61,0.48,1.18,0.47,0.43,19968,15.574790239334106
1.78,1.37,1.21,0.72,0.61,0.48,1.18,0.46,0.43,20155,15.574790239334106
1.78,1.38,1.2,0.72,0.61,0.48,1.18,0.47,0.43,20628,15.577998399734497
1.78,1.38,1.2,0.72,0.61,0.48,1.18,0.47,0.43,20513,15.58279037475586
1.78,1.38,1.2,0.72,0.61,0.48,1.18,0.46,0.43,20498,15.586822271347046
1.79,1.38,1.2,0.72,0.61,0.48,1.19,0.46,0.43,20263,15.586822271347046
1.78,1.38,1.2,0.72,0.61,0.48,1.18,0.46,0.43,20434,15.59115982055664
1.78,1.38,1.2,0.72,0.62,0.48,1.18,0.47,0.43,20531,15.59487771987915
1.78,1.38,1.2,0.72,0.61,0.48,1.18,0.47,0.43,20282,15.599043846130371
1.78,1.38,1.2,0.72,0.61,0.48,1.18,0.47,0.43,20407,15.599768161773682
1.78,1.38,1.2,0.72,0.61,0.48,1.18,0.47,0.43,20692,15.602999210357666
1.79,1.38,1.2,0.72,0.61,0.47,1.18,0.46,0.43,20273,15.607136964797974
1.79,1.38,1.2,0.72,0.61,0.48,1.18,0.46,0.43,20298,15.611430406570435
1.78,1.38,1.2,0.72,0.62,0.48,1.18,0.47,0.43,20263,15.615378856658936
1.78,1.37,1.2,0.72,0.61,0.48,1.18,0.46,0.43,20096,15.615378856658936
1.78,1.38,1.2,0.72,0.62,0.48,1.18,0.46,0.43,20145,15.619423627853394
1.79,1.38,1.2,0.72,0.62,0.48,1.18,0.46,0.43,20608,15.62363076210022
1.79,1.37,1.2,0.72,0.62,0.48,1.18,0.46,0.43,20779,15.628027439117432
1.79,1.37,1.2,0.72,0.62,0.48,1.18,0.47,0.43,20968,15.628027439117432
1.78,1.38,1.2,0.72,0.61,0.48,1.18,0.47,0.43,21107,15.63166332244873
1.79,1.38,1.2,0.72,0.61,0.48,1.18,0.46,0.43,21088,15.63572883605957
1.78,1.37,1.2,0.72,0.61,0.48,1.18,0.47,0.43,20725,15.63968825340271
1.79,1.38,1.2,0.72,0.61,0.48,1.18,0.47,0.43,20096,15.640464067459106
1.79,1.38,1.2,0.72,0.61,0.48,1.18,0.46,0.43,20387,15.643754482269287
1.79,1.38,1.2,0.72,0.61,0.47,1.18,0.47,0.43,20404,15.647787809371948
1.79,1.37,1.2,0.72,0.61,0.48,1.18,0.47,0.43,20511,15.65226435661316
1.79,1.38,1.21,0.72,0.61,0.48,1.18,0.47,0.43,20518,15.65226435661316
1.79,1.38,1.2,0.72,0.61,0.48,1.18,0.47,0.43,20529,15.656409740447998
1.79,1.38,1.2,0.72,0.61,0.48,1.18,0.47,0.43,20466,15.660443544387817
1.79,1.38,1.2,0.72,0.61,0.48,1.18,0.47,0.43,20533,15.664769649505615
1.79,1.38,1.21,0.72,0.61,0.47,1.18,0.47,0.43,20684,15.664769649505615
1.79,1.37,1.21,0.72,0.61,0.47,1.18,0.47,0.43,20409,15.668812036514282
1.78,1.38,1.21,0.72,0.61,0.48,1.19,0.47,0.43,20500,15.672804355621338
1.79,1.38,1.21,0.72,0.61,0.48,1.18,0.47,0.43,20963,15.676883459091187
1.79,1.38,1.21,0.72,0.61,0.47,1.18,0.47,0.43,20616,15.677812576293945
1.78,1.38,1.21,0.72,0.61,0.48,1.18,0.47,0.43,20293,15.680821657180786
1.79,1.38,1.21,0.72,0.61,0.47,1.18,0.47,0.43,20404,15.684834480285645
1.78,1.38,1.21,0.72,0.61,0.48,1.18,0.47,0.43,20259,15.689469337463379
1.79,1.38,1.21,0.72,0.61,0.48,1.18,0.47,0.43,20596,15.69351840019226
1.78,1.38,1.21,0.72,0.61,0.48,1.18,0.47,0.43,20527,15.69351840019226
1.79,1.38,1.21,0.72,0.61,0.48,1.19,0.47,0.43,20230,15.696860074996948
1.78,1.38,1.21,0.72,0.61,0.48,1.19,0.47,0.43,20193,15.70160722732544
1.79,1.38,1.21,0.72,0.61,0.48,1.19,0.47,0.43,20724,15.70560622215271
1.79,1.38,1.21,0.72,0.61,0.48,1.18,0.47,0.43,20917,15.70560622215271
1.78,1.38,1.21,0.72,0.61,0.48,1.19,0.47,0.43,20462,15.709608554840088
1.79,1.38,1.21,0.72,0.61,0.47,1.18,0.47,0.43,20215,15.71322751045227
1.78,1.37,1.21,0.72,0.61,0.48,1.18,0.47,0.43,20756,15.717791080474854
1.78,1.38,1.21,0.72,0.61,0.48,1.18,0.47,0.43,20729,15.717791080474854
1.78,1.38,1.21,0.72,0.61,0.47,1.18,0.47,0.43,20482,15.721855878829956
1.78,1.38,1.21,0.72,0.61,0.47,1.18,0.47,0.43,20549,15.725956201553345
1.79,1.38,1.21,0.72,0.61,0.47,1.18,0.47,0.43,20508,15.730281114578247
1.78,1.38,1.22,0.72,0.61,0.47,1.19,0.47,0.43,20289,15.731252193450928
1.78,1.38,1.21,0.72,0.61,0.48,1.18,0.47,0.43,20276,15.734264850616455
1.78,1.38,1.21,0.72,0.61,0.47,1.19,0.47,0.43,20421,15.738298892974854
1.79,1.38,1.21,0.72,0.61,0.47,1.18,0.47,0.43,20264,15.742403745651245
1.79,1.38,1.21,0.72,0.61,0.47,1.19,0.47,0.43,20545,15.743264198303223
1.79,1.38,1.21,0.72,0.61,0.47,1.19,0.47,0.43,20360,15.746352910995483
1.79,1.38,1.21,0.72,0.61,0.47,1.19,0.47,0.43,19947,15.750556707382202
1.79,1.38,1.21,0.72,0.61,0.47,1.19,0.47,0.43,20112,15.75471544265747
1.78,1.38,1.21,0.72,0.61,0.47,1.19,0.47,0.43,20141,15.755587339401245
1.78,1.38,1.21,0.72,0.61,0.47,1.18,0.47,0.43,20516,15.758134841918945
1.78,1.38,1.21,0.72,0.61,0.47,1.18,0.47,0.43,20503,15.762760400772095
1.78,1.38,1.21,0.72,0.61,0.48,1.19,0.47,0.43,20148,15.767807722091675
1.79,1.38,1.21,0.72,0.61,0.48,1.18,0.47,0.43,19971,15.770806312561035
1.79,1.38,1.21,0.72,0.61,0.48,1.18,0.47,0.43,19974,15.770806312561035
1.78,1.38,1.21,0.72,0.61,0.47,1.18,0.47,0.43,20263,15.774730205535889
1.79,1.38,1.21,0.72,0.62,0.47,1.19,0.47,0.43,20622,15.778818845748901
1.78,1.38,1.21,0.72,0.61,0.47,1.18,0.47,0.43,20935,15.78281855583191
1.78,1.38,1.21,0.72,0.61,0.47,1.18,0.47,0.43,20324,15.78381872177124
1.78,1.38,1.21,0.72,0.61,0.47,1.19,0.47,0.43,20421,15.786818265914917
1.78,1.38,1.21,0.72,0.62,0.47,1.19,0.46,0.43,20860,15.790817260742188
1.78,1.38,1.21,0.72,0.62,0.47,1.19,0.47,0.43,20755,15.794867753982544
1.78,1.38,1.21,0.72,0.61,0.47,1.18,0.47,0.43,20512,15.795897245407104
1.78,1.38,1.21,0.72,0.61,0.48,1.18,0.47,0.43,20407,15.799350500106812
1.78,1.38,1.21,0.72,0.61,0.47,1.19,0.47,0.43,20222,15.803977012634277
1.78,1.38,1.21,0.72,0.62,0.48,1.19,0.47,0.43,20623,15.807975769042969
1.78,1.38,1.21,0.72,0.61,0.47,1.19,0.47,0.43,21080,15.807975769042969
1.78,1.38,1.21,0.72,0.61,0.47,1.18,0.47,0.43,20685,15.811997413635254
1.79,1.38,1.21,0.72,0.61,0.47,1.18,0.47,0.43,20152,15.81604552268982
1.78,1.38,1.21,0.72,0.61,0.47,1.19,0.47,0.43,20245,15.82038426399231
1.78,1.38,1.21,0.72,0.61,0.48,1.18,0.46,0.43,20404,15.82137155532837
1.78,1.38,1.21,0.72,0.61,0.47,1.19,0.47,0.43,20133,15.824450731277466
1.79,1.38,1.21,0.72,0.62,0.47,1.18,0.47,0.43,20250,15.827907085418701
1.78,1.38,1.21,0.72,0.62,0.47,1.18,0.47,0.43,20471,15.832932472229004
1.78,1.38,1.21,0.72,0.62,0.48,1.18,0.47,0.43,20406,15.832932472229004
1.78,1.38,1.21,0.72,0.62,0.47,1.18,0.47,0.43,20293,15.836452960968018
1.78,1.38,1.21,0.72,0.62,0.48,1.18,0.47,0.43,20426,15.840900182723999
1.79,1.38,1.21,0.72,0.61,0.48,1.18,0.47,0.43,20663,15.84488320350647
1.78,1.38,1.21,0.72,0.61,0.48,1.19,0.47,0.42,20756,15.848900318145752
1.78,1.38,1.21,0.72,0.61,0.48,1.19,0.47,0.43,20817,15.848900318145752
1.78,1.38,1.21,0.72,0.61,0.48,1.19,0.47,0.43,20632,15.852898120880127
1.79,1.38,1.21,0.72,0.61,0.47,1.19,0.47,0.43,20493,15.856784582138062
1.78,1.38,1.21,0.72,0.61,0.47,1.19,0.47,0.43,20352,15.860421657562256
1.78,1.38,1.21,0.72,0.62,0.47,1.18,0.47,0.43,20201,15.861475706100464
1.78,1.38,1.21,0.72,0.61,0.47,1.19,0.47,0.43,20222,15.864956378936768
1.78,1.38,1.21,0.72,0.61,0.48,1.18,0.47,0.43,19991,15.869044303894043
1.78,1.38,1.21,0.72,0.61,0.48,1.19,0.47,0.43,19776,15.872909784317017
1.78,1.38,1.21,0.72,0.61,0.48,1.18,0.47,0.43,20695,15.873761415481567
1.79,1.38,1.21,0.72,0.61,0.48,1.18,0.47,0.43,20840,15.877774238586426
1.78,1.38,1.21,0.72,0.61,0.47,1.19,0.47,0.43,20883,15.881775617599487
1.78,1.38,1.21,0.72,0.61,0.47,1.19,0.47,0.43,20922,15.88607907295227
1.79,1.38,1.21,0.72,0.62,0.48,1.18,0.47,0.43,20747,15.88607907295227
1.78,1.38,1.21,0.72,0.61,0.48,1.18,0.47,0.43,20800,15.88953185081482
1.78,1.38,1.21,0.72,0.62,0.48,1.18,0.47,0.43,20585,15.893636226654053
1.78,1.38,1.21,0.72,0.62,0.48,1.19,0.47,0.43,20558,15.898090124130249
1.78,1.38,1.21,0.72,0.61,0.48,1.19,0.47,0.43,20567,15.899133920669556
1.79,1.38,1.21,0.72,0.61,0.48,1.19,0.47,0.43,20532,15.902352094650269
1.78,1.38,1.21,0.72,0.61,0.48,1.19,0.47,0.43,20923,15.906166076660156
1.78,1.38,1.21,0.72,0.62,0.48,1.19,0.47,0.43,20844,15.910324811935425
1.78,1.38,1.21,0.72,0.61,0.48,1.19,0.47,0.43,20883,15.911346197128296
1.78,1.38,1.21,0.72,0.61,0.48,1.19,0.47,0.43,20372,15.914401054382324
1.78,1.38,1.21,0.72,0.61,0.47,1.19,0.47,0.43,20247,15.918383598327637
1.78,1.38,1.21,0.72,0.61,0.47,1.18,0.47,0.43,20038,15.923352718353271
1.78,1.38,1.21,0.72,0.61,0.47,1.19,0.47,0.43,20351,15.926665544509888
1.78,1.38,1.21,0.72,0.61,0.48,1.19,0.46,0.43,20566,15.926665544509888
1.78,1.38,1.21,0.72,0.61,0.48,1.19,0.47,0.43,20435,15.930834531784058
1.78,1.38,1.21,0.72,0.61,0.48,1.19,0.47,0.43,20754,15.935009241104126
1.78,1.38,1.21,0.72,0.62,0.48,1.18,0.47,0.43,20407,15.938968658447266
1.78,1.38,1.21,0.72,0.61,0.48,1.18,0.47,0.43,20636,15.940011739730835
1.78,1.38,1.21,0.72,0.61,0.48,1.19,0.47,0.43,20471,15.942374467849731
1.78,1.38,1.21,0.72,0.61,0.48,1.18,0.47,0.43,20454,15.947383165359497
1.78,1.38,1.21,0.72,0.61,0.48,1.19,0.47,0.43,20389,15.951383352279663
1.78,1.38,1.21,0.72,0.61,0.48,1.18,0.47,0.43,20310,15.951383352279663
1.78,1.38,1.21,0.72,0.61,0.48,1.18,0.46,0.43,20571,15.95538330078125
1.78,1.38,1.21,0.72,0.61,0.48,1.18,0.47,0.43,20324,15.959388256072998
1.78,1.38,1.21,0.72,0.61,0.48,1.19,0.47,0.43,20391,15.963371753692627
1.78,1.38,1.21,0.72,0.62,0.48,1.18,0.47,0.43,20526,15.963371753692627
1.79,1.38,1.21,0.72,0.62,0.48,1.19,0.47,0.43,20401,15.967389822006226
1.78,1.38,1.21,0.72,0.61,0.48,1.18,0.47,0.43,20462,15.971388578414917
1.78,1.38,1.21,0.72,0.62,0.48,1.18,0.47,0.43,20493,15.975401639938354
1.78,1.38,1.21,0.72,0.62,0.48,1.18,0.46,0.43,20430,15.976393461227417
1.78,1.38,1.21,0.72,0.62,0.48,1.18,0.47,0.43,20511,15.979418754577637
1.78,1.38,1.21,0.72,0.61,0.48,1.18,0.47,0.43,20326,15.98363971710205
1.78,1.38,1.21,0.72,0.62,0.48,1.19,0.47,0.43,20675,15.987701654434204
1.78,1.38,1.22,0.72,0.62,0.48,1.18,0.47,0.43,20964,15.991718530654907
1.78,1.38,1.21,0.72,0.62,0.48,1.18,0.47,0.43,20485,15.991718530654907
1.78,1.38,1.21,0.72,0.62,0.48,1.18,0.47,0.43,20390,15.99571967124939
1.78,1.38,1.21,0.72,0.62,0.48,1.19,0.47,0.43,20053,15.999719381332397
1.78,1.38,1.21,0.72,0.62,0.48,1.18,0.47,0.43,20290,16.00422191619873
1.78,1.38,1.21,0.72,0.62,0.48,1.18,0.47,0.43,20225,16.00422191619873
1.78,1.38,1.21,0.72,0.62,0.48,1.18,0.47,0.43,20184,16.007771015167236
1.78,1.38,1.21,0.72,0.62,0.48,1.18,0.47,0.43,20745,16.011924266815186
1.78,1.38,1.21,0.72,0.61,0.48,1.19,0.47,0.43,20580,16.016923427581787
1.78,1.38,1.21,0.72,0.62,0.48,1.18,0.47,0.43,20457,16.016923427581787
1.78,1.38,1.21,0.72,0.62,0.48,1.19,0.47,0.43,20644,16.020938873291016
1.78,1.38,1.21,0.72,0.62,0.48,1.18,0.47,0.43,20553,16.024189233779907
1.78,1.39,1.21,0.72,0.62,0.48,1.18,0.47,0.43,20244,16.029229640960693
1.78,1.38,1.21,0.72,0.62,0.48,1.18,0.47,0.43,20321,16.030258893966675
1.78,1.38,1.21,0.72,0.62,0.48,1.18,0.47,0.43,20420,16.03256583213806
1.79,1.38,1.21,0.72,0.62,0.48,1.19,0.47,0.43,20157,16.036791563034058
1.78,1.38,1.21,0.72,0.62,0.48,1.18,0.47,0.43,20048,16.041470527648926
1.78,1.38,1.21,0.72,0.62,0.48,1.18,0.47,0.43,20239,16.04251980781555
1.78,1.38,1.21,0.72,0.62,0.48,1.18,0.47,0.43,20502,16.044829845428467
1.78,1.38,1.21,0.72,0.62,0.48,1.18,0.47,0.43,20277,16.04918098449707
1.78,1.38,1.21,0.72,0.62,0.48,1.19,0.47,0.43,20624,16.053486824035645
1.78,1.38,1.21,0.72,0.62,0.48,1.18,0.47,0.43,20735,16.05746865272522
1.79,1.38,1.22,0.72,0.62,0.48,1.18,0.47,0.43,20500,16.058226346969604
1.78,1.38,1.21,0.72,0.61,0.48,1.19,0.47,0.43,20727,16.061493158340454
1.78,1.38,1.21,0.72,0.62,0.48,1.18,0.47,0.43,20722,16.06554341316223
1.79,1.38,1.21,0.72,0.62,0.48,1.19,0.47,0.43,20615,16.069461584091187
1.78,1.38,1.21,0.72,0.61,0.48,1.18,0.47,0.43,20412,16.070485591888428
1.78,1.38,1.21,0.72,0.62,0.48,1.19,0.47,0.43,20325,16.07403302192688
1.78,1.38,1.21,0.72,0.62,0.48,1.19,0.47,0.43,20760,16.079000234603882
1.78,1.38,1.21,0.72,0.62,0.48,1.18,0.47,0.43,20849,16.082438468933105
1.78,1.38,1.21,0.72,0.62,0.48,1.19,0.47,0.43,20686,16.08316683769226
1.78,1.38,1.21,0.72,0.62,0.48,1.18,0.47,0.43,20765,16.086321353912354
1.78,1.38,1.21,0.72,0.62,0.48,1.18,0.46,0.43,20510,16.090415716171265
1.78,1.38,1.22,0.72,0.62,0.48,1.18,0.47,0.43,20515,16.094421863555908
1.78,1.38,1.21,0.72,0.61,0.48,1.18,0.47,0.43,20432,16.095166444778442
1.78,1.38,1.21,0.72,0.62,0.48,1.19,0.47,0.43,20375,16.0984148979187
1.78,1.38,1.21,0.72,0.61,0.48,1.18,0.47,0.43,20584,16.102797031402588
1.78,1.38,1.21,0.72,0.62,0.48,1.19,0.47,0.43,20581,16.106972694396973
1.79,1.38,1.21,0.72,0.61,0.48,1.18,0.47,0.43,20722,16.107847929000854
1.78,1.38,1.21,0.72,0.62,0.48,1.19,0.47,0.43,20535,16.11042022705078
1.79,1.38,1.21,0.72,0.62,0.48,1.18,0.47,0.43,20558,16.11500883102417
1.78,1.38,1.21,0.72,0.61,0.48,1.19,0.47,0.43,20879,16.119272470474243
1.79,1.38,1.21,0.72,0.62,0.48,1.18,0.47,0.43,20688,16.120075941085815
1.79,1.38,1.21,0.72,0.62,0.48,1.19,0.47,0.43,20605,16.123176097869873
1.78,1.38,1.22,0.72,0.62,0.48,1.18,0.46,0.43,20598,16.12726402282715
1.79,1.38,1.21,0.72,0.62,0.48,1.18,0.47,0.43,20429,16.131376028060913
1.79,1.38,1.21,0.72,0.62,0.48,1.18,0.47,0.43,20266,16.135466814041138
1.78,1.38,1.21,0.72,0.62,0.48,1.19,0.47,0.43,20289,16.135466814041138
1.79,1.38,1.21,0.72,0.62,0.48,1.18,0.47,0.43,20568,16.138978719711304
1.78,1.38,1.21,0.72,0.61,0.48,1.19,0.47,0.43,20651,16.143640518188477
1.79,1.38,1.21,0.72,0.61,0.47,1.18,0.47,0.43,20660,16.147581577301025
1.79,1.38,1.21,0.72,0.62,0.48,1.18,0.47,0.43,20581,16.148330450057983
1.79,1.38,1.21,0.72,0.62,0.48,1.18,0.47,0.43,20150,16.15164852142334
1.79,1.38,1.21,0.72,0.61,0.47,1.18,0.47,0.43,19897,16.156330585479736
1.79,1.38,1.21,0.72,0.62,0.48,1.18,0.47,0.43,20390,16.160682439804077
1.79,1.38,1.21,0.72,0.61,0.48,1.18,0.47,0.43,20719,16.160682439804077
1.79,1.38,1.21,0.72,0.62,0.48,1.18,0.47,0.43,20408,16.163978576660156
1.79,1.38,1.21,0.72,0.62,0.48,1.18,0.46,0.43,20389,16.16828751564026
1.78,1.38,1.21,0.72,0.62,0.48,1.19,0.47,0.43,20430,16.17268419265747
1.78,1.38,1.21,0.72,0.62,0.48,1.18,0.47,0.44,20661,16.17268419265747
1.79,1.38,1.21,0.72,0.61,0.48,1.19,0.47,0.44,20460,16.17668604850769
1.78,1.38,1.21,0.72,0.62,0.48,1.19,0.47,0.43,20127,16.180540800094604
1.78,1.38,1.21,0.72,0.62,0.48,1.18,0.47,0.43,20310,16.18464207649231
1.78,1.38,1.21,0.72,0.62,0.48,1.18,0.47,0.43,20483,16.185383558273315
1.78,1.38,1.21,0.72,0.62,0.48,1.18,0.47,0.43,20590,16.188643217086792
1.78,1.38,1.21,0.72,0.62,0.48,1.18,0.47,0.43,20847,16.19239854812622
1.78,1.38,1.21,0.72,0.62,0.48,1.18,0.46,0.43,20566,16.197093725204468
1.79,1.38,1.21,0.72,0.62,0.48,1.18,0.47,0.43,20439,16.201134204864502
1.78,1.38,1.21,0.72,0.62,0.48,1.18,0.47,0.43,20302,16.201134204864502
1.78,1.38,1.21,0.72,0.62,0.48,1.18,0.47,0.43,20341,16.205196857452393
1.78,1.38,1.22,0.72,0.62,0.48,1.18,0.47,0.43,20142,16.20940065383911
1.78,1.38,1.21,0.72,0.62,0.48,1.19,0.47,0.43,20179,16.21344828605652
1.78,1.38,1.21,0.72,0.61,0.48,1.19,0.47,0.43,20648,16.21344828605652
1.78,1.38,1.21,0.72,0.62,0.48,1.18,0.47,0.43,20665,16.217381477355957
1.78,1.38,1.21,0.72,0.62,0.48,1.18,0.47,0.43,20510,16.22163677215576
1.78,1.38,1.21,0.72,0.62,0.48,1.19,0.47,0.43,20723,16.224933862686157
1.78,1.38,1.22,0.72,0.62,0.48,1.18,0.47,0.43,20540,16.226463556289673
1.78,1.38,1.21,0.72,0.62,0.48,1.18,0.47,0.43,20441,16.22966432571411
1.78,1.38,1.21,0.72,0.62,0.48,1.18,0.47,0.43,20034,16.23376488685608
1.79,1.38,1.21,0.72,0.62,0.48,1.18,0.46,0.43,20493,16.23780655860901
1.78,1.38,1.21,0.72,0.62,0.48,1.18,0.47,0.43,20764,16.23849320411682
1.78,1.38,1.21,0.72,0.62,0.48,1.18,0.47,0.43,20809,16.24197745323181
1.78,1.38,1.21,0.72,0.62,0.48,1.19,0.47,0.43,20678,16.246102809906006
1.78,1.38,1.21,0.72,0.62,0.48,1.18,0.47,0.43,20503,16.250720262527466
1.78,1.38,1.21,0.72,0.62,0.48,1.18,0.47,0.43,20504,16.250720262527466
1.79,1.38,1.21,0.72,0.62,0.48,1.19,0.47,0.43,20583,16.25424861907959
1.78,1.38,1.21,0.72,0.62,0.48,1.18,0.47,0.43,20470,16.25831937789917
1.78,1.38,1.21,0.72,0.62,0.48,1.18,0.47,0.43,20467,16.262791633605957
1.78,1.38,1.21,0.72,0.62,0.48,1.18,0.47,0.43,20210,16.263844966888428
1.78,1.38,1.21,0.72,0.62,0.48,1.18,0.47,0.43,20433,16.266505479812622
1.78,1.38,1.21,0.72,0.62,0.48,1.18,0.47,0.43,20232,16.270503759384155
1.78,1.38,1.21,0.72,0.62,0.48,1.18,0.47,0.43,20313,16.27465510368347
1.78,1.38,1.21,0.72,0.62,0.48,1.19,0.47,0.43,20610,16.278909921646118
1.78,1.38,1.21,0.72,0.62,0.48,1.18,0.47,0.43,20333,16.278909921646118
1.78,1.38,1.21,0.72,0.62,0.48,1.18,0.47,0.44,20378,16.28292727470398
1.78,1.38,1.21,0.72,0.62,0.48,1.18,0.47,0.43,20369,16.286957025527954
1.78,1.38,1.21,0.72,0.62,0.48,1.18,0.47,0.43,20512,16.290969133377075
1.78,1.38,1.22,0.72,0.62,0.48,1.19,0.47,0.43,20587,16.29169249534607
1.78,1.38,1.21,0.72,0.62,0.48,1.18,0.47,0.43,20506,16.295379400253296
1.78,1.38,1.21,0.72,0.62,0.48,1.19,0.47,0.43,20533,16.299461364746094
1.78,1.38,1.21,0.72,0.62,0.48,1.19,0.47,0.43,20550,16.303460121154785
1.79,1.38,1.22,0.72,0.62,0.48,1.18,0.47,0.43,20289,16.303460121154785
1.79,1.38,1.21,0.72,0.62,0.48,1.18,0.47,0.43,20214,16.307164907455444
1.78,1.38,1.22,0.72,0.62,0.48,1.19,0.47,0.43,20531,16.311517477035522
1.78,1.38,1.22,0.72,0.62,0.48,1.18,0.47,0.43,20092,16.315803050994873
1.78,1.38,1.22,0.72,0.62,0.48,1.18,0.47,0.43,20563,16.316540241241455
1.78,1.38,1.22,0.72,0.62,0.48,1.18,0.47,0.43,20572,16.319775342941284
1.78,1.38,1.21,0.72,0.62,0.48,1.18,0.47,0.43,20597,16.32381796836853
1.78,1.38,1.21,0.72,0.62,0.48,1.18,0.47,0.43,20490,16.328184366226196
1.79,1.39,1.22,0.72,0.62,0.48,1.18,0.47,0.43,20271,16.32893657684326
1.78,1.38,1.22,0.72,0.62,0.48,1.18,0.47,0.44,19946,16.332083702087402
1.78,1.38,1.21,0.72,0.62,0.48,1.19,0.47,0.43,20497,16.336503267288208
1.79,1.38,1.22,0.72,0.62,0.48,1.19,0.47,0.43,21050,16.340859413146973
1.78,1.38,1.22,0.72,0.62,0.48,1.19,0.47,0.43,20993,16.344144344329834
1.78,1.38,1.22,0.72,0.62,0.48,1.18,0.47,0.43,20684,16.344144344329834
1.79,1.38,1.22,0.72,0.62,0.48,1.19,0.47,0.43,20261,16.348204612731934
1.78,1.38,1.21,0.72,0.62,0.48,1.18,0.47,0.43,20386,16.352957487106323
1.79,1.38,1.22,0.72,0.62,0.48,1.18,0.47,0.43,20361,16.355958938598633
1.79,1.38,1.22,0.72,0.62,0.48,1.18,0.47,0.43,20464,16.35693621635437
1.79,1.38,1.22,0.72,0.62,0.48,1.18,0.47,0.43,20171,16.360936164855957
1.79,1.38,1.22,0.72,0.62,0.48,1.19,0.47,0.43,20256,16.36479949951172
1.78,1.38,1.22,0.72,0.62,0.48,1.18,0.47,0.43,20575,16.369003772735596
1.79,1.38,1.22,0.72,0.62,0.48,1.18,0.47,0.43,20482,16.369003772735596
1.79,1.38,1.21,0.72,0.62,0.48,1.18,0.47,0.43,20595,16.373050689697266
1.79,1.38,1.21,0.72,0.62,0.48,1.18,0.47,0.43,20592,16.377384424209595
1.79,1.38,1.21,0.72,0.62,0.48,1.18,0.47,0.43,20333,16.381192445755005
1.79,1.38,1.22,0.72,0.62,0.48,1.18,0.47,0.43,20526,16.381192445755005
1.79,1.38,1.22,0.72,0.62,0.48,1.19,0.47,0.44,20461,16.385043621063232
1.78,1.38,1.22,0.72,0.62,0.48,1.19,0.47,0.43,20274,16.389817714691162
1.79,1.38,1.22,0.72,0.62,0.48,1.18,0.47,0.43,20475,16.39383816719055
1.79,1.38,1.22,0.72,0.62,0.48,1.18,0.47,0.44,20390,16.39383816719055
1.79,1.38,1.22,0.72,0.62,0.48,1.18,0.47,0.43,20249,16.397817373275757
1.79,1.38,1.22,0.72,0.62,0.48,1.18,0.47,0.43,20420,16.40189003944397
1.79,1.38,1.22,0.72,0.62,0.48,1.18,0.47,0.43,20773,16.4061439037323
1.79,1.38,1.22,0.72,0.62,0.48,1.18,0.47,0.43,20738,16.40968680381775
1.79,1.38,1.22,0.72,0.62,0.48,1.18,0.47,0.43,20369,16.40968680381775
1.79,1.38,1.21,0.72,0.62,0.48,1.18,0.47,0.43,20672,16.413695573806763
1.79,1.38,1.22,0.72,0.62,0.48,1.18,0.47,0.43,20537,16.418254852294922
1.79,1.38,1.22,0.72,0.62,0.48,1.18,0.47,0.43,20540,16.422651052474976
1.78,1.38,1.22,0.72,0.62,0.48,1.18,0.47,0.43,20301,16.422651052474976
1.79,1.38,1.22,0.72,0.62,0.48,1.18,0.47,0.43,20300,16.425825119018555
1.79,1.38,1.22,0.72,0.62,0.48,1.18,0.47,0.43,20593,16.430160999298096
1.79,1.38,1.21,0.72,0.62,0.48,1.18,0.47,0.43,20674,16.434431076049805
1.79,1.38,1.22,0.72,0.62,0.48,1.18,0.47,0.43,20581,16.435242891311646
1.78,1.38,1.21,0.72,0.62,0.48,1.19,0.47,0.43,20734,16.438515424728394
1.79,1.38,1.21,0.72,0.62,0.48,1.19,0.47,0.43,20413,16.442514419555664
1.79,1.38,1.22,0.72,0.62,0.48,1.18,0.47,0.43,20570,16.446515321731567
1.79,1.38,1.22,0.72,0.62,0.48,1.18,0.47,0.43,20437,16.447242736816406
1.79,1.38,1.22,0.72,0.62,0.48,1.18,0.47,0.43,20574,16.450785160064697
1.79,1.38,1.22,0.72,0.62,0.48,1.18,0.47,0.43,20633,16.45505714416504
1.79,1.38,1.22,0.72,0.62,0.48,1.18,0.47,0.43,20750,16.459165334701538
1.79,1.38,1.22,0.72,0.62,0.48,1.18,0.47,0.43,20407,16.46010398864746
1.79,1.38,1.21,0.72,0.62,0.48,1.18,0.46,0.43,20476,16.463282585144043
1.79,1.38,1.21,0.72,0.62,0.48,1.18,0.47,0.43,20549,16.467421770095825
1.79,1.38,1.21,0.72,0.62,0.48,1.18,0.47,0.43,20252,16.471444129943848
1.79,1.38,1.21,0.72,0.63,0.48,1.18,0.46,0.43,20075,16.475428819656372
1.79,1.38,1.21,0.72,0.63,0.48,1.18,0.47,0.43,19872,16.475428819656372
1.79,1.38,1.21,0.72,0.63,0.48,1.18,0.47,0.43,20107,16.479666471481323
1.79,1.38,1.21,0.72,0.63,0.48,1.18,0.47,0.43,20412,16.483781337738037
1.79,1.38,1.22,0.72,0.63,0.48,1.18,0.47,0.43,20453,16.487829446792603
1.78,1.38,1.21,0.72,0.63,0.48,1.18,0.47,0.43,20720,16.487829446792603
1.79,1.38,1.21,0.72,0.62,0.48,1.18,0.47,0.43,20787,16.491807460784912
1.79,1.38,1.21,0.72,0.63,0.48,1.18,0.47,0.43,20136,16.49647808074951
1.79,1.38,1.21,0.72,0.63,0.48,1.18,0.47,0.43,20245,16.500449895858765
1.79,1.38,1.22,0.72,0.63,0.48,1.18,0.47,0.43,20478,16.500449895858765
1.79,1.38,1.22,0.72,0.63,0.48,1.18,0.47,0.43,20367,16.50409173965454
1.79,1.38,1.21,0.72,0.63,0.48,1.19,0.47,0.43,20590,16.50836682319641
1.79,1.38,1.22,0.72,0.62,0.48,1.18,0.47,0.43,20905,16.51244330406189
1.79,1.38,1.22,0.72,0.63,0.48,1.18,0.47,0.43,20706,16.51244330406189
1.79,1.38,1.21,0.72,0.63,0.48,1.18,0.47,0.43,20587,16.516528606414795
1.79,1.38,1.21,0.72,0.63,0.48,1.18,0.47,0.43,20524,16.520649671554565
1.79,1.38,1.22,0.72,0.63,0.48,1.18,0.47,0.43,20569,16.524683237075806
1.79,1.38,1.22,0.72,0.63,0.48,1.18,0.47,0.43,20468,16.525463104248047
1.79,1.38,1.22,0.72,0.63,0.48,1.18,0.47,0.43,20461,16.52853298187256
1.78,1.38,1.22,0.72,0.63,0.48,1.18,0.47,0.43,20712,16.53358221054077
1.79,1.38,1.21,0.72,0.63,0.48,1.18,0.47,0.43,20683,16.536988496780396
1.79,1.38,1.21,0.72,0.63,0.48,1.18,0.47,0.43,20488,16.536988496780396
1.79,1.38,1.21,0.72,0.63,0.48,1.18,0.47,0.43,20617,16.54137873649597
1.79,1.38,1.22,0.72,0.63,0.48,1.19,0.47,0.43,20640,16.544901132583618
1.79,1.38,1.22,0.72,0.63,0.48,1.18,0.47,0.43,20275,16.549211978912354
1.79,1.38,1.21,0.72,0.63,0.48,1.18,0.46,0.43,20614,16.55321216583252
1.79,1.38,1.22,0.72,0.63,0.48,1.18,0.47,0.43,20739,16.553945541381836
1.79,1.38,1.22,0.72,0.63,0.48,1.18,0.47,0.43,20372,16.55721139907837
1.79,1.38,1.22,0.72,0.62,0.48,1.18,0.47,0.43,20501,16.56194567680359
1.79,1.38,1.22,0.72,0.63,0.48,1.18,0.47,0.43,20800,16.565781116485596
1.79,1.38,1.22,0.72,0.63,0.48,1.18,0.47,0.43,20471,16.565781116485596
1.79,1.38,1.21,0.72,0.63,0.48,1.18,0.47,0.43,20516,16.570518493652344
1.79,1.38,1.21,0.72,0.63,0.49,1.18,0.47,0.44,20473,16.574248552322388
1.79,1.38,1.22,0.72,0.63,0.48,1.18,0.46,0.43,20428,16.57752513885498
1.79,1.38,1.21,0.72,0.63,0.48,1.18,0.47,0.43,20361,16.578248500823975
1.79,1.38,1.22,0.72,0.63,0.48,1.18,0.46,0.43,20304,16.582241773605347
1.79,1.38,1.21,0.72,0.63,0.48,1.18,0.46,0.44,20453,16.586261749267578
1.79,1.38,1.21,0.72,0.63,0.48,1.18,0.46,0.43,20302,16.590258598327637
1.79,1.38,1.21,0.72,0.63,0.48,1.18,0.46,0.44,20447,16.590258598327637
1.79,1.38,1.22,0.72,0.63,0.48,1.18,0.46,0.43,20530,16.594305276870728
1.79,1.38,1.22,0.72,0.63,0.48,1.18,0.47,0.44,20303,16.59807825088501
1.79,1.38,1.22,0.72,0.63,0.48,1.18,0.46,0.43,20278,16.60252070426941
1.79,1.38,1.22,0.72,0.63,0.48,1.18,0.47,0.44,20457,16.603570222854614
1.79,1.38,1.22,0.72,0.63,0.48,1.18,0.46,0.43,20620,16.60677433013916
1.79,1.38,1.22,0.72,0.63,0.48,1.18,0.46,0.43,20603,16.61076307296753
1.79,1.38,1.22,0.72,0.63,0.48,1.18,0.46,0.43,20860,16.614556789398193
1.79,1.38,1.22,0.72,0.63,0.48,1.18,0.47,0.43,20515,16.618812799453735
1.78,1.38,1.22,0.72,0.63,0.48,1.18,0.47,0.43,20364,16.618812799453735
1.79,1.38,1.22,0.72,0.63,0.48,1.18,0.46,0.43,20101,16.622921228408813
1.79,1.38,1.22,0.72,0.63,0.48,1.18,0.46,0.43,20430,16.627509832382202
1.78,1.37,1.22,0.72,0.63,0.48,1.18,0.47,0.43,20391,16.63027262687683
1.79,1.38,1.22,0.72,0.63,0.48,1.18,0.47,0.43,20300,16.631303787231445
1.78,1.38,1.22,0.72,0.63,0.48,1.18,0.46,0.43,20047,16.634984016418457
1.78,1.38,1.22,0.72,0.63,0.48,1.18,0.47,0.43,20370,16.639713287353516
1.79,1.38,1.22,0.72,0.63,0.48,1.18,0.47,0.43,20683,16.643399715423584
1.79,1.38,1.22,0.72,0.63,0.48,1.18,0.46,0.43,20698,16.64412212371826
1.79,1.38,1.22,0.72,0.63,0.48,1.18,0.47,0.44,20641,16.647393703460693
1.79,1.38,1.22,0.72,0.63,0.48,1.18,0.46,0.43,20378,16.652117013931274
1.79,1.38,1.22,0.72,0.63,0.48,1.18,0.47,0.44,20241,16.65540099143982
1.78,1.38,1.21,0.72,0.63,0.48,1.18,0.46,0.43,20504,16.656121969223022
1.79,1.38,1.21,0.72,0.63,0.48,1.18,0.47,0.43,20733,16.660120010375977
1.79,1.38,1.22,0.72,0.63,0.48,1.18,0.47,0.43,20684,16.663821697235107
1.78,1.38,1.22,0.72,0.63,0.48,1.18,0.47,0.43,20759,16.66804552078247
1.79,1.38,1.22,0.72,0.63,0.48,1.18,0.46,0.43,20882,16.669089317321777
1.79,1.38,1.21,0.72,0.63,0.48,1.18,0.47,0.43,21041,16.672429084777832
1.79,1.38,1.22,0.72,0.63,0.48,1.18,0.47,0.44,20552,16.676223278045654
1.79,1.38,1.22,0.72,0.63,0.48,1.18,0.47,0.43,20683,16.68078064918518
1.79,1.37,1.22,0.72,0.63,0.48,1.18,0.47,0.43,20626,16.68078064918518
1.79,1.37,1.21,0.72,0.63,0.48,1.18,0.47,0.43,20665,16.684028387069702
1.79,1.37,1.22,0.72,0.63,0.48,1.18,0.47,0.43,20812,16.688790798187256
1.79,1.38,1.22,0.72,0.63,0.48,1.19,0.47,0.43,20669,16.692776918411255
1.79,1.37,1.21,0.72,0.63,0.48,1.18,0.47,0.43,20360,16.69671130180359
1.79,1.38,1.22,0.72,0.63,0.49,1.18,0.47,0.43,20531,16.69671130180359
1.79,1.38,1.22,0.72,0.63,0.48,1.19,0.47,0.43,20580,16.700503826141357
1.79,1.38,1.22,0.72,0.63,0.48,1.18,0.47,0.43,20727,16.705411195755005
1.79,1.38,1.22,0.72,0.63,0.48,1.18,0.47,0.43,20364,16.70896315574646
1.79,1.37,1.22,0.72,0.63,0.48,1.18,0.46,0.44,19963,16.70939540863037
1.79,1.38,1.22,0.72,0.63,0.48,1.18,0.47,0.43,20086,16.713026523590088
1.79,1.38,1.22,0.72,0.63,0.48,1.18,0.47,0.44,20053,16.717243909835815
1.79,1.38,1.22,0.72,0.63,0.48,1.18,0.47,0.44,20508,16.72126793861389
1.79,1.38,1.22,0.72,0.63,0.48,1.18,0.47,0.44,20623,16.72126793861389
1.79,1.38,1.22,0.72,0.63,0.48,1.18,0.46,0.43,20414,16.7254159450531
1.79,1.38,1.22,0.72,0.63,0.48,1.18,0.46,0.44,20423,16.729307413101196
1.78,1.38,1.22,0.72,0.63,0.48,1.18,0.47,0.43,20650,16.7333083152771
1.79,1.38,1.22,0.72,0.63,0.48,1.18,0.47,0.44,20603,16.7333083152771
1.79,1.38,1.22,0.72,0.63,0.48,1.18,0.47,0.44,20594,16.73756718635559
1.79,1.37,1.22,0.72,0.63,0.48,1.18,0.47,0.43,20657,16.741610288619995
1.79,1.37,1.22,0.72,0.63,0.49,1.18,0.47,0.44,20508,16.74562382698059
1.79,1.38,1.22,0.72,0.63,0.48,1.18,0.47,0.44,20123,16.74562382698059
1.79,1.38,1.22,0.72,0.63,0.48,1.18,0.47,0.43,20380,16.74985671043396
1.79,1.38,1.22,0.72,0.63,0.48,1.18,0.46,0.43,20549,16.753958702087402
1.79,1.38,1.22,0.72,0.63,0.48,1.18,0.47,0.43,20316,16.757988214492798
1.79,1.38,1.22,0.72,0.63,0.48,1.18,0.47,0.43,20357,16.76192855834961
1.79,1.38,1.22,0.72,0.63,0.48,1.18,0.46,0.43,20446,16.762657403945923
1.79,1.38,1.22,0.72,0.63,0.48,1.18,0.47,0.44,20775,16.766279220581055
1.79,1.38,1.22,0.72,0.63,0.49,1.18,0.47,0.44,21010,16.77048349380493
1.79,1.38,1.22,0.72,0.63,0.48,1.19,0.46,0.43,21017,16.774467945098877
1.79,1.37,1.22,0.72,0.63,0.48,1.18,0.47,0.43,20486,16.774467945098877
1.79,1.37,1.22,0.72,0.63,0.48,1.18,0.47,0.43,20343,16.77872633934021
1.79,1.38,1.22,0.72,0.63,0.48,1.18,0.47,0.44,20410,16.782784938812256
1.79,1.38,1.22,0.72,0.63,0.48,1.18,0.47,0.43,20559,16.78674864768982
1.79,1.38,1.22,0.72,0.63,0.48,1.18,0.47,0.44,20974,16.78674864768982
1.79,1.38,1.22,0.72,0.63,0.49,1.18,0.47,0.44,20533,16.79074192047119
1.79,1.38,1.22,0.72,0.63,0.48,1.18,0.47,0.44,20524,16.794788599014282
1.79,1.38,1.21,0.72,0.63,0.48,1.18,0.47,0.44,20409,16.798887491226196
1.79,1.38,1.22,0.72,0.63,0.48,1.18,0.47,0.44,20132,16.798887491226196
1.79,1.38,1.22,0.72,0.63,0.48,1.19,0.47,0.44,20359,16.803110361099243
1.79,1.38,1.22,0.72,0.63,0.48,1.18,0.46,0.44,20382,16.807167053222656
1.79,1.38,1.22,0.72,0.63,0.48,1.18,0.47,0.44,20587,16.811161994934082
1.79,1.38,1.22,0.72,0.63,0.48,1.18,0.47,0.44,20394,16.811897039413452
1.79,1.38,1.22,0.72,0.63,0.48,1.18,0.47,0.43,19973,16.815435886383057
1.79,1.37,1.22,0.72,0.63,0.48,1.18,0.47,0.44,20114,16.819453716278076
1.79,1.38,1.22,0.72,0.63,0.48,1.19,0.46,0.43,20473,16.82372808456421
1.79,1.38,1.22,0.72,0.63,0.48,1.18,0.46,0.44,20328,16.82475447654724
1.79,1.38,1.21,0.72,0.63,0.48,1.18,0.47,0.44,20233,16.827922344207764
1.79,1.38,1.22,0.72,0.63,0.48,1.18,0.47,0.44,20108,16.83208703994751
1.79,1.38,1.22,0.72,0.63,0.48,1.18,0.47,0.44,20343,16.83541250228882
1.79,1.38,1.22,0.72,0.63,0.48,1.18,0.47,0.44,20564,16.83942198753357
1.79,1.38,1.21,0.72,0.63,0.48,1.18,0.47,0.43,20475,16.84045171737671
1.79,1.38,1.21,0.72,0.63,0.48,1.18,0.47,0.44,20398,16.844108819961548
1.79,1.38,1.22,0.72,0.63,0.48,1.18,0.47,0.44,20525,16.848356008529663
1.79,1.38,1.22,0.72,0.63,0.48,1.18,0.47,0.44,20792,16.85233163833618
1.79,1.38,1.22,0.72,0.63,0.48,1.18,0.47,0.44,20633,16.853156805038452
1.79,1.38,1.22,0.72,0.63,0.48,1.18,0.47,0.44,20548,16.856136322021484
1.79,1.37,1.22,0.72,0.63,0.48,1.19,0.47,0.44,20681,16.860308170318604
1.79,1.38,1.22,0.72,0.63,0.48,1.18,0.47,0.44,20522,16.864164113998413
1.79,1.38,1.22,0.72,0.63,0.48,1.18,0.47,0.43,20445,16.865164518356323
1.79,1.38,1.22,0.72,0.63,0.48,1.18,0.47,0.44,20262,16.868427991867065
1.79,1.38,1.22,0.72,0.63,0.48,1.18,0.47,0.44,20445,16.872467517852783
1.79,1.38,1.22,0.72,0.62,0.48,1.18,0.47,0.44,20582,16.87646794319153
1.79,1.38,1.22,0.72,0.63,0.48,1.18,0.47,0.44,20547,16.877450704574585
1.79,1.38,1.22,0.72,0.62,0.48,1.18,0.47,0.43,20448,16.880468130111694
1.79,1.38,1.22,0.72,0.63,0.48,1.18,0.47,0.44,20269,16.88444709777832
1.79,1.38,1.22,0.72,0.63,0.48,1.18,0.47,0.43,20540,16.88851809501648
1.79,1.38,1.22,0.72,0.62,0.48,1.18,0.47,0.44,20781,16.889558792114258
1.79,1.38,1.22,0.72,0.62,0.48,1.18,0.47,0.44,20678,16.893558502197266
1.79,1.38,1.22,0.72,0.62,0.48,1.18,0.47,0.44,20441,16.897387504577637
1.79,1.38,1.22,0.72,0.63,0.48,1.18,0.47,0.44,20338,16.901560068130493
1.79,1.38,1.22,0.72,0.62,0.48,1.18,0.47,0.44,20429,16.90248680114746
1.79,1.38,1.22,0.72,0.63,0.48,1.18,0.47,0.44,20432,16.905789613723755
1.79,1.38,1.22,0.72,0.62,0.48,1.18,0.47,0.44,20325,16.909693479537964
1.79,1.38,1.22,0.72,0.63,0.48,1.18,0.47,0.44,20394,16.914021492004395
1.79,1.38,1.22,0.72,0.63,0.48,1.18,0.47,0.44,20241,16.918116331100464
1.79,1.38,1.22,0.72,0.63,0.48,1.18,0.47,0.44,20090,16.918116331100464
1.79,1.38,1.22,0.72,0.63,0.48,1.18,0.47,0.44,20003,16.922093152999878
1.79,1.38,1.22,0.72,0.63,0.48,1.18,0.47,0.44,20516,16.926144123077393
1.79,1.38,1.22,0.72,0.63,0.49,1.18,0.47,0.44,20355,16.92984414100647
1.79,1.38,1.22,0.72,0.63,0.48,1.18,0.47,0.44,20192,16.930574655532837
1.79,1.38,1.22,0.72,0.63,0.48,1.18,0.47,0.44,20489,16.934564352035522
1.79,1.37,1.22,0.72,0.63,0.48,1.18,0.47,0.44,20788,16.938894748687744
1.79,1.38,1.22,0.72,0.63,0.48,1.18,0.47,0.44,20725,16.942182064056396
1.79,1.38,1.22,0.72,0.63,0.48,1.18,0.47,0.44,21024,16.94291591644287
1.79,1.38,1.22,0.72,0.63,0.48,1.18,0.47,0.44,20975,16.946766138076782
1.79,1.38,1.22,0.72,0.64,0.48,1.18,0.47,0.44,20666,16.95075511932373
1.79,1.38,1.21,0.72,0.63,0.48,1.18,0.47,0.44,20593,16.954859733581543
1.79,1.38,1.21,0.72,0.63,0.48,1.18,0.47,0.44,20482,16.954859733581543
1.79,1.37,1.21,0.72,0.63,0.48,1.18,0.46,0.44,20197,16.95903968811035
1.79,1.38,1.21,0.72,0.63,0.48,1.18,0.46,0.44,20404,16.963226795196533
1.79,1.38,1.22,0.72,0.63,0.48,1.18,0.47,0.44,20479,16.967224597930908
1.79,1.38,1.21,0.72,0.63,0.48,1.18,0.47,0.44,20514,16.967224597930908
1.79,1.38,1.21,0.72,0.63,0.48,1.18,0.47,0.44,20251,16.971224546432495
1.79,1.38,1.21,0.72,0.63,0.48,1.18,0.47,0.44,20394,16.97522521018982
1.79,1.37,1.21,0.72,0.63,0.48,1.18,0.47,0.43,20509,16.9793062210083
1.79,1.37,1.22,0.72,0.63,0.49,1.18,0.47,0.44,20404,16.9793062210083
1.79,1.37,1.21,0.72,0.63,0.48,1.19,0.47,0.44,20277,16.983439922332764
1.79,1.38,1.21,0.72,0.63,0.48,1.18,0.47,0.44,20042,16.987534761428833
1.79,1.38,1.21,0.72,0.63,0.48,1.18,0.47,0.44,20165,16.99149990081787
1.79,1.37,1.22,0.72,0.63,0.48,1.18,0.47,0.44,20346,16.992435932159424
1.79,1.38,1.21,0.72,0.63,0.48,1.18,0.47,0.44,20373,16.995436191558838
1.79,1.38,1.22,0.72,0.63,0.48,1.18,0.47,0.43,20594,16.999470233917236
1.79,1.38,1.21,0.72,0.63,0.48,1.19,0.47,0.44,20339,17.003589153289795
1.79,1.37,1.22,0.72,0.63,0.48,1.18,0.46,0.44,20358,17.007588386535645
1.78,1.37,1.21,0.72,0.63,0.48,1.19,0.47,0.43,20563,17.00859236717224
1.79,1.37,1.22,0.72,0.63,0.48,1.19,0.47,0.44,20600,17.011589527130127
1.79,1.38,1.22,0.72,0.63,0.48,1.18,0.47,0.44,20757,17.01559591293335
1.78,1.37,1.21,0.72,0.63,0.48,1.19,0.47,0.44,20812,17.02025270462036
1.79,1.38,1.21,0.72,0.63,0.48,1.18,0.46,0.44,20949,17.020408153533936
1.79,1.38,1.21,0.72,0.63,0.48,1.19,0.47,0.44,20844,17.024386644363403
1.79,1.38,1.22,0.72,0.63,0.48,1.18,0.47,0.44,20483,17.028645992279053
1.79,1.38,1.22,0.72,0.63,0.49,1.18,0.47,0.43,20518,17.032168865203857
1.79,1.38,1.22,0.72,0.63,0.48,1.18,0.47,0.44,20399,17.03317093849182
1.79,1.38,1.21,0.72,0.63,0.48,1.18,0.47,0.44,20534,17.036168813705444
1.79,1.38,1.22,0.72,0.63,0.48,1.18,0.47,0.44,20347,17.040170669555664
1.79,1.38,1.21,0.72,0.63,0.48,1.18,0.47,0.43,20412,17.0441951751709
1.79,1.37,1.22,0.72,0.63,0.48,1.18,0.46,0.44,20435,17.045297622680664
1.79,1.38,1.22,0.72,0.63,0.48,1.19,0.47,0.44,20886,17.04860234260559
1.79,1.38,1.22,0.72,0.63,0.48,1.19,0.47,0.44,20579,17.052622079849243
1.79,1.38,1.22,0.72,0.63,0.48,1.18,0.47,0.44,20206,17.05662202835083
1.79,1.38,1.21,0.72,0.63,0.48,1.18,0.47,0.44,20303,17.057623147964478
1.79,1.38,1.22,0.72,0.63,0.48,1.18,0.47,0.44,20378,17.060622215270996
1.79,1.38,1.22,0.72,0.63,0.48,1.19,0.47,0.44,20697,17.06502389907837
1.79,1.38,1.22,0.72,0.63,0.48,1.19,0.47,0.44,20368,17.06975269317627
1.79,1.38,1.22,0.72,0.63,0.48,1.18,0.47,0.43,20721,17.06975269317627
1.79,1.38,1.22,0.72,0.63,0.48,1.19,0.47,0.44,20472,17.072816133499146
1.79,1.38,1.22,0.72,0.63,0.48,1.18,0.47,0.44,20373,17.076815605163574
1.79,1.38,1.22,0.72,0.63,0.48,1.19,0.47,0.44,20366,17.08188819885254
1.79,1.38,1.22,0.72,0.63,0.48,1.18,0.47,0.44,20641,17.085829496383667
1.79,1.38,1.22,0.72,0.63,0.48,1.18,0.47,0.44,20402,17.085829496383667
1.79,1.38,1.22,0.72,0.63,0.48,1.19,0.47,0.44,20593,17.089826583862305
1.79,1.38,1.22,0.72,0.63,0.48,1.19,0.47,0.43,21090,17.094022035598755
1.79,1.38,1.22,0.72,0.63,0.48,1.18,0.47,0.44,20671,17.09886384010315
1.79,1.38,1.22,0.72,0.63,0.48,1.18,0.47,0.44,20544,17.09886384010315
1.79,1.38,1.22,0.72,0.63,0.48,1.18,0.46,0.44,20935,17.101901054382324
1.79,1.38,1.22,0.72,0.63,0.49,1.19,0.47,0.43,20842,17.10647177696228
1.79,1.37,1.22,0.72,0.63,0.48,1.18,0.47,0.44,20687,17.110458374023438
1.79,1.38,1.22,0.72,0.63,0.48,1.18,0.47,0.43,20870,17.111401796340942
1.79,1.37,1.22,0.72,0.63,0.48,1.18,0.47,0.44,21089,17.114752292633057
1.79,1.38,1.22,0.72,0.63,0.48,1.18,0.46,0.44,20650,17.11875081062317
1.79,1.38,1.22,0.72,0.63,0.48,1.18,0.47,0.43,20507,17.122899055480957
1.79,1.38,1.22,0.72,0.63,0.48,1.18,0.46,0.44,20586,17.123739004135132
1.79,1.38,1.22,0.72,0.63,0.47,1.18,0.47,0.43,20277,17.127040147781372
1.79,1.39,1.22,0.72,0.62,0.48,1.18,0.46,0.43,20298,17.13089942932129
1.79,1.39,1.22,0.72,0.62,0.48,1.18,0.46,0.43,20291,17.135140419006348
1.79,1.38,1.22,0.72,0.62,0.48,1.18,0.46,0.43,20372,17.136171579360962
1.79,1.39,1.21,0.72,0.61,0.47,1.18,0.46,0.43,20633,17.139164924621582
1.79,1.39,1.21,0.72,0.58,0.47,1.18,0.46,0.42,20846,17.143097639083862
1.79,1.39,1.21,0.72,0.57,0.46,1.18,0.46,0.42,20397,17.147183179855347
1.79,1.39,1.21,0.72,0.57,0.46,1.18,0.46,0.42,20002,17.151183128356934
1.79,1.39,1.21,0.72,0.6,0.47,1.18,0.46,0.42,20101,17.151922702789307
1.79,1.39,1.2,0.72,0.59,0.47,1.18,0.46,0.42,20100,17.15592360496521
1.79,1.39,1.2,0.72,0.57,0.46,1.18,0.46,0.42,20045,17.15992283821106
1.79,1.4,1.2,0.72,0.57,0.46,1.18,0.46,0.41,20412,17.16370964050293
1.79,1.4,1.19,0.71,0.57,0.46,1.18,0.45,0.41,20511,17.16370964050293
1.79,1.39,1.19,0.72,0.57,0.45,1.18,0.46,0.41,20714,17.167734146118164
1.79,1.39,1.19,0.72,0.57,0.45,1.18,0.46,0.41,20903,17.171815156936646
1.79,1.39,1.19,0.71,0.56,0.46,1.18,0.45,0.42,20734,17.17600417137146
1.79,1.39,1.2,0.71,0.56,0.46,1.18,0.45,0.41,20453,17.176820278167725
1.79,1.39,1.2,0.71,0.57,0.46,1.18,0.46,0.41,20104,17.1799259185791
1.79,1.39,1.2,0.72,0.57,0.45,1.18,0.46,0.41,20399,17.184080123901367
1.79,1.39,1.19,0.72,0.57,0.44,1.18,0.45,0.41,20122,17.1880841255188
1.79,1.4,1.18,0.72,0.57,0.45,1.18,0.44,0.41,20257,17.188820123672485
1.79,1.4,1.18,0.72,0.57,0.44,1.18,0.44,0.41,20604,17.191830158233643
1.79,1.4,1.18,0.72,0.56,0.44,1.18,0.44,0.41,20351,17.19685459136963
1.79,1.4,1.18,0.72,0.57,0.45,1.18,0.45,0.41,20056,17.20059061050415
1.79,1.4,1.18,0.72,0.57,0.45,1.18,0.45,0.41,20335,17.20163583755493
1.79,1.4,1.18,0.72,0.57,0.44,1.18,0.45,0.41,20674,17.204509735107422
1.79,1.4,1.18,0.71,0.55,0.44,1.18,0.45,0.41,20835,17.20830726623535
1.79,1.4,1.18,0.72,0.57,0.44,1.18,0.45,0.41,20428,17.213106393814087
1.79,1.4,1.18,0.71,0.56,0.44,1.18,0.45,0.41,20129,17.21680212020874
1.79,1.4,1.18,0.71,0.55,0.45,1.18,0.45,0.41,20232,17.21680212020874
1.79,1.4,1.18,0.71,0.55,0.45,1.18,0.45,0.41,20575,17.220796823501587
1.79,1.4,1.18,0.71,0.54,0.45,1.18,0.44,0.4,20622,17.22482705116272
1.79,1.4,1.18,0.71,0.55,0.45,1.18,0.45,0.41,20347,17.228904485702515
1.79,1.41,1.18,0.71,0.55,0.45,1.18,0.45,0.4,20596,17.228904485702515
1.79,1.4,1.17,0.71,0.55,0.44,1.18,0.45,0.41,20351,17.233177423477173
1.8,1.4,1.17,0.71,0.55,0.45,1.18,0.45,0.41,20026,17.23744034767151
1.79,1.4,1.18,0.71,0.55,0.44,1.18,0.45,0.4,19811,17.241576194763184
1.79,1.41,1.18,0.71,0.55,0.44,1.18,0.44,0.4,20264,17.242560148239136
1.79,1.4,1.17,0.71,0.55,0.44,1.18,0.44,0.4,20579,17.2455735206604
1.79,1.4,1.18,0.71,0.54,0.44,1.19,0.44,0.4,20452,17.2497456073761
1.79,1.41,1.18,0.71,0.53,0.44,1.18,0.44,0.39,20175,17.253896236419678
1.79,1.41,1.17,0.71,0.55,0.44,1.18,0.44,0.4,19932,17.25462245941162
1.79,1.4,1.18,0.71,0.55,0.44,1.18,0.44,0.4,20295,17.25775170326233
1.79,1.4,1.17,0.71,0.54,0.44,1.19,0.44,0.4,20258,17.26190757751465
1.79,1.4,1.18,0.71,0.55,0.44,1.19,0.44,0.4,20165,17.26590061187744
1.8,1.41,1.18,0.71,0.53,0.43,1.18,0.44,0.4,20700,17.26663303375244
1.8,1.4,1.17,0.71,0.54,0.42,1.18,0.44,0.4,20937,17.270450592041016
1.8,1.41,1.16,0.71,0.54,0.42,1.18,0.43,0.39,20686,17.273788690567017
1.79,1.4,1.16,0.71,0.55,0.43,1.18,0.44,0.39,20171,17.278813123703003
1.8,1.41,1.16,0.71,0.55,0.43,1.18,0.44,0.4,20014,17.278813123703003
1.79,1.4,1.16,0.71,0.54,0.43,1.19,0.44,0.4,20317,17.282102823257446
1.79,1.4,1.16,0.71,0.54,0.43,1.18,0.44,0.4,20158,17.286904335021973
1.79,1.4,1.16,0.71,0.55,0.43,1.18,0.44,0.39,20277,17.29089879989624
1.79,1.4,1.16,0.71,0.52,0.42,1.19,0.44,0.39,20420,17.294888019561768
1.79,1.41,1.13,0.71,0.54,0.42,1.18,0.44,0.39,20427,17.294888019561768
1.8,1.4,1.11,0.71,0.53,0.43,1.18,0.44,0.39,20108,17.298887729644775
1.8,1.4,1.11,0.7,0.53,0.42,1.18,0.44,0.39,19803,17.303035020828247
1.8,1.4,1.1,0.71,0.54,0.43,1.18,0.44,0.38,19978,17.30662226676941
1.8,1.4,1.1,0.71,0.54,0.43,1.18,0.44,0.39,20141,17.307366371154785
1.8,1.4,1.11,0.71,0.54,0.43,1.18,0.44,0.39,20052,17.31165909767151
1.8,1.4,1.1,0.71,0.54,0.42,1.18,0.44,0.38,20097,17.315666675567627
1.8,1.4,1.1,0.7,0.53,0.42,1.18,0.43,0.38,20302,17.31892156600952
1.8,1.4,1.09,0.71,0.54,0.42,1.18,0.44,0.39,20641,17.31964373588562
1.8,1.4,1.09,0.7,0.54,0.42,1.18,0.44,0.39,20578,17.323655366897583
1.8,1.4,1.09,0.7,0.53,0.42,1.19,0.44,0.38,20161,17.327670097351074
1.8,1.4,1.1,0.7,0.54,0.42,1.19,0.44,0.38,20324,17.331734657287598
1.8,1.4,1.1,0.7,0.54,0.42,1.18,0.43,0.38,20329,17.332483530044556
1.8,1.4,1.1,0.7,0.53,0.42,1.19,0.44,0.38,20492,17.33577299118042
1.8,1.4,1.08,0.7,0.54,0.42,1.18,0.44,0.38,20495,17.339725971221924
1.8,1.4,1.08,0.7,0.53,0.42,1.18,0.44,0.38,20500,17.343700647354126
1.8,1.4,1.07,0.7,0.53,0.42,1.18,0.44,0.38,20593,17.344732999801636
1.8,1.4,1.07,0.7,0.53,0.42,1.18,0.43,0.38,20504,17.348115921020508
1.8,1.4,1.07,0.7,0.53,0.42,1.18,0.43,0.38,20485,17.352132320404053
1.8,1.4,1.06,0.7,0.52,0.42,1.18,0.44,0.38,20134,17.356240034103394
1.8,1.4,1.07,0.7,0.53,0.42,1.18,0.44,0.38,20377,17.360344171524048
1.8,1.4,1.07,0.7,0.54,0.42,1.18,0.43,0.37,20262,17.361121892929077
1.8,1.4,1.06,0.7,0.54,0.42,1.18,0.44,0.37,20097,17.364460945129395
1.8,1.4,1.04,0.7,0.54,0.42,1.19,0.43,0.37,20114,17.368850708007812
1.8,1.4,1.04,0.7,0.54,0.42,1.18,0.42,0.37,20235,17.372045278549194
1.8,1.4,1.04,0.7,0.53,0.41,1.18,0.43,0.37,19914,17.373077869415283
1.8,1.4,1.03,0.7,0.54,0.41,1.18,0.42,0.37,19753,17.376278162002563
1.8,1.4,1.03,0.7,0.54,0.41,1.18,0.42,0.36,19876,17.38130283355713
1.8,1.4,1.02,0.7,0.54,0.41,1.18,0.42,0.36,19751,17.384791612625122
1.8,1.4,1.02,0.7,0.54,0.41,1.18,0.42,0.37,19894,17.384791612625122
1.8,1.4,1.02,0.7,0.53,0.41,1.18,0.42,0.37,20149,17.388628005981445
1.8,1.4,1.0,0.7,0.53,0.41,1.18,0.42,0.36,19916,17.393656015396118
1.8,1.4,1.0,0.7,0.54,0.4,1.18,0.42,0.36,19995,17.397019386291504
1.8,1.39,0.98,0.7,0.54,0.39,1.18,0.42,0.37,20294,17.397770643234253
1.8,1.39,0.99,0.7,0.54,0.4,1.18,0.42,0.37,20509,17.401031970977783
1.8,1.39,0.98,0.69,0.54,0.4,1.18,0.42,0.37,20326,17.405770540237427
1.8,1.4,0.99,0.7,0.53,0.4,1.18,0.42,0.36,20083,17.40976858139038
1.8,1.39,0.97,0.7,0.53,0.4,1.18,0.42,0.36,19852,17.41076946258545
1.8,1.4,0.97,0.7,0.54,0.4,1.18,0.42,0.36,20265,17.41313600540161
1.8,1.4,0.97,0.7,0.54,0.4,1.18,0.42,0.36,20126,17.417458295822144
1.8,1.4,0.97,0.7,0.53,0.4,1.18,0.42,0.35,20215,17.422537088394165
1.8,1.4,0.97,0.7,0.55,0.4,1.18,0.42,0.35,20304,17.422537088394165
1.8,1.4,0.97,0.7,0.54,0.39,1.19,0.42,0.36,20125,17.425729036331177
1.8,1.39,0.98,0.7,0.54,0.4,1.18,0.42,0.36,20314,17.429805517196655
1.8,1.39,0.97,0.7,0.54,0.39,1.19,0.42,0.36,20405,17.43407130241394
1.8,1.39,0.96,0.7,0.54,0.39,1.18,0.42,0.36,20284,17.438049793243408
1.8,1.39,0.96,0.7,0.51,0.39,1.19,0.42,0.36,20145,17.438049793243408
1.8,1.4,0.96,0.7,0.51,0.39,1.18,0.42,0.35,20406,17.44226098060608
1.8,1.4,0.94,0.7,0.52,0.39,1.18,0.42,0.35,20435,17.44709849357605
1.8,1.39,0.94,0.7,0.52,0.39,1.18,0.42,0.35,20268,17.450329542160034
1.8,1.39,0.95,0.7,0.52,0.39,1.18,0.42,0.36,20237,17.451098442077637
1.8,1.4,0.94,0.7,0.52,0.38,1.18,0.42,0.35,20122,17.454363346099854
1.8,1.4,0.93,0.7,0.51,0.39,1.18,0.42,0.35,20087,17.458425045013428
1.8,1.39,0.93,0.7,0.51,0.39,1.18,0.42,0.36,20048,17.462883710861206
1.8,1.39,0.93,0.7,0.51,0.38,1.18,0.42,0.35,20775,17.462883710861206
1.8,1.4,0.92,0.69,0.51,0.39,1.18,0.42,0.35,21052,17.466739654541016
1.81,1.4,0.92,0.69,0.51,0.38,1.18,0.41,0.35,20285,17.470561742782593
1.8,1.4,0.92,0.7,0.51,0.38,1.18,0.41,0.35,19730,17.474851608276367
1.8,1.4,0.91,0.69,0.5,0.38,1.18,0.41,0.35,20391,17.475589990615845
1.81,1.4,0.91,0.7,0.51,0.38,1.18,0.41,0.35,21034,17.479204654693604
1.8,1.39,0.92,0.69,0.52,0.38,1.18,0.42,0.35,20305,17.483062267303467
1.81,1.39,0.91,0.7,0.52,0.39,1.18,0.41,0.35,20378,17.487515449523926
1.81,1.39,0.92,0.7,0.52,0.38,1.19,0.41,0.35,20595,17.487515449523926
1.8,1.39,0.91,0.7,0.52,0.38,1.18,0.41,0.35,20294,17.491503715515137
1.81,1.4,0.91,0.69,0.51,0.38,1.18,0.41,0.35,20113,17.49551749229431
1.81,1.4,0.89,0.7,0.51,0.37,1.18,0.41,0.35,20218,17.499586582183838
1.81,1.4,0.9,0.7,0.51,0.38,1.18,0.41,0.35,19979,17.503511905670166
1.81,1.4,0.91,0.7,0.51,0.37,1.18,0.41,0.35,20378,17.503511905670166
1.81,1.4,0.91,0.7,0.51,0.38,1.18,0.41,0.35,20415,17.508071660995483
1.81,1.4,0.91,0.7,0.51,0.38,1.18,0.41,0.35,20552,17.512094736099243
1.81,1.4,0.93,0.7,0.51,0.38,1.18,0.41,0.35,20141,17.515742301940918
1.81,1.39,0.91,0.7,0.52,0.37,1.18,0.41,0.35,19990,17.516494512557983
1.81,1.4,0.9,0.69,0.52,0.38,1.18,0.41,0.35,20081,17.519737720489502
1.81,1.39,0.9,0.7,0.52,0.37,1.18,0.41,0.35,20152,17.524494171142578
1.81,1.39,0.9,0.7,0.52,0.37,1.18,0.41,0.35,20487,17.527753114700317
1.81,1.39,0.91,0.7,0.52,0.37,1.18,0.41,0.35,20342,17.528493881225586
1.81,1.39,0.91,0.7,0.52,0.38,1.18,0.41,0.34,19917,17.53238296508789
1.81,1.39,0.91,0.7,0.52,0.37,1.18,0.41,0.35,19862,17.53668522834778
1.8,1.39,0.91,0.7,0.52,0.38,1.18,0.41,0.35,19957,17.54020404815674
1.81,1.39,0.91,0.7,0.52,0.38,1.18,0.41,0.35,20262,17.54020404815674
1.8,1.39,0.91,0.7,0.52,0.38,1.18,0.41,0.35,20295,17.544236660003662
1.81,1.39,0.9,0.7,0.52,0.38,1.18,0.41,0.35,20442,17.548508167266846
1.8,1.39,0.91,0.7,0.52,0.38,1.18,0.41,0.35,20081,17.552515745162964
1.8,1.39,0.9,0.7,0.52,0.38,1.18,0.41,0.35,20124,17.553244829177856
1.81,1.39,0.91,0.7,0.52,0.37,1.18,0.41,0.35,19983,17.556509256362915
1.81,1.39,0.91,0.69,0.52,0.37,1.18,0.41,0.34,20548,17.56157898902893
1.81,1.38,0.91,0.7,0.52,0.37,1.18,0.41,0.34,20471,17.564955472946167
1.8,1.39,0.91,0.7,0.52,0.38,1.18,0.41,0.35,20268,17.56906533241272
1.8,1.38,0.91,0.7,0.52,0.38,1.18,0.41,0.35,20535,17.56906533241272
1.8,1.38,0.92,0.7,0.51,0.38,1.18,0.41,0.35,20658,17.573780298233032
1.81,1.38,0.92,0.7,0.52,0.37,1.18,0.41,0.34,20465,17.577523946762085
1.81,1.39,0.91,0.7,0.52,0.37,1.18,0.41,0.34,20136,17.58151888847351
1.81,1.39,0.89,0.7,0.51,0.36,1.18,0.41,0.34,19907,17.58151888847351
1.81,1.39,0.89,0.7,0.51,0.37,1.18,0.41,0.34,19856,17.585641384124756
1.81,1.39,0.89,0.7,0.51,0.37,1.18,0.41,0.35,20025,17.58974814414978
1.81,1.38,0.9,0.7,0.51,0.37,1.18,0.41,0.34,19910,17.593745470046997
1.81,1.39,0.89,0.7,0.51,0.37,1.18,0.41,0.35,20195,17.594630241394043
1.81,1.38,0.9,0.7,0.52,0.37,1.18,0.41,0.34,20332,17.597742557525635
1.81,1.38,0.9,0.7,0.52,0.37,1.18,0.41,0.35,20387,17.601636171340942
1.81,1.38,0.9,0.7,0.51,0.37,1.18,0.41,0.34,20500,17.605722904205322
1.8,1.39,0.91,0.7,0.5,0.37,1.18,0.42,0.35,20249,17.605722904205322
1.81,1.39,0.89,0.7,0.51,0.36,1.18,0.41,0.34,19938,17.610209226608276
1.8,1.39,0.89,0.7,0.51,0.36,1.18,0.41,0.33,19997,17.61424946784973
1.8,1.39,0.89,0.7,0.51,0.36,1.18,0.41,0.34,20284,17.61849069595337
1.8,1.39,0.89,0.7,0.51,0.36,1.18,0.41,0.34,20253,17.619268894195557
1.8,1.39,0.88,0.7,0.5,0.36,1.18,0.41,0.34,20060,17.62246561050415
1.81,1.39,0.9,0.7,0.5,0.36,1.18,0.41,0.34,20461,17.626424551010132
1.81,1.39,0.88,0.7,0.5,0.36,1.18,0.41,0.34,20230,17.631115913391113
1.81,1.39,0.89,0.69,0.51,0.37,1.18,0.41,0.35,19929,17.631115913391113
1.81,1.39,0.89,0.69,0.51,0.37,1.18,0.41,0.34,20138,17.634410858154297
1.81,1.39,0.9,0.7,0.51,0.37,1.18,0.41,0.35,20145,17.638474702835083
1.81,1.39,0.9,0.7,0.51,0.36,1.18,0.41,0.35,20194,17.642753839492798
1.81,1.39,0.9,0.69,0.5,0.37,1.18,0.41,0.35,20233,17.64690351486206
1.81,1.39,0.88,0.69,0.51,0.36,1.18,0.41,0.35,20184,17.64690351486206
1.81,1.39,0.88,0.7,0.5,0.36,1.18,0.41,0.35,20087,17.65116310119629
1.8,1.39,0.88,0.7,0.5,0.37,1.18,0.41,0.35,20052,17.655143976211548
1.8,1.39,0.88,0.7,0.5,0.37,1.18,0.41,0.35,20163,17.659321069717407
1.81,1.39,0.89,0.69,0.51,0.37,1.18,0.41,0.35,20084,17.659321069717407
1.81,1.39,0.9,0.69,0.5,0.37,1.18,0.41,0.34,20131,17.663321256637573
1.81,1.39,0.91,0.69,0.5,0.36,1.18,0.41,0.34,20074,17.66762614250183
1.81,1.39,0.89,0.69,0.5,0.36,1.19,0.41,0.35,19697,17.671513080596924
1.81,1.39,0.89,0.69,0.5,0.36,1.18,0.41,0.34,19786,17.672313451766968
1.81,1.39,0.88,0.69,0.5,0.35,1.19,0.41,0.34,20167,17.67554759979248
1.81,1.39,0.88,0.69,0.5,0.35,1.18,0.41,0.34,20166,17.680652141571045
1.81,1.39,0.89,0.69,0.5,0.35,1.18,0.41,0.34,19977,17.68387007713318
1.81,1.39,0.88,0.69,0.5,0.35,1.18,0.41,0.35,19770,17.68463969230652
1.81,1.39,0.88,0.69,0.5,0.35,1.18,0.41,0.35,20079,17.687957286834717
1.81,1.39,0.89,0.69,0.5,0.35,1.18,0.41,0.35,20212,17.692609071731567
1.81,1.39,0.89,0.69,0.5,0.35,1.18,0.41,0.35,19903,17.695908308029175
1.81,1.39,0.88,0.69,0.5,0.36,1.18,0.41,0.35,19928,17.696638345718384
1.81,1.39,0.87,0.69,0.5,0.35,1.19,0.41,0.35,20087,17.699934482574463
1.81,1.39,0.87,0.69,0.49,0.35,1.18,0.41,0.35,20174,17.704217433929443
1.81,1.39,0.86,0.69,0.49,0.34,1.18,0.42,0.35,20141,17.708511352539062
1.81,1.39,0.87,0.69,0.49,0.34,1.18,0.41,0.35,20326,17.712032079696655
1.81,1.39,0.86,0.69,0.49,0.34,1.19,0.41,0.35,20491,17.712032079696655
1.81,1.39,0.86,0.69,0.49,0.34,1.18,0.41,0.34,20398,17.716638565063477
1.81,1.39,0.86,0.69,0.49,0.34,1.19,0.41,0.35,20285,17.720778465270996
1.81,1.39,0.86,0.69,0.49,0.34,1.19,0.41,0.35,20448,17.724801540374756
1.81,1.39,0.86,0.69,0.49,0.35,1.19,0.42,0.35,20273,17.724801540374756
1.81,1.39,0.86,0.69,0.5,0.35,1.19,0.42,0.35,20140,17.728811025619507
1.81,1.39,0.86,0.69,0.5,0.35,1.18,0.42,0.35,20371,17.733168601989746
1.81,1.38,0.87,0.69,0.5,0.35,1.19,0.42,0.35,20104,17.736770629882812
1.81,1.38,0.87,0.69,0.5,0.35,1.19,0.42,0.35,20379,17.737476587295532
1.81,1.39,0.87,0.69,0.5,0.35,1.18,0.41,0.35,20244,17.74180269241333
1.81,1.39,0.87,0.69,0.5,0.35,1.18,0.42,0.35,19947,17.74532699584961
1.81,1.39,0.87,0.69,0.5,0.35,1.18,0.41,0.35,20144,17.74944257736206
1.81,1.38,0.87,0.69,0.5,0.35,1.19,0.42,0.34,20233,17.74944257736206
1.81,1.39,0.87,0.69,0.5,0.35,1.18,0.41,0.34,20186,17.753798961639404
1.81,1.39,0.87,0.69,0.5,0.35,1.19,0.42,0.34,20011,17.75778317451477
1.81,1.39,0.87,0.69,0.5,0.35,1.18,0.42,0.34,19984,17.761804342269897
1.81,1.39,0.88,0.69,0.5,0.35,1.18,0.41,0.34,20001,17.761804342269897
1.81,1.39,0.88,0.69,0.5,0.35,1.18,0.41,0.34,20174,17.76580286026001
1.81,1.39,0.87,0.69,0.5,0.35,1.19,0.41,0.34,19931,17.770147562026978
1.81,1.39,0.88,0.69,0.5,0.35,1.18,0.41,0.34,19750,17.774152517318726
1.81,1.39,0.87,0.69,0.5,0.35,1.18,0.41,0.34,20009,17.774152517318726
1.81,1.39,0.88,0.69,0.5,0.35,1.18,0.42,0.34,20340,17.77795100212097
1.81,1.4,0.88,0.69,0.5,0.35,1.19,0.41,0.34,19987,17.781758546829224
1.81,1.39,0.88,0.69,0.5,0.35,1.18,0.41,0.34,20108,17.78595519065857
1.81,1.4,0.86,0.69,0.5,0.34,1.18,0.42,0.34,20141,17.790133237838745
1.81,1.39,0.86,0.69,0.5,0.34,1.18,0.41,0.34,20028,17.79086422920227
1.81,1.39,0.86,0.69,0.5,0.34,1.18,0.41,0.34,19957,17.79413342475891
1.81,1.39,0.86,0.69,0.5,0.35,1.19,0.41,0.34,20280,17.798857927322388
1.81,1.39,0.86,0.69,0.5,0.34,1.19,0.41,0.34,20133,17.80286693572998
1.81,1.39,0.85,0.69,0.5,0.34,1.18,0.41,0.34,19652,17.80286693572998
1.81,1.4,0.85,0.69,0.5,0.34,1.18,0.41,0.34,19803,17.806993007659912
1.81,1.39,0.85,0.69,0.5,0.34,1.19,0.41,0.34,20486,17.81060290336609
1.81,1.39,0.85,0.69,0.49,0.34,1.19,0.42,0.34,20263,17.8143093585968
1.81,1.39,0.85,0.69,0.5,0.34,1.18,0.41,0.34,19894,17.815338850021362
1.81,1.39,0.85,0.69,0.5,0.34,1.18,0.41,0.34,19957,17.818624258041382
1.81,1.4,0.84,0.69,0.48,0.34,1.18,0.41,0.34,20376,17.823363542556763
1.81,1.39,0.84,0.69,0.5,0.34,1.18,0.41,0.34,20409,17.827358961105347
1.81,1.39,0.82,0.69,0.49,0.34,1.18,0.41,0.34,20566,17.827358961105347
1.81,1.4,0.81,0.69,0.5,0.33,1.18,0.41,0.34,21015,17.831215858459473
1.82,1.4,0.81,0.69,0.5,0.32,1.18,0.41,0.34,20798,17.83515501022339
1.81,1.4,0.8,0.68,0.49,0.31,1.18,0.41,0.32,20531,17.839371919631958
1.82,1.4,0.78,0.68,0.49,0.3,1.18,0.41,0.32,20672,17.840116262435913
1.82,1.4,0.77,0.67,0.48,0.3,1.18,0.41,0.31,20757,17.84338355064392
1.82,1.4,0.75,0.67,0.49,0.28,1.18,0.41,0.3,21340,17.847378969192505
1.83,1.4,0.75,0.67,0.49,0.28,1.18,0.41,0.3,21203,17.85137963294983
1.83,1.39,0.73,0.66,0.49,0.27,1.18,0.4,0.3,21444,17.85511612892151
1.83,1.4,0.75,0.66,0.46,0.27,1.18,0.41,0.3,21993,17.85611844062805
1.83,1.4,0.76,0.66,0.46,0.26,1.18,0.41,0.29,22812,17.859434366226196
1.83,1.4,0.75,0.66,0.46,0.26,1.18,0.41,0.27,22885,17.864153385162354
1.83,1.4,0.73,0.66,0.47,0.26,1.18,0.4,0.28,22780,17.86809730529785
1.83,1.41,0.7,0.66,0.46,0.25,1.18,0.4,0.28,22827,17.86809730529785
1.83,1.41,0.67,0.66,0.47,0.22,1.18,0.4,0.26,23598,17.872066259384155
1.85,1.41,0.67,0.64,0.47,0.22,1.17,0.4,0.26,23785,17.87627339363098
1.85,1.41,0.65,0.65,0.5,0.23,1.18,0.4,0.27,24068,17.88027310371399
1.85,1.4,0.64,0.64,0.47,0.22,1.17,0.4,0.26,24431,17.88027310371399
1.85,1.4,0.63,0.64,0.49,0.21,1.17,0.4,0.26,23886,17.884273529052734
1.84,1.39,0.65,0.65,0.5,0.22,1.17,0.4,0.26,24187,17.88825511932373
1.84,1.4,0.64,0.66,0.5,0.22,1.17,0.4,0.26,24930,17.892529010772705
1.84,1.4,0.64,0.65,0.5,0.22,1.17,0.4,0.25,25507,17.892529010772705
1.84,1.39,0.65,0.65,0.5,0.22,1.17,0.4,0.26,25794,17.896543502807617
1.84,1.4,0.65,0.65,0.5,0.23,1.17,0.4,0.25,25833,17.90093469619751
1.84,1.4,0.65,0.65,0.48,0.21,1.17,0.4,0.25,26126,17.904964208602905
1.84,1.4,0.64,0.65,0.47,0.22,1.18,0.4,0.25,26637,17.904964208602905
1.84,1.4,0.65,0.65,0.49,0.22,1.18,0.4,0.25,27334,17.909008502960205
1.84,1.41,0.66,0.65,0.49,0.21,1.17,0.39,0.24,27633,17.913221836090088
1.84,1.4,0.66,0.65,0.48,0.21,1.17,0.4,0.24,28164,17.91734027862549
1.84,1.4,0.66,0.65,0.48,0.21,1.17,0.39,0.25,28035,17.918276071548462
1.84,1.4,0.66,0.65,0.49,0.22,1.17,0.39,0.24,28466,17.921311855316162
1.84,1.39,0.65,0.65,0.46,0.22,1.17,0.39,0.24,29023,17.92547106742859
1.84,1.4,0.65,0.65,0.49,0.22,1.17,0.39,0.24,29822,17.92971181869507
1.84,1.4,0.66,0.65,0.49,0.21,1.17,0.39,0.24,29937,17.933560848236084
1.84,1.39,0.66,0.65,0.49,0.21,1.17,0.39,0.24,30332,17.934262990951538
1.84,1.39,0.64,0.65,0.48,0.21,1.17,0.39,0.23,31137,17.938263654708862
1.84,1.39,0.64,0.65,0.49,0.21,1.17,0.39,0.23,31480,17.942262887954712
1.84,1.39,0.65,0.65,0.49,0.21,1.17,0.39,0.23,31435,17.94581389427185
1.84,1.39,0.64,0.65,0.49,0.22,1.17,0.39,0.24,31438,17.94581389427185
1.84,1.39,0.63,0.65,0.48,0.22,1.17,0.39,0.24,31767,17.949690580368042
1.84,1.39,0.63,0.65,0.47,0.22,1.17,0.39,0.23,32112,17.95387840270996
1.84,1.39,0.64,0.65,0.49,0.22,1.17,0.39,0.24,32527,17.95793056488037
1.84,1.39,0.63,0.65,0.48,0.21,1.17,0.39,0.23,32632,17.95793056488037
1.84,1.39,0.64,0.66,0.49,0.21,1.17,0.39,0.24,32411,17.96193027496338
1.84,1.39,0.63,0.66,0.48,0.22,1.17,0.4,0.24,32894,17.966022968292236
1.84,1.39,0.64,0.65,0.49,0.22,1.17,0.39,0.24,33255,17.970022439956665
1.84,1.39,0.64,0.66,0.49,0.21,1.17,0.39,0.24,33280,17.971022844314575
1.84,1.39,0.63,0.66,0.49,0.21,1.17,0.39,0.23,33853,17.974265336990356
1.84,1.39,0.62,0.66,0.49,0.21,1.16,0.4,0.23,33900,17.9782874584198
1.84,1.39,0.62,0.66,0.49,0.21,1.16,0.39,0.23,33363,17.982865810394287
1.84,1.39,0.62,0.66,0.49,0.21,1.16,0.39,0.23,33702,17.982865810394287
1.84,1.39,0.62,0.66,0.49,0.21,1.16,0.39,0.23,33603,17.98694682121277
1.84,1.39,0.62,0.66,0.49,0.21,1.16,0.39,0.23,33422,17.991361141204834
1.84,1.4,0.63,0.66,0.48,0.21,1.16,0.39,0.22,33577,17.99508833885193
1.84,1.4,0.62,0.66,0.47,0.2,1.16,0.39,0.23,33918,17.99835467338562
1.84,1.4,0.62,0.65,0.47,0.21,1.16,0.39,0.23,34203,17.999364137649536
1.85,1.4,0.61,0.66,0.47,0.21,1.16,0.39,0.23,35180,18.00336241722107
1.84,1.4,0.61,0.66,0.47,0.21,1.16,0.39,0.23,36403,18.007362127304077
1.84,1.4,0.61,0.65,0.47,0.21,1.16,0.39,0.23,36902,18.011361360549927
1.84,1.4,0.61,0.65,0.47,0.21,1.16,0.39,0.23,36961,18.011361360549927
1.84,1.4,0.61,0.66,0.47,0.2,1.16,0.39,0.23,36930,18.014877319335938
1.84,1.41,0.6,0.65,0.47,0.2,1.16,0.39,0.23,36713,18.019906044006348
1.84,1.4,0.6,0.66,0.47,0.2,1.16,0.39,0.23,36766,18.022881031036377
1.85,1.4,0.6,0.66,0.48,0.2,1.16,0.39,0.23,36497,18.023887634277344
1.85,1.4,0.61,0.66,0.5,0.2,1.16,0.39,0.22,36194,18.0278799533844
1.84,1.41,0.6,0.66,0.49,0.2,1.16,0.39,0.23,36631,18.03213095664978
1.85,1.4,0.6,0.66,0.49,0.2,1.16,0.39,0.22,37028,18.035840034484863
1.84,1.4,0.61,0.66,0.49,0.2,1.16,0.39,0.23,37309,18.035840034484863
1.84,1.4,0.6,0.66,0.49,0.2,1.16,0.39,0.22,37690,18.03994083404541
1.85,1.4,0.59,0.66,0.49,0.2,1.16,0.4,0.22,38047,18.04419183731079
1.85,1.4,0.59,0.65,0.48,0.2,1.16,0.4,0.22,37780,18.04819107055664
1.85,1.41,0.59,0.65,0.47,0.19,1.16,0.39,0.22,37907,18.04894232749939
1.85,1.41,0.57,0.65,0.48,0.19,1.16,0.39,0.22,37546,18.052191019058228
1.85,1.4,0.57,0.65,0.47,0.19,1.16,0.38,0.21,36661,18.056997060775757
1.85,1.41,0.58,0.64,0.46,0.18,1.16,0.39,0.21,35944,18.06058168411255
1.86,1.4,0.55,0.64,0.45,0.17,1.16,0.39,0.21,35281,18.061343908309937
1.86,1.41,0.53,0.63,0.44,0.17,1.16,0.4,0.21,34062,18.06459951400757
1.86,1.41,0.53,0.63,0.45,0.16,1.16,0.4,0.2,33191,18.068599939346313
1.86,1.41,0.5,0.62,0.44,0.14,1.16,0.39,0.19,32882,18.072593450546265
1.87,1.41,0.48,0.62,0.43,0.13,1.16,0.39,0.19,32301,18.07672643661499
1.87,1.41,0.44,0.62,0.43,0.12,1.16,0.39,0.18,31536,18.07672643661499
1.88,1.4,0.42,0.61,0.43,0.1,1.15,0.4,0.17,31523,18.080944299697876
1.88,1.41,0.38,0.61,0.42,0.09,1.15,0.39,0.18,31282,18.085980653762817
1.88,1.41,0.36,0.59,0.42,0.09,1.15,0.39,0.17,30845,18.08928418159485
1.89,1.38,0.32,0.57,0.41,0.08,1.15,0.4,0.15,31130,18.08928418159485
1.89,1.37,0.28,0.56,0.39,0.05,1.15,0.4,0.13,30611,18.093337774276733
1.9,1.37,0.21,0.53,0.41,0.04,1.14,0.4,0.1,30366,18.097930669784546
1.92,1.35,0.24,0.51,0.39,0.04,1.14,0.4,0.1,30157,18.101925134658813
1.92,1.33,0.22,0.49,0.38,0.04,1.13,0.39,0.1,29758,18.101925134658813
1.92,1.34,0.22,0.49,0.38,0.01,1.13,0.4,0.05,29675,18.105926275253296
1.91,1.32,0.22,0.48,0.39,0.01,1.12,0.4,0.04,29828,18.109928607940674
1.89,1.3,0.19,0.46,0.39,0.01,1.12,0.41,0.04,29687,18.11392831802368
1.87,1.27,0.19,0.48,0.39,0.0,1.11,0.41,0.02,29506,18.11392831802368
1.86,1.29,0.14,0.47,0.37,0.0,1.1,0.4,0.0,29803,18.117527723312378
1.81,1.27,0.12,0.47,0.37,0.0,1.1,0.41,0.0,30310,18.12255549430847
1.81,1.28,0.12,0.45,0.36,0.0,1.08,0.4,0.0,30351,18.125927448272705
1.84,1.29,0.11,0.46,0.36,0.0,1.05,0.4,0.0,30072,18.12665629386902
1.85,1.29,0.12,0.45,0.35,0.0,1.04,0.39,0.0,30075,18.129928827285767
1.83,1.25,0.12,0.44,0.36,0.0,1.03,0.39,0.0,30094,18.134511709213257
1.83,1.26,0.1,0.46,0.34,0.0,1.01,0.39,0.0,30537,18.13861894607544
1.82,1.28,0.12,0.43,0.33,0.0,0.99,0.38,0.0,31610,18.142822742462158
1.8,1.3,0.12,0.42,0.33,0.0,0.97,0.38,0.0,31951,18.142822742462158
1.83,1.3,0.09,0.42,0.32,0.0,0.97,0.37,0.0,32708,18.14713978767395
1.82,1.27,0.1,0.43,0.31,0.0,0.9,0.37,0.0,33489,18.15133547782898
1.79,1.28,0.09,0.42,0.3,0.0,0.91,0.37,0.0,34530,18.15463399887085
1.78,1.29,0.11,0.44,0.3,0.0,0.88,0.36,0.0,35207,18.15535306930542
1.78,1.29,0.1,0.4,0.3,0.0,0.88,0.37,0.0,35340,18.158951997756958
1.77,1.28,0.09,0.42,0.3,0.0,0.87,0.36,0.0,35899,18.16313624382019
1.78,1.27,0.08,0.44,0.3,0.0,0.83,0.36,0.0,37022,18.167314767837524
1.8,1.25,0.07,0.42,0.3,0.0,0.83,0.36,0.0,37803,18.168063640594482
1.8,1.26,0.06,0.43,0.3,0.0,0.82,0.35,0.0,38616,18.171164751052856
1.79,1.28,0.05,0.46,0.3,0.0,0.79,0.34,0.0,39305,18.175328731536865
1.8,1.28,0.06,0.45,0.3,0.0,0.8,0.35,0.0,40058,18.179473400115967
1.8,1.29,0.06,0.45,0.3,0.0,0.79,0.34,0.0,40525,18.179473400115967
1.81,1.31,0.07,0.45,0.3,0.0,0.79,0.34,0.0,41318,18.183612823486328
1.8,1.31,0.08,0.45,0.3,0.0,0.79,0.34,0.0,42193,18.187790870666504
1.81,1.3,0.09,0.45,0.3,0.0,0.79,0.34,0.0,42974,18.191153287887573
1.83,1.32,0.09,0.45,0.3,0.0,0.76,0.33,0.0,43427,18.192185878753662
1.84,1.33,0.08,0.44,0.29,0.0,0.75,0.34,0.0,43662,18.195462226867676
1.82,1.32,0.07,0.44,0.29,0.0,0.75,0.33,0.0,43717,18.200197219848633
1.84,1.32,0.09,0.45,0.3,0.0,0.71,0.33,0.0,43778,18.2041757106781
1.84,1.31,0.09,0.45,0.3,0.0,0.7,0.32,0.0,43991,18.207972526550293
1.86,1.32,0.08,0.46,0.3,0.0,0.69,0.32,0.0,44618,18.20857548713684
1.87,1.36,0.09,0.44,0.3,0.0,0.7,0.32,0.0,44671,18.211681127548218
1.88,1.35,0.07,0.46,0.29,0.0,0.68,0.32,0.0,44354,18.216134548187256
1.89,1.34,0.1,0.46,0.3,0.0,0.71,0.32,0.0,44415,18.219842433929443
1.9,1.38,0.09,0.46,0.29,0.0,0.72,0.32,0.0,44590,18.219842433929443
1.9,1.36,0.09,0.44,0.28,0.0,0.7,0.33,0.0,44983,18.22484254837036
1.91,1.38,0.09,0.44,0.27,0.0,0.69,0.32,0.0,44682,18.22848677635193
1.89,1.37,0.09,0.45,0.27,0.0,0.69,0.33,0.0,44153,18.23238182067871
1.9,1.38,0.09,0.42,0.26,0.0,0.7,0.33,0.0,44352,18.23238182067871
1.89,1.4,0.08,0.43,0.25,0.0,0.68,0.32,0.0,44195,18.23645257949829
1.89,1.39,0.08,0.44,0.26,0.0,0.69,0.32,0.0,43936,18.240452766418457
1.89,1.38,0.1,0.42,0.26,0.0,0.7,0.32,0.0,44363,18.244452714920044
1.91,1.4,0.09,0.45,0.27,0.0,0.69,0.31,0.0,44874,18.24545192718506
1.93,1.4,0.1,0.45,0.27,0.0,0.69,0.32,0.0,45091,18.248706102371216
1.94,1.42,0.09,0.45,0.27,0.0,0.68,0.32,0.0,45178,18.25319766998291
1.95,1.42,0.09,0.44,0.27,0.0,0.67,0.31,0.0,45103,18.257286310195923
1.95,1.42,0.1,0.45,0.28,0.0,0.67,0.31,0.0,44556,18.258021116256714
1.95,1.41,0.1,0.46,0.28,0.0,0.67,0.31,0.0,44287,18.261289596557617
1.94,1.38,0.09,0.46,0.29,0.0,0.66,0.31,0.0,44462,18.26560115814209
1.95,1.4,0.1,0.46,0.28,0.0,0.65,0.31,0.0,44357,18.269690990447998
1.94,1.4,0.1,0.46,0.28,0.0,0.66,0.3,0.0,44358,18.269690990447998
1.95,1.4,0.09,0.46,0.28,0.0,0.64,0.3,0.0,44643,18.27370023727417
1.95,1.41,0.09,0.46,0.28,0.0,0.65,0.3,0.0,44712,18.27777647972107
1.96,1.42,0.1,0.46,0.28,0.0,0.64,0.3,0.0,44921,18.281907320022583
1.97,1.42,0.11,0.46,0.28,0.0,0.65,0.3,0.0,45026,18.285313844680786
1.97,1.42,0.1,0.47,0.29,0.0,0.67,0.3,0.0,44943,18.286367177963257
1.98,1.41,0.11,0.46,0.31,0.0,0.67,0.3,0.0,44632,18.290077447891235
1.98,1.4,0.13,0.46,0.31,0.0,0.68,0.3,0.0,43821,18.294270038604736
1.97,1.39,0.12,0.46,0.32,0.0,0.68,0.3,0.0,42876,18.297669649124146
1.96,1.36,0.14,0.46,0.33,0.0,0.68,0.3,0.0,42553,18.29871940612793
1.96,1.37,0.13,0.45,0.32,0.0,0.68,0.3,0.0,42176,18.302261352539062
1.95,1.35,0.13,0.44,0.32,0.0,0.68,0.3,0.0,42409,18.30638599395752
1.96,1.36,0.13,0.43,0.33,0.0,0.66,0.29,0.0,41976,18.310380458831787
1.98,1.37,0.12,0.43,0.33,0.01,0.64,0.29,0.03,41769,18.311115980148315
1.96,1.34,0.14,0.43,0.33,0.01,0.64,0.28,0.04,41554,18.31438136100769
1.93,1.32,0.12,0.44,0.33,0.01,0.65,0.28,0.05,41633,18.31867003440857
1.92,1.32,0.13,0.42,0.33,0.01,0.64,0.28,0.06,41224,18.32265830039978
1.92,1.31,0.13,0.42,0.34,0.02,0.66,0.27,0.09,41305,18.32341980934143
1.9,1.27,0.15,0.42,0.33,0.02,0.66,0.27,0.09,41332,18.32679772377014
1.89,1.26,0.15,0.4,0.32,0.03,0.64,0.27,0.12,40591,18.33160424232483
1.87,1.25,0.13,0.38,0.31,0.03,0.62,0.27,0.14,40266,18.334444284439087
1.82,1.19,0.15,0.38,0.32,0.03,0.61,0.26,0.15,40719,18.335496425628662
1.8,1.2,0.16,0.36,0.31,0.03,0.62,0.27,0.17,40530,18.338828802108765
1.8,1.21,0.17,0.33,0.3,0.05,0.59,0.25,0.2,40569,18.343570470809937
1.82,1.21,0.18,0.33,0.31,0.06,0.58,0.25,0.22,41058,18.34758234024048
1.83,1.21,0.18,0.35,0.3,0.06,0.61,0.25,0.27,41081,18.350827932357788
1.87,1.22,0.2,0.37,0.31,0.07,0.62,0.24,0.29,40694,18.35157012939453
1.9,1.24,0.2,0.37,0.3,0.07,0.62,0.25,0.3,40667,18.355681896209717
1.91,1.25,0.19,0.38,0.31,0.08,0.62,0.24,0.34,40688,18.359808921813965
1.92,1.25,0.23,0.37,0.31,0.09,0.61,0.25,0.33,40601,18.36388921737671
1.92,1.23,0.22,0.37,0.31,0.1,0.62,0.25,0.37,40366,18.36388921737671
1.89,1.22,0.24,0.38,0.3,0.1,0.64,0.27,0.41,40129,18.367815256118774
1.81,1.17,0.22,0.38,0.31,0.1,0.62,0.25,0.41,39890,18.371800184249878
1.76,1.13,0.21,0.37,0.32,0.1,0.62,0.26,0.43,39409,18.37630271911621
1.72,1.15,0.21,0.36,0.31,0.1,0.62,0.26,0.48,39014,18.376784324645996
1.74,1.14,0.22,0.4,0.31,0.11,0.61,0.26,0.52,39039,18.38031578063965
1.77,1.17,0.22,0.4,0.31,0.12,0.56,0.25,0.57,38756,18.38439679145813
1.78,1.18,0.26,0.4,0.31,0.14,0.57,0.25,0.59,38629,18.388365507125854
1.79,1.17,0.29,0.37,0.3,0.16,0.59,0.26,0.61,38322,18.388365507125854
1.69,1.13,0.36,0.38,0.31,0.17,0.58,0.26,0.62,38175,18.392091989517212
1.7,1.11,0.38,0.41,0.32,0.19,0.58,0.26,0.66,37888,18.396127462387085
1.74,1.1,0.42,0.39,0.31,0.2,0.57,0.27,0.69,37711,18.400405406951904
1.74,1.1,0.44,0.38,0.31,0.21,0.58,0.27,0.7,37346,18.401135444641113
1.73,1.13,0.47,0.41,0.31,0.21,0.59,0.28,0.68,37339,18.40513586997986
1.72,1.17,0.51,0.41,0.31,0.23,0.59,0.26,0.69,37304,18.409135341644287
1.78,1.19,0.56,0.42,0.31,0.23,0.58,0.26,0.7,37417,18.412967205047607
1.81,1.21,0.61,0.4,0.31,0.24,0.57,0.26,0.72,37678,18.412967205047607
1.84,1.22,0.65,0.42,0.31,0.25,0.58,0.26,0.72,37273,18.417304039001465
1.86,1.23,0.68,0.42,0.3,0.26,0.56,0.27,0.73,37228,18.421075344085693
1.87,1.23,0.72,0.4,0.29,0.26,0.55,0.27,0.75,36653,18.425630569458008
1.87,1.21,0.72,0.38,0.3,0.26,0.53,0.27,0.76,37010,18.428914308547974
1.81,1.18,0.75,0.39,0.3,0.26,0.56,0.28,0.77,37063,18.429630041122437
1.8,1.18,0.78,0.37,0.3,0.27,0.57,0.29,0.8,36990,18.43352174758911
1.77,1.15,0.75,0.35,0.31,0.26,0.57,0.28,0.8,37017,18.437564373016357
1.75,1.15,0.76,0.37,0.31,0.26,0.57,0.28,0.83,37248,18.441555976867676
1.79,1.17,0.78,0.37,0.31,0.25,0.58,0.28,0.85,37493,18.441555976867676
1.83,1.17,0.78,0.35,0.3,0.25,0.56,0.29,0.89,37390,18.445600271224976
1.77,1.18,0.82,0.37,0.31,0.25,0.6,0.3,0.9,37689,18.44984745979309
1.73,1.15,0.82,0.35,0.31,0.25,0.6,0.31,0.96,37394,18.453355312347412
1.77,1.19,0.85,0.36,0.29,0.24,0.58,0.3,0.99,37639,18.454392671585083
1.83,1.21,0.91,0.37,0.3,0.24,0.56,0.31,1.06,37566,18.457714319229126
1.83,1.2,0.95,0.36,0.3,0.24,0.56,0.31,1.07,37331,18.46245503425598
1.83,1.21,0.99,0.37,0.29,0.24,0.57,0.32,1.13,37426,18.46571636199951
1.83,1.21,1.02,0.39,0.3,0.24,0.58,0.32,1.16,37641,18.466456651687622
1.86,1.23,1.06,0.39,0.3,0.24,0.6,0.33,1.19,37662,18.47045636177063
1.88,1.24,1.1,0.39,0.29,0.24,0.61,0.33,1.17,37769,18.474360942840576
1.91,1.25,1.13,0.38,0.3,0.25,0.59,0.33,1.21,37466,18.478132009506226
1.9,1.25,1.15,0.39,0.3,0.25,0.61,0.35,1.27,37325,18.47886371612549
1.93,1.25,1.18,0.36,0.32,0.25,0.59,0.35,1.33,37288,18.48227334022522
1.92,1.22,1.24,0.37,0.31,0.25,0.59,0.36,1.38,36997,18.486607313156128
1.91,1.24,1.25,0.34,0.32,0.25,0.59,0.37,1.44,36560,18.49081039428711
1.9,1.24,1.26,0.36,0.32,0.25,0.58,0.37,1.46,36623,18.491853952407837
1.89,1.18,1.32,0.34,0.34,0.24,0.58,0.38,1.5,36804,18.494174242019653
1.84,1.17,1.31,0.37,0.33,0.24,0.6,0.39,1.53,36907,18.499048233032227
1.81,1.15,1.32,0.35,0.34,0.24,0.59,0.41,1.58,36504,18.503095626831055
1.83,1.14,1.36,0.36,0.33,0.23,0.58,0.42,1.65,36445,18.503095626831055
1.81,1.12,1.4,0.37,0.35,0.26,0.57,0.42,1.67,36032,18.507081508636475
1.8,1.09,1.43,0.35,0.35,0.25,0.56,0.42,1.73,35655,18.51128911972046
1.82,1.1,1.42,0.33,0.35,0.26,0.56,0.43,1.81,35744,18.515367031097412
1.8,1.1,1.46,0.34,0.35,0.24,0.56,0.44,1.85,35773,18.51975393295288
1.79,1.09,1.48,0.35,0.36,0.24,0.56,0.44,1.87,35864,18.51975393295288
1.81,1.1,1.5,0.35,0.38,0.24,0.57,0.45,1.89,35717,18.523430824279785
1.81,1.08,1.52,0.34,0.38,0.26,0.54,0.46,1.92,36074,18.52761197090149
1.77,1.08,1.56,0.37,0.4,0.25,0.55,0.47,1.93,36015,18.53153896331787
1.77,1.08,1.58,0.37,0.39,0.25,0.55,0.46,1.95,35308,18.532090663909912
1.78,1.08,1.62,0.35,0.39,0.25,0.56,0.47,1.97,35767,18.53558087348938
1.81,1.11,1.65,0.38,0.41,0.25,0.54,0.46,1.98,35404,18.539589166641235
1.82,1.12,1.65,0.36,0.42,0.25,0.53,0.45,2.0,34847,18.543590545654297
1.83,1.12,1.68,0.35,0.41,0.26,0.55,0.46,2.0,35034,18.5443332195282
1.87,1.12,1.72,0.36,0.42,0.26,0.53,0.46,2.0,35335,18.548333644866943
1.88,1.14,1.75,0.35,0.4,0.25,0.53,0.47,2.01,35544,18.552616357803345
1.89,1.14,1.77,0.34,0.43,0.25,0.51,0.46,2.03,35019,18.556085109710693
1.91,1.12,1.78,0.33,0.41,0.25,0.52,0.46,2.03,35224,18.556811332702637
1.89,1.11,1.81,0.33,0.42,0.25,0.52,0.46,2.02,35369,18.560293912887573
1.89,1.11,1.83,0.33,0.43,0.25,0.52,0.47,2.03,35194,18.56442952156067
1.9,1.09,1.84,0.32,0.42,0.26,0.52,0.47,2.04,35399,18.568617582321167
1.89,1.08,1.83,0.32,0.42,0.26,0.51,0.47,2.05,35326,18.56959080696106
1.89,1.06,1.84,0.32,0.44,0.26,0.49,0.47,2.06,35517,18.572938442230225
1.9,1.05,1.86,0.31,0.44,0.26,0.49,0.48,2.06,35706,18.576943397521973
1.9,1.04,1.88,0.31,0.45,0.25,0.49,0.48,2.08,35801,18.58096957206726
1.9,1.02,1.89,0.29,0.43,0.25,0.47,0.49,2.06,35920,18.58198046684265
1.89,1.01,1.91,0.28,0.43,0.24,0.47,0.49,2.07,35983,18.585222721099854
1.88,1.01,1.93,0.28,0.44,0.25,0.47,0.5,2.06,36266,18.58953833580017
1.89,1.0,1.94,0.27,0.43,0.24,0.47,0.49,2.07,36389,18.593197345733643
1.88,0.99,1.95,0.27,0.46,0.25,0.46,0.49,2.07,36626,18.59735941886902
1.88,0.99,1.96,0.26,0.47,0.23,0.46,0.49,2.08,37045,18.59735941886902
1.87,0.98,1.98,0.24,0.48,0.23,0.48,0.49,2.08,37628,18.601366758346558
1.83,0.96,1.98,0.24,0.5,0.23,0.5,0.49,2.08,37625,18.6054527759552
1.78,0.97,2.0,0.26,0.5,0.24,0.49,0.49,2.07,37636,18.60954213142395
1.76,0.95,2.01,0.26,0.52,0.23,0.51,0.5,2.07,38153,18.61034655570984
1.72,0.94,2.03,0.26,0.53,0.23,0.52,0.51,2.07,38464,18.613999128341675
1.72,0.93,2.04,0.27,0.57,0.23,0.52,0.51,2.06,38165,18.617714405059814
1.7,0.92,2.04,0.28,0.55,0.23,0.51,0.51,2.05,37768,18.621657133102417
1.71,0.93,2.05,0.29,0.56,0.24,0.53,0.52,2.05,38319,18.622657775878906
1.65,0.91,2.06,0.29,0.55,0.24,0.53,0.53,2.04,38718,18.626683235168457
1.69,0.91,2.08,0.29,0.57,0.24,0.54,0.54,2.03,38617,18.629993200302124
1.67,0.93,2.09,0.31,0.59,0.23,0.56,0.55,2.01,38906,18.633554220199585
1.67,0.92,2.11,0.32,0.62,0.24,0.6,0.55,2.0,38725,18.634589195251465
1.66,0.91,2.13,0.35,0.67,0.25,0.61,0.56,1.98,38508,18.638590097427368
1.66,0.92,2.15,0.36,0.68,0.25,0.62,0.56,1.97,38881,18.642588138580322
1.66,0.89,2.15,0.35,0.71,0.24,0.61,0.56,1.97,38884,18.646617889404297
1.66,0.9,2.14,0.36,0.69,0.24,0.61,0.57,1.98,38899,18.64758610725403
1.66,0.91,2.13,0.36,0.71,0.24,0.62,0.58,1.99,38630,18.650597095489502
1.6,0.91,2.13,0.39,0.76,0.24,0.65,0.58,2.0,38297,18.654613733291626
1.61,0.93,2.11,0.38,0.78,0.24,0.69,0.59,2.0,37998,18.658973217010498
1.63,0.95,2.12,0.41,0.76,0.25,0.72,0.62,1.99,38065,18.66003108024597
1.63,0.97,2.12,0.43,0.79,0.25,0.74,0.63,1.98,37758,18.663036584854126
1.62,1.0,2.12,0.44,0.81,0.26,0.73,0.65,1.97,37507,18.667441368103027
1.6,1.01,2.11,0.44,0.79,0.27,0.75,0.7,1.98,36836,18.670533418655396
1.59,1.01,2.11,0.44,0.83,0.27,0.75,0.72,1.99,36355,18.67501950263977
1.61,1.02,2.1,0.45,0.83,0.26,0.76,0.72,2.0,36198,18.67501950263977
1.63,1.02,2.08,0.47,0.86,0.27,0.78,0.73,2.0,36099,18.679075241088867
1.61,1.06,2.07,0.47,0.87,0.25,0.81,0.77,2.02,36808,18.683213710784912
1.62,1.09,2.06,0.49,0.9,0.26,0.84,0.82,2.02,36583,18.68732714653015
1.63,1.11,2.05,0.51,0.89,0.27,0.84,0.83,2.03,35562,18.68732714653015
1.64,1.12,2.02,0.53,0.95,0.28,0.88,0.88,2.03,34935,18.691303968429565
1.62,1.13,2.0,0.55,0.94,0.29,0.88,0.91,2.04,34388,18.69539523124695
1.64,1.14,1.98,0.55,0.93,0.3,0.9,0.97,2.04,34503,18.699418544769287
1.63,1.16,1.97,0.55,0.91,0.31,0.91,0.99,2.04,34076,18.7004611492157
1.61,1.16,1.95,0.56,0.9,0.31,0.95,1.07,2.06,34167,18.703622102737427
1.61,1.16,1.93,0.57,0.92,0.32,0.94,1.09,2.07,33606,18.70823860168457
1.62,1.17,1.91,0.58,0.94,0.32,0.96,1.12,2.07,33435,18.711998224258423
1.63,1.17,1.9,0.58,0.97,0.34,0.99,1.17,2.06,32810,18.7129864692688
1.62,1.2,1.87,0.58,0.96,0.36,1.0,1.24,2.06,32479,18.71583080291748
1.63,1.22,1.84,0.6,0.99,0.37,1.01,1.26,2.07,32234,18.719979524612427
1.64,1.23,1.83,0.59,0.99,0.37,1.03,1.3,2.07,31687,18.72500491142273
1.62,1.23,1.82,0.62,1.01,0.39,1.03,1.32,2.07,31468,18.72500491142273
1.61,1.23,1.79,0.63,1.03,0.4,1.03,1.35,2.08,31107,18.728678703308105
1.6,1.24,1.77,0.62,1.03,0.4,1.05,1.38,2.1,30850,18.73224639892578
1.6,1.23,1.76,0.64,1.03,0.41,1.06,1.41,2.08,30687,18.736907243728638
1.59,1.23,1.75,0.65,1.03,0.41,1.06,1.44,2.08,30484,18.740174055099487
1.58,1.22,1.73,0.67,1.04,0.42,1.07,1.45,2.07,30113,18.740984201431274
1.6,1.23,1.72,0.68,1.05,0.42,1.07,1.48,2.07,29168,18.74502468109131
1.57,1.23,1.69,0.69,1.05,0.43,1.08,1.5,2.07,29155,18.749330759048462
1.56,1.24,1.68,0.7,1.06,0.45,1.09,1.51,2.08,29480,18.75285530090332
1.53,1.25,1.66,0.71,1.07,0.45,1.1,1.53,2.07,29505,18.75285530090332
1.51,1.24,1.64,0.72,1.08,0.46,1.11,1.53,2.07,29532,18.757330656051636
1.51,1.25,1.64,0.73,1.1,0.48,1.12,1.55,2.08,29141,18.761073112487793
1.51,1.24,1.64,0.73,1.12,0.48,1.12,1.57,2.06,28626,18.76483726501465
1.5,1.24,1.63,0.73,1.11,0.48,1.13,1.57,2.05,28529,18.765531539916992
1.48,1.24,1.62,0.76,1.14,0.5,1.13,1.58,2.05,28640,18.76953959465027
1.47,1.24,1.61,0.77,1.16,0.5,1.14,1.59,2.06,28319,18.773539304733276
1.5,1.23,1.58,0.74,1.17,0.51,1.14,1.6,2.06,28468,18.777684450149536
1.49,1.23,1.58,0.75,1.17,0.52,1.15,1.62,2.05,28461,18.778669595718384
1.48,1.22,1.57,0.76,1.17,0.52,1.16,1.64,2.03,28398,18.78166961669922
1.49,1.22,1.58,0.76,1.18,0.53,1.16,1.65,2.01,28101,18.786028146743774
1.47,1.21,1.57,0.77,1.19,0.55,1.17,1.65,1.99,28028,18.789833068847656
1.47,1.2,1.56,0.8,1.2,0.56,1.16,1.66,1.98,28343,18.7906334400177
1.47,1.21,1.57,0.8,1.2,0.55,1.16,1.66,1.96,28708,18.793752670288086
1.45,1.21,1.57,0.8,1.22,0.56,1.17,1.66,1.95,28925,18.797849893569946
1.44,1.21,1.56,0.81,1.22,0.57,1.18,1.66,1.93,29034,18.801918983459473
1.42,1.24,1.56,0.8,1.21,0.57,1.2,1.66,1.93,29039,18.80263376235962
1.43,1.25,1.56,0.78,1.23,0.56,1.19,1.65,1.91,28834,18.806340217590332
1.44,1.24,1.56,0.78,1.23,0.56,1.18,1.67,1.9,29031,18.810157775878906
1.42,1.24,1.55,0.8,1.24,0.58,1.19,1.67,1.88,29010,18.814154148101807
1.44,1.23,1.54,0.78,1.25,0.58,1.19,1.67,1.88,29277,18.81761908531189
1.41,1.22,1.54,0.77,1.25,0.57,1.19,1.67,1.88,29486,18.818669319152832
1.42,1.21,1.51,0.78,1.27,0.58,1.18,1.67,1.86,29079,18.82274079322815
1.41,1.24,1.49,0.77,1.27,0.59,1.17,1.67,1.87,29060,18.82676649093628
1.39,1.22,1.49,0.82,1.28,0.59,1.16,1.67,1.84,29151,18.8304386138916
1.4,1.25,1.51,0.81,1.28,0.59,1.16,1.67,1.81,29246,18.83116579055786
1.41,1.25,1.49,0.81,1.28,0.59,1.14,1.67,1.79,29119,18.834716320037842
1.4,1.25,1.48,0.81,1.27,0.58,1.15,1.67,1.79,29084,18.83859133720398
1.43,1.27,1.47,0.81,1.27,0.59,1.15,1.67,1.75,29455,18.842977285385132
1.38,1.28,1.46,0.82,1.25,0.59,1.14,1.68,1.72,29506,18.842977285385132
1.39,1.29,1.45,0.83,1.25,0.6,1.11,1.68,1.71,29323,18.84698987007141
1.42,1.3,1.46,0.8,1.25,0.59,1.1,1.68,1.67,29272,18.851551055908203
1.42,1.32,1.46,0.82,1.25,0.6,1.08,1.67,1.65,29171,18.855556964874268
1.41,1.32,1.47,0.83,1.26,0.61,1.09,1.67,1.62,29380,18.856550693511963
1.44,1.33,1.46,0.84,1.27,0.59,1.08,1.67,1.61,29577,18.859299898147583
1.43,1.34,1.46,0.84,1.26,0.6,1.08,1.67,1.6,29682,18.863303661346436
1.43,1.34,1.44,0.84,1.27,0.6,1.07,1.67,1.58,29709,18.868329524993896
1.42,1.35,1.42,0.83,1.27,0.6,1.06,1.67,1.59,29894,18.868329524993896
1.42,1.36,1.45,0.83,1.27,0.57,1.05,1.66,1.54,29947,18.87107276916504
1.42,1.35,1.43,0.82,1.28,0.57,1.07,1.67,1.52,30028,18.876056432724
1.45,1.37,1.42,0.81,1.27,0.58,1.07,1.67,1.49,30457,18.880069494247437
1.45,1.39,1.4,0.78,1.27,0.59,1.08,1.67,1.47,29978,18.884060621261597
1.46,1.38,1.4,0.79,1.28,0.57,1.05,1.66,1.44,30065,18.884060621261597
1.47,1.38,1.38,0.78,1.28,0.59,1.05,1.66,1.42,30436,18.888206958770752
1.47,1.39,1.37,0.76,1.29,0.6,1.06,1.67,1.38,30219,18.89246964454651
1.46,1.39,1.38,0.73,1.3,0.59,1.04,1.66,1.35,30194,18.895932912826538
1.45,1.39,1.37,0.74,1.3,0.58,1.06,1.65,1.28,30507,18.8964741230011
1.46,1.4,1.38,0.73,1.29,0.56,1.06,1.64,1.29,30266,18.9000506401062
1.46,1.4,1.36,0.75,1.29,0.55,1.06,1.65,1.25,30263,18.90450429916382
1.46,1.42,1.37,0.76,1.29,0.57,1.05,1.63,1.2,30380,18.90856122970581
1.45,1.42,1.36,0.74,1.3,0.56,1.06,1.63,1.19,30615,18.90949249267578
1.45,1.43,1.34,0.76,1.3,0.55,1.07,1.62,1.17,31134,18.912544012069702
1.42,1.43,1.34,0.76,1.3,0.55,1.04,1.63,1.11,30997,18.916744232177734
1.41,1.43,1.32,0.78,1.3,0.53,1.05,1.63,1.13,30670,18.92084527015686
1.43,1.43,1.32,0.77,1.31,0.52,1.04,1.62,1.09,30439,18.921886205673218
1.43,1.44,1.3,0.79,1.3,0.53,1.04,1.62,1.06,30124,18.92420983314514
1.43,1.44,1.29,0.77,1.31,0.53,1.07,1.62,1.05,30597,18.929449558258057
1.44,1.43,1.24,0.77,1.31,0.53,1.08,1.63,1.05,30356,18.933421850204468
1.42,1.43,1.22,0.78,1.3,0.54,1.09,1.63,1.03,29897,18.933421850204468
1.42,1.43,1.19,0.77,1.31,0.54,1.09,1.64,1.01,29966,18.937507152557373
1.43,1.41,1.17,0.81,1.32,0.57,1.12,1.65,0.96,30337,18.941208839416504
1.43,1.4,1.14,0.81,1.32,0.55,1.1,1.65,0.96,30370,18.945375442504883
1.46,1.4,1.12,0.8,1.33,0.54,1.11,1.64,0.95,29761,18.9494149684906
1.47,1.39,1.13,0.82,1.34,0.53,1.1,1.63,0.95,29382,18.9494149684906
1.43,1.39,1.09,0.81,1.34,0.5,1.13,1.64,0.94,29311,18.95301866531372
1.45,1.39,1.08,0.81,1.34,0.51,1.13,1.63,0.89,29994,18.95764923095703
1.44,1.36,1.08,0.82,1.35,0.5,1.13,1.65,0.91,29687,18.961502075195312
1.43,1.38,1.06,0.83,1.34,0.51,1.15,1.65,0.89,29356,18.961502075195312
1.44,1.37,1.06,0.82,1.33,0.49,1.18,1.66,0.86,29429,18.965509176254272
1.42,1.38,1.02,0.83,1.33,0.5,1.17,1.65,0.86,29208,18.969690322875977
1.45,1.39,1.01,0.83,1.32,0.5,1.19,1.65,0.83,29565,18.97369122505188
1.42,1.38,1.01,0.84,1.32,0.5,1.2,1.65,0.81,29316,18.97369122505188
1.44,1.36,1.0,0.85,1.33,0.49,1.18,1.65,0.8,29073,18.977691173553467
1.47,1.36,1.0,0.84,1.34,0.51,1.18,1.66,0.79,28926,18.982682943344116
1.48,1.33,0.98,0.82,1.34,0.49,1.2,1.67,0.78,28861,18.98625946044922
1.46,1.34,0.97,0.85,1.33,0.5,1.21,1.67,0.76,28962,18.98625946044922
1.46,1.34,0.95,0.86,1.32,0.49,1.21,1.68,0.76,28913,18.989864587783813
1.46,1.32,0.92,0.9,1.33,0.5,1.22,1.68,0.76,28478,18.994226217269897
1.46,1.32,0.91,0.9,1.35,0.48,1.21,1.68,0.75,28341,18.998225927352905
1.46,1.33,0.91,0.91,1.32,0.48,1.24,1.68,0.74,28202,18.99895429611206
1.47,1.31,0.89,0.9,1.32,0.49,1.24,1.69,0.72,27973,19.002971649169922
1.49,1.3,0.89,0.91,1.33,0.49,1.25,1.7,0.72,27906,19.00728940963745
1.49,1.28,0.88,0.9,1.33,0.49,1.25,1.71,0.71,28095,19.0114004611969
1.5,1.26,0.87,0.9,1.33,0.49,1.27,1.71,0.73,27540,19.014942169189453
1.49,1.26,0.85,0.91,1.34,0.48,1.27,1.71,0.74,27333,19.014942169189453
1.5,1.25,0.83,0.93,1.33,0.47,1.27,1.72,0.72,27142,19.019006967544556
1.5,1.24,0.82,0.93,1.34,0.47,1.3,1.72,0.71,27449,19.023611307144165
1.51,1.24,0.83,0.93,1.35,0.48,1.3,1.7,0.7,27280,19.026880741119385
1.53,1.22,0.82,0.94,1.36,0.48,1.3,1.7,0.68,27071,19.02759623527527
1.55,1.21,0.84,0.94,1.36,0.48,1.29,1.71,0.68,26944,19.03159999847412
1.57,1.22,0.85,0.95,1.34,0.47,1.29,1.7,0.7,26541,19.03564453125
1.58,1.21,0.81,0.94,1.34,0.46,1.29,1.72,0.67,26416,19.038644790649414
1.58,1.22,0.8,0.95,1.33,0.48,1.29,1.7,0.68,26577,19.03964614868164
1.6,1.22,0.78,0.95,1.32,0.46,1.29,1.7,0.66,26578,19.043342113494873
1.6,1.22,0.79,0.96,1.33,0.47,1.3,1.69,0.65,26405,19.047847509384155
1.61,1.2,0.79,0.96,1.34,0.46,1.3,1.7,0.66,26144,19.051860332489014
1.62,1.2,0.77,0.96,1.35,0.45,1.31,1.69,0.64,25517,19.05256962776184
1.62,1.2,0.8,0.96,1.33,0.45,1.3,1.69,0.64,25616,19.055969953536987
1.62,1.19,0.79,0.96,1.34,0.46,1.32,1.68,0.63,25769,19.060158491134644
1.63,1.2,0.8,0.96,1.33,0.45,1.33,1.67,0.61,25400,19.064175605773926
1.64,1.2,0.81,0.95,1.33,0.44,1.32,1.66,0.61,25081,19.065038204193115
1.64,1.21,0.81,0.95,1.34,0.44,1.33,1.64,0.59,24900,19.068178176879883
1.64,1.19,0.79,0.96,1.34,0.42,1.33,1.65,0.58,24805,19.072378635406494
1.64,1.19,0.8,0.97,1.34,0.43,1.34,1.64,0.58,25072,19.076621532440186
1.63,1.17,0.8,0.97,1.36,0.43,1.35,1.63,0.57,24941,19.076621532440186
1.64,1.17,0.82,0.97,1.35,0.42,1.34,1.64,0.58,24892,19.080249071121216
1.64,1.16,0.8,0.98,1.34,0.42,1.34,1.64,0.58,24861,19.084729194641113
1.65,1.17,0.8,0.97,1.32,0.42,1.35,1.63,0.57,24612,19.088968515396118
1.63,1.15,0.8,0.97,1.32,0.42,1.36,1.65,0.57,24667,19.093045473098755
1.62,1.15,0.82,0.97,1.31,0.43,1.38,1.64,0.55,24512,19.093045473098755
1.62,1.15,0.83,0.99,1.29,0.43,1.37,1.63,0.55,24291,19.096898555755615
1.62,1.16,0.84,0.99,1.29,0.44,1.39,1.63,0.56,24156,19.10109829902649
1.61,1.16,0.84,0.98,1.28,0.44,1.39,1.64,0.54,23947,19.105273246765137
1.61,1.15,0.85,0.98,1.26,0.43,1.4,1.66,0.53,23898,19.105273246765137
1.61,1.15,0.82,0.97,1.23,0.43,1.41,1.65,0.52,23771,19.109275102615356
1.62,1.16,0.82,0.96,1.22,0.43,1.41,1.64,0.52,23804,19.113511085510254
1.62,1.17,0.84,0.96,1.22,0.43,1.41,1.64,0.5,23617,19.11755657196045
1.62,1.16,0.83,0.96,1.22,0.43,1.42,1.63,0.51,23428,19.11755657196045
1.63,1.15,0.8,0.96,1.2,0.42,1.42,1.65,0.51,23485,19.121107578277588
1.64,1.14,0.81,0.96,1.18,0.41,1.42,1.65,0.48,23530,19.126142024993896
1.65,1.17,0.8,0.95,1.17,0.41,1.42,1.64,0.46,24061,19.12999129295349
1.65,1.17,0.79,0.94,1.15,0.39,1.43,1.62,0.43,23558,19.12999129295349
1.65,1.15,0.8,0.94,1.17,0.4,1.43,1.6,0.44,23427,19.133813858032227
1.66,1.16,0.78,0.93,1.13,0.39,1.43,1.62,0.43,23120,19.138041257858276
1.67,1.18,0.8,0.92,1.13,0.39,1.44,1.59,0.41,23459,19.142119646072388
1.68,1.19,0.77,0.92,1.14,0.39,1.43,1.53,0.41,23634,19.142119646072388
1.68,1.2,0.8,0.93,1.12,0.4,1.42,1.51,0.43,23367,19.14585280418396
1.69,1.18,0.78,0.92,1.12,0.4,1.42,1.53,0.43,23492,19.150007963180542
1.69,1.16,0.77,0.93,1.11,0.41,1.41,1.54,0.44,23183,19.154316425323486
1.7,1.16,0.75,0.93,1.1,0.42,1.4,1.54,0.45,23066,19.15537142753601
1.69,1.17,0.74,0.93,1.1,0.41,1.41,1.54,0.43,23107,19.15839433670044
1.69,1.18,0.74,0.92,1.09,0.39,1.42,1.51,0.44,22968,19.162463903427124
1.68,1.16,0.7,0.92,1.08,0.39,1.43,1.52,0.43,23375,19.166634559631348
1.68,1.17,0.71,0.92,1.05,0.39,1.43,1.49,0.44,23598,19.170619010925293
1.7,1.15,0.7,0.92,1.06,0.4,1.42,1.49,0.44,23529,19.171510934829712
1.71,1.15,0.69,0.91,1.05,0.39,1.42,1.47,0.43,23042,19.174748420715332
1.72,1.15,0.67,0.9,1.04,0.38,1.42,1.46,0.43,22685,19.178951263427734
1.73,1.14,0.66,0.89,1.06,0.39,1.42,1.43,0.42,22490,19.183065176010132
1.74,1.15,0.65,0.88,1.01,0.38,1.42,1.43,0.42,22861,19.183065176010132
1.75,1.16,0.64,0.87,1.01,0.37,1.42,1.39,0.42,23276,19.18735980987549
1.77,1.17,0.66,0.85,0.99,0.37,1.42,1.37,0.4,23441,19.191649913787842
1.8,1.19,0.62,0.85,0.97,0.36,1.41,1.35,0.41,23246,19.195132732391357
1.81,1.2,0.62,0.83,0.97,0.35,1.41,1.3,0.4,23233,19.19587469100952
1.81,1.2,0.62,0.84,0.97,0.34,1.41,1.28,0.39,22918,19.19911766052246
1.83,1.19,0.63,0.83,0.96,0.34,1.4,1.26,0.38,23327,19.20322585105896
1.85,1.2,0.63,0.82,0.96,0.34,1.41,1.23,0.38,23702,19.20721411705017
1.86,1.2,0.62,0.81,0.95,0.35,1.4,1.21,0.38,23759,19.207959413528442
1.87,1.2,0.64,0.81,0.95,0.34,1.4,1.18,0.37,23388,19.212283849716187
1.88,1.2,0.6,0.8,0.93,0.33,1.41,1.19,0.37,23183,19.215538263320923
1.89,1.19,0.6,0.8,0.92,0.33,1.4,1.19,0.36,23308,19.219438552856445
1.88,1.21,0.62,0.81,0.92,0.33,1.41,1.19,0.36,23727,19.22048592567444
1.89,1.21,0.62,0.81,0.9,0.3,1.42,1.17,0.37,23980,19.22402858734131
1.88,1.22,0.58,0.8,0.91,0.3,1.42,1.13,0.36,23945,19.2280113697052
1.89,1.21,0.57,0.8,0.88,0.29,1.42,1.12,0.36,23922,19.23135232925415
1.89,1.23,0.57,0.8,0.89,0.29,1.42,1.05,0.37,23679,19.23565936088562
1.9,1.24,0.59,0.79,0.84,0.28,1.42,1.04,0.36,23636,19.236711263656616
1.92,1.25,0.57,0.79,0.84,0.28,1.41,1.03,0.35,23675,19.240262031555176
1.93,1.25,0.58,0.79,0.82,0.28,1.41,1.02,0.34,23986,19.244025468826294
1.93,1.25,0.58,0.79,0.82,0.28,1.41,1.01,0.33,24245,19.248013257980347
1.94,1.24,0.56,0.78,0.81,0.28,1.4,1.02,0.35,24286,19.248013257980347
1.95,1.23,0.59,0.78,0.78,0.27,1.39,0.99,0.33,24083,19.252013444900513
1.95,1.26,0.57,0.78,0.77,0.27,1.39,0.94,0.33,24232,19.257117986679077
1.96,1.27,0.57,0.78,0.79,0.26,1.39,0.92,0.32,24421,19.260188817977905
1.97,1.26,0.57,0.76,0.77,0.26,1.4,0.9,0.33,24490,19.26123023033142
1.98,1.25,0.56,0.75,0.78,0.27,1.4,0.9,0.32,24395,19.264808177947998
1.99,1.26,0.54,0.75,0.79,0.27,1.39,0.88,0.33,24532,19.26907229423523
1.99,1.25,0.52,0.76,0.76,0.26,1.39,0.88,0.32,24529,19.273141145706177
1.99,1.26,0.51,0.76,0.76,0.25,1.39,0.84,0.3,24986,19.273141145706177
2.0,1.26,0.52,0.76,0.76,0.23,1.37,0.82,0.3,24847,19.27712893486023
2.02,1.3,0.52,0.77,0.74,0.24,1.35,0.77,0.3,24846,19.281290292739868
2.02,1.28,0.51,0.76,0.73,0.24,1.35,0.77,0.29,24983,19.28511118888855
2.02,1.28,0.5,0.75,0.74,0.22,1.36,0.77,0.3,25102,19.28511118888855
2.01,1.26,0.52,0.75,0.69,0.23,1.38,0.77,0.3,25143,19.289145708084106
1.98,1.23,0.51,0.76,0.73,0.23,1.4,0.79,0.3,25530,19.293468952178955
1.98,1.24,0.49,0.76,0.72,0.22,1.4,0.78,0.28,25433,19.29774284362793
1.97,1.25,0.48,0.77,0.7,0.22,1.4,0.79,0.27,25352,19.301708936691284
1.96,1.25,0.48,0.77,0.68,0.21,1.41,0.77,0.29,25141,19.301708936691284
1.95,1.23,0.48,0.77,0.71,0.22,1.41,0.76,0.29,25414,19.305789709091187
1.95,1.25,0.49,0.76,0.69,0.21,1.41,0.74,0.29,25693,19.310336351394653
1.95,1.25,0.46,0.75,0.66,0.2,1.42,0.72,0.28,25734,19.313982486724854
1.94,1.25,0.46,0.75,0.64,0.21,1.42,0.71,0.28,25539,19.313982486724854
1.96,1.26,0.48,0.74,0.66,0.21,1.4,0.67,0.28,25600,19.317692279815674
1.98,1.27,0.45,0.72,0.66,0.2,1.4,0.68,0.29,25473,19.32200789451599
2.0,1.25,0.49,0.71,0.65,0.19,1.38,0.65,0.27,25432,19.326013326644897
2.01,1.26,0.45,0.69,0.64,0.19,1.38,0.61,0.26,25697,19.326736450195312
2.01,1.27,0.44,0.7,0.65,0.17,1.39,0.59,0.26,25460,19.330729007720947
1.97,1.26,0.43,0.7,0.62,0.16,1.38,0.57,0.25,25193,19.33450222015381
2.01,1.25,0.4,0.68,0.62,0.16,1.37,0.56,0.25,25184,19.338758945465088
1.99,1.25,0.41,0.69,0.6,0.17,1.37,0.57,0.24,25429,19.338758945465088
2.0,1.25,0.42,0.68,0.6,0.16,1.34,0.55,0.24,25388,19.34261965751648
2.0,1.26,0.41,0.7,0.62,0.16,1.32,0.53,0.25,25407,19.34645915031433
1.98,1.24,0.41,0.7,0.58,0.17,1.34,0.58,0.25,25004,19.35139536857605
1.97,1.23,0.4,0.7,0.59,0.17,1.34,0.55,0.23,24843,19.35139536857605
2.02,1.25,0.4,0.65,0.55,0.16,1.3,0.51,0.23,24966,19.354990243911743
2.09,1.24,0.38,0.64,0.54,0.14,1.24,0.5,0.21,25231,19.359182357788086
2.08,1.23,0.37,0.65,0.54,0.13,1.24,0.52,0.2,25506,19.363218069076538
2.05,1.23,0.35,0.67,0.52,0.12,1.26,0.53,0.2,25085,19.363218069076538
1.97,1.22,0.35,0.7,0.54,0.12,1.29,0.52,0.2,25138,19.36695623397827
1.98,1.22,0.3,0.69,0.54,0.1,1.27,0.5,0.21,25441,19.370988845825195
1.99,1.23,0.3,0.68,0.52,0.09,1.26,0.48,0.19,25532,19.37554144859314
1.98,1.24,0.31,0.68,0.5,0.1,1.25,0.49,0.2,25093,19.378936529159546
1.97,1.25,0.28,0.68,0.51,0.09,1.25,0.48,0.19,25400,19.37997794151306
1.99,1.24,0.29,0.69,0.53,0.11,1.23,0.47,0.2,25413,19.384019374847412
1.97,1.25,0.28,0.7,0.53,0.1,1.2,0.47,0.19,25256,19.388142108917236
1.89,1.22,0.29,0.72,0.52,0.09,1.26,0.48,0.19,25579,19.39137840270996
1.86,1.21,0.26,0.75,0.53,0.08,1.22,0.45,0.19,26046,19.392155408859253
1.91,1.21,0.27,0.71,0.52,0.09,1.2,0.44,0.2,25895,19.396337509155273
1.87,1.22,0.26,0.67,0.51,0.09,1.19,0.44,0.19,25562,19.40033721923828
1.95,1.24,0.27,0.66,0.52,0.1,1.14,0.42,0.19,25253,19.403692483901978
1.95,1.24,0.26,0.68,0.52,0.09,1.13,0.42,0.2,25298,19.404736757278442
1.97,1.26,0.27,0.67,0.49,0.09,1.12,0.42,0.19,25205,19.407899618148804
1.96,1.26,0.26,0.68,0.5,0.1,1.12,0.43,0.19,25022,19.412379503250122
1.92,1.25,0.28,0.7,0.49,0.09,1.14,0.43,0.19,25171,19.41642713546753
2.01,1.27,0.28,0.64,0.48,0.09,1.05,0.39,0.19,24702,19.41642713546753
1.99,1.26,0.27,0.67,0.48,0.09,1.06,0.39,0.19,24743,19.420791625976562
1.99,1.26,0.26,0.66,0.48,0.09,1.05,0.39,0.17,24786,19.424790859222412
1.96,1.26,0.25,0.69,0.46,0.07,1.08,0.4,0.16,24561,19.42881417274475
1.91,1.25,0.24,0.7,0.48,0.07,1.1,0.4,0.16,24544,19.4298038482666
1.9,1.24,0.22,0.69,0.49,0.06,1.1,0.39,0.15,24405,19.43341374397278
1.94,1.26,0.23,0.68,0.48,0.06,1.09,0.4,0.14,24192,19.43687915802002
1.94,1.26,0.22,0.66,0.46,0.06,1.05,0.39,0.14,24129,19.441105127334595
1.94,1.25,0.21,0.66,0.47,0.06,1.06,0.39,0.15,23566,19.44511365890503
1.91,1.27,0.19,0.68,0.46,0.05,1.05,0.39,0.15,23409,19.44511365890503
1.89,1.25,0.19,0.65,0.46,0.05,1.06,0.39,0.14,23888,19.44925570487976
1.9,1.24,0.19,0.65,0.45,0.05,1.05,0.4,0.12,23647,19.453726291656494
1.91,1.25,0.19,0.65,0.44,0.05,1.04,0.39,0.13,23012,19.457714796066284
1.92,1.26,0.19,0.65,0.43,0.05,1.04,0.39,0.13,23323,19.457714796066284
1.88,1.23,0.19,0.69,0.43,0.04,1.03,0.4,0.11,23678,19.461713314056396
1.88,1.24,0.19,0.68,0.42,0.03,1.03,0.4,0.08,23473,19.46603798866272
1.88,1.25,0.2,0.66,0.42,0.02,1.03,0.39,0.08,23494,19.46963095664978
1.8,1.23,0.2,0.63,0.41,0.01,1.08,0.4,0.05,23569,19.470178365707397
1.78,1.23,0.2,0.66,0.42,0.02,1.04,0.39,0.06,23594,19.474008798599243
1.82,1.25,0.21,0.63,0.41,0.01,1.03,0.4,0.05,23767,19.47843289375305
1.83,1.24,0.19,0.62,0.4,0.01,1.04,0.4,0.04,23938,19.482096433639526
1.84,1.24,0.19,0.62,0.41,0.01,1.02,0.4,0.04,23801,19.482096433639526
1.84,1.25,0.18,0.61,0.38,0.01,1.02,0.39,0.03,24354,19.48609495162964
1.86,1.25,0.15,0.61,0.38,0.0,1.0,0.4,0.02,24271,19.490193605422974
1.84,1.24,0.13,0.6,0.38,0.0,1.0,0.39,0.02,24468,19.4942684173584
1.85,1.25,0.16,0.59,0.38,0.0,0.99,0.4,0.0,25147,19.495081186294556
1.85,1.25,0.11,0.59,0.4,0.0,0.98,0.39,0.0,25602,19.498262882232666
1.83,1.23,0.14,0.6,0.39,0.0,0.99,0.4,0.0,26073,19.502517461776733
1.79,1.23,0.09,0.58,0.36,0.0,0.99,0.4,0.0,26614,19.507100582122803
1.75,1.19,0.12,0.6,0.38,0.0,0.98,0.4,0.0,26917,19.507100582122803
1.77,1.21,0.11,0.58,0.36,0.0,0.97,0.4,0.0,27252,19.510251998901367
1.79,1.19,0.11,0.55,0.35,0.0,0.96,0.4,0.0,27517,19.514753818511963
1.79,1.22,0.08,0.53,0.34,0.0,0.95,0.39,0.0,27960,19.518985748291016
1.79,1.23,0.11,0.54,0.34,0.0,0.96,0.4,0.0,28833,19.522268772125244
1.8,1.23,0.11,0.56,0.33,0.0,0.94,0.39,0.0,29624,19.523002862930298
1.79,1.23,0.11,0.54,0.32,0.0,0.93,0.39,0.0,30549,19.526993989944458
1.78,1.25,0.11,0.57,0.34,0.0,0.91,0.38,0.0,30344,19.53117609024048
1.76,1.25,0.09,0.56,0.33,0.0,0.93,0.39,0.0,30781,19.534934997558594
1.79,1.25,0.11,0.55,0.32,0.0,0.93,0.39,0.0,31492,19.535637617111206
1.78,1.25,0.09,0.56,0.32,0.0,0.95,0.39,0.0,31587,19.539238214492798
1.79,1.27,0.09,0.53,0.31,0.0,0.91,0.38,0.0,31950,19.543302059173584
1.8,1.28,0.09,0.53,0.31,0.0,0.93,0.38,0.0,32513,19.54749345779419
1.81,1.29,0.1,0.52,0.31,0.0,0.93,0.38,0.0,32648,19.54749345779419
1.79,1.29,0.09,0.55,0.32,0.0,0.92,0.37,0.0,32601,19.5519278049469
1.79,1.3,0.1,0.56,0.31,0.0,0.91,0.37,0.0,32948,19.55592918395996
1.8,1.32,0.12,0.56,0.31,0.0,0.91,0.37,0.0,33045,19.55992555618286
1.82,1.32,0.1,0.56,0.31,0.0,0.91,0.38,0.0,33392,19.55992555618286
1.83,1.32,0.1,0.55,0.3,0.0,0.91,0.38,0.0,33731,19.56368374824524
1.83,1.34,0.09,0.55,0.3,0.0,0.91,0.37,0.0,33548,19.56767463684082
1.85,1.33,0.07,0.52,0.3,0.0,0.9,0.37,0.0,33565,19.572005033493042
1.84,1.33,0.09,0.51,0.3,0.0,0.89,0.36,0.0,33784,19.572736263275146
1.85,1.32,0.06,0.51,0.3,0.0,0.88,0.36,0.0,33103,19.576000452041626
1.84,1.31,0.07,0.52,0.31,0.0,0.87,0.36,0.0,32836,19.58027720451355
1.86,1.32,0.07,0.5,0.31,0.0,0.88,0.36,0.01,33115,19.583831071853638
1.87,1.31,0.08,0.5,0.31,0.0,0.86,0.35,0.0,33254,19.58483123779297
1.88,1.32,0.09,0.51,0.31,0.0,0.86,0.34,0.0,33357,19.587830543518066
1.86,1.32,0.11,0.52,0.31,0.0,0.85,0.34,0.01,33872,19.592831134796143
1.87,1.33,0.09,0.5,0.31,0.0,0.86,0.34,0.03,33831,19.596895456314087
1.87,1.31,0.1,0.52,0.32,0.0,0.86,0.34,0.02,33590,19.596895456314087
1.88,1.31,0.12,0.52,0.32,0.0,0.83,0.34,0.03,33551,19.600924730300903
1.88,1.31,0.12,0.52,0.32,0.0,0.83,0.33,0.04,33704,19.604952573776245
1.9,1.33,0.11,0.51,0.32,0.0,0.84,0.33,0.03,33791,19.609272718429565
1.88,1.33,0.12,0.52,0.32,0.0,0.85,0.33,0.04,33604,19.61297369003296
1.88,1.33,0.11,0.53,0.33,0.0,0.85,0.34,0.04,33585,19.613717079162598
1.89,1.33,0.13,0.54,0.32,0.01,0.85,0.34,0.06,33502,19.616979598999023
1.88,1.32,0.15,0.54,0.31,0.01,0.85,0.33,0.06,33817,19.6211998462677
1.88,1.34,0.14,0.55,0.32,0.01,0.86,0.33,0.08,34502,19.625438928604126
1.88,1.35,0.14,0.56,0.31,0.01,0.86,0.34,0.07,34329,19.62621545791626
1.88,1.34,0.15,0.56,0.31,0.02,0.86,0.32,0.13,33478,19.629457712173462
1.88,1.35,0.16,0.56,0.32,0.03,0.86,0.33,0.11,33791,19.63357448577881
1.89,1.35,0.16,0.56,0.33,0.03,0.87,0.32,0.17,33480,19.63763737678528
1.9,1.35,0.19,0.55,0.33,0.04,0.86,0.31,0.19,33349,19.638328552246094
1.89,1.36,0.19,0.56,0.33,0.04,0.86,0.31,0.17,33474,19.64173674583435
1.9,1.35,0.19,0.56,0.33,0.05,0.85,0.3,0.21,33229,19.645841360092163
1.91,1.36,0.19,0.55,0.32,0.05,0.85,0.31,0.21,32590,19.649940967559814
1.92,1.35,0.2,0.54,0.33,0.06,0.84,0.3,0.25,31911,19.650816679000854
1.93,1.35,0.22,0.53,0.34,0.07,0.83,0.3,0.26,32004,19.654282808303833
1.93,1.36,0.22,0.52,0.33,0.08,0.83,0.29,0.27,32619,19.658283472061157
1.94,1.37,0.26,0.51,0.33,0.08,0.83,0.29,0.3,32538,19.662583112716675
1.93,1.37,0.24,0.51,0.32,0.08,0.83,0.29,0.3,32565,19.662583112716675
1.93,1.37,0.24,0.51,0.33,0.08,0.83,0.29,0.31,32612,19.66589903831482
1.93,1.36,0.24,0.51,0.33,0.08,0.83,0.3,0.29,32517,19.670393466949463
1.95,1.35,0.25,0.47,0.32,0.09,0.81,0.29,0.34,32392,19.674933910369873
1.91,1.32,0.26,0.45,0.32,0.1,0.83,0.3,0.36,31765,19.674933910369873
1.88,1.29,0.26,0.45,0.32,0.09,0.84,0.3,0.4,30966,19.678198099136353
1.87,1.27,0.26,0.46,0.32,0.1,0.84,0.3,0.4,30577,19.682929039001465
1.84,1.27,0.26,0.46,0.32,0.1,0.83,0.3,0.42,31082,19.686918020248413
1.86,1.28,0.28,0.48,0.32,0.11,0.82,0.29,0.46,31331,19.690897941589355
1.88,1.3,0.28,0.48,0.32,0.11,0.83,0.29,0.47,31144,19.690897941589355
1.89,1.29,0.32,0.47,0.32,0.13,0.85,0.29,0.5,31167,19.694859504699707
1.89,1.29,0.37,0.48,0.32,0.14,0.84,0.3,0.51,31158,19.699063539505005
1.89,1.29,0.38,0.48,0.32,0.13,0.84,0.3,0.53,31143,19.703166723251343
1.88,1.27,0.38,0.46,0.32,0.16,0.84,0.29,0.54,30712,19.703904390335083
1.88,1.25,0.43,0.47,0.32,0.17,0.83,0.3,0.54,30341,19.707163333892822
1.9,1.25,0.47,0.44,0.31,0.18,0.83,0.29,0.57,29984,19.711345911026
1.89,1.25,0.49,0.46,0.3,0.18,0.85,0.3,0.58,30399,19.715476036071777
1.89,1.25,0.52,0.45,0.31,0.21,0.86,0.3,0.58,30382,19.71622586250305
1.89,1.26,0.54,0.47,0.31,0.21,0.87,0.3,0.59,30337,19.719537496566772
1.9,1.27,0.56,0.47,0.31,0.22,0.87,0.3,0.61,30332,19.723602771759033
1.9,1.26,0.61,0.48,0.31,0.23,0.86,0.3,0.62,30695,19.7275333404541
1.91,1.27,0.61,0.47,0.31,0.24,0.85,0.31,0.64,30138,19.7275333404541
1.92,1.26,0.62,0.46,0.32,0.24,0.83,0.31,0.67,30191,19.73126745223999
1.95,1.25,0.63,0.46,0.32,0.24,0.81,0.3,0.68,30170,19.73628878593445
1.97,1.25,0.64,0.46,0.32,0.25,0.78,0.3,0.7,29855,19.740147590637207
1.95,1.24,0.65,0.46,0.32,0.25,0.78,0.31,0.73,29884,19.741020679473877
1.96,1.24,0.66,0.45,0.32,0.26,0.79,0.3,0.72,29793,19.743748664855957
1.96,1.24,0.68,0.47,0.32,0.26,0.79,0.31,0.74,29190,19.748480796813965
1.95,1.23,0.71,0.48,0.32,0.27,0.8,0.31,0.74,28911,19.7524631023407
1.95,1.24,0.72,0.48,0.33,0.27,0.79,0.3,0.74,28992,19.7524631023407
1.97,1.22,0.75,0.48,0.33,0.28,0.75,0.3,0.75,28961,19.755542755126953
1.97,1.23,0.79,0.49,0.33,0.29,0.74,0.3,0.77,29070,19.76024293899536
1.99,1.24,0.78,0.48,0.32,0.28,0.73,0.3,0.8,29029,19.765104293823242
2.01,1.24,0.8,0.43,0.32,0.29,0.73,0.3,0.79,28894,19.768376350402832
2.01,1.23,0.81,0.44,0.32,0.29,0.74,0.31,0.8,28553,19.769110441207886
1.99,1.22,0.85,0.46,0.32,0.29,0.75,0.31,0.82,28484,19.772761583328247
1.98,1.23,0.86,0.46,0.32,0.29,0.75,0.32,0.84,28317,19.77692413330078
1.97,1.22,0.86,0.47,0.32,0.29,0.77,0.32,0.86,28544,19.781014919281006
1.97,1.22,0.89,0.48,0.32,0.29,0.76,0.32,0.9,28497,19.781014919281006
1.98,1.22,0.9,0.48,0.33,0.29,0.73,0.33,0.94,28704,19.785314559936523
1.99,1.21,0.92,0.47,0.32,0.28,0.73,0.33,0.95,28575,19.78883647918701
1.98,1.2,0.92,0.47,0.32,0.28,0.73,0.33,0.98,28482,19.793075799942017
1.99,1.21,0.95,0.46,0.33,0.28,0.73,0.33,1.0,28351,19.79376745223999
1.99,1.21,0.94,0.46,0.33,0.28,0.73,0.34,1.06,28164,19.797028064727783
1.96,1.19,0.95,0.47,0.33,0.28,0.76,0.34,1.07,28597,19.801766872406006
1.95,1.19,1.01,0.47,0.33,0.27,0.77,0.35,1.1,28818,19.80578064918518
1.94,1.18,1.02,0.47,0.33,0.28,0.78,0.35,1.1,28527,19.806766510009766
1.93,1.19,1.04,0.47,0.33,0.28,0.79,0.35,1.14,28512,19.80929183959961
1.93,1.19,1.04,0.48,0.33,0.27,0.79,0.36,1.18,28847,19.81450867652893
1.94,1.2,1.04,0.48,0.33,0.28,0.79,0.37,1.23,28798,19.81777834892273
1.93,1.18,1.06,0.48,0.34,0.28,0.8,0.37,1.26,28645,19.81852960586548
1.93,1.18,1.06,0.47,0.35,0.27,0.81,0.37,1.28,28376,19.821808099746704
1.92,1.18,1.06,0.48,0.36,0.28,0.8,0.37,1.35,28675,19.826018571853638
1.91,1.17,1.08,0.47,0.36,0.28,0.81,0.39,1.37,28520,19.830329418182373
1.9,1.16,1.09,0.48,0.36,0.28,0.8,0.39,1.38,28329,19.834208965301514
1.89,1.15,1.16,0.46,0.35,0.27,0.8,0.41,1.41,28038,19.834208965301514
1.84,1.12,1.14,0.47,0.34,0.27,0.82,0.42,1.49,27929,19.83796501159668
1.84,1.13,1.14,0.45,0.35,0.27,0.82,0.42,1.52,27994,19.84249186515808
1.84,1.14,1.14,0.45,0.35,0.27,0.83,0.44,1.56,27971,19.84660315513611
1.83,1.12,1.18,0.45,0.34,0.28,0.82,0.45,1.63,28066,19.847506761550903
1.82,1.13,1.14,0.43,0.36,0.29,0.82,0.47,1.68,28165,19.850690841674805
1.79,1.1,1.17,0.43,0.37,0.28,0.82,0.46,1.73,28400,19.854771375656128
1.77,1.09,1.21,0.44,0.36,0.26,0.82,0.47,1.78,28565,19.85912036895752
1.74,1.07,1.2,0.43,0.37,0.25,0.81,0.48,1.85,28226,19.85912036895752
1.75,1.08,1.24,0.44,0.37,0.25,0.79,0.49,1.85,28609,19.863125324249268
1.76,1.08,1.25,0.44,0.38,0.25,0.77,0.49,1.89,28314,19.866929531097412
1.78,1.11,1.25,0.44,0.37,0.26,0.78,0.49,1.92,28071,19.87076425552368
1.8,1.1,1.26,0.43,0.39,0.26,0.79,0.49,1.95,28164,19.871759176254272
1.8,1.11,1.28,0.42,0.39,0.26,0.78,0.5,1.97,27981,19.87487554550171
1.81,1.12,1.29,0.42,0.38,0.27,0.79,0.5,2.03,27946,19.879157066345215
1.82,1.1,1.28,0.41,0.39,0.26,0.77,0.5,2.07,27653,19.883456468582153
1.79,1.09,1.33,0.42,0.39,0.25,0.77,0.51,2.07,27684,19.88450574874878
1.8,1.09,1.38,0.41,0.41,0.25,0.77,0.51,2.08,28293,19.88750386238098
1.83,1.1,1.41,0.4,0.41,0.25,0.76,0.52,2.08,28308,19.8919198513031
1.83,1.08,1.44,0.4,0.4,0.26,0.76,0.52,2.09,28265,19.89610266685486
1.83,1.09,1.45,0.42,0.41,0.27,0.75,0.53,2.09,28442,19.89966893196106
1.85,1.1,1.48,0.41,0.42,0.27,0.73,0.53,2.13,28649,19.89966893196106
1.84,1.09,1.47,0.42,0.42,0.26,0.73,0.53,2.15,28572,19.904367446899414
1.86,1.09,1.48,0.41,0.42,0.27,0.71,0.53,2.17,28227,19.908047914505005
1.86,1.08,1.51,0.4,0.42,0.27,0.72,0.54,2.17,28440,19.911864042282104
1.86,1.07,1.53,0.4,0.43,0.27,0.69,0.53,2.18,28759,19.911864042282104
1.87,1.05,1.55,0.42,0.43,0.27,0.7,0.54,2.19,28594,19.916040420532227
1.88,1.05,1.57,0.41,0.43,0.27,0.7,0.55,2.18,28313,19.920318365097046
1.88,1.05,1.6,0.39,0.46,0.26,0.73,0.55,2.17,28390,19.92448592185974
1.88,1.04,1.61,0.38,0.44,0.27,0.71,0.54,2.19,28895,19.925339221954346
1.88,1.04,1.64,0.38,0.43,0.27,0.71,0.55,2.17,29008,19.928369998931885
1.86,1.03,1.67,0.38,0.44,0.26,0.71,0.56,2.16,29087,19.932605028152466
1.87,1.02,1.68,0.37,0.45,0.26,0.7,0.56,2.17,29014,19.936620950698853
1.86,1.02,1.71,0.38,0.46,0.26,0.71,0.57,2.16,29075,19.937504529953003
1.83,0.98,1.72,0.38,0.46,0.25,0.7,0.57,2.16,29840,19.94063901901245
1.86,0.99,1.73,0.38,0.46,0.26,0.67,0.57,2.16,29941,19.94476318359375
1.86,0.98,1.75,0.37,0.47,0.25,0.67,0.58,2.17,30050,19.949156999588013
1.85,0.97,1.78,0.38,0.49,0.25,0.68,0.58,2.15,30197,19.949156999588013
1.82,0.95,1.81,0.38,0.51,0.25,0.69,0.59,2.13,29948,19.952918529510498
1.78,0.94,1.82,0.38,0.5,0.25,0.71,0.6,2.14,30135,19.956769227981567
1.74,0.92,1.83,0.36,0.51,0.25,0.72,0.62,2.14,30128,19.961523294448853
1.7,0.89,1.84,0.38,0.54,0.25,0.74,0.62,2.14,30511,19.961523294448853
1.71,0.9,1.86,0.36,0.55,0.25,0.71,0.62,2.13,30512,19.964531183242798
1.71,0.91,1.87,0.35,0.54,0.25,0.74,0.62,2.13,30367,19.969522714614868
1.73,0.9,1.87,0.37,0.57,0.25,0.76,0.63,2.13,30484,19.97328495979309
1.73,0.89,1.89,0.37,0.58,0.25,0.76,0.63,2.12,30573,19.976635694503784
1.71,0.91,1.92,0.37,0.57,0.25,0.76,0.64,2.08,30372,19.977590322494507
1.7,0.91,1.94,0.39,0.61,0.25,0.75,0.64,2.07,30493,19.981678247451782
1.7,0.9,1.95,0.39,0.63,0.25,0.78,0.64,2.07,30850,19.985920667648315
1.69,0.88,1.96,0.42,0.66,0.24,0.77,0.64,2.07,31113,19.989003658294678
1.69,0.89,1.95,0.41,0.69,0.25,0.78,0.65,2.08,31180,19.989919662475586
1.7,0.9,1.95,0.42,0.65,0.24,0.77,0.67,2.09,30741,19.99316120147705
1.68,0.89,1.96,0.43,0.67,0.24,0.81,0.67,2.08,30788,19.998221397399902
1.69,0.91,1.96,0.43,0.64,0.25,0.82,0.69,2.07,30597,20.00213885307312
1.66,0.89,1.97,0.44,0.67,0.25,0.84,0.71,2.05,30254,20.00213885307312
1.67,0.92,1.99,0.46,0.67,0.26,0.84,0.75,2.03,30033,20.006183385849
1.67,0.9,1.99,0.47,0.71,0.26,0.85,0.77,2.04,29892,20.010151386260986
1.64,0.93,1.99,0.48,0.71,0.26,0.87,0.76,2.03,29705,20.01420783996582
1.67,0.93,1.97,0.51,0.71,0.26,0.86,0.77,2.06,29716,20.01420783996582
1.66,0.95,1.94,0.5,0.73,0.27,0.88,0.79,2.07,29591,20.018476247787476
1.66,0.97,1.93,0.51,0.73,0.27,0.88,0.81,2.08,29398,20.022664546966553
1.67,0.99,1.94,0.51,0.74,0.27,0.9,0.81,2.06,29419,20.02683401107788
1.67,1.02,1.96,0.52,0.74,0.27,0.92,0.83,2.04,29286,20.02787709236145
1.64,1.02,1.96,0.54,0.77,0.28,0.94,0.84,2.02,29165,20.030369758605957
1.63,1.02,1.97,0.57,0.82,0.28,0.96,0.87,2.01,28796,20.034477710723877
1.58,1.02,1.97,0.58,0.82,0.27,0.98,0.91,2.0,28785,20.039021730422974
1.56,1.04,1.94,0.6,0.86,0.28,0.99,0.93,2.03,28566,20.043057441711426
1.57,1.03,1.93,0.62,0.88,0.29,1.01,0.99,2.04,28505,20.043057441711426
1.57,1.05,1.93,0.62,0.9,0.3,1.03,0.99,2.02,28526,20.047136306762695
1.58,1.07,1.92,0.62,0.88,0.3,1.03,1.01,2.01,28385,20.05144691467285
1.57,1.07,1.92,0.63,0.91,0.31,1.04,1.05,1.99,28042,20.05536437034607
1.57,1.07,1.93,0.64,0.91,0.32,1.04,1.07,1.97,27875,20.056176900863647
1.55,1.09,1.92,0.65,0.91,0.32,1.07,1.09,1.98,27370,20.05941605567932
1.56,1.1,1.88,0.64,0.91,0.33,1.07,1.16,2.01,27141,20.06344699859619
1.57,1.07,1.86,0.65,0.92,0.31,1.08,1.21,2.03,27022,20.066993713378906
1.57,1.08,1.86,0.65,0.94,0.33,1.09,1.25,2.02,26561,20.06799578666687
1.57,1.08,1.83,0.66,0.96,0.33,1.09,1.29,2.02,26492,20.071686267852783
1.58,1.07,1.82,0.63,0.96,0.34,1.1,1.35,2.01,26799,20.075714111328125
1.56,1.08,1.82,0.67,0.96,0.34,1.1,1.36,2.01,26494,20.079707860946655
1.57,1.08,1.8,0.67,0.96,0.35,1.1,1.4,2.01,26143,20.08069372177124
1.56,1.08,1.79,0.67,0.98,0.36,1.12,1.42,2.01,25848,20.083693742752075
1.57,1.12,1.76,0.67,1.0,0.37,1.11,1.43,2.02,25527,20.087926864624023
1.57,1.1,1.74,0.67,0.99,0.37,1.11,1.46,2.02,25994,20.092215299606323
1.55,1.12,1.75,0.69,1.03,0.38,1.14,1.45,2.0,26435,20.092215299606323
1.53,1.13,1.73,0.7,1.05,0.4,1.14,1.45,1.99,26412,20.09667682647705
1.54,1.11,1.69,0.7,1.05,0.39,1.14,1.48,2.03,25877,20.1006760597229
1.54,1.11,1.68,0.71,1.06,0.39,1.14,1.5,2.03,25730,20.104435205459595
1.53,1.12,1.67,0.73,1.06,0.4,1.13,1.54,2.04,25487,20.108428716659546
1.53,1.1,1.64,0.75,1.06,0.41,1.13,1.55,2.03,25296,20.108428716659546
1.53,1.11,1.64,0.76,1.08,0.42,1.13,1.56,2.0,25219,20.11268663406372
1.51,1.11,1.62,0.75,1.09,0.42,1.15,1.59,1.99,25126,20.117096424102783
1.51,1.1,1.61,0.78,1.1,0.43,1.13,1.59,1.99,24807,20.120917797088623
1.52,1.1,1.6,0.77,1.11,0.44,1.13,1.6,1.98,25096,20.120917797088623
1.52,1.1,1.59,0.77,1.13,0.45,1.13,1.6,1.98,25221,20.124640941619873
1.53,1.11,1.59,0.78,1.1,0.45,1.13,1.6,1.96,25226,20.129375457763672
1.54,1.13,1.58,0.76,1.1,0.45,1.13,1.6,1.95,24599,20.1333909034729
1.52,1.12,1.58,0.76,1.12,0.48,1.16,1.62,1.93,24350,20.1333909034729
1.54,1.14,1.57,0.77,1.13,0.48,1.16,1.61,1.92,24217,20.1375412940979
1.52,1.14,1.56,0.77,1.13,0.48,1.17,1.64,1.92,24782,20.141470432281494
1.53,1.14,1.57,0.79,1.12,0.47,1.16,1.64,1.9,25049,20.145378828048706
1.52,1.14,1.53,0.79,1.11,0.49,1.17,1.67,1.89,25258,20.145378828048706
1.52,1.14,1.51,0.79,1.13,0.5,1.16,1.66,1.9,25227,20.149524211883545
1.53,1.14,1.51,0.8,1.12,0.51,1.15,1.67,1.89,24982,20.153286457061768
1.51,1.14,1.47,0.8,1.15,0.5,1.16,1.65,1.89,24705,20.157824516296387
1.52,1.15,1.48,0.78,1.15,0.5,1.16,1.67,1.88,24932,20.15877938270569
1.52,1.17,1.49,0.79,1.13,0.5,1.15,1.67,1.83,24727,20.161813020706177
1.5,1.17,1.48,0.8,1.14,0.51,1.15,1.67,1.81,25280,20.16600775718689
1.51,1.18,1.47,0.82,1.14,0.51,1.15,1.68,1.8,25467,20.17015528678894
1.51,1.18,1.46,0.81,1.15,0.52,1.14,1.68,1.77,24892,20.17113447189331
1.51,1.19,1.47,0.82,1.14,0.52,1.13,1.68,1.75,25077,20.174102067947388
1.52,1.2,1.46,0.81,1.13,0.53,1.14,1.68,1.72,25124,20.17771601676941
1.52,1.22,1.45,0.8,1.13,0.52,1.13,1.7,1.69,24835,20.182755708694458
1.51,1.23,1.47,0.8,1.14,0.51,1.15,1.68,1.66,24808,20.18619155883789
1.5,1.24,1.46,0.82,1.14,0.51,1.14,1.68,1.66,24405,20.18692922592163
1.52,1.24,1.46,0.83,1.12,0.51,1.11,1.7,1.66,24698,20.19018268585205
1.53,1.24,1.46,0.81,1.12,0.53,1.12,1.71,1.64,24913,20.194834232330322
1.53,1.25,1.43,0.8,1.13,0.53,1.11,1.71,1.61,25058,20.198984622955322
1.53,1.29,1.44,0.81,1.11,0.53,1.09,1.7,1.55,25059,20.198984622955322
1.54,1.29,1.44,0.8,1.12,0.51,1.1,1.7,1.55,25202,20.202775716781616
1.54,1.28,1.46,0.8,1.11,0.51,1.1,1.72,1.5,25347,20.20711612701416
1.55,1.28,1.44,0.82,1.12,0.52,1.09,1.71,1.46,25442,20.21130919456482
1.55,1.3,1.43,0.81,1.14,0.52,1.09,1.7,1.45,25155,20.21130919456482
1.55,1.29,1.42,0.82,1.12,0.51,1.07,1.72,1.46,25122,20.214943885803223
1.56,1.29,1.41,0.82,1.13,0.5,1.07,1.72,1.41,25109,20.21895408630371
1.57,1.29,1.39,0.82,1.14,0.49,1.08,1.72,1.4,25066,20.223464012145996
1.57,1.28,1.41,0.81,1.17,0.49,1.08,1.72,1.36,25289,20.223464012145996
1.57,1.29,1.39,0.82,1.18,0.5,1.09,1.72,1.36,25080,20.226813077926636
1.57,1.3,1.35,0.82,1.17,0.49,1.09,1.71,1.33,25069,20.231838941574097
1.58,1.3,1.34,0.81,1.16,0.48,1.1,1.72,1.32,24932,20.235504865646362
1.59,1.3,1.35,0.81,1.19,0.49,1.09,1.71,1.27,25319,20.236016035079956
1.59,1.3,1.33,0.79,1.18,0.5,1.11,1.73,1.23,25448,20.239625692367554
1.6,1.31,1.31,0.77,1.19,0.51,1.1,1.72,1.18,25617,20.24369788169861
1.61,1.32,1.29,0.76,1.2,0.5,1.1,1.71,1.18,25482,20.24779772758484
1.62,1.31,1.29,0.76,1.22,0.51,1.08,1.69,1.15,25177,20.252063035964966
1.61,1.33,1.28,0.76,1.21,0.54,1.09,1.69,1.11,25216,20.252063035964966
1.6,1.32,1.25,0.77,1.22,0.53,1.08,1.69,1.1,25357,20.2562313079834
1.61,1.32,1.25,0.78,1.22,0.5,1.07,1.69,1.11,25648,20.26027202606201
1.61,1.32,1.25,0.78,1.23,0.47,1.07,1.69,1.09,25569,20.26435399055481
1.6,1.32,1.23,0.78,1.23,0.49,1.07,1.7,1.07,25096,20.26435399055481
1.61,1.31,1.2,0.78,1.25,0.47,1.07,1.71,1.04,25467,20.268407106399536
1.61,1.3,1.2,0.77,1.23,0.47,1.05,1.72,1.03,25502,20.272296905517578
1.61,1.31,1.18,0.77,1.22,0.5,1.06,1.72,1.04,25583,20.276116132736206
1.61,1.32,1.14,0.77,1.23,0.49,1.06,1.71,0.99,25636,20.276116132736206
1.6,1.3,1.16,0.78,1.24,0.48,1.06,1.71,0.96,25573,20.280116081237793
1.59,1.31,1.13,0.8,1.24,0.47,1.07,1.71,0.91,25608,20.284812450408936
1.6,1.31,1.13,0.8,1.25,0.48,1.06,1.71,0.92,25317,20.289160013198853
1.6,1.32,1.12,0.79,1.25,0.47,1.06,1.7,0.91,25172,20.289160013198853
1.6,1.32,1.11,0.79,1.25,0.47,1.04,1.69,0.92,25145,20.29283308982849
1.6,1.31,1.09,0.79,1.26,0.48,1.04,1.7,0.87,24964,20.296961784362793
1.61,1.31,1.06,0.8,1.26,0.47,1.05,1.7,0.88,25005,20.3011691570282
1.59,1.28,1.07,0.81,1.28,0.47,1.06,1.7,0.82,25336,20.302009105682373
1.58,1.28,1.08,0.8,1.29,0.47,1.08,1.69,0.79,25575,20.30516219139099
1.6,1.28,1.06,0.78,1.28,0.46,1.08,1.7,0.82,25634,20.30944323539734
1.58,1.26,1.04,0.8,1.29,0.46,1.08,1.7,0.78,25265,20.313724994659424
1.57,1.25,1.02,0.8,1.31,0.46,1.1,1.71,0.78,24828,20.31746006011963
1.56,1.24,1.03,0.82,1.32,0.47,1.09,1.69,0.75,24725,20.31746006011963
1.56,1.25,1.03,0.81,1.32,0.46,1.11,1.69,0.76,25266,20.321097135543823
1.57,1.25,0.99,0.82,1.31,0.48,1.12,1.69,0.75,25087,20.32601261138916
1.58,1.26,1.0,0.8,1.3,0.49,1.12,1.7,0.74,24756,20.329288721084595
1.57,1.25,0.98,0.82,1.3,0.49,1.12,1.7,0.74,24755,20.330012321472168
1.57,1.26,0.98,0.81,1.28,0.49,1.12,1.72,0.73,24516,20.333274364471436
1.57,1.24,0.97,0.8,1.28,0.48,1.15,1.73,0.71,24243,20.338234424591064
1.56,1.25,0.97,0.81,1.27,0.48,1.16,1.73,0.71,24584,20.342092037200928
1.55,1.25,0.94,0.83,1.28,0.48,1.17,1.73,0.7,24619,20.342092037200928
1.55,1.24,0.91,0.83,1.28,0.49,1.18,1.73,0.7,24380,20.34627890586853
1.54,1.25,0.9,0.83,1.28,0.48,1.19,1.73,0.68,24655,20.350375652313232
1.54,1.24,0.89,0.84,1.28,0.47,1.2,1.73,0.67,24040,20.354156970977783
1.55,1.24,0.9,0.83,1.28,0.48,1.2,1.72,0.65,24223,20.354817390441895
1.57,1.23,0.86,0.83,1.29,0.47,1.21,1.72,0.66,24316,20.3588285446167
1.57,1.24,0.86,0.83,1.27,0.46,1.21,1.7,0.64,24527,20.36220097541809
1.59,1.23,0.86,0.83,1.28,0.46,1.21,1.7,0.64,23902,20.366519689559937
1.59,1.22,0.83,0.84,1.28,0.44,1.22,1.7,0.66,23711,20.367410898208618
1.59,1.24,0.83,0.84,1.27,0.45,1.22,1.69,0.65,24096,20.370861768722534
1.59,1.24,0.81,0.85,1.27,0.46,1.22,1.69,0.67,24189,20.375067710876465
1.61,1.22,0.82,0.86,1.27,0.45,1.22,1.69,0.63,24224,20.37945318222046
1.6,1.21,0.8,0.86,1.27,0.44,1.22,1.7,0.64,23701,20.37945318222046
1.61,1.19,0.81,0.86,1.27,0.43,1.24,1.69,0.65,23312,20.383442401885986
1.63,1.19,0.82,0.86,1.26,0.43,1.24,1.71,0.62,23331,20.38744330406189
1.64,1.2,0.8,0.86,1.24,0.43,1.24,1.69,0.61,23436,20.391459465026855
1.64,1.2,0.8,0.87,1.24,0.43,1.25,1.69,0.61,23579,20.395118474960327
1.65,1.21,0.81,0.87,1.25,0.44,1.24,1.67,0.63,22868,20.395118474960327
1.65,1.21,0.8,0.87,1.25,0.43,1.25,1.67,0.61,22755,20.399593830108643
1.66,1.21,0.8,0.88,1.25,0.44,1.25,1.66,0.6,22952,20.40347409248352
1.67,1.22,0.8,0.87,1.25,0.44,1.26,1.65,0.6,23229,20.407354593276978
1.67,1.2,0.78,0.87,1.25,0.43,1.27,1.67,0.58,23010,20.408079147338867
1.67,1.17,0.78,0.87,1.24,0.43,1.26,1.67,0.57,22901,20.411341190338135
1.68,1.18,0.79,0.87,1.22,0.43,1.27,1.69,0.57,22816,20.41632080078125
1.67,1.18,0.79,0.88,1.19,0.42,1.27,1.7,0.57,22619,20.41958522796631
1.68,1.18,0.78,0.88,1.19,0.42,1.27,1.69,0.55,22596,20.420607328414917
1.7,1.17,0.79,0.87,1.18,0.42,1.27,1.69,0.55,22369,20.42386746406555
1.68,1.17,0.79,0.88,1.16,0.41,1.28,1.69,0.53,22268,20.427881956100464
1.69,1.19,0.79,0.87,1.16,0.41,1.27,1.69,0.51,22469,20.432154178619385
1.7,1.18,0.79,0.88,1.16,0.42,1.28,1.67,0.5,22738,20.432154178619385
1.7,1.22,0.8,0.87,1.14,0.39,1.28,1.65,0.47,22237,20.43623971939087
1.7,1.22,0.79,0.87,1.13,0.39,1.28,1.63,0.48,22232,20.440377473831177
1.7,1.23,0.8,0.87,1.13,0.39,1.29,1.61,0.46,22589,20.444541931152344
1.71,1.22,0.79,0.87,1.12,0.39,1.29,1.63,0.47,22526,20.445591688156128
1.71,1.19,0.75,0.88,1.13,0.39,1.28,1.64,0.49,22787,20.448015928268433
1.71,1.17,0.74,0.88,1.13,0.37,1.3,1.65,0.46,22338,20.45244002342224
1.71,1.19,0.72,0.87,1.1,0.37,1.31,1.61,0.44,21999,20.456435441970825
1.73,1.24,0.75,0.85,1.07,0.34,1.31,1.56,0.43,22118,20.46042799949646
1.73,1.25,0.72,0.85,1.05,0.35,1.3,1.53,0.44,22171,20.46115803718567
1.74,1.25,0.72,0.84,1.04,0.34,1.3,1.5,0.41,22044,20.465157508850098
1.75,1.26,0.69,0.84,1.03,0.33,1.3,1.47,0.41,21661,20.468838691711426
1.75,1.27,0.72,0.84,1.0,0.33,1.3,1.46,0.41,21616,20.472586393356323
1.76,1.27,0.71,0.84,0.98,0.33,1.3,1.47,0.4,21713,20.472586393356323
1.76,1.25,0.71,0.84,1.0,0.33,1.29,1.48,0.4,21758,20.477574110031128
1.76,1.22,0.71,0.84,1.0,0.33,1.3,1.49,0.4,21957,20.48096013069153
1.74,1.2,0.67,0.86,0.99,0.32,1.31,1.52,0.42,21772,20.485580444335938
1.74,1.17,0.68,0.85,0.98,0.32,1.32,1.55,0.42,21705,20.485580444335938
1.74,1.23,0.66,0.84,0.94,0.3,1.33,1.46,0.37,21670,20.4895977973938
1.75,1.26,0.7,0.81,0.91,0.31,1.35,1.41,0.35,21539,20.493800401687622
1.75,1.24,0.68,0.83,0.92,0.31,1.34,1.43,0.34,21366,20.497991800308228
1.74,1.25,0.66,0.83,0.92,0.32,1.34,1.38,0.36,21447,20.498849153518677
1.75,1.26,0.68,0.82,0.88,0.31,1.35,1.38,0.36,21510,20.50188446044922
1.76,1.27,0.64,0.82,0.86,0.3,1.35,1.36,0.35,21725,20.50598645210266
1.77,1.24,0.62,0.82,0.84,0.28,1.34,1.38,0.35,21850,20.510361671447754
1.79,1.24,0.62,0.82,0.84,0.27,1.33,1.38,0.36,21967,20.510361671447754
1.77,1.22,0.59,0.82,0.84,0.27,1.34,1.4,0.37,21902,20.514452695846558
1.77,1.22,0.62,0.82,0.83,0.27,1.35,1.38,0.35,21953,20.51824164390564
1.76,1.23,0.63,0.82,0.81,0.26,1.37,1.34,0.34,21778,20.522565364837646
1.76,1.25,0.62,0.8,0.82,0.27,1.37,1.32,0.34,21995,20.522565364837646
1.77,1.27,0.63,0.81,0.8,0.26,1.37,1.3,0.33,21962,20.526345014572144
1.78,1.26,0.61,0.81,0.81,0.26,1.36,1.25,0.31,21713,20.53061532974243
1.79,1.25,0.59,0.81,0.81,0.25,1.35,1.25,0.3,21620,20.534996509552002
1.79,1.23,0.6,0.81,0.81,0.27,1.36,1.27,0.32,21553,20.538304567337036
1.79,1.22,0.62,0.82,0.81,0.28,1.36,1.26,0.33,21366,20.538304567337036
1.78,1.23,0.61,0.81,0.8,0.27,1.38,1.23,0.31,21705,20.542783498764038
1.78,1.27,0.61,0.81,0.79,0.27,1.39,1.16,0.32,21454,20.547138690948486
1.79,1.26,0.57,0.81,0.75,0.25,1.39,1.18,0.33,21789,20.551172256469727
1.8,1.25,0.58,0.79,0.75,0.26,1.39,1.19,0.33,21676,20.551172256469727
1.8,1.25,0.58,0.8,0.76,0.25,1.38,1.17,0.33,21645,20.55447554588318
1.81,1.2,0.54,0.8,0.75,0.23,1.39,1.17,0.33,22004,20.55927062034607
1.8,1.23,0.54,0.8,0.74,0.24,1.41,1.14,0.34,21759,20.563445806503296
1.79,1.22,0.53,0.79,0.76,0.23,1.42,1.11,0.34,21434,20.563445806503296
1.78,1.23,0.53,0.79,0.75,0.23,1.43,1.13,0.34,21929,20.567301988601685
1.78,1.24,0.53,0.8,0.74,0.23,1.43,1.1,0.32,21916,20.57153868675232
1.78,1.22,0.53,0.8,0.74,0.23,1.44,1.08,0.3,21401,20.575225353240967
1.78,1.21,0.53,0.8,0.74,0.22,1.43,1.08,0.31,21558,20.57626461982727
1.78,1.21,0.53,0.79,0.75,0.23,1.44,1.06,0.31,21809,20.579526901245117
1.78,1.21,0.52,0.78,0.71,0.22,1.46,1.05,0.31,21832,20.58376979827881
1.78,1.23,0.52,0.78,0.7,0.22,1.46,1.07,0.31,21539,20.58796977996826
1.78,1.22,0.5,0.78,0.69,0.22,1.47,1.03,0.31,21422,20.58796977996826
1.78,1.2,0.5,0.78,0.72,0.23,1.47,0.98,0.31,21687,20.5915367603302
1.78,1.24,0.5,0.78,0.68,0.22,1.46,0.95,0.3,21712,20.595648288726807
1.8,1.23,0.51,0.77,0.69,0.22,1.46,0.94,0.31,21993,20.599977731704712
1.8,1.23,0.5,0.77,0.69,0.22,1.46,0.94,0.31,21948,20.604108810424805
1.81,1.21,0.52,0.76,0.68,0.22,1.47,0.94,0.31,21521,20.604849815368652
1.81,1.21,0.5,0.75,0.71,0.21,1.47,0.91,0.29,21532,20.6083345413208
1.8,1.2,0.5,0.76,0.7,0.22,1.47,0.9,0.3,21837,20.612508058547974
1.8,1.2,0.48,0.75,0.7,0.21,1.47,0.87,0.3,21536,20.616499185562134
1.8,1.2,0.45,0.76,0.67,0.2,1.48,0.88,0.29,21735,20.616499185562134
1.79,1.2,0.45,0.77,0.66,0.21,1.48,0.83,0.29,22056,20.620014190673828
1.79,1.19,0.47,0.77,0.69,0.2,1.48,0.83,0.3,21659,20.624833345413208
1.78,1.19,0.44,0.77,0.65,0.19,1.49,0.83,0.29,21512,20.62834644317627
1.77,1.17,0.47,0.78,0.66,0.19,1.5,0.83,0.28,21831,20.629364013671875
1.76,1.15,0.45,0.78,0.67,0.19,1.49,0.82,0.28,21808,20.633371591567993
1.76,1.15,0.45,0.78,0.65,0.19,1.5,0.83,0.29,21633,20.637197017669678
1.75,1.19,0.47,0.78,0.61,0.18,1.5,0.81,0.28,21738,20.641128540039062
1.75,1.19,0.43,0.79,0.63,0.18,1.48,0.77,0.27,21909,20.641608476638794
1.77,1.18,0.45,0.78,0.63,0.17,1.46,0.73,0.24,21596,20.645055532455444
1.77,1.18,0.43,0.78,0.61,0.16,1.45,0.72,0.24,21489,20.649442195892334
1.81,1.22,0.42,0.76,0.63,0.16,1.42,0.67,0.24,21348,20.6534321308136
1.82,1.22,0.45,0.76,0.62,0.16,1.43,0.66,0.24,21579,20.6534321308136
1.83,1.24,0.42,0.75,0.56,0.15,1.42,0.64,0.23,21744,20.657148122787476
1.84,1.24,0.42,0.75,0.57,0.16,1.4,0.59,0.23,21495,20.66138792037964
1.84,1.22,0.42,0.74,0.59,0.17,1.38,0.56,0.23,21310,20.6657817363739
1.85,1.23,0.42,0.74,0.58,0.17,1.38,0.6,0.24,21461,20.666412591934204
1.86,1.23,0.44,0.74,0.58,0.17,1.36,0.57,0.24,21622,20.67003345489502
1.89,1.25,0.44,0.73,0.57,0.17,1.33,0.55,0.24,21505,20.674386262893677
1.91,1.26,0.43,0.71,0.58,0.16,1.31,0.52,0.23,21388,20.677730083465576
1.97,1.26,0.42,0.68,0.55,0.15,1.28,0.53,0.22,21705,20.682027339935303
1.94,1.25,0.42,0.69,0.55,0.13,1.28,0.5,0.2,21222,20.682765007019043
1.97,1.25,0.42,0.68,0.55,0.15,1.25,0.49,0.21,20889,20.686774015426636
1.96,1.26,0.42,0.69,0.55,0.14,1.24,0.47,0.21,21004,20.689770698547363
1.99,1.26,0.41,0.67,0.56,0.14,1.23,0.47,0.22,21147,20.694064378738403
1.97,1.25,0.37,0.69,0.55,0.14,1.23,0.47,0.22,21040,20.694064378738403
1.93,1.25,0.39,0.69,0.54,0.14,1.25,0.48,0.22,20893,20.69814968109131
1.93,1.24,0.39,0.69,0.54,0.13,1.24,0.48,0.2,20756,20.702617645263672
1.96,1.25,0.4,0.67,0.5,0.12,1.19,0.44,0.21,20681,20.706591367721558
1.98,1.25,0.4,0.66,0.52,0.12,1.18,0.47,0.2,20654,20.706591367721558
1.97,1.26,0.4,0.65,0.51,0.13,1.18,0.46,0.21,20901,20.71044611930847
1.97,1.27,0.39,0.64,0.5,0.13,1.17,0.45,0.22,20682,20.714743852615356
2.0,1.25,0.38,0.64,0.5,0.12,1.16,0.43,0.21,20627,20.719096899032593
1.98,1.25,0.38,0.65,0.51,0.12,1.14,0.44,0.21,20652,20.719096899032593
2.0,1.25,0.35,0.64,0.5,0.11,1.14,0.43,0.2,20739,20.72332215309143
1.98,1.25,0.35,0.64,0.51,0.12,1.14,0.42,0.21,21076,20.727044105529785
2.0,1.24,0.36,0.63,0.52,0.11,1.14,0.42,0.21,20413,20.730854749679565
1.99,1.25,0.35,0.64,0.52,0.11,1.12,0.4,0.21,20296,20.731905221939087
2.01,1.25,0.35,0.63,0.49,0.12,1.09,0.4,0.21,20245,20.735200881958008
2.0,1.25,0.36,0.64,0.48,0.12,1.09,0.4,0.21,20678,20.73973798751831
2.02,1.26,0.35,0.62,0.49,0.11,1.06,0.39,0.2,20897,20.743831872940063
2.0,1.26,0.36,0.62,0.49,0.12,1.06,0.4,0.21,20874,20.74481987953186
1.97,1.26,0.36,0.64,0.5,0.12,1.07,0.4,0.21,20669,20.747824907302856
1.96,1.26,0.37,0.66,0.5,0.12,1.07,0.4,0.21,20746,20.751848697662354
1.94,1.26,0.36,0.66,0.5,0.12,1.08,0.39,0.2,20685,20.755905389785767
1.9,1.25,0.35,0.67,0.49,0.11,1.11,0.4,0.2,20592,20.75682520866394
1.87,1.23,0.36,0.67,0.5,0.12,1.12,0.4,0.2,20511,20.759849548339844
1.86,1.23,0.35,0.67,0.49,0.11,1.11,0.39,0.2,19984,20.76488471031189
1.84,1.25,0.35,0.67,0.48,0.1,1.11,0.39,0.2,20129,20.76814603805542
1.85,1.23,0.35,0.66,0.49,0.11,1.12,0.4,0.19,20390,20.771576166152954
1.84,1.24,0.34,0.67,0.49,0.11,1.1,0.39,0.19,20439,20.77261257171631
1.86,1.25,0.35,0.66,0.49,0.11,1.09,0.38,0.2,20494,20.775925159454346
1.86,1.25,0.36,0.64,0.48,0.1,1.09,0.39,0.2,20575,20.780158758163452
1.86,1.26,0.37,0.66,0.49,0.11,1.09,0.38,0.2,20264,20.784236669540405
1.86,1.27,0.37,0.66,0.48,0.11,1.09,0.38,0.2,20545,20.784959316253662
1.83,1.26,0.34,0.67,0.48,0.11,1.11,0.39,0.19,20460,20.788236379623413
1.83,1.25,0.35,0.65,0.49,0.1,1.1,0.39,0.19,19881,20.79242777824402
1.81,1.25,0.35,0.66,0.49,0.1,1.1,0.38,0.18,20086,20.796795129776
1.79,1.26,0.36,0.66,0.48,0.11,1.1,0.38,0.2,20593,20.797624349594116
1.79,1.27,0.35,0.67,0.46,0.1,1.1,0.38,0.2,20440,20.800776720046997
1.79,1.28,0.34,0.67,0.46,0.11,1.09,0.37,0.19,20237,20.8053719997406
1.8,1.27,0.35,0.67,0.47,0.11,1.07,0.36,0.2,20206,20.80936551094055
1.79,1.26,0.35,0.67,0.47,0.11,1.08,0.37,0.21,20625,20.80936551094055
1.81,1.27,0.35,0.65,0.47,0.11,1.08,0.37,0.2,20542,20.813365936279297
1.8,1.26,0.35,0.67,0.47,0.11,1.08,0.37,0.21,20149,20.817365884780884
1.79,1.26,0.35,0.66,0.48,0.12,1.08,0.37,0.21,20216,20.821431636810303
1.79,1.25,0.35,0.66,0.47,0.11,1.08,0.37,0.2,20267,20.822476387023926
1.8,1.25,0.35,0.66,0.46,0.11,1.07,0.37,0.2,20196,20.824976921081543
1.8,1.25,0.35,0.67,0.46,0.11,1.07,0.37,0.2,20237,20.829781770706177
1.8,1.27,0.35,0.67,0.46,0.11,1.06,0.38,0.19,20178,20.833807945251465
1.81,1.28,0.37,0.66,0.45,0.11,1.08,0.38,0.19,20035,20.837621927261353
1.81,1.28,0.36,0.66,0.45,0.11,1.08,0.38,0.2,20082,20.838351249694824
1.8,1.26,0.37,0.65,0.46,0.12,1.08,0.38,0.2,20123,20.84161639213562
1.8,1.27,0.37,0.67,0.45,0.11,1.07,0.38,0.2,20054,20.84598445892334
1.8,1.27,0.37,0.66,0.47,0.12,1.08,0.37,0.2,20197,20.85000228881836
1.8,1.28,0.37,0.68,0.47,0.12,1.07,0.37,0.2,20202,20.85093092918396
1.78,1.27,0.37,0.67,0.46,0.11,1.07,0.37,0.21,19951,20.854807376861572
1.79,1.27,0.36,0.66,0.46,0.11,1.08,0.38,0.21,19918,20.858806133270264
1.79,1.27,0.37,0.66,0.46,0.11,1.09,0.37,0.21,20089,20.86207604408264
1.8,1.28,0.37,0.65,0.46,0.12,1.1,0.37,0.21,19978,20.86280608177185
1.79,1.28,0.37,0.65,0.46,0.11,1.08,0.37,0.21,19629,20.866806268692017
1.78,1.28,0.37,0.66,0.46,0.11,1.08,0.37,0.21,19378,20.871160745620728
1.78,1.29,0.36,0.65,0.46,0.11,1.09,0.37,0.21,19919,20.87416958808899
1.77,1.29,0.36,0.66,0.46,0.11,1.11,0.37,0.21,20034,20.875183582305908
1.77,1.29,0.36,0.66,0.44,0.11,1.1,0.38,0.21,20255,20.878602027893066
1.77,1.29,0.37,0.66,0.45,0.11,1.1,0.38,0.21,20360,20.883089303970337
1.77,1.28,0.36,0.66,0.45,0.11,1.1,0.38,0.21,20105,20.886577129364014
1.79,1.29,0.37,0.68,0.45,0.11,1.09,0.37,0.21,19888,20.88755512237549
1.8,1.3,0.37,0.67,0.45,0.11,1.09,0.38,0.21,20117,20.890746355056763
1.79,1.3,0.37,0.66,0.45,0.11,1.1,0.38,0.21,20246,20.89456033706665
1.8,1.3,0.37,0.66,0.45,0.11,1.09,0.38,0.21,20289,20.89955425262451
1.8,1.3,0.37,0.67,0.46,0.12,1.09,0.38,0.21,20422,20.89955425262451
1.8,1.29,0.37,0.67,0.45,0.12,1.09,0.38,0.21,20523,20.903173208236694
1.8,1.3,0.37,0.66,0.46,0.11,1.1,0.38,0.21,20364,20.906877040863037
1.8,1.3,0.37,0.66,0.46,0.12,1.1,0.38,0.21,20207,20.91190457344055
1.8,1.29,0.37,0.66,0.45,0.11,1.1,0.38,0.21,20192,20.915541648864746
1.79,1.29,0.37,0.65,0.46,0.11,1.11,0.38,0.21,20073,20.916468620300293
1.8,1.3,0.37,0.65,0.46,0.11,1.1,0.38,0.2,19884,20.91983461380005
1.79,1.3,0.37,0.66,0.46,0.12,1.1,0.38,0.21,20053,20.923895120620728
1.79,1.3,0.38,0.66,0.46,0.12,1.1,0.38,0.21,20106,20.927958250045776
1.79,1.3,0.38,0.67,0.45,0.12,1.1,0.38,0.21,20123,20.928863525390625
1.79,1.3,0.37,0.66,0.45,0.12,1.1,0.38,0.21,19906,20.931880712509155
1.79,1.31,0.38,0.67,0.46,0.12,1.1,0.38,0.21,19955,20.93590021133423
1.79,1.3,0.38,0.68,0.46,0.11,1.1,0.38,0.21,20082,20.940164804458618
1.79,1.3,0.38,0.67,0.46,0.12,1.11,0.38,0.21,20443,20.94075894355774
1.79,1.3,0.39,0.67,0.46,0.12,1.11,0.38,0.21,20304,20.94434666633606
1.79,1.3,0.39,0.67,0.45,0.12,1.12,0.39,0.21,19991,20.94789743423462
1.79,1.31,0.39,0.67,0.45,0.12,1.12,0.39,0.21,19792,20.951897382736206
1.79,1.31,0.39,0.67,0.45,0.12,1.12,0.39,0.21,19903,20.95290517807007
1.79,1.32,0.39,0.67,0.45,0.11,1.11,0.38,0.2,20372,20.955897331237793
1.79,1.31,0.39,0.67,0.45,0.11,1.11,0.39,0.2,20361,20.9598970413208
1.79,1.31,0.39,0.67,0.45,0.11,1.11,0.39,0.21,20006,20.964987754821777
1.79,1.31,0.39,0.67,0.45,0.12,1.12,0.39,0.21,20061,20.964987754821777
1.8,1.32,0.39,0.67,0.45,0.11,1.11,0.38,0.21,19660,20.968053340911865
1.79,1.31,0.39,0.67,0.45,0.12,1.11,0.39,0.21,19779,20.97252869606018
1.79,1.32,0.39,0.67,0.45,0.12,1.12,0.38,0.21,20192,20.976781606674194
1.8,1.32,0.4,0.67,0.45,0.12,1.12,0.38,0.21,20621,20.977516412734985
1.8,1.32,0.4,0.67,0.45,0.12,1.11,0.38,0.21,20328,20.98050880432129
1.8,1.33,0.4,0.67,0.45,0.12,1.11,0.38,0.21,20135,20.984508752822876
1.8,1.33,0.4,0.67,0.46,0.12,1.11,0.38,0.21,20326,20.98859405517578
1.8,1.33,0.4,0.67,0.46,0.12,1.11,0.38,0.21,20243,20.992660760879517
1.8,1.32,0.4,0.67,0.45,0.12,1.11,0.38,0.21,19814,20.993700981140137
1.81,1.32,0.41,0.68,0.46,0.12,1.11,0.39,0.21,19577,20.997711420059204
1.8,1.32,0.4,0.68,0.46,0.12,1.11,0.39,0.21,20266,21.00171732902527
1.8,1.31,0.41,0.67,0.46,0.12,1.11,0.39,0.2,20445,21.005717515945435
1.8,1.32,0.4,0.67,0.46,0.12,1.11,0.38,0.21,20176,21.00670027732849
1.8,1.32,0.4,0.67,0.46,0.12,1.11,0.39,0.21,20293,21.009716987609863
1.81,1.32,0.41,0.67,0.46,0.12,1.11,0.38,0.21,20170,21.013715267181396
1.8,1.32,0.41,0.67,0.46,0.12,1.11,0.39,0.2,20209,21.018401384353638
1.8,1.32,0.41,0.67,0.45,0.12,1.11,0.39,0.21,20210,21.018401384353638
1.8,1.32,0.4,0.67,0.45,0.12,1.11,0.39,0.2,20013,21.022605657577515
1.8,1.33,0.41,0.68,0.46,0.12,1.11,0.39,0.2,19916,21.02605628967285
1.8,1.33,0.4,0.68,0.46,0.12,1.11,0.39,0.2,20325,21.030288457870483
1.8,1.33,0.4,0.67,0.45,0.12,1.12,0.39,0.21,20386,21.030967712402344
1.8,1.33,0.41,0.67,0.45,0.12,1.11,0.39,0.2,20119,21.03422474861145
1.8,1.32,0.4,0.67,0.45,0.12,1.11,0.39,0.21,20140,21.038527727127075
1.8,1.32,0.4,0.67,0.45,0.12,1.11,0.38,0.2,19763,21.042540788650513
1.81,1.32,0.4,0.67,0.45,0.12,1.11,0.39,0.21,19924,21.043514251708984
1.81,1.32,0.4,0.68,0.45,0.11,1.1,0.39,0.2,19859,21.046841621398926
1.81,1.32,0.4,0.68,0.45,0.12,1.11,0.39,0.2,20100,21.051149606704712
1.81,1.32,0.4,0.68,0.45,0.11,1.11,0.39,0.2,20317,21.0552978515625
1.81,1.33,0.4,0.68,0.45,0.12,1.11,0.39,0.21,20354,21.0552978515625
1.81,1.33,0.4,0.68,0.45,0.12,1.11,0.38,0.2,19687,21.059297800064087
1.81,1.33,0.41,0.68,0.45,0.12,1.1,0.39,0.2,19646,21.063297510147095
1.81,1.33,0.41,0.68,0.45,0.11,1.11,0.39,0.2,19725,21.06729769706726
1.81,1.33,0.41,0.68,0.45,0.12,1.1,0.39,0.2,19704,21.07158613204956
1.81,1.33,0.41,0.68,0.45,0.12,1.1,0.39,0.21,19741,21.07158613204956
1.81,1.33,0.41,0.68,0.45,0.12,1.1,0.39,0.2,19820,21.075005054473877
1.82,1.33,0.42,0.68,0.46,0.12,1.1,0.39,0.21,19691,21.079490184783936
1.81,1.33,0.42,0.69,0.46,0.12,1.1,0.39,0.21,19696,21.083754062652588
1.81,1.33,0.42,0.69,0.46,0.12,1.1,0.39,0.2,19763,21.083754062652588
1.8,1.33,0.41,0.69,0.46,0.12,1.1,0.39,0.2,19710,21.087754487991333
1.81,1.33,0.41,0.69,0.45,0.12,1.1,0.39,0.21,20013,21.091756582260132
1.81,1.33,0.42,0.69,0.46,0.12,1.1,0.39,0.21,20186,21.09584617614746
1.8,1.33,0.41,0.69,0.47,0.13,1.1,0.39,0.21,20181,21.096740245819092
1.8,1.33,0.42,0.69,0.46,0.13,1.11,0.39,0.21,20232,21.099815130233765
1.81,1.33,0.42,0.69,0.47,0.12,1.11,0.39,0.22,20165,21.104244470596313
1.8,1.33,0.42,0.69,0.47,0.13,1.11,0.38,0.21,20262,21.108578205108643
1.81,1.33,0.42,0.68,0.47,0.13,1.11,0.39,0.21,20309,21.108578205108643
1.81,1.33,0.41,0.68,0.47,0.13,1.11,0.38,0.21,20200,21.112571716308594
1.8,1.33,0.42,0.68,0.47,0.13,1.11,0.39,0.21,20009,21.116567373275757
1.8,1.33,0.42,0.68,0.47,0.13,1.11,0.39,0.21,20018,21.120566844940186
1.81,1.33,0.42,0.68,0.47,0.12,1.11,0.39,0.2,20317,21.120566844940186
1.81,1.34,0.42,0.68,0.47,0.13,1.12,0.39,0.21,20390,21.12460708618164
1.8,1.34,0.42,0.68,0.47,0.13,1.12,0.4,0.21,20197,21.127962112426758
1.8,1.34,0.42,0.68,0.47,0.13,1.12,0.39,0.21,19954,21.13273000717163
1.8,1.33,0.42,0.68,0.47,0.13,1.12,0.39,0.21,20171,21.135565280914307
1.8,1.33,0.42,0.68,0.47,0.12,1.12,0.39,0.21,20306,21.136619806289673
1.8,1.33,0.42,0.69,0.46,0.13,1.12,0.39,0.21,20361,21.141121864318848
1.79,1.33,0.42,0.69,0.46,0.12,1.12,0.39,0.21,20162,21.145105838775635
1.8,1.33,0.42,0.68,0.46,0.13,1.12,0.39,0.21,20017,21.149120330810547
1.8,1.33,0.42,0.68,0.46,0.13,1.12,0.39,0.21,19870,21.149120330810547
1.8,1.33,0.42,0.68,0.46,0.13,1.13,0.4,0.21,19965,21.153128623962402
1.8,1.33,0.42,0.68,0.46,0.13,1.13,0.39,0.21,19540,21.157047748565674
1.8,1.34,0.42,0.67,0.46,0.12,1.13,0.39,0.21,19771,21.1616370677948
1.8,1.34,0.42,0.67,0.46,0.13,1.12,0.39,0.21,19984,21.1616370677948
1.8,1.34,0.42,0.67,0.45,0.12,1.13,0.39,0.21,19857,21.16473126411438
1.8,1.34,0.42,0.67,0.45,0.12,1.13,0.39,0.21,20064,21.169742107391357
1.8,1.34,0.42,0.67,0.46,0.12,1.13,0.39,0.21,19799,21.173737049102783
1.8,1.34,0.42,0.67,0.46,0.13,1.13,0.39,0.21,19962,21.174713134765625
1.8,1.35,0.42,0.67,0.46,0.13,1.13,0.39,0.21,20067,21.177730321884155
1.8,1.35,0.42,0.67,0.45,0.13,1.13,0.39,0.21,19864,21.1818265914917
1.8,1.34,0.42,0.67,0.46,0.13,1.13,0.39,0.21,19961,21.186161756515503
1.8,1.35,0.42,0.67,0.46,0.13,1.13,0.39,0.21,20298,21.18721079826355
1.8,1.34,0.42,0.67,0.46,0.13,1.12,0.39,0.21,20149,21.189566612243652
1.8,1.35,0.42,0.67,0.46,0.13,1.13,0.39,0.21,20118,21.194605112075806
1.8,1.35,0.42,0.67,0.46,0.13,1.12,0.39,0.21,20165,21.19792127609253
1.8,1.34,0.42,0.67,0.46,0.13,1.12,0.39,0.21,20100,21.198949098587036
1.8,1.35,0.42,0.67,0.45,0.13,1.13,0.39,0.21,20059,21.201903104782104
1.8,1.35,0.42,0.68,0.46,0.13,1.13,0.39,0.2,20384,21.206926345825195
1.8,1.34,0.42,0.67,0.46,0.13,1.13,0.39,0.2,20511,21.210590600967407
1.8,1.34,0.42,0.67,0.45,0.12,1.13,0.39,0.2,19722,21.214170694351196
1.8,1.34,0.42,0.68,0.46,0.13,1.13,0.39,0.2,19835,21.21490740776062
1.8,1.34,0.42,0.67,0.46,0.13,1.13,0.39,0.21,20100,21.218905210494995
1.8,1.34,0.42,0.67,0.46,0.12,1.13,0.39,0.2,20241,21.22247576713562
1.8,1.34,0.42,0.67,0.46,0.13,1.13,0.39,0.21,20006,21.226478338241577
1.8,1.34,0.42,0.67,0.46,0.13,1.13,0.39,0.21,19527,21.227200031280518
1.8,1.34,0.42,0.68,0.46,0.13,1.12,0.39,0.21,19534,21.231199741363525
1.8,1.34,0.43,0.68,0.46,0.13,1.13,0.39,0.21,19749,21.235211610794067
1.8,1.34,0.42,0.68,0.46,0.13,1.13,0.39,0.21,20036,21.239502429962158
1.8,1.34,0.43,0.68,0.46,0.13,1.13,0.39,0.21,20155,21.239502429962158
1.8,1.34,0.43,0.68,0.46,0.13,1.13,0.39,0.21,20138,21.24314546585083
1.8,1.35,0.42,0.68,0.46,0.13,1.13,0.39,0.21,20061,21.24716877937317
1.8,1.34,0.42,0.68,0.46,0.13,1.13,0.39,0.21,20012,21.251498460769653
1.8,1.35,0.42,0.68,0.46,0.13,1.13,0.39,0.21,20061,21.252196073532104
1.8,1.35,0.42,0.68,0.46,0.13,1.13,0.39,0.21,20040,21.255894422531128
1.8,1.35,0.42,0.68,0.46,0.13,1.13,0.39,0.21,20491,21.25902485847473
1.8,1.35,0.42,0.68,0.46,0.13,1.13,0.4,0.21,20444,21.26406455039978
1.8,1.35,0.42,0.68,0.46,0.13,1.13,0.39,0.21,20389,21.26406455039978
1.8,1.34,0.42,0.68,0.46,0.13,1.13,0.39,0.21,20124,21.26805806159973
1.8,1.35,0.42,0.68,0.46,0.13,1.13,0.4,0.21,20125,21.27205181121826
1.8,1.35,0.43,0.68,0.46,0.13,1.13,0.4,0.21,20034,21.276366710662842
1.8,1.34,0.43,0.68,0.46,0.14,1.13,0.4,0.21,20163,21.279617071151733
1.8,1.35,0.43,0.68,0.46,0.13,1.13,0.4,0.21,20236,21.280447959899902
1.8,1.35,0.43,0.68,0.46,0.13,1.13,0.4,0.21,20005,21.284172773361206
1.8,1.35,0.43,0.68,0.45,0.14,1.13,0.4,0.21,19866,21.288365602493286
1.8,1.35,0.44,0.68,0.46,0.13,1.13,0.4,0.21,19959,21.292420625686646
1.8,1.34,0.44,0.69,0.46,0.14,1.13,0.39,0.21,19986,21.292420625686646
1.8,1.34,0.44,0.69,0.46,0.14,1.13,0.39,0.21,19759,21.29643940925598
1.8,1.34,0.43,0.69,0.46,0.13,1.13,0.39,0.21,20114,21.300174474716187
1.8,1.35,0.43,0.69,0.46,0.14,1.13,0.39,0.21,20409,21.304491758346558
1.8,1.34,0.43,0.69,0.46,0.13,1.13,0.39,0.21,20042,21.305230379104614
1.8,1.35,0.43,0.69,0.46,0.13,1.13,0.39,0.21,19823,21.30849814414978
1.8,1.34,0.43,0.68,0.46,0.13,1.13,0.39,0.21,19458,21.31249737739563
1.8,1.35,0.43,0.69,0.46,0.13,1.13,0.39,0.21,19731,21.317533016204834
1.8,1.35,0.43,0.69,0.46,0.13,1.13,0.39,0.21,19904,21.317533016204834
1.8,1.35,0.44,0.69,0.46,0.13,1.13,0.39,0.21,19675,21.320982217788696
1.8,1.35,0.43,0.69,0.46,0.13,1.13,0.4,0.21,19934,21.325007915496826
1.8,1.35,0.43,0.69,0.46,0.13,1.13,0.39,0.21,20063,21.329352855682373
1.8,1.35,0.43,0.69,0.46,0.13,1.13,0.39,0.21,19876,21.330029726028442
1.8,1.35,0.45,0.69,0.45,0.14,1.13,0.39,0.21,19973,21.33362650871277
1.8,1.35,0.45,0.69,0.46,0.13,1.13,0.39,0.21,20026,21.336907386779785
1.8,1.35,0.44,0.69,0.45,0.14,1.13,0.39,0.21,19825,21.341946601867676
1.8,1.35,0.45,0.69,0.45,0.14,1.13,0.39,0.21,19620,21.341946601867676
1.8,1.35,0.46,0.69,0.45,0.14,1.13,0.39,0.21,19699,21.345954179763794
1.8,1.35,0.45,0.7,0.46,0.14,1.13,0.39,0.21,19892,21.349966764450073
1.8,1.35,0.46,0.69,0.46,0.14,1.13,0.39,0.21,19635,21.353968143463135
1.8,1.35,0.46,0.69,0.46,0.14,1.13,0.39,0.21,19632,21.357959985733032
1.8,1.35,0.47,0.69,0.46,0.14,1.13,0.39,0.21,19877,21.357959985733032
1.8,1.35,0.45,0.69,0.46,0.13,1.13,0.39,0.21,19982,21.362318754196167
1.8,1.35,0.46,0.69,0.46,0.13,1.12,0.4,0.21,20107,21.36662530899048
1.8,1.35,0.47,0.69,0.46,0.14,1.13,0.4,0.21,20026,21.370206117630005
1.81,1.35,0.47,0.69,0.45,0.14,1.13,0.4,0.21,20009,21.370206117630005
1.8,1.35,0.47,0.69,0.46,0.13,1.13,0.4,0.21,19802,21.374546766281128
1.81,1.35,0.47,0.69,0.46,0.14,1.12,0.39,0.21,19853,21.37839150428772
1.8,1.35,0.46,0.69,0.45,0.14,1.13,0.4,0.21,19722,21.382930755615234
1.8,1.35,0.47,0.69,0.45,0.14,1.13,0.39,0.21,19749,21.382930755615234
1.8,1.35,0.47,0.69,0.46,0.14,1.13,0.4,0.21,19440,21.386923789978027
1.8,1.35,0.47,0.69,0.46,0.13,1.13,0.39,0.21,19779,21.390917539596558
1.8,1.35,0.47,0.69,0.46,0.14,1.13,0.4,0.21,19534,21.394946575164795
1.8,1.35,0.47,0.69,0.46,0.14,1.13,0.4,0.21,19631,21.395917892456055
1.8,1.35,0.48,0.69,0.46,0.14,1.13,0.4,0.21,20074,21.39879870414734
1.8,1.34,0.47,0.69,0.46,0.14,1.13,0.4,0.21,20083,21.403257131576538
1.81,1.34,0.48,0.69,0.46,0.14,1.13,0.4,0.21,19554,21.40699553489685
1.8,1.35,0.48,0.69,0.46,0.14,1.13,0.4,0.21,19517,21.408031225204468
1.8,1.35,0.47,0.69,0.46,0.14,1.12,0.4,0.21,19854,21.410786628723145
1.81,1.34,0.46,0.69,0.46,0.14,1.13,0.4,0.21,20215,21.415172576904297
1.8,1.34,0.46,0.69,0.46,0.13,1.13,0.4,0.21,19986,21.41960120201111
1.8,1.34,0.46,0.69,0.46,0.14,1.13,0.4,0.21,19925,21.422879457473755
1.8,1.34,0.46,0.69,0.46,0.14,1.13,0.4,0.21,20066,21.423603296279907
1.8,1.34,0.46,0.69,0.46,0.14,1.13,0.4,0.21,20131,21.42762780189514
1.8,1.34,0.46,0.69,0.45,0.14,1.13,0.4,0.21,20042,21.431734800338745
1.81,1.34,0.46,0.69,0.46,0.14,1.13,0.4,0.22,20171,21.435709953308105
1.8,1.35,0.46,0.69,0.46,0.15,1.13,0.4,0.21,20246,21.435709953308105
1.8,1.35,0.46,0.69,0.46,0.14,1.13,0.4,0.22,19807,21.439343214035034
1.8,1.35,0.46,0.69,0.46,0.14,1.13,0.4,0.22,20048,21.444030046463013
1.81,1.34,0.46,0.69,0.45,0.14,1.13,0.4,0.22,20119,21.44767665863037
1.81,1.35,0.46,0.69,0.45,0.14,1.13,0.4,0.22,19948,21.448402643203735
1.8,1.34,0.47,0.69,0.45,0.14,1.13,0.4,0.22,19715,21.451664209365845
1.8,1.34,0.46,0.69,0.46,0.14,1.13,0.4,0.22,19956,21.45640230178833
1.81,1.35,0.46,0.69,0.46,0.14,1.13,0.4,0.22,20227,21.46042537689209
1.8,1.35,0.46,0.69,0.45,0.14,1.14,0.4,0.22,20320,21.46042537689209
1.81,1.35,0.45,0.69,0.45,0.14,1.13,0.4,0.22,20065,21.46394443511963
1.8,1.35,0.46,0.69,0.45,0.14,1.13,0.4,0.22,19774,21.468440294265747
1.8,1.35,0.47,0.69,0.46,0.15,1.13,0.4,0.22,20089,21.472713470458984
1.8,1.35,0.47,0.69,0.46,0.15,1.13,0.4,0.22,19962,21.473609685897827
1.8,1.34,0.47,0.69,0.45,0.15,1.13,0.4,0.22,20167,21.476630687713623
1.8,1.35,0.46,0.69,0.45,0.15,1.14,0.4,0.22,19826,21.48099708557129
1.8,1.35,0.47,0.69,0.46,0.15,1.13,0.4,0.22,19599,21.485056400299072
1.8,1.35,0.47,0.69,0.46,0.15,1.13,0.4,0.22,20206,21.489010095596313
1.8,1.34,0.46,0.7,0.46,0.14,1.14,0.4,0.22,20075,21.489010095596313
1.8,1.35,0.46,0.7,0.46,0.15,1.14,0.4,0.22,19718,21.493048191070557
1.8,1.34,0.46,0.7,0.46,0.14,1.14,0.4,0.22,19877,21.49727749824524
1.8,1.35,0.46,0.7,0.46,0.15,1.14,0.4,0.22,19780,21.500543355941772
1.8,1.34,0.46,0.7,0.46,0.14,1.13,0.4,0.22,19741,21.5015971660614
1.8,1.35,0.46,0.7,0.46,0.14,1.14,0.4,0.22,19802,21.50522780418396
1.8,1.35,0.46,0.7,0.46,0.15,1.14,0.4,0.22,19763,21.50995922088623
1.8,1.35,0.46,0.7,0.46,0.15,1.14,0.4,0.22,19888,21.51331853866577
1.8,1.35,0.46,0.7,0.46,0.15,1.13,0.4,0.22,20231,21.51396632194519
1.8,1.35,0.47,0.7,0.46,0.15,1.14,0.4,0.22,20358,21.517226219177246
1.8,1.35,0.47,0.69,0.46,0.15,1.14,0.4,0.22,20155,21.5219669342041
1.8,1.35,0.48,0.69,0.46,0.15,1.14,0.4,0.22,19748,21.52597737312317
1.8,1.35,0.47,0.69,0.46,0.15,1.14,0.4,0.22,19613,21.52597737312317
1.8,1.35,0.48,0.69,0.46,0.15,1.14,0.4,0.22,19832,21.529850721359253
1.8,1.35,0.48,0.69,0.46,0.15,1.14,0.4,0.22,20093,21.533700227737427
1.8,1.35,0.48,0.69,0.46,0.14,1.14,0.4,0.22,19848,21.53789758682251
1.8,1.35,0.48,0.7,0.46,0.15,1.14,0.4,0.22,19951,21.53891921043396
1.8,1.35,0.48,0.7,0.46,0.15,1.14,0.4,0.22,20038,21.542447328567505
1.8,1.35,0.48,0.7,0.46,0.15,1.14,0.39,0.22,19901,21.546260595321655
1.8,1.35,0.49,0.7,0.46,0.15,1.14,0.39,0.22,20122,21.55067467689514
1.8,1.36,0.48,0.69,0.46,0.15,1.14,0.39,0.22,20467,21.55164361000061
1.8,1.35,0.49,0.7,0.46,0.15,1.14,0.39,0.22,20096,21.55465579032898
1.8,1.35,0.48,0.7,0.46,0.15,1.14,0.39,0.22,19675,21.558671236038208
1.8,1.36,0.47,0.7,0.46,0.15,1.14,0.4,0.22,20152,21.562822341918945
1.8,1.35,0.47,0.7,0.46,0.15,1.14,0.39,0.22,20023,21.566802740097046
1.8,1.35,0.48,0.7,0.46,0.15,1.14,0.39,0.22,19856,21.566802740097046
1.8,1.35,0.47,0.7,0.46,0.15,1.14,0.4,0.22,19775,21.57093334197998
1.8,1.35,0.49,0.7,0.46,0.15,1.14,0.39,0.22,19756,21.575129747390747
1.8,1.35,0.49,0.7,0.46,0.15,1.14,0.4,0.22,19877,21.578787565231323
1.8,1.35,0.49,0.7,0.46,0.15,1.14,0.39,0.22,19916,21.578787565231323
1.8,1.35,0.48,0.7,0.46,0.15,1.14,0.4,0.22,19999,21.58309531211853
1.8,1.35,0.49,0.7,0.46,0.15,1.14,0.4,0.22,19794,21.58710503578186
1.8,1.35,0.49,0.7,0.46,0.15,1.14,0.4,0.22,19353,21.59109663963318
1.8,1.35,0.49,0.7,0.46,0.16,1.14,0.4,0.22,19796,21.59182906150818
1.8,1.35,0.49,0.7,0.46,0.15,1.14,0.39,0.22,20237,21.595829010009766
1.8,1.35,0.49,0.7,0.45,0.15,1.14,0.39,0.22,20244,21.599422216415405
1.8,1.35,0.49,0.7,0.46,0.15,1.14,0.4,0.22,20005,21.603888034820557
1.8,1.35,0.49,0.7,0.46,0.15,1.14,0.4,0.22,19744,21.603888034820557
1.8,1.35,0.49,0.7,0.46,0.16,1.14,0.4,0.22,19827,21.608093738555908
1.8,1.35,0.48,0.7,0.47,0.15,1.14,0.4,0.22,19986,21.611780166625977
1.8,1.35,0.49,0.69,0.46,0.15,1.14,0.4,0.22,20029,21.615781545639038
1.8,1.35,0.49,0.7,0.46,0.15,1.14,0.4,0.22,20176,21.616518020629883
1.8,1.35,0.48,0.69,0.46,0.16,1.14,0.4,0.22,20243,21.619518280029297
1.8,1.34,0.5,0.7,0.47,0.16,1.14,0.4,0.22,20376,21.623812437057495
1.8,1.35,0.49,0.7,0.47,0.16,1.14,0.4,0.22,20027,21.62816023826599
1.8,1.34,0.49,0.7,0.47,0.16,1.14,0.4,0.22,19972,21.63227891921997
1.8,1.35,0.5,0.69,0.46,0.16,1.14,0.4,0.22,20029,21.63227891921997
1.8,1.35,0.5,0.69,0.46,0.16,1.14,0.4,0.22,20048,21.636115312576294
1.8,1.35,0.49,0.69,0.46,0.16,1.14,0.4,0.22,20145,21.640949249267578
1.8,1.35,0.5,0.7,0.46,0.16,1.14,0.4,0.22,19890,21.644929885864258
1.8,1.35,0.49,0.69,0.46,0.15,1.15,0.4,0.22,19793,21.644929885864258
1.8,1.35,0.49,0.69,0.47,0.15,1.14,0.4,0.22,19884,21.64861035346985
1.8,1.35,0.5,0.69,0.46,0.16,1.15,0.4,0.22,19787,21.6533465385437
1.8,1.35,0.49,0.69,0.46,0.15,1.14,0.4,0.22,20216,21.656611680984497
1.8,1.35,0.49,0.69,0.47,0.16,1.14,0.4,0.22,19687,21.657339096069336
1.8,1.35,0.48,0.7,0.47,0.15,1.14,0.4,0.22,19732,21.661338329315186
1.8,1.35,0.49,0.7,0.47,0.15,1.14,0.4,0.22,20099,21.665180444717407
1.8,1.35,0.49,0.69,0.47,0.15,1.14,0.4,0.22,20236,21.669468641281128
1.8,1.35,0.49,0.7,0.46,0.15,1.14,0.4,0.22,20183,21.669468641281128
1.8,1.35,0.49,0.69,0.46,0.15,1.14,0.4,0.22,20358,21.673616409301758
1.8,1.35,0.49,0.69,0.46,0.15,1.14,0.4,0.22,20399,21.677199125289917
1.8,1.35,0.49,0.69,0.46,0.15,1.14,0.4,0.22,19710,21.68122172355652
1.8,1.35,0.49,0.69,0.46,0.15,1.14,0.4,0.22,19757,21.681949138641357
1.8,1.35,0.49,0.7,0.46,0.15,1.14,0.4,0.22,19910,21.685991287231445
1.8,1.35,0.49,0.7,0.46,0.15,1.14,0.4,0.22,19705,21.68994641304016
1.8,1.35,0.49,0.7,0.46,0.15,1.14,0.4,0.23,19586,21.693957090377808
1.8,1.35,0.49,0.69,0.46,0.16,1.15,0.4,0.22,19775,21.69750475883484
1.8,1.35,0.48,0.7,0.47,0.16,1.14,0.4,0.21,19928,21.69750475883484
1.8,1.35,0.49,0.7,0.46,0.15,1.14,0.4,0.22,19887,21.701926708221436
1.8,1.35,0.49,0.7,0.46,0.15,1.15,0.4,0.22,20030,21.706340312957764
1.8,1.35,0.49,0.69,0.46,0.16,1.15,0.4,0.22,20265,21.71032214164734
1.8,1.35,0.49,0.69,0.46,0.15,1.15,0.4,0.22,19836,21.71032214164734
1.8,1.35,0.49,0.69,0.47,0.15,1.15,0.4,0.22,19659,21.7143452167511
1.8,1.35,0.49,0.69,0.46,0.15,1.15,0.4,0.22,20140,21.71843695640564
1.8,1.35,0.49,0.69,0.46,0.16,1.15,0.4,0.22,20339,21.721953630447388
1.8,1.35,0.49,0.69,0.47,0.15,1.14,0.4,0.22,20106,21.721953630447388
1.8,1.35,0.49,0.69,0.47,0.16,1.14,0.4,0.22,20339,21.72619104385376
1.8,1.35,0.49,0.7,0.46,0.16,1.14,0.4,0.23,20390,21.73099398612976
1.8,1.35,0.49,0.7,0.46,0.15,1.14,0.4,0.23,20073,21.735008001327515
1.8,1.35,0.49,0.7,0.46,0.15,1.14,0.4,0.22,19960,21.735008001327515
1.8,1.35,0.49,0.69,0.46,0.15,1.14,0.4,0.22,19903,21.73857283592224
1.81,1.35,0.49,0.69,0.46,0.15,1.14,0.4,0.22,19944,21.7425434589386
1.81,1.36,0.49,0.69,0.46,0.16,1.14,0.4,0.22,19991,21.747050523757935
1.81,1.35,0.49,0.7,0.46,0.16,1.14,0.4,0.22,20078,21.747568130493164
1.8,1.35,0.49,0.69,0.46,0.16,1.14,0.4,0.23,19863,21.75125789642334
1.81,1.36,0.49,0.7,0.46,0.16,1.14,0.4,0.22,19564,21.755251169204712
1.81,1.35,0.49,0.69,0.46,0.16,1.15,0.4,0.22,19717,21.75981068611145
1.8,1.36,0.49,0.69,0.46,0.15,1.14,0.4,0.22,20052,21.75981068611145
1.81,1.36,0.49,0.69,0.46,0.16,1.14,0.4,0.22,19733,21.763067483901978
1.8,1.35,0.49,0.69,0.46,0.16,1.15,0.4,0.22,19936,21.767799615859985
1.8,1.35,0.49,0.69,0.47,0.16,1.14,0.4,0.22,20009,21.77181339263916
1.81,1.36,0.49,0.69,0.46,0.16,1.15,0.4,0.22,19978,21.77539825439453
1.8,1.35,0.49,0.69,0.47,0.16,1.15,0.4,0.23,19965,21.77539825439453
1.81,1.35,0.49,0.69,0.47,0.16,1.14,0.4,0.22,20248,21.779349088668823
1.8,1.35,0.49,0.69,0.46,0.16,1.14,0.4,0.23,20485,21.78437376022339
1.8,1.35,0.49,0.69,0.46,0.16,1.14,0.4,0.22,20236,21.787947416305542
1.8,1.36,0.49,0.69,0.46,0.16,1.15,0.4,0.23,20545,21.787947416305542
1.81,1.35,0.49,0.69,0.47,0.16,1.15,0.4,0.23,20432,21.79186463356018
1.8,1.35,0.49,0.69,0.46,0.16,1.15,0.4,0.23,19957,21.796140909194946
1.8,1.35,0.49,0.69,0.47,0.15,1.14,0.4,0.23,19524,21.800131797790527
1.8,1.36,0.49,0.7,0.47,0.16,1.14,0.4,0.22,19885,21.800866842269897
1.8,1.35,0.48,0.7,0.47,0.15,1.14,0.4,0.22,19866,21.804131746292114
1.81,1.36,0.48,0.7,0.47,0.15,1.15,0.4,0.22,19933,21.809167861938477
1.8,1.35,0.48,0.7,0.47,0.15,1.14,0.4,0.22,20328,21.812194108963013
1.8,1.35,0.49,0.69,0.47,0.15,1.14,0.4,0.22,20295,21.812194108963013
1.8,1.36,0.49,0.7,0.47,0.15,1.15,0.4,0.22,20272,21.816574811935425
1.8,1.36,0.49,0.7,0.46,0.15,1.14,0.4,0.23,19851,21.82100248336792
1.8,1.36,0.49,0.7,0.46,0.15,1.15,0.4,0.22,19786,21.824576377868652
1.8,1.36,0.48,0.7,0.46,0.15,1.15,0.4,0.22,19981,21.825312852859497
1.81,1.36,0.49,0.7,0.46,0.16,1.15,0.4,0.23,19758,21.82858371734619
1.8,1.35,0.49,0.69,0.46,0.16,1.15,0.4,0.23,19489,21.8333158493042
1.81,1.35,0.49,0.7,0.46,0.16,1.14,0.4,0.23,19642,21.837197065353394
1.81,1.35,0.49,0.69,0.46,0.16,1.14,0.4,0.23,19697,21.84089469909668
1.8,1.35,0.49,0.69,0.46,0.16,1.15,0.4,0.23,20186,21.84089469909668
1.8,1.35,0.49,0.69,0.47,0.16,1.15,0.4,0.22,20597,21.845043420791626
1.81,1.36,0.49,0.7,0.46,0.16,1.14,0.4,0.23,19980,21.849640130996704
1.8,1.35,0.49,0.69,0.46,0.16,1.15,0.4,0.23,19777,21.853620290756226
1.8,1.35,0.5,0.69,0.46,0.16,1.15,0.4,0.23,20142,21.853620290756226
1.8,1.35,0.5,0.7,0.46,0.16,1.14,0.4,0.23,19965,21.85765051841736
1.8,1.35,0.5,0.7,0.46,0.16,1.14,0.4,0.23,20304,21.86183261871338
1.8,1.36,0.5,0.7,0.46,0.16,1.14,0.4,0.23,20097,21.865821838378906
1.8,1.35,0.5,0.7,0.46,0.16,1.15,0.4,0.23,19860,21.86661148071289
1.81,1.35,0.5,0.7,0.47,0.16,1.14,0.4,0.23,19939,21.87004828453064
1.8,1.35,0.5,0.69,0.46,0.16,1.15,0.4,0.23,20176,21.874069929122925
1.81,1.35,0.5,0.69,0.47,0.16,1.15,0.4,0.23,20167,21.878249645233154
1.8,1.35,0.5,0.69,0.47,0.16,1.15,0.4,0.22,20222,21.878249645233154
1.81,1.35,0.5,0.7,0.47,0.16,1.14,0.4,0.23,20541,21.882511377334595
1.8,1.35,0.5,0.69,0.46,0.16,1.15,0.4,0.22,19908,21.8859121799469
1.8,1.35,0.5,0.7,0.46,0.16,1.15,0.4,0.22,19933,21.89027214050293
1.8,1.35,0.5,0.69,0.46,0.16,1.15,0.4,0.22,20078,21.89094114303589
1.81,1.35,0.5,0.69,0.46,0.16,1.15,0.4,0.22,19995,21.89440131187439
1.8,1.35,0.5,0.7,0.47,0.16,1.15,0.4,0.22,20092,21.898602962493896
1.8,1.35,0.5,0.69,0.46,0.16,1.14,0.4,0.22,19835,21.902573108673096
1.8,1.35,0.5,0.69,0.47,0.16,1.14,0.4,0.22,19836,21.906619787216187
1.81,1.36,0.5,0.69,0.46,0.16,1.14,0.4,0.22,19453,21.907361268997192
1.81,1.36,0.5,0.69,0.46,0.16,1.15,0.4,0.22,19840,21.91062617301941
1.81,1.36,0.5,0.69,0.46,0.16,1.15,0.4,0.22,20053,21.914908170700073
1.8,1.36,0.5,0.69,0.46,0.16,1.15,0.4,0.22,20040,21.91925287246704
1.8,1.36,0.5,0.69,0.47,0.15,1.15,0.4,0.22,19921,21.919991493225098
1.8,1.36,0.5,0.69,0.46,0.16,1.14,0.4,0.22,19644,21.922993898391724
1.8,1.36,0.5,0.7,0.47,0.15,1.15,0.4,0.22,19893,21.92706847190857
1.81,1.36,0.5,0.69,0.47,0.16,1.15,0.4,0.22,19898,21.931090116500854
1.8,1.36,0.5,0.69,0.46,0.16,1.15,0.4,0.21,19951,21.931090116500854
1.8,1.36,0.51,0.7,0.46,0.16,1.15,0.4,0.22,19954,21.935325860977173
1.8,1.36,0.5,0.69,0.46,0.16,1.15,0.4,0.22,19911,21.939600467681885
1.8,1.36,0.5,0.69,0.46,0.15,1.15,0.4,0.22,19732,21.9437358379364
1.8,1.36,0.5,0.69,0.47,0.15,1.15,0.4,0.21,19517,21.94460654258728
1.8,1.35,0.5,0.69,0.47,0.15,1.15,0.4,0.22,19558,21.947643518447876
1.81,1.36,0.5,0.69,0.46,0.16,1.15,0.4,0.22,19691,21.95259976387024
1.8,1.36,0.51,0.69,0.46,0.16,1.15,0.4,0.22,19844,21.955922842025757
1.81,1.36,0.51,0.69,0.46,0.16,1.15,0.4,0.22,19933,21.956960916519165
1.81,1.36,0.51,0.69,0.47,0.15,1.15,0.4,0.22,19854,21.959951877593994
1.81,1.36,0.5,0.69,0.46,0.16,1.15,0.4,0.22,19615,21.964497566223145
1.81,1.36,0.51,0.69,0.46,0.16,1.14,0.4,0.22,20056,21.96777629852295
1.8,1.36,0.51,0.69,0.46,0.17,1.15,0.4,0.23,19839,21.96849751472473
1.8,1.36,0.51,0.69,0.46,0.15,1.15,0.4,0.22,19686,21.972505807876587
1.81,1.36,0.52,0.69,0.46,0.16,1.15,0.4,0.22,19925,21.97652792930603
1.81,1.36,0.52,0.69,0.47,0.16,1.15,0.4,0.22,19876,21.98056197166443
1.81,1.36,0.52,0.69,0.46,0.16,1.14,0.4,0.23,19725,21.983505725860596
1.81,1.35,0.52,0.69,0.46,0.16,1.15,0.4,0.23,19546,21.9844913482666
1.81,1.36,0.52,0.69,0.47,0.16,1.15,0.4,0.22,20059,21.988362550735474
1.81,1.35,0.52,0.69,0.46,0.17,1.14,0.39,0.23,20082,21.992567539215088
1.81,1.36,0.52,0.69,0.46,0.16,1.15,0.4,0.23,19925,21.996586561203003
1.81,1.36,0.52,0.69,0.46,0.16,1.15,0.4,0.23,20064,21.996586561203003
1.81,1.36,0.52,0.69,0.46,0.16,1.15,0.39,0.23,19711,22.00058627128601
1.81,1.35,0.51,0.69,0.46,0.16,1.15,0.4,0.23,19612,22.004586219787598
1.8,1.36,0.51,0.69,0.46,0.16,1.15,0.4,0.23,20023,22.008586406707764
1.81,1.35,0.52,0.69,0.46,0.16,1.15,0.4,0.23,19878,22.009586334228516
1.8,1.36,0.51,0.69,0.46,0.16,1.15,0.4,0.23,19957,22.01308560371399
1.8,1.36,0.51,0.7,0.46,0.16,1.15,0.4,0.22,20108,22.017616510391235
1.81,1.36,0.52,0.7,0.46,0.16,1.15,0.4,0.23,20173,22.02161979675293
1.81,1.36,0.52,0.7,0.46,0.16,1.15,0.4,0.23,19866,22.02161979675293
1.8,1.36,0.51,0.69,0.46,0.16,1.15,0.4,0.23,19935,22.02588677406311
1.81,1.36,0.51,0.7,0.46,0.16,1.15,0.4,0.23,20056,22.02990698814392
1.81,1.35,0.51,0.7,0.46,0.16,1.15,0.4,0.23,19771,22.03364372253418
1.8,1.36,0.51,0.7,0.46,0.16,1.15,0.4,0.23,19798,22.03415560722351
1.8,1.36,0.51,0.7,0.46,0.16,1.15,0.4,0.23,19989,22.037677526474
1.8,1.36,0.51,0.7,0.46,0.16,1.15,0.4,0.23,20148,22.041965007781982
1.8,1.36,0.52,0.7,0.46,0.16,1.15,0.4,0.23,20359,22.045790195465088
1.8,1.36,0.52,0.7,0.46,0.16,1.16,0.4,0.22,20236,22.05015230178833
1.8,1.35,0.52,0.7,0.46,0.16,1.15,0.4,0.23,19917,22.050791025161743
1.8,1.36,0.52,0.7,0.46,0.16,1.15,0.4,0.23,19546,22.054078817367554
1.8,1.35,0.52,0.7,0.46,0.16,1.15,0.4,0.23,20009,22.058784246444702
1.81,1.35,0.52,0.7,0.46,0.16,1.15,0.4,0.23,19784,22.06240487098694
1.8,1.35,0.51,0.7,0.46,0.16,1.15,0.4,0.23,19829,22.06240487098694
1.8,1.35,0.51,0.7,0.46,0.16,1.15,0.4,0.23,20132,22.066449642181396
1.8,1.35,0.51,0.7,0.46,0.16,1.15,0.4,0.23,19929,22.070449352264404
1.81,1.35,0.51,0.7,0.46,0.16,1.15,0.4,0.23,20298,22.074080228805542
1.8,1.36,0.51,0.7,0.46,0.16,1.15,0.4,0.22,20119,22.07514715194702
1.8,1.35,0.51,0.7,0.46,0.16,1.15,0.4,0.22,19992,22.07839846611023
1.8,1.35,0.51,0.7,0.46,0.16,1.15,0.4,0.22,19729,22.082930088043213
1.8,1.36,0.51,0.69,0.46,0.16,1.15,0.4,0.22,19842,22.086983919143677
1.8,1.36,0.51,0.69,0.46,0.16,1.15,0.4,0.23,19663,22.087822914123535
1.8,1.36,0.51,0.69,0.46,0.16,1.15,0.4,0.22,19642,22.091075897216797
1.81,1.36,0.51,0.7,0.46,0.16,1.15,0.4,0.22,19661,22.094757318496704
1.8,1.36,0.51,0.7,0.46,0.16,1.15,0.4,0.23,19730,22.099183320999146
1.8,1.36,0.51,0.69,0.46,0.16,1.16,0.41,0.22,20105,22.099916458129883
1.8,1.36,0.51,0.7,0.46,0.16,1.15,0.4,0.22,20586,22.103179931640625
1.8,1.36,0.51,0.7,0.46,0.16,1.15,0.4,0.22,20605,22.107908964157104
1.8,1.36,0.51,0.69,0.47,0.16,1.15,0.4,0.23,20180,22.111174821853638
1.8,1.36,0.5,0.7,0.46,0.16,1.15,0.4,0.23,19993,22.111916542053223
1.8,1.36,0.51,0.7,0.46,0.16,1.15,0.4,0.23,20158,22.115579843521118
1.8,1.36,0.51,0.69,0.46,0.16,1.15,0.39,0.23,19909,22.11973524093628
1.8,1.36,0.51,0.7,0.46,0.16,1.15,0.4,0.23,20192,22.124212741851807
1.8,1.36,0.51,0.7,0.46,0.16,1.16,0.4,0.22,20061,22.12722611427307
1.8,1.36,0.51,0.69,0.46,0.16,1.15,0.4,0.22,20192,22.128228425979614
1.8,1.36,0.51,0.69,0.46,0.16,1.15,0.4,0.22,19859,22.132261753082275
1.8,1.36,0.51,0.69,0.46,0.16,1.16,0.4,0.22,19702,22.136512756347656
1.8,1.35,0.51,0.7,0.46,0.16,1.15,0.4,0.22,19739,22.140305280685425
1.8,1.36,0.51,0.69,0.46,0.16,1.15,0.4,0.22,20118,22.14106035232544
1.8,1.36,0.51,0.69,0.46,0.16,1.16,0.4,0.22,20017,22.144256830215454
1.8,1.35,0.51,0.69,0.46,0.17,1.16,0.4,0.22,19942,22.148500680923462
1.8,1.35,0.51,0.7,0.46,0.16,1.15,0.4,0.22,20043,22.1524498462677
1.8,1.35,0.51,0.7,0.46,0.17,1.15,0.4,0.22,20166,22.1524498462677
1.8,1.35,0.51,0.69,0.46,0.16,1.15,0.4,0.22,20245,22.15654182434082
1.8,1.35,0.51,0.69,0.46,0.16,1.15,0.4,0.22,20078,22.160696744918823
1.8,1.35,0.51,0.69,0.46,0.16,1.16,0.4,0.22,20065,22.16484022140503
1.8,1.35,0.51,0.7,0.46,0.16,1.16,0.4,0.22,20000,22.16484022140503
1.8,1.35,0.51,0.69,0.46,0.16,1.16,0.4,0.22,19903,22.168938636779785
1.8,1.35,0.51,0.7,0.46,0.16,1.15,0.4,0.22,20012,22.172438859939575
1.8,1.35,0.51,0.7,0.46,0.16,1.15,0.4,0.22,20181,22.17681908607483
1.8,1.35,0.51,0.69,0.46,0.16,1.16,0.4,0.22,20152,22.17786431312561
1.8,1.36,0.51,0.69,0.46,0.16,1.16,0.4,0.22,19429,22.181140899658203
1.8,1.36,0.51,0.7,0.46,0.16,1.16,0.4,0.22,19488,22.18511962890625
1.8,1.35,0.51,0.7,0.46,0.16,1.16,0.41,0.22,19645,22.189157247543335
1.8,1.35,0.51,0.7,0.46,0.16,1.16,0.4,0.22,19358,22.189863443374634
1.8,1.36,0.51,0.69,0.47,0.16,1.16,0.41,0.22,19463,22.193116188049316
1.8,1.35,0.51,0.7,0.46,0.16,1.15,0.41,0.22,19906,22.197547435760498
1.81,1.36,0.51,0.69,0.46,0.16,1.16,0.41,0.22,20049,22.201760292053223
1.8,1.35,0.51,0.69,0.46,0.16,1.15,0.41,0.22,20224,22.204782485961914
1.81,1.36,0.52,0.7,0.46,0.16,1.15,0.4,0.22,20073,22.205886125564575
1.81,1.35,0.51,0.69,0.46,0.16,1.15,0.41,0.23,19924,22.209846258163452
1.81,1.35,0.52,0.69,0.46,0.16,1.16,0.41,0.23,19847,22.213529109954834
1.81,1.35,0.52,0.69,0.46,0.16,1.16,0.41,0.23,19792,22.217825412750244
1.81,1.35,0.52,0.69,0.46,0.16,1.16,0.41,0.23,19503,22.218563556671143
1.8,1.35,0.52,0.7,0.46,0.16,1.16,0.4,0.23,19644,22.221840381622314
1.8,1.36,0.52,0.69,0.46,0.16,1.16,0.41,0.23,19965,22.226106882095337
1.81,1.35,0.52,0.69,0.46,0.16,1.16,0.41,0.23,20384,22.23012137413025
1.8,1.35,0.52,0.69,0.46,0.16,1.16,0.41,0.23,20279,22.230864763259888
1.8,1.35,0.52,0.69,0.46,0.16,1.15,0.41,0.23,20298,22.234368562698364
1.81,1.36,0.52,0.69,0.46,0.16,1.15,0.41,0.23,20319,22.239207983016968
1.81,1.36,0.52,0.7,0.46,0.16,1.16,0.41,0.23,19882,22.242705583572388
1.8,1.36,0.52,0.69,0.46,0.16,1.16,0.4,0.23,19485,22.24374556541443
1.8,1.36,0.52,0.69,0.46,0.16,1.16,0.4,0.23,19414,22.246845722198486
1.81,1.36,0.52,0.7,0.47,0.16,1.16,0.4,0.23,19895,22.25084114074707
1.8,1.36,0.52,0.69,0.46,0.16,1.16,0.4,0.23,19912,22.255279779434204
1.8,1.36,0.52,0.7,0.47,0.16,1.16,0.4,0.23,20109,22.255279779434204
1.8,1.36,0.52,0.7,0.46,0.16,1.16,0.4,0.23,20122,22.25926661491394
1.8,1.36,0.51,0.7,0.46,0.16,1.16,0.4,0.23,20057,22.26330828666687
1.8,1.36,0.52,0.7,0.47,0.16,1.16,0.4,0.23,19760,22.267329454421997
1.8,1.36,0.52,0.7,0.47,0.16,1.16,0.4,0.23,19789,22.267329454421997
1.8,1.36,0.52,0.7,0.46,0.16,1.16,0.4,0.23,19872,22.271209955215454
1.8,1.36,0.52,0.7,0.46,0.16,1.16,0.4,0.23,19855,22.27482008934021
1.8,1.36,0.52,0.69,0.46,0.17,1.16,0.4,0.23,20088,22.279845476150513
1.8,1.36,0.52,0.69,0.46,0.16,1.16,0.4,0.23,20359,22.283141374588013
1.8,1.36,0.52,0.69,0.46,0.16,1.16,0.4,0.23,19990,22.283868312835693
1.8,1.36,0.52,0.7,0.46,0.17,1.16,0.4,0.23,19731,22.28762674331665
1.81,1.36,0.53,0.7,0.46,0.17,1.16,0.4,0.23,19492,22.292190074920654
1.8,1.36,0.53,0.7,0.47,0.17,1.16,0.4,0.23,19803,22.295583963394165
1.8,1.36,0.52,0.7,0.46,0.17,1.16,0.4,0.23,19590,22.296557664871216
1.8,1.36,0.52,0.7,0.46,0.17,1.16,0.4,0.23,19739,22.29992699623108
1.8,1.36,0.52,0.7,0.46,0.16,1.16,0.4,0.24,20534,22.304109811782837
1.8,1.36,0.52,0.7,0.46,0.16,1.16,0.4,0.23,20551,22.308178663253784
1.8,1.36,0.53,0.7,0.46,0.17,1.16,0.41,0.23,19942,22.3089120388031
1.8,1.36,0.53,0.7,0.46,0.17,1.16,0.4,0.23,19941,22.31222176551819
1.8,1.36,0.53,0.7,0.46,0.17,1.16,0.4,0.23,19964,22.31685447692871
1.8,1.36,0.53,0.7,0.46,0.16,1.16,0.4,0.23,19649,22.32032608985901
1.81,1.36,0.53,0.7,0.46,0.17,1.16,0.4,0.23,19308,22.32088279724121
1.8,1.36,0.53,0.7,0.46,0.17,1.15,0.4,0.23,19851,22.324053049087524
1.8,1.36,0.53,0.7,0.46,0.17,1.16,0.41,0.23,19562,22.328351974487305
1.8,1.36,0.53,0.7,0.46,0.17,1.16,0.41,0.23,19463,22.33306336402893
1.8,1.36,0.52,0.7,0.46,0.17,1.15,0.4,0.23,19774,22.33306336402893
1.8,1.36,0.52,0.7,0.46,0.17,1.16,0.41,0.23,19699,22.336379051208496
1.8,1.36,0.52,0.7,0.46,0.17,1.16,0.4,0.23,19788,22.340728282928467
1.8,1.36,0.53,0.7,0.46,0.17,1.16,0.4,0.23,19775,22.344687938690186
1.8,1.36,0.52,0.7,0.46,0.17,1.16,0.4,0.23,19950,22.345746517181396
1.8,1.36,0.53,0.7,0.46,0.17,1.15,0.4,0.23,19723,22.34910821914673
1.8,1.36,0.52,0.7,0.46,0.17,1.15,0.39,0.24,19682,22.353184938430786
1.8,1.36,0.52,0.7,0.46,0.17,1.16,0.4,0.23,19757,22.35733962059021
1.81,1.36,0.52,0.7,0.46,0.17,1.16,0.4,0.23,20104,22.358075618743896
1.8,1.36,0.52,0.7,0.46,0.17,1.16,0.4,0.23,19763,22.361338138580322
1.8,1.36,0.52,0.7,0.46,0.17,1.15,0.4,0.23,19922,22.365437746047974
1.8,1.36,0.52,0.7,0.47,0.17,1.16,0.4,0.23,20191,22.369781970977783
1.8,1.36,0.52,0.7,0.47,0.17,1.16,0.4,0.23,19862,22.37372636795044
1.8,1.36,0.52,0.7,0.47,0.17,1.15,0.4,0.23,19543,22.374425172805786
1.8,1.36,0.52,0.7,0.46,0.17,1.16,0.4,0.23,19596,22.377719163894653
1.8,1.36,0.52,0.7,0.46,0.17,1.15,0.4,0.23,20155,22.381717920303345
1.8,1.36,0.52,0.7,0.47,0.17,1.16,0.4,0.23,20208,22.38589644432068
1.8,1.36,0.52,0.7,0.47,0.17,1.16,0.4,0.23,19765,22.38589644432068
1.8,1.36,0.52,0.7,0.46,0.17,1.16,0.4,0.23,19960,22.38992667198181
1.8,1.36,0.52,0.7,0.46,0.17,1.16,0.4,0.23,19775,22.3939151763916
1.8,1.36,0.52,0.7,0.46,0.16,1.16,0.4,0.23,19920,22.39789581298828
1.8,1.36,0.53,0.7,0.46,0.17,1.16,0.4,0.23,19551,22.39889621734619
1.81,1.36,0.53,0.69,0.46,0.17,1.16,0.39,0.23,19844,22.401943922042847
1.81,1.36,0.52,0.7,0.46,0.17,1.16,0.4,0.23,19873,22.40610957145691
1.81,1.36,0.52,0.69,0.47,0.17,1.16,0.4,0.23,19656,22.410428285598755
1.81,1.36,0.53,0.7,0.46,0.17,1.16,0.4,0.23,19887,22.411110401153564
1.8,1.36,0.52,0.69,0.46,0.17,1.16,0.4,0.23,20316,22.414372444152832
1.8,1.36,0.52,0.7,0.46,0.17,1.16,0.4,0.23,20227,22.41911029815674
1.8,1.36,0.53,0.7,0.46,0.17,1.16,0.4,0.23,19934,22.42311692237854
1.8,1.36,0.53,0.7,0.46,0.17,1.16,0.4,0.23,19891,22.42311692237854
1.8,1.36,0.53,0.69,0.47,0.17,1.16,0.4,0.23,20126,22.427401065826416
1.81,1.36,0.52,0.7,0.47,0.17,1.16,0.4,0.23,20219,22.430737257003784
1.81,1.36,0.52,0.7,0.47,0.17,1.15,0.4,0.23,20118,22.43580150604248
1.8,1.36,0.52,0.7,0.46,0.17,1.15,0.4,0.23,19857,22.438528537750244
1.8,1.36,0.52,0.7,0.46,0.17,1.15,0.4,0.23,20188,22.43957233428955
1.8,1.36,0.52,0.7,0.46,0.17,1.15,0.4,0.23,20317,22.443553686141968
1.8,1.36,0.52,0.7,0.47,0.17,1.15,0.4,0.23,19944,22.447268962860107
1.81,1.36,0.52,0.7,0.46,0.17,1.16,0.4,0.23,20153,22.4515597820282
1.81,1.36,0.53,0.69,0.46,0.17,1.16,0.4,0.23,20114,22.452603816986084
1.81,1.36,0.52,0.7,0.47,0.17,1.16,0.4,0.23,20001,22.45591688156128
1.81,1.37,0.53,0.7,0.47,0.17,1.16,0.4,0.23,20058,22.45987057685852
1.8,1.36,0.53,0.7,0.46,0.17,1.16,0.4,0.23,19771,22.463637113571167
1.8,1.36,0.53,0.7,0.46,0.17,1.16,0.4,0.23,19686,22.464366912841797
1.81,1.36,0.53,0.7,0.46,0.17,1.16,0.4,0.23,19917,22.467629432678223
1.81,1.36,0.53,0.7,0.47,0.17,1.15,0.4,0.23,19496,22.471620559692383
1.8,1.36,0.52,0.7,0.46,0.17,1.16,0.4,0.23,19715,22.476367950439453
1.81,1.36,0.53,0.7,0.46,0.17,1.16,0.4,0.23,20070,22.476367950439453
1.8,1.36,0.53,0.7,0.46,0.17,1.16,0.4,0.23,19857,22.48065757751465
1.8,1.36,0.53,0.7,0.46,0.17,1.15,0.4,0.23,19944,22.48390030860901
1.8,1.36,0.53,0.7,0.46,0.17,1.16,0.4,0.23,19917,22.488499879837036
1.8,1.36,0.53,0.7,0.46,0.17,1.16,0.4,0.23,20016,22.489543199539185
1.8,1.36,0.53,0.7,0.46,0.17,1.16,0.4,0.23,20065,22.492433547973633
1.8,1.36,0.53,0.7,0.46,0.17,1.16,0.4,0.23,20284,22.496675729751587
1.8,1.36,0.53,0.7,0.46,0.17,1.16,0.4,0.23,20269,22.50095272064209
1.8,1.36,0.53,0.7,0.46,0.17,1.16,0.4,0.23,19874,22.501973152160645
1.8,1.36,0.53,0.7,0.46,0.17,1.16,0.4,0.23,19571,22.50445246696472
1.8,1.36,0.53,0.7,0.46,0.17,1.16,0.4,0.23,19920,22.509170055389404
1.8,1.37,0.53,0.7,0.46,0.17,1.16,0.4,0.23,19945,22.51317596435547
1.8,1.37,0.53,0.7,0.47,0.17,1.16,0.4,0.23,20192,22.51717519760132
1.81,1.36,0.53,0.7,0.46,0.17,1.16,0.4,0.23,20409,22.51717519760132
1.8,1.36,0.53,0.7,0.46,0.17,1.16,0.4,0.23,20272,22.52116894721985
1.8,1.37,0.53,0.7,0.47,0.17,1.16,0.4,0.23,19761,22.52547025680542
1.8,1.37,0.54,0.7,0.46,0.17,1.16,0.4,0.23,19296,22.52947211265564
1.8,1.36,0.53,0.7,0.46,0.17,1.16,0.4,0.23,19699,22.52947211265564
1.81,1.37,0.53,0.7,0.47,0.17,1.16,0.4,0.23,19958,22.533828258514404
1.81,1.37,0.53,0.69,0.46,0.17,1.16,0.4,0.23,19933,22.53747534751892
1.8,1.36,0.54,0.7,0.47,0.17,1.16,0.4,0.23,19836,22.54171895980835
1.8,1.36,0.53,0.7,0.46,0.17,1.16,0.4,0.23,19929,22.542500972747803
1.8,1.37,0.53,0.7,0.46,0.17,1.16,0.4,0.23,20034,22.545660734176636
1.8,1.37,0.53,0.7,0.46,0.17,1.16,0.4,0.23,19635,22.549988985061646
1.8,1.37,0.53,0.7,0.46,0.17,1.16,0.4,0.23,19790,22.553853273391724
1.8,1.37,0.54,0.7,0.46,0.17,1.16,0.4,0.23,20511,22.553853273391724
1.8,1.37,0.54,0.7,0.46,0.17,1.16,0.4,0.23,20400,22.557884693145752
1.8,1.37,0.54,0.7,0.46,0.17,1.16,0.41,0.23,19749,22.562180042266846
1.8,1.37,0.54,0.7,0.46,0.17,1.16,0.4,0.23,19666,22.566333770751953
1.8,1.37,0.54,0.7,0.46,0.17,1.16,0.4,0.23,19941,22.56717801094055
1.8,1.37,0.53,0.7,0.46,0.17,1.16,0.4,0.23,20186,22.570274829864502
1.8,1.37,0.53,0.7,0.46,0.17,1.16,0.4,0.23,20395,22.574336290359497
1.8,1.37,0.54,0.7,0.46,0.17,1.16,0.41,0.23,20110,22.57844042778015
1.8,1.37,0.54,0.7,0.46,0.17,1.16,0.4,0.24,19927,22.582521200180054
1.8,1.36,0.53,0.7,0.46,0.17,1.16,0.4,0.23,20002,22.582521200180054
1.8,1.37,0.53,0.7,0.46,0.17,1.16,0.41,0.23,19979,22.586448907852173
1.8,1.37,0.53,0.7,0.46,0.17,1.16,0.4,0.23,19912,22.590866804122925
1.8,1.37,0.53,0.7,0.46,0.17,1.16,0.4,0.23,20115,22.59492325782776
1.8,1.37,0.54,0.7,0.47,0.18,1.16,0.4,0.23,20154,22.595831394195557
1.81,1.37,0.53,0.7,0.46,0.17,1.16,0.4,0.23,20017,22.598816633224487
1.8,1.37,0.53,0.7,0.46,0.17,1.16,0.4,0.24,19682,22.60280990600586
1.81,1.37,0.53,0.7,0.46,0.17,1.16,0.4,0.23,19875,22.60700249671936
1.8,1.37,0.53,0.7,0.46,0.17,1.16,0.4,0.24,20118,22.60700249671936
1.8,1.37,0.53,0.7,0.47,0.18,1.16,0.4,0.24,19917,22.610832452774048
1.81,1.37,0.53,0.7,0.47,0.17,1.16,0.4,0.24,19888,22.615078449249268
1.8,1.37,0.53,0.7,0.47,0.17,1.16,0.4,0.23,19755,22.619966745376587
1.8,1.37,0.53,0.7,0.47,0.18,1.15,0.4,0.24,19968,22.619966745376587
1.8,1.37,0.53,0.7,0.46,0.17,1.16,0.4,0.24,19771,22.622968435287476
1.8,1.37,0.53,0.7,0.46,0.17,1.16,0.4,0.24,19564,22.627511262893677
1.8,1.37,0.53,0.7,0.46,0.17,1.16,0.4,0.24,19871,22.631535530090332
1.8,1.37,0.53,0.7,0.46,0.17,1.16,0.4,0.23,20088,22.63224506378174
1.8,1.37,0.53,0.7,0.46,0.17,1.16,0.4,0.24,19915,22.635459661483765
1.8,1.37,0.54,0.7,0.46,0.17,1.16,0.4,0.24,19876,22.639714002609253
1.8,1.37,0.54,0.7,0.47,0.17,1.16,0.4,0.24,19971,22.64428472518921
1.8,1.37,0.53,0.7,0.47,0.18,1.16,0.4,0.23,19642,22.645331859588623
1.8,1.36,0.53,0.7,0.46,0.17,1.16,0.4,0.24,20119,22.64796543121338
1.8,1.36,0.54,0.69,0.47,0.18,1.16,0.4,0.24,20284,22.652127504348755
1.8,1.36,0.54,0.7,0.47,0.18,1.16,0.4,0.24,19923,22.656461715698242
1.8,1.36,0.53,0.69,0.47,0.17,1.16,0.4,0.24,20032,22.659709215164185
1.8,1.37,0.53,0.7,0.47,0.18,1.16,0.4,0.23,20039,22.66043710708618
1.81,1.37,0.53,0.7,0.47,0.18,1.16,0.4,0.24,20138,22.664464712142944
1.8,1.37,0.53,0.7,0.46,0.17,1.16,0.4,0.23,20107,22.669437170028687
1.81,1.37,0.53,0.7,0.47,0.17,1.16,0.4,0.24,19782,22.672765731811523
1.81,1.37,0.53,0.7,0.47,0.18,1.16,0.4,0.24,19727,22.673723459243774
1.81,1.36,0.53,0.7,0.47,0.18,1.16,0.4,0.24,19600,22.677037000656128
1.81,1.36,0.53,0.7,0.47,0.18,1.16,0.4,0.24,20191,22.681015253067017
1.8,1.36,0.53,0.69,0.47,0.18,1.16,0.4,0.24,20310,22.68512535095215
1.81,1.36,0.54,0.7,0.47,0.18,1.16,0.41,0.24,20013,22.686041116714478
1.81,1.36,0.54,0.7,0.47,0.18,1.16,0.4,0.24,19850,22.689086437225342
1.81,1.36,0.53,0.7,0.47,0.17,1.16,0.4,0.24,19903,22.6932213306427
1.81,1.36,0.53,0.7,0.47,0.18,1.16,0.4,0.24,20026,22.6977219581604
1.8,1.36,0.53,0.7,0.47,0.17,1.16,0.4,0.24,20099,22.6977219581604
1.81,1.36,0.53,0.7,0.47,0.18,1.16,0.4,0.23,19752,22.701709032058716
1.81,1.36,0.53,0.7,0.47,0.17,1.16,0.4,0.24,19807,22.705060243606567
1.8,1.36,0.53,0.7,0.47,0.18,1.16,0.4,0.24,19964,22.709371089935303
1.81,1.37,0.53,0.7,0.47,0.18,1.16,0.4,0.24,19933,22.710105180740356
1.81,1.36,0.54,0.7,0.47,0.17,1.16,0.4,0.24,20042,22.713394165039062
1.8,1.36,0.53,0.7,0.47,0.18,1.16,0.4,0.24,19631,22.717377424240112
1.8,1.36,0.53,0.7,0.47,0.18,1.17,0.4,0.24,19266,22.721974849700928
1.8,1.36,0.53,0.7,0.47,0.18,1.16,0.4,0.24,19547,22.725626707077026
1.8,1.37,0.54,0.7,0.47,0.18,1.16,0.4,0.24,20064,22.725626707077026
1.8,1.37,0.54,0.69,0.47,0.18,1.16,0.4,0.24,19875,22.729652643203735
1.8,1.37,0.53,0.7,0.47,0.17,1.16,0.4,0.24,19572,22.734686851501465
1.8,1.36,0.53,0.69,0.47,0.18,1.16,0.4,0.23,19749,22.737951040267944
1.8,1.37,0.54,0.69,0.47,0.18,1.16,0.4,0.24,20150,22.73869490623474
1.8,1.36,0.54,0.69,0.47,0.18,1.16,0.4,0.24,20141,22.742337703704834
1.8,1.36,0.53,0.69,0.47,0.18,1.16,0.4,0.24,20028,22.746402263641357
1.81,1.36,0.54,0.69,0.47,0.18,1.16,0.4,0.24,19637,22.750584840774536
1.8,1.36,0.54,0.69,0.47,0.18,1.16,0.4,0.24,20062,22.75163722038269
1.8,1.36,0.54,0.69,0.47,0.18,1.17,0.4,0.24,20161,22.754639148712158
1.8,1.36,0.54,0.7,0.47,0.18,1.16,0.4,0.24,20074,22.758721828460693
1.8,1.36,0.54,0.69,0.47,0.19,1.16,0.4,0.24,19911,22.762885808944702
1.8,1.36,0.54,0.7,0.47,0.18,1.16,0.4,0.24,19500,22.763935327529907
1.8,1.36,0.54,0.7,0.47,0.19,1.16,0.4,0.24,19533,22.76630425453186
1.8,1.36,0.54,0.69,0.47,0.18,1.16,0.4,0.22,19556,22.771302461624146
1.8,1.36,0.54,0.69,0.47,0.19,1.16,0.4,0.24,19755,22.775386333465576
1.81,1.36,0.54,0.69,0.47,0.18,1.16,0.4,0.24,19718,22.775386333465576
1.8,1.36,0.54,0.69,0.47,0.19,1.16,0.4,0.23,19669,22.779385805130005
1.8,1.36,0.54,0.7,0.47,0.18,1.16,0.4,0.24,19814,22.783382654190063
1.8,1.36,0.55,0.7,0.47,0.18,1.16,0.4,0.24,19799,22.787509202957153
1.8,1.36,0.55,0.7,0.46,0.18,1.16,0.4,0.24,19764,22.78837561607361
1.81,1.37,0.54,0.69,0.47,0.18,1.16,0.4,0.24,19683,22.791428089141846
1.8,1.37,0.54,0.7,0.47,0.19,1.16,0.4,0.24,19776,22.79574704170227
1.8,1.37,0.55,0.7,0.47,0.19,1.16,0.4,0.24,19971,22.7997944355011
1.81,1.37,0.55,0.7,0.47,0.19,1.16,0.4,0.24,19898,22.803691625595093
1.8,1.36,0.55,0.7,0.47,0.19,1.16,0.4,0.25,20021,22.80443572998047
1.8,1.37,0.55,0.69,0.47,0.19,1.16,0.4,0.24,19924,22.807873964309692
1.8,1.36,0.55,0.7,0.47,0.19,1.16,0.4,0.24,19927,22.812464952468872
1.8,1.37,0.54,0.69,0.47,0.19,1.16,0.4,0.24,20312,22.815748929977417
1.8,1.37,0.54,0.7,0.47,0.19,1.16,0.4,0.24,19899,22.816468954086304
1.8,1.36,0.54,0.69,0.47,0.19,1.16,0.4,0.24,19686,22.82046675682068
1.81,1.37,0.55,0.69,0.47,0.19,1.16,0.4,0.24,19889,22.824492692947388
1.81,1.37,0.54,0.69,0.47,0.18,1.16,0.4,0.24,19802,22.82851266860962
1.81,1.37,0.55,0.69,0.47,0.19,1.16,0.4,0.24,20059,22.82851266860962
1.81,1.37,0.55,0.69,0.47,0.19,1.16,0.4,0.24,20356,22.832130670547485
1.81,1.37,0.54,0.69,0.47,0.19,1.16,0.4,0.24,20193,22.836616039276123
1.8,1.37,0.54,0.69,0.47,0.18,1.16,0.4,0.24,20232,22.841100692749023
1.8,1.37,0.55,0.69,0.47,0.19,1.16,0.4,0.24,20351,22.841100692749023
1.8,1.36,0.55,0.69,0.46,0.19,1.16,0.4,0.24,19998,22.844376802444458
1.8,1.36,0.54,0.69,0.47,0.19,1.16,0.4,0.24,19919,22.849090099334717
1.8,1.37,0.55,0.69,0.47,0.18,1.16,0.4,0.24,19614,22.85311222076416
1.8,1.37,0.55,0.69,0.46,0.19,1.16,0.4,0.24,19377,22.85409665107727
1.8,1.37,0.55,0.69,0.47,0.19,1.16,0.4,0.24,19820,22.856720209121704
1.81,1.37,0.55,0.69,0.47,0.19,1.16,0.4,0.24,20333,22.861425638198853
1.81,1.37,0.55,0.7,0.47,0.19,1.16,0.4,0.24,19968,22.86515498161316
1.8,1.36,0.55,0.69,0.47,0.19,1.16,0.4,0.24,19865,22.868653774261475
1.8,1.37,0.55,0.69,0.47,0.19,1.16,0.4,0.24,19764,22.869731664657593
1.81,1.36,0.55,0.69,0.47,0.19,1.16,0.4,0.24,19823,22.873331546783447
1.81,1.37,0.55,0.69,0.46,0.19,1.16,0.4,0.24,19834,22.878072261810303
1.81,1.36,0.55,0.69,0.46,0.19,1.16,0.4,0.24,19609,22.88132929801941
1.8,1.36,0.56,0.69,0.47,0.19,1.16,0.4,0.24,19902,22.88205909729004
1.8,1.37,0.55,0.69,0.47,0.19,1.16,0.4,0.24,19799,22.88606333732605
1.8,1.37,0.55,0.69,0.47,0.19,1.16,0.4,0.24,20042,22.889785289764404
1.8,1.36,0.55,0.7,0.47,0.19,1.16,0.4,0.24,20239,22.89425778388977
1.81,1.37,0.55,0.69,0.47,0.19,1.16,0.4,0.24,19868,22.89425778388977
1.81,1.36,0.55,0.69,0.46,0.19,1.17,0.4,0.24,19733,22.89823865890503
1.81,1.37,0.55,0.69,0.47,0.19,1.16,0.4,0.24,19752,22.90196704864502
1.81,1.37,0.55,0.69,0.47,0.19,1.16,0.4,0.24,19799,22.905898094177246
1.81,1.37,0.55,0.69,0.46,0.19,1.16,0.4,0.25,19480,22.90693998336792
1.8,1.37,0.55,0.69,0.46,0.19,1.16,0.4,0.24,19745,22.910202503204346
1.81,1.36,0.55,0.69,0.47,0.19,1.16,0.4,0.24,20092,22.914202451705933
1.81,1.36,0.55,0.69,0.47,0.19,1.16,0.4,0.24,19909,22.91893172264099
1.81,1.36,0.55,0.69,0.47,0.19,1.16,0.4,0.24,19866,22.91893172264099
1.81,1.37,0.55,0.69,0.47,0.19,1.16,0.39,0.24,20045,22.922204971313477
1.81,1.36,0.55,0.69,0.47,0.19,1.16,0.4,0.24,20132,22.926482915878296
1.81,1.36,0.55,0.69,0.47,0.19,1.16,0.4,0.24,19777,22.930793523788452
1.81,1.36,0.55,0.69,0.47,0.19,1.16,0.4,0.24,19844,22.93185830116272
1.81,1.36,0.55,0.69,0.47,0.19,1.16,0.4,0.24,20185,22.934905767440796
1.81,1.36,0.56,0.69,0.47,0.19,1.16,0.4,0.24,20578,22.938884973526
1.81,1.36,0.56,0.69,0.46,0.19,1.17,0.4,0.24,20115,22.94315195083618
1.81,1.36,0.55,0.7,0.47,0.19,1.16,0.4,0.24,20142,22.947150468826294
1.81,1.37,0.55,0.69,0.46,0.19,1.16,0.4,0.24,20159,22.94788694381714
1.8,1.36,0.55,0.69,0.47,0.19,1.16,0.4,0.24,20154,22.951303958892822
1.81,1.36,0.56,0.7,0.46,0.19,1.16,0.4,0.24,20167,22.9554283618927
1.81,1.36,0.56,0.69,0.47,0.19,1.16,0.4,0.24,20116,22.959400177001953
1.81,1.36,0.55,0.69,0.47,0.19,1.16,0.4,0.24,19963,22.959400177001953
1.81,1.36,0.56,0.69,0.47,0.19,1.16,0.4,0.24,19716,22.963448524475098
1.81,1.36,0.55,0.69,0.47,0.19,1.16,0.4,0.24,19627,22.967536449432373
1.81,1.36,0.55,0.69,0.47,0.2,1.16,0.4,0.24,19718,22.971513032913208
1.81,1.36,0.55,0.69,0.47,0.19,1.16,0.4,0.24,19683,22.971513032913208
1.81,1.36,0.56,0.69,0.47,0.19,1.16,0.4,0.24,19850,22.975737810134888
1.81,1.36,0.56,0.69,0.46,0.19,1.16,0.4,0.24,20309,22.979851484298706
1.81,1.36,0.55,0.69,0.47,0.19,1.16,0.4,0.24,20050,22.98385262489319
1.81,1.36,0.55,0.69,0.47,0.19,1.16,0.4,0.24,19635,22.984601259231567
1.81,1.36,0.55,0.69,0.47,0.19,1.16,0.4,0.24,19744,22.98785090446472
1.81,1.36,0.55,0.69,0.47,0.19,1.16,0.4,0.24,20093,22.991583347320557
1.81,1.36,0.55,0.69,0.46,0.19,1.16,0.4,0.24,20100,22.99659252166748
1.8,1.36,0.56,0.69,0.47,0.19,1.16,0.4,0.24,20061,22.99659252166748
1.81,1.36,0.56,0.69,0.47,0.19,1.16,0.4,0.25,19930,23.000041007995605
1.81,1.36,0.56,0.69,0.47,0.19,1.16,0.4,0.24,19871,23.004055500030518
1.8,1.36,0.56,0.69,0.46,0.19,1.16,0.4,0.24,19972,23.008055686950684
1.81,1.36,0.55,0.69,0.46,0.2,1.16,0.4,0.24,20085,23.01205563545227
1.81,1.36,0.56,0.69,0.46,0.19,1.16,0.4,0.24,20092,23.01205563545227
1.81,1.36,0.56,0.69,0.46,0.19,1.16,0.4,0.24,20179,23.016055583953857
1.81,1.36,0.56,0.69,0.47,0.19,1.16,0.4,0.24,19774,23.021116733551025
1.81,1.36,0.56,0.69,0.47,0.19,1.16,0.4,0.24,19733,23.024656534194946
1.81,1.36,0.56,0.69,0.47,0.18,1.16,0.4,0.24,19358,23.024656534194946
1.81,1.37,0.56,0.69,0.47,0.19,1.16,0.4,0.23,19389,23.028920888900757
1.81,1.36,0.56,0.69,0.47,0.19,1.16,0.4,0.24,19724,23.033929109573364
1.81,1.37,0.56,0.7,0.47,0.19,1.16,0.4,0.24,20237,23.037213802337646
1.81,1.37,0.56,0.69,0.47,0.19,1.17,0.4,0.24,19910,23.037921667099
1.81,1.37,0.56,0.69,0.47,0.19,1.16,0.4,0.24,19973,23.041014432907104
1.81,1.36,0.56,0.69,0.47,0.19,1.16,0.4,0.24,19832,23.045504808425903
1.81,1.36,0.56,0.69,0.47,0.19,1.17,0.4,0.24,19727,23.049559354782104
1.81,1.36,0.56,0.69,0.47,0.19,1.16,0.4,0.24,19736,23.050377130508423
1.81,1.36,0.56,0.69,0.47,0.19,1.16,0.4,0.24,19863,23.05357551574707
1.81,1.37,0.56,0.69,0.47,0.19,1.16,0.4,0.24,20114,23.05768895149231
1.81,1.37,0.56,0.69,0.47,0.19,1.16,0.4,0.24,20313,23.061884880065918
1.81,1.37,0.56,0.69,0.47,0.19,1.16,0.4,0.24,20064,23.06261920928955
1.81,1.37,0.56,0.69,0.47,0.19,1.16,0.4,0.24,19703,23.06593155860901
1.81,1.36,0.56,0.69,0.47,0.19,1.16,0.4,0.24,19564,23.069884777069092
1.81,1.37,0.56,0.69,0.47,0.19,1.16,0.4,0.24,20121,23.07462501525879
1.81,1.37,0.56,0.69,0.47,0.19,1.17,0.4,0.24,20504,23.07829260826111
1.8,1.37,0.56,0.69,0.47,0.19,1.17,0.4,0.24,20047,23.07829260826111
1.81,1.37,0.56,0.69,0.47,0.19,1.16,0.4,0.24,19586,23.082338094711304
1.8,1.36,0.56,0.69,0.47,0.19,1.17,0.4,0.24,19685,23.086589813232422
1.81,1.37,0.56,0.7,0.47,0.19,1.16,0.4,0.24,19850,23.09048557281494
1.8,1.37,0.56,0.7,0.47,0.19,1.16,0.4,0.24,20079,23.09048557281494
1.81,1.37,0.56,0.69,0.47,0.19,1.17,0.4,0.25,19892,23.094530820846558
1.8,1.36,0.56,0.69,0.47,0.19,1.17,0.39,0.24,20149,23.098727226257324
1.81,1.37,0.56,0.69,0.47,0.19,1.17,0.4,0.24,20192,23.102769136428833
1.8,1.37,0.56,0.69,0.47,0.19,1.17,0.4,0.24,20191,23.102769136428833
1.81,1.37,0.56,0.7,0.47,0.19,1.16,0.4,0.24,20174,23.106892108917236
1.81,1.37,0.56,0.69,0.47,0.2,1.17,0.4,0.24,20207,23.111432313919067
1.8,1.36,0.56,0.69,0.47,0.19,1.17,0.4,0.24,19820,23.11471128463745
1.8,1.36,0.56,0.7,0.47,0.19,1.17,0.4,0.24,19595,23.11543083190918
1.8,1.36,0.56,0.7,0.47,0.19,1.16,0.4,0.24,20064,23.11973810195923
1.8,1.36,0.56,0.69,0.47,0.2,1.17,0.4,0.24,20257,23.12297034263611
1.8,1.36,0.56,0.7,0.46,0.2,1.16,0.4,0.24,20026,23.127811431884766
1.8,1.36,0.56,0.7,0.46,0.2,1.17,0.4,0.24,20253,23.127811431884766
1.8,1.36,0.56,0.7,0.47,0.2,1.17,0.4,0.24,19948,23.130908250808716
1.81,1.37,0.56,0.7,0.47,0.19,1.17,0.4,0.24,19721,23.135905742645264
1.81,1.36,0.56,0.69,0.46,0.2,1.16,0.4,0.24,19260,23.139771461486816
1.81,1.37,0.56,0.69,0.47,0.19,1.17,0.4,0.24,19425,23.14078402519226
1.81,1.36,0.56,0.69,0.47,0.19,1.16,0.4,0.24,19840,23.143818855285645
1.8,1.37,0.56,0.69,0.47,0.2,1.17,0.39,0.24,19953,23.14807891845703
1.8,1.37,0.56,0.69,0.47,0.19,1.17,0.4,0.24,20154,23.15145754814148
1.81,1.36,0.56,0.69,0.47,0.2,1.17,0.4,0.24,20165,23.155998706817627
1.8,1.36,0.56,0.69,0.47,0.19,1.17,0.4,0.24,20338,23.155998706817627
1.81,1.36,0.56,0.69,0.47,0.19,1.17,0.4,0.24,20289,23.160013437271118
1.8,1.37,0.56,0.69,0.47,0.19,1.16,0.4,0.24,20306,23.163979291915894
1.81,1.37,0.56,0.69,0.47,0.2,1.16,0.4,0.24,20197,23.16846799850464
1.8,1.37,0.55,0.69,0.47,0.2,1.17,0.4,0.24,19714,23.16846799850464
1.81,1.37,0.56,0.69,0.47,0.2,1.16,0.39,0.24,19693,23.172473192214966
1.81,1.37,0.56,0.69,0.47,0.2,1.17,0.4,0.24,19784,23.176430225372314
1.81,1.37,0.56,0.7,0.47,0.2,1.16,0.39,0.24,19881,23.180660009384155
1.8,1.36,0.56,0.7,0.47,0.19,1.17,0.4,0.24,19972,23.181432485580444
1.8,1.36,0.56,0.7,0.47,0.19,1.17,0.39,0.24,20251,23.1846342086792
1.81,1.36,0.56,0.69,0.47,0.2,1.17,0.4,0.24,19964,23.188743114471436
1.8,1.37,0.56,0.69,0.47,0.2,1.16,0.4,0.25,20075,23.19291877746582
1.8,1.37,0.55,0.69,0.47,0.2,1.17,0.4,0.25,20000,23.19291877746582
1.8,1.37,0.56,0.7,0.47,0.2,1.16,0.4,0.25,20099,23.197277784347534
1.81,1.37,0.56,0.69,0.47,0.2,1.17,0.4,0.25,20012,23.20124888420105
1.8,1.37,0.56,0.7,0.47,0.2,1.17,0.4,0.24,20079,23.204922676086426
1.8,1.37,0.55,0.69,0.47,0.2,1.17,0.4,0.25,19964,23.205673217773438
1.8,1.36,0.56,0.69,0.47,0.2,1.17,0.4,0.24,20031,23.20994782447815
1.8,1.36,0.56,0.69,0.47,0.2,1.17,0.4,0.25,19946,23.21338677406311
1.8,1.37,0.56,0.7,0.47,0.2,1.16,0.4,0.25,19979,23.21758270263672
1.8,1.37,0.56,0.69,0.47,0.19,1.17,0.4,0.24,20266,23.22150754928589
1.8,1.37,0.56,0.69,0.47,0.19,1.17,0.4,0.24,20053,23.22150754928589
1.8,1.37,0.56,0.69,0.47,0.19,1.17,0.4,0.25,19450,23.225675344467163
1.8,1.36,0.56,0.69,0.47,0.19,1.17,0.4,0.25,19465,23.22988247871399
1.8,1.36,0.56,0.69,0.47,0.19,1.17,0.4,0.24,19710,23.23400855064392
1.8,1.37,0.56,0.69,0.47,0.19,1.17,0.4,0.24,19599,23.23400855064392
1.8,1.37,0.56,0.7,0.47,0.2,1.16,0.4,0.25,19898,23.23810625076294
1.8,1.37,0.56,0.69,0.47,0.19,1.17,0.4,0.24,20105,23.242162227630615
1.8,1.37,0.56,0.7,0.47,0.19,1.17,0.4,0.24,19990,23.246294498443604
1.8,1.37,0.56,0.69,0.47,0.19,1.17,0.4,0.25,19781,23.246294498443604
1.8,1.37,0.57,0.69,0.47,0.19,1.17,0.4,0.25,19680,23.25033211708069
1.8,1.37,0.56,0.69,0.47,0.19,1.16,0.4,0.24,19679,23.254401922225952
1.8,1.37,0.57,0.69,0.47,0.19,1.16,0.4,0.25,19686,23.258434057235718
1.8,1.37,0.56,0.69,0.47,0.19,1.17,0.4,0.25,19825,23.258434057235718
1.8,1.37,0.57,0.69,0.47,0.19,1.17,0.4,0.24,20034,23.26246404647827
1.8,1.37,0.56,0.69,0.47,0.19,1.17,0.4,0.25,20079,23.26695156097412
1.8,1.37,0.57,0.69,0.47,0.19,1.17,0.4,0.24,20030,23.270910501480103
1.8,1.37,0.57,0.69,0.47,0.19,1.17,0.4,0.24,19863,23.270910501480103
1.8,1.37,0.57,0.69,0.47,0.19,1.16,0.4,0.24,19884,23.274545192718506
1.8,1.37,0.57,0.7,0.47,0.2,1.17,0.4,0.25,19935,23.27890682220459
1.8,1.37,0.57,0.69,0.47,0.19,1.17,0.4,0.25,20566,23.282914876937866
1.8,1.37,0.57,0.69,0.47,0.19,1.17,0.4,0.25,20031,23.28690791130066
1.8,1.37,0.57,0.7,0.47,0.19,1.17,0.4,0.25,19844,23.28690791130066
1.8,1.37,0.57,0.7,0.47,0.19,1.17,0.4,0.25,20147,23.29092812538147
1.8,1.37,0.57,0.7,0.47,0.19,1.17,0.4,0.25,19852,23.295029163360596
1.8,1.37,0.57,0.7,0.47,0.19,1.17,0.4,0.25,19615,23.299331426620483
1.8,1.37,0.57,0.7,0.47,0.19,1.17,0.4,0.24,19770,23.299331426620483
1.8,1.37,0.57,0.69,0.47,0.19,1.16,0.4,0.25,20049,23.303423643112183
1.8,1.37,0.57,0.69,0.46,0.19,1.16,0.39,0.25,20168,23.307689428329468
1.8,1.37,0.57,0.7,0.47,0.2,1.17,0.4,0.25,19969,23.311665773391724
1.8,1.37,0.57,0.7,0.47,0.19,1.17,0.4,0.25,19942,23.312424421310425
1.8,1.37,0.56,0.69,0.46,0.19,1.17,0.4,0.25,20109,23.316405773162842
1.81,1.37,0.56,0.69,0.46,0.19,1.17,0.4,0.24,19922,23.31999969482422
1.8,1.37,0.56,0.7,0.47,0.19,1.17,0.4,0.25,20119,23.32395648956299
1.8,1.36,0.56,0.7,0.46,0.19,1.16,0.39,0.24,20010,23.32395648956299
1.8,1.37,0.56,0.7,0.47,0.18,1.17,0.4,0.24,19967,23.32809591293335
1.8,1.37,0.56,0.7,0.47,0.19,1.17,0.4,0.24,20224,23.332371950149536
1.8,1.37,0.56,0.7,0.47,0.19,1.17,0.4,0.25,20425,23.336419582366943
1.8,1.36,0.56,0.7,0.47,0.19,1.17,0.4,0.25,20382,23.336419582366943
1.8,1.37,0.56,0.7,0.47,0.19,1.17,0.4,0.25,20067,23.34040641784668
1.8,1.36,0.56,0.7,0.47,0.19,1.17,0.4,0.25,19742,23.344236850738525
1.8,1.37,0.56,0.7,0.47,0.19,1.17,0.4,0.25,19879,23.348296403884888
1.8,1.36,0.56,0.7,0.47,0.19,1.17,0.4,0.25,19652,23.348965167999268
1.8,1.37,0.56,0.7,0.47,0.19,1.17,0.4,0.25,19437,23.35257625579834
1.8,1.36,0.56,0.69,0.47,0.19,1.17,0.4,0.25,19594,23.356682300567627
1.8,1.37,0.56,0.69,0.47,0.19,1.17,0.4,0.25,19555,23.360979080200195
1.8,1.37,0.56,0.7,0.47,0.19,1.17,0.4,0.25,19616,23.3650119304657
1.8,1.37,0.56,0.69,0.47,0.19,1.17,0.4,0.25,19843,23.3650119304657
1.8,1.36,0.56,0.7,0.47,0.19,1.17,0.4,0.25,19600,23.36904501914978
1.8,1.36,0.56,0.7,0.47,0.19,1.17,0.4,0.24,20005,23.373199939727783
1.8,1.36,0.56,0.69,0.47,0.19,1.17,0.4,0.24,19604,23.377177953720093
1.8,1.36,0.56,0.7,0.47,0.19,1.16,0.4,0.25,19653,23.377177953720093
1.81,1.37,0.56,0.7,0.47,0.19,1.17,0.4,0.25,20022,23.381047010421753
1.81,1.36,0.56,0.69,0.47,0.19,1.17,0.4,0.25,19885,23.38532066345215
1.8,1.37,0.56,0.7,0.47,0.19,1.16,0.4,0.25,19578,23.38921093940735
1.8,1.36,0.56,0.7,0.47,0.19,1.17,0.4,0.25,19765,23.38956928253174
1.8,1.37,0.56,0.69,0.47,0.19,1.16,0.4,0.24,20300,23.393595695495605
1.81,1.36,0.56,0.7,0.47,0.19,1.17,0.4,0.24,20047,23.39759397506714
1.8,1.36,0.56,0.7,0.47,0.19,1.17,0.4,0.25,20148,23.401479959487915
1.81,1.36,0.56,0.7,0.47,0.19,1.17,0.4,0.25,20501,23.40235161781311
1.8,1.36,0.56,0.7,0.47,0.19,1.17,0.39,0.24,20106,23.405630588531494
1.81,1.37,0.56,0.69,0.46,0.19,1.17,0.4,0.25,19841,23.41073489189148
1.8,1.37,0.56,0.69,0.46,0.19,1.17,0.4,0.25,19644,23.414002895355225
1.8,1.37,0.55,0.69,0.47,0.19,1.16,0.4,0.25,19595,23.414735317230225
1.8,1.37,0.56,0.69,0.47,0.19,1.17,0.4,0.25,19994,23.418752908706665
1.81,1.37,0.56,0.7,0.47,0.19,1.16,0.4,0.25,20173,23.422000646591187
1.81,1.37,0.56,0.7,0.47,0.19,1.17,0.4,0.24,19928,23.426463842391968
1.8,1.37,0.55,0.69,0.47,0.19,1.16,0.4,0.25,19827,23.426463842391968
1.81,1.37,0.56,0.7,0.47,0.19,1.16,0.4,0.25,19972,23.430525541305542
1.81,1.36,0.56,0.7,0.47,0.19,1.17,0.4,0.25,20295,23.434766054153442
1.81,1.36,0.56,0.7,0.47,0.19,1.16,0.4,0.25,19818,23.438782453536987
1.81,1.36,0.56,0.7,0.47,0.19,1.17,0.4,0.25,19469,23.442676782608032
1.81,1.37,0.56,0.7,0.47,0.19,1.16,0.4,0.24,19830,23.442676782608032
1.81,1.37,0.56,0.7,0.47,0.19,1.17,0.4,0.24,20119,23.446674346923828
1.81,1.37,0.56,0.7,0.47,0.19,1.17,0.4,0.25,19932,23.450968027114868
1.81,1.36,0.56,0.7,0.47,0.19,1.17,0.4,0.25,19885,23.455008506774902
1.81,1.37,0.56,0.7,0.47,0.19,1.17,0.4,0.24,19866,23.455008506774902
1.81,1.37,0.56,0.7,0.47,0.19,1.17,0.4,0.24,19977,23.459057092666626
1.81,1.37,0.56,0.7,0.47,0.19,1.16,0.4,0.24,19824,23.463494300842285
1.8,1.37,0.56,0.7,0.47,0.2,1.17,0.4,0.24,19951,23.467489004135132
1.8,1.37,0.57,0.7,0.47,0.19,1.17,0.4,0.24,19842,23.467489004135132
1.8,1.37,0.56,0.7,0.47,0.19,1.17,0.4,0.24,20201,23.471489191055298
1.8,1.37,0.57,0.7,0.47,0.19,1.16,0.4,0.25,20056,23.475576162338257
1.8,1.37,0.56,0.7,0.47,0.19,1.16,0.4,0.24,19815,23.479692935943604
1.8,1.37,0.57,0.7,0.47,0.19,1.17,0.4,0.24,19778,23.479692935943604
1.81,1.37,0.57,0.7,0.47,0.19,1.16,0.4,0.24,19877,23.483874082565308
1.81,1.37,0.56,0.7,0.47,0.19,1.16,0.4,0.24,19750,23.488062620162964
1.81,1.37,0.57,0.7,0.47,0.2,1.16,0.4,0.24,20289,23.49201226234436
1.8,1.37,0.57,0.7,0.47,0.19,1.16,0.4,0.24,20354,23.49298357963562
1.81,1.37,0.57,0.7,0.47,0.19,1.17,0.39,0.24,19957,23.496013164520264
1.81,1.37,0.57,0.7,0.47,0.19,1.16,0.4,0.24,20000,23.500097036361694
1.8,1.37,0.57,0.7,0.47,0.19,1.17,0.4,0.25,19711,23.504244089126587
1.81,1.37,0.57,0.7,0.47,0.19,1.16,0.4,0.24,19632,23.508355140686035
1.81,1.37,0.57,0.7,0.47,0.19,1.16,0.4,0.25,20005,23.508355140686035
1.81,1.37,0.57,0.7,0.47,0.19,1.16,0.4,0.25,20074,23.512364149093628
1.81,1.36,0.57,0.7,0.47,0.2,1.17,0.4,0.24,19499,23.51598596572876
1.8,1.37,0.57,0.7,0.47,0.19,1.17,0.4,0.25,20070,23.520538091659546
1.8,1.37,0.57,0.7,0.47,0.19,1.17,0.4,0.25,20395,23.520538091659546
1.8,1.37,0.57,0.7,0.47,0.19,1.16,0.4,0.24,20048,23.524630308151245
1.81,1.37,0.57,0.7,0.47,0.19,1.17,0.4,0.24,20039,23.528913259506226
1.81,1.37,0.57,0.7,0.47,0.2,1.16,0.4,0.25,20234,23.532585620880127
1.8,1.37,0.57,0.7,0.47,0.19,1.16,0.4,0.25,20043,23.533321380615234
1.8,1.37,0.57,0.7,0.47,0.19,1.16,0.4,0.25,19944,23.536585330963135
1.8,1.37,0.57,0.7,0.47,0.19,1.17,0.4,0.25,19663,23.54059147834778
1.8,1.37,0.57,0.7,0.47,0.19,1.16,0.4,0.24,19884,23.54503583908081
1.8,1.37,0.57,0.7,0.47,0.19,1.17,0.4,0.24,19965,23.545774698257446
1.81,1.37,0.57,0.7,0.47,0.19,1.17,0.4,0.24,20306,23.549302577972412
1.8,1.37,0.57,0.7,0.47,0.19,1.17,0.4,0.25,20371,23.553418159484863
1.8,1.37,0.57,0.7,0.47,0.19,1.16,0.4,0.25,20050,23.557469129562378
1.81,1.37,0.57,0.7,0.47,0.19,1.17,0.4,0.24,20035,23.558326959609985
1.8,1.37,0.57,0.7,0.47,0.19,1.17,0.4,0.25,20238,23.561469554901123
1.8,1.37,0.56,0.7,0.47,0.19,1.17,0.4,0.24,20083,23.565739393234253
1.8,1.37,0.57,0.7,0.47,0.2,1.17,0.4,0.24,19832,23.569921016693115
1.81,1.37,0.57,0.7,0.47,0.19,1.17,0.4,0.25,19943,23.570723056793213
1.8,1.37,0.57,0.7,0.47,0.19,1.16,0.4,0.24,19836,23.57374906539917
1.8,1.37,0.57,0.7,0.47,0.19,1.17,0.4,0.24,19781,23.577916383743286
1.81,1.37,0.57,0.7,0.47,0.19,1.17,0.4,0.24,19876,23.582069396972656
1.81,1.37,0.57,0.7,0.47,0.19,1.16,0.4,0.24,19969,23.58610486984253
1.81,1.37,0.57,0.7,0.47,0.19,1.17,0.4,0.24,20148,23.58610486984253
1.81,1.37,0.57,0.7,0.47,0.19,1.17,0.4,0.24,20209,23.590073347091675
1.81,1.37,0.56,0.7,0.47,0.19,1.16,0.4,0.24,19722,23.594696521759033
1.8,1.37,0.57,0.7,0.47,0.19,1.17,0.4,0.24,19759,23.598716259002686
1.81,1.37,0.57,0.7,0.47,0.19,1.16,0.4,0.24,20096,23.598716259002686
1.81,1.37,0.57,0.7,0.47,0.2,1.16,0.4,0.24,20039,23.602563858032227
1.81,1.37,0.57,0.7,0.47,0.2,1.16,0.4,0.24,20064,23.60664463043213
1.81,1.37,0.57,0.7,0.47,0.2,1.16,0.4,0.24,20065,23.61069941520691
1.8,1.37,0.57,0.7,0.47,0.19,1.17,0.4,0.24,19838,23.611568450927734
1.81,1.37,0.57,0.7,0.47,0.2,1.16,0.4,0.24,19977,23.614720344543457
1.81,1.37,0.57,0.7,0.47,0.19,1.17,0.4,0.24,20066,23.618947744369507
1.81,1.37,0.57,0.7,0.47,0.19,1.16,0.4,0.24,19903,23.623133182525635
1.81,1.37,0.57,0.7,0.47,0.2,1.16,0.4,0.24,19934,23.623133182525635
1.81,1.37,0.57,0.7,0.47,0.2,1.17,0.4,0.24,19665,23.626999378204346
1.81,1.37,0.57,0.7,0.47,0.19,1.16,0.4,0.24,19732,23.63119149208069
1.81,1.37,0.57,0.7,0.47,0.19,1.17,0.4,0.25,20151,23.634997367858887
1.81,1.37,0.57,0.7,0.47,0.2,1.16,0.4,0.25,20152,23.635981798171997
1.81,1.37,0.57,0.7,0.47,0.19,1.16,0.4,0.24,20221,23.639314651489258
1.8,1.37,0.57,0.7,0.47,0.2,1.16,0.4,0.24,20082,23.64348530769348
1.8,1.37,0.57,0.7,0.47,0.2,1.16,0.4,0.24,20023,23.64760661125183
1.8,1.37,0.58,0.7,0.47,0.2,1.16,0.4,0.24,19982,23.65120029449463
1.8,1.37,0.57,0.7,0.47,0.2,1.16,0.4,0.24,19973,23.65120029449463
1.81,1.37,0.57,0.7,0.47,0.2,1.17,0.4,0.24,20076,23.655730724334717
1.8,1.37,0.57,0.7,0.47,0.2,1.16,0.4,0.24,19809,23.659940004348755
1.8,1.37,0.57,0.7,0.47,0.2,1.17,0.4,0.25,19952,23.663906574249268
1.8,1.37,0.58,0.7,0.47,0.2,1.17,0.4,0.24,19789,23.663906574249268
1.8,1.37,0.58,0.7,0.47,0.2,1.16,0.4,0.24,19476,23.667949199676514
1.8,1.37,0.58,0.7,0.47,0.2,1.17,0.4,0.24,19935,23.67221760749817
1.8,1.37,0.58,0.7,0.47,0.2,1.17,0.4,0.24,20262,23.676055431365967
1.81,1.37,0.58,0.7,0.47,0.2,1.17,0.4,0.25,19657,23.6766357421875
1.81,1.37,0.58,0.7,0.47,0.2,1.17,0.4,0.24,19630,23.68055009841919
1.8,1.37,0.58,0.7,0.47,0.2,1.17,0.4,0.24,19875,23.68416953086853
1.81,1.38,0.58,0.7,0.47,0.2,1.17,0.4,0.25,19916,23.688363313674927
1.81,1.37,0.58,0.7,0.47,0.2,1.16,0.4,0.24,19971,23.688363313674927
1.81,1.37,0.58,0.7,0.47,0.2,1.16,0.4,0.24,20252,23.692265272140503
1.81,1.37,0.58,0.7,0.47,0.2,1.16,0.4,0.25,19817,23.69674849510193
1.81,1.37,0.58,0.7,0.47,0.2,1.16,0.4,0.25,19622,23.701081037521362
1.81,1.37,0.58,0.7,0.47,0.2,1.17,0.4,0.24,19965,23.702053546905518
1.81,1.37,0.58,0.7,0.47,0.21,1.17,0.4,0.25,20096,23.705066204071045
1.81,1.37,0.58,0.7,0.47,0.2,1.17,0.4,0.24,20063,23.70908212661743
1.81,1.37,0.58,0.7,0.47,0.2,1.16,0.4,0.24,20090,23.71320867538452
1.81,1.37,0.58,0.7,0.47,0.2,1.16,0.4,0.25,19897,23.714065313339233
1.81,1.37,0.58,0.7,0.47,0.2,1.16,0.4,0.24,19758,23.717115879058838
1.81,1.37,0.58,0.7,0.47,0.2,1.16,0.4,0.25,19765,23.721287965774536
1.81,1.37,0.58,0.7,0.47,0.2,1.16,0.4,0.24,19942,23.725436687469482
1.81,1.37,0.58,0.7,0.47,0.2,1.16,0.4,0.25,19793,23.72875142097473
1.81,1.37,0.58,0.7,0.47,0.2,1.16,0.4,0.25,19816,23.729807138442993
1.81,1.37,0.57,0.7,0.47,0.2,1.16,0.4,0.25,19771,23.73327112197876
1.8,1.37,0.58,0.7,0.46,0.2,1.16,0.4,0.24,20036,23.73758339881897
1.81,1.37,0.57,0.7,0.47,0.2,1.16,0.4,0.24,20009,23.741214990615845
1.81,1.37,0.57,0.7,0.47,0.2,1.17,0.4,0.24,19506,23.741214990615845
1.81,1.37,0.57,0.7,0.47,0.2,1.16,0.4,0.24,19755,23.745502948760986
1.81,1.37,0.58,0.7,0.47,0.2,1.16,0.4,0.24,19682,23.750123739242554
1.81,1.37,0.58,0.7,0.47,0.2,1.16,0.4,0.24,20053,23.754048824310303
1.81,1.37,0.57,0.7,0.47,0.2,1.16,0.4,0.24,20156,23.754916191101074
1.8,1.37,0.57,0.7,0.47,0.2,1.16,0.4,0.25,19977,23.75795292854309
1.81,1.37,0.58,0.7,0.47,0.2,1.17,0.4,0.24,19950,23.762696743011475
1.8,1.37,0.58,0.7,0.47,0.2,1.17,0.4,0.25,20109,23.765970706939697
1.81,1.37,0.57,0.7,0.47,0.2,1.17,0.4,0.24,19754,23.766695499420166
1.81,1.37,0.57,0.7,0.47,0.2,1.16,0.4,0.25,19917,23.770702838897705
1.81,1.37,0.57,0.7,0.47,0.2,1.17,0.4,0.24,19896,23.77505588531494
1.81,1.37,0.57,0.7,0.47,0.2,1.17,0.4,0.24,19823,23.778260946273804
1.8,1.37,0.57,0.7,0.47,0.2,1.17,0.4,0.24,19972,23.779306888580322
1.8,1.37,0.58,0.7,0.47,0.21,1.17,0.4,0.24,20095,23.783286333084106
1.81,1.37,0.58,0.7,0.47,0.2,1.17,0.4,0.25,19754,23.78656554222107
1.81,1.37,0.57,0.7,0.47,0.2,1.16,0.4,0.25,20011,23.790960550308228
1.81,1.38,0.57,0.7,0.47,0.2,1.17,0.4,0.24,20130,23.794922828674316
1.8,1.37,0.57,0.7,0.47,0.2,1.17,0.4,0.24,20133,23.795656204223633
1.8,1.37,0.57,0.7,0.47,0.2,1.17,0.4,0.24,19758,23.79905366897583
1.8,1.37,0.58,0.7,0.47,0.2,1.16,0.4,0.25,19383,23.803005933761597
1.81,1.37,0.58,0.7,0.46,0.2,1.17,0.4,0.25,19792,23.807287216186523
1.81,1.37,0.57,0.7,0.47,0.2,1.16,0.39,0.24,19873,23.808024168014526
1.81,1.38,0.57,0.7,0.47,0.2,1.16,0.4,0.25,19834,23.812023401260376
1.81,1.37,0.57,0.7,0.47,0.2,1.17,0.4,0.25,19689,23.815292358398438
1.81,1.37,0.57,0.7,0.47,0.2,1.16,0.4,0.24,20026,23.820019721984863
1.81,1.37,0.57,0.7,0.47,0.2,1.16,0.4,0.25,20323,23.820019721984863
1.81,1.37,0.57,0.7,0.47,0.2,1.16,0.4,0.25,20334,23.82337474822998
1.81,1.37,0.57,0.7,0.47,0.2,1.16,0.4,0.25,20295,23.827905893325806
1.81,1.37,0.57,0.7,0.47,0.2,1.17,0.4,0.25,19758,23.831937789916992
1.81,1.37,0.57,0.7,0.47,0.2,1.17,0.4,0.25,19751,23.831937789916992
1.81,1.37,0.57,0.7,0.47,0.2,1.16,0.4,0.25,20064,23.835936069488525
1.8,1.37,0.57,0.7,0.47,0.2,1.17,0.4,0.24,20189,23.84010910987854
1.81,1.37,0.57,0.7,0.47,0.2,1.17,0.4,0.25,19896,23.84390640258789
1.81,1.36,0.57,0.7,0.47,0.2,1.16,0.4,0.25,19911,23.84390640258789
1.81,1.37,0.57,0.7,0.47,0.2,1.16,0.4,0.25,20078,23.847723722457886
1.81,1.37,0.57,0.7,0.47,0.2,1.16,0.4,0.25,19931,23.852696895599365
1.8,1.37,0.58,0.7,0.47,0.2,1.17,0.4,0.25,19768,23.856696605682373
1.81,1.37,0.57,0.7,0.47,0.2,1.17,0.4,0.24,19757,23.860698699951172
1.8,1.37,0.58,0.7,0.47,0.2,1.16,0.39,0.25,19820,23.860698699951172
1.81,1.37,0.57,0.7,0.47,0.2,1.16,0.4,0.25,19613,23.864696264266968
1.81,1.37,0.57,0.7,0.47,0.2,1.16,0.4,0.25,20052,23.868989944458008
1.8,1.37,0.57,0.7,0.47,0.2,1.16,0.4,0.25,20395,23.872308015823364
1.8,1.37,0.57,0.7,0.47,0.2,1.17,0.4,0.25,19974,23.872308015823364
1.8,1.37,0.58,0.7,0.47,0.2,1.16,0.4,0.25,19933,23.87753415107727
1.8,1.37,0.58,0.7,0.47,0.21,1.17,0.4,0.25,19910,23.881561756134033
1.81,1.37,0.58,0.7,0.47,0.2,1.17,0.4,0.24,20037,23.884703874588013
1.81,1.37,0.58,0.7,0.47,0.2,1.17,0.4,0.25,20152,23.885756731033325
1.8,1.37,0.57,0.7,0.47,0.2,1.17,0.4,0.24,20323,23.889730215072632
1.81,1.37,0.58,0.7,0.47,0.21,1.17,0.4,0.25,20074,23.893410444259644
1.81,1.37,0.58,0.7,0.47,0.2,1.17,0.4,0.25,19771,23.89740300178528
1.81,1.37,0.57,0.7,0.46,0.2,1.17,0.4,0.25,19916,23.89814591407776
1.81,1.37,0.58,0.7,0.47,0.2,1.17,0.4,0.25,19661,23.902150630950928
1.8,1.37,0.58,0.7,0.47,0.2,1.17,0.4,0.25,20016,23.905418634414673
1.81,1.37,0.58,0.7,0.47,0.2,1.17,0.4,0.25,20069,23.909731149673462
1.81,1.37,0.57,0.7,0.47,0.2,1.17,0.4,0.25,19804,23.910780429840088
1.8,1.37,0.58,0.7,0.47,0.21,1.16,0.4,0.25,19745,23.913780689239502
1.81,1.37,0.58,0.7,0.47,0.2,1.17,0.4,0.25,19708,23.917905807495117
1.8,1.37,0.57,0.7,0.47,0.2,1.17,0.4,0.25,19565,23.922399520874023
1.8,1.37,0.58,0.7,0.47,0.21,1.17,0.4,0.25,20218,23.922399520874023
1.8,1.37,0.58,0.7,0.47,0.21,1.17,0.4,0.25,20537,23.926013946533203
1.8,1.37,0.58,0.7,0.47,0.21,1.17,0.4,0.25,20094,23.930870056152344
1.8,1.37,0.57,0.7,0.47,0.21,1.17,0.4,0.25,19861,23.934133529663086
1.8,1.37,0.58,0.7,0.47,0.21,1.17,0.4,0.25,19858,23.93822407722473
1.8,1.37,0.58,0.7,0.47,0.21,1.17,0.4,0.25,20125,23.938875913619995
1.8,1.37,0.57,0.7,0.47,0.2,1.17,0.4,0.25,20114,23.94201135635376
1.81,1.37,0.57,0.7,0.47,0.21,1.17,0.4,0.25,20131,23.94663143157959
1.8,1.37,0.57,0.7,0.47,0.2,1.17,0.4,0.25,20188,23.950698375701904
1.8,1.37,0.57,0.71,0.47,0.2,1.17,0.4,0.25,19995,23.950698375701904
1.8,1.37,0.57,0.7,0.47,0.21,1.17,0.39,0.25,19816,23.954705476760864
1.8,1.37,0.57,0.7,0.47,0.2,1.17,0.4,0.25,20001,23.95894742012024
1.8,1.37,0.57,0.7,0.47,0.2,1.16,0.4,0.25,19992,23.96312642097473
1.8,1.37,0.58,0.7,0.47,0.2,1.17,0.4,0.25,19511,23.96312642097473
1.81,1.36,0.57,0.7,0.47,0.21,1.17,0.4,0.25,19764,23.966964960098267
1.8,1.37,0.57,0.7,0.47,0.2,1.17,0.4,0.25,19821,23.971371173858643
1.8,1.37,0.57,0.7,0.47,0.2,1.17,0.4,0.25,20172,23.975388526916504
1.81,1.37,0.57,0.7,0.47,0.2,1.17,0.4,0.25,20257,23.975388526916504
1.8,1.37,0.57,0.7,0.47,0.2,1.17,0.4,0.25,20456,23.979235887527466
1.8,1.36,0.57,0.7,0.46,0.2,1.16,0.4,0.25,20027,23.983072757720947
1.8,1.37,0.57,0.7,0.47,0.2,1.17,0.4,0.25,19928,23.98737406730652
1.81,1.37,0.57,0.7,0.47,0.21,1.17,0.4,0.25,19903,23.988105535507202
1.81,1.37,0.57,0.7,0.47,0.21,1.17,0.4,0.25,19812,23.992107152938843
1.81,1.37,0.57,0.7,0.47,0.2,1.16,0.4,0.25,19847,23.99610948562622
1.8,1.37,0.57,0.7,0.47,0.2,1.17,0.4,0.25,20008,23.999124765396118
1.8,1.37,0.57,0.7,0.47,0.2,1.17,0.4,0.25,20171,24.003775119781494
1.81,1.37,0.58,0.7,0.47,0.2,1.17,0.4,0.25,19946,24.003775119781494
1.81,1.37,0.57,0.7,0.47,0.2,1.17,0.4,0.25,19607,24.007893085479736
1.8,1.37,0.57,0.71,0.47,0.2,1.16,0.4,0.25,19306,24.012223958969116
1.8,1.37,0.57,0.7,0.47,0.2,1.16,0.4,0.25,19355,24.01546001434326
1.8,1.37,0.57,0.7,0.47,0.2,1.17,0.4,0.25,19970,24.016518354415894
1.81,1.37,0.57,0.7,0.47,0.2,1.17,0.4,0.25,20025,24.020485877990723
1.8,1.37,0.57,0.7,0.47,0.2,1.17,0.4,0.25,20036,24.02448320388794
1.8,1.37,0.58,0.7,0.47,0.2,1.16,0.4,0.25,19445,24.02748990058899
1.8,1.37,0.57,0.7,0.47,0.2,1.17,0.4,0.25,19398,24.02849006652832
1.8,1.37,0.57,0.7,0.47,0.2,1.16,0.4,0.25,19623,24.032490491867065
1.81,1.37,0.57,0.7,0.47,0.2,1.16,0.4,0.25,20206,24.03662085533142
1.81,1.37,0.57,0.7,0.47,0.2,1.17,0.4,0.25,19851,24.040676832199097
1.81,1.37,0.57,0.7,0.47,0.2,1.16,0.4,0.25,19636,24.040676832199097
1.81,1.37,0.57,0.71,0.47,0.2,1.16,0.4,0.25,19863,24.04463005065918
1.81,1.37,0.57,0.7,0.47,0.2,1.16,0.4,0.25,20066,24.048584461212158
1.81,1.37,0.57,0.7,0.47,0.2,1.16,0.4,0.25,19997,24.05276608467102
1.8,1.37,0.57,0.7,0.47,0.21,1.17,0.4,0.25,19962,24.053483724594116
1.81,1.37,0.57,0.7,0.47,0.2,1.16,0.4,0.25,19839,24.057501554489136
1.81,1.37,0.57,0.7,0.47,0.2,1.16,0.4,0.25,19466,24.0617938041687
1.81,1.37,0.57,0.7,0.47,0.2,1.16,0.4,0.25,19809,24.06537914276123
1.81,1.37,0.58,0.7,0.47,0.21,1.17,0.4,0.25,19920,24.06537914276123
1.81,1.37,0.57,0.7,0.47,0.21,1.16,0.4,0.25,19903,24.06957221031189
1.8,1.37,0.58,0.7,0.47,0.2,1.17,0.4,0.25,20066,24.07392406463623
1.81,1.37,0.57,0.7,0.47,0.21,1.16,0.4,0.25,20181,24.07759380340576
1.81,1.37,0.57,0.7,0.47,0.2,1.17,0.4,0.25,19966,24.081582069396973
1.81,1.37,0.58,0.7,0.47,0.21,1.16,0.4,0.25,19877,24.081582069396973
1.81,1.37,0.58,0.7,0.47,0.21,1.17,0.4,0.25,19894,24.085580587387085
1.81,1.37,0.58,0.7,0.47,0.21,1.17,0.4,0.25,20193,24.09033226966858
1.81,1.37,0.57,0.7,0.47,0.21,1.17,0.4,0.25,19906,24.09402561187744
1.81,1.37,0.58,0.7,0.47,0.21,1.16,0.4,0.25,19909,24.09402561187744
1.8,1.37,0.57,0.7,0.47,0.2,1.16,0.4,0.25,19866,24.098027229309082
1.8,1.37,0.57,0.7,0.47,0.21,1.17,0.4,0.25,19945,24.102166652679443
1.81,1.37,0.58,0.7,0.47,0.2,1.16,0.4,0.25,20294,24.106388330459595
1.81,1.37,0.57,0.7,0.47,0.21,1.16,0.4,0.25,20111,24.106388330459595
1.81,1.37,0.57,0.7,0.47,0.2,1.16,0.4,0.25,20238,24.110609769821167
1.81,1.37,0.57,0.7,0.47,0.2,1.16,0.4,0.25,19727,24.114651918411255
1.81,1.37,0.58,0.7,0.47,0.21,1.16,0.4,0.25,19798,24.11865735054016
1.81,1.37,0.58,0.7,0.47,0.21,1.16,0.4,0.25,19745,24.11865735054016
1.81,1.37,0.58,0.7,0.47,0.2,1.16,0.4,0.25,20104,24.122633695602417
1.81,1.37,0.57,0.7,0.47,0.2,1.16,0.4,0.25,20065,24.12702178955078
1.81,1.37,0.58,0.7,0.47,0.2,1.16,0.4,0.25,19854,24.13105034828186
1.81,1.37,0.58,0.7,0.47,0.2,1.17,0.4,0.25,19617,24.13105034828186
1.81,1.37,0.58,0.7,0.47,0.21,1.17,0.4,0.25,19436,24.135042190551758
1.81,1.37,0.58,0.7,0.47,0.2,1.16,0.4,0.25,19499,24.139079332351685
1.81,1.37,0.58,0.7,0.47,0.2,1.16,0.4,0.25,19682,24.143249034881592
1.81,1.37,0.58,0.7,0.47,0.2,1.16,0.39,0.25,20019,24.146559953689575
1.81,1.37,0.58,0.7,0.47,0.2,1.16,0.4,0.25,19930,24.14729070663452
1.81,1.37,0.57,0.7,0.47,0.2,1.17,0.4,0.25,19399,24.151325225830078
1.81,1.37,0.57,0.7,0.47,0.2,1.16,0.4,0.25,20002,24.15527844429016
1.81,1.37,0.57,0.7,0.47,0.21,1.17,0.4,0.25,20139,24.15952444076538
1.81,1.37,0.58,0.7,0.47,0.2,1.16,0.39,0.25,19882,24.15952444076538
1.8,1.37,0.57,0.7,0.47,0.2,1.16,0.4,0.25,20059,24.16368007659912
1.81,1.37,0.57,0.7,0.47,0.2,1.16,0.4,0.25,20224,24.16787552833557
1.81,1.37,0.57,0.7,0.47,0.21,1.16,0.4,0.25,20219,24.17182755470276
1.81,1.37,0.57,0.7,0.47,0.2,1.16,0.4,0.25,20012,24.17182755470276
1.81,1.37,0.57,0.7,0.47,0.2,1.17,0.4,0.25,20015,24.17630171775818
1.81,1.37,0.57,0.7,0.47,0.2,1.17,0.4,0.25,19874,24.180295705795288
1.8,1.37,0.57,0.7,0.47,0.2,1.16,0.4,0.25,19961,24.183841943740845
1.81,1.37,0.57,0.7,0.47,0.2,1.16,0.4,0.25,19696,24.183841943740845
1.8,1.37,0.57,0.7,0.47,0.2,1.17,0.4,0.25,19675,24.188294410705566
1.8,1.37,0.57,0.7,0.47,0.2,1.17,0.4,0.25,20106,24.192376136779785
1.81,1.37,0.57,0.7,0.47,0.2,1.16,0.4,0.25,19987,24.19644856452942
1.81,1.37,0.57,0.7,0.47,0.2,1.17,0.4,0.25,19766,24.197263479232788
1.81,1.37,0.57,0.7,0.47,0.2,1.16,0.4,0.25,19559,24.200426816940308
1.8,1.37,0.57,0.7,0.47,0.2,1.17,0.4,0.25,19780,24.20454168319702
1.8,1.37,0.57,0.71,0.47,0.2,1.16,0.4,0.25,20211,24.20877695083618
1.8,1.37,0.57,0.7,0.47,0.2,1.17,0.4,0.25,20210,24.20877695083618
1.8,1.37,0.57,0.7,0.47,0.2,1.16,0.4,0.25,19745,24.213162660598755
1.8,1.37,0.57,0.71,0.47,0.2,1.16,0.4,0.25,19830,24.2171847820282
1.8,1.37,0.57,0.7,0.47,0.2,1.16,0.4,0.25,20097,24.221174001693726
1.81,1.37,0.58,0.7,0.47,0.2,1.16,0.4,0.25,20262,24.225179433822632
1.81,1.37,0.58,0.7,0.47,0.2,1.17,0.4,0.25,20175,24.225179433822632
1.81,1.37,0.58,0.7,0.47,0.2,1.16,0.4,0.25,19972,24.22888684272766
1.81,1.37,0.57,0.7,0.47,0.2,1.16,0.4,0.26,19903,24.23309063911438
1.81,1.37,0.57,0.71,0.46,0.2,1.16,0.4,0.25,19684,24.237171411514282
1.81,1.37,0.57,0.7,0.47,0.2,1.16,0.4,0.25,20133,24.237171411514282
1.81,1.37,0.57,0.7,0.47,0.2,1.16,0.4,0.25,20054,24.241188526153564
1.81,1.37,0.57,0.7,0.47,0.2,1.17,0.4,0.25,19845,24.24576497077942
1.81,1.37,0.57,0.7,0.47,0.2,1.17,0.4,0.25,19758,24.24875259399414
1.81,1.37,0.57,0.7,0.47,0.2,1.17,0.4,0.25,20021,24.249760389328003
1.8,1.37,0.57,0.71,0.47,0.2,1.17,0.4,0.25,20092,24.253414392471313
1.81,1.37,0.57,0.7,0.47,0.2,1.17,0.4,0.25,19749,24.257453203201294
1.81,1.37,0.57,0.71,0.47,0.2,1.17,0.4,0.25,19896,24.26189374923706
1.81,1.37,0.58,0.7,0.47,0.2,1.16,0.4,0.25,20283,24.26263689994812
1.8,1.37,0.57,0.71,0.47,0.2,1.16,0.4,0.25,20160,24.265891075134277
1.81,1.37,0.57,0.7,0.47,0.2,1.17,0.4,0.25,19955,24.269909858703613
1.81,1.37,0.58,0.71,0.47,0.2,1.16,0.4,0.25,20336,24.273902416229248
1.8,1.37,0.57,0.7,0.47,0.2,1.17,0.4,0.25,20079,24.27463722229004
1.8,1.37,0.57,0.7,0.46,0.2,1.16,0.4,0.25,19750,24.277957439422607
1.8,1.37,0.57,0.7,0.47,0.2,1.16,0.4,0.25,19449,24.282392740249634
1.8,1.37,0.58,0.71,0.47,0.2,1.16,0.4,0.25,19802,24.286606550216675
1.8,1.37,0.57,0.7,0.47,0.21,1.17,0.4,0.25,19965,24.287418365478516
1.8,1.37,0.57,0.7,0.47,0.2,1.16,0.4,0.25,20058,24.290857076644897
1.81,1.37,0.58,0.7,0.47,0.21,1.16,0.4,0.25,20179,24.2947039604187
1.8,1.37,0.58,0.7,0.47,0.2,1.17,0.4,0.25,20092,24.29892635345459
1.8,1.37,0.58,0.7,0.47,0.2,1.17,0.4,0.25,19701,24.29973340034485
1.81,1.37,0.58,0.7,0.47,0.2,1.17,0.4,0.25,19570,24.30333971977234
1.8,1.37,0.58,0.71,0.47,0.2,1.17,0.4,0.25,19693,24.30661654472351
1.81,1.37,0.57,0.7,0.47,0.2,1.17,0.4,0.25,19722,24.311333179473877
1.8,1.37,0.58,0.7,0.47,0.2,1.16,0.4,0.25,19955,24.315345525741577
1.81,1.37,0.58,0.71,0.47,0.2,1.17,0.4,0.25,19854,24.315345525741577
1.81,1.37,0.58,0.71,0.47,0.21,1.17,0.4,0.25,19701,24.31936001777649
1.8,1.37,0.58,0.7,0.47,0.2,1.17,0.4,0.25,20044,24.323485612869263
1.81,1.37,0.58,0.71,0.47,0.2,1.16,0.4,0.25,20109,24.327513694763184
1.81,1.37,0.57,0.71,0.47,0.2,1.16,0.4,0.24,19960,24.327513694763184
1.81,1.37,0.57,0.7,0.47,0.2,1.17,0.4,0.25,19815,24.331512212753296
1.81,1.37,0.57,0.71,0.47,0.2,1.16,0.4,0.25,20084,24.33570671081543
1.8,1.37,0.58,0.71,0.47,0.2,1.17,0.4,0.25,20189,24.34002161026001
1.8,1.37,0.58,0.71,0.47,0.2,1.17,0.4,0.25,20188,24.340993404388428
1.8,1.37,0.58,0.71,0.47,0.2,1.17,0.4,0.25,19933,24.34382915496826
1.8,1.37,0.58,0.71,0.47,0.2,1.17,0.4,0.25,19922,24.347980499267578
1.8,1.37,0.57,0.71,0.47,0.2,1.17,0.4,0.25,19775,24.352062940597534
1.81,1.36,0.57,0.71,0.47,0.21,1.17,0.39,0.25,19630,24.352806568145752
1.81,1.37,0.57,0.71,0.47,0.2,1.17,0.4,0.25,19365,24.356055974960327
1.8,1.37,0.58,0.71,0.47,0.2,1.16,0.4,0.25,19912,24.360400199890137
1.8,1.37,0.57,0.71,0.47,0.2,1.17,0.4,0.25,20169,24.364407777786255
1.8,1.37,0.57,0.71,0.47,0.2,1.17,0.4,0.25,20056,24.36536717414856
1.8,1.37,0.58,0.71,0.47,0.2,1.17,0.4,0.26,19855,24.36846137046814
1.8,1.37,0.57,0.71,0.47,0.21,1.16,0.4,0.25,19624,24.372528791427612
1.81,1.37,0.58,0.71,0.47,0.2,1.16,0.4,0.25,19829,24.37675380706787
1.81,1.37,0.57,0.71,0.47,0.2,1.16,0.4,0.25,19808,24.380050897598267
1.81,1.37,0.57,0.71,0.47,0.2,1.16,0.4,0.25,19797,24.380781888961792
1.8,1.37,0.57,0.71,0.47,0.2,1.16,0.39,0.25,20200,24.385138034820557
1.81,1.37,0.58,0.71,0.47,0.2,1.16,0.39,0.25,20225,24.388948440551758
1.81,1.37,0.58,0.71,0.47,0.2,1.16,0.4,0.25,19950,24.393205404281616
1.8,1.37,0.58,0.71,0.47,0.2,1.16,0.4,0.25,19727,24.393205404281616
1.81,1.37,0.58,0.71,0.47,0.2,1.16,0.4,0.25,19816,24.39721989631653
1.8,1.37,0.58,0.71,0.47,0.2,1.16,0.4,0.25,19907,24.401219129562378
1.8,1.38,0.58,0.71,0.47,0.19,1.17,0.4,0.25,20088,24.405319690704346
1.81,1.37,0.58,0.71,0.47,0.2,1.17,0.4,0.25,20373,24.406189680099487
1.8,1.38,0.58,0.71,0.46,0.2,1.17,0.4,0.25,20140,24.409332513809204
1.81,1.37,0.58,0.71,0.47,0.2,1.16,0.4,0.25,19935,24.413203716278076
1.8,1.37,0.58,0.71,0.47,0.2,1.17,0.4,0.25,19824,24.417468309402466
1.8,1.37,0.58,0.71,0.47,0.2,1.16,0.4,0.25,19533,24.418197870254517
1.8,1.37,0.58,0.71,0.47,0.2,1.16,0.4,0.25,19872,24.42139744758606
1.8,1.37,0.58,0.71,0.47,0.2,1.17,0.4,0.25,20203,24.42580246925354
1.8,1.37,0.58,0.71,0.47,0.2,1.17,0.4,0.25,20006,24.42995309829712
1.8,1.37,0.58,0.71,0.47,0.2,1.17,0.4,0.25,19979,24.43090009689331
1.8,1.37,0.57,0.71,0.47,0.2,1.17,0.4,0.25,20164,24.43421173095703
1.8,1.37,0.58,0.71,0.47,0.2,1.17,0.4,0.25,20081,24.438523769378662
1.81,1.38,0.57,0.71,0.47,0.2,1.16,0.4,0.24,20104,24.442675590515137
1.8,1.38,0.58,0.71,0.47,0.2,1.16,0.4,0.25,20291,24.442675590515137
1.81,1.37,0.58,0.7,0.47,0.2,1.17,0.4,0.25,19830,24.445811986923218
1.8,1.38,0.58,0.71,0.47,0.2,1.17,0.4,0.25,19727,24.449973821640015
1.8,1.37,0.58,0.71,0.47,0.2,1.16,0.4,0.24,20096,24.45497441291809
1.81,1.37,0.58,0.71,0.47,0.2,1.16,0.4,0.25,19943,24.45497441291809
1.81,1.37,0.58,0.71,0.47,0.2,1.17,0.4,0.25,19990,24.45826268196106
1.81,1.37,0.58,0.71,0.47,0.2,1.17,0.4,0.25,19899,24.46296191215515
1.8,1.37,0.58,0.71,0.47,0.19,1.16,0.4,0.25,19842,24.46698522567749
1.81,1.37,0.58,0.71,0.47,0.2,1.16,0.4,0.25,19775,24.47107696533203
1.8,1.37,0.57,0.71,0.47,0.2,1.17,0.4,0.25,19928,24.47107696533203
1.8,1.37,0.58,0.7,0.47,0.2,1.16,0.4,0.25,19771,24.474404096603394
1.8,1.37,0.58,0.71,0.47,0.2,1.17,0.4,0.25,19406,24.478753328323364
1.8,1.37,0.58,0.7,0.47,0.2,1.17,0.4,0.25,19967,24.482751607894897
1.8,1.37,0.58,0.71,0.47,0.2,1.17,0.4,0.25,20298,24.48348569869995
1.8,1.37,0.58,0.71,0.47,0.2,1.17,0.4,0.25,19995,24.48749017715454
1.8,1.38,0.58,0.71,0.47,0.2,1.17,0.4,0.25,19942,24.49150776863098
1.8,1.37,0.58,0.71,0.47,0.2,1.17,0.4,0.25,19793,24.495507955551147
1.81,1.37,0.58,0.71,0.47,0.2,1.17,0.4,0.24,19794,24.49649167060852
1.8,1.37,0.58,0.71,0.47,0.2,1.17,0.4,0.25,20241,24.499440670013428
1.81,1.37,0.58,0.71,0.47,0.2,1.16,0.4,0.25,20148,24.503733158111572
1.8,1.37,0.58,0.71,0.47,0.2,1.17,0.4,0.25,20115,24.507991552352905
1.8,1.37,0.58,0.71,0.47,0.2,1.17,0.4,0.25,20118,24.507991552352905
1.8,1.37,0.58,0.71,0.47,0.2,1.17,0.4,0.25,20087,24.511729955673218
1.8,1.37,0.58,0.71,0.47,0.2,1.17,0.4,0.25,19948,24.515806436538696
1.8,1.37,0.58,0.71,0.47,0.2,1.17,0.4,0.25,19619,24.519808769226074
1.8,1.37,0.58,0.71,0.47,0.2,1.17,0.4,0.25,19606,24.5205340385437
1.8,1.38,0.58,0.71,0.47,0.2,1.17,0.4,0.25,19645,24.523801565170288
1.8,1.37,0.58,0.71,0.47,0.2,1.17,0.4,0.25,20066,24.528096199035645
1.8,1.37,0.58,0.71,0.47,0.2,1.17,0.4,0.25,20089,24.533175945281982
1.8,1.37,0.58,0.71,0.47,0.2,1.17,0.4,0.25,19908,24.536321878433228
1.8,1.37,0.58,0.71,0.47,0.2,1.17,0.4,0.25,20207,24.536321878433228
1.8,1.37,0.58,0.71,0.47,0.2,1.17,0.4,0.25,20016,24.540143489837646
1.8,1.37,0.58,0.71,0.47,0.2,1.17,0.4,0.25,19671,24.544573068618774
1.8,1.37,0.58,0.71,0.47,0.2,1.17,0.4,0.25,20140,24.548569679260254
1.8,1.37,0.58,0.71,0.47,0.2,1.17,0.4,0.25,20393,24.549296855926514
1.8,1.38,0.58,0.71,0.47,0.2,1.17,0.4,0.25,20250,24.55256199836731
1.8,1.37,0.58,0.71,0.47,0.2,1.17,0.4,0.25,20273,24.55729651451111
1.8,1.37,0.58,0.71,0.47,0.2,1.17,0.4,0.25,19808,24.56100869178772
1.8,1.37,0.58,0.71,0.47,0.2,1.17,0.4,0.25,19653,24.561979055404663
1.8,1.38,0.58,0.71,0.47,0.2,1.17,0.4,0.25,19814,24.56496548652649
1.8,1.37,0.58,0.71,0.47,0.2,1.17,0.4,0.24,20119,24.56912899017334
1.8,1.37,0.58,0.71,0.47,0.2,1.17,0.4,0.25,20026,24.573597192764282
1.8,1.38,0.58,0.71,0.47,0.2,1.17,0.4,0.24,20057,24.573597192764282
1.8,1.37,0.58,0.71,0.47,0.2,1.17,0.4,0.25,20246,24.57727026939392
1.8,1.38,0.58,0.71,0.47,0.2,1.17,0.4,0.24,19637,24.581377267837524
1.8,1.38,0.58,0.71,0.47,0.2,1.17,0.4,0.25,19734,24.58538007736206
1.8,1.38,0.58,0.71,0.47,0.2,1.17,0.4,0.24,20423,24.586116075515747
1.8,1.38,0.58,0.71,0.47,0.2,1.17,0.4,0.25,20130,24.589378118515015
1.81,1.38,0.58,0.71,0.47,0.2,1.17,0.4,0.25,19911,24.59338665008545
1.8,1.37,0.58,0.71,0.47,0.2,1.17,0.4,0.24,20022,24.598116636276245
1.8,1.38,0.58,0.71,0.47,0.2,1.17,0.4,0.25,20063,24.59910225868225
1.8,1.38,0.58,0.71,0.47,0.2,1.17,0.4,0.25,19898,24.60242199897766
1.8,1.38,0.58,0.71,0.47,0.2,1.17,0.4,0.25,20035,24.605942249298096
1.8,1.38,0.58,0.71,0.47,0.2,1.17,0.4,0.25,20044,24.6102237701416
1.8,1.38,0.58,0.71,0.47,0.2,1.17,0.4,0.25,20057,24.61415982246399
1.8,1.38,0.58,0.71,0.47,0.2,1.17,0.4,0.25,20192,24.61415982246399
1.8,1.38,0.58,0.71,0.47,0.2,1.17,0.4,0.25,20013,24.618078470230103
1.8,1.38,0.58,0.71,0.47,0.2,1.17,0.4,0.24,19944,24.622352838516235
1.8,1.38,0.58,0.71,0.47,0.2,1.17,0.4,0.25,20205,24.6264750957489
1.8,1.38,0.58,0.71,0.47,0.19,1.17,0.4,0.24,19920,24.6264750957489
1.8,1.38,0.58,0.71,0.47,0.2,1.17,0.4,0.25,19639,24.63051152229309
1.8,1.38,0.58,0.71,0.47,0.2,1.17,0.4,0.25,19766,24.6349196434021
1.8,1.38,0.58,0.71,0.47,0.2,1.17,0.4,0.25,19895,24.638930797576904
1.8,1.38,0.58,0.71,0.47,0.21,1.17,0.4,0.25,19722,24.639904737472534
1.8,1.38,0.58,0.71,0.47,0.2,1.17,0.4,0.25,19869,24.64345645904541
1.8,1.38,0.58,0.71,0.47,0.2,1.17,0.4,0.25,19832,24.646739959716797
1.8,1.38,0.58,0.71,0.47,0.2,1.17,0.4,0.25,19811,24.651478052139282
1.8,1.38,0.58,0.71,0.47,0.2,1.17,0.4,0.25,20072,24.651478052139282
1.8,1.37,0.58,0.71,0.47,0.2,1.17,0.4,0.25,20407,24.6550714969635
1.8,1.38,0.58,0.71,0.47,0.2,1.17,0.4,0.25,20358,24.65906524658203
1.8,1.38,0.58,0.71,0.47,0.2,1.17,0.4,0.25,19813,24.66311812400818
1.8,1.38,0.58,0.7,0.47,0.2,1.17,0.4,0.25,19522,24.66416335105896
1.8,1.38,0.58,0.71,0.47,0.2,1.17,0.4,0.25,19645,24.668434143066406
1.81,1.38,0.58,0.71,0.47,0.2,1.17,0.4,0.24,19778,24.671221256256104
1.8,1.38,0.58,0.71,0.47,0.2,1.17,0.4,0.25,20003,24.675822973251343
1.8,1.38,0.59,0.71,0.47,0.2,1.17,0.4,0.25,20132,24.67982316017151
1.8,1.38,0.59,0.7,0.47,0.2,1.17,0.4,0.25,19767,24.67982316017151
1.8,1.38,0.58,0.71,0.47,0.2,1.17,0.4,0.25,19884,24.68380308151245
1.8,1.38,0.58,0.71,0.47,0.2,1.17,0.4,0.25,19979,24.688036680221558
1.8,1.38,0.58,0.71,0.47,0.2,1.17,0.4,0.25,19648,24.69133949279785
1.81,1.38,0.58,0.71,0.47,0.21,1.17,0.4,0.25,19367,24.69240403175354
1.8,1.38,0.58,0.71,0.47,0.2,1.17,0.4,0.25,19440,24.696029663085938
1.8,1.38,0.58,0.71,0.47,0.2,1.17,0.4,0.25,19951,24.70107626914978
1.8,1.38,0.58,0.71,0.47,0.21,1.17,0.4,0.25,20122,24.704297304153442
1.8,1.38,0.58,0.71,0.47,0.2,1.17,0.4,0.25,19399,24.705076694488525
1.8,1.38,0.58,0.71,0.47,0.2,1.17,0.4,0.25,19308,24.708335161209106
1.8,1.38,0.58,0.71,0.47,0.2,1.17,0.4,0.25,19529,24.71234703063965
1.8,1.38,0.58,0.71,0.47,0.21,1.17,0.4,0.25,19930,24.71668791770935
1.8,1.38,0.58,0.71,0.47,0.2,1.17,0.4,0.25,20291,24.7173810005188
1.8,1.38,0.58,0.71,0.47,0.2,1.17,0.4,0.25,19982,24.72061252593994
1.8,1.38,0.58,0.71,0.47,0.2,1.17,0.4,0.25,19957,24.724674940109253
1.8,1.37,0.58,0.71,0.47,0.2,1.17,0.4,0.25,20118,24.72915005683899
1.8,1.38,0.58,0.71,0.47,0.2,1.17,0.4,0.24,20151,24.730013847351074
1.8,1.37,0.58,0.71,0.47,0.2,1.17,0.4,0.25,19810,24.733003854751587
1.8,1.38,0.58,0.71,0.47,0.2,1.17,0.4,0.25,19837,24.737050771713257
1.8,1.37,0.58,0.71,0.47,0.2,1.17,0.4,0.25,19920,24.742095470428467
1.8,1.37,0.58,0.71,0.47,0.2,1.17,0.4,0.25,19967,24.742095470428467
1.8,1.38,0.58,0.71,0.47,0.2,1.17,0.4,0.25,19600,24.74516749382019
1.8,1.37,0.58,0.71,0.47,0.2,1.17,0.4,0.25,20021,24.7491774559021
1.8,1.38,0.58,0.71,0.47,0.2,1.17,0.4,0.26,20238,24.753926753997803
1.8,1.38,0.58,0.7,0.47,0.2,1.17,0.4,0.25,19813,24.757230758666992
1.8,1.38,0.58,0.71,0.47,0.2,1.17,0.4,0.25,19998,24.757230758666992
1.8,1.38,0.58,0.7,0.47,0.2,1.17,0.4,0.25,20191,24.76158595085144
1.8,1.38,0.58,0.71,0.47,0.2,1.17,0.4,0.25,19956,24.765865325927734
1.8,1.38,0.58,0.71,0.47,0.2,1.17,0.4,0.25,19639,24.769819736480713
1.8,1.38,0.59,0.7,0.47,0.2,1.17,0.4,0.25,19778,24.769819736480713
1.8,1.38,0.58,0.71,0.47,0.2,1.17,0.4,0.25,20197,24.773935317993164
1.8,1.38,0.58,0.71,0.47,0.2,1.17,0.4,0.25,19702,24.7781343460083
1.8,1.38,0.58,0.71,0.47,0.2,1.17,0.4,0.25,19713,24.7821364402771
1.8,1.38,0.58,0.71,0.47,0.2,1.17,0.4,0.25,20030,24.782904148101807
1.8,1.38,0.58,0.71,0.47,0.2,1.17,0.4,0.25,20127,24.786153554916382
1.81,1.38,0.58,0.71,0.47,0.2,1.17,0.4,0.25,20230,24.79036021232605
1.8,1.38,0.58,0.71,0.47,0.2,1.17,0.4,0.25,19905,24.794549465179443
1.8,1.38,0.58,0.71,0.47,0.21,1.17,0.4,0.25,19664,24.794549465179443
1.8,1.38,0.58,0.71,0.47,0.2,1.17,0.4,0.25,19633,24.798218250274658
1.8,1.38,0.58,0.71,0.47,0.2,1.17,0.4,0.25,19638,24.802129983901978
1.8,1.38,0.58,0.71,0.47,0.21,1.17,0.4,0.25,20413,24.806868076324463
1.8,1.38,0.58,0.71,0.47,0.21,1.17,0.4,0.25,20570,24.80785846710205
1.8,1.38,0.58,0.71,0.47,0.21,1.17,0.4,0.26,19533,24.810859203338623
1.8,1.38,0.59,0.71,0.47,0.21,1.17,0.4,0.25,19540,24.814876556396484
1.8,1.38,0.59,0.71,0.47,0.21,1.17,0.4,0.25,19877,24.81909418106079
1.8,1.38,0.59,0.71,0.47,0.21,1.17,0.4,0.25,19728,24.82225775718689
1.8,1.38,0.59,0.71,0.47,0.2,1.17,0.4,0.25,19903,24.8232638835907
1.8,1.38,0.59,0.71,0.47,0.21,1.17,0.4,0.26,20002,24.82735800743103
1.8,1.38,0.59,0.7,0.47,0.21,1.17,0.4,0.26,19893,24.83137035369873
1.8,1.38,0.59,0.7,0.47,0.2,1.17,0.4,0.25,19998,24.834370851516724
1.8,1.38,0.59,0.71,0.47,0.21,1.17,0.4,0.25,20043,24.83537006378174
1.8,1.38,0.59,0.71,0.47,0.21,1.17,0.4,0.25,20232,24.839370489120483
1.81,1.38,0.59,0.71,0.47,0.21,1.17,0.4,0.25,19815,24.843876361846924
1.81,1.38,0.59,0.71,0.47,0.2,1.17,0.4,0.25,19588,24.847420692443848
1.81,1.38,0.59,0.71,0.47,0.2,1.17,0.4,0.25,19609,24.847420692443848
1.8,1.38,0.59,0.71,0.47,0.21,1.17,0.4,0.25,19886,24.85145616531372
1.8,1.38,0.59,0.71,0.47,0.21,1.17,0.4,0.25,19675,24.855082511901855
1.8,1.38,0.59,0.71,0.47,0.21,1.17,0.4,0.25,19954,24.860125064849854
1.8,1.38,0.59,0.71,0.47,0.2,1.17,0.4,0.25,20299,24.860125064849854
1.8,1.38,0.59,0.71,0.47,0.21,1.17,0.4,0.25,19830,24.8641254901886
1.81,1.38,0.59,0.71,0.47,0.21,1.17,0.4,0.25,19981,24.86826467514038
1.81,1.38,0.59,0.71,0.47,0.21,1.17,0.4,0.25,20294,24.87228012084961
1.8,1.38,0.59,0.71,0.47,0.2,1.17,0.4,0.25,20149,24.873111724853516
1.8,1.38,0.58,0.71,0.47,0.21,1.17,0.4,0.25,19582,24.87602186203003
1.8,1.38,0.59,0.71,0.47,0.21,1.17,0.4,0.25,19499,24.88075304031372
1.8,1.38,0.59,0.7,0.47,0.2,1.17,0.4,0.25,19724,24.884751081466675
1.8,1.38,0.59,0.71,0.47,0.21,1.17,0.4,0.25,19999,24.888742923736572
1.8,1.38,0.59,0.71,0.47,0.21,1.17,0.4,0.25,20166,24.888742923736572
1.8,1.38,0.59,0.71,0.47,0.2,1.17,0.4,0.25,20171,24.892810344696045
1.81,1.38,0.59,0.71,0.47,0.2,1.17,0.4,0.25,19986,24.89695644378662
1.8,1.38,0.59,0.71,0.47,0.21,1.17,0.4,0.25,20087,24.900732278823853
1.81,1.38,0.59,0.71,0.47,0.2,1.17,0.4,0.25,20202,24.900732278823853
1.8,1.38,0.59,0.71,0.47,0.2,1.17,0.4,0.25,20303,24.90497612953186
1.8,1.38,0.58,0.71,0.47,0.2,1.17,0.4,0.25,20312,24.909284353256226
1.8,1.38,0.59,0.71,0.47,0.2,1.17,0.4,0.25,20031,24.912747859954834
1.81,1.38,0.59,0.71,0.47,0.2,1.17,0.4,0.25,20248,24.913785219192505
1.8,1.38,0.59,0.71,0.47,0.21,1.17,0.4,0.25,20331,24.916731595993042
1.8,1.38,0.58,0.71,0.47,0.2,1.17,0.4,0.25,20096,24.92165780067444
1.8,1.38,0.59,0.71,0.47,0.21,1.17,0.4,0.25,20119,24.925511121749878
1.8,1.38,0.59,0.71,0.48,0.21,1.17,0.4,0.25,20422,24.925511121749878
1.8,1.38,0.58,0.71,0.47,0.21,1.17,0.4,0.25,20067,24.92989182472229
1.8,1.38,0.58,0.71,0.48,0.2,1.17,0.4,0.25,19600,24.934075117111206
1.81,1.38,0.59,0.71,0.48,0.21,1.17,0.4,0.25,19845,24.937405824661255
1.8,1.38,0.59,0.71,0.47,0.21,1.17,0.4,0.25,20108,24.938158750534058
1.8,1.38,0.59,0.71,0.47,0.21,1.17,0.4,0.25,19647,24.942131280899048
1.8,1.38,0.59,0.71,0.47,0.2,1.17,0.4,0.25,19810,24.946065664291382
1.8,1.38,0.59,0.71,0.47,0.21,1.17,0.4,0.25,19957,24.950137853622437
1.8,1.38,0.59,0.71,0.47,0.21,1.17,0.4,0.25,19880,24.954087734222412
1.8,1.38,0.59,0.71,0.47,0.21,1.17,0.4,0.25,20253,24.95432734489441
1.8,1.38,0.59,0.71,0.47,0.21,1.17,0.4,0.25,20068,24.9584321975708
1.8,1.38,0.59,0.71,0.47,0.21,1.17,0.4,0.25,20055,24.96256375312805
1.8,1.38,0.59,0.71,0.47,0.21,1.17,0.4,0.25,19700,24.966294288635254
1.8,1.38,0.59,0.71,0.47,0.21,1.17,0.4,0.25,19745,24.96699094772339
1.81,1.38,0.59,0.71,0.47,0.21,1.17,0.4,0.25,20004,24.970242500305176
1.81,1.38,0.59,0.71,0.47,0.21,1.17,0.4,0.25,19769,24.97499108314514
1.81,1.38,0.59,0.71,0.47,0.21,1.17,0.4,0.25,20188,24.978303909301758
1.8,1.38,0.59,0.71,0.47,0.21,1.17,0.4,0.25,20109,24.97899079322815
1.8,1.38,0.59,0.71,0.47,0.21,1.17,0.4,0.25,20302,24.98291802406311
1.8,1.38,0.59,0.71,0.47,0.21,1.17,0.4,0.25,19983,24.986578941345215
1.81,1.38,0.59,0.71,0.47,0.21,1.17,0.4,0.25,19718,24.99103808403015
1.81,1.38,0.59,0.71,0.47,0.2,1.17,0.4,0.25,20045,24.991604328155518
1.81,1.39,0.59,0.71,0.47,0.21,1.17,0.4,0.25,20174,24.99505090713501
1.81,1.38,0.59,0.71,0.47,0.21,1.17,0.4,0.25,20071,24.99929141998291
