-0.33496013197690405,-0.3497800384932636,-0.07222985977453944,-0.396549353863074,-0.31128952433324175,-0.4634313995050866,-0.06422051141050318,-0.23021171295023374,0.002612042892493796,56239.04399230135,0.001758050918578391
-0.354960131976904,-0.4097800384932636,-0.09222985977453946,-0.386549353863074,-0.2612895243332418,-0.42343139950508657,-0.07422051141050318,-0.24021171295023375,0.002612042892493796,56102.04399230135,0.0046705722808830785
-0.304960131976904,-0.4097800384932636,-0.12222985977453946,-0.35654935386307396,-0.2712895243332418,-0.4534313995050866,-0.03422051141050318,-0.26021171295023376,0.0226120428924938,56125.04399230135,0.009744119644167881
-0.294960131976904,-0.3397800384932636,-0.11222985977453945,-0.35654935386307396,-0.28128952433324184,-0.4634313995050866,-0.04422051141050318,-0.29021171295023374,0.012612042892493791,56096.04399230135,0.009744119644167881
-0.33496013197690405,-0.35978003849326357,-0.15222985977453946,-0.34654935386307395,-0.29128952433324173,-0.4634313995050866,-0.03422051141050318,-0.2802117129502337,0.012612042892493791,56071.04399230135,0.013744544982909446
-0.31496013197690403,-0.35978003849326357,-0.16222985977453946,-0.36654935386307397,-0.2512895243332418,-0.4634313995050866,-0.04422051141050318,-0.2702117129502338,0.002612042892493796,56390.04399230135,0.017723989486697178
-0.32496013197690404,-0.3797800384932636,-0.16222985977453946,-0.34654935386307395,-0.33128952433324177,-0.4534313995050866,-0.03422051141050318,-0.2702117129502338,0.012612042892493791,56819.04399230135,0.021744680404658823
-0.32496013197690404,-0.3397800384932636,-0.15222985977453946,-0.376549353863074,-0.28128952433324184,-0.4834313995050866,-0.04422051141050318,-0.2702117129502338,0.002612042892493796,57304.04399230135,0.024824094772338157
-0.304960131976904,-0.3697800384932636,-0.13222985977453947,-0.35654935386307396,-0.2412895243332418,-0.4634313995050866,-0.04422051141050318,-0.2702117129502338,0.012612042892493791,57803.04399230135,0.025723648071288352
-0.304960131976904,-0.3297800384932636,-0.13222985977453947,-0.36654935386307397,-0.2612895243332418,-0.49343139950508663,-0.04422051141050318,-0.24021171295023375,0.012612042892493791,58192.04399230135,0.02984495162963796
-0.33496013197690405,-0.3397800384932636,-0.12222985977453946,-0.34654935386307395,-0.28128952433324184,-0.4534313995050866,-0.05422051141050318,-0.25021171295023376,0.0226120428924938,58431.04399230135,0.0336043357849114
-0.294960131976904,-0.3497800384932636,-0.12222985977453946,-0.376549353863074,-0.22128952433324178,-0.49343139950508663,-0.03422051141050318,-0.24021171295023375,0.03261204289249381,59044.04399230135,0.03759427070617605
-0.32496013197690404,-0.3897800384932636,-0.08222985977453945,-0.36654935386307397,-0.19128952433324176,-0.5334313995050866,-0.04422051141050318,-0.26021171295023376,0.03261204289249381,59373.04399230135,0.038338375091552024
-0.294960131976904,-0.3997800384932636,-0.08222985977453945,-0.35654935386307396,-0.17128952433324174,-0.5634313995050866,-0.04422051141050318,-0.25021171295023376,0.03261204289249381,59458.04399230135,0.04190058708190847
-0.32496013197690404,-0.42978003849326357,-0.08222985977453945,-0.34654935386307395,-0.15128952433324183,-0.5434313995050866,-0.04422051141050318,-0.25021171295023376,0.04261204289249379,60619.04399230135,0.04699797630309632
-0.304960131976904,-0.3697800384932636,-0.07222985977453944,-0.316549353863074,-0.07128952433324176,-0.5334313995050866,-0.05422051141050318,-0.24021171295023375,0.03261204289249381,61302.04399230135,0.049871158599852805
-0.27496013197690405,-0.3897800384932636,-0.06222985977453943,-0.316549353863074,-0.0012895243332418094,-0.5534313995050866,-0.03422051141050318,-0.26021171295023376,0.04261204289249379,61845.04399230135,0.049871158599852805
-0.23496013197690402,-0.41978003849326356,-0.06222985977453943,-0.30654935386307397,-0.031289524333241836,-0.5634313995050866,-0.03422051141050318,-0.24021171295023375,0.04261204289249379,62368.04399230135,0.05459899902343679
-0.21496013197690406,-0.3997800384932636,-0.04222985977453947,-0.29654935386307396,-0.041289524333241734,-0.5434313995050866,-0.03422051141050318,-0.23021171295023374,0.03261204289249381,62919.04399230135,0.0576526641845696
-0.17496013197690402,-0.35978003849326357,-0.06222985977453943,-0.30654935386307397,-0.011289524333241818,-0.5534313995050866,-0.03422051141050318,-0.25021171295023376,0.03261204289249381,63764.04399230135,0.06285805702209757
-0.20496013197690405,-0.3897800384932636,-0.07222985977453944,-0.30654935386307397,-0.021289524333241827,-0.5534313995050866,-0.03422051141050318,-0.16021171295023373,0.012612042892493791,64397.04399230135,0.06285805702209757
-0.18496013197690403,-0.3497800384932636,-0.09222985977453946,-0.316549353863074,0.038710475666758226,-0.5634313995050866,-0.03422051141050318,-0.18021171295023375,0.0226120428924938,64616.04399230135,0.06686468124389577
-0.20496013197690405,-0.3097800384932636,-0.10222985977453947,-0.316549353863074,0.058710475666758244,-0.5734313995050866,-0.024220511410503173,-0.18021171295023375,0.012612042892493791,65297.04399230135,0.07089133262633851
-0.20496013197690405,-0.3397800384932636,-0.11222985977453945,-0.32654935386307393,0.10871047566675829,-0.5834313995050866,-0.024220511410503173,-0.15021171295023378,0.012612042892493791,65644.04399230135,0.07445616722106863
-0.21496013197690406,-0.3397800384932636,-0.11222985977453945,-0.32654935386307393,0.14871047566675832,-0.5634313995050866,-0.014220511410503178,-0.12021171295023375,0.002612042892493796,66151.04399230135,0.07445616722106863
-0.224960131976904,-0.3697800384932636,-0.11222985977453945,-0.34654935386307395,0.29871047566675824,-0.5734313995050866,-0.024220511410503173,-0.10021171295023373,-0.007387957107506199,66570.04399230135,0.0789227008819573
-0.24496013197690403,-0.3397800384932636,-0.13222985977453947,-0.35654935386307396,0.32871047566675826,-0.5534313995050866,-0.03422051141050318,-0.10021171295023373,0.002612042892493796,66515.04399230135,0.08298010826110769
-0.27496013197690405,-0.35978003849326357,-0.13222985977453947,-0.35654935386307396,0.3987104756667583,-0.5334313995050866,-0.03422051141050318,-0.16021171295023373,0.002612042892493796,66190.04399230135,0.0869795799255364
-0.284960131976904,-0.3797800384932636,-0.11222985977453945,-0.36654935386307397,0.4887104756667582,-0.5434313995050866,-0.03422051141050318,-0.15021171295023378,0.002612042892493796,65993.04399230135,0.0869795799255364
-0.26496013197690405,-0.3397800384932636,-0.14222985977453945,-0.36654935386307397,0.5287104756667582,-0.5334313995050866,-0.03422051141050318,-0.13021171295023376,0.002612042892493796,65900.04399230135,0.09137315750121644
-0.33496013197690405,-0.3097800384932636,-0.18222985977453945,-0.396549353863074,0.5587104756667582,-0.5334313995050866,-0.04422051141050318,-0.16021171295023373,0.002612042892493796,66839.04399230135,0.09482665061950257
-0.31496013197690403,-0.2897800384932636,-0.18222985977453945,-0.36654935386307397,0.5587104756667582,-0.5434313995050866,-0.024220511410503173,-0.09021171295023378,0.002612042892493796,66764.04399230135,0.09984130859374929
-0.294960131976904,-0.3197800384932636,-0.13222985977453947,-0.386549353863074,0.7287104756667582,-0.5634313995050866,-0.03422051141050318,-0.08021171295023377,0.002612042892493796,66845.04399230135,0.10289497375488565
-0.38496013197690404,-0.3297800384932636,-0.14222985977453945,-0.41654935386307396,0.7787104756667582,-0.5334313995050866,-0.04422051141050318,-0.07021171295023376,0.0226120428924938,66648.04399230135,0.10289497375488565
-0.344960131976904,-0.3497800384932636,-0.09222985977453946,-0.40654935386307395,0.8987104756667583,-0.5534313995050866,-0.04422051141050318,-0.00021171295023370007,0.03261204289249381,65953.04399230135,0.10791702270507741
-0.31496013197690403,-0.2597800384932636,-0.09222985977453946,-0.40654935386307395,0.9287104756667581,-0.5434313995050866,-0.03422051141050318,-0.00021171295023370007,0.0226120428924938,65694.04399230135,0.11208171844482351
-0.304960131976904,-0.3097800384932636,-0.14222985977453945,-0.396549353863074,0.9887104756667582,-0.5634313995050866,-0.04422051141050318,0.04978828704976623,0.002612042892493796,66071.04399230135,0.11543292999267507
-0.26496013197690405,-0.3197800384932636,-0.11222985977453945,-0.396549353863074,1.1087104756667583,-0.5734313995050866,-0.03422051141050318,0.039788287049766224,0.002612042892493796,66036.04399230135,0.11648745536804483
-0.294960131976904,-0.2597800384932636,-0.05222985977453948,-0.42654935386307397,1.1787104756667581,-0.5634313995050866,-0.03422051141050318,0.039788287049766224,0.0226120428924938,64907.04399230135,0.11951656341552663
-0.284960131976904,-0.3197800384932636,-0.07222985977453944,-0.376549353863074,1.2687104756667584,-0.5234313995050865,-0.03422051141050318,0.039788287049766224,0.0226120428924938,65006.04399230135,0.12352986335753968
-0.33496013197690405,-0.3097800384932636,-0.06222985977453943,-0.386549353863074,1.3987104756667583,-0.5234313995050865,-0.03422051141050318,0.039788287049766224,0.0226120428924938,65275.04399230135,0.12773151397704652
-0.284960131976904,-0.1497800384932636,-0.02222985977453945,-0.386549353863074,1.3787104756667583,-0.5034313995050865,-0.024220511410503173,0.029788287049766216,0.03261204289249381,65614.04399230135,0.12773151397704652
-0.304960131976904,-0.1597800384932636,-0.06222985977453943,-0.40654935386307395,1.4587104756667584,-0.5134313995050865,-0.03422051141050318,0.029788287049766216,0.0226120428924938,65517.04399230135,0.1322671890258782
-0.304960131976904,-0.1397800384932636,-0.10222985977453947,-0.376549353863074,1.538710475666758,-0.5434313995050866,-0.014220511410503178,-0.00021171295023370007,0.012612042892493791,65132.04399230135,0.1366481304168694
-0.294960131976904,-0.10978003849326357,-0.12222985977453946,-0.386549353863074,1.5687104756667583,-0.5434313995050866,-0.024220511410503173,0.029788287049766216,0.0226120428924938,65499.04399230135,0.14065594673156667
-0.304960131976904,-0.05978003849326363,-0.10222985977453947,-0.396549353863074,1.6087104756667583,-0.5434313995050866,-0.014220511410503178,0.039788287049766224,0.012612042892493791,65698.04399230135,0.14116830825805593
-0.284960131976904,-0.039780038493263614,-0.12222985977453946,-0.396549353863074,1.6487104756667583,-0.5534313995050866,-0.014220511410503178,0.039788287049766224,0.0226120428924938,65873.04399230135,0.14367885589599538
-0.294960131976904,-0.019780038493263596,-0.11222985977453945,-0.376549353863074,1.658710475666758,-0.5334313995050866,-0.014220511410503178,0.009788287049766198,0.012612042892493791,65906.04399230135,0.14881582260131765
-0.31496013197690403,0.01021996150673643,-0.13222985977453947,-0.396549353863074,1.6487104756667583,-0.5434313995050866,-0.014220511410503178,0.05978828704976624,0.0226120428924938,65693.04399230135,0.15287132263183523
-0.31496013197690403,0.02021996150673644,-0.15222985977453946,-0.396549353863074,1.6687104756667583,-0.5734313995050866,-0.024220511410503173,0.09978828704976628,0.0226120428924938,66040.04399230135,0.15287132263183523
-0.294960131976904,0.030219961506736448,-0.20222985977453944,-0.396549353863074,1.6987104756667581,-0.5934313995050866,-0.004220511410503183,0.1197882870497663,0.012612042892493791,65995.04399230135,0.15618486404418874
-0.32496013197690404,0.050219961506736466,-0.17222985977453945,-0.396549353863074,1.7087104756667584,-0.5834313995050866,-0.014220511410503178,0.1497882870497662,0.03261204289249381,66200.04399230135,0.16030831336975027
-0.31496013197690403,0.09021996150673639,-0.14222985977453945,-0.396549353863074,1.7087104756667584,-0.5834313995050866,-0.014220511410503178,0.1497882870497662,0.04261204289249379,66157.04399230135,0.1653038978576653
-0.32496013197690404,0.12021996150673642,-0.14222985977453945,-0.396549353863074,1.658710475666758,-0.5834313995050866,-0.004220511410503183,0.15978828704976622,0.04261204289249379,65938.04399230135,0.1653038978576653
-0.31496013197690403,0.17021996150673646,-0.13222985977453947,-0.386549353863074,1.638710475666758,-0.5834313995050866,-0.004220511410503183,0.18978828704976625,0.04261204289249379,65197.04399230135,0.16930408477783132
-0.294960131976904,0.18021996150673636,-0.12222985977453946,-0.396549353863074,1.638710475666758,-0.5734313995050866,0.005779488589496826,0.2597882870497662,0.0226120428924938,65592.04399230135,0.17245025634765554
-0.24496013197690403,0.2302199615067364,-0.17222985977453945,-0.376549353863074,1.558710475666758,-0.5834313995050866,-0.004220511410503183,0.29978828704976623,0.0226120428924938,65417.04399230135,0.1762370586395292
-0.284960131976904,0.2202199615067364,-0.17222985977453945,-0.376549353863074,1.5287104756667582,-0.5834313995050866,-0.004220511410503183,0.33978828704976627,0.0226120428924938,65198.04399230135,0.17726821899413636
-0.27496013197690405,0.2402199615067364,-0.18222985977453945,-0.36654935386307397,1.4887104756667582,-0.5834313995050866,-0.004220511410503183,0.3797882870497662,0.03261204289249381,65451.04399230135,0.18054027557372976
-0.23496013197690402,0.28021996150673645,-0.17222985977453945,-0.36654935386307397,1.4387104756667584,-0.5734313995050866,0.01577948858949682,0.44978828704976626,0.03261204289249381,65406.04399230135,0.18457241058349538
-0.24496013197690403,0.29021996150673646,-0.09222985977453946,-0.35654935386307396,1.3787104756667583,-0.5734313995050866,0.01577948858949682,0.5097882870497663,0.04261204289249379,65369.04399230135,0.18957657814025808
-0.26496013197690405,0.29021996150673646,-0.07222985977453944,-0.36654935386307397,1.3387104756667583,-0.5734313995050866,-0.004220511410503183,0.5597882870497664,0.04261204289249379,65718.04399230135,0.1925692081451409
-0.294960131976904,0.30021996150673647,-0.11222985977453945,-0.35654935386307396,1.2987104756667582,-0.5534313995050866,0.01577948858949682,0.6097882870497662,0.04261204289249379,66167.04399230135,0.1935770034790032
-0.27496013197690405,0.3202199615067365,-0.02222985977453945,-0.35654935386307396,1.2187104756667582,-0.5634313995050866,0.025779488589496816,0.6697882870497662,0.06261204289249381,66182.04399230135,0.19699306488036683
-0.23496013197690402,0.3502199615067365,-0.09222985977453946,-0.35654935386307396,1.1787104756667581,-0.5534313995050866,0.01577948858949682,0.7197882870497663,0.04261204289249379,66763.04399230135,0.2016031265258782
-0.26496013197690405,0.3702199615067363,-0.15222985977453946,-0.376549353863074,1.1087104756667583,-0.5634313995050866,0.025779488589496816,0.7597882870497663,0.04261204289249379,68050.04399230135,0.20473761558532644
-0.25496013197690404,0.3902199615067363,-0.07222985977453944,-0.35654935386307396,1.098710475666758,-0.5434313995050866,0.025779488589496816,0.7797882870497663,0.04261204289249379,68379.04399230135,0.20570392608642507
-0.26496013197690405,0.40021996150673633,-0.05222985977453948,-0.35654935386307396,1.0487104756667582,-0.5434313995050866,0.01577948858949682,0.8197882870497661,0.04261204289249379,68752.04399230135,0.2097074508666985
-0.284960131976904,0.41021996150673634,-0.04222985977453947,-0.36654935386307397,1.0287104756667582,-0.5334313995050866,0.01577948858949682,0.8497882870497662,0.04261204289249379,69531.04399230135,0.21400637626647878
-0.294960131976904,0.43021996150673636,-0.0022298597745394333,-0.34654935386307395,1.0087104756667582,-0.5334313995050866,0.01577948858949682,0.8797882870497662,0.0526120428924938,70352.04399230135,0.21800441741943288
-0.284960131976904,0.4702199615067364,-0.012229859774539442,-0.34654935386307395,0.9387104756667581,-0.5234313995050865,0.025779488589496816,0.8997882870497662,0.06261204289249381,70461.04399230135,0.2183341503143268
-0.31496013197690403,0.4802199615067364,-0.02222985977453945,-0.33654935386307394,0.8887104756667583,-0.5234313995050865,0.035779488589496825,0.9397882870497662,0.03261204289249381,71342.04399230135,0.2223388671874993
-0.284960131976904,0.4902199615067364,-0.04222985977453947,-0.36654935386307397,0.8487104756667583,-0.5134313995050865,0.035779488589496825,0.9597882870497663,0.0526120428924938,72049.04399230135,0.22638840675353933
-0.31496013197690403,0.4802199615067364,-0.04222985977453947,-0.35654935386307396,0.8187104756667583,-0.5034313995050865,0.04577948858949683,1.0197882870497663,0.03261204289249381,72648.04399230135,0.23039908409118226
-0.304960131976904,0.4902199615067364,-0.08222985977453945,-0.36654935386307397,0.7987104756667582,-0.5034313995050865,0.035779488589496825,1.0097882870497663,0.0526120428924938,73283.04399230135,0.23039908409118226
-0.33496013197690405,0.5002199615067364,-0.10222985977453947,-0.35654935386307396,0.8187104756667583,-0.49343139950508663,0.035779488589496825,1.0097882870497663,0.04261204289249379,72888.04399230135,0.23451776504516886
-0.32496013197690404,0.5002199615067364,-0.13222985977453947,-0.376549353863074,0.8387104756667583,-0.4834313995050866,0.055779488589496815,1.0297882870497663,0.03261204289249381,72919.04399230135,0.23854060173034242
-0.33496013197690405,0.4902199615067364,-0.12222985977453946,-0.36654935386307397,0.8287104756667583,-0.4734313995050866,0.04577948858949683,1.0397882870497663,0.06261204289249381,73542.04399230135,0.24220223426818777
-0.344960131976904,0.4702199615067364,-0.07222985977453944,-0.386549353863074,0.8287104756667583,-0.4734313995050866,0.04577948858949683,1.0397882870497663,0.0526120428924938,73933.04399230135,0.24323291778564737
-0.354960131976904,0.4602199615067364,-0.03222985977453946,-0.36654935386307397,0.8287104756667583,-0.4534313995050866,0.04577948858949683,1.0397882870497663,0.0526120428924938,73602.04399230135,0.24623031616210866
-0.37496013197690403,0.42021996150673635,-0.05222985977453948,-0.386549353863074,0.8687104756667583,-0.4534313995050866,0.04577948858949683,1.0697882870497661,0.0526120428924938,72929.04399230135,0.2503060817718463
-0.344960131976904,0.3602199615067365,-0.10222985977453947,-0.386549353863074,0.8687104756667583,-0.4534313995050866,0.055779488589496815,1.1097882870497662,0.04261204289249379,72860.04399230135,0.25530285835265687
-0.354960131976904,0.3502199615067365,-0.04222985977453947,-0.396549353863074,0.8887104756667583,-0.4434313995050866,0.04577948858949683,1.1097882870497662,0.06261204289249381,72145.04399230135,0.25530285835265687
-0.38496013197690404,0.3702199615067363,-0.03222985977453946,-0.386549353863074,0.8387104756667583,-0.41343139950508656,0.06577948858949682,1.1397882870497662,0.07261204289249379,71728.04399230135,0.25954337120056437
-0.39496013197690405,0.3702199615067363,-0.03222985977453946,-0.396549353863074,0.8187104756667583,-0.39343139950508665,0.055779488589496815,1.1397882870497662,0.06261204289249381,72223.04399230135,0.26280088424682546
-0.37496013197690403,0.3802199615067363,-0.02222985977453945,-0.396549353863074,0.7887104756667582,-0.37343139950508664,0.055779488589496815,1.1697882870497662,0.10261204289249379,72226.04399230135,0.2679509639739983
-0.40496013197690406,0.40021996150673633,-0.0022298597745394333,-0.396549353863074,0.7687104756667582,-0.38343139950508665,0.06577948858949682,1.1897882870497662,0.10261204289249379,71945.04399230135,0.2679509639739983
-0.40496013197690406,0.43021996150673636,0.027770140225460538,-0.40654935386307395,0.6987104756667581,-0.3434313995050866,0.055779488589496815,1.1797882870497662,0.1326120428924938,71872.04399230135,0.2712440013885491
-0.39496013197690405,0.4802199615067364,0.027770140225460538,-0.36654935386307397,0.6687104756667581,-0.3034313995050866,0.07577948858949683,1.2197882870497663,0.1426120428924938,72005.04399230135,0.27509541511535573
-0.41496013197690407,0.5402199615067365,0.027770140225460538,-0.396549353863074,0.5787104756667583,-0.29343139950508657,0.055779488589496815,1.2397882870497663,0.1526120428924938,72496.04399230135,0.27982516288757253
-0.41496013197690407,0.5602199615067365,0.027770140225460538,-0.41654935386307396,0.5387104756667582,-0.27343139950508666,0.06577948858949682,1.2397882870497663,0.17261204289249382,72899.04399230135,0.2831191539764397
-0.39496013197690405,0.5602199615067365,0.027770140225460538,-0.396549353863074,0.5087104756667582,-0.23343139950508662,0.055779488589496815,1.2597882870497663,0.1626120428924938,72806.04399230135,0.28385491371154714
-0.37496013197690403,0.5502199615067365,0.027770140225460538,-0.396549353863074,0.4787104756667582,-0.2134313995050866,0.06577948858949682,1.2997882870497663,0.18261204289249378,72915.04399230135,0.28745884895324636
-0.37496013197690403,0.5802199615067365,0.06777014022546052,-0.386549353863074,0.44871047566675815,-0.16343139950508656,0.055779488589496815,1.3297882870497661,0.2026120428924938,72688.04399230135,0.29155130386352823
-0.38496013197690404,0.5002199615067364,0.06777014022546052,-0.40654935386307395,0.4187104756667581,-0.11343139950508663,0.06577948858949682,1.3797882870497662,0.2126120428924938,72143.04399230135,0.29572505950927663
-0.39496013197690405,0.5102199615067364,0.07777014022546053,-0.40654935386307395,0.3987104756667583,-0.07343139950508659,0.055779488589496815,1.3797882870497662,0.23261204289249382,71354.04399230135,0.296589803695678
-0.38496013197690404,0.4902199615067364,0.07777014022546053,-0.396549353863074,0.3987104756667583,-0.053431399505086574,0.07577948858949683,1.3897882870497662,0.24261204289249377,71227.04399230135,0.30058951377868937
-0.39496013197690405,0.4602199615067364,0.06777014022546052,-0.386549353863074,0.4087104756667581,-0.02343139950508666,0.07577948858949683,1.3997882870497662,0.23261204289249382,71066.04399230135,0.30458970069885183
-0.37496013197690403,0.4502199615067364,0.08777014022546054,-0.376549353863074,0.4187104756667581,0.016568600494913377,0.07577948858949683,1.4297882870497662,0.23261204289249382,70477.04399230135,0.30858964920043874
-0.38496013197690404,0.42021996150673635,0.07777014022546053,-0.36654935386307397,0.4087104756667581,0.06656860049491342,0.07577948858949683,1.4297882870497662,0.2126120428924938,69874.04399230135,0.30858964920043874
-0.354960131976904,0.40021996150673633,0.08777014022546054,-0.35654935386307396,0.42871047566675813,0.07656860049491343,0.09577948858949682,1.3897882870497662,0.2026120428924938,68919.04399230135,0.3130628585815387
-0.354960131976904,0.40021996150673633,0.07777014022546053,-0.34654935386307395,0.3987104756667583,0.10656860049491346,0.07577948858949683,1.4297882870497662,0.23261204289249382,68866.04399230135,0.3162288188934319
-0.344960131976904,0.3702199615067363,0.10777014022546055,-0.34654935386307395,0.44871047566675815,0.11656860049491347,0.08577948858949681,1.3897882870497662,0.2726120428924938,68089.04399230135,0.32032270431518484
-0.344960131976904,0.40021996150673633,0.09777014022546054,-0.33654935386307394,0.4187104756667581,0.12656860049491347,0.08577948858949681,1.3797882870497662,0.23261204289249382,68036.04399230135,0.32032270431518484
-0.33496013197690405,0.4602199615067364,0.14777014022546053,-0.34654935386307395,0.42871047566675813,0.20656860049491332,0.08577948858949681,1.2597882870497663,0.2226120428924938,68457.04399230135,0.32451314926147035
-0.33496013197690405,0.5202199615067364,0.15777014022546054,-0.316549353863074,0.3887104756667583,0.22656860049491334,0.08577948858949681,1.2097882870497663,0.2626120428924938,67510.04399230135,0.32858223915100027
-0.31496013197690403,0.5202199615067364,0.12777014022546052,-0.30654935386307397,0.4087104756667581,0.2665686004949134,0.08577948858949681,1.1597882870497662,0.2526120428924938,67207.04399230135,0.33257980346679616
-0.294960131976904,0.5502199615067365,0.13777014022546052,-0.29654935386307396,0.4187104756667581,0.2865686004949134,0.09577948858949682,1.1397882870497662,0.30261204289249377,66748.04399230135,0.33357543945312784
-0.284960131976904,0.5502199615067365,0.19777014022546058,-0.26654935386307393,0.43871047566675814,0.33656860049491344,0.08577948858949681,1.0697882870497661,0.30261204289249377,66347.04399230135,0.33657999038696573
-0.23496013197690402,0.5502199615067365,0.2577701402254605,-0.23654935386307396,0.43871047566675814,0.36656860049491347,0.09577948858949682,1.0597882870497664,0.3426120428924938,66542.04399230135,0.34108872413635183
-0.224960131976904,0.5402199615067365,0.26777014022546053,-0.21654935386307395,0.44871047566675815,0.36656860049491347,0.10577948858949683,1.0097882870497663,0.4026120428924938,67103.04399230135,0.3446132659912067
-0.19496013197690404,0.5102199615067364,0.28777014022546055,-0.19654935386307398,0.4787104756667582,0.3865686004949135,0.13577948858949684,0.9797882870497663,0.4226120428924938,66302.04399230135,0.3485128402709954
-0.21496013197690406,0.5002199615067364,0.3477701402254605,-0.19654935386307398,0.4887104756667582,0.4265686004949133,0.1457794885894968,0.9397882870497662,0.48261204289249376,65241.04399230135,0.3485128402709954
-0.18496013197690403,0.4702199615067364,0.3677701402254605,-0.17654935386307397,0.5187104756667582,0.3965686004949135,0.1557794885894968,0.8997882870497662,0.5226120428924939,64908.04399230135,0.35401339530944753
-0.13496013197690404,0.4602199615067364,0.3777701402254605,-0.13654935386307399,0.5187104756667582,0.3765686004949135,0.16577948858949682,0.9197882870497662,0.5826120428924937,64819.04399230135,0.3568272113800077
-0.17496013197690402,0.43021996150673636,0.4577701402254606,-0.13654935386307399,0.5787104756667583,0.35656860049491346,0.1957794885894968,0.8897882870497662,0.6026120428924937,64354.04399230135,0.3608636379241936
-0.164960131976904,0.41021996150673634,0.42777014022546056,-0.10654935386307396,0.5987104756667583,0.3965686004949135,0.2157794885894968,0.8397882870497662,0.6626120428924938,64233.04399230135,0.3618640422821038
-0.12496013197690403,0.3602199615067365,0.4677701402254606,-0.08654935386307394,0.6187104756667583,0.4365686004949133,0.23577948858949682,0.8597882870497662,0.6826120428924938,63782.04399230135,0.364863348007205
-0.13496013197690404,0.3102199615067365,0.4977701402254605,-0.056549353863073915,0.5987104756667583,0.4465686004949133,0.24577948858949683,0.8597882870497662,0.7226120428924938,63989.04399230135,0.3690421104431145
-0.094960131976904,0.3102199615067365,0.5077701402254605,-0.026549353863074,0.6187104756667583,0.4365686004949133,0.2957794885894968,0.8297882870497661,0.7426120428924938,63920.04399230135,0.3734371185302727
-0.084960131976904,0.30021996150673647,0.5577701402254606,-0.03654935386307401,0.6487104756667583,0.46656860049491333,0.30577948858949683,0.7797882870497663,0.7226120428924938,63399.04399230135,0.3744394302368157
-0.084960131976904,0.2502199615067364,0.5177701402254605,-0.01654935386307399,0.7087104756667582,0.5265686004949134,0.3357794885894968,0.7897882870497663,0.7026120428924938,63494.04399230135,0.3774318218231194
-0.094960131976904,0.2202199615067364,0.5577701402254606,0.013450646136926037,0.6987104756667581,0.5365686004949134,0.3457794885894968,0.7697882870497663,0.7726120428924939,63461.04399230135,0.3813683509826653
-0.084960131976904,0.2302199615067364,0.5677701402254606,0.013450646136926037,0.7287104756667582,0.5265686004949134,0.3857794885894968,0.6997882870497663,0.7726120428924939,63100.04399230135,0.3856353282928495
-0.05496013197690408,0.27021996150673644,0.5777701402254606,0.013450646136926037,0.7487104756667582,0.5865686004949134,0.3857794885894968,0.6897882870497662,0.8326120428924937,63227.04399230135,0.38664121627807546
-0.024960131976904054,0.2302199615067364,0.6177701402254605,0.013450646136926037,0.7487104756667582,0.5865686004949134,0.4057794885894968,0.6897882870497662,0.8426120428924937,63618.04399230135,0.38977975845336843
-0.014960131976904045,0.2302199615067364,0.6277701402254605,0.0034506461369260277,0.7987104756667582,0.5965686004949134,0.4057794885894968,0.6697882870497662,0.8626120428924937,63765.04399230135,0.3938309669494586
-0.014960131976904045,0.26021996150673643,0.6477701402254605,0.0034506461369260277,0.8187104756667583,0.5965686004949134,0.4057794885894968,0.6197882870497662,0.8426120428924937,63378.04399230135,0.3978132724761956
-0.004960131976904036,0.2502199615067364,0.6977701402254606,-0.006549353863073981,0.8387104756667583,0.6565686004949135,0.4257794885894968,0.5897882870497662,0.8226120428924939,63667.04399230135,0.39881296157836843
-0.014960131976904045,0.21021996150673639,0.6877701402254606,-0.01654935386307399,0.8887104756667583,0.6965686004949133,0.4157794885894968,0.5497882870497663,0.8326120428924937,63862.04399230135,0.4018179893493681
-0.024960131976904054,0.2302199615067364,0.7277701402254606,-0.006549353863073981,0.8987104756667583,0.6665686004949133,0.4057794885894968,0.5297882870497663,0.9326120428924938,64129.04399230135,0.4061488628387444
-0.014960131976904045,0.2202199615067364,0.6877701402254606,-0.006549353863073981,0.9587104756667582,0.6865686004949133,0.3857794885894968,0.5297882870497663,0.9426120428924938,63980.04399230135,0.4111485004425042
-0.024960131976904054,0.21021996150673639,0.7377701402254606,-0.01654935386307399,0.9987104756667582,0.7165686004949133,0.4057794885894968,0.5097882870497663,0.9726120428924938,64035.04399230135,0.4111485004425042
-0.05496013197690408,0.16021996150673645,0.7377701402254606,-0.03654935386307401,1.0487104756667582,0.6765686004949133,0.4057794885894968,0.4897882870497663,1.0026120428924938,64148.04399230135,0.4145433425903313
-0.05496013197690408,0.16021996150673645,0.8077701402254605,-0.046549353863073906,1.058710475666758,0.6665686004949133,0.3757794885894968,0.4997882870497663,1.0026120428924938,64063.04399230135,0.41845293045043874
-0.07496013197690399,0.18021996150673636,0.7777701402254606,-0.056549353863073915,1.0887104756667583,0.6765686004949133,0.3857794885894968,0.45978828704976626,1.0826120428924937,64356.04399230135,0.4231650352478056
-0.13496013197690404,0.2302199615067364,0.8077701402254605,-0.056549353863073915,1.078710475666758,0.6765686004949133,0.3857794885894968,0.4697882870497663,1.1026120428924937,64757.04399230135,0.4267072200775104
-0.13496013197690404,0.2502199615067364,0.8077701402254605,-0.06654935386307392,1.058710475666758,0.6965686004949133,0.3557794885894968,0.4697882870497663,1.1126120428924937,64938.04399230135,0.42750520706176687
-0.15496013197690406,0.26021996150673643,0.8277701402254605,-0.06654935386307392,1.0487104756667582,0.6965686004949133,0.3657794885894968,0.45978828704976626,1.1426120428924937,65293.04399230135,0.43149871826171804
-0.15496013197690406,0.3102199615067365,0.7977701402254604,-0.06654935386307392,1.058710475666758,0.6865686004949133,0.3557794885894968,0.44978828704976626,1.2026120428924938,65852.04399230135,0.4355053424835198
-0.18496013197690403,0.3202199615067365,0.8377701402254605,-0.10654935386307396,1.0487104756667582,0.6565686004949135,0.3357794885894968,0.45978828704976626,1.2326120428924938,66683.04399230135,0.43899269104003835
-0.23496013197690402,0.3202199615067365,0.8277701402254605,-0.14654935386307394,1.0687104756667583,0.6065686004949135,0.3157794885894968,0.44978828704976626,1.3026120428924937,67294.04399230135,0.4400546073913567
-0.23496013197690402,0.3402199615067365,0.8477701402254605,-0.12654935386307398,1.078710475666758,0.5965686004949134,0.2257794885894968,0.44978828704976626,1.3326120428924937,67705.04399230135,0.44352335929870534
-0.27496013197690405,0.3702199615067363,0.8477701402254605,-0.12654935386307398,1.098710475666758,0.5465686004949134,0.2057794885894968,0.44978828704976626,1.4126120428924938,67390.04399230135,0.44720358848571706
-0.26496013197690405,0.3602199615067365,0.8477701402254605,-0.10654935386307396,1.078710475666758,0.5065686004949134,0.2157794885894968,0.45978828704976626,1.4726120428924938,67695.04399230135,0.45120115280151296
-0.26496013197690405,0.3702199615067363,0.8377701402254605,-0.13654935386307399,1.0687104756667583,0.49656860049491336,0.2157794885894968,0.4797882870497663,1.5126120428924938,68326.04399230135,0.45228238105773855
-0.27496013197690405,0.40021996150673633,0.8677701402254605,-0.12654935386307398,0.9987104756667582,0.46656860049491333,0.2057794885894968,0.5097882870497663,1.5126120428924938,68247.04399230135,0.45548934936523366
-0.294960131976904,0.3802199615067363,0.8677701402254605,-0.14654935386307394,0.9587104756667582,0.4565686004949133,0.18577948858949683,0.5397882870497663,1.5626120428924937,68570.04399230135,0.4594952583312981
-0.31496013197690403,0.3802199615067363,0.8677701402254605,-0.12654935386307398,0.9387104756667581,0.4065686004949135,0.1957794885894968,0.5797882870497661,1.6026120428924937,69073.04399230135,0.46444172859191823
-0.304960131976904,0.3902199615067363,0.8977701402254605,-0.13654935386307399,0.9087104756667581,0.3965686004949135,0.1957794885894968,0.6097882870497662,1.6326120428924937,69724.04399230135,0.46444172859191823
-0.304960131976904,0.3602199615067365,0.8677701402254605,-0.13654935386307399,0.9087104756667581,0.3965686004949135,0.17577948858949682,0.6597882870497662,1.6426120428924937,70251.04399230135,0.46847195625305105
-0.294960131976904,0.3602199615067365,0.8777701402254605,-0.11654935386307397,0.8887104756667583,0.34656860049491345,0.18577948858949683,0.7097882870497663,1.6626120428924938,70874.04399230135,0.4719326019287102
-0.27496013197690405,0.3802199615067363,0.9177701402254606,-0.12654935386307398,0.8587104756667583,0.35656860049491346,0.1957794885894968,0.7197882870497663,1.6226120428924937,71421.04399230135,0.47558231353759695
-0.284960131976904,0.3802199615067363,0.9077701402254605,-0.12654935386307398,0.8287104756667583,0.36656860049491347,0.17577948858949682,0.7697882870497663,1.6226120428924937,71914.04399230135,0.4766211032867389
-0.224960131976904,0.3802199615067363,0.9377701402254606,-0.15654935386307395,0.8187104756667583,0.36656860049491347,0.18577948858949683,0.8097882870497664,1.6126120428924937,72597.04399230135,0.47988004684448526
-0.21496013197690406,0.3902199615067363,0.9477701402254606,-0.10654935386307396,0.7787104756667582,0.33656860049491344,0.17577948858949682,0.8197882870497661,1.5926120428924937,73508.04399230135,0.48490352630615163
-0.20496013197690405,0.42021996150673635,1.0077701402254606,-0.12654935386307398,0.7587104756667582,0.32656860049491343,0.18577948858949683,0.8497882870497662,1.5926120428924937,73591.04399230135,0.4888765335082965
-0.20496013197690405,0.40021996150673633,1.0177701402254606,-0.13654935386307399,0.7487104756667582,0.3065686004949134,0.1457794885894968,0.8697882870497662,1.5426120428924937,73592.04399230135,0.492174577713012
-0.24496013197690403,0.44021996150673637,1.0577701402254605,-0.18654935386307397,0.7387104756667582,0.3165686004949134,0.17577948858949682,0.8997882870497662,1.5226120428924936,74981.04399230135,0.492903423309329
-0.164960131976904,0.44021996150673637,1.0877701402254605,-0.13654935386307399,0.6987104756667581,0.3165686004949134,0.18577948858949683,0.8997882870497662,1.4826120428924938,75738.04399230135,0.4973637580871575
-0.20496013197690405,0.4802199615067364,1.0777701402254605,-0.14654935386307394,0.6987104756667581,0.33656860049491344,0.18577948858949683,0.9397882870497662,1.4726120428924938,75933.04399230135,0.5013193607330315
-0.20496013197690405,0.4702199615067364,1.0777701402254605,-0.18654935386307397,0.6687104756667581,0.3165686004949134,0.16577948858949682,0.9497882870497663,1.4726120428924938,76220.04399230135,0.504360389709472
-0.19496013197690404,0.5002199615067364,1.0277701402254606,-0.12654935386307398,0.6387104756667583,0.34656860049491345,0.1957794885894968,0.9697882870497663,1.5126120428924938,76301.04399230135,0.504360389709472
-0.14496013197690405,0.5302199615067364,1.0077701402254606,-0.14654935386307394,0.5987104756667583,0.34656860049491345,0.2057794885894968,0.9697882870497663,1.5226120428924936,76668.04399230135,0.5089289665222161
-0.12496013197690403,0.5602199615067365,0.9877701402254606,-0.11654935386307397,0.5687104756667583,0.3865686004949135,0.1957794885894968,0.9697882870497663,1.4826120428924938,76701.04399230135,0.5130497932434075
-0.19496013197690404,0.5602199615067365,0.9377701402254606,-0.06654935386307392,0.5787104756667583,0.3965686004949135,0.2057794885894968,0.9397882870497662,1.5226120428924936,76622.04399230135,0.5170499801635771
-0.17496013197690402,0.5702199615067365,0.9177701402254606,-0.07654935386307393,0.5887104756667583,0.4065686004949135,0.2157794885894968,0.9597882870497663,1.5426120428924937,76457.04399230135,0.5170499801635771
-0.10496013197690401,0.5602199615067365,0.9077701402254605,-0.026549353863074,0.5887104756667583,0.3865686004949135,0.2057794885894968,0.9397882870497662,1.5526120428924937,76924.04399230135,0.5210597038269036
-0.12496013197690403,0.5602199615067365,0.9077701402254605,-0.03654935386307401,0.5987104756667583,0.36656860049491347,0.18577948858949683,0.9297882870497662,1.5626120428924937,76847.04399230135,0.526060771942138
-0.14496013197690405,0.5602199615067365,0.9077701402254605,-0.006549353863073981,0.6187104756667583,0.35656860049491346,0.2257794885894968,0.9397882870497662,1.5826120428924937,76924.04399230135,0.529208850860595
-0.11496013197690402,0.5202199615067364,0.9077701402254605,-0.01654935386307399,0.6187104756667583,0.3765686004949135,0.23577948858949682,0.9497882870497663,1.5826120428924937,76723.04399230135,0.5302834033966093
-0.11496013197690402,0.5102199615067364,0.8977701402254605,0.0034506461369260277,0.6287104756667583,0.36656860049491347,0.2557794885894968,0.9597882870497663,1.5726120428924937,76456.04399230135,0.5332812786102288
-0.11496013197690402,0.4802199615067364,0.9077701402254605,0.05345064613692607,0.6287104756667583,0.36656860049491347,0.2157794885894968,1.0097882870497663,1.5626120428924937,76377.04399230135,0.5382816314697294
-0.094960131976904,0.4702199615067364,0.9477701402254606,0.05345064613692607,0.6187104756667583,0.33656860049491344,0.24577948858949683,1.0197882870497663,1.5726120428924937,76188.04399230135,0.5416380882263176
-0.164960131976904,0.4902199615067364,0.9477701402254606,0.07345064613692609,0.5887104756667583,0.33656860049491344,0.2157794885894968,1.0297882870497663,1.5726120428924937,75811.04399230135,0.5426663875579791
-0.17496013197690402,0.4902199615067364,0.9577701402254606,0.11345064613692601,0.5487104756667582,0.33656860049491344,0.23577948858949682,1.0297882870497663,1.5426120428924937,76360.04399230135,0.5461072444915764
-0.12496013197690403,0.5002199615067364,0.9477701402254606,0.12345064613692602,0.5387104756667582,0.33656860049491344,0.2557794885894968,1.0497882870497663,1.5126120428924938,76589.04399230135,0.5500785827636712
-0.12496013197690403,0.5602199615067365,0.9577701402254606,0.15345064613692605,0.5087104756667582,0.34656860049491345,0.2557794885894968,1.0197882870497663,1.5126120428924938,76614.04399230135,0.5544812202453642
-0.11496013197690402,0.5802199615067365,0.9177701402254606,0.2034506461369261,0.5187104756667582,0.36656860049491347,0.2957794885894968,0.9897882870497663,1.5026120428924938,77103.04399230135,0.5544812202453642
-0.06496013197690398,0.6102199615067365,0.8977701402254605,0.213450646136926,0.4887104756667582,0.3865686004949135,0.2957794885894968,0.9897882870497663,1.4526120428924938,76902.04399230135,0.5576822280883782
-0.07496013197690399,0.5702199615067365,0.8777701402254605,0.28345064613692605,0.45871047566675816,0.4165686004949133,0.30577948858949683,1.0297882870497663,1.4226120428924938,76249.04399230135,0.5619058132171624
-0.094960131976904,0.6302199615067363,0.8877701402254605,0.363450646136926,0.44871047566675815,0.4465686004949133,0.3257794885894968,1.0097882870497663,1.4126120428924938,75214.04399230135,0.5664126396179192
-0.094960131976904,0.6002199615067365,0.8377701402254605,0.363450646136926,0.44871047566675815,0.4565686004949133,0.3457794885894968,1.0297882870497663,1.4026120428924937,74605.04399230135,0.570057821273803
-0.024960131976904054,0.6102199615067365,0.8477701402254605,0.40345064613692605,0.44871047566675815,0.47656860049491334,0.3457794885894968,1.0597882870497664,1.3926120428924937,73986.04399230135,0.5711326122283928
-0.05496013197690408,0.5602199615067365,0.8877701402254605,0.40345064613692605,0.42871047566675813,0.4565686004949133,0.3857794885894968,1.0697882870497661,1.3826120428924937,74077.04399230135,0.5741586208343534
-0.014960131976904045,0.5202199615067364,0.8377701402254605,0.4334506461369261,0.4187104756667581,0.4465686004949133,0.4057794885894968,1.0897882870497662,1.3526120428924937,73620.04399230135,0.5791861534118645
-0.014960131976904045,0.4702199615067364,0.8777701402254605,0.4734506461369261,0.42871047566675813,0.48656860049491335,0.44577948858949684,1.1097882870497662,1.2626120428924938,73249.04399230135,0.5823487758636468
-0.004960131976904036,0.3902199615067363,0.9077701402254605,0.5134506461369261,0.45871047566675816,0.5265686004949134,0.47577948858949676,1.0997882870497662,1.1926120428924938,72522.04399230135,0.5831603527069085
0.035039868023096,0.3402199615067365,0.8577701402254605,0.4834506461369261,0.4887104756667582,0.5765686004949134,0.5157794885894968,1.1197882870497662,1.2026120428924938,71621.04399230135,0.5861877918243366
0.0050398680230959725,0.3802199615067363,0.8277701402254605,0.553450646136926,0.42871047566675813,0.6165686004949135,0.5657794885894969,1.1097882870497662,1.1426120428924937,70742.04399230135,0.5903570175170891
0.02503986802309599,0.3902199615067363,0.8277701402254605,0.593450646136926,0.44871047566675815,0.5865686004949134,0.5857794885894969,1.0697882870497661,1.1726120428924938,70497.04399230135,0.5947172164916985
0.0050398680230959725,0.3602199615067365,0.8377701402254605,0.563450646136926,0.44871047566675815,0.6265686004949135,0.6057794885894968,1.0897882870497662,1.0926120428924937,69816.04399230135,0.5954365253448479
0.06503986802309591,0.3802199615067363,0.8677701402254605,0.5234506461369259,0.42871047566675813,0.6165686004949135,0.6957794885894969,1.0697882870497661,1.0526120428924937,69107.04399230135,0.599730205535888
0.04503986802309601,0.42021996150673635,0.7777701402254606,0.563450646136926,0.4187104756667581,0.6565686004949135,0.7157794885894969,1.0197882870497663,1.0626120428924937,68300.04399230135,0.6028694629669182
0.09503986802309594,0.44021996150673637,0.7277701402254606,0.583450646136926,0.3987104756667583,0.6265686004949135,0.7357794885894968,0.9797882870497663,1.1426120428924937,67887.04399230135,0.606264543533328
0.12503986802309597,0.4702199615067364,0.7377701402254606,0.583450646136926,0.44871047566675815,0.6765686004949133,0.8057794885894969,0.9197882870497662,1.1026120428924937,67298.04399230135,0.6073300361633294
0.165039868023096,0.44021996150673637,0.6977701402254606,0.563450646136926,0.43871047566675814,0.6665686004949133,0.8357794885894969,0.8997882870497662,1.1626120428924938,66825.04399230135,0.6113290309905999
0.20503986802309593,0.4702199615067364,0.6977701402254606,0.613450646136926,0.43871047566675814,0.6065686004949135,0.8757794885894968,0.8597882870497662,1.2026120428924938,65936.04399230135,0.6152984619140582
0.19503986802309592,0.44021996150673637,0.6577701402254605,0.613450646136926,0.44871047566675815,0.6265686004949135,0.9257794885894969,0.8597882870497662,1.2126120428924938,65245.04399230135,0.6185841083526569
0.20503986802309593,0.4702199615067364,0.6777701402254606,0.623450646136926,0.46871047566675816,0.5865686004949134,0.9457794885894969,0.8797882870497662,1.2326120428924938,64230.04399230135,0.6195873737335198
0.24503986802309596,0.41021996150673634,0.6577701402254605,0.633450646136926,0.46871047566675816,0.5665686004949134,0.9657794885894969,0.8297882870497661,1.2826120428924936,63591.04399230135,0.6228270053863518
0.265039868023096,0.40021996150673633,0.6777701402254606,0.623450646136926,0.5087104756667582,0.5465686004949134,1.0157794885894968,0.8397882870497662,1.3026120428924937,63668.04399230135,0.6270532131195026
0.265039868023096,0.3702199615067363,0.6477701402254605,0.6734506461369261,0.5587104756667582,0.5565686004949134,1.0157794885894968,0.8197882870497661,1.3426120428924937,62973.04399230135,0.6313566684722893
0.285039868023096,0.3602199615067365,0.5977701402254605,0.643450646136926,0.5287104756667582,0.5665686004949134,1.0657794885894967,0.7697882870497663,1.3426120428924937,62520.04399230135,0.6345409870147662
0.3150398680230959,0.3502199615067365,0.6277701402254605,0.6734506461369261,0.5587104756667582,0.5665686004949134,1.0457794885894967,0.7797882870497663,1.3426120428924937,62325.04399230135,0.6355924129486077
0.285039868023096,0.26021996150673643,0.6077701402254605,0.7134506461369261,0.5987104756667583,0.5565686004949134,1.0657794885894967,0.7597882870497663,1.3426120428924937,62236.04399230135,0.6398090839385979
0.35503986802309595,0.2302199615067364,0.5977701402254605,0.6834506461369261,0.6187104756667583,0.6065686004949135,1.0857794885894967,0.7597882870497663,1.3226120428924937,61983.04399230135,0.6441483020782464
0.36503986802309596,0.20021996150673638,0.6177701402254605,0.6934506461369261,0.6487104756667583,0.5865686004949134,1.1157794885894967,0.7297882870497663,1.3126120428924937,61896.04399230135,0.6474227428436272
0.37503986802309597,0.2202199615067364,0.5877701402254606,0.7034506461369261,0.6787104756667581,0.6065686004949135,1.1157794885894967,0.6897882870497662,1.3526120428924937,61447.04399230135,0.6481549263000481
0.395039868023096,0.2302199615067364,0.6177701402254605,0.6834506461369261,0.6887104756667581,0.6065686004949135,1.1357794885894967,0.6397882870497662,1.3126120428924937,61510.04399230135,0.6521546363830559
0.385039868023096,0.20021996150673638,0.6277701402254605,0.6934506461369261,0.6687104756667581,0.5965686004949134,1.1557794885894968,0.6897882870497662,1.3226120428924937,61523.04399230135,0.6572741985321038
0.415039868023096,0.20021996150673638,0.6177701402254605,0.6934506461369261,0.7187104756667582,0.6165686004949135,1.1557794885894968,0.6197882870497662,1.3126120428924937,61306.04399230135,0.6601986408233671
0.435039868023096,0.20021996150673638,0.6177701402254605,0.6634506461369261,0.7587104756667582,0.6165686004949135,1.1457794885894967,0.6297882870497662,1.2726120428924936,61477.04399230135,0.6601986408233671
0.44503986802309603,0.21021996150673639,0.6177701402254605,0.6834506461369261,0.7787104756667582,0.6265686004949135,1.1657794885894968,0.5797882870497661,1.2726120428924936,61746.04399230135,0.6647157192230218
0.45503986802309604,0.18021996150673636,0.6277701402254605,0.6734506461369261,0.8087104756667582,0.6265686004949135,1.1457794885894967,0.5797882870497661,1.2326120428924938,61901.04399230135,0.6687156677246087
0.46503986802309605,0.14021996150673643,0.6277701402254605,0.6934506461369261,0.8387104756667583,0.6465686004949135,1.1257794885894967,0.5697882870497661,1.2226120428924938,61514.04399230135,0.6725058078765827
0.4950398680230961,0.15021996150673644,0.6477701402254605,0.6734506461369261,0.9087104756667581,0.6365686004949135,1.1557794885894968,0.5797882870497661,1.2226120428924938,61447.04399230135,0.6732933044433587
0.5350398680230959,0.11021996150673641,0.6277701402254605,0.6634506461369261,0.9387104756667581,0.6365686004949135,1.1357794885894967,0.5397882870497663,1.2426120428924938,61834.04399230135,0.676801395416259
0.5150398680230959,0.12021996150673642,0.6377701402254605,0.643450646136926,0.9587104756667582,0.6165686004949135,1.1357794885894967,0.5397882870497663,1.2526120428924938,61811.04399230135,0.6818475246429436
0.5150398680230959,0.12021996150673642,0.6577701402254605,0.633450646136926,0.9687104756667582,0.6365686004949135,1.1557794885894968,0.4997882870497663,1.2426120428924938,61358.04399230135,0.6844973087310784
0.4950398680230961,0.12021996150673642,0.6377701402254605,0.613450646136926,1.0187104756667582,0.6865686004949133,1.1557794885894968,0.4897882870497663,1.2226120428924938,61449.04399230135,0.6855823516845696
0.5150398680230959,0.13021996150673643,0.6677701402254606,0.573450646136926,1.0487104756667582,0.7165686004949133,1.1857794885894968,0.5097882870497663,1.2426120428924938,61702.04399230135,0.6889795780181878
0.5150398680230959,0.15021996150673644,0.6577701402254605,0.573450646136926,1.038710475666758,0.6865686004949133,1.2357794885894968,0.5097882870497663,1.2626120428924938,61763.04399230135,0.6935605525970487
0.4950398680230961,0.13021996150673643,0.6477701402254605,0.593450646136926,1.058710475666758,0.6865686004949133,1.2057794885894968,0.5197882870497663,1.2526120428924938,61984.04399230135,0.6971194267272978
0.5050398680230959,0.17021996150673646,0.6477701402254605,0.603450646136926,1.0487104756667582,0.7165686004949133,1.1857794885894968,0.4897882870497663,1.2626120428924938,62065.04399230135,0.6979698657989495
0.5050398680230959,0.16021996150673645,0.6777701402254606,0.623450646136926,1.0487104756667582,0.6765686004949133,1.2457794885894968,0.4997882870497663,1.2526120428924938,63044.04399230135,0.7019693374633782
0.5050398680230959,0.19021996150673637,0.7177701402254606,0.613450646136926,1.078710475666758,0.6965686004949133,1.3057794885894967,0.4697882870497663,1.2626120428924938,64071.04399230135,0.7059692859649687
0.5050398680230959,0.20021996150673638,0.6977701402254606,0.623450646136926,1.058710475666758,0.7065686004949133,1.3357794885894967,0.4797882870497663,1.2626120428924938,64424.04399230135,0.7094218254089348
0.5650398680230959,0.21021996150673639,0.7277701402254606,0.613450646136926,1.078710475666758,0.6865686004949133,1.2957794885894967,0.4797882870497663,1.2826120428924936,64557.04399230135,0.7135321617126493
0.625039868023096,0.20021996150673638,0.7377701402254606,0.603450646136926,1.078710475666758,0.6665686004949133,1.3057794885894967,0.4897882870497663,1.3126120428924937,64582.04399230135,0.7135321617126493
0.635039868023096,0.2302199615067364,0.7677701402254606,0.623450646136926,1.078710475666758,0.6365686004949135,1.2757794885894969,0.4897882870497663,1.3226120428924937,64923.04399230135,0.717488241195678
0.695039868023096,0.27021996150673644,0.8077701402254605,0.623450646136926,1.0687104756667583,0.6165686004949135,1.2857794885894966,0.4697882870497663,1.3526120428924937,65166.04399230135,0.7219104290008573
0.655039868023096,0.27021996150673644,0.8277701402254605,0.653450646136926,1.0287104756667582,0.5665686004949134,1.2857794885894966,0.5197882870497663,1.3626120428924937,65349.04399230135,0.7250990390777581
0.665039868023096,0.29021996150673646,0.8377701402254605,0.633450646136926,1.0187104756667582,0.5365686004949134,1.3057794885894967,0.4897882870497663,1.3926120428924937,66110.04399230135,0.7261015892028801
0.675039868023096,0.28021996150673645,0.8577701402254605,0.653450646136926,1.0287104756667582,0.5265686004949134,1.3457794885894967,0.4997882870497663,1.3926120428924937,66987.04399230135,0.7300912857055692
0.695039868023096,0.28021996150673645,0.8477701402254605,0.6634506461369261,0.9487104756667581,0.5365686004949134,1.3657794885894967,0.5397882870497663,1.3826120428924937,66842.04399230135,0.7340650081634514
0.685039868023096,0.26021996150673643,0.8277701402254605,0.643450646136926,0.9687104756667582,0.5365686004949134,1.3757794885894967,0.5997882870497662,1.4526120428924938,66533.04399230135,0.7381071567535393
0.685039868023096,0.20021996150673638,0.8377701402254605,0.6734506461369261,0.9487104756667581,0.5165686004949134,1.3657794885894967,0.6297882870497662,1.4426120428924938,66902.04399230135,0.7381071567535393
0.695039868023096,0.2402199615067364,0.8177701402254605,0.6734506461369261,0.8987104756667583,0.49656860049491336,1.3857794885894967,0.6897882870497662,1.4726120428924938,67525.04399230135,0.7418584346771233
0.695039868023096,0.27021996150673644,0.7877701402254604,0.6834506461369261,0.8987104756667583,0.48656860049491335,1.3857794885894967,0.6797882870497662,1.4626120428924938,68206.04399230135,0.7468754768371575
0.705039868023096,0.26021996150673643,0.7277701402254606,0.7234506461369261,0.8687104756667583,0.5065686004949134,1.4157794885894968,0.6997882870497663,1.5226120428924936,68629.04399230135,0.7509040355682366
0.675039868023096,0.2502199615067364,0.7277701402254606,0.6934506461369261,0.8487104756667583,0.49656860049491336,1.4557794885894968,0.7397882870497663,1.5126120428924938,68934.04399230135,0.7509040355682366
0.675039868023096,0.28021996150673645,0.7277701402254606,0.7334506461369261,0.8687104756667583,0.48656860049491335,1.4457794885894968,0.7297882870497663,1.5026120428924938,68723.04399230135,0.7548756122589104
0.685039868023096,0.3102199615067365,0.7377701402254606,0.7434506461369261,0.7987104756667582,0.47656860049491334,1.4457794885894968,0.7797882870497663,1.4726120428924938,69662.04399230135,0.7585556030273395
0.675039868023096,0.3302199615067365,0.7677701402254606,0.7734506461369259,0.7687104756667582,0.47656860049491334,1.4357794885894968,0.7997882870497663,1.4626120428924938,70905.04399230135,0.7634143352508573
0.705039868023096,0.3202199615067365,0.7977701402254604,0.7634506461369261,0.7287104756667582,0.47656860049491334,1.4357794885894968,0.8297882870497661,1.4326120428924938,71036.04399230135,0.7634143352508573
0.695039868023096,0.3502199615067365,0.8177701402254605,0.7634506461369261,0.7087104756667582,0.4565686004949133,1.4257794885894968,0.8297882870497661,1.3826120428924937,71635.04399230135,0.7666799545288079
0.7350398680230961,0.3902199615067363,0.8977701402254605,0.7834506461369259,0.6887104756667581,0.4465686004949133,1.4257794885894968,0.8397882870497662,1.3526120428924937,72366.04399230135,0.7718839168548577
0.7350398680230961,0.40021996150673633,0.9477701402254606,0.7734506461369259,0.6587104756667581,0.4165686004949133,1.4157794885894968,0.8797882870497662,1.3026120428924937,73045.04399230135,0.7754680633544915
0.7550398680230959,0.41021996150673634,0.9877701402254606,0.7734506461369259,0.6287104756667583,0.4265686004949133,1.3957794885894967,0.8997882870497662,1.2526120428924938,73838.04399230135,0.7789456367492669
0.7450398680230961,0.41021996150673634,1.0177701402254606,0.803450646136926,0.6187104756667583,0.4165686004949133,1.4057794885894968,0.8997882870497662,1.2526120428924938,74061.04399230135,0.7797109603881793
0.7350398680230961,0.43021996150673636,1.0377701402254604,0.793450646136926,0.5887104756667583,0.3965686004949135,1.4157794885894968,0.9197882870497662,1.2926120428924937,74586.04399230135,0.7837109088897662
0.7550398680230959,0.43021996150673636,1.0477701402254604,0.813450646136926,0.5787104756667583,0.4065686004949135,1.4057794885894968,0.8997882870497662,1.2326120428924938,74931.04399230135,0.7877110958099358
0.7250398680230961,0.4602199615067364,1.0377701402254604,0.823450646136926,0.5887104756667583,0.4065686004949135,1.4057794885894968,0.8997882870497662,1.2526120428924938,74806.04399230135,0.7907037258148186
0.7250398680230961,0.4902199615067364,1.0177701402254606,0.833450646136926,0.5687104756667583,0.4265686004949133,1.4057794885894968,0.8297882870497661,1.2726120428924936,75115.04399230135,0.7917389392852776
0.695039868023096,0.4802199615067364,0.9677701402254606,0.853450646136926,0.5887104756667583,0.4465686004949133,1.4157794885894968,0.8197882870497661,1.3126120428924937,74994.04399230135,0.7962786674499505
0.675039868023096,0.4802199615067364,0.9077701402254605,0.863450646136926,0.6387104756667583,0.4365686004949133,1.4257794885894968,0.8497882870497662,1.3326120428924937,74787.04399230135,0.7996725559234612
0.665039868023096,0.43021996150673636,0.8677701402254605,0.893450646136926,0.6187104756667583,0.46656860049491333,1.4157794885894968,0.8597882870497662,1.3426120428924937,74974.04399230135,0.8031391620635979
0.635039868023096,0.3602199615067365,0.7877701402254604,0.9234506461369261,0.5987104756667583,0.4465686004949133,1.4257794885894968,0.8797882870497662,1.4026120428924937,74715.04399230135,0.8041932106018095
0.625039868023096,0.3702199615067363,0.7477701402254606,0.9334506461369261,0.5887104756667583,0.48656860049491335,1.4057794885894968,0.9097882870497662,1.3826120428924937,74104.04399230135,0.8082668304443352
0.635039868023096,0.3802199615067363,0.7677701402254606,0.9234506461369261,0.5587104756667582,0.48656860049491335,1.4257794885894968,0.9697882870497663,1.3926120428924937,73599.04399230135,0.8122663021087675
0.635039868023096,0.3902199615067363,0.7677701402254606,0.9234506461369261,0.5287104756667582,0.49656860049491336,1.4257794885894968,0.9697882870497663,1.3726120428924937,73382.04399230135,0.8152584552764885
0.625039868023096,0.3902199615067363,0.7777701402254606,0.9434506461369261,0.5387104756667582,0.49656860049491336,1.4357794885894968,0.9497882870497663,1.3426120428924937,73793.04399230135,0.8162657737731926
0.625039868023096,0.40021996150673633,0.7977701402254604,0.9334506461369261,0.4787104756667582,0.49656860049491336,1.4257794885894968,1.0197882870497663,1.3126120428924937,73984.04399230135,0.8198182106018095
0.635039868023096,0.40021996150673633,0.8377701402254605,0.9234506461369261,0.4987104756667582,0.48656860049491335,1.4057794885894968,0.9897882870497663,1.2726120428924936,74101.04399230135,0.8238160133361809
0.645039868023096,0.44021996150673637,0.8477701402254605,0.9334506461369261,0.46871047566675816,0.49656860049491336,1.4357794885894968,0.9997882870497663,1.2526120428924938,74254.04399230135,0.8278808116912835
0.625039868023096,0.5002199615067364,0.8477701402254605,0.9234506461369261,0.44871047566675815,0.5065686004949134,1.4657794885894968,0.9497882870497663,1.2526120428924938,74321.04399230135,0.8278808116912835
0.635039868023096,0.5002199615067364,0.8577701402254605,0.9134506461369261,0.42871047566675813,0.5165686004949134,1.4557794885894968,0.9597882870497663,1.2326120428924938,74424.04399230135,0.832173299789428
0.605039868023096,0.4902199615067364,0.8877701402254605,0.9434506461369261,0.43871047566675814,0.47656860049491334,1.4757794885894968,0.9697882870497663,1.2126120428924938,74015.04399230135,0.8360576152801507
0.615039868023096,0.4702199615067364,0.8777701402254605,0.9134506461369261,0.3687104756667583,0.47656860049491334,1.4657794885894968,0.9797882870497663,1.2226120428924938,74274.04399230135,0.840218257904052
0.5850398680230959,0.4702199615067364,0.8377701402254605,0.9434506461369261,0.3887104756667583,0.49656860049491336,1.4757794885894968,0.9197882870497662,1.2426120428924938,74141.04399230135,0.840218257904052
0.5850398680230959,0.4802199615067364,0.7977701402254604,0.9534506461369261,0.4087104756667581,0.5265686004949134,1.4657794885894968,0.9297882870497662,1.1926120428924938,73262.04399230135,0.8446974277496331
0.5750398680230959,0.43021996150673636,0.7977701402254604,0.9734506461369261,0.3787104756667583,0.5365686004949134,1.4757794885894968,0.9397882870497662,1.2126120428924938,72769.04399230135,0.8486971378326444
0.5950398680230959,0.3902199615067363,0.7477701402254606,0.9434506461369261,0.3987104756667583,0.5665686004949134,1.4857794885894968,0.9597882870497663,1.2126120428924938,72186.04399230135,0.8526961326599114
0.605039868023096,0.3702199615067363,0.7477701402254606,0.9534506461369261,0.3987104756667583,0.5965686004949134,1.4757794885894968,0.9297882870497662,1.1626120428924938,71551.04399230135,0.8566641330718987
0.615039868023096,0.3102199615067365,0.7377701402254606,0.9834506461369261,0.3887104756667583,0.5565686004949134,1.4657794885894968,1.0097882870497663,1.1926120428924938,70682.04399230135,0.8566641330718987
0.625039868023096,0.28021996150673645,0.6977701402254606,0.9934506461369261,0.3987104756667583,0.5565686004949134,1.4457794885894968,0.9997882870497663,1.1826120428924938,70069.04399230135,0.8608448028564482
0.645039868023096,0.2502199615067364,0.6877701402254606,0.9734506461369261,0.3887104756667583,0.5565686004949134,1.3957794885894967,1.0197882870497663,1.1826120428924938,69294.04399230135,0.8647021770477288
0.625039868023096,0.2502199615067364,0.7277701402254606,1.0034506461369261,0.3987104756667583,0.5565686004949134,1.4257794885894968,1.0097882870497663,1.1626120428924938,68599.04399230135,0.868970584869384
0.625039868023096,0.2402199615067364,0.7577701402254606,1.023450646136926,0.3687104756667583,0.5865686004949134,1.4157794885894968,0.9997882870497663,1.1226120428924937,68842.04399230135,0.8697258949279778
0.615039868023096,0.2502199615067364,0.6677701402254606,1.0034506461369261,0.3887104756667583,0.5665686004949134,1.4357794885894968,0.9297882870497662,1.1426120428924937,68155.04399230135,0.8743083000183134
0.605039868023096,0.3202199615067365,0.6877701402254606,1.023450646136926,0.3687104756667583,0.5765686004949134,1.4057794885894968,0.9097882870497662,1.1126120428924937,67146.04399230135,0.8772880554199247
0.605039868023096,0.3702199615067363,0.6877701402254606,1.023450646136926,0.3787104756667583,0.5765686004949134,1.4057794885894968,0.8397882870497662,1.1326120428924937,66955.04399230135,0.8811230182647662
0.5950398680230959,0.3502199615067365,0.6877701402254606,1.083450646136926,0.3887104756667583,0.6065686004949135,1.3657794885894967,0.8097882870497664,1.1026120428924937,66722.04399230135,0.8811230182647662
0.5650398680230959,0.3802199615067363,0.6677701402254606,1.063450646136926,0.3987104756667583,0.6365686004949135,1.3857794885894967,0.7697882870497663,1.1326120428924937,66379.04399230135,0.8859402656555169
0.5450398680230959,0.3602199615067365,0.6577701402254605,1.063450646136926,0.3987104756667583,0.6265686004949135,1.4257794885894968,0.7697882870497663,1.1626120428924938,65590.04399230135,0.8900227069854729
0.5850398680230959,0.3502199615067365,0.6277701402254605,1.063450646136926,0.4187104756667581,0.6165686004949135,1.3857794885894967,0.7697882870497663,1.1726120428924938,65377.04399230135,0.8940124034881585
0.5950398680230959,0.3502199615067365,0.6077701402254605,1.063450646136926,0.43871047566675814,0.6165686004949135,1.3957794885894967,0.7597882870497663,1.1926120428924938,64442.04399230135,0.8940124034881585
0.5950398680230959,0.3102199615067365,0.5877701402254606,1.053450646136926,0.42871047566675813,0.6165686004949135,1.3857794885894967,0.7197882870497663,1.2026120428924938,63759.04399230135,0.8972270011901848
0.5850398680230959,0.3202199615067365,0.5777701402254606,1.053450646136926,0.4187104756667581,0.5965686004949134,1.3857794885894967,0.7197882870497663,1.2226120428924938,63082.04399230135,0.9021245956420891
0.5750398680230959,0.3102199615067365,0.5877701402254606,1.063450646136926,0.46871047566675816,0.5865686004949134,1.4157794885894968,0.6897882870497662,1.2526120428924938,63083.04399230135,0.905741882324218
0.5650398680230959,0.26021996150673643,0.5777701402254606,1.063450646136926,0.5087104756667582,0.5565686004949134,1.4057794885894968,0.6797882870497662,1.2526120428924938,63282.04399230135,0.9067871093749993
0.5750398680230959,0.26021996150673643,0.5477701402254606,1.023450646136926,0.5187104756667582,0.5565686004949134,1.4357794885894968,0.6497882870497662,1.2826120428924936,62479.04399230135,0.910807800292968
0.5350398680230959,0.21021996150673639,0.5577701402254606,1.043450646136926,0.5187104756667582,0.5965686004949134,1.4357794885894968,0.6497882870497662,1.2526120428924938,61740.04399230135,0.9152616977691679
0.5250398680230959,0.20021996150673638,0.5677701402254606,1.073450646136926,0.5487104756667582,0.5965686004949134,1.3957794885894967,0.6797882870497662,1.2526120428924938,61641.04399230135,0.9183172702789264
0.5050398680230959,0.17021996150673646,0.6177701402254605,1.063450646136926,0.5387104756667582,0.5765686004949134,1.3957794885894967,0.6897882870497662,1.2426120428924938,61740.04399230135,0.922464323043819
0.4950398680230961,0.18021996150673636,0.6177701402254605,1.043450646136926,0.5487104756667582,0.5765686004949134,1.4257794885894968,0.6897882870497662,1.2426120428924938,61233.04399230135,0.9232611179351764
0.47503986802309606,0.21021996150673639,0.6277701402254605,1.023450646136926,0.6387104756667583,0.5965686004949134,1.4557794885894968,0.6397882870497662,1.2226120428924938,61250.04399230135,0.9268326282501249
0.47503986802309606,0.18021996150673636,0.5977701402254605,1.023450646136926,0.5987104756667583,0.6065686004949135,1.4257794885894968,0.6397882870497662,1.2326120428924938,61097.04399230135,0.9303791046142571
0.48503986802309607,0.19021996150673637,0.5877701402254606,0.9634506461369261,0.6387104756667583,0.6565686004949135,1.4457794885894968,0.6397882870497662,1.2226120428924938,60442.04399230135,0.9345111370086663
0.4950398680230961,0.13021996150673643,0.5977701402254605,0.9634506461369261,0.6687104756667581,0.6465686004949135,1.4457794885894968,0.6197882870497662,1.2426120428924938,59975.04399230135,0.9355821132659905
0.47503986802309606,0.14021996150673643,0.5877701402254606,0.9434506461369261,0.7087104756667582,0.6165686004949135,1.4657794885894968,0.6197882870497662,1.2426120428924938,59824.04399230135,0.9386450767517083
0.46503986802309605,0.1002199615067364,0.6077701402254605,0.9334506461369261,0.7587104756667582,0.6365686004949135,1.4757794885894968,0.6197882870497662,1.2426120428924938,60265.04399230135,0.9427449226379387
0.45503986802309604,0.1002199615067364,0.5777701402254606,0.9234506461369261,0.7887104756667582,0.6565686004949135,1.4857794885894968,0.5697882870497661,1.2226120428924938,59784.04399230135,0.9462780475616483
0.44503986802309603,0.11021996150673641,0.5977701402254605,0.9234506461369261,0.7987104756667582,0.7365686004949134,1.4957794885894968,0.5597882870497664,1.1426120428924937,59281.04399230135,0.9472267150878864
0.44503986802309603,0.11021996150673641,0.5977701402254605,0.903450646136926,0.8387104756667583,0.7265686004949133,1.4757794885894968,0.5597882870497664,1.1826120428924938,59644.04399230135,0.9512302398681634
0.45503986802309604,0.09021996150673639,0.5677701402254606,0.903450646136926,0.8687104756667583,0.7165686004949133,1.4557794885894968,0.5897882870497662,1.1826120428924938,59347.04399230135,0.9552301883697503
0.44503986802309603,0.11021996150673641,0.5777701402254606,0.903450646136926,0.8887104756667583,0.7365686004949134,1.4657794885894968,0.5597882870497664,1.1926120428924938,59308.04399230135,0.9592294216155999
0.425039868023096,0.08021996150673638,0.5277701402254605,0.903450646136926,0.9087104756667581,0.7465686004949134,1.4657794885894968,0.5697882870497661,1.2026120428924938,59605.04399230135,0.9592294216155999
0.425039868023096,0.12021996150673642,0.5577701402254606,0.883450646136926,0.9187104756667581,0.7565686004949134,1.4557794885894968,0.5497882870497663,1.2526120428924938,60398.04399230135,0.9643280029296868
0.45503986802309604,0.12021996150673642,0.5577701402254606,0.863450646136926,0.9387104756667581,0.7765686004949134,1.4457794885894968,0.5197882870497663,1.2326120428924938,61001.04399230135,0.9672953605651848
0.435039868023096,0.15021996150673644,0.5677701402254606,0.843450646136926,0.9787104756667582,0.7565686004949134,1.4557794885894968,0.5297882870497663,1.2626120428924938,60766.04399230135,0.9715139389038079
0.44503986802309603,0.14021996150673643,0.6177701402254605,0.853450646136926,0.9887104756667582,0.7465686004949134,1.4557794885894968,0.5097882870497663,1.2626120428924938,61149.04399230135,0.9725689411163323
0.44503986802309603,0.15021996150673644,0.5777701402254606,0.833450646136926,0.9987104756667582,0.7565686004949134,1.4457794885894968,0.5097882870497663,1.2926120428924937,61544.04399230135,0.9760608196258573
0.45503986802309604,0.16021996150673645,0.6077701402254605,0.823450646136926,1.038710475666758,0.7765686004949134,1.4557794885894968,0.4897882870497663,1.2726120428924936,61353.04399230135,0.9801487445831292
0.45503986802309604,0.16021996150673645,0.6277701402254605,0.813450646136926,1.0087104756667582,0.7565686004949134,1.4457794885894968,0.5197882870497663,1.2826120428924936,61726.04399230135,0.9843308448791497
0.46503986802309605,0.17021996150673646,0.6677701402254606,0.803450646136926,1.0087104756667582,0.7365686004949134,1.4557794885894968,0.5197882870497663,1.2926120428924937,61975.04399230135,0.9843308448791497
0.47503986802309606,0.16021996150673645,0.7177701402254606,0.813450646136926,1.0287104756667582,0.6865686004949133,1.4557794885894968,0.5097882870497663,1.3126120428924937,62472.04399230135,0.9873575687408476
0.48503986802309607,0.19021996150673637,0.7277701402254606,0.7834506461369259,0.9787104756667582,0.6165686004949135,1.4557794885894968,0.5397882870497663,1.3626120428924937,62657.04399230135,0.9923307418823271
0.47503986802309606,0.20021996150673638,0.7377701402254606,0.803450646136926,0.9587104756667582,0.6065686004949135,1.4657794885894968,0.5497882870497663,1.3726120428924937,63524.04399230135,0.995357704162597
0.5050398680230959,0.2402199615067364,0.7577701402254606,0.823450646136926,0.9387104756667581,0.5865686004949134,1.4157794885894968,0.5897882870497662,1.3526120428924937,63319.04399230135,1.000117254257205
0.5450398680230959,0.2302199615067364,0.7577701402254606,0.793450646136926,0.9387104756667581,0.5665686004949134,1.4157794885894968,0.5697882870497661,1.3926120428924937,63568.04399230135,1.0012623786926262
0.5650398680230959,0.2202199615067364,0.7777701402254606,0.823450646136926,0.9087104756667581,0.5665686004949134,1.4057794885894968,0.5997882870497662,1.3926120428924937,63703.04399230135,1.0051900863647454
0.5550398680230959,0.21021996150673639,0.7777701402254606,0.823450646136926,0.9087104756667581,0.5765686004949134,1.4257794885894968,0.6297882870497662,1.3926120428924937,64094.04399230135,1.0084163665771477
0.5450398680230959,0.21021996150673639,0.7577701402254606,0.813450646136926,0.8787104756667583,0.5765686004949134,1.4257794885894968,0.6497882870497662,1.4326120428924938,64255.04399230135,1.0116784095764153
0.5550398680230959,0.21021996150673639,0.6877701402254606,0.823450646136926,0.8487104756667583,0.6065686004949135,1.3957794885894967,0.6597882870497662,1.4426120428924938,64354.04399230135,1.0127381801605253
0.5850398680230959,0.2402199615067364,0.6477701402254605,0.813450646136926,0.8287104756667583,0.5965686004949134,1.4157794885894968,0.6897882870497662,1.4726120428924938,64719.04399230135,1.016658973693847
0.5950398680230959,0.27021996150673644,0.6077701402254605,0.803450646136926,0.8387104756667583,0.5965686004949134,1.4257794885894968,0.6897882870497662,1.4726120428924938,64710.04399230135,1.0213007450103753
0.615039868023096,0.27021996150673644,0.6077701402254605,0.823450646136926,0.7987104756667582,0.5865686004949134,1.4257794885894968,0.7097882870497663,1.4926120428924938,64795.04399230135,1.0240051269531278
0.5750398680230959,0.29021996150673646,0.5877701402254606,0.823450646136926,0.7887104756667582,0.5965686004949134,1.4057794885894968,0.6897882870497662,1.5026120428924938,65450.04399230135,1.0250176906585686
0.605039868023096,0.30021996150673647,0.6177701402254605,0.833450646136926,0.8087104756667582,0.5765686004949134,1.4457794885894968,0.7497882870497663,1.4926120428924938,66057.04399230135,1.0292038440704303
0.635039868023096,0.3102199615067365,0.6377701402254605,0.813450646136926,0.7787104756667582,0.5665686004949134,1.4457794885894968,0.7797882870497663,1.4526120428924938,66834.04399230135,1.0332014083862298
0.605039868023096,0.3402199615067365,0.6577701402254605,0.823450646136926,0.7187104756667582,0.5365686004949134,1.4557794885894968,0.7897882870497663,1.4526120428924938,67817.04399230135,1.036331129074096
0.625039868023096,0.3802199615067363,0.7377701402254606,0.843450646136926,0.7187104756667582,0.5265686004949134,1.4357794885894968,0.7697882870497663,1.4026120428924937,68542.04399230135,1.0373260498046868
0.615039868023096,0.40021996150673633,0.7777701402254606,0.843450646136926,0.6887104756667581,0.5165686004949134,1.4257794885894968,0.7897882870497663,1.3426120428924937,68927.04399230135,1.0413436412811272
0.625039868023096,0.40021996150673633,0.8177701402254605,0.833450646136926,0.6887104756667581,0.5165686004949134,1.4857794885894968,0.7997882870497663,1.3126120428924937,69136.04399230135,1.0450369834899895
0.635039868023096,0.40021996150673633,0.8677701402254605,0.823450646136926,0.6587104756667581,0.5165686004949134,1.4557794885894968,0.8197882870497661,1.2526120428924938,69623.04399230135,1.0489909172058063
0.635039868023096,0.40021996150673633,0.8977701402254605,0.843450646136926,0.6187104756667583,0.49656860049491336,1.4457794885894968,0.8497882870497662,1.2526120428924938,70216.04399230135,1.0500669002532952
0.635039868023096,0.41021996150673634,0.9177701402254606,0.853450646136926,0.5887104756667583,0.5165686004949134,1.4357794885894968,0.8797882870497662,1.2126120428924938,70669.04399230135,1.053713274002071
0.625039868023096,0.43021996150673636,0.9077701402254605,0.863450646136926,0.5587104756667582,0.5265686004949134,1.4357794885894968,0.8797882870497662,1.2026120428924938,70818.04399230135,1.0576331138610833
0.655039868023096,0.44021996150673637,0.9277701402254606,0.883450646136926,0.5787104756667583,0.48656860049491335,1.4157794885894968,0.8197882870497661,1.2526120428924938,71055.04399230135,1.0616802692413323
0.655039868023096,0.4602199615067364,0.9077701402254605,0.893450646136926,0.6187104756667583,0.49656860049491336,1.3857794885894967,0.7597882870497663,1.2626120428924938,71042.04399230135,1.0656497001647907
0.665039868023096,0.4702199615067364,0.8877701402254605,0.873450646136926,0.6187104756667583,0.5265686004949134,1.3857794885894967,0.7397882870497663,1.2326120428924938,71525.04399230135,1.0666119575500481
0.645039868023096,0.44021996150673637,0.8177701402254605,0.9134506461369261,0.6487104756667583,0.5465686004949134,1.3957794885894967,0.7497882870497663,1.2926120428924937,71684.04399230135,1.070092868804931
0.655039868023096,0.40021996150673633,0.7877701402254604,0.903450646136926,0.6487104756667583,0.5665686004949134,1.4157794885894968,0.7797882870497663,1.2826120428924936,70713.04399230135,1.0740830421447747
0.665039868023096,0.3502199615067365,0.7177701402254606,0.9134506461369261,0.6687104756667581,0.5565686004949134,1.3857794885894967,0.8297882870497661,1.3226120428924937,70314.04399230135,1.0779513835906975
0.635039868023096,0.3702199615067363,0.6977701402254606,0.9334506461369261,0.6487104756667583,0.5765686004949134,1.3957794885894967,0.8497882870497662,1.3526120428924937,70555.04399230135,1.0790433406829791
0.615039868023096,0.3802199615067363,0.6277701402254605,0.9434506461369261,0.5887104756667583,0.5565686004949134,1.3857794885894967,0.8697882870497662,1.3626120428924937,70744.04399230135,1.0820600509643548
0.5850398680230959,0.3702199615067363,0.6477701402254605,0.9634506461369261,0.5387104756667582,0.5565686004949134,1.3857794885894967,0.9497882870497663,1.3326120428924937,70757.04399230135,1.0870863914489775
0.5650398680230959,0.3702199615067363,0.6577701402254605,0.9534506461369261,0.4887104756667582,0.5865686004949134,1.4257794885894968,0.9697882870497663,1.3326120428924937,70496.04399230135,1.0900558948516874
0.5550398680230959,0.40021996150673633,0.6877701402254606,0.9734506461369261,0.4887104756667582,0.5965686004949134,1.4257794885894968,0.9397882870497662,1.3026120428924937,70423.04399230135,1.0900558948516874
0.5350398680230959,0.42021996150673635,0.6977701402254606,0.9534506461369261,0.4987104756667582,0.5865686004949134,1.4757794885894968,0.9197882870497662,1.2726120428924936,70698.04399230135,1.0944158554077106
0.5450398680230959,0.42021996150673635,0.6977701402254606,0.9634506461369261,0.46871047566675816,0.5565686004949134,1.4557794885894968,0.9097882870497662,1.3026120428924937,70959.04399230135,1.0980484008789055
0.5450398680230959,0.4602199615067364,0.7077701402254606,0.9734506461369261,0.43871047566675814,0.5665686004949134,1.4457794885894968,0.8697882870497662,1.2626120428924938,71422.04399230135,1.102340650558471
0.5550398680230959,0.4602199615067364,0.7477701402254606,0.9434506461369261,0.4187104756667581,0.5765686004949134,1.4357794885894968,0.8897882870497662,1.2126120428924938,70853.04399230135,1.1030554294586175
0.5850398680230959,0.4802199615067364,0.7377701402254606,0.9234506461369261,0.3887104756667583,0.5865686004949134,1.4457794885894968,0.8897882870497662,1.1926120428924938,70560.04399230135,1.1070534706115716
0.5850398680230959,0.4702199615067364,0.7677701402254606,0.9234506461369261,0.3687104756667583,0.5465686004949134,1.4257794885894968,0.8997882870497662,1.2426120428924938,70933.04399230135,1.111172151565551
0.5850398680230959,0.4602199615067364,0.7277701402254606,0.9134506461369261,0.3987104756667583,0.5565686004949134,1.4257794885894968,0.8997882870497662,1.2226120428924938,71140.04399230135,1.1151716232299798
0.615039868023096,0.40021996150673633,0.7277701402254606,0.9434506461369261,0.42871047566675813,0.6165686004949135,1.4257794885894968,0.8997882870497662,1.2226120428924938,71119.04399230135,1.1151716232299798
0.5850398680230959,0.3702199615067363,0.6677701402254606,0.9534506461369261,0.3587104756667583,0.6065686004949135,1.4557794885894968,0.8997882870497662,1.1726120428924938,70304.04399230135,1.1186282157897907
0.5450398680230959,0.3202199615067365,0.6677701402254606,0.9634506461369261,0.3587104756667583,0.6365686004949135,1.4757794885894968,0.8797882870497662,1.1526120428924937,69645.04399230135,1.1239995479583733
0.5250398680230959,0.29021996150673646,0.6277701402254605,0.9634506461369261,0.3687104756667583,0.6165686004949135,1.4657794885894968,0.8997882870497662,1.2226120428924938,69224.04399230135,1.1268362522125273
0.5250398680230959,0.26021996150673643,0.6177701402254605,0.9934506461369261,0.3987104756667583,0.6565686004949135,1.4357794885894968,0.9197882870497662,1.1626120428924938,68527.04399230135,1.127895545959472
0.5450398680230959,0.2302199615067364,0.6077701402254605,1.0034506461369261,0.3987104756667583,0.6265686004949135,1.4257794885894968,0.9397882870497662,1.1626120428924938,68158.04399230135,1.1309077262878446
0.5150398680230959,0.26021996150673643,0.6377701402254605,0.9834506461369261,0.4087104756667581,0.6065686004949135,1.4457794885894968,0.9397882870497662,1.1726120428924938,67407.04399230135,1.1349117279052727
0.5250398680230959,0.2402199615067364,0.6277701402254605,0.9934506461369261,0.3887104756667583,0.5965686004949134,1.4457794885894968,0.9497882870497663,1.1626120428924938,66650.04399230135,1.139924478530883
0.5150398680230959,0.2502199615067364,0.6377701402254605,1.0034506461369261,0.3587104756667583,0.5865686004949134,1.4457794885894968,0.9497882870497663,1.2126120428924938,66463.04399230135,1.139924478530883
0.47503986802309606,0.30021996150673647,0.5977701402254605,1.053450646136926,0.3587104756667583,0.6165686004949135,1.4557794885894968,0.9097882870497662,1.1726120428924938,66702.04399230135,1.1433002471923785
0.48503986802309607,0.3402199615067365,0.6177701402254605,1.033450646136926,0.3687104756667583,0.6165686004949135,1.4357794885894968,0.8197882870497661,1.1526120428924937,66025.04399230135,1.14730257987976
0.4950398680230961,0.3602199615067365,0.5777701402254606,1.053450646136926,0.3487104756667583,0.6165686004949135,1.4157794885894968,0.7497882870497663,1.1726120428924938,65566.04399230135,1.151369524002071
0.47503986802309606,0.40021996150673633,0.5977701402254605,1.053450646136926,0.3787104756667583,0.6165686004949135,1.4157794885894968,0.7597882870497663,1.1626120428924938,65635.04399230135,1.1557902812957757
0.5350398680230959,0.3802199615067363,0.5677701402254606,1.023450646136926,0.3787104756667583,0.6265686004949135,1.3657794885894967,0.7497882870497663,1.1626120428924938,65416.04399230135,1.1557902812957757
0.5250398680230959,0.3902199615067363,0.5577701402254606,1.023450646136926,0.32871047566675826,0.6365686004949135,1.3957794885894967,0.7097882870497663,1.1626120428924938,65175.04399230135,1.1597666263580315
0.5550398680230959,0.3502199615067365,0.5477701402254606,1.0034506461369261,0.3587104756667583,0.6365686004949135,1.4057794885894968,0.7297882870497663,1.1926120428924938,64794.04399230135,1.1637622833251946
0.5350398680230959,0.3702199615067363,0.5677701402254606,1.033450646136926,0.3687104756667583,0.6165686004949135,1.3957794885894967,0.6797882870497662,1.1826120428924938,64633.04399230135,1.1677619934082024
0.4950398680230961,0.3402199615067365,0.5677701402254606,1.053450646136926,0.3887104756667583,0.6065686004949135,1.3957794885894967,0.6797882870497662,1.1826120428924938,63836.04399230135,1.1677619934082024
0.4950398680230961,0.28021996150673645,0.5577701402254606,1.063450646136926,0.3987104756667583,0.6065686004949135,1.3757794885894967,0.6897882870497662,1.1726120428924938,63711.04399230135,1.1727768898010247
0.5150398680230959,0.2502199615067364,0.5577701402254606,1.073450646136926,0.44871047566675815,0.5965686004949134,1.3557794885894967,0.6397882870497662,1.2026120428924938,63540.04399230135,1.1768664836883502
0.47503986802309606,0.2502199615067364,0.5377701402254605,1.063450646136926,0.43871047566675814,0.6365686004949135,1.3857794885894967,0.6797882870497662,1.2026120428924938,62925.04399230135,1.1799358844757073
0.46503986802309605,0.2402199615067364,0.4877701402254605,1.083450646136926,0.46871047566675816,0.6565686004949135,1.3657794885894967,0.6797882870497662,1.2126120428924938,62208.04399230135,1.180909347534179
0.48503986802309607,0.21021996150673639,0.4777701402254605,1.063450646136926,0.4787104756667582,0.6665686004949133,1.3857794885894967,0.6897882870497662,1.2226120428924938,62223.04399230135,1.1840624332427971
0.46503986802309605,0.20021996150673638,0.4677701402254606,1.073450646136926,0.4787104756667582,0.6365686004949135,1.3957794885894967,0.6997882870497663,1.2426120428924938,62142.04399230135,1.1882388114929192
0.47503986802309606,0.2202199615067364,0.5177701402254605,1.063450646136926,0.4887104756667582,0.6265686004949135,1.3757794885894967,0.6797882870497662,1.2226120428924938,61619.04399230135,1.192233753204345
0.48503986802309607,0.19021996150673637,0.5277701402254605,1.053450646136926,0.4887104756667582,0.6665686004949133,1.3857794885894967,0.6697882870497662,1.2026120428924938,61814.04399230135,1.1932441711425774
0.47503986802309606,0.21021996150673639,0.5177701402254605,1.0134506461369261,0.4887104756667582,0.6565686004949135,1.3957794885894967,0.6797882870497662,1.2126120428924938,61831.04399230135,1.1963877201080315
0.48503986802309607,0.2302199615067364,0.5077701402254605,1.0034506461369261,0.4887104756667582,0.6865686004949133,1.3657794885894967,0.6597882870497662,1.2026120428924938,61350.04399230135,1.2005927085876493
0.47503986802309606,0.21021996150673639,0.5077701402254605,1.0134506461369261,0.5487104756667582,0.6765686004949133,1.3757794885894967,0.5897882870497662,1.1926120428924938,61103.04399230135,1.2049145221710162
0.48503986802309607,0.19021996150673637,0.5377701402254605,0.9934506461369261,0.5487104756667582,0.6865686004949133,1.3857794885894967,0.5797882870497661,1.1826120428924938,61020.04399230135,1.2049145221710162
0.45503986802309604,0.17021996150673646,0.5477701402254606,0.9834506461369261,0.5487104756667582,0.6765686004949133,1.3957794885894967,0.6097882870497662,1.1826120428924938,61321.04399230135,1.2089261531829791
0.45503986802309604,0.14021996150673643,0.5477701402254606,0.9734506461369261,0.5687104756667583,0.6765686004949133,1.3957794885894967,0.6097882870497662,1.2026120428924938,60522.04399230135,1.2129172801971393
0.45503986802309604,0.12021996150673642,0.5377701402254605,0.9534506461369261,0.5987104756667583,0.6765686004949133,1.3957794885894967,0.5997882870497662,1.2126120428924938,60019.04399230135,1.2169169902801507
0.46503986802309605,0.12021996150673642,0.5477701402254606,0.9334506461369261,0.6187104756667583,0.6865686004949133,1.4057794885894968,0.5697882870497661,1.2326120428924938,60002.04399230135,1.2179204940795891
0.46503986802309605,0.11021996150673641,0.5177701402254605,0.883450646136926,0.6487104756667583,0.6865686004949133,1.4157794885894968,0.5697882870497661,1.2126120428924938,59757.04399230135,1.2212149620056145
0.46503986802309605,0.14021996150673643,0.5377701402254605,0.9134506461369261,0.6487104756667583,0.6965686004949133,1.3957794885894967,0.5797882870497661,1.2026120428924938,59574.04399230135,1.225139570236209
0.47503986802309606,0.15021996150673644,0.5077701402254605,0.893450646136926,0.6587104756667581,0.7165686004949133,1.4057794885894968,0.6097882870497662,1.1926120428924938,59971.04399230135,1.229248237609859
0.46503986802309605,0.14021996150673643,0.4977701402254605,0.9134506461369261,0.6987104756667581,0.7265686004949133,1.4157794885894968,0.5697882870497661,1.2026120428924938,59786.04399230135,1.2303194522857694
0.46503986802309605,0.14021996150673643,0.5277701402254605,0.873450646136926,0.6887104756667581,0.7765686004949134,1.3957794885894967,0.5997882870497662,1.1726120428924938,59793.04399230135,1.2335972309112577
0.48503986802309607,0.15021996150673644,0.5277701402254605,0.873450646136926,0.6787104756667581,0.7465686004949134,1.3957794885894967,0.6197882870497662,1.2026120428924938,60148.04399230135,1.2376493930816643
0.5150398680230959,0.18021996150673636,0.5077701402254605,0.843450646136926,0.7187104756667582,0.8265686004949134,1.3757794885894967,0.6197882870497662,1.2026120428924938,60475.04399230135,1.2419509410858147
0.5350398680230959,0.16021996150673645,0.5177701402254605,0.833450646136926,0.7187104756667582,0.8065686004949134,1.3757794885894967,0.5897882870497662,1.2126120428924938,60848.04399230135,1.2457522869110065
0.5250398680230959,0.15021996150673644,0.5777701402254606,0.823450646136926,0.6787104756667581,0.7565686004949134,1.3457794885894967,0.6197882870497662,1.2226120428924938,61043.04399230135,1.246497583389285
0.5450398680230959,0.20021996150673638,0.5477701402254606,0.833450646136926,0.7087104756667582,0.7465686004949134,1.3557794885894967,0.5997882870497662,1.2426120428924938,60908.04399230135,1.2504980087280266
0.5450398680230959,0.21021996150673639,0.5777701402254606,0.813450646136926,0.6787104756667581,0.7365686004949134,1.3757794885894967,0.5697882870497661,1.2726120428924936,60589.04399230135,1.2548307895660393
0.5450398680230959,0.26021996150673643,0.5877701402254606,0.823450646136926,0.6887104756667581,0.7465686004949134,1.3757794885894967,0.5797882870497661,1.2626120428924938,60802.04399230135,1.258231592178344
0.4950398680230961,0.2502199615067364,0.6477701402254605,0.853450646136926,0.6787104756667581,0.7265686004949133,1.3957794885894967,0.6297882870497662,1.2726120428924936,60897.04399230135,1.2593056678771966
0.48503986802309607,0.27021996150673644,0.6777701402254606,0.813450646136926,0.6587104756667581,0.6765686004949133,1.4257794885894968,0.6197882870497662,1.2826120428924936,60990.04399230135,1.2632908344268792
0.48503986802309607,0.28021996150673645,0.6877701402254606,0.793450646136926,0.7087104756667582,0.6665686004949133,1.4357794885894968,0.5797882870497661,1.3026120428924937,60723.04399230135,1.2672912597656243
0.46503986802309605,0.28021996150673645,0.7177701402254606,0.813450646136926,0.6887104756667581,0.6465686004949135,1.4657794885894968,0.6197882870497662,1.3026120428924937,60798.04399230135,1.2712912082672112
0.44503986802309603,0.20021996150673638,0.7277701402254606,0.853450646136926,0.7287104756667582,0.6265686004949135,1.4757794885894968,0.5897882870497662,1.3226120428924937,60999.04399230135,1.2712912082672112
0.48503986802309607,0.19021996150673637,0.7677701402254606,0.833450646136926,0.7187104756667582,0.5965686004949134,1.4657794885894968,0.6097882870497662,1.3426120428924937,61150.04399230135,1.275452804565429
0.45503986802309604,0.20021996150673638,0.7477701402254606,0.853450646136926,0.7387104756667582,0.6165686004949135,1.4857794885894968,0.6197882870497662,1.3526120428924937,61003.04399230135,1.2786900520324735
0.46503986802309605,0.18021996150673636,0.6977701402254606,0.873450646136926,0.6987104756667581,0.6265686004949135,1.4657794885894968,0.7097882870497663,1.3426120428924937,61014.04399230135,1.283438873291015
0.48503986802309607,0.19021996150673637,0.6577701402254605,0.883450646136926,0.6887104756667581,0.6465686004949135,1.4457794885894968,0.7397882870497663,1.3426120428924937,61279.04399230135,1.2844504833221393
0.5050398680230959,0.2302199615067364,0.6577701402254605,0.9334506461369261,0.6787104756667581,0.6765686004949133,1.3857794885894967,0.7397882870497663,1.3526120428924937,61040.04399230135,1.286537837982177
0.5250398680230959,0.27021996150673644,0.6277701402254605,0.903450646136926,0.6487104756667583,0.6665686004949133,1.4057794885894968,0.7497882870497663,1.3826120428924937,60653.04399230135,1.2920107364654534
0.5350398680230959,0.26021996150673643,0.5877701402254606,0.9134506461369261,0.6687104756667581,0.6565686004949135,1.4257794885894968,0.7897882870497663,1.4026120428924937,60690.04399230135,1.2956940650939934
0.5250398680230959,0.27021996150673644,0.6177701402254605,0.9234506461369261,0.6687104756667581,0.6465686004949135,1.4157794885894968,0.7797882870497663,1.3926120428924937,61109.04399230135,1.2957529544830315
0.5150398680230959,0.27021996150673644,0.6177701402254605,0.9534506461369261,0.6587104756667581,0.6365686004949135,1.4057794885894968,0.8097882870497664,1.3926120428924937,61104.04399230135,1.3001443862914996
0.5050398680230959,0.28021996150673645,0.6477701402254605,0.9734506461369261,0.6787104756667581,0.5965686004949134,1.4057794885894968,0.8297882870497661,1.3826120428924937,60937.04399230135,1.3037836074829094
0.5250398680230959,0.28021996150673645,0.6877701402254606,0.9734506461369261,0.6587104756667581,0.5865686004949134,1.4157794885894968,0.8297882870497661,1.3326120428924937,61216.04399230135,1.3078264713287346
0.5450398680230959,0.3102199615067365,0.7177701402254606,0.9534506461369261,0.6487104756667583,0.5865686004949134,1.4057794885894968,0.8597882870497662,1.3226120428924937,61597.04399230135,1.308832120895385
0.5350398680230959,0.3402199615067365,0.7677701402254606,0.9534506461369261,0.6187104756667583,0.5865686004949134,1.4357794885894968,0.8397882870497662,1.2826120428924936,62546.04399230135,1.3118521690368645
0.5250398680230959,0.3402199615067365,0.7877701402254604,0.9334506461369261,0.5787104756667583,0.5865686004949134,1.4857794885894968,0.8897882870497662,1.2626120428924938,63017.04399230135,1.315831136703487
0.5350398680230959,0.3502199615067365,0.8277701402254605,0.9434506461369261,0.5587104756667582,0.5565686004949134,1.4557794885894968,0.8697882870497662,1.2326120428924938,62626.04399230135,1.3203825473785393
0.5350398680230959,0.40021996150673633,0.8577701402254605,0.9634506461369261,0.4987104756667582,0.5465686004949134,1.4557794885894968,0.8897882870497662,1.2226120428924938,62849.04399230135,1.323588323593139
0.5250398680230959,0.42021996150673635,0.8677701402254605,0.9534506461369261,0.5187104756667582,0.5565686004949134,1.4757794885894968,0.8597882870497662,1.1826120428924938,63602.04399230135,1.323588323593139
0.5050398680230959,0.40021996150673633,0.8677701402254605,0.9734506461369261,0.5187104756667582,0.5565686004949134,1.4657794885894968,0.8197882870497661,1.1926120428924938,63857.04399230135,1.327839803695678
0.5350398680230959,0.41021996150673634,0.8677701402254605,0.9834506461369261,0.4987104756667582,0.5465686004949134,1.4457794885894968,0.7697882870497663,1.1926120428924938,63708.04399230135,1.332109880447387
0.5450398680230959,0.43021996150673636,0.8477701402254605,0.9834506461369261,0.5187104756667582,0.5465686004949134,1.4257794885894968,0.7797882870497663,1.2326120428924938,63629.04399230135,1.336018753051757
0.5650398680230959,0.41021996150673634,0.8077701402254605,0.9934506461369261,0.4987104756667582,0.5965686004949134,1.3957794885894967,0.8597882870497662,1.2326120428924938,63412.04399230135,1.3370937824249296
0.5850398680230959,0.40021996150673633,0.7377701402254606,1.0034506461369261,0.4987104756667582,0.5965686004949134,1.3857794885894967,0.8797882870497662,1.2526120428924938,63083.04399230135,1.3403217315673785
0.5850398680230959,0.3702199615067363,0.6977701402254606,1.023450646136926,0.4987104756667582,0.6265686004949135,1.3757794885894967,0.8997882870497662,1.2726120428924936,62854.04399230135,1.3436247825622551
0.5950398680230959,0.3302199615067365,0.6377701402254605,1.043450646136926,0.44871047566675815,0.6165686004949135,1.3657794885894967,0.9397882870497662,1.2726120428924936,62637.04399230135,1.3489441394805937
0.5750398680230959,0.3502199615067365,0.6277701402254605,1.053450646136926,0.45871047566675816,0.6265686004949135,1.3457794885894967,0.9397882870497662,1.3326120428924937,62776.04399230135,1.3489441394805937
0.5650398680230959,0.3502199615067365,0.5977701402254605,1.063450646136926,0.4087104756667581,0.6365686004949135,1.3557794885894967,0.9597882870497663,1.3126120428924937,62577.04399230135,1.3529707908630364
0.5350398680230959,0.3702199615067363,0.6177701402254605,1.063450646136926,0.42871047566675813,0.6565686004949135,1.3757794885894967,0.9697882870497663,1.3126120428924937,62974.04399230135,1.3572992801666253
0.5350398680230959,0.42021996150673635,0.5977701402254605,1.063450646136926,0.43871047566675814,0.6165686004949135,1.3757794885894967,0.9297882870497662,1.3426120428924937,62991.04399230135,1.3611778736114495
0.5250398680230959,0.4502199615067364,0.5977701402254605,1.063450646136926,0.4087104756667581,0.6165686004949135,1.3957794885894967,0.8997882870497662,1.2826120428924936,63092.04399230135,1.3611778736114495
0.5050398680230959,0.4502199615067364,0.6477701402254605,1.053450646136926,0.4087104756667581,0.6165686004949135,1.4357794885894968,0.8897882870497662,1.3026120428924937,62897.04399230135,1.364342164993289
0.4950398680230961,0.4702199615067364,0.6677701402254606,1.043450646136926,0.3987104756667583,0.5765686004949134,1.4257794885894968,0.8597882870497662,1.3326120428924937,62798.04399230135,1.3694183349609368
0.48503986802309607,0.43021996150673636,0.6777701402254606,1.053450646136926,0.3587104756667583,0.5465686004949134,1.4257794885894968,0.8697882870497662,1.2826120428924936,62837.04399230135,1.3724371910095243
0.46503986802309605,0.4502199615067364,0.6977701402254606,1.063450646136926,0.3587104756667583,0.5565686004949134,1.4457794885894968,0.8597882870497662,1.3126120428924937,63148.04399230135,1.373416852951049
0.45503986802309604,0.44021996150673637,0.6877701402254606,1.063450646136926,0.29871047566675824,0.5865686004949134,1.4457794885894968,0.9197882870497662,1.2226120428924938,63505.04399230135,1.377416563034057
0.46503986802309605,0.44021996150673637,0.6877701402254606,1.063450646136926,0.29871047566675824,0.5965686004949134,1.4557794885894968,0.9097882870497662,1.2226120428924938,62914.04399230135,1.3807191371917718
0.46503986802309605,0.41021996150673634,0.6877701402254606,1.063450646136926,0.30871047566675824,0.6165686004949135,1.4657794885894968,0.8897882870497662,1.1926120428924938,62847.04399230135,1.3850423812866168
0.47503986802309606,0.3602199615067365,0.6277701402254605,1.053450646136926,0.31871047566675825,0.6465686004949135,1.4357794885894968,0.8797882870497662,1.2126120428924938,62964.04399230135,1.3889486312866168
0.5050398680230959,0.3402199615067365,0.5777701402254606,1.053450646136926,0.33871047566675827,0.6165686004949135,1.4257794885894968,0.8697882870497662,1.2626120428924938,62917.04399230135,1.3897823810577385
0.47503986802309606,0.28021996150673645,0.6477701402254605,1.063450646136926,0.33871047566675827,0.6165686004949135,1.4357794885894968,0.8797882870497662,1.2126120428924938,62844.04399230135,1.3927959918975787
0.5050398680230959,0.28021996150673645,0.5977701402254605,1.073450646136926,0.3487104756667583,0.6265686004949135,1.4157794885894968,0.9097882870497662,1.2626120428924938,62291.04399230135,1.3979095935821526
0.48503986802309607,0.26021996150673643,0.5577701402254606,1.093450646136926,0.32871047566675826,0.5965686004949134,1.4057794885894968,0.9397882870497662,1.2726120428924936,61360.04399230135,1.4009279727935784
0.46503986802309605,0.2402199615067364,0.5377701402254605,1.103450646136926,0.31871047566675825,0.6365686004949135,1.4057794885894968,0.9497882870497663,1.2426120428924938,61121.04399230135,1.4009279727935784
0.47503986802309606,0.2302199615067364,0.5177701402254605,1.083450646136926,0.30871047566675824,0.6365686004949135,1.4057794885894968,0.9697882870497663,1.2626120428924938,60298.04399230135,1.4059097290039055
0.425039868023096,0.28021996150673645,0.5077701402254605,1.113450646136926,0.2887104756667582,0.6265686004949135,1.4557794885894968,0.9197882870497662,1.2626120428924938,59647.04399230135,1.4099099159240716
0.44503986802309603,0.29021996150673646,0.5377701402254605,1.113450646136926,0.31871047566675825,0.6265686004949135,1.4257794885894968,0.8897882870497662,1.2526120428924938,59720.04399230135,1.4139837741851764
0.45503986802309604,0.3302199615067365,0.5177701402254605,1.103450646136926,0.31871047566675825,0.6165686004949135,1.4357794885894968,0.8297882870497661,1.2626120428924938,59093.04399230135,1.4152483463287346
0.44503986802309603,0.3402199615067365,0.5677701402254606,1.123450646136926,0.31871047566675825,0.5565686004949134,1.3957794885894967,0.7997882870497663,1.2526120428924938,58944.04399230135,1.4188239097595243
0.435039868023096,0.3602199615067365,0.5877701402254606,1.123450646136926,0.29871047566675824,0.5765686004949134,1.4157794885894968,0.7297882870497663,1.2526120428924938,59219.04399230135,1.422918510437011
0.44503986802309603,0.3702199615067363,0.5877701402254606,1.123450646136926,0.32871047566675826,0.5565686004949134,1.4057794885894968,0.7497882870497663,1.2526120428924938,58812.04399230135,1.4259476184844964
0.46503986802309605,0.3202199615067365,0.5777701402254606,1.093450646136926,0.31871047566675825,0.5965686004949134,1.4157794885894968,0.7697882870497663,1.2526120428924938,58301.04399230135,1.4259476184844964
0.435039868023096,0.30021996150673647,0.5777701402254606,1.113450646136926,0.30871047566675824,0.5665686004949134,1.4257794885894968,0.7097882870497663,1.2626120428924938,57784.04399230135,1.4302949428558307
0.425039868023096,0.28021996150673645,0.5577701402254606,1.133450646136926,0.32871047566675826,0.5565686004949134,1.4157794885894968,0.7397882870497663,1.2726120428924936,57369.04399230135,1.4347824573516874
0.425039868023096,0.26021996150673643,0.5377701402254605,1.143450646136926,0.3487104756667583,0.5565686004949134,1.4257794885894968,0.6897882870497662,1.2526120428924938,57194.04399230135,1.4382535934448235
0.395039868023096,0.26021996150673643,0.5377701402254605,1.153450646136926,0.3687104756667583,0.5765686004949134,1.4057794885894968,0.6997882870497663,1.2726120428924936,57091.04399230135,1.4392745018005364
0.415039868023096,0.29021996150673646,0.5377701402254605,1.143450646136926,0.3987104756667583,0.5665686004949134,1.4057794885894968,0.6297882870497662,1.2826120428924936,57136.04399230135,1.4424821853637688
0.405039868023096,0.26021996150673643,0.5077701402254605,1.133450646136926,0.4087104756667581,0.5865686004949134,1.4057794885894968,0.6897882870497662,1.2526120428924938,56777.04399230135,1.4470502853393548
0.415039868023096,0.21021996150673639,0.4677701402254606,1.143450646136926,0.43871047566675814,0.6165686004949135,1.3857794885894967,0.6797882870497662,1.2726120428924936,56636.04399230135,1.4510242462158196
0.395039868023096,0.20021996150673638,0.4877701402254605,1.133450646136926,0.43871047566675814,0.6365686004949135,1.3957794885894967,0.6497882870497662,1.2826120428924936,56235.04399230135,1.4510242462158196
0.385039868023096,0.18021996150673636,0.4777701402254605,1.123450646136926,0.4887104756667582,0.6065686004949135,1.4157794885894968,0.6297882870497662,1.2626120428924938,55528.04399230135,1.4554538249969475
0.385039868023096,0.19021996150673637,0.4677701402254606,1.143450646136926,0.4787104756667582,0.6265686004949135,1.3757794885894967,0.6197882870497662,1.2726120428924936,55109.04399230135,1.4586433887481682
0.37503986802309597,0.2302199615067364,0.4677701402254606,1.133450646136926,0.4887104756667582,0.6165686004949135,1.3757794885894967,0.6097882870497662,1.2726120428924936,54956.04399230135,1.4632858753204303
0.37503986802309597,0.2202199615067364,0.4877701402254605,1.133450646136926,0.4987104756667582,0.6265686004949135,1.3857794885894967,0.5897882870497662,1.2626120428924938,54893.04399230135,1.4671024799346917
0.37503986802309597,0.2402199615067364,0.4877701402254605,1.113450646136926,0.45871047566675816,0.6265686004949135,1.4157794885894968,0.6197882870497662,1.2426120428924938,54938.04399230135,1.4671024799346917
0.37503986802309597,0.2402199615067364,0.4977701402254605,1.113450646136926,0.5087104756667582,0.6565686004949135,1.4057794885894968,0.5797882870497661,1.2226120428924938,54585.04399230135,1.4713353633880608
0.385039868023096,0.2202199615067364,0.4977701402254605,1.063450646136926,0.5587104756667582,0.6265686004949135,1.4057794885894968,0.5797882870497661,1.2226120428924938,55058.04399230135,1.4756974697112994
0.395039868023096,0.20021996150673638,0.5177701402254605,1.033450646136926,0.5287104756667582,0.5765686004949134,1.4357794885894968,0.5697882870497661,1.2526120428924938,54943.04399230135,1.4791075706481926
0.405039868023096,0.20021996150673638,0.5177701402254605,1.023450646136926,0.5287104756667582,0.6065686004949135,1.4357794885894968,0.5597882870497664,1.2426120428924938,54110.04399230135,1.4797045707702594
0.385039868023096,0.14021996150673643,0.5377701402254605,1.0034506461369261,0.5787104756667583,0.6565686004949135,1.4457794885894968,0.5697882870497661,1.2326120428924938,53645.04399230135,1.4837224006652825
0.385039868023096,0.15021996150673644,0.5077701402254605,0.9834506461369261,0.5687104756667583,0.6465686004949135,1.4657794885894968,0.5797882870497661,1.2826120428924936,53574.04399230135,1.488235664367675
0.395039868023096,0.12021996150673642,0.5177701402254605,0.9634506461369261,0.5887104756667583,0.6365686004949135,1.4657794885894968,0.5897882870497662,1.2626120428924938,53281.04399230135,1.491442394256591
0.395039868023096,0.14021996150673643,0.4877701402254605,0.9534506461369261,0.5887104756667583,0.6565686004949135,1.4657794885894968,0.5997882870497662,1.2926120428924937,53424.04399230135,1.4924959659576444
0.405039868023096,0.17021996150673646,0.4777701402254605,0.9534506461369261,0.6487104756667583,0.6565686004949135,1.4457794885894968,0.5697882870497661,1.3026120428924937,53647.04399230135,1.4965102195739775
0.395039868023096,0.15021996150673644,0.4777701402254605,0.9434506461369261,0.6387104756667583,0.6765686004949133,1.4357794885894968,0.5897882870497662,1.2826120428924936,53636.04399230135,1.5007366657257073
0.405039868023096,0.17021996150673646,0.4777701402254605,0.9434506461369261,0.6387104756667583,0.7165686004949133,1.4057794885894968,0.5997882870497662,1.2226120428924938,53525.04399230135,1.5039903640747063
0.415039868023096,0.16021996150673645,0.5077701402254605,0.9434506461369261,0.6487104756667583,0.7065686004949133,1.4057794885894968,0.5797882870497661,1.2626120428924938,53510.04399230135,1.505045843124389
0.395039868023096,0.17021996150673646,0.4977701402254605,0.9534506461369261,0.6387104756667583,0.6865686004949133,1.4157794885894968,0.5797882870497661,1.2526120428924938,53891.04399230135,1.5080780506134026
0.405039868023096,0.15021996150673644,0.5277701402254605,0.9634506461369261,0.6787104756667581,0.7165686004949133,1.3857794885894967,0.5697882870497661,1.2626120428924938,53972.04399230135,1.5131115436553948
0.415039868023096,0.15021996150673644,0.5077701402254605,0.9334506461369261,0.6987104756667581,0.7265686004949133,1.3757794885894967,0.5797882870497661,1.2526120428924938,53923.04399230135,1.5163218498229973
0.425039868023096,0.20021996150673638,0.5477701402254606,0.9234506461369261,0.7087104756667582,0.7165686004949133,1.3757794885894967,0.5697882870497661,1.2826120428924936,54114.04399230135,1.5171105384826653
0.46503986802309605,0.19021996150673637,0.5777701402254606,0.9134506461369261,0.6987104756667581,0.7065686004949133,1.3457794885894967,0.5697882870497661,1.2826120428924936,54047.04399230135,1.5211014270782464
0.47503986802309606,0.2202199615067364,0.5777701402254606,0.9234506461369261,0.6787104756667581,0.6965686004949133,1.3657794885894967,0.5697882870497661,1.3226120428924937,54688.04399230135,1.5251113891601555
0.47503986802309606,0.2202199615067364,0.5977701402254605,0.893450646136926,0.6887104756667581,0.6665686004949133,1.3657794885894967,0.5497882870497663,1.3026120428924937,55069.04399230135,1.5294322490692132
0.4950398680230961,0.2502199615067364,0.6277701402254605,0.903450646136926,0.6787104756667581,0.6265686004949135,1.3757794885894967,0.5597882870497664,1.3226120428924937,55334.04399230135,1.5326234817504876
0.45503986802309604,0.27021996150673644,0.6577701402254605,0.9234506461369261,0.6487104756667583,0.6065686004949135,1.3657794885894967,0.5697882870497661,1.3226120428924937,55065.04399230135,1.5326234817504876
0.45503986802309604,0.2502199615067364,0.6677701402254606,0.9334506461369261,0.6987104756667581,0.5765686004949134,1.3957794885894967,0.5597882870497664,1.3526120428924937,54926.04399230135,1.5368346691131585
0.44503986802309603,0.2402199615067364,0.6877701402254606,0.9434506461369261,0.6987104756667581,0.5665686004949134,1.4157794885894968,0.5897882870497662,1.3626120428924937,55355.04399230135,1.541242313385009
0.435039868023096,0.2202199615067364,0.6977701402254606,0.9534506461369261,0.6787104756667581,0.5465686004949134,1.4257794885894968,0.6097882870497662,1.3726120428924937,54558.04399230135,1.5444194793701165
0.425039868023096,0.17021996150673646,0.6577701402254605,0.9634506461369261,0.7187104756667582,0.5965686004949134,1.4357794885894968,0.5997882870497662,1.3626120428924937,54455.04399230135,1.5454415798187284
0.415039868023096,0.18021996150673636,0.6277701402254605,0.9634506461369261,0.7087104756667582,0.6165686004949135,1.4457794885894968,0.6197882870497662,1.3726120428924937,54390.04399230135,1.5494358062744134
0.435039868023096,0.2202199615067364,0.6177701402254605,0.9734506461369261,0.6887104756667581,0.6265686004949135,1.4357794885894968,0.6497882870497662,1.3526120428924937,53855.04399230135,1.5534355163574212
0.435039868023096,0.2302199615067364,0.5677701402254606,0.9734506461369261,0.6687104756667581,0.6165686004949135,1.4257794885894968,0.6597882870497662,1.4326120428924938,54534.04399230135,1.5572409152984612
0.435039868023096,0.2402199615067364,0.5677701402254606,0.9734506461369261,0.6787104756667581,0.6465686004949135,1.4557794885894968,0.6797882870497662,1.4326120428924938,54503.04399230135,1.5583006858825676
0.45503986802309604,0.28021996150673645,0.5177701402254605,0.9734506461369261,0.6387104756667583,0.6465686004949135,1.4457794885894968,0.6897882870497662,1.4026120428924937,54330.04399230135,1.5616755008697503
0.44503986802309603,0.3202199615067365,0.5477701402254606,1.0034506461369261,0.6187104756667583,0.6665686004949133,1.4257794885894968,0.6997882870497663,1.3926120428924937,54851.04399230135,1.5649678230285673
0.45503986802309604,0.3402199615067365,0.5977701402254605,1.0134506461369261,0.6587104756667581,0.6465686004949135,1.4257794885894968,0.7097882870497663,1.3726120428924937,55714.04399230135,1.5693218231201165
0.47503986802309606,0.3802199615067363,0.6177701402254605,1.0134506461369261,0.5887104756667583,0.6265686004949135,1.4057794885894968,0.7297882870497663,1.3426120428924937,55673.04399230135,1.5700351715087884
0.48503986802309607,0.3702199615067363,0.6377701402254605,1.023450646136926,0.5987104756667583,0.6365686004949135,1.3857794885894967,0.7197882870497663,1.3426120428924937,55372.04399230135,1.5730151653289788
0.5150398680230959,0.3402199615067365,0.6477701402254605,0.9834506461369261,0.6187104756667583,0.6365686004949135,1.4057794885894968,0.7597882870497663,1.2926120428924937,55689.04399230135,1.5780353069305413
0.5050398680230959,0.3502199615067365,0.6977701402254606,1.0034506461369261,0.5887104756667583,0.6265686004949135,1.4357794885894968,0.7797882870497663,1.3126120428924937,55384.04399230135,1.5817782402038567
0.48503986802309607,0.3402199615067365,0.7077701402254606,1.033450646136926,0.5987104756667583,0.6165686004949135,1.4157794885894968,0.8197882870497661,1.2826120428924936,55857.04399230135,1.5824810981750481
0.4950398680230961,0.3702199615067363,0.7577701402254606,1.0134506461369261,0.5487104756667582,0.6065686004949135,1.4357794885894968,0.8497882870497662,1.2826120428924936,56476.04399230135,1.5860342502593987
0.5050398680230959,0.3902199615067363,0.7877701402254604,1.023450646136926,0.5387104756667582,0.5965686004949134,1.4257794885894968,0.8397882870497662,1.2226120428924938,56695.04399230135,1.5901612758636468
0.48503986802309607,0.40021996150673633,0.8077701402254605,1.0034506461369261,0.5087104756667582,0.6065686004949135,1.4557794885894968,0.8297882870497661,1.1826120428924938,57032.04399230135,1.594265413284301
0.48503986802309607,0.4502199615067364,0.8177701402254605,1.023450646136926,0.4887104756667582,0.5965686004949134,1.4257794885894968,0.8097882870497664,1.1926120428924938,56845.04399230135,1.594265413284301
0.48503986802309607,0.4502199615067364,0.7977701402254604,1.033450646136926,0.5087104756667582,0.5865686004949134,1.4357794885894968,0.7597882870497663,1.2226120428924938,56630.04399230135,1.598765563964843
0.48503986802309607,0.4602199615067364,0.7877701402254604,1.063450646136926,0.4887104756667582,0.5565686004949134,1.4157794885894968,0.7697882870497663,1.2726120428924936,56485.04399230135,1.602326822280883
0.5050398680230959,0.42021996150673635,0.7477701402254606,1.043450646136926,0.5087104756667582,0.5565686004949134,1.4257794885894968,0.7597882870497663,1.3126120428924937,56930.04399230135,1.606347751617431
0.5250398680230959,0.3902199615067363,0.6877701402254606,1.073450646136926,0.5087104756667582,0.5765686004949134,1.3857794885894967,0.7697882870497663,1.3226120428924937,56591.04399230135,1.6100298881530755
0.5250398680230959,0.3802199615067363,0.6177701402254605,1.073450646136926,0.4887104756667582,0.6065686004949135,1.3757794885894967,0.8097882870497664,1.3926120428924937,56114.04399230135,1.6110813140869134
0.5550398680230959,0.40021996150673633,0.5577701402254606,1.073450646136926,0.4887104756667582,0.6065686004949135,1.3657794885894967,0.8597882870497662,1.3926120428924937,56223.04399230135,1.614554595947265
0.5450398680230959,0.3702199615067363,0.5577701402254606,1.083450646136926,0.45871047566675816,0.5765686004949134,1.3357794885894967,0.8997882870497662,1.4526120428924938,56278.04399230135,1.6191315174102776
0.5450398680230959,0.3502199615067365,0.5377701402254605,1.103450646136926,0.4187104756667581,0.5865686004949134,1.3157794885894967,0.8997882870497662,1.4026120428924937,56229.04399230135,1.6224700927734368
0.5350398680230959,0.3602199615067365,0.5477701402254606,1.123450646136926,0.4187104756667581,0.5765686004949134,1.3057794885894967,0.8997882870497662,1.3626120428924937,55610.04399230135,1.6231989383697503
0.5150398680230959,0.42021996150673635,0.5777701402254606,1.143450646136926,0.4087104756667581,0.5765686004949134,1.3157794885894967,0.8697882870497662,1.3526120428924937,55841.04399230135,1.6271900653839104
0.4950398680230961,0.4702199615067364,0.5977701402254605,1.153450646136926,0.3887104756667583,0.5665686004949134,1.3357794885894967,0.8497882870497662,1.3626120428924937,56236.04399230135,1.6309284687042194
0.47503986802309606,0.4602199615067364,0.6177701402254605,1.143450646136926,0.3887104756667583,0.5165686004949134,1.3457794885894967,0.8397882870497662,1.3626120428924937,56211.04399230135,1.6352123737335198
0.435039868023096,0.4902199615067364,0.6477701402254605,1.143450646136926,0.3487104756667583,0.5265686004949134,1.3957794885894967,0.8197882870497661,1.3426120428924937,56158.04399230135,1.6352123737335198
0.415039868023096,0.4802199615067364,0.6877701402254606,1.133450646136926,0.33871047566675827,0.49656860049491336,1.4057794885894968,0.8297882870497661,1.3426120428924937,56041.04399230135,1.640145015716552
0.405039868023096,0.4702199615067364,0.6477701402254605,1.123450646136926,0.32871047566675826,0.5065686004949134,1.4257794885894968,0.8297882870497661,1.3426120428924937,56754.04399230135,1.6428794384002678
0.425039868023096,0.4502199615067364,0.6577701402254605,1.133450646136926,0.3487104756667583,0.5365686004949134,1.4357794885894968,0.8197882870497661,1.3126120428924937,56695.04399230135,1.6470679759979276
0.415039868023096,0.42021996150673635,0.6677701402254606,1.133450646136926,0.2787104756667582,0.5365686004949134,1.4257794885894968,0.8297882870497661,1.3126120428924937,56570.04399230135,1.6481132030487053
0.415039868023096,0.42021996150673635,0.6477701402254605,1.113450646136926,0.2687104756667582,0.5665686004949134,1.4357794885894968,0.8097882870497664,1.3126120428924937,56551.04399230135,1.6521911144256585
0.44503986802309603,0.40021996150673633,0.6477701402254605,1.103450646136926,0.2787104756667582,0.5465686004949134,1.4357794885894968,0.7997882870497663,1.2726120428924936,56252.04399230135,1.6566123485565178
0.47503986802309606,0.3402199615067365,0.6377701402254605,1.103450646136926,0.2787104756667582,0.5765686004949134,1.4257794885894968,0.8197882870497661,1.2826120428924936,55635.04399230135,1.6595983028411823
0.47503986802309606,0.29021996150673646,0.5777701402254606,1.103450646136926,0.2887104756667582,0.5865686004949134,1.4357794885894968,0.8797882870497662,1.3326120428924937,55332.04399230135,1.6595983028411823
0.44503986802309603,0.19021996150673637,0.5677701402254606,1.103450646136926,0.3487104756667583,0.5565686004949134,1.4357794885894968,0.8997882870497662,1.3526120428924937,54853.04399230135,1.6636015892028801
0.435039868023096,0.18021996150673636,0.5477701402254606,1.113450646136926,0.32871047566675826,0.5665686004949134,1.4357794885894968,0.8797882870497662,1.3426120428924937,54498.04399230135,1.6676511287689202
0.415039868023096,0.17021996150673646,0.5077701402254605,1.143450646136926,0.29871047566675824,0.5565686004949134,1.4357794885894968,0.9197882870497662,1.3326120428924937,54369.04399230135,1.6716503620147662
0.435039868023096,0.19021996150673637,0.5377701402254605,1.123450646136926,0.2787104756667582,0.5565686004949134,1.4257794885894968,0.8997882870497662,1.3526120428924937,53914.04399230135,1.6749438762664788
0.44503986802309603,0.2202199615067364,0.5277701402254605,1.133450646136926,0.2487104756667582,0.5065686004949134,1.4157794885894968,0.8997882870497662,1.3526120428924937,53249.04399230135,1.6759435653686516
0.425039868023096,0.28021996150673645,0.5177701402254605,1.153450646136926,0.23871047566675818,0.5465686004949134,1.4257794885894968,0.8397882870497662,1.3626120428924937,53114.04399230135,1.6799473285675042
0.415039868023096,0.29021996150673646,0.5577701402254606,1.163450646136926,0.2587104756667582,0.5165686004949134,1.4257794885894968,0.7797882870497663,1.3426120428924937,52791.04399230135,1.6840202331542962
0.385039868023096,0.29021996150673646,0.5477701402254606,1.193450646136926,0.2487104756667582,0.5265686004949134,1.4357794885894968,0.7497882870497663,1.3526120428924937,52988.04399230135,1.6876074790954583
0.36503986802309596,0.30021996150673647,0.5477701402254606,1.153450646136926,0.2487104756667582,0.5065686004949134,1.4457794885894968,0.7397882870497663,1.3426120428924937,52655.04399230135,1.6886603355407708
0.415039868023096,0.29021996150673646,0.5577701402254606,1.153450646136926,0.18871047566675814,0.5165686004949134,1.4457794885894968,0.7697882870497663,1.3126120428924937,51800.04399230135,1.6927909374237053
0.385039868023096,0.27021996150673644,0.5677701402254606,1.143450646136926,0.21871047566675816,0.49656860049491336,1.4557794885894968,0.7397882870497663,1.3326120428924937,51875.04399230135,1.696877193450927
0.405039868023096,0.2502199615067364,0.5877701402254606,1.133450646136926,0.20871047566675816,0.5065686004949134,1.4457794885894968,0.7897882870497663,1.2926120428924937,51550.04399230135,1.6998300075530963
0.405039868023096,0.19021996150673637,0.5677701402254606,1.153450646136926,0.22871047566675817,0.48656860049491335,1.4257794885894968,0.7297882870497663,1.3126120428924937,51703.04399230135,1.7008208751678495
0.415039868023096,0.2202199615067364,0.5477701402254606,1.153450646136926,0.2487104756667582,0.5065686004949134,1.4357794885894968,0.7097882870497663,1.3126120428924937,51194.04399230135,1.7048208236694329
0.415039868023096,0.2302199615067364,0.5477701402254606,1.143450646136926,0.21871047566675816,0.5065686004949134,1.4357794885894968,0.6897882870497662,1.3026120428924937,50529.04399230135,1.7090885162353509
0.415039868023096,0.20021996150673638,0.5177701402254605,1.163450646136926,0.20871047566675816,0.5465686004949134,1.4157794885894968,0.6897882870497662,1.2926120428924937,50202.04399230135,1.7120871067047112
0.405039868023096,0.18021996150673636,0.4877701402254605,1.143450646136926,0.21871047566675816,0.5565686004949134,1.4157794885894968,0.6797882870497662,1.3226120428924937,49489.04399230135,1.7130877494812005
0.415039868023096,0.17021996150673646,0.4777701402254605,1.143450646136926,0.22871047566675817,0.5265686004949134,1.4257794885894968,0.6897882870497662,1.3426120428924937,49098.04399230135,1.7166687965393024
0.415039868023096,0.16021996150673645,0.4477701402254606,1.133450646136926,0.22871047566675817,0.5665686004949134,1.4157794885894968,0.6597882870497662,1.3526120428924937,49043.04399230135,1.7214316844940178
0.405039868023096,0.13021996150673643,0.4777701402254605,1.133450646136926,0.23871047566675818,0.5565686004949134,1.4357794885894968,0.6797882870497662,1.3626120428924937,48830.04399230135,1.725082349777221
0.405039868023096,0.12021996150673642,0.4677701402254606,1.123450646136926,0.21871047566675816,0.5565686004949134,1.3957794885894967,0.6697882870497662,1.3326120428924937,48589.04399230135,1.7258121490478509
0.385039868023096,0.13021996150673643,0.4877701402254605,1.123450646136926,0.18871047566675814,0.5565686004949134,1.4157794885894968,0.6697882870497662,1.3326120428924937,48478.04399230135,1.7299186706542962
0.36503986802309596,0.16021996150673645,0.4877701402254605,1.123450646136926,0.19871047566675815,0.5765686004949134,1.4157794885894968,0.6697882870497662,1.3026120428924937,48713.04399230135,1.7339400768280058
0.35503986802309595,0.13021996150673643,0.4877701402254605,1.113450646136926,0.19871047566675815,0.5965686004949134,1.4557794885894968,0.6397882870497662,1.2926120428924937,48542.04399230135,1.7379195213317864
0.35503986802309595,0.12021996150673642,0.4977701402254605,1.083450646136926,0.18871047566675814,0.6065686004949135,1.5057794885894968,0.6297882870497662,1.2726120428924936,48319.04399230135,1.7379195213317864
0.35503986802309595,0.09021996150673639,0.4877701402254605,1.083450646136926,0.21871047566675816,0.6265686004949135,1.4457794885894968,0.6297882870497662,1.2826120428924936,48232.04399230135,1.7419192314147907
0.36503986802309596,0.09021996150673639,0.5177701402254605,1.063450646136926,0.23871047566675818,0.6465686004949135,1.4657794885894968,0.6097882870497662,1.2726120428924936,47975.04399230135,1.7455861091613762
0.36503986802309596,0.08021996150673638,0.5077701402254605,1.063450646136926,0.18871047566675814,0.6365686004949135,1.4657794885894968,0.6297882870497662,1.2526120428924938,47748.04399230135,1.7501182079315178
0.37503986802309597,0.08021996150673638,0.5177701402254605,1.063450646136926,0.19871047566675815,0.6365686004949135,1.4457794885894968,0.5897882870497662,1.2626120428924938,48051.04399230135,1.7535793304443352
0.395039868023096,0.08021996150673638,0.5077701402254605,1.023450646136926,0.1587104756667581,0.6565686004949135,1.4657794885894968,0.5697882870497661,1.2326120428924938,47352.04399230135,1.754212808609008
0.395039868023096,0.09021996150673639,0.5277701402254605,1.0034506461369261,0.1587104756667581,0.6165686004949135,1.4757794885894968,0.5497882870497663,1.2626120428924938,46605.04399230135,1.7582113265991204
0.395039868023096,0.08021996150673638,0.5477701402254606,0.9834506461369261,0.16871047566675812,0.6065686004949135,1.4757794885894968,0.5497882870497663,1.2626120428924938,46554.04399230135,1.7623145103454583
0.36503986802309596,0.08021996150673638,0.5277701402254605,1.023450646136926,0.13871047566675831,0.6265686004949135,1.4457794885894968,0.5897882870497662,1.2726120428924936,46433.04399230135,1.7663146972656243
0.35503986802309595,0.04021996150673646,0.5077701402254605,0.9934506461369261,0.1287104756667583,0.6465686004949135,1.4657794885894968,0.5497882870497663,1.2926120428924937,46526.04399230135,1.7663146972656243
0.37503986802309597,0.09021996150673639,0.5177701402254605,0.9834506461369261,0.16871047566675812,0.6665686004949133,1.4557794885894968,0.5197882870497663,1.3026120428924937,46227.04399230135,1.7698792934417718
0.385039868023096,0.07021996150673637,0.5377701402254605,0.9734506461369261,0.13871047566675831,0.6565686004949135,1.4557794885894968,0.5097882870497663,1.3226120428924937,46014.04399230135,1.7737159252166705
0.385039868023096,0.050219961506736466,0.5177701402254605,0.9734506461369261,0.1587104756667581,0.6365686004949135,1.4757794885894968,0.5097882870497663,1.3226120428924937,46575.04399230135,1.7784158706664996
0.385039868023096,0.050219961506736466,0.5377701402254605,0.9634506461369261,0.10871047566675829,0.6565686004949135,1.4657794885894968,0.45978828704976626,1.3026120428924937,46814.04399230135,1.779483270645141
0.415039868023096,0.07021996150673637,0.5777701402254606,0.9734506461369261,0.06871047566675825,0.6765686004949133,1.4457794885894968,0.4697882870497663,1.3026120428924937,46897.04399230135,1.7824806690216093
0.425039868023096,0.08021996150673638,0.5777701402254606,0.9334506461369261,0.058710475666758244,0.6865686004949133,1.4357794885894968,0.4697882870497663,1.3026120428924937,46934.04399230135,1.7867500305175774
0.435039868023096,0.11021996150673641,0.5777701402254606,0.9534506461369261,0.028710475666758217,0.6565686004949135,1.4257794885894968,0.45978828704976626,1.3526120428924937,47291.04399230135,1.7907289981842034
0.44503986802309603,0.1002199615067364,0.6277701402254605,0.9434506461369261,0.048710475666758235,0.6265686004949135,1.4057794885894968,0.41978828704976623,1.3526120428924937,47616.04399230135,1.7916082859039264
0.45503986802309604,0.12021996150673642,0.6277701402254605,0.9534506461369261,-0.0012895243332418094,0.6365686004949135,1.4157794885894968,0.3997882870497662,1.3626120428924937,47801.04399230135,1.7956079959869378
0.425039868023096,0.07021996150673637,0.6577701402254605,0.9434506461369261,0.0087104756667582,0.5965686004949134,1.4457794885894968,0.3997882870497662,1.3626120428924937,47758.04399230135,1.7995955467224114
0.435039868023096,0.07021996150673637,0.6777701402254606,0.9434506461369261,0.0087104756667582,0.5665686004949134,1.4257794885894968,0.33978828704976627,1.3626120428924937,47373.04399230135,1.8030750274658196
0.415039868023096,0.030219961506736448,0.7177701402254606,0.9734506461369261,-0.031289524333241836,0.5665686004949134,1.4257794885894968,0.3797882870497662,1.3726120428924937,47956.04399230135,1.804087591171264
0.415039868023096,0.07021996150673637,0.7177701402254606,0.9534506461369261,0.01871047566675821,0.5265686004949134,1.4657794885894968,0.3897882870497662,1.3526120428924937,47513.04399230135,1.8071696281433134
0.415039868023096,0.04021996150673646,0.7377701402254606,0.9634506461369261,-0.041289524333241734,0.5565686004949134,1.4457794885894968,0.33978828704976627,1.3726120428924937,47706.04399230135,1.810867261886596
0.415039868023096,0.050219961506736466,0.6977701402254606,0.9834506461369261,-0.011289524333241818,0.5865686004949134,1.4557794885894968,0.3797882870497662,1.3626120428924937,47551.04399230135,1.8151707172393792
0.415039868023096,0.030219961506736448,0.6677701402254606,0.9634506461369261,0.0087104756667582,0.6065686004949135,1.4657794885894968,0.3697882870497663,1.3826120428924937,47142.04399230135,1.8191978454589837
0.45503986802309604,0.02021996150673644,0.6177701402254605,0.9734506461369261,-0.011289524333241818,0.6265686004949135,1.4657794885894968,0.32978828704976626,1.4126120428924938,47387.04399230135,1.8199331283569329
0.45503986802309604,-0.009780038493263588,0.5777701402254606,0.9634506461369261,-0.021289524333241827,0.6065686004949135,1.4757794885894968,0.3597882870497663,1.4726120428924938,47494.04399230135,1.8239411830902093
0.415039868023096,-0.029780038493263605,0.5877701402254606,0.9834506461369261,-0.0012895243332418094,0.6065686004949135,1.4957794885894968,0.32978828704976626,1.4826120428924938,47177.04399230135,1.8279132366180448
0.44503986802309603,-0.009780038493263588,0.5977701402254605,0.9834506461369261,0.01871047566675821,0.5665686004949134,1.4857794885894968,0.33978828704976627,1.5126120428924938,47096.04399230135,1.8315517425537102
0.44503986802309603,-0.05978003849326363,0.5877701402254606,0.9934506461369261,0.0087104756667582,0.5665686004949134,1.4857794885894968,0.3497882870497663,1.4926120428924938,47533.04399230135,1.8321702003478997
0.44503986802309603,-0.019780038493263596,0.6277701402254605,1.0034506461369261,-0.011289524333241818,0.5665686004949134,1.4757794885894968,0.3497882870497663,1.4426120428924938,47394.04399230135,1.8351718902587884
0.47503986802309606,0.00021996150673642134,0.6577701402254605,0.9934506461369261,-0.011289524333241818,0.5365686004949134,1.4657794885894968,0.3497882870497663,1.4526120428924938,47529.04399230135,1.8402468681335442
0.5050398680230959,0.00021996150673642134,0.6677701402254606,1.0034506461369261,-0.021289524333241827,0.5765686004949134,1.4557794885894968,0.29978828704976623,1.4426120428924938,47634.04399230135,1.843546819686889
0.5250398680230959,0.00021996150673642134,0.7077701402254606,0.9934506461369261,-0.041289524333241734,0.5265686004949134,1.4857794885894968,0.30978828704976624,1.4426120428924938,47855.04399230135,1.843546819686889
0.4950398680230961,0.02021996150673644,0.7477701402254606,1.0134506461369261,-0.05128952433324174,0.5265686004949134,1.4657794885894968,0.2697882870497662,1.4226120428924938,47738.04399230135,1.848519039154052
0.5150398680230959,0.02021996150673644,0.7677701402254606,0.9834506461369261,-0.05128952433324174,0.5165686004949134,1.4757794885894968,0.2697882870497662,1.4026120428924937,47027.04399230135,1.8529219150543241
0.5150398680230959,0.01021996150673643,0.8377701402254605,0.9934506461369261,-0.06128952433324175,0.49656860049491336,1.5057794885894968,0.2697882870497662,1.3726120428924937,46836.04399230135,1.8562082767486565
0.4950398680230961,0.01021996150673643,0.8677701402254605,0.9834506461369261,-0.041289524333241734,0.48656860049491335,1.5157794885894968,0.2697882870497662,1.3526120428924937,46849.04399230135,1.8573169231414788
0.4950398680230961,0.02021996150673644,0.8777701402254605,0.9934506461369261,-0.06128952433324175,0.48656860049491335,1.5357794885894966,0.2597882870497662,1.3226120428924937,47042.04399230135,1.8603729724884026
0.4950398680230961,0.030219961506736448,0.8977701402254605,1.033450646136926,-0.05128952433324174,0.49656860049491336,1.4957794885894968,0.21978828704976627,1.2726120428924936,47311.04399230135,1.8647956371307366
0.5050398680230959,0.030219961506736448,0.9077701402254605,1.033450646136926,-0.05128952433324174,0.49656860049491336,1.4757794885894968,0.18978828704976625,1.2926120428924937,47588.04399230135,1.8688642501831048
0.5050398680230959,0.00021996150673642134,0.8677701402254605,1.033450646136926,-0.031289524333241836,0.46656860049491333,1.4857794885894968,0.20978828704976626,1.3326120428924937,47401.04399230135,1.8688642501831048
0.5250398680230959,-0.05978003849326363,0.8077701402254605,1.033450646136926,-0.031289524333241836,0.49656860049491336,1.4857794885894968,0.21978828704976627,1.4126120428924938,47736.04399230135,1.8728656291961663
0.5450398680230959,-0.029780038493263605,0.7377701402254606,1.063450646136926,-0.06128952433324175,0.5265686004949134,1.4257794885894968,0.18978828704976625,1.4226120428924938,47471.04399230135,1.8769742965698235
0.5650398680230959,-0.06978003849326364,0.6377701402254605,1.073450646136926,-0.06128952433324175,0.5265686004949134,1.4057794885894968,0.19978828704976626,1.4726120428924938,46952.04399230135,1.8809966564178495
0.5750398680230959,-0.06978003849326364,0.6277701402254605,1.093450646136926,-0.08128952433324177,0.5365686004949134,1.3857794885894967,0.17978828704976624,1.4926120428924938,46987.04399230135,1.8819798946380608
0.5550398680230959,-0.05978003849326363,0.6077701402254605,1.103450646136926,-0.08128952433324177,0.5165686004949134,1.3757794885894967,0.2397882870497663,1.5126120428924938,46800.04399230135,1.8845612525939934
0.5450398680230959,-0.06978003849326364,0.5777701402254606,1.103450646136926,-0.14128952433324182,0.5165686004949134,1.3857794885894967,0.22978828704976628,1.4926120428924938,46641.04399230135,1.8902866363525384
0.5350398680230959,-0.039780038493263614,0.5877701402254606,1.143450646136926,-0.10128952433324179,0.5165686004949134,1.3657794885894967,0.2497882870497663,1.4926120428924938,46714.04399230135,1.8933345794677727
0.5050398680230959,-0.039780038493263614,0.6077701402254605,1.143450646136926,-0.1312895243332418,0.47656860049491334,1.3857794885894967,0.2597882870497662,1.5226120428924936,47055.04399230135,1.8963806152343743
0.4950398680230961,-0.019780038493263596,0.6377701402254605,1.153450646136926,-0.15128952433324183,0.46656860049491333,1.4057794885894968,0.2397882870497663,1.5026120428924938,47142.04399230135,1.8974048614501946
0.47503986802309606,-0.05978003849326363,0.6877701402254606,1.153450646136926,-0.16128952433324173,0.48656860049491335,1.4357794885894968,0.2697882870497662,1.4626120428924938,46905.04399230135,1.9014036178588896
0.45503986802309604,-0.04978003849326362,0.6977701402254606,1.143450646136926,-0.1312895243332418,0.4365686004949133,1.4457794885894968,0.2497882870497663,1.4526120428924938,46876.04399230135,1.9064049243926995
0.435039868023096,-0.029780038493263605,0.7077701402254606,1.163450646136926,-0.17128952433324174,0.4265686004949133,1.4557794885894968,0.2697882870497662,1.4426120428924938,47387.04399230135,1.9096178531646721
0.415039868023096,-0.04978003849326362,0.7277701402254606,1.153450646136926,-0.14128952433324182,0.4265686004949133,1.4657794885894968,0.20978828704976626,1.3726120428924937,47708.04399230135,1.9104058265686028
0.435039868023096,-0.05978003849326363,0.7077701402254606,1.113450646136926,-0.17128952433324174,0.4565686004949133,1.4857794885894968,0.2497882870497663,1.3826120428924937,46901.04399230135,1.914432001113891
0.435039868023096,-0.06978003849326364,0.6577701402254605,1.103450646136926,-0.16128952433324173,0.5065686004949134,1.4857794885894968,0.2597882870497662,1.3426120428924937,47354.04399230135,1.9186045646667473
0.46503986802309605,-0.08978003849326355,0.6777701402254606,1.123450646136926,-0.18128952433324175,0.46656860049491333,1.4757794885894968,0.21978828704976627,1.3426120428924937,47535.04399230135,1.9217643260955768
0.46503986802309605,-0.09978003849326356,0.6477701402254605,1.093450646136926,-0.15128952433324183,0.46656860049491333,1.4757794885894968,0.2397882870497663,1.3526120428924937,47092.04399230135,1.9228181362152093
0.48503986802309607,-0.12978003849326358,0.6077701402254605,1.093450646136926,-0.16128952433324173,0.49656860049491336,1.4757794885894968,0.19978828704976626,1.3526120428924937,46875.04399230135,1.9259945869445794
0.46503986802309605,-0.11978003849326357,0.6177701402254605,1.113450646136926,-0.19128952433324176,0.48656860049491335,1.4857794885894968,0.20978828704976626,1.3426120428924937,47000.04399230135,1.9310533523559563
0.5050398680230959,-0.1397800384932636,0.5677701402254606,1.083450646136926,-0.19128952433324176,0.46656860049491333,1.4657794885894968,0.2597882870497662,1.3726120428924937,46789.04399230135,1.9339100837707512
0.47503986802309606,-0.1497800384932636,0.5477701402254606,1.103450646136926,-0.22128952433324178,0.48656860049491335,1.4657794885894968,0.20978828704976626,1.3426120428924937,46620.04399230135,1.9339100837707512
0.45503986802309604,-0.1497800384932636,0.5277701402254605,1.123450646136926,-0.22128952433324178,0.48656860049491335,1.4857794885894968,0.19978828704976626,1.3426120428924937,46795.04399230135,1.939247798919677
0.45503986802309604,-0.1397800384932636,0.4977701402254605,1.123450646136926,-0.18128952433324175,0.49656860049491336,1.4657794885894968,0.1497882870497662,1.3026120428924937,46206.04399230135,1.942257356643676
0.44503986802309603,-0.1597800384932636,0.4977701402254605,1.143450646136926,-0.17128952433324174,0.5065686004949134,1.4557794885894968,0.15978828704976622,1.2726120428924936,45375.04399230135,1.946384143829345
0.435039868023096,-0.11978003849326357,0.4877701402254605,1.163450646136926,-0.21128952433324177,0.49656860049491336,1.4657794885894968,0.17978828704976624,1.2826120428924936,45242.04399230135,1.9474153041839593
0.405039868023096,-0.1397800384932636,0.5077701402254605,1.163450646136926,-0.20128952433324176,0.49656860049491336,1.4757794885894968,0.21978828704976627,1.2626120428924938,44843.04399230135,1.9514154911041288
0.395039868023096,-0.11978003849326357,0.4977701402254605,1.173450646136926,-0.18128952433324175,0.48656860049491335,1.4857794885894968,0.18978828704976625,1.2726120428924936,44880.04399230135,1.9554044723510735
0.425039868023096,-0.10978003849326357,0.5177701402254605,1.163450646136926,-0.20128952433324176,0.49656860049491336,1.4657794885894968,0.16978828704976623,1.2426120428924938,44381.04399230135,1.9591304779052727
0.405039868023096,-0.11978003849326357,0.4977701402254605,1.163450646136926,-0.19128952433324176,0.49656860049491336,1.4857794885894968,0.18978828704976625,1.2426120428924938,44332.04399230135,1.9591304779052727
0.37503986802309597,-0.08978003849326355,0.4877701402254605,1.143450646136926,-0.20128952433324176,0.49656860049491336,1.4957794885894968,0.19978828704976626,1.2126120428924938,44457.04399230135,1.9631514072418206
0.415039868023096,-0.11978003849326357,0.4977701402254605,1.153450646136926,-0.18128952433324175,0.49656860049491336,1.4857794885894968,0.16978828704976623,1.1726120428924938,44026.04399230135,1.967140865325927
0.435039868023096,-0.1397800384932636,0.4677701402254606,1.143450646136926,-0.20128952433324176,0.5065686004949134,1.4757794885894968,0.1397882870497662,1.1826120428924938,43629.04399230135,1.9707056999206571
0.425039868023096,-0.1597800384932636,0.42777014022546056,1.153450646136926,-0.19128952433324176,0.5265686004949134,1.4457794885894968,0.1497882870497662,1.1626120428924938,43012.04399230135,1.974962663650512
0.435039868023096,-0.12978003849326358,0.40777014022546054,1.153450646136926,-0.18128952433324175,0.5065686004949134,1.4357794885894968,0.1397882870497662,1.1726120428924938,43313.04399230135,1.9760157585144071
0.425039868023096,-0.12978003849326358,0.3877701402254605,1.133450646136926,-0.2312895243332418,0.5465686004949134,1.4357794885894968,0.1197882870497663,1.1426120428924937,43080.04399230135,1.9800335884094196
0.435039868023096,-0.16978003849326362,0.3477701402254605,1.163450646136926,-0.20128952433324176,0.5565686004949134,1.4457794885894968,0.1497882870497662,1.1226120428924937,42253.04399230135,1.9840335369110065
0.415039868023096,-0.1497800384932636,0.28777014022546055,1.153450646136926,-0.2412895243332418,0.5565686004949134,1.4457794885894968,0.08978828704976627,1.1426120428924937,42000.04399230135,1.9872717380523675
0.395039868023096,-0.1397800384932636,0.29777014022546056,1.163450646136926,-0.20128952433324176,0.5665686004949134,1.4457794885894968,0.08978828704976627,1.1326120428924937,41563.04399230135,1.9880332469940178
0.37503986802309597,-0.1597800384932636,0.26777014022546053,1.143450646136926,-0.22128952433324178,0.5565686004949134,1.4357794885894968,0.07978828704976626,1.1326120428924937,40822.04399230135,1.991088581085208
0.385039868023096,-0.1497800384932636,0.27777014022546054,1.163450646136926,-0.16128952433324173,0.5465686004949134,1.4257794885894968,0.1297882870497662,1.1026120428924937,40957.04399230135,1.9955849170684843
0.36503986802309596,-0.12978003849326358,0.29777014022546056,1.143450646136926,-0.16128952433324173,0.5565686004949134,1.4557794885894968,0.10978828704976629,1.0826120428924937,41322.04399230135,1.9992272377014153
0.37503986802309597,-0.12978003849326358,0.27777014022546054,1.133450646136926,-0.17128952433324174,0.5765686004949134,1.4557794885894968,0.07978828704976626,1.0326120428924936,41129.04399230135,2.000508260726928
0.385039868023096,-0.1397800384932636,0.28777014022546055,1.113450646136926,-0.17128952433324174,0.5765686004949134,1.4557794885894968,0.1197882870497663,1.0026120428924938,40786.04399230135,2.0045232295989983
0.395039868023096,-0.17978003849326363,0.28777014022546055,1.103450646136926,-0.14128952433324182,0.5765686004949134,1.4657794885894968,0.1197882870497663,1.0026120428924938,40855.04399230135,2.0086094856262164
0.37503986802309597,-0.16978003849326362,0.27777014022546054,1.083450646136926,-0.15128952433324183,0.5565686004949134,1.4757794885894968,0.08978828704976627,0.9826120428924938,40550.04399230135,2.0118834495544426
0.385039868023096,-0.1397800384932636,0.27777014022546054,1.063450646136926,-0.15128952433324183,0.5665686004949134,1.4657794885894968,0.1197882870497663,0.9726120428924938,40579.04399230135,2.0118834495544426
0.385039868023096,-0.1397800384932636,0.26777014022546053,1.063450646136926,-0.14128952433324182,0.5565686004949134,1.4657794885894968,0.1197882870497663,1.0126120428924938,39872.04399230135,2.015917015075683
0.36503986802309596,-0.17978003849326363,0.2577701402254605,1.063450646136926,-0.14128952433324182,0.5665686004949134,1.4957794885894968,0.16978828704976623,0.9826120428924938,39907.04399230135,2.019912910461425
0.37503986802309597,-0.17978003849326363,0.2377701402254605,1.053450646136926,-0.14128952433324182,0.5665686004949134,1.4857794885894968,0.16978828704976623,0.9826120428924938,39832.04399230135,2.0239169120788567
0.37503986802309597,-0.1397800384932636,0.2177701402254606,1.043450646136926,-0.1212895243332418,0.5465686004949134,1.4857794885894968,0.1397882870497662,1.0026120428924938,39739.04399230135,2.0239169120788567
0.37503986802309597,-0.1397800384932636,0.2277701402254605,1.033450646136926,-0.1212895243332418,0.5665686004949134,1.4657794885894968,0.16978828704976623,0.9826120428924938,39234.04399230135,2.0289113044738762
0.37503986802309597,-0.16978003849326362,0.2077701402254606,1.0034506461369261,-0.1312895243332418,0.5565686004949134,1.4957794885894968,0.1497882870497662,0.9626120428924938,39165.04399230135,2.0320336341857903
0.405039868023096,-0.12978003849326358,0.2177701402254606,1.0034506461369261,-0.15128952433324183,0.5365686004949134,1.4857794885894968,0.1497882870497662,0.9326120428924938,38956.04399230135,2.036291074752807
0.395039868023096,-0.11978003849326357,0.2077701402254606,1.0134506461369261,-0.09128952433324178,0.5665686004949134,1.4757794885894968,0.1297882870497662,0.9326120428924938,38755.04399230135,2.0373279571533196
0.395039868023096,-0.1597800384932636,0.2277701402254605,0.9934506461369261,-0.10128952433324179,0.5265686004949134,1.4757794885894968,0.15978828704976622,0.9426120428924938,38514.04399230135,2.040120553970336
0.395039868023096,-0.12978003849326358,0.2077701402254606,1.0034506461369261,-0.1312895243332418,0.49656860049491336,1.4657794885894968,0.1497882870497662,0.9326120428924938,38197.04399230135,2.044864606857299
0.395039868023096,-0.1397800384932636,0.2377701402254605,1.0134506461369261,-0.10128952433324179,0.5165686004949134,1.4757794885894968,0.16978828704976623,0.9126120428924938,38032.04399230135,2.0494520187377923
0.415039868023096,-0.1497800384932636,0.2177701402254606,0.9934506461369261,-0.10128952433324179,0.47656860049491334,1.4657794885894968,0.16978828704976623,0.9326120428924938,38007.04399230135,2.0494520187377923
0.425039868023096,-0.12978003849326358,0.2077701402254606,1.0134506461369261,-0.1212895243332418,0.49656860049491336,1.4457794885894968,0.21978828704976627,0.9426120428924938,38102.04399230135,2.052452039718627
0.435039868023096,-0.11978003849326357,0.2077701402254606,1.023450646136926,-0.1212895243332418,0.48656860049491335,1.4257794885894968,0.17978828704976624,0.9326120428924938,38157.04399230135,2.056498718261718
0.47503986802309606,-0.11978003849326357,0.2177701402254606,1.0034506461369261,-0.10128952433324179,0.48656860049491335,1.4257794885894968,0.19978828704976626,0.9226120428924938,38046.04399230135,2.061106395721435
0.46503986802309605,-0.1397800384932636,0.2377701402254605,0.9934506461369261,-0.08128952433324177,0.49656860049491336,1.4257794885894968,0.21978828704976627,0.8726120428924937,38549.04399230135,2.061106395721435
0.46503986802309605,-0.12978003849326358,0.2077701402254606,1.0134506461369261,-0.05128952433324174,0.49656860049491336,1.4357794885894968,0.18978828704976625,0.8726120428924937,38176.04399230135,2.064902734756469
0.48503986802309607,-0.1497800384932636,0.18777014022546057,0.9934506461369261,-0.06128952433324175,0.5265686004949134,1.4457794885894968,0.20978828704976626,0.8426120428924937,37565.04399230135,2.0696293830871575
0.47503986802309606,-0.1397800384932636,0.18777014022546057,1.0134506461369261,-0.08128952433324177,0.5165686004949134,1.4357794885894968,0.19978828704976626,0.8326120428924937,37878.04399230135,2.0739528656005852
0.47503986802309606,-0.11978003849326357,0.16777014022546055,1.0134506461369261,-0.06128952433324175,0.5165686004949134,1.4357794885894968,0.19978828704976626,0.8226120428924939,38021.04399230135,2.0776550292968707
0.47503986802309606,-0.1397800384932636,0.17777014022546056,1.023450646136926,-0.10128952433324179,0.5365686004949134,1.4557794885894968,0.16978828704976623,0.8326120428924937,38300.04399230135,2.0786678314208977
0.48503986802309607,-0.1497800384932636,0.18777014022546057,1.0134506461369261,-0.09128952433324178,0.5065686004949134,1.4757794885894968,0.1397882870497662,0.8026120428924939,38539.04399230135,2.0809766769409173
0.48503986802309607,-0.12978003849326358,0.18777014022546057,1.023450646136926,-0.1112895243332418,0.48656860049491335,1.4857794885894968,0.1497882870497662,0.8026120428924939,38220.04399230135,2.0856034278869657
0.48503986802309607,-0.1497800384932636,0.18777014022546057,1.0134506461369261,-0.1112895243332418,0.46656860049491333,1.4957794885894968,0.10978828704976629,0.8126120428924939,38057.04399230135,2.0893082141876214
0.5050398680230959,-0.1397800384932636,0.16777014022546055,1.023450646136926,-0.14128952433324182,0.47656860049491334,1.4757794885894968,0.1397882870497662,0.7526120428924938,37790.04399230135,2.0903088569641106
0.5150398680230959,-0.1397800384932636,0.18777014022546057,1.033450646136926,-0.15128952433324183,0.46656860049491333,1.4557794885894968,0.1297882870497662,0.7526120428924938,37639.04399230135,2.0935365676879876
0.5350398680230959,-0.12978003849326358,0.17777014022546056,1.053450646136926,-0.15128952433324183,0.4465686004949133,1.4657794885894968,0.1197882870497663,0.6826120428924938,37548.04399230135,2.097852182388305
0.5250398680230959,-0.1497800384932636,0.15777014022546054,1.033450646136926,-0.16128952433324173,0.47656860049491334,1.4557794885894968,0.1197882870497663,0.6726120428924938,37937.04399230135,2.1021699428558307
0.5350398680230959,-0.12978003849326358,0.14777014022546053,1.043450646136926,-0.18128952433324175,0.48656860049491335,1.4757794885894968,0.1297882870497662,0.6426120428924937,37824.04399230135,2.1021699428558307
0.5550398680230959,-0.1397800384932636,0.12777014022546052,1.053450646136926,-0.16128952433324173,0.48656860049491335,1.4657794885894968,0.10978828704976629,0.6126120428924937,37631.04399230135,2.1061703681945794
0.5550398680230959,-0.12978003849326358,0.11777014022546056,1.063450646136926,-0.19128952433324176,0.49656860049491336,1.4857794885894968,0.1197882870497663,0.5826120428924937,37310.04399230135,2.110458803176879
0.5650398680230959,-0.1397800384932636,0.09777014022546054,1.053450646136926,-0.19128952433324176,0.48656860049491335,1.4857794885894968,0.10978828704976629,0.6226120428924937,37437.04399230135,2.1144742488861077
0.5650398680230959,-0.1397800384932636,0.07777014022546053,1.043450646136926,-0.21128952433324177,0.47656860049491334,1.4957794885894968,0.09978828704976628,0.6226120428924937,37142.04399230135,2.115732860565185
0.5650398680230959,-0.10978003849326357,0.10777014022546055,1.063450646136926,-0.22128952433324178,0.4465686004949133,1.4957794885894968,0.1197882870497663,0.6326120428924937,36505.04399230135,2.1182770252227776
0.5450398680230959,-0.1497800384932636,0.10777014022546055,1.063450646136926,-0.21128952433324177,0.4065686004949135,1.5157794885894968,0.10978828704976629,0.6726120428924938,35916.04399230135,2.123122882843017
0.5450398680230959,-0.12978003849326358,0.12777014022546052,1.063450646136926,-0.18128952433324175,0.3965686004949135,1.5357794885894966,0.06978828704976625,0.6626120428924938,36169.04399230135,2.127153348922729
0.5150398680230959,-0.1397800384932636,0.15777014022546054,1.093450646136926,-0.18128952433324175,0.4065686004949135,1.5457794885894967,0.09978828704976628,0.6026120428924937,35894.04399230135,2.127153348922729
0.4950398680230961,-0.1497800384932636,0.12777014022546052,1.103450646136926,-0.19128952433324176,0.3965686004949135,1.5457794885894967,0.1197882870497663,0.6026120428924937,35739.04399230135,2.1300789833068876
0.48503986802309607,-0.1397800384932636,0.12777014022546052,1.113450646136926,-0.22128952433324178,0.3865686004949135,1.5357794885894966,0.1197882870497663,0.5826120428924937,36066.04399230135,2.1350984096527093
0.5250398680230959,-0.12978003849326358,0.11777014022546056,1.123450646136926,-0.2412895243332418,0.3765686004949135,1.5157794885894968,0.1297882870497662,0.5826120428924937,36561.04399230135,2.139379215240478
0.5250398680230959,-0.1397800384932636,0.13777014022546052,1.143450646136926,-0.21128952433324177,0.35656860049491346,1.4957794885894968,0.09978828704976628,0.5626120428924939,36258.04399230135,2.142366600036617
0.5650398680230959,-0.16978003849326362,0.12777014022546052,1.173450646136926,-0.21128952433324177,0.36656860049491347,1.4257794885894968,0.09978828704976628,0.5126120428924938,36017.04399230135,2.1433791637420647
0.5650398680230959,-0.1597800384932636,0.10777014022546055,1.183450646136926,-0.19128952433324176,0.34656860049491345,1.4157794885894968,0.10978828704976629,0.5026120428924938,36202.04399230135,2.146699619293212
0.5450398680230959,-0.16978003849326362,0.11777014022546056,1.2234506461369261,-0.18128952433324175,0.34656860049491345,1.3757794885894967,0.09978828704976628,0.5526120428924939,36367.04399230135,2.1515786170959466
0.5650398680230959,-0.17978003849326363,0.08777014022546054,1.213450646136926,-0.22128952433324178,0.33656860049491344,1.3857794885894967,0.09978828704976628,0.5526120428924939,36074.04399230135,2.1547190666198723
0.5450398680230959,-0.1397800384932636,0.09777014022546054,1.213450646136926,-0.22128952433324178,0.33656860049491344,1.3957794885894967,0.08978828704976627,0.5226120428924939,36241.04399230135,2.1557154178619378
0.5250398680230959,-0.1397800384932636,0.10777014022546055,1.2234506461369261,-0.19128952433324176,0.34656860049491345,1.4157794885894968,0.08978828704976627,0.5226120428924939,36136.04399230135,2.159508180618289
0.5350398680230959,-0.1597800384932636,0.09777014022546054,1.213450646136926,-0.19128952433324176,0.33656860049491344,1.4057794885894968,0.08978828704976627,0.5326120428924939,35991.04399230135,2.164042901992797
0.48503986802309607,-0.1597800384932636,0.11777014022546056,1.193450646136926,-0.19128952433324176,0.3165686004949134,1.4357794885894968,0.10978828704976629,0.5326120428924939,35688.04399230135,2.167009305953979
0.5150398680230959,-0.1397800384932636,0.08777014022546054,1.163450646136926,-0.19128952433324176,0.3165686004949134,1.4657794885894968,0.1197882870497663,0.5426120428924939,36105.04399230135,2.168011140823367
0.5150398680230959,-0.17978003849326363,0.07777014022546053,1.163450646136926,-0.18128952433324175,0.2965686004949134,1.4857794885894968,0.10978828704976629,0.5326120428924939,35924.04399230135,2.1720625877380364
0.4950398680230961,-0.17978003849326363,0.06777014022546052,1.153450646136926,-0.18128952433324175,0.3065686004949134,1.5157794885894968,0.09978828704976628,0.5426120428924939,35627.04399230135,2.175781440734859
0.48503986802309607,-0.1497800384932636,0.08777014022546054,1.153450646136926,-0.19128952433324176,0.2965686004949134,1.5057794885894968,0.09978828704976628,0.5326120428924939,35910.04399230135,2.1800322055816643
0.45503986802309604,-0.17978003849326363,0.08777014022546054,1.173450646136926,-0.22128952433324178,0.3165686004949134,1.5357794885894966,0.10978828704976629,0.5226120428924939,36079.04399230135,2.1800322055816643
0.45503986802309604,-0.1597800384932636,0.09777014022546054,1.133450646136926,-0.21128952433324177,0.2965686004949134,1.5457794885894967,0.1297882870497662,0.5326120428924939,36174.04399230135,2.184179496765136
0.48503986802309607,-0.1597800384932636,0.06777014022546052,1.133450646136926,-0.2412895243332418,0.2865686004949134,1.5157794885894968,0.06978828704976625,0.5526120428924939,36175.04399230135,2.1881763458251946
0.4950398680230961,-0.1497800384932636,0.07777014022546053,1.133450646136926,-0.2412895243332418,0.3065686004949134,1.5057794885894968,0.09978828704976628,0.5126120428924938,36506.04399230135,2.192176532745364
0.4950398680230961,-0.1397800384932636,0.08777014022546054,1.123450646136926,-0.22128952433324178,0.2865686004949134,1.4857794885894968,0.07978828704976626,0.5126120428924938,36089.04399230135,2.192176532745364
0.5150398680230959,-0.1497800384932636,0.08777014022546054,1.133450646136926,-0.20128952433324176,0.2865686004949134,1.4757794885894968,0.10978828704976629,0.5026120428924938,36174.04399230135,2.1961764812469475
0.5150398680230959,-0.1397800384932636,0.07777014022546053,1.153450646136926,-0.22128952433324178,0.2865686004949134,1.4857794885894968,0.1197882870497663,0.5226120428924939,36683.04399230135,2.199933958053588
0.5050398680230959,-0.12978003849326358,0.09777014022546054,1.143450646136926,-0.2312895243332418,0.2765686004949134,1.4757794885894968,0.08978828704976627,0.5126120428924938,36604.04399230135,2.2045757293701165
0.47503986802309606,-0.09978003849326356,0.09777014022546054,1.133450646136926,-0.21128952433324177,0.2965686004949134,1.4857794885894968,0.09978828704976628,0.5326120428924939,36579.04399230135,2.207664442062377
0.44503986802309603,-0.1497800384932636,0.09777014022546054,1.163450646136926,-0.19128952433324176,0.25656860049491337,1.4757794885894968,0.10978828704976629,0.5426120428924939,36480.04399230135,2.2086367130279534
0.45503986802309604,-0.1497800384932636,0.11777014022546056,1.143450646136926,-0.19128952433324176,0.24656860049491336,1.4757794885894968,0.09978828704976628,0.5526120428924939,36427.04399230135,2.212635946273803
0.45503986802309604,-0.1497800384932636,0.08777014022546054,1.153450646136926,-0.20128952433324176,0.24656860049491336,1.4757794885894968,0.10978828704976629,0.5426120428924939,36414.04399230135,2.2171453952789264
0.435039868023096,-0.16978003849326362,0.10777014022546055,1.153450646136926,-0.20128952433324176,0.23656860049491335,1.5057794885894968,0.1397882870497662,0.5426120428924939,36605.04399230135,2.220462751388549
0.425039868023096,-0.1597800384932636,0.08777014022546054,1.163450646136926,-0.2312895243332418,0.23656860049491335,1.4857794885894968,0.10978828704976629,0.5226120428924939,36488.04399230135,2.2213425159454303
0.415039868023096,-0.1597800384932636,0.057770140225460564,1.153450646136926,-0.19128952433324176,0.24656860049491336,1.5057794885894968,0.1197882870497663,0.5426120428924939,36385.04399230135,2.2253446102142327
0.415039868023096,-0.1597800384932636,0.047770140225460556,1.133450646136926,-0.17128952433324174,0.24656860049491336,1.5157794885894968,0.1297882870497662,0.5226120428924939,36010.04399230135,2.229345512390136
0.425039868023096,-0.1597800384932636,0.047770140225460556,1.123450646136926,-0.17128952433324174,0.23656860049491335,1.4857794885894968,0.1397882870497662,0.5126120428924938,35995.04399230135,2.233052444458007
0.44503986802309603,-0.1497800384932636,0.027770140225460538,1.093450646136926,-0.20128952433324176,0.24656860049491336,1.4657794885894968,0.10978828704976629,0.5126120428924938,36180.04399230135,2.2339264869689934
0.5250398680230959,-0.1597800384932636,0.047770140225460556,1.063450646136926,-0.20128952433324176,0.23656860049491335,1.4357794885894968,0.1297882870497662,0.5126120428924938,35957.04399230135,2.237336587905883
0.5350398680230959,-0.1397800384932636,0.057770140225460564,1.033450646136926,-0.22128952433324178,0.22656860049491334,1.4157794885894968,0.1297882870497662,0.5026120428924938,35850.04399230135,2.24133915901184
0.5350398680230959,-0.17978003849326363,0.07777014022546053,1.033450646136926,-0.2512895243332418,0.24656860049491336,1.4157794885894968,0.1197882870497663,0.4926120428924938,35639.04399230135,2.2441811084747307
0.5250398680230959,-0.16978003849326362,0.027770140225460538,1.043450646136926,-0.21128952433324177,0.23656860049491335,1.4057794885894968,0.10978828704976629,0.48261204289249376,35124.04399230135,2.2457007884979276
0.47503986802309606,-0.17978003849326363,0.057770140225460564,1.033450646136926,-0.2312895243332418,0.23656860049491335,1.4157794885894968,0.09978828704976628,0.46261204289249375,35051.04399230135,2.2490703582763665
0.44503986802309603,-0.1597800384932636,0.047770140225460556,1.073450646136926,-0.2512895243332418,0.22656860049491334,1.4157794885894968,0.07978828704976626,0.3926120428924938,35040.04399230135,2.2531041622161823
0.435039868023096,-0.1497800384932636,0.03777014022546055,1.083450646136926,-0.2312895243332418,0.22656860049491334,1.3857794885894967,0.07978828704976626,0.44261204289249384,35029.04399230135,2.2571506023406975
0.405039868023096,-0.16978003849326362,0.047770140225460556,1.073450646136926,-0.21128952433324177,0.23656860049491335,1.3857794885894967,0.08978828704976627,0.43261204289249383,34642.04399230135,2.258144330978393
0.37503986802309597,-0.1497800384932636,0.027770140225460538,1.073450646136926,-0.2412895243332418,0.21656860049491333,1.3757794885894967,0.07978828704976626,0.4026120428924938,34403.04399230135,2.262143087387088
0.37503986802309597,-0.1597800384932636,0.00777014022546052,1.063450646136926,-0.20128952433324176,0.22656860049491334,1.3857794885894967,0.07978828704976626,0.3926120428924938,34204.04399230135,2.2661442279815667
0.35503986802309595,-0.1497800384932636,-0.012229859774539442,1.043450646136926,-0.2412895243332418,0.22656860049491334,1.3757794885894967,0.05978828704976624,0.3526120428924938,33705.04399230135,2.2701436996459954
0.33503986802309593,-0.1497800384932636,0.00777014022546052,1.0134506461369261,-0.22128952433324178,0.22656860049491334,1.3857794885894967,0.08978828704976627,0.3326120428924938,33574.04399230135,2.2701436996459954
0.35503986802309595,-0.1497800384932636,0.03777014022546055,0.9834506461369261,-0.2412895243332418,0.23656860049491335,1.3557794885894967,0.07978828704976626,0.36261204289249377,33087.04399230135,2.2741388797760003
0.35503986802309595,-0.16978003849326362,0.027770140225460538,0.9534506461369261,-0.22128952433324178,0.20656860049491332,1.3857794885894967,0.07978828704976626,0.3326120428924938,33214.04399230135,2.2782008171081536
0.34503986802309594,-0.19978003849326353,0.027770140225460538,0.9434506461369261,-0.20128952433324176,0.22656860049491334,1.3957794885894967,0.05978828704976624,0.3226120428924938,33049.04399230135,2.2823097229003935
0.35503986802309595,-0.16978003849326362,0.00777014022546052,0.9134506461369261,-0.20128952433324176,0.19656860049491331,1.3857794885894967,0.06978828704976625,0.3426120428924938,32810.04399230135,2.2866119861602776
0.3250398680230959,-0.1497800384932636,0.027770140225460538,0.903450646136926,-0.2312895243332418,0.20656860049491332,1.3857794885894967,0.07978828704976626,0.3326120428924938,32403.043992301347,2.2866119861602776
0.3150398680230959,-0.16978003849326362,0.01777014022546053,0.893450646136926,-0.21128952433324177,0.22656860049491334,1.3757794885894967,0.05978828704976624,0.3326120428924938,32550.043992301347,2.2906662940978997
0.285039868023096,-0.1397800384932636,0.03777014022546055,0.903450646136926,-0.2412895243332418,0.20656860049491332,1.3857794885894967,0.05978828704976624,0.3526120428924938,31841.043992301347,2.294664812088012
0.255039868023096,-0.1597800384932636,0.01777014022546053,0.873450646136926,-0.20128952433324176,0.20656860049491332,1.3857794885894967,0.05978828704976624,0.3326120428924938,31044.043992301347,2.298339319229129
0.275039868023096,-0.1597800384932636,0.057770140225460564,0.873450646136926,-0.21128952433324177,0.21656860049491333,1.3757794885894967,0.039788287049766224,0.3326120428924938,30791.043992301347,2.299085092544555
0.265039868023096,-0.1497800384932636,0.027770140225460538,0.823450646136926,-0.22128952433324178,0.20656860049491332,1.3457794885894967,0.06978828704976625,0.3426120428924938,30902.043992301347,2.3025216579437284
0.265039868023096,-0.1397800384932636,0.027770140225460538,0.833450646136926,-0.2312895243332418,0.19656860049491331,1.3457794885894967,0.039788287049766224,0.3426120428924938,31007.043992301347,2.3068670749664335
0.22503986802309595,-0.1397800384932636,0.03777014022546055,0.793450646136926,-0.22128952433324178,0.19656860049491331,1.3357794885894967,0.04978828704976623,0.3526120428924938,30694.043992301347,2.3102972030639677
0.22503986802309595,-0.16978003849326362,0.057770140225460564,0.7834506461369259,-0.21128952433324177,0.19656860049491331,1.3557794885894967,0.05978828704976624,0.3726120428924938,30473.043992301347,2.3113369464874225
0.24503986802309596,-0.1597800384932636,0.03777014022546055,0.7534506461369261,-0.21128952433324177,0.20656860049491332,1.3357794885894967,0.05978828704976624,0.3426120428924938,30156.043992301347,2.3153645515441887
0.20503986802309593,-0.1597800384932636,0.03777014022546055,0.7534506461369261,-0.22128952433324178,0.19656860049491331,1.3057794885894967,0.039788287049766224,0.3526120428924938,30043.043992301347,2.319337558746337
0.20503986802309593,-0.1397800384932636,0.027770140225460538,0.7434506461369261,-0.21128952433324177,0.19656860049491331,1.3157794885894967,0.039788287049766224,0.3726120428924938,30216.043992301347,2.3233329772949247
0.23503986802309595,-0.17978003849326363,0.00777014022546052,0.7034506461369261,-0.19128952433324176,0.20656860049491332,1.3057794885894967,0.05978828704976624,0.36261204289249377,30163.043992301347,2.3243348121643024
0.255039868023096,-0.1597800384932636,0.03777014022546055,0.6834506461369261,-0.22128952433324178,0.1865686004949133,1.2657794885894968,0.07978828704976626,0.3726120428924938,30112.043992301347,2.327337455749511
0.255039868023096,-0.1597800384932636,0.027770140225460538,0.7134506461369261,-0.21128952433324177,0.20656860049491332,1.2457794885894968,0.06978828704976625,0.3926120428924938,30027.043992301347,2.332149457931518
0.24503986802309596,-0.16978003849326362,0.01777014022546053,0.6934506461369261,-0.22128952433324178,0.19656860049491331,1.2457794885894968,0.04978828704976623,0.4026120428924938,29512.043992301347,2.3352822780609124
0.21503986802309594,-0.16978003849326362,0.00777014022546052,0.6734506461369261,-0.20128952433324176,0.1865686004949133,1.2457794885894968,0.05978828704976624,0.3826120428924938,29291.043992301347,2.336342763900756
0.21503986802309594,-0.16978003849326362,-0.0022298597745394333,0.6734506461369261,-0.20128952433324176,0.19656860049491331,1.2257794885894968,0.06978828704976625,0.36261204289249377,29684.043992301347,2.3392209529876737
0.21503986802309594,-0.20978003849326354,-0.04222985977453947,0.6734506461369261,-0.22128952433324178,0.1865686004949133,1.2157794885894968,0.06978828704976625,0.3926120428924938,29315.043992301347,2.343680810928344
0.19503986802309592,-0.21978003849326355,-0.03222985977453946,0.653450646136926,-0.20128952433324176,0.1865686004949133,1.2057794885894968,0.07978828704976626,0.36261204289249377,29234.043992301347,2.3483440399169915
0.165039868023096,-0.21978003849326355,-0.03222985977453946,0.633450646136926,-0.2312895243332418,0.20656860049491332,1.2057794885894968,0.05978828704976624,0.36261204289249377,29503.043992301347,2.351356220245364
0.155039868023096,-0.23978003849326357,-0.06222985977453943,0.633450646136926,-0.20128952433324176,0.21656860049491333,1.1957794885894968,0.05978828704976624,0.3326120428924938,29186.043992301347,2.352446746826171
0.14503986802309599,-0.24978003849326358,-0.05222985977453948,0.643450646136926,-0.19128952433324176,0.20656860049491332,1.2057794885894968,0.05978828704976624,0.3226120428924938,28793.043992301347,2.3564800739288323
0.14503986802309599,-0.23978003849326357,-0.06222985977453943,0.643450646136926,-0.20128952433324176,0.1765686004949133,1.1657794885894968,0.05978828704976624,0.3526120428924938,28574.043992301347,2.3602201461791985
0.155039868023096,-0.23978003849326357,-0.04222985977453947,0.613450646136926,-0.2512895243332418,0.19656860049491331,1.1557794885894968,0.06978828704976625,0.3126120428924938,28493.043992301347,2.3642208099365227
0.14503986802309599,-0.2797800384932636,-0.05222985977453948,0.613450646136926,-0.22128952433324178,0.1865686004949133,1.1457794885894967,0.05978828704976624,0.3126120428924938,28330.043992301347,2.3642208099365227
0.165039868023096,-0.2797800384932636,-0.07222985977453944,0.613450646136926,-0.2512895243332418,0.1865686004949133,1.1257794885894967,0.06978828704976625,0.3226120428924938,28171.043992301347,2.368278455734252
0.14503986802309599,-0.2897800384932636,-0.03222985977453946,0.623450646136926,-0.22128952433324178,0.1765686004949133,1.1357794885894967,0.07978828704976626,0.3226120428924938,27996.043992301347,2.3724011898040764
0.14503986802309599,-0.29978003849326357,-0.04222985977453947,0.563450646136926,-0.2512895243332418,0.1865686004949133,1.1257794885894967,0.06978828704976625,0.3126120428924938,27217.043992301347,2.376396608352657
0.13503986802309598,-0.2697800384932636,-0.03222985977453946,0.603450646136926,-0.2312895243332418,0.1565686004949135,1.0557794885894967,0.05978828704976624,0.3126120428924938,27206.043992301347,2.376396608352657
0.13503986802309598,-0.3397800384932636,-0.05222985977453948,0.583450646136926,-0.2512895243332418,0.1565686004949135,1.0257794885894969,0.07978828704976626,0.2826120428924938,27293.043992301347,2.3806712150573723
0.11503986802309596,-0.3197800384932636,-0.05222985977453948,0.623450646136926,-0.2712895243332418,0.1465686004949135,1.0257794885894969,0.019788287049766207,0.2526120428924938,26502.043992301347,2.385210466384887
0.12503986802309597,-0.2797800384932636,-0.03222985977453946,0.603450646136926,-0.28128952433324184,0.1465686004949135,1.0757794885894967,-0.00021171295023370007,0.2626120428924938,25871.043992301347,2.3888620853424065
0.08503986802309593,-0.2597800384932636,-0.06222985977453943,0.623450646136926,-0.2512895243332418,0.1565686004949135,1.0757794885894967,-0.00021171295023370007,0.23261204289249382,24626.043992301347,2.3888620853424065
0.13503986802309598,-0.20978003849326354,-0.06222985977453943,0.623450646136926,-0.2412895243332418,0.19656860049491331,1.0557794885894967,0.04978828704976623,0.24261204289249377,23847.043992301347,2.392856311798095
0.14503986802309599,-0.19978003849326353,-0.03222985977453946,0.563450646136926,-0.2412895243332418,0.1765686004949133,1.0457794885894967,0.06978828704976625,0.2526120428924938,23892.043992301347,2.3968607902526884
0.13503986802309598,-0.17978003849326363,-0.03222985977453946,0.573450646136926,-0.2312895243332418,0.1765686004949133,1.0657794885894967,0.04978828704976623,0.2726120428924938,23815.043992301347,2.4011487483978264
0.14503986802309599,-0.20978003849326354,-0.04222985977453947,0.5034506461369261,-0.20128952433324176,0.1865686004949133,1.0457794885894967,0.05978828704976624,0.2726120428924938,23960.043992301347,2.4011487483978264
0.13503986802309598,-0.17978003849326363,-0.02222985977453945,0.5134506461369261,-0.19128952433324176,0.1865686004949133,1.0357794885894966,0.05978828704976624,0.2726120428924938,24743.043992301347,2.405496072769168
0.12503986802309597,-0.17978003849326363,-0.04222985977453947,0.5134506461369261,-0.19128952433324176,0.1865686004949133,1.0157794885894968,0.05978828704976624,0.2726120428924938,24722.043992301347,2.408974599838256
0.155039868023096,-0.17978003849326363,-0.03222985977453946,0.4534506461369261,-0.18128952433324175,0.1765686004949133,1.0057794885894968,0.019788287049766207,0.2726120428924938,24287.043992301347,2.4129769325256305
0.14503986802309599,-0.18978003849326364,-0.03222985977453946,0.4634506461369261,-0.2312895243332418,0.1865686004949133,0.9357794885894969,0.039788287049766224,0.2826120428924938,24304.043992301347,2.413977813720699
0.12503986802309597,-0.20978003849326354,-0.03222985977453946,0.4634506461369261,-0.17128952433324174,0.1865686004949133,0.9157794885894969,0.039788287049766224,0.2726120428924938,24325.043992301347,2.417277526855468
0.10503986802309595,-0.19978003849326353,-0.04222985977453947,0.4334506461369261,-0.19128952433324176,0.1765686004949133,0.9457794885894969,0.04978828704976623,0.2826120428924938,24156.043992301347,2.421273183822631
0.14503986802309599,-0.20978003849326354,-0.06222985977453943,0.41345064613692606,-0.17128952433324174,0.19656860049491331,0.9157794885894969,0.05978828704976624,0.2526120428924938,23829.043992301347,2.4253465652465813
0.11503986802309596,-0.17978003849326363,-0.07222985977453944,0.4334506461369261,-0.17128952433324174,0.1865686004949133,0.9257794885894969,0.039788287049766224,0.24261204289249377,24016.043992301347,2.4283768653869657
0.12503986802309597,-0.20978003849326354,-0.05222985977453948,0.42345064613692607,-0.17128952433324174,0.1865686004949133,0.9057794885894969,0.04978828704976623,0.24261204289249377,24557.043992301347,2.4303969860076897
0.09503986802309594,-0.17978003849326363,-0.06222985977453943,0.373450646136926,-0.16128952433324173,0.20656860049491332,0.8957794885894969,0.04978828704976623,0.23261204289249382,24628.043992301347,2.434440565109252
0.08503986802309593,-0.18978003849326364,-0.07222985977453944,0.363450646136926,-0.17128952433324174,0.20656860049491332,0.8657794885894968,0.04978828704976623,0.2126120428924938,24935.043992301347,2.4384409904479973
0.09503986802309594,-0.19978003849326353,-0.05222985977453948,0.373450646136926,-0.14128952433324182,0.21656860049491333,0.8557794885894968,0.039788287049766224,0.2226120428924938,24820.043992301347,2.4414178848266594
0.09503986802309594,-0.18978003849326364,-0.08222985977453945,0.333450646136926,-0.15128952433324183,0.1865686004949133,0.8357794885894969,0.039788287049766224,0.19261204289249378,24523.043992301347,2.442421865463256
0.10503986802309595,-0.20978003849326354,-0.06222985977453943,0.3134506461369261,-0.18128952433324175,0.20656860049491332,0.8157794885894969,0.05978828704976624,0.18261204289249378,24660.043992301347,2.4459788322448723
0.09503986802309594,-0.21978003849326355,-0.10222985977453947,0.3134506461369261,-0.16128952433324173,0.21656860049491333,0.8257794885894969,0.019788287049766207,0.2026120428924938,24751.043992301347,2.449628782272338
0.09503986802309594,-0.19978003849326353,-0.09222985977453946,0.333450646136926,-0.15128952433324183,0.19656860049491331,0.8157794885894969,0.019788287049766207,0.18261204289249378,24654.043992301347,2.4536928653717
0.08503986802309593,-0.21978003849326355,-0.10222985977453947,0.28345064613692605,-0.18128952433324175,0.1865686004949133,0.7957794885894969,0.019788287049766207,0.2126120428924938,24693.043992301347,2.4546629905700676
0.11503986802309596,-0.20978003849326354,-0.06222985977453943,0.333450646136926,-0.16128952433324173,0.1865686004949133,0.7857794885894969,0.04978828704976623,0.19261204289249378,25000.043992301347,2.458689403533935
0.06503986802309591,-0.20978003849326354,-0.05222985977453948,0.27345064613692605,-0.16128952433324173,0.1865686004949133,0.7457794885894968,0.05978828704976624,0.2026120428924938,24945.043992301347,2.4626712322235136
0.06503986802309591,-0.20978003849326354,-0.05222985977453948,0.28345064613692605,-0.19128952433324176,0.1765686004949133,0.7457794885894968,0.04978828704976623,0.2126120428924938,24690.043992301347,2.4662763595581048
0.08503986802309593,-0.20978003849326354,-0.09222985977453946,0.28345064613692605,-0.18128952433324175,0.1765686004949133,0.7557794885894968,0.06978828704976625,0.2126120428924938,25351.043992301347,2.4662763595581048
0.05503986802309602,-0.20978003849326354,-0.08222985977453945,0.26345064613692604,-0.16128952433324173,0.1765686004949133,0.7057794885894969,0.039788287049766224,0.2126120428924938,25476.043992301347,2.470366668701171
0.015039868023095981,-0.22978003849326356,-0.08222985977453945,0.26345064613692604,-0.16128952433324173,0.1865686004949133,0.6857794885894969,0.05978828704976624,0.2026120428924938,25315.043992301347,2.474734735488891
-0.004960131976904036,-0.21978003849326355,-0.08222985977453945,0.26345064613692604,-0.15128952433324183,0.1765686004949133,0.7257794885894968,0.039788287049766224,0.18261204289249378,25240.043992301347,2.4787344455718987
0.0050398680230959725,-0.23978003849326357,-0.09222985977453946,0.223450646136926,-0.16128952433324173,0.1665686004949133,0.6657794885894969,0.009788287049766198,0.18261204289249378,25935.043992301347,2.4797296047210686
0.015039868023095981,-0.23978003849326357,-0.08222985977453945,0.233450646136926,-0.14128952433324182,0.1765686004949133,0.6657794885894969,0.019788287049766207,0.17261204289249382,25392.043992301347,2.4827305793762164
-0.014960131976904045,-0.2597800384932636,-0.06222985977453943,0.19345064613692609,-0.17128952433324174,0.1665686004949133,0.6957794885894969,0.019788287049766207,0.17261204289249382,25267.043992301347,2.486840677261352
0.0050398680230959725,-0.2797800384932636,-0.07222985977453944,0.19345064613692609,-0.15128952433324183,0.1565686004949135,0.6757794885894969,0.029788287049766216,0.17261204289249382,25882.043992301347,2.4908492088317864
0.015039868023095981,-0.2597800384932636,-0.11222985977453945,0.18345064613692608,-0.17128952433324174,0.1665686004949133,0.6457794885894969,0.019788287049766207,0.17261204289249382,25753.043992301347,2.494850587844848
0.035039868023096,-0.2597800384932636,-0.12222985977453946,0.17345064613692607,-0.18128952433324175,0.1765686004949133,0.6557794885894969,0.039788287049766224,0.1626120428924938,25640.043992301347,2.494850587844848
0.02503986802309599,-0.23978003849326357,-0.13222985977453947,0.18345064613692608,-0.19128952433324176,0.1665686004949133,0.6557794885894969,0.019788287049766207,0.1626120428924938,25503.043992301347,2.4988808155059807
-0.004960131976904036,-0.23978003849326357,-0.12222985977453946,0.17345064613692607,-0.18128952433324175,0.1865686004949133,0.6757794885894969,-0.00021171295023370007,0.1626120428924938,25334.043992301347,2.5031642436981194
-0.03496013197690406,-0.21978003849326355,-0.10222985977453947,0.18345064613692608,-0.18128952433324175,0.1765686004949133,0.6257794885894968,0.009788287049766198,0.1626120428924938,25333.043992301347,2.5071618080139153
-0.014960131976904045,-0.17978003849326363,-0.11222985977453945,0.17345064613692607,-0.18128952433324175,0.1865686004949133,0.6257794885894968,0.019788287049766207,0.18261204289249378,24876.043992301347,2.5071618080139153
0.0050398680230959725,-0.19978003849326353,-0.10222985977453947,0.16345064613692606,-0.18128952433324175,0.1865686004949133,0.6157794885894968,0.009788287049766198,0.1626120428924938,24579.043992301347,2.5112425804138176
0.0050398680230959725,-0.20978003849326354,-0.11222985977453945,0.15345064613692605,-0.18128952433324175,0.20656860049491332,0.6157794885894968,0.019788287049766207,0.17261204289249382,24678.043992301347,2.515700054168697
-0.004960131976904036,-0.21978003849326355,-0.12222985977453946,0.15345064613692605,-0.19128952433324176,0.20656860049491332,0.5857794885894969,0.009788287049766198,0.18261204289249378,25149.043992301347,2.5187198638916044
0.0050398680230959725,-0.20978003849326354,-0.12222985977453946,0.13345064613692603,-0.19128952433324176,0.20656860049491332,0.5757794885894969,0.029788287049766216,0.18261204289249378,25242.043992301347,2.519699525833129
-0.014960131976904045,-0.20978003849326354,-0.10222985977453947,0.15345064613692605,-0.18128952433324175,0.19656860049491331,0.5957794885894968,0.04978828704976623,0.18261204289249378,25417.043992301347,2.523694944381713
-0.04496013197690407,-0.18978003849326364,-0.11222985977453945,0.13345064613692603,-0.18128952433324175,0.20656860049491332,0.5957794885894968,0.029788287049766216,0.17261204289249382,25422.043992301347,2.528699827194213
-0.014960131976904045,-0.21978003849326355,-0.10222985977453947,0.11345064613692601,-0.19128952433324176,0.21656860049491333,0.6057794885894968,0.019788287049766207,0.1626120428924938,25499.043992301347,2.5318693637847893
-0.004960131976904036,-0.20978003849326354,-0.11222985977453945,0.08345064613692599,-0.18128952433324175,0.21656860049491333,0.6157794885894968,0.019788287049766207,0.1626120428924938,25170.043992301347,2.5318693637847893
-0.03496013197690406,-0.19978003849326353,-0.11222985977453945,0.11345064613692601,-0.16128952433324173,0.20656860049491332,0.6257794885894968,0.029788287049766216,0.1626120428924938,25771.043992301347,2.5364036083221393
-0.03496013197690406,-0.21978003849326355,-0.11222985977453945,0.15345064613692605,-0.14128952433324182,0.21656860049491333,0.5857794885894969,0.039788287049766224,0.1626120428924938,25922.043992301347,2.540326786041259
-0.014960131976904045,-0.22978003849326356,-0.10222985977453947,0.15345064613692605,-0.15128952433324183,0.19656860049491331,0.5957794885894968,0.029788287049766216,0.1626120428924938,25213.043992301347,2.544044685363769
-0.05496013197690408,-0.20978003849326354,-0.12222985977453946,0.12345064613692602,-0.15128952433324183,0.19656860049491331,0.5657794885894969,0.019788287049766207,0.1526120428924938,25472.043992301347,2.5451166152954094
-0.04496013197690407,-0.22978003849326356,-0.09222985977453946,0.093450646136926,-0.16128952433324173,0.1865686004949133,0.5557794885894969,0.019788287049766207,0.18261204289249378,25931.043992301347,2.548895549774169
-0.04496013197690407,-0.22978003849326356,-0.10222985977453947,0.14345064613692604,-0.16128952433324173,0.1865686004949133,0.5557794885894969,-0.00021171295023370007,0.1626120428924938,25724.043992301347,2.552916240692138
-0.024960131976904054,-0.19978003849326353,-0.11222985977453945,0.13345064613692603,-0.14128952433324182,0.19656860049491331,0.5557794885894969,0.009788287049766198,0.17261204289249382,25607.043992301347,2.556917142868045
-0.05496013197690408,-0.19978003849326353,-0.09222985977453946,0.12345064613692602,-0.16128952433324173,0.1865686004949133,0.5657794885894969,-0.010211712950233709,0.1526120428924938,25594.043992301347,2.5602185249328606
-0.084960131976904,-0.18978003849326364,-0.13222985977453947,0.15345064613692605,-0.17128952433324174,0.19656860049491331,0.5857794885894969,0.009788287049766198,0.17261204289249382,25175.043992301347,2.5609166145324735
-0.04496013197690407,-0.21978003849326355,-0.12222985977453946,0.13345064613692603,-0.19128952433324176,0.1765686004949133,0.5557794885894969,0.009788287049766198,0.18261204289249378,24358.043992301347,2.564992380142211
-0.06496013197690398,-0.20978003849326354,-0.11222985977453945,0.14345064613692604,-0.16128952433324173,0.1665686004949133,0.5657794885894969,-0.00021171295023370007,0.17261204289249382,23855.043992301347,2.5690314292907708
-0.10496013197690401,-0.19978003849326353,-0.08222985977453945,0.13345064613692603,-0.17128952433324174,0.1565686004949135,0.5657794885894969,-0.00021171295023370007,0.18261204289249378,24106.043992301347,2.5721427917480497
-0.094960131976904,-0.20978003849326354,-0.11222985977453945,0.15345064613692605,-0.18128952433324175,0.1765686004949133,0.5457794885894969,0.019788287049766207,0.17261204289249382,24335.043992301347,2.5730964660644524
-0.10496013197690401,-0.21978003849326355,-0.13222985977453947,0.15345064613692605,-0.19128952433324176,0.1865686004949133,0.5657794885894969,0.019788287049766207,0.18261204289249378,24034.043992301347,2.5766579627990716
-0.10496013197690401,-0.24978003849326358,-0.13222985977453947,0.13345064613692603,-0.16128952433324173,0.1765686004949133,0.5457794885894969,-0.00021171295023370007,0.2026120428924938,23525.043992301347,2.581328582763671
-0.11496013197690402,-0.24978003849326358,-0.13222985977453947,0.12345064613692602,-0.15128952433324183,0.19656860049491331,0.5657794885894969,0.04978828704976623,0.17261204289249382,23490.043992301347,2.584940862655639
-0.12496013197690403,-0.20978003849326354,-0.11222985977453945,0.16345064613692606,-0.18128952433324175,0.1865686004949133,0.5657794885894969,0.05978828704976624,0.19261204289249378,23241.043992301347,2.584940862655639
-0.084960131976904,-0.19978003849326353,-0.15222985977453946,0.14345064613692604,-0.16128952433324173,0.1865686004949133,0.5557794885894969,0.05978828704976624,0.17261204289249382,23040.043992301347,2.5890161514282184
-0.14496013197690405,-0.22978003849326356,-0.14222985977453945,0.14345064613692604,-0.17128952433324174,0.1865686004949133,0.5557794885894969,0.05978828704976624,0.1526120428924938,22881.043992301347,2.5939852714538567
-0.11496013197690402,-0.21978003849326355,-0.14222985977453945,0.12345064613692602,-0.15128952433324183,0.19656860049491331,0.5657794885894969,0.029788287049766216,0.17261204289249382,22920.043992301347,2.597284984588619
-0.11496013197690402,-0.2597800384932636,-0.15222985977453946,0.15345064613692605,-0.17128952433324174,0.20656860049491332,0.5557794885894969,0.039788287049766224,0.1626120428924938,22869.043992301347,2.5979856967926054
