0.64,0.81,0.4,0.62,1.0,1.01,0.09,0.6,0.12,16106,0.0
0.64,0.8,0.4,0.62,1.0,1.01,0.09,0.6,0.12,16327,0.0009996891021728516
0.64,0.81,0.4,0.62,1.0,1.01,0.09,0.6,0.12,16510,0.0009996891021728516
0.64,0.8,0.4,0.62,1.01,1.01,0.09,0.6,0.12,16633,0.0009996891021728516
0.64,0.8,0.41,0.62,1.0,1.01,0.09,0.6,0.13,16546,0.001995563507080078
0.64,0.81,0.4,0.62,1.0,1.01,0.09,0.6,0.12,16213,0.001995563507080078
0.64,0.8,0.41,0.62,1.0,1.01,0.09,0.6,0.13,16696,0.003008604049682617
0.64,0.81,0.41,0.62,1.0,1.01,0.09,0.6,0.12,16755,0.003008604049682617
0.64,0.81,0.41,0.62,1.0,1.01,0.09,0.6,0.13,16514,0.003008604049682617
0.65,0.8,0.41,0.62,1.0,1.01,0.09,0.6,0.13,16261,0.0039997100830078125
0.64,0.81,0.4,0.62,1.0,1.01,0.09,0.6,0.13,16292,0.0039997100830078125
0.65,0.81,0.41,0.62,1.0,1.01,0.09,0.6,0.13,16983,0.0039997100830078125
0.64,0.81,0.41,0.62,1.0,1.02,0.09,0.61,0.13,16736,0.0049991607666015625
0.64,0.81,0.41,0.62,1.0,1.02,0.09,0.6,0.13,16963,0.0049991607666015625
0.64,0.81,0.41,0.62,1.0,1.01,0.09,0.6,0.13,16842,0.0049991607666015625
0.64,0.81,0.41,0.62,1.0,1.01,0.09,0.6,0.13,16649,0.006102800369262695
0.64,0.81,0.41,0.62,0.99,1.01,0.09,0.6,0.13,16496,0.006102800369262695
0.64,0.81,0.41,0.62,0.99,1.01,0.09,0.6,0.13,16865,0.006102800369262695
0.65,0.81,0.41,0.62,1.0,1.01,0.09,0.6,0.12,16836,0.007145404815673828
0.65,0.81,0.41,0.62,0.99,1.02,0.09,0.6,0.12,16781,0.007145404815673828
0.64,0.81,0.41,0.62,0.99,1.01,0.09,0.6,0.13,16854,0.007145404815673828
0.64,0.81,0.41,0.62,0.99,1.01,0.09,0.6,0.13,16459,0.008137702941894531
0.65,0.81,0.41,0.62,1.0,1.01,0.09,0.6,0.13,16392,0.008137702941894531
0.64,0.81,0.41,0.62,1.0,1.01,0.09,0.6,0.12,16255,0.009137153625488281
0.65,0.81,0.41,0.62,1.0,1.01,0.09,0.6,0.13,16380,0.009137153625488281
0.65,0.81,0.41,0.62,1.0,1.02,0.08,0.6,0.12,16059,0.009137153625488281
0.65,0.81,0.41,0.62,1.0,1.01,0.09,0.6,0.12,15804,0.010145902633666992
0.64,0.82,0.41,0.62,1.0,1.01,0.09,0.6,0.12,16539,0.010145902633666992
0.65,0.81,0.41,0.62,1.0,1.01,0.08,0.6,0.13,16836,0.010145902633666992
0.64,0.81,0.41,0.62,1.0,1.01,0.09,0.6,0.12,16153,0.011146068572998047
0.65,0.81,0.41,0.62,1.0,1.01,0.09,0.61,0.13,16134,0.011146068572998047
0.65,0.81,0.41,0.62,1.0,1.01,0.09,0.61,0.13,16587,0.011146068572998047
0.64,0.81,0.41,0.62,1.0,1.01,0.09,0.6,0.13,16154,0.012146234512329102
0.64,0.81,0.41,0.62,1.0,1.01,0.09,0.6,0.13,16059,0.012146234512329102
0.65,0.81,0.41,0.62,1.0,1.01,0.09,0.6,0.13,16154,0.012146234512329102
0.64,0.81,0.4,0.62,1.0,1.01,0.09,0.61,0.13,16719,0.013146162033081055
0.64,0.8,0.41,0.62,1.0,1.02,0.08,0.6,0.13,16160,0.013146162033081055
0.64,0.81,0.4,0.62,1.0,1.01,0.08,0.6,0.13,15983,0.01413726806640625
0.64,0.81,0.41,0.62,1.0,1.01,0.09,0.6,0.13,15892,0.01413726806640625
0.64,0.8,0.41,0.62,1.0,1.01,0.09,0.61,0.13,16213,0.01413726806640625
0.64,0.81,0.4,0.62,1.0,1.01,0.09,0.61,0.13,16142,0.01514577865600586
0.64,0.8,0.4,0.62,1.0,1.01,0.09,0.61,0.13,16015,0.01514577865600586
0.64,0.8,0.41,0.62,1.0,1.01,0.09,0.61,0.13,16374,0.01514577865600586
0.64,0.81,0.4,0.61,1.0,1.01,0.09,0.6,0.13,16513,0.016231536865234375
0.64,0.8,0.4,0.62,1.0,1.01,0.09,0.6,0.13,16322,0.016231536865234375
0.64,0.81,0.4,0.61,1.0,1.02,0.09,0.6,0.13,16083,0.016231536865234375
0.61,0.81,0.39,0.6,1.0,1.01,0.08,0.61,0.12,16032,0.017268896102905273
0.62,0.81,0.39,0.6,1.0,1.02,0.09,0.61,0.12,16359,0.017268896102905273
0.63,0.81,0.39,0.6,1.0,1.02,0.08,0.61,0.12,16338,0.017268896102905273
0.63,0.82,0.4,0.61,1.0,1.02,0.09,0.6,0.12,15953,0.018269777297973633
0.62,0.81,0.39,0.6,1.0,1.02,0.08,0.6,0.12,16024,0.018269777297973633
0.62,0.81,0.39,0.6,1.0,1.01,0.08,0.6,0.13,16401,0.018269777297973633
0.63,0.81,0.39,0.6,1.0,1.01,0.08,0.6,0.12,16066,0.019269943237304688
0.62,0.81,0.39,0.6,1.0,1.01,0.08,0.6,0.12,15959,0.019269943237304688
0.63,0.81,0.39,0.61,0.99,1.01,0.09,0.6,0.12,16296,0.019269943237304688
0.63,0.81,0.4,0.61,1.0,1.02,0.08,0.6,0.12,16397,0.02026987075805664
0.63,0.81,0.4,0.61,1.0,1.02,0.09,0.6,0.12,16432,0.02026987075805664
0.63,0.81,0.39,0.61,1.0,1.02,0.09,0.6,0.12,16609,0.021271467208862305
0.64,0.81,0.4,0.61,1.0,1.02,0.07,0.6,0.12,16626,0.021359920501708984
0.63,0.81,0.4,0.61,1.0,1.02,0.07,0.6,0.12,16263,0.021359920501708984
0.63,0.81,0.4,0.61,1.0,1.02,0.08,0.6,0.12,16508,0.021359920501708984
0.63,0.81,0.4,0.61,1.0,1.02,0.09,0.6,0.12,16575,0.02238941192626953
0.63,0.81,0.4,0.61,0.99,1.02,0.08,0.6,0.12,16620,0.02238941192626953
0.63,0.81,0.4,0.61,1.0,1.01,0.09,0.6,0.12,16395,0.02339792251586914
0.63,0.81,0.4,0.61,1.0,1.01,0.09,0.6,0.12,16630,0.02339792251586914
0.63,0.81,0.4,0.61,1.01,1.01,0.08,0.6,0.12,16329,0.02339792251586914
0.63,0.81,0.4,0.61,1.0,1.01,0.09,0.6,0.12,16414,0.024389266967773438
0.63,0.81,0.4,0.61,1.0,1.01,0.09,0.6,0.12,16315,0.024389266967773438
0.63,0.81,0.4,0.62,1.0,1.02,0.09,0.6,0.12,16180,0.024389266967773438
0.63,0.81,0.4,0.62,1.0,1.02,0.09,0.6,0.12,16727,0.025389432907104492
0.62,0.81,0.4,0.61,1.0,1.02,0.07,0.6,0.12,16512,0.025389432907104492
0.63,0.81,0.4,0.62,1.0,1.02,0.09,0.6,0.12,16327,0.025389432907104492
0.63,0.81,0.4,0.62,1.0,1.01,0.09,0.6,0.12,16482,0.0263979434967041
0.63,0.81,0.4,0.61,1.0,1.02,0.08,0.6,0.12,16489,0.0263979434967041
0.63,0.81,0.4,0.62,1.0,1.02,0.08,0.6,0.12,16872,0.0263979434967041
0.63,0.81,0.4,0.61,1.0,1.01,0.08,0.6,0.12,16749,0.027398109436035156
0.62,0.81,0.4,0.61,1.0,1.02,0.08,0.61,0.12,16256,0.027398109436035156
0.63,0.81,0.4,0.62,1.0,1.02,0.09,0.6,0.12,16167,0.02839803695678711
0.62,0.81,0.4,0.62,1.0,1.01,0.08,0.6,0.12,16392,0.02839803695678711
0.63,0.81,0.4,0.62,1.0,1.02,0.09,0.6,0.12,16935,0.02839803695678711
0.63,0.81,0.4,0.61,1.0,1.01,0.09,0.61,0.12,16946,0.029398202896118164
0.63,0.81,0.4,0.61,1.0,1.01,0.09,0.61,0.12,16807,0.029398202896118164
0.63,0.82,0.4,0.61,1.0,1.01,0.09,0.61,0.12,16820,0.029398202896118164
0.64,0.81,0.4,0.62,0.99,1.01,0.09,0.61,0.12,16549,0.030398130416870117
0.63,0.82,0.4,0.61,1.0,1.01,0.09,0.61,0.12,16214,0.030398130416870117
0.63,0.82,0.39,0.62,0.99,1.02,0.09,0.61,0.12,16591,0.030398130416870117
0.63,0.82,0.4,0.61,1.0,1.01,0.09,0.61,0.12,16302,0.031401872634887695
0.62,0.81,0.4,0.61,1.0,1.01,0.09,0.61,0.12,16109,0.031401872634887695
0.63,0.81,0.4,0.62,1.0,1.01,0.09,0.61,0.12,16608,0.031401872634887695
0.63,0.81,0.4,0.61,1.0,1.01,0.09,0.61,0.12,16597,0.03241753578186035
0.62,0.81,0.4,0.62,1.0,1.02,0.09,0.61,0.12,16498,0.03241753578186035
0.63,0.82,0.4,0.62,1.0,1.01,0.09,0.61,0.12,16095,0.03341794013977051
0.62,0.82,0.4,0.62,1.0,1.02,0.08,0.61,0.13,15826,0.03341794013977051
0.63,0.81,0.4,0.62,1.0,1.02,0.09,0.61,0.12,16035,0.03341794013977051
0.62,0.81,0.39,0.62,1.0,1.02,0.08,0.61,0.12,16418,0.03441762924194336
0.63,0.82,0.4,0.62,1.0,1.01,0.09,0.61,0.12,16191,0.03441762924194336
0.63,0.82,0.4,0.62,1.0,1.02,0.08,0.61,0.12,16180,0.03441762924194336
0.63,0.82,0.4,0.62,1.0,1.01,0.08,0.61,0.12,16415,0.035418033599853516
0.63,0.82,0.4,0.62,1.0,1.02,0.09,0.61,0.12,16328,0.035418033599853516
0.63,0.81,0.39,0.62,1.0,1.02,0.09,0.61,0.12,16361,0.035418033599853516
0.62,0.81,0.39,0.62,0.99,1.02,0.09,0.61,0.12,16350,0.03641772270202637
0.63,0.82,0.39,0.62,1.0,1.02,0.09,0.61,0.12,16395,0.03641772270202637
0.63,0.81,0.39,0.62,0.99,1.02,0.09,0.61,0.12,16534,0.03641772270202637
0.63,0.81,0.39,0.62,1.0,1.01,0.09,0.61,0.12,16805,0.03741788864135742
0.63,0.81,0.39,0.62,1.0,1.02,0.08,0.62,0.12,16684,0.03741788864135742
0.63,0.81,0.4,0.62,0.99,1.02,0.09,0.62,0.12,16393,0.038401126861572266
0.64,0.82,0.4,0.62,0.99,1.02,0.09,0.62,0.12,16268,0.038401126861572266
0.63,0.81,0.39,0.62,1.0,1.02,0.09,0.62,0.12,16337,0.038401126861572266
0.63,0.81,0.4,0.62,0.99,1.01,0.09,0.62,0.12,16270,0.03941774368286133
0.63,0.81,0.4,0.61,0.99,1.01,0.09,0.62,0.12,16093,0.03941774368286133
0.63,0.81,0.4,0.62,0.99,1.02,0.08,0.62,0.12,16020,0.03941774368286133
0.63,0.81,0.4,0.62,1.0,1.01,0.08,0.62,0.12,16109,0.04040122032165527
0.63,0.81,0.4,0.62,1.0,1.02,0.08,0.62,0.12,16382,0.04040122032165527
0.63,0.82,0.4,0.62,1.0,1.02,0.09,0.62,0.12,16287,0.04040122032165527
0.63,0.82,0.4,0.62,1.0,1.01,0.09,0.62,0.12,15994,0.04158830642700195
0.63,0.82,0.4,0.62,1.0,1.02,0.09,0.62,0.12,16443,0.04158830642700195
0.63,0.82,0.4,0.62,1.0,1.02,0.08,0.62,0.12,16632,0.04158830642700195
0.63,0.82,0.4,0.62,1.0,1.02,0.09,0.62,0.12,16417,0.042642831802368164
0.63,0.82,0.4,0.62,1.0,1.02,0.08,0.61,0.12,16288,0.042642831802368164
0.63,0.82,0.4,0.62,1.0,1.02,0.08,0.62,0.12,16339,0.042642831802368164
0.63,0.82,0.4,0.62,1.0,1.02,0.08,0.62,0.12,16072,0.04365968704223633
0.64,0.81,0.4,0.62,0.99,1.02,0.08,0.62,0.12,16199,0.04365968704223633
0.63,0.82,0.4,0.62,1.0,1.02,0.08,0.62,0.12,16138,0.04365968704223633
0.63,0.82,0.4,0.62,1.0,1.01,0.09,0.62,0.12,15963,0.044660091400146484
0.64,0.82,0.4,0.62,1.0,1.01,0.08,0.62,0.12,16126,0.044660091400146484
0.64,0.82,0.4,0.62,1.0,1.01,0.08,0.62,0.12,16199,0.044660091400146484
0.63,0.82,0.4,0.62,1.0,1.02,0.08,0.61,0.12,16120,0.04566001892089844
0.63,0.81,0.4,0.62,0.99,1.02,0.08,0.62,0.12,16469,0.04566001892089844
0.64,0.82,0.4,0.62,1.0,1.01,0.08,0.62,0.12,16630,0.04566001892089844
0.64,0.81,0.4,0.62,1.0,1.01,0.09,0.62,0.12,16477,0.04675102233886719
0.64,0.81,0.4,0.62,1.0,1.01,0.08,0.62,0.12,16466,0.04675102233886719
0.64,0.81,0.4,0.62,1.0,1.02,0.09,0.62,0.12,16727,0.04675102233886719
0.63,0.81,0.4,0.62,1.0,1.01,0.08,0.61,0.12,16520,0.04779338836669922
0.64,0.82,0.4,0.62,1.0,1.02,0.09,0.61,0.12,15959,0.04779338836669922
0.63,0.82,0.4,0.62,1.0,1.02,0.08,0.62,0.12,15926,0.04779338836669922
0.64,0.81,0.4,0.62,1.0,1.01,0.08,0.61,0.12,15993,0.04881000518798828
0.64,0.81,0.4,0.62,1.01,1.02,0.08,0.62,0.12,16372,0.04881000518798828
0.64,0.81,0.4,0.63,1.0,1.02,0.09,0.61,0.12,16553,0.049810171127319336
0.63,0.81,0.4,0.62,1.0,1.01,0.08,0.61,0.12,16442,0.049810171127319336
0.64,0.81,0.4,0.62,1.0,1.02,0.08,0.61,0.12,16167,0.049810171127319336
0.64,0.81,0.4,0.62,1.0,1.02,0.08,0.62,0.12,16244,0.05084991455078125
0.64,0.81,0.4,0.62,1.0,1.02,0.08,0.61,0.12,16461,0.05084991455078125
0.63,0.81,0.41,0.62,1.0,1.01,0.08,0.62,0.12,16494,0.05084991455078125
0.64,0.81,0.41,0.63,1.0,1.02,0.08,0.62,0.12,16349,0.051850080490112305
0.64,0.81,0.41,0.62,1.0,1.02,0.09,0.61,0.12,16632,0.051850080490112305
0.64,0.81,0.4,0.62,1.0,1.02,0.08,0.61,0.12,16693,0.051850080490112305
0.64,0.81,0.4,0.62,1.0,1.02,0.08,0.61,0.12,16532,0.05283331871032715
0.64,0.8,0.4,0.62,1.0,1.02,0.08,0.62,0.12,16607,0.05283331871032715
0.65,0.81,0.4,0.62,1.0,1.01,0.08,0.61,0.12,16142,0.05283331871032715
0.65,0.81,0.4,0.62,1.0,1.01,0.08,0.62,0.12,16141,0.05385017395019531
0.65,0.81,0.4,0.62,1.0,1.02,0.08,0.62,0.12,16228,0.05385017395019531
0.64,0.81,0.4,0.62,1.0,1.02,0.1,0.62,0.12,16091,0.054850101470947266
0.64,0.81,0.4,0.62,1.0,1.02,0.08,0.62,0.12,16422,0.054850101470947266
0.64,0.81,0.4,0.62,1.0,1.02,0.08,0.62,0.12,16469,0.054850101470947266
0.64,0.81,0.4,0.62,1.0,1.02,0.08,0.61,0.12,16310,0.05585026741027832
0.65,0.81,0.4,0.62,1.0,1.02,0.08,0.62,0.12,16245,0.05585026741027832
0.65,0.81,0.41,0.62,1.0,1.02,0.09,0.62,0.12,16492,0.05585026741027832
0.65,0.81,0.4,0.62,1.01,1.02,0.08,0.62,0.12,16513,0.05685019493103027
0.65,0.81,0.41,0.62,1.0,1.02,0.08,0.62,0.12,16552,0.05685019493103027
0.65,0.81,0.4,0.62,1.0,1.02,0.08,0.62,0.12,16557,0.05685019493103027
0.64,0.81,0.4,0.62,1.0,1.01,0.09,0.62,0.12,16420,0.05785012245178223
0.64,0.81,0.4,0.62,1.0,1.01,0.08,0.62,0.12,16297,0.05785012245178223
0.65,0.81,0.4,0.62,1.0,1.02,0.08,0.61,0.12,16038,0.05785012245178223
0.65,0.81,0.4,0.62,1.01,1.02,0.09,0.62,0.12,16515,0.05885004997253418
0.65,0.81,0.4,0.62,1.01,1.01,0.08,0.62,0.12,16526,0.05885004997253418
0.64,0.82,0.4,0.62,1.01,1.02,0.08,0.62,0.12,16439,0.059850215911865234
0.64,0.81,0.4,0.62,1.0,1.02,0.08,0.62,0.12,16126,0.059850215911865234
0.64,0.82,0.4,0.62,1.0,1.02,0.08,0.62,0.12,16105,0.059850215911865234
0.65,0.81,0.4,0.62,1.0,1.02,0.08,0.62,0.12,15984,0.06085014343261719
0.65,0.81,0.41,0.62,1.0,1.02,0.09,0.62,0.12,16207,0.06085014343261719
0.65,0.81,0.4,0.62,1.0,1.01,0.08,0.62,0.12,15888,0.06085014343261719
0.65,0.81,0.4,0.62,1.0,1.02,0.08,0.62,0.12,16181,0.06183338165283203
0.65,0.82,0.4,0.62,1.0,1.02,0.08,0.62,0.12,16312,0.06183338165283203
0.65,0.81,0.4,0.62,1.0,1.01,0.09,0.62,0.12,16157,0.06183338165283203
0.65,0.81,0.41,0.62,1.0,1.01,0.08,0.62,0.12,16272,0.06283307075500488
0.64,0.81,0.41,0.62,1.0,1.01,0.09,0.62,0.12,16329,0.06283307075500488
0.65,0.81,0.41,0.62,1.0,1.02,0.08,0.61,0.12,15738,0.06384992599487305
0.65,0.81,0.4,0.62,1.0,1.02,0.08,0.62,0.12,15859,0.06384992599487305
0.65,0.81,0.41,0.62,1.0,1.02,0.08,0.61,0.12,16062,0.06384992599487305
0.64,0.81,0.4,0.62,1.0,1.01,0.09,0.61,0.12,16413,0.06384992599487305
0.64,0.82,0.4,0.62,1.0,1.02,0.09,0.61,0.12,16792,0.06384992599487305
0.64,0.81,0.4,0.62,1.0,1.02,0.09,0.61,0.12,16697,0.06538724899291992
0.65,0.82,0.4,0.62,1.0,1.01,0.09,0.61,0.12,16704,0.06538724899291992
0.65,0.82,0.4,0.62,1.0,1.02,0.08,0.61,0.12,16363,0.06538724899291992
0.64,0.82,0.4,0.62,1.01,1.02,0.09,0.62,0.12,15980,0.06641244888305664
0.65,0.82,0.4,0.62,1.0,1.02,0.08,0.61,0.12,16081,0.06641244888305664
0.65,0.82,0.4,0.62,1.0,1.02,0.09,0.62,0.12,16292,0.0674290657043457
0.65,0.82,0.4,0.62,1.0,1.02,0.08,0.62,0.12,16255,0.0674290657043457
0.65,0.82,0.4,0.62,1.0,1.02,0.09,0.62,0.12,16200,0.0674290657043457
0.64,0.82,0.4,0.62,1.0,1.02,0.09,0.62,0.12,16373,0.06842923164367676
0.65,0.82,0.4,0.62,1.0,1.02,0.09,0.61,0.12,16190,0.06859898567199707
0.64,0.82,0.4,0.62,1.01,1.02,0.09,0.62,0.12,16487,0.06859898567199707
0.64,0.82,0.4,0.62,1.01,1.02,0.08,0.61,0.12,16082,0.0696115493774414
0.65,0.82,0.4,0.62,1.0,1.02,0.09,0.61,0.12,16011,0.0696115493774414
0.64,0.82,0.4,0.62,1.0,1.02,0.08,0.61,0.12,16262,0.0696115493774414
0.64,0.82,0.4,0.62,1.01,1.02,0.08,0.61,0.12,16531,0.07062840461730957
0.65,0.82,0.39,0.62,1.01,1.02,0.09,0.61,0.12,16148,0.07062840461730957
0.65,0.82,0.39,0.62,1.01,1.02,0.09,0.61,0.12,16199,0.07062840461730957
0.65,0.82,0.39,0.62,1.01,1.02,0.09,0.61,0.12,16280,0.07162833213806152
0.64,0.82,0.4,0.62,1.01,1.02,0.08,0.61,0.12,15975,0.07162833213806152
0.63,0.82,0.39,0.62,1.01,1.02,0.09,0.61,0.12,16606,0.07162833213806152
0.63,0.81,0.39,0.62,1.01,1.02,0.09,0.61,0.12,16139,0.07273530960083008
0.64,0.82,0.4,0.62,1.0,1.02,0.08,0.61,0.12,16172,0.07273530960083008
0.64,0.82,0.39,0.62,1.01,1.02,0.09,0.61,0.12,16227,0.07362842559814453
0.64,0.82,0.4,0.62,1.01,1.02,0.08,0.61,0.12,16164,0.07362842559814453
0.64,0.82,0.39,0.61,1.01,1.02,0.09,0.61,0.12,16185,0.07362842559814453
0.65,0.82,0.39,0.62,1.0,1.02,0.09,0.61,0.12,15642,0.07462835311889648
0.64,0.82,0.39,0.62,1.01,1.02,0.09,0.61,0.12,15867,0.07462835311889648
0.64,0.82,0.4,0.62,1.01,1.02,0.09,0.61,0.12,16312,0.07462835311889648
0.65,0.82,0.4,0.62,1.01,1.02,0.09,0.61,0.12,16135,0.07562828063964844
0.64,0.82,0.4,0.62,1.01,1.01,0.09,0.61,0.12,16044,0.07562828063964844
0.65,0.82,0.39,0.62,1.01,1.01,0.09,0.61,0.12,16131,0.07562828063964844
0.65,0.82,0.39,0.62,1.01,1.02,0.09,0.61,0.12,16494,0.07662844657897949
0.64,0.82,0.39,0.62,1.01,1.02,0.09,0.61,0.12,16415,0.07662844657897949
0.64,0.82,0.4,0.62,1.01,1.02,0.09,0.61,0.12,16146,0.07761168479919434
0.64,0.82,0.39,0.62,1.01,1.02,0.08,0.61,0.12,16379,0.07761168479919434
0.64,0.82,0.39,0.62,1.01,1.02,0.09,0.61,0.12,16372,0.07761168479919434
0.64,0.82,0.39,0.62,1.01,1.02,0.09,0.61,0.12,16367,0.0786283016204834
0.64,0.82,0.4,0.62,1.01,1.02,0.09,0.61,0.12,16452,0.0786283016204834
0.65,0.82,0.4,0.62,1.01,1.01,0.09,0.61,0.12,16495,0.0786283016204834
0.65,0.82,0.4,0.62,1.01,1.01,0.09,0.61,0.12,16218,0.07962846755981445
0.65,0.82,0.4,0.62,1.01,1.01,0.09,0.61,0.12,16145,0.07962846755981445
0.65,0.82,0.4,0.62,1.01,1.02,0.09,0.61,0.12,16122,0.0806283950805664
0.65,0.82,0.4,0.62,1.0,1.02,0.09,0.61,0.12,16237,0.0806283950805664
0.64,0.82,0.4,0.62,1.0,1.02,0.09,0.61,0.12,16372,0.0806283950805664
0.64,0.82,0.4,0.62,1.0,1.02,0.08,0.6,0.12,15875,0.08162832260131836
0.65,0.81,0.4,0.62,1.01,1.02,0.09,0.6,0.12,15694,0.08162832260131836
0.64,0.82,0.4,0.62,1.01,1.02,0.09,0.61,0.12,16263,0.08162832260131836
0.64,0.82,0.4,0.62,1.0,1.02,0.08,0.61,0.12,16222,0.08262872695922852
0.64,0.82,0.4,0.62,1.0,1.02,0.08,0.61,0.12,15787,0.08262872695922852
0.64,0.82,0.4,0.62,1.01,1.02,0.08,0.6,0.12,16402,0.08262872695922852
0.64,0.83,0.4,0.63,1.01,1.02,0.08,0.6,0.12,16367,0.08362865447998047
0.64,0.82,0.4,0.63,1.01,1.02,0.09,0.61,0.12,16244,0.08362865447998047
0.64,0.82,0.4,0.63,1.01,1.02,0.09,0.61,0.12,16401,0.08461523056030273
0.64,0.82,0.4,0.62,1.0,1.01,0.09,0.61,0.12,16700,0.08461523056030273
0.64,0.82,0.4,0.63,1.0,1.01,0.09,0.61,0.12,16589,0.08461523056030273
0.65,0.82,0.4,0.63,1.01,1.02,0.09,0.61,0.12,16164,0.08561182022094727
0.64,0.82,0.4,0.62,1.01,1.02,0.08,0.61,0.12,16109,0.08561182022094727
0.65,0.82,0.4,0.63,1.01,1.02,0.09,0.61,0.12,16224,0.08662843704223633
0.65,0.82,0.4,0.63,1.01,1.02,0.08,0.6,0.12,16767,0.08662843704223633
0.65,0.82,0.4,0.62,1.0,1.02,0.09,0.61,0.12,16676,0.08662843704223633
0.65,0.82,0.4,0.63,1.01,1.02,0.09,0.61,0.12,16775,0.08761167526245117
0.64,0.82,0.4,0.63,1.01,1.01,0.09,0.61,0.12,16676,0.08761167526245117
0.65,0.81,0.4,0.63,1.01,1.02,0.09,0.61,0.12,16315,0.08761167526245117
0.65,0.82,0.4,0.63,1.01,1.01,0.09,0.61,0.12,16630,0.08862853050231934
0.65,0.82,0.4,0.63,1.01,1.02,0.09,0.61,0.12,16797,0.08862853050231934
0.65,0.82,0.4,0.63,1.0,1.01,0.09,0.61,0.12,16678,0.08862853050231934
0.65,0.82,0.4,0.63,1.01,1.01,0.09,0.61,0.12,16525,0.08962845802307129
0.65,0.82,0.4,0.63,1.01,1.02,0.09,0.61,0.12,16574,0.08962845802307129
0.65,0.82,0.4,0.63,1.0,1.02,0.09,0.61,0.12,16711,0.09062862396240234
0.65,0.82,0.4,0.63,1.01,1.02,0.08,0.61,0.12,16498,0.09062862396240234
0.65,0.82,0.4,0.63,1.01,1.02,0.09,0.61,0.12,16121,0.09062862396240234
0.65,0.81,0.4,0.63,1.01,1.02,0.09,0.61,0.12,16160,0.0916283130645752
0.65,0.81,0.4,0.63,1.01,1.02,0.09,0.61,0.12,16443,0.0916283130645752
0.65,0.82,0.4,0.63,1.01,1.02,0.09,0.61,0.12,16568,0.0916283130645752
0.64,0.82,0.4,0.63,1.01,1.02,0.09,0.61,0.12,16113,0.09262847900390625
0.64,0.82,0.4,0.63,1.0,1.02,0.09,0.61,0.12,16142,0.09262847900390625
0.65,0.82,0.4,0.63,1.01,1.02,0.09,0.61,0.12,16913,0.09262847900390625
0.64,0.82,0.4,0.63,1.01,1.01,0.09,0.61,0.12,16940,0.0936284065246582
0.64,0.82,0.4,0.63,1.01,1.02,0.09,0.61,0.12,16219,0.0936284065246582
0.64,0.81,0.4,0.63,1.01,1.01,0.09,0.61,0.12,16254,0.09462857246398926
0.64,0.82,0.4,0.63,1.0,1.01,0.09,0.61,0.12,16659,0.09462857246398926
0.64,0.82,0.4,0.64,1.01,1.01,0.09,0.61,0.12,16578,0.09462857246398926
0.64,0.82,0.4,0.63,1.01,1.01,0.08,0.61,0.12,15943,0.09562849998474121
0.65,0.82,0.4,0.63,1.0,1.01,0.09,0.61,0.12,16046,0.09562849998474121
0.64,0.82,0.41,0.63,1.0,1.01,0.09,0.61,0.13,16569,0.09562849998474121
0.64,0.82,0.41,0.63,1.01,1.02,0.09,0.61,0.12,16718,0.09662842750549316
0.65,0.82,0.41,0.63,1.0,1.02,0.09,0.61,0.12,16581,0.09662842750549316
0.65,0.82,0.4,0.64,1.01,1.01,0.09,0.61,0.12,16166,0.09762835502624512
0.65,0.82,0.4,0.63,1.0,1.02,0.09,0.61,0.12,16157,0.09762835502624512
0.65,0.82,0.41,0.64,1.01,1.02,0.08,0.61,0.12,15822,0.09762835502624512
0.65,0.82,0.41,0.63,1.01,1.02,0.09,0.62,0.12,15919,0.09862852096557617
0.65,0.82,0.4,0.65,1.01,1.02,0.09,0.62,0.12,16030,0.09862852096557617
0.65,0.82,0.4,0.64,1.01,1.02,0.09,0.61,0.12,16187,0.09862852096557617
0.65,0.82,0.4,0.64,1.01,1.02,0.09,0.62,0.12,16584,0.09961175918579102
0.65,0.82,0.4,0.64,1.01,1.02,0.09,0.61,0.12,16525,0.09961175918579102
0.65,0.82,0.41,0.64,1.0,1.02,0.09,0.61,0.12,16402,0.09961175918579102
0.65,0.82,0.41,0.63,1.01,1.02,0.09,0.62,0.12,16381,0.10062837600708008
0.65,0.82,0.41,0.64,1.01,1.02,0.09,0.62,0.12,16260,0.10062837600708008
0.65,0.82,0.41,0.63,1.01,1.02,0.09,0.62,0.12,16367,0.10162830352783203
0.65,0.82,0.4,0.64,1.01,1.02,0.09,0.62,0.12,16608,0.10162830352783203
0.65,0.82,0.4,0.64,1.01,1.02,0.09,0.62,0.12,16547,0.10162830352783203
0.66,0.82,0.4,0.63,1.01,1.02,0.09,0.62,0.12,16744,0.10262870788574219
0.65,0.82,0.4,0.63,1.01,1.02,0.09,0.61,0.12,16591,0.10262870788574219
0.65,0.82,0.4,0.64,1.01,1.02,0.09,0.61,0.12,16692,0.10262870788574219
0.65,0.81,0.4,0.63,1.01,1.02,0.09,0.61,0.12,16569,0.10362863540649414
0.66,0.82,0.4,0.64,1.01,1.01,0.09,0.62,0.12,16564,0.10362863540649414
0.65,0.82,0.41,0.63,1.01,1.02,0.09,0.62,0.12,16631,0.10362863540649414
0.66,0.82,0.41,0.64,1.01,1.02,0.09,0.62,0.12,16520,0.1046285629272461
0.66,0.82,0.41,0.64,1.01,1.01,0.08,0.61,0.12,16305,0.1046285629272461
0.66,0.82,0.41,0.64,1.02,1.01,0.09,0.62,0.12,16014,0.1046285629272461
0.66,0.82,0.4,0.64,1.01,1.02,0.09,0.62,0.12,16021,0.10580110549926758
0.65,0.82,0.41,0.64,1.01,1.01,0.09,0.62,0.12,16194,0.10580110549926758
0.66,0.82,0.41,0.63,1.02,1.01,0.09,0.62,0.12,15831,0.10580110549926758
0.66,0.82,0.41,0.64,1.02,1.02,0.09,0.62,0.12,15994,0.10684871673583984
0.66,0.82,0.41,0.63,1.01,1.02,0.09,0.62,0.12,16473,0.10684871673583984
0.66,0.82,0.4,0.64,1.01,1.01,0.09,0.62,0.12,16968,0.10684871673583984
0.66,0.82,0.4,0.64,1.02,1.02,0.08,0.62,0.12,16747,0.1078653335571289
0.66,0.82,0.41,0.64,1.02,1.01,0.09,0.61,0.12,16796,0.1078653335571289
0.66,0.82,0.41,0.63,1.01,1.01,0.09,0.62,0.12,16895,0.10886549949645996
0.66,0.82,0.41,0.64,1.01,1.01,0.09,0.62,0.12,16660,0.10886549949645996
0.66,0.82,0.41,0.64,1.01,1.01,0.09,0.62,0.12,16061,0.10886549949645996
0.65,0.82,0.41,0.64,1.01,1.01,0.09,0.62,0.12,16160,0.10986542701721191
0.66,0.82,0.41,0.63,1.01,1.01,0.09,0.62,0.12,16515,0.10986542701721191
0.65,0.82,0.41,0.64,1.01,1.01,0.09,0.62,0.12,16820,0.10986542701721191
0.66,0.82,0.41,0.63,1.01,1.01,0.09,0.62,0.12,16367,0.11086559295654297
0.65,0.82,0.41,0.64,1.01,1.02,0.08,0.62,0.12,16420,0.11086559295654297
0.66,0.83,0.41,0.64,1.01,1.02,0.09,0.62,0.12,16259,0.11086559295654297
0.65,0.83,0.41,0.64,1.01,1.02,0.09,0.62,0.12,16138,0.11186552047729492
0.66,0.82,0.41,0.63,1.01,1.01,0.09,0.62,0.12,16083,0.11186552047729492
0.65,0.82,0.41,0.64,1.01,1.01,0.09,0.62,0.12,16282,0.11186552047729492
0.65,0.82,0.4,0.64,1.01,1.01,0.09,0.62,0.12,16643,0.11286544799804688
0.65,0.83,0.4,0.64,1.01,1.01,0.09,0.62,0.12,16436,0.11286544799804688
0.65,0.82,0.41,0.64,1.01,1.01,0.08,0.62,0.12,16313,0.11386537551879883
0.65,0.83,0.41,0.64,1.01,1.01,0.08,0.62,0.12,16740,0.11386537551879883
0.65,0.82,0.41,0.64,1.01,1.02,0.09,0.62,0.12,16873,0.11386537551879883
0.65,0.83,0.41,0.64,1.01,1.01,0.09,0.62,0.12,16156,0.11486577987670898
0.65,0.82,0.41,0.64,1.01,1.01,0.09,0.62,0.12,15867,0.11486577987670898
0.65,0.83,0.41,0.64,1.01,1.01,0.09,0.62,0.12,16444,0.11486577987670898
0.66,0.82,0.41,0.64,1.01,1.01,0.09,0.62,0.12,16459,0.11586523056030273
0.65,0.82,0.41,0.64,1.0,1.01,0.08,0.62,0.12,16002,0.11586523056030273
0.65,0.82,0.41,0.64,1.01,1.01,0.09,0.62,0.12,16385,0.11586523056030273
0.66,0.83,0.41,0.64,1.01,1.01,0.09,0.62,0.12,16560,0.11686563491821289
0.65,0.82,0.41,0.64,1.0,1.01,0.08,0.62,0.12,16657,0.11686563491821289
0.65,0.82,0.41,0.63,1.01,1.01,0.09,0.62,0.12,16776,0.11686563491821289
0.65,0.82,0.41,0.64,1.01,1.01,0.09,0.62,0.12,15911,0.11786556243896484
0.65,0.82,0.41,0.64,1.0,1.01,0.09,0.62,0.12,15812,0.11786556243896484
0.65,0.82,0.41,0.64,1.01,1.01,0.09,0.62,0.12,16509,0.1188654899597168
0.65,0.82,0.41,0.64,1.01,1.01,0.09,0.62,0.12,16446,0.1188654899597168
0.65,0.82,0.41,0.64,1.0,1.01,0.09,0.62,0.12,16381,0.1188654899597168
0.65,0.82,0.41,0.64,1.0,1.01,0.09,0.62,0.12,16296,0.11986565589904785
0.65,0.83,0.41,0.64,1.0,1.01,0.09,0.62,0.12,16061,0.11986565589904785
0.65,0.83,0.41,0.64,1.0,1.01,0.09,0.62,0.12,16438,0.11986565589904785
0.65,0.83,0.41,0.63,1.0,1.01,0.09,0.62,0.13,16651,0.1208655834197998
0.65,0.83,0.41,0.63,1.0,1.01,0.09,0.62,0.12,16414,0.1208655834197998
0.65,0.83,0.41,0.64,1.0,1.01,0.09,0.62,0.12,16629,0.1208655834197998
0.66,0.83,0.41,0.64,1.0,1.01,0.09,0.62,0.12,16622,0.12189388275146484
0.65,0.82,0.42,0.64,1.01,1.01,0.09,0.62,0.13,16543,0.12189388275146484
0.65,0.83,0.42,0.63,1.0,1.01,0.09,0.62,0.12,16362,0.12189388275146484
0.65,0.83,0.42,0.64,1.0,1.01,0.09,0.62,0.12,16109,0.12286543846130371
0.65,0.82,0.41,0.65,1.0,1.01,0.09,0.62,0.12,16534,0.12286543846130371
0.65,0.82,0.42,0.64,1.0,1.01,0.09,0.62,0.12,16773,0.12386560440063477
0.64,0.82,0.42,0.64,1.01,1.01,0.09,0.62,0.12,16578,0.12386560440063477
0.65,0.82,0.42,0.64,1.01,1.01,0.09,0.62,0.12,16555,0.12438702583312988
0.64,0.82,0.41,0.64,1.0,1.01,0.08,0.62,0.12,16578,0.12438702583312988
0.65,0.82,0.41,0.64,1.0,1.01,0.09,0.62,0.12,16665,0.1254110336303711
0.65,0.82,0.41,0.64,1.0,1.01,0.09,0.62,0.12,16256,0.1254110336303711
0.65,0.82,0.42,0.64,1.0,1.01,0.09,0.62,0.13,16269,0.1254110336303711
0.65,0.83,0.42,0.64,1.01,1.01,0.09,0.62,0.12,16590,0.13021492958068848
0.65,0.82,0.42,0.64,1.01,1.01,0.08,0.62,0.12,16783,0.13021492958068848
0.65,0.82,0.42,0.64,1.01,1.01,0.09,0.62,0.12,16436,0.13126039505004883
0.65,0.82,0.42,0.64,1.01,1.01,0.09,0.62,0.13,16451,0.13126039505004883
0.65,0.82,0.42,0.64,1.01,1.01,0.08,0.62,0.12,16778,0.13126039505004883
0.65,0.82,0.42,0.64,1.01,1.01,0.09,0.62,0.13,16795,0.13225889205932617
0.65,0.82,0.42,0.64,1.01,1.01,0.09,0.62,0.13,15932,0.13225889205932617
0.65,0.82,0.42,0.64,1.01,1.01,0.09,0.62,0.12,15721,0.13225889205932617
0.65,0.82,0.42,0.64,1.0,1.01,0.09,0.62,0.13,15994,0.13350391387939453
0.65,0.82,0.42,0.64,1.01,1.0,0.09,0.62,0.13,16535,0.13357329368591309
0.66,0.83,0.42,0.64,1.01,1.01,0.09,0.62,0.13,16444,0.13357329368591309
0.66,0.82,0.42,0.64,1.0,1.01,0.09,0.62,0.13,16437,0.13458585739135742
0.66,0.83,0.42,0.64,1.0,1.01,0.09,0.62,0.12,17026,0.13458585739135742
0.66,0.83,0.42,0.64,1.0,1.01,0.09,0.62,0.13,16803,0.13458585739135742
0.65,0.83,0.41,0.64,1.0,1.01,0.1,0.62,0.13,16412,0.13560271263122559
0.65,0.83,0.41,0.64,1.0,1.01,0.09,0.62,0.13,16417,0.13560271263122559
0.65,0.83,0.42,0.64,1.01,1.01,0.09,0.62,0.13,16416,0.13560271263122559
0.65,0.83,0.41,0.64,1.01,1.01,0.09,0.62,0.12,16259,0.13660287857055664
0.65,0.83,0.42,0.64,1.0,1.01,0.09,0.62,0.13,16576,0.13660287857055664
0.65,0.83,0.42,0.63,1.01,1.01,0.09,0.62,0.12,16671,0.13660287857055664
0.65,0.83,0.42,0.63,1.01,1.01,0.09,0.62,0.12,16142,0.13759207725524902
0.65,0.83,0.42,0.64,1.01,1.01,0.09,0.62,0.12,15989,0.13759207725524902
0.65,0.83,0.42,0.64,1.01,1.01,0.1,0.62,0.12,16498,0.13857173919677734
0.66,0.82,0.42,0.64,1.01,1.01,0.09,0.62,0.12,16411,0.13857173919677734
0.65,0.83,0.42,0.64,1.0,1.01,0.09,0.62,0.12,16092,0.13857173919677734
0.65,0.83,0.42,0.63,1.0,1.01,0.09,0.62,0.13,16347,0.13957452774047852
0.64,0.83,0.42,0.63,1.0,1.01,0.1,0.62,0.12,16792,0.13974881172180176
0.65,0.83,0.42,0.63,1.0,1.01,0.09,0.62,0.13,16165,0.13974881172180176
0.65,0.83,0.42,0.63,1.0,1.01,0.09,0.62,0.13,15914,0.14081168174743652
0.65,0.83,0.42,0.63,1.0,1.01,0.09,0.62,0.12,15757,0.14081168174743652
0.65,0.82,0.42,0.63,1.0,1.01,0.09,0.62,0.13,16072,0.14081168174743652
0.64,0.83,0.42,0.63,1.01,1.01,0.09,0.62,0.13,16361,0.14182329177856445
0.66,0.82,0.42,0.63,1.01,1.01,0.09,0.62,0.12,16352,0.14182329177856445
0.65,0.82,0.42,0.63,1.0,1.01,0.09,0.62,0.13,16759,0.14182329177856445
0.65,0.82,0.42,0.63,1.0,1.01,0.09,0.62,0.13,16758,0.1428232192993164
0.66,0.83,0.42,0.63,1.0,1.01,0.09,0.62,0.13,16671,0.1428232192993164
0.65,0.83,0.42,0.63,1.01,1.01,0.09,0.62,0.13,16340,0.1428232192993164
0.65,0.83,0.42,0.62,1.0,1.01,0.09,0.62,0.13,16139,0.14382314682006836
0.65,0.83,0.42,0.63,1.0,1.01,0.09,0.62,0.13,16248,0.14382314682006836
0.65,0.83,0.42,0.62,1.0,1.01,0.09,0.62,0.13,15957,0.14382314682006836
0.66,0.83,0.42,0.63,1.0,1.0,0.1,0.62,0.12,16066,0.14495348930358887
0.66,0.83,0.42,0.63,1.01,1.01,0.09,0.62,0.13,16491,0.14495348930358887
0.65,0.83,0.42,0.63,1.01,1.01,0.09,0.62,0.13,16436,0.14495348930358887
0.65,0.83,0.42,0.63,1.01,1.01,0.09,0.62,0.13,15951,0.14602446556091309
0.65,0.83,0.42,0.63,1.0,1.0,0.09,0.62,0.13,15954,0.14602446556091309
0.65,0.83,0.42,0.63,1.01,1.01,0.09,0.62,0.13,16043,0.14602446556091309
0.65,0.83,0.43,0.63,1.01,1.0,0.09,0.62,0.13,16036,0.14702439308166504
0.65,0.83,0.43,0.63,1.0,1.01,0.09,0.62,0.13,16405,0.14702439308166504
0.65,0.83,0.42,0.63,1.01,1.01,0.09,0.62,0.13,16572,0.1480245590209961
0.65,0.83,0.42,0.63,1.01,1.01,0.09,0.62,0.13,16431,0.1480245590209961
0.65,0.82,0.42,0.63,1.0,1.0,0.09,0.62,0.13,16226,0.1480245590209961
0.66,0.83,0.43,0.63,1.0,1.01,0.09,0.62,0.13,16145,0.14902448654174805
0.65,0.83,0.43,0.63,1.01,1.01,0.09,0.62,0.13,16204,0.14902448654174805
0.65,0.83,0.43,0.63,1.01,1.01,0.09,0.62,0.13,15923,0.14902448654174805
0.65,0.83,0.42,0.63,1.0,1.01,0.1,0.62,0.13,16518,0.1500244140625
0.65,0.83,0.43,0.63,1.0,1.01,0.09,0.62,0.13,16257,0.1500244140625
0.65,0.83,0.42,0.63,1.0,1.01,0.09,0.62,0.13,16174,0.1500244140625
0.65,0.83,0.43,0.63,1.01,1.0,0.09,0.62,0.13,16611,0.15106439590454102
0.66,0.83,0.43,0.63,1.01,1.01,0.09,0.62,0.13,16436,0.15106439590454102
0.66,0.83,0.43,0.63,1.0,1.0,0.1,0.62,0.13,16837,0.15206456184387207
0.65,0.83,0.43,0.63,1.01,1.01,0.09,0.62,0.13,16436,0.15206456184387207
0.65,0.83,0.43,0.63,1.01,1.01,0.09,0.62,0.13,15981,0.15206456184387207
0.65,0.83,0.43,0.63,1.0,1.0,0.09,0.62,0.13,16168,0.15306472778320312
0.65,0.83,0.42,0.63,1.0,1.0,0.09,0.62,0.13,16417,0.15306472778320312
0.66,0.83,0.42,0.63,1.01,1.0,0.09,0.62,0.13,16246,0.15306472778320312
0.65,0.83,0.42,0.63,1.0,1.01,0.09,0.62,0.13,16287,0.1540534496307373
0.65,0.83,0.43,0.63,1.01,1.0,0.09,0.62,0.13,16240,0.1540534496307373
0.66,0.83,0.42,0.63,1.0,1.0,0.09,0.62,0.13,16503,0.1540534496307373
0.65,0.83,0.42,0.63,1.0,1.0,0.09,0.62,0.12,16176,0.15522170066833496
0.65,0.83,0.42,0.63,1.0,1.0,0.09,0.62,0.12,15893,0.15522170066833496
0.65,0.83,0.42,0.63,1.0,1.0,0.09,0.62,0.13,15852,0.15522170066833496
0.65,0.83,0.42,0.63,1.0,1.0,0.09,0.62,0.13,15761,0.1562354564666748
0.65,0.83,0.42,0.62,1.0,1.0,0.09,0.62,0.13,16248,0.1562354564666748
0.65,0.83,0.42,0.63,1.0,1.0,0.09,0.62,0.13,16259,0.1562354564666748
0.65,0.83,0.42,0.63,1.0,1.0,0.09,0.62,0.13,16426,0.15725183486938477
0.65,0.83,0.42,0.63,1.0,1.0,0.09,0.62,0.12,16165,0.15725183486938477
0.65,0.83,0.42,0.62,0.99,1.0,0.09,0.62,0.13,16200,0.15825200080871582
0.65,0.83,0.42,0.62,1.0,1.0,0.09,0.62,0.13,16583,0.15825200080871582
0.65,0.83,0.42,0.63,1.0,1.0,0.09,0.61,0.13,16490,0.15825200080871582
0.66,0.83,0.42,0.63,1.0,1.0,0.09,0.62,0.12,16503,0.15925216674804688
0.65,0.84,0.42,0.63,1.0,1.0,0.09,0.62,0.12,16928,0.15925216674804688
0.65,0.83,0.42,0.63,1.01,1.0,0.09,0.62,0.12,16605,0.15925216674804688
0.65,0.84,0.42,0.63,1.0,1.0,0.09,0.62,0.12,15954,0.16025209426879883
0.65,0.83,0.42,0.63,1.0,1.0,0.09,0.62,0.12,16111,0.16025209426879883
0.65,0.84,0.42,0.63,1.01,1.0,0.09,0.62,0.13,16598,0.16025209426879883
0.65,0.83,0.42,0.63,1.0,1.0,0.09,0.62,0.12,16447,0.16125202178955078
0.65,0.83,0.42,0.63,1.0,1.0,0.09,0.62,0.12,16338,0.16125202178955078
0.65,0.83,0.42,0.63,1.01,1.0,0.09,0.62,0.12,16381,0.16225194931030273
0.65,0.83,0.42,0.62,1.0,1.0,0.09,0.62,0.13,16448,0.16225194931030273
0.65,0.83,0.42,0.63,1.0,1.0,0.09,0.62,0.12,16595,0.16225194931030273
0.66,0.83,0.42,0.63,1.0,1.0,0.1,0.62,0.12,16574,0.1632518768310547
0.65,0.83,0.42,0.63,1.01,1.0,0.09,0.62,0.12,16489,0.1632518768310547
0.66,0.84,0.42,0.62,1.0,1.0,0.09,0.62,0.12,16252,0.1632518768310547
0.66,0.84,0.43,0.66,1.04,1.02,0.12,0.64,0.14,16458,0.16425228118896484
0.68,0.84,0.42,0.66,1.04,1.02,0.12,0.64,0.14,16375,0.16425228118896484
0.69,0.84,0.43,0.65,1.04,1.02,0.11,0.64,0.14,16172,0.16425228118896484
0.69,0.84,0.43,0.65,1.04,1.03,0.12,0.64,0.14,15963,0.16425228118896484
0.69,0.84,0.43,0.66,1.04,1.02,0.12,0.64,0.14,16458,0.16596031188964844
0.68,0.84,0.42,0.66,1.04,1.02,0.12,0.64,0.14,16375,0.16596031188964844
0.69,0.84,0.43,0.65,1.04,1.02,0.11,0.64,0.14,16262,0.16596031188964844
0.68,0.84,0.43,0.66,1.04,1.02,0.11,0.64,0.14,16125,0.16698956489562988
0.68,0.84,0.43,0.66,1.04,1.02,0.13,0.64,0.14,16380,0.16698956489562988
0.68,0.85,0.44,0.65,1.04,1.02,0.12,0.64,0.14,16773,0.16698956489562988
0.68,0.84,0.43,0.65,1.04,1.02,0.12,0.63,0.14,16302,0.16798973083496094
0.68,0.84,0.43,0.65,1.04,1.02,0.12,0.64,0.14,16409,0.16798973083496094
0.68,0.84,0.43,0.66,1.04,1.02,0.13,0.64,0.14,16322,0.1689896583557129
0.68,0.84,0.43,0.65,1.04,1.02,0.12,0.64,0.14,16131,0.1689896583557129
0.68,0.84,0.43,0.65,1.04,1.02,0.12,0.64,0.14,16178,0.1689896583557129
0.68,0.84,0.43,0.65,1.04,1.02,0.12,0.64,0.14,16067,0.16998982429504395
0.68,0.84,0.43,0.66,1.04,1.02,0.12,0.64,0.14,15970,0.16998982429504395
0.68,0.84,0.43,0.66,1.04,1.02,0.12,0.63,0.14,16359,0.16998982429504395
0.68,0.84,0.43,0.66,1.04,1.02,0.12,0.64,0.14,16438,0.1709756851196289
0.68,0.85,0.43,0.65,1.04,1.02,0.12,0.63,0.13,16325,0.1709756851196289
0.68,0.84,0.43,0.65,1.04,1.02,0.12,0.64,0.14,16326,0.17197346687316895
0.69,0.84,0.43,0.65,1.04,1.03,0.12,0.63,0.14,16311,0.17197346687316895
0.69,0.84,0.43,0.65,1.04,1.02,0.13,0.64,0.14,16574,0.17197346687316895
0.68,0.84,0.42,0.66,1.04,1.02,0.12,0.63,0.14,16905,0.1729729175567627
0.68,0.84,0.43,0.66,1.04,1.02,0.13,0.64,0.14,16166,0.1729729175567627
0.68,0.84,0.43,0.66,1.04,1.02,0.12,0.64,0.14,15783,0.1729729175567627
0.67,0.84,0.43,0.65,1.04,1.02,0.12,0.64,0.14,15926,0.17399001121520996
0.68,0.83,0.43,0.66,1.04,1.03,0.13,0.64,0.14,15713,0.17399001121520996
0.68,0.84,0.43,0.66,1.04,1.02,0.12,0.64,0.14,16036,0.17498993873596191
0.68,0.84,0.43,0.66,1.04,1.03,0.13,0.64,0.14,16555,0.17498993873596191
0.68,0.84,0.42,0.66,1.04,1.02,0.12,0.64,0.14,16752,0.17498993873596191
0.69,0.84,0.42,0.65,1.04,1.02,0.12,0.64,0.13,16609,0.17598986625671387
0.68,0.84,0.43,0.66,1.04,1.02,0.12,0.64,0.14,16204,0.17598986625671387
0.68,0.84,0.43,0.66,1.04,1.02,0.12,0.64,0.15,16079,0.17598986625671387
0.68,0.84,0.42,0.66,1.04,1.02,0.12,0.63,0.14,16014,0.17698979377746582
0.68,0.85,0.43,0.65,1.04,1.02,0.13,0.64,0.14,16165,0.17698979377746582
0.68,0.84,0.43,0.66,1.04,1.02,0.13,0.64,0.14,15948,0.17798995971679688
0.68,0.84,0.43,0.66,1.04,1.02,0.13,0.64,0.14,15877,0.17798995971679688
0.68,0.84,0.42,0.66,1.04,1.02,0.12,0.64,0.14,15960,0.17798995971679688
0.68,0.84,0.43,0.66,1.04,1.02,0.13,0.64,0.14,16337,0.17898988723754883
0.68,0.84,0.43,0.65,1.04,1.03,0.13,0.64,0.14,16498,0.17898988723754883
0.68,0.84,0.43,0.66,1.04,1.02,0.13,0.64,0.14,16253,0.17898988723754883
0.68,0.84,0.43,0.66,1.04,1.02,0.13,0.64,0.14,16234,0.17998981475830078
0.68,0.84,0.43,0.66,1.04,1.02,0.13,0.64,0.14,16245,0.17998981475830078
0.68,0.84,0.43,0.66,1.05,1.02,0.13,0.64,0.14,15910,0.17998981475830078
0.68,0.84,0.43,0.66,1.04,1.02,0.13,0.64,0.14,15937,0.18117666244506836
0.68,0.84,0.42,0.66,1.04,1.02,0.13,0.64,0.14,16474,0.18328642845153809
0.68,0.84,0.43,0.66,1.04,1.02,0.13,0.64,0.14,16487,0.18428421020507812
0.68,0.84,0.42,0.66,1.04,1.02,0.13,0.64,0.14,16302,0.1873462200164795
0.68,0.84,0.43,0.65,1.04,1.02,0.13,0.64,0.13,16171,0.19153237342834473
0.68,0.84,0.43,0.66,1.04,1.02,0.13,0.64,0.14,16052,0.19558477401733398
0.68,0.84,0.43,0.66,1.04,1.02,0.13,0.64,0.14,16385,0.1995861530303955
0.68,0.84,0.44,0.66,1.04,1.02,0.13,0.64,0.14,16112,0.1995861530303955
0.69,0.84,0.43,0.66,1.04,1.02,0.13,0.64,0.14,16069,0.2036745548248291
0.68,0.84,0.43,0.65,1.04,1.02,0.13,0.64,0.14,16306,0.2079181671142578
0.68,0.84,0.43,0.66,1.04,1.02,0.13,0.64,0.14,16285,0.2119734287261963
0.69,0.84,0.44,0.65,1.04,1.02,0.13,0.64,0.14,16432,0.21297645568847656
0.69,0.84,0.43,0.65,1.04,1.02,0.13,0.64,0.14,16165,0.21697664260864258
0.68,0.84,0.44,0.66,1.04,1.03,0.13,0.64,0.14,16078,0.2209761142730713
0.69,0.84,0.44,0.65,1.04,1.02,0.13,0.64,0.14,16465,0.2241525650024414
0.68,0.84,0.44,0.65,1.04,1.02,0.13,0.64,0.14,16456,0.22516798973083496
0.68,0.84,0.44,0.65,1.04,1.02,0.13,0.64,0.14,16363,0.22815656661987305
0.69,0.84,0.44,0.66,1.04,1.02,0.13,0.64,0.14,16344,0.23235464096069336
0.68,0.84,0.43,0.65,1.05,1.02,0.13,0.64,0.14,16415,0.2363598346710205
0.68,0.84,0.43,0.66,1.05,1.03,0.13,0.64,0.14,16640,0.2363598346710205
0.68,0.84,0.44,0.66,1.05,1.03,0.13,0.64,0.14,15987,0.24036598205566406
0.68,0.84,0.44,0.66,1.05,1.03,0.13,0.64,0.14,15918,0.24437403678894043
0.68,0.84,0.44,0.66,1.05,1.02,0.13,0.64,0.14,15903,0.24936866760253906
0.68,0.83,0.44,0.66,1.05,1.02,0.12,0.64,0.14,16354,0.24936866760253906
0.68,0.84,0.44,0.66,1.05,1.03,0.13,0.64,0.14,16543,0.2530477046966553
0.69,0.84,0.43,0.66,1.05,1.03,0.13,0.64,0.14,16230,0.2570462226867676
0.69,0.84,0.44,0.65,1.05,1.03,0.13,0.64,0.14,16249,0.2610514163970947
0.68,0.84,0.44,0.66,1.05,1.03,0.13,0.64,0.14,16168,0.26505208015441895
0.68,0.84,0.43,0.66,1.04,1.03,0.13,0.64,0.14,16533,0.26606082916259766
0.68,0.84,0.44,0.66,1.05,1.03,0.13,0.64,0.14,16416,0.26920223236083984
0.68,0.84,0.44,0.66,1.04,1.03,0.13,0.64,0.14,16301,0.27320003509521484
0.68,0.84,0.43,0.66,1.05,1.03,0.13,0.64,0.14,16236,0.27719759941101074
0.68,0.84,0.44,0.66,1.05,1.02,0.13,0.64,0.14,16035,0.2782120704650879
0.68,0.84,0.44,0.66,1.05,1.03,0.11,0.64,0.14,15900,0.2812035083770752
0.68,0.84,0.44,0.66,1.05,1.02,0.13,0.64,0.14,15921,0.28576231002807617
0.68,0.84,0.44,0.66,1.05,1.02,0.12,0.64,0.14,16366,0.28977417945861816
0.69,0.84,0.42,0.65,1.05,1.03,0.13,0.64,0.14,16549,0.28977417945861816
0.68,0.84,0.43,0.65,1.04,1.02,0.12,0.64,0.14,15668,0.2937734127044678
0.69,0.84,0.43,0.65,1.05,1.03,0.12,0.64,0.14,15697,0.29778623580932617
0.69,0.84,0.43,0.65,1.05,1.02,0.12,0.64,0.14,16218,0.30197715759277344
0.69,0.84,0.44,0.66,1.04,1.02,0.12,0.64,0.14,16519,0.30299806594848633
0.68,0.84,0.42,0.65,1.04,1.02,0.12,0.64,0.14,16714,0.30599021911621094
0.68,0.84,0.43,0.66,1.05,1.02,0.12,0.64,0.14,16347,0.31006765365600586
0.68,0.84,0.43,0.66,1.04,1.02,0.12,0.64,0.14,16186,0.31434082984924316
0.69,0.84,0.42,0.66,1.04,1.03,0.12,0.64,0.14,16641,0.31434082984924316
0.69,0.84,0.43,0.65,1.04,1.02,0.12,0.64,0.14,16586,0.3183741569519043
0.68,0.84,0.43,0.65,1.05,1.02,0.13,0.64,0.14,16711,0.32253384590148926
0.69,0.84,0.43,0.66,1.04,1.02,0.13,0.64,0.14,16592,0.3265359401702881
0.68,0.84,0.43,0.66,1.04,1.03,0.13,0.64,0.14,16587,0.33078980445861816
0.69,0.84,0.43,0.65,1.04,1.03,0.12,0.64,0.14,16410,0.33078980445861816
0.69,0.84,0.42,0.65,1.04,1.02,0.13,0.64,0.14,16209,0.33454108238220215
0.68,0.84,0.43,0.66,1.04,1.02,0.13,0.64,0.14,15954,0.33909058570861816
0.68,0.84,0.43,0.65,1.04,1.02,0.13,0.64,0.14,15837,0.3427753448486328
0.68,0.84,0.43,0.66,1.04,1.03,0.12,0.64,0.14,16320,0.3439464569091797
0.69,0.84,0.43,0.65,1.04,1.02,0.13,0.64,0.14,16425,0.34763407707214355
0.68,0.84,0.43,0.66,1.04,1.03,0.12,0.64,0.14,16450,0.35216283798217773
0.68,0.84,0.43,0.65,1.04,1.02,0.13,0.64,0.14,16371,0.35532331466674805
0.68,0.84,0.43,0.66,1.04,1.02,0.12,0.64,0.14,16508,0.3563230037689209
0.69,0.84,0.43,0.65,1.04,1.03,0.13,0.64,0.14,15931,0.3594703674316406
0.68,0.84,0.43,0.66,1.05,1.02,0.13,0.64,0.14,16164,0.36365270614624023
0.68,0.84,0.43,0.65,1.04,1.03,0.13,0.64,0.14,16677,0.36716628074645996
0.68,0.84,0.43,0.65,1.05,1.02,0.13,0.64,0.14,16546,0.3683321475982666
0.68,0.84,0.43,0.65,1.05,1.02,0.13,0.64,0.14,16231,0.37133097648620605
0.68,0.84,0.43,0.65,1.05,1.03,0.13,0.64,0.14,16452,0.3764784336090088
0.68,0.84,0.43,0.66,1.05,1.03,0.12,0.64,0.14,16311,0.3796234130859375
0.68,0.84,0.43,0.66,1.05,1.02,0.13,0.64,0.14,16284,0.3806345462799072
0.68,0.84,0.43,0.66,1.05,1.03,0.13,0.64,0.14,16373,0.3846261501312256
0.68,0.84,0.44,0.65,1.04,1.02,0.13,0.64,0.14,16702,0.3886265754699707
0.68,0.84,0.43,0.65,1.04,1.02,0.13,0.64,0.14,16553,0.3926563262939453
0.69,0.84,0.43,0.65,1.05,1.02,0.13,0.64,0.13,15836,0.3926563262939453
0.68,0.84,0.43,0.66,1.05,1.02,0.13,0.64,0.14,16153,0.39682483673095703
0.68,0.84,0.43,0.65,1.05,1.02,0.12,0.64,0.14,16578,0.400834321975708
0.68,0.84,0.42,0.66,1.04,1.02,0.12,0.64,0.14,16017,0.4048142433166504
0.68,0.84,0.43,0.66,1.05,1.03,0.12,0.64,0.14,16288,0.40781331062316895
0.68,0.84,0.43,0.66,1.04,1.02,0.12,0.64,0.14,16367,0.408825159072876
0.69,0.84,0.43,0.66,1.04,1.02,0.13,0.64,0.14,16410,0.4128143787384033
0.69,0.84,0.43,0.66,1.04,1.02,0.13,0.64,0.14,16099,0.4167642593383789
0.69,0.84,0.42,0.66,1.04,1.02,0.13,0.65,0.13,15998,0.42096757888793945
0.69,0.84,0.43,0.67,1.04,1.02,0.13,0.64,0.14,16163,0.42096757888793945
0.69,0.84,0.42,0.65,1.05,1.02,0.13,0.64,0.14,16386,0.42479753494262695
0.69,0.83,0.43,0.66,1.04,1.02,0.13,0.64,0.14,16303,0.42900562286376953
0.68,0.84,0.43,0.65,1.04,1.02,0.13,0.64,0.14,16632,0.43300557136535645
0.68,0.84,0.43,0.66,1.04,1.02,0.13,0.64,0.14,16851,0.4340193271636963
0.68,0.84,0.43,0.65,1.04,1.02,0.13,0.64,0.14,16882,0.4374048709869385
0.69,0.83,0.43,0.66,1.04,1.02,0.13,0.65,0.14,16521,0.44140625
0.68,0.84,0.43,0.65,1.04,1.02,0.12,0.65,0.14,16376,0.44536900520324707
0.69,0.84,0.43,0.65,1.05,1.02,0.11,0.64,0.14,16487,0.4464132785797119
0.69,0.84,0.43,0.65,1.04,1.02,0.12,0.64,0.14,16562,0.45004796981811523
0.69,0.84,0.43,0.65,1.04,1.02,0.12,0.65,0.14,16991,0.45445799827575684
0.69,0.84,0.43,0.66,1.04,1.02,0.12,0.65,0.14,17354,0.45847511291503906
0.69,0.84,0.42,0.66,1.04,1.02,0.12,0.65,0.14,16935,0.45847511291503906
0.69,0.84,0.43,0.66,1.05,1.02,0.12,0.64,0.14,16468,0.4614541530609131
0.69,0.83,0.43,0.66,1.04,1.02,0.12,0.64,0.14,16077,0.4662940502166748
0.69,0.83,0.44,0.66,1.04,1.02,0.12,0.64,0.14,16196,0.47005486488342285
0.69,0.83,0.43,0.66,1.05,1.02,0.12,0.65,0.14,16027,0.4739205837249756
0.69,0.83,0.43,0.66,1.04,1.02,0.12,0.64,0.14,16344,0.47501206398010254
0.69,0.83,0.43,0.66,1.04,1.02,0.13,0.65,0.14,16449,0.47901272773742676
0.69,0.83,0.44,0.66,1.04,1.03,0.12,0.65,0.15,16042,0.48256707191467285
0.69,0.84,0.44,0.66,1.04,1.02,0.12,0.65,0.14,16121,0.4865550994873047
0.68,0.84,0.44,0.66,1.04,1.02,0.12,0.64,0.14,16168,0.48761963844299316
0.69,0.84,0.44,0.66,1.04,1.02,0.12,0.65,0.14,15981,0.4913489818572998
0.69,0.84,0.44,0.66,1.04,1.02,0.12,0.64,0.14,16168,0.49487781524658203
0.68,0.84,0.43,0.66,1.04,1.02,0.12,0.65,0.14,16521,0.4986886978149414
0.68,0.84,0.43,0.65,1.04,1.02,0.12,0.64,0.14,16614,0.4992523193359375
0.68,0.84,0.44,0.66,1.04,1.02,0.12,0.65,0.14,16623,0.503298282623291
0.69,0.84,0.44,0.66,1.04,1.02,0.12,0.65,0.14,16360,0.5074138641357422
0.69,0.84,0.43,0.66,1.04,1.02,0.12,0.65,0.14,15957,0.5104172229766846
0.69,0.84,0.44,0.66,1.04,1.02,0.12,0.65,0.14,15892,0.5114200115203857
0.69,0.84,0.42,0.66,1.05,1.02,0.11,0.65,0.14,16165,0.5154180526733398
0.68,0.84,0.43,0.66,1.04,1.02,0.11,0.65,0.14,16612,0.5194263458251953
0.69,0.84,0.43,0.66,1.05,1.02,0.12,0.65,0.14,16967,0.5231900215148926
0.69,0.84,0.43,0.65,1.04,1.02,0.12,0.64,0.14,16842,0.5242247581481934
0.69,0.84,0.43,0.66,1.04,1.02,0.11,0.65,0.14,16785,0.5276205539703369
0.69,0.84,0.43,0.66,1.04,1.02,0.12,0.65,0.14,16744,0.5309727191925049
0.69,0.84,0.44,0.66,1.05,1.02,0.11,0.64,0.14,16241,0.5360085964202881
0.69,0.84,0.43,0.66,1.05,1.02,0.12,0.65,0.14,16050,0.5362389087677002
0.68,0.85,0.44,0.66,1.05,1.02,0.12,0.65,0.14,16157,0.5402400493621826
0.69,0.84,0.43,0.66,1.04,1.01,0.12,0.65,0.14,16410,0.5432357788085938
0.68,0.85,0.44,0.66,1.05,1.02,0.11,0.65,0.14,16815,0.5477979183197021
0.68,0.84,0.44,0.66,1.04,1.02,0.12,0.65,0.14,16992,0.5512425899505615
0.68,0.84,0.44,0.66,1.04,1.02,0.12,0.65,0.14,16871,0.5522828102111816
0.68,0.84,0.43,0.66,1.04,1.02,0.13,0.64,0.14,16476,0.5559253692626953
0.68,0.84,0.44,0.66,1.05,1.02,0.13,0.64,0.14,16149,0.5603044033050537
0.69,0.84,0.44,0.65,1.05,1.02,0.13,0.65,0.14,16190,0.5643036365509033
0.69,0.84,0.44,0.65,1.04,1.02,0.13,0.65,0.14,16709,0.5643036365509033
0.69,0.84,0.44,0.66,1.05,1.02,0.13,0.65,0.14,16596,0.5683908462524414
0.68,0.84,0.44,0.66,1.04,1.02,0.13,0.65,0.14,16447,0.5726983547210693
0.69,0.84,0.44,0.66,1.04,1.02,0.13,0.65,0.14,16172,0.5763993263244629
0.68,0.84,0.44,0.66,1.04,1.02,0.13,0.64,0.14,16003,0.5763993263244629
0.68,0.84,0.44,0.66,1.04,1.02,0.13,0.65,0.14,16322,0.5810439586639404
0.68,0.84,0.44,0.66,1.04,1.02,0.13,0.65,0.14,16371,0.5850462913513184
0.69,0.84,0.43,0.66,1.04,1.02,0.13,0.64,0.14,16504,0.5890438556671143
0.68,0.84,0.44,0.66,1.04,1.02,0.13,0.64,0.14,16653,0.5890438556671143
0.68,0.84,0.43,0.66,1.04,1.01,0.12,0.64,0.14,16516,0.5942330360412598
0.68,0.84,0.43,0.66,1.04,1.02,0.13,0.65,0.14,16209,0.5983004570007324
0.68,0.84,0.43,0.66,1.04,1.02,0.13,0.65,0.14,16576,0.6017844676971436
0.68,0.84,0.44,0.66,1.05,1.02,0.12,0.65,0.14,16653,0.6017844676971436
0.68,0.84,0.43,0.66,1.05,1.02,0.12,0.64,0.14,16538,0.6059474945068359
0.68,0.84,0.43,0.66,1.05,1.02,0.12,0.64,0.14,16735,0.6100387573242188
0.68,0.84,0.43,0.66,1.04,1.02,0.12,0.65,0.14,16824,0.6131606101989746
0.68,0.84,0.43,0.65,1.05,1.02,0.11,0.65,0.14,16463,0.6131606101989746
0.69,0.84,0.44,0.66,1.04,1.02,0.12,0.65,0.14,16394,0.6172983646392822
0.69,0.84,0.43,0.65,1.04,1.02,0.12,0.65,0.14,15981,0.621342658996582
0.69,0.84,0.44,0.66,1.05,1.02,0.12,0.64,0.14,15884,0.6263382434844971
0.69,0.84,0.44,0.66,1.05,1.02,0.12,0.65,0.14,16417,0.6263382434844971
0.69,0.84,0.44,0.66,1.04,1.02,0.12,0.65,0.14,16692,0.6303293704986572
0.68,0.84,0.43,0.66,1.05,1.02,0.12,0.64,0.14,16315,0.633857011795044
0.69,0.84,0.44,0.66,1.05,1.02,0.12,0.64,0.14,16302,0.6379222869873047
0.69,0.84,0.43,0.66,1.05,1.02,0.11,0.65,0.14,16327,0.6388885974884033
0.69,0.84,0.44,0.65,1.05,1.02,0.11,0.65,0.14,16438,0.6419758796691895
0.69,0.84,0.44,0.66,1.05,1.02,0.12,0.64,0.14,16433,0.6460068225860596
0.69,0.84,0.44,0.66,1.04,1.02,0.12,0.65,0.14,16478,0.6509852409362793
0.68,0.84,0.44,0.66,1.04,1.01,0.12,0.64,0.14,16569,0.6509852409362793
0.69,0.84,0.43,0.66,1.04,1.02,0.12,0.64,0.14,16484,0.653996467590332
0.69,0.84,0.44,0.66,1.04,1.02,0.12,0.64,0.14,16125,0.6590251922607422
0.69,0.84,0.44,0.66,1.05,1.02,0.12,0.65,0.14,16036,0.6630525588989258
0.69,0.84,0.44,0.66,1.05,1.02,0.12,0.65,0.14,16393,0.6665463447570801
0.69,0.84,0.43,0.66,1.05,1.02,0.12,0.64,0.14,16432,0.6675562858581543
0.69,0.84,0.44,0.66,1.05,1.02,0.12,0.65,0.14,16049,0.6708433628082275
0.69,0.84,0.44,0.66,1.04,1.02,0.12,0.65,0.14,16072,0.6748454570770264
0.69,0.84,0.44,0.66,1.04,1.02,0.11,0.65,0.14,16143,0.6788818836212158
0.69,0.84,0.44,0.66,1.04,1.02,0.12,0.64,0.14,16772,0.6799795627593994
0.69,0.84,0.43,0.65,1.04,1.02,0.12,0.64,0.14,16525,0.6834156513214111
0.69,0.84,0.44,0.66,1.04,1.02,0.12,0.64,0.14,16276,0.6873984336853027
0.69,0.84,0.44,0.66,1.04,1.01,0.11,0.65,0.14,16387,0.691612958908081
0.69,0.84,0.43,0.66,1.04,1.02,0.11,0.64,0.14,16472,0.6926174163818359
0.69,0.84,0.44,0.65,1.04,1.02,0.12,0.65,0.14,16237,0.6956381797790527
0.7,0.84,0.44,0.66,1.04,1.02,0.13,0.64,0.14,16456,0.6995420455932617
0.69,0.84,0.44,0.65,1.04,1.01,0.12,0.65,0.14,16415,0.7041945457458496
0.69,0.84,0.44,0.66,1.04,1.02,0.12,0.65,0.14,16274,0.7041945457458496
0.69,0.84,0.43,0.66,1.04,1.02,0.12,0.64,0.14,16509,0.7082512378692627
0.69,0.84,0.44,0.66,1.04,1.01,0.13,0.64,0.14,16496,0.7128982543945312
0.68,0.84,0.43,0.65,1.04,1.01,0.13,0.64,0.14,16301,0.7160775661468506
0.69,0.84,0.44,0.66,1.04,1.01,0.13,0.64,0.14,16218,0.717247486114502
0.69,0.84,0.44,0.66,1.04,1.02,0.13,0.64,0.14,16441,0.720452070236206
0.69,0.84,0.43,0.66,1.04,1.02,0.13,0.64,0.14,16288,0.7236387729644775
0.69,0.84,0.44,0.66,1.04,1.02,0.13,0.64,0.14,16603,0.728691577911377
0.69,0.84,0.44,0.66,1.04,1.02,0.13,0.65,0.14,16328,0.7323493957519531
0.69,0.84,0.44,0.65,1.04,1.02,0.13,0.65,0.14,16017,0.7333316802978516
0.68,0.84,0.43,0.66,1.04,1.02,0.12,0.64,0.14,16232,0.7367515563964844
0.69,0.84,0.43,0.66,1.04,1.02,0.13,0.64,0.14,16735,0.7417314052581787
0.69,0.84,0.44,0.66,1.04,1.02,0.13,0.64,0.14,16626,0.7447512149810791
0.69,0.84,0.44,0.66,1.04,1.02,0.13,0.64,0.14,16315,0.7447512149810791
0.69,0.84,0.44,0.67,1.04,1.02,0.13,0.65,0.13,16106,0.7488470077514648
0.69,0.84,0.44,0.66,1.04,1.02,0.13,0.64,0.14,16377,0.7525289058685303
0.69,0.85,0.44,0.66,1.04,1.02,0.13,0.64,0.14,16136,0.7567121982574463
0.68,0.84,0.44,0.65,1.04,1.02,0.13,0.64,0.14,15779,0.7577581405639648
0.69,0.84,0.43,0.66,1.04,1.02,0.13,0.65,0.14,16168,0.7613251209259033
0.69,0.84,0.43,0.66,1.04,1.02,0.13,0.64,0.14,16333,0.7657344341278076
0.69,0.84,0.44,0.66,1.04,1.02,0.12,0.65,0.14,16150,0.7698957920074463
0.69,0.84,0.44,0.65,1.05,1.02,0.13,0.65,0.14,16055,0.7698957920074463
0.69,0.84,0.44,0.65,1.05,1.02,0.13,0.65,0.14,16348,0.7738749980926514
0.69,0.84,0.44,0.66,1.05,1.02,0.13,0.64,0.14,15783,0.7778959274291992
0.69,0.84,0.43,0.66,1.05,1.02,0.13,0.65,0.14,16036,0.7813444137573242
0.69,0.84,0.43,0.66,1.05,1.01,0.13,0.64,0.14,16317,0.7823944091796875
0.69,0.84,0.44,0.66,1.05,1.02,0.13,0.65,0.14,16014,0.7862238883972168
0.69,0.83,0.44,0.66,1.05,1.02,0.13,0.64,0.14,16143,0.7903480529785156
0.69,0.84,0.44,0.66,1.05,1.02,0.13,0.64,0.14,16054,0.7938134670257568
0.69,0.83,0.44,0.66,1.05,1.02,0.13,0.64,0.14,16037,0.7947285175323486
0.69,0.83,0.44,0.65,1.04,1.02,0.12,0.65,0.14,16058,0.7977502346038818
0.69,0.84,0.43,0.66,1.05,1.02,0.13,0.64,0.14,16193,0.8021750450134277
0.69,0.84,0.44,0.66,1.04,1.02,0.13,0.65,0.14,15936,0.8071744441986084
0.68,0.84,0.43,0.66,1.04,1.02,0.12,0.65,0.14,16367,0.8101694583892822
0.68,0.84,0.44,0.66,1.05,1.02,0.13,0.65,0.14,16252,0.8113582134246826
0.69,0.84,0.43,0.66,1.05,1.02,0.13,0.64,0.14,15945,0.814368486404419
0.69,0.83,0.44,0.66,1.05,1.02,0.12,0.65,0.14,16020,0.8186910152435303
0.69,0.84,0.44,0.65,1.04,1.02,0.13,0.65,0.14,16345,0.8217079639434814
0.69,0.83,0.44,0.66,1.04,1.02,0.13,0.65,0.14,16682,0.8227174282073975
0.69,0.83,0.43,0.66,1.04,1.02,0.12,0.64,0.15,16525,0.8271191120147705
0.69,0.84,0.43,0.66,1.05,1.02,0.13,0.64,0.14,16666,0.8306567668914795
0.69,0.84,0.44,0.66,1.04,1.02,0.13,0.65,0.14,16529,0.8343932628631592
0.69,0.84,0.42,0.66,1.04,1.02,0.13,0.65,0.14,16304,0.8353912830352783
0.69,0.84,0.43,0.66,1.05,1.02,0.13,0.64,0.14,16579,0.8383848667144775
0.69,0.84,0.43,0.66,1.04,1.02,0.13,0.65,0.14,16676,0.8433642387390137
0.68,0.84,0.43,0.66,1.04,1.02,0.13,0.64,0.14,16441,0.8473613262176514
0.69,0.84,0.43,0.66,1.05,1.02,0.13,0.64,0.14,16280,0.8484470844268799
0.69,0.84,0.43,0.66,1.05,1.02,0.13,0.65,0.14,16019,0.8512332439422607
0.69,0.84,0.43,0.66,1.05,1.02,0.13,0.64,0.14,16098,0.8553423881530762
0.69,0.84,0.43,0.66,1.05,1.02,0.13,0.65,0.14,16249,0.8594567775726318
0.68,0.83,0.42,0.66,1.05,1.02,0.13,0.65,0.14,16400,0.8604538440704346
0.69,0.84,0.43,0.66,1.05,1.02,0.13,0.64,0.14,16651,0.8632025718688965
0.69,0.84,0.43,0.66,1.04,1.02,0.13,0.65,0.14,16204,0.8679075241088867
0.69,0.83,0.44,0.66,1.05,1.02,0.13,0.64,0.14,16365,0.8720874786376953
0.68,0.84,0.43,0.66,1.05,1.02,0.13,0.64,0.14,16178,0.8750901222229004
0.69,0.84,0.42,0.66,1.05,1.02,0.13,0.64,0.14,16065,0.8760910034179688
0.68,0.83,0.43,0.67,1.05,1.02,0.13,0.64,0.14,15978,0.8794353008270264
0.69,0.84,0.43,0.65,1.05,1.02,0.13,0.65,0.15,15823,0.8842518329620361
0.68,0.84,0.43,0.66,1.05,1.02,0.13,0.64,0.14,16210,0.8876535892486572
0.69,0.84,0.43,0.66,1.05,1.02,0.13,0.64,0.14,16395,0.8876535892486572
0.69,0.84,0.43,0.65,1.05,1.02,0.13,0.65,0.14,16614,0.8916714191436768
0.68,0.84,0.43,0.66,1.05,1.02,0.13,0.64,0.14,16091,0.8968169689178467
0.68,0.84,0.43,0.66,1.05,1.02,0.12,0.65,0.14,16284,0.8998157978057861
0.68,0.84,0.43,0.66,1.05,1.02,0.12,0.64,0.14,16097,0.9008166790008545
0.68,0.84,0.43,0.66,1.05,1.02,0.13,0.65,0.14,16020,0.9038124084472656
0.69,0.84,0.43,0.66,1.05,1.02,0.12,0.64,0.14,15801,0.9091446399688721
0.68,0.84,0.43,0.66,1.04,1.03,0.13,0.65,0.14,16156,0.9122812747955322
0.69,0.84,0.43,0.66,1.05,1.02,0.12,0.65,0.14,16725,0.9133141040802002
0.68,0.84,0.42,0.66,1.05,1.02,0.13,0.64,0.14,16380,0.9172799587249756
0.68,0.84,0.44,0.66,1.05,1.02,0.13,0.65,0.14,16263,0.9203774929046631
0.69,0.84,0.43,0.67,1.04,1.02,0.13,0.64,0.15,16646,0.9244422912597656
0.68,0.84,0.44,0.65,1.05,1.02,0.13,0.65,0.14,16749,0.925438404083252
0.69,0.84,0.43,0.66,1.04,1.02,0.13,0.64,0.14,16714,0.9294223785400391
0.69,0.84,0.42,0.66,1.05,1.02,0.13,0.64,0.14,16453,0.9334218502044678
0.69,0.84,0.43,0.66,1.04,1.03,0.13,0.64,0.14,16296,0.9376578330993652
0.68,0.84,0.43,0.66,1.05,1.02,0.13,0.65,0.15,16361,0.9376578330993652
0.69,0.84,0.44,0.66,1.05,1.02,0.13,0.65,0.14,16678,0.9418573379516602
0.68,0.84,0.43,0.66,1.05,1.02,0.13,0.64,0.14,16379,0.9464104175567627
0.68,0.84,0.43,0.66,1.05,1.02,0.12,0.64,0.14,16220,0.9504079818725586
0.69,0.84,0.43,0.66,1.04,1.02,0.12,0.64,0.14,16121,0.9535257816314697
0.69,0.84,0.43,0.66,1.05,1.02,0.12,0.64,0.14,16262,0.954531192779541
0.68,0.84,0.43,0.65,1.05,1.03,0.12,0.65,0.15,16219,0.9575307369232178
0.69,0.84,0.42,0.66,1.05,1.02,0.12,0.64,0.15,16354,0.9618353843688965
0.68,0.84,0.43,0.66,1.04,1.02,0.11,0.64,0.14,16265,0.9652888774871826
0.69,0.84,0.43,0.66,1.05,1.03,0.12,0.64,0.14,15842,0.9652888774871826
0.68,0.84,0.43,0.66,1.05,1.03,0.12,0.65,0.14,16215,0.9698898792266846
0.68,0.84,0.42,0.66,1.04,1.03,0.11,0.64,0.15,16458,0.9745972156524658
0.69,0.84,0.43,0.66,1.05,1.02,0.12,0.65,0.14,16497,0.9784371852874756
0.69,0.84,0.43,0.66,1.05,1.03,0.12,0.65,0.15,16636,0.9794631004333496
0.68,0.84,0.43,0.66,1.04,1.02,0.12,0.65,0.14,16605,0.9820482730865479
0.68,0.84,0.43,0.66,1.05,1.02,0.13,0.65,0.14,16508,0.9870691299438477
0.68,0.84,0.42,0.66,1.05,1.02,0.13,0.64,0.14,16159,0.9903287887573242
0.68,0.84,0.43,0.66,1.04,1.02,0.13,0.64,0.14,16380,0.9910695552825928
0.68,0.84,0.42,0.66,1.04,1.02,0.13,0.64,0.15,16267,0.9950697422027588
0.69,0.84,0.43,0.66,1.04,1.02,0.13,0.64,0.14,16620,0.998610258102417
0.68,0.84,0.42,0.66,1.04,1.02,0.12,0.64,0.14,16637,1.0031492710113525
0.68,0.84,0.43,0.66,1.05,1.02,0.11,0.64,0.14,16296,1.0031492710113525
0.68,0.84,0.42,0.66,1.05,1.02,0.13,0.64,0.15,16341,1.006485939025879
0.68,0.84,0.42,0.66,1.05,1.02,0.14,0.65,0.15,15918,1.0105187892913818
0.68,0.84,0.43,0.66,1.05,1.02,0.13,0.64,0.15,15831,1.015596866607666
0.68,0.84,0.42,0.66,1.04,1.02,0.13,0.64,0.15,16104,1.0191006660461426
0.68,0.84,0.43,0.66,1.04,1.02,0.14,0.64,0.15,16049,1.0191006660461426
0.68,0.84,0.43,0.66,1.04,1.02,0.14,0.64,0.14,16200,1.0231356620788574
0.68,0.84,0.43,0.66,1.04,1.02,0.12,0.64,0.14,16049,1.0281305313110352
0.68,0.85,0.42,0.66,1.04,1.02,0.13,0.64,0.15,16468,1.0311779975891113
0.68,0.84,0.43,0.66,1.04,1.02,0.12,0.65,0.15,16205,1.032224416732788
0.68,0.84,0.43,0.66,1.04,1.02,0.14,0.64,0.15,15944,1.0355572700500488
0.68,0.84,0.43,0.66,1.04,1.02,0.14,0.64,0.15,15587,1.0401113033294678
0.68,0.84,0.43,0.66,1.04,1.02,0.13,0.65,0.15,16190,1.0435194969177246
0.68,0.84,0.42,0.66,1.05,1.02,0.12,0.64,0.14,16227,1.0442941188812256
0.68,0.84,0.43,0.65,1.05,1.02,0.14,0.65,0.15,16446,1.0482940673828125
0.68,0.84,0.43,0.66,1.04,1.02,0.14,0.64,0.15,16513,1.0515575408935547
0.68,0.84,0.43,0.66,1.04,1.02,0.13,0.64,0.15,16512,1.0558652877807617
0.68,0.84,0.43,0.66,1.05,1.02,0.14,0.65,0.15,16823,1.0569324493408203
0.68,0.84,0.43,0.66,1.04,1.02,0.13,0.64,0.14,16546,1.0607776641845703
0.68,0.84,0.43,0.66,1.05,1.02,0.14,0.64,0.15,16091,1.064373254776001
0.68,0.84,0.43,0.66,1.05,1.02,0.13,0.64,0.15,15948,1.0683307647705078
0.68,0.84,0.43,0.66,1.05,1.02,0.14,0.64,0.15,16573,1.069373607635498
0.68,0.84,0.43,0.65,1.04,1.02,0.13,0.64,0.14,16924,1.0724682807922363
0.69,0.84,0.43,0.65,1.05,1.02,0.13,0.64,0.14,16309,1.0768201351165771
0.68,0.84,0.43,0.66,1.05,1.02,0.13,0.64,0.14,15976,1.0808312892913818
0.69,0.84,0.43,0.66,1.05,1.02,0.13,0.64,0.14,16487,1.084244966506958
0.68,0.84,0.43,0.66,1.04,1.02,0.13,0.64,0.14,16476,1.0853238105773926
0.68,0.84,0.43,0.66,1.04,1.02,0.13,0.64,0.14,16429,1.0894110202789307
0.69,0.84,0.43,0.66,1.04,1.02,0.14,0.64,0.15,16088,1.0934572219848633
0.68,0.84,0.43,0.66,1.05,1.03,0.13,0.64,0.14,15913,1.096876621246338
0.68,0.84,0.43,0.66,1.05,1.02,0.13,0.64,0.15,16136,1.0977718830108643
0.68,0.84,0.43,0.66,1.05,1.02,0.13,0.64,0.14,16701,1.1006906032562256
0.68,0.84,0.43,0.66,1.05,1.02,0.13,0.64,0.15,16464,1.1057898998260498
0.69,0.84,0.42,0.66,1.05,1.02,0.14,0.65,0.15,16101,1.1089956760406494
0.69,0.84,0.42,0.66,1.05,1.02,0.13,0.65,0.15,16292,1.1099858283996582
0.69,0.84,0.43,0.66,1.04,1.02,0.13,0.64,0.15,16237,1.1140155792236328
0.69,0.84,0.43,0.65,1.05,1.01,0.13,0.64,0.14,15992,1.1171908378601074
0.69,0.84,0.43,0.66,1.05,1.02,0.14,0.64,0.15,16299,1.1214721202850342
0.68,0.84,0.42,0.66,1.05,1.02,0.13,0.64,0.14,16724,1.1220049858093262
0.69,0.84,0.42,0.66,1.05,1.02,0.13,0.64,0.15,16241,1.1258797645568848
0.68,0.84,0.43,0.66,1.05,1.02,0.13,0.64,0.15,16296,1.1294171810150146
0.68,0.84,0.43,0.66,1.05,1.02,0.14,0.64,0.15,16503,1.133439064025879
0.68,0.84,0.43,0.66,1.05,1.02,0.13,0.64,0.14,16582,1.1346156597137451
0.68,0.84,0.43,0.66,1.04,1.02,0.14,0.64,0.15,16691,1.1374289989471436
0.69,0.84,0.42,0.66,1.05,1.02,0.13,0.64,0.14,16722,1.141676664352417
0.68,0.84,0.43,0.66,1.04,1.01,0.13,0.64,0.15,16237,1.1462461948394775
0.69,0.84,0.43,0.66,1.05,1.02,0.13,0.64,0.15,15972,1.1462461948394775
0.68,0.84,0.43,0.66,1.04,1.02,0.13,0.64,0.15,16151,1.1495802402496338
0.69,0.84,0.43,0.66,1.05,1.02,0.13,0.64,0.15,16050,1.1536612510681152
0.68,0.84,0.42,0.66,1.05,1.03,0.13,0.64,0.14,16073,1.1587989330291748
0.69,0.84,0.43,0.66,1.04,1.02,0.13,0.64,0.15,16600,1.1617887020111084
0.69,0.84,0.42,0.66,1.05,1.02,0.12,0.64,0.15,16527,1.1628007888793945
0.69,0.84,0.43,0.66,1.05,1.02,0.13,0.64,0.15,16112,1.1660854816436768
0.69,0.84,0.42,0.66,1.05,1.02,0.12,0.64,0.15,15811,1.1709671020507812
0.68,0.84,0.43,0.66,1.05,1.02,0.12,0.64,0.14,15970,1.174422264099121
0.69,0.84,0.43,0.66,1.05,1.02,0.12,0.64,0.15,16593,1.1754529476165771
0.69,0.84,0.43,0.66,1.05,1.02,0.12,0.64,0.15,16704,1.179011344909668
0.69,0.84,0.42,0.66,1.05,1.02,0.12,0.64,0.15,16359,1.1826972961425781
0.68,0.84,0.43,0.65,1.05,1.02,0.12,0.64,0.14,16324,1.1867260932922363
0.69,0.84,0.43,0.65,1.05,1.01,0.13,0.64,0.15,16235,1.1867260932922363
0.68,0.84,0.44,0.65,1.05,1.02,0.12,0.64,0.14,16186,1.1908314228057861
0.69,0.84,0.43,0.66,1.05,1.02,0.12,0.64,0.14,16175,1.1958322525024414
0.69,0.84,0.43,0.66,1.05,1.02,0.12,0.64,0.14,16394,1.19883131980896
0.68,0.84,0.43,0.66,1.05,1.02,0.13,0.64,0.15,16515,1.19883131980896
0.69,0.84,0.43,0.66,1.05,1.02,0.13,0.64,0.15,16360,1.203007459640503
0.69,0.84,0.43,0.66,1.05,1.02,0.12,0.64,0.15,16011,1.208115577697754
0.68,0.83,0.42,0.66,1.05,1.02,0.12,0.64,0.14,16032,1.2113361358642578
0.68,0.83,0.43,0.65,1.05,1.02,0.12,0.64,0.14,16313,1.2123332023620605
0.68,0.84,0.42,0.66,1.05,1.02,0.12,0.64,0.15,16312,1.215529441833496
0.69,0.84,0.43,0.66,1.05,1.02,0.12,0.64,0.14,16485,1.2198412418365479
0.69,0.83,0.42,0.66,1.05,1.02,0.12,0.64,0.14,16472,1.223830223083496
0.69,0.84,0.43,0.66,1.05,1.02,0.12,0.64,0.14,16637,1.223830223083496
0.69,0.84,0.43,0.65,1.05,1.02,0.12,0.64,0.14,16586,1.2278358936309814
0.7,0.83,0.43,0.66,1.05,1.02,0.12,0.65,0.14,16689,1.2330844402313232
0.7,0.84,0.43,0.66,1.05,1.02,0.13,0.64,0.14,16538,1.2364637851715088
0.69,0.83,0.43,0.66,1.05,1.02,0.12,0.64,0.14,16185,1.2374498844146729
0.69,0.83,0.43,0.66,1.05,1.02,0.12,0.64,0.14,16868,1.2410914897918701
0.69,0.84,0.43,0.66,1.04,1.02,0.12,0.64,0.15,16307,1.2451086044311523
0.68,0.84,0.44,0.66,1.05,1.02,0.12,0.64,0.14,16054,1.2486464977264404
0.69,0.83,0.44,0.66,1.05,1.02,0.12,0.64,0.14,16141,1.249715805053711
0.69,0.84,0.43,0.66,1.05,1.02,0.12,0.64,0.14,16330,1.2521679401397705
0.69,0.83,0.43,0.65,1.04,1.02,0.13,0.65,0.15,16917,1.2572574615478516
0.69,0.84,0.43,0.66,1.05,1.02,0.12,0.64,0.15,17074,1.2612147331237793
0.69,0.83,0.43,0.65,1.05,1.02,0.13,0.64,0.15,16707,1.2650377750396729
0.68,0.84,0.43,0.66,1.04,1.02,0.12,0.64,0.15,16256,1.2650377750396729
0.69,0.84,0.43,0.66,1.04,1.02,0.13,0.64,0.14,16117,1.2692337036132812
0.69,0.83,0.43,0.66,1.05,1.03,0.13,0.65,0.15,16256,1.273221731185913
0.69,0.83,0.43,0.66,1.04,1.02,0.14,0.64,0.15,16163,1.277233362197876
0.68,0.84,0.44,0.66,1.04,1.02,0.12,0.64,0.15,16028,1.278212547302246
0.69,0.84,0.43,0.66,1.04,1.02,0.14,0.65,0.15,16403,1.282233715057373
0.69,0.84,0.43,0.65,1.05,1.02,0.13,0.64,0.15,16548,1.2863047122955322
0.69,0.83,0.43,0.66,1.04,1.02,0.14,0.64,0.15,16381,1.289872169494629
0.68,0.84,0.44,0.66,1.05,1.02,0.13,0.64,0.16,17018,1.289872169494629
0.69,0.84,0.43,0.66,1.05,1.02,0.13,0.64,0.15,16633,1.2937440872192383
0.69,0.83,0.43,0.66,1.05,1.02,0.13,0.64,0.14,16480,1.2975971698760986
0.68,0.83,0.43,0.66,1.05,1.02,0.14,0.64,0.15,16431,1.3022520542144775
0.69,0.84,0.43,0.66,1.05,1.02,0.14,0.65,0.15,16662,1.3022520542144775
0.68,0.84,0.43,0.66,1.04,1.02,0.13,0.64,0.15,16901,1.3055229187011719
0.69,0.83,0.44,0.66,1.05,1.02,0.13,0.64,0.14,16836,1.3106591701507568
0.69,0.84,0.43,0.66,1.04,1.02,0.14,0.64,0.15,16059,1.3146798610687256
0.69,0.83,0.43,0.66,1.05,1.02,0.13,0.65,0.15,16074,1.3146798610687256
0.69,0.84,0.43,0.65,1.05,1.02,0.13,0.64,0.15,16719,1.3187804222106934
0.69,0.84,0.43,0.66,1.05,1.02,0.14,0.64,0.15,16256,1.3227801322937012
0.69,0.83,0.43,0.66,1.05,1.02,0.13,0.64,0.14,16157,1.3271949291229248
0.68,0.83,0.42,0.66,1.05,1.02,0.13,0.64,0.15,16266,1.3271949291229248
0.68,0.83,0.43,0.66,1.05,1.02,0.13,0.64,0.15,16433,1.3314087390899658
0.69,0.83,0.43,0.65,1.05,1.02,0.13,0.64,0.14,16344,1.3354313373565674
0.69,0.83,0.43,0.66,1.05,1.02,0.13,0.64,0.15,16283,1.3394091129302979
0.68,0.83,0.43,0.65,1.04,1.02,0.14,0.64,0.15,16562,1.3423817157745361
0.68,0.83,0.43,0.66,1.05,1.02,0.13,0.64,0.14,15999,1.3434431552886963
0.69,0.84,0.44,0.65,1.05,1.02,0.13,0.65,0.15,15724,1.347428321838379
0.69,0.83,0.43,0.66,1.05,1.02,0.13,0.64,0.14,16035,1.3514719009399414
0.68,0.83,0.43,0.66,1.05,1.01,0.13,0.64,0.15,16370,1.354785680770874
0.68,0.84,0.43,0.66,1.05,1.02,0.14,0.64,0.15,16579,1.3555126190185547
0.68,0.83,0.43,0.65,1.05,1.02,0.13,0.64,0.14,16916,1.3594956398010254
0.69,0.83,0.44,0.66,1.05,1.02,0.14,0.64,0.15,16517,1.3634958267211914
0.69,0.83,0.43,0.66,1.05,1.02,0.13,0.64,0.15,15840,1.3671865463256836
0.69,0.83,0.44,0.66,1.05,1.02,0.13,0.64,0.15,16429,1.3682739734649658
0.69,0.83,0.43,0.66,1.05,1.02,0.14,0.64,0.15,16644,1.37227463722229
0.69,0.83,0.43,0.66,1.05,1.02,0.14,0.64,0.15,16535,1.3765583038330078
0.69,0.84,0.43,0.65,1.05,1.02,0.13,0.64,0.15,16116,1.3797736167907715
0.69,0.83,0.43,0.66,1.04,1.02,0.13,0.64,0.14,15983,1.380741834640503
0.69,0.83,0.44,0.66,1.05,1.02,0.13,0.64,0.15,16032,1.383800745010376
0.69,0.83,0.44,0.65,1.05,1.02,0.13,0.64,0.15,16307,1.38765549659729
0.69,0.83,0.43,0.65,1.05,1.02,0.14,0.64,0.15,16156,1.3923745155334473
0.68,0.84,0.44,0.66,1.04,1.02,0.13,0.64,0.14,16175,1.3923745155334473
0.69,0.83,0.44,0.65,1.05,1.01,0.14,0.64,0.15,16478,1.396472692489624
0.69,0.83,0.43,0.65,1.05,1.02,0.13,0.64,0.14,16531,1.4001834392547607
0.69,0.83,0.44,0.66,1.05,1.02,0.13,0.64,0.14,16204,1.4051845073699951
0.69,0.83,0.44,0.66,1.05,1.02,0.13,0.64,0.14,16457,1.4082443714141846
0.69,0.83,0.44,0.66,1.05,1.02,0.13,0.64,0.14,16710,1.409247636795044
0.69,0.84,0.43,0.66,1.04,1.02,0.13,0.64,0.15,16263,1.41324782371521
0.69,0.83,0.43,0.66,1.05,1.02,0.14,0.64,0.15,16238,1.417248249053955
0.69,0.83,0.43,0.65,1.04,1.02,0.13,0.64,0.15,16781,1.4202325344085693
0.69,0.83,0.43,0.66,1.05,1.02,0.13,0.64,0.14,16590,1.4202325344085693
0.69,0.83,0.43,0.65,1.04,1.02,0.13,0.64,0.15,16707,1.4248783588409424
0.69,0.84,0.43,0.66,1.05,1.02,0.13,0.64,0.15,16556,1.4293429851531982
0.69,0.84,0.43,0.65,1.04,1.02,0.13,0.64,0.15,16617,1.432321310043335
0.69,0.83,0.43,0.65,1.05,1.02,0.14,0.64,0.15,16036,1.432321310043335
0.69,0.84,0.43,0.65,1.05,1.02,0.14,0.64,0.15,15967,1.4374597072601318
0.69,0.84,0.43,0.66,1.04,1.02,0.13,0.64,0.15,16208,1.4404902458190918
0.69,0.84,0.44,0.65,1.05,1.02,0.13,0.64,0.14,16461,1.445493459701538
0.69,0.84,0.42,0.65,1.04,1.02,0.13,0.64,0.15,16328,1.445493459701538
0.69,0.84,0.43,0.65,1.05,1.02,0.13,0.64,0.15,16351,1.4487886428833008
0.69,0.84,0.43,0.65,1.05,1.02,0.14,0.64,0.15,16102,1.4538049697875977
0.69,0.84,0.43,0.66,1.05,1.02,0.13,0.64,0.14,16335,1.4578328132629395
0.69,0.84,0.43,0.66,1.05,1.02,0.14,0.64,0.15,16086,1.4578328132629395
0.69,0.84,0.43,0.66,1.05,1.02,0.13,0.64,0.14,16071,1.4609878063201904
0.69,0.84,0.43,0.65,1.05,1.02,0.14,0.64,0.15,16154,1.4651720523834229
0.69,0.84,0.43,0.66,1.05,1.02,0.14,0.64,0.15,16143,1.4694411754608154
0.7,0.84,0.44,0.65,1.04,1.02,0.14,0.64,0.15,16254,1.4704680442810059
0.69,0.83,0.44,0.66,1.05,1.01,0.13,0.64,0.15,16263,1.4734721183776855
0.69,0.83,0.44,0.66,1.05,1.01,0.13,0.64,0.14,16524,1.4774680137634277
0.69,0.84,0.43,0.66,1.05,1.02,0.13,0.64,0.14,16493,1.4814674854278564
0.69,0.84,0.43,0.66,1.05,1.02,0.13,0.64,0.14,16336,1.4857728481292725
0.7,0.84,0.43,0.66,1.05,1.02,0.14,0.64,0.15,16269,1.4857728481292725
0.69,0.83,0.43,0.65,1.05,1.02,0.13,0.64,0.14,16670,1.4900927543640137
0.69,0.84,0.44,0.65,1.04,1.02,0.13,0.64,0.14,16501,1.494673728942871
0.69,0.84,0.43,0.66,1.05,1.02,0.13,0.64,0.14,16076,1.4977667331695557
0.69,0.84,0.42,0.65,1.04,1.02,0.13,0.64,0.14,16011,1.4977667331695557
0.69,0.84,0.43,0.65,1.04,1.02,0.13,0.64,0.14,16090,1.5028700828552246
0.69,0.84,0.43,0.65,1.04,1.02,0.13,0.64,0.14,16087,1.5068409442901611
0.69,0.84,0.44,0.66,1.04,1.02,0.14,0.64,0.15,16420,1.5098378658294678
0.69,0.83,0.43,0.66,1.04,1.02,0.13,0.64,0.14,16485,1.5108380317687988
0.69,0.83,0.43,0.66,1.04,1.02,0.13,0.64,0.14,16168,1.5148379802703857
0.69,0.84,0.43,0.67,1.04,1.02,0.12,0.64,0.14,16375,1.5187790393829346
0.69,0.84,0.44,0.66,1.04,1.02,0.13,0.64,0.15,16562,1.5229578018188477
0.69,0.84,0.44,0.66,1.04,1.02,0.13,0.64,0.15,16197,1.523810863494873
0.69,0.84,0.42,0.66,1.04,1.02,0.13,0.64,0.14,16314,1.5268809795379639
0.69,0.84,0.43,0.66,1.04,1.02,0.13,0.64,0.14,16429,1.5318183898925781
0.69,0.83,0.43,0.66,1.04,1.02,0.13,0.64,0.14,16342,1.535308837890625
0.69,0.83,0.43,0.66,1.04,1.02,0.13,0.64,0.15,15823,1.536285161972046
0.68,0.83,0.42,0.66,1.04,1.02,0.14,0.64,0.14,15948,1.5401089191436768
0.68,0.83,0.42,0.67,1.04,1.03,0.13,0.64,0.14,16241,1.544332504272461
0.69,0.83,0.42,0.66,1.04,1.02,0.13,0.65,0.15,16248,1.548314094543457
0.7,0.83,0.44,0.66,1.04,1.02,0.14,0.64,0.15,16475,1.5509514808654785
0.69,0.84,0.42,0.66,1.04,1.02,0.13,0.64,0.15,16140,1.5520169734954834
0.69,0.83,0.42,0.66,1.04,1.02,0.13,0.64,0.14,16337,1.556058645248413
0.69,0.83,0.42,0.66,1.04,1.02,0.13,0.64,0.14,16350,1.5603761672973633
0.69,0.83,0.43,0.65,1.04,1.02,0.13,0.64,0.14,16617,1.5637891292572021
0.69,0.84,0.43,0.66,1.04,1.02,0.13,0.65,0.15,16586,1.5648446083068848
0.69,0.83,0.43,0.66,1.04,1.02,0.13,0.64,0.14,16441,1.5674216747283936
0.69,0.83,0.43,0.66,1.04,1.02,0.13,0.64,0.15,16658,1.5714333057403564
0.69,0.83,0.43,0.66,1.04,1.02,0.13,0.64,0.15,16291,1.5754361152648926
0.69,0.83,0.43,0.65,1.04,1.02,0.12,0.64,0.15,16098,1.576432466506958
0.69,0.83,0.43,0.66,1.05,1.02,0.13,0.64,0.15,16627,1.5799016952514648
0.69,0.84,0.43,0.66,1.04,1.02,0.13,0.64,0.15,16954,1.584019422531128
0.69,0.84,0.43,0.66,1.05,1.02,0.13,0.64,0.15,16615,1.5881080627441406
0.69,0.84,0.43,0.66,1.05,1.02,0.13,0.64,0.14,16536,1.5892729759216309
0.69,0.83,0.43,0.66,1.05,1.02,0.13,0.64,0.14,16131,1.59238600730896
0.69,0.83,0.43,0.66,1.05,1.02,0.13,0.64,0.14,16020,1.5964624881744385
0.69,0.83,0.43,0.66,1.04,1.02,0.13,0.64,0.14,16393,1.6004626750946045
0.69,0.84,0.43,0.66,1.05,1.02,0.13,0.64,0.14,16014,1.601459264755249
0.69,0.83,0.43,0.66,1.05,1.02,0.14,0.64,0.15,15777,1.6048710346221924
0.69,0.83,0.43,0.67,1.05,1.02,0.13,0.64,0.14,16414,1.609248399734497
0.69,0.84,0.43,0.66,1.05,1.02,0.13,0.64,0.14,16349,1.6127104759216309
0.69,0.83,0.43,0.66,1.05,1.02,0.13,0.64,0.14,16246,1.6134655475616455
0.69,0.83,0.43,0.66,1.05,1.02,0.13,0.64,0.15,16163,1.6168217658996582
0.69,0.83,0.43,0.66,1.05,1.02,0.14,0.64,0.15,16258,1.6221299171447754
0.69,0.84,0.42,0.66,1.05,1.02,0.12,0.64,0.15,16461,1.624753713607788
0.69,0.84,0.43,0.65,1.05,1.02,0.13,0.64,0.14,16736,1.6288690567016602
0.69,0.83,0.43,0.66,1.04,1.02,0.13,0.64,0.14,16321,1.6288690567016602
0.69,0.83,0.42,0.66,1.05,1.02,0.13,0.64,0.15,16104,1.6327898502349854
0.69,0.83,0.43,0.66,1.05,1.02,0.13,0.64,0.15,15989,1.6377687454223633
0.69,0.83,0.42,0.66,1.04,1.02,0.13,0.64,0.14,15988,1.6417810916900635
0.69,0.83,0.43,0.66,1.04,1.02,0.13,0.64,0.14,16259,1.6427593231201172
0.69,0.83,0.43,0.66,1.04,1.02,0.13,0.64,0.14,16290,1.6463570594787598
0.69,0.83,0.42,0.66,1.04,1.02,0.14,0.64,0.15,16589,1.6499016284942627
0.69,0.84,0.42,0.66,1.04,1.02,0.13,0.64,0.14,16860,1.653571605682373
0.69,0.84,0.42,0.66,1.04,1.02,0.13,0.64,0.14,16517,1.6546380519866943
0.69,0.84,0.42,0.66,1.04,1.02,0.14,0.64,0.15,16570,1.6586050987243652
0.69,0.83,0.42,0.66,1.04,1.02,0.14,0.64,0.15,16493,1.6626033782958984
0.69,0.83,0.43,0.66,1.04,1.02,0.14,0.64,0.15,16284,1.6656055450439453
0.69,0.83,0.43,0.66,1.04,1.02,0.14,0.64,0.15,16213,1.667421817779541
0.69,0.83,0.43,0.66,1.04,1.02,0.13,0.64,0.14,16266,1.6704297065734863
0.69,0.83,0.43,0.66,1.04,1.02,0.13,0.64,0.14,16525,1.6741926670074463
0.69,0.83,0.43,0.66,1.04,1.03,0.13,0.64,0.15,16440,1.6782715320587158
0.69,0.83,0.43,0.66,1.04,1.02,0.13,0.64,0.14,16435,1.6793160438537598
0.69,0.83,0.42,0.66,1.05,1.02,0.13,0.64,0.14,16376,1.6828405857086182
0.69,0.84,0.43,0.66,1.04,1.02,0.13,0.64,0.14,16481,1.6869163513183594
0.69,0.84,0.43,0.66,1.04,1.02,0.13,0.64,0.14,16346,1.6909453868865967
0.69,0.84,0.42,0.66,1.04,1.02,0.13,0.64,0.14,16113,1.6943328380584717
0.69,0.84,0.42,0.66,1.04,1.02,0.13,0.64,0.15,16132,1.6950960159301758
0.69,0.84,0.42,0.66,1.04,1.02,0.13,0.64,0.14,16135,1.6990978717803955
0.69,0.84,0.43,0.66,1.04,1.02,0.13,0.64,0.15,16262,1.703432559967041
0.69,0.84,0.43,0.66,1.04,1.02,0.13,0.64,0.14,16407,1.7066609859466553
0.69,0.84,0.42,0.66,1.04,1.02,0.12,0.64,0.14,16492,1.7077302932739258
0.69,0.84,0.42,0.66,1.04,1.02,0.13,0.64,0.14,16495,1.7117841243743896
0.69,0.84,0.42,0.66,1.04,1.02,0.13,0.64,0.14,17084,1.7158679962158203
0.69,0.84,0.43,0.66,1.04,1.02,0.14,0.64,0.15,16635,1.7191534042358398
0.69,0.84,0.42,0.66,1.04,1.02,0.13,0.64,0.15,16600,1.7201917171478271
0.69,0.84,0.42,0.66,1.04,1.02,0.13,0.64,0.14,16523,1.7235133647918701
0.69,0.84,0.43,0.66,1.04,1.02,0.13,0.64,0.14,16498,1.7276334762573242
0.69,0.84,0.42,0.66,1.04,1.02,0.13,0.64,0.15,16665,1.7316226959228516
0.69,0.84,0.42,0.66,1.04,1.02,0.14,0.64,0.15,16468,1.7316226959228516
0.69,0.84,0.42,0.66,1.04,1.02,0.13,0.64,0.15,16637,1.7366151809692383
0.69,0.84,0.42,0.66,1.04,1.02,0.13,0.63,0.15,16410,1.7397096157073975
0.69,0.84,0.43,0.66,1.04,1.02,0.14,0.64,0.15,16005,1.744088888168335
0.69,0.84,0.43,0.66,1.04,1.02,0.14,0.64,0.15,16160,1.745164155960083
0.69,0.84,0.43,0.66,1.04,1.02,0.13,0.64,0.15,16631,1.747844934463501
0.69,0.84,0.42,0.65,1.04,1.02,0.13,0.63,0.15,16336,1.7529010772705078
0.69,0.84,0.42,0.66,1.04,1.02,0.14,0.64,0.15,16031,1.7563843727111816
0.68,0.83,0.43,0.66,1.04,1.02,0.14,0.64,0.15,16248,1.7573034763336182
0.69,0.84,0.42,0.65,1.04,1.02,0.14,0.64,0.15,16701,1.7597923278808594
0.69,0.84,0.42,0.66,1.04,1.02,0.13,0.64,0.14,16600,1.7648589611053467
0.69,0.84,0.43,0.66,1.04,1.03,0.13,0.63,0.14,16257,1.7686822414398193
0.69,0.84,0.43,0.66,1.04,1.02,0.13,0.64,0.15,15932,1.7726926803588867
0.69,0.84,0.42,0.65,1.04,1.02,0.14,0.64,0.15,15657,1.7726926803588867
0.69,0.84,0.42,0.65,1.04,1.02,0.14,0.64,0.15,16146,1.7772765159606934
0.69,0.84,0.43,0.66,1.04,1.02,0.14,0.64,0.15,16465,1.7814311981201172
0.69,0.84,0.42,0.66,1.04,1.02,0.14,0.64,0.15,16372,1.7849562168121338
0.69,0.84,0.42,0.66,1.05,1.02,0.14,0.64,0.15,16335,1.7860090732574463
0.69,0.84,0.42,0.65,1.04,1.02,0.14,0.64,0.15,16236,1.790170431137085
0.69,0.83,0.42,0.65,1.04,1.02,0.14,0.64,0.15,16495,1.794447422027588
0.69,0.84,0.42,0.66,1.04,1.02,0.14,0.64,0.15,16688,1.7974357604980469
0.69,0.83,0.42,0.65,1.04,1.02,0.14,0.64,0.16,16383,1.7974357604980469
0.69,0.83,0.43,0.66,1.04,1.02,0.14,0.64,0.15,16644,1.8014357089996338
0.69,0.83,0.42,0.65,1.04,1.02,0.14,0.64,0.15,16727,1.8064396381378174
0.69,0.84,0.42,0.65,1.04,1.02,0.14,0.64,0.15,16642,1.8097145557403564
0.69,0.84,0.42,0.65,1.04,1.03,0.14,0.64,0.15,16807,1.810434341430664
0.69,0.84,0.42,0.66,1.04,1.02,0.14,0.64,0.15,16742,1.8138935565948486
0.68,0.84,0.42,0.66,1.04,1.02,0.14,0.64,0.15,16319,1.818042516708374
0.69,0.83,0.42,0.65,1.04,1.02,0.14,0.64,0.15,16470,1.8219125270843506
0.69,0.83,0.42,0.66,1.04,1.02,0.14,0.64,0.15,16783,1.822967529296875
0.69,0.84,0.42,0.65,1.04,1.02,0.14,0.64,0.15,16316,1.8259546756744385
0.69,0.83,0.42,0.65,1.04,1.02,0.14,0.64,0.15,16393,1.8303546905517578
0.69,0.83,0.42,0.65,1.04,1.02,0.14,0.64,0.15,16552,1.8343539237976074
0.69,0.83,0.42,0.65,1.04,1.02,0.14,0.64,0.15,16389,1.838125467300415
0.69,0.83,0.42,0.66,1.04,1.02,0.14,0.64,0.15,16250,1.8388538360595703
0.69,0.83,0.43,0.66,1.04,1.02,0.14,0.64,0.15,16319,1.842026710510254
0.69,0.83,0.42,0.66,1.04,1.02,0.14,0.64,0.15,16364,1.8460452556610107
0.69,0.83,0.42,0.65,1.04,1.02,0.14,0.63,0.15,16083,1.8506932258605957
0.69,0.83,0.43,0.66,1.04,1.03,0.14,0.64,0.15,16242,1.8514509201049805
0.69,0.83,0.43,0.65,1.04,1.02,0.14,0.64,0.15,16153,1.8545167446136475
0.69,0.83,0.43,0.66,1.04,1.02,0.13,0.64,0.15,16210,1.8598415851593018
0.69,0.83,0.42,0.65,1.04,1.02,0.13,0.64,0.15,16091,1.8618085384368896
0.69,0.83,0.42,0.65,1.04,1.02,0.13,0.64,0.15,16250,1.8628122806549072
0.69,0.84,0.43,0.66,1.04,1.03,0.13,0.64,0.15,16431,1.866811990737915
0.69,0.83,0.43,0.66,1.04,1.03,0.14,0.64,0.15,16240,1.870884656906128
0.69,0.83,0.43,0.66,1.04,1.02,0.13,0.64,0.15,16527,1.874939203262329
0.69,0.83,0.43,0.66,1.04,1.03,0.14,0.64,0.15,16724,1.8759748935699463
0.69,0.83,0.42,0.66,1.04,1.03,0.13,0.64,0.14,16509,1.879502296447754
0.69,0.83,0.42,0.66,1.04,1.02,0.14,0.64,0.15,16182,1.883629322052002
0.69,0.83,0.42,0.66,1.04,1.03,0.14,0.64,0.15,16043,1.88763427734375
0.69,0.83,0.42,0.66,1.04,1.02,0.14,0.64,0.15,16398,1.8886160850524902
0.69,0.84,0.42,0.66,1.04,1.03,0.14,0.64,0.15,16301,1.891615867614746
0.69,0.83,0.42,0.66,1.04,1.03,0.14,0.64,0.15,16946,1.8957831859588623
0.69,0.83,0.42,0.66,1.04,1.03,0.14,0.64,0.15,16465,1.8997459411621094
0.69,0.83,0.42,0.66,1.04,1.03,0.14,0.64,0.15,16310,1.900932788848877
0.69,0.83,0.42,0.66,1.04,1.02,0.15,0.64,0.15,16623,1.904421329498291
0.69,0.83,0.43,0.65,1.04,1.03,0.14,0.64,0.15,16702,1.9082930088043213
0.69,0.83,0.43,0.66,1.04,1.02,0.14,0.64,0.15,16403,1.9124090671539307
0.69,0.83,0.42,0.65,1.04,1.03,0.14,0.64,0.15,16614,1.9124090671539307
0.69,0.83,0.42,0.66,1.04,1.03,0.14,0.64,0.15,16709,1.9164087772369385
0.69,0.83,0.42,0.66,1.04,1.03,0.13,0.64,0.14,16522,1.9204092025756836
0.69,0.83,0.42,0.66,1.04,1.03,0.14,0.65,0.15,16279,1.9244086742401123
0.69,0.83,0.42,0.66,1.04,1.03,0.14,0.64,0.15,16262,1.9254086017608643
0.69,0.83,0.42,0.66,1.04,1.02,0.14,0.64,0.15,16459,1.9279425144195557
0.69,0.83,0.42,0.65,1.04,1.03,0.14,0.64,0.15,16494,1.9325933456420898
0.69,0.83,0.42,0.66,1.04,1.03,0.13,0.64,0.14,16443,1.9369494915008545
0.69,0.83,0.42,0.66,1.04,1.03,0.14,0.64,0.15,16142,1.9409966468811035
0.69,0.83,0.42,0.66,1.04,1.03,0.13,0.64,0.15,16069,1.9409966468811035
0.69,0.83,0.42,0.65,1.04,1.03,0.14,0.65,0.15,16242,1.944535732269287
0.69,0.83,0.42,0.66,1.04,1.03,0.13,0.64,0.14,16115,1.9494335651397705
0.69,0.83,0.42,0.66,1.04,1.03,0.13,0.64,0.14,16248,1.9529647827148438
0.7,0.83,0.42,0.66,1.04,1.03,0.13,0.64,0.15,16507,1.9540684223175049
0.69,0.84,0.42,0.66,1.04,1.03,0.13,0.65,0.15,16538,1.9565777778625488
0.69,0.83,0.42,0.66,1.04,1.03,0.13,0.65,0.15,16361,1.9617063999176025
0.69,0.83,0.41,0.66,1.04,1.03,0.13,0.65,0.15,16440,1.9657864570617676
0.69,0.83,0.41,0.66,1.04,1.03,0.14,0.64,0.15,16515,1.9657864570617676
0.69,0.83,0.41,0.66,1.04,1.03,0.13,0.64,0.15,16568,1.9702672958374023
0.69,0.84,0.42,0.66,1.04,1.03,0.13,0.64,0.15,16687,1.9735429286956787
0.69,0.84,0.42,0.66,1.04,1.03,0.13,0.64,0.14,16504,1.978119134902954
0.69,0.84,0.42,0.66,1.04,1.03,0.14,0.64,0.15,16259,1.978119134902954
0.69,0.84,0.42,0.66,1.04,1.03,0.13,0.64,0.15,16270,1.9822323322296143
0.69,0.83,0.42,0.67,1.04,1.03,0.13,0.64,0.15,15949,1.9862325191497803
0.69,0.84,0.42,0.66,1.04,1.03,0.13,0.65,0.15,15716,1.9907960891723633
0.69,0.83,0.42,0.66,1.04,1.03,0.13,0.64,0.14,16357,1.9907960891723633
0.69,0.84,0.42,0.66,1.04,1.03,0.13,0.64,0.15,16516,1.9938395023345947
0.69,0.83,0.42,0.66,1.04,1.03,0.14,0.64,0.15,16429,1.9988906383514404
0.7,0.83,0.42,0.66,1.04,1.02,0.13,0.64,0.15,16010,2.003298282623291
0.7,0.84,0.42,0.66,1.04,1.03,0.13,0.65,0.15,15955,2.003298282623291
0.69,0.83,0.42,0.66,1.04,1.03,0.13,0.64,0.14,16230,2.006882667541504
0.69,0.84,0.42,0.66,1.04,1.03,0.13,0.64,0.15,16253,2.0098490715026855
0.7,0.84,0.42,0.66,1.04,1.03,0.13,0.64,0.15,16438,2.015021562576294
0.69,0.83,0.42,0.66,1.04,1.03,0.13,0.64,0.15,15987,2.018354654312134
0.69,0.83,0.42,0.66,1.04,1.03,0.13,0.64,0.15,16238,2.019096612930298
0.69,0.84,0.42,0.66,1.04,1.03,0.13,0.64,0.15,16503,2.0230753421783447
0.69,0.84,0.42,0.66,1.04,1.03,0.13,0.65,0.15,16500,2.0265605449676514
0.69,0.83,0.42,0.66,1.04,1.03,0.14,0.65,0.15,16031,2.031032085418701
0.69,0.83,0.42,0.66,1.04,1.03,0.13,0.64,0.14,15936,2.031032085418701
0.69,0.83,0.42,0.66,1.04,1.03,0.13,0.65,0.15,16469,2.0347917079925537
0.69,0.83,0.42,0.66,1.04,1.03,0.14,0.65,0.15,16690,2.0386404991149902
0.69,0.83,0.42,0.66,1.04,1.03,0.14,0.65,0.15,16825,2.04309344291687
0.69,0.83,0.42,0.66,1.04,1.03,0.12,0.65,0.15,16356,2.044165849685669
0.69,0.83,0.42,0.66,1.04,1.03,0.13,0.64,0.14,16177,2.0473947525024414
0.69,0.84,0.42,0.66,1.04,1.03,0.13,0.65,0.15,16368,2.051393508911133
0.69,0.83,0.42,0.66,1.04,1.03,0.14,0.64,0.15,15677,2.055619239807129
0.69,0.84,0.42,0.66,1.04,1.03,0.13,0.64,0.15,16128,2.0565216541290283
0.69,0.83,0.42,0.66,1.04,1.03,0.14,0.64,0.15,16717,2.059497594833374
0.69,0.84,0.41,0.66,1.04,1.03,0.14,0.65,0.15,16376,2.063493490219116
0.69,0.83,0.42,0.66,1.04,1.03,0.13,0.65,0.15,16087,2.068002223968506
0.69,0.84,0.42,0.66,1.04,1.03,0.14,0.64,0.15,16028,2.068002223968506
0.69,0.83,0.42,0.66,1.04,1.03,0.13,0.65,0.15,16299,2.0721449851989746
0.69,0.84,0.42,0.66,1.04,1.03,0.14,0.64,0.15,16480,2.0755455493927
0.68,0.84,0.43,0.66,1.04,1.03,0.13,0.64,0.15,16131,2.0807857513427734
0.69,0.83,0.42,0.66,1.04,1.03,0.14,0.65,0.15,16214,2.0807857513427734
0.69,0.84,0.42,0.66,1.04,1.02,0.13,0.64,0.15,16813,2.0847854614257812
0.69,0.84,0.42,0.66,1.04,1.03,0.13,0.64,0.14,16816,2.0887856483459473
0.69,0.84,0.42,0.66,1.04,1.03,0.14,0.64,0.15,16821,2.092805862426758
0.69,0.84,0.42,0.66,1.04,1.03,0.13,0.65,0.15,16450,2.0960710048675537
0.69,0.84,0.43,0.66,1.04,1.03,0.14,0.64,0.15,16103,2.096806049346924
0.69,0.84,0.42,0.66,1.04,1.03,0.13,0.65,0.15,16292,2.100884199142456
0.69,0.83,0.42,0.66,1.04,1.03,0.13,0.64,0.14,16353,2.1046206951141357
0.69,0.83,0.42,0.66,1.04,1.03,0.13,0.64,0.15,16244,2.108464479446411
0.69,0.84,0.42,0.65,1.04,1.03,0.14,0.65,0.15,16131,2.109473705291748
0.69,0.84,0.42,0.66,1.05,1.03,0.13,0.64,0.15,16436,2.1126344203948975
0.69,0.84,0.42,0.66,1.04,1.02,0.14,0.64,0.15,16495,2.1170694828033447
0.68,0.84,0.43,0.66,1.04,1.02,0.14,0.65,0.15,16038,2.1210052967071533
0.69,0.84,0.43,0.66,1.04,1.03,0.14,0.65,0.15,16223,2.1219563484191895
0.69,0.84,0.42,0.66,1.04,1.03,0.14,0.64,0.15,16334,2.1244118213653564
0.69,0.84,0.42,0.66,1.04,1.03,0.13,0.64,0.15,16647,2.12844181060791
0.69,0.84,0.43,0.66,1.04,1.03,0.14,0.65,0.15,16722,2.1325368881225586
0.69,0.84,0.43,0.66,1.04,1.03,0.14,0.64,0.15,16333,2.1335432529449463
0.69,0.84,0.42,0.66,1.04,1.03,0.14,0.64,0.15,16304,2.137004852294922
0.69,0.84,0.42,0.66,1.04,1.03,0.13,0.64,0.14,16179,2.1417274475097656
0.69,0.84,0.43,0.66,1.04,1.03,0.13,0.64,0.14,16228,2.1458683013916016
0.7,0.84,0.42,0.66,1.04,1.03,0.14,0.64,0.15,16117,2.1458683013916016
0.7,0.84,0.43,0.66,1.04,1.03,0.14,0.64,0.15,16210,2.1498682498931885
0.7,0.84,0.43,0.66,1.04,1.03,0.14,0.64,0.15,15945,2.1540117263793945
0.69,0.84,0.42,0.66,1.04,1.03,0.14,0.65,0.15,16278,2.1580381393432617
0.69,0.84,0.42,0.66,1.04,1.03,0.14,0.64,0.15,15931,2.161557912826538
0.69,0.84,0.42,0.66,1.04,1.03,0.13,0.64,0.15,15812,2.1625704765319824
0.69,0.83,0.42,0.66,1.05,1.03,0.14,0.64,0.15,16385,2.1667826175689697
0.69,0.84,0.42,0.66,1.04,1.03,0.13,0.64,0.15,16192,2.1697793006896973
0.69,0.84,0.42,0.66,1.04,1.03,0.14,0.64,0.15,16303,2.1741180419921875
0.69,0.84,0.42,0.65,1.04,1.03,0.14,0.64,0.15,16076,2.1748275756835938
0.7,0.84,0.42,0.65,1.04,1.03,0.13,0.64,0.15,15581,2.1785025596618652
0.69,0.84,0.42,0.66,1.04,1.03,0.14,0.64,0.15,16082,2.182586431503296
0.69,0.84,0.42,0.66,1.04,1.03,0.12,0.64,0.15,16285,2.1862854957580566
0.7,0.84,0.42,0.66,1.04,1.02,0.14,0.64,0.15,15984,2.187061071395874
0.7,0.84,0.43,0.66,1.04,1.03,0.13,0.64,0.15,15903,2.191060781478882
0.69,0.84,0.42,0.65,1.04,1.03,0.14,0.64,0.15,16046,2.1955020427703857
0.7,0.84,0.42,0.66,1.04,1.03,0.12,0.64,0.15,16003,2.1989376544952393
0.69,0.84,0.42,0.66,1.04,1.03,0.13,0.64,0.14,16122,2.1989376544952393
0.7,0.84,0.43,0.66,1.04,1.03,0.14,0.64,0.15,15899,2.2037734985351562
0.7,0.84,0.42,0.66,1.04,1.03,0.13,0.64,0.15,16160,2.206648826599121
0.7,0.84,0.42,0.66,1.04,1.03,0.13,0.64,0.15,16805,2.2110302448272705
0.69,0.84,0.42,0.66,1.04,1.03,0.14,0.64,0.15,16880,2.212106466293335
0.69,0.84,0.42,0.66,1.04,1.02,0.14,0.64,0.15,16627,2.2153964042663574
0.69,0.84,0.42,0.66,1.04,1.03,0.13,0.64,0.15,16296,2.220095634460449
0.69,0.84,0.42,0.66,1.04,1.03,0.13,0.64,0.14,16329,2.224262237548828
0.7,0.84,0.42,0.66,1.04,1.03,0.13,0.64,0.15,16606,2.224262237548828
0.69,0.84,0.42,0.66,1.04,1.03,0.13,0.64,0.14,16429,2.227288246154785
0.69,0.84,0.43,0.66,1.04,1.03,0.13,0.64,0.15,16508,2.232252597808838
0.7,0.84,0.43,0.66,1.04,1.03,0.13,0.64,0.15,16927,2.235274076461792
0.7,0.84,0.42,0.66,1.04,1.03,0.13,0.63,0.14,16174,2.239635705947876
0.7,0.84,0.43,0.66,1.04,1.03,0.12,0.64,0.14,15909,2.239635705947876
0.7,0.83,0.43,0.66,1.04,1.03,0.13,0.63,0.15,15914,2.2444067001342773
0.69,0.84,0.43,0.66,1.04,1.03,0.14,0.64,0.15,16087,2.2484073638916016
0.7,0.84,0.43,0.66,1.04,1.03,0.13,0.64,0.15,16152,2.2516977787017822
0.7,0.84,0.43,0.67,1.04,1.03,0.13,0.64,0.15,16127,2.252408027648926
0.69,0.84,0.42,0.67,1.04,1.03,0.13,0.63,0.14,16068,2.2560391426086426
0.69,0.83,0.43,0.66,1.05,1.02,0.14,0.64,0.15,16431,2.261119842529297
0.69,0.84,0.43,0.66,1.05,1.03,0.14,0.64,0.15,16860,2.2642858028411865
0.7,0.84,0.42,0.66,1.04,1.03,0.14,0.64,0.15,16559,2.265143632888794
0.69,0.84,0.42,0.66,1.05,1.03,0.13,0.64,0.15,16324,2.2690582275390625
0.69,0.83,0.43,0.66,1.04,1.03,0.14,0.64,0.15,16415,2.2731027603149414
0.69,0.83,0.42,0.66,1.04,1.03,0.13,0.64,0.14,16120,2.27630877494812
0.69,0.84,0.42,0.66,1.05,1.03,0.13,0.64,0.15,16117,2.277106285095215
0.7,0.84,0.42,0.66,1.04,1.03,0.13,0.64,0.14,16566,2.2805535793304443
0.69,0.84,0.42,0.66,1.04,1.03,0.14,0.64,0.15,16927,2.284457206726074
0.69,0.84,0.42,0.66,1.05,1.03,0.14,0.64,0.15,16712,2.2894983291625977
0.69,0.83,0.42,0.66,1.04,1.03,0.13,0.64,0.15,16355,2.2894983291625977
0.7,0.83,0.42,0.66,1.04,1.03,0.14,0.64,0.15,16038,2.293121337890625
0.69,0.84,0.42,0.66,1.05,1.03,0.13,0.64,0.14,16077,2.298151969909668
0.7,0.84,0.42,0.66,1.04,1.03,0.13,0.64,0.15,16256,2.3009634017944336
0.69,0.84,0.42,0.66,1.05,1.03,0.13,0.64,0.15,15999,2.3050074577331543
0.7,0.84,0.42,0.66,1.05,1.03,0.14,0.64,0.15,15770,2.306011915206909
0.7,0.84,0.42,0.66,1.05,1.03,0.14,0.64,0.15,16215,2.3100829124450684
0.7,0.83,0.42,0.66,1.04,1.03,0.13,0.64,0.15,16372,2.3135581016540527
0.7,0.84,0.43,0.66,1.05,1.03,0.14,0.64,0.15,16597,2.317418098449707
0.69,0.84,0.42,0.66,1.05,1.03,0.13,0.64,0.15,16712,2.3184826374053955
0.69,0.84,0.42,0.66,1.05,1.03,0.14,0.64,0.15,16575,2.3224730491638184
0.69,0.83,0.42,0.66,1.05,1.03,0.13,0.64,0.15,16222,2.3264801502227783
0.7,0.84,0.42,0.66,1.05,1.03,0.14,0.64,0.15,16247,2.329771041870117
0.7,0.83,0.42,0.66,1.05,1.03,0.13,0.64,0.15,16030,2.3304803371429443
0.7,0.83,0.42,0.66,1.05,1.03,0.13,0.64,0.14,16221,2.3344855308532715
0.69,0.84,0.42,0.66,1.04,1.04,0.13,0.64,0.15,16230,2.3380565643310547
0.69,0.83,0.42,0.66,1.05,1.03,0.14,0.64,0.15,16491,2.341871738433838
0.69,0.83,0.42,0.66,1.04,1.03,0.14,0.64,0.15,16436,2.34293532371521
0.7,0.84,0.42,0.65,1.04,1.03,0.14,0.64,0.15,16441,2.345733880996704
0.69,0.84,0.42,0.66,1.04,1.03,0.13,0.64,0.15,16396,2.3503243923187256
0.69,0.84,0.42,0.67,1.04,1.03,0.13,0.64,0.14,16165,2.3545479774475098
0.7,0.84,0.42,0.66,1.04,1.03,0.14,0.65,0.15,16212,2.355520486831665
0.69,0.84,0.42,0.66,1.04,1.03,0.14,0.64,0.15,16355,2.3585519790649414
0.69,0.84,0.42,0.66,1.05,1.03,0.13,0.64,0.15,16484,2.3625564575195312
0.7,0.84,0.42,0.66,1.04,1.03,0.13,0.64,0.15,16595,2.366225242614746
0.69,0.84,0.42,0.66,1.04,1.03,0.14,0.64,0.15,16444,2.3672752380371094
0.69,0.84,0.42,0.66,1.05,1.03,0.13,0.64,0.15,16059,2.3707692623138428
0.69,0.83,0.42,0.67,1.05,1.03,0.13,0.64,0.15,16164,2.375730514526367
0.69,0.84,0.42,0.67,1.04,1.03,0.13,0.64,0.15,16429,2.379729986190796
0.69,0.84,0.42,0.66,1.04,1.03,0.13,0.64,0.15,15980,2.3830649852752686
0.69,0.84,0.42,0.66,1.04,1.03,0.13,0.64,0.15,15827,2.3840925693511963
0.69,0.84,0.42,0.66,1.04,1.04,0.13,0.64,0.14,16626,2.387930393218994
0.69,0.84,0.42,0.66,1.04,1.03,0.14,0.64,0.15,16609,2.391737461090088
0.7,0.84,0.42,0.66,1.05,1.03,0.13,0.64,0.14,16648,2.3952908515930176
0.7,0.84,0.42,0.66,1.04,1.03,0.13,0.64,0.15,16749,2.396089553833008
0.69,0.84,0.42,0.67,1.05,1.03,0.13,0.64,0.15,16546,2.4001944065093994
0.7,0.84,0.42,0.66,1.04,1.03,0.13,0.64,0.15,16047,2.403674364089966
0.7,0.84,0.42,0.66,1.05,1.03,0.12,0.64,0.15,15922,2.4079058170318604
0.69,0.84,0.42,0.66,1.04,1.03,0.13,0.64,0.14,15881,2.4079058170318604
0.69,0.84,0.42,0.66,1.04,1.03,0.14,0.64,0.15,16230,2.411937713623047
0.69,0.84,0.42,0.66,1.04,1.03,0.13,0.64,0.15,16521,2.415574550628662
0.69,0.84,0.42,0.66,1.04,1.03,0.14,0.64,0.15,17016,2.4196040630340576
0.69,0.84,0.42,0.66,1.05,1.03,0.13,0.64,0.14,17061,2.4206464290618896
0.69,0.83,0.42,0.66,1.05,1.03,0.14,0.64,0.15,16630,2.4239962100982666
0.69,0.84,0.42,0.66,1.05,1.04,0.13,0.64,0.15,16547,2.4280591011047363
0.69,0.84,0.42,0.66,1.05,1.03,0.13,0.64,0.15,16622,2.4330742359161377
0.69,0.84,0.42,0.67,1.05,1.04,0.14,0.64,0.15,16323,2.4330742359161377
0.69,0.84,0.42,0.66,1.05,1.03,0.14,0.64,0.15,16098,2.436084032058716
0.69,0.84,0.42,0.66,1.05,1.03,0.14,0.64,0.15,15921,2.441436767578125
0.69,0.84,0.42,0.66,1.05,1.04,0.14,0.63,0.14,16342,2.444409132003784
0.69,0.84,0.42,0.66,1.05,1.03,0.13,0.63,0.14,16469,2.4485673904418945
0.69,0.84,0.42,0.66,1.05,1.04,0.13,0.64,0.14,16254,2.449460983276367
0.69,0.84,0.42,0.66,1.05,1.04,0.14,0.64,0.15,16139,2.4531760215759277
0.69,0.84,0.42,0.66,1.05,1.03,0.14,0.64,0.15,16218,2.456552267074585
0.69,0.84,0.42,0.67,1.05,1.03,0.14,0.64,0.15,16579,2.4607503414154053
0.69,0.84,0.42,0.66,1.05,1.04,0.13,0.63,0.15,16574,2.4607503414154053
0.69,0.84,0.42,0.66,1.05,1.04,0.14,0.64,0.15,16155,2.4646177291870117
0.69,0.84,0.42,0.66,1.05,1.04,0.14,0.64,0.15,16390,2.4694504737854004
0.69,0.84,0.42,0.66,1.05,1.04,0.13,0.64,0.15,16635,2.472470283508301
0.69,0.84,0.42,0.66,1.04,1.04,0.13,0.64,0.15,16618,2.4734699726104736
0.69,0.84,0.42,0.66,1.05,1.04,0.13,0.64,0.15,16481,2.477473020553589
0.69,0.84,0.42,0.66,1.05,1.04,0.13,0.64,0.15,16722,2.4814770221710205
0.69,0.84,0.42,0.67,1.05,1.04,0.13,0.64,0.15,16777,2.4851551055908203
0.69,0.84,0.42,0.66,1.05,1.04,0.13,0.64,0.15,16442,2.4862194061279297
0.69,0.84,0.42,0.66,1.05,1.04,0.13,0.64,0.15,16151,2.4895458221435547
0.69,0.84,0.42,0.66,1.04,1.04,0.13,0.64,0.15,16462,2.493572473526001
0.69,0.84,0.42,0.66,1.05,1.04,0.14,0.64,0.15,16385,2.4977810382843018
0.69,0.84,0.42,0.66,1.04,1.04,0.14,0.64,0.15,15924,2.498589277267456
0.69,0.84,0.42,0.66,1.05,1.04,0.14,0.64,0.15,15815,2.501924753189087
0.69,0.84,0.42,0.67,1.04,1.04,0.13,0.63,0.14,16210,2.506908655166626
0.69,0.84,0.42,0.66,1.04,1.04,0.14,0.64,0.15,16447,2.510105848312378
0.69,0.84,0.42,0.66,1.04,1.04,0.13,0.64,0.15,16464,2.511136531829834
0.69,0.84,0.42,0.66,1.05,1.04,0.14,0.64,0.15,16381,2.5137569904327393
0.69,0.84,0.42,0.66,1.04,1.04,0.13,0.64,0.15,16450,2.518953323364258
0.69,0.84,0.42,0.66,1.05,1.03,0.13,0.64,0.14,16285,2.5225107669830322
0.69,0.84,0.42,0.66,1.05,1.04,0.13,0.64,0.15,15852,2.523486614227295
0.69,0.84,0.42,0.66,1.04,1.04,0.13,0.63,0.15,16273,2.52651309967041
0.69,0.84,0.42,0.66,1.05,1.04,0.13,0.64,0.15,16658,2.5314877033233643
0.69,0.84,0.42,0.66,1.05,1.04,0.13,0.63,0.15,16687,2.535519599914551
0.69,0.84,0.42,0.66,1.05,1.04,0.14,0.64,0.15,16416,2.5378575325012207
0.69,0.84,0.42,0.67,1.05,1.04,0.12,0.63,0.14,16081,2.5388636589050293
0.69,0.84,0.43,0.66,1.05,1.04,0.13,0.63,0.15,16120,2.543497323989868
0.69,0.84,0.42,0.66,1.05,1.04,0.13,0.63,0.14,16633,2.547499895095825
0.69,0.83,0.42,0.66,1.05,1.04,0.13,0.64,0.14,16644,2.5509586334228516
0.69,0.83,0.42,0.66,1.05,1.03,0.14,0.64,0.15,16451,2.5518102645874023
0.69,0.84,0.43,0.66,1.05,1.04,0.13,0.64,0.15,16598,2.5554397106170654
0.69,0.84,0.42,0.66,1.05,1.04,0.12,0.64,0.14,16611,2.5596070289611816
0.69,0.84,0.42,0.66,1.05,1.04,0.12,0.64,0.14,16734,2.5636401176452637
0.7,0.84,0.42,0.67,1.05,1.04,0.13,0.64,0.15,16547,2.5636401176452637
0.69,0.84,0.42,0.66,1.05,1.04,0.14,0.64,0.15,16072,2.567631721496582
0.7,0.84,0.42,0.66,1.05,1.04,0.12,0.64,0.15,16017,2.5711169242858887
0.7,0.84,0.42,0.66,1.05,1.04,0.12,0.64,0.14,16342,2.5753636360168457
0.69,0.84,0.42,0.66,1.05,1.04,0.14,0.64,0.15,16833,2.576138734817505
0.69,0.84,0.42,0.66,1.05,1.03,0.12,0.64,0.15,16334,2.5805084705352783
0.7,0.84,0.42,0.66,1.04,1.04,0.12,0.64,0.15,16149,2.5845084190368652
0.7,0.84,0.42,0.66,1.04,1.04,0.13,0.64,0.15,16420,2.5885086059570312
0.69,0.84,0.42,0.66,1.04,1.04,0.13,0.63,0.15,16589,2.5885086059570312
0.69,0.84,0.43,0.66,1.05,1.03,0.14,0.64,0.15,16240,2.592508316040039
0.69,0.84,0.42,0.66,1.04,1.04,0.13,0.64,0.14,16149,2.596804618835449
0.69,0.84,0.42,0.66,1.05,1.03,0.13,0.64,0.14,16182,2.6002047061920166
0.69,0.84,0.43,0.66,1.05,1.03,0.13,0.63,0.14,16313,2.601278066635132
0.69,0.84,0.42,0.66,1.05,1.04,0.13,0.64,0.15,16308,2.605231523513794
0.69,0.84,0.42,0.67,1.05,1.04,0.13,0.64,0.15,16291,2.6086277961730957
0.69,0.84,0.43,0.66,1.05,1.04,0.13,0.64,0.15,16212,2.612614154815674
0.7,0.84,0.42,0.66,1.04,1.04,0.13,0.64,0.15,16135,2.6136136054992676
0.69,0.84,0.42,0.66,1.04,1.04,0.13,0.64,0.14,16158,2.6166224479675293
0.7,0.84,0.42,0.66,1.05,1.04,0.14,0.64,0.15,15985,2.6206305027008057
0.7,0.84,0.42,0.66,1.05,1.03,0.13,0.64,0.15,16254,2.6250152587890625
0.7,0.84,0.43,0.66,1.05,1.04,0.14,0.64,0.15,16535,2.6286697387695312
0.69,0.84,0.43,0.66,1.05,1.04,0.13,0.64,0.15,16382,2.6293816566467285
0.69,0.84,0.43,0.65,1.05,1.04,0.13,0.64,0.15,16205,2.6325063705444336
0.69,0.84,0.43,0.66,1.05,1.03,0.13,0.64,0.14,16516,2.6375341415405273
0.69,0.84,0.42,0.66,1.04,1.04,0.13,0.64,0.15,16535,2.640533208847046
0.69,0.84,0.42,0.66,1.04,1.03,0.13,0.64,0.15,16266,2.6415369510650635
0.69,0.84,0.42,0.66,1.04,1.03,0.13,0.64,0.15,16205,2.6455330848693848
0.69,0.84,0.42,0.66,1.05,1.03,0.14,0.64,0.15,16084,2.6490774154663086
0.69,0.84,0.43,0.66,1.05,1.04,0.13,0.64,0.15,16329,2.652811288833618
0.69,0.84,0.43,0.66,1.05,1.04,0.13,0.64,0.14,16364,2.6538033485412598
0.69,0.84,0.43,0.66,1.05,1.04,0.13,0.64,0.14,15859,2.6570847034454346
0.7,0.84,0.43,0.66,1.04,1.04,0.13,0.64,0.15,15914,2.6615359783172607
0.69,0.84,0.42,0.66,1.04,1.03,0.13,0.64,0.15,16289,2.665534019470215
0.69,0.84,0.43,0.66,1.04,1.04,0.13,0.64,0.15,16446,2.6665306091308594
0.7,0.84,0.43,0.66,1.04,1.04,0.13,0.64,0.15,16349,2.6700525283813477
0.69,0.84,0.43,0.66,1.04,1.03,0.14,0.64,0.15,16252,2.6740667819976807
0.69,0.84,0.43,0.66,1.04,1.03,0.13,0.64,0.15,16543,2.6780662536621094
0.69,0.84,0.43,0.66,1.04,1.04,0.13,0.64,0.15,16076,2.6780662536621094
0.69,0.84,0.42,0.66,1.04,1.03,0.13,0.64,0.15,16109,2.682103157043457
0.69,0.84,0.42,0.66,1.05,1.04,0.13,0.64,0.15,16526,2.6856839656829834
0.69,0.84,0.43,0.66,1.04,1.03,0.13,0.64,0.15,16389,2.69071364402771
0.69,0.84,0.43,0.66,1.04,1.03,0.13,0.64,0.15,16442,2.69071364402771
0.69,0.84,0.43,0.66,1.04,1.04,0.12,0.64,0.15,16609,2.6947133541107178
0.7,0.84,0.43,0.66,1.04,1.04,0.12,0.64,0.14,16876,2.6987173557281494
0.69,0.84,0.43,0.66,1.04,1.03,0.13,0.64,0.15,16549,2.703009843826294
0.69,0.84,0.43,0.66,1.05,1.04,0.13,0.64,0.15,16672,2.7060093879699707
0.7,0.84,0.43,0.66,1.04,1.04,0.14,0.64,0.15,16465,2.7070488929748535
0.69,0.84,0.43,0.66,1.05,1.04,0.13,0.64,0.15,16876,2.7111384868621826
0.68,0.84,0.43,0.66,1.04,1.04,0.12,0.63,0.14,16899,2.7146151065826416
0.7,0.84,0.42,0.66,1.04,1.03,0.13,0.64,0.15,16550,2.7188005447387695
0.69,0.84,0.43,0.66,1.04,1.04,0.13,0.64,0.15,16411,2.7188005447387695
0.69,0.84,0.43,0.66,1.04,1.03,0.13,0.64,0.15,16652,2.7230589389801025
0.69,0.84,0.43,0.66,1.04,1.03,0.13,0.64,0.15,16563,2.727062225341797
0.69,0.84,0.42,0.65,1.05,1.03,0.13,0.64,0.14,16520,2.731062650680542
0.69,0.84,0.43,0.66,1.04,1.04,0.13,0.64,0.15,16437,2.731062650680542
0.69,0.84,0.43,0.66,1.04,1.04,0.13,0.64,0.15,16152,2.73490834236145
0.69,0.84,0.43,0.66,1.04,1.04,0.13,0.64,0.15,16465,2.739651918411255
0.69,0.84,0.43,0.66,1.04,1.04,0.13,0.64,0.15,16250,2.743655204772949
0.69,0.84,0.42,0.66,1.04,1.03,0.13,0.64,0.15,16251,2.7446506023406982
0.69,0.84,0.42,0.66,1.05,1.04,0.13,0.64,0.14,16798,2.747654914855957
0.69,0.84,0.42,0.66,1.04,1.04,0.13,0.64,0.14,16851,2.7519845962524414
0.69,0.84,0.42,0.66,1.05,1.04,0.13,0.64,0.14,16710,2.755530834197998
0.7,0.84,0.42,0.66,1.04,1.04,0.13,0.64,0.15,16533,2.7565934658050537
0.69,0.84,0.43,0.66,1.04,1.03,0.14,0.64,0.15,16454,2.7597765922546387
0.69,0.84,0.43,0.66,1.04,1.04,0.13,0.64,0.15,16673,2.764755964279175
0.69,0.84,0.42,0.67,1.04,1.03,0.14,0.64,0.15,16700,2.7680859565734863
0.69,0.84,0.43,0.67,1.04,1.04,0.13,0.64,0.14,17167,2.7719192504882812
0.69,0.84,0.43,0.66,1.04,1.04,0.14,0.65,0.15,16460,2.77262806892395
0.69,0.84,0.43,0.66,1.04,1.04,0.13,0.64,0.15,16169,2.776627779006958
0.69,0.84,0.42,0.66,1.05,1.03,0.14,0.64,0.15,16152,2.7809693813323975
0.69,0.84,0.42,0.65,1.05,1.04,0.13,0.64,0.14,16705,2.784367084503174
0.69,0.84,0.43,0.66,1.05,1.04,0.14,0.64,0.15,16926,2.7855401039123535
0.69,0.84,0.43,0.66,1.05,1.04,0.13,0.64,0.15,16703,2.7887485027313232
0.69,0.84,0.42,0.66,1.05,1.04,0.13,0.64,0.15,16032,2.79278564453125
0.69,0.84,0.42,0.66,1.05,1.04,0.13,0.64,0.15,15971,2.796780824661255
0.69,0.84,0.42,0.66,1.05,1.04,0.14,0.64,0.15,16156,2.796780824661255
0.69,0.84,0.42,0.66,1.05,1.04,0.13,0.65,0.15,16581,2.8003735542297363
0.69,0.85,0.43,0.66,1.05,1.04,0.13,0.64,0.14,16390,2.804867744445801
0.7,0.84,0.42,0.67,1.05,1.04,0.13,0.64,0.14,16591,2.808868885040283
0.69,0.84,0.42,0.66,1.05,1.04,0.13,0.64,0.14,16558,2.808868885040283
0.7,0.84,0.42,0.66,1.05,1.04,0.13,0.64,0.15,16289,2.81286883354187
0.69,0.84,0.43,0.66,1.05,1.04,0.13,0.64,0.15,16608,2.8171350955963135
0.69,0.84,0.42,0.66,1.05,1.04,0.13,0.64,0.15,16353,2.821404457092285
0.69,0.84,0.42,0.66,1.05,1.04,0.13,0.64,0.15,15992,2.822460651397705
0.69,0.84,0.42,0.66,1.05,1.04,0.13,0.64,0.14,16447,2.825016975402832
0.7,0.84,0.42,0.66,1.06,1.04,0.13,0.64,0.15,16498,2.8298990726470947
0.69,0.84,0.42,0.66,1.05,1.04,0.13,0.64,0.15,16429,2.8341870307922363
0.69,0.84,0.42,0.66,1.05,1.04,0.14,0.65,0.15,16142,2.8341870307922363
0.69,0.84,0.42,0.66,1.05,1.03,0.13,0.64,0.14,16321,2.8381872177124023
0.69,0.84,0.43,0.66,1.05,1.03,0.14,0.64,0.15,16256,2.8421871662139893
0.69,0.84,0.42,0.66,1.05,1.04,0.13,0.65,0.15,16511,2.8462905883789062
0.69,0.84,0.42,0.66,1.05,1.04,0.13,0.64,0.14,16258,2.8487284183502197
0.69,0.84,0.42,0.66,1.05,1.04,0.13,0.65,0.15,16099,2.8497490882873535
0.69,0.84,0.42,0.66,1.05,1.04,0.13,0.65,0.15,16388,2.854048252105713
0.69,0.84,0.42,0.66,1.05,1.03,0.13,0.65,0.15,16565,2.8580574989318848
0.69,0.84,0.43,0.66,1.05,1.04,0.13,0.64,0.15,16344,2.8620572090148926
0.69,0.84,0.43,0.66,1.05,1.04,0.13,0.64,0.14,16415,2.8630571365356445
0.69,0.84,0.42,0.66,1.05,1.04,0.13,0.64,0.14,16424,2.8660571575164795
0.69,0.85,0.43,0.66,1.05,1.04,0.14,0.65,0.15,16253,2.8699212074279785
0.69,0.84,0.43,0.66,1.05,1.03,0.13,0.65,0.15,16420,2.8741860389709473
0.69,0.84,0.42,0.66,1.05,1.04,0.14,0.64,0.15,16341,2.875168561935425
0.69,0.84,0.42,0.66,1.05,1.04,0.13,0.64,0.14,16060,2.8781542778015137
0.69,0.84,0.42,0.66,1.05,1.04,0.13,0.64,0.14,15761,2.8832759857177734
0.69,0.84,0.42,0.66,1.05,1.04,0.13,0.65,0.15,15910,2.8863532543182373
0.69,0.85,0.42,0.66,1.05,1.04,0.14,0.64,0.15,16653,2.887389659881592
0.69,0.84,0.42,0.66,1.05,1.04,0.13,0.65,0.15,16640,2.8913846015930176
0.69,0.84,0.42,0.66,1.05,1.04,0.13,0.65,0.15,16355,2.895392417907715
0.69,0.84,0.42,0.66,1.05,1.04,0.14,0.64,0.15,16526,2.8991003036499023
0.69,0.84,0.42,0.66,1.05,1.04,0.13,0.65,0.14,16397,2.9001376628875732
0.69,0.84,0.42,0.66,1.04,1.04,0.13,0.65,0.15,16262,2.904137134552002
0.69,0.84,0.42,0.66,1.05,1.04,0.13,0.65,0.14,16373,2.908226728439331
0.69,0.85,0.42,0.66,1.05,1.04,0.14,0.65,0.15,16748,2.911226511001587
0.69,0.84,0.42,0.66,1.05,1.03,0.14,0.65,0.15,16047,2.9154484272003174
0.7,0.84,0.42,0.65,1.05,1.04,0.14,0.65,0.15,15682,2.9163708686828613
0.69,0.84,0.43,0.66,1.05,1.04,0.14,0.64,0.15,16331,2.919875144958496
0.69,0.84,0.42,0.66,1.05,1.04,0.13,0.64,0.14,16474,2.9239184856414795
0.69,0.84,0.43,0.66,1.05,1.04,0.14,0.65,0.15,16307,2.927980899810791
0.69,0.85,0.42,0.66,1.05,1.04,0.14,0.64,0.15,15766,2.927980899810791
0.69,0.85,0.42,0.66,1.05,1.03,0.13,0.64,0.15,15879,2.931525230407715
0.7,0.84,0.42,0.66,1.05,1.04,0.13,0.64,0.15,16122,2.9368882179260254
0.69,0.84,0.42,0.66,1.05,1.04,0.13,0.64,0.14,16231,2.939885139465332
0.69,0.84,0.42,0.66,1.05,1.04,0.14,0.64,0.15,16122,2.939885139465332
0.69,0.84,0.42,0.66,1.05,1.04,0.13,0.64,0.15,16307,2.944436550140381
0.69,0.84,0.42,0.66,1.05,1.04,0.14,0.65,0.15,16258,2.9484364986419678
0.7,0.84,0.42,0.66,1.04,1.04,0.14,0.64,0.15,16215,2.9524872303009033
0.69,0.84,0.42,0.66,1.05,1.04,0.14,0.64,0.15,16604,2.953415632247925
0.69,0.84,0.42,0.66,1.05,1.04,0.13,0.64,0.14,16445,2.9566991329193115
0.7,0.84,0.42,0.66,1.05,1.04,0.13,0.64,0.15,15962,2.960606575012207
0.69,0.84,0.42,0.66,1.05,1.04,0.13,0.64,0.14,16119,2.965336561203003
0.69,0.84,0.42,0.66,1.04,1.03,0.14,0.64,0.15,15992,2.965336561203003
0.68,0.84,0.42,0.66,1.05,1.03,0.14,0.64,0.15,15981,2.969419479370117
0.69,0.84,0.42,0.66,1.04,1.04,0.14,0.64,0.15,16074,2.973952054977417
0.69,0.84,0.42,0.66,1.04,1.04,0.13,0.64,0.14,16231,2.977543830871582
0.69,0.84,0.42,0.66,1.04,1.04,0.13,0.64,0.14,16196,2.980973243713379
0.69,0.84,0.42,0.67,1.04,1.04,0.13,0.64,0.15,15861,2.9817757606506348
0.69,0.84,0.42,0.66,1.05,1.04,0.14,0.64,0.15,15704,2.985774040222168
0.69,0.84,0.42,0.66,1.05,1.04,0.13,0.64,0.15,16281,2.9897756576538086
0.69,0.84,0.42,0.66,1.04,1.04,0.13,0.64,0.15,16264,2.9930403232574463
0.69,0.84,0.42,0.66,1.04,1.04,0.14,0.64,0.15,15883,2.9937753677368164
0.7,0.84,0.42,0.66,1.05,1.04,0.13,0.64,0.15,15728,2.9984445571899414
0.69,0.84,0.42,0.66,1.05,1.04,0.12,0.64,0.15,16129,3.002357006072998
0.69,0.84,0.42,0.66,1.04,1.04,0.13,0.64,0.15,16314,3.005622386932373
0.69,0.84,0.42,0.66,1.05,1.04,0.14,0.65,0.15,16259,3.0066781044006348
0.69,0.84,0.42,0.66,1.05,1.04,0.14,0.64,0.15,16450,3.0106756687164307
0.7,0.84,0.42,0.66,1.05,1.04,0.14,0.64,0.15,16617,3.0146753787994385
0.7,0.84,0.42,0.66,1.05,1.04,0.14,0.64,0.15,16236,3.0179283618927
0.69,0.84,0.42,0.66,1.05,1.03,0.13,0.64,0.14,15985,3.0186760425567627
0.7,0.84,0.42,0.66,1.05,1.03,0.14,0.64,0.15,16022,3.021907091140747
0.69,0.84,0.42,0.66,1.04,1.04,0.14,0.64,0.15,16231,3.027235984802246
0.7,0.84,0.42,0.66,1.04,1.04,0.14,0.64,0.15,16750,3.0303471088409424
0.68,0.85,0.42,0.66,1.04,1.04,0.13,0.64,0.16,16759,3.0313656330108643
0.69,0.84,0.42,0.66,1.05,1.04,0.13,0.64,0.14,16294,3.0344579219818115
0.7,0.84,0.42,0.65,1.05,1.04,0.13,0.64,0.15,16461,3.0387749671936035
0.7,0.84,0.42,0.66,1.04,1.04,0.14,0.65,0.15,16584,3.0425209999084473
0.69,0.84,0.42,0.66,1.05,1.04,0.14,0.65,0.15,16123,3.0435760021209717
0.69,0.84,0.42,0.67,1.05,1.04,0.13,0.64,0.14,16132,3.0465712547302246
0.69,0.84,0.42,0.66,1.04,1.04,0.13,0.64,0.14,16371,3.051006317138672
0.69,0.84,0.42,0.66,1.04,1.04,0.13,0.64,0.14,16696,3.055318593978882
0.69,0.84,0.42,0.66,1.04,1.04,0.13,0.64,0.15,17051,3.0586187839508057
0.69,0.84,0.42,0.66,1.04,1.04,0.13,0.64,0.14,16426,3.059319496154785
0.7,0.84,0.42,0.66,1.04,1.04,0.13,0.64,0.14,16309,3.062932252883911
0.7,0.84,0.42,0.66,1.04,1.04,0.14,0.65,0.15,16506,3.067659854888916
0.7,0.84,0.42,0.66,1.04,1.04,0.13,0.64,0.15,16689,3.070894956588745
0.7,0.85,0.42,0.66,1.04,1.04,0.13,0.64,0.14,16698,3.0714335441589355
0.7,0.84,0.42,0.66,1.05,1.04,0.13,0.64,0.14,16527,3.074836254119873
0.7,0.85,0.42,0.66,1.04,1.04,0.14,0.65,0.15,16526,3.079118251800537
0.7,0.85,0.42,0.66,1.04,1.04,0.14,0.64,0.15,16371,3.083463668823242
0.7,0.85,0.42,0.66,1.04,1.04,0.13,0.64,0.15,16584,3.0844600200653076
0.7,0.84,0.42,0.66,1.04,1.04,0.13,0.64,0.15,16205,3.0874533653259277
0.69,0.84,0.42,0.66,1.04,1.04,0.14,0.64,0.15,16170,3.0914835929870605
0.7,0.85,0.42,0.66,1.05,1.04,0.14,0.64,0.15,16385,3.0954859256744385
0.7,0.84,0.42,0.66,1.04,1.04,0.13,0.64,0.15,16384,3.096482992172241
0.7,0.85,0.42,0.66,1.04,1.04,0.14,0.64,0.15,16393,3.100482702255249
0.7,0.85,0.42,0.66,1.05,1.04,0.14,0.64,0.15,16392,3.103605270385742
0.7,0.84,0.42,0.66,1.04,1.04,0.14,0.64,0.16,16467,3.107947587966919
0.69,0.84,0.43,0.66,1.04,1.04,0.13,0.64,0.14,16152,3.107947587966919
0.7,0.84,0.43,0.66,1.04,1.04,0.13,0.64,0.15,16281,3.111964702606201
0.7,0.85,0.42,0.66,1.05,1.03,0.14,0.64,0.15,15934,3.116091728210449
0.7,0.85,0.42,0.66,1.05,1.04,0.14,0.64,0.15,15659,3.1200785636901855
0.7,0.84,0.42,0.66,1.05,1.04,0.14,0.64,0.15,16092,3.123223304748535
0.7,0.84,0.42,0.66,1.05,1.04,0.14,0.64,0.15,16071,3.124227285385132
0.7,0.85,0.42,0.66,1.05,1.04,0.14,0.65,0.15,16208,3.1285557746887207
0.7,0.85,0.42,0.66,1.05,1.04,0.13,0.64,0.14,16505,3.1331164836883545
0.7,0.84,0.43,0.66,1.05,1.04,0.14,0.65,0.15,16798,3.1361632347106934
0.7,0.84,0.42,0.66,1.05,1.04,0.14,0.64,0.15,16547,3.1361632347106934
0.7,0.85,0.42,0.66,1.05,1.04,0.14,0.64,0.15,16616,3.1404435634613037
0.7,0.84,0.42,0.66,1.05,1.04,0.13,0.64,0.15,16613,3.1444926261901855
0.7,0.84,0.42,0.66,1.05,1.04,0.13,0.64,0.14,16164,3.148592472076416
0.7,0.84,0.43,0.66,1.05,1.04,0.13,0.64,0.15,15887,3.149653673171997
0.7,0.84,0.42,0.65,1.05,1.04,0.14,0.64,0.15,16440,3.15264892578125
0.7,0.84,0.42,0.65,1.05,1.04,0.13,0.64,0.14,16821,3.1577582359313965
0.7,0.84,0.43,0.65,1.05,1.04,0.14,0.64,0.14,16648,3.1608452796936035
0.7,0.84,0.42,0.64,1.05,1.04,0.14,0.64,0.15,16527,3.1617581844329834
0.7,0.84,0.43,0.64,1.05,1.04,0.12,0.64,0.14,16586,3.165240526199341
0.71,0.84,0.42,0.65,1.04,1.04,0.13,0.64,0.14,16585,3.169816017150879
0.71,0.85,0.43,0.65,1.05,1.04,0.14,0.65,0.15,16258,3.1731040477752686
0.71,0.85,0.43,0.65,1.05,1.04,0.14,0.64,0.15,16243,3.173825740814209
0.7,0.85,0.42,0.64,1.05,1.04,0.14,0.64,0.15,16510,3.1778252124786377
0.7,0.85,0.42,0.65,1.05,1.04,0.13,0.63,0.14,16643,3.1818761825561523
0.7,0.85,0.42,0.65,1.05,1.04,0.14,0.64,0.15,17080,3.1863322257995605
0.7,0.85,0.42,0.65,1.05,1.04,0.14,0.64,0.15,16851,3.1863322257995605
0.7,0.84,0.42,0.65,1.04,1.04,0.14,0.65,0.15,16226,3.190587282180786
0.7,0.84,0.42,0.65,1.05,1.04,0.13,0.64,0.14,15803,3.195103645324707
0.7,0.84,0.42,0.65,1.05,1.04,0.13,0.64,0.14,15958,3.197932243347168
0.7,0.84,0.42,0.65,1.05,1.04,0.13,0.64,0.15,16055,3.198978900909424
0.7,0.85,0.42,0.66,1.05,1.04,0.14,0.64,0.15,16556,3.2029693126678467
0.7,0.85,0.42,0.65,1.05,1.04,0.13,0.65,0.15,16427,3.206998348236084
0.7,0.84,0.42,0.65,1.05,1.04,0.13,0.64,0.15,16474,3.210998296737671
0.7,0.84,0.42,0.66,1.05,1.04,0.13,0.64,0.15,16553,3.214495897293091
0.7,0.85,0.42,0.66,1.05,1.04,0.13,0.64,0.15,16358,3.215522050857544
0.7,0.84,0.42,0.65,1.05,1.04,0.14,0.65,0.15,16457,3.219313144683838
0.7,0.84,0.42,0.65,1.05,1.04,0.13,0.64,0.15,16626,3.222647190093994
0.7,0.85,0.42,0.65,1.05,1.04,0.13,0.64,0.15,16597,3.2267990112304688
0.7,0.85,0.42,0.65,1.05,1.04,0.13,0.65,0.15,16182,3.2278637886047363
0.7,0.84,0.42,0.65,1.05,1.04,0.13,0.65,0.15,16689,3.230534553527832
0.7,0.84,0.42,0.65,1.05,1.04,0.12,0.64,0.15,16788,3.235605239868164
0.7,0.84,0.42,0.65,1.05,1.04,0.13,0.65,0.15,16559,3.238877773284912
0.7,0.85,0.42,0.65,1.05,1.04,0.13,0.64,0.15,16068,3.239598274230957
0.69,0.85,0.42,0.66,1.05,1.04,0.14,0.65,0.15,16491,3.243582248687744
0.69,0.84,0.42,0.65,1.05,1.04,0.13,0.65,0.15,16880,3.2471301555633545
0.7,0.85,0.42,0.66,1.05,1.04,0.13,0.64,0.15,16327,3.252180576324463
0.7,0.85,0.42,0.65,1.05,1.04,0.13,0.64,0.15,15970,3.252439022064209
0.7,0.84,0.42,0.65,1.05,1.03,0.14,0.64,0.15,15887,3.2554898262023926
0.7,0.84,0.42,0.65,1.04,1.04,0.13,0.65,0.15,15910,3.2605321407318115
0.7,0.84,0.42,0.65,1.05,1.04,0.13,0.65,0.15,16323,3.2636759281158447
0.69,0.84,0.42,0.64,1.04,1.04,0.13,0.65,0.15,16592,3.264716625213623
0.7,0.84,0.42,0.65,1.05,1.04,0.13,0.65,0.15,16917,3.268441677093506
0.69,0.84,0.42,0.65,1.05,1.04,0.13,0.65,0.15,16858,3.2718498706817627
0.69,0.84,0.42,0.65,1.05,1.04,0.12,0.65,0.15,16033,3.276425361633301
0.69,0.84,0.42,0.65,1.05,1.04,0.14,0.65,0.15,15730,3.276425361633301
0.69,0.85,0.42,0.65,1.05,1.04,0.13,0.65,0.15,16089,3.2804813385009766
0.69,0.84,0.42,0.65,1.05,1.04,0.13,0.64,0.15,16214,3.2845547199249268
0.69,0.84,0.42,0.65,1.05,1.04,0.14,0.65,0.15,16179,3.2885513305664062
0.69,0.84,0.42,0.65,1.05,1.04,0.12,0.65,0.15,16124,3.2885513305664062
0.69,0.84,0.42,0.65,1.05,1.04,0.14,0.64,0.15,16581,3.2930588722229004
0.69,0.84,0.42,0.65,1.05,1.04,0.14,0.65,0.15,16286,3.2970590591430664
0.69,0.84,0.42,0.65,1.05,1.04,0.14,0.64,0.15,16967,3.301349639892578
0.69,0.84,0.42,0.65,1.05,1.04,0.14,0.64,0.15,17192,3.3043479919433594
0.69,0.84,0.42,0.65,1.05,1.04,0.14,0.65,0.15,16825,3.3054039478302
0.69,0.84,0.42,0.65,1.05,1.04,0.13,0.64,0.15,16352,3.3093957901000977
0.69,0.84,0.42,0.65,1.05,1.04,0.13,0.64,0.15,16473,3.3128535747528076
0.7,0.84,0.42,0.65,1.05,1.04,0.13,0.65,0.15,17038,3.3172850608825684
0.69,0.84,0.42,0.66,1.06,1.04,0.13,0.64,0.15,16719,3.3172850608825684
0.7,0.84,0.42,0.66,1.05,1.04,0.13,0.65,0.15,16416,3.3212528228759766
0.69,0.84,0.42,0.65,1.05,1.04,0.14,0.64,0.15,16205,3.325713872909546
0.7,0.84,0.42,0.66,1.05,1.04,0.13,0.64,0.15,16644,3.3289883136749268
0.69,0.84,0.42,0.65,1.05,1.04,0.14,0.65,0.15,16607,3.3299877643585205
0.7,0.84,0.42,0.66,1.05,1.04,0.13,0.65,0.15,15932,3.333193778991699
0.69,0.84,0.42,0.65,1.05,1.04,0.14,0.65,0.15,15741,3.337263584136963
0.69,0.85,0.42,0.65,1.05,1.04,0.13,0.64,0.15,16380,3.3414814472198486
0.69,0.84,0.42,0.65,1.05,1.04,0.13,0.64,0.15,16781,3.3425474166870117
0.7,0.85,0.42,0.65,1.05,1.04,0.13,0.64,0.15,16262,3.345937967300415
0.69,0.84,0.42,0.65,1.05,1.04,0.13,0.64,0.15,16061,3.3503594398498535
0.7,0.84,0.42,0.65,1.05,1.04,0.13,0.64,0.14,16612,3.354548215866089
0.7,0.84,0.42,0.65,1.05,1.04,0.13,0.64,0.15,16525,3.354548215866089
0.7,0.84,0.42,0.66,1.05,1.04,0.13,0.64,0.15,16568,3.358602523803711
0.69,0.84,0.42,0.65,1.05,1.04,0.13,0.64,0.15,16935,3.3625855445861816
0.69,0.84,0.42,0.66,1.05,1.04,0.13,0.65,0.15,16808,3.3665854930877686
0.69,0.84,0.42,0.66,1.05,1.04,0.13,0.64,0.15,16317,3.3676016330718994
0.69,0.84,0.42,0.65,1.05,1.04,0.13,0.64,0.15,16274,3.3704745769500732
0.7,0.84,0.42,0.65,1.05,1.04,0.14,0.64,0.15,16657,3.375296115875244
0.69,0.84,0.42,0.65,1.05,1.04,0.13,0.64,0.15,16744,3.3795711994171143
0.7,0.84,0.42,0.66,1.05,1.04,0.13,0.64,0.15,16539,3.3818678855895996
0.7,0.84,0.42,0.66,1.05,1.04,0.13,0.64,0.15,16530,3.382999897003174
0.7,0.84,0.42,0.65,1.05,1.04,0.13,0.64,0.15,16537,3.387535810470581
0.7,0.84,0.42,0.65,1.05,1.04,0.12,0.64,0.15,16622,3.3909454345703125
0.7,0.84,0.42,0.65,1.05,1.04,0.14,0.64,0.15,16521,3.3949410915374756
0.69,0.84,0.42,0.66,1.05,1.04,0.13,0.64,0.15,16400,3.3959250450134277
0.7,0.84,0.42,0.66,1.05,1.04,0.13,0.64,0.15,16453,3.3989410400390625
0.7,0.84,0.42,0.66,1.05,1.04,0.14,0.64,0.15,16766,3.402927875518799
0.7,0.84,0.42,0.65,1.05,1.04,0.13,0.64,0.15,16509,3.4079785346984863
0.7,0.84,0.42,0.65,1.05,1.04,0.13,0.64,0.15,16420,3.4079785346984863
0.7,0.84,0.42,0.65,1.05,1.04,0.13,0.64,0.15,16257,3.410841703414917
0.7,0.84,0.42,0.65,1.05,1.04,0.14,0.64,0.15,16212,3.415968656539917
0.7,0.84,0.42,0.65,1.05,1.04,0.14,0.64,0.15,16183,3.4200692176818848
0.7,0.84,0.42,0.65,1.05,1.04,0.13,0.64,0.15,16348,3.4200692176818848
0.7,0.84,0.42,0.65,1.05,1.04,0.13,0.64,0.15,16679,3.424069404602051
0.7,0.84,0.42,0.65,1.05,1.04,0.14,0.64,0.15,17044,3.427591323852539
0.7,0.84,0.42,0.65,1.05,1.04,0.14,0.64,0.15,16623,3.4326086044311523
0.7,0.84,0.42,0.65,1.05,1.04,0.14,0.64,0.15,15836,3.4326086044311523
0.7,0.84,0.42,0.65,1.05,1.04,0.14,0.65,0.15,16183,3.436591386795044
0.7,0.84,0.42,0.65,1.05,1.04,0.14,0.64,0.15,16716,3.439924478530884
0.7,0.84,0.42,0.65,1.05,1.04,0.13,0.64,0.15,16693,3.443952798843384
0.7,0.84,0.42,0.65,1.05,1.04,0.12,0.64,0.15,16426,3.443952798843384
0.7,0.84,0.42,0.65,1.05,1.04,0.13,0.64,0.15,16237,3.448688507080078
0.7,0.84,0.42,0.65,1.05,1.04,0.13,0.64,0.15,16144,3.453061819076538
0.7,0.84,0.42,0.65,1.05,1.04,0.13,0.64,0.15,16351,3.456569194793701
0.7,0.84,0.42,0.65,1.05,1.04,0.13,0.64,0.15,16192,3.4598581790924072
0.7,0.84,0.42,0.65,1.05,1.04,0.13,0.64,0.15,16223,3.4605553150177
0.7,0.84,0.42,0.65,1.05,1.04,0.13,0.65,0.15,16414,3.4645609855651855
0.7,0.84,0.42,0.65,1.05,1.04,0.14,0.64,0.16,15893,3.469557523727417
0.7,0.84,0.42,0.65,1.05,1.04,0.13,0.64,0.15,15982,3.4722790718078613
0.7,0.84,0.42,0.65,1.05,1.04,0.14,0.64,0.15,16213,3.473341226577759
0.7,0.84,0.42,0.65,1.05,1.04,0.13,0.64,0.15,16344,3.476865291595459
0.7,0.84,0.42,0.65,1.05,1.04,0.13,0.64,0.15,16171,3.4808309078216553
0.7,0.84,0.42,0.65,1.05,1.04,0.13,0.64,0.15,15994,3.4847757816314697
0.7,0.84,0.42,0.65,1.05,1.04,0.13,0.65,0.15,16007,3.485494375228882
0.7,0.84,0.42,0.66,1.05,1.04,0.13,0.64,0.15,16322,3.4884767532348633
0.7,0.84,0.42,0.65,1.04,1.04,0.13,0.64,0.15,16663,3.493626117706299
0.7,0.84,0.42,0.66,1.05,1.04,0.13,0.64,0.15,16642,3.4976260662078857
0.7,0.84,0.42,0.66,1.05,1.04,0.14,0.64,0.15,16349,3.4976260662078857
0.7,0.84,0.42,0.66,1.05,1.04,0.14,0.64,0.15,16238,3.5016565322875977
0.71,0.84,0.42,0.65,1.05,1.04,0.13,0.64,0.15,15863,3.505803346633911
0.7,0.84,0.42,0.65,1.05,1.04,0.13,0.64,0.15,16264,3.510082244873047
0.7,0.84,0.42,0.65,1.05,1.04,0.14,0.64,0.15,16137,3.510082244873047
0.7,0.84,0.42,0.65,1.05,1.04,0.14,0.64,0.15,15458,3.51430082321167
0.7,0.83,0.42,0.66,1.04,1.04,0.14,0.64,0.15,16079,3.5185787677764893
0.7,0.84,0.42,0.66,1.05,1.04,0.14,0.64,0.15,16558,3.5220062732696533
0.7,0.83,0.42,0.65,1.05,1.04,0.13,0.64,0.15,16043,3.525275468826294
0.7,0.84,0.42,0.65,1.05,1.04,0.14,0.64,0.15,16032,3.5259954929351807
0.7,0.84,0.42,0.65,1.05,1.04,0.14,0.64,0.15,16157,3.5299909114837646
0.71,0.84,0.42,0.66,1.05,1.04,0.14,0.64,0.15,16480,3.534996271133423
0.7,0.84,0.42,0.65,1.05,1.04,0.14,0.64,0.15,16691,3.537698984146118
0.7,0.84,0.42,0.65,1.05,1.04,0.14,0.64,0.15,16300,3.5387086868286133
0.7,0.84,0.42,0.65,1.05,1.04,0.14,0.64,0.15,16215,3.5414390563964844
0.7,0.84,0.42,0.65,1.05,1.04,0.13,0.64,0.15,16404,3.54744029045105
0.7,0.84,0.42,0.65,1.05,1.04,0.14,0.65,0.15,16015,3.550468921661377
0.7,0.84,0.42,0.66,1.05,1.04,0.14,0.64,0.15,16432,3.551438570022583
0.7,0.84,0.42,0.65,1.05,1.04,0.13,0.64,0.15,16627,3.554412841796875
0.7,0.84,0.42,0.65,1.05,1.04,0.14,0.64,0.15,16190,3.559457302093506
0.7,0.84,0.42,0.66,1.05,1.04,0.14,0.64,0.15,15951,3.5626895427703857
0.7,0.84,0.42,0.65,1.04,1.04,0.13,0.64,0.15,16050,3.563457489013672
0.7,0.84,0.42,0.65,1.04,1.04,0.14,0.64,0.15,16249,3.5670206546783447
0.7,0.84,0.42,0.65,1.05,1.04,0.13,0.64,0.15,16420,3.570502996444702
0.7,0.84,0.42,0.65,1.04,1.04,0.14,0.64,0.15,16369,3.5747315883636475
0.7,0.84,0.42,0.65,1.05,1.04,0.14,0.64,0.15,16508,3.5757761001586914
0.7,0.84,0.42,0.65,1.04,1.04,0.14,0.64,0.15,16329,3.578766345977783
0.7,0.83,0.42,0.64,1.05,1.04,0.14,0.64,0.15,16074,3.5827646255493164
0.7,0.84,0.42,0.65,1.05,1.04,0.14,0.65,0.15,16113,3.5877609252929688
0.7,0.84,0.42,0.65,1.05,1.04,0.14,0.64,0.15,16362,3.5877609252929688
0.7,0.84,0.42,0.65,1.04,1.04,0.14,0.64,0.15,16033,3.5912210941314697
0.7,0.84,0.42,0.64,1.05,1.04,0.14,0.64,0.15,16254,3.5950589179992676
0.7,0.84,0.42,0.65,1.05,1.04,0.14,0.64,0.15,16287,3.600224018096924
0.7,0.84,0.42,0.64,1.05,1.04,0.13,0.64,0.15,16072,3.6032238006591797
0.7,0.84,0.42,0.65,1.05,1.04,0.14,0.64,0.15,16407,3.6042239665985107
0.7,0.84,0.42,0.65,1.05,1.04,0.14,0.65,0.15,16350,3.608224630355835
0.7,0.84,0.42,0.65,1.04,1.04,0.13,0.64,0.15,16033,3.611934185028076
0.7,0.84,0.42,0.65,1.05,1.04,0.13,0.64,0.15,16106,3.6158900260925293
0.7,0.84,0.42,0.65,1.04,1.04,0.13,0.65,0.15,16607,3.6158900260925293
0.7,0.84,0.42,0.65,1.04,1.04,0.14,0.65,0.15,16144,3.620215654373169
0.7,0.84,0.42,0.65,1.04,1.04,0.14,0.65,0.15,16675,3.624222755432129
0.7,0.84,0.42,0.65,1.04,1.04,0.14,0.64,0.15,16756,3.6282248497009277
0.7,0.84,0.42,0.65,1.04,1.04,0.14,0.65,0.15,16949,3.6292061805725098
0.7,0.84,0.42,0.65,1.04,1.04,0.14,0.64,0.15,16520,3.632201671600342
0.7,0.84,0.42,0.65,1.04,1.04,0.14,0.65,0.15,16121,3.636183738708496
0.7,0.84,0.42,0.65,1.04,1.04,0.13,0.64,0.15,16416,3.6404922008514404
0.7,0.84,0.42,0.65,1.04,1.04,0.14,0.64,0.15,16487,3.64154052734375
0.7,0.84,0.42,0.65,1.04,1.04,0.14,0.64,0.15,16368,3.645296812057495
0.7,0.84,0.42,0.65,1.05,1.04,0.14,0.64,0.15,16315,3.6493711471557617
0.7,0.84,0.42,0.65,1.04,1.04,0.14,0.64,0.15,16186,3.652369260787964
0.7,0.84,0.42,0.65,1.04,1.04,0.14,0.64,0.15,16335,3.65347957611084
0.7,0.84,0.42,0.65,1.05,1.04,0.13,0.64,0.15,16554,3.6574931144714355
0.7,0.84,0.42,0.65,1.04,1.04,0.14,0.64,0.15,16297,3.661489248275757
0.7,0.84,0.42,0.65,1.04,1.04,0.14,0.64,0.15,16964,3.66493821144104
0.7,0.84,0.42,0.65,1.04,1.04,0.14,0.64,0.15,16811,3.668957471847534
0.7,0.84,0.42,0.65,1.04,1.04,0.14,0.64,0.15,16574,3.668957471847534
0.71,0.85,0.42,0.65,1.04,1.04,0.14,0.64,0.15,16413,3.6739845275878906
0.7,0.84,0.42,0.65,1.04,1.04,0.14,0.64,0.15,16722,3.677776575088501
0.7,0.84,0.42,0.64,1.04,1.04,0.14,0.64,0.15,16663,3.6813902854919434
0.7,0.84,0.42,0.65,1.05,1.04,0.14,0.64,0.15,16388,3.682164430618286
0.7,0.84,0.42,0.65,1.04,1.04,0.14,0.64,0.15,16051,3.6861624717712402
0.71,0.84,0.42,0.65,1.04,1.04,0.14,0.64,0.15,16178,3.6891322135925293
0.7,0.84,0.42,0.65,1.04,1.04,0.14,0.64,0.15,16397,3.6931328773498535
0.7,0.84,0.42,0.65,1.04,1.04,0.14,0.64,0.15,16154,3.6941301822662354
0.7,0.84,0.42,0.65,1.04,1.04,0.13,0.64,0.15,16121,3.698129415512085
0.7,0.84,0.42,0.65,1.05,1.04,0.14,0.64,0.15,16014,3.7027792930603027
0.7,0.84,0.42,0.65,1.04,1.04,0.14,0.64,0.15,16069,3.705749034881592
0.7,0.84,0.42,0.64,1.05,1.04,0.14,0.64,0.15,16258,3.7067465782165527
0.7,0.84,0.42,0.65,1.05,1.04,0.14,0.64,0.15,16125,3.7097485065460205
0.7,0.84,0.42,0.64,1.05,1.04,0.14,0.64,0.15,15780,3.7137794494628906
0.7,0.84,0.42,0.65,1.04,1.04,0.13,0.64,0.15,15733,3.7177793979644775
0.7,0.84,0.42,0.65,1.05,1.04,0.13,0.64,0.15,16170,3.7187814712524414
0.7,0.84,0.42,0.65,1.05,1.04,0.14,0.64,0.15,16281,3.7221078872680664
0.7,0.84,0.42,0.64,1.05,1.04,0.13,0.64,0.15,16310,3.727109432220459
0.7,0.84,0.41,0.65,1.05,1.04,0.14,0.64,0.15,16415,3.7301149368286133
0.7,0.84,0.42,0.65,1.05,1.04,0.14,0.64,0.15,16508,3.7344095706939697
0.7,0.84,0.42,0.65,1.04,1.04,0.14,0.64,0.15,16343,3.7344095706939697
0.7,0.84,0.42,0.65,1.05,1.04,0.13,0.65,0.15,16124,3.738360643386841
0.7,0.84,0.42,0.66,1.05,1.04,0.14,0.65,0.15,16439,3.7424252033233643
0.7,0.84,0.42,0.65,1.05,1.04,0.14,0.65,0.15,16684,3.746412754058838
0.7,0.84,0.42,0.65,1.04,1.04,0.14,0.65,0.15,16549,3.746412754058838
0.7,0.84,0.42,0.65,1.05,1.04,0.14,0.65,0.15,15878,3.751309871673584
0.7,0.84,0.42,0.65,1.05,1.04,0.14,0.64,0.15,16215,3.755924701690674
0.7,0.84,0.42,0.65,1.05,1.04,0.14,0.64,0.15,16888,3.7592220306396484
0.7,0.84,0.42,0.65,1.05,1.04,0.14,0.64,0.15,16637,3.7599453926086426
0.7,0.85,0.42,0.65,1.05,1.04,0.14,0.64,0.15,16262,3.7639458179473877
0.7,0.84,0.42,0.65,1.05,1.04,0.14,0.64,0.15,15879,3.7679455280303955
0.7,0.84,0.42,0.65,1.05,1.04,0.14,0.64,0.15,16086,3.7717182636260986
0.7,0.84,0.42,0.65,1.05,1.04,0.14,0.65,0.15,15965,3.7727739810943604
0.7,0.85,0.42,0.65,1.05,1.04,0.14,0.65,0.15,15996,3.776261806488037
0.7,0.85,0.42,0.65,1.05,1.04,0.14,0.65,0.15,15757,3.779848098754883
0.7,0.84,0.42,0.65,1.05,1.04,0.14,0.65,0.15,16050,3.783572196960449
0.7,0.84,0.42,0.66,1.05,1.04,0.14,0.65,0.15,16499,3.784348964691162
0.7,0.84,0.42,0.65,1.04,1.04,0.14,0.64,0.15,16534,3.7879316806793213
0.7,0.84,0.42,0.65,1.05,1.04,0.14,0.64,0.15,16451,3.792909860610962
0.71,0.84,0.41,0.65,1.05,1.04,0.14,0.65,0.15,16432,3.7969307899475098
0.7,0.84,0.41,0.65,1.05,1.04,0.13,0.64,0.15,16539,3.7969307899475098
0.7,0.84,0.42,0.65,1.05,1.04,0.14,0.64,0.15,16698,3.8009135723114014
0.7,0.84,0.42,0.65,1.05,1.04,0.14,0.64,0.15,16473,3.804910659790039
0.7,0.84,0.42,0.65,1.05,1.04,0.14,0.64,0.15,16512,3.8088698387145996
0.7,0.84,0.42,0.65,1.05,1.04,0.13,0.65,0.15,16571,3.812471866607666
0.7,0.84,0.42,0.65,1.05,1.04,0.13,0.65,0.15,16694,3.812471866607666
0.7,0.84,0.42,0.66,1.05,1.04,0.14,0.65,0.15,16303,3.8175811767578125
0.7,0.84,0.42,0.65,1.05,1.04,0.13,0.64,0.15,16454,3.820939302444458
0.7,0.84,0.42,0.65,1.05,1.04,0.14,0.65,0.15,16731,3.8249449729919434
0.7,0.84,0.41,0.66,1.05,1.04,0.14,0.64,0.15,16770,3.8249449729919434
0.7,0.84,0.41,0.65,1.05,1.04,0.13,0.65,0.15,16529,3.8289449214935303
0.69,0.84,0.42,0.65,1.05,1.04,0.13,0.64,0.15,16630,3.834179162979126
0.7,0.84,0.41,0.65,1.05,1.04,0.13,0.64,0.15,16585,3.83672833442688
0.7,0.84,0.41,0.66,1.05,1.04,0.13,0.65,0.15,16532,3.8377954959869385
0.7,0.84,0.41,0.65,1.05,1.04,0.13,0.65,0.15,16191,3.8415005207061768
0.7,0.84,0.41,0.66,1.05,1.04,0.14,0.64,0.15,16160,3.8458445072174072
0.69,0.84,0.41,0.65,1.05,1.04,0.13,0.64,0.15,16343,3.8493802547454834
0.7,0.84,0.41,0.65,1.05,1.04,0.14,0.65,0.15,15986,3.850274085998535
0.7,0.84,0.41,0.65,1.05,1.04,0.14,0.65,0.15,16083,3.854274034500122
0.7,0.84,0.41,0.65,1.05,1.04,0.14,0.64,0.15,16664,3.8577868938446045
0.7,0.84,0.42,0.65,1.05,1.04,0.14,0.64,0.15,16883,3.8619728088378906
0.7,0.84,0.41,0.65,1.05,1.04,0.14,0.64,0.15,16318,3.8619728088378906
0.7,0.84,0.41,0.65,1.05,1.04,0.14,0.65,0.15,16355,3.865999221801758
0.7,0.84,0.41,0.65,1.05,1.04,0.13,0.64,0.15,16656,3.8693857192993164
0.69,0.84,0.42,0.66,1.05,1.04,0.13,0.65,0.15,16663,3.8739187717437744
0.7,0.84,0.42,0.66,1.05,1.04,0.13,0.65,0.15,16216,3.874917984008789
0.7,0.84,0.41,0.65,1.05,1.04,0.13,0.65,0.15,16249,3.877918243408203
0.7,0.84,0.42,0.65,1.05,1.04,0.14,0.65,0.15,16672,3.8819174766540527
0.7,0.84,0.41,0.65,1.05,1.04,0.13,0.64,0.15,16555,3.886063575744629
0.7,0.84,0.42,0.66,1.05,1.04,0.14,0.65,0.15,16454,3.8869378566741943
0.7,0.84,0.42,0.66,1.04,1.04,0.14,0.65,0.15,16169,3.8901913166046143
0.7,0.84,0.41,0.65,1.05,1.04,0.14,0.65,0.15,16010,3.8940536975860596
0.7,0.84,0.42,0.65,1.05,1.04,0.14,0.65,0.15,16509,3.8992223739624023
0.7,0.84,0.41,0.65,1.05,1.04,0.14,0.64,0.15,16722,3.902211904525757
0.69,0.84,0.42,0.65,1.05,1.04,0.14,0.65,0.15,16605,3.902211904525757
0.7,0.84,0.42,0.65,1.05,1.04,0.14,0.64,0.15,16636,3.9072206020355225
0.7,0.84,0.42,0.65,1.05,1.04,0.14,0.65,0.15,16377,3.911224126815796
0.7,0.84,0.41,0.65,1.05,1.04,0.14,0.65,0.15,16418,3.914660930633545
0.7,0.84,0.42,0.65,1.05,1.04,0.14,0.65,0.15,16449,3.915705442428589
0.7,0.84,0.42,0.65,1.05,1.04,0.14,0.65,0.15,16486,3.91929030418396
0.7,0.84,0.41,0.65,1.05,1.04,0.14,0.65,0.15,16381,3.9228498935699463
0.7,0.83,0.42,0.65,1.05,1.04,0.14,0.64,0.15,16264,3.92690110206604
0.7,0.84,0.42,0.65,1.05,1.04,0.14,0.65,0.15,16077,3.9278812408447266
0.7,0.84,0.42,0.65,1.05,1.04,0.14,0.65,0.15,16240,3.9311652183532715
0.7,0.84,0.41,0.65,1.05,1.04,0.14,0.65,0.15,16341,3.9351682662963867
0.69,0.84,0.42,0.65,1.05,1.04,0.14,0.65,0.15,16082,3.9394500255584717
0.7,0.84,0.42,0.65,1.05,1.04,0.14,0.65,0.15,16255,3.9404475688934326
0.69,0.84,0.42,0.64,1.05,1.04,0.14,0.65,0.15,16174,3.9436376094818115
0.69,0.84,0.42,0.65,1.05,1.04,0.14,0.65,0.15,16077,3.9473729133605957
0.69,0.84,0.41,0.65,1.05,1.04,0.14,0.65,0.15,16044,3.951900005340576
0.69,0.84,0.42,0.65,1.05,1.04,0.14,0.65,0.15,16247,3.951900005340576
0.7,0.84,0.41,0.65,1.05,1.04,0.14,0.64,0.15,16498,3.9559028148651123
0.69,0.84,0.41,0.65,1.05,1.04,0.14,0.64,0.15,16125,3.9599294662475586
0.7,0.85,0.41,0.65,1.05,1.04,0.14,0.64,0.15,16110,3.9649271965026855
0.7,0.85,0.41,0.65,1.05,1.04,0.14,0.64,0.15,16355,3.9649271965026855
0.69,0.84,0.42,0.65,1.04,1.04,0.14,0.65,0.15,15984,3.9692723751068115
0.69,0.84,0.41,0.65,1.05,1.04,0.14,0.64,0.15,15951,3.9721899032592773
0.7,0.84,0.42,0.65,1.05,1.04,0.14,0.65,0.15,16330,3.9773058891296387
0.69,0.84,0.41,0.65,1.05,1.04,0.14,0.64,0.15,16705,3.9773058891296387
0.69,0.84,0.42,0.65,1.05,1.04,0.14,0.64,0.15,16694,3.9813060760498047
0.69,0.84,0.41,0.65,1.05,1.04,0.14,0.65,0.15,16287,3.98551869392395
0.69,0.83,0.42,0.65,1.05,1.04,0.14,0.65,0.15,16420,3.9895191192626953
0.69,0.84,0.42,0.65,1.05,1.04,0.14,0.65,0.15,16931,3.992845058441162
0.69,0.84,0.41,0.65,1.05,1.04,0.14,0.65,0.15,16396,3.992845058441162
0.69,0.84,0.42,0.64,1.05,1.04,0.13,0.65,0.15,16379,3.9967610836029053
0.69,0.84,0.42,0.65,1.05,1.04,0.14,0.65,0.15,16796,4.00156569480896
0.7,0.84,0.42,0.65,1.05,1.04,0.14,0.65,0.15,16319,4.00557804107666
0.7,0.84,0.42,0.66,1.05,1.04,0.14,0.64,0.15,16318,4.00557804107666
0.7,0.84,0.42,0.65,1.05,1.04,0.14,0.65,0.15,16543,4.009362459182739
0.69,0.84,0.42,0.65,1.05,1.04,0.14,0.65,0.15,16880,4.014313459396362
0.69,0.84,0.42,0.65,1.05,1.04,0.14,0.65,0.15,16359,4.017434358596802
0.69,0.84,0.42,0.65,1.05,1.04,0.14,0.65,0.15,16446,4.018577337265015
0.7,0.84,0.42,0.65,1.05,1.04,0.14,0.64,0.15,16587,4.0219786167144775
0.69,0.84,0.42,0.65,1.05,1.04,0.14,0.64,0.15,16376,4.02622127532959
0.69,0.84,0.42,0.65,1.05,1.04,0.14,0.64,0.15,16739,4.030221223831177
0.69,0.84,0.42,0.65,1.05,1.04,0.14,0.65,0.15,16434,4.030221223831177
0.69,0.84,0.42,0.65,1.06,1.04,0.14,0.65,0.15,16097,4.0336830615997314
0.69,0.84,0.42,0.65,1.05,1.04,0.14,0.64,0.15,16218,4.038083553314209
0.7,0.84,0.42,0.66,1.05,1.04,0.14,0.64,0.15,16457,4.043066024780273
0.7,0.84,0.42,0.66,1.05,1.04,0.14,0.64,0.15,16264,4.043066024780273
0.7,0.84,0.42,0.66,1.05,1.04,0.14,0.64,0.15,16181,4.045695543289185
0.69,0.84,0.41,0.65,1.05,1.04,0.14,0.65,0.15,16234,4.050757169723511
0.7,0.84,0.42,0.65,1.05,1.04,0.14,0.64,0.15,16441,4.054410934448242
0.7,0.84,0.42,0.66,1.05,1.04,0.14,0.65,0.15,16498,4.05823278427124
0.7,0.84,0.42,0.65,1.05,1.04,0.14,0.64,0.16,16153,4.059427499771118
0.69,0.84,0.42,0.65,1.06,1.04,0.14,0.64,0.15,16196,4.063426733016968
0.67,0.84,0.42,0.65,1.05,1.04,0.14,0.64,0.15,16599,4.066040515899658
0.68,0.84,0.42,0.65,1.05,1.04,0.13,0.64,0.15,16236,4.070534944534302
0.69,0.84,0.41,0.65,1.05,1.04,0.14,0.64,0.15,15637,4.071009397506714
0.69,0.84,0.41,0.65,1.05,1.04,0.13,0.64,0.15,16038,4.074377775192261
0.69,0.84,0.41,0.65,1.06,1.04,0.13,0.64,0.14,16767,4.079141139984131
0.68,0.84,0.42,0.65,1.05,1.04,0.13,0.65,0.15,16658,4.08334493637085
0.69,0.84,0.42,0.65,1.05,1.04,0.13,0.64,0.14,16323,4.08334493637085
0.69,0.84,0.42,0.65,1.05,1.04,0.13,0.64,0.14,16170,4.087364435195923
0.69,0.83,0.42,0.65,1.06,1.04,0.13,0.64,0.14,16073,4.091363430023193
0.69,0.84,0.42,0.66,1.05,1.04,0.13,0.65,0.14,16020,4.095360517501831
0.69,0.84,0.42,0.66,1.05,1.04,0.13,0.64,0.14,16153,4.0963122844696045
0.69,0.84,0.42,0.66,1.05,1.04,0.13,0.64,0.15,15746,4.099309682846069
0.69,0.84,0.42,0.66,1.05,1.04,0.14,0.64,0.14,15791,4.103768825531006
0.69,0.84,0.42,0.66,1.05,1.04,0.15,0.65,0.15,16138,4.108327150344849
0.69,0.84,0.42,0.66,1.06,1.04,0.13,0.64,0.15,16279,4.108327150344849
0.69,0.84,0.42,0.66,1.06,1.04,0.13,0.64,0.14,16350,4.111785411834717
0.69,0.84,0.42,0.66,1.05,1.04,0.13,0.65,0.14,15761,4.11578369140625
0.69,0.84,0.42,0.66,1.05,1.04,0.13,0.64,0.14,15900,4.119988203048706
0.69,0.84,0.42,0.66,1.05,1.04,0.14,0.64,0.15,16527,4.121029615402222
0.69,0.84,0.42,0.66,1.06,1.04,0.13,0.64,0.14,16234,4.124110698699951
0.69,0.84,0.42,0.66,1.05,1.04,0.14,0.65,0.15,15665,4.128098964691162
0.69,0.84,0.42,0.66,1.06,1.04,0.13,0.65,0.16,16376,4.132113456726074
0.69,0.84,0.42,0.66,1.06,1.04,0.13,0.64,0.14,16593,4.135098457336426
0.7,0.84,0.42,0.66,1.05,1.04,0.13,0.65,0.14,16234,4.136098623275757
0.69,0.84,0.42,0.66,1.06,1.04,0.13,0.65,0.14,16169,4.140116453170776
0.69,0.84,0.42,0.65,1.05,1.04,0.14,0.65,0.15,16288,4.144441366195679
0.69,0.84,0.42,0.66,1.05,1.04,0.13,0.65,0.15,16117,4.147468566894531
0.7,0.84,0.42,0.66,1.05,1.04,0.14,0.65,0.15,16230,4.1484410762786865
0.69,0.84,0.42,0.66,1.05,1.04,0.14,0.65,0.15,16313,4.152440786361694
0.69,0.84,0.42,0.66,1.05,1.03,0.14,0.64,0.15,16496,4.156848192214966
0.69,0.84,0.42,0.66,1.05,1.04,0.14,0.65,0.15,16795,4.16037392616272
0.69,0.84,0.42,0.65,1.05,1.04,0.13,0.64,0.14,16710,4.1608617305755615
0.7,0.84,0.42,0.65,1.05,1.04,0.13,0.65,0.14,16545,4.164405345916748
0.69,0.84,0.42,0.65,1.05,1.04,0.14,0.65,0.15,16100,4.168915271759033
0.68,0.84,0.42,0.65,1.05,1.04,0.13,0.64,0.14,15915,4.172679901123047
0.69,0.84,0.42,0.65,1.05,1.04,0.13,0.64,0.14,16352,4.173707723617554
0.68,0.84,0.42,0.66,1.05,1.04,0.13,0.64,0.14,16793,4.176708698272705
0.69,0.84,0.42,0.66,1.05,1.03,0.13,0.65,0.14,16348,4.1807098388671875
0.69,0.84,0.42,0.66,1.05,1.04,0.13,0.65,0.15,16505,4.185706615447998
0.7,0.84,0.42,0.66,1.05,1.04,0.14,0.65,0.15,16258,4.185706615447998
0.69,0.84,0.42,0.65,1.05,1.03,0.14,0.65,0.15,16109,4.189046382904053
0.68,0.84,0.42,0.66,1.05,1.04,0.14,0.65,0.15,16196,4.19285774230957
0.69,0.84,0.42,0.65,1.05,1.04,0.13,0.64,0.14,16241,4.197794198989868
0.69,0.84,0.42,0.66,1.05,1.04,0.13,0.64,0.14,16464,4.20183253288269
0.7,0.84,0.42,0.65,1.05,1.04,0.13,0.64,0.14,16281,4.202784538269043
0.69,0.84,0.42,0.66,1.05,1.04,0.14,0.65,0.15,16450,4.206016540527344
0.69,0.84,0.42,0.65,1.05,1.03,0.15,0.65,0.15,16603,4.2099621295928955
0.7,0.84,0.42,0.65,1.05,1.03,0.13,0.64,0.14,16648,4.2138893604278564
0.7,0.84,0.42,0.66,1.04,1.04,0.14,0.65,0.15,16781,4.21460747718811
0.69,0.84,0.42,0.65,1.04,1.03,0.13,0.65,0.15,16834,4.217889308929443
0.7,0.84,0.42,0.65,1.04,1.04,0.13,0.65,0.14,16579,4.222795486450195
0.69,0.84,0.42,0.65,1.04,1.03,0.14,0.65,0.14,16734,4.225921869277954
0.69,0.84,0.42,0.66,1.05,1.04,0.14,0.65,0.15,16913,4.225921869277954
0.69,0.84,0.42,0.65,1.05,1.04,0.13,0.64,0.15,16274,4.2300145626068115
0.69,0.84,0.42,0.65,1.04,1.03,0.14,0.65,0.15,16259,4.234260559082031
0.7,0.84,0.42,0.64,1.05,1.04,0.1,0.64,0.14,16338,4.238209009170532
0.69,0.84,0.42,0.65,1.05,1.03,0.12,0.64,0.14,16165,4.239270925521851
0.68,0.84,0.42,0.65,1.04,1.03,0.13,0.64,0.14,16168,4.24222207069397
0.7,0.84,0.42,0.64,1.05,1.04,0.13,0.64,0.14,16173,4.246456861495972
0.69,0.84,0.42,0.65,1.05,1.04,0.13,0.64,0.14,15834,4.25052285194397
0.69,0.84,0.42,0.65,1.05,1.04,0.13,0.64,0.14,16275,4.251554012298584
0.69,0.84,0.42,0.64,1.05,1.04,0.13,0.65,0.15,16014,4.254552841186523
0.69,0.84,0.42,0.65,1.05,1.04,0.14,0.65,0.15,15881,4.259565114974976
0.69,0.84,0.42,0.64,1.04,1.03,0.14,0.65,0.15,16028,4.262564420700073
0.7,0.84,0.42,0.64,1.05,1.04,0.13,0.65,0.14,15855,4.2635650634765625
0.7,0.84,0.42,0.64,1.05,1.04,0.13,0.65,0.14,16058,4.266988754272461
0.69,0.84,0.42,0.65,1.05,1.04,0.13,0.64,0.15,16301,4.270834922790527
0.69,0.84,0.42,0.65,1.05,1.03,0.13,0.65,0.15,16554,4.275247573852539
0.69,0.84,0.42,0.65,1.04,1.03,0.13,0.64,0.15,16417,4.279417037963867
0.69,0.84,0.42,0.64,1.04,1.04,0.14,0.65,0.15,16060,4.280392646789551
0.69,0.84,0.42,0.65,1.04,1.03,0.14,0.65,0.15,16035,4.284392595291138
0.69,0.84,0.42,0.65,1.04,1.04,0.14,0.65,0.15,16138,4.288392782211304
0.7,0.84,0.42,0.65,1.04,1.04,0.14,0.65,0.14,16365,4.291714191436768
0.69,0.84,0.42,0.65,1.04,1.03,0.13,0.64,0.15,16446,4.292392730712891
0.69,0.84,0.42,0.65,1.04,1.03,0.13,0.65,0.14,16669,4.296392917633057
0.7,0.84,0.42,0.65,1.04,1.04,0.12,0.64,0.13,16228,4.299748659133911
0.69,0.84,0.42,0.64,1.04,1.03,0.13,0.64,0.14,16201,4.3040547370910645
0.69,0.84,0.42,0.64,1.04,1.03,0.13,0.65,0.14,16670,4.304778575897217
0.69,0.84,0.42,0.64,1.04,1.03,0.15,0.65,0.15,16393,4.309147834777832
0.69,0.85,0.42,0.64,1.04,1.03,0.14,0.65,0.14,16354,4.313441753387451
0.7,0.84,0.42,0.64,1.04,1.03,0.15,0.64,0.15,16241,4.316434621810913
0.7,0.84,0.42,0.64,1.04,1.03,0.13,0.65,0.15,16602,4.317441701889038
0.7,0.84,0.41,0.64,1.04,1.04,0.13,0.65,0.16,16221,4.320543050765991
0.7,0.84,0.41,0.64,1.04,1.04,0.14,0.65,0.15,16080,4.324275970458984
0.7,0.84,0.42,0.64,1.04,1.03,0.14,0.65,0.15,16381,4.328777313232422
0.7,0.84,0.42,0.64,1.04,1.04,0.14,0.65,0.15,16738,4.329757213592529
0.7,0.84,0.42,0.64,1.04,1.03,0.13,0.65,0.14,16379,4.332746744155884
0.7,0.84,0.42,0.65,1.04,1.04,0.13,0.64,0.15,16310,4.337128400802612
0.7,0.84,0.42,0.65,1.04,1.04,0.13,0.64,0.15,16935,4.340652227401733
0.7,0.84,0.42,0.65,1.04,1.04,0.13,0.64,0.14,16854,4.3444130420684814
0.7,0.84,0.42,0.65,1.04,1.04,0.13,0.64,0.14,15959,4.345395803451538
0.7,0.85,0.42,0.64,1.04,1.03,0.13,0.65,0.14,15902,4.349543333053589
0.7,0.84,0.41,0.64,1.04,1.04,0.13,0.65,0.14,16569,4.353349447250366
0.7,0.84,0.41,0.64,1.04,1.04,0.13,0.65,0.14,16920,4.35645055770874
0.7,0.85,0.41,0.65,1.04,1.04,0.13,0.64,0.14,16255,4.357450723648071
0.7,0.84,0.41,0.64,1.04,1.04,0.13,0.64,0.14,16194,4.361450672149658
0.7,0.85,0.41,0.64,1.04,1.04,0.13,0.65,0.14,16303,4.36568021774292
0.7,0.84,0.42,0.64,1.04,1.04,0.13,0.65,0.15,16192,4.368671417236328
0.7,0.85,0.41,0.64,1.04,1.04,0.14,0.65,0.14,15835,4.369669198989868
0.7,0.84,0.41,0.64,1.04,1.04,0.13,0.65,0.15,16272,4.373502016067505
0.7,0.85,0.41,0.64,1.04,1.04,0.13,0.65,0.14,16235,4.378539562225342
0.71,0.84,0.41,0.64,1.04,1.04,0.14,0.65,0.14,16148,4.381818056106567
0.71,0.85,0.41,0.64,1.04,1.04,0.13,0.65,0.14,16219,4.382538557052612
0.7,0.85,0.42,0.64,1.04,1.04,0.13,0.64,0.14,15938,4.386538982391357
0.7,0.85,0.41,0.64,1.04,1.04,0.13,0.65,0.14,15873,4.38982892036438
0.7,0.84,0.41,0.64,1.04,1.04,0.13,0.65,0.15,16148,4.394516468048096
0.7,0.84,0.42,0.64,1.04,1.04,0.13,0.65,0.14,16299,4.394516468048096
0.7,0.85,0.41,0.64,1.04,1.03,0.13,0.65,0.14,16768,4.3992249965667725
0.7,0.85,0.42,0.64,1.04,1.03,0.13,0.64,0.14,16715,4.403145790100098
0.7,0.85,0.42,0.64,1.04,1.04,0.13,0.65,0.14,16738,4.407163619995117
0.7,0.85,0.42,0.64,1.04,1.04,0.13,0.65,0.14,16515,4.407163619995117
0.7,0.85,0.42,0.64,1.04,1.04,0.13,0.65,0.14,16442,4.411163806915283
0.7,0.85,0.42,0.64,1.04,1.03,0.13,0.65,0.14,16245,4.415164470672607
0.7,0.85,0.42,0.64,1.04,1.03,0.13,0.65,0.14,16302,4.419164419174194
0.7,0.85,0.41,0.64,1.04,1.04,0.13,0.65,0.15,16433,4.42275857925415
0.7,0.85,0.41,0.64,1.04,1.04,0.13,0.65,0.14,16508,4.423614263534546
0.7,0.85,0.41,0.64,1.03,1.04,0.13,0.65,0.15,16211,4.426891088485718
0.7,0.85,0.42,0.65,1.03,1.04,0.13,0.65,0.15,16460,4.431940317153931
0.7,0.85,0.41,0.65,1.04,1.03,0.13,0.65,0.14,16747,4.4345786571502686
0.7,0.85,0.41,0.65,1.04,1.03,0.13,0.65,0.14,16872,4.435648441314697
0.7,0.85,0.41,0.65,1.03,1.04,0.13,0.65,0.15,16559,4.439134836196899
0.71,0.85,0.42,0.65,1.03,1.04,0.13,0.65,0.14,16318,4.443504095077515
0.7,0.85,0.42,0.65,1.03,1.04,0.13,0.64,0.14,16597,4.4474406242370605
0.7,0.85,0.41,0.65,1.03,1.03,0.13,0.65,0.14,16902,4.4474406242370605
0.7,0.85,0.42,0.65,1.03,1.04,0.13,0.65,0.15,16861,4.451452016830444
0.7,0.85,0.42,0.65,1.04,1.04,0.13,0.65,0.14,16498,4.455556392669678
0.7,0.85,0.42,0.65,1.04,1.04,0.13,0.64,0.14,16401,4.459555387496948
0.71,0.85,0.42,0.65,1.04,1.04,0.13,0.65,0.14,16358,4.460614919662476
0.7,0.85,0.42,0.65,1.03,1.04,0.13,0.64,0.15,16417,4.463765621185303
0.71,0.85,0.42,0.65,1.03,1.03,0.13,0.65,0.14,16304,4.468410968780518
0.7,0.85,0.42,0.65,1.03,1.04,0.13,0.65,0.14,16365,4.471483945846558
0.71,0.85,0.42,0.65,1.03,1.04,0.14,0.65,0.14,16400,4.471483945846558
0.71,0.85,0.42,0.65,1.03,1.04,0.13,0.64,0.14,16351,4.476589679718018
0.71,0.85,0.42,0.65,1.03,1.04,0.14,0.65,0.14,16698,4.480637073516846
0.7,0.85,0.42,0.65,1.03,1.04,0.12,0.64,0.14,16601,4.4843010902404785
0.71,0.85,0.41,0.64,1.03,1.04,0.13,0.65,0.14,16454,4.488339185714722
0.7,0.85,0.42,0.65,1.03,1.04,0.13,0.65,0.15,16551,4.489334583282471
0.71,0.85,0.42,0.65,1.03,1.04,0.13,0.65,0.14,16502,4.493335723876953
0.7,0.85,0.41,0.65,1.03,1.04,0.13,0.65,0.15,16767,4.496365308761597
0.71,0.85,0.41,0.65,1.03,1.04,0.13,0.64,0.14,16722,4.5003721714019775
0.71,0.85,0.42,0.65,1.03,1.04,0.13,0.65,0.15,16643,4.501488924026489
0.7,0.86,0.42,0.65,1.03,1.04,0.13,0.64,0.14,16384,4.504428863525391
0.71,0.85,0.42,0.65,1.03,1.04,0.13,0.64,0.14,16245,4.509480714797974
0.71,0.85,0.42,0.65,1.03,1.04,0.13,0.65,0.15,16238,4.512203931808472
0.7,0.85,0.42,0.65,1.03,1.04,0.13,0.64,0.14,16189,4.513293504714966
0.7,0.85,0.41,0.64,1.03,1.04,0.13,0.65,0.14,16380,4.517680406570435
0.71,0.85,0.41,0.65,1.03,1.04,0.14,0.65,0.14,16395,4.5216968059539795
0.71,0.86,0.42,0.65,1.04,1.04,0.13,0.65,0.14,16620,4.525208473205566
0.71,0.86,0.41,0.65,1.03,1.04,0.13,0.65,0.14,16509,4.526069164276123
0.71,0.85,0.41,0.64,1.03,1.04,0.13,0.65,0.14,16472,4.530330657958984
0.71,0.85,0.41,0.64,1.03,1.04,0.13,0.65,0.14,16311,4.533170223236084
0.71,0.85,0.41,0.65,1.03,1.03,0.13,0.65,0.14,16692,4.537385940551758
0.71,0.85,0.41,0.65,1.03,1.04,0.13,0.65,0.14,16791,4.5384016036987305
0.7,0.85,0.41,0.65,1.03,1.04,0.14,0.65,0.14,16450,4.541388988494873
0.71,0.85,0.41,0.65,1.03,1.04,0.13,0.65,0.14,16059,4.546418190002441
0.71,0.85,0.41,0.65,1.03,1.04,0.12,0.65,0.14,15966,4.5494043827056885
0.7,0.86,0.41,0.64,1.03,1.04,0.13,0.65,0.15,16359,4.550383567810059
0.71,0.85,0.41,0.65,1.03,1.04,0.13,0.65,0.14,16832,4.554460048675537
0.7,0.85,0.41,0.64,1.03,1.04,0.14,0.65,0.15,16773,4.557668924331665
0.71,0.85,0.41,0.65,1.03,1.04,0.13,0.65,0.14,16688,4.561791181564331
0.7,0.85,0.41,0.65,1.03,1.04,0.13,0.65,0.14,16277,4.56278920173645
0.71,0.85,0.41,0.65,1.03,1.03,0.13,0.65,0.14,16038,4.565791130065918
0.7,0.85,0.41,0.65,1.03,1.04,0.13,0.65,0.14,16381,4.569789171218872
0.7,0.85,0.41,0.65,1.03,1.04,0.13,0.65,0.14,16178,4.573880672454834
0.7,0.85,0.41,0.65,1.03,1.04,0.13,0.64,0.14,16317,4.578142404556274
0.7,0.85,0.41,0.65,1.03,1.03,0.13,0.65,0.14,16546,4.578142404556274
0.71,0.85,0.41,0.65,1.03,1.04,0.13,0.65,0.15,16455,4.5820982456207275
0.71,0.85,0.41,0.65,1.03,1.04,0.13,0.65,0.14,16014,4.587162256240845
0.7,0.85,0.41,0.65,1.03,1.04,0.13,0.65,0.16,15765,4.591134309768677
0.71,0.85,0.41,0.65,1.03,1.04,0.13,0.66,0.15,16294,4.591134309768677
0.71,0.85,0.41,0.65,1.03,1.04,0.13,0.66,0.15,16327,4.595130681991577
0.7,0.85,0.41,0.65,1.03,1.03,0.13,0.65,0.15,16578,4.598925590515137
0.7,0.85,0.42,0.64,1.03,1.04,0.13,0.65,0.15,16469,4.602966785430908
0.71,0.85,0.41,0.65,1.03,1.04,0.13,0.65,0.14,16512,4.602966785430908
0.7,0.85,0.41,0.65,1.03,1.04,0.13,0.65,0.15,16281,4.60707688331604
0.7,0.86,0.41,0.65,1.03,1.03,0.13,0.65,0.15,16460,4.611964464187622
0.71,0.85,0.42,0.65,1.03,1.04,0.13,0.65,0.14,16797,4.615962028503418
0.71,0.85,0.42,0.65,1.03,1.04,0.13,0.65,0.15,16598,4.615962028503418
0.71,0.85,0.42,0.65,1.03,1.03,0.13,0.65,0.14,16487,4.619204521179199
0.7,0.85,0.41,0.65,1.03,1.03,0.13,0.65,0.14,16076,4.624586343765259
0.7,0.85,0.42,0.66,1.03,1.03,0.13,0.65,0.14,16139,4.628259181976318
0.7,0.85,0.42,0.65,1.03,1.04,0.13,0.65,0.15,16182,4.628259181976318
0.7,0.85,0.42,0.66,1.03,1.04,0.13,0.65,0.15,15973,4.632165431976318
0.71,0.85,0.42,0.65,1.03,1.04,0.13,0.65,0.15,16536,4.635526657104492
0.71,0.85,0.42,0.65,1.03,1.03,0.13,0.65,0.15,16831,4.64052677154541
0.71,0.85,0.41,0.65,1.03,1.03,0.13,0.65,0.15,16542,4.64052677154541
0.71,0.85,0.42,0.65,1.03,1.03,0.13,0.65,0.15,16147,4.644526481628418
0.71,0.86,0.42,0.66,1.03,1.03,0.13,0.65,0.15,15998,4.648526668548584
0.71,0.85,0.42,0.65,1.03,1.03,0.14,0.65,0.15,15833,4.652519226074219
0.7,0.85,0.42,0.66,1.03,1.04,0.14,0.65,0.15,16184,4.653526067733765
0.7,0.85,0.42,0.65,1.03,1.03,0.13,0.65,0.15,16219,4.656526565551758
0.7,0.85,0.42,0.66,1.03,1.04,0.14,0.65,0.15,16012,4.661139965057373
0.71,0.85,0.41,0.66,1.03,1.04,0.14,0.65,0.15,16125,4.665280103683472
0.7,0.85,0.41,0.66,1.03,1.04,0.13,0.65,0.15,16378,4.668132781982422
0.7,0.85,0.41,0.66,1.03,1.03,0.13,0.65,0.15,16415,4.669189214706421
0.71,0.85,0.41,0.66,1.03,1.03,0.14,0.65,0.15,16008,4.672216176986694
0.7,0.85,0.41,0.65,1.03,1.03,0.13,0.65,0.15,15839,4.6773529052734375
0.7,0.85,0.41,0.66,1.03,1.04,0.14,0.65,0.15,16380,4.681353330612183
0.71,0.85,0.42,0.65,1.03,1.03,0.13,0.65,0.15,16663,4.681353330612183
0.71,0.85,0.42,0.65,1.03,1.04,0.14,0.65,0.15,16322,4.6853532791137695
0.7,0.86,0.41,0.66,1.03,1.04,0.14,0.65,0.15,16219,4.689404010772705
0.71,0.85,0.42,0.66,1.03,1.04,0.14,0.65,0.15,16324,4.693247556686401
0.7,0.86,0.41,0.65,1.03,1.04,0.13,0.65,0.15,16787,4.694323301315308
0.7,0.86,0.41,0.66,1.03,1.04,0.13,0.65,0.15,16918,4.696892499923706
0.71,0.85,0.41,0.65,1.03,1.04,0.13,0.65,0.15,16215,4.701878070831299
0.71,0.85,0.41,0.66,1.03,1.04,0.13,0.65,0.15,16118,4.705868482589722
0.7,0.86,0.42,0.65,1.03,1.04,0.13,0.65,0.15,16509,4.705868482589722
0.7,0.86,0.41,0.66,1.03,1.03,0.13,0.65,0.15,16488,4.709873676300049
0.7,0.86,0.41,0.65,1.03,1.04,0.13,0.65,0.15,16389,4.713523626327515
0.71,0.85,0.42,0.66,1.03,1.03,0.13,0.65,0.15,16214,4.718562364578247
0.71,0.85,0.41,0.66,1.03,1.03,0.13,0.65,0.15,16477,4.718562364578247
0.71,0.85,0.41,0.65,1.03,1.04,0.13,0.65,0.15,16656,4.722562313079834
0.71,0.85,0.41,0.66,1.03,1.04,0.13,0.65,0.15,16323,4.725558757781982
0.71,0.85,0.41,0.66,1.03,1.04,0.13,0.65,0.15,16146,4.73016095161438
0.7,0.85,0.41,0.65,1.03,1.04,0.13,0.65,0.15,16249,4.731214284896851
0.7,0.86,0.41,0.65,1.03,1.04,0.13,0.65,0.15,16530,4.733993053436279
0.71,0.85,0.41,0.66,1.03,1.04,0.13,0.65,0.15,16767,4.738063812255859
0.71,0.85,0.41,0.66,1.03,1.04,0.14,0.65,0.15,16520,4.7424476146698
0.7,0.85,0.41,0.66,1.03,1.04,0.13,0.64,0.14,16113,4.746466636657715
0.71,0.85,0.41,0.66,1.03,1.03,0.14,0.65,0.15,15790,4.747447729110718
0.71,0.85,0.42,0.66,1.03,1.03,0.13,0.64,0.14,16161,4.750008821487427
0.71,0.85,0.41,0.66,1.03,1.04,0.13,0.65,0.15,16450,4.755042314529419
0.71,0.85,0.42,0.65,1.03,1.03,0.13,0.64,0.15,15967,4.758620738983154
0.71,0.85,0.42,0.65,1.03,1.04,0.13,0.65,0.15,16104,4.759363412857056
0.71,0.85,0.41,0.65,1.03,1.04,0.13,0.64,0.15,16235,4.763659954071045
0.7,0.85,0.41,0.65,1.03,1.04,0.13,0.65,0.14,16618,4.7670814990997314
0.71,0.85,0.41,0.66,1.03,1.04,0.13,0.65,0.15,16127,4.7702929973602295
0.71,0.85,0.41,0.65,1.03,1.04,0.13,0.65,0.15,16036,4.771625518798828
0.71,0.85,0.41,0.65,1.03,1.04,0.14,0.65,0.15,16193,4.775230407714844
0.71,0.85,0.41,0.65,1.02,1.04,0.13,0.65,0.15,16052,4.7795798778533936
0.71,0.85,0.41,0.65,1.03,1.04,0.14,0.66,0.15,16089,4.783579587936401
0.7,0.85,0.41,0.65,1.03,1.04,0.13,0.65,0.15,16312,4.784546852111816
0.71,0.85,0.41,0.66,1.03,1.04,0.13,0.65,0.15,16441,4.787579536437988
0.71,0.85,0.41,0.65,1.03,1.03,0.14,0.65,0.15,15984,4.791740894317627
0.71,0.85,0.41,0.65,1.03,1.04,0.13,0.65,0.15,15949,4.795730113983154
0.71,0.85,0.41,0.66,1.03,1.04,0.13,0.65,0.16,16154,4.796740770339966
0.7,0.85,0.41,0.66,1.03,1.04,0.13,0.65,0.16,16575,4.7994794845581055
0.71,0.85,0.41,0.66,1.03,1.03,0.13,0.65,0.15,16504,4.804660320281982
0.71,0.85,0.41,0.66,1.03,1.04,0.13,0.65,0.15,16227,4.808714866638184
0.71,0.85,0.41,0.65,1.03,1.04,0.13,0.65,0.15,16394,4.81143045425415
0.71,0.85,0.41,0.66,1.03,1.04,0.13,0.65,0.15,16589,4.81143045425415
0.71,0.85,0.41,0.65,1.03,1.04,0.14,0.65,0.15,16124,4.816476345062256
0.71,0.85,0.41,0.65,1.03,1.03,0.13,0.65,0.16,16213,4.820486068725586
0.71,0.84,0.41,0.65,1.03,1.04,0.13,0.65,0.15,16616,4.8239710330963135
0.71,0.85,0.41,0.66,1.03,1.04,0.13,0.65,0.15,16459,4.8239710330963135
0.71,0.85,0.41,0.65,1.03,1.04,0.13,0.65,0.15,16356,4.827988624572754
0.71,0.85,0.41,0.66,1.03,1.04,0.13,0.65,0.15,16233,4.833124160766602
0.71,0.84,0.41,0.65,1.03,1.04,0.13,0.65,0.15,16374,4.836503982543945
0.7,0.85,0.41,0.65,1.03,1.03,0.14,0.65,0.16,16461,4.837728261947632
0.71,0.85,0.41,0.65,1.03,1.03,0.14,0.65,0.15,16398,4.840744733810425
0.71,0.85,0.41,0.65,1.03,1.03,0.14,0.65,0.15,16091,4.844767808914185
0.71,0.85,0.41,0.65,1.03,1.04,0.13,0.65,0.15,16084,4.848923444747925
0.71,0.85,0.41,0.65,1.03,1.04,0.13,0.65,0.15,16447,4.849963426589966
0.71,0.85,0.41,0.65,1.03,1.03,0.14,0.65,0.15,16548,4.852982521057129
0.71,0.85,0.41,0.66,1.03,1.03,0.15,0.65,0.15,16227,4.857412099838257
0.71,0.85,0.41,0.65,1.03,1.04,0.14,0.65,0.16,16356,4.861410140991211
0.71,0.85,0.41,0.65,1.03,1.04,0.14,0.65,0.15,16337,4.861410140991211
0.71,0.85,0.41,0.65,1.03,1.04,0.14,0.65,0.15,15948,4.86472749710083
0.71,0.85,0.41,0.65,1.02,1.03,0.14,0.65,0.15,16069,4.8689539432525635
0.71,0.85,0.41,0.65,1.03,1.03,0.14,0.65,0.15,15902,4.873680591583252
0.71,0.85,0.41,0.65,1.03,1.03,0.14,0.65,0.15,16087,4.877029180526733
0.71,0.85,0.41,0.65,1.03,1.03,0.14,0.65,0.15,16480,4.878094673156738
0.71,0.85,0.41,0.64,1.03,1.03,0.14,0.65,0.15,16305,4.882077693939209
0.71,0.85,0.41,0.65,1.03,1.03,0.14,0.65,0.15,16370,4.886098146438599
0.71,0.85,0.41,0.65,1.03,1.03,0.14,0.65,0.15,16433,4.889482498168945
0.71,0.85,0.41,0.65,1.03,1.03,0.15,0.65,0.15,16526,4.890208005905151
0.71,0.85,0.41,0.65,1.03,1.03,0.14,0.65,0.15,16159,4.894208192825317
0.72,0.85,0.41,0.65,1.03,1.03,0.14,0.65,0.15,16076,4.8984034061431885
0.71,0.85,0.41,0.65,1.03,1.03,0.14,0.65,0.15,16629,4.902357578277588
0.71,0.85,0.41,0.65,1.03,1.03,0.14,0.65,0.15,16302,4.903402328491211
0.71,0.85,0.41,0.65,1.03,1.03,0.13,0.65,0.15,16057,4.905588388442993
0.71,0.85,0.41,0.65,1.03,1.03,0.14,0.65,0.15,16712,4.910109519958496
0.71,0.85,0.41,0.65,1.03,1.03,0.14,0.65,0.15,16585,4.9136903285980225
0.71,0.85,0.41,0.65,1.03,1.03,0.14,0.65,0.15,16258,4.9146740436553955
0.71,0.85,0.42,0.65,1.03,1.03,0.14,0.65,0.15,16451,4.918416976928711
0.71,0.85,0.41,0.65,1.03,1.03,0.14,0.65,0.15,16732,4.922702312469482
0.71,0.85,0.41,0.65,1.03,1.04,0.14,0.65,0.15,16635,4.926723480224609
0.71,0.85,0.41,0.65,1.03,1.03,0.14,0.65,0.15,16348,4.927046775817871
0.71,0.85,0.41,0.66,1.03,1.04,0.14,0.65,0.15,16393,4.931044578552246
0.71,0.85,0.41,0.65,1.03,1.03,0.14,0.65,0.15,16396,4.93505597114563
0.7,0.85,0.41,0.65,1.03,1.03,0.14,0.65,0.15,16413,4.9390411376953125
0.71,0.85,0.41,0.65,1.03,1.04,0.14,0.64,0.15,16270,4.9390411376953125
0.71,0.85,0.41,0.66,1.04,1.03,0.13,0.65,0.15,16331,4.9430832862854
0.7,0.85,0.41,0.66,1.04,1.03,0.14,0.65,0.15,16234,4.94682240486145
0.71,0.85,0.41,0.66,1.03,1.03,0.13,0.65,0.15,16163,4.951678991317749
0.71,0.85,0.41,0.65,1.03,1.04,0.14,0.65,0.15,16286,4.954903841018677
0.71,0.85,0.41,0.65,1.03,1.04,0.13,0.65,0.15,16341,4.954903841018677
0.71,0.85,0.41,0.65,1.03,1.03,0.13,0.65,0.14,16296,4.959276914596558
0.71,0.85,0.41,0.66,1.03,1.03,0.13,0.65,0.15,16093,4.963292598724365
0.71,0.85,0.4,0.65,1.03,1.03,0.14,0.65,0.15,15934,4.967292785644531
0.71,0.85,0.41,0.65,1.03,1.04,0.13,0.65,0.14,16025,4.968273401260376
0.71,0.85,0.41,0.65,1.03,1.04,0.14,0.65,0.15,15932,4.971292734146118
0.71,0.85,0.41,0.66,1.03,1.04,0.14,0.65,0.15,16089,4.976039409637451
0.71,0.85,0.41,0.65,1.03,1.04,0.13,0.65,0.15,16632,4.9800498485565186
0.71,0.85,0.41,0.65,1.03,1.04,0.13,0.65,0.15,16543,4.9800498485565186
0.71,0.85,0.41,0.65,1.03,1.04,0.14,0.65,0.15,16472,4.984622240066528
0.71,0.84,0.41,0.65,1.03,1.04,0.14,0.65,0.16,16121,4.988176107406616
0.71,0.85,0.41,0.65,1.03,1.04,0.14,0.65,0.15,16024,4.992568254470825
0.71,0.85,0.41,0.65,1.03,1.03,0.14,0.65,0.15,15987,4.992568254470825
0.71,0.85,0.41,0.66,1.03,1.03,0.14,0.65,0.15,16102,4.996567964553833
0.71,0.85,0.41,0.65,1.03,1.03,0.14,0.65,0.15,15903,5.001118183135986
0.71,0.85,0.41,0.66,1.03,1.04,0.14,0.65,0.15,16230,5.004549980163574
0.72,0.84,0.41,0.66,1.03,1.04,0.15,0.65,0.15,16373,5.005582571029663
0.71,0.85,0.41,0.65,1.03,1.04,0.14,0.65,0.15,16302,5.00958251953125
0.71,0.85,0.41,0.66,1.03,1.04,0.15,0.65,0.15,16257,5.013659715652466
0.71,0.85,0.41,0.65,1.03,1.04,0.15,0.65,0.15,16110,5.016785144805908
0.71,0.85,0.41,0.65,1.03,1.03,0.15,0.64,0.15,16297,5.020393371582031
0.71,0.85,0.41,0.65,1.03,1.04,0.13,0.65,0.16,16552,5.020393371582031
0.71,0.85,0.4,0.65,1.03,1.03,0.15,0.65,0.15,16437,5.025443077087402
0.71,0.85,0.4,0.65,1.03,1.04,0.15,0.65,0.15,16438,5.0291759967803955
0.71,0.86,0.41,0.65,1.03,1.04,0.15,0.65,0.15,16301,5.032827138900757
0.71,0.85,0.4,0.65,1.03,1.04,0.15,0.65,0.15,16490,5.0335469245910645
0.72,0.85,0.41,0.65,1.03,1.04,0.14,0.65,0.15,16525,5.0375471115112305
0.71,0.85,0.41,0.65,1.03,1.04,0.14,0.65,0.15,16332,5.041546821594238
0.71,0.85,0.41,0.65,1.03,1.04,0.14,0.65,0.15,16159,5.045542478561401
0.72,0.85,0.41,0.65,1.03,1.04,0.14,0.65,0.16,16178,5.046546459197998
0.72,0.85,0.41,0.65,1.03,1.04,0.14,0.65,0.15,16609,5.050547122955322
0.71,0.85,0.41,0.65,1.03,1.03,0.15,0.65,0.15,16526,5.053769826889038
0.71,0.85,0.41,0.66,1.03,1.04,0.14,0.65,0.15,16043,5.057763338088989
0.71,0.85,0.41,0.66,1.03,1.03,0.15,0.65,0.16,16546,5.058922529220581
0.72,0.86,0.41,0.65,1.03,1.04,0.15,0.65,0.16,16631,5.062448024749756
0.72,0.85,0.41,0.65,1.03,1.04,0.14,0.65,0.15,16490,5.066380500793457
0.71,0.86,0.41,0.65,1.03,1.03,0.14,0.66,0.15,16593,5.070288419723511
0.71,0.85,0.41,0.65,1.03,1.04,0.13,0.65,0.15,16464,5.070288419723511
0.71,0.85,0.41,0.65,1.03,1.04,0.14,0.66,0.15,16455,5.074202299118042
0.72,0.85,0.41,0.65,1.03,1.04,0.14,0.65,0.15,16478,5.07815146446228
0.71,0.85,0.41,0.65,1.03,1.04,0.14,0.65,0.14,16511,5.082155466079712
0.71,0.85,0.41,0.66,1.03,1.03,0.14,0.65,0.15,16460,5.083155155181885
0.71,0.85,0.41,0.65,1.03,1.04,0.14,0.65,0.15,16303,5.086274147033691
0.72,0.85,0.41,0.65,1.03,1.04,0.14,0.65,0.15,15948,5.091240406036377
0.71,0.85,0.4,0.65,1.03,1.04,0.14,0.65,0.15,16027,5.094361066818237
0.71,0.85,0.41,0.65,1.03,1.04,0.15,0.65,0.15,16460,5.097994327545166
0.71,0.85,0.41,0.65,1.03,1.03,0.14,0.65,0.15,16147,5.09906005859375
0.71,0.85,0.41,0.65,1.03,1.03,0.14,0.65,0.15,15966,5.103321075439453
0.71,0.85,0.41,0.66,1.03,1.03,0.14,0.65,0.15,16631,5.107321262359619
0.72,0.85,0.41,0.65,1.03,1.04,0.14,0.65,0.15,16472,5.110925912857056
0.72,0.85,0.41,0.65,1.03,1.04,0.14,0.65,0.15,16387,5.111783742904663
0.71,0.85,0.41,0.65,1.03,1.04,0.15,0.65,0.15,16636,5.115602731704712
0.71,0.85,0.41,0.65,1.03,1.03,0.14,0.65,0.15,16525,5.119773626327515
0.72,0.85,0.41,0.65,1.03,1.04,0.14,0.65,0.15,16652,5.123213529586792
0.71,0.85,0.41,0.65,1.04,1.03,0.14,0.65,0.15,16657,5.124283313751221
0.71,0.85,0.41,0.65,1.04,1.04,0.14,0.65,0.15,16316,5.127725124359131
0.71,0.85,0.41,0.65,1.03,1.04,0.14,0.65,0.15,16345,5.131366968154907
0.71,0.85,0.41,0.65,1.03,1.04,0.14,0.66,0.15,16248,5.1345765590667725
0.72,0.85,0.41,0.65,1.03,1.04,0.14,0.65,0.15,16081,5.135577201843262
0.71,0.85,0.41,0.65,1.03,1.03,0.14,0.65,0.15,16338,5.139580488204956
0.71,0.85,0.41,0.65,1.03,1.03,0.14,0.65,0.15,16161,5.143579483032227
0.71,0.85,0.41,0.65,1.03,1.04,0.14,0.65,0.15,16204,5.147571802139282
0.71,0.85,0.41,0.65,1.03,1.04,0.14,0.65,0.15,16869,5.1485841274261475
0.71,0.85,0.41,0.65,1.03,1.03,0.14,0.65,0.15,16722,5.151576995849609
0.71,0.85,0.41,0.65,1.03,1.03,0.14,0.65,0.15,16273,5.156591892242432
0.71,0.85,0.41,0.65,1.03,1.03,0.14,0.65,0.15,16436,5.160025119781494
0.71,0.85,0.41,0.65,1.03,1.03,0.14,0.65,0.15,16763,5.1631081104278564
0.71,0.85,0.41,0.65,1.03,1.03,0.15,0.65,0.15,16298,5.16410756111145
0.71,0.85,0.41,0.65,1.03,1.04,0.14,0.65,0.15,16565,5.168147802352905
0.71,0.85,0.41,0.65,1.03,1.04,0.14,0.65,0.15,16784,5.1733551025390625
0.71,0.85,0.41,0.65,1.04,1.04,0.14,0.65,0.15,17057,5.176548719406128
0.71,0.85,0.4,0.65,1.03,1.03,0.14,0.65,0.15,16836,5.177391052246094
0.71,0.85,0.41,0.65,1.04,1.04,0.15,0.65,0.15,16147,5.18085241317749
0.71,0.85,0.41,0.65,1.03,1.03,0.14,0.65,0.15,15824,5.184859752655029
0.71,0.85,0.4,0.65,1.03,1.04,0.14,0.65,0.15,16271,5.188735485076904
0.71,0.85,0.41,0.65,1.03,1.04,0.14,0.65,0.15,16404,5.188735485076904
0.71,0.85,0.41,0.65,1.04,1.03,0.14,0.65,0.15,16223,5.193526983261108
0.71,0.85,0.41,0.65,1.04,1.03,0.14,0.65,0.15,16142,5.197644948959351
0.72,0.85,0.42,0.64,1.04,1.04,0.14,0.65,0.15,16029,5.2016441822052
0.72,0.85,0.41,0.65,1.03,1.04,0.15,0.65,0.15,16500,5.2016441822052
0.71,0.85,0.41,0.65,1.03,1.04,0.14,0.65,0.15,16705,5.205644607543945
0.71,0.85,0.41,0.64,1.03,1.04,0.14,0.65,0.15,16490,5.210152626037598
0.72,0.85,0.41,0.65,1.03,1.04,0.14,0.65,0.15,16777,5.213402032852173
0.72,0.85,0.41,0.65,1.03,1.03,0.14,0.65,0.15,16788,5.214173793792725
0.72,0.85,0.41,0.65,1.03,1.04,0.15,0.65,0.15,16591,5.218374729156494
0.72,0.85,0.41,0.65,1.03,1.04,0.14,0.65,0.15,16350,5.222681045532227
0.72,0.85,0.41,0.65,1.03,1.03,0.14,0.65,0.15,16175,5.22593092918396
0.71,0.85,0.41,0.65,1.03,1.03,0.14,0.65,0.15,16304,5.22593092918396
0.72,0.85,0.41,0.65,1.03,1.04,0.15,0.64,0.15,16033,5.229931116104126
0.72,0.85,0.41,0.65,1.03,1.04,0.15,0.65,0.15,16276,5.2339417934417725
0.72,0.85,0.41,0.65,1.03,1.03,0.14,0.65,0.15,16661,5.237956762313843
0.72,0.86,0.41,0.66,1.03,1.03,0.14,0.65,0.16,16828,5.24197244644165
0.72,0.85,0.41,0.65,1.03,1.04,0.15,0.65,0.15,16605,5.24197244644165
0.72,0.85,0.41,0.64,1.03,1.03,0.14,0.65,0.15,16486,5.246049642562866
0.73,0.85,0.41,0.66,1.03,1.04,0.15,0.65,0.15,16601,5.251100540161133
0.72,0.85,0.41,0.65,1.03,1.04,0.15,0.65,0.15,16612,5.253900527954102
0.72,0.85,0.41,0.65,1.04,1.03,0.15,0.65,0.15,16361,5.254945755004883
0.72,0.85,0.41,0.65,1.04,1.04,0.14,0.65,0.15,16068,5.2588324546813965
0.72,0.85,0.41,0.65,1.03,1.04,0.15,0.65,0.15,16019,5.262822389602661
0.72,0.85,0.41,0.65,1.03,1.04,0.14,0.65,0.15,16134,5.266835689544678
0.72,0.85,0.41,0.65,1.03,1.04,0.14,0.65,0.15,16439,5.266835689544678
0.72,0.85,0.41,0.65,1.03,1.04,0.15,0.65,0.15,16200,5.270822763442993
0.72,0.85,0.41,0.65,1.04,1.04,0.14,0.65,0.15,16237,5.2748541831970215
0.72,0.85,0.41,0.65,1.04,1.03,0.14,0.66,0.15,16250,5.279291391372681
0.71,0.85,0.41,0.66,1.04,1.04,0.14,0.65,0.15,16051,5.279291391372681
0.72,0.85,0.41,0.65,1.04,1.03,0.14,0.65,0.15,16420,5.282592296600342
0.72,0.85,0.41,0.65,1.04,1.04,0.14,0.65,0.15,16693,5.287670850753784
0.72,0.85,0.4,0.65,1.04,1.04,0.14,0.65,0.15,16726,5.290670394897461
0.71,0.85,0.41,0.65,1.03,1.04,0.14,0.65,0.15,16597,5.2916717529296875
0.72,0.85,0.4,0.65,1.04,1.04,0.14,0.65,0.15,16340,5.295670747756958
0.71,0.85,0.41,0.66,1.04,1.04,0.15,0.65,0.15,16275,5.299159288406372
0.72,0.85,0.41,0.66,1.04,1.04,0.14,0.65,0.15,16414,5.3031535148620605
0.72,0.86,0.41,0.65,1.04,1.03,0.14,0.65,0.15,16223,5.30415678024292
0.71,0.85,0.41,0.65,1.04,1.03,0.15,0.65,0.16,16542,5.307447910308838
0.72,0.85,0.41,0.65,1.04,1.04,0.15,0.65,0.15,16495,5.31144380569458
0.72,0.85,0.41,0.65,1.03,1.04,0.15,0.65,0.15,16288,5.315616607666016
0.72,0.85,0.41,0.66,1.04,1.03,0.14,0.65,0.15,16251,5.316617965698242
0.72,0.85,0.41,0.65,1.04,1.04,0.15,0.65,0.15,16050,5.319618225097656
0.72,0.85,0.4,0.66,1.04,1.04,0.15,0.65,0.15,15627,5.324057102203369
0.71,0.85,0.41,0.66,1.04,1.04,0.14,0.65,0.15,15546,5.328222274780273
0.72,0.85,0.4,0.65,1.04,1.03,0.15,0.65,0.15,15867,5.328222274780273
0.71,0.85,0.41,0.65,1.04,1.03,0.15,0.65,0.15,16638,5.332608461380005
0.71,0.85,0.4,0.65,1.04,1.04,0.14,0.65,0.15,16279,5.3363258838653564
0.71,0.85,0.41,0.66,1.04,1.04,0.15,0.65,0.16,16304,5.3406150341033936
0.71,0.85,0.41,0.65,1.04,1.04,0.15,0.65,0.15,16519,5.343613624572754
0.71,0.85,0.41,0.65,1.04,1.03,0.14,0.65,0.15,16256,5.344614505767822
0.71,0.85,0.41,0.65,1.04,1.04,0.14,0.65,0.15,16187,5.34861421585083
0.71,0.85,0.4,0.65,1.04,1.03,0.14,0.65,0.15,16368,5.352140665054321
0.71,0.85,0.41,0.65,1.04,1.04,0.14,0.65,0.15,16773,5.356137275695801
0.71,0.85,0.41,0.65,1.04,1.04,0.14,0.65,0.15,16560,5.357177019119263
0.71,0.85,0.41,0.65,1.04,1.04,0.14,0.65,0.15,16347,5.3612494468688965
0.71,0.86,0.4,0.66,1.04,1.04,0.15,0.65,0.15,16160,5.365408420562744
0.71,0.85,0.41,0.65,1.04,1.04,0.14,0.65,0.15,15671,5.3688085079193115
0.71,0.85,0.41,0.66,1.04,1.04,0.14,0.65,0.15,16016,5.369839906692505
0.71,0.85,0.41,0.65,1.04,1.04,0.14,0.65,0.15,16655,5.373145818710327
0.71,0.85,0.4,0.65,1.04,1.03,0.14,0.65,0.15,16136,5.377338409423828
0.71,0.85,0.41,0.65,1.04,1.04,0.14,0.65,0.15,16035,5.3814215660095215
0.71,0.85,0.41,0.66,1.04,1.04,0.14,0.65,0.15,16352,5.382338047027588
0.71,0.85,0.4,0.66,1.04,1.04,0.14,0.65,0.15,16579,5.385303258895874
0.71,0.85,0.41,0.66,1.04,1.04,0.15,0.65,0.15,16582,5.38934063911438
0.71,0.85,0.41,0.66,1.04,1.04,0.14,0.65,0.15,16277,5.393336772918701
0.72,0.85,0.4,0.65,1.04,1.04,0.14,0.65,0.15,16006,5.394345760345459
0.71,0.85,0.41,0.66,1.04,1.03,0.15,0.65,0.15,16285,5.3975670337677
0.72,0.85,0.4,0.66,1.04,1.04,0.15,0.65,0.15,16156,5.401000499725342
0.71,0.85,0.4,0.66,1.04,1.04,0.14,0.65,0.15,15699,5.406038522720337
0.72,0.85,0.4,0.66,1.04,1.04,0.14,0.65,0.15,15994,5.40703010559082
0.72,0.85,0.41,0.66,1.04,1.03,0.14,0.65,0.15,16583,5.410627841949463
0.71,0.85,0.4,0.66,1.04,1.04,0.14,0.65,0.15,16840,5.414629936218262
0.71,0.85,0.4,0.65,1.04,1.04,0.15,0.65,0.15,16829,5.418628215789795
0.71,0.85,0.4,0.66,1.04,1.04,0.14,0.65,0.15,16392,5.42218279838562
0.72,0.85,0.4,0.66,1.04,1.04,0.14,0.65,0.15,16737,5.422715425491333
0.71,0.85,0.4,0.66,1.04,1.04,0.14,0.65,0.15,16296,5.426232099533081
0.71,0.85,0.4,0.66,1.04,1.04,0.14,0.65,0.15,16229,5.430932521820068
0.71,0.85,0.4,0.66,1.04,1.04,0.14,0.65,0.15,16174,5.434357166290283
0.71,0.85,0.4,0.66,1.04,1.04,0.14,0.65,0.15,16527,5.434963226318359
0.71,0.85,0.41,0.66,1.04,1.04,0.15,0.65,0.15,16318,5.438943386077881
0.72,0.85,0.4,0.66,1.04,1.04,0.14,0.65,0.15,16049,5.443538665771484
0.72,0.85,0.4,0.66,1.04,1.04,0.14,0.65,0.15,16148,5.447114944458008
0.72,0.85,0.4,0.66,1.04,1.04,0.15,0.65,0.15,16349,5.447114944458008
0.71,0.85,0.4,0.66,1.04,1.04,0.14,0.65,0.15,16382,5.450840473175049
0.72,0.85,0.4,0.66,1.04,1.04,0.14,0.65,0.15,16297,5.455138921737671
0.72,0.85,0.4,0.66,1.04,1.04,0.14,0.65,0.15,16518,5.459060907363892
0.71,0.85,0.4,0.66,1.04,1.04,0.14,0.65,0.15,16471,5.459060907363892
0.71,0.85,0.4,0.66,1.04,1.04,0.14,0.65,0.15,16362,5.463354587554932
0.71,0.85,0.4,0.66,1.04,1.04,0.14,0.65,0.15,16377,5.4684367179870605
0.71,0.85,0.4,0.66,1.04,1.04,0.14,0.65,0.15,16622,5.472440242767334
0.71,0.85,0.4,0.66,1.05,1.04,0.14,0.65,0.15,16603,5.472440242767334
0.72,0.85,0.4,0.66,1.05,1.04,0.15,0.65,0.15,16336,5.475909948348999
0.71,0.85,0.4,0.66,1.05,1.04,0.14,0.65,0.15,16527,5.480018615722656
0.72,0.84,0.4,0.67,1.04,1.04,0.15,0.65,0.15,16180,5.483797311782837
0.71,0.85,0.4,0.66,1.05,1.04,0.14,0.65,0.15,15849,5.48485255241394
0.72,0.85,0.4,0.66,1.04,1.04,0.15,0.65,0.15,16068,5.488093614578247
0.71,0.85,0.4,0.66,1.04,1.03,0.15,0.65,0.15,16199,5.492320537567139
0.72,0.85,0.4,0.66,1.05,1.03,0.15,0.65,0.15,16138,5.496308088302612
0.71,0.85,0.4,0.67,1.04,1.03,0.15,0.64,0.16,16475,5.499893665313721
0.72,0.85,0.4,0.66,1.04,1.04,0.15,0.65,0.15,16458,5.500962257385254
0.71,0.85,0.4,0.66,1.04,1.04,0.15,0.65,0.15,15989,5.505152225494385
0.72,0.85,0.4,0.66,1.04,1.04,0.14,0.65,0.15,16548,5.50899863243103
0.72,0.85,0.4,0.66,1.04,1.04,0.15,0.65,0.15,16333,5.512399196624756
0.71,0.85,0.4,0.66,1.04,1.04,0.15,0.65,0.15,16408,5.513015508651733
0.72,0.85,0.4,0.66,1.04,1.04,0.14,0.65,0.15,16337,5.517298936843872
0.72,0.85,0.4,0.66,1.04,1.04,0.15,0.65,0.15,16044,5.521299123764038
0.72,0.85,0.4,0.66,1.04,1.04,0.14,0.65,0.15,16363,5.524778127670288
0.71,0.85,0.4,0.66,1.04,1.04,0.15,0.65,0.15,16134,5.525758504867554
0.72,0.85,0.41,0.67,1.04,1.04,0.14,0.65,0.15,16037,5.529074192047119
0.72,0.85,0.4,0.66,1.05,1.04,0.14,0.65,0.15,16238,5.533684968948364
0.72,0.85,0.4,0.67,1.05,1.04,0.14,0.65,0.15,16627,5.5376574993133545
0.72,0.86,0.4,0.66,1.05,1.04,0.14,0.65,0.15,16278,5.5376574993133545
0.72,0.85,0.4,0.66,1.05,1.04,0.14,0.65,0.15,16061,5.541684150695801
0.72,0.85,0.4,0.66,1.05,1.04,0.15,0.65,0.15,16394,5.546133518218994
0.71,0.85,0.4,0.66,1.05,1.04,0.14,0.65,0.15,16203,5.549803733825684
0.71,0.85,0.4,0.66,1.05,1.04,0.15,0.65,0.15,15942,5.550767183303833
0.72,0.85,0.4,0.66,1.04,1.04,0.14,0.65,0.15,16225,5.552947759628296
0.71,0.85,0.4,0.66,1.05,1.04,0.14,0.65,0.15,16254,5.557921886444092
0.72,0.85,0.4,0.66,1.04,1.04,0.14,0.65,0.15,16131,5.561939477920532
0.72,0.86,0.4,0.66,1.04,1.04,0.14,0.65,0.15,16802,5.564931869506836
0.72,0.85,0.4,0.66,1.04,1.04,0.13,0.65,0.15,17387,5.565937757492065
0.71,0.85,0.4,0.66,1.04,1.04,0.15,0.65,0.15,16776,5.569303512573242
0.72,0.85,0.4,0.66,1.04,1.04,0.15,0.65,0.15,16341,5.573347568511963
0.71,0.85,0.4,0.66,1.04,1.04,0.15,0.65,0.15,16098,5.577548503875732
0.72,0.85,0.4,0.66,1.04,1.04,0.15,0.65,0.15,16159,5.5785722732543945
0.72,0.85,0.4,0.66,1.04,1.04,0.14,0.65,0.15,16126,5.582441329956055
0.72,0.85,0.4,0.66,1.04,1.04,0.15,0.65,0.15,16445,5.586668968200684
0.71,0.86,0.4,0.66,1.04,1.04,0.15,0.65,0.15,16586,5.589900732040405
0.71,0.85,0.4,0.66,1.05,1.04,0.15,0.65,0.15,16185,5.589900732040405
0.71,0.85,0.4,0.66,1.04,1.04,0.15,0.65,0.15,16224,5.594358205795288
0.71,0.85,0.4,0.66,1.04,1.04,0.14,0.65,0.15,16117,5.599358558654785
0.72,0.85,0.4,0.66,1.04,1.04,0.15,0.65,0.15,16178,5.602447032928467
0.72,0.85,0.4,0.66,1.05,1.04,0.15,0.65,0.15,16645,5.603358268737793
0.72,0.86,0.4,0.66,1.05,1.04,0.15,0.65,0.15,16802,5.60681414604187
0.72,0.85,0.4,0.66,1.05,1.03,0.15,0.65,0.15,16367,5.610790729522705
0.72,0.85,0.39,0.66,1.05,1.03,0.15,0.65,0.15,16638,5.61480975151062
0.71,0.85,0.4,0.65,1.04,1.04,0.15,0.65,0.15,16455,5.615837097167969
0.71,0.85,0.4,0.66,1.05,1.04,0.14,0.65,0.15,16646,5.619612693786621
0.71,0.85,0.4,0.66,1.04,1.04,0.15,0.64,0.15,16219,5.6235291957855225
0.71,0.85,0.4,0.66,1.04,1.04,0.15,0.65,0.15,16168,5.627554893493652
0.71,0.85,0.4,0.66,1.04,1.04,0.15,0.65,0.15,16609,5.631075143814087
0.71,0.85,0.4,0.66,1.04,1.04,0.15,0.65,0.15,16262,5.631587505340576
0.72,0.85,0.4,0.66,1.04,1.04,0.15,0.65,0.15,16177,5.634605407714844
0.72,0.85,0.4,0.66,1.04,1.03,0.15,0.66,0.15,16370,5.639217138290405
0.71,0.85,0.4,0.66,1.04,1.03,0.14,0.65,0.15,16271,5.64314079284668
0.71,0.85,0.4,0.66,1.04,1.03,0.15,0.65,0.15,16296,5.644189119338989
0.72,0.85,0.4,0.66,1.04,1.04,0.15,0.65,0.15,16527,5.647685289382935
0.71,0.85,0.4,0.66,1.04,1.03,0.15,0.65,0.15,16476,5.652172803878784
0.71,0.85,0.4,0.66,1.04,1.03,0.15,0.65,0.15,16165,5.655499458312988
0.71,0.85,0.4,0.66,1.04,1.04,0.15,0.65,0.15,16058,5.656330347061157
0.72,0.85,0.4,0.66,1.04,1.04,0.15,0.65,0.15,16205,5.659516334533691
0.72,0.85,0.4,0.66,1.04,1.04,0.15,0.65,0.15,16380,5.664559364318848
0.71,0.85,0.4,0.66,1.04,1.04,0.14,0.65,0.15,16233,5.66757869720459
0.72,0.85,0.4,0.66,1.04,1.03,0.14,0.65,0.15,16354,5.6685590744018555
0.72,0.85,0.4,0.66,1.04,1.04,0.14,0.64,0.15,16201,5.673137187957764
0.72,0.85,0.4,0.66,1.04,1.04,0.14,0.65,0.15,16120,5.676634788513184
0.72,0.85,0.4,0.66,1.04,1.04,0.14,0.65,0.15,16281,5.680312633514404
0.72,0.85,0.4,0.66,1.04,1.04,0.14,0.65,0.15,16328,5.681772708892822
0.72,0.85,0.4,0.66,1.04,1.04,0.14,0.65,0.15,16479,5.684751033782959
0.72,0.85,0.4,0.66,1.04,1.04,0.14,0.64,0.14,16488,5.687913656234741
0.72,0.85,0.4,0.66,1.04,1.04,0.14,0.65,0.15,16255,5.692911624908447
0.72,0.85,0.4,0.66,1.04,1.04,0.14,0.65,0.15,16074,5.692911624908447
0.72,0.85,0.4,0.66,1.04,1.04,0.14,0.65,0.15,16473,5.69701075553894
0.72,0.85,0.4,0.66,1.04,1.04,0.14,0.65,0.15,16564,5.70108437538147
0.72,0.85,0.4,0.66,1.04,1.04,0.14,0.65,0.15,16465,5.704660177230835
0.72,0.85,0.4,0.66,1.04,1.04,0.13,0.65,0.15,16678,5.708926677703857
0.72,0.85,0.4,0.66,1.04,1.04,0.15,0.65,0.15,17001,5.709803581237793
0.71,0.86,0.4,0.65,1.04,1.04,0.14,0.65,0.15,16838,5.71380352973938
0.72,0.85,0.4,0.66,1.04,1.04,0.14,0.65,0.15,16439,5.717371225357056
0.71,0.85,0.4,0.65,1.04,1.04,0.14,0.65,0.15,16230,5.720395803451538
0.72,0.85,0.4,0.66,1.05,1.04,0.14,0.65,0.15,15991,5.721395969390869
0.72,0.85,0.4,0.66,1.05,1.04,0.15,0.65,0.15,16726,5.725452184677124
0.71,0.85,0.4,0.66,1.05,1.04,0.14,0.65,0.15,16601,5.730031967163086
0.72,0.85,0.4,0.66,1.04,1.04,0.14,0.65,0.15,16506,5.7336485385894775
0.71,0.85,0.4,0.66,1.04,1.04,0.14,0.65,0.15,16645,5.734717130661011
0.71,0.85,0.4,0.65,1.04,1.04,0.15,0.65,0.15,16556,5.7376909255981445
0.71,0.86,0.4,0.66,1.04,1.04,0.14,0.64,0.14,16045,5.742693185806274
0.72,0.85,0.4,0.66,1.04,1.04,0.15,0.65,0.15,15862,5.745910167694092
0.71,0.85,0.4,0.66,1.04,1.03,0.14,0.65,0.15,16367,5.746720790863037
0.71,0.85,0.4,0.66,1.05,1.04,0.14,0.65,0.15,16330,5.7506914138793945
0.71,0.85,0.4,0.66,1.04,1.04,0.15,0.65,0.15,16275,5.754355192184448
0.71,0.85,0.4,0.66,1.05,1.04,0.14,0.65,0.15,16188,5.758295297622681
0.72,0.85,0.4,0.66,1.04,1.04,0.15,0.65,0.15,16193,5.7596330642700195
0.71,0.85,0.4,0.66,1.04,1.04,0.14,0.65,0.15,16048,5.762719392776489
0.71,0.85,0.4,0.66,1.04,1.04,0.14,0.65,0.15,16245,5.767024040222168
0.71,0.85,0.4,0.66,1.04,1.04,0.14,0.65,0.16,16466,5.7704758644104
0.71,0.85,0.4,0.66,1.04,1.04,0.14,0.65,0.14,16455,5.7744481563568115
0.71,0.85,0.4,0.66,1.04,1.04,0.14,0.65,0.15,16320,5.775024175643921
0.71,0.86,0.4,0.66,1.04,1.04,0.14,0.65,0.15,16157,5.779656410217285
0.71,0.85,0.4,0.66,1.04,1.04,0.14,0.64,0.15,16246,5.783533811569214
0.72,0.85,0.39,0.66,1.04,1.04,0.14,0.65,0.15,16123,5.786589622497559
0.72,0.85,0.39,0.66,1.04,1.03,0.15,0.65,0.15,16450,5.78756856918335
0.72,0.85,0.4,0.65,1.04,1.03,0.14,0.65,0.15,16865,5.79096531867981
0.72,0.85,0.4,0.65,1.04,1.04,0.14,0.65,0.15,17160,5.795122385025024
0.72,0.85,0.4,0.66,1.04,1.03,0.13,0.65,0.14,16613,5.798778772354126
0.72,0.86,0.4,0.66,1.04,1.04,0.15,0.64,0.15,16574,5.799331426620483
0.72,0.85,0.39,0.66,1.04,1.04,0.14,0.64,0.15,16381,5.803746938705444
0.71,0.85,0.4,0.66,1.04,1.03,0.15,0.65,0.15,16142,5.807523727416992
0.72,0.86,0.4,0.65,1.04,1.04,0.14,0.65,0.15,16341,5.811303377151489
0.72,0.85,0.39,0.66,1.04,1.04,0.14,0.65,0.15,16592,5.811303377151489
0.72,0.85,0.39,0.66,1.04,1.04,0.15,0.65,0.15,17045,5.815318822860718
0.71,0.85,0.39,0.66,1.04,1.04,0.13,0.65,0.15,16934,5.819475889205933
0.72,0.85,0.39,0.66,1.04,1.04,0.15,0.65,0.15,16165,5.8238091468811035
0.72,0.85,0.39,0.66,1.04,1.04,0.14,0.65,0.15,16164,5.824809789657593
0.72,0.85,0.4,0.66,1.04,1.04,0.15,0.65,0.15,16383,5.827390432357788
0.72,0.85,0.4,0.66,1.04,1.04,0.14,0.64,0.15,16468,5.8318867683410645
0.72,0.85,0.4,0.66,1.04,1.04,0.14,0.65,0.15,16271,5.836045980453491
0.72,0.85,0.39,0.66,1.04,1.04,0.14,0.65,0.15,16392,5.836045980453491
0.72,0.85,0.4,0.66,1.04,1.04,0.15,0.65,0.15,16209,5.8402299880981445
0.72,0.85,0.39,0.66,1.04,1.04,0.14,0.65,0.15,16450,5.844236135482788
0.72,0.85,0.4,0.66,1.04,1.04,0.14,0.65,0.15,16103,5.848347187042236
0.72,0.85,0.4,0.66,1.04,1.04,0.15,0.65,0.15,15906,5.851337432861328
0.72,0.85,0.4,0.66,1.05,1.04,0.14,0.65,0.15,16457,5.8523476123809814
0.71,0.85,0.4,0.66,1.04,1.04,0.14,0.65,0.15,16710,5.8563477993011475
0.72,0.85,0.4,0.66,1.05,1.04,0.14,0.65,0.15,16065,5.860317707061768
0.72,0.85,0.4,0.66,1.05,1.04,0.15,0.65,0.15,16220,5.86429762840271
0.72,0.85,0.4,0.66,1.05,1.04,0.13,0.65,0.15,16477,5.865362644195557
0.72,0.85,0.4,0.66,1.05,1.04,0.14,0.65,0.15,16318,5.8683085441589355
0.72,0.85,0.4,0.66,1.04,1.04,0.15,0.65,0.15,16417,5.873300552368164
0.72,0.85,0.4,0.66,1.05,1.04,0.14,0.65,0.15,16310,5.876907110214233
0.72,0.85,0.4,0.66,1.05,1.04,0.14,0.65,0.15,15993,5.877716302871704
0.72,0.85,0.4,0.66,1.05,1.04,0.14,0.65,0.15,16414,5.881715297698975
0.72,0.85,0.39,0.66,1.05,1.04,0.15,0.65,0.15,16231,5.886191129684448
0.72,0.85,0.4,0.66,1.05,1.04,0.14,0.65,0.15,16126,5.889333009719849
0.72,0.85,0.39,0.66,1.04,1.04,0.14,0.65,0.15,16811,5.890394926071167
0.72,0.85,0.39,0.65,1.05,1.04,0.14,0.65,0.15,16770,5.893407344818115
0.72,0.85,0.4,0.66,1.04,1.04,0.15,0.65,0.15,16445,5.898407697677612
0.72,0.85,0.4,0.66,1.04,1.04,0.15,0.65,0.15,16670,5.901060581207275
0.71,0.85,0.4,0.66,1.04,1.04,0.14,0.65,0.15,16429,5.902072429656982
0.72,0.85,0.4,0.66,1.05,1.04,0.15,0.65,0.15,16818,5.906351089477539
0.72,0.85,0.4,0.66,1.04,1.04,0.14,0.65,0.15,16733,5.910757303237915
0.72,0.85,0.4,0.66,1.04,1.04,0.15,0.65,0.15,16502,5.913832664489746
0.72,0.85,0.4,0.66,1.04,1.04,0.14,0.65,0.15,16653,5.914892911911011
0.72,0.85,0.4,0.66,1.04,1.04,0.15,0.65,0.15,16316,5.9175193309783936
0.72,0.85,0.39,0.66,1.05,1.04,0.13,0.65,0.15,16051,5.922752857208252
0.72,0.85,0.39,0.66,1.05,1.04,0.15,0.65,0.15,16222,5.9257519245147705
0.72,0.85,0.4,0.66,1.05,1.04,0.14,0.65,0.15,16075,5.926262617111206
0.71,0.85,0.39,0.66,1.04,1.04,0.14,0.65,0.15,16300,5.9303879737854
0.72,0.85,0.4,0.66,1.05,1.04,0.15,0.64,0.15,16065,5.934386968612671
0.72,0.85,0.4,0.66,1.04,1.04,0.14,0.65,0.15,16068,5.938360214233398
0.72,0.85,0.39,0.66,1.05,1.04,0.14,0.65,0.15,15901,5.938360214233398
0.72,0.85,0.39,0.66,1.05,1.04,0.14,0.65,0.15,16114,5.942353010177612
0.72,0.85,0.39,0.66,1.04,1.04,0.14,0.65,0.15,16147,5.946354389190674
0.72,0.85,0.39,0.66,1.05,1.04,0.14,0.65,0.15,16390,5.95135760307312
0.72,0.85,0.4,0.66,1.04,1.04,0.14,0.65,0.15,16453,5.954351902008057
0.72,0.85,0.39,0.66,1.05,1.04,0.14,0.65,0.15,16618,5.955352544784546
0.72,0.85,0.4,0.66,1.04,1.04,0.14,0.65,0.15,16537,5.95842981338501
0.72,0.85,0.39,0.66,1.04,1.04,0.15,0.65,0.15,16508,5.962664604187012
0.72,0.85,0.39,0.66,1.04,1.04,0.13,0.65,0.15,16561,5.966831922531128
0.72,0.85,0.39,0.66,1.04,1.04,0.15,0.64,0.15,16524,5.967900276184082
0.72,0.85,0.39,0.66,1.05,1.04,0.14,0.65,0.15,16491,5.971045732498169
0.72,0.85,0.39,0.66,1.05,1.04,0.15,0.65,0.15,15940,5.975813150405884
0.72,0.85,0.39,0.66,1.05,1.04,0.15,0.65,0.15,16069,5.9794206619262695
0.72,0.85,0.39,0.67,1.05,1.04,0.14,0.65,0.15,16350,5.980437278747559
0.72,0.85,0.39,0.67,1.05,1.04,0.15,0.65,0.15,16407,5.983668565750122
0.71,0.85,0.39,0.66,1.04,1.04,0.15,0.65,0.15,16196,5.98799991607666
0.72,0.85,0.39,0.66,1.04,1.04,0.15,0.65,0.15,16423,5.991275787353516
0.72,0.85,0.4,0.66,1.04,1.04,0.14,0.65,0.15,16614,5.992343187332153
0.72,0.85,0.39,0.66,1.04,1.04,0.15,0.64,0.15,16345,5.995849370956421
0.72,0.85,0.39,0.66,1.05,1.04,0.14,0.65,0.15,16258,6.000127792358398
0.72,0.85,0.39,0.66,1.04,1.04,0.15,0.65,0.15,16075,6.004403352737427
0.71,0.85,0.39,0.66,1.04,1.04,0.14,0.65,0.15,15936,6.004403352737427
0.72,0.85,0.39,0.65,1.04,1.04,0.15,0.65,0.15,15983,6.008694171905518
0.72,0.85,0.39,0.66,1.04,1.04,0.15,0.65,0.15,16414,6.01199197769165
0.72,0.86,0.39,0.66,1.04,1.04,0.15,0.65,0.15,16109,6.0171966552734375
0.72,0.85,0.39,0.66,1.04,1.04,0.15,0.65,0.15,15770,6.0171966552734375
0.72,0.85,0.39,0.66,1.04,1.04,0.15,0.65,0.15,16269,6.020200967788696
0.72,0.85,0.39,0.66,1.04,1.04,0.15,0.65,0.15,16270,6.0244300365448
0.72,0.85,0.39,0.66,1.04,1.04,0.15,0.65,0.15,15969,6.028943061828613
0.72,0.85,0.39,0.66,1.05,1.04,0.15,0.65,0.15,15852,6.032471418380737
0.71,0.85,0.39,0.66,1.04,1.04,0.14,0.65,0.15,16231,6.032905578613281
0.71,0.85,0.39,0.66,1.04,1.04,0.15,0.65,0.15,16646,6.036930799484253
0.72,0.85,0.39,0.66,1.04,1.04,0.15,0.65,0.15,16777,6.04127311706543
0.72,0.85,0.39,0.66,1.05,1.04,0.15,0.65,0.15,16160,6.044168710708618
0.71,0.85,0.39,0.66,1.04,1.04,0.16,0.65,0.15,15747,6.04521369934082
0.71,0.85,0.39,0.66,1.04,1.04,0.15,0.65,0.15,16280,6.049818992614746
0.71,0.85,0.4,0.66,1.04,1.04,0.15,0.64,0.15,16727,6.05390739440918
0.72,0.85,0.39,0.66,1.04,1.04,0.14,0.64,0.15,16512,6.057110548019409
0.71,0.85,0.39,0.66,1.05,1.04,0.15,0.65,0.15,16391,6.057907342910767
0.72,0.85,0.4,0.66,1.04,1.04,0.15,0.65,0.15,16600,6.061187505722046
0.72,0.84,0.4,0.65,1.04,1.04,0.15,0.65,0.15,16635,6.06619119644165
0.72,0.85,0.39,0.66,1.04,1.04,0.14,0.65,0.15,16172,6.070347785949707
0.71,0.84,0.4,0.66,1.05,1.04,0.14,0.65,0.15,16357,6.070347785949707
0.71,0.85,0.4,0.66,1.04,1.04,0.15,0.65,0.15,16326,6.073533296585083
0.71,0.85,0.39,0.66,1.05,1.04,0.14,0.64,0.16,16431,6.078630447387695
0.72,0.85,0.4,0.66,1.05,1.04,0.15,0.65,0.16,16720,6.082080602645874
0.72,0.85,0.39,0.66,1.05,1.04,0.15,0.65,0.15,16169,6.083093166351318
0.71,0.85,0.39,0.66,1.04,1.04,0.14,0.65,0.15,16106,6.086524724960327
0.72,0.85,0.39,0.66,1.04,1.04,0.14,0.65,0.15,16269,6.090523719787598
0.71,0.85,0.39,0.66,1.04,1.04,0.15,0.65,0.15,15990,6.0945234298706055
0.71,0.85,0.39,0.66,1.04,1.04,0.14,0.65,0.15,16275,6.0945234298706055
0.72,0.85,0.39,0.66,1.04,1.04,0.15,0.65,0.15,16338,6.0985634326934814
0.72,0.85,0.4,0.66,1.04,1.04,0.14,0.65,0.15,16659,6.102626323699951
0.72,0.85,0.4,0.66,1.04,1.04,0.15,0.65,0.15,16518,6.1063995361328125
0.72,0.85,0.4,0.66,1.04,1.04,0.15,0.64,0.15,16093,6.109816789627075
0.72,0.85,0.39,0.66,1.04,1.04,0.14,0.65,0.15,16450,6.110458135604858
0.72,0.85,0.39,0.66,1.04,1.04,0.15,0.65,0.15,16869,6.1147801876068115
0.71,0.85,0.39,0.66,1.04,1.04,0.14,0.65,0.15,16648,6.119218111038208
0.72,0.86,0.39,0.66,1.04,1.04,0.14,0.65,0.15,16367,6.1227333545684814
0.71,0.85,0.39,0.66,1.05,1.04,0.15,0.65,0.15,16120,6.123736619949341
0.71,0.86,0.39,0.66,1.04,1.04,0.14,0.65,0.15,15971,6.126726150512695
0.72,0.85,0.39,0.66,1.04,1.04,0.14,0.65,0.15,16174,6.131736993789673
0.71,0.85,0.39,0.66,1.05,1.04,0.14,0.65,0.15,16611,6.134435653686523
0.72,0.85,0.4,0.66,1.04,1.04,0.14,0.65,0.14,16336,6.135492324829102
0.71,0.85,0.4,0.66,1.04,1.04,0.14,0.65,0.14,16363,6.138965606689453
0.71,0.85,0.4,0.66,1.04,1.04,0.14,0.65,0.15,16262,6.143495082855225
0.71,0.85,0.39,0.65,1.04,1.04,0.15,0.65,0.15,15987,6.147013902664185
0.71,0.85,0.39,0.65,1.04,1.04,0.14,0.65,0.15,15704,6.147587299346924
0.71,0.85,0.39,0.65,1.04,1.04,0.14,0.65,0.14,15663,6.151114463806152
0.71,0.86,0.4,0.66,1.04,1.04,0.14,0.64,0.14,16166,6.155107498168945
0.71,0.85,0.4,0.65,1.04,1.04,0.14,0.64,0.14,16181,6.15910792350769
0.71,0.85,0.39,0.66,1.04,1.04,0.13,0.65,0.15,16448,6.160109519958496
0.7,0.85,0.39,0.65,1.05,1.04,0.14,0.64,0.15,16477,6.1633405685424805
0.72,0.85,0.39,0.66,1.04,1.03,0.15,0.64,0.15,16670,6.1679582595825195
0.71,0.85,0.39,0.65,1.04,1.04,0.15,0.64,0.15,16793,6.17159628868103
0.71,0.86,0.39,0.65,1.04,1.04,0.15,0.64,0.15,16344,6.174975395202637
0.71,0.86,0.4,0.65,1.04,1.04,0.15,0.64,0.15,16159,6.176485300064087
0.71,0.85,0.39,0.66,1.05,1.04,0.14,0.64,0.14,16596,6.180497884750366
0.71,0.85,0.39,0.66,1.04,1.04,0.15,0.65,0.15,16619,6.184499025344849
0.7,0.85,0.39,0.66,1.04,1.04,0.14,0.65,0.15,16780,6.18749737739563
0.71,0.85,0.39,0.65,1.04,1.04,0.15,0.65,0.15,16767,6.188498497009277
0.7,0.85,0.39,0.66,1.05,1.04,0.15,0.65,0.15,16370,6.1919145584106445
0.71,0.85,0.39,0.65,1.04,1.04,0.15,0.65,0.15,16623,6.197060823440552
0.71,0.85,0.4,0.66,1.04,1.04,0.15,0.65,0.15,16920,6.200254201889038
0.71,0.85,0.39,0.66,1.04,1.04,0.15,0.65,0.15,16769,6.201281309127808
0.71,0.85,0.4,0.66,1.05,1.04,0.14,0.65,0.15,16330,6.204287052154541
0.71,0.85,0.39,0.66,1.04,1.04,0.15,0.64,0.15,16457,6.208529233932495
0.71,0.86,0.39,0.66,1.05,1.04,0.15,0.65,0.15,16632,6.212842702865601
0.71,0.85,0.39,0.66,1.04,1.04,0.15,0.64,0.15,16165,6.212842702865601
0.71,0.85,0.39,0.66,1.04,1.04,0.15,0.65,0.15,16476,6.216512441635132
0.71,0.85,0.39,0.66,1.04,1.04,0.15,0.65,0.15,16663,6.22091817855835
0.71,0.85,0.39,0.66,1.04,1.04,0.15,0.65,0.15,16468,6.2241857051849365
0.71,0.85,0.39,0.66,1.05,1.04,0.15,0.65,0.15,16183,6.225193977355957
0.71,0.86,0.4,0.66,1.04,1.04,0.15,0.65,0.15,16060,6.229426622390747
0.71,0.85,0.39,0.66,1.05,1.04,0.15,0.64,0.15,16007,6.233472585678101
0.71,0.85,0.39,0.66,1.04,1.04,0.15,0.65,0.15,16192,6.23784613609314
0.71,0.86,0.4,0.66,1.04,1.04,0.15,0.65,0.15,16007,6.241424083709717
0.71,0.85,0.4,0.67,1.04,1.04,0.15,0.65,0.15,15908,6.242499351501465
0.7,0.85,0.39,0.67,1.04,1.04,0.14,0.65,0.14,16147,6.246579885482788
0.72,0.85,0.39,0.66,1.04,1.04,0.14,0.64,0.15,16218,6.249927997589111
0.71,0.85,0.39,0.66,1.04,1.04,0.15,0.65,0.15,16865,6.253198146820068
0.71,0.85,0.39,0.66,1.04,1.04,0.15,0.64,0.15,16348,6.254250764846802
0.71,0.85,0.39,0.66,1.05,1.04,0.15,0.65,0.15,16091,6.258268356323242
0.71,0.85,0.4,0.66,1.05,1.04,0.15,0.64,0.15,16340,6.262598514556885
0.71,0.85,0.39,0.66,1.05,1.04,0.15,0.65,0.15,16221,6.265861988067627
0.71,0.85,0.4,0.66,1.05,1.04,0.14,0.65,0.15,16060,6.26659893989563
0.71,0.85,0.4,0.66,1.05,1.04,0.15,0.65,0.15,16739,6.270038843154907
0.71,0.85,0.4,0.66,1.04,1.03,0.15,0.65,0.15,16634,6.275303602218628
0.71,0.85,0.4,0.66,1.04,1.03,0.15,0.65,0.15,15999,6.2783308029174805
0.71,0.85,0.39,0.66,1.04,1.04,0.15,0.65,0.15,16652,6.279167652130127
0.71,0.85,0.39,0.66,1.05,1.03,0.15,0.65,0.15,16897,6.28314733505249
0.71,0.85,0.39,0.66,1.04,1.03,0.14,0.64,0.14,16486,6.287621736526489
0.7,0.84,0.39,0.66,1.04,1.04,0.14,0.65,0.15,16447,6.2901389598846436
0.7,0.85,0.4,0.66,1.05,1.03,0.15,0.65,0.15,16358,6.291150808334351
0.71,0.85,0.4,0.66,1.04,1.03,0.15,0.65,0.15,16745,6.295415163040161
0.71,0.85,0.39,0.65,1.04,1.03,0.15,0.65,0.15,16942,6.29942774772644
0.71,0.85,0.4,0.66,1.05,1.04,0.14,0.64,0.14,16741,6.30241584777832
0.7,0.85,0.4,0.66,1.04,1.04,0.14,0.65,0.15,16460,6.306600093841553
0.7,0.85,0.4,0.66,1.05,1.04,0.15,0.64,0.15,16663,6.306600093841553
0.7,0.85,0.4,0.65,1.04,1.04,0.15,0.65,0.15,16630,6.311181545257568
0.7,0.85,0.4,0.65,1.05,1.04,0.15,0.65,0.15,16359,6.315181016921997
0.7,0.85,0.4,0.66,1.05,1.04,0.14,0.64,0.14,15918,6.319180965423584
0.7,0.85,0.4,0.65,1.05,1.04,0.15,0.65,0.15,16147,6.319180965423584
0.71,0.85,0.4,0.66,1.05,1.03,0.15,0.65,0.15,16410,6.323469161987305
0.71,0.85,0.4,0.65,1.05,1.03,0.15,0.65,0.15,16529,6.327647924423218
0.7,0.85,0.4,0.66,1.05,1.04,0.13,0.64,0.14,16516,6.330754041671753
0.71,0.85,0.4,0.66,1.05,1.04,0.14,0.64,0.14,16581,6.332091808319092
0.71,0.85,0.4,0.65,1.05,1.02,0.15,0.65,0.15,16722,6.335827827453613
0.71,0.85,0.39,0.65,1.05,1.03,0.15,0.64,0.15,16163,6.340427875518799
0.7,0.85,0.39,0.65,1.05,1.04,0.14,0.64,0.14,15896,6.343684673309326
0.7,0.85,0.4,0.66,1.05,1.04,0.13,0.64,0.14,16031,6.344428062438965
0.7,0.85,0.39,0.65,1.04,1.03,0.14,0.65,0.15,16334,6.348736047744751
0.71,0.85,0.39,0.66,1.05,1.03,0.15,0.65,0.15,16625,6.352090120315552
0.7,0.85,0.39,0.65,1.04,1.04,0.14,0.65,0.14,16446,6.3561296463012695
0.71,0.85,0.39,0.66,1.04,1.04,0.14,0.64,0.14,16413,6.3571836948394775
0.7,0.85,0.4,0.65,1.05,1.03,0.15,0.65,0.15,16122,6.360173225402832
0.71,0.85,0.4,0.66,1.04,1.03,0.15,0.65,0.15,15981,6.364527940750122
0.71,0.85,0.4,0.65,1.05,1.04,0.15,0.65,0.14,15908,6.368646144866943
0.7,0.85,0.4,0.65,1.04,1.04,0.14,0.64,0.14,15447,6.368646144866943
0.7,0.85,0.4,0.65,1.05,1.03,0.14,0.65,0.15,15584,6.37270450592041
0.71,0.85,0.4,0.65,1.05,1.03,0.15,0.65,0.15,16069,6.377164840698242
0.71,0.85,0.4,0.65,1.05,1.03,0.15,0.65,0.15,16596,6.3810646533966064
0.71,0.85,0.4,0.65,1.04,1.04,0.14,0.64,0.14,16585,6.384456157684326
0.71,0.85,0.4,0.65,1.04,1.04,0.13,0.64,0.14,16710,6.385097503662109
0.71,0.85,0.4,0.65,1.04,1.03,0.15,0.65,0.15,17095,6.389515161514282
0.7,0.85,0.4,0.65,1.04,1.03,0.15,0.65,0.15,16902,6.392806053161621
0.71,0.85,0.4,0.66,1.04,1.04,0.14,0.64,0.14,16231,6.39710259437561
0.71,0.85,0.39,0.65,1.04,1.04,0.14,0.64,0.14,16408,6.397951602935791
0.71,0.85,0.4,0.66,1.04,1.03,0.15,0.65,0.15,16043,6.401139974594116
0.7,0.85,0.4,0.65,1.04,1.03,0.15,0.65,0.15,16096,6.40652871131897
0.71,0.85,0.4,0.66,1.05,1.04,0.15,0.65,0.14,16355,6.409497499465942
0.7,0.85,0.4,0.66,1.05,1.04,0.14,0.64,0.14,16496,6.409497499465942
0.71,0.85,0.4,0.66,1.05,1.03,0.15,0.64,0.14,16477,6.413584232330322
0.71,0.85,0.4,0.66,1.05,1.03,0.15,0.64,0.15,16636,6.417584419250488
0.71,0.85,0.39,0.66,1.05,1.03,0.15,0.64,0.15,16461,6.421677589416504
0.71,0.85,0.4,0.66,1.05,1.04,0.14,0.64,0.14,16144,6.422584056854248
0.71,0.85,0.4,0.66,1.04,1.03,0.14,0.64,0.15,16487,6.426584243774414
0.7,0.85,0.4,0.66,1.05,1.03,0.15,0.64,0.15,16564,6.429882049560547
0.7,0.85,0.4,0.66,1.05,1.03,0.15,0.65,0.15,16355,6.434125900268555
0.71,0.84,0.4,0.66,1.05,1.03,0.15,0.65,0.14,16148,6.434125900268555
0.7,0.85,0.4,0.66,1.05,1.03,0.14,0.64,0.13,16297,6.438568353652954
0.71,0.85,0.4,0.66,1.06,1.03,0.14,0.64,0.15,16596,6.4425671100616455
0.71,0.85,0.39,0.66,1.05,1.03,0.15,0.64,0.15,16821,6.447113513946533
0.71,0.85,0.4,0.66,1.05,1.03,0.15,0.65,0.15,16356,6.447113513946533
0.71,0.85,0.4,0.66,1.05,1.03,0.13,0.64,0.14,16315,6.450831413269043
0.71,0.85,0.4,0.66,1.04,1.03,0.14,0.64,0.15,16938,6.454399347305298
0.71,0.85,0.4,0.66,1.05,1.03,0.15,0.64,0.15,16649,6.457859039306641
0.7,0.85,0.4,0.66,1.04,1.03,0.15,0.64,0.15,16450,6.458855628967285
0.71,0.85,0.4,0.66,1.04,1.03,0.14,0.64,0.14,16413,6.462860345840454
0.7,0.85,0.4,0.66,1.05,1.03,0.14,0.64,0.15,16602,6.467225074768066
0.7,0.85,0.4,0.66,1.04,1.03,0.15,0.65,0.15,16569,6.471191644668579
0.71,0.85,0.39,0.66,1.04,1.03,0.15,0.64,0.15,16310,6.472208499908447
0.7,0.85,0.39,0.66,1.04,1.03,0.14,0.64,0.14,16223,6.474867820739746
0.71,0.85,0.4,0.67,1.05,1.03,0.14,0.64,0.15,16124,6.4790544509887695
0.71,0.85,0.4,0.66,1.05,1.03,0.14,0.65,0.15,15845,6.483428001403809
0.71,0.84,0.39,0.65,1.04,1.03,0.15,0.64,0.15,15790,6.487461090087891
0.7,0.85,0.39,0.66,1.04,1.03,0.14,0.64,0.15,16193,6.487461090087891
0.7,0.85,0.4,0.66,1.05,1.03,0.14,0.64,0.14,15542,6.491451025009155
0.71,0.85,0.4,0.66,1.05,1.03,0.15,0.64,0.15,15879,6.49651575088501
0.7,0.85,0.4,0.66,1.04,1.03,0.15,0.64,0.15,16280,6.499489784240723
0.71,0.85,0.4,0.65,1.05,1.03,0.15,0.64,0.15,16105,6.499489784240723
0.7,0.85,0.4,0.66,1.05,1.03,0.14,0.64,0.14,15902,6.504575967788696
0.71,0.85,0.4,0.66,1.04,1.03,0.14,0.64,0.15,15955,6.50838303565979
0.7,0.85,0.39,0.66,1.04,1.03,0.15,0.65,0.15,16240,6.511807918548584
0.71,0.85,0.39,0.66,1.04,1.03,0.15,0.64,0.15,16479,6.512778997421265
0.71,0.85,0.39,0.66,1.05,1.04,0.14,0.64,0.14,16334,6.516749858856201
0.71,0.85,0.4,0.66,1.05,1.03,0.14,0.64,0.14,16165,6.5207788944244385
0.71,0.85,0.4,0.66,1.04,1.03,0.15,0.64,0.15,15884,6.524779319763184
0.71,0.85,0.4,0.66,1.04,1.03,0.15,0.64,0.15,16245,6.524779319763184
0.71,0.85,0.4,0.66,1.05,1.04,0.15,0.64,0.15,16438,6.5287792682647705
0.71,0.85,0.4,0.66,1.05,1.04,0.14,0.64,0.14,16239,6.533301591873169
0.71,0.85,0.4,0.66,1.04,1.03,0.15,0.64,0.15,16146,6.5365283489227295
0.7,0.85,0.4,0.66,1.05,1.04,0.15,0.64,0.15,15937,6.537507057189941
0.71,0.85,0.4,0.65,1.05,1.03,0.15,0.64,0.15,16414,6.541523218154907
0.71,0.85,0.4,0.66,1.05,1.04,0.14,0.64,0.14,16249,6.545337200164795
0.71,0.85,0.4,0.66,1.05,1.04,0.15,0.64,0.15,16014,6.549542188644409
0.71,0.85,0.39,0.66,1.04,1.03,0.14,0.64,0.15,16383,6.549542188644409
0.71,0.85,0.39,0.66,1.04,1.03,0.15,0.64,0.15,16158,6.553572177886963
0.7,0.85,0.39,0.66,1.04,1.03,0.15,0.65,0.15,16183,6.556539058685303
0.71,0.85,0.4,0.66,1.05,1.03,0.15,0.64,0.15,16424,6.5607404708862305
0.7,0.85,0.4,0.66,1.05,1.03,0.14,0.64,0.15,16603,6.564544200897217
0.7,0.85,0.4,0.66,1.05,1.03,0.15,0.64,0.15,16472,6.56574559211731
0.7,0.85,0.4,0.65,1.05,1.04,0.15,0.64,0.15,16641,6.568744897842407
0.71,0.85,0.4,0.66,1.05,1.03,0.15,0.64,0.15,16390,6.573804616928101
0.71,0.85,0.4,0.66,1.05,1.04,0.15,0.64,0.15,15913,6.577162504196167
0.7,0.85,0.4,0.66,1.04,1.04,0.15,0.64,0.15,16042,6.577162504196167
0.7,0.85,0.4,0.66,1.05,1.04,0.15,0.64,0.15,15993,6.581530570983887
0.71,0.85,0.4,0.66,1.04,1.03,0.15,0.64,0.15,16234,6.585535764694214
0.71,0.85,0.4,0.66,1.05,1.04,0.15,0.64,0.15,16319,6.589548349380493
0.71,0.85,0.4,0.66,1.04,1.04,0.15,0.64,0.15,16306,6.590561866760254
0.71,0.85,0.4,0.67,1.04,1.04,0.15,0.64,0.15,16553,6.5936667919158936
0.71,0.85,0.41,0.66,1.04,1.04,0.15,0.64,0.15,16718,6.59766411781311
0.71,0.85,0.4,0.66,1.04,1.03,0.15,0.64,0.15,16657,6.601599454879761
0.71,0.85,0.4,0.66,1.04,1.03,0.15,0.64,0.15,16378,6.602605819702148
0.71,0.84,0.4,0.66,1.05,1.04,0.14,0.64,0.15,16153,6.606616497039795
0.71,0.85,0.4,0.66,1.04,1.03,0.15,0.64,0.15,16298,6.61019229888916
0.71,0.85,0.4,0.66,1.05,1.03,0.15,0.64,0.15,16395,6.614487409591675
0.71,0.85,0.4,0.66,1.04,1.03,0.15,0.64,0.15,16532,6.614487409591675
0.7,0.85,0.4,0.66,1.04,1.03,0.14,0.64,0.14,16211,6.617940425872803
0.71,0.85,0.4,0.66,1.05,1.04,0.14,0.64,0.14,16398,6.6220293045043945
0.7,0.85,0.4,0.66,1.05,1.04,0.15,0.64,0.15,16363,6.627027988433838
0.71,0.85,0.4,0.65,1.05,1.03,0.15,0.64,0.15,16376,6.627027988433838
0.71,0.85,0.4,0.65,1.05,1.03,0.15,0.64,0.15,16547,6.630024671554565
0.71,0.85,0.4,0.65,1.05,1.04,0.14,0.64,0.14,16644,6.634021520614624
0.71,0.85,0.4,0.66,1.04,1.04,0.14,0.64,0.15,16649,6.63926887512207
0.71,0.85,0.4,0.66,1.05,1.03,0.15,0.64,0.15,16322,6.642552375793457
0.71,0.85,0.4,0.66,1.05,1.03,0.15,0.64,0.15,16363,6.642552375793457
0.71,0.85,0.4,0.66,1.04,1.03,0.14,0.64,0.15,16198,6.6466944217681885
0.71,0.85,0.4,0.66,1.05,1.04,0.14,0.64,0.14,16397,6.650691032409668
0.71,0.85,0.4,0.66,1.05,1.03,0.14,0.64,0.15,16098,6.654989004135132
0.71,0.85,0.4,0.65,1.05,1.03,0.15,0.64,0.15,15967,6.6558685302734375
0.71,0.84,0.4,0.66,1.05,1.03,0.15,0.64,0.15,15918,6.659505367279053
0.71,0.85,0.4,0.66,1.05,1.03,0.13,0.64,0.14,16113,6.663846254348755
0.71,0.85,0.4,0.65,1.05,1.04,0.13,0.64,0.14,16538,6.666990041732788
0.71,0.85,0.4,0.66,1.05,1.03,0.14,0.64,0.15,16773,6.6680238246917725
0.71,0.85,0.4,0.65,1.05,1.03,0.14,0.64,0.15,16714,6.672022342681885
0.71,0.85,0.4,0.66,1.05,1.04,0.14,0.64,0.14,16371,6.675373077392578
0.71,0.85,0.4,0.66,1.05,1.04,0.13,0.64,0.14,16312,6.67993426322937
0.71,0.85,0.4,0.66,1.05,1.03,0.14,0.64,0.15,16061,6.680996417999268
0.71,0.85,0.4,0.65,1.05,1.03,0.15,0.64,0.15,16214,6.683989763259888
0.71,0.85,0.4,0.66,1.05,1.03,0.14,0.64,0.15,16355,6.687930583953857
0.71,0.85,0.4,0.65,1.05,1.03,0.13,0.64,0.14,16758,6.692660570144653
0.7,0.85,0.4,0.65,1.05,1.03,0.13,0.64,0.15,16371,6.692660570144653
0.71,0.85,0.4,0.65,1.04,1.03,0.15,0.64,0.15,16236,6.696660280227661
0.71,0.85,0.4,0.66,1.05,1.03,0.14,0.64,0.15,16645,6.701221466064453
0.71,0.85,0.4,0.66,1.05,1.04,0.14,0.63,0.14,16564,6.705549716949463
0.71,0.85,0.4,0.65,1.05,1.04,0.14,0.64,0.14,16591,6.7081170082092285
0.71,0.85,0.4,0.65,1.05,1.03,0.15,0.64,0.15,16898,6.708824634552002
0.71,0.85,0.4,0.65,1.05,1.03,0.15,0.64,0.15,17175,6.712860345840454
0.71,0.85,0.4,0.65,1.05,1.03,0.14,0.64,0.14,16916,6.716857194900513
0.71,0.85,0.4,0.65,1.05,1.03,0.14,0.64,0.14,16659,6.7201619148254395
0.71,0.85,0.4,0.65,1.05,1.03,0.15,0.64,0.15,16346,6.720890522003174
0.7,0.85,0.4,0.65,1.05,1.03,0.15,0.64,0.15,16505,6.725366592407227
0.7,0.84,0.4,0.65,1.05,1.04,0.15,0.64,0.15,16404,6.728413820266724
0.71,0.85,0.4,0.66,1.05,1.03,0.14,0.64,0.14,16281,6.732897758483887
0.71,0.85,0.4,0.65,1.05,1.03,0.15,0.64,0.15,16626,6.733432054519653
0.71,0.85,0.4,0.65,1.05,1.03,0.15,0.64,0.15,16605,6.736663341522217
0.7,0.85,0.4,0.65,1.05,1.03,0.14,0.64,0.15,16700,6.741713762283325
0.71,0.85,0.4,0.66,1.04,1.04,0.14,0.64,0.14,16697,6.745293378829956
0.7,0.85,0.4,0.66,1.05,1.03,0.14,0.64,0.16,15992,6.745293378829956
0.71,0.85,0.4,0.65,1.05,1.03,0.15,0.64,0.15,15929,6.749521255493164
0.71,0.85,0.4,0.65,1.05,1.03,0.15,0.64,0.15,16268,6.754554271697998
0.71,0.85,0.4,0.65,1.05,1.03,0.14,0.64,0.14,16503,6.757603168487549
0.71,0.85,0.4,0.65,1.05,1.03,0.14,0.64,0.14,16260,6.758528709411621
0.71,0.85,0.4,0.66,1.05,1.03,0.15,0.64,0.15,16305,6.761552333831787
0.71,0.85,0.4,0.65,1.05,1.03,0.15,0.64,0.15,16280,6.766780853271484
0.7,0.85,0.4,0.65,1.05,1.03,0.15,0.64,0.15,16285,6.770101070404053
0.7,0.85,0.4,0.66,1.05,1.03,0.14,0.64,0.14,16450,6.773883819580078
0.71,0.85,0.4,0.65,1.05,1.03,0.14,0.64,0.15,16285,6.773883819580078
0.71,0.85,0.4,0.65,1.04,1.03,0.14,0.64,0.15,16540,6.778219938278198
0.71,0.85,0.4,0.65,1.05,1.03,0.14,0.64,0.15,16177,6.781800270080566
0.71,0.85,0.4,0.66,1.05,1.03,0.14,0.63,0.14,16004,6.786171913146973
0.7,0.85,0.4,0.66,1.05,1.04,0.14,0.63,0.14,16179,6.7868592739105225
0.71,0.85,0.4,0.66,1.04,1.03,0.15,0.64,0.15,16196,6.791340351104736
0.71,0.85,0.4,0.65,1.05,1.03,0.14,0.64,0.15,16631,6.795057058334351
0.71,0.85,0.4,0.66,1.05,1.04,0.14,0.64,0.14,16472,6.7984983921051025
0.71,0.85,0.4,0.66,1.05,1.04,0.14,0.64,0.14,15919,6.799510717391968
0.71,0.85,0.4,0.65,1.05,1.03,0.15,0.64,0.15,16010,6.802998781204224
0.72,0.85,0.39,0.66,1.05,1.03,0.14,0.64,0.15,16719,6.8069987297058105
0.71,0.85,0.4,0.65,1.05,1.04,0.15,0.64,0.14,16650,6.811000347137451
0.71,0.85,0.4,0.66,1.05,1.04,0.14,0.64,0.14,16383,6.811000347137451
0.71,0.85,0.4,0.65,1.05,1.03,0.15,0.64,0.15,16460,6.814988136291504
0.71,0.85,0.4,0.66,1.05,1.03,0.15,0.64,0.15,16415,6.819066286087036
0.71,0.85,0.4,0.66,1.04,1.03,0.15,0.64,0.15,16332,6.823338747024536
0.7,0.85,0.4,0.66,1.05,1.04,0.14,0.64,0.14,16423,6.823338747024536
0.71,0.85,0.4,0.66,1.05,1.03,0.14,0.65,0.15,16836,6.827338933944702
0.71,0.85,0.4,0.66,1.05,1.02,0.15,0.65,0.15,16701,6.83133864402771
0.71,0.85,0.4,0.65,1.05,1.03,0.15,0.64,0.15,16270,6.835639238357544
0.71,0.85,0.4,0.66,1.05,1.04,0.14,0.64,0.14,16583,6.836671829223633
0.71,0.84,0.4,0.65,1.05,1.04,0.14,0.64,0.14,16770,6.840526103973389
0.71,0.85,0.4,0.65,1.05,1.03,0.15,0.65,0.15,16893,6.84399151802063
0.71,0.85,0.4,0.66,1.05,1.03,0.14,0.64,0.15,16754,6.847286224365234
0.71,0.85,0.4,0.66,1.04,1.04,0.14,0.64,0.14,16497,6.851675748825073
0.7,0.85,0.4,0.66,1.05,1.04,0.13,0.64,0.14,16526,6.85233211517334
0.71,0.84,0.4,0.66,1.04,1.03,0.14,0.64,0.15,16337,6.855839729309082
0.7,0.85,0.4,0.66,1.05,1.03,0.14,0.64,0.15,16080,6.860256195068359
0.71,0.84,0.4,0.66,1.05,1.04,0.14,0.64,0.15,16343,6.8638224601745605
0.71,0.84,0.4,0.66,1.05,1.04,0.13,0.64,0.14,16412,6.864555835723877
0.71,0.85,0.4,0.66,1.05,1.03,0.14,0.65,0.15,16657,6.868555545806885
0.71,0.84,0.4,0.66,1.05,1.03,0.14,0.64,0.15,16464,6.872679948806763
0.71,0.84,0.4,0.66,1.05,1.03,0.14,0.64,0.15,16561,6.875939607620239
0.7,0.84,0.4,0.66,1.05,1.04,0.14,0.64,0.14,16736,6.8766796588897705
0.7,0.84,0.4,0.66,1.05,1.04,0.14,0.64,0.15,16273,6.880531311035156
0.71,0.84,0.4,0.66,1.05,1.03,0.14,0.64,0.15,16512,6.885539531707764
0.7,0.84,0.4,0.66,1.05,1.03,0.15,0.64,0.15,16749,6.88869833946228
0.71,0.84,0.4,0.66,1.05,1.04,0.15,0.64,0.15,16640,6.889774560928345
0.71,0.84,0.4,0.66,1.05,1.04,0.14,0.63,0.14,16677,6.8929688930511475
0.71,0.85,0.4,0.66,1.05,1.03,0.15,0.64,0.15,16416,6.896997690200806
0.7,0.85,0.4,0.66,1.05,1.03,0.15,0.64,0.15,16093,6.9003517627716064
0.7,0.84,0.4,0.66,1.05,1.03,0.15,0.64,0.15,16236,6.901561975479126
0.7,0.85,0.4,0.65,1.05,1.03,0.14,0.64,0.14,16275,6.9056501388549805
0.71,0.85,0.4,0.66,1.05,1.04,0.14,0.64,0.15,16218,6.909650087356567
0.71,0.85,0.4,0.66,1.04,1.03,0.15,0.64,0.15,16137,6.912838935852051
0.7,0.84,0.4,0.65,1.05,1.03,0.15,0.64,0.15,16476,6.912838935852051
0.71,0.85,0.4,0.66,1.04,1.04,0.14,0.64,0.14,15801,6.917821407318115
0.71,0.85,0.4,0.66,1.05,1.03,0.14,0.64,0.15,15992,6.921829462051392
0.71,0.85,0.4,0.66,1.05,1.03,0.15,0.64,0.15,16327,6.926167964935303
0.7,0.85,0.4,0.66,1.05,1.04,0.15,0.64,0.15,16564,6.92873740196228
0.71,0.85,0.4,0.66,1.04,1.04,0.15,0.64,0.14,16385,6.929743766784668
0.71,0.85,0.4,0.66,1.05,1.04,0.14,0.64,0.15,16066,6.933971643447876
0.71,0.85,0.4,0.66,1.04,1.03,0.15,0.64,0.15,16091,6.937571287155151
0.71,0.85,0.4,0.66,1.04,1.04,0.15,0.63,0.15,16502,6.941605567932129
0.71,0.85,0.4,0.66,1.05,1.03,0.15,0.64,0.15,16425,6.941605567932129
0.71,0.85,0.4,0.66,1.04,1.03,0.14,0.64,0.15,16454,6.9455320835113525
0.71,0.85,0.4,0.66,1.04,1.04,0.15,0.64,0.15,16551,6.950559377670288
0.71,0.85,0.4,0.66,1.04,1.03,0.14,0.64,0.15,16472,6.953853607177734
0.71,0.85,0.4,0.66,1.04,1.03,0.15,0.64,0.15,16281,6.954560279846191
0.71,0.85,0.4,0.66,1.04,1.03,0.14,0.64,0.14,16174,6.958557844161987
0.71,0.85,0.4,0.67,1.04,1.04,0.14,0.64,0.15,16039,6.962554454803467
0.71,0.85,0.4,0.66,1.04,1.03,0.15,0.64,0.15,16266,6.965914487838745
0.71,0.85,0.4,0.66,1.04,1.04,0.15,0.64,0.15,16347,6.967039346694946
0.71,0.85,0.4,0.66,1.05,1.04,0.14,0.64,0.14,16224,6.97088885307312
0.7,0.85,0.4,0.66,1.04,1.04,0.14,0.64,0.15,16179,6.97486138343811
0.71,0.85,0.4,0.66,1.05,1.03,0.15,0.64,0.15,16864,6.9789137840271
0.71,0.85,0.4,0.65,1.05,1.04,0.15,0.64,0.15,16499,6.979940414428711
0.71,0.85,0.4,0.66,1.04,1.03,0.15,0.64,0.14,16490,6.983279466629028
0.71,0.85,0.4,0.66,1.04,1.04,0.14,0.64,0.14,16539,6.987684965133667
0.71,0.85,0.4,0.66,1.05,1.04,0.15,0.64,0.15,16436,6.991684913635254
0.71,0.85,0.4,0.66,1.05,1.03,0.15,0.65,0.15,16193,6.991684913635254
0.71,0.85,0.4,0.66,1.05,1.04,0.15,0.64,0.15,16050,6.995191335678101
0.71,0.85,0.4,0.66,1.04,1.04,0.14,0.64,0.14,16403,6.999379396438599
0.72,0.85,0.4,0.66,1.05,1.04,0.15,0.65,0.14,16406,7.003388404846191
0.71,0.85,0.4,0.66,1.04,1.04,0.15,0.64,0.15,16299,7.004430532455444
0.71,0.85,0.39,0.66,1.04,1.04,0.15,0.64,0.15,16336,7.006961345672607
0.71,0.85,0.4,0.66,1.04,1.04,0.15,0.65,0.15,16373,7.012428283691406
0.71,0.85,0.4,0.66,1.04,1.04,0.14,0.64,0.15,16096,7.0164172649383545
0.71,0.85,0.4,0.66,1.04,1.04,0.15,0.65,0.15,16263,7.0164172649383545
0.71,0.85,0.4,0.66,1.04,1.04,0.15,0.65,0.15,16468,7.020321369171143
0.71,0.85,0.4,0.66,1.04,1.04,0.14,0.64,0.14,16085,7.0247483253479
0.71,0.85,0.4,0.66,1.05,1.04,0.14,0.65,0.15,16138,7.028813600540161
0.71,0.85,0.4,0.66,1.05,1.03,0.15,0.64,0.15,16565,7.032017946243286
0.71,0.85,0.4,0.66,1.05,1.03,0.15,0.65,0.15,16584,7.032840013504028
0.71,0.85,0.4,0.66,1.04,1.04,0.15,0.65,0.15,16613,7.035837173461914
0.71,0.85,0.4,0.66,1.05,1.04,0.14,0.64,0.15,16146,7.040356874465942
0.71,0.86,0.4,0.66,1.04,1.03,0.15,0.65,0.15,16119,7.043967962265015
0.71,0.86,0.4,0.66,1.05,1.03,0.14,0.65,0.15,15924,7.045016527175903
0.71,0.85,0.4,0.66,1.05,1.03,0.14,0.64,0.15,16293,7.04901647567749
0.71,0.85,0.4,0.66,1.04,1.04,0.14,0.64,0.15,16260,7.053310871124268
0.71,0.85,0.4,0.66,1.05,1.04,0.14,0.64,0.15,16319,7.056329011917114
0.71,0.85,0.4,0.66,1.05,1.04,0.15,0.64,0.15,16526,7.057375192642212
0.71,0.85,0.4,0.66,1.05,1.04,0.14,0.64,0.15,16349,7.061395645141602
0.71,0.85,0.4,0.66,1.05,1.04,0.15,0.64,0.15,16124,7.06472635269165
0.71,0.85,0.4,0.66,1.05,1.04,0.14,0.64,0.15,16033,7.069727420806885
0.71,0.85,0.4,0.67,1.05,1.03,0.14,0.64,0.15,16072,7.069917917251587
0.71,0.85,0.4,0.66,1.04,1.04,0.15,0.64,0.15,16047,7.073607683181763
0.71,0.85,0.4,0.66,1.05,1.04,0.15,0.64,0.15,16236,7.077349901199341
0.71,0.85,0.4,0.66,1.04,1.04,0.14,0.64,0.14,16439,7.081940412521362
0.71,0.85,0.4,0.66,1.05,1.04,0.14,0.64,0.15,16428,7.081940412521362
0.71,0.85,0.4,0.67,1.04,1.04,0.15,0.64,0.15,16505,7.08541202545166
0.71,0.85,0.4,0.66,1.04,1.04,0.14,0.64,0.15,16284,7.089383602142334
0.71,0.85,0.4,0.66,1.05,1.04,0.14,0.64,0.15,16275,7.094411373138428
0.71,0.85,0.4,0.66,1.05,1.04,0.14,0.64,0.15,16512,7.094411373138428
0.71,0.85,0.4,0.66,1.05,1.03,0.14,0.64,0.15,16191,7.097385406494141
0.71,0.85,0.4,0.66,1.04,1.04,0.15,0.64,0.15,15856,7.102436542510986
0.71,0.85,0.4,0.66,1.04,1.04,0.15,0.65,0.15,16389,7.106106519699097
0.71,0.85,0.4,0.66,1.04,1.04,0.14,0.64,0.15,16806,7.109722375869751
0.71,0.85,0.4,0.66,1.04,1.03,0.15,0.64,0.15,16711,7.11079740524292
0.71,0.85,0.4,0.66,1.05,1.03,0.15,0.65,0.15,16846,7.113766431808472
0.71,0.85,0.4,0.66,1.05,1.04,0.15,0.64,0.15,16741,7.118094444274902
0.71,0.85,0.4,0.66,1.04,1.03,0.14,0.64,0.15,16370,7.122472524642944
0.71,0.85,0.4,0.66,1.04,1.03,0.14,0.64,0.15,16503,7.122472524642944
0.71,0.85,0.4,0.66,1.05,1.03,0.15,0.64,0.15,16678,7.126464605331421
0.71,0.85,0.4,0.66,1.05,1.04,0.14,0.64,0.15,17095,7.13046407699585
0.71,0.85,0.4,0.66,1.05,1.04,0.14,0.64,0.15,16762,7.134494304656982
0.71,0.85,0.4,0.66,1.05,1.04,0.15,0.64,0.15,16235,7.135445594787598
0.71,0.85,0.4,0.66,1.04,1.04,0.15,0.64,0.15,16200,7.1385157108306885
0.71,0.85,0.4,0.67,1.04,1.04,0.15,0.64,0.15,16217,7.142848968505859
0.71,0.85,0.4,0.66,1.05,1.04,0.15,0.64,0.15,16236,7.14728856086731
0.71,0.85,0.39,0.66,1.05,1.04,0.15,0.64,0.15,16547,7.14728856086731
0.71,0.85,0.39,0.66,1.05,1.04,0.15,0.64,0.15,16554,7.150308609008789
0.71,0.85,0.4,0.66,1.05,1.04,0.14,0.64,0.15,16525,7.155308246612549
0.71,0.85,0.4,0.66,1.05,1.04,0.15,0.64,0.15,16398,7.159493923187256
0.71,0.85,0.4,0.66,1.04,1.04,0.15,0.64,0.15,16513,7.160014629364014
0.71,0.85,0.4,0.66,1.05,1.03,0.15,0.64,0.15,17010,7.163452386856079
0.71,0.86,0.4,0.66,1.04,1.04,0.15,0.64,0.15,16737,7.1668381690979
0.71,0.86,0.4,0.66,1.04,1.04,0.15,0.64,0.15,16736,7.171024799346924
0.71,0.86,0.4,0.66,1.04,1.04,0.14,0.64,0.15,16389,7.175061225891113
0.71,0.85,0.4,0.66,1.04,1.03,0.15,0.64,0.15,16262,7.175061225891113
0.71,0.86,0.4,0.66,1.04,1.03,0.14,0.64,0.15,16249,7.178823947906494
0.71,0.85,0.4,0.66,1.04,1.04,0.15,0.64,0.15,16432,7.183934688568115
0.71,0.85,0.4,0.66,1.05,1.04,0.14,0.64,0.15,16105,7.187285661697388
0.72,0.86,0.4,0.66,1.05,1.03,0.15,0.65,0.15,15944,7.187285661697388
0.71,0.86,0.4,0.66,1.05,1.03,0.15,0.65,0.15,16363,7.19131875038147
0.71,0.85,0.4,0.66,1.05,1.04,0.15,0.65,0.15,16668,7.195597410202026
0.71,0.85,0.4,0.66,1.05,1.03,0.15,0.64,0.15,16141,7.199626445770264
0.71,0.86,0.4,0.66,1.05,1.04,0.15,0.64,0.15,15790,7.200631856918335
0.71,0.86,0.4,0.66,1.04,1.03,0.14,0.64,0.15,16281,7.2046287059783936
0.71,0.86,0.4,0.66,1.04,1.03,0.15,0.64,0.15,15914,7.20862889289856
0.71,0.85,0.4,0.66,1.05,1.04,0.15,0.64,0.15,16051,7.211935997009277
0.71,0.85,0.4,0.66,1.05,1.03,0.14,0.65,0.15,16248,7.211935997009277
0.71,0.85,0.4,0.66,1.05,1.03,0.15,0.65,0.15,16813,7.21604061126709
0.71,0.86,0.4,0.66,1.05,1.03,0.14,0.65,0.15,16996,7.220131158828735
0.71,0.85,0.4,0.66,1.05,1.04,0.14,0.64,0.15,16489,7.224130153656006
0.71,0.85,0.4,0.66,1.05,1.04,0.14,0.65,0.15,16384,7.225126504898071
0.71,0.85,0.4,0.66,1.05,1.03,0.14,0.64,0.15,15831,7.228130102157593
0.71,0.85,0.4,0.66,1.05,1.03,0.14,0.64,0.15,16168,7.233126878738403
0.71,0.86,0.4,0.66,1.05,1.04,0.14,0.64,0.15,16459,7.23747992515564
0.71,0.85,0.4,0.66,1.05,1.04,0.14,0.64,0.15,16062,7.23747992515564
0.71,0.85,0.4,0.66,1.05,1.03,0.14,0.64,0.15,16125,7.240476608276367
0.71,0.85,0.4,0.66,1.05,1.03,0.14,0.64,0.15,16496,7.244574785232544
0.71,0.85,0.4,0.65,1.05,1.03,0.14,0.64,0.15,16175,7.249589204788208
0.71,0.85,0.39,0.66,1.05,1.04,0.14,0.65,0.15,16060,7.252592325210571
0.71,0.86,0.4,0.66,1.04,1.03,0.15,0.64,0.15,16389,7.253594160079956
0.71,0.86,0.4,0.66,1.05,1.03,0.14,0.64,0.15,16736,7.257593154907227
0.71,0.85,0.4,0.65,1.04,1.03,0.14,0.64,0.15,16771,7.261751413345337
0.71,0.85,0.4,0.65,1.05,1.02,0.14,0.64,0.15,16096,7.265284538269043
0.71,0.85,0.4,0.66,1.05,1.04,0.14,0.65,0.15,16125,7.265284538269043
0.71,0.85,0.4,0.66,1.05,1.03,0.14,0.65,0.15,16208,7.269154787063599
0.71,0.86,0.4,0.66,1.05,1.03,0.14,0.65,0.15,16553,7.273185729980469
0.71,0.86,0.4,0.66,1.05,1.03,0.15,0.65,0.15,16756,7.277482032775879
0.71,0.86,0.39,0.66,1.04,1.04,0.15,0.64,0.15,16591,7.277482032775879
0.71,0.85,0.4,0.66,1.05,1.04,0.14,0.65,0.15,16398,7.282263994216919
0.72,0.86,0.4,0.66,1.05,1.03,0.14,0.65,0.15,16385,7.285661220550537
0.71,0.85,0.4,0.65,1.05,1.03,0.15,0.64,0.15,16374,7.289715766906738
0.71,0.86,0.4,0.66,1.05,1.04,0.14,0.64,0.15,16321,7.290466785430908
0.71,0.85,0.4,0.66,1.05,1.04,0.14,0.64,0.15,16560,7.294609308242798
0.71,0.86,0.4,0.66,1.04,1.03,0.14,0.65,0.15,16993,7.298613786697388
0.71,0.86,0.4,0.65,1.05,1.03,0.15,0.65,0.15,17098,7.3026134967803955
0.71,0.85,0.4,0.66,1.05,1.04,0.14,0.65,0.15,16743,7.303609371185303
0.71,0.86,0.4,0.66,1.04,1.04,0.14,0.64,0.15,16658,7.306613445281982
0.71,0.85,0.4,0.66,1.05,1.03,0.14,0.65,0.15,16915,7.310711860656738
0.71,0.85,0.4,0.66,1.04,1.03,0.14,0.65,0.15,16440,7.31547474861145
0.71,0.86,0.4,0.66,1.04,1.03,0.14,0.64,0.15,16399,7.318393707275391
0.71,0.86,0.4,0.66,1.05,1.04,0.14,0.64,0.15,16088,7.319449186325073
0.71,0.86,0.4,0.66,1.04,1.03,0.14,0.65,0.15,16025,7.323028802871704
0.71,0.85,0.4,0.66,1.04,1.03,0.14,0.64,0.15,16330,7.327044248580933
0.71,0.85,0.4,0.66,1.04,1.03,0.14,0.64,0.15,16699,7.331044435501099
0.71,0.85,0.4,0.66,1.04,1.04,0.14,0.64,0.15,16652,7.332045316696167
0.71,0.85,0.4,0.65,1.04,1.03,0.14,0.64,0.15,16313,7.335125684738159
0.71,0.85,0.4,0.66,1.05,1.03,0.14,0.64,0.15,16598,7.339125394821167
0.71,0.85,0.4,0.66,1.05,1.03,0.14,0.65,0.15,16803,7.342931747436523
0.71,0.85,0.4,0.66,1.05,1.04,0.15,0.64,0.15,16152,7.342931747436523
0.71,0.86,0.4,0.66,1.05,1.04,0.14,0.64,0.15,15651,7.347758769989014
0.71,0.85,0.4,0.65,1.04,1.03,0.14,0.64,0.15,15848,7.3512043952941895
0.71,0.85,0.4,0.66,1.05,1.03,0.14,0.64,0.15,16305,7.355221509933472
0.71,0.85,0.4,0.66,1.05,1.04,0.14,0.64,0.15,16514,7.355221509933472
0.71,0.85,0.4,0.66,1.04,1.04,0.14,0.64,0.15,16373,7.360218048095703
0.71,0.85,0.4,0.65,1.05,1.03,0.14,0.65,0.15,16546,7.364222526550293
0.71,0.85,0.4,0.65,1.05,1.02,0.14,0.64,0.15,16687,7.36760687828064
0.71,0.86,0.4,0.65,1.05,1.03,0.14,0.64,0.15,16780,7.368643522262573
0.71,0.85,0.4,0.66,1.05,1.04,0.15,0.65,0.15,16877,7.3715455532073975
0.71,0.85,0.39,0.66,1.05,1.02,0.14,0.64,0.15,16452,7.376246213912964
0.71,0.85,0.4,0.66,1.04,1.03,0.14,0.64,0.15,16687,7.379239320755005
0.71,0.85,0.4,0.66,1.04,1.03,0.14,0.65,0.15,16622,7.380835771560669
0.71,0.85,0.4,0.65,1.04,1.03,0.14,0.65,0.15,16583,7.383869171142578
0.71,0.85,0.4,0.65,1.04,1.03,0.14,0.65,0.15,16468,7.388866424560547
0.71,0.85,0.4,0.66,1.04,1.03,0.14,0.65,0.15,16163,7.392414331436157
0.71,0.86,0.4,0.66,1.04,1.03,0.14,0.65,0.15,16462,7.395881652832031
0.71,0.86,0.4,0.65,1.04,1.04,0.14,0.64,0.15,16597,7.396918296813965
0.71,0.85,0.4,0.66,1.05,1.03,0.14,0.64,0.15,16898,7.400505065917969
0.71,0.85,0.4,0.65,1.04,1.03,0.14,0.64,0.15,16953,7.405495882034302
0.71,0.85,0.4,0.65,1.05,1.03,0.14,0.64,0.15,16646,7.4088499546051025
0.71,0.85,0.4,0.65,1.04,1.03,0.14,0.64,0.15,16591,7.409681558609009
0.71,0.85,0.4,0.65,1.04,1.03,0.14,0.64,0.15,16240,7.413690090179443
0.71,0.85,0.4,0.65,1.04,1.03,0.14,0.64,0.15,16583,7.416700839996338
0.71,0.85,0.4,0.65,1.05,1.03,0.14,0.64,0.15,16584,7.421080112457275
0.71,0.85,0.4,0.65,1.04,1.03,0.15,0.64,0.15,16523,7.422134876251221
0.71,0.85,0.39,0.65,1.05,1.03,0.14,0.64,0.15,16732,7.425563335418701
0.71,0.85,0.4,0.65,1.04,1.03,0.14,0.64,0.15,16599,7.429732799530029
0.71,0.85,0.4,0.65,1.04,1.03,0.14,0.64,0.15,16442,7.433138132095337
0.71,0.85,0.4,0.66,1.04,1.03,0.15,0.64,0.15,16241,7.4341654777526855
0.7,0.85,0.4,0.65,1.04,1.03,0.14,0.64,0.16,16368,7.438366889953613
0.71,0.85,0.4,0.65,1.04,1.03,0.15,0.64,0.15,16767,7.442716121673584
0.71,0.85,0.4,0.65,1.04,1.03,0.15,0.64,0.15,16706,7.445267915725708
0.71,0.85,0.4,0.65,1.04,1.03,0.15,0.64,0.15,16385,7.446274280548096
0.71,0.85,0.4,0.66,1.04,1.03,0.14,0.64,0.15,16226,7.4504828453063965
0.71,0.85,0.4,0.65,1.04,1.03,0.15,0.64,0.15,16765,7.45450234413147
0.71,0.85,0.4,0.66,1.04,1.03,0.15,0.64,0.15,16742,7.457799673080444
0.71,0.85,0.4,0.66,1.04,1.03,0.14,0.64,0.15,16029,7.461961030960083
0.71,0.85,0.4,0.66,1.04,1.03,0.14,0.64,0.15,15978,7.4630162715911865
0.71,0.85,0.4,0.66,1.04,1.03,0.14,0.64,0.15,16237,7.466188430786133
0.71,0.85,0.4,0.66,1.04,1.03,0.15,0.64,0.15,16218,7.470643758773804
0.71,0.85,0.4,0.65,1.04,1.03,0.14,0.64,0.15,16289,7.473957061767578
0.71,0.85,0.4,0.65,1.04,1.02,0.14,0.64,0.15,16586,7.47502589225769
0.71,0.85,0.4,0.65,1.04,1.02,0.15,0.64,0.15,16593,7.479166269302368
0.71,0.85,0.4,0.66,1.04,1.02,0.14,0.64,0.15,16454,7.483210563659668
0.71,0.85,0.4,0.65,1.04,1.02,0.14,0.64,0.15,15985,7.486485958099365
0.71,0.85,0.4,0.65,1.04,1.03,0.14,0.64,0.15,16024,7.487214088439941
0.71,0.85,0.4,0.65,1.04,1.02,0.15,0.64,0.15,16067,7.491713285446167
0.71,0.85,0.4,0.66,1.04,1.02,0.14,0.64,0.15,16594,7.495713472366333
0.72,0.85,0.4,0.65,1.04,1.02,0.14,0.65,0.15,16515,7.498987674713135
0.71,0.85,0.4,0.65,1.04,1.02,0.15,0.64,0.15,16046,7.499892711639404
0.71,0.85,0.4,0.66,1.04,1.02,0.14,0.64,0.15,16719,7.5029497146606445
0.71,0.85,0.4,0.66,1.04,1.02,0.14,0.64,0.15,16454,7.507602214813232
0.71,0.85,0.4,0.66,1.04,1.02,0.14,0.64,0.15,16311,7.511175870895386
0.71,0.85,0.4,0.65,1.04,1.02,0.14,0.65,0.15,16160,7.512187719345093
0.71,0.85,0.4,0.66,1.04,1.02,0.14,0.64,0.15,16159,7.515227556228638
0.71,0.85,0.39,0.65,1.04,1.03,0.14,0.64,0.15,16524,7.520188331604004
0.71,0.85,0.4,0.66,1.04,1.03,0.14,0.64,0.15,16649,7.5235443115234375
0.71,0.85,0.4,0.66,1.05,1.03,0.14,0.64,0.15,16648,7.524619817733765
0.71,0.85,0.4,0.66,1.04,1.03,0.15,0.64,0.15,16521,7.527637720108032
0.71,0.85,0.4,0.66,1.05,1.03,0.15,0.64,0.15,16794,7.5316619873046875
0.71,0.85,0.39,0.66,1.04,1.03,0.14,0.64,0.15,16679,7.536662578582764
0.71,0.85,0.39,0.65,1.04,1.03,0.14,0.64,0.15,16262,7.536662578582764
0.71,0.85,0.4,0.66,1.04,1.03,0.14,0.64,0.15,16579,7.54090142250061
0.71,0.85,0.4,0.66,1.04,1.03,0.14,0.64,0.15,16952,7.54490065574646
0.71,0.85,0.39,0.66,1.04,1.03,0.14,0.64,0.15,16697,7.548900604248047
0.71,0.85,0.4,0.66,1.04,1.03,0.14,0.64,0.15,16138,7.548900604248047
0.71,0.85,0.4,0.66,1.04,1.03,0.15,0.64,0.15,16157,7.55189323425293
0.71,0.85,0.39,0.66,1.04,1.03,0.14,0.64,0.15,16284,7.5572357177734375
0.71,0.85,0.4,0.66,1.04,1.03,0.14,0.64,0.15,16283,7.560126543045044
0.7,0.85,0.4,0.66,1.04,1.03,0.14,0.65,0.15,16192,7.564465761184692
0.72,0.85,0.4,0.67,1.04,1.03,0.15,0.65,0.15,16253,7.565542221069336
0.7,0.85,0.4,0.66,1.04,1.03,0.14,0.64,0.15,16998,7.568490982055664
0.71,0.85,0.4,0.66,1.04,1.03,0.14,0.64,0.15,17053,7.573519945144653
0.71,0.85,0.4,0.66,1.04,1.03,0.14,0.64,0.15,16484,7.576975107192993
0.71,0.85,0.4,0.66,1.04,1.03,0.15,0.64,0.15,16367,7.577981233596802
0.71,0.85,0.4,0.67,1.04,1.03,0.14,0.65,0.15,16736,7.581810474395752
0.71,0.85,0.4,0.66,1.04,1.03,0.14,0.64,0.15,16301,7.584799766540527
0.71,0.85,0.4,0.66,1.04,1.03,0.14,0.64,0.15,16198,7.588771343231201
0.71,0.85,0.4,0.66,1.04,1.03,0.14,0.64,0.15,16281,7.589814186096191
0.71,0.85,0.4,0.66,1.04,1.03,0.14,0.64,0.15,16648,7.592986345291138
0.71,0.85,0.4,0.66,1.04,1.03,0.14,0.64,0.16,16609,7.597162961959839
0.71,0.85,0.4,0.66,1.04,1.03,0.14,0.64,0.15,16666,7.601164102554321
0.71,0.85,0.4,0.66,1.04,1.03,0.14,0.65,0.15,16471,7.601164102554321
0.71,0.85,0.4,0.66,1.04,1.03,0.15,0.64,0.15,16338,7.60529351234436
0.71,0.85,0.4,0.66,1.04,1.03,0.14,0.64,0.15,16377,7.609293222427368
0.71,0.85,0.4,0.66,1.04,1.03,0.14,0.64,0.15,16510,7.6134138107299805
0.7,0.85,0.4,0.66,1.05,1.03,0.14,0.64,0.15,16349,7.614321947097778
0.71,0.85,0.4,0.66,1.04,1.03,0.14,0.64,0.15,16300,7.617398023605347
0.7,0.85,0.4,0.66,1.04,1.03,0.14,0.64,0.15,16259,7.622395992279053
0.71,0.85,0.4,0.66,1.04,1.03,0.14,0.64,0.15,16430,7.626398801803589
0.71,0.85,0.4,0.66,1.05,1.03,0.14,0.65,0.15,16181,7.626398801803589
0.7,0.85,0.4,0.66,1.04,1.04,0.14,0.64,0.15,16250,7.630395889282227
0.7,0.86,0.4,0.66,1.04,1.03,0.14,0.65,0.15,16083,7.633630275726318
0.71,0.85,0.4,0.66,1.04,1.03,0.14,0.64,0.15,16568,7.637840747833252
0.71,0.85,0.4,0.66,1.04,1.03,0.14,0.64,0.15,16489,7.642225503921509
0.7,0.85,0.4,0.66,1.04,1.03,0.14,0.64,0.15,16608,7.642225503921509
0.7,0.85,0.4,0.66,1.04,1.03,0.14,0.65,0.15,16881,7.6464927196502686
0.7,0.85,0.4,0.66,1.04,1.03,0.15,0.65,0.15,16724,7.650502681732178
0.71,0.85,0.4,0.66,1.04,1.03,0.14,0.64,0.15,16439,7.65449333190918
0.7,0.85,0.4,0.66,1.04,1.03,0.14,0.64,0.15,16076,7.655494451522827
0.71,0.85,0.4,0.66,1.04,1.03,0.14,0.64,0.15,16267,7.659532070159912
0.71,0.85,0.4,0.66,1.05,1.03,0.14,0.64,0.15,16516,7.663798570632935
0.71,0.85,0.4,0.66,1.04,1.03,0.14,0.64,0.15,16709,7.6672890186309814
0.71,0.85,0.4,0.66,1.04,1.03,0.14,0.64,0.15,17060,7.6672890186309814
0.71,0.85,0.4,0.66,1.04,1.03,0.14,0.64,0.15,16811,7.671293020248413
0.7,0.85,0.4,0.66,1.04,1.03,0.14,0.64,0.15,16292,7.675292730331421
0.7,0.85,0.4,0.65,1.04,1.03,0.14,0.65,0.15,16531,7.6782917976379395
0.72,0.85,0.4,0.66,1.04,1.03,0.14,0.64,0.15,16634,7.67980170249939
0.7,0.85,0.4,0.65,1.04,1.03,0.14,0.64,0.15,16371,7.683304309844971
0.71,0.85,0.4,0.65,1.04,1.03,0.15,0.65,0.15,16580,7.687613487243652
0.71,0.85,0.4,0.66,1.05,1.03,0.14,0.65,0.15,16415,7.691036939620972
0.71,0.85,0.4,0.66,1.05,1.03,0.14,0.64,0.15,15664,7.692047119140625
0.71,0.85,0.4,0.66,1.04,1.04,0.14,0.64,0.15,15777,7.695164918899536
0.71,0.85,0.4,0.65,1.04,1.03,0.15,0.64,0.15,16354,7.6991188526153564
0.7,0.85,0.4,0.66,1.04,1.03,0.14,0.64,0.15,16539,7.7042131423950195
0.7,0.85,0.4,0.66,1.04,1.03,0.14,0.64,0.15,16506,7.705114841461182
0.7,0.85,0.4,0.66,1.04,1.03,0.14,0.64,0.15,16499,7.7081193923950195
0.71,0.85,0.4,0.66,1.05,1.03,0.15,0.64,0.15,16318,7.71211314201355
0.7,0.85,0.4,0.66,1.04,1.03,0.15,0.64,0.15,16215,7.7165608406066895
0.71,0.85,0.4,0.66,1.05,1.03,0.14,0.65,0.15,15790,7.7195422649383545
0.7,0.85,0.4,0.66,1.05,1.03,0.14,0.65,0.15,16457,7.7205517292022705
0.7,0.85,0.4,0.66,1.04,1.03,0.14,0.64,0.15,16986,7.725011110305786
0.7,0.85,0.4,0.66,1.04,1.03,0.14,0.64,0.15,16755,7.729367733001709
0.7,0.85,0.4,0.66,1.04,1.03,0.14,0.65,0.15,16546,7.732344150543213
0.7,0.85,0.4,0.66,1.04,1.03,0.14,0.64,0.15,16253,7.73334813117981
0.7,0.85,0.4,0.66,1.05,1.03,0.14,0.64,0.15,16040,7.736359596252441
0.7,0.85,0.4,0.66,1.04,1.03,0.14,0.64,0.15,15995,7.740338087081909
0.7,0.86,0.4,0.66,1.05,1.03,0.15,0.65,0.15,16068,7.744481801986694
0.7,0.85,0.41,0.65,1.04,1.03,0.14,0.64,0.15,16185,7.7454750537872314
0.7,0.85,0.4,0.66,1.04,1.03,0.14,0.64,0.15,16390,7.748584508895874
0.7,0.85,0.41,0.65,1.04,1.03,0.15,0.64,0.15,16417,7.752739191055298
0.7,0.85,0.4,0.66,1.04,1.03,0.14,0.64,0.15,16420,7.756933927536011
0.7,0.85,0.4,0.66,1.04,1.03,0.14,0.64,0.15,15997,7.757933616638184
0.7,0.85,0.4,0.66,1.05,1.03,0.14,0.64,0.15,15914,7.760933876037598
0.7,0.86,0.4,0.66,1.04,1.04,0.15,0.64,0.15,16349,7.764933824539185
0.7,0.85,0.4,0.66,1.04,1.03,0.14,0.64,0.15,16366,7.769945383071899
0.7,0.86,0.4,0.66,1.04,1.03,0.14,0.64,0.15,16189,7.769945383071899
0.7,0.85,0.4,0.66,1.04,1.03,0.14,0.64,0.15,16088,7.773141860961914
0.7,0.85,0.4,0.66,1.04,1.03,0.14,0.64,0.15,16191,7.777207136154175
0.7,0.85,0.4,0.66,1.04,1.03,0.14,0.64,0.15,16526,7.781672239303589
0.7,0.85,0.4,0.66,1.04,1.03,0.15,0.64,0.15,16279,7.784685373306274
0.7,0.85,0.4,0.65,1.04,1.02,0.14,0.64,0.15,16024,7.785677671432495
0.7,0.86,0.4,0.65,1.04,1.02,0.14,0.64,0.15,16357,7.789782285690308
0.69,0.85,0.4,0.66,1.04,1.03,0.14,0.64,0.15,16556,7.793786287307739
0.7,0.85,0.4,0.65,1.04,1.03,0.14,0.64,0.15,16205,7.797786474227905
0.7,0.85,0.41,0.65,1.04,1.03,0.14,0.64,0.15,15718,7.797786474227905
0.7,0.85,0.4,0.66,1.04,1.03,0.14,0.64,0.15,16043,7.801597356796265
0.7,0.85,0.4,0.66,1.04,1.03,0.14,0.64,0.15,16534,7.8066253662109375
0.7,0.85,0.41,0.66,1.04,1.03,0.14,0.64,0.15,16729,7.809889793395996
0.7,0.86,0.4,0.65,1.04,1.03,0.14,0.64,0.15,16714,7.8106255531311035
0.7,0.85,0.4,0.65,1.04,1.03,0.14,0.64,0.15,16397,7.81460428237915
0.69,0.86,0.4,0.65,1.04,1.03,0.14,0.64,0.15,16442,7.817961931228638
0.7,0.85,0.4,0.66,1.04,1.03,0.14,0.64,0.15,16245,7.8225672245025635
0.69,0.86,0.4,0.65,1.04,1.03,0.14,0.64,0.15,16306,7.8236424922943115
0.69,0.86,0.4,0.66,1.04,1.03,0.14,0.64,0.15,16203,7.82624626159668
0.69,0.86,0.4,0.66,1.04,1.03,0.14,0.64,0.15,15910,7.831689119338989
0.69,0.85,0.4,0.66,1.04,1.03,0.14,0.64,0.15,16251,7.835689544677734
0.69,0.86,0.4,0.66,1.04,1.03,0.14,0.64,0.15,15892,7.835689544677734
0.69,0.86,0.4,0.66,1.04,1.03,0.14,0.64,0.15,15585,7.8396897315979
0.69,0.86,0.4,0.66,1.04,1.02,0.15,0.64,0.15,16096,7.843689680099487
0.69,0.85,0.4,0.66,1.04,1.03,0.15,0.64,0.15,16131,7.847165584564209
0.69,0.86,0.4,0.65,1.04,1.03,0.14,0.64,0.15,16442,7.848222970962524
0.69,0.85,0.4,0.66,1.04,1.03,0.14,0.64,0.15,16917,7.851887941360474
0.69,0.85,0.4,0.66,1.04,1.03,0.15,0.64,0.15,16530,7.855181455612183
0.69,0.85,0.4,0.66,1.04,1.03,0.14,0.64,0.15,16017,7.859652519226074
0.69,0.85,0.4,0.66,1.04,1.03,0.14,0.64,0.15,16376,7.862978935241699
0.69,0.85,0.4,0.67,1.05,1.03,0.15,0.64,0.15,16437,7.864046812057495
0.69,0.85,0.41,0.66,1.05,1.03,0.15,0.64,0.15,16746,7.867440700531006
0.69,0.86,0.4,0.66,1.05,1.03,0.14,0.64,0.15,16527,7.871923446655273
0.69,0.86,0.4,0.66,1.05,1.03,0.15,0.64,0.15,16284,7.8759355545043945
0.7,0.86,0.4,0.66,1.05,1.03,0.14,0.64,0.15,16341,7.8759355545043945
0.69,0.86,0.4,0.66,1.04,1.03,0.14,0.64,0.15,16328,7.880128860473633
0.69,0.85,0.4,0.65,1.05,1.03,0.14,0.64,0.15,16757,7.884171724319458
0.69,0.85,0.4,0.66,1.05,1.03,0.14,0.64,0.15,16592,7.88817572593689
0.69,0.85,0.4,0.66,1.05,1.03,0.15,0.64,0.15,16201,7.889155626296997
0.69,0.85,0.4,0.66,1.04,1.03,0.14,0.64,0.15,16262,7.89272403717041
0.69,0.85,0.4,0.66,1.05,1.03,0.14,0.64,0.15,16495,7.895983695983887
0.7,0.85,0.4,0.66,1.05,1.03,0.14,0.64,0.15,16274,7.900596857070923
0.69,0.86,0.4,0.66,1.05,1.03,0.14,0.64,0.15,16157,7.900596857070923
0.7,0.85,0.4,0.66,1.05,1.03,0.14,0.64,0.15,16494,7.90498423576355
0.7,0.85,0.4,0.66,1.05,1.03,0.14,0.64,0.15,16897,7.908998966217041
0.7,0.85,0.4,0.66,1.05,1.03,0.15,0.64,0.15,16656,7.912429332733154
0.7,0.86,0.4,0.66,1.04,1.03,0.14,0.64,0.15,16361,7.9134814739227295
0.7,0.86,0.4,0.66,1.05,1.03,0.14,0.64,0.15,16438,7.917622089385986
0.7,0.85,0.4,0.66,1.05,1.03,0.14,0.64,0.15,16425,7.921867609024048
0.7,0.85,0.4,0.66,1.04,1.03,0.14,0.64,0.15,16328,7.925028085708618
0.7,0.85,0.4,0.66,1.04,1.03,0.14,0.64,0.15,16453,7.92904257774353
0.7,0.85,0.4,0.66,1.05,1.03,0.15,0.64,0.15,16304,7.9300830364227295
0.7,0.85,0.4,0.66,1.05,1.03,0.15,0.64,0.15,16683,7.933830976486206
0.7,0.85,0.4,0.65,1.04,1.03,0.14,0.65,0.15,16376,7.937991380691528
0.7,0.85,0.4,0.65,1.04,1.03,0.14,0.64,0.15,16481,7.941035985946655
0.7,0.85,0.4,0.66,1.05,1.03,0.14,0.64,0.15,16674,7.941035985946655
0.7,0.85,0.4,0.65,1.04,1.03,0.14,0.64,0.15,16601,7.945033311843872
0.69,0.85,0.4,0.66,1.04,1.03,0.15,0.64,0.15,16424,7.950035810470581
0.7,0.85,0.4,0.66,1.05,1.03,0.15,0.64,0.15,16085,7.953039169311523
0.7,0.86,0.4,0.66,1.05,1.03,0.15,0.64,0.15,16146,7.954033374786377
0.69,0.85,0.4,0.66,1.04,1.03,0.15,0.64,0.15,16171,7.9575440883636475
0.7,0.85,0.4,0.66,1.05,1.03,0.15,0.64,0.15,16546,7.961559772491455
0.7,0.85,0.4,0.66,1.05,1.03,0.15,0.64,0.15,16837,7.965701580047607
0.7,0.85,0.4,0.66,1.05,1.03,0.15,0.64,0.15,16160,7.966711521148682
0.69,0.85,0.4,0.66,1.04,1.03,0.14,0.64,0.15,15773,7.970178842544556
0.69,0.85,0.4,0.66,1.05,1.03,0.14,0.64,0.15,16058,7.974780559539795
0.7,0.85,0.4,0.66,1.04,1.03,0.15,0.64,0.15,16271,7.978304147720337
0.7,0.85,0.4,0.66,1.05,1.04,0.15,0.64,0.15,16260,7.978304147720337
0.69,0.85,0.4,0.66,1.05,1.04,0.15,0.64,0.15,16103,7.982594728469849
0.7,0.85,0.4,0.66,1.05,1.03,0.14,0.63,0.15,16562,7.985964298248291
0.69,0.85,0.4,0.66,1.05,1.03,0.15,0.64,0.15,16715,7.990358352661133
0.7,0.85,0.4,0.66,1.04,1.03,0.15,0.64,0.15,16970,7.994555234909058
0.69,0.85,0.4,0.66,1.05,1.03,0.15,0.64,0.15,16865,7.995608329772949
0.7,0.85,0.4,0.66,1.05,1.03,0.15,0.64,0.15,16164,7.999701738357544
0.7,0.85,0.4,0.66,1.05,1.03,0.14,0.64,0.15,16535,8.002462148666382
0.7,0.85,0.4,0.66,1.05,1.03,0.15,0.64,0.15,16356,8.006319284439087
0.7,0.85,0.4,0.66,1.04,1.03,0.15,0.64,0.15,16359,8.00734543800354
0.7,0.85,0.4,0.66,1.05,1.03,0.14,0.64,0.15,16876,8.011366844177246
0.7,0.85,0.4,0.66,1.05,1.03,0.14,0.64,0.15,16935,8.015366315841675
0.7,0.85,0.4,0.66,1.05,1.03,0.15,0.64,0.15,16610,8.019076585769653
0.7,0.85,0.4,0.66,1.05,1.03,0.15,0.64,0.15,15977,8.019869804382324
0.7,0.85,0.4,0.66,1.05,1.03,0.14,0.64,0.15,16208,8.023398399353027
0.7,0.85,0.4,0.66,1.05,1.04,0.14,0.64,0.15,16687,8.028395891189575
0.7,0.85,0.4,0.66,1.05,1.03,0.15,0.64,0.15,16262,8.031113147735596
0.7,0.85,0.4,0.65,1.04,1.03,0.15,0.64,0.15,16367,8.03218698501587
0.7,0.85,0.4,0.66,1.05,1.03,0.15,0.64,0.15,16596,8.035736560821533
0.7,0.85,0.4,0.66,1.04,1.04,0.15,0.64,0.15,16685,8.039801836013794
0.69,0.85,0.4,0.66,1.04,1.03,0.15,0.64,0.15,16294,8.043864488601685
0.7,0.85,0.4,0.66,1.04,1.03,0.15,0.64,0.15,16201,8.044870376586914
0.7,0.85,0.4,0.66,1.05,1.03,0.15,0.64,0.15,16442,8.048234462738037
0.7,0.85,0.4,0.66,1.05,1.04,0.14,0.64,0.15,16377,8.052226066589355
0.7,0.85,0.4,0.66,1.05,1.03,0.15,0.64,0.15,16292,8.056071281433105
0.7,0.85,0.4,0.66,1.05,1.03,0.15,0.64,0.15,16169,8.057083368301392
0.7,0.85,0.4,0.66,1.04,1.03,0.15,0.64,0.15,16480,8.05999207496643
0.69,0.85,0.4,0.65,1.05,1.03,0.15,0.64,0.15,16469,8.064620018005371
0.7,0.85,0.4,0.66,1.04,1.03,0.15,0.64,0.15,16112,8.067996501922607
0.7,0.85,0.4,0.65,1.05,1.03,0.14,0.64,0.15,16311,8.071860313415527
0.7,0.85,0.4,0.66,1.04,1.03,0.15,0.64,0.15,16564,8.072602272033691
0.7,0.85,0.4,0.66,1.04,1.03,0.15,0.64,0.15,16437,8.07660174369812
0.7,0.85,0.4,0.66,1.04,1.03,0.15,0.64,0.15,16640,8.080621719360352
0.69,0.85,0.4,0.66,1.05,1.03,0.15,0.64,0.15,16587,8.084789276123047
0.7,0.85,0.4,0.66,1.04,1.03,0.15,0.64,0.15,16538,8.084789276123047
0.7,0.85,0.4,0.66,1.05,1.03,0.15,0.64,0.15,16425,8.08973741531372
0.7,0.85,0.4,0.66,1.05,1.04,0.15,0.64,0.15,16554,8.093543291091919
0.7,0.85,0.4,0.66,1.05,1.04,0.15,0.64,0.15,16373,8.096446514129639
0.7,0.85,0.4,0.65,1.05,1.03,0.14,0.64,0.15,16382,8.097498178482056
0.7,0.85,0.4,0.66,1.04,1.03,0.15,0.64,0.15,16737,8.101517677307129
0.69,0.84,0.4,0.66,1.04,1.03,0.14,0.64,0.15,16682,8.105517864227295
0.7,0.85,0.4,0.66,1.04,1.03,0.15,0.64,0.15,16481,8.109156847000122
0.69,0.85,0.4,0.66,1.04,1.03,0.15,0.64,0.15,16382,8.109940528869629
0.69,0.85,0.4,0.66,1.05,1.04,0.15,0.64,0.15,16165,8.113487482070923
0.69,0.85,0.4,0.66,1.04,1.03,0.15,0.64,0.15,16152,8.118538618087769
0.69,0.85,0.4,0.66,1.04,1.03,0.15,0.64,0.15,16433,8.121135473251343
0.69,0.85,0.4,0.66,1.04,1.03,0.15,0.64,0.15,16590,8.122203826904297
0.69,0.85,0.4,0.66,1.04,1.03,0.15,0.64,0.15,16681,8.126204013824463
0.69,0.85,0.4,0.66,1.04,1.04,0.15,0.64,0.15,16588,8.130691766738892
0.69,0.85,0.4,0.66,1.04,1.03,0.15,0.64,0.15,16357,8.133570671081543
0.7,0.85,0.4,0.66,1.04,1.03,0.15,0.64,0.16,16286,8.13461685180664
0.69,0.85,0.4,0.67,1.05,1.03,0.15,0.63,0.15,16113,8.138384342193604
0.69,0.85,0.4,0.66,1.04,1.03,0.15,0.64,0.15,15838,8.142019271850586
0.69,0.85,0.4,0.66,1.04,1.03,0.15,0.63,0.15,16325,8.146488904953003
0.69,0.85,0.4,0.66,1.04,1.03,0.15,0.64,0.15,16644,8.146488904953003
0.69,0.85,0.4,0.66,1.04,1.03,0.15,0.64,0.15,16939,8.150539636611938
0.69,0.85,0.4,0.66,1.05,1.03,0.14,0.63,0.15,16832,8.154574394226074
0.69,0.85,0.4,0.66,1.04,1.03,0.14,0.64,0.15,16235,8.159029483795166
0.69,0.85,0.4,0.66,1.04,1.04,0.15,0.64,0.15,16138,8.159029483795166
0.69,0.85,0.4,0.67,1.04,1.03,0.15,0.64,0.15,16209,8.16215991973877
0.69,0.85,0.4,0.66,1.04,1.03,0.15,0.63,0.15,16466,8.166346788406372
0.69,0.85,0.4,0.67,1.04,1.03,0.15,0.64,0.15,16673,8.171399116516113
0.69,0.85,0.4,0.66,1.04,1.03,0.15,0.64,0.15,16622,8.174748182296753
0.69,0.85,0.4,0.67,1.04,1.03,0.15,0.63,0.15,16513,8.175824165344238
0.69,0.85,0.41,0.66,1.05,1.03,0.15,0.63,0.15,16370,8.178899765014648
0.69,0.85,0.4,0.67,1.05,1.03,0.15,0.63,0.15,16363,8.183067798614502
0.7,0.85,0.4,0.67,1.04,1.04,0.15,0.63,0.15,16502,8.186691999435425
0.7,0.85,0.4,0.66,1.05,1.03,0.15,0.64,0.15,16527,8.187783479690552
0.7,0.85,0.4,0.67,1.05,1.03,0.15,0.63,0.15,16394,8.190748929977417
0.7,0.85,0.4,0.66,1.04,1.03,0.14,0.63,0.15,16601,8.194851160049438
0.7,0.85,0.39,0.67,1.05,1.04,0.15,0.63,0.15,16510,8.199838399887085
0.69,0.85,0.4,0.66,1.04,1.03,0.15,0.63,0.15,16315,8.199838399887085
0.69,0.85,0.4,0.66,1.05,1.03,0.15,0.64,0.15,16402,8.203847646713257
0.7,0.85,0.4,0.66,1.04,1.04,0.15,0.64,0.15,16269,8.207950353622437
0.7,0.85,0.4,0.66,1.05,1.04,0.14,0.64,0.15,16666,8.21194863319397
0.69,0.85,0.4,0.67,1.04,1.04,0.15,0.64,0.15,16785,8.212948560714722
0.69,0.85,0.4,0.66,1.04,1.04,0.15,0.64,0.15,16618,8.215560674667358
0.7,0.85,0.4,0.67,1.04,1.04,0.15,0.64,0.15,16709,8.219619035720825
0.69,0.85,0.4,0.66,1.04,1.03,0.15,0.64,0.15,16506,8.223771333694458
0.7,0.85,0.4,0.66,1.04,1.03,0.15,0.64,0.15,16599,8.22477126121521
0.7,0.85,0.4,0.66,1.05,1.04,0.15,0.64,0.15,16516,8.22777795791626
0.69,0.85,0.41,0.67,1.04,1.04,0.15,0.64,0.15,16307,8.232773303985596
0.69,0.85,0.4,0.66,1.04,1.04,0.15,0.64,0.15,16258,8.236951351165771
0.7,0.85,0.4,0.66,1.04,1.04,0.15,0.64,0.15,15871,8.236951351165771
0.7,0.85,0.4,0.66,1.05,1.03,0.15,0.64,0.15,16260,8.239945888519287
0.69,0.85,0.4,0.66,1.05,1.03,0.14,0.64,0.15,16491,8.244230508804321
0.69,0.84,0.4,0.67,1.05,1.03,0.15,0.64,0.15,16652,8.248464345932007
0.69,0.85,0.4,0.66,1.05,1.03,0.15,0.64,0.15,16769,8.252540826797485
0.69,0.85,0.4,0.66,1.05,1.04,0.15,0.64,0.15,16530,8.25367259979248
0.7,0.85,0.4,0.66,1.04,1.03,0.15,0.64,0.15,16227,8.256679058074951
0.69,0.85,0.4,0.66,1.05,1.04,0.15,0.64,0.15,16136,8.261042594909668
0.69,0.85,0.4,0.66,1.05,1.03,0.15,0.64,0.15,16589,8.264331579208374
0.69,0.84,0.4,0.66,1.04,1.03,0.15,0.63,0.15,16308,8.265058040618896
0.69,0.85,0.4,0.66,1.05,1.03,0.14,0.63,0.15,15657,8.269739627838135
0.7,0.85,0.4,0.66,1.04,1.04,0.15,0.63,0.15,15930,8.273381471633911
0.69,0.85,0.4,0.66,1.05,1.03,0.15,0.64,0.15,15843,8.2774019241333
0.7,0.85,0.4,0.66,1.05,1.04,0.15,0.63,0.15,15962,8.2774019241333
0.69,0.85,0.4,0.66,1.05,1.03,0.15,0.64,0.15,16355,8.281224966049194
0.69,0.85,0.4,0.66,1.05,1.04,0.15,0.64,0.16,16446,8.285279273986816
0.69,0.85,0.4,0.66,1.05,1.03,0.14,0.64,0.15,16543,8.289249181747437
0.69,0.85,0.4,0.66,1.05,1.04,0.15,0.64,0.15,16118,8.290298223495483
0.69,0.85,0.4,0.66,1.05,1.03,0.15,0.64,0.15,16055,8.294057846069336
0.69,0.85,0.4,0.66,1.05,1.04,0.15,0.64,0.15,15878,8.297823190689087
0.7,0.85,0.4,0.66,1.05,1.03,0.15,0.64,0.15,15927,8.30201005935669
0.7,0.85,0.4,0.66,1.05,1.04,0.15,0.64,0.15,16476,8.303021907806396
0.7,0.85,0.4,0.66,1.05,1.04,0.15,0.64,0.15,16223,8.306022644042969
0.7,0.85,0.4,0.67,1.05,1.04,0.15,0.64,0.15,16384,8.310060262680054
0.7,0.85,0.4,0.66,1.05,1.04,0.15,0.64,0.15,16919,8.314455270767212
0.69,0.85,0.4,0.67,1.05,1.04,0.15,0.64,0.15,16612,8.31793475151062
0.69,0.85,0.4,0.67,1.05,1.04,0.15,0.64,0.15,16379,8.318093299865723
0.7,0.85,0.4,0.66,1.05,1.04,0.15,0.64,0.15,16454,8.322125434875488
0.69,0.85,0.4,0.67,1.05,1.04,0.14,0.64,0.15,16529,8.32685899734497
0.69,0.85,0.4,0.67,1.05,1.04,0.15,0.64,0.15,16478,8.330122470855713
0.69,0.85,0.4,0.66,1.05,1.04,0.14,0.64,0.15,16427,8.330859422683716
0.69,0.85,0.4,0.67,1.05,1.03,0.15,0.64,0.15,16322,8.335005044937134
0.69,0.85,0.4,0.66,1.05,1.04,0.14,0.64,0.15,16463,8.339782953262329
0.69,0.85,0.4,0.67,1.05,1.04,0.14,0.64,0.15,16244,8.343017339706421
0.69,0.85,0.4,0.66,1.05,1.04,0.14,0.64,0.15,16225,8.343017339706421
0.7,0.85,0.4,0.67,1.05,1.04,0.15,0.64,0.15,16302,8.347017049789429
0.69,0.85,0.4,0.67,1.05,1.04,0.15,0.64,0.15,16219,8.351032733917236
0.69,0.85,0.4,0.67,1.05,1.04,0.15,0.64,0.16,16190,8.355046510696411
0.69,0.85,0.4,0.66,1.05,1.04,0.14,0.64,0.15,16553,8.356033563613892
0.69,0.85,0.4,0.67,1.05,1.04,0.15,0.64,0.15,16710,8.359565258026123
0.69,0.85,0.4,0.66,1.05,1.04,0.15,0.64,0.15,16891,8.363910913467407
0.69,0.85,0.4,0.67,1.05,1.04,0.15,0.64,0.15,17148,8.367886543273926
0.69,0.85,0.4,0.66,1.05,1.04,0.15,0.64,0.15,16961,8.368929386138916
0.69,0.85,0.4,0.66,1.05,1.04,0.15,0.64,0.15,16484,8.371801376342773
0.69,0.85,0.4,0.66,1.05,1.04,0.15,0.64,0.15,16627,8.376445770263672
0.69,0.85,0.4,0.67,1.05,1.04,0.15,0.64,0.15,16666,8.37962794303894
0.69,0.84,0.4,0.66,1.05,1.04,0.15,0.64,0.15,16393,8.37962794303894
0.69,0.85,0.4,0.66,1.05,1.04,0.15,0.64,0.15,15858,8.384264469146729
0.69,0.85,0.4,0.67,1.05,1.04,0.14,0.64,0.15,15731,8.388630867004395
0.69,0.85,0.4,0.66,1.04,1.04,0.15,0.64,0.15,15984,8.391630411148071
0.69,0.85,0.4,0.66,1.04,1.04,0.15,0.64,0.15,16251,8.39586853981018
0.7,0.85,0.4,0.67,1.05,1.04,0.16,0.64,0.15,16522,8.39663052558899
0.69,0.85,0.41,0.66,1.05,1.04,0.15,0.64,0.15,16263,8.4006028175354
0.69,0.85,0.4,0.66,1.05,1.04,0.14,0.64,0.15,16290,8.404824018478394
0.7,0.85,0.4,0.66,1.05,1.04,0.15,0.64,0.15,16761,8.408002376556396
0.69,0.85,0.4,0.66,1.05,1.04,0.15,0.64,0.15,16786,8.408942699432373
0.69,0.85,0.4,0.66,1.05,1.04,0.14,0.64,0.15,16405,8.412288188934326
0.69,0.85,0.4,0.67,1.05,1.04,0.14,0.64,0.15,16466,8.416151285171509
0.69,0.85,0.4,0.67,1.05,1.04,0.15,0.64,0.15,16455,8.420637607574463
0.69,0.85,0.4,0.66,1.05,1.04,0.15,0.64,0.15,16014,8.420637607574463
0.69,0.85,0.4,0.66,1.05,1.04,0.14,0.64,0.15,15917,8.424638032913208
0.69,0.85,0.4,0.66,1.05,1.04,0.15,0.65,0.15,16188,8.429760456085205
0.7,0.85,0.4,0.67,1.04,1.04,0.15,0.65,0.15,16087,8.432836532592773
0.69,0.85,0.4,0.66,1.05,1.04,0.15,0.65,0.15,15846,8.433815717697144
0.69,0.85,0.4,0.66,1.05,1.04,0.15,0.64,0.15,15899,8.437406778335571
0.69,0.85,0.4,0.66,1.05,1.04,0.15,0.65,0.15,16170,8.441994905471802
0.7,0.84,0.4,0.66,1.05,1.04,0.15,0.65,0.15,16647,8.445253372192383
0.69,0.85,0.4,0.67,1.05,1.04,0.15,0.64,0.15,16502,8.445253372192383
0.69,0.85,0.4,0.66,1.05,1.03,0.15,0.64,0.15,16149,8.449475526809692
0.69,0.85,0.41,0.66,1.05,1.04,0.15,0.64,0.15,15922,8.4531888961792
0.7,0.85,0.4,0.66,1.05,1.04,0.15,0.64,0.15,16131,8.457779169082642
0.69,0.85,0.41,0.66,1.05,1.04,0.14,0.64,0.16,16190,8.461094379425049
0.69,0.84,0.4,0.66,1.05,1.04,0.15,0.64,0.15,15965,8.461800813674927
0.69,0.84,0.4,0.66,1.05,1.04,0.14,0.64,0.16,16490,8.46585726737976
0.7,0.85,0.4,0.66,1.04,1.04,0.15,0.64,0.15,16559,8.470439672470093
0.69,0.85,0.4,0.66,1.05,1.04,0.15,0.64,0.15,16134,8.473659992218018
0.69,0.85,0.4,0.66,1.05,1.04,0.15,0.64,0.15,16047,8.473762273788452
0.69,0.85,0.4,0.67,1.05,1.04,0.15,0.64,0.15,16306,8.477789640426636
0.69,0.85,0.4,0.67,1.05,1.04,0.15,0.64,0.16,16315,8.4823579788208
0.7,0.85,0.4,0.66,1.05,1.04,0.15,0.64,0.15,16414,8.485541343688965
0.69,0.85,0.4,0.66,1.05,1.04,0.14,0.64,0.16,16079,8.486544370651245
0.7,0.85,0.4,0.66,1.04,1.04,0.15,0.64,0.15,16494,8.490543842315674
0.69,0.85,0.4,0.66,1.04,1.04,0.15,0.64,0.15,16839,8.494480848312378
0.7,0.85,0.4,0.66,1.04,1.04,0.15,0.64,0.15,16728,8.497551202774048
0.69,0.85,0.4,0.66,1.05,1.04,0.15,0.65,0.15,16597,8.49856424331665
0.7,0.85,0.4,0.67,1.04,1.04,0.15,0.64,0.15,16874,8.502590417861938
0.7,0.85,0.41,0.67,1.04,1.04,0.15,0.64,0.15,16603,8.506593227386475
0.7,0.85,0.4,0.67,1.04,1.04,0.15,0.64,0.15,16130,8.510601043701172
0.7,0.85,0.4,0.66,1.05,1.04,0.15,0.64,0.15,16091,8.511773109436035
0.69,0.85,0.4,0.67,1.05,1.03,0.15,0.64,0.15,16410,8.514767169952393
0.7,0.85,0.41,0.66,1.04,1.04,0.14,0.64,0.15,16685,8.518881559371948
0.7,0.85,0.4,0.66,1.05,1.03,0.15,0.64,0.16,16842,8.522881031036377
0.69,0.85,0.41,0.66,1.05,1.03,0.15,0.64,0.16,16535,8.523881435394287
0.69,0.85,0.4,0.66,1.04,1.03,0.15,0.64,0.15,16186,8.52686858177185
0.69,0.85,0.41,0.66,1.05,1.03,0.15,0.64,0.15,16725,8.531084775924683
0.7,0.85,0.4,0.66,1.05,1.04,0.15,0.64,0.15,16592,8.53568720817566
0.7,0.85,0.4,0.66,1.04,1.03,0.15,0.64,0.15,16311,8.53846549987793
0.7,0.85,0.4,0.66,1.04,1.04,0.15,0.64,0.15,16318,8.539489507675171
0.7,0.85,0.4,0.66,1.04,1.03,0.15,0.65,0.16,16063,8.543590307235718
0.69,0.85,0.4,0.66,1.05,1.03,0.15,0.64,0.16,16156,8.547557353973389
0.7,0.85,0.41,0.66,1.05,1.03,0.15,0.64,0.16,16005,8.551557779312134
0.7,0.85,0.4,0.66,1.04,1.03,0.15,0.64,0.15,16060,8.552557229995728
0.69,0.85,0.4,0.67,1.05,1.03,0.15,0.64,0.16,16267,8.555731773376465
0.69,0.85,0.41,0.66,1.04,1.03,0.15,0.64,0.16,16144,8.55972957611084
0.7,0.85,0.4,0.66,1.04,1.03,0.14,0.64,0.15,16011,8.563745260238647
0.7,0.85,0.4,0.66,1.04,1.03,0.15,0.64,0.15,16038,8.564756631851196
0.7,0.85,0.4,0.66,1.04,1.03,0.15,0.64,0.15,16195,8.56816029548645
0.7,0.85,0.4,0.66,1.04,1.03,0.15,0.64,0.15,16374,8.572910785675049
0.69,0.85,0.41,0.66,1.04,1.03,0.15,0.64,0.16,16441,8.576220512390137
0.7,0.85,0.4,0.67,1.05,1.03,0.15,0.65,0.15,16458,8.577276468276978
0.7,0.85,0.4,0.66,1.05,1.03,0.15,0.64,0.15,16649,8.580167531967163
0.7,0.85,0.4,0.66,1.05,1.03,0.15,0.64,0.15,16718,8.584752798080444
0.7,0.85,0.4,0.67,1.04,1.03,0.15,0.64,0.16,16035,8.58875322341919
0.69,0.85,0.4,0.66,1.04,1.03,0.15,0.64,0.15,16302,8.589749097824097
0.7,0.85,0.4,0.66,1.04,1.03,0.15,0.64,0.15,16351,8.592753171920776
0.7,0.85,0.4,0.66,1.04,1.03,0.15,0.65,0.15,15862,8.59659743309021
0.7,0.85,0.4,0.67,1.04,1.03,0.15,0.65,0.15,15995,8.600916147232056
0.69,0.85,0.41,0.66,1.04,1.03,0.14,0.65,0.15,15800,8.604506969451904
0.7,0.85,0.41,0.66,1.04,1.03,0.15,0.64,0.15,16113,8.6049485206604
0.7,0.85,0.4,0.66,1.05,1.03,0.15,0.64,0.15,16688,8.608964681625366
0.7,0.85,0.4,0.66,1.04,1.03,0.15,0.64,0.15,16707,8.613536357879639
0.7,0.85,0.41,0.66,1.04,1.03,0.15,0.65,0.15,16304,8.61703634262085
0.7,0.85,0.4,0.66,1.04,1.04,0.15,0.64,0.15,16103,8.61703634262085
0.69,0.85,0.41,0.66,1.04,1.04,0.15,0.64,0.15,16098,8.622045278549194
0.7,0.85,0.4,0.66,1.04,1.04,0.15,0.64,0.15,16443,8.626055240631104
0.69,0.85,0.4,0.66,1.04,1.04,0.14,0.64,0.15,16666,8.629159212112427
0.69,0.85,0.4,0.66,1.04,1.04,0.15,0.64,0.15,15989,8.629724264144897
0.69,0.85,0.4,0.66,1.04,1.04,0.14,0.64,0.15,15562,8.633704423904419
0.69,0.85,0.4,0.67,1.05,1.03,0.15,0.64,0.15,15765,8.637990951538086
0.69,0.85,0.4,0.67,1.05,1.04,0.14,0.64,0.15,16410,8.64202070236206
0.69,0.85,0.4,0.67,1.05,1.03,0.14,0.64,0.15,16385,8.64202070236206
0.7,0.85,0.4,0.66,1.05,1.04,0.14,0.65,0.15,16186,8.64636516571045
0.69,0.85,0.4,0.67,1.04,1.04,0.15,0.64,0.15,16619,8.650352478027344
0.69,0.85,0.4,0.67,1.05,1.04,0.14,0.64,0.15,16704,8.653808355331421
0.7,0.85,0.4,0.66,1.05,1.04,0.14,0.64,0.15,16615,8.65488076210022
0.7,0.85,0.4,0.66,1.04,1.03,0.14,0.64,0.15,16352,8.658806324005127
0.7,0.85,0.4,0.66,1.04,1.03,0.14,0.64,0.15,16385,8.662173986434937
0.7,0.85,0.4,0.66,1.04,1.04,0.14,0.64,0.15,16688,8.66643738746643
0.7,0.85,0.4,0.67,1.04,1.03,0.14,0.64,0.15,16593,8.667461395263672
0.7,0.85,0.4,0.66,1.04,1.03,0.14,0.64,0.15,16062,8.670730352401733
0.7,0.85,0.4,0.66,1.04,1.03,0.14,0.64,0.15,16147,8.674762964248657
0.71,0.85,0.4,0.66,1.05,1.03,0.15,0.64,0.15,16482,8.678762912750244
0.7,0.85,0.4,0.66,1.05,1.03,0.14,0.64,0.15,16293,8.682260036468506
0.7,0.85,0.4,0.67,1.04,1.03,0.15,0.64,0.15,16528,8.682260036468506
0.7,0.85,0.4,0.67,1.05,1.03,0.15,0.64,0.15,16407,8.687093496322632
0.7,0.85,0.4,0.67,1.04,1.04,0.14,0.64,0.15,16340,8.69109058380127
0.7,0.85,0.4,0.67,1.04,1.03,0.14,0.64,0.15,16591,8.694204092025757
0.7,0.85,0.4,0.66,1.04,1.03,0.14,0.64,0.15,16372,8.695121049880981
0.7,0.85,0.4,0.66,1.04,1.03,0.14,0.64,0.16,16277,8.69909405708313
0.7,0.85,0.4,0.66,1.04,1.03,0.14,0.64,0.15,16416,8.702609300613403
0.7,0.85,0.4,0.66,1.04,1.03,0.15,0.64,0.15,15917,8.706958532333374
0.7,0.85,0.4,0.66,1.04,1.04,0.15,0.64,0.15,16370,8.707620859146118
0.7,0.85,0.4,0.66,1.05,1.04,0.15,0.64,0.16,16081,8.711114406585693
0.7,0.85,0.4,0.66,1.05,1.04,0.15,0.65,0.15,15878,8.716549396514893
0.7,0.85,0.4,0.67,1.05,1.04,0.15,0.64,0.15,16003,8.719038248062134
0.7,0.85,0.4,0.67,1.05,1.03,0.15,0.65,0.15,15840,8.720050811767578
0.7,0.85,0.4,0.66,1.05,1.03,0.14,0.64,0.15,16243,8.724234819412231
0.7,0.85,0.4,0.66,1.04,1.04,0.14,0.64,0.15,16612,8.728248119354248
0.7,0.85,0.4,0.67,1.04,1.03,0.14,0.65,0.15,16505,8.731571197509766
0.7,0.85,0.4,0.67,1.05,1.03,0.14,0.64,0.15,16208,8.732661247253418
0.7,0.85,0.4,0.66,1.05,1.03,0.14,0.64,0.15,16353,8.736130237579346
0.7,0.85,0.4,0.66,1.05,1.03,0.14,0.65,0.16,16514,8.740990400314331
0.7,0.85,0.4,0.67,1.04,1.04,0.14,0.65,0.15,16503,8.744016408920288
0.7,0.85,0.4,0.67,1.04,1.04,0.14,0.65,0.15,16732,8.74501347541809
0.7,0.85,0.4,0.67,1.05,1.04,0.14,0.65,0.15,16683,8.748011589050293
0.7,0.85,0.4,0.67,1.04,1.04,0.14,0.65,0.15,16336,8.752186298370361
0.7,0.85,0.4,0.67,1.04,1.04,0.14,0.64,0.15,16563,8.756155252456665
0.7,0.85,0.4,0.67,1.05,1.04,0.15,0.65,0.15,16748,8.75715160369873
0.69,0.85,0.4,0.67,1.05,1.04,0.14,0.65,0.15,16643,8.760159254074097
0.7,0.85,0.4,0.67,1.05,1.04,0.14,0.65,0.15,16666,8.764154434204102
0.7,0.85,0.4,0.67,1.04,1.03,0.14,0.65,0.15,16821,8.768462657928467
0.7,0.85,0.4,0.66,1.05,1.03,0.14,0.65,0.15,16420,8.769497156143188
0.7,0.85,0.4,0.66,1.05,1.04,0.13,0.65,0.15,16169,8.772375583648682
0.7,0.85,0.4,0.67,1.05,1.04,0.14,0.65,0.15,16340,8.77667498588562
0.7,0.85,0.4,0.67,1.05,1.04,0.14,0.65,0.15,16527,8.781659364700317
0.7,0.85,0.4,0.66,1.05,1.04,0.14,0.65,0.15,16192,8.785284757614136
0.7,0.85,0.4,0.67,1.05,1.04,0.14,0.64,0.16,16161,8.785284757614136
0.7,0.85,0.4,0.66,1.05,1.04,0.15,0.65,0.15,16126,8.789296865463257
0.7,0.85,0.4,0.66,1.05,1.04,0.15,0.65,0.16,16205,8.793335676193237
0.7,0.85,0.4,0.67,1.04,1.04,0.15,0.65,0.15,16282,8.796702146530151
0.7,0.85,0.4,0.67,1.04,1.04,0.15,0.65,0.15,16363,8.797686338424683
0.69,0.85,0.4,0.67,1.05,1.03,0.15,0.65,0.15,16248,8.80168628692627
0.7,0.85,0.4,0.67,1.04,1.04,0.15,0.64,0.15,16305,8.805683135986328
0.7,0.85,0.4,0.66,1.04,1.04,0.14,0.64,0.15,16278,8.809363603591919
0.7,0.85,0.4,0.67,1.04,1.04,0.14,0.64,0.15,16147,8.809363603591919
0.7,0.85,0.4,0.67,1.04,1.04,0.15,0.65,0.15,16296,8.813392639160156
0.7,0.85,0.4,0.67,1.04,1.04,0.14,0.64,0.15,16805,8.817396402359009
0.7,0.85,0.4,0.67,1.04,1.03,0.15,0.64,0.15,16656,8.822394371032715
0.7,0.85,0.4,0.67,1.04,1.04,0.14,0.64,0.15,16583,8.822394371032715
0.7,0.85,0.4,0.67,1.04,1.04,0.15,0.65,0.15,16560,8.825616598129272
0.7,0.85,0.4,0.67,1.04,1.04,0.14,0.64,0.15,16473,8.830437183380127
0.7,0.85,0.4,0.66,1.04,1.04,0.14,0.65,0.15,16880,8.834619283676147
0.7,0.85,0.41,0.67,1.05,1.04,0.14,0.64,0.15,16847,8.834619283676147
0.7,0.85,0.4,0.67,1.05,1.03,0.14,0.64,0.15,16398,8.83862042427063
0.7,0.85,0.4,0.67,1.04,1.03,0.14,0.65,0.15,16175,8.842628240585327
0.7,0.85,0.4,0.67,1.04,1.03,0.14,0.65,0.15,16438,8.846617460250854
0.7,0.85,0.4,0.66,1.05,1.03,0.14,0.65,0.15,16817,8.846617460250854
0.7,0.85,0.4,0.67,1.05,1.04,0.14,0.65,0.15,16316,8.850215196609497
0.7,0.85,0.4,0.66,1.04,1.03,0.14,0.65,0.15,16453,8.855106592178345
0.7,0.85,0.4,0.67,1.04,1.03,0.14,0.64,0.15,16614,8.859904050827026
0.7,0.85,0.4,0.67,1.04,1.03,0.15,0.64,0.15,16625,8.863007545471191
0.7,0.85,0.39,0.67,1.04,1.04,0.15,0.64,0.15,16692,8.863990545272827
0.7,0.85,0.4,0.67,1.04,1.03,0.15,0.64,0.15,16891,8.86699366569519
0.7,0.85,0.4,0.67,1.05,1.03,0.14,0.65,0.15,16250,8.871017456054688
0.69,0.85,0.4,0.67,1.04,1.03,0.14,0.65,0.15,15779,8.875216960906982
0.69,0.85,0.4,0.67,1.05,1.03,0.14,0.65,0.15,15972,8.876016616821289
0.7,0.85,0.4,0.67,1.04,1.03,0.15,0.65,0.16,16061,8.879711151123047
0.7,0.85,0.4,0.67,1.04,1.04,0.14,0.65,0.15,16362,8.884496927261353
0.7,0.85,0.4,0.67,1.04,1.03,0.15,0.64,0.15,16637,8.887661457061768
0.69,0.85,0.4,0.67,1.04,1.04,0.14,0.65,0.15,16116,8.887661457061768
0.7,0.85,0.4,0.67,1.04,1.04,0.15,0.65,0.15,16321,8.892662048339844
0.7,0.85,0.4,0.67,1.04,1.04,0.15,0.65,0.15,16908,8.895862817764282
0.69,0.85,0.4,0.67,1.04,1.04,0.15,0.65,0.15,16779,8.899863004684448
0.7,0.85,0.4,0.67,1.04,1.04,0.15,0.64,0.15,16386,8.90084195137024
0.7,0.85,0.4,0.67,1.04,1.04,0.15,0.64,0.15,16697,8.90452527999878
0.7,0.85,0.4,0.67,1.04,1.04,0.15,0.65,0.15,16712,8.908582210540771
0.7,0.85,0.4,0.67,1.04,1.03,0.15,0.64,0.15,16157,8.912127256393433
0.69,0.85,0.4,0.67,1.04,1.04,0.15,0.65,0.15,15812,8.912127256393433
0.7,0.85,0.4,0.66,1.04,1.04,0.15,0.65,0.15,16275,8.915980339050293
0.7,0.85,0.4,0.66,1.04,1.04,0.15,0.65,0.15,16678,8.920112609863281
0.7,0.85,0.4,0.67,1.04,1.04,0.15,0.65,0.15,16737,8.925062417984009
0.7,0.85,0.4,0.67,1.04,1.03,0.14,0.65,0.15,16600,8.928331851959229
0.7,0.85,0.4,0.67,1.04,1.04,0.15,0.64,0.15,16339,8.929062366485596
0.7,0.85,0.4,0.67,1.04,1.03,0.15,0.64,0.15,16326,8.932575941085815
0.7,0.85,0.4,0.66,1.04,1.03,0.15,0.65,0.15,15911,8.936949491500854
0.7,0.85,0.4,0.67,1.04,1.03,0.15,0.65,0.15,16380,8.940215826034546
0.7,0.85,0.4,0.66,1.04,1.04,0.14,0.65,0.15,16755,8.940934896469116
0.7,0.85,0.4,0.66,1.04,1.03,0.15,0.65,0.15,16630,8.944322347640991
0.7,0.85,0.4,0.66,1.04,1.04,0.15,0.65,0.15,16429,8.948679447174072
0.7,0.85,0.4,0.66,1.04,1.04,0.15,0.65,0.15,16692,8.952425718307495
0.7,0.85,0.4,0.67,1.04,1.04,0.15,0.65,0.15,16489,8.953468561172485
0.7,0.85,0.4,0.67,1.04,1.03,0.15,0.65,0.15,16262,8.956724166870117
0.7,0.85,0.4,0.67,1.04,1.04,0.15,0.65,0.15,16283,8.962003946304321
0.7,0.85,0.4,0.67,1.05,1.04,0.15,0.65,0.15,16524,8.965270280838013
0.7,0.85,0.4,0.66,1.04,1.04,0.14,0.65,0.15,16725,8.966031551361084
0.7,0.85,0.4,0.67,1.04,1.04,0.15,0.65,0.15,16652,8.969172716140747
0.7,0.85,0.4,0.66,1.04,1.04,0.15,0.65,0.15,16371,8.974138259887695
0.7,0.85,0.4,0.67,1.04,1.04,0.14,0.65,0.15,16010,8.977518081665039
0.69,0.85,0.4,0.66,1.04,1.04,0.14,0.65,0.16,15941,8.978586196899414
0.69,0.85,0.41,0.67,1.04,1.04,0.15,0.65,0.15,16506,8.980936527252197
0.7,0.85,0.4,0.66,1.04,1.04,0.15,0.65,0.15,17061,8.98597002029419
0.7,0.85,0.4,0.67,1.04,1.04,0.15,0.64,0.15,16924,8.99025821685791
0.7,0.85,0.4,0.67,1.04,1.04,0.15,0.64,0.15,16539,8.994121551513672
0.7,0.85,0.4,0.67,1.04,1.04,0.15,0.65,0.15,16102,8.994121551513672
0.7,0.85,0.4,0.67,1.04,1.04,0.15,0.65,0.15,16309,8.998148679733276
0.7,0.85,0.4,0.66,1.04,1.04,0.15,0.65,0.15,16856,9.002219438552856
0.7,0.85,0.4,0.67,1.04,1.04,0.15,0.65,0.15,16415,9.005801916122437
0.7,0.85,0.4,0.66,1.04,1.04,0.15,0.65,0.15,16010,9.006575584411621
0.69,0.85,0.4,0.66,1.04,1.04,0.15,0.65,0.15,16267,9.01006269454956
0.7,0.85,0.4,0.67,1.04,1.04,0.14,0.65,0.15,16860,9.015074729919434
0.7,0.85,0.4,0.67,1.04,1.04,0.15,0.65,0.15,16839,9.018412828445435
0.69,0.85,0.4,0.66,1.04,1.04,0.15,0.65,0.15,16376,9.019423484802246
0.7,0.85,0.4,0.66,1.04,1.04,0.15,0.65,0.15,16091,9.023460626602173
0.7,0.85,0.4,0.66,1.04,1.04,0.15,0.65,0.15,16330,9.027917385101318
0.7,0.85,0.4,0.66,1.04,1.04,0.14,0.65,0.15,16567,9.030889511108398
0.7,0.85,0.4,0.67,1.04,1.04,0.15,0.65,0.15,16174,9.031884908676147
0.7,0.85,0.4,0.66,1.04,1.04,0.15,0.65,0.15,16175,9.0353102684021
0.7,0.85,0.4,0.67,1.04,1.04,0.15,0.65,0.15,16256,9.039309740066528
0.7,0.85,0.4,0.67,1.04,1.04,0.15,0.64,0.15,16257,9.043293714523315
0.7,0.85,0.4,0.67,1.04,1.04,0.15,0.65,0.15,16002,9.044289350509644
0.7,0.85,0.4,0.67,1.04,1.04,0.15,0.64,0.15,16241,9.04781723022461
0.69,0.85,0.4,0.67,1.04,1.04,0.14,0.65,0.15,16530,9.051788568496704
0.7,0.85,0.4,0.67,1.04,1.04,0.15,0.64,0.15,16657,9.055388927459717
0.69,0.85,0.4,0.66,1.04,1.04,0.14,0.64,0.15,16134,9.056390047073364
0.7,0.85,0.4,0.67,1.04,1.04,0.15,0.65,0.15,16411,9.060439825057983
0.7,0.85,0.4,0.66,1.04,1.04,0.14,0.65,0.15,16736,9.064637422561646
0.7,0.85,0.4,0.67,1.04,1.04,0.15,0.64,0.15,16707,9.067604780197144
0.7,0.85,0.4,0.66,1.04,1.04,0.14,0.65,0.15,16704,9.071518898010254
0.7,0.85,0.4,0.67,1.04,1.04,0.15,0.65,0.15,16729,9.072563886642456
0.69,0.85,0.4,0.67,1.04,1.04,0.15,0.65,0.15,16926,9.075553178787231
0.7,0.85,0.4,0.67,1.05,1.04,0.14,0.65,0.16,16571,9.079837083816528
0.69,0.85,0.4,0.67,1.04,1.04,0.14,0.65,0.15,16376,9.083942413330078
0.7,0.85,0.4,0.66,1.04,1.04,0.14,0.65,0.15,15985,9.084938764572144
0.7,0.85,0.4,0.67,1.04,1.04,0.15,0.65,0.15,16190,9.087938785552979
0.69,0.85,0.4,0.67,1.04,1.04,0.14,0.65,0.15,16621,9.091945886611938
0.69,0.85,0.4,0.67,1.04,1.04,0.15,0.65,0.15,16662,9.096031665802002
0.7,0.85,0.4,0.67,1.04,1.04,0.15,0.65,0.15,16307,9.096898555755615
0.69,0.85,0.4,0.67,1.04,1.04,0.14,0.65,0.15,16902,9.100003957748413
0.7,0.85,0.4,0.67,1.04,1.04,0.15,0.65,0.15,16913,9.105093955993652
0.7,0.85,0.4,0.67,1.04,1.04,0.14,0.65,0.15,16366,9.108387231826782
0.69,0.85,0.4,0.67,1.04,1.04,0.14,0.65,0.15,16217,9.109090805053711
0.69,0.85,0.4,0.66,1.04,1.04,0.14,0.64,0.15,16362,9.113438367843628
0.69,0.85,0.4,0.67,1.04,1.04,0.15,0.65,0.16,16195,9.117428064346313
0.69,0.85,0.4,0.67,1.04,1.04,0.15,0.65,0.15,15996,9.120685577392578
0.7,0.85,0.4,0.67,1.04,1.04,0.15,0.65,0.15,16007,9.121422529220581
0.69,0.85,0.4,0.67,1.04,1.04,0.15,0.65,0.15,16436,9.12599515914917
0.69,0.85,0.4,0.67,1.04,1.04,0.14,0.65,0.15,16759,9.12973141670227
0.7,0.85,0.4,0.67,1.04,1.04,0.15,0.65,0.15,16772,9.133902072906494
0.69,0.85,0.4,0.67,1.04,1.04,0.15,0.65,0.15,16491,9.137136697769165
0.69,0.85,0.4,0.67,1.04,1.04,0.14,0.65,0.15,16534,9.137136697769165
0.7,0.85,0.4,0.67,1.04,1.04,0.14,0.65,0.15,16169,9.140757083892822
0.69,0.85,0.4,0.67,1.04,1.04,0.14,0.65,0.15,16106,9.145756959915161
0.69,0.85,0.4,0.66,1.04,1.04,0.14,0.64,0.15,15787,9.148892402648926
0.7,0.85,0.4,0.67,1.04,1.04,0.14,0.65,0.15,16210,9.149756908416748
0.69,0.85,0.4,0.67,1.04,1.04,0.14,0.65,0.15,16441,9.153752565383911
0.69,0.85,0.4,0.67,1.04,1.04,0.14,0.65,0.15,16728,9.158756971359253
0.69,0.85,0.4,0.67,1.04,1.04,0.14,0.65,0.15,16793,9.162216901779175
0.69,0.85,0.4,0.67,1.04,1.04,0.15,0.65,0.15,16850,9.162216901779175
0.69,0.85,0.4,0.67,1.04,1.04,0.14,0.65,0.15,16971,9.165385723114014
0.69,0.85,0.4,0.67,1.04,1.04,0.15,0.65,0.15,16750,9.170953512191772
0.69,0.85,0.4,0.67,1.04,1.04,0.15,0.65,0.15,16257,9.174750328063965
0.69,0.86,0.41,0.67,1.04,1.04,0.15,0.65,0.15,16080,9.174750328063965
0.69,0.85,0.4,0.67,1.04,1.04,0.14,0.65,0.15,16173,9.178079843521118
0.69,0.85,0.4,0.67,1.04,1.04,0.15,0.65,0.15,16324,9.18291687965393
0.69,0.85,0.4,0.67,1.04,1.04,0.14,0.65,0.15,16351,9.18695592880249
0.69,0.85,0.4,0.67,1.04,1.03,0.14,0.64,0.16,16210,9.18695592880249
0.69,0.85,0.4,0.66,1.04,1.04,0.14,0.65,0.15,16477,9.190945863723755
0.69,0.85,0.4,0.67,1.04,1.04,0.14,0.65,0.15,16504,9.194619417190552
0.69,0.84,0.4,0.67,1.04,1.04,0.14,0.65,0.15,16329,9.199459075927734
0.7,0.85,0.4,0.66,1.04,1.04,0.14,0.65,0.15,16502,9.199540376663208
0.69,0.86,0.4,0.67,1.04,1.04,0.14,0.65,0.15,16423,9.20301103591919
0.69,0.86,0.4,0.67,1.04,1.04,0.14,0.65,0.15,16396,9.206986904144287
0.7,0.85,0.4,0.67,1.04,1.04,0.14,0.65,0.15,16605,9.210984706878662
0.69,0.85,0.4,0.67,1.04,1.04,0.14,0.65,0.15,16272,9.214910507202148
0.69,0.85,0.4,0.66,1.04,1.04,0.14,0.65,0.15,15875,9.214910507202148
0.69,0.85,0.4,0.67,1.04,1.04,0.14,0.65,0.15,16524,9.219888925552368
0.69,0.85,0.4,0.67,1.04,1.04,0.14,0.65,0.15,16767,9.223910331726074
0.7,0.85,0.4,0.67,1.04,1.04,0.14,0.65,0.15,16702,9.227161407470703
0.69,0.86,0.4,0.67,1.04,1.04,0.14,0.65,0.15,16405,9.227910041809082
0.69,0.85,0.4,0.67,1.04,1.04,0.14,0.65,0.15,15992,9.231910467147827
0.69,0.85,0.41,0.67,1.04,1.04,0.15,0.65,0.15,16229,9.23673129081726
0.7,0.85,0.4,0.67,1.04,1.04,0.14,0.65,0.15,16572,9.239702701568604
0.69,0.85,0.4,0.67,1.04,1.04,0.14,0.65,0.15,16473,9.240728855133057
0.69,0.85,0.4,0.67,1.04,1.04,0.14,0.65,0.15,16416,9.243701457977295
0.7,0.85,0.4,0.67,1.04,1.04,0.14,0.65,0.15,16185,9.248444318771362
0.69,0.85,0.4,0.67,1.04,1.04,0.14,0.65,0.15,16454,9.252491474151611
0.69,0.85,0.4,0.67,1.04,1.04,0.14,0.65,0.15,16267,9.252491474151611
0.69,0.85,0.4,0.67,1.04,1.04,0.14,0.65,0.15,16274,9.25546669960022
0.69,0.85,0.4,0.67,1.04,1.04,0.15,0.65,0.15,16321,9.260085582733154
0.69,0.85,0.4,0.67,1.04,1.04,0.14,0.65,0.15,16698,9.264293432235718
0.69,0.85,0.4,0.67,1.04,1.04,0.14,0.65,0.15,16281,9.265348196029663
0.69,0.85,0.4,0.67,1.04,1.04,0.14,0.65,0.15,16444,9.268518686294556
0.69,0.85,0.4,0.67,1.04,1.04,0.14,0.65,0.15,16547,9.27360463142395
0.69,0.85,0.41,0.67,1.04,1.04,0.14,0.64,0.15,16548,9.276604413986206
0.69,0.85,0.4,0.67,1.04,1.04,0.14,0.64,0.15,16665,9.276604413986206
0.68,0.85,0.4,0.67,1.04,1.04,0.14,0.65,0.15,16464,9.28106951713562
0.69,0.85,0.4,0.67,1.04,1.04,0.14,0.65,0.16,16135,9.284623146057129
0.69,0.85,0.41,0.67,1.04,1.04,0.14,0.65,0.15,16214,9.289674520492554
0.69,0.85,0.4,0.67,1.04,1.04,0.14,0.64,0.15,16147,9.29287314414978
0.69,0.85,0.4,0.67,1.04,1.04,0.14,0.64,0.15,16146,9.293721914291382
0.69,0.86,0.4,0.67,1.04,1.04,0.14,0.64,0.15,16349,9.29772162437439
0.69,0.85,0.4,0.67,1.04,1.04,0.14,0.64,0.15,16586,9.302013158798218
0.69,0.85,0.4,0.67,1.04,1.04,0.14,0.64,0.15,16223,9.305212020874023
0.69,0.85,0.4,0.67,1.04,1.04,0.14,0.65,0.15,16292,9.305212020874023
0.69,0.85,0.4,0.67,1.04,1.04,0.14,0.64,0.15,16341,9.309277296066284
0.69,0.85,0.4,0.67,1.04,1.04,0.15,0.65,0.15,16248,9.313817262649536
0.69,0.85,0.4,0.67,1.04,1.04,0.14,0.65,0.15,16081,9.317813158035278
0.69,0.85,0.4,0.67,1.04,1.04,0.14,0.65,0.15,16538,9.317813158035278
0.69,0.85,0.41,0.67,1.04,1.04,0.15,0.64,0.15,16727,9.321817398071289
0.69,0.86,0.4,0.67,1.04,1.04,0.15,0.65,0.15,16586,9.325817108154297
0.7,0.86,0.41,0.66,1.04,1.04,0.14,0.65,0.15,16429,9.330214977264404
0.7,0.85,0.4,0.66,1.04,1.04,0.14,0.64,0.15,16384,9.330214977264404
0.69,0.85,0.4,0.66,1.04,1.04,0.15,0.64,0.15,15905,9.334360599517822
0.69,0.86,0.4,0.67,1.04,1.04,0.15,0.65,0.15,15910,9.338561534881592
0.69,0.86,0.4,0.66,1.04,1.04,0.14,0.65,0.15,16485,9.3421311378479
0.7,0.86,0.4,0.66,1.04,1.04,0.15,0.65,0.15,16808,9.343198299407959
0.69,0.85,0.4,0.67,1.04,1.04,0.15,0.65,0.15,16563,9.346219062805176
0.69,0.86,0.4,0.67,1.04,1.04,0.14,0.64,0.15,16214,9.350266695022583
0.69,0.86,0.4,0.67,1.04,1.04,0.15,0.64,0.15,16281,9.354381799697876
0.69,0.86,0.4,0.67,1.04,1.04,0.15,0.65,0.15,16628,9.357942342758179
0.69,0.85,0.4,0.66,1.04,1.04,0.14,0.65,0.15,16337,9.359084367752075
0.7,0.85,0.41,0.66,1.04,1.04,0.15,0.64,0.15,16160,9.362563371658325
0.69,0.86,0.41,0.67,1.04,1.04,0.15,0.65,0.15,16463,9.367563486099243
0.7,0.86,0.41,0.67,1.04,1.04,0.14,0.64,0.16,16460,9.370850086212158
0.69,0.85,0.4,0.67,1.04,1.04,0.15,0.64,0.15,16517,9.371585130691528
0.69,0.86,0.41,0.66,1.04,1.04,0.15,0.64,0.15,16418,9.37570071220398
0.69,0.86,0.4,0.67,1.04,1.04,0.15,0.64,0.15,16613,9.379090547561646
0.69,0.85,0.4,0.66,1.04,1.04,0.14,0.64,0.15,16618,9.383238554000854
0.69,0.85,0.4,0.67,1.04,1.04,0.14,0.64,0.15,16047,9.383238554000854
0.7,0.85,0.4,0.67,1.04,1.04,0.14,0.64,0.15,16042,9.387270450592041
0.69,0.85,0.4,0.67,1.04,1.04,0.15,0.64,0.15,16257,9.391612768173218
0.7,0.85,0.4,0.67,1.04,1.04,0.14,0.64,0.15,16320,9.39494276046753
0.7,0.85,0.41,0.66,1.04,1.04,0.15,0.64,0.15,16367,9.396015882492065
0.7,0.85,0.41,0.66,1.04,1.04,0.14,0.64,0.15,16524,9.399142980575562
0.7,0.85,0.4,0.67,1.04,1.04,0.14,0.64,0.15,16461,9.404523849487305
0.69,0.85,0.4,0.67,1.04,1.04,0.15,0.64,0.15,16258,9.407540082931519
0.7,0.85,0.4,0.66,1.04,1.04,0.15,0.64,0.15,16495,9.408523321151733
0.7,0.85,0.4,0.67,1.04,1.04,0.15,0.64,0.15,16722,9.412544012069702
0.7,0.85,0.41,0.66,1.04,1.04,0.14,0.64,0.16,16737,9.41553258895874
0.7,0.85,0.41,0.66,1.04,1.04,0.14,0.64,0.16,16626,9.419872999191284
0.7,0.85,0.41,0.66,1.04,1.04,0.14,0.65,0.15,16465,9.420883417129517
0.7,0.85,0.41,0.67,1.04,1.04,0.15,0.65,0.16,16424,9.423645257949829
0.69,0.85,0.41,0.67,1.04,1.04,0.15,0.64,0.15,16377,9.428683042526245
0.7,0.85,0.41,0.67,1.04,1.04,0.14,0.65,0.15,16226,9.432265996932983
0.7,0.85,0.41,0.66,1.04,1.04,0.14,0.65,0.16,15939,9.432265996932983
0.7,0.85,0.41,0.66,1.04,1.04,0.14,0.65,0.16,15946,9.436491012573242
0.7,0.85,0.41,0.67,1.04,1.04,0.14,0.65,0.15,16385,9.44047498703003
0.69,0.85,0.41,0.66,1.04,1.04,0.14,0.65,0.15,16448,9.44545865058899
0.7,0.85,0.4,0.66,1.04,1.04,0.14,0.64,0.16,16199,9.44545865058899
0.69,0.85,0.41,0.66,1.04,1.04,0.15,0.65,0.16,16126,9.449458599090576
0.7,0.85,0.4,0.66,1.04,1.04,0.14,0.65,0.15,16163,9.453665733337402
0.7,0.85,0.4,0.67,1.04,1.04,0.14,0.65,0.15,16332,9.457218408584595
0.7,0.85,0.4,0.67,1.04,1.04,0.15,0.65,0.15,16131,9.461389303207397
0.69,0.85,0.41,0.66,1.04,1.04,0.14,0.65,0.15,16190,9.461389303207397
0.69,0.85,0.4,0.66,1.04,1.04,0.14,0.64,0.15,16443,9.465389490127563
0.7,0.85,0.41,0.66,1.04,1.04,0.14,0.65,0.15,16444,9.469404935836792
0.7,0.85,0.41,0.66,1.04,1.04,0.14,0.65,0.15,16459,9.473426580429077
0.69,0.85,0.4,0.66,1.04,1.04,0.15,0.65,0.15,16678,9.473426580429077
0.69,0.85,0.4,0.66,1.04,1.04,0.14,0.65,0.15,16521,9.477723360061646
0.69,0.85,0.41,0.66,1.04,1.04,0.14,0.64,0.15,16516,9.481205463409424
0.69,0.85,0.4,0.66,1.04,1.04,0.15,0.64,0.15,16337,9.485325813293457
0.7,0.85,0.4,0.66,1.04,1.04,0.15,0.64,0.15,16460,9.486297607421875
0.7,0.85,0.4,0.66,1.04,1.04,0.15,0.64,0.15,16793,9.4893479347229
0.7,0.85,0.41,0.66,1.04,1.04,0.15,0.64,0.15,16574,9.494305849075317
0.7,0.85,0.4,0.66,1.04,1.04,0.15,0.64,0.15,16555,9.498534917831421
0.7,0.85,0.4,0.66,1.04,1.04,0.14,0.64,0.15,16420,9.498534917831421
0.7,0.85,0.4,0.66,1.04,1.04,0.15,0.64,0.15,16389,9.502725839614868
0.7,0.85,0.4,0.66,1.04,1.04,0.15,0.64,0.15,16432,9.506890773773193
0.7,0.85,0.4,0.66,1.04,1.04,0.15,0.65,0.15,16291,9.510097980499268
0.7,0.85,0.4,0.66,1.04,1.04,0.15,0.64,0.15,16304,9.511178016662598
0.7,0.85,0.4,0.66,1.04,1.04,0.14,0.64,0.15,16127,9.514609813690186
0.71,0.85,0.4,0.66,1.04,1.04,0.15,0.65,0.15,16134,9.518179416656494
0.7,0.86,0.4,0.66,1.04,1.04,0.15,0.65,0.15,16555,9.523232221603394
0.71,0.85,0.4,0.66,1.04,1.04,0.14,0.65,0.15,16522,9.523232221603394
0.7,0.85,0.4,0.66,1.04,1.04,0.15,0.64,0.15,16245,9.52634072303772
0.7,0.85,0.4,0.66,1.04,1.04,0.15,0.64,0.15,16394,9.530831336975098
0.7,0.85,0.4,0.66,1.04,1.04,0.15,0.65,0.15,16329,9.535831451416016
0.71,0.85,0.4,0.66,1.04,1.04,0.14,0.64,0.15,16476,9.538119077682495
0.7,0.85,0.4,0.66,1.05,1.04,0.15,0.64,0.15,16559,9.538830995559692
0.7,0.85,0.4,0.66,1.04,1.04,0.15,0.65,0.15,16346,9.542831182479858
0.7,0.85,0.41,0.66,1.04,1.04,0.15,0.65,0.15,16109,9.546831369400024
0.7,0.85,0.4,0.66,1.04,1.04,0.15,0.65,0.15,15984,9.550427913665771
0.7,0.85,0.4,0.66,1.04,1.04,0.15,0.65,0.15,16097,9.550427913665771
0.7,0.85,0.41,0.66,1.04,1.04,0.15,0.64,0.15,16410,9.555941104888916
0.7,0.85,0.41,0.66,1.04,1.04,0.14,0.65,0.15,16505,9.558929920196533
0.7,0.85,0.4,0.66,1.04,1.04,0.15,0.65,0.15,16112,9.562908172607422
0.7,0.85,0.41,0.66,1.04,1.04,0.15,0.64,0.15,15969,9.563913106918335
0.71,0.85,0.4,0.67,1.04,1.03,0.15,0.64,0.15,16410,9.567909955978394
0.7,0.85,0.41,0.66,1.04,1.04,0.15,0.64,0.15,16865,9.571215152740479
0.7,0.85,0.41,0.66,1.05,1.04,0.15,0.65,0.15,16516,9.575279712677002
0.7,0.85,0.41,0.66,1.05,1.04,0.15,0.65,0.15,16279,9.5762460231781
0.7,0.85,0.4,0.66,1.04,1.04,0.15,0.64,0.15,16544,9.580246210098267
0.7,0.85,0.41,0.66,1.04,1.04,0.15,0.65,0.15,16645,9.58314299583435
0.7,0.85,0.41,0.66,1.04,1.04,0.14,0.64,0.15,16454,9.588405847549438
0.71,0.85,0.41,0.66,1.04,1.04,0.15,0.64,0.15,16521,9.588405847549438
0.7,0.85,0.41,0.66,1.04,1.04,0.14,0.65,0.15,16496,9.592848539352417
0.7,0.85,0.41,0.66,1.04,1.04,0.15,0.64,0.15,16431,9.596678495407104
0.7,0.86,0.41,0.66,1.05,1.04,0.15,0.65,0.15,16168,9.600251913070679
0.7,0.85,0.4,0.66,1.04,1.04,0.15,0.65,0.15,16189,9.60451889038086
0.7,0.85,0.41,0.66,1.04,1.04,0.15,0.64,0.15,16340,9.60451889038086
0.7,0.85,0.41,0.66,1.05,1.04,0.14,0.65,0.15,16465,9.608256101608276
0.7,0.85,0.4,0.66,1.04,1.04,0.15,0.65,0.15,16710,9.613516092300415
0.7,0.85,0.4,0.65,1.04,1.04,0.15,0.65,0.16,16503,9.615597248077393
0.7,0.85,0.4,0.66,1.04,1.04,0.15,0.64,0.15,16054,9.61663007736206
0.7,0.85,0.4,0.66,1.04,1.04,0.15,0.65,0.16,16237,9.62080430984497
0.7,0.85,0.41,0.66,1.04,1.04,0.14,0.65,0.15,16722,9.624809980392456
0.71,0.85,0.4,0.66,1.04,1.04,0.14,0.64,0.15,16521,9.62880253791809
0.71,0.86,0.41,0.66,1.05,1.04,0.15,0.65,0.15,16390,9.62880253791809
0.7,0.85,0.4,0.66,1.05,1.04,0.15,0.65,0.15,16761,9.632579803466797
0.7,0.85,0.41,0.66,1.05,1.04,0.15,0.65,0.15,16366,9.637616157531738
0.71,0.85,0.41,0.65,1.04,1.04,0.14,0.65,0.15,16341,9.640904664993286
0.7,0.85,0.41,0.66,1.04,1.04,0.14,0.65,0.15,16474,9.641616821289062
0.7,0.85,0.4,0.66,1.05,1.04,0.14,0.65,0.15,16121,9.645615339279175
0.71,0.85,0.4,0.67,1.04,1.04,0.15,0.65,0.15,16100,9.649611711502075
0.7,0.85,0.41,0.66,1.04,1.04,0.15,0.65,0.15,16289,9.653613567352295
0.7,0.85,0.41,0.66,1.04,1.04,0.14,0.65,0.15,16086,9.653613567352295
0.7,0.86,0.41,0.66,1.04,1.04,0.14,0.65,0.15,16051,9.657620906829834
0.7,0.85,0.41,0.66,1.05,1.04,0.15,0.65,0.15,16326,9.662662982940674
0.7,0.85,0.4,0.66,1.04,1.04,0.14,0.65,0.15,16553,9.665626525878906
0.71,0.85,0.41,0.66,1.04,1.04,0.15,0.65,0.15,16418,9.665982723236084
0.7,0.85,0.4,0.66,1.05,1.04,0.14,0.65,0.15,16049,9.669675588607788
0.71,0.85,0.41,0.66,1.05,1.04,0.14,0.65,0.15,16460,9.674495458602905
0.7,0.85,0.41,0.67,1.04,1.04,0.15,0.65,0.15,16631,9.67811369895935
0.7,0.85,0.41,0.66,1.04,1.04,0.15,0.65,0.15,16524,9.682148456573486
0.7,0.85,0.41,0.66,1.05,1.04,0.15,0.65,0.16,16527,9.682148456573486
0.7,0.86,0.41,0.66,1.04,1.04,0.15,0.65,0.15,16426,9.68624997138977
0.71,0.85,0.41,0.66,1.05,1.04,0.15,0.65,0.15,16497,9.690462827682495
0.71,0.85,0.41,0.66,1.05,1.04,0.14,0.65,0.15,16214,9.69446611404419
0.71,0.85,0.4,0.66,1.04,1.04,0.15,0.64,0.15,16225,9.69446611404419
0.7,0.85,0.4,0.66,1.04,1.04,0.15,0.65,0.15,16828,9.699445247650146
0.7,0.86,0.41,0.66,1.05,1.04,0.14,0.65,0.15,16759,9.702237844467163
0.7,0.85,0.4,0.66,1.04,1.04,0.15,0.65,0.15,16452,9.706629991531372
0.71,0.85,0.41,0.66,1.04,1.04,0.14,0.65,0.15,16553,9.7077054977417
0.7,0.85,0.4,0.66,1.04,1.04,0.15,0.65,0.15,16644,9.710487604141235
0.7,0.85,0.41,0.66,1.04,1.04,0.14,0.65,0.16,16669,9.715505361557007
0.71,0.86,0.4,0.66,1.05,1.04,0.14,0.65,0.15,16942,9.719099283218384
0.7,0.85,0.4,0.66,1.04,1.04,0.14,0.65,0.16,16355,9.720075130462646
0.71,0.85,0.4,0.66,1.04,1.04,0.15,0.65,0.15,15930,9.723519086837769
0.7,0.85,0.4,0.66,1.04,1.04,0.14,0.65,0.15,16491,9.727519273757935
0.7,0.86,0.4,0.66,1.05,1.04,0.14,0.65,0.15,16410,9.731502532958984
0.71,0.85,0.4,0.66,1.05,1.04,0.14,0.65,0.15,16169,9.731502532958984
0.7,0.86,0.4,0.66,1.04,1.04,0.14,0.65,0.15,16080,9.735628843307495
0.7,0.85,0.4,0.66,1.04,1.04,0.14,0.65,0.15,16165,9.73952841758728
0.7,0.85,0.4,0.66,1.05,1.04,0.14,0.65,0.15,16520,9.743579387664795
0.7,0.85,0.4,0.66,1.05,1.03,0.14,0.64,0.15,16337,9.747283935546875
0.7,0.85,0.4,0.67,1.04,1.04,0.14,0.64,0.15,16494,9.74799633026123
0.7,0.85,0.4,0.66,1.04,1.04,0.14,0.65,0.15,16729,9.752076387405396
0.71,0.85,0.4,0.66,1.05,1.04,0.14,0.64,0.15,16432,9.756102085113525
0.71,0.86,0.4,0.66,1.04,1.04,0.15,0.65,0.15,16183,9.759856462478638
0.7,0.85,0.4,0.66,1.05,1.04,0.14,0.64,0.15,15874,9.759856462478638
0.7,0.86,0.4,0.67,1.04,1.04,0.14,0.64,0.15,16321,9.764132499694824
0.71,0.85,0.4,0.66,1.05,1.04,0.14,0.64,0.15,17004,9.768876791000366
0.71,0.86,0.4,0.66,1.05,1.04,0.14,0.64,0.15,17063,9.77213191986084
0.71,0.85,0.4,0.66,1.05,1.04,0.14,0.65,0.15,16498,9.772973537445068
0.71,0.85,0.4,0.66,1.05,1.04,0.15,0.64,0.15,16249,9.776587009429932
0.7,0.85,0.4,0.66,1.05,1.04,0.14,0.64,0.15,16812,9.78066110610962
0.71,0.85,0.4,0.66,1.05,1.04,0.15,0.64,0.15,16793,9.784585952758789
0.7,0.85,0.4,0.66,1.05,1.04,0.14,0.64,0.15,16870,9.784585952758789
0.71,0.85,0.4,0.66,1.05,1.04,0.14,0.65,0.15,16215,9.789623975753784
0.7,0.85,0.4,0.67,1.05,1.04,0.14,0.64,0.15,16048,9.793321132659912
0.71,0.85,0.41,0.66,1.05,1.03,0.15,0.64,0.15,16091,9.796772718429565
0.7,0.85,0.41,0.66,1.05,1.04,0.15,0.64,0.15,15906,9.797735452651978
0.7,0.85,0.41,0.66,1.05,1.03,0.15,0.64,0.16,15699,9.801823139190674
0.7,0.85,0.4,0.66,1.05,1.04,0.15,0.64,0.15,16496,9.805519104003906
0.71,0.85,0.4,0.67,1.05,1.03,0.15,0.64,0.15,16591,9.80887746810913
0.71,0.85,0.41,0.66,1.05,1.04,0.15,0.64,0.15,16312,9.809954166412354
0.7,0.85,0.4,0.67,1.05,1.04,0.15,0.64,0.15,16081,9.813954830169678
0.7,0.85,0.4,0.66,1.05,1.04,0.15,0.64,0.15,16212,9.816939353942871
0.7,0.85,0.4,0.66,1.05,1.03,0.15,0.65,0.15,16179,9.821554183959961
0.7,0.85,0.41,0.66,1.04,1.03,0.15,0.64,0.15,16314,9.82482385635376
0.7,0.85,0.4,0.66,1.05,1.04,0.15,0.64,0.15,16759,9.825912475585938
0.7,0.85,0.4,0.65,1.04,1.04,0.15,0.65,0.15,16984,9.82991337776184
0.7,0.86,0.41,0.66,1.05,1.04,0.15,0.65,0.15,16829,9.834012985229492
0.7,0.85,0.4,0.66,1.05,1.03,0.15,0.64,0.15,15764,9.837604284286499
0.7,0.85,0.4,0.66,1.05,1.04,0.15,0.65,0.15,15929,9.838163614273071
0.7,0.85,0.4,0.66,1.05,1.04,0.15,0.64,0.15,16280,9.841434478759766
0.7,0.86,0.4,0.67,1.05,1.04,0.15,0.64,0.15,16329,9.846156358718872
0.7,0.85,0.41,0.66,1.05,1.03,0.15,0.64,0.15,16420,9.850481271743774
0.7,0.85,0.4,0.66,1.05,1.04,0.15,0.64,0.15,16609,9.850481271743774
0.7,0.86,0.41,0.66,1.05,1.04,0.15,0.64,0.15,16282,9.855063915252686
0.7,0.86,0.4,0.66,1.05,1.04,0.15,0.64,0.15,16327,9.85825514793396
0.7,0.86,0.41,0.66,1.05,1.03,0.15,0.64,0.15,16692,9.86238431930542
0.7,0.85,0.4,0.66,1.05,1.04,0.15,0.64,0.16,16551,9.863285303115845
0.7,0.85,0.4,0.66,1.05,1.04,0.15,0.64,0.15,16132,9.866335153579712
0.7,0.85,0.41,0.66,1.05,1.04,0.15,0.65,0.15,16253,9.870839834213257
0.7,0.85,0.4,0.66,1.05,1.03,0.15,0.64,0.15,15980,9.874839782714844
0.7,0.86,0.4,0.66,1.05,1.04,0.15,0.65,0.15,16143,9.874839782714844
0.71,0.85,0.4,0.66,1.05,1.04,0.15,0.64,0.15,16114,9.879195928573608
0.7,0.86,0.41,0.66,1.05,1.04,0.15,0.65,0.15,15873,9.88386869430542
0.71,0.86,0.41,0.67,1.05,1.04,0.15,0.64,0.15,16270,9.887299060821533
0.7,0.85,0.4,0.66,1.05,1.04,0.15,0.64,0.15,16411,9.890060186386108
0.7,0.85,0.41,0.66,1.05,1.04,0.15,0.65,0.15,16698,9.891069889068604
0.71,0.85,0.41,0.66,1.05,1.04,0.15,0.64,0.15,16351,9.89534854888916
0.7,0.85,0.4,0.66,1.05,1.04,0.15,0.64,0.15,16214,9.89835000038147
0.7,0.85,0.4,0.66,1.05,1.04,0.15,0.64,0.15,16563,9.902349472045898
0.7,0.85,0.4,0.66,1.05,1.04,0.15,0.64,0.15,16714,9.903350353240967
0.7,0.86,0.41,0.66,1.05,1.04,0.15,0.65,0.15,16723,9.907602071762085
0.7,0.85,0.41,0.66,1.05,1.04,0.15,0.65,0.15,16432,9.911619901657104
0.71,0.86,0.4,0.66,1.05,1.04,0.15,0.65,0.15,15993,9.915621519088745
0.7,0.86,0.4,0.66,1.05,1.04,0.15,0.65,0.15,16390,9.915621519088745
0.7,0.85,0.41,0.66,1.05,1.04,0.15,0.64,0.15,16469,9.919615030288696
0.7,0.85,0.41,0.66,1.05,1.04,0.15,0.64,0.15,16602,9.923515796661377
0.7,0.85,0.4,0.66,1.05,1.04,0.15,0.64,0.15,16649,9.927656173706055
0.7,0.85,0.4,0.66,1.05,1.04,0.15,0.64,0.15,16184,9.928667306900024
0.7,0.85,0.41,0.67,1.05,1.04,0.15,0.64,0.15,15789,9.932685613632202
0.7,0.85,0.41,0.66,1.05,1.04,0.14,0.64,0.15,16384,9.936679363250732
0.7,0.85,0.41,0.67,1.05,1.04,0.15,0.64,0.15,16839,9.940204858779907
0.7,0.86,0.41,0.66,1.05,1.04,0.15,0.65,0.15,16470,9.941205024719238
0.7,0.86,0.41,0.66,1.05,1.04,0.15,0.64,0.15,15973,9.944204092025757
0.71,0.86,0.4,0.66,1.05,1.04,0.15,0.64,0.15,15906,9.949204206466675
0.7,0.85,0.41,0.66,1.05,1.04,0.15,0.64,0.15,16589,9.951629400253296
0.7,0.85,0.41,0.66,1.05,1.04,0.15,0.64,0.15,16452,9.952627897262573
0.7,0.85,0.41,0.66,1.05,1.04,0.15,0.64,0.15,16221,9.956108570098877
0.7,0.85,0.41,0.66,1.05,1.04,0.15,0.64,0.15,16418,9.960913181304932
0.7,0.86,0.41,0.66,1.05,1.04,0.15,0.64,0.15,16557,9.963913202285767
0.7,0.86,0.41,0.66,1.05,1.04,0.15,0.64,0.15,16226,9.96846866607666
0.7,0.86,0.41,0.66,1.05,1.04,0.15,0.64,0.15,16031,9.96846866607666
0.7,0.85,0.41,0.66,1.05,1.04,0.15,0.64,0.15,16410,9.972480058670044
0.7,0.86,0.41,0.66,1.05,1.04,0.15,0.64,0.15,16605,9.977479934692383
0.7,0.86,0.41,0.66,1.05,1.04,0.15,0.64,0.15,16226,9.980479955673218
0.71,0.86,0.41,0.66,1.05,1.04,0.15,0.64,0.15,16315,9.981480360031128
0.71,0.85,0.41,0.66,1.05,1.04,0.15,0.64,0.15,16342,9.985000133514404
0.7,0.86,0.41,0.67,1.05,1.04,0.15,0.64,0.15,16167,9.990041017532349
0.7,0.86,0.41,0.66,1.05,1.04,0.14,0.64,0.15,16090,9.993059158325195
0.71,0.86,0.41,0.67,1.05,1.04,0.15,0.64,0.15,16193,9.994081497192383
0.71,0.86,0.41,0.66,1.05,1.04,0.15,0.64,0.15,16060,9.998555183410645
0.7,0.86,0.41,0.66,1.05,1.04,0.15,0.64,0.15,16323,10.001596450805664
0.71,0.86,0.41,0.66,1.05,1.04,0.15,0.64,0.15,16474,10.005627155303955
0.7,0.86,0.41,0.66,1.05,1.04,0.15,0.64,0.16,16403,10.006612539291382
0.7,0.86,0.41,0.66,1.05,1.04,0.15,0.64,0.15,16494,10.009803056716919
0.7,0.86,0.41,0.66,1.05,1.04,0.15,0.64,0.15,16389,10.014462947845459
0.7,0.86,0.41,0.66,1.05,1.04,0.15,0.64,0.15,16438,10.01746392250061
0.7,0.86,0.41,0.66,1.05,1.04,0.15,0.64,0.15,16185,10.018537759780884
0.71,0.86,0.41,0.66,1.05,1.04,0.15,0.64,0.15,16328,10.022062540054321
0.71,0.86,0.41,0.67,1.05,1.04,0.15,0.64,0.15,16307,10.026042461395264
0.71,0.86,0.41,0.67,1.04,1.04,0.15,0.64,0.16,16054,10.029972791671753
0.7,0.86,0.41,0.66,1.04,1.04,0.15,0.65,0.15,16313,10.03100299835205
0.7,0.86,0.41,0.66,1.05,1.04,0.16,0.64,0.15,16190,10.034039735794067
0.71,0.86,0.41,0.66,1.05,1.04,0.15,0.64,0.15,16525,10.038460969924927
0.71,0.86,0.41,0.66,1.04,1.04,0.15,0.64,0.15,16542,10.042465209960938
0.71,0.86,0.41,0.66,1.04,1.04,0.15,0.64,0.15,16415,10.042465209960938
0.7,0.87,0.41,0.66,1.05,1.04,0.15,0.64,0.15,16186,10.046467781066895
0.71,0.86,0.41,0.66,1.05,1.04,0.15,0.64,0.15,15849,10.050334215164185
0.7,0.86,0.41,0.66,1.05,1.04,0.15,0.64,0.15,16320,10.054586172103882
0.7,0.86,0.41,0.66,1.05,1.04,0.15,0.64,0.15,16455,10.055614471435547
0.71,0.86,0.41,0.66,1.04,1.04,0.15,0.64,0.15,16274,10.059494256973267
0.7,0.86,0.41,0.65,1.04,1.04,0.15,0.64,0.15,16219,10.063546180725098
0.7,0.86,0.41,0.66,1.05,1.04,0.15,0.64,0.15,16292,10.066547155380249
0.71,0.86,0.41,0.66,1.04,1.04,0.15,0.64,0.15,16237,10.07095456123352
0.71,0.86,0.4,0.66,1.05,1.04,0.15,0.64,0.15,16080,10.071574211120605
0.7,0.86,0.41,0.66,1.05,1.04,0.15,0.64,0.15,15951,10.075578451156616
0.71,0.86,0.4,0.66,1.05,1.04,0.15,0.64,0.15,16060,10.079879760742188
0.7,0.86,0.41,0.66,1.05,1.04,0.15,0.64,0.15,16639,10.083965301513672
0.7,0.86,0.41,0.66,1.05,1.04,0.14,0.64,0.16,16266,10.08499026298523
0.7,0.86,0.41,0.66,1.05,1.04,0.15,0.64,0.15,16245,10.08754563331604
0.71,0.86,0.41,0.66,1.05,1.04,0.15,0.64,0.15,16486,10.092594861984253
0.7,0.86,0.41,0.66,1.05,1.04,0.15,0.64,0.15,16443,10.09623646736145
0.71,0.86,0.41,0.66,1.05,1.04,0.15,0.64,0.15,16090,10.09623646736145
0.7,0.86,0.41,0.66,1.05,1.04,0.15,0.64,0.16,16095,10.100844860076904
0.71,0.86,0.41,0.66,1.05,1.04,0.15,0.64,0.15,16236,10.1048424243927
0.71,0.86,0.41,0.66,1.05,1.04,0.15,0.64,0.15,16455,10.108301639556885
0.71,0.86,0.41,0.66,1.05,1.03,0.15,0.64,0.15,16200,10.109452247619629
0.71,0.86,0.41,0.67,1.05,1.03,0.15,0.64,0.16,16325,10.112871646881104
0.7,0.85,0.41,0.66,1.05,1.04,0.15,0.64,0.15,16192,10.11687183380127
0.71,0.86,0.41,0.66,1.05,1.04,0.15,0.64,0.15,16659,10.120386838912964
0.71,0.86,0.41,0.66,1.05,1.03,0.14,0.65,0.15,16524,10.121384859085083
0.7,0.86,0.41,0.66,1.05,1.03,0.15,0.64,0.15,16343,10.12442684173584
0.7,0.85,0.41,0.66,1.05,1.03,0.15,0.64,0.15,16260,10.129508256912231
0.7,0.85,0.41,0.66,1.05,1.03,0.15,0.64,0.15,16583,10.133004188537598
0.7,0.85,0.41,0.66,1.05,1.03,0.15,0.64,0.15,16376,10.134001016616821
0.7,0.86,0.41,0.66,1.05,1.03,0.15,0.64,0.15,16217,10.136269807815552
0.7,0.86,0.41,0.66,1.05,1.04,0.15,0.64,0.15,16130,10.141317129135132
0.7,0.86,0.41,0.66,1.04,1.03,0.15,0.64,0.15,16397,10.14531683921814
0.7,0.86,0.41,0.66,1.05,1.04,0.15,0.64,0.15,16676,10.14882230758667
0.7,0.86,0.41,0.66,1.05,1.04,0.15,0.64,0.15,16865,10.14882230758667
0.7,0.86,0.41,0.66,1.05,1.04,0.14,0.64,0.15,16814,10.152807712554932
0.69,0.86,0.4,0.66,1.04,1.03,0.15,0.64,0.15,16673,10.156989812850952
0.69,0.86,0.4,0.66,1.04,1.04,0.15,0.64,0.15,16956,10.161025762557983
0.69,0.86,0.41,0.66,1.05,1.03,0.15,0.64,0.15,16983,10.161025762557983
0.7,0.86,0.41,0.66,1.05,1.03,0.15,0.64,0.15,16588,10.165018558502197
0.7,0.86,0.4,0.66,1.05,1.03,0.15,0.64,0.15,16543,10.169948816299438
0.69,0.86,0.4,0.65,1.05,1.03,0.15,0.64,0.15,16470,10.173054218292236
0.69,0.86,0.4,0.66,1.05,1.03,0.15,0.64,0.15,16275,10.174027919769287
0.69,0.86,0.4,0.66,1.05,1.04,0.15,0.64,0.15,16000,10.178024768829346
0.7,0.86,0.4,0.66,1.05,1.04,0.15,0.64,0.15,16225,10.181027173995972
0.69,0.86,0.41,0.66,1.05,1.04,0.14,0.64,0.15,16648,10.186158657073975
0.7,0.85,0.41,0.66,1.04,1.04,0.15,0.64,0.15,16467,10.186158657073975
0.7,0.85,0.41,0.66,1.05,1.04,0.15,0.64,0.15,16040,10.189870119094849
0.69,0.86,0.41,0.65,1.05,1.03,0.14,0.64,0.15,15871,10.194379329681396
0.69,0.85,0.4,0.65,1.04,1.04,0.14,0.64,0.15,16078,10.19835901260376
0.68,0.86,0.4,0.66,1.05,1.03,0.14,0.64,0.15,16483,10.199358463287354
0.68,0.86,0.41,0.66,1.05,1.03,0.15,0.64,0.15,16392,10.202375888824463
0.69,0.86,0.41,0.66,1.05,1.03,0.15,0.64,0.15,16311,10.206641674041748
0.68,0.85,0.41,0.66,1.05,1.03,0.15,0.64,0.15,16480,10.210641622543335
0.69,0.86,0.4,0.65,1.05,1.03,0.15,0.64,0.15,16335,10.21404504776001
0.69,0.86,0.41,0.66,1.05,1.03,0.15,0.64,0.15,16152,10.215110063552856
0.69,0.85,0.41,0.66,1.05,1.03,0.15,0.64,0.15,16025,10.218263864517212
0.69,0.86,0.41,0.66,1.05,1.03,0.15,0.64,0.15,16886,10.223369359970093
0.69,0.85,0.41,0.66,1.05,1.03,0.15,0.64,0.15,16701,10.22666311264038
0.68,0.85,0.41,0.66,1.05,1.03,0.15,0.64,0.15,16586,10.227388620376587
0.69,0.85,0.41,0.66,1.05,1.04,0.15,0.64,0.15,16657,10.23042917251587
0.67,0.85,0.41,0.64,1.05,1.03,0.11,0.63,0.14,16522,10.235416173934937
0.66,0.85,0.41,0.63,1.05,1.04,0.12,0.64,0.15,16277,10.238417148590088
0.67,0.86,0.41,0.64,1.05,1.03,0.14,0.64,0.15,16388,10.239419937133789
0.66,0.85,0.4,0.62,1.05,1.03,0.12,0.64,0.15,16701,10.242416858673096
0.65,0.86,0.4,0.62,1.05,1.03,0.13,0.64,0.15,16798,10.247095108032227
0.66,0.85,0.41,0.63,1.05,1.03,0.14,0.64,0.15,16327,10.251311540603638
0.67,0.85,0.41,0.63,1.05,1.03,0.12,0.63,0.15,16212,10.251311540603638
0.68,0.85,0.41,0.63,1.06,1.04,0.13,0.64,0.15,15979,10.255419969558716
0.68,0.85,0.41,0.63,1.06,1.04,0.1,0.63,0.13,16174,10.260673999786377
0.68,0.85,0.41,0.63,1.06,1.04,0.12,0.64,0.14,16153,10.264034748077393
0.67,0.85,0.4,0.64,1.06,1.03,0.12,0.63,0.15,16292,10.265023469924927
0.68,0.85,0.41,0.62,1.06,1.04,0.11,0.63,0.15,16531,10.268796920776367
0.68,0.85,0.41,0.62,1.06,1.03,0.11,0.63,0.15,16500,10.271486043930054
0.69,0.85,0.41,0.63,1.06,1.03,0.1,0.63,0.14,16191,10.276548147201538
0.69,0.85,0.41,0.63,1.05,1.04,0.11,0.64,0.15,16570,10.279788732528687
0.69,0.85,0.41,0.63,1.06,1.04,0.11,0.63,0.15,16763,10.279788732528687
0.67,0.85,0.41,0.62,1.06,1.04,0.11,0.63,0.15,16534,10.284289598464966
0.69,0.85,0.41,0.63,1.05,1.04,0.14,0.64,0.15,16523,10.28830599784851
0.68,0.85,0.41,0.62,1.06,1.04,0.12,0.63,0.14,16360,10.291458129882812
0.69,0.85,0.4,0.63,1.06,1.03,0.11,0.64,0.15,16281,10.292502880096436
0.69,0.85,0.41,0.62,1.06,1.04,0.14,0.64,0.15,16186,10.29625415802002
0.69,0.85,0.4,0.63,1.06,1.03,0.12,0.64,0.14,16069,10.300609111785889
0.68,0.85,0.41,0.63,1.06,1.04,0.11,0.63,0.14,15946,10.304608821868896
0.68,0.85,0.41,0.63,1.06,1.04,0.1,0.63,0.13,16187,10.304608821868896
0.69,0.85,0.41,0.63,1.06,1.03,0.1,0.63,0.13,16492,10.308608770370483
0.68,0.85,0.41,0.63,1.06,1.03,0.12,0.64,0.14,16501,10.312607526779175
0.7,0.85,0.41,0.63,1.06,1.03,0.12,0.64,0.14,16600,10.316620588302612
0.7,0.84,0.41,0.63,1.06,1.03,0.11,0.64,0.14,16289,10.317805767059326
0.7,0.85,0.41,0.63,1.06,1.03,0.11,0.64,0.14,16306,10.320818662643433
0.7,0.85,0.41,0.63,1.06,1.03,0.11,0.63,0.13,16475,10.32485580444336
0.7,0.84,0.41,0.63,1.06,1.03,0.1,0.64,0.13,16692,10.328824758529663
0.69,0.85,0.41,0.63,1.06,1.03,0.11,0.64,0.14,16571,10.330030918121338
0.69,0.85,0.41,0.63,1.06,1.03,0.11,0.63,0.14,15954,10.333240985870361
0.69,0.85,0.41,0.63,1.06,1.03,0.11,0.64,0.14,15933,10.337136507034302
0.7,0.84,0.41,0.63,1.06,1.03,0.12,0.64,0.14,16546,10.341136455535889
0.69,0.85,0.4,0.63,1.06,1.03,0.12,0.64,0.15,16087,10.342264413833618
0.69,0.85,0.4,0.62,1.06,1.03,0.11,0.63,0.15,16248,10.345626831054688
0.69,0.85,0.41,0.63,1.06,1.03,0.12,0.64,0.15,16477,10.350677728652954
0.7,0.85,0.41,0.63,1.05,1.03,0.13,0.64,0.15,16372,10.354236364364624
0.69,0.85,0.41,0.64,1.06,1.03,0.13,0.64,0.15,16249,10.357818126678467
0.69,0.85,0.41,0.63,1.06,1.04,0.1,0.63,0.13,16000,10.358890771865845
0.69,0.85,0.41,0.63,1.06,1.03,0.1,0.63,0.13,15907,10.362970352172852
0.69,0.85,0.41,0.64,1.05,1.03,0.1,0.64,0.14,16296,10.366318225860596
0.69,0.85,0.41,0.64,1.06,1.03,0.11,0.64,0.14,16407,10.36947250366211
0.69,0.85,0.41,0.64,1.06,1.03,0.12,0.64,0.14,16386,10.370484590530396
0.7,0.85,0.41,0.64,1.06,1.03,0.12,0.64,0.14,16569,10.374484300613403
0.69,0.85,0.41,0.64,1.05,1.03,0.12,0.64,0.14,16498,10.378484010696411
0.7,0.85,0.41,0.64,1.05,1.03,0.11,0.64,0.14,15829,10.38248085975647
0.7,0.85,0.41,0.63,1.06,1.02,0.12,0.64,0.15,15808,10.38248085975647
0.7,0.85,0.41,0.63,1.06,1.03,0.12,0.63,0.14,16363,10.386500597000122
0.7,0.85,0.41,0.64,1.05,1.03,0.12,0.64,0.14,16534,10.3906569480896
0.7,0.85,0.41,0.64,1.06,1.03,0.12,0.64,0.14,16399,10.394200086593628
0.7,0.85,0.41,0.64,1.05,1.02,0.12,0.64,0.14,16470,10.395244836807251
0.69,0.85,0.41,0.64,1.05,1.03,0.11,0.64,0.15,16637,10.399244785308838
0.69,0.85,0.41,0.64,1.06,1.03,0.12,0.64,0.14,16268,10.403265953063965
0.7,0.85,0.41,0.64,1.06,1.03,0.12,0.64,0.15,16371,10.407261848449707
0.69,0.85,0.41,0.64,1.06,1.03,0.12,0.64,0.15,16478,10.407261848449707
0.7,0.85,0.41,0.64,1.06,1.03,0.12,0.64,0.15,16377,10.411161184310913
0.7,0.85,0.41,0.64,1.06,1.03,0.12,0.64,0.14,16448,10.415210962295532
0.7,0.85,0.41,0.63,1.06,1.03,0.12,0.64,0.14,16543,10.41940188407898
0.7,0.85,0.41,0.64,1.06,1.03,0.12,0.64,0.14,16170,10.420474529266357
0.7,0.85,0.41,0.64,1.06,1.03,0.12,0.64,0.14,16047,10.423888444900513
0.7,0.86,0.41,0.64,1.06,1.03,0.12,0.64,0.14,15650,10.428305387496948
0.71,0.85,0.41,0.64,1.06,1.03,0.12,0.64,0.14,15955,10.431524753570557
0.7,0.85,0.41,0.64,1.06,1.03,0.12,0.64,0.14,16356,10.435543060302734
0.7,0.85,0.41,0.64,1.06,1.03,0.12,0.64,0.14,15859,10.436530351638794
0.7,0.85,0.41,0.64,1.06,1.03,0.12,0.64,0.14,15986,10.440501928329468
0.7,0.85,0.41,0.64,1.06,1.03,0.12,0.64,0.14,16729,10.444502830505371
0.7,0.85,0.4,0.64,1.06,1.04,0.11,0.64,0.14,16834,10.447668075561523
0.7,0.85,0.41,0.64,1.06,1.03,0.12,0.64,0.14,16439,10.448727369308472
0.7,0.85,0.41,0.64,1.06,1.03,0.12,0.64,0.14,16148,10.452593564987183
0.7,0.85,0.41,0.64,1.06,1.03,0.12,0.64,0.14,16463,10.456331253051758
0.7,0.86,0.41,0.64,1.06,1.03,0.12,0.64,0.14,16370,10.46036434173584
0.71,0.85,0.41,0.64,1.06,1.03,0.12,0.64,0.14,16735,10.461419343948364
0.7,0.86,0.41,0.64,1.06,1.03,0.12,0.64,0.14,16560,10.465418100357056
0.7,0.85,0.41,0.64,1.06,1.03,0.12,0.64,0.15,16485,10.469659805297852
0.71,0.85,0.41,0.64,1.06,1.03,0.12,0.64,0.14,16538,10.47279667854309
0.71,0.85,0.41,0.64,1.06,1.03,0.11,0.64,0.14,16367,10.47279667854309
0.71,0.85,0.41,0.64,1.06,1.03,0.12,0.64,0.14,16356,10.476810455322266
0.7,0.85,0.41,0.64,1.06,1.03,0.12,0.64,0.15,16579,10.481280088424683
0.7,0.85,0.41,0.64,1.06,1.03,0.11,0.64,0.14,16640,10.484771013259888
0.7,0.85,0.41,0.64,1.06,1.03,0.12,0.64,0.14,16285,10.485783338546753
0.71,0.85,0.41,0.64,1.06,1.03,0.11,0.64,0.15,16156,10.489823579788208
0.7,0.85,0.41,0.64,1.06,1.03,0.12,0.64,0.14,16399,10.493011951446533
0.7,0.85,0.41,0.64,1.06,1.03,0.12,0.64,0.14,16742,10.49694013595581
0.71,0.85,0.41,0.64,1.06,1.03,0.12,0.64,0.14,16741,10.501297950744629
0.71,0.85,0.41,0.63,1.06,1.03,0.12,0.64,0.15,16344,10.501297950744629
0.7,0.85,0.41,0.64,1.06,1.03,0.12,0.64,0.14,16217,10.505295276641846
0.71,0.85,0.41,0.64,1.06,1.03,0.11,0.64,0.14,16636,10.510289907455444
0.71,0.85,0.41,0.64,1.06,1.03,0.12,0.64,0.14,16727,10.513293504714966
0.71,0.85,0.41,0.64,1.06,1.03,0.12,0.64,0.14,16670,10.513293504714966
0.71,0.85,0.41,0.64,1.06,1.03,0.11,0.64,0.14,16433,10.517282962799072
0.71,0.85,0.41,0.64,1.06,1.04,0.12,0.64,0.14,16326,10.522539615631104
0.71,0.85,0.41,0.64,1.06,1.03,0.11,0.64,0.14,16127,10.525542974472046
0.71,0.85,0.41,0.64,1.06,1.03,0.11,0.64,0.14,16064,10.525542974472046
0.71,0.85,0.41,0.64,1.06,1.03,0.11,0.63,0.14,16715,10.530543804168701
0.71,0.85,0.41,0.64,1.06,1.03,0.11,0.64,0.14,16580,10.533961296081543
0.71,0.85,0.41,0.64,1.06,1.03,0.11,0.64,0.14,16169,10.538141250610352
0.7,0.85,0.41,0.64,1.06,1.03,0.11,0.64,0.14,16102,10.538998365402222
0.71,0.85,0.41,0.64,1.06,1.03,0.12,0.64,0.14,16437,10.5421884059906
0.71,0.85,0.41,0.64,1.07,1.03,0.11,0.64,0.14,16610,10.547240972518921
0.71,0.85,0.41,0.64,1.06,1.03,0.11,0.64,0.14,16653,10.550442457199097
0.71,0.85,0.41,0.64,1.06,1.03,0.11,0.64,0.14,16858,10.551240682601929
0.71,0.85,0.41,0.63,1.06,1.03,0.11,0.64,0.14,16415,10.554230690002441
0.71,0.85,0.41,0.64,1.06,1.03,0.11,0.64,0.14,16148,10.559404850006104
0.7,0.85,0.41,0.63,1.06,1.03,0.1,0.64,0.14,16449,10.56314492225647
0.71,0.85,0.41,0.64,1.06,1.03,0.11,0.64,0.14,16662,10.56314492225647
0.71,0.85,0.41,0.64,1.07,1.03,0.11,0.64,0.14,16473,10.566123485565186
0.71,0.85,0.41,0.64,1.06,1.03,0.11,0.64,0.14,16146,10.57014536857605
0.71,0.85,0.41,0.64,1.06,1.03,0.11,0.64,0.14,16615,10.57515549659729
0.71,0.85,0.41,0.64,1.07,1.04,0.11,0.64,0.14,16860,10.578978300094604
0.71,0.85,0.41,0.64,1.06,1.03,0.11,0.64,0.14,16333,10.580016613006592
0.71,0.85,0.41,0.64,1.06,1.03,0.11,0.64,0.14,16636,10.583014726638794
0.7,0.85,0.41,0.64,1.06,1.03,0.12,0.64,0.14,16753,10.58763074874878
0.71,0.85,0.41,0.64,1.07,1.03,0.12,0.64,0.14,16378,10.591636896133423
0.7,0.85,0.41,0.64,1.06,1.04,0.12,0.64,0.14,16121,10.591636896133423
0.71,0.85,0.41,0.64,1.06,1.03,0.12,0.64,0.14,16270,10.59585452079773
0.71,0.85,0.41,0.64,1.06,1.03,0.12,0.64,0.14,16381,10.599949359893799
0.71,0.85,0.41,0.64,1.06,1.03,0.12,0.64,0.14,16230,10.603300094604492
0.71,0.86,0.41,0.64,1.06,1.03,0.12,0.64,0.14,16151,10.604348182678223
0.71,0.85,0.41,0.64,1.06,1.03,0.11,0.64,0.14,16486,10.608394861221313
0.71,0.85,0.41,0.64,1.06,1.03,0.12,0.64,0.14,16091,10.612726926803589
0.71,0.85,0.41,0.64,1.06,1.03,0.12,0.64,0.14,16266,10.615755796432495
0.71,0.85,0.41,0.64,1.06,1.04,0.12,0.64,0.14,16421,10.61677360534668
0.71,0.85,0.41,0.64,1.06,1.03,0.11,0.64,0.14,16116,10.620136737823486
0.71,0.85,0.41,0.64,1.06,1.03,0.11,0.64,0.14,16319,10.624520301818848
0.71,0.85,0.41,0.65,1.06,1.03,0.11,0.64,0.14,16420,10.628835916519165
0.7,0.85,0.41,0.64,1.06,1.04,0.11,0.64,0.14,16407,10.628835916519165
0.7,0.85,0.41,0.64,1.06,1.03,0.11,0.64,0.14,16390,10.632226467132568
0.71,0.85,0.4,0.64,1.06,1.03,0.11,0.64,0.14,16255,10.63726806640625
0.71,0.85,0.41,0.64,1.06,1.03,0.11,0.64,0.14,16376,10.640265226364136
0.71,0.85,0.41,0.64,1.07,1.03,0.11,0.64,0.14,16127,10.641263723373413
0.71,0.85,0.41,0.65,1.06,1.03,0.11,0.64,0.14,15836,10.644288063049316
0.71,0.85,0.41,0.65,1.06,1.03,0.11,0.64,0.14,15947,10.648427963256836
0.71,0.85,0.41,0.64,1.06,1.03,0.11,0.64,0.14,16876,10.652747631072998
0.71,0.85,0.41,0.64,1.06,1.03,0.12,0.64,0.14,16531,10.653749942779541
0.71,0.85,0.41,0.64,1.06,1.03,0.11,0.64,0.14,16090,10.656728982925415
0.71,0.85,0.41,0.64,1.06,1.04,0.12,0.64,0.14,16145,10.661750793457031
0.71,0.85,0.4,0.64,1.06,1.03,0.11,0.64,0.14,16428,10.665746688842773
0.7,0.85,0.41,0.65,1.06,1.03,0.11,0.64,0.14,16589,10.665746688842773
0.71,0.85,0.41,0.64,1.06,1.04,0.11,0.64,0.14,16538,10.669200658798218
0.7,0.86,0.41,0.65,1.06,1.03,0.11,0.63,0.14,16657,10.67301344871521
0.7,0.85,0.41,0.65,1.06,1.03,0.11,0.64,0.14,16654,10.677788496017456
0.7,0.85,0.41,0.65,1.06,1.03,0.12,0.64,0.14,16575,10.681206226348877
0.71,0.85,0.41,0.65,1.06,1.03,0.11,0.64,0.14,16378,10.682180166244507
0.7,0.85,0.41,0.64,1.06,1.03,0.11,0.64,0.14,16437,10.68585753440857
0.71,0.85,0.41,0.64,1.06,1.03,0.11,0.64,0.14,16068,10.689918994903564
0.7,0.85,0.41,0.65,1.06,1.03,0.11,0.64,0.15,16285,10.693896770477295
0.7,0.86,0.41,0.65,1.06,1.03,0.11,0.64,0.14,16460,10.694897651672363
0.7,0.85,0.42,0.65,1.06,1.03,0.11,0.64,0.14,16155,10.69890022277832
0.7,0.85,0.42,0.65,1.06,1.03,0.12,0.64,0.14,16102,10.70190167427063
0.71,0.86,0.42,0.65,1.06,1.03,0.12,0.64,0.14,16317,10.706261396408081
0.71,0.86,0.42,0.65,1.06,1.03,0.12,0.64,0.14,16398,10.70727801322937
0.7,0.86,0.42,0.65,1.06,1.03,0.11,0.64,0.14,16119,10.711042404174805
0.7,0.85,0.42,0.65,1.06,1.03,0.12,0.64,0.14,16218,10.714456558227539
0.7,0.85,0.42,0.65,1.06,1.03,0.11,0.64,0.14,16579,10.718028783798218
0.7,0.85,0.42,0.64,1.06,1.03,0.11,0.64,0.14,16006,10.719042301177979
0.71,0.86,0.42,0.65,1.06,1.03,0.11,0.64,0.14,15787,10.723042249679565
0.71,0.86,0.42,0.65,1.06,1.03,0.12,0.64,0.14,15922,10.726202487945557
0.71,0.86,0.42,0.65,1.06,1.03,0.11,0.64,0.14,16373,10.730443239212036
0.71,0.85,0.42,0.65,1.06,1.03,0.11,0.64,0.14,16704,10.73147988319397
0.7,0.85,0.42,0.65,1.06,1.03,0.11,0.64,0.14,16785,10.734208583831787
0.71,0.86,0.42,0.65,1.06,1.03,0.12,0.63,0.14,16336,10.738438367843628
0.7,0.86,0.42,0.65,1.06,1.03,0.12,0.64,0.14,16357,10.743417978286743
0.7,0.86,0.42,0.65,1.06,1.03,0.11,0.64,0.14,16262,10.743417978286743
0.7,0.86,0.42,0.65,1.06,1.03,0.11,0.64,0.14,16177,10.74743914604187
0.7,0.85,0.42,0.65,1.06,1.03,0.12,0.64,0.14,16664,10.751418352127075
0.7,0.85,0.42,0.65,1.07,1.03,0.11,0.64,0.14,16623,10.755403757095337
0.71,0.85,0.42,0.65,1.06,1.03,0.11,0.64,0.14,16108,10.759406328201294
0.7,0.85,0.42,0.64,1.06,1.03,0.11,0.64,0.14,16049,10.759406328201294
0.71,0.85,0.42,0.65,1.06,1.03,0.12,0.64,0.14,16834,10.763036012649536
0.7,0.85,0.42,0.65,1.06,1.03,0.11,0.64,0.14,17137,10.7676260471344
0.71,0.85,0.42,0.64,1.06,1.03,0.11,0.64,0.14,16916,10.771421432495117
0.7,0.85,0.42,0.64,1.06,1.03,0.12,0.64,0.14,16277,10.771421432495117
0.7,0.85,0.42,0.64,1.06,1.03,0.11,0.64,0.14,16106,10.776654243469238
0.71,0.85,0.42,0.64,1.05,1.04,0.12,0.64,0.14,16235,10.779784202575684
0.71,0.85,0.42,0.65,1.05,1.03,0.12,0.64,0.14,16376,10.784810066223145
0.7,0.85,0.42,0.65,1.05,1.04,0.12,0.64,0.14,16757,10.784810066223145
0.7,0.86,0.42,0.65,1.05,1.03,0.11,0.64,0.14,16568,10.788857698440552
0.71,0.86,0.42,0.65,1.05,1.03,0.11,0.64,0.14,16549,10.792249202728271
0.7,0.85,0.42,0.64,1.06,1.03,0.12,0.64,0.14,16648,10.796263217926025
0.71,0.85,0.42,0.65,1.06,1.03,0.11,0.64,0.14,16701,10.797265529632568
0.71,0.86,0.42,0.64,1.06,1.03,0.11,0.64,0.14,16236,10.800249099731445
0.71,0.85,0.42,0.65,1.06,1.03,0.12,0.64,0.14,16149,10.804296255111694
0.71,0.86,0.42,0.64,1.06,1.03,0.11,0.64,0.14,16820,10.80916953086853
0.71,0.86,0.42,0.65,1.06,1.03,0.12,0.64,0.14,16425,10.80916953086853
0.71,0.86,0.42,0.65,1.06,1.03,0.11,0.64,0.14,16740,10.812203884124756
0.7,0.85,0.42,0.64,1.06,1.03,0.11,0.64,0.14,16621,10.817248582839966
0.71,0.85,0.42,0.65,1.05,1.03,0.11,0.64,0.14,16306,10.820232629776001
0.71,0.85,0.42,0.65,1.06,1.03,0.11,0.64,0.14,16055,10.824399709701538
0.7,0.86,0.42,0.65,1.06,1.03,0.11,0.64,0.14,15772,10.824399709701538
0.7,0.85,0.42,0.65,1.06,1.03,0.11,0.64,0.14,15955,10.829401016235352
0.7,0.85,0.42,0.65,1.06,1.03,0.12,0.64,0.14,16258,10.833404779434204
0.7,0.85,0.42,0.65,1.06,1.03,0.11,0.64,0.14,16287,10.83640170097351
0.7,0.86,0.42,0.65,1.05,1.03,0.12,0.64,0.14,16604,10.83740520477295
0.7,0.85,0.42,0.65,1.05,1.03,0.11,0.64,0.14,17005,10.840549230575562
0.71,0.86,0.42,0.65,1.05,1.03,0.11,0.64,0.14,16990,10.8451087474823
0.7,0.86,0.42,0.65,1.05,1.03,0.11,0.64,0.14,16487,10.848624467849731
0.7,0.86,0.42,0.65,1.05,1.03,0.11,0.64,0.14,16372,10.849620342254639
0.7,0.86,0.42,0.65,1.05,1.03,0.11,0.64,0.14,16165,10.85311770439148
0.7,0.85,0.42,0.66,1.06,1.03,0.11,0.64,0.14,16136,10.85718297958374
0.7,0.85,0.42,0.65,1.06,1.03,0.11,0.64,0.14,16317,10.861246585845947
0.7,0.85,0.42,0.65,1.06,1.03,0.11,0.64,0.14,16350,10.862242937088013
0.69,0.85,0.42,0.65,1.06,1.03,0.11,0.64,0.14,16711,10.865652084350586
0.7,0.85,0.42,0.65,1.05,1.03,0.11,0.64,0.14,16630,10.870957851409912
0.7,0.85,0.42,0.65,1.06,1.03,0.11,0.64,0.14,16509,10.874482154846191
0.7,0.85,0.42,0.65,1.06,1.03,0.11,0.64,0.14,16296,10.874482154846191
0.7,0.85,0.42,0.65,1.06,1.03,0.12,0.64,0.14,15711,10.87884783744812
0.7,0.85,0.42,0.65,1.06,1.03,0.11,0.64,0.14,16020,10.882848024368286
0.7,0.85,0.42,0.65,1.06,1.03,0.12,0.64,0.14,16583,10.886342287063599
0.7,0.86,0.42,0.65,1.06,1.03,0.12,0.64,0.14,16776,10.889554023742676
0.7,0.86,0.42,0.65,1.06,1.03,0.12,0.64,0.14,16453,10.890277624130249
0.7,0.85,0.42,0.65,1.06,1.03,0.11,0.64,0.14,16330,10.894597291946411
0.7,0.86,0.42,0.65,1.06,1.03,0.11,0.64,0.14,16615,10.899646997451782
0.7,0.85,0.42,0.65,1.06,1.03,0.11,0.64,0.14,16538,10.902289390563965
0.7,0.86,0.42,0.65,1.06,1.03,0.11,0.64,0.14,16335,10.902289390563965
0.7,0.86,0.42,0.66,1.06,1.03,0.12,0.64,0.14,16016,10.907757997512817
0.71,0.86,0.42,0.65,1.06,1.03,0.12,0.64,0.14,16253,10.911605596542358
0.7,0.86,0.42,0.66,1.05,1.03,0.11,0.64,0.14,16470,10.91437554359436
0.7,0.85,0.42,0.65,1.06,1.03,0.12,0.64,0.14,16565,10.915251731872559
0.7,0.86,0.42,0.65,1.06,1.03,0.12,0.64,0.14,16280,10.91969347000122
0.71,0.85,0.42,0.65,1.06,1.03,0.11,0.64,0.14,15549,10.923763513565063
0.7,0.85,0.42,0.66,1.06,1.03,0.11,0.64,0.14,16574,10.92703127861023
0.7,0.86,0.42,0.66,1.06,1.03,0.11,0.64,0.14,17085,10.92776346206665
0.7,0.86,0.42,0.65,1.06,1.03,0.11,0.64,0.14,16758,10.931763648986816
0.71,0.86,0.42,0.65,1.05,1.03,0.11,0.64,0.14,16659,10.935859203338623
0.7,0.85,0.41,0.66,1.06,1.03,0.11,0.64,0.14,16432,10.939754486083984
0.7,0.85,0.42,0.66,1.06,1.03,0.12,0.64,0.14,15855,10.939754486083984
0.7,0.86,0.42,0.65,1.06,1.03,0.11,0.64,0.14,16016,10.943801879882812
0.7,0.85,0.42,0.65,1.06,1.03,0.12,0.64,0.14,16383,10.94775128364563
0.7,0.86,0.41,0.66,1.06,1.03,0.12,0.64,0.14,16806,10.951565504074097
0.7,0.85,0.41,0.66,1.06,1.03,0.12,0.64,0.14,16845,10.952619075775146
0.7,0.86,0.42,0.66,1.06,1.03,0.11,0.64,0.14,16168,10.95663857460022
0.7,0.85,0.42,0.65,1.05,1.03,0.11,0.64,0.14,16433,10.960614681243896
0.71,0.85,0.42,0.65,1.06,1.03,0.11,0.65,0.14,15958,10.96416187286377
0.7,0.85,0.42,0.65,1.06,1.03,0.11,0.64,0.14,16229,10.967849493026733
0.7,0.85,0.42,0.65,1.06,1.03,0.12,0.64,0.14,16404,10.968412637710571
0.71,0.85,0.42,0.66,1.06,1.03,0.11,0.64,0.14,16367,10.972458600997925
0.71,0.85,0.42,0.66,1.06,1.03,0.11,0.64,0.14,16266,10.97645115852356
0.7,0.85,0.42,0.65,1.06,1.03,0.12,0.64,0.14,16233,10.980448246002197
0.7,0.85,0.42,0.65,1.06,1.03,0.12,0.64,0.14,15958,10.980448246002197
0.7,0.85,0.42,0.65,1.06,1.03,0.12,0.64,0.14,16223,10.984447479248047
0.7,0.85,0.42,0.66,1.06,1.03,0.12,0.64,0.14,16484,10.988783121109009
0.7,0.85,0.42,0.66,1.06,1.03,0.11,0.64,0.14,16697,10.992792844772339
0.7,0.85,0.42,0.65,1.06,1.03,0.12,0.65,0.14,16634,10.992792844772339
0.7,0.85,0.41,0.65,1.06,1.03,0.11,0.64,0.14,16499,10.996492385864258
0.7,0.85,0.42,0.65,1.06,1.03,0.11,0.64,0.14,17012,11.001143217086792
0.7,0.85,0.42,0.65,1.06,1.03,0.11,0.64,0.14,16645,11.004761695861816
0.7,0.85,0.42,0.65,1.06,1.03,0.12,0.64,0.14,15760,11.005795240402222
0.71,0.86,0.42,0.66,1.06,1.03,0.12,0.64,0.14,16007,11.00879192352295
0.7,0.86,0.42,0.66,1.06,1.03,0.11,0.64,0.14,16652,11.013793706893921
0.71,0.85,0.42,0.66,1.06,1.03,0.12,0.64,0.14,16593,11.016881942749023
0.7,0.86,0.42,0.65,1.06,1.03,0.11,0.64,0.14,16204,11.017879962921143
0.7,0.85,0.42,0.66,1.06,1.03,0.11,0.64,0.14,15977,11.021203994750977
0.7,0.85,0.42,0.65,1.06,1.03,0.11,0.64,0.14,15786,11.025279998779297
0.7,0.86,0.42,0.66,1.06,1.03,0.12,0.64,0.14,16413,11.02936339378357
0.7,0.85,0.42,0.65,1.06,1.03,0.11,0.64,0.14,16520,11.03336238861084
0.7,0.85,0.42,0.65,1.06,1.03,0.11,0.64,0.14,16489,11.03336238861084
0.71,0.85,0.42,0.66,1.06,1.03,0.11,0.64,0.14,16860,11.037363529205322
0.7,0.85,0.42,0.66,1.06,1.03,0.11,0.64,0.14,16813,11.04136610031128
0.71,0.85,0.42,0.66,1.06,1.03,0.11,0.64,0.14,16520,11.045663595199585
0.71,0.85,0.42,0.65,1.06,1.03,0.11,0.64,0.14,16175,11.045663595199585
0.7,0.85,0.42,0.66,1.06,1.03,0.11,0.64,0.14,16734,11.050544738769531
0.71,0.85,0.42,0.66,1.06,1.03,0.11,0.64,0.14,16727,11.054547548294067
0.7,0.85,0.42,0.66,1.06,1.03,0.12,0.64,0.14,16946,11.057545900344849
0.7,0.85,0.42,0.65,1.07,1.03,0.12,0.64,0.14,16529,11.058547973632812
0.7,0.85,0.42,0.66,1.06,1.03,0.12,0.64,0.14,16418,11.062546491622925
0.7,0.85,0.42,0.66,1.06,1.03,0.12,0.64,0.14,16535,11.066825151443481
0.7,0.85,0.42,0.66,1.06,1.03,0.12,0.64,0.14,16286,11.069928646087646
0.71,0.86,0.42,0.66,1.06,1.03,0.12,0.64,0.14,16181,11.07109808921814
0.7,0.85,0.41,0.66,1.06,1.03,0.12,0.64,0.14,15992,11.07430124282837
0.7,0.86,0.42,0.65,1.06,1.03,0.12,0.64,0.14,16517,11.07859206199646
0.7,0.86,0.42,0.66,1.06,1.03,0.12,0.64,0.14,16552,11.083096265792847
0.7,0.85,0.42,0.66,1.06,1.03,0.11,0.64,0.14,16323,11.08411169052124
0.7,0.85,0.41,0.66,1.06,1.03,0.11,0.64,0.14,16366,11.08795714378357
0.7,0.85,0.42,0.65,1.06,1.03,0.12,0.64,0.14,16271,11.0915367603302
0.7,0.86,0.42,0.65,1.06,1.03,0.11,0.64,0.14,16474,11.094854593276978
0.7,0.85,0.42,0.65,1.06,1.02,0.11,0.64,0.14,16259,11.094854593276978
0.7,0.86,0.42,0.66,1.06,1.02,0.11,0.64,0.14,16184,11.099904775619507
0.7,0.85,0.42,0.65,1.06,1.03,0.11,0.64,0.14,15857,11.103636980056763
0.7,0.85,0.42,0.66,1.06,1.03,0.11,0.64,0.14,16296,11.107605218887329
0.7,0.85,0.42,0.65,1.06,1.03,0.11,0.64,0.14,16497,11.110958337783813
0.7,0.85,0.42,0.66,1.06,1.03,0.12,0.64,0.14,16404,11.111677646636963
0.7,0.85,0.42,0.66,1.06,1.03,0.11,0.64,0.14,16545,11.116301536560059
0.7,0.86,0.42,0.65,1.07,1.03,0.12,0.64,0.14,16008,11.119566917419434
0.7,0.85,0.42,0.65,1.06,1.03,0.12,0.64,0.14,16039,11.123565435409546
0.7,0.86,0.42,0.66,1.06,1.03,0.12,0.64,0.14,16108,11.124301433563232
0.7,0.86,0.42,0.65,1.06,1.03,0.12,0.64,0.14,16113,11.12793779373169
0.7,0.85,0.42,0.65,1.06,1.03,0.11,0.64,0.14,16354,11.132996082305908
0.7,0.85,0.42,0.66,1.06,1.03,0.12,0.64,0.14,16493,11.136173486709595
0.7,0.85,0.42,0.66,1.06,1.03,0.11,0.64,0.14,16274,11.137043714523315
0.7,0.85,0.42,0.66,1.06,1.03,0.12,0.64,0.14,16175,11.140939474105835
0.7,0.85,0.42,0.65,1.06,1.03,0.11,0.64,0.14,16284,11.144959926605225
0.71,0.85,0.42,0.65,1.06,1.03,0.11,0.64,0.14,16227,11.14796781539917
0.7,0.86,0.42,0.66,1.07,1.03,0.12,0.64,0.14,15940,11.148940086364746
0.7,0.85,0.42,0.66,1.06,1.03,0.13,0.64,0.14,16257,11.15304160118103
0.7,0.85,0.42,0.65,1.06,1.03,0.13,0.64,0.14,16354,11.156333208084106
0.7,0.85,0.42,0.65,1.06,1.03,0.13,0.64,0.14,16137,11.16053819656372
0.7,0.85,0.42,0.65,1.06,1.03,0.13,0.64,0.14,16326,11.16053819656372
0.7,0.85,0.42,0.65,1.06,1.03,0.13,0.64,0.14,16493,11.164523839950562
0.7,0.85,0.42,0.65,1.06,1.03,0.13,0.64,0.14,16410,11.169516801834106
0.7,0.85,0.42,0.65,1.06,1.03,0.13,0.64,0.14,16393,11.17281174659729
0.7,0.86,0.42,0.66,1.06,1.03,0.13,0.64,0.14,16362,11.173806428909302
0.7,0.85,0.42,0.66,1.06,1.03,0.13,0.64,0.14,16275,11.176816701889038
0.7,0.85,0.42,0.65,1.06,1.03,0.13,0.64,0.14,16542,11.180870294570923
0.7,0.85,0.42,0.65,1.06,1.03,0.13,0.64,0.14,16527,11.184937000274658
0.69,0.85,0.42,0.66,1.06,1.03,0.13,0.64,0.14,17034,11.18902039527893
0.7,0.85,0.42,0.66,1.06,1.03,0.13,0.64,0.14,16613,11.19005298614502
0.7,0.85,0.41,0.66,1.06,1.03,0.13,0.64,0.14,16186,11.193086385726929
0.7,0.86,0.42,0.66,1.06,1.03,0.13,0.64,0.14,16599,11.198147773742676
0.7,0.85,0.41,0.66,1.06,1.03,0.13,0.64,0.14,16438,11.201726913452148
0.7,0.85,0.42,0.66,1.06,1.03,0.13,0.64,0.14,16095,11.202427864074707
0.7,0.85,0.42,0.66,1.06,1.03,0.12,0.64,0.14,16026,11.206787586212158
0.7,0.85,0.42,0.66,1.06,1.03,0.13,0.64,0.14,16105,11.21027159690857
0.69,0.85,0.42,0.66,1.06,1.03,0.13,0.64,0.14,16224,11.213707208633423
0.7,0.85,0.42,0.65,1.06,1.03,0.13,0.64,0.14,16493,11.214723110198975
0.7,0.85,0.42,0.66,1.06,1.03,0.13,0.64,0.14,16574,11.21872353553772
0.7,0.85,0.42,0.66,1.06,1.03,0.13,0.64,0.15,16585,11.222723960876465
0.7,0.85,0.42,0.65,1.06,1.03,0.13,0.64,0.14,16816,11.226242065429688
0.7,0.85,0.42,0.65,1.06,1.03,0.13,0.64,0.14,16487,11.227296590805054
0.7,0.85,0.42,0.66,1.06,1.03,0.13,0.64,0.14,16450,11.231296300888062
0.7,0.85,0.42,0.66,1.06,1.03,0.13,0.64,0.14,16153,11.234722137451172
0.7,0.85,0.42,0.66,1.06,1.03,0.13,0.64,0.14,16256,11.238724946975708
0.7,0.85,0.41,0.66,1.06,1.03,0.13,0.64,0.14,16359,11.238724946975708
0.7,0.85,0.41,0.66,1.06,1.03,0.13,0.64,0.14,16498,11.243150234222412
0.7,0.85,0.42,0.66,1.06,1.03,0.13,0.64,0.14,16483,11.246919631958008
0.7,0.85,0.42,0.66,1.06,1.03,0.13,0.64,0.14,16636,11.250831127166748
0.7,0.85,0.42,0.66,1.06,1.03,0.13,0.64,0.15,16513,11.250831127166748
0.7,0.85,0.42,0.65,1.06,1.03,0.13,0.64,0.15,16138,11.254568338394165
0.7,0.85,0.42,0.65,1.06,1.03,0.13,0.64,0.14,16165,11.259621381759644
0.7,0.85,0.42,0.66,1.06,1.03,0.13,0.64,0.15,16574,11.263776302337646
0.7,0.85,0.42,0.66,1.06,1.03,0.13,0.64,0.14,16527,11.263776302337646
0.7,0.85,0.42,0.66,1.06,1.03,0.13,0.64,0.14,16384,11.267776727676392
0.71,0.85,0.42,0.65,1.06,1.03,0.13,0.64,0.14,15919,11.271787166595459
0.7,0.85,0.42,0.66,1.06,1.03,0.13,0.64,0.14,16174,11.275922298431396
0.7,0.86,0.42,0.66,1.06,1.03,0.13,0.64,0.14,16583,11.275922298431396
0.7,0.86,0.41,0.66,1.06,1.03,0.13,0.64,0.14,16412,11.279129028320312
0.71,0.85,0.42,0.66,1.06,1.03,0.13,0.64,0.15,15579,11.283476829528809
0.71,0.85,0.41,0.66,1.06,1.02,0.14,0.64,0.14,15838,11.288300275802612
0.71,0.85,0.42,0.66,1.06,1.03,0.13,0.64,0.15,16217,11.291829109191895
0.71,0.85,0.42,0.65,1.06,1.03,0.13,0.64,0.14,16568,11.291829109191895
0.71,0.86,0.42,0.66,1.06,1.03,0.13,0.64,0.14,16417,11.296836137771606
0.7,0.86,0.42,0.66,1.06,1.03,0.13,0.64,0.14,16130,11.300835847854614
0.7,0.86,0.41,0.66,1.06,1.03,0.13,0.65,0.15,15951,11.304104804992676
0.71,0.86,0.42,0.66,1.06,1.03,0.13,0.64,0.14,16152,11.305134773254395
0.7,0.85,0.42,0.66,1.06,1.03,0.13,0.64,0.14,16361,11.307722330093384
0.7,0.85,0.41,0.66,1.06,1.03,0.13,0.64,0.14,16514,11.313004970550537
0.7,0.85,0.42,0.66,1.06,1.03,0.13,0.64,0.14,16697,11.31639313697815
0.7,0.85,0.42,0.65,1.06,1.03,0.13,0.64,0.14,16630,11.317447423934937
0.71,0.85,0.41,0.66,1.06,1.03,0.13,0.64,0.14,16337,11.320464849472046
0.71,0.85,0.41,0.66,1.06,1.03,0.14,0.64,0.14,16130,11.324567556381226
0.7,0.85,0.41,0.66,1.06,1.03,0.13,0.64,0.15,16127,11.329097270965576
0.69,0.85,0.42,0.66,1.06,1.03,0.13,0.64,0.14,16866,11.330127716064453
0.7,0.85,0.41,0.66,1.06,1.03,0.13,0.64,0.14,16711,11.333128690719604
0.7,0.85,0.42,0.66,1.06,1.03,0.13,0.64,0.14,16168,11.337804794311523
0.7,0.85,0.42,0.66,1.05,1.03,0.13,0.64,0.14,16277,11.341805219650269
0.69,0.85,0.41,0.65,1.06,1.03,0.13,0.64,0.14,16482,11.341805219650269
0.7,0.85,0.42,0.66,1.06,1.03,0.13,0.64,0.14,15975,11.345924615859985
0.7,0.85,0.42,0.65,1.06,1.03,0.13,0.65,0.14,16068,11.350116729736328
0.71,0.85,0.42,0.66,1.06,1.03,0.13,0.64,0.15,16777,11.354073524475098
0.71,0.85,0.41,0.65,1.06,1.03,0.13,0.64,0.14,16686,11.354073524475098
0.7,0.85,0.41,0.66,1.06,1.03,0.13,0.64,0.14,15951,11.358073949813843
0.7,0.85,0.41,0.66,1.06,1.03,0.13,0.64,0.15,16360,11.36207365989685
0.71,0.85,0.41,0.66,1.06,1.03,0.13,0.64,0.14,16993,11.366073608398438
0.7,0.85,0.42,0.66,1.06,1.03,0.13,0.64,0.14,16682,11.369621992111206
0.7,0.85,0.41,0.65,1.06,1.03,0.14,0.64,0.14,16465,11.370589017868042
0.7,0.85,0.42,0.66,1.06,1.03,0.13,0.64,0.14,16248,11.374066591262817
0.7,0.85,0.42,0.65,1.06,1.03,0.13,0.64,0.14,16305,11.377882719039917
0.7,0.85,0.41,0.66,1.06,1.03,0.14,0.64,0.14,16598,11.381741046905518
0.71,0.85,0.42,0.66,1.06,1.03,0.13,0.64,0.14,16893,11.382822513580322
0.7,0.85,0.42,0.66,1.06,1.03,0.13,0.64,0.14,16212,11.38501501083374
0.71,0.85,0.41,0.66,1.06,1.03,0.13,0.64,0.14,15695,11.39013957977295
0.7,0.85,0.42,0.66,1.06,1.03,0.13,0.64,0.15,16092,11.39410924911499
0.71,0.85,0.42,0.66,1.06,1.03,0.13,0.64,0.14,16407,11.3948392868042
0.71,0.85,0.42,0.66,1.06,1.03,0.13,0.64,0.14,15738,11.398914575576782
0.71,0.85,0.42,0.65,1.06,1.03,0.13,0.64,0.14,15919,11.402528524398804
0.71,0.85,0.42,0.66,1.06,1.03,0.13,0.64,0.14,16400,11.407006740570068
0.71,0.85,0.42,0.66,1.06,1.02,0.13,0.64,0.14,16781,11.408016204833984
0.7,0.85,0.42,0.66,1.06,1.03,0.13,0.64,0.14,16430,11.411036968231201
0.7,0.85,0.42,0.66,1.06,1.02,0.13,0.64,0.14,16179,11.415098667144775
0.7,0.85,0.42,0.65,1.06,1.03,0.13,0.64,0.14,16180,11.418834924697876
0.71,0.85,0.41,0.65,1.06,1.03,0.13,0.64,0.14,15879,11.419907808303833
0.71,0.85,0.42,0.65,1.06,1.02,0.13,0.64,0.14,16306,11.423868894577026
0.71,0.85,0.42,0.65,1.06,1.02,0.13,0.64,0.14,16461,11.426651239395142
0.71,0.85,0.41,0.66,1.06,1.03,0.13,0.64,0.14,16518,11.431641340255737
0.71,0.85,0.42,0.66,1.06,1.03,0.13,0.64,0.14,16151,11.434906482696533
0.71,0.85,0.41,0.66,1.06,1.03,0.14,0.64,0.14,16514,11.435641527175903
0.7,0.85,0.42,0.66,1.06,1.03,0.13,0.64,0.14,16525,11.43964171409607
0.71,0.85,0.42,0.66,1.05,1.03,0.13,0.65,0.14,16800,11.444149017333984
0.7,0.85,0.41,0.66,1.06,1.03,0.13,0.64,0.14,16407,11.447147130966187
0.71,0.85,0.41,0.66,1.05,1.03,0.13,0.64,0.14,16084,11.447147130966187
0.71,0.85,0.41,0.66,1.06,1.03,0.13,0.64,0.14,15941,11.450894832611084
0.71,0.85,0.42,0.65,1.06,1.03,0.13,0.64,0.14,15790,11.456529140472412
0.71,0.85,0.41,0.66,1.05,1.03,0.13,0.65,0.14,16191,11.459693670272827
0.71,0.85,0.41,0.66,1.05,1.03,0.13,0.64,0.14,16716,11.460749626159668
0.7,0.86,0.42,0.66,1.06,1.03,0.13,0.64,0.14,16579,11.46487808227539
0.71,0.86,0.41,0.66,1.06,1.03,0.13,0.64,0.14,16314,11.467933416366577
0.71,0.86,0.41,0.66,1.06,1.03,0.14,0.64,0.14,15887,11.472329378128052
0.7,0.85,0.41,0.65,1.06,1.03,0.13,0.64,0.14,16104,11.473302125930786
0.71,0.85,0.41,0.66,1.05,1.03,0.13,0.64,0.14,16157,11.476307153701782
0.71,0.86,0.41,0.66,1.05,1.03,0.13,0.64,0.14,16440,11.48132061958313
0.7,0.85,0.41,0.66,1.05,1.03,0.13,0.64,0.14,15753,11.484676361083984
0.7,0.85,0.41,0.66,1.06,1.03,0.13,0.64,0.14,16254,11.484676361083984
0.7,0.86,0.41,0.66,1.06,1.03,0.13,0.64,0.14,16373,11.488308191299438
0.71,0.86,0.41,0.66,1.05,1.03,0.13,0.64,0.14,16388,11.492690801620483
0.7,0.86,0.41,0.66,1.05,1.03,0.13,0.64,0.14,16659,11.496661186218262
0.7,0.86,0.41,0.66,1.05,1.03,0.13,0.64,0.14,16520,11.500253915786743
0.71,0.85,0.41,0.66,1.05,1.03,0.13,0.64,0.14,16509,11.501328468322754
0.7,0.86,0.42,0.66,1.06,1.02,0.13,0.64,0.15,16682,11.505721092224121
0.7,0.85,0.41,0.66,1.06,1.03,0.13,0.64,0.15,16559,11.508857011795044
0.71,0.85,0.42,0.65,1.06,1.03,0.14,0.64,0.15,16592,11.512975692749023
0.71,0.85,0.42,0.66,1.06,1.03,0.13,0.64,0.15,16645,11.512975692749023
0.71,0.85,0.42,0.66,1.06,1.03,0.13,0.64,0.14,16600,11.516974687576294
0.7,0.85,0.41,0.66,1.06,1.03,0.12,0.64,0.15,16575,11.52197527885437
0.71,0.85,0.42,0.66,1.06,1.03,0.13,0.64,0.14,16650,11.525235652923584
0.71,0.85,0.42,0.66,1.06,1.03,0.13,0.64,0.14,16607,11.525975704193115
0.7,0.85,0.42,0.66,1.06,1.03,0.13,0.64,0.14,16280,11.529975891113281
0.7,0.85,0.42,0.66,1.06,1.03,0.13,0.64,0.14,16569,11.533976078033447
0.71,0.85,0.42,0.66,1.06,1.03,0.13,0.64,0.14,16800,11.53763723373413
0.71,0.85,0.42,0.65,1.06,1.03,0.13,0.64,0.14,16779,11.538588523864746
0.71,0.85,0.42,0.66,1.06,1.03,0.13,0.64,0.14,15994,11.541862964630127
0.71,0.85,0.42,0.66,1.06,1.03,0.13,0.64,0.15,16281,11.546112775802612
0.7,0.85,0.42,0.66,1.05,1.03,0.13,0.64,0.14,16678,11.549751281738281
0.7,0.85,0.42,0.66,1.06,1.03,0.13,0.64,0.14,16781,11.55083966255188
0.7,0.85,0.41,0.66,1.06,1.02,0.13,0.64,0.14,16478,11.554952621459961
0.71,0.85,0.42,0.66,1.06,1.02,0.13,0.64,0.14,16143,11.559142827987671
0.71,0.85,0.42,0.65,1.06,1.03,0.13,0.64,0.14,16578,11.562116861343384
0.7,0.85,0.42,0.66,1.05,1.03,0.13,0.64,0.14,16469,11.566142320632935
0.71,0.85,0.41,0.66,1.06,1.02,0.14,0.64,0.14,16388,11.567140579223633
0.71,0.86,0.42,0.66,1.06,1.02,0.13,0.65,0.15,16513,11.57011079788208
0.71,0.85,0.41,0.67,1.06,1.02,0.14,0.64,0.14,16784,11.574341297149658
0.7,0.86,0.42,0.66,1.06,1.02,0.13,0.64,0.14,16635,11.578359365463257
0.71,0.85,0.41,0.66,1.06,1.02,0.13,0.64,0.14,16260,11.578359365463257
0.7,0.85,0.42,0.66,1.06,1.03,0.13,0.64,0.14,16327,11.583369731903076
0.71,0.85,0.42,0.66,1.06,1.02,0.13,0.64,0.14,16498,11.587191343307495
0.71,0.85,0.42,0.66,1.06,1.02,0.13,0.64,0.14,16397,11.590506792068481
0.71,0.85,0.42,0.66,1.06,1.02,0.13,0.64,0.14,16266,11.591230392456055
0.71,0.85,0.42,0.66,1.06,1.02,0.13,0.64,0.14,16247,11.595624685287476
0.71,0.85,0.42,0.66,1.06,1.03,0.13,0.64,0.14,16354,11.599599599838257
0.71,0.85,0.42,0.66,1.06,1.03,0.13,0.64,0.14,16433,11.602916717529297
0.71,0.85,0.42,0.66,1.06,1.02,0.13,0.63,0.14,16148,11.603646993637085
0.71,0.85,0.42,0.66,1.06,1.03,0.13,0.64,0.14,15977,11.608142375946045
0.71,0.85,0.42,0.66,1.06,1.03,0.13,0.64,0.14,16076,11.612139701843262
0.7,0.85,0.42,0.66,1.06,1.03,0.13,0.64,0.14,16081,11.615371465682983
0.71,0.85,0.42,0.66,1.06,1.02,0.13,0.64,0.14,16264,11.616139888763428
0.7,0.85,0.42,0.66,1.06,1.02,0.13,0.64,0.14,16385,11.620140314102173
0.71,0.85,0.42,0.66,1.05,1.02,0.13,0.64,0.14,16584,11.62412142753601
0.71,0.85,0.42,0.66,1.06,1.02,0.13,0.64,0.14,16559,11.627670764923096
0.71,0.85,0.42,0.66,1.06,1.03,0.13,0.64,0.15,16552,11.628501415252686
0.71,0.85,0.42,0.66,1.06,1.03,0.13,0.64,0.14,16657,11.63257908821106
0.71,0.85,0.41,0.65,1.06,1.02,0.14,0.64,0.14,16614,11.635924577713013
0.71,0.85,0.42,0.65,1.06,1.03,0.13,0.64,0.14,16749,11.639989137649536
0.71,0.85,0.42,0.66,1.06,1.02,0.13,0.64,0.14,16864,11.643340587615967
0.71,0.85,0.42,0.66,1.06,1.03,0.14,0.64,0.14,16809,11.644062042236328
0.71,0.85,0.41,0.65,1.06,1.02,0.13,0.64,0.14,16516,11.64812159538269
0.71,0.85,0.42,0.66,1.06,1.03,0.13,0.64,0.14,16187,11.652107238769531
0.71,0.85,0.41,0.66,1.06,1.03,0.13,0.64,0.14,16606,11.656641006469727
0.71,0.85,0.42,0.66,1.06,1.03,0.13,0.64,0.14,16183,11.656641006469727
0.71,0.85,0.42,0.66,1.06,1.03,0.13,0.64,0.14,16200,11.660747289657593
0.71,0.85,0.42,0.66,1.06,1.03,0.14,0.64,0.14,16109,11.664830207824707
0.71,0.85,0.42,0.66,1.06,1.03,0.13,0.64,0.14,16270,11.668122291564941
0.71,0.85,0.42,0.66,1.06,1.03,0.13,0.64,0.14,16451,11.66916537284851
0.7,0.85,0.41,0.66,1.06,1.03,0.13,0.64,0.14,16178,11.673560619354248
0.71,0.85,0.42,0.66,1.06,1.03,0.13,0.64,0.14,15891,11.677894353866577
0.71,0.85,0.42,0.66,1.06,1.03,0.13,0.64,0.14,16094,11.680894136428833
0.71,0.85,0.41,0.66,1.06,1.03,0.13,0.64,0.14,16373,11.680894136428833
0.7,0.85,0.41,0.66,1.06,1.03,0.13,0.64,0.14,16252,11.685204267501831
0.71,0.85,0.42,0.66,1.06,1.03,0.13,0.64,0.14,15837,11.690139293670654
0.7,0.85,0.42,0.66,1.06,1.03,0.13,0.64,0.14,16134,11.693620681762695
0.71,0.85,0.41,0.66,1.06,1.02,0.14,0.64,0.14,16643,11.693620681762695
0.71,0.86,0.41,0.66,1.06,1.03,0.13,0.64,0.14,16820,11.697238683700562
0.71,0.85,0.41,0.66,1.06,1.03,0.14,0.64,0.14,16395,11.701524257659912
0.71,0.85,0.41,0.66,1.06,1.03,0.13,0.64,0.14,16854,11.705212831497192
0.71,0.85,0.41,0.66,1.06,1.03,0.14,0.64,0.14,17009,11.705212831497192
0.71,0.86,0.41,0.66,1.06,1.03,0.13,0.64,0.14,16318,11.710243225097656
0.71,0.85,0.41,0.66,1.06,1.03,0.13,0.64,0.14,16399,11.714243412017822
0.71,0.85,0.41,0.66,1.06,1.03,0.14,0.64,0.14,16786,11.717520475387573
0.71,0.85,0.41,0.66,1.06,1.03,0.13,0.64,0.14,16473,11.721525430679321
0.71,0.86,0.41,0.66,1.06,1.03,0.13,0.64,0.14,16282,11.722243547439575
0.71,0.86,0.41,0.66,1.06,1.03,0.13,0.64,0.14,16125,11.725919008255005
0.71,0.86,0.41,0.65,1.06,1.02,0.14,0.64,0.14,16224,11.731166124343872
0.71,0.86,0.41,0.66,1.06,1.03,0.12,0.64,0.14,16447,11.733895063400269
0.71,0.86,0.41,0.66,1.06,1.03,0.13,0.64,0.14,16296,11.73496675491333
0.71,0.86,0.42,0.66,1.06,1.03,0.13,0.64,0.14,16467,11.73857569694519
0.71,0.85,0.41,0.66,1.06,1.02,0.13,0.64,0.14,16592,11.742709875106812
0.71,0.85,0.41,0.66,1.06,1.03,0.13,0.64,0.14,16207,11.746704578399658
0.71,0.86,0.41,0.66,1.06,1.03,0.13,0.64,0.15,16374,11.746704578399658
0.71,0.86,0.41,0.66,1.06,1.03,0.13,0.64,0.14,16345,11.750704526901245
0.71,0.86,0.42,0.66,1.06,1.03,0.13,0.64,0.15,16232,11.754704713821411
0.71,0.86,0.41,0.66,1.06,1.03,0.13,0.64,0.14,16427,11.758540868759155
0.71,0.86,0.41,0.66,1.06,1.03,0.13,0.64,0.14,16448,11.759594917297363
0.71,0.86,0.41,0.66,1.06,1.03,0.13,0.64,0.14,16029,11.763337135314941
0.7,0.86,0.41,0.66,1.06,1.03,0.13,0.64,0.14,16336,11.766769409179688
0.71,0.86,0.41,0.66,1.06,1.03,0.13,0.64,0.14,16405,11.771500825881958
0.71,0.86,0.41,0.65,1.06,1.03,0.13,0.64,0.14,16582,11.771500825881958
0.71,0.86,0.42,0.66,1.06,1.03,0.13,0.64,0.14,16363,11.77510142326355
0.71,0.86,0.42,0.66,1.06,1.03,0.13,0.64,0.14,16676,11.779146194458008
0.71,0.86,0.41,0.66,1.06,1.03,0.13,0.64,0.14,16721,11.783368349075317
0.71,0.86,0.41,0.66,1.06,1.03,0.13,0.64,0.14,16652,11.784140586853027
0.71,0.86,0.41,0.65,1.06,1.03,0.14,0.64,0.15,16837,11.787968158721924
0.71,0.86,0.41,0.66,1.06,1.03,0.13,0.64,0.14,16532,11.791997194290161
0.71,0.86,0.41,0.66,1.06,1.03,0.13,0.64,0.14,16161,11.795296430587769
0.7,0.86,0.41,0.66,1.06,1.03,0.13,0.64,0.15,16146,11.796440601348877
0.71,0.86,0.41,0.66,1.06,1.03,0.13,0.64,0.14,16315,11.799315214157104
0.71,0.86,0.41,0.66,1.06,1.03,0.13,0.64,0.14,16304,11.804346084594727
0.71,0.86,0.42,0.67,1.06,1.03,0.13,0.64,0.14,16569,11.808346033096313
0.71,0.86,0.42,0.66,1.06,1.03,0.13,0.64,0.14,16688,11.808346033096313
0.71,0.86,0.42,0.66,1.06,1.03,0.13,0.64,0.14,16411,11.812346458435059
0.71,0.86,0.42,0.66,1.06,1.03,0.13,0.64,0.14,16388,11.816741466522217
0.71,0.85,0.42,0.66,1.06,1.03,0.13,0.64,0.14,16625,11.819735765457153
0.71,0.86,0.42,0.66,1.06,1.03,0.13,0.64,0.14,16682,11.824280977249146
0.71,0.86,0.42,0.66,1.06,1.03,0.13,0.64,0.14,16727,11.82536268234253
0.71,0.86,0.41,0.66,1.06,1.03,0.12,0.64,0.14,16376,11.828468084335327
0.71,0.86,0.42,0.66,1.06,1.03,0.13,0.64,0.14,16637,11.832500219345093
0.71,0.85,0.42,0.66,1.06,1.03,0.13,0.64,0.15,16606,11.83621859550476
0.71,0.86,0.42,0.66,1.06,1.03,0.12,0.64,0.14,16157,11.83621859550476
0.71,0.86,0.42,0.66,1.06,1.03,0.13,0.64,0.14,16820,11.840815544128418
0.71,0.86,0.41,0.66,1.06,1.03,0.13,0.64,0.14,16659,11.845245838165283
0.71,0.86,0.42,0.66,1.06,1.03,0.13,0.64,0.14,16100,11.849247932434082
0.71,0.86,0.42,0.66,1.06,1.03,0.13,0.64,0.14,16191,11.849247932434082
0.71,0.86,0.42,0.66,1.06,1.03,0.13,0.64,0.14,16518,11.853828430175781
0.71,0.86,0.41,0.66,1.06,1.03,0.13,0.64,0.14,16751,11.856902837753296
0.71,0.86,0.41,0.66,1.06,1.03,0.13,0.64,0.14,16442,11.860903024673462
0.71,0.85,0.41,0.66,1.06,1.03,0.13,0.64,0.14,15993,11.861965656280518
0.71,0.86,0.41,0.66,1.06,1.03,0.13,0.64,0.14,16134,11.86501407623291
0.71,0.86,0.42,0.66,1.06,1.03,0.13,0.64,0.14,16749,11.870061874389648
0.71,0.86,0.41,0.66,1.06,1.03,0.13,0.64,0.14,16562,11.87382197380066
0.71,0.86,0.42,0.66,1.06,1.03,0.13,0.64,0.14,16517,11.87382197380066
0.71,0.86,0.42,0.66,1.06,1.03,0.13,0.64,0.15,16294,11.877870798110962
0.71,0.85,0.41,0.66,1.06,1.03,0.13,0.64,0.14,16135,11.881876707077026
0.71,0.85,0.41,0.66,1.06,1.03,0.13,0.64,0.14,16050,11.886293411254883
0.71,0.86,0.41,0.66,1.06,1.03,0.13,0.64,0.14,16459,11.886293411254883
0.71,0.85,0.41,0.66,1.06,1.03,0.13,0.64,0.14,16586,11.889976978302002
0.71,0.85,0.41,0.66,1.06,1.03,0.14,0.64,0.14,16605,11.894037961959839
0.71,0.85,0.41,0.66,1.06,1.03,0.13,0.64,0.14,16766,11.898200511932373
0.71,0.86,0.42,0.66,1.06,1.03,0.13,0.64,0.15,16357,11.90174388885498
0.71,0.85,0.41,0.66,1.05,1.03,0.13,0.64,0.14,15732,11.902789831161499
0.71,0.86,0.42,0.66,1.06,1.03,0.13,0.64,0.14,16109,11.90581750869751
0.71,0.86,0.42,0.66,1.06,1.03,0.13,0.63,0.14,16166,11.910809516906738
0.71,0.86,0.42,0.66,1.06,1.03,0.12,0.64,0.14,16497,11.913779973983765
0.71,0.85,0.42,0.66,1.06,1.03,0.13,0.64,0.14,16366,11.913779973983765
0.71,0.86,0.42,0.67,1.07,1.03,0.13,0.64,0.14,17085,11.91880989074707
0.7,0.86,0.42,0.66,1.06,1.03,0.13,0.64,0.14,17056,11.922569751739502
0.71,0.86,0.42,0.67,1.06,1.03,0.13,0.64,0.14,16649,11.92744493484497
0.71,0.86,0.41,0.67,1.06,1.03,0.13,0.64,0.14,16582,11.92744493484497
0.71,0.86,0.42,0.67,1.06,1.03,0.13,0.64,0.14,16281,11.930289506912231
0.71,0.86,0.42,0.67,1.06,1.03,0.13,0.64,0.14,15968,11.93580150604248
0.71,0.85,0.42,0.66,1.06,1.03,0.13,0.64,0.14,15827,11.939241886138916
0.71,0.85,0.42,0.67,1.06,1.03,0.12,0.64,0.14,16310,11.94022536277771
0.71,0.85,0.42,0.67,1.06,1.03,0.12,0.64,0.14,16409,11.9433434009552
0.71,0.85,0.42,0.66,1.06,1.03,0.11,0.64,0.14,16416,11.947406530380249
0.7,0.85,0.42,0.67,1.06,1.03,0.13,0.64,0.14,16653,11.952075958251953
0.71,0.85,0.42,0.67,1.06,1.03,0.13,0.64,0.14,16840,11.952075958251953
0.7,0.86,0.42,0.67,1.06,1.02,0.14,0.64,0.15,16203,11.955283880233765
0.71,0.86,0.42,0.67,1.06,1.03,0.13,0.64,0.14,15796,11.959537982940674
0.7,0.85,0.42,0.67,1.06,1.03,0.13,0.65,0.15,15725,11.964862823486328
0.7,0.85,0.42,0.67,1.06,1.03,0.13,0.64,0.14,16066,11.966907024383545
0.71,0.85,0.42,0.66,1.06,1.03,0.12,0.64,0.14,15917,11.966907024383545
0.71,0.85,0.42,0.66,1.06,1.03,0.13,0.64,0.14,15864,11.972058296203613
0.71,0.85,0.42,0.67,1.06,1.03,0.13,0.64,0.14,16493,11.97509503364563
0.71,0.85,0.42,0.67,1.06,1.03,0.13,0.64,0.14,16420,11.979098320007324
0.71,0.85,0.42,0.66,1.06,1.03,0.12,0.64,0.14,16475,11.980098724365234
0.71,0.85,0.42,0.67,1.06,1.03,0.14,0.64,0.15,16580,11.98406982421875
0.71,0.85,0.42,0.67,1.06,1.03,0.12,0.64,0.14,16589,11.98786187171936
0.71,0.85,0.41,0.67,1.06,1.03,0.13,0.64,0.14,16628,11.991537094116211
0.71,0.85,0.42,0.67,1.06,1.03,0.13,0.64,0.14,16305,11.992573261260986
0.71,0.85,0.42,0.66,1.06,1.03,0.12,0.64,0.14,16568,11.996572256088257
0.71,0.85,0.42,0.67,1.06,1.03,0.13,0.64,0.14,16571,12.000611543655396
0.7,0.85,0.41,0.67,1.06,1.03,0.12,0.64,0.14,16410,12.004478931427002
0.71,0.86,0.42,0.67,1.06,1.03,0.13,0.64,0.14,16387,12.005268812179565
0.71,0.85,0.42,0.67,1.06,1.03,0.11,0.64,0.14,16256,12.009268522262573
0.71,0.85,0.42,0.66,1.06,1.03,0.11,0.64,0.14,16293,12.013251781463623
0.7,0.85,0.42,0.66,1.06,1.03,0.11,0.64,0.14,16284,12.016543865203857
0.71,0.85,0.42,0.67,1.05,1.03,0.13,0.63,0.15,16057,12.017268657684326
0.71,0.85,0.42,0.67,1.06,1.03,0.13,0.64,0.14,16416,12.021852493286133
0.71,0.85,0.41,0.66,1.06,1.03,0.13,0.64,0.14,16249,12.025849342346191
0.71,0.85,0.42,0.67,1.06,1.03,0.13,0.64,0.14,16612,12.03019642829895
0.71,0.85,0.42,0.67,1.06,1.03,0.12,0.64,0.14,16443,12.03019642829895
0.71,0.85,0.42,0.66,1.06,1.03,0.13,0.64,0.15,15558,12.033526420593262
0.71,0.85,0.42,0.67,1.05,1.03,0.13,0.64,0.15,15147,12.038222312927246
0.71,0.85,0.42,0.67,1.06,1.03,0.13,0.64,0.14,15960,12.04200553894043
0.71,0.85,0.42,0.67,1.06,1.03,0.13,0.64,0.14,16587,12.045080661773682
0.71,0.85,0.42,0.67,1.06,1.03,0.13,0.64,0.15,16336,12.046059846878052
0.71,0.85,0.42,0.67,1.06,1.03,0.13,0.64,0.14,16459,12.050203561782837
0.71,0.85,0.42,0.67,1.06,1.03,0.13,0.64,0.14,16450,12.054274082183838
0.71,0.85,0.42,0.67,1.06,1.03,0.13,0.64,0.14,16509,12.057549476623535
0.71,0.85,0.42,0.67,1.06,1.03,0.14,0.64,0.15,17026,12.058274269104004
0.71,0.85,0.41,0.67,1.06,1.03,0.14,0.64,0.14,17111,12.061708450317383
0.71,0.86,0.42,0.66,1.06,1.03,0.13,0.64,0.14,16552,12.066293239593506
0.71,0.85,0.41,0.67,1.06,1.03,0.13,0.64,0.14,16535,12.069623708724976
0.71,0.85,0.42,0.67,1.06,1.03,0.13,0.64,0.15,16634,12.069623708724976
0.71,0.85,0.41,0.67,1.06,1.03,0.13,0.64,0.14,16293,12.074960708618164
0.71,0.85,0.42,0.67,1.05,1.03,0.13,0.64,0.14,16268,12.078960418701172
0.71,0.86,0.42,0.67,1.06,1.03,0.13,0.64,0.15,16621,12.081829309463501
0.71,0.85,0.41,0.67,1.06,1.03,0.13,0.64,0.14,16678,12.082630157470703
0.71,0.85,0.41,0.67,1.06,1.03,0.13,0.64,0.14,16423,12.086624145507812
0.71,0.85,0.41,0.67,1.06,1.03,0.13,0.64,0.14,16608,12.090416431427002
0.71,0.85,0.41,0.67,1.06,1.03,0.14,0.64,0.14,16953,12.094600677490234
0.71,0.85,0.41,0.67,1.06,1.03,0.13,0.64,0.14,16670,12.095409393310547
0.71,0.85,0.42,0.67,1.06,1.03,0.13,0.64,0.15,16363,12.099408388137817
0.71,0.85,0.41,0.67,1.06,1.03,0.14,0.64,0.15,16280,12.102437973022461
0.71,0.85,0.41,0.67,1.06,1.03,0.13,0.64,0.15,17051,12.107485294342041
0.71,0.85,0.41,0.66,1.06,1.03,0.14,0.64,0.14,17288,12.110900163650513
0.71,0.85,0.41,0.67,1.06,1.03,0.12,0.64,0.14,16989,12.111972332000732
0.71,0.85,0.41,0.67,1.06,1.03,0.12,0.64,0.14,16934,12.114869594573975
0.71,0.85,0.41,0.67,1.06,1.03,0.13,0.64,0.14,16987,12.120107889175415
0.71,0.85,0.41,0.66,1.05,1.02,0.13,0.64,0.14,16574,12.123175859451294
0.71,0.85,0.41,0.67,1.06,1.03,0.13,0.64,0.14,16657,12.124107599258423
0.71,0.85,0.41,0.66,1.06,1.03,0.13,0.64,0.14,16502,12.127699136734009
0.71,0.85,0.41,0.66,1.06,1.03,0.13,0.64,0.14,16197,12.13193416595459
0.71,0.85,0.41,0.66,1.06,1.03,0.13,0.64,0.14,16416,12.135534524917603
0.71,0.85,0.41,0.66,1.06,1.03,0.13,0.64,0.14,16755,12.135534524917603
0.71,0.85,0.42,0.67,1.06,1.03,0.13,0.64,0.14,16100,12.13985562324524
0.71,0.86,0.42,0.66,1.06,1.03,0.13,0.64,0.14,16397,12.14427638053894
0.71,0.85,0.41,0.66,1.06,1.03,0.13,0.64,0.15,16608,12.147285223007202
0.71,0.85,0.41,0.66,1.06,1.03,0.13,0.63,0.14,16173,12.148269176483154
0.71,0.86,0.41,0.67,1.05,1.03,0.13,0.63,0.14,16198,12.152262449264526
0.71,0.86,0.42,0.67,1.06,1.03,0.13,0.63,0.14,16371,12.156281232833862
0.71,0.86,0.42,0.66,1.06,1.03,0.13,0.64,0.15,16088,12.159858226776123
0.71,0.86,0.41,0.66,1.06,1.03,0.13,0.63,0.14,16399,12.160892724990845
0.71,0.86,0.41,0.67,1.06,1.03,0.13,0.64,0.15,16108,12.164401054382324
0.71,0.85,0.41,0.67,1.06,1.03,0.13,0.63,0.14,15915,12.16878342628479
0.71,0.85,0.42,0.67,1.06,1.03,0.13,0.64,0.14,16348,12.172253370285034
0.71,0.86,0.42,0.67,1.06,1.03,0.13,0.63,0.14,16705,12.176515102386475
0.71,0.86,0.42,0.67,1.06,1.03,0.13,0.63,0.14,16344,12.177291870117188
0.71,0.86,0.42,0.66,1.06,1.03,0.13,0.63,0.14,15987,12.180287599563599
0.71,0.86,0.42,0.67,1.06,1.03,0.13,0.63,0.14,16088,12.185291528701782
0.71,0.86,0.41,0.66,1.06,1.03,0.13,0.63,0.14,16197,12.188540935516357
0.71,0.85,0.42,0.66,1.06,1.02,0.13,0.64,0.14,16534,12.189056873321533
0.71,0.85,0.42,0.66,1.05,1.03,0.13,0.64,0.14,16601,12.193520069122314
0.71,0.85,0.41,0.66,1.06,1.03,0.13,0.64,0.15,16762,12.196727275848389
0.71,0.86,0.42,0.66,1.06,1.03,0.13,0.64,0.14,16357,12.201244831085205
0.71,0.85,0.42,0.66,1.06,1.03,0.13,0.63,0.14,15992,12.202229022979736
0.72,0.85,0.42,0.67,1.06,1.03,0.14,0.64,0.15,16547,12.205688953399658
0.71,0.85,0.42,0.66,1.06,1.02,0.13,0.64,0.15,16614,12.209709882736206
0.71,0.85,0.42,0.66,1.06,1.02,0.13,0.64,0.15,16447,12.213709831237793
0.71,0.85,0.42,0.66,1.06,1.03,0.13,0.64,0.15,16614,12.213709831237793
0.71,0.85,0.42,0.66,1.06,1.02,0.13,0.64,0.14,16397,12.218122243881226
0.71,0.85,0.41,0.66,1.05,1.03,0.13,0.64,0.15,15736,12.221505641937256
0.71,0.85,0.42,0.66,1.06,1.03,0.13,0.64,0.14,16047,12.225673913955688
0.71,0.85,0.42,0.66,1.06,1.03,0.13,0.64,0.15,16414,12.22655200958252
0.71,0.85,0.41,0.67,1.06,1.03,0.13,0.64,0.15,16289,12.229882717132568
0.71,0.85,0.41,0.66,1.06,1.03,0.13,0.64,0.15,16180,12.234946250915527
0.71,0.85,0.42,0.66,1.06,1.03,0.13,0.64,0.15,16625,12.237958908081055
0.71,0.85,0.42,0.66,1.06,1.03,0.13,0.64,0.15,16772,12.238970041275024
0.71,0.85,0.42,0.66,1.06,1.03,0.13,0.64,0.15,16583,12.242071151733398
0.71,0.85,0.42,0.66,1.06,1.03,0.13,0.63,0.15,16674,12.246968507766724
0.71,0.85,0.42,0.66,1.05,1.02,0.13,0.64,0.15,17141,12.250368118286133
0.71,0.85,0.42,0.66,1.06,1.03,0.13,0.64,0.14,16730,12.254414558410645
0.71,0.85,0.42,0.66,1.06,1.02,0.13,0.64,0.15,16337,12.254414558410645
0.71,0.85,0.42,0.66,1.06,1.03,0.13,0.64,0.15,16090,12.258667469024658
0.71,0.85,0.42,0.66,1.06,1.02,0.13,0.63,0.14,16115,12.262667417526245
0.72,0.85,0.42,0.66,1.06,1.03,0.13,0.64,0.15,16218,12.266685485839844
0.71,0.85,0.42,0.67,1.06,1.02,0.13,0.64,0.14,16305,12.267647743225098
0.71,0.85,0.42,0.66,1.06,1.02,0.14,0.64,0.14,16362,12.270316362380981
0.71,0.85,0.42,0.67,1.06,1.03,0.12,0.64,0.14,16487,12.274415969848633
0.71,0.85,0.41,0.67,1.06,1.03,0.13,0.64,0.15,16578,12.27897596359253
0.71,0.85,0.41,0.67,1.06,1.03,0.14,0.64,0.15,16605,12.279988288879395
0.71,0.85,0.41,0.67,1.06,1.03,0.13,0.64,0.15,16428,12.28386902809143
0.71,0.85,0.42,0.67,1.06,1.03,0.13,0.64,0.15,16477,12.287102699279785
0.71,0.85,0.42,0.66,1.06,1.02,0.14,0.64,0.15,16602,12.290748596191406
0.71,0.85,0.42,0.67,1.06,1.03,0.13,0.64,0.15,16549,12.291651010513306
0.71,0.85,0.41,0.67,1.06,1.02,0.13,0.65,0.14,16706,12.295639753341675
0.71,0.85,0.41,0.67,1.06,1.03,0.13,0.64,0.15,16437,12.299641132354736
0.71,0.85,0.42,0.67,1.06,1.03,0.13,0.64,0.15,16830,12.303742170333862
0.71,0.85,0.41,0.67,1.06,1.03,0.13,0.64,0.15,17085,12.303742170333862
0.71,0.85,0.42,0.67,1.05,1.02,0.13,0.64,0.15,16556,12.307270288467407
0.71,0.85,0.42,0.67,1.06,1.03,0.13,0.63,0.15,16859,12.312015056610107
0.71,0.85,0.42,0.67,1.05,1.03,0.13,0.63,0.15,16956,12.31539797782898
0.71,0.85,0.42,0.66,1.06,1.03,0.13,0.64,0.15,16527,12.316447496414185
0.71,0.85,0.41,0.67,1.06,1.03,0.13,0.64,0.15,16494,12.32046365737915
0.71,0.85,0.41,0.66,1.06,1.03,0.13,0.64,0.15,16327,12.32497262954712
0.71,0.85,0.42,0.67,1.06,1.03,0.13,0.64,0.15,16258,12.328081846237183
0.7,0.85,0.41,0.67,1.06,1.03,0.13,0.63,0.15,16319,12.328081846237183
0.71,0.85,0.42,0.66,1.06,1.03,0.13,0.64,0.15,16534,12.332895517349243
0.71,0.85,0.42,0.66,1.06,1.03,0.13,0.64,0.15,16381,12.33656907081604
0.71,0.85,0.41,0.67,1.06,1.03,0.13,0.64,0.15,16520,12.340491533279419
0.71,0.85,0.42,0.67,1.06,1.03,0.13,0.64,0.15,16203,12.344751119613647
0.71,0.85,0.41,0.67,1.06,1.03,0.13,0.64,0.14,16234,12.344751119613647
0.71,0.85,0.41,0.66,1.06,1.03,0.13,0.64,0.15,16545,12.34875774383545
0.71,0.85,0.42,0.67,1.06,1.03,0.13,0.64,0.15,16466,12.352965116500854
0.71,0.85,0.42,0.66,1.06,1.03,0.13,0.64,0.15,16411,12.356290340423584
0.71,0.86,0.42,0.67,1.06,1.03,0.13,0.64,0.15,16164,12.357340097427368
0.71,0.85,0.41,0.67,1.06,1.03,0.12,0.64,0.15,16193,12.360813617706299
0.71,0.85,0.41,0.67,1.06,1.03,0.13,0.64,0.15,16448,12.366077184677124
0.71,0.85,0.42,0.67,1.05,1.03,0.13,0.64,0.15,16771,12.368830442428589
0.71,0.85,0.41,0.67,1.05,1.03,0.13,0.64,0.15,16804,12.369901418685913
0.71,0.86,0.41,0.67,1.05,1.03,0.14,0.64,0.15,16535,12.374089241027832
0.71,0.85,0.42,0.67,1.06,1.03,0.13,0.64,0.15,16238,12.378089427947998
0.71,0.86,0.42,0.67,1.06,1.03,0.13,0.64,0.15,16249,12.382089376449585
0.71,0.86,0.42,0.67,1.06,1.03,0.14,0.64,0.15,16284,12.382089376449585
0.71,0.85,0.42,0.67,1.06,1.03,0.13,0.64,0.15,16133,12.386164665222168
0.71,0.86,0.42,0.67,1.06,1.03,0.13,0.64,0.15,15908,12.389577150344849
0.71,0.85,0.42,0.67,1.05,1.03,0.13,0.64,0.15,16323,12.393641710281372
0.71,0.85,0.42,0.67,1.05,1.02,0.13,0.64,0.15,17056,12.394707202911377
0.71,0.85,0.42,0.67,1.06,1.02,0.13,0.64,0.15,16843,12.39790678024292
0.71,0.86,0.42,0.66,1.05,1.02,0.13,0.64,0.15,16568,12.40164828300476
0.71,0.86,0.42,0.66,1.06,1.02,0.12,0.64,0.15,16663,12.405353784561157
0.71,0.86,0.42,0.66,1.05,1.02,0.13,0.64,0.15,16164,12.406398296356201
0.71,0.86,0.42,0.66,1.05,1.02,0.12,0.64,0.15,16261,12.410539865493774
0.71,0.85,0.42,0.67,1.05,1.02,0.13,0.64,0.15,16614,12.414573669433594
0.71,0.85,0.42,0.67,1.05,1.02,0.14,0.64,0.15,16751,12.418552875518799
0.71,0.85,0.42,0.66,1.06,1.03,0.13,0.64,0.15,16114,12.418552875518799
0.7,0.85,0.42,0.66,1.06,1.02,0.13,0.64,0.15,16129,12.42322039604187
0.71,0.85,0.42,0.67,1.06,1.03,0.13,0.64,0.15,16300,12.426658868789673
0.71,0.85,0.42,0.67,1.06,1.03,0.14,0.64,0.15,16401,12.431103229522705
0.71,0.85,0.41,0.66,1.06,1.02,0.13,0.64,0.15,16240,12.434343099594116
0.71,0.85,0.41,0.67,1.06,1.03,0.13,0.64,0.15,16049,12.435408353805542
0.71,0.85,0.41,0.66,1.06,1.02,0.13,0.64,0.15,16014,12.439409494400024
0.71,0.85,0.42,0.67,1.06,1.03,0.13,0.64,0.15,15853,12.443781852722168
0.72,0.85,0.42,0.67,1.06,1.03,0.13,0.64,0.15,16392,12.446876525878906
0.71,0.85,0.42,0.67,1.06,1.03,0.13,0.64,0.15,16505,12.447855710983276
0.71,0.85,0.41,0.67,1.06,1.03,0.13,0.64,0.15,16484,12.451855897903442
0.71,0.85,0.41,0.67,1.06,1.03,0.13,0.64,0.15,16375,12.455308437347412
0.71,0.85,0.41,0.67,1.06,1.03,0.13,0.64,0.15,16424,12.458889484405518
0.71,0.85,0.42,0.66,1.06,1.02,0.13,0.64,0.15,16833,12.459901809692383
0.71,0.85,0.41,0.66,1.06,1.03,0.13,0.64,0.15,16848,12.4639413356781
0.71,0.85,0.41,0.67,1.06,1.02,0.13,0.64,0.15,16665,12.467320919036865
0.71,0.85,0.41,0.66,1.05,1.03,0.12,0.64,0.14,16686,12.471216201782227
0.71,0.85,0.41,0.66,1.06,1.03,0.12,0.64,0.15,16597,12.472278356552124
0.71,0.85,0.42,0.66,1.06,1.03,0.14,0.64,0.15,16116,12.47528076171875
0.71,0.85,0.41,0.67,1.06,1.03,0.13,0.64,0.15,16285,12.480278730392456
0.71,0.85,0.42,0.67,1.06,1.03,0.12,0.64,0.15,16012,12.48380708694458
0.71,0.85,0.41,0.66,1.06,1.03,0.14,0.64,0.15,16195,12.484503746032715
0.71,0.85,0.41,0.66,1.06,1.03,0.13,0.64,0.15,16402,12.48790979385376
0.71,0.86,0.42,0.66,1.06,1.03,0.13,0.64,0.15,16551,12.492237329483032
0.71,0.85,0.42,0.66,1.06,1.03,0.14,0.64,0.15,16520,12.496277809143066
0.71,0.85,0.41,0.66,1.06,1.03,0.13,0.64,0.15,16461,12.49727487564087
0.71,0.85,0.42,0.67,1.06,1.03,0.13,0.64,0.15,16062,12.500369310379028
0.71,0.85,0.42,0.67,1.06,1.02,0.13,0.64,0.15,16051,12.504368543624878
0.71,0.85,0.42,0.66,1.06,1.03,0.13,0.64,0.15,16368,12.508999347686768
0.71,0.85,0.41,0.66,1.06,1.03,0.13,0.64,0.15,16527,12.512493371963501
0.71,0.85,0.42,0.66,1.06,1.03,0.13,0.64,0.15,16772,12.512493371963501
0.71,0.85,0.42,0.67,1.06,1.03,0.13,0.64,0.15,16571,12.5164155960083
0.71,0.85,0.42,0.66,1.06,1.03,0.13,0.64,0.15,16112,12.521174430847168
0.71,0.85,0.42,0.66,1.06,1.03,0.13,0.64,0.15,16109,12.52445101737976
0.71,0.85,0.42,0.66,1.06,1.03,0.13,0.64,0.15,16120,12.52445101737976
0.71,0.85,0.42,0.66,1.06,1.03,0.13,0.64,0.15,16235,12.528779029846191
0.71,0.85,0.42,0.66,1.06,1.02,0.13,0.64,0.15,16504,12.533759832382202
0.71,0.85,0.42,0.66,1.06,1.02,0.13,0.64,0.15,16673,12.536986827850342
0.71,0.85,0.42,0.66,1.06,1.02,0.13,0.64,0.15,16730,12.537760019302368
0.71,0.85,0.42,0.66,1.07,1.03,0.14,0.64,0.15,16437,12.541759967803955
0.71,0.85,0.42,0.67,1.06,1.02,0.13,0.64,0.15,16636,12.546172380447388
0.71,0.85,0.42,0.66,1.06,1.03,0.13,0.64,0.15,17031,12.54931926727295
0.71,0.85,0.42,0.66,1.06,1.02,0.13,0.64,0.15,16432,12.550391912460327
0.71,0.85,0.42,0.67,1.06,1.02,0.14,0.63,0.15,16029,12.55363416671753
0.71,0.85,0.42,0.66,1.07,1.03,0.14,0.64,0.15,16210,12.557634353637695
0.71,0.85,0.42,0.66,1.06,1.03,0.13,0.64,0.15,16167,12.561961889266968
0.71,0.85,0.42,0.67,1.06,1.03,0.13,0.64,0.15,16504,12.563005208969116
0.71,0.85,0.42,0.67,1.07,1.03,0.14,0.64,0.15,16773,12.56627631187439
0.71,0.85,0.42,0.66,1.06,1.03,0.13,0.64,0.15,16844,12.570700883865356
0.71,0.85,0.42,0.67,1.06,1.03,0.13,0.64,0.15,16463,12.573691606521606
0.71,0.85,0.42,0.66,1.07,1.03,0.13,0.64,0.15,16612,12.577706336975098
0.71,0.84,0.42,0.67,1.06,1.03,0.13,0.63,0.15,16645,12.577706336975098
0.71,0.86,0.41,0.66,1.06,1.03,0.13,0.64,0.15,16534,12.581827402114868
0.71,0.85,0.42,0.66,1.06,1.03,0.14,0.64,0.15,16333,12.586934328079224
0.7,0.85,0.42,0.66,1.06,1.02,0.13,0.64,0.15,16008,12.589847564697266
0.71,0.85,0.42,0.67,1.06,1.03,0.14,0.64,0.15,16373,12.590881824493408
0.71,0.85,0.42,0.66,1.06,1.03,0.13,0.63,0.15,16364,12.594072341918945
0.71,0.85,0.42,0.66,1.06,1.03,0.14,0.63,0.15,16357,12.598977327346802
0.71,0.85,0.42,0.66,1.06,1.03,0.14,0.64,0.15,16696,12.602228879928589
0.71,0.85,0.42,0.66,1.06,1.03,0.14,0.63,0.15,16727,12.60296106338501
0.71,0.85,0.42,0.67,1.06,1.03,0.14,0.64,0.15,16406,12.606523036956787
0.71,0.85,0.42,0.66,1.06,1.03,0.13,0.64,0.15,16635,12.611805438995361
0.71,0.85,0.42,0.67,1.06,1.03,0.14,0.64,0.15,16396,12.614784002304077
0.71,0.85,0.42,0.66,1.06,1.03,0.14,0.64,0.15,16093,12.615781784057617
0.71,0.85,0.42,0.66,1.06,1.02,0.15,0.64,0.15,16140,12.618960857391357
0.71,0.85,0.42,0.66,1.06,1.03,0.13,0.64,0.15,16193,12.623388767242432
0.71,0.85,0.42,0.66,1.06,1.03,0.14,0.64,0.15,16394,12.626360416412354
0.71,0.85,0.42,0.66,1.06,1.03,0.13,0.64,0.15,16771,12.627657413482666
0.71,0.85,0.42,0.67,1.06,1.03,0.13,0.64,0.15,16772,12.630655527114868
0.71,0.85,0.42,0.67,1.06,1.03,0.14,0.64,0.15,16235,12.634652614593506
0.7,0.86,0.42,0.66,1.06,1.03,0.13,0.64,0.15,16508,12.639183521270752
0.71,0.85,0.42,0.67,1.06,1.02,0.13,0.64,0.15,16759,12.640244245529175
0.71,0.85,0.42,0.67,1.06,1.03,0.13,0.64,0.15,16510,12.643960952758789
0.71,0.85,0.42,0.66,1.06,1.03,0.13,0.64,0.15,16405,12.64808201789856
0.71,0.85,0.42,0.67,1.06,1.03,0.13,0.64,0.15,16406,12.651741027832031
0.71,0.85,0.42,0.67,1.06,1.03,0.13,0.64,0.14,16645,12.655741453170776
0.71,0.85,0.42,0.66,1.06,1.03,0.14,0.64,0.15,16650,12.655741453170776
0.71,0.85,0.42,0.66,1.06,1.03,0.14,0.64,0.15,16553,12.660733222961426
0.71,0.85,0.42,0.66,1.06,1.03,0.13,0.64,0.14,16532,12.66373324394226
0.71,0.85,0.42,0.66,1.06,1.03,0.13,0.64,0.15,16421,12.667880058288574
0.71,0.85,0.42,0.67,1.06,1.03,0.13,0.64,0.15,16550,12.66894006729126
0.71,0.85,0.42,0.66,1.06,1.03,0.13,0.64,0.15,16327,12.672419309616089
0.7,0.85,0.42,0.67,1.06,1.03,0.14,0.64,0.15,16418,12.67634654045105
0.71,0.85,0.42,0.67,1.07,1.03,0.14,0.64,0.15,16477,12.679991006851196
0.7,0.85,0.42,0.67,1.06,1.03,0.14,0.64,0.15,16276,12.681071281433105
0.71,0.85,0.42,0.66,1.07,1.03,0.14,0.64,0.15,16275,12.684717416763306
0.71,0.85,0.42,0.66,1.07,1.03,0.14,0.64,0.15,16192,12.688692331314087
0.71,0.85,0.42,0.66,1.06,1.03,0.14,0.64,0.15,16757,12.692775249481201
0.71,0.85,0.41,0.66,1.07,1.03,0.14,0.64,0.15,16892,12.692775249481201
0.71,0.85,0.42,0.66,1.06,1.03,0.13,0.64,0.15,16691,12.697772979736328
0.7,0.85,0.42,0.66,1.07,1.03,0.14,0.64,0.15,16630,12.701035022735596
0.71,0.85,0.42,0.66,1.07,1.02,0.12,0.63,0.15,16663,12.70525860786438
0.71,0.85,0.42,0.66,1.07,1.03,0.14,0.64,0.15,16830,12.705331087112427
0.71,0.85,0.42,0.66,1.07,1.03,0.13,0.63,0.15,16653,12.709110260009766
0.71,0.85,0.42,0.67,1.07,1.03,0.14,0.64,0.15,16266,12.713936567306519
0.71,0.85,0.42,0.67,1.07,1.03,0.14,0.64,0.15,16193,12.717347145080566
0.71,0.85,0.42,0.67,1.07,1.03,0.14,0.64,0.15,16342,12.721476078033447
0.71,0.85,0.42,0.67,1.06,1.03,0.14,0.64,0.15,16263,12.721476078033447
0.71,0.85,0.42,0.66,1.06,1.03,0.14,0.64,0.15,16686,12.725913524627686
0.71,0.85,0.42,0.66,1.07,1.03,0.13,0.64,0.15,16613,12.730215311050415
0.71,0.85,0.42,0.67,1.07,1.03,0.13,0.64,0.15,16290,12.733512163162231
0.71,0.85,0.42,0.67,1.06,1.03,0.14,0.64,0.15,16613,12.733512163162231
0.71,0.85,0.42,0.66,1.06,1.03,0.14,0.64,0.15,16766,12.738695859909058
0.71,0.85,0.42,0.67,1.06,1.03,0.14,0.64,0.15,16943,12.74200177192688
0.71,0.85,0.42,0.67,1.06,1.03,0.13,0.64,0.15,16636,12.74629282951355
0.71,0.85,0.42,0.66,1.07,1.03,0.14,0.64,0.15,16667,12.74629282951355
0.71,0.85,0.42,0.67,1.07,1.03,0.14,0.63,0.15,16408,12.749568939208984
0.71,0.85,0.42,0.66,1.06,1.03,0.14,0.64,0.15,16305,12.754754304885864
0.71,0.85,0.42,0.67,1.07,1.03,0.14,0.64,0.15,16010,12.758033514022827
0.71,0.85,0.42,0.67,1.06,1.03,0.14,0.64,0.15,15859,12.758754253387451
0.71,0.85,0.42,0.66,1.06,1.03,0.14,0.64,0.15,16410,12.762845993041992
0.71,0.85,0.42,0.67,1.06,1.03,0.14,0.64,0.15,16747,12.766845703125
0.7,0.85,0.42,0.67,1.06,1.03,0.14,0.64,0.15,16890,12.77081298828125
0.71,0.85,0.42,0.67,1.06,1.03,0.14,0.64,0.15,16815,12.77081298828125
0.71,0.85,0.42,0.67,1.06,1.03,0.14,0.64,0.15,16284,12.7745201587677
0.71,0.85,0.42,0.67,1.06,1.03,0.14,0.64,0.15,16243,12.778483390808105
0.71,0.85,0.42,0.66,1.06,1.03,0.14,0.64,0.15,16560,12.782564401626587
0.71,0.85,0.42,0.66,1.06,1.03,0.14,0.64,0.15,16061,12.783576488494873
0.71,0.85,0.42,0.66,1.06,1.03,0.14,0.64,0.15,15780,12.78664493560791
0.71,0.85,0.42,0.67,1.06,1.03,0.14,0.64,0.15,16323,12.790923118591309
0.71,0.86,0.42,0.66,1.06,1.03,0.14,0.64,0.15,16114,12.79491138458252
0.71,0.85,0.42,0.67,1.06,1.03,0.14,0.63,0.15,16109,12.799030542373657
0.71,0.85,0.42,0.67,1.06,1.03,0.14,0.63,0.15,16236,12.799030542373657
0.71,0.85,0.42,0.67,1.07,1.03,0.14,0.64,0.15,16095,12.80301022529602
0.71,0.85,0.42,0.67,1.07,1.04,0.14,0.64,0.15,16068,12.807234525680542
0.71,0.85,0.42,0.67,1.07,1.03,0.14,0.64,0.15,16107,12.81128215789795
0.71,0.85,0.42,0.66,1.07,1.03,0.14,0.64,0.15,16084,12.81128215789795
0.71,0.85,0.42,0.67,1.07,1.03,0.14,0.64,0.15,15747,12.814847469329834
0.71,0.85,0.42,0.67,1.06,1.03,0.14,0.63,0.15,15822,12.819985151290894
0.71,0.85,0.42,0.67,1.06,1.03,0.14,0.63,0.15,16241,12.823397159576416
0.71,0.85,0.42,0.67,1.07,1.03,0.14,0.64,0.15,16726,12.824446439743042
0.71,0.85,0.42,0.67,1.06,1.03,0.14,0.63,0.15,16371,12.828747034072876
0.7,0.85,0.42,0.67,1.06,1.03,0.14,0.63,0.15,16164,12.832909107208252
0.71,0.86,0.42,0.66,1.07,1.03,0.14,0.64,0.15,16471,12.836090564727783
0.71,0.85,0.42,0.66,1.06,1.03,0.14,0.64,0.15,16222,12.836906433105469
0.71,0.85,0.42,0.66,1.07,1.03,0.14,0.64,0.15,16029,12.840907096862793
0.71,0.85,0.41,0.67,1.06,1.03,0.14,0.63,0.15,15822,12.84434700012207
0.7,0.85,0.41,0.67,1.07,1.03,0.14,0.64,0.15,16053,12.848350286483765
0.71,0.85,0.42,0.67,1.06,1.03,0.14,0.64,0.15,16634,12.849355459213257
0.7,0.86,0.41,0.66,1.06,1.03,0.13,0.64,0.15,16715,12.852617740631104
0.71,0.85,0.42,0.66,1.06,1.03,0.14,0.64,0.15,16584,12.856940746307373
0.71,0.86,0.42,0.67,1.07,1.03,0.14,0.64,0.15,16333,12.86064863204956
0.71,0.86,0.42,0.66,1.06,1.03,0.13,0.63,0.15,16270,12.865027666091919
0.71,0.86,0.42,0.67,1.06,1.03,0.14,0.64,0.15,15843,12.865027666091919
0.71,0.86,0.42,0.66,1.06,1.03,0.14,0.63,0.15,16024,12.869088172912598
0.71,0.85,0.42,0.67,1.06,1.03,0.14,0.64,0.15,16645,12.873109579086304
0.71,0.86,0.42,0.66,1.06,1.03,0.14,0.64,0.14,16650,12.877263069152832
0.71,0.85,0.42,0.66,1.06,1.03,0.14,0.64,0.15,16339,12.878251552581787
0.71,0.85,0.42,0.67,1.06,1.03,0.14,0.63,0.15,16456,12.88140344619751
0.71,0.85,0.42,0.67,1.07,1.03,0.14,0.64,0.15,16557,12.886248111724854
0.71,0.86,0.42,0.67,1.06,1.03,0.14,0.64,0.15,16340,12.888938426971436
0.7,0.86,0.42,0.67,1.06,1.03,0.13,0.63,0.15,16595,12.890018224716187
0.71,0.86,0.42,0.67,1.06,1.03,0.14,0.64,0.15,16572,12.893569707870483
0.71,0.86,0.42,0.67,1.06,1.03,0.14,0.64,0.15,16385,12.897685050964355
0.71,0.86,0.42,0.67,1.07,1.03,0.14,0.64,0.15,15976,12.901735067367554
0.71,0.85,0.42,0.67,1.07,1.03,0.14,0.63,0.15,15717,12.901735067367554
0.71,0.86,0.42,0.67,1.07,1.03,0.14,0.64,0.15,16062,12.905718564987183
0.71,0.85,0.42,0.67,1.07,1.03,0.14,0.63,0.15,16457,12.909718751907349
0.71,0.85,0.42,0.67,1.06,1.03,0.14,0.63,0.15,16924,12.913719892501831
0.71,0.85,0.42,0.67,1.06,1.03,0.14,0.63,0.15,16421,12.913719892501831
0.71,0.86,0.42,0.67,1.07,1.03,0.14,0.64,0.15,16240,12.91773009300232
0.71,0.86,0.42,0.67,1.06,1.03,0.14,0.64,0.15,16465,12.921993255615234
0.71,0.86,0.42,0.66,1.06,1.03,0.14,0.64,0.15,16788,12.926041603088379
0.7,0.86,0.42,0.67,1.06,1.03,0.14,0.64,0.15,17215,12.929259300231934
0.7,0.86,0.42,0.67,1.06,1.03,0.14,0.64,0.15,16908,12.930236339569092
0.7,0.86,0.42,0.67,1.06,1.03,0.14,0.64,0.15,16573,12.93362832069397
0.7,0.85,0.42,0.67,1.06,1.03,0.14,0.63,0.15,16210,12.938638925552368
0.71,0.85,0.42,0.67,1.06,1.03,0.14,0.64,0.15,16487,12.941560506820679
0.7,0.86,0.42,0.66,1.06,1.03,0.14,0.64,0.15,16666,12.94264554977417
0.7,0.85,0.42,0.67,1.06,1.03,0.14,0.64,0.15,16737,12.9467031955719
0.7,0.85,0.42,0.67,1.06,1.03,0.14,0.63,0.15,16382,12.950729370117188
0.7,0.86,0.42,0.66,1.06,1.03,0.14,0.64,0.15,15999,12.953815698623657
0.7,0.85,0.42,0.67,1.06,1.03,0.14,0.64,0.15,16078,12.954846382141113
0.71,0.86,0.42,0.66,1.06,1.03,0.14,0.64,0.15,16269,12.9588463306427
0.7,0.85,0.42,0.66,1.06,1.03,0.14,0.64,0.15,16454,12.963846921920776
0.7,0.85,0.41,0.65,1.06,1.03,0.14,0.64,0.15,16387,12.967084884643555
0.7,0.86,0.41,0.65,1.06,1.03,0.14,0.64,0.15,16222,12.967847108840942
0.69,0.86,0.41,0.65,1.06,1.03,0.14,0.63,0.15,16269,12.97124695777893
0.7,0.85,0.41,0.65,1.06,1.03,0.14,0.64,0.15,16204,12.975225687026978
0.7,0.86,0.42,0.64,1.06,1.03,0.14,0.64,0.15,16609,12.978489875793457
0.69,0.86,0.41,0.65,1.06,1.04,0.14,0.64,0.15,16678,12.979520320892334
0.7,0.86,0.41,0.65,1.06,1.03,0.15,0.64,0.15,16361,12.9834463596344
0.7,0.86,0.41,0.64,1.06,1.04,0.15,0.64,0.15,16844,12.98753309249878
0.68,0.85,0.42,0.63,1.06,1.03,0.16,0.64,0.15,16653,12.99192214012146
0.68,0.86,0.42,0.63,1.06,1.03,0.16,0.64,0.15,16356,12.99192214012146
0.68,0.86,0.42,0.62,1.05,1.03,0.16,0.64,0.15,16415,12.996155500411987
0.68,0.85,0.42,0.62,1.05,1.03,0.16,0.64,0.15,16410,13.000155210494995
0.68,0.85,0.42,0.62,1.06,1.03,0.17,0.64,0.15,16597,13.004732131958008
0.68,0.85,0.42,0.6,1.06,1.03,0.16,0.64,0.15,16948,13.004732131958008
0.65,0.86,0.42,0.6,1.06,1.03,0.16,0.64,0.15,16871,13.00811505317688
0.65,0.86,0.41,0.62,1.06,1.03,0.16,0.64,0.14,16904,13.013091564178467
0.63,0.85,0.42,0.6,1.05,1.04,0.16,0.64,0.15,17003,13.016521692276001
0.64,0.86,0.42,0.58,1.05,1.03,0.16,0.64,0.15,16472,13.017488241195679
0.63,0.85,0.42,0.57,1.06,1.04,0.15,0.64,0.15,16533,13.021224737167358
0.65,0.85,0.42,0.56,1.06,1.04,0.15,0.64,0.14,16750,13.025224924087524
0.63,0.85,0.42,0.56,1.05,1.04,0.16,0.64,0.15,16615,13.029322862625122
0.63,0.85,0.42,0.55,1.05,1.04,0.15,0.64,0.15,16630,13.029322862625122
0.62,0.86,0.42,0.55,1.06,1.04,0.16,0.64,0.15,16921,13.032899856567383
0.62,0.86,0.42,0.53,1.06,1.04,0.16,0.64,0.15,16996,13.037040948867798
0.62,0.85,0.42,0.53,1.06,1.04,0.16,0.64,0.15,16797,13.041122198104858
0.61,0.85,0.42,0.52,1.06,1.03,0.16,0.64,0.15,16584,13.045122146606445
0.59,0.85,0.42,0.52,1.05,1.04,0.15,0.64,0.15,16717,13.045122146606445
0.63,0.85,0.45,0.51,1.05,1.03,0.16,0.64,0.15,16596,13.049949645996094
0.59,0.84,0.45,0.49,1.05,1.04,0.16,0.64,0.15,16525,13.053199291229248
0.6,0.85,0.45,0.5,1.06,1.03,0.16,0.64,0.15,16714,13.057130575180054
0.59,0.85,0.45,0.52,1.05,1.03,0.15,0.64,0.16,16631,13.05824089050293
0.63,0.85,0.44,0.5,1.06,1.04,0.15,0.64,0.15,16692,13.062004804611206
0.63,0.85,0.44,0.51,1.05,1.03,0.17,0.64,0.15,16847,13.065369129180908
0.65,0.84,0.45,0.5,1.06,1.03,0.18,0.64,0.16,16920,13.069572687149048
0.63,0.84,0.44,0.48,1.06,1.04,0.17,0.64,0.16,16549,13.070555686950684
0.61,0.84,0.46,0.48,1.05,1.04,0.17,0.64,0.16,16266,13.07389235496521
0.61,0.85,0.46,0.47,1.05,1.03,0.17,0.65,0.16,16675,13.077682733535767
0.59,0.84,0.45,0.48,1.05,1.04,0.18,0.64,0.17,17000,13.082643985748291
0.62,0.84,0.46,0.48,1.05,1.03,0.19,0.65,0.18,16715,13.082643985748291
0.6,0.84,0.46,0.46,1.05,1.03,0.17,0.65,0.18,16734,13.085650205612183
0.64,0.84,0.46,0.46,1.05,1.03,0.18,0.65,0.18,16919,13.09048342704773
0.64,0.84,0.46,0.48,1.05,1.02,0.19,0.65,0.18,16844,13.09409785270691
0.66,0.84,0.46,0.47,1.06,1.03,0.18,0.65,0.18,16847,13.095171451568604
0.65,0.83,0.47,0.44,1.06,1.04,0.18,0.65,0.19,17080,13.09853744506836
0.64,0.83,0.46,0.42,1.06,1.03,0.18,0.66,0.18,16907,13.10284972190857
0.66,0.83,0.47,0.44,1.05,1.03,0.2,0.66,0.18,16942,13.10583758354187
0.68,0.83,0.47,0.43,1.05,1.03,0.2,0.65,0.19,16671,13.109899759292603
0.68,0.83,0.46,0.44,1.05,1.03,0.19,0.65,0.17,16690,13.110845804214478
0.7,0.83,0.46,0.46,1.05,1.02,0.19,0.65,0.18,17071,13.113880157470703
0.7,0.83,0.46,0.47,1.04,1.02,0.21,0.65,0.18,17374,13.119313955307007
0.72,0.83,0.47,0.48,1.04,1.03,0.21,0.65,0.19,17177,13.122293949127197
0.7,0.82,0.46,0.46,1.04,1.02,0.22,0.65,0.18,17076,13.123301267623901
0.74,0.83,0.45,0.43,1.04,1.03,0.21,0.65,0.18,17297,13.127339601516724
0.71,0.83,0.47,0.46,1.04,1.03,0.2,0.65,0.19,17378,13.130767583847046
0.73,0.82,0.46,0.47,1.04,1.02,0.22,0.65,0.19,17067,13.13458776473999
0.73,0.82,0.45,0.48,1.04,1.02,0.23,0.66,0.19,17048,13.135283946990967
0.74,0.81,0.45,0.47,1.04,1.02,0.23,0.66,0.2,17135,13.138828039169312
0.78,0.81,0.45,0.46,1.03,1.02,0.26,0.67,0.2,17276,13.143859148025513
0.75,0.81,0.44,0.46,1.04,1.02,0.26,0.67,0.21,16917,13.147003650665283
0.8,0.8,0.44,0.45,1.04,1.01,0.26,0.67,0.21,17228,13.14783763885498
0.82,0.8,0.44,0.47,1.04,1.02,0.27,0.67,0.21,17599,13.151217699050903
0.81,0.8,0.44,0.44,1.04,1.03,0.27,0.67,0.21,17922,13.155671119689941
0.82,0.79,0.44,0.44,1.04,1.02,0.27,0.67,0.21,18023,13.15967059135437
0.82,0.79,0.44,0.45,1.04,1.02,0.29,0.67,0.2,17682,13.16073489189148
0.81,0.8,0.44,0.46,1.03,1.03,0.31,0.68,0.21,17551,13.163756132125854
0.84,0.79,0.44,0.43,1.03,1.03,0.31,0.68,0.2,17370,13.167956113815308
0.83,0.78,0.43,0.46,1.03,1.02,0.32,0.68,0.21,17499,13.171934843063354
0.82,0.78,0.44,0.46,1.04,1.03,0.32,0.67,0.2,17632,13.171934843063354
0.86,0.77,0.42,0.46,1.03,1.04,0.32,0.67,0.21,17661,13.176242113113403
0.9,0.77,0.42,0.46,1.02,1.05,0.34,0.67,0.21,17696,13.180253982543945
0.86,0.76,0.42,0.44,1.03,1.04,0.34,0.67,0.22,17583,13.185274362564087
0.87,0.75,0.41,0.46,1.03,1.06,0.34,0.67,0.21,17598,13.187669515609741
0.89,0.75,0.4,0.43,1.02,1.06,0.36,0.67,0.22,18009,13.188716888427734
0.91,0.74,0.4,0.45,1.02,1.06,0.36,0.67,0.22,17742,13.19329285621643
0.89,0.74,0.37,0.47,1.0,1.07,0.41,0.66,0.22,17545,13.197070837020874
0.92,0.75,0.35,0.48,1.02,1.08,0.41,0.64,0.23,17792,13.200105667114258
0.96,0.75,0.33,0.49,1.0,1.09,0.41,0.64,0.21,17955,13.200105667114258
0.96,0.74,0.32,0.49,1.0,1.08,0.45,0.65,0.19,18186,13.204158544540405
0.96,0.76,0.33,0.52,0.99,1.08,0.48,0.6,0.22,18365,13.209158897399902
0.94,0.74,0.32,0.5,0.98,1.09,0.53,0.62,0.23,18510,13.212677478790283
0.94,0.74,0.32,0.53,0.97,1.1,0.56,0.62,0.23,18145,13.212677478790283
0.94,0.71,0.36,0.52,0.98,1.1,0.61,0.62,0.25,18200,13.217724323272705
0.96,0.71,0.37,0.52,0.96,1.11,0.65,0.64,0.28,18647,13.221358299255371
0.99,0.71,0.35,0.54,0.96,1.08,0.72,0.61,0.31,18424,13.225121021270752
0.97,0.69,0.33,0.57,0.94,1.11,0.74,0.64,0.33,18337,13.22619366645813
1.0,0.7,0.33,0.61,0.92,1.1,0.77,0.62,0.36,18664,13.229191541671753
1.02,0.65,0.47,0.61,0.97,1.09,0.81,0.64,0.34,18891,13.233490467071533
1.02,0.66,0.51,0.62,0.96,1.06,0.84,0.62,0.39,18490,13.237470626831055
1.03,0.66,0.5,0.64,0.94,1.08,0.85,0.64,0.4,18717,13.238525867462158
1.04,0.66,0.48,0.63,0.94,1.08,0.87,0.64,0.42,18824,13.24225902557373
1.03,0.68,0.46,0.64,0.93,1.09,0.9,0.63,0.41,19231,13.245674133300781
1.03,0.68,0.5,0.67,0.95,1.09,0.91,0.64,0.43,19300,13.250637769699097
1.04,0.65,0.49,0.65,0.93,1.09,0.94,0.63,0.43,19241,13.253763675689697
1.07,0.68,0.52,0.67,0.91,1.09,0.94,0.63,0.44,19550,13.253763675689697
1.05,0.66,0.48,0.71,0.89,1.12,0.96,0.64,0.44,19453,13.257749795913696
1.05,0.66,0.52,0.67,0.91,1.09,1.0,0.71,0.48,19948,13.262752294540405
1.04,0.67,0.48,0.74,0.92,1.1,1.03,0.72,0.49,19699,13.266013860702515
1.05,0.68,0.5,0.75,0.94,1.1,1.04,0.73,0.5,18968,13.266768217086792
1.09,0.7,0.53,0.76,0.92,1.09,1.08,0.76,0.51,19193,13.270746946334839
1.09,0.7,0.53,0.76,0.93,1.1,1.08,0.76,0.52,19334,13.275354146957397
1.1,0.71,0.52,0.78,0.92,1.11,1.08,0.76,0.53,19339,13.27786636352539
1.1,0.71,0.54,0.79,0.95,1.11,1.09,0.76,0.53,19482,13.278564929962158
1.11,0.71,0.55,0.79,0.94,1.11,1.1,0.76,0.53,19251,13.282925367355347
1.11,0.72,0.55,0.8,0.95,1.11,1.11,0.77,0.53,19416,13.287330389022827
1.12,0.72,0.54,0.8,0.95,1.12,1.11,0.77,0.54,19177,13.29100227355957
1.12,0.72,0.54,0.82,0.95,1.11,1.11,0.78,0.54,19350,13.292045593261719
1.11,0.72,0.54,0.83,0.95,1.11,1.11,0.79,0.54,19435,13.29516887664795
1.13,0.72,0.54,0.82,0.95,1.12,1.11,0.79,0.54,19158,13.299250602722168
1.14,0.72,0.55,0.83,0.96,1.11,1.11,0.79,0.54,19193,13.303482294082642
1.14,0.72,0.55,0.84,0.95,1.11,1.11,0.78,0.54,19462,13.303482294082642
1.15,0.72,0.56,0.84,0.96,1.12,1.11,0.79,0.53,19619,13.306697845458984
1.13,0.72,0.56,0.84,0.96,1.11,1.11,0.79,0.55,19636,13.31093430519104
1.15,0.72,0.57,0.84,0.97,1.11,1.11,0.8,0.55,19479,13.314919471740723
1.15,0.72,0.58,0.84,0.97,1.11,1.11,0.79,0.55,19232,13.315930366516113
1.14,0.72,0.57,0.85,0.97,1.12,1.11,0.79,0.55,19087,13.319976568222046
1.14,0.72,0.57,0.84,0.96,1.12,1.11,0.8,0.55,19180,13.322990655899048
1.15,0.72,0.57,0.85,0.97,1.11,1.11,0.8,0.55,18885,13.327645778656006
1.16,0.73,0.58,0.85,0.96,1.12,1.11,0.8,0.56,18864,13.331258058547974
1.16,0.74,0.57,0.84,0.97,1.11,1.12,0.8,0.56,19149,13.331258058547974
1.15,0.74,0.57,0.86,0.97,1.12,1.12,0.81,0.56,19376,13.336211442947388
1.15,0.73,0.58,0.85,0.98,1.11,1.13,0.81,0.56,19215,13.340771436691284
1.15,0.73,0.57,0.86,0.98,1.11,1.12,0.81,0.56,19000,13.344044208526611
1.16,0.73,0.58,0.86,0.98,1.12,1.12,0.81,0.56,19285,13.345056772232056
1.16,0.73,0.59,0.86,0.98,1.11,1.12,0.81,0.57,19456,13.348077774047852
1.16,0.73,0.58,0.85,0.98,1.11,1.13,0.81,0.57,18959,13.353078126907349
1.16,0.74,0.59,0.86,0.99,1.11,1.13,0.81,0.57,19476,13.356078147888184
1.16,0.73,0.59,0.87,0.99,1.11,1.13,0.81,0.57,19549,13.357057094573975
1.16,0.74,0.58,0.86,0.99,1.11,1.14,0.81,0.57,19390,13.361177921295166
1.17,0.74,0.58,0.85,0.99,1.11,1.13,0.81,0.58,19149,13.364827632904053
1.17,0.74,0.57,0.86,0.99,1.11,1.12,0.81,0.58,19346,13.36816954612732
1.16,0.74,0.57,0.86,0.99,1.11,1.12,0.81,0.59,18969,13.3689124584198
1.17,0.74,0.57,0.86,0.99,1.11,1.13,0.81,0.59,18472,13.372994899749756
1.17,0.74,0.57,0.87,1.01,1.11,1.13,0.82,0.59,18727,13.37745976448059
1.18,0.74,0.58,0.87,1.0,1.11,1.12,0.82,0.6,19516,13.381031036376953
1.18,0.75,0.58,0.86,0.99,1.11,1.13,0.82,0.6,19679,13.382039308547974
1.17,0.75,0.58,0.87,1.0,1.1,1.13,0.82,0.6,19274,13.38506007194519
1.17,0.74,0.58,0.86,0.98,1.11,1.13,0.82,0.6,19131,13.389461040496826
1.17,0.74,0.58,0.88,1.0,1.11,1.13,0.82,0.6,19020,13.393187761306763
1.18,0.74,0.58,0.87,1.01,1.11,1.13,0.82,0.6,19269,13.394263982772827
1.18,0.74,0.58,0.86,1.0,1.11,1.13,0.82,0.61,19012,13.397262334823608
1.17,0.75,0.58,0.87,1.01,1.11,1.13,0.82,0.61,19361,13.40143609046936
1.17,0.75,0.58,0.87,1.0,1.12,1.13,0.82,0.61,19400,13.405436992645264
1.17,0.74,0.58,0.88,1.01,1.12,1.14,0.82,0.61,19519,13.409436702728271
1.18,0.74,0.58,0.88,1.01,1.12,1.14,0.83,0.61,19294,13.409436702728271
1.17,0.75,0.58,0.87,1.01,1.11,1.15,0.83,0.61,19517,13.41395092010498
1.17,0.75,0.58,0.86,1.01,1.11,1.15,0.83,0.61,19850,13.417384624481201
1.17,0.74,0.58,0.86,1.01,1.11,1.15,0.83,0.61,19459,13.421420574188232
1.17,0.74,0.58,0.87,1.01,1.11,1.14,0.83,0.61,19076,13.422417402267456
1.18,0.75,0.58,0.87,1.01,1.11,1.14,0.83,0.61,19223,13.425392627716064
1.18,0.75,0.58,0.86,1.01,1.11,1.14,0.83,0.61,19026,13.429816007614136
1.19,0.74,0.58,0.86,1.02,1.11,1.14,0.83,0.61,18975,13.433815956115723
1.18,0.75,0.59,0.86,1.02,1.11,1.15,0.83,0.61,19106,13.433815956115723
1.18,0.75,0.58,0.87,1.02,1.12,1.16,0.83,0.61,18685,13.437816143035889
1.18,0.75,0.58,0.87,1.02,1.11,1.16,0.83,0.62,18688,13.442784070968628
1.18,0.74,0.59,0.86,1.03,1.12,1.16,0.83,0.62,19057,13.446416854858398
1.18,0.75,0.59,0.86,1.03,1.11,1.16,0.83,0.62,19618,13.447442293167114
1.18,0.75,0.6,0.87,1.03,1.1,1.16,0.83,0.62,19731,13.451013803482056
1.18,0.75,0.6,0.87,1.03,1.11,1.16,0.83,0.62,19612,13.455329656600952
1.18,0.75,0.6,0.86,1.03,1.11,1.15,0.83,0.62,19441,13.459294557571411
1.17,0.75,0.6,0.87,1.03,1.1,1.16,0.83,0.62,19378,13.459294557571411
1.18,0.75,0.6,0.87,1.03,1.1,1.15,0.83,0.62,19611,13.463132619857788
1.18,0.75,0.61,0.88,1.03,1.1,1.16,0.83,0.61,19958,13.466755628585815
1.17,0.75,0.6,0.88,1.02,1.1,1.16,0.83,0.61,19495,13.470860242843628
1.17,0.75,0.61,0.88,1.03,1.1,1.16,0.83,0.62,18952,13.475213289260864
1.16,0.75,0.6,0.88,1.03,1.1,1.15,0.83,0.62,19147,13.475213289260864
1.16,0.75,0.6,0.87,1.02,1.1,1.16,0.83,0.62,19260,13.479270458221436
1.17,0.75,0.6,0.88,1.03,1.1,1.16,0.83,0.62,19549,13.48325800895691
1.18,0.75,0.6,0.88,1.03,1.1,1.16,0.83,0.61,19600,13.486384391784668
1.17,0.76,0.6,0.88,1.02,1.1,1.17,0.83,0.62,19137,13.48742961883545
1.17,0.76,0.61,0.88,1.03,1.1,1.17,0.83,0.62,19302,13.490938425064087
1.17,0.76,0.61,0.88,1.02,1.1,1.17,0.83,0.62,19541,13.496134519577026
1.17,0.76,0.61,0.88,1.02,1.1,1.18,0.83,0.62,19518,13.499128341674805
1.16,0.76,0.61,0.88,1.02,1.1,1.18,0.83,0.62,19629,13.50013279914856
1.17,0.76,0.61,0.89,1.01,1.1,1.18,0.83,0.62,18828,13.50350308418274
1.17,0.77,0.61,0.88,1.01,1.1,1.18,0.83,0.62,18583,13.508191347122192
1.18,0.77,0.61,0.88,1.01,1.1,1.18,0.83,0.63,18882,13.511380195617676
1.17,0.76,0.61,0.89,1.02,1.1,1.18,0.83,0.63,19549,13.512502431869507
1.18,0.76,0.61,0.89,1.02,1.1,1.17,0.83,0.62,19452,13.515379905700684
1.18,0.76,0.6,0.88,1.02,1.1,1.18,0.83,0.62,19365,13.520348310470581
1.18,0.77,0.6,0.89,1.01,1.1,1.18,0.83,0.62,19324,13.524348497390747
1.17,0.77,0.61,0.88,1.02,1.1,1.18,0.83,0.63,19127,13.525348424911499
1.18,0.77,0.61,0.89,1.02,1.1,1.18,0.83,0.63,19210,13.527822494506836
1.18,0.77,0.61,0.88,1.03,1.1,1.18,0.83,0.63,19529,13.532449722290039
1.19,0.77,0.61,0.89,1.02,1.1,1.18,0.83,0.63,19356,13.536486387252808
1.18,0.77,0.61,0.9,1.02,1.1,1.18,0.83,0.63,19479,13.540094137191772
1.19,0.77,0.62,0.9,1.02,1.1,1.18,0.83,0.63,19546,13.54044508934021
1.18,0.78,0.62,0.89,1.02,1.1,1.18,0.83,0.63,19317,13.545051336288452
1.18,0.77,0.62,0.89,1.02,1.11,1.18,0.83,0.63,19558,13.54857087135315
1.19,0.77,0.62,0.89,1.03,1.11,1.18,0.83,0.62,19505,13.553025007247925
1.19,0.77,0.62,0.88,1.03,1.11,1.18,0.83,0.62,19426,13.553025007247925
1.19,0.78,0.61,0.89,1.02,1.11,1.18,0.83,0.63,19287,13.557024717330933
1.19,0.78,0.61,0.89,1.02,1.11,1.18,0.84,0.62,19320,13.561485290527344
1.18,0.77,0.61,0.9,1.01,1.11,1.17,0.83,0.62,19453,13.564826011657715
1.19,0.77,0.62,0.89,1.02,1.11,1.17,0.83,0.62,19608,13.565871715545654
1.19,0.77,0.62,0.89,1.02,1.1,1.18,0.84,0.63,19177,13.569876909255981
1.2,0.78,0.62,0.89,1.02,1.11,1.18,0.83,0.62,19416,13.573301076889038
1.2,0.78,0.62,0.89,1.02,1.11,1.18,0.84,0.62,19343,13.57730746269226
1.2,0.78,0.62,0.9,1.02,1.1,1.18,0.84,0.63,19290,13.578362226486206
1.19,0.77,0.61,0.9,1.02,1.11,1.17,0.83,0.63,19783,13.581730604171753
1.2,0.77,0.62,0.9,1.02,1.11,1.17,0.84,0.63,19242,13.585578441619873
1.2,0.77,0.62,0.9,1.02,1.11,1.17,0.83,0.63,19187,13.589619636535645
1.2,0.78,0.62,0.89,1.02,1.11,1.17,0.83,0.63,18974,13.589619636535645
1.2,0.77,0.62,0.89,1.02,1.11,1.17,0.83,0.64,19253,13.594204664230347
1.2,0.77,0.62,0.89,1.02,1.11,1.18,0.83,0.64,19148,13.598204851150513
1.2,0.77,0.62,0.9,1.02,1.11,1.17,0.84,0.64,19019,13.602205276489258
1.2,0.77,0.61,0.9,1.02,1.1,1.17,0.84,0.68,19098,13.603249073028564
1.2,0.77,0.61,0.89,1.03,1.1,1.17,0.84,0.68,19267,13.606760263442993
1.2,0.77,0.61,0.89,1.02,1.11,1.17,0.84,0.68,19270,13.6109459400177
1.21,0.77,0.61,0.89,1.02,1.11,1.18,0.84,0.68,19585,13.613996028900146
1.21,0.77,0.61,0.89,1.02,1.1,1.18,0.84,0.68,19778,13.618218898773193
1.21,0.78,0.61,0.89,1.02,1.1,1.18,0.84,0.69,19533,13.619241952896118
1.21,0.77,0.61,0.89,1.02,1.11,1.18,0.84,0.68,19098,13.623271226882935
1.2,0.78,0.61,0.89,1.02,1.1,1.18,0.84,0.68,19227,13.627271175384521
1.2,0.78,0.61,0.9,1.02,1.09,1.18,0.84,0.68,19438,13.630529880523682
1.2,0.77,0.61,0.9,1.02,1.11,1.18,0.84,0.68,19225,13.631584405899048
1.19,0.77,0.61,0.9,1.03,1.1,1.18,0.85,0.68,19212,13.635324716567993
1.2,0.78,0.61,0.89,1.03,1.11,1.18,0.84,0.68,19421,13.638838529586792
1.19,0.77,0.6,0.89,1.03,1.11,1.18,0.84,0.69,19712,13.642839193344116
1.2,0.77,0.61,0.89,1.02,1.11,1.18,0.84,0.68,19681,13.643900394439697
1.19,0.78,0.61,0.89,1.03,1.11,1.18,0.84,0.68,19752,13.64661169052124
1.2,0.78,0.61,0.9,1.03,1.1,1.18,0.84,0.68,19445,13.650678873062134
1.2,0.77,0.62,0.9,1.03,1.11,1.18,0.84,0.69,19330,13.655050039291382
1.2,0.78,0.62,0.9,1.03,1.1,1.18,0.84,0.68,19325,13.655773639678955
1.2,0.78,0.61,0.9,1.03,1.11,1.18,0.84,0.68,19438,13.659753322601318
1.2,0.77,0.61,0.89,1.03,1.11,1.18,0.84,0.69,19575,13.66395115852356
1.2,0.77,0.61,0.89,1.03,1.11,1.18,0.83,0.69,19422,13.667187452316284
1.21,0.78,0.61,0.9,1.02,1.11,1.18,0.84,0.68,19501,13.668231964111328
1.21,0.78,0.61,0.89,1.02,1.11,1.18,0.83,0.68,19638,13.671971559524536
1.21,0.78,0.61,0.89,1.02,1.11,1.18,0.84,0.68,19015,13.675943851470947
1.21,0.78,0.62,0.89,1.03,1.1,1.18,0.84,0.69,19270,13.679956436157227
1.2,0.78,0.62,0.89,1.02,1.1,1.19,0.84,0.69,19493,13.679956436157227
1.21,0.78,0.61,0.9,1.02,1.11,1.19,0.85,0.69,19412,13.684136152267456
1.2,0.78,0.62,0.89,1.03,1.1,1.19,0.84,0.69,19265,13.688141107559204
1.21,0.78,0.62,0.89,1.03,1.11,1.18,0.84,0.68,19268,13.691787242889404
1.21,0.78,0.62,0.9,1.03,1.1,1.19,0.84,0.68,19309,13.692813873291016
1.21,0.78,0.62,0.9,1.03,1.11,1.19,0.84,0.68,19272,13.695882558822632
1.21,0.77,0.62,0.9,1.03,1.11,1.18,0.84,0.68,19013,13.699889421463013
1.21,0.78,0.62,0.9,1.03,1.11,1.19,0.84,0.68,18876,13.704867839813232
1.21,0.77,0.62,0.9,1.03,1.11,1.18,0.84,0.69,19023,13.704867839813232
1.21,0.78,0.62,0.9,1.04,1.1,1.19,0.84,0.69,19422,13.708865404129028
1.22,0.78,0.62,0.9,1.04,1.11,1.18,0.84,0.69,19753,13.712157726287842
1.22,0.78,0.62,0.9,1.04,1.11,1.18,0.84,0.69,19556,13.71730923652649
1.21,0.78,0.62,0.91,1.03,1.11,1.18,0.84,0.69,19627,13.720602035522461
1.21,0.78,0.62,0.9,1.04,1.11,1.18,0.84,0.68,19532,13.72130823135376
1.21,0.78,0.62,0.9,1.04,1.11,1.18,0.84,0.68,19239,13.724623441696167
1.22,0.78,0.62,0.9,1.04,1.11,1.18,0.84,0.68,18806,13.729313135147095
1.22,0.78,0.62,0.9,1.04,1.11,1.19,0.84,0.68,19281,13.732718706130981
1.22,0.78,0.62,0.9,1.04,1.11,1.18,0.84,0.68,19610,13.732718706130981
1.21,0.78,0.62,0.89,1.04,1.11,1.19,0.84,0.68,19357,13.737823724746704
1.22,0.78,0.62,0.89,1.04,1.11,1.18,0.84,0.68,19212,13.741976499557495
1.22,0.78,0.62,0.91,1.04,1.11,1.18,0.84,0.68,18859,13.74497675895691
1.22,0.78,0.62,0.9,1.04,1.11,1.19,0.84,0.68,19150,13.745960474014282
1.22,0.78,0.62,0.9,1.04,1.11,1.18,0.84,0.68,19247,13.749976873397827
1.22,0.78,0.61,0.89,1.04,1.11,1.18,0.84,0.69,19150,13.754098653793335
1.2,0.78,0.62,0.9,1.04,1.11,1.18,0.84,0.69,19527,13.757683277130127
1.22,0.78,0.61,0.9,1.04,1.11,1.19,0.84,0.69,19552,13.758739948272705
1.22,0.78,0.61,0.9,1.04,1.11,1.19,0.84,0.7,19055,13.761587381362915
1.22,0.78,0.62,0.9,1.04,1.11,1.19,0.85,0.7,19288,13.766172170639038
1.22,0.78,0.62,0.89,1.04,1.11,1.18,0.84,0.7,19467,13.769168853759766
1.22,0.79,0.62,0.9,1.04,1.11,1.18,0.84,0.7,19090,13.77013611793518
1.23,0.78,0.62,0.9,1.04,1.11,1.19,0.85,0.7,19169,13.77427864074707
1.22,0.78,0.62,0.9,1.04,1.1,1.19,0.85,0.7,19160,13.777570486068726
1.22,0.78,0.62,0.9,1.04,1.1,1.18,0.85,0.7,19417,13.782571792602539
1.21,0.78,0.62,0.91,1.04,1.1,1.18,0.85,0.7,19626,13.782571792602539
1.22,0.78,0.62,0.9,1.04,1.1,1.18,0.84,0.7,19177,13.78656816482544
1.22,0.78,0.62,0.9,1.04,1.1,1.19,0.84,0.7,19442,13.790568113327026
1.22,0.78,0.62,0.9,1.04,1.1,1.19,0.84,0.7,19067,13.794664144515991
1.22,0.78,0.62,0.9,1.04,1.1,1.18,0.84,0.7,18846,13.79836392402649
1.22,0.78,0.62,0.9,1.04,1.1,1.19,0.84,0.7,18979,13.79836392402649
1.22,0.78,0.62,0.9,1.05,1.1,1.19,0.84,0.7,19032,13.802260637283325
1.22,0.78,0.62,0.9,1.04,1.1,1.19,0.84,0.7,19303,13.80634331703186
1.22,0.78,0.62,0.9,1.04,1.11,1.19,0.85,0.7,19378,13.810871839523315
1.24,0.78,0.62,0.9,1.05,1.11,1.19,0.84,0.7,19133,13.810871839523315
1.23,0.78,0.62,0.89,1.04,1.1,1.19,0.85,0.7,19202,13.814857244491577
1.23,0.78,0.62,0.9,1.04,1.11,1.19,0.84,0.7,19303,13.819857358932495
1.23,0.77,0.62,0.89,1.04,1.11,1.19,0.84,0.7,19416,13.822839260101318
1.23,0.77,0.62,0.89,1.04,1.11,1.19,0.85,0.7,19365,13.82389521598816
1.22,0.78,0.62,0.89,1.04,1.11,1.2,0.84,0.71,19070,13.828174591064453
1.23,0.78,0.62,0.9,1.04,1.11,1.19,0.85,0.7,18879,13.832172393798828
1.22,0.78,0.62,0.9,1.04,1.11,1.19,0.85,0.71,19470,13.835741519927979
1.22,0.78,0.62,0.9,1.04,1.11,1.19,0.85,0.7,19213,13.836728572845459
1.23,0.78,0.62,0.9,1.04,1.11,1.2,0.85,0.71,19144,13.840149402618408
1.22,0.78,0.62,0.9,1.04,1.11,1.2,0.85,0.7,19049,13.843495607376099
1.22,0.78,0.62,0.9,1.04,1.11,1.19,0.85,0.7,19282,13.848548173904419
1.22,0.78,0.62,0.9,1.04,1.1,1.2,0.85,0.7,19193,13.848548173904419
1.22,0.78,0.62,0.9,1.05,1.11,1.2,0.85,0.71,19616,13.852148056030273
1.23,0.78,0.62,0.9,1.05,1.11,1.2,0.85,0.7,19937,13.856148481369019
1.22,0.78,0.62,0.9,1.05,1.11,1.19,0.85,0.7,19694,13.861148357391357
1.23,0.78,0.62,0.9,1.04,1.11,1.2,0.84,0.7,19615,13.864154577255249
1.23,0.78,0.62,0.9,1.04,1.11,1.2,0.85,0.7,19504,13.864154577255249
1.23,0.78,0.62,0.91,1.05,1.11,1.2,0.85,0.71,19479,13.868148565292358
1.22,0.78,0.62,0.91,1.04,1.1,1.19,0.85,0.71,19306,13.872472286224365
1.23,0.78,0.63,0.91,1.05,1.1,1.2,0.85,0.71,19219,13.876282215118408
1.23,0.78,0.63,0.9,1.04,1.11,1.2,0.84,0.71,19308,13.877350807189941
1.23,0.78,0.63,0.91,1.05,1.1,1.2,0.85,0.71,19111,13.881346225738525
1.22,0.78,0.63,0.91,1.05,1.1,1.19,0.85,0.71,19118,13.884624481201172
1.23,0.78,0.63,0.91,1.05,1.11,1.2,0.85,0.71,19395,13.888344287872314
1.22,0.78,0.63,0.91,1.04,1.11,1.2,0.85,0.71,19342,13.889076232910156
1.22,0.78,0.62,0.91,1.05,1.11,1.2,0.85,0.71,19597,13.89319396018982
1.22,0.78,0.63,0.91,1.05,1.11,1.2,0.85,0.71,19264,13.89756464958191
1.22,0.78,0.63,0.91,1.05,1.11,1.2,0.84,0.71,18723,13.900805473327637
1.22,0.78,0.62,0.91,1.05,1.11,1.21,0.84,0.71,19096,13.90153431892395
1.22,0.78,0.63,0.91,1.06,1.11,1.2,0.85,0.71,19269,13.906014680862427
1.22,0.78,0.63,0.91,1.05,1.11,1.2,0.85,0.71,19182,13.909308671951294
1.23,0.78,0.62,0.91,1.05,1.11,1.21,0.84,0.71,19311,13.913878679275513
1.23,0.78,0.63,0.9,1.05,1.11,1.2,0.84,0.7,19522,13.913878679275513
1.23,0.78,0.63,0.91,1.05,1.11,1.2,0.84,0.71,19447,13.91834306716919
1.23,0.78,0.62,0.91,1.04,1.11,1.2,0.85,0.7,18986,13.921764373779297
1.23,0.78,0.63,0.91,1.05,1.11,1.2,0.85,0.71,19027,13.925832033157349
1.23,0.78,0.63,0.91,1.05,1.11,1.2,0.85,0.71,19186,13.925832033157349
1.23,0.78,0.62,0.91,1.05,1.11,1.2,0.85,0.71,19709,13.929851770401001
1.23,0.78,0.62,0.9,1.05,1.11,1.2,0.84,0.71,19812,13.934010982513428
1.23,0.78,0.62,0.91,1.05,1.11,1.2,0.85,0.71,19303,13.93743896484375
1.22,0.78,0.62,0.9,1.05,1.11,1.2,0.85,0.71,18978,13.941780805587769
1.23,0.78,0.62,0.91,1.05,1.11,1.2,0.85,0.71,19583,13.942485570907593
1.23,0.78,0.62,0.91,1.04,1.11,1.2,0.85,0.71,19560,13.946683883666992
1.23,0.78,0.62,0.91,1.05,1.11,1.2,0.85,0.71,19267,13.95070219039917
1.23,0.78,0.62,0.91,1.05,1.11,1.2,0.85,0.71,19202,13.954255104064941
1.23,0.78,0.62,0.91,1.05,1.11,1.2,0.85,0.71,19159,13.955280542373657
1.23,0.78,0.62,0.91,1.05,1.11,1.2,0.85,0.71,19004,13.958255290985107
1.23,0.78,0.62,0.91,1.05,1.11,1.2,0.85,0.71,19203,13.963296890258789
1.23,0.79,0.62,0.91,1.05,1.11,1.2,0.85,0.71,19440,13.965985774993896
1.23,0.79,0.62,0.91,1.05,1.11,1.2,0.85,0.71,19189,13.967050075531006
1.23,0.79,0.62,0.91,1.05,1.11,1.21,0.85,0.71,19470,13.970528841018677
1.22,0.79,0.62,0.91,1.05,1.11,1.21,0.85,0.71,19477,13.975260019302368
1.23,0.79,0.62,0.91,1.05,1.11,1.21,0.85,0.71,19632,13.978978872299194
1.23,0.78,0.62,0.91,1.06,1.11,1.2,0.85,0.71,19619,13.979490756988525
1.24,0.78,0.62,0.92,1.05,1.11,1.2,0.85,0.71,19298,13.982921361923218
1.23,0.78,0.62,0.91,1.06,1.11,1.2,0.85,0.71,19251,13.987251996994019
1.23,0.78,0.62,0.91,1.05,1.11,1.2,0.85,0.71,19322,13.990588426589966
1.22,0.78,0.62,0.91,1.05,1.11,1.2,0.85,0.71,19161,13.991586208343506
1.23,0.79,0.62,0.92,1.05,1.12,1.2,0.85,0.71,19140,13.994764804840088
1.23,0.78,0.62,0.91,1.05,1.11,1.21,0.85,0.71,19405,13.999215841293335
1.23,0.78,0.62,0.91,1.06,1.11,1.21,0.85,0.71,19610,14.003267765045166
1.24,0.78,0.62,0.92,1.05,1.11,1.2,0.85,0.71,18887,14.007267475128174
1.24,0.78,0.62,0.91,1.06,1.12,1.2,0.85,0.71,18564,14.007267475128174
1.24,0.79,0.62,0.92,1.06,1.12,1.2,0.85,0.71,19071,14.012267589569092
1.24,0.79,0.62,0.91,1.05,1.12,1.2,0.85,0.71,19244,14.015267610549927
1.24,0.78,0.62,0.92,1.05,1.11,1.2,0.85,0.7,19095,14.019267559051514
1.24,0.78,0.62,0.91,1.05,1.11,1.2,0.85,0.71,19168,14.020267724990845
1.24,0.79,0.62,0.91,1.05,1.11,1.2,0.85,0.71,18931,14.023499727249146
1.24,0.78,0.62,0.91,1.05,1.11,1.2,0.85,0.71,19218,14.027523279190063
1.25,0.79,0.62,0.92,1.05,1.11,1.2,0.86,0.71,19515,14.031634330749512
1.24,0.79,0.62,0.92,1.05,1.11,1.2,0.85,0.71,19240,14.03262448310852
1.25,0.78,0.62,0.9,1.05,1.11,1.2,0.86,0.71,19839,14.035624742507935
1.24,0.79,0.62,0.92,1.05,1.11,1.2,0.85,0.71,19426,14.040624618530273
1.24,0.79,0.62,0.92,1.05,1.11,1.2,0.85,0.71,18937,14.04362177848816
1.24,0.79,0.62,0.92,1.05,1.11,1.2,0.85,0.71,18996,14.044840335845947
1.25,0.78,0.62,0.92,1.06,1.11,1.2,0.85,0.71,18917,14.048240900039673
1.25,0.79,0.62,0.92,1.06,1.11,1.2,0.86,0.71,19294,14.052326917648315
1.24,0.79,0.62,0.91,1.06,1.11,1.19,0.86,0.71,19433,14.055731534957886
1.24,0.78,0.62,0.91,1.06,1.12,1.2,0.86,0.71,18968,14.056729793548584
1.25,0.78,0.62,0.92,1.06,1.11,1.2,0.86,0.71,19567,14.060825824737549
1.24,0.78,0.62,0.92,1.06,1.12,1.2,0.86,0.71,19506,14.064858198165894
1.24,0.78,0.62,0.92,1.06,1.11,1.19,0.86,0.71,19137,14.06885814666748
1.24,0.78,0.62,0.91,1.06,1.11,1.2,0.86,0.71,19334,14.06885814666748
1.24,0.78,0.62,0.92,1.06,1.11,1.2,0.86,0.71,19453,14.072582483291626
1.23,0.77,0.62,0.92,1.06,1.11,1.2,0.86,0.71,19280,14.076646089553833
1.23,0.78,0.62,0.92,1.06,1.11,1.2,0.86,0.71,19661,14.081689834594727
1.23,0.78,0.62,0.92,1.06,1.11,1.21,0.86,0.71,19120,14.084972858428955
1.24,0.78,0.62,0.91,1.06,1.11,1.2,0.86,0.72,18939,14.085689783096313
1.23,0.78,0.62,0.92,1.06,1.11,1.21,0.86,0.71,19144,14.090336799621582
1.24,0.78,0.62,0.92,1.06,1.11,1.2,0.86,0.71,19133,14.093849182128906
1.24,0.78,0.62,0.92,1.06,1.11,1.2,0.86,0.71,19480,14.097475528717041
1.24,0.78,0.62,0.92,1.06,1.11,1.2,0.86,0.71,19379,14.098530292510986
1.24,0.78,0.62,0.92,1.06,1.11,1.2,0.86,0.71,19352,14.101657390594482
1.24,0.78,0.62,0.92,1.06,1.11,1.2,0.86,0.72,19269,14.106213808059692
1.23,0.78,0.62,0.92,1.06,1.11,1.2,0.86,0.71,19026,14.109488248825073
1.24,0.78,0.62,0.92,1.06,1.11,1.2,0.86,0.71,19277,14.110347747802734
1.24,0.78,0.62,0.92,1.06,1.11,1.2,0.87,0.71,19734,14.114401817321777
1.24,0.78,0.62,0.92,1.06,1.11,1.21,0.86,0.72,19413,14.118432521820068
1.24,0.78,0.62,0.91,1.06,1.11,1.2,0.86,0.71,18950,14.122096300125122
1.24,0.78,0.62,0.91,1.06,1.11,1.2,0.86,0.72,18957,14.123169898986816
1.24,0.78,0.62,0.92,1.06,1.11,1.2,0.86,0.71,19074,14.12650728225708
1.25,0.78,0.62,0.91,1.06,1.11,1.2,0.86,0.72,18917,14.13058090209961
1.24,0.78,0.62,0.92,1.06,1.11,1.2,0.86,0.72,19122,14.134582042694092
1.24,0.78,0.62,0.92,1.06,1.12,1.2,0.86,0.72,19365,14.13556981086731
1.24,0.78,0.62,0.92,1.06,1.12,1.2,0.86,0.72,19530,14.139092683792114
1.24,0.78,0.62,0.91,1.06,1.12,1.2,0.86,0.71,19583,14.14338231086731
1.24,0.78,0.62,0.91,1.07,1.12,1.2,0.86,0.72,19374,14.147045373916626
1.24,0.78,0.62,0.91,1.06,1.11,1.2,0.86,0.72,19177,14.150034427642822
1.25,0.78,0.62,0.92,1.06,1.12,1.2,0.86,0.72,18858,14.151022672653198
1.24,0.78,0.62,0.92,1.07,1.12,1.21,0.86,0.72,19409,14.15496277809143
1.24,0.78,0.62,0.92,1.06,1.12,1.21,0.86,0.71,19620,14.160021305084229
1.24,0.78,0.62,0.91,1.06,1.12,1.21,0.86,0.71,19001,14.163021326065063
1.24,0.78,0.62,0.92,1.07,1.12,1.21,0.86,0.72,18880,14.163021326065063
1.24,0.78,0.62,0.91,1.06,1.12,1.2,0.85,0.72,18879,14.166988134384155
1.24,0.78,0.62,0.92,1.06,1.12,1.21,0.85,0.71,18794,14.171433210372925
1.24,0.78,0.62,0.92,1.06,1.12,1.21,0.86,0.71,19197,14.17510724067688
1.24,0.78,0.62,0.93,1.06,1.11,1.2,0.85,0.71,19438,14.176117420196533
1.24,0.78,0.62,0.92,1.06,1.12,1.2,0.86,0.71,19397,14.179493188858032
1.24,0.78,0.62,0.92,1.06,1.12,1.21,0.85,0.72,19214,14.183702230453491
1.24,0.78,0.62,0.92,1.06,1.12,1.21,0.86,0.71,19303,14.187695026397705
1.24,0.78,0.62,0.92,1.05,1.12,1.2,0.86,0.72,19040,14.187695026397705
1.24,0.79,0.62,0.92,1.06,1.12,1.21,0.85,0.72,19221,14.192206144332886
1.24,0.78,0.62,0.93,1.06,1.12,1.2,0.86,0.71,19370,14.195807456970215
1.24,0.79,0.62,0.93,1.06,1.12,1.21,0.85,0.71,19335,14.199802160263062
1.24,0.79,0.62,0.93,1.06,1.12,1.21,0.86,0.71,19202,14.199802160263062
1.24,0.78,0.62,0.93,1.06,1.12,1.21,0.85,0.72,19183,14.203628301620483
1.24,0.78,0.62,0.92,1.06,1.12,1.21,0.85,0.72,18912,14.207911729812622
1.24,0.79,0.62,0.93,1.06,1.12,1.21,0.86,0.71,18681,14.212920665740967
1.24,0.79,0.62,0.93,1.06,1.11,1.21,0.86,0.71,19132,14.212920665740967
1.24,0.79,0.62,0.93,1.06,1.11,1.2,0.86,0.71,19173,14.217084646224976
1.24,0.79,0.62,0.93,1.06,1.12,1.2,0.86,0.71,19178,14.22107458114624
1.24,0.79,0.62,0.93,1.06,1.11,1.2,0.86,0.71,18821,14.2245512008667
1.25,0.79,0.62,0.94,1.06,1.12,1.2,0.86,0.71,19074,14.228617429733276
1.25,0.79,0.62,0.94,1.06,1.12,1.2,0.86,0.72,19049,14.22956919670105
1.24,0.79,0.62,0.93,1.06,1.11,1.2,0.86,0.72,19238,14.232420444488525
1.24,0.79,0.62,0.93,1.06,1.11,1.2,0.86,0.72,19447,14.236906051635742
1.24,0.79,0.62,0.93,1.06,1.11,1.2,0.86,0.72,19470,14.240401983261108
1.24,0.79,0.62,0.93,1.06,1.11,1.2,0.85,0.71,19251,14.241403818130493
1.24,0.79,0.62,0.94,1.06,1.11,1.2,0.85,0.72,19242,14.245530605316162
1.25,0.79,0.62,0.93,1.06,1.11,1.2,0.85,0.71,19237,14.249612808227539
1.24,0.79,0.62,0.93,1.06,1.11,1.2,0.86,0.71,19058,14.253196954727173
1.24,0.79,0.62,0.93,1.06,1.11,1.2,0.86,0.71,18949,14.254159688949585
1.24,0.79,0.62,0.93,1.06,1.12,1.2,0.86,0.71,18608,14.258117437362671
1.25,0.79,0.62,0.93,1.06,1.11,1.2,0.86,0.72,18283,14.26216459274292
1.25,0.79,0.62,0.93,1.06,1.11,1.2,0.86,0.72,18610,14.265533685684204
1.25,0.79,0.62,0.93,1.06,1.12,1.2,0.86,0.71,19123,14.266676187515259
1.25,0.79,0.62,0.93,1.06,1.11,1.2,0.86,0.72,19524,14.270177364349365
1.25,0.8,0.62,0.93,1.06,1.11,1.2,0.86,0.72,19575,14.27414870262146
1.25,0.8,0.62,0.93,1.07,1.11,1.2,0.86,0.72,19278,14.27850604057312
1.25,0.8,0.62,0.94,1.06,1.11,1.2,0.86,0.72,19401,14.27850604057312
1.24,0.8,0.62,0.93,1.06,1.11,1.21,0.86,0.72,19192,14.282506227493286
1.24,0.8,0.62,0.93,1.06,1.12,1.2,0.86,0.72,19277,14.286506175994873
1.25,0.8,0.62,0.93,1.06,1.11,1.2,0.86,0.72,19614,14.290844440460205
1.25,0.79,0.62,0.93,1.06,1.12,1.2,0.86,0.72,19321,14.290844440460205
1.25,0.8,0.62,0.93,1.06,1.12,1.2,0.86,0.72,19312,14.29444932937622
1.25,0.8,0.63,0.93,1.06,1.11,1.2,0.86,0.72,19493,14.298787117004395
1.24,0.8,0.62,0.93,1.06,1.11,1.2,0.86,0.72,19096,14.302945613861084
1.24,0.8,0.62,0.93,1.06,1.12,1.2,0.86,0.72,19057,14.302945613861084
1.24,0.8,0.63,0.93,1.06,1.11,1.2,0.86,0.72,18748,14.306945562362671
1.24,0.8,0.62,0.93,1.06,1.11,1.2,0.86,0.72,18515,14.310945510864258
1.25,0.8,0.63,0.92,1.06,1.11,1.2,0.86,0.72,18676,14.314945459365845
1.24,0.8,0.63,0.93,1.06,1.11,1.2,0.87,0.72,18755,14.318705558776855
1.25,0.8,0.63,0.93,1.06,1.11,1.2,0.87,0.72,18630,14.318705558776855
1.24,0.8,0.62,0.93,1.06,1.11,1.2,0.87,0.72,18925,14.322747468948364
1.24,0.8,0.63,0.93,1.07,1.11,1.21,0.86,0.72,19110,14.327834606170654
1.25,0.8,0.63,0.93,1.06,1.11,1.2,0.86,0.72,19703,14.330993175506592
1.24,0.79,0.63,0.94,1.06,1.11,1.2,0.86,0.72,19750,14.331711769104004
1.24,0.79,0.62,0.93,1.06,1.11,1.2,0.86,0.72,19467,14.335794687271118
1.23,0.79,0.63,0.93,1.06,1.12,1.21,0.86,0.72,19596,14.339822769165039
1.24,0.79,0.62,0.94,1.06,1.12,1.21,0.87,0.72,19481,14.343822479248047
1.23,0.79,0.62,0.93,1.06,1.11,1.21,0.87,0.72,19576,14.343822479248047
1.24,0.79,0.62,0.93,1.06,1.12,1.21,0.87,0.72,19149,14.3471519947052
1.24,0.79,0.62,0.93,1.07,1.12,1.2,0.87,0.72,19030,14.352017164230347
1.25,0.8,0.62,0.93,1.06,1.12,1.21,0.87,0.72,19567,14.355061054229736
1.24,0.8,0.62,0.93,1.06,1.12,1.21,0.87,0.72,19680,14.356126546859741
1.24,0.8,0.62,0.93,1.06,1.12,1.21,0.87,0.72,19493,14.359385251998901
1.24,0.8,0.62,0.93,1.06,1.12,1.21,0.87,0.72,18940,14.363420724868774
1.23,0.8,0.62,0.94,1.06,1.12,1.2,0.87,0.72,18973,14.36855697631836
1.23,0.8,0.62,0.93,1.06,1.11,1.21,0.87,0.72,18922,14.36855697631836
1.23,0.8,0.62,0.93,1.06,1.12,1.21,0.87,0.72,18899,14.372573614120483
1.23,0.8,0.62,0.94,1.06,1.12,1.21,0.87,0.72,19510,14.37702202796936
1.24,0.8,0.62,0.93,1.06,1.12,1.22,0.87,0.72,19647,14.381147861480713
1.23,0.8,0.62,0.93,1.06,1.12,1.21,0.87,0.72,19334,14.381147861480713
1.24,0.8,0.62,0.93,1.06,1.12,1.21,0.88,0.72,18737,14.3851478099823
1.23,0.8,0.62,0.94,1.06,1.12,1.21,0.87,0.72,19088,14.388652324676514
1.24,0.8,0.63,0.94,1.06,1.12,1.21,0.86,0.72,18877,14.39253544807434
1.24,0.8,0.63,0.94,1.06,1.12,1.2,0.87,0.72,18836,14.393578052520752
1.24,0.8,0.63,0.94,1.06,1.12,1.21,0.87,0.72,19041,14.396590232849121
1.24,0.8,0.63,0.93,1.06,1.12,1.2,0.87,0.72,19118,14.400578260421753
1.24,0.8,0.63,0.94,1.06,1.12,1.21,0.87,0.72,19129,14.405140161514282
1.24,0.8,0.63,0.94,1.06,1.12,1.2,0.87,0.72,19216,14.408614158630371
1.24,0.8,0.63,0.95,1.06,1.12,1.2,0.87,0.72,19209,14.409690856933594
1.24,0.8,0.62,0.95,1.06,1.11,1.2,0.87,0.72,19316,14.412521123886108
1.24,0.8,0.63,0.94,1.06,1.12,1.2,0.87,0.72,19221,14.417359828948975
1.24,0.8,0.63,0.94,1.06,1.12,1.21,0.87,0.72,19484,14.42137598991394
1.24,0.8,0.63,0.94,1.05,1.12,1.2,0.87,0.72,19427,14.422359466552734
1.23,0.8,0.63,0.94,1.05,1.12,1.2,0.87,0.72,19218,14.425357818603516
1.23,0.8,0.62,0.95,1.06,1.11,1.2,0.87,0.72,19453,14.429361343383789
1.23,0.81,0.63,0.95,1.05,1.12,1.2,0.87,0.72,19284,14.433380365371704
1.23,0.8,0.63,0.95,1.05,1.12,1.21,0.87,0.72,19155,14.434412240982056
1.24,0.8,0.63,0.95,1.05,1.12,1.21,0.87,0.72,18606,14.43789792060852
1.24,0.8,0.63,0.94,1.06,1.12,1.21,0.87,0.72,18763,14.441540718078613
1.23,0.8,0.63,0.95,1.05,1.12,1.2,0.87,0.72,18886,14.445704221725464
1.23,0.8,0.63,0.95,1.05,1.12,1.2,0.87,0.72,19301,14.44667935371399
1.23,0.8,0.63,0.95,1.06,1.12,1.21,0.87,0.72,19186,14.450203657150269
1.24,0.8,0.63,0.95,1.05,1.12,1.21,0.87,0.72,19031,14.454416751861572
1.23,0.8,0.63,0.94,1.05,1.12,1.2,0.87,0.72,19160,14.458433389663696
1.24,0.8,0.63,0.94,1.05,1.12,1.21,0.87,0.72,19277,14.459449052810669
1.24,0.8,0.63,0.94,1.05,1.12,1.2,0.87,0.72,19220,14.461758375167847
1.24,0.8,0.63,0.95,1.05,1.12,1.21,0.87,0.72,19417,14.467157363891602
1.24,0.8,0.63,0.95,1.05,1.12,1.2,0.87,0.72,19338,14.470612525939941
1.24,0.8,0.63,0.95,1.05,1.12,1.2,0.87,0.72,19571,14.474255323410034
1.24,0.8,0.63,0.95,1.05,1.12,1.21,0.87,0.72,19420,14.474255323410034
1.24,0.8,0.63,0.94,1.05,1.12,1.2,0.87,0.72,19431,14.47940993309021
1.24,0.8,0.63,0.95,1.05,1.12,1.21,0.87,0.72,18962,14.482799053192139
1.24,0.8,0.63,0.95,1.05,1.12,1.2,0.87,0.72,18927,14.48610544204712
1.24,0.8,0.63,0.95,1.05,1.11,1.2,0.87,0.72,19162,14.486826658248901
1.24,0.8,0.63,0.94,1.05,1.11,1.21,0.87,0.72,19039,14.490826606750488
1.23,0.8,0.63,0.94,1.05,1.12,1.2,0.87,0.72,18978,14.495537042617798
1.25,0.8,0.63,0.94,1.05,1.12,1.2,0.87,0.72,19207,14.498797178268433
1.24,0.8,0.63,0.95,1.05,1.12,1.21,0.87,0.72,19022,14.499537467956543
1.24,0.8,0.63,0.94,1.05,1.11,1.21,0.87,0.72,18863,14.50297236442566
1.23,0.8,0.63,0.94,1.05,1.11,1.21,0.88,0.72,18956,14.508082628250122
1.24,0.8,0.63,0.95,1.05,1.11,1.21,0.88,0.72,18913,14.511249303817749
1.24,0.8,0.64,0.95,1.06,1.11,1.2,0.88,0.72,18892,14.51232385635376
1.24,0.8,0.64,0.94,1.06,1.11,1.21,0.88,0.72,18931,14.516177415847778
1.24,0.8,0.64,0.94,1.05,1.11,1.21,0.87,0.72,19232,14.520177125930786
1.25,0.8,0.64,0.94,1.05,1.11,1.21,0.87,0.72,19193,14.524176597595215
1.24,0.8,0.64,0.95,1.06,1.11,1.21,0.88,0.72,19390,14.524176597595215
1.24,0.8,0.64,0.95,1.05,1.12,1.21,0.87,0.72,19479,14.52817678451538
1.24,0.81,0.64,0.95,1.05,1.11,1.21,0.88,0.72,19368,14.531634092330933
1.25,0.8,0.64,0.95,1.06,1.11,1.21,0.88,0.72,19493,14.537038087844849
1.24,0.8,0.64,0.95,1.06,1.12,1.21,0.87,0.72,19468,14.53903317451477
1.24,0.8,0.64,0.95,1.05,1.12,1.21,0.88,0.72,18821,14.540034770965576
1.24,0.8,0.64,0.95,1.06,1.12,1.21,0.88,0.72,18930,14.544064044952393
1.25,0.8,0.64,0.94,1.06,1.11,1.21,0.88,0.72,19497,14.548062324523926
1.24,0.8,0.64,0.95,1.06,1.11,1.21,0.87,0.72,19378,14.552066326141357
1.23,0.79,0.64,0.95,1.06,1.11,1.21,0.87,0.72,19325,14.553066730499268
1.24,0.8,0.64,0.95,1.06,1.11,1.21,0.88,0.72,19588,14.556067705154419
1.24,0.8,0.64,0.95,1.06,1.11,1.21,0.87,0.72,19565,14.560986995697021
1.25,0.8,0.64,0.95,1.06,1.11,1.21,0.87,0.72,19214,14.56425428390503
1.24,0.8,0.64,0.95,1.06,1.12,1.21,0.88,0.72,19503,14.564984560012817
1.24,0.8,0.64,0.95,1.06,1.11,1.21,0.88,0.72,19892,14.569041013717651
1.24,0.8,0.64,0.95,1.06,1.11,1.22,0.88,0.72,19475,14.572575092315674
1.24,0.8,0.64,0.95,1.06,1.11,1.21,0.88,0.72,19280,14.576801776885986
1.23,0.8,0.64,0.96,1.06,1.11,1.21,0.88,0.72,19355,14.577779531478882
1.24,0.8,0.64,0.95,1.06,1.12,1.21,0.88,0.72,19676,14.580842018127441
1.23,0.8,0.64,0.95,1.06,1.12,1.21,0.88,0.72,19389,14.585802555084229
1.24,0.8,0.64,0.95,1.06,1.12,1.21,0.88,0.72,19184,14.589069843292236
1.24,0.8,0.64,0.95,1.06,1.12,1.21,0.88,0.72,19073,14.589823722839355
1.23,0.8,0.64,0.96,1.06,1.12,1.21,0.87,0.72,18976,14.593567848205566
1.23,0.8,0.64,0.96,1.06,1.12,1.21,0.87,0.72,19019,14.598321914672852
1.23,0.8,0.64,0.96,1.05,1.12,1.21,0.87,0.72,19462,14.601056098937988
1.24,0.8,0.64,0.95,1.06,1.12,1.21,0.88,0.73,19371,14.602126121520996
1.24,0.8,0.64,0.95,1.06,1.12,1.21,0.87,0.72,18768,14.60612940788269
1.23,0.8,0.64,0.95,1.06,1.11,1.21,0.88,0.72,18933,14.610336065292358
1.24,0.8,0.64,0.95,1.06,1.11,1.21,0.88,0.72,19014,14.613731861114502
1.23,0.81,0.64,0.95,1.05,1.12,1.21,0.87,0.72,19105,14.61750864982605
1.23,0.8,0.64,0.95,1.06,1.12,1.21,0.87,0.73,18976,14.61750864982605
1.23,0.81,0.64,0.96,1.05,1.12,1.21,0.87,0.73,18935,14.622515439987183
1.24,0.81,0.64,0.96,1.05,1.12,1.21,0.88,0.73,18748,14.625778198242188
1.24,0.8,0.64,0.95,1.05,1.12,1.21,0.88,0.73,18921,14.630123853683472
1.24,0.8,0.64,0.95,1.06,1.12,1.21,0.88,0.73,19172,14.630123853683472
1.24,0.8,0.64,0.95,1.05,1.12,1.21,0.88,0.73,19313,14.63445520401001
1.24,0.8,0.64,0.95,1.06,1.12,1.21,0.87,0.73,19506,14.638411045074463
1.24,0.8,0.64,0.95,1.06,1.12,1.21,0.87,0.73,19215,14.641998529434204
1.24,0.8,0.64,0.95,1.05,1.12,1.21,0.87,0.73,18940,14.643063068389893
1.24,0.8,0.64,0.95,1.06,1.12,1.21,0.87,0.73,19179,14.647127389907837
1.24,0.8,0.63,0.94,1.05,1.12,1.21,0.88,0.73,18986,14.651115417480469
1.24,0.8,0.63,0.95,1.06,1.12,1.21,0.87,0.73,19103,14.654108762741089
1.24,0.8,0.63,0.95,1.06,1.12,1.21,0.88,0.73,19272,14.655107021331787
1.24,0.8,0.63,0.95,1.06,1.12,1.21,0.88,0.73,19717,14.659127235412598
1.24,0.8,0.63,0.95,1.06,1.12,1.21,0.88,0.73,19358,14.663448572158813
1.24,0.8,0.63,0.95,1.06,1.12,1.21,0.87,0.73,19689,14.666819334030151
1.24,0.8,0.63,0.95,1.06,1.12,1.22,0.88,0.73,19824,14.667874336242676
1.24,0.8,0.62,0.94,1.06,1.12,1.21,0.88,0.73,19997,14.67100191116333
1.25,0.8,0.63,0.94,1.06,1.12,1.22,0.87,0.73,19552,14.675293684005737
1.25,0.8,0.62,0.94,1.06,1.12,1.21,0.88,0.73,19471,14.678781270980835
1.24,0.8,0.62,0.95,1.06,1.12,1.22,0.88,0.73,19550,14.683009624481201
1.25,0.8,0.62,0.94,1.06,1.12,1.21,0.87,0.73,19357,14.683739185333252
1.25,0.8,0.62,0.94,1.06,1.12,1.22,0.88,0.73,19044,14.687214374542236
1.25,0.8,0.62,0.94,1.06,1.11,1.21,0.88,0.73,19339,14.692389488220215
1.25,0.8,0.63,0.94,1.06,1.12,1.22,0.88,0.73,19420,14.69504189491272
1.25,0.8,0.62,0.94,1.06,1.12,1.22,0.88,0.73,19159,14.69504189491272
1.25,0.8,0.62,0.94,1.06,1.11,1.22,0.88,0.73,19062,14.700114250183105
1.25,0.8,0.62,0.94,1.06,1.12,1.22,0.88,0.73,19225,14.70411467552185
1.25,0.8,0.62,0.94,1.07,1.12,1.22,0.87,0.73,19010,14.707380294799805
1.25,0.8,0.62,0.95,1.06,1.12,1.22,0.87,0.73,19151,14.708114385604858
1.25,0.81,0.63,0.95,1.06,1.12,1.21,0.88,0.73,19448,14.712584018707275
1.25,0.8,0.63,0.94,1.06,1.12,1.22,0.88,0.74,19467,14.716299772262573
1.25,0.8,0.63,0.94,1.06,1.12,1.21,0.88,0.73,19408,14.720113754272461
1.25,0.8,0.63,0.94,1.06,1.12,1.22,0.88,0.73,19271,14.721440553665161
1.25,0.8,0.63,0.95,1.06,1.12,1.22,0.88,0.73,19018,14.725130796432495
1.25,0.8,0.63,0.95,1.06,1.12,1.22,0.88,0.73,18865,14.729414939880371
1.25,0.8,0.63,0.94,1.05,1.12,1.22,0.88,0.73,18934,14.732396841049194
1.25,0.8,0.63,0.95,1.06,1.12,1.21,0.88,0.74,19221,14.733413696289062
1.25,0.8,0.63,0.95,1.06,1.12,1.22,0.88,0.73,19394,14.737413883209229
1.25,0.8,0.63,0.95,1.06,1.11,1.22,0.87,0.73,19191,14.741014957427979
1.24,0.8,0.63,0.95,1.06,1.11,1.21,0.88,0.74,18902,14.744065284729004
1.24,0.8,0.63,0.95,1.06,1.11,1.21,0.88,0.73,19377,14.745102167129517
1.25,0.8,0.65,0.95,1.06,1.11,1.21,0.87,0.73,19240,14.749264478683472
1.24,0.8,0.65,0.95,1.06,1.11,1.22,0.88,0.73,19065,14.752835750579834
1.24,0.8,0.65,0.96,1.06,1.11,1.21,0.88,0.73,19262,14.757391214370728
1.24,0.8,0.65,0.96,1.06,1.11,1.21,0.88,0.73,19373,14.760477542877197
1.24,0.8,0.65,0.96,1.06,1.11,1.21,0.88,0.73,19314,14.760477542877197
1.24,0.8,0.65,0.96,1.06,1.11,1.22,0.88,0.73,19697,14.76566219329834
1.24,0.8,0.66,0.95,1.06,1.11,1.21,0.88,0.73,19832,14.769665956497192
1.25,0.8,0.65,0.96,1.06,1.11,1.21,0.88,0.73,19437,14.772663354873657
1.25,0.8,0.65,0.96,1.06,1.11,1.21,0.88,0.73,19130,14.773659944534302
1.25,0.8,0.65,0.95,1.06,1.11,1.21,0.88,0.73,19139,14.777090311050415
1.25,0.8,0.65,0.96,1.06,1.11,1.21,0.88,0.73,19144,14.78141164779663
1.25,0.8,0.65,0.96,1.06,1.11,1.21,0.88,0.73,18995,14.784518957138062
1.25,0.8,0.65,0.96,1.06,1.11,1.21,0.88,0.74,19294,14.785523414611816
1.25,0.8,0.65,0.95,1.06,1.1,1.21,0.88,0.73,19537,14.789520502090454
1.25,0.8,0.65,0.95,1.06,1.11,1.21,0.88,0.73,19496,14.794045448303223
1.25,0.8,0.65,0.95,1.06,1.11,1.21,0.88,0.73,19041,14.797605991363525
1.25,0.8,0.65,0.96,1.06,1.11,1.21,0.88,0.73,19534,14.79857611656189
1.25,0.8,0.65,0.95,1.06,1.11,1.21,0.88,0.73,19807,14.801644802093506
1.25,0.8,0.65,0.95,1.06,1.11,1.22,0.88,0.73,19170,14.80720591545105
1.25,0.8,0.65,0.95,1.06,1.11,1.22,0.88,0.73,19129,14.80977487564087
1.25,0.8,0.65,0.95,1.05,1.11,1.22,0.88,0.73,19526,14.810774326324463
1.25,0.8,0.65,0.95,1.06,1.11,1.22,0.88,0.73,19247,14.814222574234009
1.25,0.8,0.66,0.96,1.06,1.11,1.22,0.88,0.73,19090,14.81917119026184
1.25,0.8,0.65,0.96,1.06,1.11,1.21,0.88,0.73,19677,14.822763442993164
1.25,0.8,0.65,0.96,1.06,1.11,1.22,0.88,0.73,19474,14.826025009155273
1.25,0.8,0.65,0.96,1.06,1.11,1.22,0.88,0.73,19049,14.826888799667358
1.24,0.8,0.65,0.96,1.06,1.11,1.21,0.88,0.73,19246,14.8307204246521
1.25,0.8,0.65,0.96,1.06,1.11,1.21,0.88,0.73,19391,14.834766864776611
1.25,0.8,0.65,0.96,1.06,1.11,1.22,0.88,0.73,19436,14.838635206222534
1.24,0.8,0.65,0.96,1.06,1.11,1.21,0.88,0.73,19129,14.838635206222534
1.25,0.8,0.65,0.96,1.06,1.11,1.21,0.88,0.73,19214,14.843537330627441
1.25,0.8,0.65,0.96,1.06,1.11,1.22,0.88,0.73,19305,14.847180843353271
1.25,0.8,0.65,0.95,1.07,1.11,1.22,0.88,0.73,19286,14.851129531860352
1.25,0.8,0.65,0.96,1.06,1.11,1.22,0.88,0.73,19159,14.851848125457764
1.25,0.8,0.65,0.95,1.06,1.11,1.22,0.88,0.73,19038,14.855847597122192
1.25,0.8,0.65,0.96,1.06,1.11,1.21,0.88,0.73,18781,14.859103441238403
1.25,0.8,0.65,0.96,1.06,1.11,1.22,0.88,0.73,19146,14.863098382949829
1.25,0.8,0.65,0.95,1.06,1.11,1.22,0.88,0.73,19735,14.863831996917725
1.25,0.8,0.66,0.95,1.06,1.11,1.22,0.88,0.73,19350,14.868226289749146
1.25,0.8,0.65,0.95,1.06,1.11,1.22,0.88,0.73,18907,14.87183427810669
1.24,0.8,0.65,0.95,1.06,1.11,1.22,0.88,0.73,18990,14.875505924224854
1.25,0.8,0.65,0.95,1.06,1.11,1.22,0.88,0.73,19087,14.876577615737915
1.25,0.8,0.65,0.94,1.06,1.11,1.22,0.88,0.74,19148,14.879995107650757
1.25,0.8,0.65,0.95,1.07,1.11,1.22,0.88,0.73,19273,14.884037971496582
1.25,0.8,0.65,0.94,1.06,1.11,1.22,0.88,0.73,19400,14.888521194458008
1.25,0.8,0.65,0.94,1.06,1.11,1.22,0.88,0.73,19287,14.88950777053833
1.25,0.79,0.65,0.95,1.07,1.11,1.22,0.88,0.73,19424,14.891787052154541
1.25,0.79,0.65,0.94,1.06,1.11,1.22,0.88,0.73,19267,14.897290468215942
1.25,0.8,0.65,0.95,1.07,1.11,1.22,0.89,0.73,19002,14.900665760040283
1.25,0.8,0.65,0.95,1.06,1.11,1.22,0.88,0.73,18843,14.903929233551025
1.25,0.8,0.65,0.94,1.06,1.11,1.22,0.88,0.73,18812,14.904666185379028
1.25,0.8,0.65,0.94,1.06,1.11,1.22,0.88,0.73,19325,14.90935230255127
1.25,0.8,0.65,0.95,1.06,1.11,1.22,0.88,0.73,19276,14.913288354873657
1.25,0.8,0.65,0.95,1.06,1.11,1.22,0.88,0.73,19035,14.9168860912323
1.25,0.8,0.65,0.95,1.07,1.11,1.22,0.88,0.73,19114,14.9168860912323
1.25,0.8,0.65,0.95,1.07,1.11,1.22,0.88,0.73,19191,14.921953678131104
1.25,0.8,0.65,0.95,1.06,1.11,1.22,0.87,0.73,19702,14.925973653793335
1.25,0.8,0.65,0.95,1.07,1.11,1.22,0.88,0.73,20081,14.928269624710083
1.25,0.8,0.65,0.95,1.07,1.11,1.21,0.88,0.73,19884,14.92935848236084
1.25,0.8,0.65,0.95,1.07,1.11,1.22,0.88,0.73,19243,14.93350100517273
1.25,0.8,0.65,0.95,1.07,1.11,1.22,0.88,0.73,18982,14.937852382659912
1.25,0.79,0.65,0.96,1.07,1.11,1.21,0.88,0.73,19203,14.94113802909851
1.25,0.79,0.65,0.95,1.07,1.11,1.21,0.88,0.73,19472,14.941872358322144
1.25,0.8,0.65,0.95,1.07,1.11,1.22,0.88,0.73,19137,14.946366548538208
1.26,0.8,0.65,0.95,1.07,1.11,1.21,0.88,0.73,18758,14.949363231658936
1.26,0.79,0.65,0.95,1.07,1.11,1.21,0.88,0.73,18947,14.953603506088257
1.25,0.8,0.65,0.95,1.07,1.11,1.21,0.87,0.73,18920,14.95436692237854
1.26,0.79,0.65,0.95,1.07,1.11,1.22,0.88,0.73,19259,14.957692623138428
1.26,0.79,0.66,0.95,1.07,1.11,1.21,0.87,0.74,19508,14.962086200714111
1.26,0.8,0.66,0.96,1.07,1.11,1.21,0.88,0.73,19415,14.966248512268066
1.26,0.8,0.66,0.96,1.06,1.11,1.22,0.88,0.73,19526,14.966248512268066
1.26,0.8,0.66,0.95,1.07,1.11,1.21,0.88,0.73,19625,14.970579862594604
1.25,0.8,0.66,0.96,1.07,1.11,1.21,0.88,0.73,19368,14.974578857421875
1.25,0.8,0.65,0.96,1.07,1.11,1.22,0.88,0.73,19303,14.977881669998169
1.25,0.8,0.65,0.96,1.07,1.1,1.21,0.88,0.73,19640,14.98221755027771
1.26,0.8,0.66,0.96,1.07,1.11,1.22,0.87,0.74,19439,14.983043670654297
1.25,0.8,0.66,0.96,1.07,1.11,1.22,0.88,0.73,18722,14.986088037490845
1.26,0.8,0.65,0.96,1.07,1.11,1.22,0.88,0.73,18963,14.99111008644104
1.25,0.8,0.65,0.95,1.07,1.11,1.22,0.88,0.74,19008,14.993760585784912
1.25,0.8,0.65,0.96,1.06,1.11,1.22,0.88,0.73,19633,14.994791507720947
1.25,0.8,0.66,0.95,1.07,1.11,1.22,0.88,0.73,19356,14.998121738433838
1.25,0.8,0.65,0.96,1.07,1.11,1.21,0.88,0.73,19503,15.002555131912231
1.25,0.8,0.65,0.96,1.07,1.11,1.22,0.88,0.73,19680,15.007108449935913
1.25,0.8,0.66,0.96,1.06,1.11,1.21,0.88,0.73,19437,15.007108449935913
1.25,0.8,0.66,0.96,1.06,1.11,1.21,0.88,0.73,19422,15.01112961769104
1.25,0.8,0.66,0.96,1.06,1.11,1.21,0.88,0.73,19511,15.016134977340698
1.26,0.8,0.65,0.96,1.07,1.11,1.21,0.88,0.73,19318,15.018838167190552
1.25,0.8,0.65,0.96,1.06,1.11,1.22,0.88,0.73,19207,15.019899129867554
1.26,0.8,0.66,0.96,1.07,1.11,1.22,0.88,0.73,19324,15.024300336837769
1.26,0.8,0.66,0.96,1.06,1.11,1.22,0.88,0.73,19089,15.027920722961426
1.26,0.8,0.66,0.96,1.06,1.11,1.22,0.88,0.73,19060,15.031951427459717
1.26,0.8,0.66,0.96,1.07,1.11,1.22,0.88,0.73,19185,15.031951427459717
1.26,0.8,0.66,0.96,1.07,1.11,1.22,0.88,0.73,19334,15.035951137542725
1.25,0.8,0.66,0.96,1.07,1.11,1.22,0.88,0.73,19419,15.040486335754395
1.26,0.8,0.66,0.95,1.07,1.11,1.22,0.88,0.73,19266,15.044280290603638
1.26,0.8,0.66,0.96,1.07,1.11,1.22,0.88,0.73,18833,15.044280290603638
1.26,0.8,0.66,0.96,1.07,1.11,1.22,0.88,0.73,18806,15.048457145690918
1.26,0.8,0.66,0.96,1.07,1.11,1.22,0.88,0.73,18913,15.051441669464111
1.26,0.8,0.66,0.96,1.07,1.11,1.22,0.88,0.73,18906,15.056451320648193
1.26,0.8,0.66,0.96,1.07,1.11,1.22,0.88,0.73,19183,15.0574471950531
1.26,0.8,0.66,0.95,1.08,1.11,1.22,0.88,0.73,18992,15.06045413017273
1.26,0.8,0.66,0.96,1.08,1.11,1.22,0.88,0.73,19233,15.065192461013794
1.26,0.8,0.66,0.95,1.08,1.11,1.22,0.88,0.74,19362,15.06936764717102
1.26,0.8,0.65,0.95,1.07,1.11,1.22,0.88,0.73,19391,15.071656703948975
1.26,0.8,0.66,0.96,1.08,1.11,1.22,0.88,0.74,19236,15.072728633880615
1.26,0.8,0.66,0.96,1.08,1.11,1.22,0.88,0.73,19341,15.076802730560303
1.26,0.8,0.66,0.95,1.07,1.11,1.21,0.88,0.73,19150,15.081160306930542
1.26,0.8,0.66,0.96,1.07,1.11,1.22,0.88,0.73,19211,15.085284948348999
1.27,0.8,0.66,0.96,1.07,1.11,1.22,0.88,0.74,19066,15.085284948348999
1.26,0.8,0.66,0.96,1.07,1.11,1.21,0.88,0.73,19369,15.08926248550415
1.26,0.8,0.66,0.96,1.07,1.11,1.21,0.88,0.74,19224,15.092568159103394
1.26,0.8,0.66,0.95,1.07,1.11,1.22,0.88,0.74,19111,15.096853971481323
1.27,0.8,0.66,0.96,1.08,1.11,1.21,0.88,0.74,19592,15.097978591918945
1.27,0.8,0.66,0.96,1.07,1.11,1.21,0.88,0.74,20165,15.101425886154175
1.27,0.79,0.66,0.96,1.08,1.11,1.21,0.88,0.74,19430,15.105452060699463
1.26,0.8,0.66,0.96,1.08,1.11,1.21,0.88,0.74,19277,15.109693765640259
1.26,0.8,0.66,0.96,1.07,1.11,1.21,0.88,0.74,19444,15.109693765640259
1.26,0.8,0.66,0.96,1.07,1.11,1.21,0.88,0.74,19143,15.113693952560425
1.26,0.8,0.66,0.95,1.07,1.11,1.22,0.88,0.74,19502,15.117725610733032
1.26,0.8,0.66,0.95,1.08,1.11,1.21,0.88,0.74,19247,15.121717691421509
1.27,0.8,0.66,0.95,1.07,1.11,1.21,0.88,0.74,19320,15.122738361358643
1.26,0.8,0.66,0.96,1.07,1.11,1.22,0.88,0.74,19253,15.125207662582397
1.26,0.8,0.66,0.96,1.07,1.11,1.22,0.88,0.74,19064,15.13045048713684
1.26,0.8,0.66,0.95,1.07,1.11,1.21,0.88,0.74,18907,15.134961605072021
1.26,0.8,0.66,0.96,1.07,1.11,1.22,0.88,0.74,18770,15.134961605072021
1.26,0.8,0.66,0.96,1.07,1.11,1.22,0.88,0.74,18437,15.137821674346924
1.26,0.8,0.66,0.96,1.07,1.11,1.22,0.88,0.74,19158,15.142292499542236
1.26,0.8,0.66,0.96,1.08,1.11,1.22,0.88,0.74,19445,15.146430969238281
1.26,0.8,0.66,0.95,1.07,1.11,1.21,0.88,0.74,19448,15.147481679916382
1.26,0.8,0.65,0.95,1.07,1.11,1.22,0.88,0.74,19317,15.150499105453491
1.26,0.8,0.64,0.95,1.07,1.11,1.22,0.88,0.74,19012,15.154031038284302
1.26,0.8,0.64,0.95,1.07,1.11,1.22,0.88,0.74,19197,15.159063577651978
1.26,0.8,0.64,0.95,1.07,1.11,1.22,0.88,0.74,19316,15.162036180496216
1.27,0.8,0.64,0.95,1.07,1.12,1.22,0.88,0.74,19015,15.162036180496216
1.26,0.8,0.64,0.95,1.07,1.11,1.22,0.88,0.74,18916,15.167840242385864
1.27,0.8,0.64,0.94,1.07,1.11,1.22,0.88,0.74,19355,15.170735359191895
1.26,0.8,0.64,0.95,1.07,1.11,1.22,0.88,0.74,19862,15.174792766571045
1.27,0.8,0.64,0.95,1.08,1.11,1.22,0.88,0.74,19923,15.17578673362732
1.27,0.8,0.64,0.95,1.08,1.11,1.22,0.88,0.74,19618,15.179118633270264
1.26,0.8,0.64,0.95,1.08,1.11,1.22,0.88,0.74,19455,15.183382272720337
1.26,0.8,0.64,0.95,1.07,1.11,1.22,0.88,0.74,19702,15.187421560287476
1.26,0.8,0.64,0.95,1.07,1.11,1.22,0.88,0.74,19655,15.187421560287476
1.26,0.8,0.65,0.95,1.08,1.11,1.22,0.89,0.74,19150,15.191001653671265
1.26,0.8,0.65,0.94,1.07,1.11,1.22,0.88,0.74,19061,15.195616006851196
1.27,0.8,0.64,0.95,1.08,1.11,1.22,0.88,0.74,19240,15.199594259262085
1.26,0.8,0.65,0.95,1.07,1.12,1.22,0.88,0.74,19383,15.2005934715271
1.26,0.8,0.65,0.95,1.07,1.11,1.22,0.89,0.74,19258,15.204129457473755
1.26,0.8,0.65,0.95,1.08,1.12,1.22,0.88,0.74,19321,15.208146810531616
1.26,0.8,0.64,0.95,1.08,1.11,1.22,0.88,0.74,19346,15.21223783493042
1.26,0.8,0.64,0.94,1.07,1.11,1.22,0.88,0.74,19351,15.21223783493042
1.26,0.8,0.64,0.94,1.07,1.11,1.22,0.89,0.74,19238,15.216237783432007
1.26,0.8,0.64,0.94,1.08,1.12,1.22,0.89,0.74,18559,15.21977162361145
1.26,0.8,0.64,0.94,1.07,1.12,1.22,0.88,0.74,19122,15.224380493164062
1.26,0.8,0.65,0.95,1.07,1.11,1.23,0.88,0.74,19317,15.227689266204834
1.26,0.8,0.65,0.95,1.07,1.12,1.23,0.88,0.74,19274,15.228407621383667
1.26,0.8,0.65,0.94,1.07,1.11,1.22,0.89,0.73,19523,15.232805013656616
1.27,0.8,0.66,0.95,1.07,1.11,1.22,0.88,0.73,19614,15.23627233505249
1.26,0.8,0.66,0.95,1.07,1.11,1.23,0.89,0.74,18973,15.240517377853394
1.26,0.8,0.66,0.95,1.08,1.11,1.23,0.89,0.73,18854,15.241519451141357
1.27,0.8,0.66,0.95,1.08,1.11,1.22,0.88,0.73,19213,15.24453592300415
1.27,0.8,0.65,0.95,1.07,1.11,1.22,0.89,0.74,19036,15.24951720237732
1.27,0.8,0.66,0.95,1.08,1.11,1.23,0.89,0.74,19331,15.252289056777954
1.27,0.8,0.66,0.95,1.08,1.11,1.23,0.88,0.73,19502,15.253321409225464
1.26,0.8,0.66,0.95,1.07,1.11,1.22,0.89,0.73,19135,15.257568359375
1.26,0.8,0.65,0.95,1.08,1.11,1.22,0.88,0.74,19224,15.261473655700684
1.26,0.8,0.65,0.95,1.08,1.11,1.22,0.88,0.74,18883,15.26449990272522
1.27,0.8,0.65,0.95,1.07,1.12,1.22,0.88,0.74,18882,15.265499591827393
1.27,0.8,0.65,0.95,1.07,1.12,1.23,0.88,0.74,19537,15.269500255584717
1.26,0.8,0.65,0.94,1.07,1.11,1.23,0.89,0.74,19216,15.273848533630371
1.27,0.8,0.65,0.95,1.08,1.11,1.22,0.89,0.74,18935,15.278204441070557
1.26,0.8,0.65,0.95,1.07,1.12,1.23,0.88,0.73,19418,15.278204441070557
1.26,0.8,0.64,0.95,1.08,1.12,1.22,0.88,0.74,19299,15.281292915344238
1.27,0.8,0.65,0.95,1.07,1.12,1.23,0.88,0.74,19438,15.286293268203735
1.26,0.8,0.65,0.95,1.07,1.12,1.22,0.88,0.74,19621,15.28969144821167
1.26,0.81,0.64,0.95,1.07,1.12,1.23,0.88,0.74,19170,15.29071831703186
1.26,0.81,0.64,0.95,1.07,1.12,1.22,0.89,0.74,18765,15.292980909347534
1.26,0.8,0.64,0.95,1.07,1.12,1.22,0.89,0.74,18842,15.298202514648438
1.26,0.8,0.64,0.95,1.07,1.12,1.23,0.88,0.74,19281,15.302581310272217
1.27,0.8,0.64,0.95,1.07,1.12,1.23,0.88,0.74,19840,15.30576753616333
1.26,0.81,0.64,0.96,1.07,1.12,1.22,0.89,0.74,19119,15.306581258773804
1.26,0.8,0.64,0.95,1.07,1.12,1.23,0.88,0.74,18772,15.310084819793701
1.26,0.8,0.66,0.95,1.07,1.11,1.22,0.88,0.74,19183,15.314509868621826
1.27,0.8,0.66,0.95,1.07,1.11,1.23,0.88,0.74,19436,15.318548679351807
1.26,0.8,0.66,0.95,1.08,1.11,1.23,0.89,0.74,19041,15.318548679351807
1.26,0.8,0.66,0.96,1.07,1.11,1.23,0.88,0.74,18918,15.323186874389648
1.26,0.8,0.66,0.95,1.08,1.11,1.23,0.88,0.74,19333,15.326801300048828
1.26,0.8,0.66,0.95,1.08,1.11,1.23,0.88,0.74,19196,15.330209970474243
1.26,0.8,0.66,0.95,1.07,1.11,1.23,0.88,0.74,19313,15.331298112869263
1.26,0.8,0.66,0.96,1.07,1.11,1.23,0.88,0.74,19626,15.334619998931885
1.26,0.8,0.66,0.95,1.07,1.11,1.23,0.88,0.74,19397,15.338774681091309
1.26,0.8,0.66,0.96,1.07,1.11,1.23,0.88,0.74,19430,15.34289026260376
1.26,0.8,0.66,0.96,1.07,1.11,1.23,0.88,0.74,19633,15.34289026260376
1.26,0.8,0.66,0.96,1.07,1.11,1.23,0.88,0.74,19176,15.346744537353516
1.27,0.8,0.66,0.95,1.07,1.11,1.23,0.88,0.74,19081,15.350741863250732
1.26,0.81,0.66,0.95,1.08,1.11,1.23,0.88,0.74,19284,15.354804277420044
1.26,0.8,0.66,0.95,1.08,1.11,1.23,0.88,0.74,19571,15.355847835540771
1.26,0.8,0.66,0.95,1.08,1.11,1.23,0.88,0.74,19444,15.358885288238525
1.27,0.8,0.66,0.95,1.08,1.11,1.23,0.89,0.74,19501,15.362912654876709
1.26,0.8,0.66,0.95,1.08,1.11,1.23,0.89,0.74,19694,15.368220329284668
1.26,0.8,0.66,0.95,1.08,1.11,1.23,0.88,0.74,19283,15.371221542358398
1.26,0.8,0.66,0.96,1.07,1.11,1.23,0.89,0.74,19232,15.371221542358398
1.25,0.8,0.66,0.95,1.07,1.11,1.23,0.88,0.74,19663,15.375320434570312
1.25,0.8,0.66,0.95,1.07,1.12,1.23,0.88,0.74,19468,15.379319190979004
1.26,0.81,0.66,0.96,1.07,1.11,1.23,0.88,0.74,19279,15.383361339569092
1.26,0.8,0.66,0.95,1.07,1.11,1.23,0.88,0.74,19004,15.384406805038452
1.26,0.81,0.66,0.95,1.07,1.11,1.24,0.88,0.74,18881,15.387407064437866
1.26,0.8,0.66,0.95,1.07,1.11,1.23,0.88,0.74,18840,15.392466068267822
1.26,0.8,0.66,0.95,1.07,1.11,1.23,0.88,0.75,19225,15.39558458328247
1.26,0.8,0.66,0.95,1.07,1.11,1.23,0.88,0.74,19320,15.39663028717041
1.26,0.8,0.67,0.95,1.07,1.11,1.24,0.88,0.74,19253,15.400032758712769
1.26,0.8,0.66,0.95,1.07,1.11,1.24,0.88,0.74,19548,15.40456748008728
1.26,0.8,0.66,0.95,1.07,1.11,1.23,0.88,0.74,19073,15.408411979675293
1.27,0.8,0.66,0.95,1.07,1.11,1.24,0.88,0.74,19482,15.409449815750122
1.27,0.8,0.66,0.95,1.07,1.11,1.23,0.88,0.75,19449,15.412069082260132
1.26,0.81,0.66,0.95,1.07,1.11,1.23,0.88,0.75,19222,15.417089700698853
1.26,0.8,0.66,0.95,1.07,1.11,1.24,0.88,0.75,19111,15.42108964920044
1.26,0.8,0.66,0.95,1.07,1.11,1.23,0.89,0.74,19206,15.42108964920044
1.26,0.81,0.66,0.95,1.07,1.11,1.23,0.88,0.75,19133,15.425089836120605
1.26,0.81,0.66,0.95,1.07,1.11,1.23,0.88,0.75,19132,15.42947268486023
1.27,0.81,0.66,0.95,1.07,1.11,1.23,0.88,0.75,19137,15.433295249938965
1.27,0.81,0.66,0.95,1.07,1.11,1.23,0.88,0.75,19358,15.436828374862671
1.26,0.8,0.66,0.95,1.07,1.11,1.23,0.88,0.74,19199,15.436828374862671
1.26,0.8,0.66,0.95,1.07,1.11,1.23,0.88,0.74,19404,15.441413164138794
1.26,0.81,0.66,0.95,1.07,1.11,1.23,0.88,0.74,19307,15.444995403289795
1.27,0.8,0.66,0.95,1.07,1.11,1.23,0.88,0.74,19472,15.449364185333252
1.27,0.8,0.66,0.95,1.08,1.11,1.23,0.88,0.74,19483,15.45039439201355
1.27,0.8,0.66,0.95,1.08,1.11,1.24,0.89,0.75,18934,15.453359603881836
1.27,0.8,0.66,0.95,1.07,1.11,1.24,0.88,0.74,19119,15.45777940750122
1.26,0.8,0.66,0.95,1.07,1.11,1.24,0.88,0.75,19316,15.46129298210144
1.27,0.8,0.66,0.95,1.07,1.11,1.24,0.89,0.74,19159,15.462332725524902
1.27,0.8,0.66,0.94,1.07,1.11,1.24,0.88,0.74,19182,15.46532678604126
1.26,0.8,0.66,0.94,1.07,1.11,1.24,0.88,0.74,18953,15.470321416854858
1.26,0.8,0.66,0.95,1.07,1.11,1.24,0.88,0.74,18726,15.473847150802612
1.26,0.8,0.66,0.95,1.07,1.11,1.24,0.88,0.74,19057,15.473847150802612
1.27,0.8,0.66,0.95,1.07,1.11,1.24,0.88,0.74,19108,15.478110551834106
1.27,0.8,0.66,0.95,1.07,1.11,1.25,0.89,0.74,19059,15.482228517532349
1.26,0.8,0.66,0.95,1.07,1.11,1.24,0.89,0.75,18930,15.486345291137695
1.27,0.8,0.67,0.95,1.07,1.11,1.24,0.89,0.74,19221,15.486345291137695
1.27,0.8,0.66,0.95,1.07,1.11,1.24,0.88,0.75,19224,15.489344835281372
1.27,0.8,0.66,0.95,1.07,1.11,1.24,0.88,0.74,19299,15.494367122650146
1.26,0.8,0.66,0.95,1.07,1.11,1.24,0.88,0.74,19402,15.498655080795288
1.27,0.8,0.66,0.94,1.07,1.11,1.24,0.89,0.74,19635,15.498655080795288
1.26,0.8,0.66,0.95,1.07,1.1,1.24,0.89,0.75,19494,15.50316333770752
1.27,0.8,0.66,0.94,1.07,1.11,1.24,0.89,0.75,19101,15.50655722618103
1.27,0.8,0.66,0.95,1.07,1.11,1.23,0.89,0.75,19438,15.510308265686035
1.27,0.8,0.66,0.95,1.07,1.11,1.24,0.89,0.75,19301,15.514653205871582
1.26,0.8,0.66,0.94,1.07,1.11,1.24,0.88,0.75,18666,15.515363693237305
1.26,0.8,0.66,0.94,1.07,1.11,1.24,0.89,0.74,18795,15.5198814868927
1.26,0.8,0.66,0.95,1.07,1.11,1.24,0.89,0.75,19224,15.522989511489868
1.26,0.8,0.66,0.94,1.07,1.11,1.24,0.89,0.75,19103,15.526870965957642
1.26,0.8,0.66,0.95,1.07,1.11,1.24,0.89,0.75,19000,15.527915477752686
1.27,0.8,0.66,0.95,1.07,1.11,1.24,0.89,0.75,19231,15.530906438827515
1.27,0.8,0.66,0.95,1.07,1.11,1.24,0.89,0.75,18988,15.53605580329895
1.27,0.8,0.66,0.95,1.07,1.11,1.24,0.88,0.75,19221,15.539395809173584
1.27,0.8,0.66,0.94,1.07,1.11,1.24,0.88,0.75,18950,15.540055513381958
1.27,0.8,0.66,0.95,1.07,1.11,1.24,0.88,0.75,18807,15.544055700302124
1.27,0.8,0.66,0.94,1.07,1.11,1.24,0.88,0.75,19048,15.548055648803711
1.27,0.8,0.66,0.95,1.07,1.11,1.24,0.89,0.75,18991,15.551597356796265
1.27,0.8,0.66,0.96,1.07,1.11,1.23,0.88,0.75,18972,15.552740335464478
1.27,0.8,0.66,0.95,1.07,1.11,1.24,0.89,0.75,19393,15.556232452392578
1.27,0.8,0.66,0.95,1.07,1.11,1.23,0.89,0.74,19282,15.559694290161133
1.27,0.81,0.66,0.95,1.07,1.11,1.24,0.89,0.75,18943,15.563896656036377
1.27,0.8,0.66,0.95,1.07,1.11,1.24,0.89,0.75,18754,15.563896656036377
1.27,0.8,0.66,0.95,1.07,1.11,1.23,0.89,0.75,19521,15.567944049835205
1.27,0.8,0.66,0.95,1.07,1.12,1.24,0.89,0.75,19336,15.572922706604004
1.27,0.8,0.66,0.95,1.07,1.11,1.24,0.89,0.74,19113,15.57692265510559
1.27,0.8,0.66,0.95,1.07,1.11,1.24,0.89,0.75,19248,15.579929828643799
1.27,0.8,0.65,0.95,1.07,1.12,1.24,0.89,0.75,19429,15.579929828643799
1.27,0.8,0.64,0.95,1.07,1.12,1.23,0.89,0.75,19430,15.585235118865967
1.28,0.8,0.64,0.95,1.07,1.12,1.24,0.89,0.75,19199,15.588563680648804
1.27,0.8,0.64,0.95,1.07,1.12,1.24,0.89,0.75,19282,15.592631101608276
1.27,0.8,0.64,0.95,1.07,1.11,1.24,0.89,0.75,19149,15.593630313873291
1.27,0.8,0.64,0.95,1.07,1.11,1.24,0.89,0.75,19126,15.597562074661255
1.27,0.8,0.64,0.95,1.07,1.11,1.24,0.89,0.75,19643,15.601544857025146
1.27,0.81,0.64,0.96,1.07,1.12,1.24,0.89,0.75,19500,15.604749917984009
1.27,0.81,0.65,0.95,1.07,1.11,1.24,0.89,0.75,19089,15.605562210083008
1.27,0.8,0.64,0.95,1.07,1.11,1.24,0.89,0.75,18990,15.609561681747437
1.26,0.81,0.64,0.96,1.07,1.11,1.24,0.89,0.75,18779,15.613547086715698
1.26,0.81,0.64,0.96,1.07,1.11,1.24,0.88,0.75,19014,15.617311954498291
1.26,0.81,0.66,0.96,1.07,1.11,1.24,0.89,0.75,18901,15.618298292160034
1.27,0.81,0.66,0.96,1.07,1.11,1.24,0.89,0.75,19272,15.62221074104309
1.27,0.8,0.66,0.95,1.07,1.11,1.24,0.89,0.75,19559,15.624807834625244
1.26,0.8,0.66,0.96,1.07,1.11,1.24,0.89,0.75,18978,15.629875183105469
1.27,0.8,0.66,0.96,1.07,1.11,1.24,0.89,0.75,19415,15.630040884017944
1.27,0.8,0.66,0.96,1.07,1.11,1.24,0.89,0.75,19702,15.634074449539185
1.26,0.8,0.67,0.95,1.07,1.11,1.24,0.89,0.75,18967,15.638074159622192
1.27,0.8,0.66,0.95,1.07,1.11,1.23,0.89,0.75,18586,15.641743659973145
1.26,0.8,0.67,0.96,1.07,1.11,1.23,0.89,0.75,18893,15.642798662185669
1.26,0.8,0.66,0.96,1.07,1.11,1.24,0.89,0.75,18934,15.645700693130493
1.27,0.8,0.67,0.96,1.07,1.11,1.23,0.89,0.75,19057,15.650747299194336
1.27,0.8,0.67,0.96,1.07,1.11,1.24,0.89,0.75,18864,15.654628276824951
1.26,0.8,0.67,0.96,1.07,1.11,1.23,0.89,0.75,19269,15.654628276824951
1.27,0.8,0.66,0.95,1.07,1.11,1.24,0.89,0.75,19286,15.659032583236694
1.27,0.8,0.67,0.96,1.08,1.11,1.23,0.89,0.75,19259,15.66214108467102
1.27,0.8,0.67,0.96,1.07,1.11,1.23,0.89,0.75,18998,15.667261123657227
1.27,0.8,0.67,0.96,1.07,1.11,1.23,0.89,0.74,19257,15.670336246490479
1.27,0.8,0.67,0.96,1.07,1.11,1.23,0.89,0.75,19144,15.671341896057129
1.26,0.8,0.67,0.96,1.07,1.11,1.23,0.89,0.75,19111,15.675342321395874
1.26,0.8,0.67,0.96,1.07,1.11,1.23,0.89,0.75,19370,15.678584575653076
1.26,0.8,0.67,0.96,1.07,1.11,1.23,0.89,0.75,19473,15.682889461517334
1.26,0.8,0.67,0.96,1.07,1.11,1.23,0.89,0.75,19366,15.682889461517334
1.27,0.81,0.67,0.95,1.07,1.11,1.23,0.89,0.74,18865,15.686457633972168
1.27,0.8,0.67,0.96,1.07,1.11,1.23,0.89,0.75,18726,15.691412448883057
1.27,0.8,0.67,0.96,1.07,1.11,1.23,0.89,0.75,19377,15.695493221282959
1.26,0.81,0.67,0.96,1.07,1.11,1.23,0.89,0.75,19526,15.69603681564331
1.26,0.8,0.67,0.96,1.07,1.11,1.23,0.89,0.75,19145,15.699100732803345
1.26,0.8,0.67,0.96,1.07,1.11,1.23,0.89,0.75,19408,15.704082489013672
1.27,0.8,0.67,0.96,1.07,1.11,1.23,0.89,0.75,19625,15.707273960113525
1.26,0.8,0.67,0.95,1.07,1.11,1.23,0.89,0.75,18978,15.708082675933838
1.27,0.8,0.67,0.95,1.07,1.11,1.23,0.89,0.75,19075,15.712477445602417
1.27,0.8,0.67,0.96,1.08,1.11,1.23,0.89,0.75,19318,15.716531753540039
1.27,0.8,0.67,0.95,1.07,1.11,1.23,0.89,0.75,19243,15.719579696655273
1.27,0.8,0.67,0.96,1.07,1.11,1.23,0.89,0.75,19066,15.720534563064575
1.27,0.8,0.67,0.95,1.07,1.11,1.24,0.89,0.75,19189,15.724215745925903
1.27,0.8,0.66,0.95,1.07,1.11,1.23,0.89,0.75,19262,15.728788375854492
1.27,0.8,0.67,0.96,1.07,1.11,1.23,0.89,0.75,18969,15.732471704483032
1.27,0.8,0.67,0.95,1.08,1.11,1.24,0.89,0.75,19404,15.732471704483032
1.27,0.8,0.67,0.96,1.08,1.11,1.24,0.89,0.75,19543,15.736634254455566
1.27,0.8,0.67,0.95,1.07,1.11,1.23,0.89,0.74,18964,15.741076469421387
1.27,0.81,0.67,0.95,1.07,1.11,1.23,0.89,0.75,18995,15.74508023262024
1.27,0.81,0.67,0.95,1.07,1.11,1.24,0.89,0.75,19196,15.74508023262024
1.27,0.81,0.67,0.95,1.08,1.11,1.23,0.89,0.74,19197,15.748080015182495
1.27,0.8,0.67,0.95,1.08,1.11,1.24,0.89,0.74,19630,15.753080368041992
1.27,0.81,0.67,0.95,1.08,1.11,1.23,0.89,0.74,19567,15.757509231567383
1.27,0.8,0.67,0.95,1.08,1.11,1.23,0.89,0.75,19750,15.760465145111084
1.27,0.81,0.66,0.95,1.08,1.1,1.23,0.89,0.74,19343,15.761520385742188
1.27,0.81,0.67,0.96,1.08,1.11,1.23,0.89,0.75,19208,15.765536785125732
1.27,0.8,0.67,0.96,1.08,1.11,1.23,0.89,0.74,19305,15.769516944885254
1.27,0.8,0.67,0.95,1.08,1.11,1.24,0.89,0.74,18992,15.772843360900879
1.27,0.8,0.67,0.95,1.08,1.11,1.23,0.89,0.75,19483,15.773373365402222
1.27,0.8,0.67,0.95,1.07,1.11,1.24,0.89,0.74,19718,15.777519702911377
1.27,0.81,0.67,0.95,1.08,1.11,1.23,0.89,0.74,19059,15.781540155410767
1.27,0.81,0.67,0.95,1.08,1.11,1.24,0.89,0.75,18730,15.785534143447876
1.27,0.81,0.67,0.96,1.07,1.11,1.23,0.89,0.74,18583,15.785534143447876
1.27,0.81,0.67,0.96,1.07,1.11,1.23,0.89,0.75,18734,15.789534330368042
1.27,0.8,0.67,0.96,1.07,1.11,1.23,0.89,0.75,18855,15.793844938278198
1.27,0.8,0.67,0.95,1.07,1.11,1.23,0.89,0.75,18740,15.79714584350586
1.27,0.8,0.67,0.96,1.07,1.11,1.23,0.89,0.75,19287,15.798210382461548
1.27,0.8,0.67,0.96,1.07,1.11,1.23,0.89,0.75,19196,15.80196738243103
1.27,0.8,0.67,0.96,1.08,1.11,1.23,0.89,0.75,18899,15.805957794189453
1.27,0.8,0.67,0.96,1.08,1.11,1.23,0.89,0.75,19048,15.80995798110962
1.27,0.8,0.67,0.96,1.07,1.11,1.23,0.89,0.75,19537,15.80995798110962
1.27,0.8,0.66,0.96,1.08,1.11,1.23,0.89,0.75,19390,15.813957929611206
1.27,0.8,0.67,0.96,1.08,1.11,1.23,0.89,0.75,19173,15.817957639694214
1.27,0.8,0.67,0.96,1.08,1.11,1.23,0.89,0.75,19142,15.821953058242798
1.27,0.8,0.67,0.96,1.08,1.11,1.24,0.89,0.75,19253,15.822937488555908
1.28,0.8,0.67,0.96,1.08,1.11,1.24,0.89,0.75,19000,15.826101064682007
1.28,0.8,0.67,0.96,1.08,1.11,1.23,0.89,0.75,18885,15.830138683319092
1.28,0.8,0.67,0.95,1.08,1.11,1.23,0.89,0.75,19160,15.834176063537598
1.28,0.8,0.67,0.95,1.07,1.11,1.23,0.89,0.75,19439,15.838175535202026
1.28,0.8,0.67,0.96,1.08,1.11,1.23,0.9,0.75,19822,15.8391752243042
1.27,0.8,0.67,0.96,1.08,1.11,1.23,0.9,0.75,19945,15.842175483703613
1.27,0.79,0.67,0.96,1.07,1.11,1.23,0.9,0.75,19702,15.8461754322052
1.27,0.8,0.67,0.96,1.08,1.11,1.23,0.89,0.75,19567,15.850356578826904
1.27,0.8,0.67,0.96,1.08,1.11,1.24,0.9,0.75,19282,15.851190567016602
1.27,0.79,0.67,0.96,1.08,1.11,1.24,0.89,0.75,19323,15.855307817459106
1.28,0.8,0.67,0.96,1.08,1.11,1.23,0.89,0.75,19508,15.858326196670532
1.27,0.79,0.67,0.96,1.08,1.11,1.23,0.89,0.75,19549,15.862667798995972
1.27,0.8,0.67,0.96,1.08,1.11,1.23,0.89,0.75,18964,15.86371374130249
1.27,0.8,0.67,0.97,1.08,1.11,1.23,0.89,0.75,19043,15.867711544036865
1.28,0.8,0.67,0.96,1.08,1.11,1.23,0.89,0.75,18850,15.871711492538452
1.27,0.79,0.67,0.96,1.08,1.11,1.23,0.89,0.75,19115,15.875711441040039
1.27,0.8,0.67,0.96,1.08,1.11,1.23,0.89,0.75,19530,15.875711441040039
1.27,0.79,0.67,0.96,1.07,1.11,1.24,0.89,0.75,19143,15.880257844924927
1.27,0.8,0.67,0.96,1.08,1.11,1.23,0.89,0.75,18972,15.883738040924072
1.27,0.8,0.67,0.97,1.07,1.11,1.23,0.89,0.75,19207,15.88758373260498
1.27,0.8,0.67,0.96,1.07,1.11,1.23,0.89,0.75,19206,15.888759851455688
1.27,0.8,0.67,0.96,1.08,1.11,1.23,0.89,0.75,19187,15.891802549362183
1.28,0.8,0.67,0.95,1.07,1.11,1.23,0.9,0.75,19450,15.895686388015747
1.28,0.8,0.67,0.96,1.08,1.11,1.23,0.89,0.75,18801,15.900025844573975
1.27,0.8,0.67,0.96,1.08,1.11,1.23,0.9,0.75,18700,15.90376877784729
1.27,0.8,0.67,0.96,1.08,1.11,1.24,0.89,0.75,19145,15.90376877784729
1.27,0.8,0.67,0.96,1.08,1.11,1.23,0.89,0.75,19214,15.908533573150635
1.28,0.8,0.67,0.95,1.08,1.11,1.23,0.89,0.75,18851,15.912550210952759
1.28,0.8,0.67,0.95,1.08,1.11,1.23,0.9,0.75,18982,15.915841817855835
1.27,0.8,0.67,0.96,1.07,1.11,1.23,0.9,0.75,19363,15.916550159454346
1.27,0.8,0.67,0.96,1.08,1.11,1.23,0.9,0.75,19448,15.920537233352661
1.27,0.8,0.67,0.96,1.08,1.11,1.24,0.9,0.75,19213,15.925472021102905
1.27,0.8,0.67,0.96,1.08,1.11,1.24,0.9,0.75,19412,15.928406953811646
1.27,0.8,0.67,0.96,1.08,1.11,1.24,0.9,0.75,19523,15.929419994354248
1.27,0.8,0.67,0.95,1.08,1.11,1.24,0.9,0.75,19496,15.932405948638916
1.27,0.8,0.67,0.95,1.08,1.11,1.24,0.9,0.75,19225,15.937028169631958
1.27,0.8,0.67,0.96,1.08,1.11,1.24,0.9,0.75,19006,15.941236972808838
1.27,0.8,0.67,0.96,1.08,1.11,1.24,0.9,0.75,18887,15.941236972808838
1.27,0.8,0.67,0.96,1.08,1.12,1.24,0.9,0.75,19100,15.944746971130371
1.27,0.8,0.66,0.96,1.08,1.11,1.23,0.9,0.75,19025,15.949350833892822
1.27,0.8,0.67,0.96,1.07,1.11,1.24,0.9,0.75,19040,15.953457832336426
1.27,0.8,0.67,0.96,1.07,1.11,1.24,0.9,0.75,19325,15.953457832336426
1.27,0.8,0.67,0.96,1.07,1.11,1.24,0.9,0.75,19610,15.95752239227295
1.27,0.8,0.67,0.96,1.08,1.11,1.24,0.9,0.75,19511,15.961522340774536
1.27,0.8,0.67,0.96,1.08,1.11,1.24,0.9,0.75,19426,15.966032028198242
1.28,0.8,0.67,0.96,1.08,1.11,1.24,0.9,0.75,19335,15.966032028198242
1.27,0.8,0.67,0.96,1.08,1.11,1.23,0.9,0.75,19374,15.969035863876343
1.27,0.8,0.66,0.96,1.07,1.11,1.24,0.9,0.75,19445,15.973247051239014
1.27,0.8,0.67,0.96,1.08,1.11,1.24,0.9,0.75,19184,15.978322267532349
1.27,0.8,0.67,0.96,1.08,1.11,1.23,0.9,0.76,19311,15.980653047561646
1.27,0.8,0.67,0.96,1.08,1.11,1.24,0.89,0.75,19318,15.981698751449585
1.27,0.8,0.67,0.96,1.07,1.11,1.24,0.89,0.75,19211,15.985749244689941
1.27,0.8,0.66,0.96,1.08,1.11,1.24,0.89,0.75,19438,15.990112066268921
1.27,0.8,0.67,0.96,1.08,1.11,1.24,0.9,0.75,19363,15.993187189102173
1.27,0.8,0.66,0.96,1.08,1.11,1.24,0.9,0.75,19140,15.99419093132019
1.27,0.8,0.66,0.96,1.08,1.11,1.24,0.9,0.75,18587,15.998196601867676
1.27,0.8,0.67,0.96,1.08,1.11,1.24,0.89,0.75,18890,16.00191569328308
1.27,0.8,0.67,0.96,1.08,1.11,1.24,0.89,0.75,18947,16.00624966621399
1.28,0.8,0.67,0.96,1.08,1.11,1.23,0.89,0.75,19050,16.00653600692749
1.27,0.8,0.67,0.96,1.08,1.11,1.24,0.9,0.75,19467,16.01075506210327
1.27,0.8,0.67,0.96,1.08,1.11,1.23,0.9,0.75,19360,16.014766931533813
1.27,0.8,0.67,0.96,1.08,1.11,1.24,0.89,0.75,18957,16.01771831512451
1.27,0.8,0.66,0.96,1.07,1.11,1.23,0.9,0.75,18820,16.01876163482666
1.28,0.8,0.66,0.96,1.08,1.11,1.24,0.9,0.75,19577,16.023029327392578
1.28,0.8,0.67,0.95,1.08,1.11,1.23,0.9,0.75,19394,16.026663780212402
1.27,0.8,0.67,0.96,1.07,1.11,1.24,0.9,0.75,19177,16.030707836151123
1.28,0.8,0.67,0.96,1.08,1.11,1.24,0.9,0.75,19036,16.031715393066406
1.27,0.8,0.67,0.96,1.08,1.11,1.24,0.9,0.75,19241,16.03473949432373
1.28,0.8,0.67,0.96,1.08,1.11,1.24,0.89,0.75,18930,16.039564609527588
1.27,0.8,0.67,0.96,1.08,1.11,1.23,0.89,0.75,18843,16.043177843093872
1.27,0.8,0.67,0.96,1.08,1.11,1.24,0.9,0.75,18912,16.047051429748535
1.27,0.8,0.67,0.96,1.08,1.11,1.24,0.9,0.75,19113,16.047850131988525
1.27,0.8,0.67,0.96,1.08,1.12,1.24,0.9,0.75,19160,16.0514178276062
1.27,0.8,0.67,0.97,1.08,1.11,1.24,0.9,0.75,19497,16.055673599243164
1.27,0.8,0.67,0.97,1.08,1.11,1.24,0.9,0.75,19942,16.059712409973145
1.27,0.8,0.66,0.96,1.08,1.11,1.24,0.9,0.75,20093,16.059712409973145
1.27,0.8,0.67,0.96,1.08,1.11,1.23,0.9,0.75,19636,16.06392216682434
1.27,0.8,0.67,0.96,1.08,1.11,1.24,0.9,0.75,19251,16.067623376846313
1.27,0.8,0.67,0.97,1.08,1.11,1.24,0.89,0.75,19122,16.071658849716187
1.27,0.8,0.67,0.97,1.08,1.11,1.24,0.9,0.75,18939,16.072665452957153
1.27,0.8,0.67,0.96,1.08,1.11,1.24,0.9,0.75,19026,16.07666516304016
1.27,0.8,0.67,0.97,1.07,1.11,1.24,0.9,0.75,19049,16.07992959022522
1.26,0.8,0.67,0.97,1.08,1.11,1.24,0.9,0.75,19022,16.083781957626343
1.27,0.8,0.67,0.97,1.08,1.11,1.24,0.9,0.75,19277,16.084500789642334
1.27,0.8,0.67,0.97,1.08,1.11,1.24,0.9,0.75,19394,16.088285446166992
1.27,0.8,0.67,0.97,1.08,1.11,1.24,0.9,0.75,19225,16.09333610534668
1.27,0.8,0.67,0.97,1.08,1.11,1.24,0.9,0.76,19290,16.095871448516846
1.27,0.8,0.67,0.97,1.08,1.11,1.24,0.9,0.75,19633,16.09692072868347
1.27,0.8,0.66,0.97,1.08,1.11,1.23,0.9,0.75,19192,16.101427793502808
1.27,0.8,0.67,0.96,1.08,1.11,1.24,0.9,0.75,18763,16.104746341705322
1.27,0.8,0.66,0.97,1.07,1.11,1.25,0.9,0.76,18752,16.109180688858032
1.27,0.8,0.67,0.96,1.08,1.11,1.24,0.9,0.75,18991,16.109180688858032
1.27,0.8,0.67,0.96,1.08,1.11,1.24,0.9,0.76,19536,16.11350107192993
1.27,0.8,0.66,0.97,1.08,1.11,1.24,0.9,0.76,19487,16.116827487945557
1.27,0.8,0.66,0.97,1.08,1.11,1.24,0.9,0.75,18844,16.121883630752563
1.27,0.8,0.67,0.97,1.08,1.11,1.24,0.9,0.75,18663,16.12429165840149
1.27,0.8,0.66,0.97,1.08,1.11,1.24,0.9,0.75,19054,16.12537908554077
1.27,0.8,0.66,0.97,1.08,1.11,1.24,0.9,0.76,19269,16.12945246696472
1.27,0.8,0.66,0.97,1.07,1.11,1.24,0.9,0.75,18880,16.13445281982422
1.27,0.8,0.67,0.97,1.08,1.11,1.24,0.9,0.76,19213,16.13687801361084
1.27,0.8,0.66,0.97,1.08,1.11,1.24,0.9,0.76,19176,16.13687801361084
1.27,0.8,0.66,0.97,1.08,1.11,1.24,0.9,0.76,19101,16.142079830169678
1.27,0.8,0.67,0.97,1.08,1.11,1.24,0.9,0.76,19072,16.145600080490112
1.27,0.8,0.66,0.97,1.08,1.11,1.24,0.9,0.76,19127,16.149736881256104
1.27,0.8,0.66,0.96,1.08,1.11,1.25,0.9,0.75,19274,16.149736881256104
1.27,0.8,0.66,0.97,1.08,1.11,1.24,0.9,0.76,18997,16.15409517288208
1.27,0.8,0.66,0.96,1.08,1.11,1.24,0.9,0.76,19000,16.15808629989624
1.27,0.8,0.66,0.96,1.08,1.11,1.24,0.9,0.76,18973,16.162080764770508
1.27,0.8,0.66,0.96,1.08,1.11,1.25,0.9,0.75,18946,16.162080764770508
1.27,0.8,0.66,0.96,1.08,1.11,1.24,0.9,0.76,18993,16.16607928276062
1.27,0.8,0.66,0.96,1.08,1.11,1.24,0.9,0.76,19220,16.17008113861084
1.28,0.8,0.66,0.96,1.08,1.11,1.24,0.9,0.76,19147,16.174079179763794
1.27,0.8,0.66,0.96,1.08,1.11,1.24,0.9,0.75,19018,16.174079179763794
1.27,0.8,0.66,0.97,1.08,1.11,1.24,0.9,0.75,19221,16.178080320358276
1.27,0.8,0.66,0.97,1.08,1.11,1.24,0.9,0.75,19478,16.18213653564453
1.27,0.8,0.66,0.96,1.08,1.11,1.24,0.9,0.75,19327,16.18612790107727
1.27,0.8,0.66,0.97,1.08,1.11,1.24,0.9,0.75,19150,16.190150499343872
1.27,0.8,0.66,0.96,1.07,1.11,1.24,0.9,0.75,19101,16.190739393234253
1.27,0.8,0.66,0.97,1.08,1.12,1.24,0.9,0.75,19264,16.194544315338135
1.27,0.8,0.66,0.97,1.07,1.11,1.24,0.9,0.75,19609,16.19809103012085
1.28,0.8,0.66,0.97,1.07,1.11,1.25,0.9,0.75,19428,16.202216863632202
1.27,0.79,0.66,0.96,1.07,1.11,1.24,0.9,0.75,19313,16.203221082687378
1.27,0.8,0.66,0.96,1.07,1.11,1.24,0.9,0.75,19040,16.207374095916748
1.27,0.8,0.66,0.96,1.08,1.11,1.25,0.9,0.75,19165,16.21221685409546
1.27,0.8,0.66,0.97,1.08,1.11,1.24,0.9,0.75,19396,16.215224504470825
1.27,0.8,0.66,0.97,1.08,1.11,1.25,0.9,0.75,19001,16.215224504470825
1.27,0.8,0.66,0.97,1.08,1.11,1.25,0.9,0.76,18854,16.219311475753784
1.27,0.8,0.66,0.96,1.08,1.11,1.25,0.9,0.75,19067,16.223393201828003
1.27,0.8,0.66,0.96,1.08,1.11,1.25,0.9,0.75,19398,16.22740864753723
1.27,0.8,0.67,0.97,1.08,1.11,1.24,0.9,0.75,19451,16.22856378555298
1.27,0.8,0.66,0.97,1.08,1.11,1.25,0.9,0.76,19144,16.231855869293213
1.27,0.8,0.66,0.96,1.08,1.11,1.25,0.9,0.76,19141,16.235912561416626
1.27,0.8,0.66,0.96,1.08,1.11,1.25,0.9,0.75,19360,16.239871501922607
1.27,0.8,0.66,0.96,1.08,1.11,1.25,0.9,0.76,19609,16.239871501922607
1.26,0.8,0.67,0.97,1.08,1.11,1.25,0.9,0.76,19430,16.24394416809082
1.27,0.8,0.67,0.97,1.08,1.11,1.25,0.9,0.75,19667,16.2479145526886
1.27,0.8,0.67,0.97,1.08,1.11,1.25,0.9,0.75,19624,16.252944231033325
1.27,0.8,0.66,0.96,1.08,1.11,1.25,0.9,0.75,19051,16.252944231033325
1.27,0.8,0.67,0.97,1.08,1.11,1.24,0.9,0.76,19050,16.25646710395813
1.27,0.79,0.67,0.96,1.08,1.11,1.25,0.9,0.76,18903,16.260452270507812
1.27,0.8,0.67,0.96,1.08,1.11,1.25,0.9,0.75,19232,16.26431155204773
1.27,0.8,0.67,0.96,1.08,1.11,1.25,0.9,0.76,19057,16.268621683120728
1.27,0.8,0.67,0.96,1.09,1.11,1.25,0.9,0.76,19024,16.268621683120728
1.27,0.8,0.67,0.97,1.09,1.11,1.25,0.9,0.76,19151,16.272663116455078
1.27,0.8,0.67,0.97,1.08,1.11,1.25,0.9,0.76,18984,16.27612066268921
1.27,0.81,0.66,0.97,1.09,1.11,1.25,0.9,0.75,19353,16.280508756637573
1.27,0.8,0.67,0.96,1.09,1.11,1.25,0.9,0.75,19794,16.281170129776
1.27,0.8,0.67,0.96,1.09,1.11,1.25,0.9,0.75,19389,16.285418033599854
1.27,0.8,0.66,0.96,1.08,1.11,1.25,0.9,0.76,18610,16.2894184589386
1.27,0.8,0.67,0.96,1.09,1.11,1.24,0.9,0.75,18981,16.29294729232788
1.27,0.8,0.67,0.96,1.09,1.11,1.24,0.9,0.75,19482,16.29390788078308
1.27,0.8,0.67,0.96,1.09,1.11,1.25,0.9,0.75,19307,16.297417879104614
1.27,0.8,0.67,0.97,1.09,1.11,1.25,0.9,0.75,19016,16.302290439605713
1.27,0.8,0.66,0.97,1.08,1.11,1.24,0.9,0.75,19519,16.304990768432617
1.27,0.8,0.67,0.97,1.09,1.11,1.24,0.9,0.75,19776,16.306056022644043
1.27,0.8,0.66,0.97,1.09,1.11,1.24,0.9,0.75,19367,16.309622526168823
1.27,0.8,0.66,0.96,1.09,1.12,1.25,0.9,0.75,18968,16.313695430755615
1.27,0.8,0.66,0.97,1.08,1.11,1.25,0.9,0.75,19037,16.317769527435303
1.27,0.8,0.66,0.96,1.08,1.11,1.25,0.9,0.75,19210,16.317769527435303
1.27,0.8,0.66,0.97,1.08,1.11,1.25,0.9,0.75,19179,16.321748971939087
1.27,0.8,0.66,0.97,1.08,1.11,1.24,0.9,0.75,18900,16.325763940811157
1.28,0.8,0.66,0.97,1.09,1.11,1.24,0.9,0.76,19079,16.330135345458984
1.28,0.8,0.66,0.97,1.09,1.11,1.24,0.9,0.75,19462,16.33353042602539
1.28,0.8,0.66,0.97,1.08,1.11,1.24,0.9,0.75,19369,16.334235668182373
1.27,0.8,0.67,0.97,1.08,1.11,1.24,0.9,0.75,19272,16.338243007659912
1.27,0.8,0.67,0.97,1.09,1.12,1.24,0.9,0.75,19105,16.342772483825684
1.28,0.8,0.67,0.97,1.09,1.11,1.24,0.9,0.75,19702,16.346309185028076
1.27,0.8,0.67,0.97,1.09,1.11,1.24,0.9,0.75,19517,16.347317695617676
1.27,0.8,0.66,0.97,1.09,1.11,1.25,0.9,0.75,19082,16.35133934020996
1.27,0.8,0.66,0.97,1.09,1.11,1.24,0.9,0.75,18759,16.35478448867798
1.27,0.8,0.67,0.97,1.09,1.11,1.24,0.9,0.75,18976,16.35846257209778
1.27,0.8,0.67,0.97,1.09,1.11,1.24,0.9,0.75,18779,16.359532833099365
1.28,0.8,0.66,0.97,1.09,1.11,1.25,0.9,0.75,18996,16.36297035217285
1.28,0.8,0.67,0.97,1.09,1.12,1.24,0.9,0.75,19129,16.367247819900513
1.28,0.8,0.67,0.97,1.09,1.12,1.24,0.9,0.75,18758,16.370248079299927
1.28,0.8,0.67,0.97,1.09,1.11,1.24,0.9,0.75,18907,16.371253728866577
1.27,0.8,0.67,0.97,1.09,1.11,1.24,0.9,0.75,19038,16.375253677368164
1.28,0.8,0.67,0.96,1.09,1.11,1.24,0.9,0.75,19127,16.37925124168396
1.27,0.8,0.66,0.96,1.09,1.11,1.24,0.9,0.75,19232,16.383254766464233
1.28,0.8,0.67,0.96,1.08,1.11,1.25,0.9,0.75,19407,16.383254766464233
1.27,0.8,0.67,0.97,1.09,1.11,1.24,0.9,0.75,19466,16.387250185012817
1.27,0.8,0.67,0.96,1.09,1.11,1.24,0.9,0.75,19659,16.391262531280518
1.28,0.79,0.67,0.97,1.09,1.12,1.24,0.9,0.75,19276,16.395089387893677
1.27,0.8,0.67,0.96,1.09,1.11,1.24,0.9,0.75,19301,16.3961181640625
1.27,0.8,0.67,0.96,1.09,1.11,1.25,0.9,0.75,19306,16.399534702301025
1.27,0.8,0.67,0.96,1.09,1.11,1.24,0.9,0.75,19101,16.403225660324097
1.27,0.8,0.67,0.97,1.09,1.12,1.24,0.9,0.75,19290,16.407258987426758
1.27,0.8,0.67,0.97,1.09,1.11,1.24,0.9,0.75,18737,16.41134762763977
1.28,0.8,0.67,0.96,1.09,1.11,1.24,0.9,0.75,18912,16.4123272895813
1.27,0.8,0.67,0.97,1.09,1.11,1.24,0.9,0.75,19255,16.41641926765442
1.28,0.8,0.67,0.96,1.09,1.11,1.24,0.9,0.75,18652,16.420488119125366
1.27,0.8,0.67,0.97,1.09,1.11,1.24,0.9,0.75,18767,16.423966884613037
1.27,0.8,0.67,0.97,1.09,1.12,1.24,0.9,0.75,19254,16.4247989654541
1.27,0.8,0.67,0.97,1.1,1.11,1.24,0.9,0.75,19219,16.42778468132019
1.27,0.8,0.66,0.97,1.09,1.11,1.24,0.9,0.75,18908,16.433395385742188
1.27,0.8,0.66,0.97,1.09,1.11,1.24,0.9,0.75,18973,16.436481475830078
1.27,0.8,0.66,0.97,1.09,1.11,1.24,0.9,0.75,18772,16.437469720840454
1.28,0.8,0.66,0.97,1.09,1.11,1.25,0.9,0.75,18569,16.440248727798462
1.27,0.8,0.67,0.96,1.09,1.12,1.24,0.9,0.75,18986,16.444939613342285
1.27,0.8,0.66,0.96,1.09,1.11,1.24,0.9,0.75,19131,16.44821047782898
1.27,0.8,0.67,0.96,1.09,1.12,1.25,0.9,0.75,19320,16.44928789138794
1.27,0.8,0.67,0.96,1.09,1.11,1.25,0.9,0.75,19545,16.452795028686523
1.27,0.8,0.66,0.97,1.09,1.11,1.25,0.9,0.75,19244,16.456785917282104
1.27,0.8,0.66,0.97,1.09,1.11,1.24,0.9,0.75,19405,16.461286544799805
1.27,0.8,0.67,0.97,1.09,1.11,1.25,0.9,0.75,19502,16.461286544799805
1.27,0.8,0.67,0.96,1.09,1.11,1.25,0.9,0.75,19189,16.46528911590576
1.27,0.8,0.67,0.96,1.09,1.11,1.25,0.9,0.75,19014,16.469585180282593
1.27,0.8,0.67,0.96,1.09,1.11,1.25,0.9,0.75,19167,16.4728364944458
1.27,0.8,0.67,0.96,1.09,1.11,1.25,0.9,0.75,19368,16.473902225494385
1.27,0.8,0.67,0.96,1.09,1.11,1.25,0.9,0.75,18991,16.478273630142212
1.27,0.8,0.67,0.97,1.09,1.11,1.25,0.9,0.75,18826,16.482455253601074
1.27,0.8,0.67,0.97,1.09,1.11,1.25,0.9,0.75,19309,16.48563003540039
1.27,0.8,0.67,0.96,1.09,1.11,1.25,0.9,0.75,19298,16.488844871520996
1.27,0.8,0.67,0.96,1.09,1.11,1.25,0.9,0.75,19447,16.4908447265625
1.27,0.8,0.67,0.97,1.09,1.11,1.25,0.9,0.76,19698,16.493850469589233
1.27,0.8,0.67,0.97,1.09,1.11,1.25,0.9,0.76,19403,16.498363971710205
1.27,0.8,0.67,0.97,1.08,1.11,1.25,0.9,0.76,19202,16.501363039016724
1.27,0.8,0.67,0.97,1.09,1.11,1.25,0.9,0.76,19297,16.502363681793213
1.27,0.8,0.67,0.97,1.09,1.11,1.25,0.9,0.76,18908,16.505619287490845
1.27,0.8,0.67,0.97,1.09,1.11,1.24,0.9,0.75,19211,16.510194063186646
1.28,0.8,0.67,0.97,1.09,1.11,1.25,0.9,0.76,19800,16.513274908065796
1.27,0.8,0.67,0.97,1.09,1.11,1.25,0.9,0.75,19413,16.514291286468506
1.27,0.8,0.67,0.96,1.09,1.11,1.25,0.9,0.75,19324,16.51829481124878
1.27,0.8,0.67,0.96,1.09,1.11,1.24,0.9,0.75,19435,16.522351264953613
1.27,0.8,0.67,0.96,1.09,1.11,1.25,0.9,0.75,19346,16.52640461921692
1.27,0.8,0.67,0.97,1.09,1.11,1.25,0.9,0.76,19039,16.527295351028442
1.27,0.8,0.67,0.97,1.09,1.11,1.24,0.9,0.75,18624,16.530295610427856
1.27,0.8,0.67,0.97,1.09,1.11,1.25,0.9,0.76,19061,16.535346746444702
1.28,0.8,0.67,0.97,1.09,1.11,1.25,0.9,0.76,19264,16.53910994529724
1.27,0.8,0.67,0.97,1.09,1.11,1.25,0.9,0.76,18943,16.53910994529724
1.27,0.8,0.67,0.97,1.09,1.11,1.25,0.9,0.76,18930,16.542760610580444
1.27,0.8,0.67,0.97,1.09,1.11,1.24,0.9,0.76,18821,16.547812938690186
1.27,0.8,0.67,0.97,1.09,1.11,1.24,0.9,0.76,19358,16.55110216140747
1.27,0.8,0.67,0.97,1.09,1.11,1.24,0.9,0.76,19001,16.552404642105103
1.27,0.8,0.67,0.97,1.09,1.11,1.25,0.9,0.76,18582,16.555490970611572
1.27,0.8,0.67,0.97,1.09,1.11,1.24,0.9,0.76,19013,16.55989384651184
1.27,0.8,0.67,0.97,1.09,1.11,1.25,0.9,0.76,18978,16.563891887664795
1.27,0.8,0.67,0.97,1.09,1.11,1.25,0.9,0.76,18763,16.563891887664795
1.27,0.8,0.67,0.97,1.09,1.11,1.24,0.9,0.76,18772,16.56789231300354
1.27,0.8,0.67,0.97,1.09,1.11,1.25,0.9,0.76,18667,16.572274684906006
1.27,0.8,0.67,0.97,1.09,1.11,1.25,0.9,0.76,18644,16.576274156570435
1.27,0.8,0.67,0.97,1.09,1.11,1.24,0.9,0.76,19169,16.576274156570435
1.27,0.8,0.67,0.97,1.09,1.11,1.24,0.9,0.76,19332,16.58027410507202
1.27,0.8,0.67,0.97,1.09,1.11,1.24,0.9,0.76,19255,16.58385467529297
1.27,0.8,0.67,0.98,1.09,1.11,1.25,0.9,0.76,18744,16.587958574295044
1.27,0.8,0.67,0.97,1.09,1.11,1.24,0.9,0.76,18425,16.5919771194458
1.27,0.8,0.67,0.97,1.09,1.11,1.25,0.9,0.76,18686,16.593047857284546
1.27,0.8,0.67,0.97,1.09,1.11,1.24,0.9,0.76,18851,16.595131874084473
1.27,0.8,0.67,0.97,1.09,1.11,1.24,0.9,0.76,18878,16.599878311157227
1.27,0.8,0.67,0.97,1.09,1.11,1.24,0.9,0.76,19063,16.60400414466858
1.27,0.8,0.67,0.97,1.09,1.11,1.24,0.9,0.76,19434,16.60500407218933
1.28,0.8,0.67,0.97,1.09,1.11,1.25,0.9,0.76,19663,16.60900044441223
1.28,0.8,0.67,0.97,1.09,1.11,1.24,0.9,0.76,19060,16.612080335617065
1.27,0.8,0.67,0.96,1.09,1.11,1.25,0.9,0.76,19377,16.617381811141968
1.27,0.8,0.67,0.97,1.1,1.11,1.25,0.9,0.76,19258,16.617381811141968
1.27,0.8,0.67,0.96,1.1,1.11,1.25,0.9,0.76,19013,16.621602058410645
1.28,0.8,0.67,0.97,1.09,1.11,1.25,0.9,0.76,18908,16.624781370162964
1.28,0.8,0.67,0.96,1.09,1.11,1.25,0.9,0.76,18987,16.628912925720215
1.28,0.8,0.67,0.97,1.09,1.11,1.24,0.9,0.76,18810,16.62996816635132
1.27,0.79,0.67,0.97,1.09,1.11,1.25,0.9,0.76,18777,16.633535861968994
1.28,0.79,0.67,0.97,1.09,1.11,1.25,0.9,0.76,19038,16.63704514503479
1.28,0.79,0.67,0.97,1.09,1.11,1.24,0.9,0.76,18913,16.64204478263855
1.28,0.79,0.67,0.97,1.09,1.11,1.25,0.9,0.76,18928,16.64204478263855
1.27,0.8,0.67,0.97,1.09,1.11,1.25,0.9,0.76,19205,16.64504623413086
1.28,0.8,0.67,0.97,1.09,1.11,1.25,0.9,0.76,19162,16.650044679641724
1.28,0.8,0.67,0.97,1.09,1.11,1.25,0.9,0.76,19079,16.65420389175415
1.28,0.8,0.67,0.96,1.09,1.11,1.25,0.9,0.76,19034,16.65752911567688
1.27,0.8,0.67,0.97,1.09,1.11,1.24,0.9,0.76,19441,16.658584117889404
1.28,0.8,0.67,0.96,1.1,1.11,1.25,0.9,0.76,19518,16.66180968284607
1.27,0.8,0.67,0.96,1.1,1.11,1.25,0.9,0.76,19347,16.666110038757324
1.28,0.8,0.67,0.97,1.1,1.11,1.24,0.9,0.76,19344,16.66938328742981
1.28,0.79,0.67,0.97,1.1,1.11,1.24,0.9,0.76,19265,16.67011046409607
1.28,0.8,0.67,0.97,1.1,1.11,1.25,0.9,0.76,18844,16.674073457717896
1.28,0.8,0.67,0.97,1.1,1.11,1.25,0.9,0.76,19101,16.67807912826538
1.27,0.79,0.67,0.97,1.1,1.11,1.25,0.9,0.76,19518,16.68195605278015
1.27,0.8,0.67,0.97,1.09,1.11,1.25,0.9,0.76,19127,16.68195605278015
1.28,0.8,0.67,0.96,1.1,1.11,1.24,0.9,0.76,19060,16.686283826828003
1.28,0.79,0.67,0.97,1.09,1.11,1.25,0.9,0.76,19141,16.690381288528442
1.28,0.8,0.67,0.97,1.1,1.11,1.25,0.9,0.76,19310,16.694377183914185
1.28,0.8,0.67,0.97,1.1,1.11,1.25,0.9,0.76,19201,16.694377183914185
1.28,0.8,0.67,0.97,1.1,1.11,1.25,0.9,0.76,18950,16.699225425720215
1.28,0.8,0.67,0.97,1.09,1.11,1.24,0.9,0.76,19115,16.70321536064148
1.28,0.8,0.67,0.97,1.09,1.11,1.25,0.9,0.76,19514,16.707122325897217
1.28,0.8,0.67,0.97,1.1,1.11,1.25,0.9,0.76,19259,16.70771050453186
1.28,0.8,0.67,0.97,1.09,1.11,1.25,0.9,0.76,19148,16.7113254070282
1.28,0.8,0.67,0.97,1.1,1.11,1.25,0.9,0.76,19615,16.715221881866455
1.27,0.8,0.67,0.97,1.09,1.11,1.25,0.9,0.76,19580,16.71926736831665
1.28,0.8,0.67,0.96,1.09,1.11,1.25,0.9,0.76,19035,16.71926736831665
1.28,0.8,0.67,0.97,1.09,1.11,1.24,0.9,0.76,18704,16.7228741645813
1.28,0.8,0.67,0.97,1.09,1.11,1.25,0.91,0.76,18921,16.727906703948975
1.28,0.8,0.67,0.96,1.09,1.11,1.25,0.9,0.76,18762,16.732316493988037
1.28,0.8,0.67,0.96,1.09,1.11,1.25,0.91,0.76,19123,16.735271215438843
1.28,0.8,0.67,0.96,1.09,1.11,1.25,0.9,0.76,19466,16.73634910583496
1.27,0.8,0.67,0.96,1.09,1.11,1.25,0.9,0.76,19551,16.73892092704773
1.28,0.8,0.68,0.97,1.09,1.11,1.25,0.9,0.76,19340,16.744373559951782
1.28,0.8,0.67,0.96,1.09,1.11,1.25,0.9,0.76,19317,16.747658014297485
1.28,0.8,0.67,0.97,1.09,1.11,1.25,0.9,0.76,19106,16.74837350845337
1.28,0.8,0.67,0.97,1.09,1.11,1.25,0.91,0.76,18961,16.75190281867981
1.28,0.8,0.67,0.97,1.09,1.11,1.25,0.9,0.76,19382,16.755913019180298
1.28,0.8,0.67,0.97,1.09,1.11,1.25,0.9,0.76,19705,16.75963068008423
1.28,0.8,0.67,0.97,1.09,1.11,1.25,0.91,0.76,19338,16.76066565513611
1.28,0.8,0.67,0.96,1.09,1.11,1.25,0.9,0.76,18987,16.76420307159424
1.28,0.8,0.67,0.97,1.09,1.11,1.25,0.9,0.76,19298,16.76850986480713
1.28,0.8,0.67,0.97,1.09,1.11,1.25,0.9,0.76,19097,16.77255344390869
1.28,0.8,0.67,0.97,1.09,1.11,1.25,0.9,0.76,19372,16.77255344390869
1.27,0.8,0.67,0.97,1.09,1.11,1.25,0.91,0.76,19177,16.776554822921753
1.28,0.8,0.67,0.97,1.09,1.11,1.25,0.91,0.76,19096,16.780524969100952
1.27,0.8,0.67,0.98,1.09,1.11,1.25,0.9,0.76,19211,16.784462451934814
1.27,0.8,0.67,0.97,1.09,1.11,1.25,0.91,0.76,19006,16.785431146621704
1.27,0.8,0.67,0.97,1.09,1.11,1.25,0.9,0.76,19107,16.788528442382812
1.28,0.8,0.67,0.98,1.09,1.11,1.25,0.9,0.76,18728,16.792680740356445
1.28,0.8,0.67,0.97,1.09,1.11,1.25,0.91,0.76,19059,16.797369241714478
1.27,0.8,0.67,0.97,1.09,1.11,1.25,0.91,0.76,19246,16.800379991531372
1.28,0.8,0.67,0.97,1.09,1.11,1.25,0.91,0.76,19263,16.80138373374939
1.28,0.8,0.67,0.97,1.09,1.11,1.25,0.9,0.76,18908,16.805386781692505
1.27,0.8,0.67,0.98,1.09,1.11,1.24,0.91,0.76,18907,16.80908751487732
1.28,0.8,0.67,0.97,1.09,1.11,1.24,0.9,0.76,18842,16.81326413154602
1.28,0.8,0.67,0.98,1.09,1.11,1.24,0.91,0.76,18943,16.81326413154602
1.27,0.8,0.67,0.98,1.09,1.11,1.24,0.91,0.76,19044,16.817339420318604
1.28,0.8,0.67,0.97,1.09,1.11,1.24,0.9,0.76,18995,16.82141947746277
1.28,0.8,0.67,0.98,1.09,1.11,1.24,0.9,0.76,18996,16.825316905975342
1.28,0.8,0.67,0.98,1.09,1.11,1.24,0.9,0.76,19211,16.826319932937622
1.28,0.8,0.67,0.98,1.09,1.11,1.24,0.9,0.76,19352,16.82975959777832
1.28,0.8,0.67,0.98,1.09,1.11,1.24,0.9,0.76,18987,16.833051204681396
1.28,0.8,0.67,0.98,1.09,1.11,1.24,0.91,0.76,19154,16.837122678756714
1.28,0.8,0.67,0.97,1.09,1.11,1.24,0.91,0.76,19251,16.83819818496704
1.28,0.8,0.68,0.98,1.09,1.1,1.24,0.9,0.76,19102,16.84234881401062
1.28,0.81,0.67,0.97,1.09,1.11,1.24,0.9,0.76,19039,16.84634828567505
1.28,0.8,0.68,0.97,1.09,1.11,1.24,0.9,0.76,19228,16.849590063095093
1.28,0.8,0.67,0.97,1.09,1.11,1.24,0.9,0.76,19421,16.849590063095093
1.28,0.8,0.67,0.98,1.09,1.11,1.24,0.9,0.76,19538,16.854567766189575
1.28,0.8,0.68,0.98,1.09,1.11,1.24,0.9,0.76,19315,16.858572244644165
1.28,0.8,0.68,0.98,1.09,1.11,1.24,0.91,0.76,19120,16.861560344696045
1.28,0.8,0.67,0.98,1.09,1.11,1.24,0.9,0.76,19115,16.86603093147278
1.28,0.8,0.68,0.98,1.09,1.11,1.24,0.9,0.76,19338,16.86603093147278
1.28,0.8,0.67,0.98,1.09,1.11,1.24,0.9,0.76,19335,16.87032914161682
1.28,0.8,0.67,0.98,1.09,1.11,1.24,0.91,0.76,19118,16.875378847122192
1.28,0.8,0.67,0.97,1.09,1.11,1.24,0.9,0.76,19061,16.878488063812256
1.28,0.8,0.67,0.98,1.09,1.11,1.24,0.91,0.76,18806,16.878488063812256
1.28,0.8,0.67,0.98,1.09,1.11,1.24,0.91,0.76,19095,16.882341384887695
1.28,0.8,0.67,0.98,1.09,1.11,1.24,0.9,0.76,18998,16.886895895004272
1.28,0.8,0.68,0.98,1.09,1.11,1.24,0.91,0.76,19053,16.890949010849
1.28,0.8,0.67,0.98,1.08,1.11,1.24,0.9,0.76,18836,16.89190125465393
1.28,0.8,0.68,0.98,1.09,1.11,1.24,0.9,0.75,18903,16.894938230514526
1.28,0.8,0.68,0.98,1.09,1.11,1.24,0.9,0.76,18804,16.900041580200195
1.28,0.8,0.68,0.98,1.09,1.11,1.23,0.9,0.76,18917,16.90327763557434
1.28,0.8,0.67,0.98,1.09,1.11,1.24,0.9,0.76,19368,16.904364585876465
1.28,0.8,0.67,0.98,1.09,1.11,1.24,0.9,0.76,19445,16.90736484527588
1.28,0.8,0.67,0.98,1.09,1.11,1.24,0.9,0.76,19008,16.91228675842285
1.28,0.8,0.68,0.98,1.09,1.11,1.24,0.9,0.76,19409,16.916306257247925
1.28,0.8,0.68,0.98,1.09,1.11,1.24,0.9,0.76,19166,16.916306257247925
1.28,0.8,0.67,0.99,1.09,1.11,1.24,0.91,0.76,18957,16.920305728912354
1.28,0.8,0.67,0.98,1.09,1.11,1.24,0.9,0.76,18786,16.924288034439087
1.28,0.8,0.68,0.98,1.09,1.11,1.24,0.9,0.76,19083,16.928306102752686
1.27,0.8,0.68,0.98,1.09,1.11,1.24,0.9,0.76,19212,16.928306102752686
1.27,0.8,0.67,0.98,1.09,1.11,1.24,0.9,0.76,19307,16.931888341903687
1.28,0.8,0.68,0.98,1.09,1.11,1.24,0.9,0.76,19536,16.93642544746399
1.28,0.8,0.67,0.98,1.09,1.11,1.24,0.9,0.76,19233,16.940425395965576
1.28,0.8,0.68,0.97,1.09,1.11,1.24,0.9,0.76,19380,16.94408130645752
1.28,0.8,0.68,0.97,1.09,1.11,1.24,0.91,0.76,19375,16.9451322555542
1.28,0.8,0.67,0.97,1.1,1.11,1.24,0.9,0.76,19290,16.94914960861206
1.28,0.8,0.68,0.97,1.09,1.11,1.24,0.9,0.76,19431,16.953224658966064
1.28,0.8,0.67,0.98,1.09,1.11,1.24,0.91,0.76,19240,16.95652198791504
1.29,0.8,0.67,0.97,1.09,1.11,1.24,0.9,0.76,19435,16.957629919052124
1.28,0.8,0.67,0.98,1.09,1.11,1.24,0.91,0.76,19920,16.960729122161865
1.28,0.8,0.67,0.97,1.09,1.11,1.24,0.91,0.76,19717,16.96480917930603
1.28,0.8,0.68,0.98,1.09,1.11,1.24,0.91,0.77,19434,16.968164682388306
1.28,0.8,0.68,0.97,1.09,1.11,1.24,0.91,0.76,19463,16.969236373901367
1.28,0.8,0.67,0.98,1.09,1.11,1.24,0.91,0.76,19152,16.973233461380005
1.28,0.8,0.68,0.98,1.09,1.11,1.24,0.9,0.76,19055,16.977242946624756
1.28,0.8,0.68,0.97,1.09,1.11,1.24,0.91,0.76,18984,16.98123335838318
1.28,0.8,0.68,0.98,1.09,1.11,1.24,0.91,0.76,19197,16.98123335838318
1.28,0.8,0.68,0.97,1.09,1.11,1.24,0.9,0.76,19084,16.985265016555786
1.28,0.8,0.68,0.97,1.09,1.11,1.24,0.9,0.76,19159,16.989277124404907
1.28,0.8,0.68,0.97,1.09,1.11,1.24,0.91,0.76,19738,16.99323034286499
1.28,0.8,0.68,0.97,1.09,1.11,1.24,0.9,0.76,19949,16.99323034286499
1.29,0.8,0.68,0.97,1.09,1.11,1.24,0.9,0.76,19638,16.997929334640503
1.28,0.8,0.68,0.97,1.1,1.1,1.25,0.9,0.76,19609,17.00137972831726
1.28,0.8,0.67,0.97,1.09,1.11,1.24,0.91,0.76,19356,17.005900859832764
1.29,0.8,0.67,0.97,1.09,1.11,1.25,0.91,0.76,19023,17.005900859832764
1.29,0.8,0.68,0.96,1.09,1.11,1.24,0.91,0.76,19250,17.009997129440308
1.28,0.8,0.68,0.97,1.09,1.11,1.25,0.9,0.76,19509,17.013996839523315
1.28,0.8,0.68,0.97,1.09,1.1,1.24,0.91,0.76,19724,17.018170833587646
1.28,0.8,0.68,0.97,1.09,1.11,1.24,0.91,0.76,19703,17.02170729637146
1.28,0.8,0.68,0.97,1.09,1.11,1.24,0.9,0.76,19308,17.022183179855347
1.28,0.8,0.68,0.97,1.09,1.11,1.25,0.9,0.76,18995,17.02580714225769
1.28,0.8,0.68,0.97,1.09,1.1,1.25,0.91,0.77,18788,17.030459880828857
1.28,0.81,0.68,0.97,1.09,1.11,1.25,0.9,0.76,18811,17.034472227096558
1.28,0.81,0.68,0.97,1.09,1.11,1.24,0.9,0.76,19232,17.035460948944092
1.29,0.8,0.68,0.97,1.09,1.11,1.24,0.9,0.76,19609,17.03800678253174
1.28,0.8,0.68,0.97,1.09,1.11,1.24,0.9,0.76,19554,17.043039560317993
1.29,0.8,0.67,0.97,1.09,1.11,1.24,0.9,0.76,19599,17.04631757736206
1.28,0.81,0.68,0.97,1.09,1.11,1.25,0.9,0.76,19674,17.04703950881958
1.28,0.8,0.68,0.97,1.09,1.11,1.24,0.9,0.76,19397,17.050668716430664
1.29,0.8,0.68,0.97,1.09,1.11,1.24,0.9,0.76,18988,17.054598808288574
1.29,0.8,0.68,0.97,1.09,1.11,1.25,0.9,0.76,19267,17.058873653411865
1.28,0.8,0.68,0.97,1.09,1.11,1.25,0.9,0.76,19028,17.058873653411865
1.28,0.8,0.68,0.97,1.09,1.11,1.24,0.9,0.76,18605,17.063032388687134
1.29,0.8,0.68,0.97,1.09,1.1,1.24,0.9,0.76,19134,17.06731343269348
1.28,0.8,0.68,0.97,1.09,1.1,1.24,0.9,0.76,18917,17.071308135986328
1.28,0.8,0.68,0.97,1.09,1.1,1.25,0.9,0.76,19418,17.071308135986328
1.29,0.8,0.68,0.97,1.09,1.1,1.25,0.9,0.76,19173,17.07530975341797
1.28,0.8,0.68,0.97,1.09,1.1,1.25,0.9,0.76,19514,17.07947087287903
1.29,0.8,0.68,0.97,1.09,1.1,1.25,0.9,0.76,19809,17.083253860473633
1.28,0.8,0.68,0.97,1.09,1.1,1.25,0.9,0.77,19210,17.08428716659546
1.28,0.8,0.68,0.97,1.09,1.1,1.24,0.9,0.77,18907,17.08728313446045
1.28,0.8,0.68,0.97,1.09,1.1,1.25,0.9,0.77,19480,17.09145951271057
1.28,0.8,0.68,0.97,1.09,1.1,1.25,0.9,0.77,20145,17.095457792282104
1.28,0.8,0.68,0.98,1.09,1.1,1.25,0.9,0.77,19670,17.09897780418396
1.28,0.8,0.68,0.97,1.09,1.11,1.25,0.9,0.77,19285,17.09997844696045
1.28,0.8,0.68,0.97,1.09,1.1,1.25,0.9,0.77,19250,17.104109048843384
1.28,0.8,0.68,0.98,1.09,1.11,1.25,0.9,0.77,19267,17.10785460472107
1.28,0.8,0.68,0.97,1.09,1.11,1.25,0.9,0.77,19074,17.111828804016113
1.28,0.8,0.68,0.97,1.09,1.11,1.25,0.9,0.76,19043,17.111828804016113
1.28,0.8,0.67,0.97,1.09,1.11,1.25,0.9,0.76,19124,17.117025136947632
1.28,0.8,0.66,0.97,1.09,1.12,1.25,0.9,0.76,19019,17.1200532913208
1.26,0.77,0.67,0.95,1.09,1.11,1.25,0.91,0.76,19482,17.124053239822388
1.26,0.78,0.67,0.95,1.09,1.11,1.25,0.91,0.76,19285,17.125049829483032
1.25,0.77,0.67,0.96,1.09,1.11,1.24,0.9,0.76,19296,17.128286361694336
1.23,0.76,0.64,0.95,1.1,1.12,1.25,0.9,0.76,19189,17.132351636886597
1.23,0.76,0.63,0.93,1.1,1.12,1.25,0.9,0.76,19260,17.136799097061157
1.25,0.74,0.63,0.93,1.1,1.12,1.25,0.9,0.77,19059,17.137855052947998
1.25,0.72,0.63,0.93,1.1,1.12,1.24,0.9,0.77,19060,17.141234159469604
1.25,0.73,0.63,0.92,1.1,1.12,1.25,0.89,0.76,19023,17.1452374458313
1.23,0.72,0.62,0.93,1.1,1.12,1.25,0.86,0.76,18968,17.149301290512085
1.23,0.72,0.62,0.94,1.09,1.11,1.25,0.86,0.76,19265,17.150367259979248
1.23,0.73,0.61,0.94,1.1,1.12,1.24,0.86,0.76,19162,17.153371572494507
1.23,0.74,0.61,0.94,1.1,1.12,1.23,0.87,0.75,19109,17.157567977905273
1.21,0.73,0.6,0.93,1.1,1.13,1.22,0.86,0.75,19162,17.16187024116516
1.22,0.72,0.58,0.92,1.1,1.13,1.21,0.86,0.74,19163,17.16187024116516
1.2,0.73,0.59,0.93,1.1,1.13,1.21,0.86,0.73,19168,17.16589093208313
1.2,0.73,0.58,0.92,1.1,1.13,1.18,0.86,0.73,19133,17.16965627670288
1.2,0.73,0.56,0.92,1.1,1.14,1.16,0.86,0.72,19116,17.17369532585144
1.18,0.73,0.56,0.93,1.09,1.17,1.14,0.86,0.7,18755,17.174750804901123
1.15,0.73,0.55,0.9,1.09,1.14,1.13,0.85,0.69,19004,17.177692890167236
1.16,0.73,0.52,0.9,1.1,1.16,1.12,0.84,0.68,19375,17.181742429733276
1.16,0.73,0.53,0.91,1.1,1.14,1.12,0.84,0.68,19562,17.186068534851074
1.17,0.73,0.54,0.91,1.09,1.14,1.12,0.84,0.69,18975,17.18908977508545
1.16,0.73,0.54,0.89,1.1,1.14,1.11,0.84,0.68,18304,17.190070390701294
1.14,0.73,0.51,0.91,1.1,1.15,1.1,0.84,0.67,18973,17.19498085975647
1.12,0.73,0.52,0.91,1.09,1.15,1.1,0.83,0.66,18952,17.198312759399414
1.09,0.74,0.5,0.93,1.1,1.16,1.1,0.83,0.63,18863,17.203020095825195
1.08,0.74,0.49,0.92,1.09,1.17,1.1,0.84,0.63,19280,17.203020095825195
1.05,0.76,0.48,0.91,1.08,1.17,1.09,0.84,0.62,19435,17.20602297782898
1.08,0.76,0.48,0.9,1.07,1.17,1.06,0.84,0.61,19144,17.211505889892578
1.06,0.76,0.47,0.9,1.08,1.17,1.07,0.84,0.61,18691,17.21455478668213
1.04,0.76,0.49,0.91,1.07,1.16,1.07,0.83,0.61,18632,17.215522527694702
1.05,0.76,0.49,0.91,1.07,1.17,1.08,0.84,0.61,18553,17.218557357788086
1.06,0.76,0.48,0.9,1.07,1.17,1.09,0.84,0.6,18632,17.222548484802246
1.03,0.76,0.47,0.9,1.08,1.2,1.04,0.83,0.59,18751,17.227956771850586
1.03,0.76,0.47,0.91,1.07,1.18,1.03,0.83,0.58,19376,17.227956771850586
1.04,0.76,0.47,0.89,1.07,1.2,1.02,0.83,0.57,19149,17.231386184692383
1.03,0.76,0.39,0.89,1.07,1.2,0.99,0.83,0.56,19402,17.235350847244263
1.02,0.76,0.38,0.88,1.07,1.22,0.99,0.83,0.53,19653,17.239482164382935
1.02,0.76,0.37,0.87,1.07,1.21,1.01,0.83,0.49,19322,17.24054765701294
1.01,0.75,0.38,0.88,1.07,1.21,1.01,0.83,0.49,18863,17.24418544769287
1.03,0.76,0.38,0.88,1.08,1.21,1.03,0.82,0.48,18882,17.247695922851562
1.03,0.75,0.37,0.89,1.08,1.21,1.04,0.82,0.49,18737,17.25169563293457
1.04,0.76,0.39,0.88,1.07,1.21,1.04,0.8,0.48,18666,17.2527117729187
1.03,0.77,0.38,0.88,1.07,1.21,1.04,0.8,0.47,18939,17.25571084022522
1.04,0.77,0.38,0.89,1.07,1.21,1.04,0.81,0.47,19250,17.259708166122437
1.01,0.77,0.39,0.91,1.07,1.21,1.04,0.8,0.47,19147,17.264289379119873
1.01,0.77,0.38,0.91,1.07,1.21,1.05,0.82,0.47,18908,17.267980098724365
1.01,0.77,0.38,0.91,1.07,1.2,1.06,0.81,0.47,18461,17.268073320388794
0.99,0.77,0.39,0.92,1.07,1.2,1.03,0.78,0.47,18502,17.271807432174683
0.98,0.76,0.39,0.92,1.07,1.2,1.03,0.79,0.47,18679,17.27592444419861
0.99,0.75,0.39,0.93,1.07,1.21,1.04,0.78,0.47,18454,17.279749631881714
0.98,0.76,0.39,0.93,1.07,1.2,1.04,0.79,0.47,18355,17.280750036239624
1.0,0.76,0.39,0.93,1.07,1.2,1.05,0.78,0.47,18814,17.28472089767456
1.0,0.76,0.38,0.92,1.06,1.2,1.04,0.77,0.47,18613,17.289268016815186
1.01,0.76,0.39,0.93,1.05,1.2,1.05,0.77,0.48,18438,17.293267965316772
1.0,0.76,0.4,0.95,1.04,1.2,1.05,0.77,0.49,18763,17.293267965316772
0.99,0.76,0.39,0.95,1.05,1.19,1.04,0.77,0.49,18560,17.29746437072754
0.96,0.76,0.4,0.94,1.05,1.2,1.04,0.77,0.48,18431,17.301509141921997
0.94,0.76,0.4,0.94,1.05,1.2,1.05,0.76,0.48,18058,17.304511070251465
0.94,0.76,0.39,0.96,1.05,1.19,1.04,0.75,0.48,18279,17.305564641952515
0.92,0.76,0.4,0.95,1.05,1.19,1.05,0.75,0.47,18690,17.309441328048706
0.95,0.76,0.39,0.95,1.05,1.19,1.04,0.76,0.47,18641,17.313755750656128
0.91,0.76,0.39,0.94,1.04,1.19,1.04,0.77,0.47,18598,17.3169949054718
0.91,0.77,0.39,0.94,1.04,1.18,1.03,0.77,0.47,18859,17.317755460739136
0.9,0.77,0.39,0.93,1.03,1.19,1.04,0.76,0.46,19004,17.32092571258545
0.89,0.77,0.38,0.91,1.04,1.19,1.04,0.77,0.46,18823,17.32575535774231
0.89,0.76,0.39,0.89,1.04,1.18,1.01,0.75,0.45,18612,17.32973885536194
0.9,0.76,0.38,0.86,1.05,1.19,1.0,0.75,0.45,18569,17.32973885536194
0.89,0.74,0.4,0.84,1.04,1.18,1.0,0.76,0.46,18938,17.333915948867798
0.88,0.76,0.4,0.85,1.04,1.18,1.0,0.74,0.45,18663,17.337798357009888
0.88,0.76,0.4,0.85,1.04,1.18,1.0,0.76,0.45,18690,17.3416907787323
0.89,0.76,0.41,0.85,1.06,1.18,1.0,0.76,0.45,18669,17.34579300880432
0.89,0.75,0.4,0.84,1.05,1.19,0.97,0.76,0.45,18634,17.34602403640747
0.93,0.76,0.4,0.78,1.05,1.19,0.96,0.75,0.44,18503,17.35005283355713
0.91,0.75,0.39,0.76,1.04,1.18,0.96,0.75,0.43,18412,17.354052543640137
0.9,0.75,0.39,0.78,1.04,1.18,0.94,0.75,0.44,18583,17.357865810394287
0.92,0.74,0.39,0.75,1.04,1.18,0.94,0.73,0.43,18164,17.358583211898804
0.9,0.75,0.4,0.77,1.04,1.17,0.94,0.74,0.43,18091,17.36223864555359
0.91,0.76,0.39,0.76,1.04,1.17,0.93,0.74,0.43,18388,17.36605167388916
0.93,0.76,0.38,0.76,1.04,1.17,0.93,0.73,0.43,18385,17.370517015457153
0.93,0.77,0.38,0.76,1.04,1.17,0.92,0.73,0.43,18462,17.370517015457153
0.92,0.76,0.37,0.75,1.04,1.17,0.91,0.71,0.41,18577,17.374513387680054
0.9,0.77,0.37,0.74,1.04,1.17,0.91,0.73,0.42,18460,17.378496170043945
0.88,0.76,0.37,0.74,1.04,1.17,0.9,0.73,0.41,18213,17.38284134864807
0.86,0.76,0.37,0.74,1.04,1.17,0.89,0.72,0.42,17962,17.383853673934937
0.89,0.75,0.39,0.73,1.03,1.16,0.9,0.72,0.42,18067,17.386874675750732
0.87,0.76,0.39,0.74,1.04,1.16,0.91,0.72,0.42,18766,17.390692710876465
0.86,0.76,0.4,0.75,1.02,1.15,0.91,0.72,0.42,18975,17.39540696144104
0.88,0.77,0.39,0.74,1.01,1.15,0.9,0.72,0.4,18740,17.39540696144104
0.86,0.76,0.37,0.74,1.03,1.16,0.9,0.72,0.38,18393,17.39960217475891
0.86,0.75,0.38,0.75,1.04,1.16,0.91,0.72,0.38,18268,17.40317463874817
0.88,0.76,0.36,0.75,1.01,1.16,0.92,0.71,0.37,18657,17.407174587249756
0.87,0.76,0.38,0.76,1.03,1.16,0.92,0.72,0.37,18794,17.410138368606567
0.85,0.77,0.38,0.76,1.02,1.17,0.91,0.71,0.35,18457,17.411145210266113
0.85,0.76,0.35,0.73,1.02,1.17,0.9,0.71,0.36,18406,17.41529107093811
0.83,0.76,0.35,0.72,1.03,1.16,0.9,0.71,0.35,17801,17.41931414604187
0.84,0.76,0.36,0.71,1.01,1.16,0.9,0.7,0.34,18186,17.42236304283142
0.86,0.76,0.35,0.73,1.01,1.15,0.89,0.69,0.34,17963,17.423433780670166
0.85,0.76,0.36,0.74,1.01,1.15,0.9,0.69,0.34,17698,17.427904844284058
0.87,0.75,0.34,0.72,1.01,1.16,0.9,0.67,0.33,17985,17.4319064617157
0.87,0.76,0.33,0.73,1.02,1.16,0.91,0.68,0.32,17812,17.434905529022217
0.86,0.76,0.36,0.73,1.03,1.15,0.92,0.67,0.34,18015,17.435906648635864
0.87,0.75,0.38,0.74,1.02,1.15,0.92,0.68,0.32,18282,17.43990683555603
0.84,0.75,0.38,0.72,1.02,1.14,0.92,0.67,0.33,18469,17.443708419799805
0.84,0.75,0.36,0.72,1.02,1.15,0.91,0.68,0.32,18098,17.447744607925415
0.84,0.76,0.39,0.71,1.0,1.14,0.89,0.68,0.31,17391,17.44873881340027
0.84,0.76,0.37,0.71,1.0,1.14,0.89,0.69,0.31,17704,17.451738119125366
0.83,0.76,0.38,0.7,0.99,1.13,0.87,0.69,0.3,18449,17.455738306045532
0.86,0.76,0.37,0.68,1.0,1.13,0.85,0.68,0.3,18538,17.46008062362671
0.86,0.75,0.38,0.7,1.0,1.13,0.85,0.69,0.3,17791,17.461116313934326
0.84,0.76,0.36,0.67,1.01,1.14,0.81,0.68,0.28,17946,17.464247703552246
0.81,0.75,0.34,0.66,1.02,1.14,0.8,0.67,0.29,18241,17.46890950202942
0.78,0.74,0.33,0.61,1.01,1.13,0.73,0.65,0.25,18208,17.472877740859985
0.77,0.75,0.32,0.58,1.01,1.14,0.71,0.62,0.24,18367,17.472877740859985
0.75,0.74,0.31,0.56,0.98,1.12,0.63,0.62,0.22,18806,17.47740077972412
0.74,0.73,0.31,0.53,1.0,1.12,0.58,0.59,0.21,18837,17.48088836669922
0.76,0.75,0.27,0.52,0.97,1.11,0.54,0.57,0.2,18960,17.485217332839966
0.72,0.74,0.3,0.5,0.97,1.1,0.51,0.58,0.18,19677,17.487964153289795
0.69,0.74,0.29,0.52,0.96,1.1,0.53,0.57,0.19,20852,17.489031076431274
0.72,0.74,0.27,0.52,0.96,1.1,0.52,0.58,0.18,21321,17.494049787521362
0.74,0.74,0.31,0.48,0.96,1.09,0.53,0.58,0.19,21642,17.49733877182007
0.75,0.73,0.3,0.48,0.97,1.09,0.5,0.56,0.17,21443,17.50122332572937
0.69,0.75,0.27,0.49,0.96,1.1,0.46,0.56,0.17,21404,17.502380847930908
0.68,0.73,0.28,0.45,0.96,1.09,0.44,0.55,0.16,21547,17.506374835968018
0.7,0.72,0.26,0.43,0.96,1.08,0.43,0.53,0.16,22464,17.509732723236084
0.69,0.72,0.31,0.47,0.96,1.08,0.45,0.54,0.17,22789,17.51374101638794
0.7,0.73,0.27,0.43,0.97,1.08,0.46,0.56,0.16,22654,17.51374101638794
0.7,0.72,0.28,0.44,0.98,1.08,0.44,0.54,0.16,22885,17.517749071121216
0.75,0.74,0.31,0.46,0.97,1.07,0.45,0.58,0.17,23316,17.522733211517334
0.75,0.73,0.32,0.47,0.99,1.06,0.44,0.54,0.17,23435,17.525585412979126
0.74,0.73,0.33,0.45,0.98,1.06,0.43,0.57,0.17,23532,17.526631593704224
0.73,0.72,0.33,0.46,0.99,1.06,0.42,0.54,0.16,23519,17.530378818511963
0.73,0.71,0.35,0.45,1.0,1.06,0.42,0.54,0.15,23662,17.53447914123535
0.75,0.72,0.35,0.47,0.98,1.06,0.42,0.55,0.17,24011,17.53847908973694
0.73,0.72,0.33,0.47,0.98,1.07,0.43,0.55,0.16,24102,17.53847908973694
0.74,0.72,0.33,0.42,0.98,1.07,0.43,0.54,0.16,23781,17.542963981628418
0.75,0.73,0.34,0.44,0.98,1.05,0.43,0.54,0.17,23684,17.546422243118286
0.78,0.7,0.35,0.47,0.99,1.05,0.43,0.53,0.16,23983,17.551473379135132
0.78,0.7,0.33,0.45,0.98,1.06,0.42,0.53,0.15,24040,17.554028272628784
0.75,0.71,0.33,0.45,0.97,1.06,0.4,0.53,0.14,23285,17.55509662628174
0.75,0.7,0.34,0.42,0.96,1.07,0.39,0.49,0.14,23496,17.559590339660645
0.72,0.69,0.33,0.42,0.92,1.07,0.36,0.46,0.13,23909,17.563090085983276
0.68,0.7,0.32,0.41,0.91,1.08,0.33,0.4,0.12,24168,17.566807746887207
0.69,0.69,0.34,0.4,0.88,1.07,0.31,0.37,0.12,24475,17.567543268203735
0.68,0.7,0.33,0.4,0.86,1.08,0.32,0.35,0.12,24618,17.571543216705322
0.62,0.65,0.27,0.39,0.85,1.07,0.26,0.33,0.11,24783,17.57554340362549
0.54,0.66,0.27,0.33,0.86,1.07,0.24,0.32,0.11,25104,17.578816413879395
0.49,0.65,0.27,0.39,0.83,1.06,0.22,0.3,0.1,25439,17.579524517059326
0.47,0.62,0.25,0.38,0.81,1.06,0.18,0.29,0.1,25690,17.583863019943237
0.51,0.59,0.23,0.39,0.76,1.05,0.17,0.24,0.09,25805,17.588191032409668
0.46,0.55,0.21,0.35,0.72,1.05,0.18,0.24,0.09,26212,17.591375589370728
0.48,0.53,0.24,0.31,0.72,1.04,0.13,0.21,0.09,27047,17.592450618743896
0.43,0.54,0.22,0.32,0.73,1.03,0.11,0.21,0.09,27900,17.5965838432312
0.44,0.55,0.24,0.34,0.73,1.02,0.11,0.2,0.09,29203,17.600255012512207
0.44,0.53,0.23,0.33,0.72,1.02,0.11,0.19,0.08,29812,17.60362982749939
0.42,0.53,0.22,0.35,0.69,0.97,0.1,0.18,0.08,30097,17.604371309280396
0.41,0.51,0.25,0.32,0.69,0.92,0.07,0.16,0.09,31554,17.608444690704346
0.39,0.54,0.26,0.31,0.64,0.92,0.07,0.19,0.09,33035,17.611448287963867
0.39,0.51,0.26,0.32,0.63,0.93,0.1,0.18,0.09,34038,17.61540913581848
0.39,0.52,0.28,0.29,0.63,0.92,0.05,0.18,0.09,34959,17.616413593292236
0.38,0.53,0.28,0.3,0.61,0.9,0.07,0.18,0.09,36436,17.620413780212402
0.39,0.55,0.23,0.3,0.57,0.86,0.05,0.17,0.08,37403,17.62451720237732
0.4,0.51,0.25,0.31,0.53,0.84,0.07,0.2,0.09,37974,17.627963304519653
0.4,0.52,0.25,0.27,0.54,0.85,0.08,0.17,0.1,38835,17.63201403617859
0.43,0.47,0.22,0.28,0.51,0.84,0.08,0.16,0.1,39912,17.633010625839233
0.39,0.48,0.24,0.25,0.43,0.85,0.08,0.17,0.1,40067,17.636013984680176
0.39,0.46,0.23,0.25,0.44,0.82,0.08,0.16,0.1,40340,17.64157748222351
0.34,0.42,0.25,0.23,0.47,0.83,0.08,0.15,0.1,40963,17.644579887390137
0.37,0.4,0.24,0.24,0.47,0.82,0.09,0.17,0.1,40878,17.6455557346344
0.35,0.39,0.26,0.25,0.49,0.79,0.07,0.15,0.09,40515,17.64871883392334
0.37,0.38,0.21,0.23,0.49,0.81,0.07,0.15,0.08,41018,17.653319597244263
0.38,0.41,0.26,0.27,0.5,0.82,0.08,0.14,0.08,41863,17.656898021697998
0.34,0.36,0.24,0.23,0.51,0.81,0.06,0.19,0.07,41508,17.65795397758484
0.31,0.41,0.22,0.23,0.52,0.8,0.05,0.24,0.08,41157,17.66153645515442
0.3,0.43,0.21,0.23,0.51,0.75,0.05,0.27,0.08,41134,17.665745496749878
0.29,0.4,0.21,0.2,0.52,0.71,0.05,0.22,0.08,41081,17.669184684753418
0.29,0.45,0.2,0.21,0.52,0.72,0.06,0.21,0.09,40608,17.670238256454468
0.31,0.43,0.2,0.25,0.51,0.72,0.06,0.21,0.08,39987,17.67323637008667
0.27,0.37,0.2,0.23,0.55,0.78,0.05,0.2,0.07,39772,17.67722725868225
0.37,0.44,0.21,0.26,0.56,0.76,0.03,0.19,0.07,39845,17.68122100830078
0.34,0.47,0.18,0.26,0.56,0.74,0.07,0.27,0.07,40296,17.68222165107727
0.32,0.49,0.18,0.25,0.62,0.75,0.08,0.29,0.08,40159,17.685235023498535
0.31,0.5,0.18,0.21,0.63,0.68,0.05,0.32,0.08,40144,17.689364910125732
0.25,0.48,0.19,0.18,0.6,0.72,0.05,0.3,0.08,39679,17.694265842437744
0.31,0.46,0.22,0.19,0.64,0.65,0.03,0.29,0.08,39008,17.697394371032715
0.29,0.42,0.2,0.21,0.61,0.68,0.04,0.3,0.07,38727,17.698394775390625
0.32,0.48,0.19,0.19,0.67,0.65,0.03,0.34,0.07,39186,17.702544927597046
0.3,0.44,0.18,0.23,0.68,0.66,0.04,0.34,0.07,39337,17.706852912902832
0.36,0.47,0.19,0.25,0.7,0.65,0.02,0.36,0.07,39588,17.70998454093933
0.35,0.44,0.19,0.22,0.8,0.62,0.05,0.39,0.09,39985,17.71081805229187
0.4,0.44,0.18,0.23,0.78,0.61,0.04,0.38,0.07,40324,17.71382999420166
0.32,0.42,0.16,0.23,0.8,0.63,0.05,0.43,0.07,40397,17.717984676361084
0.35,0.43,0.19,0.23,0.8,0.59,0.06,0.41,0.1,39828,17.722296237945557
0.3,0.43,0.19,0.27,0.83,0.56,0.05,0.42,0.08,39641,17.723334550857544
0.32,0.46,0.16,0.22,0.85,0.57,0.03,0.42,0.07,39622,17.726887941360474
0.3,0.45,0.16,0.23,0.82,0.57,0.03,0.37,0.08,39511,17.73086905479431
0.26,0.46,0.19,0.25,0.83,0.55,0.03,0.38,0.09,39730,17.735310554504395
0.34,0.45,0.2,0.19,0.79,0.49,0.03,0.39,0.09,40599,17.735310554504395
0.29,0.46,0.18,0.2,0.81,0.45,0.03,0.4,0.09,41604,17.7394380569458
0.33,0.52,0.17,0.22,0.86,0.46,0.03,0.43,0.09,41779,17.7429621219635
0.36,0.48,0.18,0.23,0.86,0.43,0.03,0.48,0.09,41664,17.74732804298401
0.39,0.51,0.21,0.21,0.92,0.39,0.03,0.49,0.09,41975,17.74833583831787
0.42,0.49,0.21,0.24,0.93,0.41,0.03,0.49,0.09,41920,17.751356601715088
0.46,0.52,0.2,0.22,0.92,0.38,0.04,0.53,0.1,42321,17.755647897720337
0.45,0.51,0.21,0.23,1.05,0.41,0.05,0.54,0.1,43086,17.759331226348877
0.4,0.45,0.18,0.24,1.1,0.4,0.06,0.5,0.1,43371,17.763588666915894
0.41,0.45,0.18,0.23,1.2,0.4,0.05,0.49,0.09,43482,17.7637038230896
0.32,0.49,0.17,0.23,1.25,0.43,0.06,0.54,0.11,43685,17.76745080947876
0.34,0.5,0.17,0.21,1.39,0.42,0.05,0.58,0.1,43796,17.77250909805298
0.3,0.49,0.18,0.18,1.62,0.43,0.04,0.61,0.1,43913,17.77606987953186
0.28,0.49,0.15,0.18,1.68,0.45,0.05,0.59,0.1,43852,17.77606987953186
0.33,0.44,0.17,0.21,1.8,0.46,0.06,0.61,0.09,44427,17.780189275741577
0.3,0.47,0.14,0.2,1.93,0.49,0.05,0.6,0.1,44596,17.78426957130432
0.26,0.5,0.15,0.23,2.05,0.47,0.05,0.59,0.09,44649,17.787591695785522
0.26,0.53,0.15,0.23,2.2,0.48,0.07,0.62,0.11,44948,17.78831386566162
0.25,0.52,0.12,0.21,2.34,0.48,0.06,0.61,0.11,45185,17.793071269989014
0.27,0.55,0.12,0.22,2.49,0.43,0.06,0.58,0.11,45658,17.796313762664795
0.29,0.49,0.12,0.2,2.62,0.43,0.07,0.61,0.11,46265,17.800249576568604
0.25,0.53,0.13,0.21,2.65,0.44,0.07,0.65,0.11,46320,17.801355361938477
0.25,0.5,0.14,0.23,2.74,0.42,0.06,0.68,0.12,46633,17.80392551422119
0.29,0.53,0.15,0.2,2.8,0.42,0.06,0.73,0.12,46822,17.808960437774658
0.24,0.52,0.14,0.21,2.79,0.43,0.08,0.8,0.12,46633,17.812253713607788
0.3,0.64,0.13,0.19,2.74,0.44,0.07,0.83,0.12,46736,17.8132541179657
0.28,0.64,0.13,0.21,2.7,0.43,0.08,0.91,0.13,47139,17.816254377365112
0.3,0.71,0.15,0.21,2.62,0.44,0.09,0.96,0.13,47212,17.82126545906067
0.27,0.76,0.14,0.22,2.5,0.46,0.08,1.04,0.13,48185,17.825340270996094
0.26,0.86,0.15,0.21,2.4,0.49,0.08,1.11,0.13,49054,17.825340270996094
0.28,0.95,0.11,0.2,2.28,0.49,0.08,1.19,0.11,49607,17.829334259033203
0.29,1.03,0.16,0.21,2.2,0.48,0.08,1.23,0.15,50148,17.833403825759888
0.36,1.06,0.12,0.19,2.09,0.51,0.1,1.34,0.12,50891,17.836808681488037
0.36,1.04,0.13,0.22,2.04,0.52,0.12,1.45,0.13,51928,17.841146230697632
0.38,1.03,0.17,0.24,1.99,0.54,0.11,1.52,0.13,52357,17.842199325561523
0.35,1.0,0.16,0.24,1.99,0.54,0.12,1.56,0.13,52588,17.84570002555847
0.33,1.02,0.24,0.23,1.96,0.56,0.13,1.58,0.14,52831,17.849770069122314
0.35,1.1,0.2,0.22,1.89,0.59,0.14,1.59,0.15,53536,17.852773189544678
0.29,1.14,0.22,0.22,1.83,0.62,0.14,1.6,0.16,54113,17.853769302368164
0.27,1.14,0.26,0.21,1.82,0.68,0.13,1.62,0.2,54978,17.857966423034668
0.3,1.15,0.24,0.23,1.76,0.77,0.14,1.66,0.24,55719,17.86196231842041
0.31,1.11,0.28,0.24,1.67,0.83,0.14,1.79,0.26,55664,17.86552095413208
0.3,1.06,0.27,0.21,1.66,0.86,0.14,1.84,0.29,55403,17.866116523742676
0.27,1.04,0.3,0.19,1.58,0.9,0.12,1.92,0.3,55320,17.870170831680298
0.32,1.06,0.34,0.22,1.53,1.0,0.12,1.96,0.31,55309,17.875117540359497
0.35,1.12,0.35,0.21,1.51,1.0,0.13,1.88,0.37,53978,17.87810492515564
0.32,1.19,0.37,0.21,1.48,1.03,0.15,1.85,0.35,53177,17.87810492515564
0.28,1.27,0.41,0.23,1.41,1.1,0.14,1.85,0.41,53408,17.88318943977356
0.27,1.29,0.44,0.23,1.4,1.16,0.15,1.79,0.4,53581,17.88659644126892
0.31,1.34,0.42,0.27,1.35,1.22,0.15,1.74,0.41,53510,17.890564918518066
0.34,1.32,0.42,0.27,1.37,1.31,0.14,1.64,0.37,53077,17.891595363616943
0.38,1.24,0.46,0.33,1.4,1.41,0.19,1.65,0.43,52236,17.894745588302612
0.37,1.2,0.49,0.35,1.47,1.47,0.18,1.63,0.48,51253,17.89874815940857
0.38,1.14,0.54,0.4,1.47,1.5,0.19,1.6,0.56,49844,17.90290856361389
0.4,1.18,0.59,0.42,1.45,1.52,0.23,1.57,0.63,48269,17.90290856361389
0.41,1.2,0.6,0.44,1.43,1.55,0.28,1.48,0.69,47428,17.90694761276245
0.49,1.16,0.62,0.48,1.42,1.55,0.33,1.47,0.74,46955,17.91134548187256
0.38,1.17,0.65,0.55,1.45,1.61,0.33,1.44,0.8,46562,17.91506290435791
0.43,1.04,0.72,0.57,1.46,1.6,0.34,1.44,0.83,46093,17.916074514389038
0.49,1.04,0.72,0.62,1.49,1.7,0.35,1.37,0.84,45890,17.9200758934021
0.49,0.99,0.78,0.62,1.5,1.71,0.38,1.35,0.83,45069,17.92306685447693
0.52,0.98,0.77,0.62,1.49,1.81,0.37,1.34,0.92,45506,17.92756748199463
0.52,1.0,0.73,0.61,1.53,1.9,0.37,1.29,0.9,46063,17.931173086166382
0.52,0.96,0.73,0.59,1.54,1.96,0.33,1.25,0.97,46484,17.932185173034668
0.49,0.94,0.74,0.57,1.57,1.95,0.33,1.24,1.02,47077,17.93622350692749
0.46,0.95,0.77,0.53,1.53,1.94,0.25,1.26,1.12,47368,17.939270973205566
0.43,0.9,0.77,0.53,1.59,1.92,0.27,1.18,1.21,47327,17.943479776382446
0.4,0.85,0.77,0.49,1.59,1.91,0.27,1.19,1.28,47882,17.944549322128296
0.41,0.84,0.8,0.47,1.56,1.89,0.23,1.2,1.32,48607,17.94733214378357
0.31,0.85,0.85,0.48,1.59,1.84,0.23,1.13,1.37,49070,17.95236563682556
0.36,0.87,0.96,0.43,1.61,1.75,0.26,1.12,1.41,50067,17.95536518096924
0.43,0.86,1.04,0.48,1.62,1.66,0.24,1.12,1.46,50912,17.956344604492188
0.38,0.87,1.11,0.45,1.64,1.61,0.25,1.1,1.48,51851,17.960758209228516
0.33,0.89,1.17,0.45,1.67,1.57,0.22,1.08,1.46,52438,17.964757680892944
0.3,0.88,1.16,0.42,1.76,1.57,0.24,1.07,1.49,52799,17.96774673461914
0.26,0.84,1.17,0.45,1.78,1.55,0.21,1.08,1.5,53302,17.968811511993408
0.26,0.83,1.15,0.42,1.81,1.58,0.21,1.05,1.49,53703,17.97251319885254
0.24,0.81,1.17,0.43,1.88,1.56,0.15,1.04,1.52,53660,17.977481365203857
0.22,0.77,1.2,0.46,1.97,1.48,0.19,1.05,1.55,54091,17.98148012161255
0.24,0.77,1.24,0.42,1.97,1.46,0.16,1.04,1.54,54468,17.98148012161255
0.24,0.79,1.3,0.43,2.02,1.39,0.15,1.03,1.54,55085,17.985605478286743
0.3,0.81,1.35,0.44,2.01,1.41,0.15,1.08,1.48,55936,17.989603519439697
0.32,0.8,1.38,0.49,2.02,1.41,0.22,1.1,1.46,56249,17.992955207824707
0.31,0.84,1.33,0.57,1.98,1.43,0.21,1.13,1.45,56788,17.993961811065674
0.36,0.87,1.22,0.67,1.97,1.46,0.23,1.22,1.51,57681,17.997223377227783
0.39,0.89,1.19,0.74,1.95,1.44,0.3,1.21,1.53,58276,18.00101923942566
0.39,0.92,1.16,0.8,1.94,1.4,0.3,1.25,1.57,58081,18.00491952896118
0.44,0.95,1.18,0.88,1.91,1.35,0.34,1.27,1.57,58236,18.005955934524536
0.43,0.99,1.22,0.92,1.89,1.34,0.37,1.26,1.55,58261,18.009108543395996
0.51,0.97,1.21,0.97,1.86,1.36,0.38,1.34,1.43,58142,18.01315474510193
0.53,1.0,1.25,1.06,1.84,1.46,0.41,1.41,1.36,58175,18.01715397834778
0.58,0.97,1.23,1.09,1.82,1.46,0.43,1.45,1.27,58050,18.020355224609375
0.56,1.03,1.2,1.1,1.79,1.53,0.52,1.47,1.18,58297,18.021388292312622
0.63,1.06,1.08,1.14,1.78,1.62,0.57,1.46,1.11,58160,18.025476455688477
0.66,1.11,1.09,1.11,1.77,1.58,0.64,1.43,1.14,58107,18.029402017593384
0.67,1.12,1.04,1.19,1.74,1.62,0.66,1.51,1.08,57448,18.033538341522217
0.7,1.17,0.99,1.2,1.68,1.62,0.72,1.49,1.12,56685,18.034132480621338
0.77,1.07,0.98,1.18,1.67,1.6,0.77,1.6,1.07,56182,18.038354635238647
0.74,1.01,0.94,1.23,1.67,1.59,0.86,1.63,1.08,55803,18.042344570159912
0.78,1.02,0.85,1.24,1.58,1.63,0.9,1.67,1.08,55160,18.045637369155884
0.83,1.04,0.85,1.26,1.56,1.62,0.92,1.71,1.14,54219,18.046645402908325
0.91,1.09,0.83,1.25,1.48,1.64,0.96,1.67,1.14,53676,18.050646543502808
0.92,1.17,0.76,1.25,1.47,1.64,1.01,1.57,1.16,52757,18.054638147354126
0.96,1.18,0.7,1.28,1.44,1.68,1.02,1.57,1.15,52298,18.058621883392334
0.98,1.17,0.7,1.28,1.48,1.67,1.01,1.51,1.13,52355,18.059638500213623
1.02,1.2,0.73,1.3,1.45,1.7,1.05,1.46,1.1,52626,18.062784433364868
1.03,1.14,0.73,1.27,1.45,1.7,1.08,1.47,1.1,51839,18.06665563583374
1.1,1.07,0.72,1.29,1.42,1.7,1.11,1.49,1.13,50600,18.07116150856018
1.1,1.05,0.72,1.33,1.44,1.69,1.14,1.5,1.13,49747,18.07116150856018
1.11,1.04,0.74,1.37,1.41,1.69,1.15,1.47,1.16,49220,18.07522940635681
1.14,1.03,0.77,1.41,1.45,1.67,1.18,1.39,1.14,49063,18.078505277633667
1.1,1.01,0.75,1.47,1.46,1.71,1.24,1.35,1.15,48818,18.082658290863037
1.11,1.0,0.75,1.48,1.42,1.69,1.21,1.33,1.17,49095,18.085703134536743
1.14,0.97,0.72,1.48,1.46,1.72,1.3,1.3,1.15,48806,18.086820125579834
1.08,0.94,0.72,1.49,1.47,1.74,1.37,1.23,1.16,48541,18.091699600219727
1.1,0.95,0.72,1.54,1.47,1.74,1.4,1.2,1.15,48950,18.095667600631714
1.11,0.91,0.75,1.57,1.46,1.78,1.41,1.2,1.14,49349,18.09895348548889
1.13,0.91,0.73,1.57,1.42,1.83,1.47,1.24,1.12,49754,18.09895348548889
1.15,0.9,0.75,1.56,1.45,1.81,1.47,1.19,1.11,50341,18.103973865509033
1.16,0.89,0.76,1.59,1.49,1.84,1.48,1.14,1.11,50808,18.108115196228027
1.19,0.88,0.77,1.61,1.46,1.84,1.5,1.14,1.11,51793,18.111215353012085
1.17,0.87,0.75,1.58,1.49,1.85,1.58,1.09,1.12,52700,18.112229824066162
1.19,0.81,0.73,1.55,1.5,1.89,1.57,1.09,1.14,53159,18.115213632583618
1.26,0.82,0.75,1.55,1.5,1.83,1.52,1.09,1.18,53118,18.12021827697754
1.29,0.82,0.8,1.53,1.51,1.78,1.52,1.06,1.21,54087,18.123217582702637
1.31,0.81,0.84,1.58,1.5,1.74,1.46,1.04,1.25,54934,18.12456226348877
1.36,0.78,0.85,1.58,1.56,1.73,1.41,1.07,1.28,55649,18.127990245819092
1.36,0.79,0.89,1.6,1.58,1.73,1.43,1.03,1.26,55988,18.13170886039734
1.32,0.83,0.95,1.6,1.57,1.73,1.45,1.01,1.24,56487,18.13576316833496
1.32,0.83,1.02,1.6,1.6,1.69,1.43,1.02,1.22,57632,18.136789321899414
1.37,0.82,1.04,1.57,1.68,1.68,1.43,1.01,1.19,57813,18.139792680740356
1.36,0.82,1.01,1.58,1.72,1.67,1.42,1.01,1.22,57940,18.143887519836426
1.38,0.78,0.91,1.55,1.79,1.72,1.45,1.02,1.23,58501,18.148888111114502
1.37,0.81,0.92,1.54,1.85,1.7,1.43,1.0,1.26,58508,18.148888111114502
1.36,0.77,0.96,1.55,1.79,1.66,1.45,1.04,1.26,58441,18.152222871780396
1.35,0.82,0.98,1.55,1.79,1.65,1.43,1.08,1.26,58380,18.15628981590271
1.32,0.8,1.01,1.54,1.79,1.63,1.44,1.09,1.27,58703,18.161319971084595
1.32,0.83,1.05,1.53,1.83,1.62,1.45,1.1,1.26,59122,18.1649968624115
1.34,0.82,1.09,1.51,1.82,1.58,1.43,1.17,1.25,59529,18.16555905342102
1.33,0.84,1.09,1.5,1.86,1.56,1.45,1.16,1.23,60218,18.169559240341187
1.33,0.89,1.04,1.51,1.79,1.62,1.41,1.25,1.24,60779,18.173559188842773
1.35,0.92,0.91,1.44,1.78,1.65,1.45,1.25,1.25,60530,18.17689871788025
1.31,0.95,0.86,1.45,1.79,1.64,1.46,1.31,1.32,60201,18.17794179916382
1.27,0.98,0.89,1.47,1.78,1.58,1.43,1.32,1.34,60204,18.18203330039978
1.24,1.0,0.92,1.47,1.75,1.6,1.43,1.35,1.31,59349,18.1863214969635
1.22,1.02,0.98,1.46,1.76,1.54,1.39,1.38,1.26,58522,18.189358949661255
1.24,1.03,0.97,1.45,1.71,1.58,1.37,1.42,1.22,58575,18.189358949661255
1.17,1.07,0.99,1.43,1.68,1.59,1.41,1.44,1.1,58284,18.193366765975952
1.11,1.1,0.98,1.4,1.67,1.61,1.45,1.44,1.06,58409,18.19738245010376
1.11,1.14,0.84,1.36,1.66,1.65,1.42,1.46,1.09,57942,18.20118021965027
1.13,1.15,0.8,1.35,1.64,1.65,1.36,1.46,1.07,57049,18.202178239822388
1.1,1.1,0.77,1.36,1.65,1.67,1.38,1.52,1.11,56386,18.20539164543152
1.09,1.03,0.78,1.36,1.63,1.67,1.39,1.53,1.12,56161,18.210422039031982
1.08,1.01,0.74,1.34,1.58,1.67,1.39,1.61,1.11,54750,18.21442222595215
1.06,1.01,0.74,1.36,1.51,1.68,1.35,1.66,1.08,53907,18.21442222595215
1.05,1.06,0.69,1.38,1.48,1.67,1.35,1.63,1.1,53794,18.21767807006836
1.07,1.11,0.7,1.35,1.5,1.71,1.35,1.51,1.07,53591,18.22268056869507
1.09,1.16,0.68,1.38,1.44,1.68,1.33,1.49,1.09,53364,18.226680755615234
1.08,1.16,0.71,1.36,1.44,1.7,1.35,1.47,1.06,53243,18.229993104934692
1.09,1.11,0.74,1.32,1.43,1.7,1.35,1.46,1.09,52586,18.229993104934692
1.12,1.07,0.73,1.33,1.37,1.71,1.36,1.45,1.09,52503,18.234057664871216
1.11,1.05,0.71,1.34,1.34,1.73,1.36,1.48,1.08,51978,18.239691972732544
1.13,0.99,0.69,1.36,1.41,1.75,1.37,1.49,1.08,51515,18.242937564849854
1.13,0.93,0.7,1.36,1.39,1.71,1.34,1.43,1.1,51272,18.242937564849854
1.17,0.95,0.71,1.36,1.38,1.74,1.35,1.39,1.09,50823,18.247026443481445
1.18,0.95,0.72,1.36,1.39,1.72,1.3,1.3,1.07,51062,18.2510404586792
1.22,0.94,0.7,1.38,1.39,1.76,1.28,1.27,1.09,50851,18.255042791366577
1.23,0.93,0.7,1.42,1.39,1.74,1.28,1.25,1.1,50898,18.255042791366577
1.23,0.91,0.69,1.44,1.39,1.75,1.26,1.21,1.11,51147,18.259251832962036
1.2,0.93,0.7,1.48,1.39,1.74,1.31,1.18,1.1,51270,18.264283180236816
1.19,0.93,0.71,1.5,1.38,1.78,1.33,1.2,1.12,51643,18.267228603363037
1.17,0.92,0.74,1.51,1.34,1.76,1.37,1.17,1.15,51880,18.268303632736206
1.15,0.91,0.74,1.49,1.33,1.77,1.37,1.19,1.11,52411,18.27230191230774
1.18,0.91,0.74,1.54,1.3,1.8,1.39,1.16,1.11,52838,18.276564121246338
1.16,0.86,0.75,1.56,1.3,1.81,1.39,1.11,1.11,53337,18.279523372650146
1.18,0.86,0.76,1.57,1.34,1.83,1.39,1.08,1.12,54224,18.280570030212402
1.16,0.83,0.74,1.64,1.31,1.83,1.39,1.05,1.15,54767,18.284627199172974
1.12,0.79,0.75,1.62,1.35,1.8,1.43,1.0,1.2,55212,18.288681745529175
1.12,0.78,0.77,1.62,1.36,1.76,1.46,1.0,1.22,56093,18.29196524620056
1.12,0.75,0.78,1.59,1.38,1.75,1.49,1.03,1.26,56328,18.292961359024048
1.13,0.77,0.75,1.6,1.39,1.74,1.47,1.05,1.31,56835,18.295948028564453
1.14,0.78,0.82,1.62,1.38,1.71,1.43,1.06,1.31,57092,18.29999876022339
1.18,0.76,0.89,1.62,1.37,1.7,1.4,1.03,1.27,57875,18.305047035217285
1.21,0.81,0.92,1.6,1.4,1.68,1.41,1.03,1.25,58600,18.308119773864746
1.25,0.81,0.97,1.57,1.45,1.66,1.39,1.04,1.25,58773,18.30902647972107
1.23,0.78,0.95,1.58,1.44,1.67,1.41,1.05,1.25,59006,18.31304693222046
1.18,0.78,0.91,1.57,1.44,1.72,1.46,1.1,1.24,59305,18.317558526992798
1.18,0.77,0.87,1.53,1.49,1.75,1.47,1.07,1.26,59376,18.320273876190186
1.2,0.77,0.85,1.54,1.55,1.76,1.44,1.05,1.25,58881,18.320273876190186
1.2,0.77,0.88,1.51,1.56,1.74,1.46,1.04,1.25,59062,18.32550859451294
1.22,0.8,0.92,1.5,1.56,1.71,1.44,1.1,1.25,59193,18.32954216003418
1.21,0.77,0.99,1.51,1.54,1.68,1.45,1.14,1.21,58986,18.332213401794434
1.16,0.8,1.04,1.55,1.61,1.65,1.45,1.13,1.2,59307,18.33325457572937
1.13,0.79,1.06,1.56,1.61,1.62,1.43,1.16,1.2,59624,18.33650493621826
1.09,0.79,0.99,1.54,1.61,1.62,1.46,1.2,1.25,59815,18.34125518798828
1.09,0.83,0.87,1.53,1.6,1.63,1.46,1.28,1.3,59494,18.345378398895264
1.16,0.94,0.85,1.52,1.56,1.6,1.39,1.25,1.32,59327,18.345378398895264
1.15,0.97,0.83,1.52,1.57,1.6,1.36,1.25,1.33,58792,18.348737716674805
1.12,0.92,0.85,1.56,1.58,1.55,1.35,1.32,1.33,57945,18.35297989845276
1.04,0.88,0.91,1.52,1.63,1.52,1.37,1.35,1.25,56768,18.357494592666626
1.04,0.88,0.9,1.46,1.57,1.6,1.41,1.44,1.22,55931,18.35847759246826
1.06,1.0,0.92,1.41,1.52,1.61,1.38,1.45,1.16,54988,18.361310482025146
1.01,1.02,0.94,1.45,1.6,1.63,1.44,1.43,1.13,53581,18.366161823272705
1.02,1.03,0.89,1.43,1.62,1.72,1.44,1.41,1.04,51960,18.369704246520996
1.01,1.04,0.82,1.39,1.61,1.69,1.43,1.42,1.04,49911,18.373782873153687
1.01,1.09,0.74,1.42,1.56,1.72,1.45,1.41,1.05,48628,18.374724626541138
1.01,1.05,0.74,1.41,1.57,1.74,1.4,1.45,1.05,47791,18.37871265411377
0.98,0.99,0.76,1.4,1.58,1.73,1.43,1.5,1.05,46956,18.381686210632324
0.98,0.92,0.72,1.39,1.52,1.73,1.43,1.59,1.05,46673,18.385587692260742
0.98,0.98,0.68,1.4,1.48,1.74,1.4,1.58,1.05,46080,18.38661026954651
0.99,1.01,0.67,1.42,1.43,1.76,1.4,1.5,1.02,45403,18.39063811302185
0.97,1.08,0.67,1.42,1.45,1.72,1.4,1.46,1.01,44954,18.39469075202942
1.0,1.1,0.64,1.4,1.43,1.76,1.39,1.46,1.01,45135,18.397963285446167
1.03,1.11,0.64,1.4,1.4,1.74,1.38,1.45,1.05,44808,18.398688316345215
1.03,1.07,0.64,1.39,1.4,1.72,1.4,1.39,1.04,44601,18.40277075767517
1.06,1.04,0.63,1.38,1.35,1.72,1.37,1.39,1.05,44596,18.406760931015015
1.06,0.94,0.65,1.43,1.36,1.72,1.33,1.38,1.04,44209,18.410298347473145
1.04,0.94,0.65,1.43,1.38,1.69,1.31,1.34,1.05,43678,18.411344051361084
1.05,0.93,0.65,1.48,1.39,1.69,1.32,1.29,1.07,43469,18.415055513381958
1.06,0.95,0.68,1.43,1.36,1.71,1.32,1.27,1.08,43424,18.419002532958984
1.09,0.92,0.66,1.47,1.36,1.73,1.34,1.24,1.08,43575,18.423062086105347
1.11,0.91,0.65,1.49,1.32,1.75,1.3,1.24,1.08,43494,18.423062086105347
1.14,0.93,0.67,1.46,1.32,1.75,1.29,1.19,1.03,43579,18.42713189125061
1.14,0.87,0.64,1.49,1.3,1.81,1.33,1.19,1.04,43736,18.431105375289917
1.14,0.87,0.66,1.54,1.31,1.8,1.35,1.16,1.03,43513,18.435324668884277
1.14,0.91,0.65,1.57,1.27,1.79,1.33,1.15,1.05,43868,18.435324668884277
1.11,0.91,0.69,1.59,1.3,1.76,1.36,1.16,1.08,44483,18.439376831054688
1.11,0.86,0.69,1.58,1.28,1.79,1.37,1.13,1.09,44668,18.443382740020752
1.12,0.85,0.68,1.6,1.25,1.8,1.4,1.13,1.09,44949,18.446844339370728
1.14,0.87,0.67,1.62,1.24,1.84,1.4,1.07,1.11,45012,18.450879335403442
1.14,0.83,0.68,1.65,1.24,1.82,1.39,1.04,1.11,45823,18.45187282562256
1.12,0.82,0.65,1.66,1.2,1.82,1.42,1.05,1.12,46470,18.45587658882141
1.13,0.78,0.7,1.65,1.21,1.77,1.46,1.04,1.17,46611,18.45987558364868
1.11,0.73,0.67,1.65,1.22,1.76,1.46,1.04,1.22,47174,18.46380877494812
1.14,0.8,0.72,1.67,1.23,1.75,1.45,1.0,1.23,47209,18.46380877494812
1.13,0.83,0.7,1.64,1.22,1.73,1.44,1.0,1.26,47420,18.46782922744751
1.13,0.84,0.77,1.65,1.22,1.71,1.42,1.0,1.24,48127,18.47282600402832
1.17,0.85,0.83,1.64,1.24,1.7,1.42,1.01,1.18,48208,18.475862741470337
1.15,0.83,0.85,1.66,1.27,1.74,1.42,1.04,1.13,48427,18.476829051971436
1.16,0.83,0.9,1.66,1.27,1.69,1.42,1.02,1.15,48504,18.480825662612915
1.15,0.81,0.85,1.64,1.27,1.72,1.46,1.02,1.18,48423,18.48451542854309
1.14,0.8,0.8,1.64,1.28,1.72,1.46,1.02,1.22,48680,18.488608360290527
1.17,0.78,0.77,1.63,1.34,1.76,1.46,1.04,1.16,48939,18.4896559715271
1.18,0.78,0.82,1.57,1.35,1.73,1.46,1.04,1.17,49036,18.49281334877014
1.22,0.83,0.83,1.54,1.41,1.72,1.41,1.06,1.16,48927,18.497171640396118
1.24,0.83,0.89,1.55,1.44,1.7,1.42,1.07,1.16,49358,18.500479459762573
1.21,0.77,0.94,1.53,1.47,1.65,1.43,1.11,1.14,49449,18.50158977508545
1.16,0.78,1.0,1.55,1.51,1.61,1.42,1.1,1.16,49634,18.504781484603882
1.13,0.79,0.93,1.59,1.49,1.58,1.42,1.14,1.23,49723,18.508882761001587
1.13,0.8,0.87,1.58,1.49,1.6,1.41,1.18,1.25,49602,18.513129949569702
1.14,0.87,0.79,1.54,1.45,1.6,1.4,1.25,1.23,49815,18.517137050628662
1.14,0.91,0.78,1.54,1.41,1.57,1.35,1.3,1.25,49618,18.517137050628662
1.09,0.95,0.8,1.51,1.46,1.55,1.4,1.23,1.24,48583,18.522204637527466
1.1,0.96,0.83,1.47,1.46,1.57,1.39,1.26,1.25,48284,18.52620792388916
1.11,0.96,0.89,1.45,1.45,1.55,1.38,1.34,1.18,48165,18.528788805007935
1.04,0.96,0.88,1.44,1.45,1.62,1.4,1.38,1.12,47500,18.529796600341797
1.03,1.0,0.87,1.41,1.47,1.59,1.44,1.36,1.11,46411,18.533806562423706
1.04,1.04,0.79,1.41,1.51,1.62,1.44,1.4,1.06,45692,18.537853956222534
0.99,1.08,0.74,1.41,1.5,1.66,1.49,1.36,1.09,44593,18.541565656661987
0.98,1.13,0.73,1.39,1.49,1.64,1.49,1.33,1.06,43402,18.54262614250183
0.96,1.14,0.74,1.4,1.43,1.63,1.45,1.44,1.07,42527,18.546634674072266
0.97,1.04,0.76,1.4,1.48,1.65,1.43,1.46,1.1,41658,18.54990816116333
0.99,0.98,0.7,1.4,1.46,1.69,1.42,1.55,1.04,40669,18.553657293319702
0.99,0.96,0.69,1.38,1.41,1.7,1.43,1.63,1.04,40744,18.554399251937866
0.98,1.04,0.65,1.4,1.3,1.7,1.42,1.61,1.02,41131,18.55870771408081
0.97,1.11,0.63,1.41,1.29,1.73,1.42,1.55,1.01,41018,18.56321120262146
0.95,1.13,0.62,1.41,1.27,1.72,1.41,1.54,1.0,41169,18.566201210021973
0.97,1.14,0.63,1.41,1.28,1.73,1.39,1.47,1.02,40946,18.566201210021973
0.99,1.12,0.62,1.39,1.26,1.71,1.39,1.5,0.99,41231,18.571228742599487
1.02,1.09,0.65,1.36,1.24,1.7,1.42,1.46,0.99,41156,18.575228691101074
0.99,0.99,0.65,1.38,1.26,1.69,1.39,1.41,1.01,40753,18.579228401184082
1.0,0.92,0.65,1.42,1.27,1.69,1.39,1.41,1.02,40490,18.579228401184082
1.01,0.94,0.65,1.4,1.22,1.68,1.42,1.4,1.03,39995,18.583208084106445
1.02,0.97,0.65,1.39,1.23,1.71,1.4,1.4,1.04,39156,18.58693766593933
1.07,0.99,0.66,1.38,1.24,1.71,1.38,1.3,1.04,39745,18.590875387191772
1.06,0.93,0.63,1.38,1.18,1.71,1.36,1.3,1.04,40098,18.591931343078613
1.09,0.93,0.65,1.4,1.18,1.73,1.36,1.22,1.03,39979,18.594929218292236
1.09,0.91,0.65,1.44,1.19,1.77,1.35,1.21,1.02,40136,18.599366903305054
1.08,0.85,0.65,1.46,1.17,1.79,1.38,1.18,1.0,40217,18.6040096282959
1.08,0.86,0.66,1.46,1.14,1.75,1.39,1.22,1.02,40082,18.60720682144165
1.08,0.84,0.66,1.45,1.08,1.78,1.42,1.2,1.04,40097,18.60720682144165
1.09,0.82,0.69,1.48,1.09,1.77,1.43,1.17,1.04,40666,18.611186504364014
1.11,0.83,0.72,1.48,1.07,1.75,1.46,1.11,1.02,41239,18.616549491882324
1.13,0.8,0.72,1.5,1.07,1.79,1.42,1.05,1.02,41292,18.61879277229309
1.13,0.83,0.73,1.54,1.06,1.83,1.43,1.04,1.01,41477,18.61986207962036
1.09,0.78,0.71,1.55,1.04,1.86,1.45,1.0,1.03,41832,18.624057054519653
1.11,0.73,0.72,1.58,0.99,1.8,1.44,1.02,1.07,42391,18.62805676460266
1.09,0.77,0.72,1.56,1.02,1.79,1.46,0.97,1.12,42474,18.632057189941406
1.07,0.81,0.7,1.55,0.99,1.77,1.5,0.93,1.15,42811,18.632057189941406
1.13,0.86,0.73,1.56,0.95,1.7,1.49,0.93,1.18,42950,18.636425495147705
1.13,0.86,0.78,1.56,0.9,1.66,1.47,0.88,1.21,43361,18.640425205230713
1.15,0.86,0.82,1.58,0.91,1.65,1.46,0.86,1.2,43554,18.64408850669861
1.14,0.85,0.85,1.54,0.91,1.67,1.47,0.84,1.17,43931,18.64408850669861
1.12,0.79,0.88,1.57,0.95,1.67,1.47,0.81,1.13,44158,18.648087978363037
1.1,0.73,0.89,1.56,0.93,1.69,1.5,0.8,1.13,44493,18.65211510658264
1.11,0.74,0.83,1.55,0.93,1.69,1.49,0.81,1.15,44640,18.65621256828308
1.13,0.69,0.79,1.54,0.99,1.72,1.49,0.77,1.19,44471,18.65621256828308
1.17,0.72,0.78,1.52,0.92,1.71,1.46,0.78,1.21,43642,18.660314798355103
1.18,0.76,0.83,1.5,0.83,1.68,1.45,0.77,1.19,44137,18.664315938949585
1.17,0.78,0.87,1.53,0.81,1.65,1.45,0.76,1.2,44444,18.668314695358276
1.17,0.76,0.94,1.48,0.82,1.58,1.49,0.78,1.21,44213,18.669315338134766
1.12,0.75,0.98,1.5,0.83,1.6,1.47,0.8,1.16,44580,18.672426223754883
1.11,0.75,1.0,1.5,0.8,1.58,1.48,0.75,1.2,44665,18.676040172576904
1.12,0.71,0.93,1.49,0.8,1.59,1.44,0.78,1.21,44996,18.682051181793213
1.11,0.67,0.87,1.5,0.77,1.58,1.43,0.78,1.25,44801,18.684059381484985
1.12,0.64,0.81,1.48,0.76,1.62,1.43,0.79,1.26,44508,18.68506383895874
1.07,0.65,0.81,1.47,0.75,1.6,1.42,0.77,1.26,43829,18.688353300094604
1.08,0.71,0.84,1.5,0.75,1.59,1.42,0.76,1.28,43716,18.693357467651367
1.04,0.69,0.89,1.46,0.75,1.53,1.42,0.72,1.22,43359,18.697356462478638
1.0,0.73,0.9,1.41,0.76,1.61,1.47,0.65,1.16,42964,18.697356462478638
1.04,0.61,0.88,1.39,0.82,1.65,1.47,0.68,1.08,42275,18.70091724395752
1.04,0.66,0.82,1.41,0.78,1.64,1.49,0.64,1.15,40624,18.705233335494995
1.06,0.62,0.75,1.4,0.74,1.66,1.53,0.62,1.15,38609,18.70952033996582
1.04,0.62,0.72,1.42,0.82,1.65,1.49,0.6,1.16,37278,18.71051859855652
1.04,0.61,0.72,1.44,0.81,1.65,1.51,0.55,1.13,36927,18.71353244781494
1.03,0.64,0.73,1.43,0.79,1.63,1.5,0.57,1.1,36234,18.71758532524109
1.02,0.66,0.74,1.44,0.81,1.65,1.48,0.58,1.07,35263,18.721633911132812
1.02,0.65,0.73,1.43,0.81,1.66,1.48,0.54,1.07,35122,18.722710371017456
1.0,0.6,0.64,1.45,0.84,1.62,1.46,0.57,1.01,35245,18.72582244873047
1.01,0.63,0.63,1.44,0.83,1.64,1.45,0.56,0.99,34678,18.73086953163147
1.02,0.63,0.61,1.44,0.81,1.62,1.44,0.59,1.0,34571,18.734156370162964
1.01,0.67,0.58,1.43,0.8,1.62,1.41,0.6,0.91,34434,18.734886169433594
1.05,0.64,0.61,1.42,0.79,1.62,1.41,0.6,0.88,34277,18.73891282081604
1.07,0.64,0.56,1.39,0.8,1.6,1.41,0.68,0.88,34188,18.742949962615967
1.05,0.63,0.57,1.41,0.82,1.61,1.4,0.71,0.86,33923,18.7469162940979
1.04,0.68,0.55,1.41,0.81,1.61,1.41,0.69,0.83,33930,18.7469162940979
1.02,0.69,0.53,1.39,0.84,1.58,1.38,0.7,0.84,33851,18.750160217285156
1.03,0.7,0.49,1.43,0.84,1.58,1.4,0.71,0.83,33838,18.755654096603394
1.08,0.69,0.5,1.4,0.85,1.53,1.37,0.71,0.81,34087,18.759072065353394
1.07,0.7,0.51,1.43,0.84,1.55,1.36,0.68,0.78,34010,18.76003909111023
1.09,0.71,0.52,1.45,0.83,1.5,1.38,0.69,0.74,33881,18.762857675552368
1.1,0.69,0.51,1.47,0.85,1.5,1.36,0.71,0.77,34180,18.76709294319153
1.1,0.69,0.47,1.48,0.84,1.52,1.36,0.71,0.72,34223,18.77208137512207
1.09,0.71,0.44,1.49,0.84,1.5,1.42,0.73,0.73,34088,18.774548768997192
1.08,0.7,0.41,1.53,0.83,1.48,1.41,0.74,0.73,34279,18.775274515151978
1.16,0.66,0.43,1.47,0.83,1.46,1.38,0.73,0.67,34602,18.779274463653564
1.18,0.69,0.42,1.48,0.83,1.47,1.43,0.7,0.62,35187,18.78427505493164
1.2,0.7,0.4,1.5,0.84,1.45,1.42,0.65,0.56,35646,18.787981271743774
1.16,0.72,0.38,1.55,0.81,1.41,1.46,0.67,0.6,35745,18.787981271743774
1.16,0.68,0.37,1.56,0.8,1.41,1.47,0.63,0.55,36424,18.79248881340027
1.16,0.71,0.34,1.55,0.78,1.41,1.46,0.59,0.57,36345,18.79557490348816
1.17,0.69,0.38,1.56,0.76,1.37,1.48,0.61,0.53,36090,18.80057454109192
1.15,0.71,0.34,1.55,0.79,1.34,1.48,0.61,0.53,36627,18.80057454109192
1.18,0.7,0.33,1.57,0.74,1.34,1.49,0.64,0.49,37202,18.80415940284729
1.23,0.71,0.31,1.54,0.78,1.34,1.47,0.62,0.47,37385,18.808159589767456
1.23,0.72,0.29,1.56,0.77,1.33,1.46,0.61,0.47,37292,18.812159538269043
1.24,0.68,0.33,1.55,0.74,1.32,1.44,0.6,0.44,37523,18.812159538269043
1.22,0.67,0.32,1.56,0.73,1.3,1.46,0.55,0.47,37828,18.816489458084106
1.23,0.68,0.31,1.59,0.73,1.28,1.45,0.55,0.44,38077,18.82118511199951
1.25,0.69,0.33,1.53,0.76,1.28,1.47,0.59,0.43,38046,18.825199127197266
1.26,0.69,0.33,1.52,0.74,1.27,1.47,0.61,0.45,37749,18.825199127197266
1.27,0.68,0.36,1.51,0.73,1.25,1.45,0.6,0.42,38104,18.82824158668518
1.31,0.7,0.36,1.46,0.71,1.25,1.46,0.61,0.41,38437,18.832295417785645
1.29,0.68,0.37,1.47,0.7,1.22,1.46,0.58,0.41,38202,18.836373805999756
1.26,0.7,0.4,1.48,0.71,1.24,1.47,0.6,0.42,38105,18.83740758895874
1.19,0.68,0.4,1.5,0.76,1.2,1.49,0.61,0.43,38206,18.84045648574829
1.21,0.65,0.4,1.53,0.73,1.17,1.44,0.63,0.44,38049,18.84446430206299
1.27,0.65,0.4,1.46,0.73,1.18,1.43,0.62,0.4,38232,18.849453687667847
1.28,0.64,0.4,1.44,0.75,1.18,1.42,0.62,0.41,38259,18.852452516555786
1.29,0.64,0.4,1.41,0.73,1.18,1.44,0.63,0.39,38592,18.853452920913696
1.23,0.63,0.34,1.38,0.68,1.18,1.43,0.64,0.38,38287,18.85689091682434
1.17,0.63,0.36,1.39,0.68,1.18,1.39,0.64,0.36,37876,18.860629081726074
1.17,0.65,0.38,1.37,0.69,1.16,1.41,0.64,0.33,37569,18.864787101745605
1.1,0.61,0.39,1.35,0.66,1.12,1.42,0.64,0.37,36448,18.865817070007324
1.13,0.65,0.35,1.3,0.67,1.12,1.52,0.62,0.29,35235,18.86981749534607
1.12,0.65,0.36,1.3,0.72,1.12,1.51,0.62,0.31,33274,18.873817682266235
1.09,0.65,0.37,1.34,0.69,1.1,1.5,0.59,0.29,31351,18.87822461128235
1.1,0.65,0.37,1.31,0.73,1.1,1.44,0.58,0.3,30718,18.87822461128235
1.1,0.64,0.32,1.28,0.72,1.12,1.45,0.58,0.28,30321,18.882224321365356
1.09,0.67,0.33,1.25,0.71,1.11,1.42,0.55,0.29,29518,18.886592626571655
1.06,0.68,0.32,1.25,0.72,1.12,1.41,0.58,0.27,29387,18.889829397201538
1.02,0.68,0.31,1.26,0.72,1.13,1.39,0.59,0.26,29302,18.890896320343018
0.99,0.7,0.28,1.25,0.7,1.14,1.33,0.59,0.25,29065,18.89393401145935
0.94,0.69,0.34,1.24,0.71,1.11,1.3,0.57,0.26,28822,18.897944688796997
0.97,0.65,0.33,1.21,0.74,1.1,1.28,0.58,0.27,28489,18.9026780128479
0.91,0.66,0.3,1.24,0.75,1.1,1.24,0.59,0.28,28138,18.9026780128479
0.9,0.67,0.31,1.21,0.72,1.11,1.21,0.59,0.28,28015,18.906683444976807
0.89,0.68,0.34,1.2,0.73,1.1,1.17,0.53,0.31,28134,18.910682439804077
0.86,0.68,0.31,1.19,0.75,1.11,1.17,0.56,0.32,28001,18.915671825408936
0.86,0.68,0.36,1.18,0.75,1.1,1.12,0.54,0.32,27808,18.918227195739746
0.84,0.68,0.33,1.12,0.74,1.12,1.1,0.54,0.33,27913,18.918227195739746
0.84,0.68,0.31,1.08,0.74,1.12,1.05,0.55,0.32,27688,18.923107624053955
0.83,0.67,0.32,0.99,0.75,1.1,1.05,0.53,0.3,27703,18.927481412887573
0.84,0.71,0.34,0.96,0.74,1.11,0.99,0.51,0.31,27898,18.93074321746826
0.84,0.67,0.32,0.92,0.75,1.09,0.96,0.52,0.3,27739,18.93074321746826
0.83,0.68,0.33,0.91,0.76,1.1,0.92,0.52,0.3,27508,18.93484091758728
0.83,0.69,0.35,0.85,0.74,1.08,0.93,0.52,0.3,27477,18.939307689666748
0.84,0.7,0.36,0.84,0.71,1.07,0.92,0.53,0.28,28066,18.94339394569397
0.82,0.69,0.36,0.81,0.74,1.07,0.87,0.51,0.29,28321,18.94339394569397
0.8,0.66,0.34,0.79,0.77,1.07,0.82,0.53,0.29,28408,18.947840452194214
0.81,0.67,0.34,0.75,0.77,1.06,0.81,0.52,0.3,28455,18.951372385025024
0.78,0.68,0.34,0.75,0.75,1.06,0.79,0.53,0.3,28682,18.955398321151733
0.77,0.67,0.33,0.74,0.78,1.09,0.73,0.54,0.28,29249,18.956401109695435
0.77,0.66,0.26,0.7,0.78,1.11,0.66,0.51,0.25,29686,18.96011972427368
0.77,0.63,0.3,0.72,0.8,1.09,0.71,0.53,0.23,29935,18.964579582214355
0.76,0.62,0.3,0.69,0.82,1.1,0.66,0.52,0.24,29360,18.967833280563354
0.73,0.63,0.29,0.6,0.8,1.09,0.66,0.49,0.21,29163,18.96888828277588
0.69,0.62,0.29,0.64,0.82,1.1,0.6,0.49,0.23,29824,18.97187328338623
0.71,0.61,0.27,0.59,0.84,1.09,0.61,0.48,0.22,30055,18.975871086120605
0.72,0.62,0.25,0.6,0.83,1.1,0.58,0.48,0.2,30584,18.980885982513428
0.71,0.63,0.24,0.59,0.82,1.1,0.59,0.52,0.21,30555,18.980885982513428
0.68,0.61,0.26,0.63,0.84,1.09,0.55,0.5,0.21,30722,18.984885692596436
0.65,0.61,0.25,0.6,0.83,1.09,0.54,0.48,0.2,31071,18.98804235458374
0.66,0.63,0.26,0.57,0.82,1.08,0.5,0.5,0.21,31016,18.992154121398926
0.67,0.64,0.25,0.54,0.83,1.1,0.51,0.47,0.21,30727,18.99620747566223
0.65,0.64,0.25,0.54,0.81,1.08,0.52,0.49,0.21,31516,18.99620747566223
0.65,0.65,0.25,0.56,0.8,1.07,0.45,0.5,0.21,31781,19.001038551330566
0.68,0.66,0.26,0.58,0.79,1.07,0.52,0.53,0.21,31614,19.00566577911377
0.64,0.67,0.26,0.57,0.8,1.07,0.51,0.52,0.21,30973,19.008049726486206
0.63,0.64,0.24,0.56,0.8,1.08,0.54,0.5,0.2,31222,19.009098768234253
0.61,0.64,0.29,0.59,0.79,1.06,0.49,0.48,0.21,31021,19.013625383377075
0.6,0.62,0.33,0.59,0.79,1.05,0.45,0.49,0.21,30840,19.0171058177948
0.6,0.64,0.29,0.59,0.79,1.05,0.45,0.47,0.21,30797,19.02113914489746
0.55,0.62,0.27,0.63,0.79,1.06,0.43,0.5,0.18,30678,19.02113914489746
0.54,0.65,0.3,0.65,0.78,1.05,0.42,0.48,0.18,30589,19.025139093399048
0.56,0.64,0.25,0.62,0.76,1.01,0.39,0.47,0.17,30786,19.029650688171387
0.5,0.63,0.3,0.58,0.75,0.97,0.3,0.43,0.2,29961,19.0327365398407
0.47,0.68,0.27,0.48,0.71,0.94,0.2,0.45,0.16,29576,19.0327365398407
0.32,0.64,0.21,0.34,0.49,0.78,0.1,0.2,0.09,29295,19.03775119781494
0.43,0.65,0.24,0.41,0.64,0.91,0.17,0.34,0.12,27250,19.041065216064453
0.46,0.66,0.25,0.5,0.66,0.93,0.2,0.36,0.13,23259,19.046308040618896
0.48,0.66,0.27,0.51,0.68,0.92,0.17,0.37,0.12,20634,19.046308040618896
0.48,0.67,0.25,0.44,0.68,0.91,0.16,0.37,0.12,20811,19.049398183822632
0.47,0.68,0.26,0.46,0.67,0.91,0.12,0.37,0.12,21272,19.05354332923889
0.46,0.66,0.25,0.44,0.68,0.86,0.16,0.35,0.12,21095,19.058044910430908
0.44,0.68,0.23,0.44,0.7,0.88,0.16,0.35,0.11,20390,19.059022188186646
0.44,0.67,0.22,0.42,0.68,0.86,0.16,0.33,0.11,19543,19.06202530860901
0.42,0.67,0.26,0.41,0.7,0.85,0.14,0.34,0.11,19050,19.06604290008545
0.44,0.63,0.25,0.41,0.7,0.83,0.13,0.35,0.1,19119,19.070558786392212
0.42,0.68,0.27,0.41,0.7,0.83,0.12,0.34,0.11,19200,19.074073553085327
0.46,0.62,0.24,0.4,0.67,0.83,0.09,0.33,0.1,19211,19.074751138687134
0.46,0.64,0.23,0.35,0.65,0.85,0.07,0.32,0.11,18896,19.078842163085938
0.42,0.62,0.24,0.37,0.67,0.83,0.06,0.3,0.09,18321,19.08316731452942
0.41,0.64,0.25,0.36,0.71,0.84,0.07,0.32,0.1,18406,19.08649706840515
0.42,0.69,0.26,0.32,0.64,0.84,0.09,0.34,0.11,18319,19.08756995201111
0.42,0.67,0.27,0.33,0.67,0.83,0.09,0.31,0.11,17892,19.090567588806152
0.41,0.62,0.24,0.34,0.7,0.84,0.05,0.32,0.09,18011,19.094958782196045
0.42,0.61,0.26,0.35,0.68,0.85,0.04,0.33,0.09,18130,19.0986967086792
0.43,0.65,0.25,0.34,0.69,0.86,0.04,0.34,0.09,18421,19.099405527114868
0.44,0.62,0.27,0.39,0.67,0.87,0.06,0.34,0.08,18320,19.103254556655884
0.43,0.64,0.26,0.33,0.68,0.87,0.04,0.35,0.09,17923,19.10725450515747
0.41,0.65,0.26,0.37,0.68,0.87,0.05,0.35,0.08,17820,19.110256910324097
0.43,0.62,0.28,0.38,0.69,0.88,0.05,0.37,0.09,17997,19.111239433288574
0.43,0.64,0.29,0.38,0.7,0.87,0.05,0.36,0.09,17926,19.11479163169861
0.39,0.62,0.28,0.36,0.7,0.88,0.05,0.36,0.09,17687,19.119266986846924
0.4,0.66,0.27,0.35,0.72,0.88,0.05,0.37,0.09,17674,19.123348474502563
0.41,0.65,0.27,0.39,0.69,0.88,0.05,0.34,0.09,18229,19.124348163604736
0.43,0.67,0.26,0.37,0.69,0.88,0.05,0.36,0.09,18232,19.12734603881836
0.42,0.66,0.27,0.4,0.67,0.88,0.06,0.36,0.09,17335,19.131784915924072
0.42,0.64,0.27,0.4,0.69,0.89,0.05,0.34,0.09,17364,19.135353565216064
0.42,0.65,0.27,0.38,0.68,0.86,0.06,0.37,0.09,17367,19.139589071273804
0.43,0.66,0.27,0.37,0.68,0.85,0.04,0.33,0.09,17322,19.14040470123291
0.43,0.64,0.28,0.34,0.68,0.84,0.05,0.3,0.1,17335,19.143799304962158
0.4,0.66,0.28,0.3,0.68,0.83,0.02,0.32,0.08,17348,19.14882779121399
0.42,0.63,0.27,0.27,0.68,0.84,0.04,0.34,0.09,16983,19.151623010635376
0.44,0.66,0.29,0.27,0.65,0.79,0.04,0.34,0.08,17028,19.152687072753906
0.44,0.64,0.31,0.29,0.65,0.8,0.04,0.35,0.09,17055,19.156687021255493
0.45,0.65,0.29,0.32,0.67,0.79,0.03,0.36,0.09,16860,19.16068744659424
0.45,0.66,0.3,0.32,0.66,0.8,0.04,0.35,0.09,16577,19.16395664215088
0.42,0.66,0.29,0.3,0.65,0.82,0.04,0.38,0.08,16798,19.164687633514404
0.44,0.64,0.27,0.34,0.67,0.81,0.04,0.37,0.08,16341,19.168687105178833
0.44,0.64,0.28,0.34,0.66,0.83,0.05,0.37,0.08,16558,19.17266869544983
0.44,0.64,0.29,0.35,0.69,0.83,0.04,0.35,0.09,16711,19.175687074661255
0.42,0.66,0.3,0.35,0.68,0.82,0.04,0.37,0.09,16380,19.176666736602783
0.43,0.67,0.3,0.34,0.7,0.83,0.04,0.37,0.09,16229,19.180878162384033
0.42,0.65,0.31,0.33,0.69,0.83,0.04,0.38,0.09,16682,19.184814453125
0.42,0.65,0.29,0.34,0.72,0.83,0.04,0.39,0.09,16547,19.188441276550293
0.43,0.65,0.29,0.33,0.72,0.82,0.05,0.41,0.09,16680,19.189498901367188
0.46,0.67,0.29,0.34,0.71,0.83,0.04,0.4,0.09,16421,19.19276714324951
0.46,0.65,0.29,0.34,0.71,0.82,0.05,0.4,0.09,16670,19.197697401046753
0.46,0.66,0.3,0.34,0.68,0.82,0.05,0.39,0.09,16699,19.200958967208862
0.43,0.66,0.3,0.34,0.7,0.81,0.05,0.39,0.08,16284,19.204526662826538
0.43,0.67,0.3,0.34,0.7,0.81,0.05,0.4,0.09,16191,19.20550847053528
0.42,0.68,0.29,0.33,0.72,0.82,0.04,0.41,0.09,15906,19.20947790145874
0.42,0.69,0.3,0.33,0.73,0.84,0.05,0.42,0.08,15983,19.213462591171265
0.44,0.69,0.29,0.35,0.72,0.84,0.04,0.41,0.08,16578,19.217424631118774
0.43,0.69,0.3,0.36,0.72,0.84,0.05,0.38,0.09,16161,19.21849799156189
0.43,0.68,0.27,0.35,0.72,0.83,0.04,0.41,0.08,16516,19.221523761749268
0.43,0.69,0.26,0.36,0.7,0.84,0.05,0.38,0.08,16763,19.225772857666016
0.45,0.71,0.27,0.36,0.71,0.85,0.04,0.41,0.08,16616,19.22978639602661
0.43,0.69,0.26,0.36,0.72,0.85,0.04,0.4,0.08,16233,19.230767011642456
0.43,0.69,0.26,0.35,0.72,0.85,0.05,0.4,0.07,15970,19.234148025512695
0.44,0.7,0.28,0.37,0.74,0.85,0.05,0.41,0.08,16121,19.238428115844727
0.45,0.7,0.27,0.37,0.74,0.85,0.05,0.42,0.08,16098,19.241782426834106
0.45,0.7,0.29,0.37,0.72,0.83,0.05,0.42,0.08,16337,19.242433786392212
0.45,0.69,0.28,0.37,0.73,0.85,0.05,0.43,0.08,16528,19.246361255645752
0.44,0.68,0.26,0.37,0.74,0.85,0.05,0.43,0.08,16815,19.25038504600525
0.44,0.69,0.27,0.38,0.74,0.86,0.05,0.44,0.08,16806,19.25437617301941
0.42,0.69,0.27,0.37,0.75,0.86,0.05,0.43,0.08,16319,19.25437617301941
0.45,0.68,0.27,0.39,0.76,0.85,0.05,0.43,0.08,15786,19.258057594299316
0.43,0.69,0.28,0.36,0.76,0.83,0.05,0.42,0.09,16025,19.262126922607422
0.43,0.71,0.28,0.37,0.76,0.84,0.05,0.44,0.09,16480,19.265968799591064
0.43,0.69,0.26,0.37,0.76,0.83,0.05,0.43,0.08,16605,19.270038604736328
0.43,0.7,0.28,0.39,0.76,0.83,0.05,0.42,0.08,16542,19.27100968360901
0.45,0.69,0.28,0.38,0.76,0.83,0.05,0.42,0.08,16591,19.2750084400177
0.45,0.69,0.29,0.41,0.76,0.84,0.05,0.41,0.08,17164,19.279008626937866
0.45,0.69,0.29,0.38,0.77,0.84,0.05,0.42,0.08,16853,19.28268527984619
0.47,0.68,0.31,0.39,0.77,0.84,0.05,0.42,0.09,16048,19.28268527984619
0.47,0.68,0.3,0.39,0.79,0.83,0.05,0.44,0.08,15975,19.286792039871216
0.45,0.67,0.29,0.39,0.79,0.85,0.05,0.44,0.08,16362,19.291062116622925
0.44,0.68,0.29,0.39,0.78,0.87,0.05,0.44,0.08,16889,19.295315265655518
0.46,0.68,0.28,0.39,0.76,0.87,0.05,0.45,0.08,17072,19.29604148864746
0.46,0.69,0.27,0.4,0.77,0.87,0.05,0.44,0.08,16741,19.300062656402588
0.47,0.7,0.27,0.41,0.78,0.87,0.05,0.45,0.08,16594,19.30399799346924
0.47,0.7,0.26,0.39,0.78,0.87,0.05,0.45,0.08,16587,19.308008193969727
0.46,0.7,0.28,0.39,0.79,0.87,0.05,0.44,0.09,15790,19.308008193969727
0.46,0.7,0.26,0.39,0.8,0.87,0.05,0.45,0.08,15757,19.312362670898438
0.46,0.68,0.27,0.4,0.8,0.87,0.05,0.43,0.08,16498,19.316390991210938
0.45,0.69,0.27,0.39,0.79,0.87,0.05,0.44,0.08,16569,19.319765329360962
0.45,0.69,0.29,0.41,0.79,0.87,0.05,0.44,0.08,16592,19.320507287979126
0.46,0.69,0.28,0.4,0.79,0.87,0.04,0.44,0.08,16789,19.324003219604492
0.47,0.69,0.28,0.4,0.77,0.88,0.05,0.44,0.08,16502,19.328115224838257
0.47,0.68,0.28,0.41,0.78,0.87,0.05,0.45,0.08,16381,19.33307647705078
0.47,0.69,0.28,0.4,0.79,0.87,0.05,0.44,0.08,16904,19.33307647705078
0.45,0.68,0.3,0.41,0.79,0.88,0.05,0.45,0.08,16683,19.336147785186768
0.46,0.66,0.29,0.41,0.79,0.86,0.05,0.44,0.08,16394,19.3414785861969
0.47,0.67,0.3,0.4,0.78,0.86,0.05,0.43,0.08,16427,19.344679594039917
0.49,0.67,0.3,0.42,0.79,0.88,0.05,0.43,0.08,16274,19.348456144332886
0.5,0.68,0.29,0.42,0.78,0.87,0.05,0.43,0.08,15931,19.34921646118164
0.5,0.67,0.3,0.42,0.77,0.87,0.05,0.43,0.08,16292,19.353216886520386
0.49,0.67,0.3,0.42,0.79,0.88,0.05,0.44,0.08,16811,19.357216835021973
0.5,0.66,0.31,0.41,0.79,0.88,0.05,0.44,0.08,16508,19.36119842529297
0.5,0.66,0.31,0.42,0.77,0.86,0.05,0.42,0.09,16461,19.36119842529297
0.48,0.65,0.31,0.42,0.78,0.87,0.05,0.42,0.09,16782,19.36486053466797
0.49,0.67,0.32,0.42,0.77,0.87,0.06,0.43,0.09,16613,19.369470834732056
0.5,0.67,0.32,0.42,0.77,0.87,0.05,0.44,0.09,16240,19.373101472854614
0.5,0.67,0.31,0.42,0.77,0.88,0.06,0.44,0.09,16329,19.373101472854614
0.49,0.66,0.32,0.42,0.76,0.88,0.05,0.42,0.09,16460,19.376607418060303
0.5,0.67,0.31,0.44,0.77,0.88,0.05,0.44,0.09,16349,19.382105112075806
0.5,0.68,0.29,0.42,0.78,0.88,0.05,0.46,0.09,16630,19.38551926612854
0.49,0.68,0.3,0.42,0.79,0.89,0.06,0.45,0.09,16667,19.386595487594604
0.49,0.68,0.3,0.44,0.77,0.88,0.05,0.47,0.09,16522,19.38988971710205
0.5,0.68,0.3,0.44,0.78,0.88,0.06,0.46,0.09,16517,19.394230127334595
0.49,0.67,0.31,0.43,0.78,0.88,0.05,0.45,0.09,16556,19.39823007583618
0.49,0.68,0.31,0.42,0.8,0.88,0.06,0.45,0.09,16785,19.39823007583618
0.51,0.68,0.31,0.43,0.8,0.88,0.05,0.46,0.09,17194,19.401560306549072
0.49,0.68,0.31,0.44,0.8,0.88,0.05,0.45,0.09,16895,19.406771898269653
0.5,0.68,0.32,0.44,0.8,0.89,0.05,0.46,0.09,16658,19.41002583503723
0.5,0.69,0.32,0.43,0.79,0.89,0.05,0.46,0.09,16381,19.411065578460693
0.5,0.68,0.31,0.42,0.8,0.89,0.05,0.47,0.09,16188,19.41405963897705
0.5,0.69,0.31,0.43,0.8,0.9,0.05,0.47,0.09,16305,19.419084072113037
0.5,0.69,0.31,0.43,0.8,0.89,0.06,0.47,0.09,16538,19.422744035720825
0.5,0.68,0.31,0.45,0.8,0.89,0.05,0.47,0.1,16561,19.423765659332275
0.49,0.68,0.31,0.43,0.8,0.89,0.09,0.47,0.1,16556,19.426754236221313
0.49,0.68,0.32,0.43,0.81,0.89,0.09,0.48,0.1,16607,19.431122541427612
0.5,0.68,0.32,0.43,0.8,0.9,0.08,0.47,0.11,16698,19.434629678726196
0.51,0.67,0.32,0.42,0.8,0.9,0.08,0.47,0.11,16409,19.43833637237549
0.5,0.68,0.32,0.42,0.79,0.9,0.08,0.46,0.11,16474,19.439475774765015
0.51,0.67,0.31,0.42,0.78,0.89,0.08,0.45,0.1,16733,19.44302248954773
0.5,0.66,0.3,0.43,0.78,0.9,0.08,0.46,0.11,16542,19.447214603424072
0.5,0.66,0.3,0.42,0.79,0.91,0.08,0.47,0.1,16401,19.450958967208862
0.5,0.68,0.29,0.42,0.79,0.91,0.08,0.48,0.1,16248,19.451727390289307
0.49,0.68,0.29,0.42,0.8,0.92,0.08,0.48,0.1,16755,19.454723358154297
0.49,0.68,0.29,0.43,0.8,0.92,0.08,0.47,0.1,16450,19.459725379943848
0.48,0.69,0.29,0.43,0.79,0.93,0.08,0.47,0.09,16009,19.46297788619995
0.47,0.69,0.3,0.44,0.8,0.91,0.08,0.48,0.09,16158,19.46297788619995
0.47,0.69,0.3,0.43,0.8,0.91,0.08,0.48,0.09,16209,19.468192100524902
0.47,0.7,0.29,0.43,0.8,0.91,0.08,0.48,0.09,16526,19.471473455429077
0.48,0.69,0.29,0.44,0.81,0.91,0.08,0.49,0.1,16385,19.475505113601685
0.48,0.69,0.3,0.44,0.81,0.91,0.08,0.49,0.1,16246,19.47650384902954
0.48,0.69,0.29,0.44,0.81,0.92,0.08,0.49,0.1,16097,19.47947359085083
0.48,0.7,0.31,0.44,0.8,0.91,0.08,0.48,0.1,16334,19.483757495880127
0.49,0.68,0.3,0.44,0.81,0.91,0.08,0.47,0.1,16157,19.488076210021973
0.48,0.7,0.3,0.44,0.81,0.93,0.08,0.47,0.09,16046,19.488076210021973
0.49,0.7,0.3,0.44,0.81,0.92,0.08,0.48,0.09,16049,19.49115514755249
0.48,0.7,0.31,0.45,0.81,0.92,0.09,0.47,0.1,16282,19.496240854263306
0.49,0.7,0.31,0.45,0.8,0.92,0.08,0.47,0.1,16843,19.500230073928833
0.48,0.7,0.31,0.44,0.8,0.93,0.08,0.46,0.1,16728,19.500230073928833
0.49,0.68,0.31,0.45,0.81,0.92,0.08,0.47,0.1,16115,19.503408193588257
0.49,0.68,0.31,0.46,0.81,0.92,0.09,0.48,0.1,16512,19.508756399154663
0.49,0.69,0.31,0.46,0.8,0.92,0.08,0.47,0.1,16727,19.51221752166748
0.5,0.69,0.32,0.45,0.81,0.93,0.08,0.46,0.1,16874,19.513281106948853
0.5,0.7,0.31,0.45,0.82,0.93,0.08,0.46,0.1,16451,19.51574945449829
0.49,0.68,0.32,0.45,0.81,0.93,0.08,0.46,0.1,16208,19.52074933052063
0.49,0.68,0.32,0.45,0.82,0.93,0.08,0.47,0.1,16159,19.524918794631958
0.48,0.68,0.32,0.45,0.82,0.92,0.08,0.45,0.1,16748,19.52791929244995
0.47,0.68,0.32,0.44,0.81,0.93,0.08,0.45,0.1,16643,19.528919219970703
0.49,0.7,0.32,0.46,0.81,0.92,0.08,0.46,0.1,16590,19.53286576271057
0.49,0.7,0.31,0.45,0.82,0.93,0.08,0.47,0.1,16909,19.53690242767334
0.5,0.72,0.31,0.46,0.81,0.92,0.09,0.47,0.09,17092,19.541083812713623
0.51,0.7,0.31,0.46,0.81,0.92,0.08,0.48,0.1,16507,19.541897296905518
0.52,0.71,0.31,0.44,0.82,0.92,0.08,0.48,0.09,16270,19.544896602630615
0.51,0.7,0.32,0.45,0.8,0.92,0.08,0.46,0.1,16447,19.54911708831787
0.51,0.71,0.32,0.45,0.81,0.92,0.08,0.47,0.1,16600,19.553224086761475
0.5,0.71,0.32,0.45,0.81,0.93,0.08,0.47,0.11,16887,19.554243326187134
0.49,0.71,0.33,0.44,0.82,0.93,0.08,0.47,0.1,16594,19.558273553848267
0.5,0.7,0.32,0.44,0.82,0.93,0.08,0.48,0.1,16267,19.561933279037476
0.51,0.71,0.31,0.44,0.81,0.93,0.08,0.48,0.1,16478,19.56592297554016
0.52,0.7,0.31,0.45,0.82,0.93,0.08,0.48,0.1,16495,19.56592297554016
0.53,0.71,0.32,0.45,0.81,0.92,0.08,0.48,0.1,16744,19.56992244720459
0.51,0.71,0.32,0.44,0.83,0.93,0.08,0.48,0.1,16421,19.57392144203186
0.51,0.72,0.31,0.44,0.83,0.93,0.08,0.48,0.1,16256,19.5780827999115
0.51,0.7,0.31,0.45,0.82,0.93,0.08,0.48,0.1,16191,19.5780827999115
0.51,0.7,0.31,0.43,0.83,0.93,0.08,0.5,0.11,16116,19.581648588180542
0.51,0.73,0.3,0.45,0.82,0.93,0.09,0.49,0.1,16619,19.585678577423096
0.52,0.72,0.31,0.44,0.82,0.93,0.08,0.49,0.1,16490,19.590803861618042
0.52,0.71,0.3,0.45,0.82,0.93,0.09,0.49,0.1,16363,19.590803861618042
0.53,0.72,0.3,0.46,0.82,0.93,0.08,0.48,0.1,16314,19.59380316734314
0.53,0.71,0.3,0.45,0.83,0.93,0.08,0.48,0.09,16583,19.598129749298096
0.53,0.7,0.29,0.43,0.83,0.94,0.08,0.48,0.09,16504,19.602453231811523
0.54,0.71,0.29,0.44,0.83,0.94,0.08,0.48,0.09,16057,19.606245756149292
0.55,0.71,0.29,0.44,0.83,0.94,0.08,0.48,0.1,16510,19.606245756149292
0.53,0.71,0.3,0.44,0.83,0.93,0.08,0.49,0.1,16611,19.610787630081177
0.54,0.71,0.3,0.44,0.83,0.94,0.09,0.49,0.1,16224,19.615172624588013
0.54,0.72,0.31,0.46,0.83,0.93,0.09,0.5,0.1,16281,19.618369579315186
0.53,0.71,0.3,0.46,0.84,0.93,0.09,0.48,0.1,16262,19.61932063102722
0.53,0.71,0.32,0.46,0.83,0.94,0.09,0.49,0.1,16077,19.623321294784546
0.54,0.71,0.31,0.46,0.83,0.94,0.09,0.49,0.1,16428,19.6274197101593
0.53,0.7,0.31,0.45,0.83,0.94,0.09,0.49,0.1,16775,19.63141942024231
0.53,0.71,0.3,0.45,0.83,0.94,0.09,0.49,0.1,16592,19.63141942024231
0.54,0.71,0.31,0.45,0.83,0.93,0.09,0.49,0.1,16547,19.635802745819092
0.54,0.71,0.31,0.46,0.83,0.94,0.09,0.51,0.1,16146,19.638962030410767
0.54,0.71,0.3,0.46,0.83,0.94,0.09,0.49,0.1,16155,19.64355444908142
0.54,0.7,0.3,0.46,0.83,0.94,0.09,0.49,0.1,15762,19.64462947845459
0.55,0.71,0.32,0.45,0.83,0.93,0.09,0.5,0.1,16047,19.64801001548767
0.55,0.7,0.32,0.46,0.83,0.93,0.09,0.5,0.1,16416,19.651026725769043
0.56,0.7,0.33,0.44,0.85,0.92,0.09,0.5,0.1,16395,19.656091451644897
0.56,0.7,0.33,0.44,0.85,0.93,0.09,0.49,0.11,16628,19.65706443786621
0.55,0.7,0.33,0.44,0.85,0.93,0.09,0.49,0.1,16339,19.6590678691864
0.54,0.71,0.33,0.45,0.84,0.92,0.09,0.49,0.1,16138,19.664092779159546
0.55,0.71,0.33,0.44,0.85,0.93,0.09,0.49,0.1,16213,19.668466806411743
0.54,0.71,0.33,0.45,0.85,0.93,0.09,0.49,0.1,16336,19.672295093536377
0.55,0.71,0.33,0.44,0.85,0.93,0.09,0.49,0.1,16211,19.672295093536377
0.56,0.71,0.33,0.44,0.84,0.93,0.08,0.48,0.1,16692,19.67551827430725
0.55,0.7,0.32,0.43,0.85,0.93,0.09,0.49,0.1,16795,19.67970895767212
0.54,0.71,0.32,0.45,0.85,0.92,0.09,0.5,0.11,16390,19.683760404586792
0.54,0.72,0.32,0.44,0.84,0.92,0.09,0.49,0.11,16461,19.6849365234375
0.54,0.72,0.33,0.44,0.85,0.92,0.09,0.5,0.1,16696,19.68876886367798
0.54,0.7,0.34,0.45,0.85,0.92,0.09,0.49,0.11,16675,19.69278073310852
0.54,0.71,0.34,0.44,0.86,0.92,0.09,0.49,0.1,16872,19.695772171020508
0.54,0.71,0.34,0.45,0.86,0.93,0.09,0.49,0.11,16619,19.696768283843994
0.54,0.71,0.34,0.45,0.85,0.93,0.09,0.49,0.11,16896,19.70065975189209
0.54,0.71,0.34,0.45,0.85,0.93,0.09,0.49,0.11,16829,19.705496549606323
0.55,0.71,0.34,0.46,0.86,0.92,0.1,0.49,0.11,16770,19.708741903305054
0.55,0.71,0.33,0.44,0.85,0.93,0.09,0.48,0.11,16451,19.70980143547058
0.55,0.72,0.32,0.46,0.84,0.93,0.09,0.48,0.11,16558,19.713006734848022
0.54,0.71,0.32,0.46,0.85,0.93,0.09,0.48,0.11,16465,19.71802043914795
0.55,0.71,0.33,0.46,0.85,0.93,0.09,0.49,0.12,16544,19.722020149230957
0.56,0.71,0.33,0.46,0.85,0.93,0.09,0.5,0.11,16547,19.722020149230957
0.56,0.71,0.33,0.47,0.84,0.92,0.09,0.5,0.11,16192,19.726019620895386
0.55,0.72,0.33,0.47,0.83,0.93,0.09,0.49,0.11,16603,19.729329586029053
0.54,0.72,0.32,0.47,0.83,0.93,0.09,0.5,0.11,16636,19.734165906906128
0.54,0.72,0.31,0.47,0.84,0.93,0.09,0.49,0.11,16469,19.737374782562256
0.56,0.71,0.32,0.46,0.84,0.93,0.09,0.49,0.1,16204,19.7383131980896
0.55,0.7,0.33,0.46,0.84,0.93,0.1,0.49,0.11,16397,19.7423574924469
0.54,0.69,0.32,0.47,0.84,0.93,0.09,0.49,0.11,16740,19.746771097183228
0.54,0.7,0.33,0.47,0.85,0.93,0.09,0.49,0.11,16693,19.749934196472168
0.54,0.7,0.32,0.46,0.85,0.93,0.09,0.49,0.1,16360,19.75076961517334
0.55,0.69,0.32,0.48,0.84,0.93,0.09,0.48,0.1,16419,19.75477123260498
0.54,0.7,0.32,0.47,0.85,0.93,0.09,0.48,0.1,16592,19.759024381637573
0.54,0.71,0.32,0.47,0.84,0.93,0.1,0.49,0.11,16579,19.76218318939209
0.54,0.71,0.32,0.46,0.84,0.93,0.09,0.49,0.1,16890,19.76218318939209
0.53,0.72,0.33,0.45,0.84,0.93,0.09,0.49,0.1,16705,19.767446041107178
0.55,0.72,0.32,0.45,0.84,0.93,0.09,0.48,0.1,16098,19.771595239639282
0.55,0.72,0.32,0.44,0.85,0.94,0.09,0.47,0.1,16209,19.774015426635742
0.55,0.72,0.32,0.46,0.85,0.94,0.09,0.48,0.1,16574,19.775084733963013
0.56,0.72,0.32,0.46,0.86,0.94,0.09,0.48,0.1,16387,19.77969741821289
0.56,0.72,0.3,0.46,0.86,0.93,0.09,0.48,0.1,16542,19.783695459365845
0.54,0.72,0.32,0.47,0.84,0.94,0.09,0.48,0.1,16995,19.786872625350952
0.54,0.72,0.33,0.45,0.84,0.94,0.09,0.48,0.1,16626,19.787752151489258
0.55,0.72,0.33,0.45,0.84,0.94,0.09,0.48,0.1,16411,19.791799545288086
0.54,0.71,0.31,0.45,0.83,0.93,0.09,0.48,0.1,16520,19.79579997062683
0.55,0.72,0.32,0.46,0.84,0.94,0.09,0.48,0.1,16363,19.79979920387268
0.55,0.71,0.33,0.45,0.83,0.94,0.1,0.48,0.11,16362,19.79979920387268
0.56,0.72,0.33,0.46,0.84,0.94,0.1,0.48,0.11,16629,19.803623914718628
0.56,0.73,0.34,0.47,0.84,0.93,0.1,0.5,0.1,16740,19.808337926864624
0.54,0.73,0.34,0.46,0.85,0.93,0.1,0.5,0.1,16707,19.811208724975586
0.55,0.73,0.33,0.45,0.85,0.94,0.09,0.5,0.1,16378,19.8150053024292
0.55,0.72,0.32,0.45,0.84,0.94,0.1,0.49,0.1,16595,19.815722703933716
0.55,0.72,0.32,0.45,0.85,0.93,0.09,0.49,0.1,16376,19.82007670402527
0.54,0.71,0.32,0.46,0.84,0.93,0.1,0.49,0.1,16437,19.824092626571655
0.53,0.71,0.33,0.45,0.84,0.93,0.09,0.5,0.1,16564,19.827391862869263
0.54,0.72,0.33,0.46,0.85,0.94,0.09,0.51,0.1,15977,19.82807683944702
0.54,0.72,0.33,0.46,0.85,0.94,0.1,0.51,0.1,16134,19.83271861076355
0.55,0.72,0.33,0.47,0.85,0.94,0.09,0.51,0.1,16331,19.835899829864502
0.55,0.72,0.33,0.47,0.86,0.94,0.09,0.51,0.1,16290,19.839773654937744
0.55,0.71,0.32,0.46,0.86,0.94,0.09,0.51,0.1,16051,19.840818166732788
0.55,0.72,0.32,0.45,0.86,0.94,0.1,0.51,0.11,16118,19.84380578994751
0.53,0.72,0.33,0.45,0.87,0.94,0.09,0.51,0.11,16353,19.84880304336548
0.54,0.72,0.33,0.46,0.87,0.94,0.09,0.52,0.11,16226,19.85180640220642
0.55,0.71,0.33,0.46,0.87,0.94,0.09,0.52,0.11,16103,19.85280680656433
0.55,0.71,0.33,0.47,0.87,0.94,0.09,0.51,0.11,16288,19.85614252090454
0.55,0.72,0.33,0.45,0.87,0.94,0.09,0.52,0.11,16659,19.860264778137207
0.55,0.72,0.32,0.45,0.87,0.95,0.09,0.52,0.11,17100,19.864251375198364
0.55,0.71,0.32,0.45,0.87,0.95,0.09,0.52,0.11,16733,19.864251375198364
0.55,0.71,0.33,0.45,0.87,0.95,0.09,0.52,0.11,16402,19.86881709098816
0.55,0.72,0.33,0.46,0.87,0.95,0.09,0.53,0.11,16183,19.8726167678833
0.56,0.72,0.33,0.47,0.86,0.95,0.09,0.52,0.11,16354,19.876647233963013
0.56,0.71,0.33,0.46,0.87,0.95,0.09,0.52,0.11,16389,19.877647876739502
0.55,0.71,0.33,0.46,0.87,0.95,0.09,0.52,0.11,16394,19.881651163101196
0.55,0.71,0.32,0.46,0.87,0.95,0.09,0.52,0.11,16791,19.885651111602783
0.56,0.7,0.33,0.47,0.87,0.95,0.09,0.52,0.1,16810,19.889018297195435
0.56,0.7,0.32,0.46,0.87,0.95,0.1,0.52,0.11,16793,19.893054962158203
0.56,0.71,0.32,0.47,0.88,0.94,0.09,0.51,0.1,16710,19.893054962158203
0.56,0.71,0.32,0.47,0.88,0.94,0.09,0.51,0.11,16661,19.897058725357056
0.56,0.7,0.32,0.46,0.88,0.95,0.09,0.51,0.1,16408,19.901119470596313
0.56,0.71,0.32,0.46,0.89,0.95,0.09,0.51,0.1,16309,19.90516424179077
0.56,0.71,0.32,0.47,0.89,0.94,0.1,0.51,0.1,16328,19.90516424179077
0.54,0.71,0.32,0.46,0.89,0.95,0.09,0.51,0.1,16801,19.91016459465027
0.55,0.71,0.33,0.47,0.88,0.95,0.09,0.49,0.11,16774,19.91416335105896
0.54,0.71,0.34,0.46,0.87,0.95,0.1,0.5,0.11,16385,19.91720676422119
0.53,0.71,0.33,0.48,0.87,0.95,0.09,0.5,0.11,16218,19.918254137039185
0.53,0.71,0.34,0.46,0.87,0.95,0.1,0.5,0.11,16213,19.921605348587036
0.54,0.71,0.34,0.47,0.86,0.95,0.09,0.49,0.11,16706,19.925834894180298
0.53,0.71,0.35,0.48,0.87,0.95,0.09,0.49,0.11,16799,19.92993664741516
0.54,0.71,0.34,0.48,0.86,0.94,0.1,0.49,0.11,16326,19.9309298992157
0.55,0.71,0.35,0.47,0.87,0.95,0.1,0.49,0.11,16415,19.933929681777954
0.55,0.71,0.35,0.47,0.87,0.95,0.1,0.5,0.11,16652,19.938929557800293
0.54,0.71,0.34,0.47,0.86,0.95,0.1,0.49,0.12,16729,19.941929817199707
0.56,0.72,0.33,0.47,0.87,0.95,0.11,0.5,0.11,16608,19.94292974472046
0.56,0.72,0.34,0.47,0.87,0.95,0.1,0.5,0.11,16957,19.946967840194702
0.56,0.72,0.34,0.46,0.87,0.95,0.1,0.5,0.11,16866,19.951122283935547
0.55,0.72,0.33,0.46,0.87,0.95,0.1,0.5,0.11,16239,19.95453381538391
0.56,0.71,0.33,0.45,0.87,0.95,0.1,0.5,0.11,16016,19.957980632781982
0.56,0.71,0.33,0.47,0.87,0.95,0.1,0.5,0.11,16859,19.959016799926758
0.56,0.71,0.33,0.46,0.87,0.95,0.09,0.5,0.1,16770,19.96326994895935
0.56,0.71,0.33,0.48,0.88,0.96,0.09,0.51,0.11,16371,19.967269897460938
0.56,0.72,0.32,0.47,0.87,0.95,0.09,0.5,0.11,16306,19.971078634262085
0.57,0.71,0.33,0.46,0.88,0.96,0.09,0.5,0.1,16249,19.97179365158081
0.55,0.71,0.33,0.47,0.88,0.95,0.1,0.5,0.11,16378,19.97578763961792
0.56,0.71,0.34,0.47,0.88,0.95,0.09,0.5,0.11,16435,19.980109930038452
0.56,0.72,0.33,0.46,0.87,0.95,0.09,0.5,0.1,16500,19.9834201335907
0.56,0.72,0.33,0.47,0.87,0.95,0.1,0.5,0.11,16627,19.9841570854187
0.56,0.73,0.34,0.46,0.87,0.95,0.09,0.51,0.11,16548,19.988157033920288
0.56,0.72,0.33,0.47,0.88,0.95,0.1,0.51,0.1,16739,19.992443561553955
0.56,0.72,0.34,0.45,0.88,0.95,0.1,0.51,0.11,16536,19.995757579803467
0.56,0.72,0.33,0.46,0.87,0.95,0.09,0.51,0.11,16543,19.99682116508484
0.57,0.73,0.34,0.47,0.87,0.95,0.1,0.51,0.11,16384,20.000253677368164
0.57,0.74,0.34,0.47,0.87,0.95,0.1,0.5,0.11,16323,20.004287004470825
0.57,0.73,0.35,0.47,0.87,0.94,0.09,0.5,0.12,16270,20.007582664489746
0.57,0.73,0.35,0.47,0.87,0.94,0.09,0.49,0.12,16297,20.008321046829224
0.58,0.73,0.35,0.47,0.87,0.94,0.1,0.5,0.12,16762,20.011578798294067
0.58,0.74,0.36,0.47,0.88,0.95,0.1,0.51,0.11,16545,20.01631259918213
0.58,0.74,0.36,0.47,0.88,0.95,0.1,0.51,0.11,16658,20.020343542099
0.58,0.74,0.36,0.47,0.86,0.94,0.1,0.5,0.12,16715,20.02141809463501
0.58,0.74,0.36,0.47,0.86,0.94,0.1,0.51,0.11,16494,20.02439045906067
0.57,0.74,0.36,0.48,0.87,0.94,0.1,0.51,0.11,16589,20.029472827911377
0.57,0.74,0.35,0.48,0.87,0.94,0.1,0.5,0.11,16576,20.033097982406616
0.58,0.73,0.36,0.47,0.88,0.94,0.09,0.5,0.12,16265,20.03652787208557
0.57,0.72,0.36,0.47,0.88,0.94,0.1,0.5,0.11,16376,20.037510871887207
0.56,0.72,0.35,0.47,0.88,0.94,0.1,0.51,0.11,16549,20.04151225090027
0.58,0.72,0.35,0.47,0.88,0.95,0.1,0.51,0.11,16594,20.045689582824707
0.57,0.71,0.35,0.47,0.89,0.94,0.1,0.5,0.11,16611,20.0486900806427
0.58,0.72,0.35,0.47,0.89,0.94,0.1,0.5,0.12,16452,20.049694061279297
0.57,0.71,0.36,0.47,0.89,0.94,0.1,0.51,0.11,16683,20.05271601676941
0.55,0.72,0.36,0.48,0.89,0.94,0.1,0.5,0.11,16520,20.057297706604004
0.55,0.73,0.36,0.48,0.89,0.94,0.09,0.5,0.12,16257,20.061397790908813
0.55,0.72,0.36,0.48,0.88,0.94,0.1,0.5,0.12,16544,20.061397790908813
0.55,0.72,0.36,0.47,0.89,0.94,0.1,0.5,0.11,16877,20.06537365913391
0.55,0.72,0.36,0.47,0.88,0.94,0.1,0.5,0.11,16508,20.069380044937134
0.56,0.72,0.35,0.47,0.88,0.94,0.1,0.49,0.11,16105,20.073364734649658
0.55,0.72,0.35,0.48,0.88,0.94,0.1,0.49,0.11,15840,20.07436490058899
0.55,0.72,0.35,0.47,0.87,0.95,0.1,0.49,0.11,16351,20.077373027801514
0.55,0.73,0.35,0.48,0.87,0.95,0.1,0.49,0.11,16474,20.08256244659424
0.55,0.72,0.35,0.48,0.87,0.95,0.1,0.49,0.11,16497,20.0857572555542
0.57,0.73,0.35,0.47,0.88,0.95,0.1,0.49,0.11,16516,20.08681082725525
0.57,0.73,0.35,0.48,0.88,0.94,0.09,0.49,0.11,16375,20.089841842651367
0.57,0.73,0.34,0.48,0.89,0.94,0.1,0.5,0.11,16400,20.09481978416443
0.57,0.73,0.34,0.48,0.89,0.95,0.1,0.5,0.11,16503,20.09883141517639
0.57,0.73,0.33,0.49,0.88,0.95,0.1,0.5,0.12,16476,20.09883141517639
0.57,0.74,0.34,0.48,0.88,0.95,0.1,0.51,0.12,16223,20.102819681167603
0.57,0.74,0.34,0.49,0.89,0.95,0.1,0.51,0.11,16146,20.106884002685547
0.57,0.73,0.34,0.48,0.89,0.95,0.09,0.51,0.12,16137,20.11119818687439
0.57,0.73,0.34,0.48,0.89,0.95,0.1,0.52,0.11,15986,20.114548683166504
0.56,0.74,0.34,0.48,0.89,0.95,0.1,0.52,0.11,16449,20.115302085876465
0.56,0.73,0.35,0.48,0.89,0.95,0.1,0.51,0.11,16686,20.119661569595337
0.57,0.72,0.35,0.49,0.89,0.95,0.09,0.52,0.11,16505,20.12371039390564
0.57,0.72,0.37,0.48,0.89,0.94,0.1,0.51,0.11,16490,20.127098083496094
0.57,0.74,0.36,0.48,0.89,0.95,0.1,0.52,0.11,16591,20.127098083496094
0.58,0.74,0.36,0.49,0.89,0.94,0.1,0.52,0.11,17074,20.13112473487854
0.59,0.74,0.36,0.48,0.88,0.95,0.1,0.52,0.12,16757,20.135124444961548
0.59,0.74,0.36,0.49,0.89,0.95,0.09,0.52,0.11,16464,20.139602184295654
0.6,0.73,0.36,0.49,0.9,0.95,0.1,0.52,0.12,16573,20.139602184295654
0.59,0.74,0.35,0.48,0.89,0.95,0.09,0.52,0.11,16568,20.142805576324463
0.6,0.74,0.36,0.49,0.89,0.95,0.1,0.51,0.11,16459,20.147835731506348
0.58,0.74,0.36,0.49,0.9,0.95,0.1,0.52,0.12,15954,20.151724815368652
0.58,0.74,0.36,0.48,0.9,0.94,0.1,0.52,0.12,16547,20.152711868286133
0.58,0.74,0.36,0.49,0.9,0.95,0.1,0.51,0.12,16678,20.155076503753662
0.58,0.74,0.36,0.49,0.9,0.94,0.1,0.51,0.12,16467,20.159380197525024
0.58,0.73,0.36,0.48,0.89,0.95,0.1,0.52,0.12,16000,20.163739681243896
0.58,0.74,0.36,0.48,0.9,0.95,0.1,0.52,0.12,16349,20.164819717407227
0.58,0.73,0.35,0.48,0.9,0.95,0.1,0.51,0.12,16846,20.168486833572388
0.58,0.74,0.35,0.48,0.9,0.94,0.1,0.51,0.12,16955,20.17249059677124
0.59,0.74,0.36,0.49,0.89,0.95,0.1,0.52,0.11,16658,20.176470279693604
0.59,0.73,0.35,0.49,0.9,0.95,0.1,0.52,0.11,16619,20.176470279693604
0.59,0.73,0.35,0.49,0.9,0.95,0.1,0.52,0.12,16082,20.18045949935913
0.59,0.74,0.35,0.49,0.9,0.95,0.1,0.52,0.11,16321,20.18389582633972
0.59,0.73,0.35,0.49,0.89,0.95,0.1,0.5,0.12,16428,20.18797492980957
0.59,0.73,0.34,0.48,0.89,0.94,0.1,0.51,0.11,16449,20.188971042633057
0.58,0.74,0.35,0.48,0.89,0.94,0.1,0.51,0.11,16540,20.191983938217163
0.59,0.74,0.35,0.49,0.89,0.94,0.11,0.51,0.11,16467,20.19597578048706
0.58,0.74,0.35,0.48,0.9,0.94,0.1,0.51,0.11,16240,20.200976133346558
0.59,0.74,0.35,0.48,0.9,0.95,0.1,0.51,0.11,16059,20.2039794921875
0.58,0.74,0.35,0.49,0.9,0.95,0.1,0.52,0.11,16466,20.204975843429565
0.58,0.74,0.35,0.48,0.9,0.95,0.1,0.51,0.11,16483,20.208256721496582
0.58,0.75,0.35,0.47,0.9,0.95,0.1,0.51,0.11,16684,20.21356987953186
0.58,0.74,0.35,0.48,0.9,0.95,0.1,0.5,0.11,16559,20.216599464416504
0.57,0.75,0.35,0.48,0.89,0.95,0.1,0.5,0.11,16316,20.21713662147522
0.58,0.76,0.35,0.48,0.89,0.95,0.1,0.5,0.11,16473,20.221548795700073
0.59,0.76,0.35,0.47,0.89,0.95,0.1,0.5,0.11,16974,20.225549459457397
0.58,0.75,0.35,0.47,0.9,0.96,0.1,0.5,0.11,16863,20.228811502456665
0.57,0.75,0.35,0.47,0.89,0.95,0.1,0.49,0.11,15998,20.229549407958984
0.58,0.74,0.35,0.46,0.89,0.95,0.1,0.5,0.11,16145,20.23354935646057
0.59,0.75,0.36,0.46,0.89,0.96,0.09,0.5,0.11,16542,20.23799228668213
0.58,0.75,0.35,0.46,0.88,0.96,0.1,0.5,0.12,16345,20.24151372909546
0.58,0.74,0.35,0.46,0.89,0.95,0.1,0.5,0.11,16460,20.24252676963806
0.58,0.75,0.35,0.47,0.9,0.95,0.1,0.51,0.12,16591,20.246564626693726
0.58,0.74,0.35,0.48,0.89,0.95,0.1,0.51,0.11,16752,20.25001835823059
0.58,0.74,0.35,0.46,0.89,0.96,0.1,0.51,0.11,16733,20.254505395889282
0.59,0.75,0.36,0.48,0.9,0.96,0.1,0.5,0.11,16142,20.254505395889282
0.58,0.75,0.35,0.48,0.9,0.96,0.1,0.51,0.11,16105,20.258795499801636
0.58,0.75,0.36,0.48,0.91,0.96,0.1,0.52,0.11,16366,20.262757301330566
0.58,0.75,0.35,0.48,0.9,0.96,0.1,0.52,0.11,16203,20.266175508499146
0.58,0.74,0.36,0.48,0.89,0.95,0.1,0.52,0.11,15976,20.267135858535767
0.59,0.75,0.37,0.48,0.9,0.96,0.1,0.51,0.11,16065,20.27023458480835
0.59,0.74,0.36,0.48,0.9,0.96,0.1,0.52,0.11,16798,20.274294137954712
0.59,0.75,0.35,0.49,0.91,0.95,0.1,0.51,0.11,16545,20.278330087661743
0.59,0.75,0.36,0.49,0.9,0.96,0.1,0.52,0.11,16262,20.28237509727478
0.59,0.75,0.36,0.49,0.9,0.95,0.1,0.51,0.11,16759,20.28237509727478
0.59,0.75,0.36,0.49,0.9,0.96,0.1,0.51,0.11,16514,20.28750252723694
0.59,0.75,0.37,0.49,0.9,0.95,0.1,0.51,0.11,15979,20.290820121765137
0.58,0.75,0.37,0.49,0.9,0.96,0.1,0.51,0.11,16502,20.29482126235962
0.58,0.75,0.36,0.48,0.89,0.95,0.1,0.51,0.11,16801,20.29482126235962
0.58,0.75,0.37,0.49,0.89,0.96,0.1,0.5,0.12,16626,20.29924440383911
0.59,0.75,0.36,0.49,0.88,0.95,0.1,0.5,0.12,16081,20.30354118347168
0.6,0.75,0.37,0.48,0.89,0.95,0.1,0.5,0.12,16654,20.306716680526733
0.6,0.75,0.37,0.49,0.89,0.95,0.1,0.5,0.12,16615,20.307769298553467
0.6,0.76,0.37,0.5,0.89,0.96,0.1,0.5,0.12,16472,20.311091899871826
0.59,0.75,0.36,0.51,0.89,0.96,0.1,0.5,0.12,16265,20.315476894378662
0.58,0.76,0.37,0.5,0.9,0.96,0.11,0.5,0.12,16586,20.31947112083435
0.6,0.75,0.36,0.5,0.89,0.96,0.1,0.5,0.11,16529,20.31947112083435
0.59,0.75,0.36,0.49,0.9,0.96,0.1,0.5,0.11,16432,20.323851346969604
0.6,0.75,0.36,0.5,0.9,0.96,0.1,0.5,0.11,16657,20.32688045501709
0.58,0.74,0.36,0.5,0.9,0.96,0.1,0.5,0.12,16832,20.33188796043396
0.59,0.75,0.36,0.49,0.89,0.96,0.1,0.51,0.11,16495,20.332900047302246
0.59,0.74,0.35,0.5,0.9,0.96,0.1,0.5,0.11,16282,20.335066556930542
0.59,0.74,0.36,0.5,0.91,0.96,0.09,0.51,0.11,16511,20.33967638015747
0.61,0.74,0.36,0.5,0.91,0.96,0.1,0.5,0.11,16406,20.343869924545288
0.6,0.75,0.36,0.5,0.91,0.96,0.1,0.51,0.11,16485,20.346904277801514
0.61,0.75,0.37,0.5,0.9,0.96,0.1,0.5,0.11,16700,20.34787654876709
0.61,0.75,0.37,0.5,0.9,0.96,0.1,0.51,0.11,16307,20.35187602043152
0.61,0.74,0.37,0.49,0.9,0.95,0.1,0.5,0.11,16346,20.355948448181152
0.62,0.74,0.37,0.5,0.9,0.96,0.1,0.51,0.11,16351,20.360201358795166
0.61,0.73,0.36,0.5,0.9,0.95,0.1,0.5,0.11,16442,20.360201358795166
0.62,0.74,0.36,0.5,0.91,0.96,0.1,0.5,0.11,16193,20.36411166191101
0.61,0.73,0.36,0.5,0.9,0.96,0.1,0.5,0.11,16120,20.369162559509277
0.6,0.73,0.36,0.5,0.91,0.96,0.1,0.51,0.11,16573,20.372873067855835
0.61,0.74,0.36,0.5,0.9,0.96,0.1,0.5,0.11,16968,20.373849153518677
0.61,0.74,0.36,0.5,0.91,0.96,0.1,0.5,0.11,16701,20.376529932022095
0.62,0.74,0.36,0.5,0.9,0.96,0.1,0.5,0.11,16538,20.381587982177734
0.61,0.74,0.36,0.5,0.91,0.96,0.1,0.51,0.11,15973,20.384859323501587
0.61,0.75,0.36,0.5,0.9,0.96,0.1,0.51,0.11,16248,20.38558793067932
0.61,0.75,0.36,0.5,0.9,0.96,0.1,0.51,0.11,16637,20.389092206954956
0.6,0.76,0.36,0.5,0.91,0.96,0.1,0.51,0.11,16580,20.393140077590942
0.62,0.75,0.36,0.51,0.92,0.96,0.1,0.52,0.11,16175,20.39711093902588
0.61,0.75,0.36,0.5,0.91,0.95,0.1,0.53,0.11,16024,20.3980975151062
0.61,0.74,0.35,0.5,0.91,0.96,0.1,0.52,0.11,16095,20.401111602783203
0.61,0.75,0.36,0.5,0.91,0.96,0.1,0.52,0.11,16512,20.40548038482666
0.61,0.74,0.36,0.49,0.91,0.96,0.1,0.52,0.11,16525,20.40892243385315
0.62,0.75,0.35,0.5,0.92,0.95,0.11,0.52,0.11,16258,20.409934759140015
0.62,0.74,0.36,0.5,0.91,0.95,0.1,0.52,0.11,16069,20.413968801498413
0.61,0.75,0.36,0.51,0.91,0.95,0.1,0.52,0.11,16270,20.418617486953735
0.6,0.75,0.36,0.51,0.92,0.95,0.09,0.52,0.11,16771,20.422842979431152
0.61,0.74,0.36,0.51,0.91,0.95,0.1,0.52,0.12,16682,20.42550802230835
0.61,0.75,0.36,0.51,0.91,0.96,0.1,0.52,0.11,16119,20.426520109176636
0.6,0.74,0.35,0.51,0.9,0.96,0.1,0.52,0.11,16110,20.430766105651855
0.61,0.74,0.35,0.51,0.91,0.95,0.11,0.53,0.11,16587,20.434800148010254
0.61,0.74,0.35,0.51,0.91,0.96,0.1,0.52,0.11,16624,20.43838667869568
0.61,0.75,0.35,0.51,0.91,0.96,0.1,0.53,0.11,16265,20.43838667869568
0.61,0.75,0.35,0.5,0.92,0.96,0.1,0.51,0.11,16292,20.441898584365845
0.61,0.75,0.35,0.52,0.91,0.96,0.1,0.51,0.11,16537,20.44701361656189
0.6,0.75,0.36,0.52,0.91,0.96,0.1,0.51,0.11,16566,20.45036244392395
0.61,0.75,0.35,0.52,0.92,0.96,0.1,0.52,0.11,16577,20.451098918914795
0.6,0.75,0.35,0.51,0.92,0.96,0.1,0.52,0.11,16854,20.455081462860107
0.6,0.75,0.34,0.52,0.92,0.96,0.1,0.51,0.11,16595,20.45914053916931
0.6,0.74,0.34,0.52,0.91,0.97,0.1,0.51,0.11,16592,20.462491750717163
0.6,0.74,0.33,0.53,0.92,0.96,0.1,0.51,0.11,16555,20.463226318359375
0.6,0.74,0.34,0.52,0.92,0.96,0.1,0.51,0.11,16614,20.46760892868042
0.6,0.74,0.33,0.52,0.92,0.97,0.1,0.52,0.11,16785,20.47059202194214
0.59,0.75,0.34,0.51,0.92,0.97,0.1,0.52,0.11,16380,20.47494339942932
0.6,0.75,0.34,0.52,0.92,0.97,0.1,0.51,0.11,16125,20.47600531578064
0.59,0.75,0.34,0.52,0.92,0.97,0.1,0.51,0.11,16380,20.479001998901367
0.59,0.75,0.35,0.53,0.92,0.96,0.1,0.51,0.11,16211,20.48398518562317
0.6,0.74,0.34,0.53,0.91,0.96,0.1,0.51,0.11,16088,20.487245321273804
0.6,0.75,0.34,0.52,0.91,0.97,0.1,0.52,0.11,16357,20.491286277770996
0.6,0.75,0.34,0.51,0.91,0.96,0.1,0.52,0.11,16054,20.49229073524475
0.61,0.75,0.35,0.52,0.91,0.96,0.1,0.52,0.11,16203,20.49569582939148
0.6,0.75,0.35,0.5,0.92,0.96,0.1,0.52,0.11,16522,20.499582529067993
0.6,0.74,0.35,0.51,0.92,0.96,0.1,0.52,0.11,16551,20.503291845321655
0.61,0.74,0.35,0.51,0.92,0.96,0.1,0.52,0.11,16722,20.503291845321655
0.6,0.74,0.35,0.51,0.92,0.96,0.1,0.53,0.11,16827,20.508760690689087
0.6,0.75,0.35,0.51,0.92,0.96,0.1,0.51,0.12,16540,20.511905193328857
0.59,0.75,0.35,0.51,0.92,0.96,0.1,0.51,0.11,16315,20.515914916992188
0.6,0.75,0.34,0.51,0.92,0.97,0.1,0.5,0.11,16332,20.515914916992188
0.61,0.76,0.34,0.52,0.93,0.97,0.1,0.51,0.11,16235,20.52043867111206
0.61,0.76,0.35,0.51,0.92,0.97,0.1,0.5,0.12,16192,20.52469277381897
0.6,0.76,0.35,0.52,0.92,0.97,0.1,0.5,0.12,16387,20.528388261795044
0.59,0.77,0.34,0.51,0.92,0.97,0.1,0.51,0.12,16478,20.52941608428955
0.6,0.77,0.34,0.51,0.92,0.97,0.1,0.51,0.12,16459,20.53254246711731
0.59,0.76,0.33,0.51,0.92,0.97,0.1,0.51,0.12,15906,20.53595280647278
0.6,0.77,0.34,0.51,0.92,0.96,0.1,0.51,0.12,16007,20.540273189544678
0.61,0.77,0.34,0.52,0.91,0.97,0.11,0.51,0.12,16032,20.541014671325684
0.61,0.77,0.34,0.52,0.92,0.97,0.1,0.51,0.11,16465,20.54427409172058
0.59,0.77,0.34,0.52,0.92,0.97,0.1,0.52,0.12,16398,20.54944920539856
0.61,0.77,0.34,0.52,0.91,0.97,0.11,0.51,0.12,15977,20.55279302597046
0.62,0.77,0.34,0.52,0.91,0.97,0.11,0.51,0.12,16354,20.553860187530518
0.61,0.77,0.34,0.53,0.92,0.97,0.1,0.51,0.12,16805,20.557113647460938
0.62,0.77,0.34,0.53,0.92,0.97,0.11,0.51,0.12,16860,20.561614513397217
0.6,0.76,0.35,0.53,0.92,0.97,0.1,0.52,0.12,16535,20.565614700317383
0.61,0.77,0.35,0.53,0.92,0.97,0.1,0.52,0.12,16476,20.568880796432495
0.6,0.77,0.34,0.54,0.92,0.97,0.1,0.53,0.12,15945,20.569615125656128
0.6,0.76,0.35,0.54,0.92,0.97,0.11,0.52,0.12,16314,20.573614835739136
0.61,0.77,0.36,0.54,0.93,0.97,0.1,0.53,0.12,16307,20.578105688095093
0.6,0.77,0.36,0.53,0.93,0.97,0.1,0.53,0.12,16266,20.581502676010132
0.61,0.76,0.36,0.53,0.93,0.97,0.1,0.53,0.12,16801,20.58257007598877
0.61,0.76,0.36,0.53,0.92,0.96,0.1,0.52,0.12,16674,20.58553719520569
0.61,0.76,0.35,0.53,0.93,0.97,0.1,0.53,0.12,15967,20.589537620544434
0.61,0.77,0.36,0.53,0.92,0.97,0.1,0.53,0.12,15896,20.593547821044922
0.61,0.77,0.36,0.53,0.92,0.97,0.1,0.52,0.12,16399,20.59454321861267
0.61,0.77,0.35,0.53,0.92,0.97,0.1,0.53,0.12,16682,20.59754753112793
0.62,0.77,0.36,0.52,0.92,0.96,0.1,0.53,0.12,16441,20.601666927337646
0.62,0.77,0.36,0.52,0.92,0.96,0.11,0.53,0.12,15870,20.605684995651245
0.62,0.76,0.36,0.51,0.93,0.97,0.11,0.53,0.12,16249,20.60673213005066
0.62,0.77,0.35,0.52,0.93,0.96,0.11,0.53,0.12,16722,20.609729051589966
0.62,0.77,0.35,0.51,0.92,0.97,0.11,0.53,0.12,16223,20.614732027053833
0.61,0.77,0.35,0.52,0.92,0.96,0.11,0.53,0.11,16194,20.61776876449585
0.62,0.78,0.35,0.52,0.91,0.97,0.11,0.53,0.12,16619,20.61776876449585
0.62,0.78,0.35,0.52,0.92,0.97,0.11,0.53,0.12,16662,20.621877431869507
0.62,0.78,0.36,0.52,0.92,0.97,0.11,0.53,0.12,16393,20.62592363357544
0.62,0.78,0.36,0.52,0.91,0.97,0.11,0.53,0.12,16056,20.630937814712524
0.62,0.78,0.36,0.54,0.91,0.97,0.11,0.52,0.12,16107,20.634215354919434
0.62,0.77,0.35,0.53,0.91,0.96,0.11,0.52,0.12,16618,20.634912490844727
0.62,0.77,0.35,0.53,0.91,0.96,0.11,0.52,0.12,16731,20.638912439346313
0.61,0.76,0.35,0.53,0.92,0.96,0.11,0.52,0.12,16750,20.6429660320282
0.62,0.77,0.35,0.53,0.92,0.96,0.11,0.52,0.12,16539,20.64701557159424
0.62,0.76,0.35,0.53,0.92,0.96,0.11,0.52,0.12,16478,20.64701557159424
0.61,0.75,0.35,0.53,0.92,0.96,0.11,0.53,0.12,16271,20.65150785446167
0.61,0.76,0.35,0.53,0.92,0.96,0.11,0.52,0.12,16398,20.656304597854614
0.62,0.76,0.35,0.53,0.92,0.96,0.11,0.52,0.12,16759,20.659176111221313
0.61,0.76,0.35,0.53,0.92,0.97,0.11,0.52,0.12,16602,20.659176111221313
0.62,0.76,0.35,0.53,0.91,0.96,0.11,0.52,0.12,16425,20.66422152519226
0.61,0.76,0.35,0.54,0.9,0.97,0.11,0.52,0.12,16500,20.66824173927307
0.61,0.76,0.34,0.54,0.91,0.96,0.11,0.52,0.12,16609,20.671522855758667
0.62,0.76,0.34,0.53,0.91,0.97,0.11,0.52,0.12,16932,20.67224144935608
0.62,0.77,0.34,0.51,0.91,0.97,0.11,0.52,0.12,16825,20.67583179473877
0.62,0.77,0.34,0.54,0.91,0.97,0.11,0.52,0.12,16598,20.680156707763672
0.62,0.76,0.34,0.53,0.92,0.97,0.11,0.52,0.12,16277,20.684563159942627
0.62,0.77,0.34,0.54,0.92,0.97,0.11,0.52,0.12,16190,20.684563159942627
0.62,0.77,0.34,0.53,0.92,0.97,0.11,0.53,0.11,16411,20.68857765197754
0.62,0.78,0.34,0.53,0.92,0.97,0.11,0.53,0.12,16684,20.69215440750122
0.63,0.77,0.34,0.53,0.92,0.97,0.12,0.53,0.11,16467,20.696139335632324
0.62,0.77,0.34,0.53,0.93,0.97,0.11,0.54,0.12,16604,20.696139335632324
0.62,0.77,0.34,0.54,0.92,0.97,0.12,0.54,0.11,16693,20.701103925704956
0.62,0.77,0.34,0.54,0.92,0.97,0.11,0.54,0.11,16348,20.70467448234558
0.62,0.77,0.34,0.54,0.91,0.97,0.11,0.54,0.11,16155,20.708794116973877
0.62,0.78,0.34,0.54,0.91,0.97,0.11,0.54,0.11,16640,20.712444067001343
0.62,0.78,0.34,0.54,0.91,0.97,0.11,0.54,0.11,16889,20.713124752044678
0.62,0.78,0.34,0.54,0.92,0.97,0.11,0.54,0.11,16610,20.717284202575684
0.62,0.77,0.34,0.54,0.92,0.97,0.12,0.54,0.11,16361,20.72075867652893
0.62,0.78,0.34,0.54,0.92,0.97,0.12,0.53,0.11,16556,20.724409580230713
0.62,0.77,0.34,0.52,0.91,0.97,0.11,0.54,0.11,16519,20.725404024124146
0.62,0.78,0.34,0.53,0.92,0.96,0.11,0.54,0.11,16458,20.728688955307007
0.62,0.78,0.35,0.53,0.92,0.97,0.11,0.54,0.11,15887,20.732848405838013
0.62,0.78,0.35,0.53,0.92,0.96,0.11,0.54,0.11,15964,20.736844778060913
0.62,0.77,0.35,0.53,0.92,0.97,0.11,0.54,0.11,16583,20.73784875869751
0.62,0.77,0.35,0.53,0.91,0.97,0.11,0.54,0.12,16534,20.741198778152466
0.62,0.78,0.35,0.53,0.92,0.97,0.12,0.55,0.11,16437,20.74520182609558
0.62,0.78,0.35,0.53,0.92,0.97,0.11,0.55,0.12,16038,20.749099731445312
0.62,0.78,0.35,0.54,0.92,0.97,0.12,0.55,0.12,15885,20.749099731445312
0.62,0.78,0.35,0.53,0.92,0.96,0.12,0.54,0.12,16472,20.753342390060425
0.62,0.78,0.35,0.54,0.92,0.96,0.11,0.54,0.12,16549,20.75858974456787
0.61,0.78,0.35,0.54,0.92,0.96,0.11,0.55,0.11,16180,20.76182794570923
0.62,0.78,0.35,0.54,0.92,0.96,0.11,0.53,0.12,15965,20.762589693069458
0.62,0.78,0.35,0.53,0.92,0.96,0.12,0.54,0.12,16350,20.766599893569946
0.62,0.78,0.35,0.54,0.92,0.97,0.11,0.54,0.12,16255,20.770589113235474
0.62,0.78,0.36,0.53,0.92,0.97,0.11,0.55,0.12,15974,20.774034023284912
0.63,0.78,0.36,0.53,0.92,0.96,0.12,0.54,0.12,15963,20.77508854866028
0.62,0.78,0.36,0.53,0.92,0.96,0.12,0.55,0.12,15708,20.778536558151245
0.62,0.78,0.36,0.53,0.92,0.97,0.12,0.55,0.12,16185,20.7821364402771
0.62,0.79,0.36,0.53,0.91,0.97,0.11,0.54,0.12,16400,20.78658699989319
0.62,0.79,0.36,0.52,0.92,0.97,0.11,0.54,0.12,16389,20.78658699989319
0.62,0.8,0.35,0.53,0.92,0.97,0.12,0.54,0.12,16568,20.791303634643555
0.62,0.8,0.35,0.51,0.92,0.96,0.11,0.54,0.12,16275,20.79492712020874
0.62,0.8,0.35,0.53,0.92,0.96,0.11,0.54,0.12,16186,20.798956394195557
0.62,0.79,0.36,0.52,0.92,0.96,0.11,0.54,0.12,16485,20.801721334457397
0.62,0.8,0.35,0.53,0.92,0.96,0.11,0.54,0.12,16370,20.80302596092224
0.61,0.8,0.36,0.53,0.93,0.96,0.11,0.54,0.12,16483,20.80690908432007
0.63,0.8,0.36,0.53,0.92,0.96,0.12,0.54,0.12,16732,20.810619592666626
0.62,0.8,0.36,0.52,0.92,0.97,0.11,0.54,0.12,16613,20.814635515213013
0.62,0.79,0.35,0.53,0.91,0.96,0.12,0.53,0.12,16550,20.815637588500977
0.62,0.8,0.36,0.53,0.92,0.96,0.11,0.53,0.12,16637,20.818634510040283
0.62,0.8,0.36,0.52,0.92,0.96,0.11,0.53,0.12,16662,20.822920083999634
0.62,0.8,0.36,0.53,0.93,0.96,0.11,0.53,0.12,16689,20.8269259929657
0.62,0.8,0.36,0.52,0.93,0.96,0.11,0.53,0.12,17016,20.827921390533447
0.62,0.8,0.35,0.52,0.93,0.96,0.11,0.54,0.12,17105,20.830914974212646
0.62,0.8,0.35,0.52,0.92,0.97,0.11,0.54,0.12,16644,20.835529327392578
0.62,0.8,0.34,0.53,0.92,0.97,0.12,0.54,0.12,16357,20.839529514312744
0.62,0.8,0.35,0.53,0.92,0.96,0.12,0.54,0.12,16514,20.839529514312744
0.62,0.8,0.35,0.53,0.93,0.96,0.12,0.54,0.12,16711,20.84349775314331
0.62,0.8,0.35,0.52,0.93,0.96,0.12,0.53,0.12,16836,20.8475923538208
0.62,0.8,0.36,0.52,0.93,0.96,0.11,0.53,0.12,16349,20.851823568344116
0.62,0.79,0.36,0.52,0.93,0.97,0.11,0.53,0.12,16070,20.852594137191772
0.62,0.79,0.36,0.52,0.93,0.97,0.11,0.53,0.12,16357,20.855592727661133
0.62,0.79,0.36,0.52,0.93,0.96,0.11,0.54,0.12,16552,20.859588861465454
0.62,0.79,0.36,0.52,0.93,0.96,0.12,0.54,0.12,16327,20.863845348358154
0.62,0.79,0.35,0.52,0.92,0.96,0.11,0.54,0.12,15944,20.864876985549927
0.63,0.79,0.36,0.52,0.92,0.97,0.12,0.54,0.12,15887,20.868124961853027
0.63,0.79,0.35,0.52,0.92,0.97,0.12,0.53,0.12,16412,20.87195086479187
0.63,0.79,0.35,0.53,0.92,0.97,0.12,0.54,0.12,16767,20.876062631607056
0.62,0.78,0.35,0.52,0.92,0.97,0.12,0.54,0.12,16556,20.880785703659058
0.63,0.79,0.36,0.53,0.92,0.97,0.12,0.54,0.12,16093,20.881608724594116
0.63,0.79,0.35,0.53,0.92,0.97,0.12,0.54,0.12,16156,20.884610652923584
0.63,0.79,0.35,0.52,0.93,0.97,0.12,0.55,0.12,16047,20.888625383377075
0.63,0.79,0.35,0.52,0.93,0.96,0.12,0.55,0.12,16416,20.892638206481934
0.63,0.79,0.36,0.53,0.92,0.96,0.12,0.54,0.12,16641,20.893638372421265
0.62,0.78,0.35,0.52,0.93,0.97,0.11,0.55,0.12,16350,20.8966383934021
0.63,0.8,0.35,0.53,0.93,0.97,0.12,0.55,0.12,16417,20.901638507843018
0.62,0.79,0.35,0.53,0.93,0.97,0.11,0.54,0.12,16712,20.90476107597351
0.62,0.78,0.35,0.53,0.94,0.97,0.11,0.54,0.12,16647,20.905642986297607
0.62,0.79,0.35,0.53,0.93,0.97,0.11,0.55,0.12,16460,20.908960103988647
0.61,0.78,0.35,0.53,0.94,0.97,0.11,0.54,0.11,16517,20.912939310073853
0.61,0.78,0.35,0.53,0.94,0.97,0.12,0.55,0.12,16546,20.917373657226562
0.62,0.79,0.35,0.54,0.93,0.97,0.11,0.55,0.12,16501,20.91843581199646
0.61,0.78,0.35,0.53,0.93,0.97,0.11,0.55,0.12,16410,20.92183780670166
0.62,0.78,0.35,0.53,0.93,0.97,0.11,0.55,0.12,16925,20.925837516784668
0.62,0.77,0.35,0.53,0.94,0.97,0.11,0.55,0.12,16656,20.929856300354004
0.62,0.77,0.35,0.53,0.93,0.97,0.11,0.55,0.12,15967,20.93083691596985
0.62,0.78,0.35,0.53,0.93,0.97,0.12,0.55,0.12,16174,20.93382740020752
0.62,0.78,0.35,0.53,0.93,0.97,0.12,0.54,0.12,16445,20.938341856002808
0.62,0.78,0.35,0.53,0.93,0.97,0.12,0.55,0.12,15976,20.942755937576294
0.62,0.78,0.35,0.54,0.93,0.97,0.12,0.55,0.12,16449,20.942755937576294
0.62,0.78,0.35,0.53,0.94,0.97,0.11,0.53,0.11,16302,20.94675636291504
0.62,0.78,0.35,0.54,0.94,0.97,0.12,0.54,0.12,16061,20.950799226760864
0.62,0.77,0.35,0.53,0.93,0.97,0.12,0.54,0.12,16358,20.955324172973633
0.62,0.77,0.35,0.53,0.93,0.96,0.12,0.54,0.12,16313,20.955324172973633
0.62,0.78,0.35,0.53,0.94,0.97,0.11,0.54,0.12,16258,20.958701610565186
0.61,0.78,0.34,0.54,0.93,0.96,0.11,0.54,0.12,16011,20.96308970451355
0.61,0.78,0.35,0.54,0.94,0.97,0.12,0.53,0.12,16134,20.967340230941772
0.61,0.78,0.35,0.53,0.93,0.96,0.12,0.53,0.12,16381,20.970571279525757
0.62,0.79,0.35,0.54,0.94,0.96,0.12,0.53,0.12,16558,20.97157096862793
0.6,0.79,0.34,0.53,0.94,0.97,0.12,0.54,0.12,16665,20.975571632385254
0.62,0.79,0.34,0.52,0.93,0.97,0.12,0.54,0.12,16266,20.979690551757812
0.61,0.79,0.35,0.53,0.94,0.96,0.11,0.55,0.12,16333,20.982530117034912
0.62,0.78,0.35,0.53,0.94,0.96,0.11,0.55,0.12,16560,20.983559131622314
0.62,0.79,0.35,0.54,0.94,0.97,0.12,0.55,0.12,16801,20.987232446670532
0.62,0.78,0.35,0.53,0.94,0.96,0.12,0.55,0.12,16600,20.990639686584473
0.62,0.78,0.35,0.53,0.94,0.97,0.12,0.55,0.12,16241,20.995673179626465
0.62,0.78,0.35,0.53,0.94,0.97,0.11,0.54,0.12,16346,20.995673179626465
0.62,0.78,0.35,0.53,0.93,0.97,0.12,0.54,0.12,16371,20.999674797058105
0.62,0.78,0.35,0.53,0.93,0.96,0.12,0.54,0.12,16474,21.003321647644043
0.62,0.78,0.35,0.53,0.94,0.97,0.12,0.54,0.12,16399,21.007506370544434
0.62,0.78,0.34,0.53,0.94,0.97,0.12,0.54,0.12,16486,21.008591890335083
0.62,0.78,0.35,0.54,0.94,0.97,0.12,0.53,0.12,16607,21.011592149734497
0.62,0.78,0.35,0.54,0.94,0.97,0.12,0.54,0.12,16564,21.016642808914185
0.62,0.77,0.35,0.54,0.94,0.96,0.12,0.54,0.12,16279,21.02005124092102
0.62,0.77,0.35,0.54,0.94,0.97,0.12,0.54,0.12,16528,21.021016836166382
0.63,0.77,0.34,0.54,0.94,0.97,0.12,0.54,0.12,16437,21.02397131919861
0.62,0.77,0.35,0.54,0.94,0.97,0.12,0.55,0.12,16006,21.028014659881592
0.62,0.78,0.35,0.53,0.93,0.97,0.12,0.55,0.12,16275,21.032999277114868
0.62,0.77,0.35,0.54,0.94,0.97,0.12,0.55,0.12,16820,21.035680532455444
0.62,0.78,0.35,0.54,0.93,0.97,0.12,0.54,0.12,16811,21.036388158798218
0.62,0.77,0.35,0.54,0.94,0.97,0.12,0.54,0.12,16414,21.040406703948975
0.62,0.77,0.35,0.53,0.93,0.97,0.11,0.55,0.12,15981,21.04440689086914
0.62,0.78,0.35,0.54,0.93,0.97,0.12,0.55,0.13,15978,21.04805064201355
0.62,0.78,0.35,0.54,0.93,0.96,0.12,0.55,0.12,16081,21.04805064201355
0.62,0.78,0.35,0.54,0.93,0.96,0.12,0.55,0.12,16548,21.052221298217773
0.62,0.79,0.35,0.54,0.93,0.96,0.12,0.55,0.13,16429,21.057228326797485
0.62,0.79,0.34,0.54,0.93,0.97,0.12,0.55,0.12,16400,21.06122851371765
0.62,0.78,0.34,0.55,0.93,0.97,0.12,0.55,0.12,16785,21.06122851371765
0.62,0.78,0.34,0.54,0.93,0.96,0.12,0.55,0.13,16484,21.06520700454712
0.62,0.78,0.34,0.54,0.94,0.97,0.12,0.55,0.13,15847,21.068979740142822
0.62,0.78,0.34,0.53,0.93,0.96,0.12,0.55,0.13,16454,21.0727801322937
0.62,0.78,0.34,0.54,0.94,0.96,0.12,0.56,0.13,16727,21.07386064529419
0.61,0.78,0.35,0.54,0.93,0.96,0.11,0.56,0.12,16822,21.076979637145996
0.62,0.78,0.34,0.54,0.94,0.96,0.12,0.56,0.12,16565,21.081600666046143
0.62,0.78,0.34,0.53,0.93,0.97,0.11,0.56,0.12,16148,21.08460021018982
0.62,0.78,0.34,0.53,0.93,0.97,0.12,0.56,0.13,16055,21.08558416366577
0.62,0.78,0.33,0.53,0.93,0.97,0.12,0.56,0.12,16078,21.08957028388977
0.63,0.78,0.34,0.54,0.93,0.96,0.12,0.56,0.12,15847,21.092572927474976
0.62,0.79,0.33,0.53,0.92,0.97,0.11,0.56,0.12,15742,21.097620010375977
0.63,0.79,0.33,0.54,0.93,0.97,0.12,0.56,0.12,16043,21.09865927696228
0.62,0.79,0.33,0.54,0.93,0.96,0.12,0.56,0.12,16086,21.101829051971436
0.62,0.79,0.34,0.55,0.93,0.96,0.12,0.56,0.12,16525,21.106125354766846
0.62,0.79,0.33,0.54,0.94,0.96,0.12,0.56,0.12,16994,21.110249996185303
0.62,0.79,0.33,0.55,0.93,0.96,0.12,0.56,0.12,16435,21.113554000854492
0.61,0.79,0.34,0.54,0.93,0.96,0.12,0.56,0.12,16046,21.114250898361206
0.62,0.79,0.33,0.54,0.93,0.96,0.12,0.56,0.12,16149,21.11883521080017
0.62,0.78,0.34,0.54,0.93,0.96,0.12,0.56,0.12,16392,21.122350454330444
0.62,0.79,0.34,0.54,0.93,0.96,0.12,0.56,0.12,16077,21.12617325782776
0.62,0.78,0.34,0.54,0.93,0.97,0.12,0.55,0.13,16314,21.12617325782776
0.62,0.79,0.34,0.55,0.93,0.97,0.12,0.55,0.12,16415,21.131226539611816
0.62,0.79,0.34,0.55,0.93,0.97,0.12,0.55,0.12,16422,21.134820699691772
0.62,0.78,0.34,0.54,0.93,0.97,0.12,0.55,0.12,16483,21.138152599334717
0.62,0.78,0.35,0.54,0.93,0.97,0.11,0.55,0.13,16388,21.138893842697144
0.62,0.79,0.35,0.54,0.93,0.96,0.12,0.55,0.13,16289,21.143368244171143
0.62,0.78,0.35,0.54,0.94,0.96,0.12,0.54,0.13,16190,21.146431922912598
0.62,0.79,0.35,0.53,0.94,0.96,0.12,0.55,0.13,15955,21.15046453475952
0.62,0.79,0.35,0.54,0.93,0.97,0.12,0.55,0.13,16246,21.151458263397217
0.62,0.79,0.35,0.53,0.94,0.96,0.12,0.55,0.13,16517,21.154653072357178
0.63,0.79,0.36,0.54,0.94,0.97,0.12,0.54,0.13,17072,21.158649682998657
0.62,0.79,0.35,0.54,0.93,0.96,0.12,0.55,0.13,16695,21.16269063949585
0.63,0.79,0.36,0.53,0.93,0.96,0.12,0.54,0.12,16610,21.16269063949585
0.62,0.79,0.35,0.54,0.93,0.96,0.12,0.54,0.12,17027,21.166785717010498
0.62,0.78,0.35,0.53,0.93,0.97,0.12,0.54,0.12,16854,21.171804666519165
0.62,0.78,0.35,0.53,0.93,0.96,0.12,0.55,0.12,16511,21.17480969429016
0.62,0.78,0.35,0.54,0.94,0.96,0.12,0.55,0.12,16446,21.17880368232727
0.62,0.78,0.35,0.54,0.94,0.96,0.12,0.54,0.12,16297,21.17980456352234
0.62,0.78,0.35,0.54,0.94,0.96,0.12,0.54,0.12,16546,21.183413982391357
0.62,0.79,0.35,0.53,0.93,0.96,0.11,0.54,0.12,16851,21.187570333480835
0.62,0.78,0.35,0.53,0.93,0.96,0.11,0.54,0.12,16738,21.190619468688965
0.62,0.78,0.35,0.54,0.94,0.96,0.12,0.54,0.12,16675,21.191657066345215
0.63,0.78,0.35,0.53,0.93,0.96,0.12,0.55,0.12,16880,21.195625066757202
0.62,0.78,0.35,0.53,0.93,0.96,0.13,0.55,0.12,17127,21.20032835006714
0.62,0.78,0.35,0.54,0.94,0.97,0.12,0.55,0.13,16626,21.203580617904663
0.62,0.78,0.35,0.54,0.93,0.97,0.12,0.55,0.12,16145,21.204681634902954
0.62,0.79,0.35,0.54,0.93,0.97,0.12,0.55,0.13,15844,21.207998275756836
0.62,0.79,0.34,0.54,0.93,0.96,0.12,0.55,0.13,15809,21.212496995925903
0.63,0.79,0.34,0.54,0.94,0.97,0.12,0.55,0.13,16636,21.21561336517334
0.62,0.78,0.34,0.53,0.93,0.96,0.12,0.56,0.12,16605,21.216686487197876
0.63,0.79,0.34,0.54,0.93,0.97,0.12,0.55,0.12,16358,21.220855236053467
0.63,0.78,0.34,0.54,0.93,0.97,0.11,0.56,0.13,16421,21.224157094955444
0.63,0.79,0.33,0.54,0.94,0.97,0.12,0.55,0.13,16120,21.228161096572876
0.63,0.79,0.33,0.53,0.93,0.97,0.12,0.55,0.13,16433,21.22915768623352
0.62,0.79,0.33,0.54,0.93,0.97,0.12,0.55,0.12,16652,21.23315739631653
0.62,0.79,0.33,0.54,0.93,0.96,0.12,0.54,0.13,16499,21.23653554916382
0.63,0.79,0.33,0.55,0.93,0.97,0.12,0.54,0.12,16396,21.240429639816284
0.62,0.79,0.34,0.54,0.92,0.97,0.12,0.54,0.12,16393,21.24147653579712
0.62,0.79,0.34,0.54,0.92,0.97,0.12,0.55,0.12,16636,21.24545454978943
0.63,0.79,0.33,0.54,0.93,0.97,0.12,0.55,0.12,16331,21.249122381210327
0.62,0.79,0.34,0.55,0.92,0.97,0.12,0.54,0.12,16288,21.253144025802612
0.62,0.8,0.34,0.54,0.92,0.97,0.12,0.54,0.12,16659,21.25734519958496
0.62,0.79,0.34,0.55,0.92,0.98,0.12,0.55,0.12,16234,21.258115530014038
0.63,0.8,0.34,0.54,0.92,0.97,0.12,0.54,0.12,16233,21.261294841766357
0.62,0.8,0.34,0.55,0.92,0.98,0.12,0.55,0.12,16314,21.265541315078735
0.61,0.8,0.34,0.55,0.93,0.97,0.12,0.55,0.13,16477,21.269540786743164
0.62,0.8,0.35,0.55,0.92,0.98,0.11,0.55,0.13,16934,21.270637273788452
0.63,0.8,0.35,0.55,0.92,0.98,0.12,0.54,0.12,16879,21.274043798446655
0.62,0.8,0.35,0.55,0.92,0.97,0.12,0.55,0.12,16918,21.278077840805054
0.62,0.8,0.35,0.55,0.92,0.97,0.12,0.55,0.12,16751,21.281818866729736
0.62,0.8,0.35,0.54,0.92,0.97,0.12,0.55,0.12,16582,21.282711267471313
0.64,0.8,0.35,0.54,0.93,0.97,0.12,0.55,0.12,16429,21.28571105003357
0.63,0.8,0.35,0.54,0.93,0.98,0.12,0.55,0.13,16686,21.29027509689331
0.63,0.81,0.35,0.55,0.93,0.97,0.12,0.55,0.13,16213,21.294477462768555
0.63,0.8,0.34,0.54,0.93,0.98,0.12,0.55,0.12,16016,21.294477462768555
0.62,0.8,0.35,0.54,0.93,0.97,0.12,0.55,0.13,15977,21.29817771911621
0.63,0.8,0.34,0.54,0.93,0.98,0.11,0.55,0.12,16076,21.301992654800415
0.63,0.8,0.35,0.53,0.93,0.98,0.12,0.55,0.12,16259,21.30684804916382
0.63,0.8,0.35,0.54,0.93,0.98,0.12,0.55,0.13,16544,21.30684804916382
0.63,0.8,0.35,0.54,0.93,0.98,0.11,0.55,0.13,16671,21.31089735031128
0.62,0.8,0.35,0.54,0.93,0.98,0.11,0.55,0.13,16708,21.315722703933716
0.62,0.8,0.35,0.54,0.93,0.98,0.12,0.55,0.12,16525,21.318857431411743
0.62,0.8,0.35,0.54,0.93,0.98,0.12,0.55,0.13,16276,21.32216215133667
0.62,0.8,0.35,0.54,0.93,0.98,0.12,0.55,0.12,16427,21.32285737991333
0.64,0.79,0.35,0.54,0.94,0.98,0.11,0.55,0.13,16472,21.327855348587036
0.63,0.8,0.35,0.54,0.94,0.98,0.11,0.55,0.12,16199,21.33120560646057
0.63,0.8,0.35,0.54,0.94,0.98,0.11,0.55,0.12,16010,21.33506464958191
0.62,0.8,0.34,0.54,0.93,0.98,0.11,0.55,0.12,15951,21.33506464958191
0.62,0.8,0.35,0.54,0.93,0.98,0.11,0.55,0.12,16638,21.33968496322632
0.62,0.79,0.34,0.54,0.93,0.97,0.12,0.55,0.12,16765,21.343595266342163
0.63,0.8,0.35,0.54,0.93,0.97,0.12,0.55,0.12,16186,21.34662437438965
0.62,0.8,0.35,0.54,0.94,0.97,0.12,0.55,0.12,16399,21.34762167930603
0.63,0.79,0.35,0.54,0.94,0.97,0.11,0.55,0.12,16230,21.35162115097046
0.63,0.8,0.35,0.55,0.94,0.97,0.11,0.55,0.12,16301,21.355798721313477
0.63,0.79,0.35,0.55,0.94,0.97,0.11,0.55,0.12,16578,21.359808444976807
0.62,0.8,0.35,0.54,0.93,0.97,0.11,0.55,0.12,16639,21.359971284866333
0.62,0.8,0.35,0.55,0.93,0.97,0.11,0.55,0.12,16768,21.363606214523315
0.63,0.8,0.35,0.55,0.93,0.97,0.11,0.55,0.12,16689,21.367766618728638
0.63,0.79,0.35,0.55,0.94,0.97,0.11,0.55,0.13,16472,21.371973752975464
0.62,0.8,0.35,0.54,0.93,0.97,0.12,0.55,0.12,16565,21.372779846191406
0.62,0.79,0.35,0.55,0.93,0.97,0.12,0.55,0.12,16344,21.376779794692993
0.62,0.79,0.35,0.55,0.94,0.97,0.12,0.55,0.12,16163,21.38077974319458
0.62,0.79,0.35,0.55,0.93,0.97,0.12,0.55,0.12,16106,21.384779930114746
0.62,0.79,0.35,0.55,0.93,0.98,0.12,0.55,0.12,16565,21.384779930114746
0.62,0.79,0.36,0.54,0.93,0.97,0.11,0.55,0.12,16676,21.388758420944214
0.62,0.79,0.35,0.54,0.93,0.97,0.11,0.55,0.12,16205,21.392716884613037
0.63,0.79,0.35,0.54,0.93,0.97,0.11,0.54,0.12,16084,21.39732527732849
0.62,0.79,0.35,0.54,0.93,0.98,0.11,0.55,0.12,16315,21.400588035583496
0.63,0.78,0.35,0.54,0.93,0.97,0.11,0.55,0.12,16534,21.401674270629883
0.63,0.79,0.35,0.54,0.93,0.97,0.11,0.55,0.12,16537,21.404780864715576
0.62,0.78,0.35,0.55,0.93,0.98,0.11,0.55,0.12,16696,21.409327030181885
0.63,0.78,0.35,0.55,0.92,0.98,0.11,0.54,0.12,16667,21.41301202774048
0.63,0.78,0.35,0.55,0.93,0.98,0.11,0.55,0.12,16572,21.413758516311646
0.63,0.79,0.36,0.55,0.93,0.97,0.11,0.55,0.12,16419,21.417144298553467
0.62,0.79,0.35,0.55,0.93,0.97,0.12,0.54,0.12,16590,21.421194553375244
0.62,0.79,0.35,0.55,0.93,0.98,0.12,0.54,0.12,17003,21.42471218109131
0.63,0.79,0.35,0.54,0.93,0.97,0.12,0.55,0.12,17056,21.425798892974854
0.62,0.79,0.35,0.55,0.92,0.97,0.12,0.54,0.12,16725,21.430304765701294
0.63,0.79,0.36,0.55,0.93,0.97,0.11,0.54,0.12,16578,21.43455719947815
0.63,0.8,0.35,0.55,0.93,0.97,0.11,0.54,0.12,16431,21.437557458877563
0.63,0.8,0.35,0.54,0.93,0.97,0.11,0.55,0.12,16300,21.438536643981934
0.64,0.8,0.35,0.54,0.92,0.97,0.12,0.54,0.12,16481,21.442384481430054
0.63,0.8,0.35,0.54,0.93,0.97,0.11,0.54,0.12,15994,21.44583511352539
0.63,0.8,0.35,0.54,0.93,0.97,0.12,0.54,0.12,15921,21.450228214263916
0.63,0.8,0.35,0.54,0.93,0.97,0.12,0.54,0.12,16256,21.450228214263916
0.63,0.8,0.35,0.55,0.93,0.97,0.12,0.54,0.12,16285,21.454559087753296
0.63,0.8,0.35,0.54,0.92,0.97,0.11,0.54,0.12,16386,21.45840072631836
0.64,0.81,0.35,0.54,0.93,0.96,0.12,0.55,0.12,16345,21.462448358535767
0.63,0.8,0.35,0.54,0.93,0.97,0.11,0.54,0.12,16254,21.46587324142456
0.63,0.8,0.35,0.54,0.93,0.97,0.12,0.54,0.12,16601,21.46692991256714
0.62,0.79,0.35,0.54,0.93,0.96,0.11,0.54,0.12,16450,21.471028566360474
0.62,0.8,0.35,0.55,0.93,0.97,0.11,0.54,0.12,16465,21.47509741783142
0.62,0.8,0.35,0.55,0.93,0.97,0.11,0.54,0.12,16918,21.477697372436523
0.62,0.8,0.35,0.56,0.93,0.97,0.12,0.54,0.12,17089,21.47876787185669
0.62,0.8,0.36,0.56,0.93,0.97,0.11,0.55,0.12,16130,21.482763051986694
0.62,0.8,0.35,0.55,0.93,0.98,0.11,0.54,0.12,16259,21.487616539001465
0.63,0.8,0.36,0.55,0.94,0.98,0.11,0.55,0.12,16618,21.490699768066406
0.63,0.8,0.35,0.54,0.94,0.97,0.11,0.55,0.12,16265,21.491771697998047
0.62,0.8,0.35,0.55,0.93,0.97,0.11,0.55,0.12,16118,21.494741439819336
0.63,0.8,0.35,0.55,0.94,0.98,0.11,0.55,0.12,16345,21.498765468597412
0.63,0.79,0.35,0.55,0.94,0.97,0.11,0.55,0.12,16706,21.502761840820312
0.63,0.81,0.35,0.54,0.94,0.97,0.11,0.54,0.12,16535,21.503767013549805
0.63,0.8,0.35,0.55,0.95,0.97,0.11,0.54,0.12,16596,21.507280111312866
0.63,0.8,0.35,0.55,0.94,0.97,0.11,0.54,0.12,16481,21.511279582977295
0.63,0.8,0.35,0.55,0.95,0.97,0.11,0.54,0.12,16706,21.515548706054688
0.63,0.79,0.35,0.55,0.95,0.98,0.11,0.54,0.12,16461,21.515548706054688
0.64,0.8,0.35,0.56,0.95,0.97,0.11,0.54,0.12,16574,21.519595623016357
0.63,0.8,0.35,0.55,0.95,0.98,0.11,0.55,0.12,16599,21.523691415786743
0.63,0.8,0.35,0.54,0.94,0.98,0.12,0.54,0.12,16382,21.527705192565918
0.63,0.8,0.35,0.55,0.95,0.98,0.11,0.54,0.12,16611,21.52887773513794
0.62,0.79,0.35,0.54,0.94,0.97,0.11,0.54,0.12,16790,21.53197193145752
0.64,0.8,0.35,0.54,0.94,0.97,0.11,0.55,0.12,16653,21.535975694656372
0.63,0.8,0.35,0.53,0.95,0.98,0.11,0.54,0.12,16156,21.539971590042114
0.63,0.8,0.35,0.55,0.94,0.98,0.11,0.55,0.12,16299,21.5429744720459
0.63,0.8,0.35,0.55,0.95,0.98,0.11,0.55,0.12,16748,21.543975114822388
0.63,0.8,0.35,0.55,0.95,0.98,0.11,0.55,0.12,16921,21.547744512557983
0.63,0.8,0.35,0.55,0.95,0.97,0.11,0.55,0.12,16336,21.55234980583191
0.62,0.8,0.35,0.55,0.95,0.97,0.11,0.55,0.12,16011,21.555506229400635
0.63,0.8,0.34,0.54,0.95,0.98,0.11,0.55,0.12,16544,21.55647587776184
0.63,0.8,0.35,0.55,0.95,0.98,0.11,0.55,0.12,16363,21.560475826263428
0.63,0.8,0.35,0.55,0.94,0.98,0.11,0.55,0.12,16164,21.56458878517151
0.63,0.8,0.35,0.55,0.95,0.98,0.11,0.54,0.12,16307,21.568448066711426
0.62,0.8,0.35,0.55,0.95,0.98,0.12,0.54,0.12,16372,21.569443941116333
0.63,0.8,0.35,0.54,0.95,0.98,0.11,0.55,0.13,16657,21.572514295578003
0.63,0.8,0.35,0.54,0.95,0.98,0.11,0.55,0.12,16452,21.576777935028076
0.63,0.79,0.35,0.54,0.94,0.98,0.11,0.55,0.12,16353,21.580671787261963
0.63,0.8,0.35,0.55,0.95,0.98,0.12,0.55,0.12,16770,21.58155393600464
0.63,0.8,0.34,0.53,0.95,0.98,0.12,0.54,0.12,17005,21.584645748138428
0.63,0.8,0.34,0.54,0.95,0.98,0.11,0.55,0.12,16960,21.589252471923828
0.63,0.8,0.35,0.55,0.95,0.98,0.11,0.55,0.12,16555,21.593319177627563
0.63,0.8,0.35,0.54,0.95,0.98,0.11,0.55,0.12,16204,21.594326496124268
0.63,0.79,0.35,0.55,0.95,0.98,0.11,0.55,0.12,16271,21.597423553466797
0.62,0.79,0.34,0.55,0.95,0.97,0.11,0.55,0.12,16116,21.601625204086304
0.62,0.79,0.34,0.55,0.95,0.97,0.11,0.55,0.12,16227,21.604892015457153
0.62,0.8,0.35,0.55,0.95,0.97,0.11,0.55,0.12,16652,21.606414318084717
0.62,0.8,0.35,0.55,0.95,0.98,0.11,0.55,0.12,16471,21.609423875808716
0.62,0.8,0.35,0.55,0.94,0.97,0.11,0.55,0.12,16214,21.613431453704834
0.62,0.8,0.34,0.56,0.95,0.97,0.11,0.55,0.12,16169,21.61803889274597
0.63,0.8,0.35,0.55,0.95,0.97,0.11,0.55,0.12,16192,21.61803889274597
0.63,0.8,0.35,0.55,0.95,0.97,0.11,0.55,0.12,16555,21.622047662734985
0.63,0.8,0.35,0.54,0.95,0.97,0.11,0.55,0.12,16546,21.626051664352417
0.62,0.8,0.35,0.55,0.95,0.98,0.11,0.55,0.12,16303,21.630052089691162
0.62,0.8,0.35,0.54,0.95,0.97,0.11,0.55,0.12,16474,21.63405203819275
0.63,0.79,0.36,0.55,0.95,0.98,0.11,0.55,0.12,16587,21.63405203819275
0.62,0.8,0.36,0.55,0.94,0.97,0.11,0.55,0.12,16488,21.63814949989319
0.63,0.79,0.36,0.55,0.95,0.97,0.11,0.55,0.12,16301,21.64263081550598
0.63,0.8,0.36,0.55,0.95,0.97,0.11,0.55,0.12,16164,21.64588499069214
0.63,0.8,0.35,0.54,0.95,0.97,0.11,0.55,0.12,16555,21.647120475769043
0.62,0.8,0.36,0.54,0.95,0.97,0.11,0.55,0.12,16418,21.650856494903564
0.63,0.8,0.36,0.55,0.95,0.98,0.11,0.55,0.12,16077,21.654856204986572
0.62,0.8,0.36,0.54,0.95,0.98,0.11,0.55,0.12,15826,21.658989429473877
0.62,0.8,0.36,0.54,0.96,0.98,0.11,0.55,0.12,16415,21.658989429473877
0.62,0.8,0.36,0.54,0.96,0.98,0.11,0.55,0.12,16466,21.662541389465332
0.62,0.8,0.36,0.53,0.96,0.98,0.11,0.55,0.12,15973,21.667853116989136
0.62,0.79,0.36,0.54,0.95,0.98,0.11,0.55,0.12,15906,21.67142939567566
0.61,0.8,0.35,0.54,0.96,0.98,0.11,0.54,0.12,16581,21.67142939567566
0.63,0.8,0.36,0.55,0.95,0.98,0.11,0.54,0.12,16616,21.675440788269043
0.62,0.8,0.36,0.54,0.96,0.98,0.11,0.55,0.12,16175,21.679460763931274
0.62,0.8,0.36,0.54,0.95,0.97,0.11,0.55,0.12,16192,21.683430194854736
0.63,0.79,0.36,0.54,0.95,0.98,0.11,0.54,0.12,16453,21.683430194854736
0.63,0.79,0.36,0.54,0.95,0.97,0.11,0.55,0.12,16742,21.68743109703064
0.63,0.79,0.36,0.55,0.95,0.98,0.11,0.55,0.12,16327,21.691734075546265
0.63,0.79,0.35,0.55,0.95,0.98,0.11,0.55,0.12,16590,21.695717096328735
0.63,0.79,0.35,0.52,0.95,0.97,0.11,0.55,0.12,16913,21.696717023849487
0.63,0.8,0.36,0.53,0.95,0.98,0.11,0.55,0.12,16882,21.699902534484863
0.62,0.79,0.35,0.53,0.95,0.98,0.11,0.55,0.12,16861,21.703899383544922
0.62,0.79,0.35,0.53,0.94,0.98,0.11,0.55,0.12,16694,21.708094835281372
0.62,0.8,0.35,0.53,0.94,0.98,0.11,0.55,0.12,16579,21.70911407470703
0.62,0.79,0.35,0.55,0.95,0.98,0.11,0.55,0.12,16312,21.711540460586548
0.62,0.79,0.35,0.54,0.95,0.98,0.11,0.55,0.12,16211,21.716561555862427
0.62,0.79,0.35,0.54,0.95,0.98,0.11,0.55,0.12,16300,21.720561504364014
0.62,0.8,0.35,0.54,0.95,0.98,0.11,0.55,0.12,16321,21.72356128692627
0.62,0.8,0.36,0.55,0.95,0.98,0.11,0.55,0.12,16142,21.72456192970276
0.62,0.8,0.36,0.55,0.94,0.98,0.11,0.55,0.12,16223,21.728561401367188
0.62,0.8,0.36,0.54,0.94,0.98,0.11,0.55,0.12,16370,21.73215341567993
0.62,0.8,0.36,0.54,0.95,0.98,0.1,0.55,0.12,16631,21.73631715774536
0.62,0.79,0.35,0.54,0.95,0.98,0.11,0.55,0.12,17006,21.73631715774536
0.62,0.8,0.35,0.54,0.95,0.98,0.1,0.55,0.12,16563,21.741018772125244
0.62,0.79,0.35,0.54,0.94,0.97,0.11,0.56,0.12,16308,21.745395183563232
0.62,0.8,0.35,0.54,0.95,0.98,0.11,0.55,0.12,16021,21.749380350112915
0.62,0.8,0.36,0.56,0.95,0.98,0.1,0.55,0.12,16504,21.749380350112915
0.62,0.8,0.35,0.56,0.95,0.98,0.11,0.55,0.12,16643,21.753514528274536
0.62,0.8,0.35,0.56,0.95,0.98,0.11,0.55,0.12,16320,21.757596492767334
0.62,0.8,0.35,0.55,0.94,0.98,0.11,0.55,0.12,16153,21.761789798736572
0.62,0.8,0.35,0.55,0.95,0.98,0.11,0.55,0.12,16874,21.761789798736572
0.62,0.8,0.35,0.55,0.95,0.99,0.11,0.56,0.12,16903,21.76515245437622
0.62,0.8,0.35,0.55,0.94,0.98,0.11,0.55,0.12,16614,21.769395112991333
0.62,0.8,0.35,0.55,0.95,0.98,0.11,0.55,0.12,16359,21.774590253829956
0.62,0.8,0.35,0.55,0.94,0.98,0.11,0.55,0.12,16248,21.774662256240845
0.62,0.8,0.35,0.55,0.95,0.98,0.11,0.56,0.12,16327,21.777695417404175
0.62,0.79,0.35,0.54,0.95,0.98,0.11,0.56,0.12,16142,21.782099723815918
0.62,0.79,0.35,0.55,0.95,0.99,0.11,0.56,0.12,16331,21.786463499069214
0.62,0.8,0.35,0.55,0.96,0.98,0.11,0.56,0.12,16204,21.78968048095703
0.62,0.8,0.35,0.55,0.96,0.98,0.11,0.56,0.12,16591,21.790889501571655
0.62,0.8,0.35,0.55,0.96,0.98,0.11,0.56,0.12,16832,21.794937133789062
0.62,0.8,0.35,0.54,0.95,0.98,0.11,0.56,0.12,16335,21.798937559127808
0.62,0.8,0.36,0.54,0.95,0.98,0.11,0.56,0.12,16136,21.802101850509644
0.62,0.79,0.35,0.54,0.96,0.98,0.11,0.56,0.12,16383,21.803041696548462
0.62,0.8,0.35,0.55,0.95,0.98,0.11,0.56,0.12,16624,21.80686116218567
0.62,0.8,0.35,0.55,0.96,0.98,0.11,0.56,0.12,16593,21.81043267250061
0.62,0.79,0.36,0.55,0.96,0.98,0.11,0.56,0.12,16494,21.81450653076172
0.62,0.8,0.36,0.55,0.96,0.98,0.11,0.56,0.12,16547,21.81450653076172
0.62,0.8,0.36,0.54,0.96,0.98,0.11,0.56,0.12,16546,21.819408416748047
0.62,0.8,0.36,0.55,0.96,0.98,0.11,0.56,0.12,16587,21.823425769805908
0.62,0.8,0.36,0.55,0.95,0.98,0.11,0.56,0.12,16502,21.826998233795166
0.62,0.8,0.36,0.55,0.95,0.98,0.11,0.56,0.12,16909,21.827964782714844
0.62,0.8,0.37,0.55,0.95,0.98,0.11,0.56,0.12,16880,21.830740690231323
0.62,0.8,0.35,0.54,0.95,0.98,0.11,0.56,0.12,16527,21.83490300178528
0.62,0.8,0.36,0.54,0.96,0.99,0.11,0.56,0.12,16144,21.839900255203247
0.62,0.8,0.36,0.54,0.96,0.98,0.1,0.57,0.12,15897,21.839900255203247
0.62,0.81,0.36,0.55,0.96,0.99,0.12,0.56,0.12,16332,21.842463493347168
0.62,0.81,0.35,0.55,0.96,0.99,0.11,0.56,0.12,16527,21.847691774368286
0.62,0.81,0.36,0.54,0.96,0.99,0.11,0.56,0.12,16502,21.851163387298584
0.62,0.81,0.35,0.55,0.96,0.99,0.11,0.56,0.12,15935,21.85515260696411
0.62,0.8,0.36,0.55,0.96,0.98,0.11,0.56,0.12,16032,21.85515260696411
0.62,0.81,0.35,0.55,0.96,0.98,0.11,0.56,0.12,16021,21.85901403427124
0.62,0.81,0.36,0.55,0.95,0.99,0.11,0.56,0.12,16212,21.864044904708862
0.62,0.81,0.35,0.55,0.95,0.99,0.11,0.56,0.12,16589,21.86729669570923
0.62,0.81,0.35,0.55,0.95,0.99,0.11,0.56,0.12,16588,21.86729669570923
0.62,0.8,0.35,0.55,0.95,0.99,0.11,0.56,0.12,16047,21.872045516967773
0.62,0.8,0.35,0.55,0.95,0.99,0.11,0.56,0.12,15830,21.875548362731934
0.63,0.81,0.35,0.54,0.95,0.98,0.11,0.56,0.12,16149,21.879559755325317
0.63,0.81,0.36,0.55,0.96,0.98,0.11,0.56,0.12,16698,21.88038945198059
0.63,0.81,0.35,0.54,0.95,0.99,0.11,0.56,0.12,16465,21.883594512939453
0.63,0.8,0.35,0.54,0.95,0.98,0.11,0.56,0.12,16662,21.88871741294861
0.63,0.8,0.35,0.54,0.95,0.99,0.11,0.56,0.12,16871,21.891887187957764
0.63,0.81,0.36,0.53,0.95,0.98,0.11,0.56,0.12,16634,21.89290428161621
0.62,0.8,0.36,0.55,0.95,0.99,0.11,0.56,0.12,16425,21.896098613739014
0.62,0.8,0.36,0.55,0.95,0.99,0.11,0.56,0.12,16332,21.900099754333496
0.62,0.8,0.36,0.55,0.95,0.99,0.11,0.57,0.12,16389,21.904107809066772
0.63,0.8,0.36,0.55,0.96,0.99,0.11,0.56,0.12,16796,21.905145168304443
0.62,0.79,0.36,0.55,0.96,0.99,0.11,0.56,0.12,16569,21.908209323883057
0.62,0.79,0.36,0.55,0.96,0.99,0.11,0.56,0.12,16300,21.912463665008545
0.63,0.8,0.36,0.55,0.96,0.99,0.11,0.56,0.12,16135,21.916685819625854
0.63,0.8,0.36,0.54,0.95,0.98,0.11,0.56,0.12,16284,21.917574405670166
0.62,0.8,0.36,0.55,0.95,0.98,0.11,0.56,0.12,16461,21.920574188232422
0.62,0.8,0.36,0.54,0.95,0.99,0.11,0.56,0.12,16778,21.925554037094116
0.63,0.79,0.36,0.54,0.95,0.99,0.11,0.57,0.12,16671,21.9291090965271
0.63,0.8,0.36,0.55,0.95,0.99,0.11,0.56,0.12,16104,21.93306255340576
0.63,0.8,0.35,0.54,0.94,0.99,0.12,0.56,0.12,16165,21.93411660194397
0.63,0.8,0.35,0.55,0.95,0.99,0.11,0.57,0.12,16536,21.93701934814453
0.63,0.8,0.36,0.55,0.95,0.98,0.11,0.56,0.12,16587,21.941922903060913
0.62,0.8,0.36,0.55,0.95,0.99,0.11,0.57,0.12,16344,21.94459366798401
0.63,0.8,0.36,0.55,0.95,0.98,0.11,0.56,0.12,16345,21.945695400238037
0.62,0.79,0.36,0.54,0.96,0.99,0.1,0.57,0.12,16210,21.949041604995728
0.63,0.79,0.36,0.54,0.96,0.99,0.11,0.56,0.12,16747,21.954023599624634
0.63,0.8,0.36,0.54,0.96,0.99,0.11,0.57,0.12,16806,21.95802664756775
0.63,0.8,0.36,0.55,0.95,0.99,0.11,0.57,0.12,16979,21.95802664756775
0.63,0.8,0.36,0.54,0.95,0.99,0.11,0.57,0.12,16926,21.962207555770874
0.63,0.8,0.36,0.55,0.95,0.99,0.11,0.57,0.12,16345,21.965898752212524
0.62,0.8,0.36,0.55,0.95,0.99,0.11,0.56,0.12,16272,21.96999955177307
0.63,0.8,0.36,0.55,0.96,0.99,0.11,0.56,0.12,16209,21.970998525619507
0.63,0.8,0.35,0.55,0.96,0.99,0.11,0.57,0.12,16350,21.97399878501892
0.63,0.8,0.36,0.54,0.96,0.99,0.11,0.57,0.12,16289,21.97799849510193
0.62,0.8,0.35,0.54,0.96,0.99,0.11,0.57,0.12,16228,21.98200225830078
0.63,0.8,0.36,0.54,0.95,0.99,0.11,0.57,0.12,16177,21.982998847961426
0.63,0.8,0.35,0.55,0.95,0.99,0.11,0.57,0.12,16086,21.986194372177124
0.63,0.8,0.36,0.55,0.95,0.99,0.11,0.56,0.12,16283,21.990355253219604
0.62,0.8,0.36,0.56,0.96,0.99,0.11,0.57,0.12,16702,21.994384288787842
0.62,0.8,0.36,0.55,0.96,0.99,0.11,0.57,0.12,16391,21.997366189956665
0.62,0.8,0.36,0.55,0.97,0.98,0.11,0.57,0.12,16384,21.998361825942993
0.62,0.8,0.36,0.55,0.96,0.99,0.11,0.57,0.12,16653,22.0025372505188
0.63,0.8,0.35,0.55,0.96,0.99,0.11,0.56,0.12,16458,22.006540060043335
0.63,0.8,0.36,0.55,0.96,0.99,0.11,0.56,0.12,16383,22.01065492630005
0.63,0.8,0.36,0.55,0.96,0.99,0.11,0.56,0.12,16626,22.011691093444824
0.63,0.8,0.36,0.55,0.97,0.99,0.11,0.57,0.12,16749,22.01518678665161
0.62,0.8,0.35,0.55,0.96,0.98,0.11,0.56,0.12,16158,22.018922090530396
0.62,0.8,0.35,0.55,0.96,0.98,0.11,0.57,0.12,16171,22.0229549407959
0.62,0.8,0.36,0.55,0.96,0.98,0.11,0.57,0.12,16654,22.023954153060913
0.63,0.8,0.35,0.55,0.96,0.98,0.11,0.56,0.12,16823,22.026933431625366
0.62,0.8,0.36,0.55,0.96,0.98,0.11,0.57,0.12,16320,22.03147554397583
0.62,0.8,0.36,0.55,0.96,0.98,0.11,0.57,0.12,16345,22.035633087158203
0.63,0.8,0.36,0.55,0.96,0.98,0.11,0.57,0.12,16024,22.035633087158203
0.62,0.8,0.36,0.55,0.97,0.98,0.11,0.57,0.12,15977,22.039638996124268
0.62,0.8,0.36,0.55,0.96,0.98,0.11,0.57,0.12,15856,22.04463243484497
0.62,0.79,0.36,0.55,0.96,0.98,0.11,0.57,0.12,16121,22.047805070877075
0.62,0.79,0.36,0.55,0.96,0.98,0.11,0.57,0.12,16378,22.048642873764038
0.62,0.79,0.36,0.56,0.96,0.98,0.11,0.57,0.12,16217,22.052623987197876
0.63,0.8,0.36,0.56,0.96,0.98,0.12,0.57,0.12,16362,22.05572819709778
0.62,0.79,0.37,0.55,0.97,0.99,0.11,0.57,0.12,16657,22.059842586517334
0.62,0.8,0.36,0.55,0.96,0.98,0.11,0.57,0.12,16358,22.060877084732056
0.62,0.8,0.36,0.55,0.96,0.98,0.11,0.57,0.12,16579,22.06498622894287
0.62,0.79,0.36,0.55,0.96,0.98,0.11,0.57,0.12,16502,22.06806492805481
0.63,0.8,0.37,0.55,0.97,0.98,0.11,0.57,0.12,16471,22.07261872291565
0.62,0.8,0.37,0.55,0.97,0.98,0.11,0.57,0.12,16548,22.07655382156372
0.62,0.8,0.36,0.55,0.96,0.98,0.11,0.57,0.12,16493,22.077560663223267
0.62,0.8,0.37,0.54,0.97,0.98,0.11,0.56,0.12,16608,22.080707788467407
0.62,0.8,0.37,0.55,0.96,0.98,0.11,0.56,0.12,16429,22.08491325378418
0.62,0.8,0.37,0.55,0.96,0.98,0.11,0.56,0.12,16516,22.08845019340515
0.63,0.8,0.37,0.56,0.96,0.98,0.11,0.56,0.12,16657,22.088990449905396
0.62,0.8,0.37,0.56,0.96,0.98,0.11,0.56,0.12,16546,22.092883110046387
0.63,0.8,0.37,0.56,0.96,0.98,0.12,0.56,0.12,16149,22.096977949142456
0.62,0.8,0.37,0.55,0.96,0.98,0.11,0.56,0.12,15974,22.100977420806885
0.62,0.8,0.36,0.55,0.97,0.97,0.11,0.56,0.12,16517,22.100977420806885
0.62,0.8,0.36,0.55,0.96,0.98,0.11,0.56,0.12,16526,22.105268716812134
0.62,0.79,0.37,0.55,0.96,0.98,0.11,0.56,0.12,16525,22.10878849029541
0.63,0.79,0.36,0.54,0.96,0.98,0.12,0.56,0.12,16604,22.113072872161865
0.63,0.8,0.37,0.55,0.96,0.98,0.11,0.56,0.12,16481,22.114118099212646
0.63,0.8,0.37,0.55,0.96,0.98,0.11,0.56,0.12,16148,22.117175102233887
0.63,0.8,0.37,0.55,0.96,0.98,0.11,0.56,0.12,16395,22.121264934539795
0.64,0.8,0.37,0.55,0.95,0.98,0.11,0.56,0.12,16088,22.125284910202026
0.64,0.8,0.37,0.55,0.96,0.98,0.11,0.56,0.12,16171,22.12626814842224
0.63,0.8,0.37,0.56,0.96,0.98,0.11,0.56,0.12,16304,22.129419326782227
0.63,0.8,0.37,0.56,0.96,0.98,0.11,0.56,0.12,16345,22.134791135787964
0.63,0.79,0.37,0.55,0.96,0.98,0.11,0.56,0.12,16336,22.138296604156494
0.64,0.8,0.36,0.56,0.96,0.98,0.11,0.56,0.12,16525,22.142251014709473
0.64,0.8,0.36,0.56,0.96,0.98,0.11,0.55,0.12,16314,22.142251014709473
0.64,0.8,0.37,0.57,0.96,0.98,0.12,0.56,0.12,16193,22.14669680595398
0.64,0.8,0.37,0.57,0.96,0.98,0.12,0.56,0.12,16436,22.1497700214386
0.63,0.8,0.37,0.57,0.96,0.98,0.12,0.56,0.12,16819,22.154346704483032
0.63,0.79,0.37,0.57,0.96,0.98,0.11,0.56,0.12,16836,22.154346704483032
0.63,0.8,0.37,0.58,0.96,0.98,0.11,0.56,0.12,16437,22.158658027648926
0.63,0.8,0.37,0.58,0.96,0.97,0.11,0.56,0.12,16110,22.162994146347046
0.63,0.8,0.37,0.58,0.96,0.98,0.11,0.56,0.12,16503,22.165993452072144
0.63,0.79,0.37,0.58,0.96,0.98,0.11,0.56,0.12,16894,22.16699481010437
0.63,0.8,0.37,0.57,0.96,0.98,0.11,0.56,0.12,16535,22.17037034034729
0.63,0.8,0.37,0.58,0.96,0.98,0.11,0.56,0.12,16176,22.175439834594727
0.63,0.79,0.37,0.57,0.96,0.98,0.12,0.56,0.12,16509,22.179448127746582
0.63,0.79,0.37,0.57,0.96,0.97,0.11,0.56,0.12,16688,22.179448127746582
0.63,0.79,0.37,0.57,0.96,0.97,0.11,0.56,0.12,16475,22.183051347732544
0.63,0.79,0.37,0.57,0.97,0.97,0.12,0.56,0.13,16534,22.187156677246094
0.62,0.79,0.37,0.57,0.96,0.97,0.11,0.56,0.12,16649,22.191181421279907
0.62,0.8,0.37,0.57,0.96,0.97,0.11,0.56,0.12,16792,22.191181421279907
0.62,0.79,0.37,0.57,0.97,0.97,0.11,0.56,0.12,16807,22.195435285568237
0.63,0.8,0.37,0.57,0.96,0.97,0.11,0.56,0.12,16446,22.199455976486206
0.62,0.79,0.37,0.56,0.96,0.97,0.11,0.55,0.12,16219,22.20397424697876
0.63,0.79,0.37,0.57,0.96,0.97,0.11,0.56,0.12,16082,22.20397424697876
0.63,0.79,0.38,0.57,0.96,0.97,0.11,0.56,0.12,16093,22.208003044128418
0.62,0.79,0.38,0.57,0.96,0.97,0.11,0.56,0.12,16388,22.212666273117065
0.63,0.79,0.38,0.56,0.96,0.97,0.11,0.56,0.12,16975,22.215823888778687
0.63,0.79,0.37,0.57,0.96,0.97,0.11,0.56,0.12,16612,22.216909646987915
0.63,0.79,0.38,0.57,0.96,0.97,0.12,0.56,0.12,16405,22.220407962799072
0.63,0.79,0.37,0.56,0.96,0.97,0.11,0.56,0.12,16042,22.224430322647095
0.63,0.78,0.38,0.56,0.96,0.97,0.12,0.57,0.12,16143,22.228569746017456
0.63,0.79,0.37,0.56,0.96,0.97,0.11,0.56,0.12,16076,22.228569746017456
0.63,0.78,0.38,0.56,0.96,0.97,0.11,0.56,0.12,16371,22.232579708099365
0.63,0.79,0.37,0.56,0.96,0.97,0.12,0.56,0.12,16354,22.235978603363037
0.63,0.79,0.37,0.56,0.96,0.97,0.12,0.56,0.12,16169,22.2411470413208
0.63,0.79,0.37,0.57,0.97,0.97,0.11,0.56,0.12,16168,22.244415283203125
0.63,0.79,0.37,0.56,0.96,0.97,0.11,0.56,0.12,16209,22.24547004699707
0.63,0.78,0.37,0.57,0.96,0.97,0.11,0.56,0.12,16004,22.248852729797363
0.64,0.79,0.37,0.56,0.96,0.97,0.12,0.56,0.12,16141,22.252870321273804
0.64,0.78,0.37,0.56,0.95,0.97,0.11,0.55,0.12,16024,22.256853818893433
0.64,0.78,0.37,0.55,0.96,0.97,0.11,0.56,0.12,16491,22.257832765579224
0.64,0.79,0.37,0.56,0.96,0.98,0.12,0.55,0.12,17052,22.26118516921997
0.64,0.79,0.37,0.56,0.96,0.97,0.12,0.55,0.12,16877,22.26600980758667
0.64,0.79,0.37,0.56,0.96,0.97,0.11,0.55,0.12,16632,22.269664764404297
0.63,0.79,0.37,0.57,0.96,0.97,0.11,0.55,0.12,16761,22.269664764404297
0.63,0.79,0.37,0.56,0.96,0.97,0.11,0.55,0.12,16832,22.273720741271973
0.63,0.79,0.37,0.56,0.96,0.97,0.11,0.55,0.12,16587,22.277172565460205
0.63,0.78,0.37,0.56,0.96,0.97,0.12,0.55,0.12,16102,22.28151845932007
0.63,0.79,0.38,0.56,0.96,0.97,0.12,0.56,0.12,16367,22.282561779022217
0.63,0.79,0.37,0.57,0.95,0.97,0.11,0.56,0.12,16616,22.285565853118896
0.63,0.79,0.38,0.56,0.96,0.96,0.12,0.56,0.12,16431,22.289969444274902
0.63,0.79,0.38,0.56,0.96,0.97,0.12,0.56,0.12,16600,22.294384717941284
0.64,0.79,0.38,0.56,0.97,0.96,0.11,0.56,0.12,17051,22.294384717941284
0.64,0.79,0.38,0.57,0.96,0.97,0.12,0.57,0.12,16812,22.29838490486145
0.64,0.79,0.38,0.57,0.96,0.97,0.12,0.56,0.12,16613,22.302366971969604
0.64,0.79,0.38,0.57,0.96,0.97,0.12,0.56,0.12,16424,22.30577850341797
0.64,0.78,0.38,0.56,0.96,0.97,0.11,0.57,0.12,16489,22.30680561065674
0.64,0.79,0.37,0.56,0.96,0.97,0.12,0.56,0.12,16512,22.310281991958618
0.64,0.79,0.38,0.56,0.96,0.97,0.12,0.57,0.12,16739,22.31491732597351
0.65,0.79,0.37,0.56,0.96,0.96,0.12,0.57,0.12,16562,22.31877613067627
0.65,0.79,0.37,0.57,0.96,0.96,0.12,0.56,0.12,16765,22.32199215888977
0.65,0.79,0.37,0.57,0.97,0.97,0.12,0.56,0.12,16560,22.32283616065979
0.65,0.79,0.38,0.57,0.97,0.97,0.12,0.57,0.13,16241,22.326836585998535
0.65,0.79,0.37,0.58,0.97,0.97,0.12,0.56,0.12,16364,22.330836534500122
0.65,0.79,0.37,0.57,0.97,0.97,0.12,0.56,0.12,16441,22.33483648300171
0.65,0.8,0.37,0.56,0.96,0.97,0.12,0.56,0.12,16124,22.33483648300171
0.64,0.79,0.37,0.56,0.97,0.97,0.12,0.56,0.13,16097,22.338334798812866
0.65,0.79,0.36,0.56,0.97,0.97,0.12,0.56,0.12,16388,22.343523263931274
0.65,0.79,0.37,0.56,0.97,0.97,0.12,0.56,0.12,16607,22.346879720687866
0.65,0.79,0.37,0.56,0.97,0.97,0.12,0.56,0.12,16204,22.347955226898193
0.64,0.79,0.37,0.55,0.96,0.97,0.11,0.56,0.12,15889,22.35192584991455
0.65,0.79,0.37,0.56,0.96,0.97,0.12,0.56,0.12,15914,22.35512661933899
0.64,0.79,0.37,0.56,0.96,0.97,0.11,0.56,0.12,16161,22.359164237976074
0.65,0.79,0.37,0.56,0.96,0.97,0.11,0.56,0.12,16780,22.360166549682617
0.65,0.78,0.37,0.55,0.96,0.97,0.12,0.56,0.12,16397,22.36327290534973
0.64,0.79,0.37,0.56,0.97,0.97,0.12,0.56,0.12,16216,22.3675639629364
0.64,0.78,0.37,0.56,0.96,0.97,0.11,0.56,0.12,16491,22.37156367301941
0.65,0.79,0.37,0.57,0.96,0.97,0.12,0.56,0.12,16924,22.37156367301941
0.64,0.79,0.37,0.57,0.96,0.97,0.11,0.56,0.12,16815,22.375551223754883
0.65,0.79,0.37,0.56,0.96,0.97,0.12,0.56,0.12,16464,22.379553079605103
0.64,0.79,0.37,0.57,0.96,0.96,0.11,0.56,0.12,16259,22.38350200653076
0.64,0.79,0.37,0.56,0.96,0.97,0.11,0.57,0.12,16464,22.38740849494934
0.64,0.79,0.37,0.57,0.96,0.97,0.12,0.56,0.12,16681,22.387966871261597
0.64,0.78,0.37,0.57,0.96,0.97,0.12,0.56,0.12,16508,22.391525268554688
0.64,0.78,0.38,0.56,0.96,0.97,0.12,0.56,0.12,16363,22.39652967453003
0.64,0.79,0.37,0.57,0.96,0.97,0.12,0.56,0.12,16854,22.399529218673706
0.64,0.79,0.37,0.57,0.96,0.97,0.12,0.57,0.12,16641,22.400529861450195
0.65,0.79,0.37,0.57,0.96,0.97,0.12,0.57,0.12,16392,22.40453028678894
0.65,0.79,0.37,0.57,0.95,0.97,0.12,0.56,0.12,16269,22.407950162887573
0.65,0.79,0.37,0.56,0.95,0.97,0.12,0.57,0.12,16084,22.411996841430664
0.64,0.79,0.37,0.57,0.95,0.97,0.12,0.56,0.12,15993,22.413039207458496
0.64,0.79,0.37,0.57,0.96,0.97,0.11,0.56,0.12,16234,22.41623044013977
0.64,0.79,0.37,0.57,0.96,0.97,0.12,0.56,0.12,15879,22.420798540115356
0.64,0.78,0.37,0.57,0.96,0.97,0.11,0.56,0.12,16112,22.42484426498413
0.64,0.78,0.37,0.57,0.96,0.97,0.12,0.57,0.12,16241,22.425830841064453
0.64,0.78,0.37,0.57,0.96,0.97,0.12,0.56,0.12,15734,22.428830862045288
0.64,0.78,0.37,0.57,0.96,0.97,0.11,0.56,0.12,16113,22.43385410308838
0.64,0.78,0.37,0.57,0.96,0.97,0.12,0.57,0.12,16678,22.43731141090393
0.64,0.79,0.37,0.57,0.96,0.97,0.11,0.57,0.12,16623,22.43731141090393
0.64,0.78,0.37,0.56,0.95,0.97,0.11,0.58,0.12,16530,22.441076517105103
0.64,0.78,0.37,0.56,0.96,0.97,0.11,0.58,0.12,16619,22.44508457183838
0.64,0.79,0.37,0.57,0.95,0.97,0.12,0.58,0.12,16246,22.449733018875122
0.64,0.78,0.37,0.57,0.96,0.97,0.12,0.58,0.12,16235,22.449733018875122
0.64,0.78,0.37,0.57,0.96,0.97,0.12,0.57,0.12,16296,22.453254461288452
0.64,0.78,0.38,0.56,0.96,0.96,0.11,0.57,0.12,16471,22.458263635635376
0.64,0.78,0.38,0.56,0.96,0.97,0.12,0.58,0.12,16348,22.46228337287903
0.64,0.79,0.37,0.57,0.96,0.96,0.11,0.57,0.12,16367,22.46557116508484
0.64,0.78,0.38,0.57,0.96,0.96,0.12,0.57,0.12,16742,22.466642141342163
0.64,0.79,0.38,0.56,0.96,0.96,0.12,0.57,0.13,16321,22.469619035720825
0.64,0.79,0.38,0.56,0.95,0.97,0.11,0.57,0.12,16294,22.474671602249146
0.64,0.78,0.37,0.56,0.96,0.97,0.12,0.57,0.13,16531,22.477352619171143
0.64,0.79,0.38,0.56,0.96,0.96,0.11,0.57,0.12,16798,22.47841715812683
0.63,0.79,0.38,0.56,0.96,0.96,0.11,0.57,0.12,16367,22.482624769210815
0.63,0.79,0.37,0.56,0.95,0.97,0.12,0.57,0.12,16028,22.486936807632446
0.64,0.78,0.37,0.57,0.96,0.97,0.12,0.57,0.12,15885,22.49012517929077
0.64,0.79,0.37,0.58,0.96,0.96,0.13,0.57,0.12,16220,22.49094867706299
0.63,0.79,0.37,0.57,0.96,0.97,0.11,0.57,0.12,16367,22.494261264801025
0.63,0.79,0.37,0.56,0.96,0.97,0.11,0.57,0.12,15958,22.49838948249817
0.63,0.79,0.38,0.57,0.96,0.97,0.12,0.56,0.13,16263,22.50242805480957
0.63,0.79,0.37,0.57,0.96,0.97,0.12,0.57,0.12,16590,22.50242805480957
0.63,0.78,0.37,0.57,0.96,0.98,0.12,0.57,0.11,16377,22.50646710395813
0.63,0.79,0.37,0.57,0.96,0.97,0.12,0.57,0.12,16132,22.511049270629883
0.63,0.79,0.37,0.57,0.96,0.97,0.11,0.57,0.12,16573,22.514872312545776
0.64,0.79,0.37,0.56,0.96,0.97,0.12,0.57,0.12,16516,22.515884399414062
0.64,0.79,0.39,0.57,0.96,0.97,0.11,0.57,0.12,16469,22.519551038742065
0.64,0.79,0.38,0.56,0.96,0.97,0.12,0.57,0.12,16214,22.52355432510376
0.64,0.79,0.38,0.56,0.95,0.97,0.11,0.57,0.12,16465,22.528064489364624
0.64,0.79,0.38,0.56,0.96,0.97,0.12,0.57,0.12,16240,22.531182050704956
0.64,0.79,0.38,0.57,0.96,0.97,0.11,0.57,0.12,16319,22.53206443786621
0.64,0.79,0.38,0.57,0.96,0.97,0.11,0.57,0.12,16396,22.536064624786377
0.64,0.79,0.38,0.56,0.96,0.97,0.12,0.57,0.12,16245,22.540189266204834
0.65,0.8,0.38,0.55,0.96,0.97,0.11,0.57,0.12,16638,22.543111085891724
0.65,0.79,0.38,0.56,0.96,0.97,0.12,0.57,0.12,16723,22.544158220291138
0.65,0.8,0.38,0.57,0.96,0.97,0.12,0.57,0.12,16770,22.547435760498047
0.65,0.8,0.38,0.56,0.96,0.97,0.12,0.57,0.12,16485,22.552499771118164
0.65,0.79,0.38,0.56,0.96,0.97,0.11,0.57,0.12,16810,22.55549168586731
0.65,0.8,0.38,0.57,0.96,0.96,0.11,0.57,0.12,16663,22.55549168586731
0.66,0.8,0.38,0.57,0.95,0.97,0.11,0.58,0.12,16108,22.56049942970276
0.65,0.8,0.38,0.57,0.96,0.97,0.12,0.57,0.12,16457,22.56399631500244
0.65,0.8,0.38,0.57,0.96,0.97,0.12,0.57,0.12,16026,22.567972898483276
0.65,0.8,0.38,0.57,0.96,0.97,0.12,0.57,0.12,15837,22.569123029708862
0.66,0.79,0.38,0.57,0.96,0.97,0.12,0.57,0.12,15954,22.572763204574585
0.65,0.79,0.38,0.57,0.96,0.96,0.12,0.57,0.12,16327,22.576955795288086
0.65,0.79,0.37,0.57,0.96,0.97,0.11,0.57,0.12,16840,22.580411672592163
0.65,0.79,0.38,0.58,0.96,0.97,0.11,0.57,0.12,16799,22.580411672592163
0.66,0.78,0.37,0.58,0.96,0.97,0.12,0.57,0.12,16640,22.584291219711304
0.66,0.79,0.37,0.58,0.96,0.97,0.12,0.57,0.12,16359,22.588937520980835
0.66,0.8,0.37,0.58,0.95,0.97,0.12,0.57,0.12,16402,22.59273338317871
0.66,0.8,0.37,0.57,0.95,0.97,0.12,0.57,0.12,16357,22.59273338317871
0.66,0.8,0.37,0.58,0.96,0.97,0.11,0.57,0.12,16280,22.596842765808105
0.66,0.79,0.37,0.58,0.96,0.97,0.12,0.57,0.12,16067,22.60084295272827
0.66,0.8,0.37,0.58,0.96,0.97,0.12,0.57,0.12,16278,22.60533833503723
0.66,0.8,0.37,0.57,0.96,0.97,0.12,0.57,0.12,16439,22.609144687652588
0.66,0.8,0.37,0.58,0.96,0.97,0.12,0.57,0.12,16356,22.60919976234436
0.67,0.8,0.37,0.58,0.96,0.97,0.12,0.57,0.12,16373,22.614009618759155
0.67,0.79,0.37,0.57,0.96,0.97,0.12,0.57,0.12,16136,22.61799454689026
0.66,0.8,0.37,0.58,0.96,0.97,0.12,0.57,0.12,16553,22.620906829833984
0.66,0.8,0.37,0.57,0.96,0.97,0.11,0.57,0.12,16302,22.621981382369995
0.67,0.8,0.37,0.57,0.96,0.97,0.12,0.57,0.12,15901,22.624979734420776
0.66,0.79,0.37,0.57,0.96,0.97,0.12,0.57,0.12,16482,22.629962921142578
0.66,0.8,0.37,0.57,0.96,0.97,0.12,0.57,0.12,16283,22.63364815711975
0.66,0.79,0.37,0.57,0.96,0.97,0.12,0.57,0.12,16332,22.634272575378418
0.66,0.8,0.37,0.56,0.96,0.97,0.12,0.57,0.12,16261,22.63825249671936
0.66,0.8,0.37,0.57,0.96,0.97,0.12,0.57,0.12,16240,22.642592430114746
0.67,0.8,0.37,0.57,0.95,0.97,0.12,0.57,0.12,16833,22.645895957946777
0.67,0.8,0.37,0.58,0.96,0.97,0.12,0.57,0.12,16594,22.64703917503357
0.66,0.8,0.37,0.57,0.96,0.97,0.12,0.57,0.12,16513,22.65053367614746
0.66,0.79,0.37,0.57,0.96,0.97,0.12,0.57,0.12,16482,22.654673099517822
0.65,0.79,0.37,0.56,0.96,0.97,0.12,0.57,0.12,16423,22.658078908920288
0.67,0.8,0.37,0.57,0.95,0.97,0.12,0.57,0.12,16466,22.659133195877075
0.67,0.8,0.37,0.56,0.95,0.98,0.12,0.57,0.12,16495,22.662126302719116
0.68,0.8,0.37,0.57,0.95,0.97,0.12,0.57,0.12,16286,22.667131423950195
0.67,0.8,0.37,0.56,0.95,0.97,0.12,0.57,0.12,16095,22.671117067337036
0.67,0.8,0.37,0.56,0.94,0.97,0.12,0.57,0.12,16086,22.674675226211548
0.67,0.8,0.36,0.57,0.95,0.97,0.11,0.57,0.12,16113,22.674797534942627
0.67,0.8,0.37,0.57,0.95,0.97,0.12,0.57,0.12,16064,22.678577661514282
0.66,0.81,0.37,0.56,0.95,0.98,0.12,0.57,0.12,15991,22.682725429534912
0.66,0.8,0.37,0.57,0.95,0.98,0.12,0.57,0.12,16438,22.686770915985107
0.67,0.8,0.37,0.56,0.95,0.97,0.12,0.57,0.12,16725,22.687767028808594
0.67,0.81,0.37,0.57,0.95,0.97,0.11,0.57,0.12,16416,22.691797018051147
0.67,0.8,0.37,0.57,0.94,0.97,0.12,0.57,0.12,16459,22.695151805877686
0.67,0.81,0.37,0.57,0.95,0.97,0.12,0.57,0.12,16212,22.699100494384766
0.67,0.8,0.37,0.57,0.95,0.97,0.12,0.57,0.12,16037,22.70015549659729
0.67,0.8,0.36,0.57,0.95,0.98,0.12,0.57,0.12,16210,22.703153133392334
0.67,0.8,0.37,0.56,0.95,0.98,0.12,0.57,0.12,16387,22.708199501037598
0.67,0.8,0.37,0.57,0.95,0.98,0.12,0.57,0.12,16388,22.71051287651062
0.67,0.8,0.37,0.55,0.95,0.97,0.12,0.57,0.12,16709,22.711711645126343
0.67,0.8,0.37,0.56,0.96,0.97,0.12,0.57,0.12,16612,22.715927839279175
0.67,0.8,0.37,0.55,0.95,0.97,0.12,0.57,0.12,16491,22.71892809867859
0.66,0.8,0.37,0.56,0.95,0.97,0.12,0.57,0.12,16812,22.72292685508728
0.67,0.8,0.37,0.55,0.95,0.97,0.12,0.57,0.12,16793,22.72393012046814
0.65,0.8,0.37,0.56,0.95,0.97,0.12,0.57,0.12,16772,22.728097915649414
0.67,0.8,0.37,0.56,0.95,0.97,0.12,0.57,0.12,17171,22.732109546661377
0.67,0.8,0.37,0.56,0.95,0.97,0.12,0.57,0.12,16616,22.73569393157959
0.67,0.8,0.37,0.56,0.95,0.97,0.12,0.57,0.12,16223,22.73672914505005
0.67,0.8,0.37,0.56,0.95,0.98,0.12,0.57,0.12,16320,22.740314960479736
0.67,0.8,0.37,0.56,0.95,0.97,0.12,0.58,0.12,16315,22.74379873275757
0.67,0.8,0.37,0.56,0.95,0.97,0.12,0.57,0.12,16190,22.747828245162964
0.66,0.8,0.37,0.55,0.95,0.97,0.12,0.57,0.12,16387,22.75182843208313
0.67,0.8,0.37,0.55,0.95,0.98,0.12,0.57,0.12,16304,22.752829790115356
0.66,0.8,0.37,0.55,0.95,0.97,0.11,0.57,0.12,16689,22.756535291671753
0.65,0.8,0.37,0.56,0.95,0.98,0.12,0.57,0.12,16684,22.760831832885742
0.66,0.8,0.37,0.55,0.95,0.98,0.12,0.57,0.12,16671,22.76382851600647
0.66,0.8,0.37,0.55,0.95,0.97,0.12,0.57,0.12,16688,22.76483416557312
0.65,0.8,0.36,0.55,0.95,0.97,0.11,0.57,0.12,16231,22.768829584121704
0.66,0.8,0.37,0.56,0.95,0.97,0.12,0.57,0.12,16168,22.772557973861694
0.67,0.8,0.36,0.57,0.96,0.97,0.13,0.57,0.12,16521,22.776586055755615
0.67,0.8,0.38,0.56,0.95,0.97,0.12,0.57,0.12,16564,22.777588367462158
0.66,0.81,0.37,0.56,0.95,0.97,0.11,0.57,0.12,16785,22.78058934211731
0.67,0.8,0.37,0.56,0.95,0.97,0.12,0.57,0.12,16772,22.784870386123657
0.67,0.81,0.37,0.56,0.95,0.97,0.12,0.57,0.12,16593,22.789276361465454
0.66,0.8,0.37,0.55,0.95,0.97,0.12,0.56,0.13,16552,22.789276361465454
0.67,0.8,0.37,0.56,0.95,0.97,0.12,0.56,0.12,16273,22.793547868728638
0.66,0.81,0.37,0.56,0.95,0.97,0.12,0.56,0.13,16250,22.79761004447937
0.66,0.8,0.37,0.57,0.96,0.97,0.12,0.56,0.12,16483,22.80161190032959
0.66,0.8,0.37,0.56,0.95,0.97,0.12,0.56,0.12,16534,22.802589654922485
0.67,0.81,0.37,0.56,0.95,0.97,0.12,0.56,0.12,16219,22.80603313446045
0.67,0.8,0.37,0.57,0.95,0.97,0.12,0.56,0.12,16100,22.810279846191406
0.67,0.81,0.37,0.57,0.95,0.97,0.11,0.56,0.12,16151,22.81432843208313
0.67,0.81,0.37,0.56,0.95,0.98,0.11,0.56,0.13,16624,22.817321062088013
0.67,0.81,0.37,0.56,0.95,0.98,0.12,0.57,0.12,16125,22.817321062088013
0.66,0.81,0.37,0.56,0.95,0.97,0.12,0.56,0.12,16226,22.822311401367188
0.67,0.81,0.37,0.56,0.96,0.98,0.12,0.56,0.12,16179,22.826310873031616
0.66,0.81,0.37,0.56,0.96,0.97,0.12,0.56,0.12,16536,22.829434633255005
0.67,0.81,0.37,0.56,0.96,0.97,0.12,0.56,0.12,16733,22.830425024032593
0.66,0.81,0.38,0.55,0.95,0.97,0.12,0.56,0.12,16742,22.834414958953857
0.66,0.81,0.37,0.56,0.96,0.97,0.12,0.56,0.12,16631,22.838406324386597
0.66,0.81,0.37,0.56,0.96,0.97,0.12,0.56,0.12,16656,22.84222936630249
0.66,0.81,0.37,0.56,0.96,0.97,0.12,0.56,0.12,16455,22.84222936630249
0.66,0.81,0.37,0.56,0.96,0.97,0.12,0.56,0.12,16232,22.847499132156372
0.66,0.8,0.37,0.56,0.96,0.98,0.12,0.56,0.12,16587,22.85098886489868
0.65,0.81,0.37,0.56,0.96,0.97,0.12,0.56,0.12,16544,22.85497784614563
0.66,0.81,0.37,0.56,0.96,0.97,0.11,0.56,0.12,16047,22.85497784614563
0.66,0.81,0.37,0.56,0.96,0.97,0.12,0.56,0.12,16020,22.858969688415527
0.66,0.81,0.37,0.56,0.96,0.97,0.12,0.56,0.12,16305,22.86296558380127
0.66,0.81,0.37,0.56,0.96,0.97,0.12,0.56,0.12,16376,22.86696457862854
0.66,0.81,0.37,0.56,0.96,0.97,0.12,0.56,0.12,16105,22.86796498298645
0.67,0.81,0.36,0.56,0.95,0.97,0.12,0.56,0.12,16118,22.870973110198975
0.66,0.82,0.37,0.56,0.95,0.97,0.12,0.56,0.12,16233,22.874842166900635
0.66,0.81,0.37,0.55,0.95,0.97,0.12,0.56,0.12,16058,22.87984538078308
0.67,0.81,0.37,0.56,0.96,0.97,0.12,0.56,0.12,16657,22.87984538078308
0.67,0.81,0.37,0.56,0.96,0.97,0.12,0.56,0.12,16918,22.88384509086609
0.66,0.82,0.36,0.56,0.96,0.97,0.11,0.55,0.12,16877,22.887845039367676
0.66,0.82,0.36,0.56,0.96,0.97,0.12,0.55,0.11,16392,22.891592979431152
0.66,0.81,0.36,0.56,0.96,0.98,0.12,0.56,0.12,16169,22.89566469192505
0.67,0.82,0.36,0.56,0.96,0.98,0.12,0.56,0.12,16210,22.896690607070923
0.66,0.82,0.36,0.56,0.96,0.98,0.12,0.56,0.12,16275,22.89969229698181
0.66,0.82,0.36,0.57,0.96,0.97,0.11,0.56,0.12,16218,22.904736042022705
0.66,0.82,0.36,0.56,0.95,0.98,0.12,0.56,0.12,16143,22.907174110412598
0.67,0.81,0.36,0.56,0.96,0.98,0.12,0.56,0.12,16360,22.90869641304016
0.66,0.82,0.36,0.56,0.95,0.98,0.12,0.56,0.12,16249,22.912346839904785
0.66,0.81,0.36,0.56,0.96,0.98,0.12,0.56,0.12,16126,22.916978120803833
0.66,0.82,0.36,0.56,0.95,0.98,0.11,0.56,0.12,16599,22.91999316215515
0.67,0.82,0.36,0.56,0.95,0.98,0.11,0.56,0.12,16436,22.91999316215515
0.66,0.82,0.36,0.56,0.95,0.97,0.12,0.55,0.12,16693,22.923991918563843
0.66,0.82,0.37,0.56,0.95,0.98,0.11,0.56,0.12,16476,22.928176879882812
0.67,0.82,0.37,0.56,0.96,0.98,0.12,0.56,0.12,16337,22.931994676589966
0.66,0.82,0.37,0.56,0.96,0.98,0.12,0.56,0.12,16366,22.933026790618896
0.67,0.82,0.37,0.57,0.96,0.98,0.12,0.56,0.12,16673,22.93624711036682
0.67,0.82,0.37,0.57,0.96,0.98,0.11,0.56,0.12,16548,22.940430164337158
0.66,0.82,0.37,0.56,0.96,0.98,0.12,0.56,0.12,16403,22.94460892677307
0.67,0.82,0.37,0.56,0.96,0.98,0.12,0.55,0.12,16580,22.945586919784546
0.67,0.82,0.37,0.57,0.96,0.98,0.12,0.56,0.12,16693,22.949050903320312
0.66,0.82,0.37,0.56,0.96,0.98,0.11,0.55,0.12,16810,22.953068733215332
0.67,0.82,0.37,0.57,0.97,0.98,0.12,0.55,0.12,16643,22.957270622253418
0.67,0.82,0.37,0.56,0.96,0.98,0.12,0.56,0.12,16846,22.958266019821167
0.67,0.82,0.36,0.56,0.95,0.98,0.12,0.56,0.12,16641,22.961271047592163
0.67,0.82,0.36,0.57,0.96,0.98,0.12,0.55,0.11,16146,22.965426683425903
0.67,0.82,0.36,0.56,0.96,0.98,0.12,0.56,0.12,16341,22.969552278518677
0.67,0.81,0.36,0.56,0.96,0.98,0.12,0.56,0.12,17096,22.973403692245483
0.66,0.82,0.36,0.56,0.96,0.98,0.12,0.56,0.11,17143,22.974059343338013
0.66,0.81,0.36,0.56,0.96,0.98,0.12,0.55,0.12,16210,22.97805953025818
0.66,0.81,0.36,0.56,0.96,0.98,0.12,0.55,0.12,16065,22.981586933135986
0.66,0.82,0.36,0.56,0.96,0.99,0.12,0.55,0.11,16260,22.98574924468994
0.67,0.82,0.36,0.57,0.96,0.98,0.12,0.56,0.11,16547,22.98659086227417
0.66,0.81,0.36,0.57,0.96,0.99,0.12,0.56,0.12,16586,22.989776372909546
0.66,0.82,0.35,0.56,0.96,0.98,0.11,0.56,0.12,16405,22.995081424713135
0.67,0.81,0.36,0.56,0.96,0.99,0.12,0.56,0.12,16326,22.99858045578003
0.66,0.81,0.35,0.56,0.96,0.98,0.11,0.56,0.12,16171,22.99858045578003
0.67,0.81,0.35,0.56,0.96,0.98,0.12,0.56,0.13,16116,23.002119779586792
0.66,0.81,0.36,0.57,0.96,0.98,0.11,0.55,0.12,16119,23.007041215896606
0.66,0.81,0.36,0.57,0.95,0.98,0.12,0.55,0.12,16190,23.010920524597168
0.66,0.81,0.35,0.57,0.96,0.99,0.11,0.55,0.11,16445,23.010920524597168
0.66,0.81,0.36,0.56,0.95,0.98,0.11,0.56,0.12,16488,23.014920473098755
0.66,0.81,0.36,0.56,0.95,0.98,0.12,0.56,0.12,16377,23.019087076187134
0.66,0.82,0.36,0.56,0.95,0.98,0.12,0.56,0.12,16384,23.023086547851562
0.66,0.81,0.36,0.56,0.95,0.98,0.12,0.56,0.12,16259,23.023086547851562
0.66,0.81,0.36,0.56,0.96,0.98,0.11,0.56,0.12,16368,23.026594161987305
0.66,0.82,0.36,0.56,0.96,0.98,0.12,0.56,0.12,16447,23.03187131881714
0.67,0.82,0.36,0.56,0.95,0.97,0.12,0.56,0.12,16180,23.034982204437256
0.68,0.81,0.36,0.56,0.95,0.98,0.12,0.56,0.12,16287,23.036048650741577
0.67,0.81,0.36,0.56,0.95,0.98,0.11,0.56,0.12,16608,23.039031744003296
0.66,0.81,0.36,0.56,0.95,0.98,0.11,0.56,0.12,16355,23.043141841888428
0.66,0.81,0.36,0.56,0.95,0.98,0.11,0.56,0.12,15978,23.04748249053955
0.66,0.81,0.36,0.56,0.96,0.98,0.12,0.56,0.12,16733,23.04748249053955
0.67,0.81,0.36,0.55,0.95,0.98,0.12,0.56,0.12,16768,23.051482915878296
0.66,0.81,0.36,0.56,0.95,0.98,0.12,0.56,0.12,16423,23.055501222610474
0.67,0.81,0.36,0.57,0.94,0.97,0.12,0.56,0.12,16446,23.060020923614502
0.66,0.81,0.36,0.57,0.95,0.97,0.11,0.56,0.12,16257,23.06273913383484
0.67,0.81,0.37,0.58,0.95,0.98,0.12,0.56,0.12,16380,23.063772678375244
0.65,0.81,0.36,0.57,0.95,0.98,0.12,0.56,0.12,16325,23.067874670028687
0.66,0.81,0.37,0.58,0.95,0.98,0.11,0.56,0.12,15978,23.0718731880188
0.66,0.81,0.36,0.57,0.95,0.98,0.12,0.56,0.12,15815,23.075873374938965
0.66,0.81,0.36,0.57,0.95,0.98,0.12,0.56,0.12,16178,23.076874494552612
0.65,0.81,0.36,0.57,0.95,0.98,0.11,0.56,0.12,16385,23.080439805984497
0.65,0.81,0.37,0.57,0.95,0.98,0.12,0.56,0.12,16060,23.083829879760742
0.66,0.81,0.37,0.57,0.95,0.97,0.11,0.57,0.12,15985,23.08807682991028
0.67,0.81,0.36,0.57,0.95,0.97,0.11,0.56,0.12,16310,23.08911919593811
0.67,0.81,0.36,0.57,0.95,0.98,0.11,0.57,0.12,16663,23.092172384262085
0.66,0.81,0.36,0.58,0.96,0.97,0.11,0.56,0.12,16812,23.096409559249878
0.66,0.81,0.37,0.58,0.95,0.98,0.12,0.56,0.12,16565,23.101373434066772
0.66,0.81,0.36,0.57,0.96,0.97,0.11,0.56,0.12,16188,23.101373434066772
0.67,0.81,0.36,0.58,0.95,0.98,0.11,0.56,0.12,16033,23.105390071868896
0.67,0.81,0.37,0.58,0.96,0.97,0.12,0.57,0.12,16262,23.109228372573853
0.66,0.81,0.37,0.58,0.95,0.98,0.12,0.56,0.13,16539,23.11325693130493
0.67,0.81,0.36,0.58,0.95,0.98,0.12,0.57,0.12,16678,23.11325693130493
0.66,0.81,0.37,0.57,0.95,0.98,0.12,0.57,0.12,16131,23.11787176132202
0.67,0.81,0.36,0.58,0.94,0.98,0.12,0.57,0.13,16166,23.121963024139404
0.66,0.81,0.37,0.58,0.95,0.97,0.12,0.57,0.12,16133,23.125962495803833
0.66,0.81,0.37,0.57,0.95,0.98,0.11,0.57,0.12,16574,23.125962495803833
0.67,0.82,0.36,0.58,0.95,0.98,0.12,0.57,0.12,16393,23.129960536956787
0.67,0.82,0.37,0.57,0.95,0.98,0.12,0.57,0.12,16168,23.133389472961426
0.67,0.81,0.37,0.57,0.96,0.97,0.12,0.57,0.12,16537,23.138113021850586
0.67,0.81,0.36,0.57,0.95,0.97,0.11,0.57,0.12,16588,23.13913631439209
0.67,0.81,0.37,0.57,0.96,0.98,0.11,0.57,0.13,16627,23.14112639427185
0.66,0.8,0.37,0.57,0.96,0.97,0.12,0.57,0.12,16576,23.146013259887695
0.66,0.8,0.37,0.57,0.96,0.97,0.12,0.57,0.12,16455,23.149984121322632
0.66,0.8,0.37,0.58,0.96,0.97,0.12,0.57,0.12,16406,23.15327215194702
0.66,0.81,0.37,0.57,0.96,0.97,0.12,0.57,0.12,16395,23.15401315689087
0.66,0.81,0.37,0.57,0.96,0.97,0.12,0.57,0.12,16354,23.157994985580444
0.66,0.8,0.37,0.58,0.96,0.98,0.12,0.57,0.12,15955,23.161633729934692
0.66,0.81,0.37,0.57,0.96,0.98,0.11,0.57,0.12,16188,23.16561460494995
0.67,0.81,0.37,0.57,0.96,0.97,0.12,0.57,0.13,16809,23.166669607162476
0.67,0.81,0.37,0.57,0.96,0.97,0.11,0.57,0.12,16766,23.17008113861084
0.67,0.81,0.37,0.58,0.96,0.97,0.11,0.57,0.12,16619,23.1743004322052
0.67,0.81,0.37,0.58,0.95,0.98,0.12,0.57,0.13,16638,23.178245544433594
0.67,0.81,0.37,0.58,0.96,0.98,0.12,0.57,0.12,16373,23.179240703582764
0.67,0.81,0.37,0.58,0.96,0.98,0.12,0.57,0.12,16376,23.182245016098022
0.67,0.81,0.37,0.58,0.97,0.98,0.12,0.56,0.12,16597,23.18624520301819
0.67,0.81,0.37,0.58,0.96,0.98,0.12,0.57,0.12,16354,23.19031023979187
0.67,0.8,0.37,0.57,0.96,0.98,0.12,0.57,0.12,16383,23.191356420516968
0.67,0.8,0.37,0.57,0.97,0.98,0.12,0.57,0.12,16472,23.194275617599487
0.67,0.8,0.37,0.58,0.97,0.98,0.12,0.57,0.12,16575,23.19978952407837
0.67,0.81,0.37,0.58,0.97,0.98,0.12,0.57,0.12,16324,23.203787565231323
0.67,0.8,0.37,0.57,0.96,0.97,0.12,0.57,0.12,16645,23.203787565231323
0.67,0.81,0.37,0.58,0.96,0.98,0.11,0.57,0.12,16562,23.207309246063232
0.67,0.81,0.37,0.58,0.96,0.98,0.12,0.57,0.12,16309,23.211621284484863
0.67,0.81,0.37,0.58,0.96,0.98,0.12,0.57,0.13,16960,23.215628623962402
0.67,0.81,0.37,0.57,0.96,0.98,0.12,0.57,0.13,16537,23.218626499176025
0.67,0.81,0.37,0.57,0.96,0.98,0.12,0.57,0.12,16226,23.219629049301147
0.67,0.82,0.37,0.56,0.96,0.98,0.12,0.57,0.12,16291,23.222966194152832
0.67,0.81,0.37,0.57,0.96,0.98,0.12,0.57,0.12,16094,23.227881908416748
0.67,0.81,0.37,0.56,0.96,0.98,0.12,0.57,0.12,16193,23.231184244155884
0.67,0.81,0.37,0.57,0.96,0.98,0.12,0.57,0.12,16450,23.231184244155884
0.67,0.81,0.37,0.57,0.96,0.98,0.11,0.57,0.12,16237,23.235214948654175
0.67,0.81,0.37,0.57,0.96,0.98,0.12,0.57,0.12,16672,23.240211963653564
0.68,0.81,0.37,0.56,0.96,0.98,0.12,0.57,0.12,16885,23.24321484565735
0.68,0.82,0.37,0.56,0.96,0.98,0.12,0.57,0.12,16414,23.244211435317993
0.68,0.81,0.37,0.57,0.97,0.98,0.12,0.57,0.12,16253,23.248498678207397
0.67,0.82,0.37,0.57,0.97,0.98,0.12,0.57,0.12,15722,23.252662420272827
0.67,0.82,0.37,0.57,0.97,0.98,0.12,0.57,0.12,15923,23.25560688972473
0.67,0.81,0.37,0.57,0.96,0.98,0.12,0.57,0.12,16586,23.256668090820312
0.67,0.82,0.37,0.57,0.96,0.98,0.12,0.56,0.12,16819,23.260668754577637
0.67,0.81,0.37,0.57,0.95,0.98,0.12,0.56,0.12,16482,23.264639139175415
0.67,0.82,0.37,0.57,0.95,0.98,0.12,0.56,0.13,16331,23.26866865158081
0.67,0.82,0.37,0.57,0.95,0.98,0.11,0.56,0.12,16460,23.26866865158081
0.67,0.82,0.37,0.57,0.96,0.98,0.12,0.56,0.13,16629,23.273086547851562
0.67,0.82,0.37,0.56,0.95,0.98,0.12,0.56,0.12,16600,23.276222705841064
0.67,0.81,0.37,0.57,0.95,0.98,0.12,0.56,0.12,16211,23.281440258026123
0.67,0.82,0.37,0.57,0.96,0.98,0.12,0.57,0.12,16604,23.281440258026123
0.66,0.82,0.37,0.56,0.95,0.99,0.12,0.56,0.13,16553,23.28543996810913
0.67,0.82,0.36,0.57,0.95,0.98,0.12,0.56,0.12,16468,23.28994107246399
0.67,0.82,0.37,0.57,0.95,0.98,0.12,0.57,0.12,16305,23.29333233833313
0.67,0.82,0.37,0.57,0.95,0.98,0.12,0.57,0.12,16370,23.29735231399536
0.66,0.82,0.37,0.57,0.95,0.98,0.12,0.56,0.12,16139,23.29735231399536
0.66,0.82,0.37,0.57,0.95,0.98,0.12,0.56,0.12,16222,23.302042722702026
0.67,0.82,0.37,0.57,0.95,0.98,0.12,0.56,0.12,16081,23.305351734161377
0.66,0.82,0.36,0.58,0.95,0.98,0.12,0.57,0.12,16074,23.309178113937378
0.66,0.81,0.37,0.57,0.95,0.98,0.12,0.56,0.12,16275,23.310202598571777
0.66,0.82,0.37,0.57,0.95,0.98,0.12,0.57,0.12,16302,23.313708305358887
0.66,0.82,0.37,0.57,0.96,0.98,0.11,0.56,0.12,16387,23.31789231300354
0.66,0.82,0.37,0.58,0.96,0.98,0.12,0.56,0.12,16192,23.321901082992554
0.66,0.81,0.37,0.57,0.96,0.98,0.12,0.56,0.12,16179,23.321901082992554
0.66,0.81,0.37,0.58,0.96,0.98,0.11,0.56,0.13,16764,23.325892448425293
0.66,0.82,0.37,0.57,0.95,0.98,0.12,0.56,0.12,16551,23.33089256286621
0.66,0.81,0.37,0.58,0.96,0.98,0.12,0.57,0.12,16616,23.333709239959717
0.65,0.81,0.37,0.57,0.96,0.98,0.12,0.56,0.12,16683,23.333709239959717
0.66,0.81,0.37,0.58,0.96,0.98,0.12,0.56,0.13,16304,23.338363647460938
0.66,0.81,0.37,0.57,0.96,0.97,0.12,0.56,0.12,16165,23.341359615325928
0.67,0.82,0.37,0.57,0.96,0.97,0.12,0.56,0.12,16152,23.346362829208374
0.66,0.81,0.37,0.58,0.96,0.97,0.12,0.56,0.12,16425,23.34735870361328
0.66,0.81,0.37,0.58,0.96,0.97,0.12,0.56,0.13,16456,23.35036325454712
0.66,0.81,0.37,0.57,0.96,0.98,0.12,0.56,0.12,16169,23.354512691497803
0.66,0.81,0.37,0.58,0.96,0.98,0.12,0.56,0.12,16126,23.35862970352173
0.67,0.81,0.37,0.58,0.96,0.98,0.12,0.56,0.12,16231,23.362512350082397
0.66,0.81,0.37,0.58,0.96,0.98,0.12,0.56,0.12,16424,23.362512350082397
0.66,0.81,0.38,0.57,0.96,0.98,0.12,0.56,0.13,16665,23.366512060165405
0.65,0.81,0.37,0.57,0.96,0.98,0.12,0.56,0.12,16468,23.370598316192627
0.66,0.81,0.37,0.58,0.97,0.98,0.12,0.56,0.12,16417,23.374626398086548
0.66,0.82,0.37,0.58,0.96,0.98,0.12,0.56,0.12,16134,23.374626398086548
0.65,0.82,0.37,0.58,0.96,0.98,0.12,0.56,0.12,16425,23.37880039215088
0.66,0.82,0.37,0.57,0.97,0.98,0.12,0.56,0.12,16408,23.38273000717163
0.65,0.82,0.37,0.57,0.96,0.98,0.11,0.56,0.13,16613,23.38672971725464
0.66,0.82,0.37,0.58,0.97,0.98,0.12,0.56,0.12,16698,23.38772988319397
0.66,0.82,0.37,0.58,0.96,0.98,0.12,0.56,0.12,16017,23.39180302619934
0.66,0.82,0.37,0.57,0.97,0.98,0.12,0.56,0.13,16266,23.39577889442444
0.67,0.82,0.37,0.58,0.97,0.98,0.12,0.56,0.13,16491,23.399397611618042
0.67,0.81,0.37,0.58,0.97,0.98,0.12,0.56,0.13,16666,23.399397611618042
0.66,0.82,0.37,0.58,0.97,0.98,0.12,0.56,0.13,16755,23.403152465820312
0.67,0.81,0.37,0.58,0.96,0.98,0.12,0.57,0.13,16568,23.407652616500854
0.66,0.82,0.37,0.58,0.96,0.98,0.12,0.56,0.13,16707,23.412191152572632
0.66,0.81,0.37,0.58,0.96,0.98,0.12,0.56,0.13,16520,23.412191152572632
0.66,0.82,0.37,0.58,0.96,0.98,0.12,0.56,0.12,16249,23.416205883026123
0.66,0.81,0.37,0.58,0.97,0.98,0.12,0.56,0.13,16298,23.42019009590149
0.66,0.81,0.37,0.58,0.97,0.98,0.12,0.56,0.13,16623,23.424254655838013
0.66,0.82,0.36,0.58,0.96,0.97,0.12,0.56,0.13,16336,23.424254655838013
0.66,0.82,0.37,0.58,0.97,0.98,0.12,0.56,0.12,16403,23.42818570137024
0.66,0.82,0.37,0.57,0.97,0.98,0.12,0.56,0.13,16314,23.43259596824646
0.67,0.82,0.37,0.57,0.97,0.98,0.12,0.56,0.13,15927,23.43695902824402
0.66,0.82,0.37,0.57,0.97,0.97,0.12,0.56,0.13,16530,23.440308809280396
0.67,0.82,0.37,0.57,0.96,0.97,0.12,0.56,0.13,16543,23.441274166107178
0.66,0.82,0.37,0.57,0.97,0.98,0.12,0.56,0.12,16644,23.445284843444824
0.66,0.82,0.37,0.58,0.97,0.98,0.12,0.55,0.13,16421,23.44927406311035
0.65,0.82,0.37,0.57,0.97,0.97,0.12,0.56,0.12,16344,23.452680110931396
0.66,0.82,0.37,0.57,0.97,0.98,0.12,0.56,0.13,16447,23.453615188598633
0.66,0.82,0.37,0.57,0.97,0.98,0.12,0.56,0.13,16308,23.45682430267334
0.66,0.82,0.37,0.57,0.97,0.98,0.12,0.56,0.13,16289,23.46144700050354
0.66,0.81,0.37,0.58,0.97,0.98,0.11,0.56,0.13,16292,23.464478492736816
0.66,0.82,0.37,0.57,0.97,0.98,0.12,0.56,0.12,16443,23.465453624725342
0.66,0.81,0.37,0.57,0.97,0.98,0.12,0.56,0.13,16498,23.47008180618286
0.67,0.81,0.37,0.58,0.97,0.98,0.12,0.56,0.12,15893,23.473507404327393
0.66,0.82,0.37,0.58,0.98,0.98,0.12,0.55,0.12,16216,23.4775173664093
0.67,0.82,0.37,0.58,0.97,0.98,0.12,0.56,0.12,16583,23.4775173664093
0.67,0.82,0.37,0.57,0.97,0.98,0.12,0.56,0.13,16502,23.48162817955017
0.66,0.82,0.37,0.58,0.97,0.98,0.12,0.55,0.12,16485,23.48562788963318
0.66,0.82,0.37,0.57,0.98,0.98,0.12,0.56,0.12,16286,23.48965883255005
0.67,0.81,0.37,0.57,0.98,0.98,0.12,0.56,0.13,16435,23.48965883255005
0.66,0.81,0.37,0.57,0.97,0.98,0.12,0.57,0.13,16148,23.494056463241577
0.67,0.81,0.37,0.57,0.98,0.98,0.11,0.57,0.13,15581,23.49805998802185
0.66,0.81,0.38,0.58,0.97,0.99,0.12,0.57,0.13,15778,23.5020854473114
0.66,0.81,0.37,0.57,0.98,0.98,0.12,0.57,0.13,16513,23.50515055656433
0.66,0.81,0.37,0.58,0.97,0.98,0.12,0.57,0.13,16480,23.506183385849
0.66,0.81,0.37,0.57,0.98,0.98,0.12,0.57,0.12,16363,23.510254621505737
0.66,0.81,0.37,0.58,0.97,0.98,0.12,0.57,0.13,16026,23.514069080352783
0.66,0.82,0.37,0.58,0.97,0.98,0.12,0.57,0.13,16355,23.517958164215088
0.66,0.81,0.37,0.58,0.98,0.98,0.12,0.57,0.13,16676,23.51846194267273
0.66,0.81,0.37,0.58,0.97,0.98,0.12,0.57,0.12,16707,23.522565841674805
0.67,0.81,0.37,0.58,0.97,0.98,0.12,0.57,0.12,16296,23.52656579017639
0.67,0.81,0.37,0.58,0.97,0.98,0.12,0.57,0.13,16113,23.530565977096558
0.66,0.81,0.37,0.58,0.97,0.98,0.12,0.57,0.12,16672,23.530565977096558
0.67,0.82,0.37,0.58,0.98,0.99,0.12,0.57,0.12,16787,23.534562349319458
0.67,0.81,0.37,0.58,0.97,0.98,0.12,0.57,0.12,16058,23.538689851760864
0.67,0.82,0.38,0.57,0.98,0.98,0.12,0.57,0.12,15749,23.54292869567871
0.67,0.81,0.37,0.57,0.97,0.98,0.12,0.57,0.13,16226,23.54292869567871
0.67,0.82,0.37,0.57,0.97,0.98,0.12,0.56,0.12,16635,23.546746969223022
0.67,0.81,0.37,0.57,0.97,0.98,0.12,0.56,0.12,16120,23.550758600234985
0.66,0.82,0.37,0.58,0.97,0.98,0.12,0.57,0.12,16113,23.55505681037903
0.67,0.82,0.37,0.58,0.97,0.98,0.12,0.56,0.12,16718,23.556055784225464
0.67,0.81,0.37,0.57,0.97,0.98,0.12,0.56,0.13,17233,23.559056282043457
0.66,0.82,0.37,0.57,0.97,0.98,0.12,0.56,0.12,16872,23.563207864761353
0.66,0.82,0.37,0.57,0.98,0.98,0.12,0.56,0.13,16709,23.56716251373291
0.65,0.81,0.37,0.58,0.98,0.98,0.12,0.57,0.13,16468,23.571433067321777
0.66,0.82,0.37,0.58,0.98,0.98,0.12,0.57,0.12,16469,23.571433067321777
0.67,0.82,0.37,0.58,0.97,0.99,0.12,0.57,0.12,16256,23.575466871261597
0.65,0.82,0.37,0.58,0.97,0.98,0.12,0.57,0.13,16211,23.579633951187134
0.66,0.82,0.37,0.58,0.97,0.99,0.12,0.57,0.13,16692,23.583509922027588
0.66,0.82,0.37,0.58,0.97,0.98,0.12,0.57,0.12,15991,23.583509922027588
0.66,0.82,0.37,0.57,0.97,0.98,0.12,0.57,0.12,15676,23.58858895301819
0.66,0.82,0.37,0.57,0.97,0.98,0.12,0.57,0.13,16305,23.592613220214844
0.65,0.82,0.37,0.57,0.97,0.98,0.12,0.57,0.13,16682,23.596033334732056
0.66,0.82,0.37,0.57,0.97,0.98,0.12,0.57,0.12,16487,23.597102880477905
0.66,0.82,0.37,0.57,0.98,0.98,0.12,0.57,0.12,16638,23.600435972213745
0.66,0.82,0.37,0.58,0.98,0.98,0.12,0.57,0.13,16591,23.604321241378784
0.66,0.82,0.38,0.58,0.98,0.98,0.12,0.57,0.12,16582,23.608381986618042
0.67,0.82,0.37,0.58,0.98,0.98,0.13,0.57,0.12,16743,23.609370470046997
0.66,0.82,0.37,0.58,0.98,0.98,0.12,0.57,0.13,16776,23.61279845237732
0.66,0.81,0.37,0.58,0.98,0.98,0.12,0.57,0.12,16257,23.61660599708557
0.66,0.82,0.37,0.58,0.98,0.98,0.12,0.57,0.12,16320,23.621000051498413
0.66,0.81,0.37,0.58,0.99,0.98,0.12,0.57,0.13,16391,23.621000051498413
0.67,0.82,0.37,0.59,0.99,0.98,0.13,0.57,0.13,16428,23.624648094177246
0.67,0.82,0.37,0.58,0.99,0.98,0.12,0.57,0.12,16587,23.6296968460083
0.66,0.82,0.37,0.57,0.98,0.98,0.12,0.56,0.13,16634,23.63369655609131
0.66,0.82,0.37,0.58,0.98,0.98,0.12,0.57,0.13,16297,23.63369655609131
0.66,0.82,0.37,0.58,0.98,0.98,0.12,0.57,0.13,16064,23.63766860961914
0.67,0.82,0.37,0.58,0.99,0.98,0.12,0.57,0.12,16439,23.641109943389893
0.66,0.82,0.37,0.57,0.98,0.98,0.12,0.57,0.12,16402,23.645321130752563
0.66,0.82,0.37,0.58,0.99,0.98,0.12,0.57,0.12,16359,23.649275064468384
0.67,0.81,0.37,0.58,0.99,0.98,0.12,0.57,0.12,16554,23.649275064468384
0.67,0.82,0.37,0.58,0.98,0.98,0.12,0.57,0.12,16605,23.65373134613037
0.67,0.81,0.37,0.58,0.98,0.98,0.12,0.57,0.12,16376,23.657753705978394
0.67,0.82,0.37,0.58,0.99,0.98,0.12,0.57,0.12,16209,23.661779165267944
0.67,0.81,0.37,0.58,0.99,0.98,0.12,0.57,0.12,16574,23.661779165267944
0.66,0.82,0.38,0.58,0.99,0.98,0.12,0.57,0.12,16393,23.66577935218811
0.66,0.82,0.38,0.58,0.99,0.98,0.12,0.57,0.12,16454,23.670888423919678
0.66,0.82,0.37,0.58,0.98,0.98,0.12,0.57,0.12,16549,23.673864126205444
0.67,0.82,0.37,0.58,0.98,0.98,0.12,0.57,0.12,16484,23.674865007400513
0.67,0.82,0.37,0.58,0.98,0.98,0.12,0.57,0.12,16869,23.677654027938843
0.67,0.82,0.37,0.58,0.98,0.98,0.12,0.57,0.12,16130,23.682279586791992
0.66,0.82,0.37,0.58,0.98,0.98,0.12,0.57,0.12,16023,23.685932636260986
0.67,0.82,0.37,0.58,0.98,0.98,0.12,0.57,0.12,17032,23.685932636260986
0.67,0.82,0.37,0.58,0.98,0.98,0.12,0.57,0.12,17215,23.69049096107483
0.67,0.82,0.37,0.58,0.98,0.98,0.12,0.57,0.12,16520,23.694793701171875
0.66,0.82,0.38,0.58,0.98,0.98,0.12,0.57,0.12,15995,23.69881820678711
0.66,0.83,0.38,0.58,0.99,0.98,0.12,0.57,0.12,16504,23.69881820678711
0.66,0.82,0.38,0.57,0.98,0.98,0.12,0.57,0.13,16327,23.702816486358643
0.66,0.82,0.37,0.58,0.98,0.98,0.12,0.57,0.12,16176,23.70678210258484
0.66,0.82,0.37,0.58,0.98,0.98,0.12,0.57,0.12,16377,23.71053719520569
0.66,0.82,0.37,0.58,0.97,0.98,0.12,0.57,0.12,16744,23.71053719520569
0.66,0.82,0.37,0.58,0.98,0.98,0.11,0.57,0.12,16807,23.71565580368042
0.66,0.82,0.37,0.58,0.98,0.98,0.12,0.57,0.12,16530,23.719642162322998
0.66,0.82,0.38,0.58,0.98,0.98,0.12,0.57,0.12,16571,23.72337245941162
0.66,0.82,0.37,0.58,0.98,0.98,0.12,0.56,0.13,16594,23.724334239959717
0.66,0.82,0.37,0.58,0.98,0.98,0.12,0.57,0.13,16573,23.727630376815796
0.65,0.82,0.38,0.58,0.98,0.98,0.12,0.57,0.12,16618,23.731630086898804
0.66,0.82,0.37,0.58,0.98,0.98,0.12,0.57,0.12,16935,23.73562979698181
0.65,0.82,0.38,0.58,0.98,0.98,0.12,0.57,0.12,16644,23.73562979698181
0.66,0.82,0.38,0.59,0.98,0.98,0.12,0.57,0.12,16723,23.738629817962646
0.65,0.82,0.37,0.59,0.98,0.98,0.12,0.57,0.12,16706,23.743200540542603
0.65,0.81,0.37,0.58,0.98,0.98,0.12,0.57,0.12,16785,23.74740767478943
0.65,0.82,0.37,0.58,0.98,0.98,0.12,0.57,0.12,16614,23.75174570083618
0.66,0.82,0.37,0.59,0.97,0.98,0.12,0.57,0.12,16183,23.752471446990967
0.66,0.82,0.37,0.59,0.98,0.98,0.12,0.57,0.12,16306,23.756442308425903
0.66,0.82,0.37,0.59,0.97,0.98,0.12,0.57,0.12,16693,23.760636568069458
0.66,0.82,0.37,0.59,0.98,0.99,0.11,0.57,0.12,16610,23.764269590377808
0.66,0.82,0.37,0.59,0.98,0.98,0.12,0.57,0.12,16101,23.76528024673462
0.66,0.82,0.37,0.58,0.98,0.99,0.12,0.57,0.12,16024,23.767988443374634
0.66,0.82,0.37,0.59,0.98,0.98,0.12,0.57,0.12,16447,23.773000955581665
0.66,0.82,0.38,0.58,0.98,0.99,0.12,0.57,0.12,16358,23.77639651298523
0.66,0.82,0.38,0.59,0.98,0.99,0.12,0.57,0.12,16243,23.777409315109253
0.66,0.82,0.37,0.58,0.98,0.99,0.12,0.57,0.12,16364,23.780455827713013
0.66,0.82,0.37,0.58,0.98,0.98,0.12,0.57,0.12,16173,23.7854962348938
0.66,0.83,0.37,0.57,0.98,0.98,0.12,0.57,0.12,16280,23.789517164230347
0.67,0.82,0.37,0.58,0.98,0.98,0.12,0.57,0.12,16051,23.789517164230347
0.67,0.82,0.37,0.58,0.97,0.98,0.12,0.57,0.13,16436,23.792621850967407
0.67,0.82,0.38,0.58,0.98,0.99,0.12,0.57,0.13,17089,23.797735691070557
0.67,0.82,0.38,0.58,0.98,0.99,0.12,0.56,0.12,16924,23.801735401153564
0.67,0.82,0.38,0.59,0.98,0.99,0.12,0.57,0.13,16601,23.801735401153564
0.67,0.82,0.37,0.59,0.98,0.99,0.12,0.57,0.12,16386,23.805978059768677
0.67,0.83,0.37,0.59,0.98,0.99,0.12,0.57,0.12,16005,23.809670448303223
0.66,0.83,0.38,0.59,0.98,0.99,0.12,0.57,0.12,16294,23.81352162361145
0.66,0.82,0.38,0.59,0.98,0.99,0.12,0.57,0.12,16781,23.814486265182495
0.66,0.82,0.38,0.59,0.98,0.98,0.12,0.56,0.13,16396,23.817507028579712
0.66,0.82,0.38,0.59,0.98,0.98,0.11,0.57,0.12,16191,23.82188653945923
0.67,0.81,0.38,0.59,0.98,0.98,0.12,0.57,0.12,16738,23.82661771774292
0.66,0.81,0.38,0.59,0.98,0.99,0.11,0.56,0.12,16653,23.829607009887695
0.67,0.82,0.38,0.59,0.98,0.98,0.12,0.57,0.12,16348,23.829607009887695
0.67,0.82,0.38,0.59,0.98,0.98,0.12,0.57,0.13,16215,23.83398127555847
0.67,0.82,0.38,0.59,0.98,0.99,0.12,0.57,0.12,16188,23.837364673614502
0.67,0.82,0.37,0.58,0.98,0.99,0.12,0.57,0.12,16175,23.841854572296143
0.68,0.82,0.37,0.58,0.98,0.98,0.12,0.57,0.13,16224,23.842796802520752
0.67,0.82,0.37,0.58,0.98,0.98,0.12,0.57,0.12,16403,23.84628653526306
0.67,0.82,0.37,0.58,0.98,0.98,0.12,0.57,0.13,16110,23.850287199020386
0.67,0.82,0.38,0.58,0.98,0.98,0.12,0.57,0.12,16213,23.85427165031433
0.68,0.82,0.37,0.58,0.99,0.98,0.12,0.57,0.12,16302,23.855254888534546
0.67,0.82,0.37,0.58,0.98,0.98,0.12,0.57,0.12,16729,23.859130859375
0.67,0.82,0.38,0.58,0.98,0.98,0.12,0.57,0.12,16300,23.862593173980713
0.67,0.82,0.38,0.59,0.98,0.98,0.12,0.57,0.12,16245,23.866232872009277
0.67,0.82,0.38,0.59,0.98,0.98,0.12,0.57,0.13,15972,23.8672776222229
0.67,0.82,0.37,0.59,0.98,0.99,0.12,0.57,0.12,15841,23.87045931816101
0.67,0.82,0.37,0.59,0.99,0.99,0.12,0.57,0.13,16394,23.874446392059326
0.67,0.82,0.37,0.59,0.98,0.98,0.12,0.57,0.13,16395,23.87945008277893
0.67,0.82,0.38,0.59,0.98,0.99,0.12,0.57,0.12,16394,23.87945008277893
0.67,0.82,0.37,0.58,0.98,0.99,0.12,0.56,0.13,16213,23.88344979286194
0.67,0.82,0.37,0.59,0.98,0.98,0.12,0.56,0.12,16438,23.887453079223633
0.67,0.82,0.37,0.59,0.98,0.99,0.12,0.57,0.13,16845,23.890812635421753
0.68,0.82,0.38,0.58,0.98,0.99,0.12,0.57,0.12,16512,23.894509077072144
0.67,0.82,0.38,0.58,0.98,0.99,0.12,0.57,0.13,16149,23.89575171470642
0.67,0.81,0.38,0.58,0.98,0.98,0.12,0.57,0.13,16422,23.898431539535522
0.68,0.8,0.38,0.59,0.98,0.98,0.12,0.57,0.13,16411,23.903470993041992
0.68,0.81,0.38,0.58,0.98,0.99,0.12,0.57,0.12,16328,23.907508850097656
0.68,0.81,0.38,0.58,0.98,0.98,0.12,0.57,0.13,16669,23.907508850097656
0.68,0.81,0.38,0.58,0.98,0.98,0.12,0.57,0.12,16414,23.91187334060669
0.68,0.82,0.38,0.59,0.98,0.99,0.13,0.57,0.13,15911,23.916638612747192
0.68,0.82,0.38,0.59,0.97,0.99,0.12,0.57,0.12,15996,23.91962695121765
0.68,0.81,0.38,0.59,0.98,0.98,0.12,0.56,0.13,16753,23.91962695121765
0.68,0.82,0.38,0.59,0.98,0.98,0.12,0.57,0.12,16868,23.92399001121521
0.68,0.82,0.38,0.59,0.99,0.99,0.12,0.56,0.12,16363,23.92840886116028
0.68,0.82,0.38,0.59,0.98,0.98,0.12,0.58,0.13,16502,23.9320330619812
0.68,0.82,0.38,0.59,0.98,0.98,0.12,0.58,0.13,16341,23.93343162536621
0.68,0.82,0.38,0.59,0.98,0.98,0.12,0.58,0.12,16410,23.936710834503174
0.68,0.82,0.38,0.59,0.98,0.98,0.12,0.58,0.12,16339,23.9407217502594
0.68,0.82,0.37,0.59,0.98,0.98,0.12,0.58,0.12,16458,23.94472098350525
0.68,0.82,0.38,0.59,0.98,0.98,0.12,0.58,0.13,16749,23.94472098350525
0.67,0.82,0.37,0.59,0.98,0.98,0.12,0.58,0.13,16458,23.948720932006836
0.68,0.82,0.38,0.59,0.98,0.98,0.13,0.58,0.13,16033,23.95305848121643
0.67,0.81,0.38,0.59,0.98,0.98,0.12,0.58,0.12,16272,23.957087516784668
0.67,0.81,0.38,0.59,0.98,0.98,0.12,0.58,0.13,16547,23.95806646347046
0.66,0.81,0.38,0.59,0.98,0.98,0.12,0.58,0.13,16304,23.96023392677307
0.68,0.81,0.38,0.59,0.98,0.98,0.12,0.58,0.13,15895,23.965285539627075
0.68,0.81,0.38,0.6,1.0,0.99,0.12,0.58,0.13,16432,23.969874143600464
0.67,0.81,0.38,0.59,0.99,0.99,0.12,0.58,0.13,16917,23.97283172607422
0.67,0.81,0.38,0.59,0.98,0.99,0.12,0.58,0.13,16802,23.97390389442444
0.66,0.82,0.38,0.59,0.98,0.99,0.12,0.58,0.13,16593,23.976646661758423
0.67,0.82,0.38,0.59,0.99,0.98,0.12,0.58,0.13,16378,23.981898546218872
0.67,0.82,0.38,0.59,0.98,0.98,0.12,0.58,0.13,16517,23.98521137237549
0.68,0.81,0.38,0.59,0.98,0.98,0.11,0.58,0.13,16140,23.985925436019897
0.67,0.82,0.39,0.59,0.98,0.98,0.12,0.58,0.13,16171,23.989904642105103
0.67,0.81,0.39,0.59,0.99,0.98,0.12,0.58,0.13,16836,23.993925094604492
0.67,0.81,0.39,0.59,0.98,0.98,0.12,0.58,0.13,16901,23.996917724609375
0.67,0.81,0.39,0.59,0.99,0.98,0.12,0.58,0.13,16898,23.996917724609375
0.67,0.82,0.38,0.59,0.98,0.98,0.12,0.59,0.12,16751,24.002569437026978
0.67,0.81,0.39,0.59,0.98,0.98,0.12,0.58,0.13,16684,24.00678253173828
0.67,0.82,0.39,0.59,0.98,0.98,0.12,0.58,0.13,16851,24.009891271591187
0.68,0.81,0.39,0.59,0.98,0.98,0.12,0.58,0.13,16960,24.009891271591187
0.67,0.82,0.38,0.59,0.98,0.98,0.12,0.59,0.13,16403,24.013930797576904
0.68,0.82,0.38,0.59,0.98,0.98,0.12,0.58,0.13,16312,24.018967866897583
0.68,0.82,0.38,0.59,0.98,0.98,0.12,0.58,0.12,16379,24.022919416427612
0.67,0.82,0.38,0.59,0.98,0.99,0.12,0.58,0.12,16234,24.022919416427612
0.69,0.82,0.38,0.58,0.98,0.99,0.12,0.58,0.12,15869,24.0269193649292
0.67,0.82,0.38,0.59,0.99,0.99,0.12,0.58,0.13,16348,24.030919075012207
0.67,0.82,0.38,0.58,0.98,0.98,0.12,0.58,0.13,16311,24.03491973876953
0.68,0.82,0.39,0.59,0.99,0.98,0.12,0.58,0.13,16384,24.03845715522766
0.68,0.82,0.38,0.59,0.98,0.98,0.12,0.57,0.13,16333,24.03845715522766
0.68,0.82,0.39,0.59,0.98,0.98,0.12,0.58,0.13,15836,24.043027639389038
0.68,0.82,0.39,0.59,0.99,0.98,0.11,0.58,0.12,16169,24.046722650527954
0.68,0.82,0.38,0.59,0.99,0.98,0.12,0.58,0.13,16596,24.050699472427368
0.68,0.82,0.39,0.58,0.99,0.98,0.12,0.58,0.13,17067,24.051781177520752
0.68,0.82,0.39,0.59,0.99,0.98,0.12,0.58,0.13,16796,24.05430769920349
0.68,0.82,0.38,0.59,0.98,0.99,0.12,0.58,0.13,16757,24.05937886238098
0.68,0.82,0.39,0.59,0.98,0.98,0.11,0.58,0.13,16790,24.062748432159424
0.68,0.82,0.39,0.58,0.98,0.98,0.12,0.58,0.13,16707,24.063358545303345
0.67,0.82,0.39,0.58,0.99,0.98,0.13,0.58,0.13,16208,24.067378759384155
0.68,0.82,0.39,0.58,0.98,0.98,0.12,0.58,0.13,16513,24.071346759796143
0.68,0.82,0.39,0.59,0.99,0.98,0.12,0.59,0.13,16602,24.07535409927368
0.68,0.82,0.39,0.59,0.98,0.98,0.12,0.58,0.13,16847,24.07535409927368
0.68,0.82,0.39,0.59,0.99,0.98,0.12,0.59,0.13,16846,24.07924485206604
0.68,0.82,0.39,0.58,0.99,0.98,0.12,0.58,0.13,16131,24.08427596092224
0.68,0.83,0.39,0.59,0.98,0.98,0.12,0.58,0.13,16804,24.087899684906006
0.68,0.83,0.39,0.59,0.99,0.98,0.12,0.58,0.13,16881,24.088900804519653
0.68,0.82,0.4,0.58,0.98,0.98,0.12,0.58,0.13,16402,24.0918972492218
0.68,0.82,0.39,0.59,0.98,0.98,0.12,0.58,0.13,15979,24.096320629119873
0.68,0.82,0.39,0.58,0.98,0.98,0.12,0.58,0.13,16140,24.099637508392334
0.68,0.82,0.39,0.59,0.98,0.98,0.12,0.59,0.13,16593,24.099637508392334
0.68,0.82,0.4,0.58,0.99,0.98,0.12,0.58,0.13,16270,24.104042053222656
0.68,0.82,0.4,0.59,0.99,0.98,0.12,0.58,0.13,15893,24.10902690887451
0.68,0.82,0.4,0.59,0.98,0.98,0.12,0.59,0.13,15950,24.11250376701355
0.68,0.81,0.4,0.59,0.99,0.98,0.12,0.59,0.13,16057,24.116200923919678
0.68,0.81,0.4,0.58,0.99,0.98,0.12,0.59,0.13,16104,24.117255210876465
0.69,0.81,0.4,0.59,0.99,0.98,0.13,0.59,0.13,15837,24.120964527130127
0.68,0.82,0.4,0.58,0.99,0.98,0.13,0.59,0.13,16012,24.125020742416382
0.68,0.81,0.39,0.58,0.99,0.98,0.12,0.59,0.13,16321,24.128292322158813
0.68,0.81,0.39,0.58,0.98,0.98,0.12,0.59,0.13,16190,24.129020929336548
0.68,0.82,0.39,0.59,0.99,0.98,0.12,0.59,0.13,16125,24.133021116256714
0.68,0.82,0.39,0.59,0.99,0.98,0.12,0.59,0.13,16154,24.13702130317688
0.68,0.82,0.39,0.59,0.99,0.98,0.12,0.59,0.13,16691,24.14055895805359
0.68,0.82,0.39,0.59,0.99,0.98,0.12,0.59,0.12,17088,24.14055895805359
0.68,0.82,0.39,0.59,0.99,0.98,0.12,0.59,0.13,16449,24.1457622051239
0.68,0.82,0.39,0.58,0.99,0.98,0.12,0.59,0.12,16652,24.149845838546753
0.68,0.82,0.39,0.59,0.99,0.98,0.12,0.59,0.13,16553,24.153071880340576
0.68,0.81,0.39,0.59,0.99,0.98,0.12,0.59,0.12,16634,24.153845071792603
0.68,0.81,0.38,0.59,0.99,0.99,0.12,0.59,0.12,16843,24.157264232635498
0.68,0.82,0.38,0.59,0.99,0.98,0.12,0.59,0.13,16710,24.16249990463257
0.67,0.82,0.39,0.59,0.99,0.98,0.12,0.59,0.13,16857,24.16576313972473
0.67,0.81,0.39,0.59,0.98,0.98,0.12,0.59,0.13,16262,24.16576313972473
0.67,0.81,0.39,0.59,0.99,0.98,0.12,0.59,0.13,15863,24.169763326644897
0.67,0.81,0.39,0.6,0.99,0.99,0.12,0.59,0.12,15958,24.17421269416809
0.67,0.82,0.39,0.6,0.99,0.98,0.12,0.59,0.13,16417,24.177752256393433
0.67,0.82,0.39,0.59,0.99,0.98,0.12,0.59,0.13,16650,24.181735277175903
0.67,0.81,0.38,0.59,0.99,0.98,0.12,0.59,0.12,16277,24.182806253433228
0.67,0.81,0.38,0.59,0.99,0.99,0.12,0.59,0.12,16118,24.18589687347412
0.67,0.81,0.38,0.59,0.99,0.98,0.12,0.59,0.13,16553,24.190793752670288
0.67,0.81,0.38,0.59,0.99,0.98,0.12,0.58,0.12,16650,24.194145679473877
0.68,0.81,0.38,0.59,0.99,0.98,0.12,0.59,0.13,16503,24.194145679473877
0.67,0.81,0.39,0.59,0.99,0.99,0.12,0.58,0.13,16454,24.198482513427734
0.67,0.81,0.38,0.58,0.99,0.98,0.12,0.59,0.12,16505,24.201700687408447
0.67,0.81,0.39,0.59,0.99,0.99,0.12,0.59,0.13,16500,24.206382274627686
0.67,0.82,0.39,0.59,0.99,0.98,0.12,0.59,0.12,16465,24.207133769989014
0.68,0.81,0.38,0.59,0.99,0.98,0.12,0.59,0.13,16416,24.21060848236084
0.68,0.82,0.39,0.58,0.99,0.98,0.12,0.59,0.12,16755,24.21463942527771
0.68,0.81,0.38,0.59,0.99,0.98,0.12,0.59,0.13,16622,24.218331336975098
0.68,0.81,0.39,0.59,0.99,0.98,0.12,0.59,0.12,16339,24.219380378723145
0.68,0.81,0.38,0.59,0.99,0.99,0.12,0.59,0.12,16474,24.222414255142212
0.68,0.81,0.38,0.59,0.99,0.99,0.12,0.59,0.12,16205,24.22721791267395
0.67,0.81,0.38,0.59,1.0,0.99,0.12,0.59,0.12,16148,24.2312228679657
0.68,0.82,0.38,0.59,0.99,0.99,0.12,0.59,0.12,16511,24.23220205307007
0.67,0.81,0.38,0.58,0.99,0.99,0.13,0.59,0.12,16748,24.235202312469482
0.67,0.81,0.38,0.58,1.0,0.99,0.12,0.59,0.12,16095,24.239222288131714
0.68,0.81,0.38,0.59,0.99,0.99,0.13,0.59,0.12,15798,24.242802619934082
0.67,0.81,0.38,0.59,1.0,0.99,0.12,0.59,0.12,16201,24.24385690689087
0.67,0.81,0.39,0.59,0.99,0.99,0.12,0.58,0.12,16334,24.24785614013672
0.68,0.81,0.39,0.59,0.99,0.99,0.12,0.58,0.12,16175,24.251497983932495
0.68,0.81,0.39,0.59,1.0,0.99,0.12,0.58,0.12,16028,24.25585126876831
0.68,0.81,0.39,0.59,0.99,0.99,0.12,0.58,0.12,16219,24.25911593437195
0.67,0.81,0.39,0.59,0.99,0.99,0.12,0.59,0.12,16560,24.26011896133423
0.67,0.81,0.39,0.59,0.99,0.99,0.12,0.58,0.12,16787,24.264119625091553
0.67,0.81,0.39,0.58,0.99,0.98,0.12,0.59,0.12,16370,24.267523527145386
0.67,0.81,0.4,0.58,0.99,0.99,0.12,0.58,0.12,15967,24.271698713302612
0.68,0.81,0.39,0.58,0.99,0.99,0.12,0.58,0.12,15692,24.271698713302612
0.67,0.81,0.4,0.59,0.99,0.99,0.12,0.58,0.12,15929,24.275689363479614
0.68,0.81,0.4,0.58,0.99,0.99,0.12,0.58,0.12,16220,24.280723810195923
0.68,0.81,0.39,0.58,0.99,0.99,0.12,0.58,0.12,16597,24.283721208572388
0.67,0.81,0.39,0.59,0.99,0.99,0.12,0.58,0.12,16696,24.284724712371826
0.68,0.81,0.39,0.58,0.99,0.99,0.12,0.58,0.12,16047,24.28795838356018
0.67,0.81,0.39,0.59,1.0,0.99,0.12,0.59,0.12,16348,24.29295778274536
0.68,0.81,0.39,0.59,1.0,0.99,0.12,0.58,0.12,16391,24.296221017837524
0.67,0.81,0.39,0.58,1.0,0.99,0.12,0.58,0.12,16274,24.29699420928955
0.68,0.81,0.39,0.58,0.99,0.99,0.12,0.58,0.12,16105,24.300158500671387
0.68,0.81,0.39,0.58,0.99,0.99,0.12,0.58,0.12,15860,24.305769205093384
0.67,0.81,0.39,0.58,0.99,0.99,0.12,0.58,0.12,16127,24.30896496772766
0.67,0.81,0.39,0.58,1.0,0.99,0.12,0.59,0.13,16424,24.310000896453857
0.68,0.81,0.39,0.58,0.99,0.99,0.12,0.58,0.13,16337,24.313567399978638
0.67,0.81,0.39,0.58,1.0,0.99,0.12,0.58,0.12,16258,24.317567586898804
0.68,0.81,0.39,0.57,1.0,0.99,0.12,0.59,0.13,16671,24.32112169265747
0.68,0.81,0.39,0.58,0.99,0.99,0.12,0.58,0.13,16746,24.324452877044678
0.67,0.81,0.39,0.58,0.99,0.99,0.12,0.58,0.12,16731,24.32550072669983
0.68,0.81,0.39,0.58,1.0,0.99,0.12,0.59,0.13,16642,24.329220056533813
0.68,0.81,0.39,0.58,1.0,0.99,0.12,0.59,0.12,16201,24.3333740234375
0.68,0.81,0.39,0.58,1.0,0.99,0.12,0.59,0.13,16138,24.33719515800476
0.67,0.81,0.39,0.58,1.0,0.99,0.12,0.59,0.12,16455,24.33824324607849
0.68,0.81,0.39,0.58,0.99,0.99,0.12,0.59,0.13,16266,24.34222936630249
0.68,0.82,0.39,0.59,0.99,0.99,0.12,0.58,0.12,16267,24.346243381500244
0.67,0.81,0.39,0.58,0.99,0.99,0.12,0.59,0.12,16550,24.349538564682007
0.68,0.82,0.39,0.58,0.99,0.99,0.12,0.59,0.12,16591,24.350243091583252
0.67,0.82,0.39,0.58,0.99,0.99,0.12,0.59,0.12,16732,24.354243278503418
0.67,0.81,0.39,0.58,0.99,0.99,0.12,0.58,0.13,16427,24.357467889785767
0.68,0.81,0.39,0.58,0.99,0.99,0.11,0.59,0.13,16414,24.36172342300415
0.68,0.82,0.39,0.58,0.99,0.99,0.12,0.59,0.12,16971,24.362459659576416
0.67,0.81,0.39,0.58,0.99,0.99,0.12,0.59,0.12,16538,24.366775274276733
0.68,0.81,0.39,0.58,0.99,0.99,0.12,0.58,0.12,16033,24.370287656784058
0.67,0.81,0.39,0.57,1.0,0.99,0.12,0.58,0.12,16406,24.37433362007141
0.67,0.81,0.39,0.58,1.0,0.99,0.12,0.58,0.12,16047,24.375404596328735
0.67,0.81,0.39,0.58,1.0,0.99,0.12,0.59,0.12,15856,24.379379987716675
0.68,0.81,0.39,0.57,1.0,0.99,0.12,0.58,0.12,15793,24.38309955596924
0.68,0.81,0.39,0.58,0.99,0.99,0.12,0.59,0.12,16372,24.386070013046265
0.68,0.82,0.39,0.58,0.99,0.99,0.12,0.58,0.13,16817,24.38709545135498
0.67,0.82,0.39,0.58,0.99,0.99,0.12,0.58,0.13,16570,24.391069889068604
0.66,0.82,0.39,0.59,0.99,0.99,0.12,0.59,0.12,16421,24.395066738128662
0.67,0.81,0.39,0.6,1.0,0.99,0.12,0.58,0.13,16480,24.398788452148438
0.68,0.81,0.39,0.59,1.0,0.99,0.12,0.59,0.12,16441,24.402652502059937
0.67,0.81,0.39,0.58,1.0,0.99,0.12,0.57,0.13,16538,24.403607606887817
0.67,0.81,0.39,0.58,1.0,0.99,0.12,0.58,0.13,16555,24.40762948989868
0.67,0.81,0.39,0.58,1.0,0.99,0.12,0.58,0.13,16348,24.411507606506348
0.67,0.81,0.39,0.58,1.0,0.99,0.12,0.58,0.13,16323,24.41524887084961
0.67,0.81,0.39,0.59,1.0,0.99,0.12,0.58,0.12,16576,24.416136980056763
0.67,0.82,0.4,0.58,1.0,0.99,0.12,0.58,0.13,16597,24.420135736465454
0.67,0.81,0.4,0.58,0.99,0.99,0.12,0.58,0.13,16424,24.423552989959717
0.67,0.82,0.39,0.58,1.0,0.99,0.12,0.58,0.13,16609,24.428054332733154
0.67,0.81,0.39,0.59,1.0,0.99,0.12,0.58,0.13,16516,24.429083824157715
0.67,0.81,0.39,0.59,1.0,0.99,0.12,0.58,0.13,16187,24.431673049926758
0.68,0.81,0.39,0.58,0.99,0.99,0.12,0.58,0.13,16514,24.43607521057129
0.68,0.81,0.39,0.58,1.0,0.99,0.12,0.58,0.13,16301,24.439571142196655
0.68,0.81,0.39,0.59,0.99,0.99,0.12,0.58,0.12,16186,24.44061827659607
0.67,0.81,0.4,0.58,1.0,0.99,0.12,0.58,0.13,16473,24.444636583328247
0.68,0.81,0.4,0.58,1.0,0.99,0.12,0.58,0.13,16264,24.44916081428528
0.67,0.81,0.4,0.58,1.0,0.99,0.12,0.58,0.13,16817,24.452556848526
0.67,0.81,0.39,0.59,1.0,0.99,0.12,0.58,0.13,16576,24.452556848526
0.67,0.81,0.39,0.58,1.0,0.99,0.12,0.58,0.13,16407,24.45658802986145
0.67,0.81,0.39,0.59,1.0,0.99,0.12,0.58,0.13,16258,24.460241556167603
0.67,0.81,0.39,0.58,1.0,0.99,0.12,0.58,0.13,16327,24.46448040008545
0.68,0.82,0.39,0.59,1.0,0.99,0.13,0.58,0.12,16362,24.468669176101685
0.67,0.82,0.39,0.59,1.0,0.99,0.12,0.58,0.13,15919,24.468669176101685
0.67,0.81,0.39,0.58,1.0,0.98,0.12,0.58,0.13,15924,24.473690032958984
0.67,0.81,0.39,0.58,1.0,0.99,0.12,0.58,0.13,16171,24.476465463638306
0.67,0.81,0.39,0.59,1.0,0.99,0.12,0.58,0.13,15802,24.480769872665405
0.67,0.81,0.4,0.58,1.0,0.99,0.12,0.59,0.13,16073,24.481844902038574
0.67,0.81,0.39,0.58,1.0,0.99,0.12,0.59,0.13,16720,24.485273361206055
0.67,0.81,0.39,0.59,1.0,0.99,0.12,0.58,0.13,16667,24.48925757408142
0.67,0.81,0.39,0.59,1.0,0.99,0.12,0.58,0.13,15936,24.493295669555664
0.67,0.81,0.39,0.59,1.0,1.0,0.12,0.58,0.13,16161,24.494271278381348
0.67,0.81,0.39,0.59,1.0,1.0,0.12,0.58,0.13,16414,24.49761152267456
0.67,0.82,0.39,0.58,1.0,0.99,0.12,0.58,0.13,16179,24.50134539604187
0.67,0.82,0.39,0.59,1.0,0.99,0.12,0.58,0.13,16364,24.50571298599243
0.67,0.82,0.39,0.58,1.0,1.0,0.12,0.58,0.13,16277,24.50571298599243
0.68,0.81,0.39,0.58,1.0,0.99,0.12,0.58,0.13,16378,24.509873151779175
0.68,0.82,0.39,0.58,1.0,0.99,0.12,0.58,0.13,16531,24.514167547225952
0.67,0.82,0.39,0.59,0.99,0.99,0.12,0.58,0.12,16516,24.518167972564697
0.67,0.82,0.39,0.58,0.99,1.0,0.13,0.58,0.13,16789,24.518167972564697
0.67,0.82,0.39,0.59,1.0,0.99,0.12,0.58,0.13,16320,24.522167205810547
0.67,0.82,0.39,0.58,1.0,1.0,0.12,0.58,0.13,16315,24.525734186172485
0.67,0.82,0.39,0.58,0.99,0.99,0.12,0.58,0.13,16478,24.529919862747192
0.67,0.82,0.39,0.58,1.0,0.99,0.13,0.58,0.13,16139,24.530921697616577
0.67,0.82,0.39,0.58,0.99,0.99,0.13,0.58,0.13,16234,24.534157514572144
0.67,0.82,0.39,0.59,0.99,0.99,0.12,0.57,0.13,16053,24.538158178329468
0.68,0.82,0.39,0.59,1.0,0.99,0.12,0.58,0.13,16204,24.542155027389526
0.67,0.82,0.39,0.59,1.0,0.99,0.12,0.58,0.13,16313,24.54315209388733
0.67,0.82,0.39,0.59,1.0,0.99,0.13,0.58,0.13,16106,24.54617142677307
0.67,0.82,0.39,0.59,1.0,0.99,0.12,0.58,0.13,16337,24.550123691558838
0.67,0.82,0.39,0.58,1.0,0.99,0.12,0.58,0.13,16394,24.554211616516113
0.68,0.82,0.39,0.59,1.0,0.99,0.13,0.58,0.13,16579,24.558593273162842
0.67,0.82,0.39,0.59,1.0,0.99,0.12,0.58,0.13,16614,24.559529542922974
0.67,0.82,0.39,0.59,1.0,0.99,0.12,0.58,0.13,16023,24.562517166137695
0.67,0.82,0.39,0.59,1.0,0.99,0.12,0.58,0.13,16300,24.567513704299927
0.68,0.82,0.39,0.59,0.99,0.99,0.12,0.58,0.13,16505,24.570520162582397
0.68,0.82,0.4,0.59,1.0,0.99,0.12,0.58,0.13,16556,24.570520162582397
0.68,0.82,0.4,0.59,1.0,0.99,0.13,0.58,0.13,16033,24.574708938598633
0.68,0.81,0.39,0.59,1.0,0.99,0.12,0.58,0.13,16174,24.57980465888977
0.68,0.82,0.39,0.59,0.99,0.99,0.12,0.58,0.13,16767,24.583813905715942
0.68,0.82,0.39,0.59,0.99,0.99,0.12,0.58,0.13,16570,24.583813905715942
0.68,0.82,0.39,0.59,0.99,0.99,0.12,0.57,0.13,16737,24.58681058883667
0.68,0.82,0.39,0.59,0.98,0.99,0.13,0.58,0.13,16908,24.591817140579224
0.68,0.82,0.39,0.59,0.99,0.99,0.12,0.59,0.13,16789,24.596107959747314
0.68,0.82,0.39,0.59,0.99,0.99,0.13,0.58,0.13,16754,24.597151517868042
0.68,0.82,0.39,0.58,0.99,0.99,0.12,0.58,0.13,16631,24.59943652153015
0.69,0.82,0.39,0.59,0.99,0.99,0.12,0.58,0.13,16082,24.603458166122437
0.68,0.82,0.39,0.59,1.0,0.99,0.12,0.58,0.13,16029,24.607524394989014
0.68,0.82,0.39,0.59,0.99,1.0,0.13,0.58,0.12,16524,24.60851812362671
0.67,0.82,0.39,0.59,0.99,0.99,0.12,0.58,0.13,16059,24.611589193344116
0.68,0.82,0.39,0.59,0.99,0.99,0.12,0.58,0.13,16390,24.616639375686646
0.68,0.82,0.39,0.59,1.0,0.99,0.12,0.58,0.13,16605,24.620206832885742
0.68,0.82,0.39,0.59,1.0,0.99,0.12,0.58,0.13,16628,24.621212244033813
0.69,0.82,0.39,0.59,1.0,1.0,0.12,0.58,0.13,16469,24.624249935150146
0.68,0.82,0.39,0.59,1.0,0.99,0.12,0.59,0.13,16116,24.628243923187256
0.68,0.82,0.39,0.59,1.0,1.0,0.12,0.58,0.12,15993,24.633035898208618
0.68,0.82,0.39,0.59,0.99,1.0,0.13,0.58,0.13,16392,24.633035898208618
0.68,0.82,0.39,0.59,0.99,0.99,0.13,0.58,0.13,16407,24.636930465698242
0.68,0.81,0.39,0.59,1.0,0.99,0.12,0.58,0.13,16406,24.641005754470825
0.68,0.82,0.39,0.58,1.0,0.99,0.13,0.58,0.13,16811,24.64507031440735
0.68,0.82,0.39,0.58,0.99,0.99,0.12,0.58,0.13,16826,24.648517370224
0.68,0.82,0.39,0.59,0.99,0.99,0.13,0.58,0.13,16935,24.648517370224
0.68,0.82,0.39,0.59,0.99,0.99,0.12,0.58,0.13,16130,24.653273344039917
0.68,0.82,0.39,0.59,0.99,0.99,0.12,0.58,0.13,16123,24.657610416412354
0.68,0.82,0.39,0.59,0.99,0.99,0.12,0.58,0.12,16888,24.661057949066162
0.68,0.82,0.39,0.58,0.99,0.99,0.12,0.59,0.13,17021,24.662037134170532
0.68,0.82,0.39,0.58,0.99,0.99,0.12,0.59,0.12,16674,24.66490602493286
0.68,0.82,0.39,0.58,0.99,0.99,0.13,0.59,0.13,16683,24.670075178146362
0.68,0.82,0.39,0.59,0.99,0.99,0.13,0.59,0.13,16372,24.673062801361084
0.68,0.82,0.39,0.59,0.99,0.99,0.12,0.59,0.13,15975,24.673062801361084
0.68,0.82,0.39,0.59,0.99,0.99,0.12,0.58,0.13,15880,24.677191495895386
0.68,0.83,0.39,0.59,0.99,0.99,0.12,0.59,0.13,16117,24.681188821792603
0.67,0.82,0.39,0.59,0.99,0.99,0.12,0.59,0.12,16472,24.685500621795654
0.68,0.82,0.39,0.59,0.99,0.99,0.13,0.59,0.13,16375,24.685500621795654
0.68,0.82,0.4,0.58,0.99,0.99,0.12,0.59,0.13,16070,24.68981385231018
0.68,0.82,0.4,0.58,0.99,0.99,0.13,0.59,0.13,16473,24.693498134613037
0.68,0.83,0.39,0.59,0.99,0.99,0.12,0.59,0.13,16704,24.697659730911255
0.68,0.83,0.39,0.59,0.99,0.99,0.13,0.59,0.12,16455,24.698633432388306
0.68,0.83,0.39,0.59,0.99,0.99,0.13,0.58,0.13,16356,24.701876163482666
0.68,0.83,0.39,0.59,0.99,0.99,0.12,0.58,0.13,16517,24.706197261810303
0.68,0.82,0.4,0.59,0.98,0.99,0.12,0.57,0.13,16398,24.710205078125
0.68,0.82,0.4,0.59,0.99,0.99,0.12,0.57,0.13,16549,24.710205078125
0.68,0.82,0.4,0.59,0.99,0.99,0.12,0.58,0.13,16604,24.7139151096344
0.68,0.82,0.4,0.59,0.99,0.99,0.12,0.58,0.13,16449,24.71798825263977
0.69,0.82,0.39,0.59,0.99,0.99,0.12,0.57,0.13,16102,24.723494291305542
0.68,0.82,0.4,0.59,1.0,0.99,0.12,0.58,0.13,16543,24.72648787498474
0.68,0.82,0.4,0.59,0.99,0.99,0.12,0.57,0.13,16788,24.727514266967773
0.68,0.82,0.4,0.58,0.99,0.99,0.12,0.57,0.13,16657,24.73112440109253
0.68,0.82,0.4,0.59,1.0,0.99,0.12,0.58,0.13,16438,24.735124588012695
0.69,0.82,0.4,0.59,0.99,0.99,0.12,0.58,0.13,16911,24.738386631011963
0.68,0.82,0.4,0.59,0.99,0.99,0.12,0.58,0.13,16568,24.739319801330566
0.68,0.82,0.4,0.59,0.99,0.99,0.12,0.58,0.13,16257,24.743130922317505
0.68,0.82,0.4,0.59,0.99,0.99,0.12,0.57,0.13,16366,24.747689962387085
0.68,0.82,0.4,0.58,0.99,0.99,0.13,0.57,0.13,16503,24.750953674316406
0.66,0.82,0.4,0.59,0.99,0.99,0.12,0.58,0.13,16552,24.752041578292847
0.68,0.82,0.4,0.59,0.99,0.99,0.13,0.58,0.13,16725,24.75616765022278
0.67,0.82,0.4,0.59,1.0,0.99,0.13,0.58,0.13,16238,24.760090351104736
0.68,0.82,0.4,0.59,0.99,0.99,0.12,0.58,0.13,15615,24.76400923728943
0.68,0.82,0.4,0.59,0.99,0.99,0.12,0.58,0.13,16054,24.76400923728943
0.68,0.82,0.4,0.59,0.99,0.99,0.12,0.58,0.13,16449,24.768023252487183
0.67,0.82,0.4,0.59,0.99,0.99,0.13,0.58,0.13,16460,24.772079944610596
0.67,0.82,0.4,0.58,0.99,0.99,0.13,0.58,0.13,16455,24.77612042427063
0.67,0.82,0.4,0.59,1.0,0.99,0.12,0.58,0.13,16648,24.777127265930176
0.67,0.82,0.4,0.59,1.0,0.99,0.13,0.58,0.13,16925,24.78012704849243
0.67,0.82,0.4,0.59,1.0,0.99,0.13,0.58,0.13,16454,24.78375244140625
0.67,0.81,0.4,0.58,1.0,0.99,0.13,0.58,0.13,16241,24.787816286087036
0.67,0.82,0.4,0.59,0.99,0.99,0.12,0.58,0.13,16200,24.791796684265137
0.67,0.82,0.4,0.58,0.99,0.99,0.12,0.58,0.12,16395,24.791796684265137
0.67,0.82,0.39,0.59,0.99,0.99,0.12,0.58,0.13,16054,24.79709243774414
0.67,0.82,0.4,0.59,1.0,0.99,0.13,0.58,0.13,15965,24.800376176834106
0.67,0.81,0.4,0.59,0.99,0.99,0.13,0.59,0.13,16182,24.803699731826782
0.67,0.81,0.4,0.58,1.0,0.99,0.13,0.58,0.13,15885,24.80496335029602
0.67,0.81,0.4,0.58,1.0,0.99,0.13,0.58,0.13,16164,24.808388710021973
0.68,0.81,0.4,0.57,1.0,0.99,0.12,0.58,0.13,16917,24.812270164489746
0.68,0.81,0.4,0.58,1.0,0.99,0.13,0.59,0.13,16956,24.816596269607544
0.68,0.81,0.4,0.59,1.0,0.99,0.12,0.58,0.13,16417,24.81730008125305
0.68,0.81,0.4,0.58,1.0,0.99,0.12,0.58,0.12,16518,24.820386171340942
0.68,0.81,0.4,0.58,1.0,0.99,0.12,0.58,0.13,16477,24.826006174087524
0.68,0.81,0.4,0.59,1.0,0.99,0.13,0.58,0.13,16600,24.829601764678955
0.68,0.81,0.4,0.58,0.99,0.98,0.12,0.58,0.13,16397,24.829601764678955
0.69,0.81,0.4,0.58,0.99,0.99,0.12,0.58,0.13,16210,24.83403754234314
0.69,0.81,0.4,0.58,0.99,0.99,0.12,0.58,0.13,16097,24.83803701400757
0.68,0.81,0.4,0.58,0.99,0.99,0.13,0.58,0.13,16552,24.84145712852478
0.69,0.81,0.4,0.58,0.99,0.99,0.12,0.58,0.13,16707,24.842500925064087
0.68,0.81,0.4,0.58,1.0,0.99,0.13,0.58,0.13,16468,24.845937490463257
0.69,0.82,0.4,0.59,0.99,0.99,0.12,0.59,0.13,16217,24.850156545639038
0.69,0.82,0.4,0.59,0.99,0.99,0.13,0.58,0.13,16218,24.85417675971985
0.69,0.82,0.4,0.59,1.0,0.99,0.13,0.58,0.13,16491,24.85417675971985
0.68,0.82,0.4,0.59,0.99,0.99,0.13,0.59,0.13,16588,24.85818576812744
0.68,0.82,0.4,0.6,0.99,0.99,0.13,0.59,0.13,16591,24.86270761489868
0.68,0.82,0.39,0.59,0.99,0.98,0.12,0.6,0.13,16518,24.866337299346924
0.68,0.82,0.4,0.59,1.0,0.99,0.12,0.59,0.12,16157,24.86985468864441
0.68,0.82,0.39,0.58,1.0,0.98,0.13,0.6,0.13,15972,24.86985468864441
0.68,0.81,0.4,0.58,1.0,0.99,0.13,0.59,0.12,15673,24.87340521812439
0.68,0.81,0.4,0.58,0.99,0.99,0.12,0.6,0.12,16142,24.878425121307373
0.68,0.82,0.4,0.59,0.99,0.99,0.13,0.59,0.13,16399,24.88139033317566
0.68,0.82,0.4,0.59,1.0,0.99,0.12,0.59,0.13,16552,24.882550477981567
0.68,0.82,0.4,0.58,1.0,0.99,0.12,0.59,0.13,16191,24.88655686378479
0.68,0.82,0.4,0.58,0.99,0.99,0.12,0.59,0.13,16104,24.890588998794556
0.68,0.82,0.4,0.58,0.99,0.99,0.12,0.6,0.13,16145,24.893634796142578
0.68,0.82,0.4,0.58,1.0,0.99,0.12,0.59,0.13,16528,24.89463496208191
0.68,0.82,0.4,0.59,1.0,0.99,0.12,0.6,0.13,16511,24.89889121055603
0.68,0.82,0.4,0.59,0.99,0.99,0.13,0.59,0.13,16282,24.902894735336304
0.69,0.82,0.4,0.58,0.99,0.99,0.12,0.59,0.13,16429,24.90689206123352
0.68,0.82,0.4,0.58,0.99,0.99,0.12,0.59,0.13,16596,24.90689206123352
0.68,0.82,0.4,0.58,0.99,0.99,0.12,0.59,0.13,16473,24.910526275634766
0.67,0.82,0.4,0.58,0.99,0.99,0.12,0.59,0.12,16026,24.915387630462646
0.67,0.82,0.4,0.58,0.99,0.99,0.12,0.59,0.13,16283,24.9189133644104
0.68,0.81,0.4,0.59,0.99,0.99,0.12,0.6,0.12,16750,24.9199435710907
0.68,0.82,0.4,0.59,1.0,0.99,0.12,0.6,0.12,16737,24.922943830490112
0.68,0.82,0.4,0.59,1.0,0.99,0.13,0.6,0.13,16304,24.927213668823242
0.68,0.82,0.4,0.59,1.0,0.99,0.12,0.6,0.13,16773,24.931215047836304
0.68,0.82,0.4,0.58,0.99,0.99,0.12,0.59,0.13,16920,24.935216903686523
0.68,0.82,0.4,0.58,1.0,0.99,0.12,0.6,0.13,16689,24.935216903686523
0.69,0.81,0.4,0.58,1.0,0.99,0.12,0.59,0.13,16176,24.93925714492798
0.68,0.81,0.41,0.58,1.0,0.98,0.13,0.6,0.13,16087,24.943389892578125
0.68,0.81,0.41,0.58,1.0,0.98,0.12,0.6,0.13,16356,24.947743892669678
0.68,0.81,0.41,0.58,1.0,0.99,0.13,0.6,0.13,16675,24.947743892669678
0.68,0.82,0.4,0.58,1.0,0.98,0.13,0.59,0.12,16904,24.952786922454834
0.68,0.82,0.41,0.59,1.0,0.99,0.12,0.59,0.13,16575,24.95614457130432
0.68,0.81,0.41,0.59,1.0,0.99,0.12,0.59,0.13,16722,24.960148572921753
0.68,0.81,0.41,0.58,1.0,0.99,0.12,0.6,0.13,16611,24.961132764816284
0.69,0.81,0.41,0.58,1.0,0.99,0.13,0.6,0.13,16408,24.96513271331787
0.68,0.81,0.4,0.58,1.0,0.99,0.13,0.6,0.13,16333,24.969132900238037
0.68,0.81,0.4,0.58,1.0,0.99,0.13,0.59,0.13,16868,24.9731342792511
0.68,0.81,0.4,0.58,1.0,0.99,0.13,0.6,0.13,17273,24.9731342792511
0.68,0.81,0.4,0.58,1.01,0.98,0.13,0.6,0.13,16742,24.977291584014893
0.69,0.81,0.4,0.58,1.0,0.99,0.13,0.6,0.13,16373,24.980656147003174
0.68,0.81,0.41,0.58,1.0,0.99,0.13,0.6,0.13,16338,24.984843730926514
0.68,0.81,0.41,0.58,1.0,0.99,0.13,0.6,0.13,16617,24.986081838607788
0.68,0.81,0.41,0.58,1.0,0.99,0.13,0.6,0.13,16420,24.989654541015625
0.68,0.81,0.41,0.58,1.01,0.99,0.13,0.6,0.13,16579,24.993675231933594
0.68,0.81,0.41,0.59,1.0,0.99,0.13,0.6,0.13,16548,24.997675895690918
0.68,0.81,0.41,0.58,1.0,0.99,0.13,0.6,0.13,16283,24.997675895690918
0.68,0.81,0.41,0.58,1.0,0.99,0.13,0.6,0.13,16492,25.001675844192505
0.68,0.81,0.41,0.58,1.0,0.99,0.13,0.59,0.13,16833,25.005741834640503
