-0.09622179416620807,-0.09625756741882227,-0.6001596037424325,0.07911117226197023,0.08127682993946059,0.006318106769400034,-0.49905888827738026,-0.4800385250412768,-0.25932305998899274,76926.74821133737,0.0013830184936516332
-0.09622179416620807,-0.08625756741882226,-0.6001596037424325,0.05911117226197027,0.07127682993946058,-0.003681893230599864,-0.49905888827738026,-0.4900385250412768,-0.26932305998899275,76347.74821133737,0.0013830184936516332
-0.08622179416620807,-0.08625756741882226,-0.6101596037424325,0.04911117226197026,0.061276829939460625,-0.023681893230599882,-0.49905888827738026,-0.4800385250412768,-0.23932305998899275,76306.74821133737,0.005295705795287375
-0.09622179416620807,-0.08625756741882226,-0.5901596037424325,0.05911117226197027,0.051276829939460616,-0.05368189323059991,-0.49905888827738026,-0.4700385250412768,-0.25932305998899274,76211.74821133737,0.010010671615599875
-0.09622179416620807,-0.09625756741882227,-0.5601596037424325,0.05911117226197027,0.051276829939460616,-0.0436818932305999,-0.49905888827738026,-0.4800385250412768,-0.27932305998899276,75716.74821133737,0.013596248626708274
-0.08622179416620807,-0.08625756741882226,-0.5701596037424325,0.05911117226197027,0.061276829939460625,-0.013681893230599873,-0.47905888827738025,-0.4600385250412768,-0.23932305998899275,75321.74821133737,0.01505274772643972
-0.08622179416620807,-0.08625756741882226,-0.5801596037424325,0.05911117226197027,0.061276829939460625,-0.013681893230599873,-0.47905888827738025,-0.4600385250412768,-0.25932305998899274,74588.74821133737,0.018076848983763938
-0.08622179416620807,-0.08625756741882226,-0.5701596037424325,0.05911117226197027,0.07127682993946058,-0.03368189323059989,-0.41905888827738025,-0.4100385250412768,-0.25932305998899274,73939.74821133737,0.022740077972407846
-0.09622179416620807,-0.09625756741882227,-0.5901596037424325,0.04911117226197026,0.051276829939460616,-0.013681893230599873,-0.4490588882773803,-0.4200385250412768,-0.24932305998899276,73416.74821133737,0.0258986473083489
-0.09622179416620807,-0.09625756741882227,-0.6201596037424324,0.06911117226197022,0.061276829939460625,-0.03368189323059989,-0.41905888827738025,-0.4100385250412768,-0.24932305998899276,73205.74821133737,0.026823949813842063
-0.09622179416620807,-0.09625756741882227,-0.6001596037424325,0.05911117226197027,0.061276829939460625,-0.023681893230599882,-0.43905888827738027,-0.4100385250412768,-0.23932305998899275,72852.74821133737,0.029810142517089133
-0.09622179416620807,-0.09625756741882227,-0.5501596037424324,0.06911117226197022,0.07127682993946058,-0.06368189323059992,-0.41905888827738025,-0.4100385250412768,-0.25932305998899274,72827.74821133737,0.03482384681701589
-0.05622179416620807,-0.04625756741882227,-0.5701596037424325,0.06911117226197022,0.061276829939460625,-0.09368189323059994,-0.42905888827738026,-0.4100385250412768,-0.25932305998899274,72634.74821133737,0.038823795318602805
-0.09622179416620807,-0.09625756741882227,-0.5701596037424325,0.08911117226197024,0.08127682993946059,-0.08368189323059994,-0.43905888827738027,-0.4100385250412768,-0.25932305998899274,72119.74821133737,0.04219384193420339
-0.09622179416620807,-0.09625756741882227,-0.5701596037424325,0.07911117226197023,0.08127682993946059,-0.1036818932305999,-0.42905888827738026,-0.4100385250412768,-0.26932305998899275,71962.74821133737,0.04219384193420339
-0.08622179416620807,-0.08625756741882226,-0.5001596037424325,0.07911117226197023,0.08127682993946059,-0.07368189323059993,-0.40905888827738024,-0.4000385250412768,-0.25932305998899274,71685.74821133737,0.04748578071594167
-0.08622179416620807,-0.08625756741882226,-0.4801596037424325,0.06911117226197022,0.07127682993946058,-0.13368189323059992,-0.42905888827738026,-0.4300385250412768,-0.25932305998899274,71508.74821133737,0.0509464263915973
-0.08622179416620807,-0.08625756741882226,-0.5601596037424325,0.06911117226197022,0.07127682993946058,-0.1036818932305999,-0.4490588882773803,-0.4300385250412768,-0.25932305998899274,71095.74821133737,0.054303598403929954
-0.08622179416620807,-0.08625756741882226,-0.5601596037424325,0.06911117226197022,0.07127682993946058,-0.1036818932305999,-0.39905888827738023,-0.3800385250412768,-0.25932305998899274,70932.74821133737,0.05518980026245046
-0.09622179416620807,-0.08625756741882226,-0.5901596037424325,0.06911117226197022,0.08127682993946059,-0.1036818932305999,-0.41905888827738025,-0.4000385250412768,-0.24932305998899276,70795.74821133737,0.059085798263549094
-0.09622179416620807,-0.08625756741882226,-0.5901596037424325,0.07911117226197023,0.07127682993946058,-0.1136818932305999,-0.40905888827738024,-0.4000385250412768,-0.23932305998899275,71106.74821133737,0.0631143569946282
-0.08622179416620807,-0.08625756741882226,-0.5601596037424325,0.06911117226197022,0.07127682993946058,-0.09368189323059994,-0.40905888827738024,-0.4000385250412768,-0.24932305998899276,70767.74821133737,0.06638402938842702
-0.09622179416620807,-0.08625756741882226,-0.5601596037424325,0.06911117226197022,0.07127682993946058,-0.09368189323059994,-0.42905888827738026,-0.4000385250412768,-0.24932305998899276,70618.74821133737,0.06708569526672292
-0.08622179416620807,-0.08625756741882226,-0.5701596037424325,0.07911117226197023,0.08127682993946059,-0.1136818932305999,-0.41905888827738025,-0.3900385250412768,-0.24932305998899276,70431.74821133737,0.07110185623168874
-0.08622179416620807,-0.08625756741882226,-0.5701596037424325,0.07911117226197023,0.0912768299394606,-0.1136818932305999,-0.39905888827738023,-0.3800385250412768,-0.23932305998899275,70362.74821133737,0.0756875991821282
-0.08622179416620807,-0.08625756741882226,-0.5601596037424325,0.07911117226197023,0.08127682993946059,-0.12368189323059992,-0.40905888827738024,-0.4000385250412768,-0.25932305998899274,70361.74821133737,0.07892794609069753
-0.08622179416620807,-0.08625756741882226,-0.5601596037424325,0.08911117226197024,0.08127682993946059,-0.1036818932305999,-0.3790588882773802,-0.35003852504127675,-0.24932305998899276,70112.74821133737,0.07968802452087331
-0.08622179416620807,-0.08625756741882226,-0.5601596037424325,0.08911117226197024,0.0912768299394606,-0.12368189323059992,-0.3790588882773802,-0.37003852504127677,-0.25932305998899274,69973.74821133737,0.08267946243286062
-0.08622179416620807,-0.08625756741882226,-0.5601596037424325,0.07911117226197023,0.08127682993946059,-0.1136818932305999,-0.3690588882773802,-0.35003852504127675,-0.23932305998899275,69890.74821133737,0.08768792152404714
-0.08622179416620807,-0.08625756741882226,-0.5601596037424325,0.08911117226197024,0.0912768299394606,-0.12368189323059992,-0.3490588882773803,-0.34003852504127685,-0.23932305998899275,69333.74821133737,0.0906886577606194
-0.08622179416620807,-0.08625756741882226,-0.5701596037424325,0.08911117226197024,0.0912768299394606,-0.14368189323059993,-0.3590588882773803,-0.35003852504127675,-0.22932305998899277,68896.74821133737,0.09166998863219789
-0.08622179416620807,-0.07625756741882227,-0.5701596037424325,0.06911117226197022,0.08127682993946059,-0.13368189323059992,-0.3590588882773803,-0.34003852504127685,-0.22932305998899277,68625.74821133737,0.09523768424988077
-0.08622179416620807,-0.08625756741882226,-0.5701596037424325,0.07911117226197023,0.0912768299394606,-0.13368189323059992,-0.3290588882773803,-0.32003852504127683,-0.21932305998899276,68102.74821133737,0.0991403579711907
-0.08622179416620807,-0.08625756741882226,-0.5601596037424325,0.08911117226197024,0.0912768299394606,-0.1136818932305999,-0.3290588882773803,-0.32003852504127683,-0.21932305998899276,67791.74821133737,0.10419220924377015
-0.09622179416620807,-0.08625756741882226,-0.5701596037424325,0.08911117226197024,0.0912768299394606,-0.12368189323059992,-0.30905888827738026,-0.2900385250412768,-0.22932305998899277,67786.74821133737,0.10663027763366628
-0.08622179416620807,-0.08625756741882226,-0.5801596037424325,0.08911117226197024,0.0912768299394606,-0.1136818932305999,-0.30905888827738026,-0.3000385250412768,-0.21932305998899276,67197.74821133737,0.1076623916626005
-0.08622179416620807,-0.07625756741882227,-0.5601596037424325,0.08911117226197024,0.0912768299394606,-0.1036818932305999,-0.30905888827738026,-0.2900385250412768,-0.21932305998899276,66778.74821133737,0.1115760326385491
-0.08622179416620807,-0.07625756741882227,-0.5601596037424325,0.08911117226197024,0.0912768299394606,-0.1136818932305999,-0.30905888827738026,-0.2800385250412768,-0.21932305998899276,66639.74821133737,0.11568779945373464
-0.06622179416620808,-0.06625756741882227,-0.5901596037424325,0.08911117226197024,0.0912768299394606,-0.13368189323059992,-0.29905888827738025,-0.2800385250412768,-0.21932305998899276,66446.74821133737,0.11994786262511781
-0.06622179416620808,-0.06625756741882227,-0.5701596037424325,0.08911117226197024,0.0912768299394606,-0.13368189323059992,-0.30905888827738026,-0.2900385250412768,-0.22932305998899277,65779.74821133737,0.12066264152526784
-0.06622179416620808,-0.05625756741882226,-0.5801596037424325,0.07911117226197023,0.08127682993946059,-0.13368189323059992,-0.30905888827738026,-0.2900385250412768,-0.23932305998899275,65256.74821133737,0.12368769645690847
-0.05622179416620807,-0.03625756741882226,-0.5901596037424325,0.08911117226197024,0.0912768299394606,-0.13368189323059992,-0.30905888827738026,-0.2900385250412768,-0.24932305998899276,64791.74821133737,0.12866015434265066
-0.04622179416620807,-0.026257567418822264,-0.5901596037424325,0.08911117226197024,0.0912768299394606,-0.1036818932305999,-0.31905888827738027,-0.3000385250412768,-0.23932305998899275,64120.74821133737,0.13166971206664968
-0.006221794166208064,0.003742432581177735,-0.6001596037424325,0.09911117226197025,0.1012768299394606,-0.12368189323059992,-0.3390588882773803,-0.33003852504127684,-0.24932305998899276,63769.74821133737,0.13265867233276296
0.033778205833791944,0.04374243258117773,-0.6201596037424324,0.09911117226197025,0.0912768299394606,-0.1036818932305999,-0.3690588882773802,-0.36003852504127676,-0.24932305998899276,63270.74821133737,0.13668103218078187
0.053778205833791934,0.05374243258117774,-0.6101596037424325,0.08911117226197024,0.0912768299394606,-0.1036818932305999,-0.3690588882773802,-0.35003852504127675,-0.24932305998899276,62911.74821133737,0.14058036804199148
0.06377820583379194,0.06374243258117775,-0.5901596037424325,0.08911117226197024,0.0912768299394606,-0.09368189323059994,-0.3690588882773802,-0.34003852504127685,-0.24932305998899276,62582.74821133737,0.14463825225830007
0.10377820583379192,0.10374243258117773,-0.5401596037424324,0.07911117226197023,0.08127682993946059,-0.08368189323059994,-0.3690588882773802,-0.35003852504127675,-0.25932305998899274,61825.74821133737,0.14563889503478933
0.16377820583379193,0.15374243258117776,-0.5301596037424324,0.08911117226197024,0.08127682993946059,-0.13368189323059992,-0.3690588882773802,-0.35003852504127675,-0.26932305998899275,61198.74821133737,0.14861483573913503
0.15377820583379193,0.15374243258117776,-0.5201596037424324,0.07911117226197023,0.08127682993946059,-0.1136818932305999,-0.3690588882773802,-0.35003852504127675,-0.25932305998899274,60933.74821133737,0.15363903045654226
0.1837782058337919,0.18374243258117773,-0.5201596037424324,0.07911117226197023,0.08127682993946059,-0.12368189323059992,-0.3590588882773803,-0.33003852504127684,-0.25932305998899274,60452.74821133737,0.15663881301879812
0.20377820583379191,0.20374243258117775,-0.5001596037424325,0.08911117226197024,0.0912768299394606,-0.1136818932305999,-0.3490588882773803,-0.34003852504127685,-0.25932305998899274,59863.74821133737,0.15663881301879812
0.2437782058337919,0.24374243258117773,-0.4801596037424325,0.07911117226197023,0.08127682993946059,-0.1036818932305999,-0.3490588882773803,-0.33003852504127684,-0.23932305998899275,59426.74821133737,0.16095514297484925
0.2537782058337919,0.25374243258117773,-0.4801596037424325,0.08911117226197024,0.0912768299394606,-0.1136818932305999,-0.3390588882773803,-0.32003852504127683,-0.25932305998899274,59237.74821133737,0.16602582931518128
0.29377820583379194,0.29374243258117777,-0.45015960374243247,0.07911117226197023,0.0912768299394606,-0.12368189323059992,-0.3590588882773803,-0.34003852504127685,-0.27932305998899276,58746.74821133737,0.1690256118774407
0.35377820583379194,0.35374243258117777,-0.42015960374243244,0.05911117226197027,0.061276829939460625,-0.13368189323059992,-0.31905888827738027,-0.3000385250412768,-0.25932305998899274,58187.74821133737,0.1699966907501178
0.3737782058337919,0.39374243258117775,-0.41015960374243243,0.06911117226197022,0.07127682993946058,-0.1136818932305999,-0.3590588882773803,-0.33003852504127684,-0.25932305998899274,57840.74821133737,0.17333383560180593
0.45377820583379197,0.4637424325811777,-0.41015960374243243,0.05911117226197027,0.061276829939460625,-0.09368189323059994,-0.3590588882773803,-0.34003852504127685,-0.25932305998899274,57513.74821133737,0.17733616828918386
0.543778205833792,0.5537424325811777,-0.37015960374243245,0.04911117226197026,0.051276829939460616,-0.13368189323059992,-0.3690588882773802,-0.36003852504127676,-0.25932305998899274,56842.74821133737,0.18106431961059855
0.663778205833792,0.6737424325811777,-0.30015960374243245,0.04911117226197026,0.051276829939460616,-0.12368189323059992,-0.3690588882773802,-0.35003852504127675,-0.26932305998899275,56103.74821133737,0.1850473403930657
0.703778205833792,0.7137424325811776,-0.2701596037424325,0.03911117226197025,0.04127682993946061,-0.13368189323059992,-0.3690588882773802,-0.36003852504127676,-0.27932305998899276,56236.74821133737,0.18604512214660573
0.873778205833792,0.8837424325811777,-0.24015960374243245,0.009111172261970252,0.02127682993946059,-0.15368189323059994,-0.40905888827738024,-0.3800385250412768,-0.2993230599889928,55773.74821133737,0.19005055427551554
0.953778205833792,0.9537424325811777,-0.15015960374243242,-0.0008888277380297571,0.0012768299394605997,-0.1636818932305999,-0.39905888827738023,-0.3900385250412768,-0.28932305998899277,55028.74821133737,0.19404621124267862
1.093778205833792,1.0937424325811778,-0.04015960374243244,-0.010888827738029766,-0.008723170060539409,-0.15368189323059994,-0.42905888827738026,-0.4200385250412768,-0.28932305998899277,54727.74821133737,0.1975593090057366
1.153778205833792,1.1337424325811778,-0.060159603742432455,-0.010888827738029766,-0.008723170060539409,-0.15368189323059994,-0.4490588882773803,-0.4300385250412768,-0.3093230599889928,54666.74821133737,0.19807238578796316
1.2837782058337919,1.2937424325811777,0.04984039625756753,-0.020888827738029747,-0.01872317006053939,-0.15368189323059994,-0.43905888827738027,-0.4300385250412768,-0.3093230599889928,54279.74821133737,0.2016100406646757
1.373778205833792,1.3737424325811778,0.20984039625756756,-0.020888827738029747,-0.01872317006053939,-0.19368189323059992,-0.4590588882773803,-0.4500385250412768,-0.33932305998899276,53876.74821133737,0.2062637329101591
1.483778205833792,1.4837424325811779,0.19984039625756755,-0.030888827738029756,-0.0287231700605394,-0.1736818932305999,-0.47905888827738025,-0.4600385250412768,-0.33932305998899276,53367.74821133737,0.20869488716125062
1.563778205833792,1.5537424325811777,0.17984039625756754,-0.040888827738029765,-0.03872317006053941,-0.1836818932305999,-0.48905888827738025,-0.4900385250412768,-0.33932305998899276,52820.74821133737,0.21036524772643972
1.663778205833792,1.6637424325811778,0.2598403962575675,-0.030888827738029756,-0.0287231700605394,-0.19368189323059992,-0.5090588882773803,-0.4900385250412768,-0.3593230599889928,52761.74821133737,0.2145292282104485
1.763778205833792,1.7737424325811777,0.32984039625756756,-0.020888827738029747,-0.0287231700605394,-0.21368189323059994,-0.5290588882773802,-0.5100385250412768,-0.37932305998899274,52656.74821133737,0.21856923103332448
1.883778205833792,1.8937424325811778,0.43984039625756743,-0.030888827738029756,-0.0287231700605394,-0.2336818932305999,-0.5490588882773803,-0.5300385250412768,-0.38932305998899275,52599.74821133737,0.22161526679992605
1.9837782058337918,1.993742432581178,0.5298403962575675,-0.020888827738029747,-0.01872317006053939,-0.2336818932305999,-0.5690588882773803,-0.5600385250412768,-0.40932305998899277,52366.74821133737,0.2227377414703362
2.063778205833792,2.0837424325811775,0.5898403962575676,-0.010888827738029766,-0.01872317006053939,-0.2236818932305999,-0.5990588882773802,-0.5800385250412767,-0.38932305998899275,52063.74821133737,0.22661514282226136
2.183778205833792,2.1837424325811776,0.6298403962575676,-0.020888827738029747,-0.01872317006053939,-0.2436818932305999,-0.6190588882773802,-0.6000385250412767,-0.39932305998899276,52008.74821133737,0.23061556816101003
2.263778205833792,2.2637424325811777,0.7998403962575675,-0.020888827738029747,-0.0287231700605394,-0.2536818932305999,-0.6290588882773802,-0.6200385250412768,-0.40932305998899277,51789.74821133737,0.23477239608764577
2.343778205833792,2.3337424325811775,0.8498403962575676,-0.030888827738029756,-0.0287231700605394,-0.26368189323059993,-0.6390588882773802,-0.6200385250412768,-0.4193230599889928,51796.74821133737,0.23477239608764577
2.393778205833792,2.3937424325811776,0.9398403962575674,-0.020888827738029747,-0.01872317006053939,-0.27368189323059994,-0.6490588882773802,-0.6300385250412768,-0.4193230599889928,51971.74821133737,0.2396609306335442
2.463778205833792,2.4537424325811776,0.9598403962575675,-0.020888827738029747,-0.01872317006053939,-0.2936818932305999,-0.6690588882773802,-0.6500385250412768,-0.4293230599889928,52342.74821133737,0.24362940788268972
2.483778205833792,2.4837424325811774,0.9698403962575675,-0.030888827738029756,-0.01872317006053939,-0.26368189323059993,-0.6690588882773802,-0.6600385250412768,-0.4193230599889928,52985.74821133737,0.24762887954711843
2.503778205833792,2.5237424325811775,1.0098403962575675,-0.030888827738029756,-0.01872317006053939,-0.26368189323059993,-0.6890588882773803,-0.6700385250412768,-0.4293230599889928,53734.74821133737,0.24762887954711843
2.523778205833792,2.5337424325811777,1.0298403962575675,-0.010888827738029766,-0.008723170060539409,-0.27368189323059994,-0.6890588882773803,-0.6800385250412768,-0.4193230599889928,54719.74821133737,0.25162906646728445
2.553778205833792,2.5537424325811777,1.0998403962575676,-0.010888827738029766,-0.008723170060539409,-0.2836818932305999,-0.6890588882773803,-0.6800385250412768,-0.4193230599889928,55914.74821133737,0.25562925338745046
2.583778205833792,2.5837424325811775,1.0898403962575676,-0.010888827738029766,-0.008723170060539409,-0.2836818932305999,-0.6990588882773803,-0.6800385250412768,-0.4193230599889928,57063.74821133737,0.25919957160949636
2.583778205833792,2.5937424325811778,1.1298403962575676,-0.020888827738029747,-0.01872317006053939,-0.2836818932305999,-0.6990588882773803,-0.6900385250412768,-0.4193230599889928,58398.74821133737,0.2633234977722161
2.603778205833792,2.6037424325811775,1.1598403962575676,-0.020888827738029747,-0.01872317006053939,-0.2936818932305999,-0.6990588882773803,-0.6800385250412768,-0.4193230599889928,59975.74821133737,0.2633234977722161
2.583778205833792,2.5937424325811778,1.1898403962575674,-0.020888827738029747,-0.01872317006053939,-0.2936818932305999,-0.6890588882773803,-0.6800385250412768,-0.4293230599889928,61464.74821133737,0.26792330741882253
2.593778205833792,2.5937424325811778,1.1898403962575674,-0.020888827738029747,-0.01872317006053939,-0.2836818932305999,-0.6890588882773803,-0.6800385250412768,-0.4193230599889928,62987.74821133737,0.2717263221740751
2.593778205833792,2.6037424325811775,1.2098403962575675,-0.020888827738029747,-0.01872317006053939,-0.27368189323059994,-0.7090588882773803,-0.7000385250412768,-0.39932305998899276,64486.74821133737,0.27521700859069753
2.603778205833792,2.6037424325811775,1.2298403962575675,-0.020888827738029747,-0.01872317006053939,-0.2936818932305999,-0.7190588882773803,-0.7100385250412768,-0.4193230599889928,65891.74821133737,0.27578468322753835
2.593778205833792,2.6037424325811775,1.2198403962575675,-0.020888827738029747,-0.008723170060539409,-0.2836818932305999,-0.7190588882773803,-0.7100385250412768,-0.4193230599889928,67302.74821133737,0.27942795753478933
2.593778205833792,2.5937424325811778,1.2198403962575675,-0.0008888277380297571,0.0012768299394605997,-0.26368189323059993,-0.7290588882773803,-0.7100385250412768,-0.39932305998899276,69149.74821133737,0.2844306945800774
2.573778205833792,2.5737424325811777,1.2298403962575675,-0.0008888277380297571,0.0012768299394605997,-0.26368189323059993,-0.7190588882773803,-0.7000385250412768,-0.39932305998899276,70644.74821133737,0.28742809295654226
2.573778205833792,2.5837424325811775,1.2198403962575675,-0.010888827738029766,-0.008723170060539409,-0.27368189323059994,-0.7290588882773803,-0.7200385250412769,-0.39932305998899276,71537.74821133737,0.28843159675598073
2.573778205833792,2.5737424325811777,1.1898403962575674,0.009111172261970252,0.011276829939460609,-0.26368189323059993,-0.7390588882773803,-0.7200385250412769,-0.40932305998899277,72288.74821133737,0.2916807651519733
2.573778205833792,2.5637424325811775,1.1898403962575674,0.019111172261970233,0.02127682993946059,-0.27368189323059994,-0.7290588882773803,-0.7200385250412769,-0.39932305998899276,73619.74821133737,0.29672045707702566
2.553778205833792,2.5537424325811777,1.1898403962575674,0.019111172261970233,0.0312768299394606,-0.26368189323059993,-0.7290588882773803,-0.7200385250412769,-0.40932305998899277,75004.74821133737,0.30074758529663015
2.513778205833792,2.5137424325811777,1.1898403962575674,0.029111172261970242,0.0312768299394606,-0.2836818932305999,-0.7490588882773803,-0.7300385250412769,-0.40932305998899277,76259.74821133737,0.30074758529663015
2.503778205833792,2.5137424325811777,1.1798403962575676,0.029111172261970242,0.0312768299394606,-0.27368189323059994,-0.7590588882773802,-0.7500385250412768,-0.4193230599889928,78072.74821133737,0.30430455207824636
2.503778205833792,2.4937424325811777,1.1598403962575676,0.029111172261970242,0.0312768299394606,-0.2536818932305999,-0.7690588882773802,-0.7500385250412768,-0.39932305998899276,79271.74821133737,0.30956263542175577
2.453778205833792,2.4637424325811774,1.1498403962575676,0.029111172261970242,0.04127682993946061,-0.26368189323059993,-0.7490588882773803,-0.7400385250412768,-0.39932305998899276,80680.74821133737,0.3127374172210686
2.443778205833792,2.4537424325811776,1.1298403962575676,0.03911117226197025,0.051276829939460616,-0.2536818932305999,-0.7690588882773802,-0.7600385250412768,-0.40932305998899277,81885.74821133737,0.3127374172210686
2.4237782058337918,2.4337424325811776,1.1498403962575676,0.05911117226197027,0.07127682993946058,-0.2536818932305999,-0.7490588882773803,-0.7400385250412768,-0.39932305998899276,82972.74821133737,0.3167376041412382
2.393778205833792,2.4037424325811774,1.1298403962575676,0.07911117226197023,0.08127682993946059,-0.2536818932305999,-0.7590588882773802,-0.7400385250412768,-0.39932305998899276,84081.74821133737,0.32146830558776784
2.393778205833792,2.4037424325811774,1.1198403962575676,0.06911117226197022,0.07127682993946058,-0.2536818932305999,-0.7590588882773802,-0.7400385250412768,-0.39932305998899276,85370.74821133737,0.3254882812499993
2.393778205833792,2.3937424325811776,1.1698403962575676,0.07911117226197023,0.08127682993946059,-0.26368189323059993,-0.7490588882773803,-0.7300385250412769,-0.39932305998899276,85797.74821133737,0.3287240982055657
2.363778205833792,2.3737424325811776,1.1398403962575676,0.07911117226197023,0.08127682993946059,-0.2536818932305999,-0.7490588882773803,-0.7300385250412769,-0.39932305998899276,86424.74821133737,0.32946748733520437
2.373778205833792,2.3637424325811778,1.1398403962575676,0.09911117226197025,0.11127682993946061,-0.2336818932305999,-0.7390588882773803,-0.7200385250412769,-0.37932305998899274,87265.74821133737,0.3334671974182122
2.353778205833792,2.3637424325811778,1.1598403962575676,0.09911117226197025,0.1012768299394606,-0.20368189323059993,-0.7590588882773802,-0.7400385250412768,-0.38932305998899275,87978.74821133737,0.33741374015808034
2.313778205833792,2.3237424325811777,1.1698403962575676,0.11911117226197027,0.12127682993946062,-0.19368189323059992,-0.7290588882773803,-0.7100385250412768,-0.38932305998899275,88199.74821133737,0.3410551071166985
2.313778205833792,2.3237424325811777,1.1998403962575674,0.12911117226197022,0.13127682993946058,-0.1836818932305999,-0.7190588882773803,-0.7000385250412768,-0.36932305998899273,88334.74821133737,0.34208364486694265
2.303778205833792,2.3137424325811775,1.2298403962575675,0.12911117226197022,0.14127682993946059,-0.20368189323059993,-0.7190588882773803,-0.7200385250412769,-0.37932305998899274,88649.74821133737,0.3454973220825188
2.333778205833792,2.3337424325811775,1.2598403962575675,0.12911117226197022,0.14127682993946059,-0.19368189323059992,-0.7290588882773803,-0.7100385250412768,-0.37932305998899274,88610.74821133737,0.3498131752014153
2.323778205833792,2.3337424325811775,1.2898403962575675,0.13911117226197023,0.1512768299394606,-0.20368189323059993,-0.7290588882773803,-0.7200385250412769,-0.36932305998899273,88077.74821133737,0.35317630767822195
2.323778205833792,2.3237424325811777,1.3398403962575673,0.14911117226197024,0.1512768299394606,-0.19368189323059992,-0.7290588882773803,-0.7100385250412768,-0.37932305998899274,87094.74821133737,0.35386128425598073
2.313778205833792,2.3337424325811775,1.3698403962575676,0.14911117226197024,0.1512768299394606,-0.21368189323059994,-0.7290588882773803,-0.7100385250412768,-0.37932305998899274,86095.74821133737,0.35840888023376394
2.303778205833792,2.3237424325811777,1.3698403962575676,0.13911117226197023,0.14127682993946059,-0.19368189323059992,-0.7190588882773803,-0.7000385250412768,-0.3593230599889928,84592.74821133737,0.3624126434326165
2.323778205833792,2.3437424325811778,1.3798403962575674,0.13911117226197023,0.1512768299394606,-0.19368189323059992,-0.7190588882773803,-0.7000385250412768,-0.34932305998899277,83285.74821133737,0.3656496524810784
2.273778205833792,2.2837424325811777,1.3798403962575674,0.14911117226197024,0.1512768299394606,-0.1736818932305999,-0.7190588882773803,-0.6900385250412768,-0.34932305998899277,81832.74821133737,0.36637897491455007
2.273778205833792,2.2837424325811777,1.3798403962575674,0.16911117226197026,0.1712768299394606,-0.1736818932305999,-0.6990588882773803,-0.6900385250412768,-0.34932305998899277,80675.74821133737,0.3704125404357903
2.263778205833792,2.2737424325811775,1.4098403962575676,0.17911117226197026,0.18127682993946062,-0.1736818932305999,-0.7190588882773803,-0.7000385250412768,-0.33932305998899276,80392.74821133737,0.3734125614166217
2.263778205833792,2.2637424325811777,1.4098403962575676,0.17911117226197026,0.18127682993946062,-0.1836818932305999,-0.7190588882773803,-0.7000385250412768,-0.33932305998899276,79349.74821133737,0.37846775054931925
2.193778205833792,2.2037424325811776,1.3798403962575674,0.17911117226197026,0.18127682993946062,-0.1636818932305999,-0.6990588882773803,-0.6800385250412768,-0.32932305998899275,78616.74821133737,0.37846775054931925
2.183778205833792,2.1937424325811774,1.3798403962575674,0.16911117226197026,0.19127682993946057,-0.15368189323059994,-0.6890588882773803,-0.6800385250412768,-0.3193230599889928,78123.74821133737,0.382881832122802
2.093778205833792,2.1137424325811778,1.3498403962575676,0.20911117226197024,0.2212768299394606,-0.1636818932305999,-0.6790588882773803,-0.6600385250412768,-0.3193230599889928,77646.74821133737,0.3868619918823235
2.073778205833792,2.0837424325811775,1.2798403962575675,0.21911117226197024,0.2212768299394606,-0.14368189323059993,-0.6790588882773803,-0.6700385250412768,-0.3093230599889928,77449.74821133737,0.39021224975585866
2.043778205833792,2.0637424325811775,1.3098403962575675,0.22911117226197025,0.24127682993946062,-0.14368189323059993,-0.6690588882773802,-0.6500385250412768,-0.3093230599889928,77626.74821133737,0.3943840980529778
1.993778205833792,2.0137424325811777,1.3198403962575673,0.24911117226197022,0.26127682993946055,-0.13368189323059992,-0.6490588882773802,-0.6300385250412768,-0.2993230599889928,77319.74821133737,0.39544696807861257
1.933778205833792,1.9437424325811776,1.2398403962575675,0.24911117226197022,0.26127682993946055,-0.12368189323059992,-0.6590588882773802,-0.6400385250412768,-0.28932305998899277,76128.74821133737,0.3987478733062737
1.893778205833792,1.9037424325811776,1.2498403962575675,0.2591111722619702,0.27127682993946056,-0.09368189323059994,-0.6390588882773802,-0.6300385250412768,-0.28932305998899277,75669.74821133737,0.4037861347198479
1.833778205833792,1.8637424325811778,1.1898403962575674,0.28911117226197025,0.3112768299394606,-0.07368189323059993,-0.6490588882773802,-0.6300385250412768,-0.27932305998899276,75446.74821133737,0.405793380737304
1.763778205833792,1.7737424325811777,1.2498403962575675,0.3191111722619703,0.3212768299394606,-0.07368189323059993,-0.6490588882773802,-0.6400385250412768,-0.26932305998899275,74997.74821133737,0.4067844867706292
1.713778205833792,1.7137424325811779,1.2498403962575675,0.3491111722619702,0.36127682993946053,-0.05368189323059991,-0.6290588882773802,-0.6200385250412768,-0.26932305998899275,74252.74821133737,0.4112927436828606
1.633778205833792,1.6437424325811778,1.2698403962575675,0.3691111722619702,0.38127682993946055,-0.023681893230599882,-0.6190588882773802,-0.6100385250412768,-0.25932305998899274,73409.74821133737,0.41531081199645925
1.583778205833792,1.6037424325811778,1.1998403962575674,0.39911117226197024,0.40127682993946057,-0.013681893230599873,-0.5990588882773802,-0.5800385250412767,-0.25932305998899274,72594.74821133737,0.4190299034118645
1.5337782058337919,1.5537424325811777,1.1798403962575676,0.41911117226197026,0.4212768299394606,0.006318106769400034,-0.5990588882773802,-0.5800385250412767,-0.24932305998899276,71509.74821133737,0.4190299034118645
1.553778205833792,1.5537424325811777,1.1398403962575676,0.40911117226197025,0.4212768299394606,0.016318106769400043,-0.5890588882773802,-0.5800385250412767,-0.23932305998899275,70320.74821133737,0.4240178585052483
1.483778205833792,1.493742432581178,1.1198403962575676,0.4391111722619703,0.4512768299394606,0.02631810676940005,-0.5990588882773802,-0.5900385250412767,-0.23932305998899275,69157.74821133737,0.42776222229003835
1.443778205833792,1.4437424325811778,1.1598403962575676,0.4591111722619703,0.4712768299394605,0.02631810676940005,-0.5890588882773802,-0.5800385250412767,-0.23932305998899275,68904.74821133737,0.43102736473083425
1.383778205833792,1.3937424325811778,1.0898403962575676,0.4791111722619702,0.49127682993946054,0.05631810676940008,-0.5990588882773802,-0.5800385250412767,-0.22932305998899277,68151.74821133737,0.43176240921020437
1.343778205833792,1.3437424325811778,1.0498403962575675,0.5291111722619702,0.5412768299394606,0.09631810676940011,-0.5790588882773803,-0.5700385250412767,-0.21932305998899276,66948.74821133737,0.43523998260497976
1.223778205833792,1.243742432581178,0.9798403962575675,0.5791111722619703,0.6012768299394605,0.09631810676940011,-0.5790588882773803,-0.5700385250412767,-0.20932305998899275,66141.74821133737,0.44021601676940847
1.193778205833792,1.2137424325811779,0.9998403962575675,0.6091111722619702,0.6312768299394605,0.12631810676940003,-0.5690588882773803,-0.5600385250412768,-0.21932305998899276,65496.74821133737,0.4434859275817864
1.133778205833792,1.1437424325811778,1.0198403962575675,0.6791111722619703,0.7112768299394606,0.15631810676940006,-0.5690588882773803,-0.5500385250412768,-0.20932305998899275,64859.74821133737,0.44421596527099894
1.053778205833792,1.0637424325811777,0.9898403962575675,0.6991111722619703,0.7112768299394606,0.14631810676940005,-0.5690588882773803,-0.5500385250412768,-0.20932305998899275,64028.74821133737,0.4482159137725823
1.003778205833792,1.013742432581178,0.9898403962575675,0.7891111722619703,0.8212768299394606,0.17631810676940007,-0.5590588882773803,-0.5500385250412768,-0.20932305998899275,62851.74821133737,0.4518427371978788
0.953778205833792,0.9637424325811778,0.9498403962575674,0.8191111722619703,0.8312768299394606,0.1963181067694001,-0.5690588882773803,-0.5500385250412768,-0.18932305998899274,61794.74821133737,0.45688433647156046
0.933778205833792,0.9437424325811777,0.9898403962575675,0.8491111722619703,0.8612768299394606,0.1963181067694001,-0.5590588882773803,-0.5500385250412768,-0.19932305998899275,61073.74821133737,0.45688433647156046
0.863778205833792,0.8937424325811777,0.9798403962575675,0.8991111722619703,0.9212768299394605,0.1963181067694001,-0.5690588882773803,-0.5500385250412768,-0.19932305998899275,60490.74821133737,0.4601046562194817
0.873778205833792,0.8937424325811777,0.9698403962575675,0.9291111722619702,0.9412768299394605,0.23631810676940013,-0.5590588882773803,-0.5500385250412768,-0.19932305998899275,60117.74821133737,0.46415348052978445
0.823778205833792,0.8337424325811776,0.9398403962575674,0.9991111722619702,1.0012768299394605,0.26631810676940004,-0.5490588882773803,-0.5400385250412768,-0.18932305998899274,59192.74821133737,0.4682633399963336
0.763778205833792,0.7737424325811777,0.8798403962575676,1.0591111722619702,1.0812768299394606,0.3063181067694001,-0.5590588882773803,-0.5300385250412768,-0.18932305998899274,58399.74821133737,0.47221059799194265
0.7237782058337919,0.7537424325811777,0.8398403962575676,1.0891111722619704,1.1212768299394607,0.3263181067694001,-0.5390588882773802,-0.5200385250412768,-0.18932305998899274,57492.74821133737,0.47315855026245046
0.703778205833792,0.7137424325811776,0.8298403962575676,1.1391111722619702,1.1412768299394607,0.3363181067694001,-0.5390588882773802,-0.5300385250412768,-0.18932305998899274,56517.74821133737,0.4771584987640374
0.663778205833792,0.6837424325811777,0.8398403962575676,1.18911117226197,1.2112768299394605,0.3463181067694001,-0.5490588882773803,-0.5300385250412768,-0.19932305998899275,55876.74821133737,0.48080296516418386
0.633778205833792,0.6437424325811777,0.8698403962575676,1.2591111722619703,1.2812768299394606,0.3163181067694001,-0.5490588882773803,-0.5400385250412768,-0.19932305998899275,55677.74821133737,0.48457188606262136
0.613778205833792,0.6337424325811777,0.8498403962575676,1.3091111722619702,1.3212768299394606,0.3563181067694001,-0.5490588882773803,-0.5400385250412768,-0.20932305998899275,55434.74821133737,0.4858254909515374
0.5937782058337919,0.6137424325811777,0.8198403962575675,1.3391111722619704,1.3712768299394607,0.36631810676940013,-0.5590588882773803,-0.5400385250412768,-0.20932305998899275,55217.74821133737,0.48896427154540945
0.553778205833792,0.5837424325811776,0.7898403962575675,1.3891111722619702,1.4012768299394607,0.36631810676940013,-0.5490588882773803,-0.5400385250412768,-0.21932305998899276,55238.74821133737,0.49301023483276296
0.533778205833792,0.5537424325811777,0.7398403962575675,1.41911117226197,1.4512768299394605,0.4263181067694001,-0.5490588882773803,-0.5300385250412768,-0.20932305998899275,55397.74821133737,0.4966203689575188
0.4837782058337919,0.5037424325811777,0.6398403962575676,1.45911117226197,1.4812768299394605,0.4263181067694001,-0.5390588882773802,-0.5200385250412768,-0.20932305998899275,55774.74821133737,0.49732179641723917
0.45377820583379197,0.4637424325811777,0.6098403962575676,1.49911117226197,1.5212768299394606,0.4463181067694001,-0.5390588882773802,-0.5300385250412768,-0.20932305998899275,56133.74821133737,0.5016724586486774
0.43377820583379195,0.4437424325811778,0.5698403962575675,1.5191111722619701,1.5312768299394606,0.4263181067694001,-0.5290588882773802,-0.5100385250412768,-0.18932305998899274,56370.74821133737,0.506191444396972
0.3937782058337919,0.39374243258117775,0.5198403962575675,1.5491111722619704,1.5712768299394606,0.4363181067694001,-0.5290588882773802,-0.5100385250412768,-0.20932305998899275,56625.74821133737,0.5093051910400384
0.3637782058337919,0.3637424325811777,0.40984039625756763,1.5491111722619704,1.5612768299394606,0.4563181067694001,-0.5190588882773803,-0.5100385250412768,-0.19932305998899275,57948.74821133737,0.5093051910400384
0.3337782058337919,0.33374243258117775,0.3498403962575676,1.5391111722619701,1.5612768299394606,0.4863181067694001,-0.5090588882773803,-0.5000385250412769,-0.19932305998899275,59175.74821133737,0.5128788471221952
0.3037782058337919,0.31374243258117773,0.22984039625756758,1.5391111722619701,1.5512768299394606,0.49631810676940014,-0.49905888827738026,-0.4900385250412768,-0.18932305998899274,59958.74821133737,0.5178908824920647
0.2737782058337919,0.28374243258117776,0.16984039625756753,1.5091111722619703,1.5312768299394606,0.5063181067694001,-0.48905888827738025,-0.4700385250412768,-0.18932305998899274,61007.74821133737,0.5208851814269977
0.2537782058337919,0.26374243258117774,0.1198403962575676,1.49911117226197,1.5112768299394606,0.4863181067694001,-0.47905888827738025,-0.4600385250412768,-0.17932305998899278,62530.74821133737,0.5218815326690667
0.21377820583379192,0.22374243258117776,0.10984039625756759,1.4891111722619703,1.5012768299394605,0.4463181067694001,-0.47905888827738025,-0.4700385250412768,-0.18932305998899274,63795.74821133737,0.5265447616577141
0.15377820583379193,0.17374243258117777,0.05984039625756754,1.4891111722619703,1.5012768299394605,0.4763181067694001,-0.46905888827738024,-0.4500385250412768,-0.18932305998899274,65414.74821133737,0.5305666446685784
0.1337782058337919,0.14374243258117775,0.009840396257567496,1.45911117226197,1.4712768299394605,0.4363181067694001,-0.46905888827738024,-0.4500385250412768,-0.17932305998899278,67139.74821133737,0.5345420360565178
0.12377820583379194,0.12374243258117774,-0.04015960374243244,1.4491111722619703,1.4612768299394605,0.4363181067694001,-0.4590588882773803,-0.44003852504127683,-0.17932305998899278,68014.74821133737,0.5377599716186516
0.10377820583379192,0.11374243258117774,-0.04015960374243244,1.41911117226197,1.4312768299394605,0.4563181067694001,-0.43905888827738027,-0.4200385250412768,-0.16932305998899277,69287.74821133737,0.5388330936431878
0.10377820583379192,0.10374243258117773,-0.09015960374243248,1.3391111722619704,1.3612768299394606,0.4463181067694001,-0.42905888827738026,-0.4100385250412768,-0.16932305998899277,70446.74821133737,0.5430244922637968
0.09377820583379194,0.09374243258117775,-0.14015960374243241,1.3491111722619702,1.3712768299394607,0.39631810676940005,-0.42905888827738026,-0.4100385250412768,-0.17932305998899278,71701.74821133737,0.5462204933166497
0.053778205833791934,0.06374243258117775,-0.17015960374243244,1.3291111722619702,1.3512768299394606,0.41631810676940006,-0.41905888827738025,-0.4000385250412768,-0.16932305998899277,72858.74821133737,0.5497071266174309
0.033778205833791944,0.03374243258117775,-0.20015960374243247,1.2991111722619704,1.3112768299394606,0.4363181067694001,-0.39905888827738023,-0.3900385250412768,-0.16932305998899277,73541.74821133737,0.5507947921752923
0.053778205833791934,0.05374243258117774,-0.21015960374243248,1.2891111722619701,1.2912768299394606,0.39631810676940005,-0.40905888827738024,-0.4000385250412768,-0.17932305998899278,73936.74821133737,0.555101823806762
0.033778205833791944,0.03374243258117775,-0.24015960374243245,1.2691111722619701,1.2812768299394606,0.41631810676940006,-0.3790588882773802,-0.37003852504127677,-0.16932305998899277,74773.74821133737,0.559118461608886
0.013778205833791926,0.02374243258117774,-0.22015960374243249,1.2191111722619703,1.2412768299394605,0.3463181067694001,-0.3690588882773802,-0.36003852504127676,-0.17932305998899278,75574.74821133737,0.5624298572540276
-0.026221794166208068,-0.01625756741882227,-0.25015960374243246,1.2191111722619703,1.2312768299394605,0.39631810676940005,-0.3490588882773803,-0.33003852504127684,-0.15932305998899277,76583.74821133737,0.5631200790405266
0.003778205833791931,0.003742432581177735,-0.23015960374243244,1.1491111722619705,1.1812768299394605,0.38631810676940004,-0.3590588882773803,-0.33003852504127684,-0.17932305998899278,77064.74821133737,0.5671200275421135
-0.026221794166208068,0.01374243258117773,-0.22015960374243249,1.1391111722619702,1.1512768299394607,0.36631810676940013,-0.3490588882773803,-0.33003852504127684,-0.18932305998899274,77407.74821133737,0.5711192607879632
-0.016221794166208073,-0.01625756741882227,-0.22015960374243249,1.1191111722619702,1.1412768299394607,0.3163181067694001,-0.3290588882773803,-0.33003852504127684,-0.17932305998899278,77668.74821133737,0.5747229576110833
-0.026221794166208068,-0.026257567418822264,-0.2701596037424325,1.1291111722619704,1.1312768299394607,0.3263181067694001,-0.3390588882773803,-0.32003852504127683,-0.19932305998899275,78267.74821133737,0.5757975101470905
-0.06622179416620808,-0.05625756741882226,-0.2701596037424325,1.1391111722619702,1.1612768299394605,0.3263181067694001,-0.3390588882773803,-0.33003852504127684,-0.19932305998899275,78712.74821133737,0.5788795471191399
-0.05622179416620807,-0.04625756741882227,-0.2701596037424325,1.1391111722619702,1.1512768299394607,0.3163181067694001,-0.3390588882773803,-0.3100385250412768,-0.19932305998899275,78799.74821133737,0.5835639953613274
-0.05622179416620807,-0.05625756741882226,-0.23015960374243244,1.1591111722619702,1.1712768299394605,0.29631810676940007,-0.3490588882773803,-0.33003852504127684,-0.20932305998899275,78726.74821133737,0.586997461318969
-0.05622179416620807,-0.05625756741882226,-0.25015960374243246,1.16911117226197,1.1812768299394605,0.29631810676940007,-0.3290588882773803,-0.3100385250412768,-0.20932305998899275,78911.74821133737,0.588070344924926
-0.06622179416620808,-0.05625756741882226,-0.26015960374243247,1.1791111722619703,1.2012768299394605,0.29631810676940007,-0.31905888827738027,-0.3000385250412768,-0.21932305998899276,78470.74821133737,0.5916041851043694
-0.07622179416620807,-0.07625756741882227,-0.2701596037424325,1.1791111722619703,1.2012768299394605,0.3563181067694001,-0.31905888827738027,-0.3100385250412768,-0.21932305998899276,77915.74821133737,0.5949210643768303
-0.07622179416620807,-0.07625756741882227,-0.25015960374243246,1.16911117226197,1.1912768299394605,0.3363181067694001,-0.30905888827738026,-0.3000385250412768,-0.21932305998899276,77324.74821133737,0.60034437179565
-0.08622179416620807,-0.08625756741882226,-0.24015960374243245,1.18911117226197,1.2012768299394605,0.3063181067694001,-0.30905888827738026,-0.2900385250412768,-0.22932305998899277,76991.74821133737,0.60034437179565
-0.08622179416620807,-0.07625756741882227,-0.25015960374243246,1.16911117226197,1.1612768299394605,0.27631810676940005,-0.29905888827738025,-0.2900385250412768,-0.22932305998899277,76568.74821133737,0.6034242630004876
-0.08622179416620807,-0.08625756741882226,-0.24015960374243245,1.1491111722619705,1.1612768299394605,0.25631810676940003,-0.2690588882773802,-0.2600385250412768,-0.23932305998899275,76325.74821133737,0.6076023101806634
-0.08622179416620807,-0.08625756741882226,-0.26015960374243247,1.1591111722619702,1.1612768299394605,0.24631810676940014,-0.2590588882773802,-0.25003852504127677,-0.22932305998899277,76374.74821133737,0.6113655090332024
-0.08622179416620807,-0.08625756741882226,-0.25015960374243246,1.1291111722619704,1.1312768299394607,0.22631810676940012,-0.2590588882773802,-0.25003852504127677,-0.24932305998899276,76613.74821133737,0.6156165122985833
-0.08622179416620807,-0.08625756741882226,-0.24015960374243245,1.0891111722619704,1.1012768299394606,0.1963181067694001,-0.2390588882773803,-0.22003852504127686,-0.25932305998899274,76370.74821133737,0.6163849353790276
-0.08622179416620807,-0.07625756741882227,-0.24015960374243245,1.0791111722619702,1.1012768299394606,0.1963181067694001,-0.2290588882773803,-0.20003852504127684,-0.24932305998899276,76041.74821133737,0.6196531772613554
-0.08622179416620807,-0.07625756741882227,-0.22015960374243249,1.0591111722619702,1.0812768299394606,0.2163181067694001,-0.20905888827738028,-0.20003852504127684,-0.24932305998899276,75630.74821133737,0.624390792846679
-0.07622179416620807,-0.07625756741882227,-0.23015960374243244,1.0691111722619704,1.0912768299394606,0.18631810676940008,-0.18905888827738027,-0.19003852504127683,-0.24932305998899276,75151.74821133737,0.6279320240020745
-0.07622179416620807,-0.07625756741882227,-0.22015960374243249,1.0691111722619704,1.0812768299394606,0.15631810676940006,-0.17905888827738026,-0.1600385250412768,-0.25932305998899274,74866.74821133737,0.6279320240020745
-0.07622179416620807,-0.07625756741882227,-0.20015960374243247,1.0391111722619701,1.0612768299394606,0.16631810676940006,-0.15905888827738024,-0.1500385250412768,-0.25932305998899274,74479.74821133737,0.6321577548980706
-0.08622179416620807,-0.07625756741882227,-0.20015960374243247,1.0291111722619704,1.0512768299394606,0.13631810676940004,-0.15905888827738024,-0.14003852504127678,-0.25932305998899274,73786.74821133737,0.6371449947357206
-0.08622179416620807,-0.08625756741882226,-0.19015960374243246,1.0391111722619701,1.0412768299394606,0.0863181067694001,-0.14905888827738023,-0.13003852504127678,-0.24932305998899276,73459.74821133737,0.6402520656585686
-0.08622179416620807,-0.08625756741882226,-0.18015960374243245,1.0191111722619701,1.0212768299394606,0.0763181067694001,-0.13905888827738022,-0.12003852504127677,-0.26932305998899275,72962.74821133737,0.6402520656585686
-0.07622179416620807,-0.07625756741882227,-0.18015960374243245,0.9791111722619702,0.9912768299394605,0.05631810676940008,-0.1190588882773802,-0.11003852504127676,-0.27932305998899276,72687.74821133737,0.6452524185180657
-0.08622179416620807,-0.07625756741882227,-0.19015960374243246,0.9991111722619702,1.0112768299394606,0.04631810676940007,-0.1090588882773803,-0.09003852504127685,-0.26932305998899275,72472.74821133737,0.6492523670196526
-0.08622179416620807,-0.08625756741882226,-0.19015960374243246,0.9991111722619702,1.0012768299394605,0.04631810676940007,-0.0990588882773803,-0.08003852504127684,-0.26932305998899275,72367.74821133737,0.6525177478790276
-0.07622179416620807,-0.07625756741882227,-0.20015960374243247,0.9791111722619702,0.9812768299394605,0.02631810676940005,-0.07905888827738028,-0.07003852504127683,-0.27932305998899276,72024.74821133737,0.6532518386840778
-0.07622179416620807,-0.07625756741882227,-0.18015960374243245,0.9791111722619702,0.9812768299394605,0.03631810676940006,-0.06905888827738027,-0.060038525041276825,-0.26932305998899275,71439.74821133737,0.6565787315368645
-0.06622179416620808,-0.06625756741882227,-0.20015960374243247,0.9691111722619702,0.9812768299394605,0.016318106769400043,-0.05905888827738026,-0.04003852504127681,-0.28932305998899277,70776.74821133737,0.6617433547973626
-0.07622179416620807,-0.06625756741882227,-0.21015960374243248,0.9691111722619702,0.9612768299394605,0.016318106769400043,-0.05905888827738026,-0.04003852504127681,-0.27932305998899276,70383.74821133737,0.6652922153472893
-0.05622179416620807,-0.05625756741882226,-0.26015960374243247,0.9391111722619702,0.9412768299394605,-0.003681893230599864,-0.04905888827738025,-0.04003852504127681,-0.27932305998899276,69964.74821133737,0.6652922153472893
-0.06622179416620808,-0.06625756741882227,-0.2801596037424325,0.9291111722619702,0.9312768299394605,0.006318106769400034,-0.05905888827738026,-0.050038525041276816,-0.26932305998899275,69439.74821133737,0.6699568748474078
-0.06622179416620808,-0.06625756741882227,-0.23015960374243244,0.9191111722619701,0.9212768299394605,-0.03368189323059989,-0.06905888827738027,-0.050038525041276816,-0.27932305998899276,69044.74821133737,0.6734506607055657
-0.06622179416620808,-0.05625756741882226,-0.22015960374243249,0.8691111722619703,0.8912768299394607,-0.0436818932305999,-0.07905888827738028,-0.07003852504127683,-0.2993230599889928,68925.74821133737,0.6774599075317376
-0.06622179416620808,-0.06625756741882227,-0.23015960374243244,0.9091111722619701,0.9112768299394605,-0.09368189323059994,-0.06905888827738027,-0.050038525041276816,-0.3093230599889928,68344.74821133737,0.6807682037353509
-0.05622179416620807,-0.04625756741882227,-0.26015960374243247,0.8691111722619703,0.8612768299394606,-0.07368189323059993,-0.06905888827738027,-0.050038525041276816,-0.3193230599889928,68095.74821133737,0.6814808368682854
-0.05622179416620807,-0.04625756741882227,-0.25015960374243246,0.8591111722619703,0.8612768299394606,-0.07368189323059993,-0.06905888827738027,-0.050038525041276816,-0.28932305998899277,67560.74821133737,0.6855000972747796
-0.04622179416620807,-0.04625756741882227,-0.26015960374243247,0.8491111722619703,0.8412768299394606,-0.07368189323059993,-0.04905888827738025,-0.02003852504127679,-0.2993230599889928,67105.74821133737,0.6904599189758294
-0.04622179416620807,-0.04625756741882227,-0.30015960374243245,0.8291111722619703,0.8512768299394606,-0.07368189323059993,-0.039058888277380244,-0.02003852504127679,-0.2993230599889928,66528.74821133737,0.6930617809295683
-0.05622179416620807,-0.04625756741882227,-0.38015960374243246,0.7791111722619702,0.7712768299394606,-0.07368189323059993,-0.039058888277380244,-0.030038525041276798,-0.2993230599889928,65983.74821133737,0.6941332340240471
-0.04622179416620807,-0.04625756741882227,-0.29015960374243244,0.8191111722619703,0.8112768299394606,-0.12368189323059992,-0.05905888827738026,-0.04003852504127681,-0.3093230599889928,65720.74821133737,0.6984490871429436
-0.04622179416620807,-0.03625756741882226,-0.25015960374243246,0.7891111722619703,0.8112768299394606,-0.13368189323059992,-0.05905888827738026,-0.060038525041276825,-0.2993230599889928,65801.74821133737,0.7026156902313225
-0.04622179416620807,-0.04625756741882227,-0.29015960374243244,0.7791111722619702,0.7712768299394606,-0.13368189323059992,-0.06905888827738027,-0.050038525041276816,-0.3093230599889928,65604.74821133737,0.7057456493377678
-0.03622179416620806,-0.03625756741882226,-0.30015960374243245,0.7291111722619702,0.7212768299394605,-0.13368189323059992,-0.029058888277380235,-0.02003852504127679,-0.3093230599889928,65073.74821133737,0.7068151950836175
-0.006221794166208064,-0.00625756741882226,-0.32015960374243246,0.7091111722619703,0.7312768299394605,-0.12368189323059992,-0.04905888827738025,-0.04003852504127681,-0.3093230599889928,64628.74821133737,0.7097823143005364
0.003778205833791931,0.003742432581177735,-0.32015960374243246,0.7091111722619703,0.7112768299394606,-0.12368189323059992,-0.07905888827738028,-0.08003852504127684,-0.28932305998899277,64663.74821133737,0.7147476196289055
0.003778205833791931,0.003742432581177735,-0.32015960374243246,0.6791111722619703,0.6712768299394606,-0.1036818932305999,-0.0990588882773803,-0.09003852504127685,-0.2993230599889928,64516.74821133737,0.7180592536926262
-0.006221794166208064,-0.00625756741882226,-0.36015960374243244,0.6191111722619702,0.6212768299394605,-0.12368189323059992,-0.08905888827738029,-0.08003852504127684,-0.2993230599889928,64061.74821133737,0.7191278457641594
-0.006221794166208064,-0.00625756741882226,-0.37015960374243245,0.6291111722619702,0.6312768299394605,-0.13368189323059992,-0.1190588882773802,-0.12003852504127677,-0.27932305998899276,64120.74821133737,0.7221440792083698
0.013778205833791926,0.003742432581177735,-0.38015960374243246,0.6091111722619702,0.6112768299394605,-0.12368189323059992,-0.15905888827738024,-0.14003852504127678,-0.2993230599889928,63977.74821133737,0.7271670818328886
0.003778205833791931,0.003742432581177735,-0.43015960374243245,0.5991111722619702,0.5912768299394606,-0.1136818932305999,-0.17905888827738026,-0.1500385250412768,-0.28932305998899277,63328.74821133737,0.7304548740386956
-0.006221794166208064,-0.00625756741882226,-0.4001596037424325,0.5391111722619703,0.5512768299394606,-0.12368189323059992,-0.20905888827738028,-0.19003852504127683,-0.28932305998899277,62999.74821133737,0.7304548740386956
-0.006221794166208064,-0.00625756741882226,-0.41015960374243243,0.5191111722619702,0.5012768299394605,-0.14368189323059993,-0.18905888827738027,-0.1700385250412768,-0.27932305998899276,63184.74821133737,0.7344297885894804
-0.04622179416620807,-0.04625756741882227,-0.39015960374243247,0.5291111722619702,0.5212768299394606,-0.14368189323059993,-0.16905888827738025,-0.18003852504127682,-0.2993230599889928,63453.74821133737,0.739446830749511
-0.04622179416620807,-0.04625756741882227,-0.39015960374243247,0.5191111722619702,0.5012768299394605,-0.13368189323059992,-0.15905888827738024,-0.1500385250412768,-0.28932305998899277,63098.74821133737,0.7434508323669426
-0.05622179416620807,-0.04625756741882227,-0.42015960374243244,0.5291111722619702,0.5012768299394605,-0.13368189323059992,-0.19905888827738027,-0.20003852504127684,-0.28932305998899277,62809.74821133737,0.7434508323669426
-0.04622179416620807,-0.04625756741882227,-0.42015960374243244,0.4791111722619702,0.4712768299394605,-0.12368189323059992,-0.2490588882773802,-0.23003852504127675,-0.2993230599889928,62546.74821133737,0.7474302768707268
-0.04622179416620807,-0.04625756741882227,-0.45015960374243247,0.4591111722619703,0.4512768299394606,-0.15368189323059994,-0.2190588882773803,-0.19003852504127683,-0.28932305998899277,62561.74821133737,0.7519061088562005
-0.05622179416620807,-0.05625756741882226,-0.4801596037424325,0.4391111722619703,0.4412768299394606,-0.14368189323059993,-0.2190588882773803,-0.19003852504127683,-0.28932305998899277,62930.74821133737,0.755992126464843
-0.05622179416620807,-0.05625756741882226,-0.4801596037424325,0.3691111722619702,0.38127682993946055,-0.14368189323059993,-0.2190588882773803,-0.20003852504127684,-0.27932305998899276,62813.74821133737,0.7591282844543414
-0.06622179416620808,-0.06625756741882227,-0.5101596037424325,0.3791111722619702,0.36127682993946053,-0.12368189323059992,-0.2590588882773802,-0.23003852504127675,-0.27932305998899276,62472.74821133737,0.7601832866668694
-0.07622179416620807,-0.06625756741882227,-0.5401596037424324,0.3491111722619702,0.3512768299394605,-0.14368189323059993,-0.28905888827738024,-0.2700385250412768,-0.26932305998899275,62305.74821133737,0.7634188652038567
-0.07622179416620807,-0.07625756741882227,-0.5301596037424324,0.3491111722619702,0.3212768299394606,-0.13368189323059992,-0.28905888827738024,-0.2800385250412768,-0.26932305998899275,61952.74821133737,0.7674073696136468
-0.07622179416620807,-0.07625756741882227,-0.5401596037424324,0.28911117226197025,0.28127682993946057,-0.12368189323059992,-0.31905888827738027,-0.3000385250412768,-0.26932305998899275,61227.74821133737,0.7714664459228473
-0.07622179416620807,-0.07625756741882227,-0.5001596037424325,0.22911117226197025,0.2312768299394606,-0.14368189323059993,-0.27905888827738023,-0.2600385250412768,-0.26932305998899275,61116.74821133737,0.7714664459228473
-0.07622179416620807,-0.07625756741882227,-0.5101596037424325,0.21911117226197024,0.2212768299394606,-0.14368189323059993,-0.30905888827738026,-0.2900385250412768,-0.25932305998899274,60851.74821133737,0.7753748416900628
-0.07622179416620807,-0.07625756741882227,-0.5301596037424324,0.22911117226197025,0.2312768299394606,-0.13368189323059992,-0.31905888827738027,-0.2900385250412768,-0.25932305998899274,60056.74821133737,0.7802288055419915
-0.07622179416620807,-0.07625756741882227,-0.5101596037424325,0.19911117226197023,0.20127682993946058,-0.13368189323059992,-0.30905888827738026,-0.2700385250412768,-0.25932305998899274,59903.74821133737,0.7830540657043414
-0.07622179416620807,-0.07625756741882227,-0.5501596037424324,0.16911117226197026,0.18127682993946062,-0.14368189323059993,-0.27905888827738023,-0.2600385250412768,-0.24932305998899276,59794.74821133737,0.7841257572174065
-0.07622179416620807,-0.07625756741882227,-0.5501596037424324,0.14911117226197024,0.1612768299394606,-0.14368189323059993,-0.2690588882773802,-0.24003852504127676,-0.23932305998899275,59023.74821133737,0.7881168842315667
-0.08622179416620807,-0.07625756741882227,-0.5601596037424325,0.14911117226197024,0.1512768299394606,-0.13368189323059992,-0.2590588882773802,-0.25003852504127677,-0.23932305998899275,58706.74821133737,0.7929455757141106
-0.08622179416620807,-0.08625756741882226,-0.5501596037424324,0.13911117226197023,0.14127682993946059,-0.13368189323059992,-0.2590588882773802,-0.24003852504127676,-0.23932305998899275,58353.74821133737,0.7963766574859577
-0.07622179416620807,-0.07625756741882227,-0.5501596037424324,0.13911117226197023,0.14127682993946059,-0.13368189323059992,-0.2690588882773802,-0.24003852504127676,-0.24932305998899276,58174.74821133737,0.7963766574859577
-0.03622179416620806,-0.03625756741882226,-0.5201596037424324,0.13911117226197023,0.14127682993946059,-0.1636818932305999,-0.2490588882773802,-0.23003852504127675,-0.24932305998899276,58023.74821133737,0.8003990173339837
-0.04622179416620807,-0.03625756741882226,-0.5401596037424324,0.12911117226197022,0.13127682993946058,-0.14368189323059993,-0.2390588882773803,-0.23003852504127675,-0.24932305998899276,57794.74821133737,0.8043941974639885
-0.016221794166208073,-0.01625756741882227,-0.5601596037424325,0.12911117226197022,0.13127682993946058,-0.13368189323059992,-0.2490588882773802,-0.23003852504127675,-0.24932305998899276,57339.74821133737,0.8083858013153069
-0.006221794166208064,0.003742432581177735,-0.5501596037424324,0.11911117226197027,0.13127682993946058,-0.14368189323059993,-0.2390588882773803,-0.21003852504127685,-0.25932305998899274,56798.74821133737,0.8083858013153069
0.013778205833791926,0.003742432581177735,-0.5301596037424324,0.10911117226197026,0.11127682993946061,-0.12368189323059992,-0.2390588882773803,-0.21003852504127685,-0.24932305998899276,56247.74821133737,0.8122231483459466
0.023778205833791935,0.03374243258117775,-0.5401596037424324,0.11911117226197027,0.11127682993946061,-0.12368189323059992,-0.2490588882773802,-0.22003852504127686,-0.24932305998899276,55796.74821133737,0.8168067455291705
0.033778205833791944,0.03374243258117775,-0.5601596037424325,0.10911117226197026,0.11127682993946061,-0.12368189323059992,-0.2290588882773803,-0.22003852504127686,-0.25932305998899274,55217.74821133737,0.8208074092864983
0.043778205833791925,0.05374243258117774,-0.5501596037424324,0.11911117226197027,0.12127682993946062,-0.1136818932305999,-0.2390588882773803,-0.22003852504127686,-0.23932305998899275,54398.74821133737,0.8242444515228264
0.06377820583379194,0.06374243258117775,-0.5101596037424325,0.12911117226197022,0.13127682993946058,-0.12368189323059992,-0.2390588882773803,-0.22003852504127686,-0.23932305998899275,54023.74821133737,0.8242444515228264
0.10377820583379192,0.10374243258117773,-0.49015960374243245,0.11911117226197027,0.13127682993946058,-0.1136818932305999,-0.2490588882773802,-0.24003852504127676,-0.23932305998899275,53652.74821133737,0.8291210651397698
0.11377820583379193,0.12374243258117774,-0.5001596037424325,0.11911117226197027,0.13127682993946058,-0.12368189323059992,-0.2490588882773802,-0.25003852504127677,-0.25932305998899274,53193.74821133737,0.8328561305999749
0.14377820583379192,0.15374243258117776,-0.4701596037424325,0.11911117226197027,0.12127682993946062,-0.09368189323059994,-0.2490588882773802,-0.23003852504127675,-0.24932305998899276,52616.74821133737,0.8370506286621087
0.1837782058337919,0.19374243258117774,-0.4701596037424325,0.11911117226197027,0.12127682993946062,-0.08368189323059994,-0.2590588882773802,-0.24003852504127676,-0.25932305998899274,52143.74821133737,0.8380393505096428
0.22377820583379193,0.24374243258117773,-0.42015960374243244,0.10911117226197026,0.12127682993946062,-0.1136818932305999,-0.28905888827738024,-0.2600385250412768,-0.25932305998899274,51630.74821133737,0.8410582065582268
0.2637782058337919,0.27374243258117775,-0.37015960374243245,0.10911117226197026,0.11127682993946061,-0.12368189323059992,-0.30905888827738026,-0.2700385250412768,-0.26932305998899275,51233.74821133737,0.846039962768554
0.29377820583379194,0.3037424325811777,-0.37015960374243245,0.09911117226197025,0.1012768299394606,-0.12368189323059992,-0.29905888827738025,-0.2800385250412768,-0.26932305998899275,50886.74821133737,0.8492035388946526
0.3637782058337919,0.38374243258117774,-0.36015960374243244,0.07911117226197023,0.0912768299394606,-0.12368189323059992,-0.30905888827738026,-0.2900385250412768,-0.26932305998899275,50511.74821133737,0.8500399112701444
0.4837782058337919,0.4837424325811777,-0.2801596037424325,0.06911117226197022,0.08127682993946059,-0.13368189323059992,-0.3490588882773803,-0.33003852504127684,-0.27932305998899276,49930.74821133737,0.8538252830505364
0.553778205833792,0.5537424325811777,-0.23015960374243244,0.07911117226197023,0.08127682993946059,-0.13368189323059992,-0.3490588882773803,-0.33003852504127684,-0.2993230599889928,49533.74821133737,0.8578054428100579
0.643778205833792,0.6537424325811777,-0.22015960374243249,0.05911117226197027,0.061276829939460625,-0.14368189323059993,-0.3590588882773803,-0.35003852504127675,-0.3093230599889928,49142.74821133737,0.8611423492431634
0.703778205833792,0.7237424325811777,-0.24015960374243245,0.05911117226197027,0.061276829939460625,-0.13368189323059992,-0.3690588882773802,-0.36003852504127676,-0.3093230599889928,48577.74821133737,0.862195682525634
0.8437782058337919,0.8537424325811777,-0.17015960374243244,0.029111172261970242,0.04127682993946061,-0.15368189323059994,-0.3890588882773802,-0.37003852504127677,-0.3093230599889928,48386.74821133737,0.8661953926086419
1.0237782058337919,1.0337424325811777,-0.1101596037424325,0.009111172261970252,0.011276829939460609,-0.1736818932305999,-0.40905888827738024,-0.3900385250412768,-0.3093230599889928,47997.74821133737,0.8701400279998808
1.103778205833792,1.1237424325811778,-0.04015960374243244,-0.0008888277380297571,0.0012768299394605997,-0.1736818932305999,-0.43905888827738027,-0.4200385250412768,-0.33932305998899276,47598.74821133737,0.8737270355224602
1.193778205833792,1.1937424325811778,0.04984039625756753,-0.010888827738029766,-0.008723170060539409,-0.1836818932305999,-0.41905888827738025,-0.4100385250412768,-0.32932305998899275,47317.74821133737,0.8747868061065667
1.333778205833792,1.3337424325811778,0.1398403962575675,-0.020888827738029747,-0.01872317006053939,-0.19368189323059992,-0.47905888827738025,-0.4700385250412768,-0.33932305998899276,46864.74821133737,0.8777632236480706
1.413778205833792,1.4137424325811778,0.1298403962575675,-0.030888827738029756,-0.0287231700605394,-0.20368189323059993,-0.47905888827738025,-0.4500385250412768,-0.34932305998899277,46657.74821133737,0.8827845573425286
1.513778205833792,1.503742432581178,0.20984039625756756,-0.010888827738029766,-0.008723170060539409,-0.21368189323059994,-0.49905888827738026,-0.4700385250412768,-0.3593230599889928,46386.74821133737,0.8854426860809319
1.593778205833792,1.6037424325811778,0.3498403962575676,-0.020888827738029747,-0.01872317006053939,-0.2236818932305999,-0.5290588882773802,-0.5000385250412769,-0.3593230599889928,45911.74821133737,0.8864914894103997
1.703778205833792,1.6937424325811778,0.3598403962575676,-0.030888827738029756,-0.01872317006053939,-0.2236818932305999,-0.5290588882773802,-0.5000385250412769,-0.36932305998899273,45802.74821133737,0.8905074119567864
1.7937782058337919,1.7937424325811777,0.44984039625756744,-0.020888827738029747,-0.0287231700605394,-0.2236818932305999,-0.5390588882773802,-0.5300385250412768,-0.37932305998899274,45907.74821133737,0.8945242881774895
1.873778205833792,1.8737424325811778,0.5598403962575675,-0.020888827738029747,-0.01872317006053939,-0.2436818932305999,-0.5690588882773803,-0.5600385250412768,-0.39932305998899276,45652.74821133737,0.8978175640106194
1.993778205833792,1.993742432581178,0.5898403962575676,-0.010888827738029766,-0.01872317006053939,-0.26368189323059993,-0.5790588882773803,-0.5800385250412767,-0.39932305998899276,45525.74821133737,0.9023577690124505
2.113778205833792,2.1137424325811778,0.6598403962575676,-0.030888827738029756,-0.01872317006053939,-0.27368189323059994,-0.6190588882773802,-0.6100385250412768,-0.4193230599889928,45592.74821133737,0.9033681869506829
2.203778205833792,2.2037424325811776,0.7398403962575675,-0.030888827738029756,-0.0287231700605394,-0.2836818932305999,-0.6490588882773802,-0.6300385250412768,-0.4193230599889928,45129.74821133737,0.9068331241607659
2.263778205833792,2.2637424325811777,0.7598403962575675,-0.020888827738029747,-0.01872317006053939,-0.26368189323059993,-0.6490588882773802,-0.6200385250412768,-0.4193230599889928,44722.74821133737,0.9108516693115227
2.343778205833792,2.3437424325811778,0.7898403962575675,-0.010888827738029766,-0.008723170060539409,-0.26368189323059993,-0.6390588882773802,-0.6200385250412768,-0.40932305998899277,45213.74821133737,0.9146458625793414
2.4237782058337918,2.4237424325811774,0.9698403962575675,-0.020888827738029747,-0.01872317006053939,-0.2836818932305999,-0.6590588882773802,-0.6400385250412768,-0.40932305998899277,45134.74821133737,0.9153902053833001
2.483778205833792,2.4937424325811777,1.0298403962575675,-0.020888827738029747,-0.01872317006053939,-0.2836818932305999,-0.6790588882773803,-0.6600385250412768,-0.4193230599889928,45357.74821133737,0.9194073200225823
2.513778205833792,2.5237424325811775,1.0998403962575676,-0.020888827738029747,-0.008723170060539409,-0.3036818932305999,-0.6790588882773803,-0.6700385250412768,-0.4193230599889928,45802.74821133737,0.9236776351928704
2.563778205833792,2.5637424325811775,1.1498403962575676,-0.010888827738029766,-0.008723170060539409,-0.2936818932305999,-0.6790588882773803,-0.6600385250412768,-0.4193230599889928,46553.74821133737,0.9269809246063225
2.603778205833792,2.6037424325811775,1.1998403962575674,-0.020888827738029747,-0.01872317006053939,-0.3036818932305999,-0.6890588882773803,-0.6800385250412768,-0.4293230599889928,46936.74821133737,0.9278623580932646
2.623778205833792,2.633742432581178,1.2298403962575675,-0.020888827738029747,-0.01872317006053939,-0.2936818932305999,-0.6890588882773803,-0.6900385250412768,-0.4193230599889928,47637.74821133737,0.9308268547058098
2.623778205833792,2.6237424325811776,1.2698403962575675,-0.010888827738029766,-0.01872317006053939,-0.3036818932305999,-0.6890588882773803,-0.6800385250412768,-0.4193230599889928,48576.74821133737,0.935881328582763
2.6537782058337918,2.6537424325811774,1.3098403962575675,-0.010888827738029766,-0.008723170060539409,-0.3036818932305999,-0.7090588882773803,-0.6900385250412768,-0.4193230599889928,49281.74821133737,0.9389504909515374
2.6537782058337918,2.6637424325811776,1.3398403962575673,-0.010888827738029766,-0.008723170060539409,-0.3036818932305999,-0.6990588882773803,-0.6900385250412768,-0.4193230599889928,50834.74821133737,0.9399938106536858
2.6737782058337918,2.6837424325811776,1.3698403962575676,-0.010888827738029766,-0.008723170060539409,-0.3036818932305999,-0.7090588882773803,-0.7000385250412768,-0.4193230599889928,51871.74821133737,0.9435197830200188
2.663778205833792,2.6837424325811776,1.3798403962575674,-0.010888827738029766,0.0012768299394605997,-0.3036818932305999,-0.6990588882773803,-0.6900385250412768,-0.4193230599889928,52962.74821133737,0.9474281787872307
2.693778205833792,2.7037424325811776,1.4298403962575676,-0.010888827738029766,-0.008723170060539409,-0.2936818932305999,-0.7190588882773803,-0.7100385250412768,-0.4193230599889928,53997.74821133737,0.9515652179717975
2.703778205833792,2.7137424325811774,1.4098403962575676,-0.010888827738029766,0.0012768299394605997,-0.2936818932305999,-0.7190588882773803,-0.7000385250412768,-0.40932305998899277,55242.74821133737,0.9515652179717975
2.703778205833792,2.7137424325811774,1.4298403962575676,-0.0008888277380297571,0.0012768299394605997,-0.2936818932305999,-0.7190588882773803,-0.7000385250412768,-0.4193230599889928,56217.74821133737,0.956633281707763
2.703778205833792,2.7137424325811774,1.4498403962575677,-0.0008888277380297571,0.0012768299394605997,-0.2836818932305999,-0.7290588882773803,-0.7100385250412768,-0.4293230599889928,57516.74821133737,0.9599871158599846
2.703778205833792,2.7237424325811777,1.4698403962575677,0.009111172261970252,0.011276829939460609,-0.2836818932305999,-0.7390588882773803,-0.7300385250412769,-0.4193230599889928,58701.74821133737,0.9640340328216546
2.713778205833792,2.7137424325811774,1.4798403962575675,0.019111172261970233,0.02127682993946059,-0.2936818932305999,-0.7390588882773803,-0.7300385250412769,-0.4193230599889928,59606.74821133737,0.9673740386962884
2.703778205833792,2.7137424325811774,1.4698403962575677,0.019111172261970233,0.0312768299394606,-0.2936818932305999,-0.7490588882773803,-0.7300385250412769,-0.4193230599889928,60691.74821133737,0.968443584442138
2.703778205833792,2.7137424325811774,1.4798403962575675,0.029111172261970242,0.0312768299394606,-0.2936818932305999,-0.7690588882773802,-0.7500385250412768,-0.4293230599889928,61696.74821133737,0.9728507518768303
2.6737782058337918,2.6837424325811776,1.4898403962575677,0.029111172261970242,0.0312768299394606,-0.2936818932305999,-0.7490588882773803,-0.7400385250412768,-0.4393230599889928,62723.74821133737,0.9768509387969999
2.663778205833792,2.6737424325811774,1.4998403962575675,0.029111172261970242,0.04127682993946061,-0.3036818932305999,-0.7490588882773803,-0.7400385250412768,-0.4193230599889928,63858.74821133737,0.9801175117492669
2.643778205833792,2.6537424325811774,1.4898403962575677,0.03911117226197025,0.04127682993946061,-0.2936818932305999,-0.7590588882773802,-0.7400385250412768,-0.4293230599889928,65045.74821133737,0.9808508872985833
2.633778205833792,2.6437424325811776,1.4998403962575675,0.029111172261970242,0.04127682993946061,-0.2836818932305999,-0.7490588882773803,-0.7500385250412768,-0.4293230599889928,66332.74821133737,0.984850358963012
2.623778205833792,2.6437424325811776,1.4998403962575675,0.03911117226197025,0.04127682993946061,-0.27368189323059994,-0.7690588882773802,-0.7400385250412768,-0.4193230599889928,67103.74821133737,0.9892374992370598
2.613778205833792,2.633742432581178,1.4998403962575675,0.05911117226197027,0.061276829939460625,-0.26368189323059993,-0.7690588882773802,-0.7600385250412768,-0.4293230599889928,68118.74821133737,0.9924554347991936
2.643778205833792,2.6437424325811776,1.4998403962575675,0.029111172261970242,0.04127682993946061,-0.27368189323059994,-0.7690588882773802,-0.7600385250412768,-0.4193230599889928,69461.74821133737,0.9924554347991936
2.603778205833792,2.6137424325811778,1.4998403962575675,0.04911117226197026,0.051276829939460616,-0.27368189323059994,-0.7690588882773802,-0.7700385250412768,-0.4193230599889928,70338.74821133737,0.9975928783416741
2.583778205833792,2.5937424325811778,1.4998403962575675,0.03911117226197025,0.051276829939460616,-0.26368189323059993,-0.7590588882773802,-0.7400385250412768,-0.40932305998899277,70815.74821133737,1.0011767864227288
2.563778205833792,2.5737424325811777,1.4698403962575677,0.06911117226197022,0.07127682993946058,-0.26368189323059993,-0.7690588882773802,-0.7500385250412768,-0.4193230599889928,71332.74821133737,1.0051242828369134
2.513778205833792,2.5337424325811777,1.4698403962575677,0.06911117226197022,0.07127682993946058,-0.26368189323059993,-0.7490588882773803,-0.7400385250412768,-0.4193230599889928,71507.74821133737,1.006149244308471
2.483778205833792,2.5037424325811775,1.4798403962575675,0.06911117226197022,0.08127682993946059,-0.27368189323059994,-0.7690588882773802,-0.7500385250412768,-0.4193230599889928,72248.74821133737,1.0091511726379387
2.463778205833792,2.4737424325811777,1.4498403962575677,0.08911117226197024,0.0912768299394606,-0.2536818932305999,-0.7490588882773803,-0.7300385250412769,-0.40932305998899277,72917.74821133737,1.013475847244262
2.433778205833792,2.4437424325811774,1.4398403962575674,0.10911117226197026,0.11127682993946061,-0.26368189323059993,-0.7490588882773803,-0.7400385250412768,-0.39932305998899276,73536.74821133737,1.0170313835144036
2.413778205833792,2.4337424325811776,1.4198403962575674,0.08911117226197024,0.1012768299394606,-0.2536818932305999,-0.7590588882773802,-0.7500385250412768,-0.40932305998899277,74457.74821133737,1.0178055286407464
2.393778205833792,2.3937424325811776,1.4298403962575676,0.10911117226197026,0.11127682993946061,-0.26368189323059993,-0.7490588882773803,-0.7300385250412769,-0.39932305998899276,74956.74821133737,1.021805715560916
2.393778205833792,2.4137424325811776,1.4498403962575677,0.09911117226197025,0.11127682993946061,-0.26368189323059993,-0.7590588882773802,-0.7500385250412768,-0.38932305998899275,74953.74821133737,1.0257880210876458
2.383778205833792,2.3937424325811776,1.4698403962575677,0.11911117226197027,0.12127682993946062,-0.2536818932305999,-0.7590588882773802,-0.7500385250412768,-0.38932305998899275,74798.74821133737,1.0298056125640862
2.383778205833792,2.3937424325811776,1.4998403962575675,0.12911117226197022,0.13127682993946058,-0.2336818932305999,-0.7490588882773803,-0.7400385250412768,-0.38932305998899275,74831.74821133737,1.0298056125640862
2.373778205833792,2.383742432581178,1.5098403962575677,0.12911117226197022,0.14127682993946059,-0.2336818932305999,-0.7190588882773803,-0.7100385250412768,-0.37932305998899274,74678.74821133737,1.0338055610656767
2.363778205833792,2.3937424325811776,1.5298403962575677,0.14911117226197024,0.1512768299394606,-0.2536818932305999,-0.7290588882773803,-0.7200385250412769,-0.37932305998899274,74209.74821133737,1.0373458385467558
2.363778205833792,2.3737424325811776,1.5598403962575675,0.14911117226197024,0.1512768299394606,-0.2336818932305999,-0.7290588882773803,-0.7100385250412768,-0.37932305998899274,73426.74821133737,1.042398405075076
2.363778205833792,2.3637424325811778,1.5398403962575675,0.15911117226197025,0.1612768299394606,-0.2236818932305999,-0.7190588882773803,-0.7100385250412768,-0.36932305998899273,72617.74821133737,1.045857143402099
2.333778205833792,2.3437424325811778,1.5698403962575673,0.15911117226197025,0.1612768299394606,-0.2336818932305999,-0.7190588882773803,-0.7000385250412768,-0.3593230599889928,71790.74821133737,1.0468413352966301
2.323778205833792,2.3337424325811775,1.5698403962575673,0.15911117226197025,0.1612768299394606,-0.2336818932305999,-0.7090588882773803,-0.7000385250412768,-0.3593230599889928,70493.74821133737,1.0508996963500934
2.263778205833792,2.2837424325811777,1.6398403962575676,0.15911117226197025,0.1712768299394606,-0.2336818932305999,-0.6990588882773803,-0.6900385250412768,-0.3593230599889928,69514.74821133737,1.0541681766510003
2.293778205833792,2.3037424325811777,1.6598403962575676,0.14911117226197024,0.1612768299394606,-0.2536818932305999,-0.7190588882773803,-0.7000385250412768,-0.3593230599889928,68755.74821133737,1.0578124046325676
2.253778205833792,2.2737424325811775,1.6498403962575674,0.16911117226197026,0.1712768299394606,-0.21368189323059994,-0.7090588882773803,-0.7000385250412768,-0.34932305998899277,67992.74821133737,1.0585441112518303
2.193778205833792,2.2037424325811776,1.5898403962575673,0.19911117226197023,0.20127682993946058,-0.20368189323059993,-0.7190588882773803,-0.7000385250412768,-0.33932305998899276,67543.74821133737,1.0625349998474078
2.133778205833792,2.1637424325811776,1.5998403962575676,0.18911117226197022,0.19127682993946057,-0.19368189323059992,-0.6990588882773803,-0.6900385250412768,-0.32932305998899275,67080.74821133737,1.0665399551391594
2.103778205833792,2.1137424325811778,1.6098403962575674,0.19911117226197023,0.2112768299394606,-0.1736818932305999,-0.6790588882773803,-0.6600385250412768,-0.32932305998899275,66633.74821133737,1.07055921554565
2.033778205833792,2.0437424325811775,1.5298403962575677,0.21911117226197024,0.2312768299394606,-0.15368189323059994,-0.6790588882773803,-0.6700385250412768,-0.3193230599889928,66488.74821133737,1.07055921554565
1.9837782058337918,2.0037424325811775,1.5198403962575675,0.23911117226197026,0.26127682993946055,-0.15368189323059994,-0.6690588882773802,-0.6500385250412768,-0.3193230599889928,65903.74821133737,1.074099016189571
1.9037782058337918,1.9237424325811776,1.4498403962575677,0.26911117226197023,0.28127682993946057,-0.14368189323059993,-0.6590588882773802,-0.6500385250412768,-0.2993230599889928,64888.74821133737,1.0785669803619378
1.883778205833792,1.9037424325811776,1.4098403962575676,0.28911117226197025,0.3012768299394606,-0.1036818932305999,-0.6590588882773802,-0.6500385250412768,-0.2993230599889928,64477.74821133737,1.0826265335083
1.813778205833792,1.8337424325811778,1.3698403962575676,0.30911117226197027,0.3312768299394606,-0.09368189323059994,-0.6390588882773802,-0.6300385250412768,-0.28932305998899277,63722.74821133737,1.0835499286651604
1.753778205833792,1.763742432581178,1.3698403962575676,0.3491111722619702,0.36127682993946053,-0.09368189323059994,-0.6490588882773802,-0.6400385250412768,-0.28932305998899277,63231.74821133737,1.0875665664672844
1.683778205833792,1.7037424325811779,1.3898403962575676,0.3791111722619702,0.40127682993946057,-0.09368189323059994,-0.6290588882773802,-0.6200385250412768,-0.27932305998899276,62014.74821133737,1.0915414810180657
1.653778205833792,1.6637424325811778,1.4098403962575676,0.39911117226197024,0.4112768299394606,-0.03368189323059989,-0.6290588882773802,-0.6100385250412768,-0.27932305998899276,61107.74821133737,1.0950576782226555
1.613778205833792,1.6337424325811778,1.4098403962575676,0.41911117226197026,0.4212768299394606,-0.0436818932305999,-0.6290588882773802,-0.6100385250412768,-0.27932305998899276,59812.74821133737,1.0961262702941887
1.573778205833792,1.5837424325811778,1.3898403962575676,0.40911117226197025,0.4212768299394606,-0.023681893230599882,-0.6190588882773802,-0.6000385250412767,-0.26932305998899275,58203.74821133737,1.0988649845123284
1.5437782058337919,1.5637424325811777,1.3898403962575676,0.4391111722619703,0.4612768299394606,-0.003681893230599864,-0.6290588882773802,-0.6100385250412768,-0.27932305998899276,56492.74821133737,1.1031224250793414
1.5337782058337919,1.5537424325811777,1.3198403962575673,0.4791111722619702,0.49127682993946054,0.03631810676940006,-0.6390588882773802,-0.6200385250412768,-0.25932305998899274,55259.74821133737,1.10740418434143
1.463778205833792,1.4837424325811779,1.2798403962575675,0.4991111722619702,0.5212768299394606,0.03631810676940006,-0.6190588882773802,-0.6100385250412768,-0.24932305998899276,54488.74821133737,1.1111056327819817
1.383778205833792,1.4037424325811778,1.2198403962575675,0.5291111722619702,0.5512768299394606,0.05631810676940008,-0.6190588882773802,-0.6100385250412768,-0.23932305998899275,54143.74821133737,1.1111056327819817
1.343778205833792,1.3537424325811778,1.1998403962575674,0.5891111722619703,0.6112768299394605,0.05631810676940008,-0.6090588882773802,-0.6000385250412767,-0.24932305998899276,54168.74821133737,1.1156496524810784
1.253778205833792,1.2737424325811777,1.1698403962575676,0.6591111722619702,0.6912768299394606,0.09631810676940011,-0.6190588882773802,-0.6000385250412767,-0.23932305998899275,53589.74821133737,1.1196496009826618
1.153778205833792,1.1737424325811778,1.1798403962575676,0.6891111722619703,0.7012768299394606,0.10631810676940012,-0.5990588882773802,-0.5900385250412767,-0.23932305998899275,53010.74821133737,1.1236443042755155
1.153778205833792,1.1637424325811778,1.1598403962575676,0.7191111722619702,0.7312768299394605,0.10631810676940012,-0.5990588882773802,-0.5900385250412767,-0.22932305998899277,52311.74821133737,1.1236443042755155
1.103778205833792,1.1037424325811778,1.1698403962575676,0.7591111722619702,0.7712768299394606,0.10631810676940012,-0.5890588882773802,-0.5800385250412767,-0.22932305998899277,51296.74821133737,1.1281001091003446
1.053778205833792,1.0737424325811777,1.1898403962575674,0.8191111722619703,0.8512768299394606,0.13631810676940004,-0.5890588882773802,-0.5700385250412767,-0.20932305998899275,50083.74821133737,1.132759523391723
1.003778205833792,1.003742432581178,1.1198403962575676,0.8691111722619703,0.8912768299394607,0.16631810676940006,-0.5890588882773802,-0.5700385250412767,-0.20932305998899275,49428.74821133737,1.1359390735626214
0.933778205833792,0.9437424325811777,1.0898403962575676,0.9591111722619702,0.9812768299394605,0.23631810676940013,-0.5790588882773803,-0.5700385250412767,-0.20932305998899275,49157.74821133737,1.1370141029357903
0.903778205833792,0.9037424325811777,1.0398403962575675,1.0091111722619703,1.0212768299394606,0.22631810676940012,-0.5690588882773803,-0.5600385250412768,-0.20932305998899275,48350.74821133737,1.140072298049926
0.8437782058337919,0.8637424325811777,1.0398403962575675,1.0591111722619702,1.0912768299394606,0.22631810676940012,-0.5690588882773803,-0.5600385250412768,-0.19932305998899275,47783.74821133737,1.1441695213317864
0.783778205833792,0.8137424325811777,1.0398403962575675,1.1191111722619702,1.1512768299394607,0.27631810676940005,-0.5690588882773803,-0.5600385250412768,-0.19932305998899275,47168.74821133737,1.1483213424682646
0.743778205833792,0.7537424325811777,1.0298403962575675,1.18911117226197,1.2212768299394605,0.26631810676940004,-0.5690588882773803,-0.5500385250412768,-0.19932305998899275,46605.74821133737,1.1491772651672392
0.703778205833792,0.7237424325811777,0.9898403962575675,1.2391111722619703,1.2712768299394606,0.27631810676940005,-0.5590588882773803,-0.5400385250412768,-0.19932305998899275,46000.74821133737,1.153171014785766
0.663778205833792,0.6837424325811777,0.9798403962575675,1.2991111722619704,1.3112768299394606,0.3163181067694001,-0.5490588882773803,-0.5400385250412768,-0.20932305998899275,45477.74821133737,1.1561545848846428
0.683778205833792,0.6937424325811777,0.9498403962575674,1.2991111722619704,1.3212768299394606,0.3263181067694001,-0.5490588882773803,-0.5400385250412768,-0.19932305998899275,45340.74821133737,1.1604938030242877
0.653778205833792,0.6637424325811777,0.9398403962575674,1.3391111722619704,1.3612768299394606,0.3463181067694001,-0.5590588882773803,-0.5400385250412768,-0.20932305998899275,45151.74821133737,1.1615783691406243
0.5837782058337919,0.5937424325811776,0.8898403962575676,1.3991111722619705,1.4212768299394605,0.36631810676940013,-0.5490588882773803,-0.5300385250412768,-0.20932305998899275,44706.74821133737,1.1645621776580803
0.543778205833792,0.5537424325811777,0.8698403962575676,1.4291111722619703,1.4612768299394605,0.37631810676940003,-0.5390588882773802,-0.5300385250412768,-0.21932305998899276,44921.74821133737,1.1697029590606682
0.513778205833792,0.5237424325811777,0.7898403962575675,1.4691111722619703,1.5012768299394605,0.41631810676940006,-0.5490588882773803,-0.5300385250412768,-0.21932305998899276,45064.74821133737,1.1727885723114007
0.4937782058337919,0.5037424325811777,0.7198403962575675,1.49911117226197,1.5212768299394606,0.4463181067694001,-0.5390588882773802,-0.5200385250412768,-0.21932305998899276,45469.74821133737,1.1764814376831048
0.4737782058337919,0.4737424325811777,0.6898403962575674,1.5191111722619701,1.5312768299394606,0.4763181067694001,-0.5290588882773802,-0.5100385250412768,-0.21932305998899276,45564.74821133737,1.1764814376831048
0.41377820583379193,0.4237424325811778,0.6398403962575676,1.5591111722619702,1.5812768299394606,0.49631810676940014,-0.5190588882773803,-0.5100385250412768,-0.21932305998899276,46157.74821133737,1.1808959960937493
0.3937782058337919,0.40374243258117776,0.5598403962575675,1.5491111722619704,1.5712768299394606,0.5463181067694002,-0.5090588882773803,-0.5000385250412769,-0.20932305998899275,47290.74821133737,1.184891653060916
0.34377820583379193,0.37374243258117773,0.5098403962575675,1.5891111722619704,1.6112768299394606,0.5263181067694002,-0.5290588882773802,-0.5100385250412768,-0.20932305998899275,47951.74821133737,1.1888930320739703
0.3137782058337919,0.32374243258117774,0.45984039625756745,1.5891111722619704,1.6112768299394606,0.5463181067694002,-0.5090588882773803,-0.5000385250412769,-0.20932305998899275,48552.74821133737,1.1898924827575676
0.28377820583379193,0.3037424325811777,0.3698403962575676,1.5991111722619702,1.6212768299394607,0.5863181067694,-0.5090588882773803,-0.5000385250412769,-0.20932305998899275,49517.74821133737,1.1928946495056145
0.2637782058337919,0.28374243258117776,0.30984039625756754,1.5891111722619704,1.6112768299394606,0.5963181067694,-0.5090588882773803,-0.4900385250412768,-0.19932305998899275,50640.74821133737,1.1970548152923577
0.21377820583379192,0.23374243258117777,0.2498403962575675,1.5491111722619704,1.5712768299394606,0.5963181067694,-0.48905888827738025,-0.4700385250412768,-0.19932305998899275,51565.74821133737,1.2010869503021233
0.22377820583379193,0.22374243258117776,0.18984039625756755,1.5391111722619701,1.5512768299394606,0.5963181067694,-0.48905888827738025,-0.4700385250412768,-0.20932305998899275,52984.74821133737,1.2021195411682122
0.1837782058337919,0.19374243258117774,0.1398403962575675,1.5291111722619704,1.5412768299394606,0.5663181067694,-0.46905888827738024,-0.4600385250412768,-0.19932305998899275,54639.74821133737,1.2051200389862053
0.15377820583379193,0.17374243258117777,0.08984039625756757,1.49911117226197,1.5112768299394606,0.5563181067694002,-0.46905888827738024,-0.4500385250412768,-0.19932305998899275,55724.74821133737,1.2101249217987018
0.12377820583379194,0.13374243258117774,0.04984039625756753,1.4691111722619703,1.4812768299394605,0.5663181067694,-0.46905888827738024,-0.4500385250412768,-0.19932305998899275,56661.74821133737,1.213117313385009
0.10377820583379192,0.12374243258117774,0.009840396257567496,1.4491111722619703,1.4612768299394605,0.5463181067694002,-0.4490588882773803,-0.4300385250412768,-0.19932305998899275,57726.74821133737,1.2143995285034173
0.10377820583379192,0.10374243258117773,-0.01015960374243241,1.4291111722619703,1.4412768299394605,0.5363181067694002,-0.43905888827738027,-0.4200385250412768,-0.18932305998899274,58847.74821133737,1.2174138545989983
0.06377820583379194,0.08374243258117774,-0.09015960374243248,1.3891111722619702,1.4112768299394605,0.49631810676940014,-0.43905888827738027,-0.4200385250412768,-0.19932305998899275,59696.74821133737,1.2222446918487542
0.033778205833791944,0.05374243258117774,-0.08015960374243247,1.3891111722619702,1.4012768299394607,0.49631810676940014,-0.42905888827738026,-0.4100385250412768,-0.19932305998899275,60785.74821133737,1.2252707004547112
0.06377820583379194,0.06374243258117775,-0.09015960374243248,1.3491111722619702,1.3612768299394606,0.5263181067694002,-0.40905888827738024,-0.4000385250412768,-0.18932305998899274,62060.74821133737,1.2265405178070061
0.033778205833791944,0.04374243258117773,-0.1101596037424325,1.3191111722619704,1.3312768299394606,0.4863181067694001,-0.41905888827738025,-0.3900385250412768,-0.19932305998899275,63041.74821133737,1.2297014713287346
0.023778205833791935,0.03374243258117775,-0.14015960374243241,1.3291111722619702,1.3412768299394606,0.4863181067694001,-0.41905888827738025,-0.3900385250412768,-0.18932305998899274,63138.74821133737,1.2342998504638665
0.023778205833791935,0.03374243258117775,-0.16015960374243243,1.3191111722619704,1.3512768299394606,0.4663181067694001,-0.40905888827738024,-0.3900385250412768,-0.18932305998899274,63523.74821133737,1.238404703140258
0.033778205833791944,0.02374243258117774,-0.15015960374243242,1.2891111722619701,1.3212768299394606,0.4463181067694001,-0.40905888827738024,-0.3900385250412768,-0.18932305998899274,64006.74821133737,1.238404703140258
-0.016221794166208073,-0.01625756741882227,-0.25015960374243246,1.2891111722619701,1.3112768299394606,0.40631810676940006,-0.40905888827738024,-0.3900385250412768,-0.20932305998899275,64565.74821133737,1.2425207614898675
-0.026221794166208068,-0.03625756741882226,-0.22015960374243249,1.2791111722619704,1.2812768299394606,0.37631810676940003,-0.3890588882773802,-0.3800385250412768,-0.20932305998899275,65400.74821133737,1.2464048385620075
-0.026221794166208068,-0.026257567418822264,-0.22015960374243249,1.20911117226197,1.2412768299394605,0.37631810676940003,-0.3690588882773802,-0.36003852504127676,-0.20932305998899275,65721.74821133737,1.2513846874237018
-0.03622179416620806,-0.026257567418822264,-0.25015960374243246,1.22911117226197,1.2412768299394605,0.3563181067694001,-0.3690588882773802,-0.35003852504127675,-0.18932305998899274,65878.74821133737,1.2545980930328398
-0.04622179416620807,-0.03625756741882226,-0.24015960374243245,1.22911117226197,1.2412768299394605,0.36631810676940013,-0.3890588882773802,-0.37003852504127677,-0.20932305998899275,66251.74821133737,1.2552723407745354
-0.05622179416620807,-0.05625756741882226,-0.3301596037424325,1.2391111722619703,1.2512768299394605,0.38631810676940004,-0.3690588882773802,-0.35003852504127675,-0.20932305998899275,66608.74821133737,1.2587718486785882
-0.05622179416620807,-0.05625756741882226,-0.31015960374243245,1.22911117226197,1.2512768299394605,0.38631810676940004,-0.3690588882773802,-0.35003852504127675,-0.20932305998899275,66603.74821133737,1.2629088878631585
-0.06622179416620808,-0.05625756741882226,-0.32015960374243246,1.2591111722619703,1.2812768299394606,0.37631810676940003,-0.3890588882773802,-0.37003852504127677,-0.19932305998899275,66398.74821133737,1.2669300556182854
-0.06622179416620808,-0.06625756741882227,-0.2701596037424325,1.2691111722619701,1.2912768299394606,0.37631810676940003,-0.3890588882773802,-0.37003852504127677,-0.20932305998899275,66265.74821133737,1.2679554939269977
-0.07622179416620807,-0.07625756741882227,-0.2701596037424325,1.24911117226197,1.2612768299394606,0.3563181067694001,-0.3690588882773802,-0.34003852504127685,-0.21932305998899276,65378.74821133737,1.2719556808471673
-0.06622179416620808,-0.06625756741882227,-0.29015960374243244,1.2391111722619703,1.2512768299394605,0.36631810676940013,-0.3490588882773803,-0.34003852504127685,-0.21932305998899276,64911.74821133737,1.2759556293487542
-0.07622179416620807,-0.07625756741882227,-0.2801596037424325,1.24911117226197,1.2612768299394606,0.36631810676940013,-0.3590588882773803,-0.34003852504127685,-0.22932305998899277,65044.74821133737,1.2792186260223382
-0.08622179416620807,-0.08625756741882226,-0.2701596037424325,1.2591111722619703,1.2712768299394606,0.3263181067694001,-0.3390588882773803,-0.33003852504127684,-0.21932305998899276,64807.74821133737,1.2799558162689202
-0.08622179416620807,-0.08625756741882226,-0.26015960374243247,1.2391111722619703,1.2512768299394605,0.3063181067694001,-0.3290588882773803,-0.32003852504127683,-0.22932305998899277,64364.74821133737,1.283955764770507
-0.08622179416620807,-0.08625756741882226,-0.2701596037424325,1.1991111722619703,1.2212768299394605,0.3163181067694001,-0.31905888827738027,-0.3000385250412768,-0.22932305998899277,64361.74821133737,1.287453365325927
-0.08622179416620807,-0.08625756741882226,-0.24015960374243245,1.18911117226197,1.2012768299394605,0.3063181067694001,-0.29905888827738025,-0.2700385250412768,-0.22932305998899277,64574.74821133737,1.2914657115936272
-0.08622179416620807,-0.08625756741882226,-0.24015960374243245,1.16911117226197,1.1812768299394605,0.24631810676940014,-0.27905888827738023,-0.2700385250412768,-0.23932305998899275,64647.74821133737,1.2925142765045194
-0.08622179416620807,-0.08625756741882226,-0.25015960374243246,1.1591111722619702,1.1712768299394605,0.23631810676940013,-0.2590588882773802,-0.24003852504127676,-0.23932305998899275,64414.74821133737,1.2960073471069293
-0.08622179416620807,-0.08625756741882226,-0.21015960374243248,1.16911117226197,1.1712768299394605,0.23631810676940013,-0.2390588882773803,-0.23003852504127675,-0.23932305998899275,64181.74821133737,1.3004023551940875
-0.08622179416620807,-0.08625756741882226,-0.22015960374243249,1.1191111722619702,1.1212768299394607,0.2163181067694001,-0.19905888827738027,-0.20003852504127684,-0.23932305998899275,63698.74821133737,1.304402065277099
-0.08622179416620807,-0.08625756741882226,-0.18015960374243245,1.0991111722619702,1.1112768299394606,0.18631810676940008,-0.19905888827738027,-0.18003852504127682,-0.24932305998899276,63005.74821133737,1.304402065277099
-0.08622179416620807,-0.08625756741882226,-0.14015960374243241,1.0891111722619704,1.1012768299394606,0.16631810676940006,-0.19905888827738027,-0.19003852504127683,-0.24932305998899276,62690.74821133737,1.3084020137786858
-0.08622179416620807,-0.08625756741882226,-0.17015960374243244,1.0791111722619702,1.1012768299394606,0.13631810676940004,-0.15905888827738024,-0.1600385250412768,-0.25932305998899274,61895.74821133737,1.311707687377929
-0.07622179416620807,-0.08625756741882226,-0.18015960374243245,1.0691111722619704,1.0812768299394606,0.10631810676940012,-0.16905888827738025,-0.1500385250412768,-0.24932305998899276,61462.74821133737,1.3163117885589593
-0.09622179416620807,-0.08625756741882226,-0.19015960374243246,1.0591111722619702,1.0612768299394606,0.11631810676940013,-0.14905888827738023,-0.13003852504127678,-0.25932305998899274,61551.74821133737,1.3172895431518548
-0.08622179416620807,-0.08625756741882226,-0.20015960374243247,1.0091111722619703,1.0312768299394606,0.06631810676940009,-0.1190588882773802,-0.11003852504127676,-0.25932305998899274,61428.74821133737,1.3209726333618157
-0.08622179416620807,-0.08625756741882226,-0.18015960374243245,1.0191111722619701,1.0312768299394606,0.06631810676940009,-0.0990588882773803,-0.09003852504127685,-0.25932305998899274,61287.74821133737,1.3245553493499749
-0.08622179416620807,-0.08625756741882226,-0.22015960374243249,0.9791111722619702,1.0012768299394605,0.09631810676940011,-0.0990588882773803,-0.09003852504127685,-0.25932305998899274,61294.74821133737,1.329581451416015
-0.07622179416620807,-0.08625756741882226,-0.20015960374243247,0.9691111722619702,0.9612768299394605,0.0763181067694001,-0.07905888827738028,-0.060038525041276825,-0.25932305998899274,61009.74821133737,1.3318922042846673
-0.08622179416620807,-0.07625756741882227,-0.20015960374243247,0.9491111722619702,0.9612768299394605,0.0763181067694001,-0.05905888827738026,-0.030038525041276798,-0.25932305998899274,60878.74821133737,1.3329793930053704
-0.06622179416620808,-0.06625756741882227,-0.20015960374243247,0.9691111722619702,0.9812768299394605,0.05631810676940008,-0.06905888827738027,-0.050038525041276816,-0.26932305998899275,60597.74821133737,1.3365180015563993
-0.06622179416620808,-0.06625756741882227,-0.20015960374243247,0.9591111722619702,0.9512768299394605,0.05631810676940008,-0.05905888827738026,-0.04003852504127681,-0.25932305998899274,60010.74821133737,1.3415693759918206
-0.06622179416620808,-0.06625756741882227,-0.21015960374243248,0.9391111722619702,0.9412768299394605,0.04631810676940007,-0.04905888827738025,-0.030038525041276798,-0.26932305998899275,59137.74821133737,1.3447288990020745
-0.07622179416620807,-0.07625756741882227,-0.23015960374243244,0.8891111722619703,0.9112768299394605,-0.003681893230599864,-0.019058888277380226,-0.01003852504127678,-0.28932305998899277,58792.74821133737,1.3458015441894524
-0.07622179416620807,-0.07625756741882227,-0.29015960374243244,0.9291111722619702,0.9312768299394605,0.016318106769400043,-0.029058888277380235,-0.01003852504127678,-0.28932305998899277,58775.74821133737,1.3497993469238274
-0.06622179416620808,-0.06625756741882227,-0.2801596037424325,0.9391111722619702,0.9412768299394605,-0.023681893230599882,-0.04905888827738025,-0.04003852504127681,-0.27932305998899276,58706.74821133737,1.3538560390472405
-0.06622179416620808,-0.06625756741882227,-0.25015960374243246,0.8891111722619703,0.9212768299394605,-0.0436818932305999,-0.019058888277380226,-3.8525041276771255e-05,-0.28932305998899277,58213.74821133737,1.3570870876312213
-0.06622179416620808,-0.06625756741882227,-0.26015960374243247,0.9091111722619701,0.9012768299394607,-0.023681893230599882,-0.019058888277380226,-3.8525041276771255e-05,-0.27932305998899276,57860.74821133737,1.3578562259674065
-0.05622179416620807,-0.05625756741882226,-0.29015960374243244,0.8991111722619703,0.9012768299394607,-0.03368189323059989,-0.029058888277380235,-0.01003852504127678,-0.27932305998899276,57689.74821133737,1.3618559360504108
-0.05622179416620807,-0.05625756741882226,-0.2701596037424325,0.8491111722619703,0.8612768299394606,-0.0436818932305999,-0.019058888277380226,-0.01003852504127678,-0.27932305998899276,57626.74821133737,1.3658558845519977
-0.05622179416620807,-0.05625756741882226,-0.29015960374243244,0.8691111722619703,0.8912768299394607,-0.08368189323059994,0.0009411117226197918,0.009961474958723238,-0.2993230599889928,57209.74821133737,1.3693711280822782
-0.05622179416620807,-0.05625756741882226,-0.2701596037424325,0.8391111722619703,0.8412768299394606,-0.1036818932305999,-0.039058888277380244,-0.02003852504127679,-0.3193230599889928,56878.74821133737,1.370170068740844
-0.05622179416620807,-0.04625756741882227,-0.26015960374243247,0.7991111722619703,0.8212768299394606,-0.1036818932305999,-0.04905888827738025,-0.02003852504127679,-0.3193230599889928,56781.74821133737,1.3733584403991692
-0.04622179416620807,-0.04625756741882227,-0.2801596037424325,0.8191111722619703,0.8212768299394606,-0.06368189323059992,-0.04905888827738025,-0.02003852504127679,-0.2993230599889928,56372.74821133737,1.3785941123962395
-0.05622179416620807,-0.05625756741882226,-0.31015960374243245,0.7691111722619702,0.7812768299394606,-0.1136818932305999,-0.039058888277380244,-0.030038525041276798,-0.3093230599889928,55731.74821133737,1.3820855140686028
-0.04622179416620807,-0.04625756741882227,-0.36015960374243244,0.7691111722619702,0.7712768299394606,-0.1036818932305999,-0.05905888827738026,-0.050038525041276816,-0.3093230599889928,55876.74821133737,1.3820855140686028
-0.04622179416620807,-0.04625756741882227,-0.31015960374243245,0.7091111722619703,0.6912768299394606,-0.1136818932305999,-0.05905888827738026,-0.04003852504127681,-0.2993230599889928,55895.74821133737,1.386063528060916
-0.03622179416620806,-0.03625756741882226,-0.31015960374243245,0.7591111722619702,0.7812768299394606,-0.13368189323059992,-0.08905888827738029,-0.07003852504127683,-0.2993230599889928,55290.74821133737,1.3898076534271233
-0.026221794166208068,-0.026257567418822264,-0.35015960374243243,0.7191111722619702,0.7012768299394606,-0.1136818932305999,-0.0990588882773803,-0.08003852504127684,-0.3093230599889928,55387.74821133737,1.3938159465789788
0.003778205833791931,0.003742432581177735,-0.37015960374243245,0.6791111722619703,0.6712768299394606,-0.14368189323059993,-0.1090588882773803,-0.11003852504127676,-0.3193230599889928,55280.74821133737,1.3948649883270257
-0.04622179416620807,-0.04625756741882227,-0.31015960374243245,0.6491111722619702,0.6512768299394606,-0.12368189323059992,-0.1290588882773802,-0.13003852504127678,-0.2993230599889928,54935.74821133737,1.3990532875061028
-0.05622179416620807,-0.05625756741882226,-0.36015960374243244,0.6291111722619702,0.6312768299394605,-0.1136818932305999,-0.13905888827738022,-0.14003852504127678,-0.2993230599889928,54794.74821133737,1.4030534744262688
-0.05622179416620807,-0.04625756741882227,-0.39015960374243247,0.6091111722619702,0.6112768299394605,-0.1136818932305999,-0.15905888827738024,-0.14003852504127678,-0.28932305998899277,54617.74821133737,1.4070536613464384
-0.05622179416620807,-0.05625756741882226,-0.43015960374243245,0.5691111722619703,0.5512768299394606,-0.12368189323059992,-0.14905888827738023,-0.12003852504127677,-0.28932305998899277,54496.74821133737,1.4108151912689202
-0.05622179416620807,-0.05625756741882226,-0.38015960374243246,0.5191111722619702,0.5212768299394606,-0.12368189323059992,-0.17905888827738026,-0.1600385250412768,-0.2993230599889928,54167.74821133737,1.4108151912689202
-0.05622179416620807,-0.04625756741882227,-0.45015960374243247,0.5091111722619702,0.5012768299394605,-0.1136818932305999,-0.15905888827738024,-0.14003852504127678,-0.27932305998899276,54452.74821133737,1.4144205570220905
-0.05622179416620807,-0.04625756741882227,-0.43015960374243245,0.4891111722619702,0.4812768299394605,-0.13368189323059992,-0.17905888827738026,-0.1700385250412768,-0.2993230599889928,54233.74821133737,1.4185704708099358
-0.04622179416620807,-0.04625756741882227,-0.43015960374243245,0.5391111722619703,0.5312768299394606,-0.14368189323059993,-0.18905888827738027,-0.1700385250412768,-0.2993230599889928,54102.74821133737,1.4226569652557366
-0.05622179416620807,-0.05625756741882226,-0.41015960374243243,0.5091111722619702,0.4812768299394605,-0.13368189323059992,-0.2390588882773803,-0.23003852504127675,-0.2993230599889928,53937.74821133737,1.4226569652557366
-0.05622179416620807,-0.05625756741882226,-0.4001596037424325,0.4391111722619703,0.4412768299394606,-0.1136818932305999,-0.2490588882773802,-0.23003852504127675,-0.2993230599889928,53946.74821133737,1.4263123989105218
-0.05622179416620807,-0.05625756741882226,-0.41015960374243243,0.4591111722619703,0.4612768299394606,-0.1036818932305999,-0.28905888827738024,-0.2600385250412768,-0.28932305998899277,54081.74821133737,1.4313284873962395
-0.05622179416620807,-0.05625756741882226,-0.43015960374243245,0.41911117226197026,0.4112768299394606,-0.12368189323059992,-0.2690588882773802,-0.25003852504127677,-0.28932305998899277,53652.74821133737,1.4343304157257073
-0.06622179416620808,-0.06625756741882227,-0.4601596037424325,0.3791111722619702,0.39127682993946056,-0.1136818932305999,-0.2190588882773803,-0.22003852504127686,-0.28932305998899277,53541.74821133737,1.4353272438049274
-0.07622179416620807,-0.06625756741882227,-0.49015960374243245,0.3691111722619702,0.36127682993946053,-0.12368189323059992,-0.2690588882773802,-0.24003852504127676,-0.28932305998899277,53546.74821133737,1.4393281459808343
-0.07622179416620807,-0.07625756741882227,-0.5001596037424325,0.30911117226197027,0.28127682993946057,-0.1036818932305999,-0.30905888827738026,-0.2700385250412768,-0.2993230599889928,53265.74821133737,1.4427766323089593
-0.08622179416620807,-0.07625756741882227,-0.4801596037424325,0.2591111722619702,0.26127682993946055,-0.13368189323059992,-0.28905888827738024,-0.2600385250412768,-0.27932305998899276,53094.74821133737,1.4474739551544182
-0.08622179416620807,-0.07625756741882227,-0.5301596037424324,0.26911117226197023,0.27127682993946056,-0.1136818932305999,-0.31905888827738027,-0.2900385250412768,-0.26932305998899275,52645.74821133737,1.4474739551544182
-0.09622179416620807,-0.07625756741882227,-0.5301596037424324,0.21911117226197024,0.2212768299394606,-0.14368189323059993,-0.27905888827738023,-0.2600385250412768,-0.26932305998899275,52184.74821133737,1.450884294509887
-0.08622179416620807,-0.07625756741882227,-0.5201596037424324,0.19911117226197023,0.19127682993946057,-0.13368189323059992,-0.30905888827738026,-0.2800385250412768,-0.26932305998899275,51933.74821133737,1.4559158802032464
-0.08622179416620807,-0.07625756741882227,-0.5101596037424325,0.17911117226197026,0.18127682993946062,-0.12368189323059992,-0.27905888827738023,-0.2700385250412768,-0.25932305998899274,51316.74821133737,1.4599146366119378
-0.08622179416620807,-0.07625756741882227,-0.5401596037424324,0.16911117226197026,0.1712768299394606,-0.12368189323059992,-0.28905888827738024,-0.2700385250412768,-0.25932305998899274,51101.74821133737,1.4599146366119378
-0.07622179416620807,-0.07625756741882227,-0.5401596037424324,0.14911117226197024,0.1512768299394606,-0.12368189323059992,-0.2690588882773802,-0.2700385250412768,-0.24932305998899276,50654.74821133737,1.4639145851135282
-0.07622179416620807,-0.07625756741882227,-0.5201596037424324,0.13911117226197023,0.14127682993946059,-0.13368189323059992,-0.29905888827738025,-0.2800385250412768,-0.24932305998899276,50281.74821133737,1.4679145336151151
-0.07622179416620807,-0.07625756741882227,-0.5401596037424324,0.14911117226197024,0.14127682993946059,-0.12368189323059992,-0.29905888827738025,-0.2800385250412768,-0.23932305998899275,50196.74821133737,1.470985841751098
-0.07622179416620807,-0.06625756741882227,-0.5201596037424324,0.13911117226197023,0.14127682993946059,-0.1136818932305999,-0.28905888827738024,-0.2700385250412768,-0.23932305998899275,49485.74821133737,1.4719526290893583
-0.07622179416620807,-0.07625756741882227,-0.5301596037424324,0.12911117226197022,0.14127682993946059,-0.1136818932305999,-0.2490588882773802,-0.24003852504127676,-0.23932305998899275,48794.74821133737,1.4754571437835686
-0.07622179416620807,-0.07625756741882227,-0.5201596037424324,0.12911117226197022,0.13127682993946058,-0.12368189323059992,-0.2390588882773803,-0.23003852504127675,-0.23932305998899275,48927.74821133737,1.4801074981689446
-0.06622179416620808,-0.05625756741882226,-0.5401596037424324,0.13911117226197023,0.14127682993946059,-0.09368189323059994,-0.2290588882773803,-0.21003852504127685,-0.23932305998899275,48654.74821133737,1.4843008041381829
-0.06622179416620808,-0.06625756741882227,-0.5701596037424325,0.12911117226197022,0.13127682993946058,-0.08368189323059994,-0.2290588882773803,-0.22003852504127686,-0.23932305998899275,48367.74821133737,1.4881524562835686
-0.026221794166208068,-0.026257567418822264,-0.5501596037424324,0.12911117226197022,0.13127682993946058,-0.09368189323059994,-0.2590588882773802,-0.25003852504127677,-0.24932305998899276,47976.74821133737,1.4891073226928704
-0.04622179416620807,-0.04625756741882227,-0.5701596037424325,0.12911117226197022,0.13127682993946058,-0.07368189323059993,-0.29905888827738025,-0.2800385250412768,-0.24932305998899276,47757.74821133737,1.4931072711944573
-0.04622179416620807,-0.03625756741882226,-0.5701596037424325,0.11911117226197027,0.12127682993946062,-0.1036818932305999,-0.27905888827738023,-0.2700385250412768,-0.24932305998899276,47230.74821133737,1.4964758872985833
-0.016221794166208073,-0.01625756741882227,-0.5501596037424324,0.12911117226197022,0.13127682993946058,-0.1036818932305999,-0.29905888827738025,-0.2800385250412768,-0.25932305998899274,46877.74821133737,1.5001716136932401
0.013778205833791926,0.01374243258117773,-0.5001596037424325,0.12911117226197022,0.12127682993946062,-0.09368189323059994,-0.30905888827738026,-0.2800385250412768,-0.25932305998899274,46350.74821133737,1.5012189865112298
0.053778205833791934,0.05374243258117774,-0.4701596037424325,0.10911117226197026,0.12127682993946062,-0.1136818932305999,-0.27905888827738023,-0.2700385250412768,-0.25932305998899274,45757.74821133737,1.5048708438873284
0.053778205833791934,0.06374243258117775,-0.4601596037424325,0.12911117226197022,0.13127682993946058,-0.1036818932305999,-0.31905888827738027,-0.2800385250412768,-0.25932305998899274,45592.74821133737,1.5091759681701653
0.08377820583379193,0.09374243258117775,-0.4601596037424325,0.12911117226197022,0.12127682993946062,-0.09368189323059994,-0.30905888827738026,-0.2800385250412768,-0.25932305998899274,45317.74821133737,1.5125073909759514
0.10377820583379192,0.11374243258117774,-0.41015960374243243,0.10911117226197026,0.11127682993946061,-0.1136818932305999,-0.2690588882773802,-0.2600385250412768,-0.26932305998899275,44862.74821133737,1.5132297992706292
0.17377820583379194,0.16374243258117777,-0.42015960374243244,0.10911117226197026,0.1012768299394606,-0.1036818932305999,-0.30905888827738026,-0.3000385250412768,-0.25932305998899274,44631.74821133737,1.5164505958557157
0.17377820583379194,0.18374243258117773,-0.4001596037424325,0.09911117226197025,0.1012768299394606,-0.08368189323059994,-0.3290588882773803,-0.32003852504127683,-0.25932305998899274,44058.74821133737,1.5218009471893303
0.22377820583379193,0.22374243258117776,-0.36015960374243244,0.11911117226197027,0.11127682993946061,-0.13368189323059992,-0.3490588882773803,-0.32003852504127683,-0.27932305998899276,43187.74821133737,1.5248007297515862
0.2737782058337919,0.3037424325811777,-0.36015960374243244,0.09911117226197025,0.1012768299394606,-0.12368189323059992,-0.3590588882773803,-0.34003852504127685,-0.2993230599889928,42888.74821133737,1.52580018043518
0.3337782058337919,0.3637424325811777,-0.31015960374243245,0.09911117226197025,0.1012768299394606,-0.13368189323059992,-0.3590588882773803,-0.34003852504127685,-0.3093230599889928,42553.74821133737,1.5298952579498284
0.41377820583379193,0.4237424325811778,-0.2801596037424325,0.07911117226197023,0.0912768299394606,-0.14368189323059993,-0.3590588882773803,-0.33003852504127684,-0.2993230599889928,41890.74821133737,1.53389568328857
0.513778205833792,0.5137424325811777,-0.2801596037424325,0.06911117226197022,0.0912768299394606,-0.12368189323059992,-0.3690588882773802,-0.32003852504127683,-0.28932305998899277,41863.74821133737,1.5378953933715813
0.573778205833792,0.5837424325811776,-0.23015960374243244,0.05911117226197027,0.061276829939460625,-0.12368189323059992,-0.39905888827738023,-0.3800385250412768,-0.2993230599889928,41970.74821133737,1.5378953933715813
0.7237782058337919,0.7437424325811777,-0.15015960374243242,0.03911117226197025,0.04127682993946061,-0.15368189323059994,-0.43905888827738027,-0.4300385250412768,-0.3093230599889928,41411.74821133737,1.5418953418731682
0.8437782058337919,0.8737424325811777,-0.08015960374243247,0.029111172261970242,0.02127682993946059,-0.1636818932305999,-0.46905888827738024,-0.4500385250412768,-0.3193230599889928,40730.74821133737,1.545433473587039
0.933778205833792,0.9337424325811777,-0.07015960374243246,0.019111172261970233,0.011276829939460609,-0.15368189323059994,-0.46905888827738024,-0.4500385250412768,-0.3193230599889928,40737.74821133737,1.5495316505432122
1.0337782058337919,1.0337424325811777,-0.00015960374243251252,-0.0008888277380297571,0.0012768299394605997,-0.1836818932305999,-0.47905888827738025,-0.4500385250412768,-0.3193230599889928,40546.74821133737,1.5505313396453815
1.163778205833792,1.1837424325811778,0.04984039625756753,-0.010888827738029766,-0.008723170060539409,-0.19368189323059992,-0.48905888827738025,-0.4800385250412768,-0.34932305998899277,39911.74821133737,1.5542222976684563
1.2737782058337919,1.2837424325811777,0.1398403962575675,-0.020888827738029747,-0.01872317006053939,-0.20368189323059993,-0.49905888827738026,-0.4900385250412768,-0.33932305998899276,39790.74821133737,1.5587789535522454
1.353778205833792,1.3637424325811778,0.2398403962575676,-0.020888827738029747,-0.01872317006053939,-0.20368189323059993,-0.49905888827738026,-0.4900385250412768,-0.37932305998899274,39565.74821133737,1.5614547252655022
1.483778205833792,1.4837424325811779,0.2398403962575676,-0.020888827738029747,-0.01872317006053939,-0.19368189323059992,-0.49905888827738026,-0.4800385250412768,-0.34932305998899277,38910.74821133737,1.565761995315551
1.563778205833792,1.5737424325811777,0.3798403962575676,-0.030888827738029756,-0.0287231700605394,-0.21368189323059994,-0.5090588882773803,-0.5000385250412769,-0.37932305998899274,38695.74821133737,1.5664953708648675
1.683778205833792,1.6937424325811778,0.41984039625756764,-0.020888827738029747,-0.01872317006053939,-0.21368189323059994,-0.5190588882773803,-0.5000385250412769,-0.36932305998899273,38520.74821133737,1.5705046176910393
1.7737782058337919,1.7737424325811777,0.43984039625756743,-0.030888827738029756,-0.0287231700605394,-0.21368189323059994,-0.5390588882773802,-0.5200385250412768,-0.3593230599889928,38479.74821133737,1.5745043277740471
1.863778205833792,1.8737424325811778,0.5798403962575676,-0.020888827738029747,-0.0287231700605394,-0.2336818932305999,-0.5690588882773803,-0.5600385250412768,-0.36932305998899273,38224.74821133737,1.57802505493164
1.973778205833792,1.9737424325811779,0.6498403962575676,-0.020888827738029747,-0.01872317006053939,-0.2436818932305999,-0.5890588882773802,-0.5700385250412767,-0.37932305998899274,38109.74821133737,1.5790881633758502
2.103778205833792,2.1037424325811775,0.7198403962575675,-0.020888827738029747,-0.01872317006053939,-0.2436818932305999,-0.6190588882773802,-0.6000385250412767,-0.38932305998899275,38102.74821133737,1.5823418617248493
2.1737782058337918,2.1637424325811776,0.7698403962575675,-0.010888827738029766,-0.008723170060539409,-0.2536818932305999,-0.6290588882773802,-0.6200385250412768,-0.39932305998899276,38069.74821133737,1.586504411697387
2.273778205833792,2.2637424325811777,0.9098403962575676,-0.010888827738029766,-0.008723170060539409,-0.26368189323059993,-0.6390588882773802,-0.6300385250412768,-0.40932305998899277,38002.74821133737,1.5904509544372551
2.343778205833792,2.3437424325811778,0.9798403962575675,-0.010888827738029766,-0.008723170060539409,-0.26368189323059993,-0.6590588882773802,-0.6400385250412768,-0.39932305998899276,38153.74821133737,1.5914027214050286
2.413778205833792,2.4137424325811776,1.0798403962575676,-0.0008888277380297571,0.011276829939460609,-0.3036818932305999,-0.6790588882773803,-0.6600385250412768,-0.4293230599889928,37842.74821133737,1.595415544509887
2.473778205833792,2.4837424325811774,1.1898403962575674,-0.0008888277380297571,0.0012768299394605997,-0.3136818932305999,-0.6890588882773803,-0.6700385250412768,-0.4393230599889928,37783.74821133737,1.5987545967102044
2.543778205833792,2.5537424325811777,1.2898403962575675,-0.010888827738029766,-0.008723170060539409,-0.3136818932305999,-0.6990588882773803,-0.6800385250412768,-0.4393230599889928,37768.74821133737,1.6038004875183098
2.603778205833792,2.6037424325811775,1.4298403962575676,-0.010888827738029766,-0.008723170060539409,-0.33368189323059994,-0.6990588882773803,-0.6900385250412768,-0.44932305998899275,37815.74821133737,1.6038004875183098
2.6737782058337918,2.6737424325811774,1.4598403962575675,-0.010888827738029766,-0.008723170060539409,-0.3136818932305999,-0.7190588882773803,-0.7000385250412768,-0.4393230599889928,37640.74821133737,1.6067964553833
2.703778205833792,2.7137424325811774,1.5198403962575675,-0.010888827738029766,-0.008723170060539409,-0.3136818932305999,-0.7190588882773803,-0.7100385250412768,-0.4393230599889928,37885.74821133737,1.6121353626251178
2.753778205833792,2.7637424325811777,1.6198403962575676,-0.020888827738029747,-0.008723170060539409,-0.3236818932305999,-0.7290588882773803,-0.7200385250412769,-0.4393230599889928,37762.74821133737,1.6149811267852776
2.793778205833792,2.7937424325811775,1.6798403962575676,-0.010888827738029766,-0.008723170060539409,-0.33368189323059994,-0.7390588882773803,-0.7300385250412769,-0.44932305998899275,37977.74821133737,1.6149811267852776
2.833778205833792,2.8437424325811778,1.7598403962575677,-0.010888827738029766,0.0012768299394605997,-0.33368189323059994,-0.7490588882773803,-0.7300385250412769,-0.4393230599889928,37904.74821133737,1.6194810390472405
2.853778205833792,2.8637424325811778,1.8098403962575675,-0.010888827738029766,-0.008723170060539409,-0.34368189323059994,-0.7490588882773803,-0.7400385250412768,-0.44932305998899275,37833.74821133737,1.6234602451324456
2.883778205833792,2.883742432581178,1.8798403962575674,-0.010888827738029766,-0.008723170060539409,-0.34368189323059994,-0.7590588882773802,-0.7500385250412768,-0.44932305998899275,38352.74821133737,1.6275562763214104
2.9237782058337918,2.9237424325811774,1.9398403962575674,-0.0008888277380297571,0.0012768299394605997,-0.34368189323059994,-0.7690588882773802,-0.7500385250412768,-0.44932305998899275,38835.74821133737,1.6280619621276884
2.963778205833792,2.9637424325811774,1.9798403962575675,-0.020888827738029747,-0.008723170060539409,-0.35368189323059995,-0.7690588882773802,-0.7500385250412768,-0.4393230599889928,39034.74821133737,1.6316442012786858
2.973778205833792,2.9837424325811774,2.0198403962575675,-0.010888827738029766,-0.008723170060539409,-0.35368189323059995,-0.7790588882773802,-0.7600385250412768,-0.44932305998899275,39243.74821133737,1.6352719783782952
2.993778205833792,3.0037424325811775,2.0898403962575673,-0.010888827738029766,0.0012768299394605997,-0.35368189323059995,-0.7790588882773802,-0.7700385250412768,-0.44932305998899275,39100.74821133737,1.639393520355224
3.013778205833792,3.0237424325811775,2.1398403962575676,-0.010888827738029766,0.0012768299394605997,-0.35368189323059995,-0.7890588882773802,-0.7700385250412768,-0.44932305998899275,39071.74821133737,1.6433720111846917
3.023778205833792,3.0337424325811777,2.1998403962575677,-0.010888827738029766,-0.008723170060539409,-0.3636818932305999,-0.7890588882773802,-0.7700385250412768,-0.44932305998899275,39206.74821133737,1.6443740844726555
3.053778205833792,3.0537424325811777,2.2398403962575677,-0.010888827738029766,-0.008723170060539409,-0.3636818932305999,-0.7890588882773802,-0.7700385250412768,-0.44932305998899275,39623.74821133737,1.647370767593383
3.073778205833792,3.0837424325811775,2.2698403962575675,-0.010888827738029766,-0.008723170060539409,-0.3636818932305999,-0.7890588882773802,-0.7800385250412768,-0.44932305998899275,39772.74821133737,1.6523749351501458
3.073778205833792,3.0837424325811775,2.2898403962575675,-0.010888827738029766,-0.008723170060539409,-0.3736818932305999,-0.7790588882773802,-0.7700385250412768,-0.44932305998899275,40101.74821133737,1.6563703536987298
3.093778205833792,3.1037424325811775,2.3498403962575676,-0.010888827738029766,-0.008723170060539409,-0.3736818932305999,-0.7790588882773802,-0.7700385250412768,-0.44932305998899275,39702.74821133737,1.6563703536987298
3.103778205833792,3.1137424325811778,2.3798403962575674,-0.010888827738029766,-0.008723170060539409,-0.3736818932305999,-0.7790588882773802,-0.7700385250412768,-0.44932305998899275,40073.74821133737,1.6605853557586663
3.113778205833792,3.1237424325811776,2.4298403962575676,-0.020888827738029747,-0.008723170060539409,-0.3836818932305999,-0.7790588882773802,-0.7700385250412768,-0.44932305998899275,40230.74821133737,1.6639492034912102
3.113778205833792,3.133742432581178,2.4598403962575675,-0.010888827738029766,-0.008723170060539409,-0.3836818932305999,-0.7790588882773802,-0.7700385250412768,-0.44932305998899275,39959.74821133737,1.6685623645782464
3.133778205833792,3.1437424325811776,2.5098403962575677,-0.020888827738029747,-0.01872317006053939,-0.3936818932305999,-0.7790588882773802,-0.7700385250412768,-0.44932305998899275,40298.74821133737,1.6685623645782464
3.133778205833792,3.1537424325811774,2.5398403962575675,-0.020888827738029747,-0.01872317006053939,-0.3936818932305999,-0.7790588882773802,-0.7700385250412768,-0.44932305998899275,40285.74821133737,1.6726104736328118
3.133778205833792,3.1437424325811776,2.5698403962575673,-0.010888827738029766,-0.008723170060539409,-0.3936818932305999,-0.7790588882773802,-0.7700385250412768,-0.44932305998899275,40206.74821133737,1.6766104221343987
3.133778205833792,3.1437424325811776,2.6098403962575674,-0.010888827738029766,-0.008723170060539409,-0.4036818932305999,-0.7790588882773802,-0.7700385250412768,-0.44932305998899275,39995.74821133737,1.6806053638458245
3.123778205833792,3.1437424325811776,2.6298403962575674,-0.010888827738029766,-0.008723170060539409,-0.3936818932305999,-0.7790588882773802,-0.7700385250412768,-0.44932305998899275,39596.74821133737,1.6815895557403593
3.133778205833792,3.1437424325811776,2.6698403962575674,-0.010888827738029766,-0.008723170060539409,-0.4036818932305999,-0.7790588882773802,-0.7700385250412768,-0.44932305998899275,39439.74821133737,1.6856069087982135
3.123778205833792,3.133742432581178,2.6898403962575674,-0.010888827738029766,-0.008723170060539409,-0.4036818932305999,-0.7890588882773802,-0.7800385250412768,-0.44932305998899275,39418.74821133737,1.6893362522125237
3.133778205833792,3.1437424325811776,2.7098403962575675,-0.0008888277380297571,0.0012768299394605997,-0.4036818932305999,-0.7890588882773802,-0.7800385250412768,-0.44932305998899275,39063.74821133737,1.6930374622344964
3.123778205833792,3.133742432581178,2.7498403962575675,-0.0008888277380297571,0.0012768299394605997,-0.4036818932305999,-0.7890588882773802,-0.7800385250412768,-0.44932305998899275,39034.74821133737,1.6944775104522698
3.123778205833792,3.1437424325811776,2.7698403962575675,-0.010888827738029766,0.0012768299394605997,-0.4036818932305999,-0.7890588882773802,-0.7800385250412768,-0.44932305998899275,38931.74821133737,1.6975197315216057
3.123778205833792,3.133742432581178,2.7998403962575678,-0.0008888277380297571,0.0012768299394605997,-0.4136818932305999,-0.7890588882773802,-0.7800385250412768,-0.44932305998899275,38436.74821133737,1.7020890235900872
3.113778205833792,3.1237424325811776,2.7998403962575678,-0.0008888277380297571,0.0012768299394605997,-0.4136818932305999,-0.7890588882773802,-0.7800385250412768,-0.44932305998899275,38093.74821133737,1.7063624382019036
3.093778205833792,3.1137424325811778,2.8198403962575673,0.009111172261970252,0.011276829939460609,-0.4136818932305999,-0.7890588882773802,-0.7700385250412768,-0.44932305998899275,37756.74821133737,1.7089054107665973
3.093778205833792,3.1137424325811778,2.8298403962575676,0.019111172261970233,0.02127682993946059,-0.4036818932305999,-0.7990588882773803,-0.7900385250412768,-0.44932305998899275,37463.74821133737,1.7096397399902337
3.083778205833792,3.0937424325811778,2.8398403962575673,0.019111172261970233,0.02127682993946059,-0.4036818932305999,-0.7990588882773803,-0.7800385250412768,-0.44932305998899275,36964.74821133737,1.7136399269103997
3.053778205833792,3.0737424325811777,2.8498403962575676,0.019111172261970233,0.0312768299394606,-0.4036818932305999,-0.7890588882773802,-0.7800385250412768,-0.44932305998899275,36321.74821133737,1.7182166099548333
3.033778205833792,3.0537424325811777,2.8498403962575676,0.019111172261970233,0.0312768299394606,-0.4036818932305999,-0.7990588882773803,-0.7900385250412768,-0.44932305998899275,36112.74821133737,1.7212104320526116
3.013778205833792,3.0237424325811775,2.8598403962575674,0.03911117226197025,0.04127682993946061,-0.4036818932305999,-0.7890588882773802,-0.7800385250412768,-0.44932305998899275,35557.74821133737,1.7212104320526116
2.983778205833792,3.0037424325811775,2.8798403962575674,0.04911117226197026,0.051276829939460616,-0.3936818932305999,-0.7790588882773802,-0.7700385250412768,-0.44932305998899275,34824.74821133737,1.7266568660736077
2.963778205833792,2.9837424325811774,2.8898403962575676,0.04911117226197026,0.051276829939460616,-0.3936818932305999,-0.7790588882773802,-0.7700385250412768,-0.44932305998899275,34459.74821133737,1.729915809631347
2.933778205833792,2.9537424325811776,2.8998403962575674,0.06911117226197022,0.08127682993946059,-0.3936818932305999,-0.7790588882773802,-0.7600385250412768,-0.44932305998899275,33948.74821133737,1.7338501930236774
2.893778205833792,2.9137424325811776,2.8998403962575674,0.08911117226197024,0.0912768299394606,-0.3836818932305999,-0.7790588882773802,-0.7700385250412768,-0.44932305998899275,33579.74821133737,1.7348539352416985
2.883778205833792,2.8937424325811776,2.9098403962575676,0.08911117226197024,0.0912768299394606,-0.3836818932305999,-0.7690588882773802,-0.7600385250412768,-0.44932305998899275,33062.74821133737,1.7378754138946526
2.843778205833792,2.8537424325811775,2.8998403962575674,0.10911117226197026,0.12127682993946062,-0.3736818932305999,-0.7590588882773802,-0.7500385250412768,-0.44932305998899275,32835.74821133737,1.7431525707244866
2.783778205833792,2.8037424325811777,2.8998403962575674,0.13911117226197023,0.1512768299394606,-0.3736818932305999,-0.7590588882773802,-0.7500385250412768,-0.44932305998899275,32290.74821133737,1.746266555786132
2.753778205833792,2.7837424325811777,2.8898403962575676,0.15911117226197025,0.1712768299394606,-0.3636818932305999,-0.7590588882773802,-0.7500385250412768,-0.44932305998899275,31777.74821133737,1.7473215579986565
2.713778205833792,2.7437424325811777,2.8798403962575674,0.16911117226197026,0.18127682993946062,-0.3636818932305999,-0.7490588882773803,-0.7400385250412768,-0.4393230599889928,31390.74821133737,1.7508630275726311
2.683778205833792,2.7037424325811776,2.8698403962575676,0.19911117226197023,0.20127682993946058,-0.35368189323059995,-0.7390588882773803,-0.7400385250412768,-0.4393230599889928,30823.74821133737,1.75484294891357
2.633778205833792,2.6537424325811774,2.8598403962575674,0.22911117226197025,0.2312768299394606,-0.34368189323059994,-0.7390588882773803,-0.7200385250412769,-0.4393230599889928,29948.74821133737,1.7588641166687005
2.573778205833792,2.6037424325811775,2.8498403962575676,0.27911117226197024,0.28127682993946057,-0.3236818932305999,-0.7490588882773803,-0.7300385250412769,-0.4293230599889928,29675.74821133737,1.7588641166687005
2.513778205833792,2.5337424325811777,2.8198403962575673,0.3291111722619703,0.3312768299394606,-0.3036818932305999,-0.7190588882773803,-0.7200385250412769,-0.4193230599889928,29006.74821133737,1.7628638267517083
2.483778205833792,2.5037424325811775,2.8098403962575675,0.3691111722619702,0.38127682993946055,-0.2836818932305999,-0.7290588882773803,-0.7100385250412768,-0.40932305998899277,28683.74821133737,1.7673074722290032
2.4037782058337918,2.4237424325811774,2.7798403962575677,0.40911117226197025,0.4212768299394606,-0.26368189323059993,-0.7190588882773803,-0.7000385250412768,-0.4193230599889928,28248.74821133737,1.770591211318969
2.353778205833792,2.383742432581178,2.7598403962575677,0.4791111722619702,0.49127682993946054,-0.2436818932305999,-0.7190588882773803,-0.7000385250412768,-0.40932305998899277,27541.74821133737,1.7747890472412102
2.273778205833792,2.2937424325811775,2.7198403962575677,0.5491111722619703,0.5512768299394606,-0.21368189323059994,-0.7190588882773803,-0.7000385250412768,-0.39932305998899276,27350.74821133737,1.7756323337554925
2.193778205833792,2.2137424325811774,2.6998403962575677,0.6191111722619702,0.6212768299394605,-0.19368189323059992,-0.6990588882773803,-0.6900385250412768,-0.39932305998899276,26753.74821133737,1.779265356063842
2.123778205833792,2.1537424325811774,2.6398403962575676,0.7091111722619703,0.7212768299394605,-0.14368189323059993,-0.6990588882773803,-0.6900385250412768,-0.38932305998899275,26434.74821133737,1.7832316875457757
2.053778205833792,2.0837424325811775,2.6098403962575674,0.7691111722619702,0.7812768299394606,-0.12368189323059992,-0.6890588882773803,-0.6800385250412768,-0.38932305998899275,26141.74821133737,1.7872464179992669
1.9637782058337918,1.9637424325811776,2.5598403962575675,0.8391111722619703,0.8512768299394606,-0.09368189323059994,-0.6990588882773803,-0.6900385250412768,-0.38932305998899275,25472.74821133737,1.78823013305664
1.873778205833792,1.8937424325811778,2.4998403962575675,0.9291111722619702,0.9512768299394605,-0.03368189323059989,-0.6990588882773803,-0.6800385250412768,-0.37932305998899274,25031.74821133737,1.7922474861145012
1.803778205833792,1.8037424325811777,2.4598403962575675,0.9991111722619702,1.0212768299394606,0.016318106769400043,-0.6890588882773803,-0.6700385250412768,-0.37932305998899274,24334.74821133737,1.7954685211181634
1.723778205833792,1.743742432581178,2.4198403962575674,1.0891111722619704,1.1012768299394606,0.03631810676940006,-0.6690588882773802,-0.6700385250412768,-0.36932305998899273,23937.74821133737,1.7998265743255573
1.613778205833792,1.6337424325811778,2.3698403962575676,1.1991111722619703,1.2112768299394605,0.05631810676940008,-0.6590588882773802,-0.6400385250412768,-0.36932305998899273,23672.74821133737,1.7998265743255573
1.513778205833792,1.5437424325811777,2.3198403962575673,1.2891111722619701,1.2812768299394606,0.11631810676940013,-0.6490588882773802,-0.6400385250412768,-0.36932305998899273,23007.74821133737,1.8039862632751458
1.453778205833792,1.4737424325811779,2.2698403962575675,1.3691111722619702,1.3712768299394607,0.14631810676940005,-0.6290588882773802,-0.6200385250412768,-0.3593230599889928,22964.74821133737,1.8069717407226555
1.363778205833792,1.3737424325811778,2.1998403962575677,1.4491111722619703,1.4512768299394605,0.2163181067694001,-0.6390588882773802,-0.6400385250412768,-0.3593230599889928,22691.74821133737,1.8119868755340534
1.323778205833792,1.3437424325811778,2.1598403962575676,1.47911117226197,1.5112768299394606,0.24631810676940014,-0.6390588882773802,-0.6300385250412768,-0.3593230599889928,22578.74821133737,1.81303424835205
1.213778205833792,1.243742432581178,2.0798403962575676,1.5991111722619702,1.6012768299394606,0.3063181067694001,-0.6390588882773802,-0.6300385250412768,-0.3593230599889928,22351.74821133737,1.8157865524291985
1.173778205833792,1.1937424325811778,1.9998403962575675,1.6791111722619703,1.6912768299394605,0.38631810676940004,-0.6390588882773802,-0.6300385250412768,-0.34932305998899277,21896.74821133737,1.8208014488220208
1.073778205833792,1.1137424325811778,1.9498403962575677,1.7791111722619704,1.7912768299394604,0.4363181067694001,-0.6390588882773802,-0.6300385250412768,-0.34932305998899277,21759.74821133737,1.8248202323913603
1.0337782058337919,1.0437424325811777,1.8798403962575674,1.8091111722619702,1.8212768299394606,0.5063181067694001,-0.6290588882773802,-0.6200385250412768,-0.34932305998899277,21098.74821133737,1.8248202323913603
0.983778205833792,0.9937424325811778,1.7898403962575675,1.8691111722619702,1.8912768299394604,0.5763181067694,-0.6290588882773802,-0.6300385250412768,-0.34932305998899277,20865.74821133737,1.8282017230987542
0.923778205833792,0.9437424325811777,1.6998403962575677,1.9391111722619705,1.9612768299394607,0.6463181067694,-0.6290588882773802,-0.6300385250412768,-0.34932305998899277,20964.74821133737,1.8326305866241412
0.873778205833792,0.8937424325811777,1.6598403962575676,2.0291111722619704,2.031276829939461,0.6863181067694001,-0.6490588882773802,-0.6400385250412768,-0.34932305998899277,21107.74821133737,1.8367404460906975
0.8337782058337919,0.8437424325811776,1.5898403962575673,2.0691111722619704,2.0812768299394606,0.7463181067694001,-0.6690588882773802,-0.6500385250412768,-0.3593230599889928,21150.74821133737,1.8367404460906975
0.813778205833792,0.8237424325811777,1.5298403962575677,2.11911117226197,2.1412768299394607,0.7863181067694002,-0.6590588882773802,-0.6500385250412768,-0.34932305998899277,21019.74821133737,1.8397399902343707
0.763778205833792,0.7837424325811777,1.5098403962575677,2.1791111722619703,2.1812768299394607,0.8263181067694,-0.6590588882773802,-0.6500385250412768,-0.34932305998899277,20808.74821133737,1.8447403430938714
0.7137782058337919,0.7337424325811777,1.4098403962575676,2.2091111722619705,2.231276829939461,0.8863181067694,-0.6590588882773802,-0.6500385250412768,-0.34932305998899277,20445.74821133737,1.8497201919555657
0.673778205833792,0.6937424325811777,1.3898403962575676,2.2791111722619704,2.2912768299394606,0.9263181067694001,-0.6690588882773802,-0.6600385250412768,-0.34932305998899277,20770.74821133737,1.852286767959594
0.653778205833792,0.6637424325811777,1.3398403962575673,2.3191111722619704,2.321276829939461,0.9963181067694001,-0.6690588882773802,-0.6600385250412768,-0.34932305998899277,21069.74821133737,1.8533517837524407
0.6037782058337919,0.6137424325811777,1.2998403962575675,2.3591111722619704,2.3712768299394607,1.0063181067694003,-0.6690588882773802,-0.6600385250412768,-0.34932305998899277,21122.74821133737,1.8577422618865995
0.573778205833792,0.5937424325811776,1.2198403962575675,2.4091111722619702,2.401276829939461,1.0463181067694003,-0.6790588882773803,-0.6700385250412768,-0.34932305998899277,21101.74821133737,1.8621148586273186
0.553778205833792,0.5637424325811777,1.1598403962575676,2.4291111722619703,2.4512768299394607,1.1263181067694,-0.6790588882773803,-0.6700385250412768,-0.33932305998899276,20944.74821133737,1.8649613380432122
0.513778205833792,0.5337424325811777,1.1198403962575676,2.4591111722619705,2.4712768299394607,1.1763181067694002,-0.6690588882773802,-0.6600385250412768,-0.33932305998899276,21003.74821133737,1.866132450103759
0.4937782058337919,0.5137424325811777,1.0598403962575675,2.4991111722619705,2.5112768299394608,1.2263181067694,-0.6790588882773803,-0.6700385250412768,-0.33932305998899276,21238.74821133737,1.8692471504211419
0.45377820583379197,0.4637424325811777,1.0298403962575675,2.5191111722619706,2.531276829939461,1.2563181067694003,-0.6690588882773802,-0.6600385250412768,-0.34932305998899277,20901.74821133737,1.8742320060729973
0.43377820583379195,0.4537424325811778,0.9498403962575674,2.5491111722619704,2.571276829939461,1.3163181067693999,-0.6790588882773803,-0.6700385250412768,-0.34932305998899277,20732.74821133737,1.87725825309753
0.4037782058337919,0.4237424325811778,0.8798403962575676,2.57911117226197,2.6012768299394606,1.3763181067694,-0.6890588882773803,-0.6800385250412768,-0.34932305998899277,20783.74821133737,1.8782319545745843
0.3937782058337919,0.40374243258117776,0.8298403962575676,2.59911117226197,2.611276829939461,1.4063181067694002,-0.6890588882773803,-0.6800385250412768,-0.33932305998899276,20920.74821133737,1.8822319030761676
0.3637782058337919,0.38374243258117774,0.7998403962575675,2.6091111722619704,2.6212768299394607,1.4363181067694,-0.6890588882773803,-0.6800385250412768,-0.33932305998899276,20821.74821133737,1.8856300830841057
0.35377820583379194,0.3637424325811777,0.7198403962575675,2.6391111722619702,2.6612768299394607,1.5163181067694,-0.6890588882773803,-0.6800385250412768,-0.33932305998899276,20648.74821133737,1.8896107196807819
0.3237782058337919,0.32374243258117774,0.6698403962575676,2.6691111722619705,2.6812768299394607,1.5363181067694,-0.6890588882773803,-0.6800385250412768,-0.32932305998899275,20335.74821133737,1.8906630992889397
0.3137782058337919,0.31374243258117773,0.6298403962575676,2.6791111722619703,2.7012768299394607,1.5863181067693999,-0.6890588882773803,-0.6800385250412768,-0.33932305998899276,20368.74821133737,1.8933012008666985
0.29377820583379194,0.29374243258117777,0.5998403962575676,2.6991111722619703,2.7012768299394607,1.5863181067693999,-0.6790588882773803,-0.6700385250412768,-0.32932305998899275,20543.74821133737,1.8986026763915973
0.28377820583379193,0.29374243258117777,0.5398403962575675,2.7091111722619705,2.7212768299394607,1.6363181067694001,-0.6790588882773803,-0.6700385250412768,-0.32932305998899275,20178.74821133737,1.9027306556701653
0.2737782058337919,0.27374243258117775,0.4898403962575675,2.7191111722619703,2.7412768299394608,1.6963181067693998,-0.6890588882773803,-0.6800385250412768,-0.32932305998899275,20093.74821133737,1.9027306556701653
0.2437782058337919,0.26374243258117774,0.43984039625756743,2.7291111722619705,2.751276829939461,1.7263181067694,-0.6890588882773803,-0.6800385250412768,-0.32932305998899275,20090.74821133737,1.9057094573974602
0.23377820583379194,0.23374243258117777,0.3798403962575676,2.7591111722619703,2.781276829939461,1.7763181067693998,-0.6790588882773803,-0.6700385250412768,-0.3193230599889928,19801.74821133737,1.9107095718383782
0.21377820583379192,0.22374243258117776,0.3798403962575676,2.7491111722619705,2.781276829939461,1.7663181067694,-0.6790588882773803,-0.6700385250412768,-0.3193230599889928,19924.74821133737,1.9146146297454827
0.22377820583379193,0.23374243258117777,0.3598403962575676,2.7791111722619704,2.7912768299394606,1.7863181067694,-0.6890588882773803,-0.6700385250412768,-0.3193230599889928,19399.74821133737,1.9181053161621087
0.21377820583379192,0.22374243258117776,0.3498403962575676,2.7791111722619704,2.801276829939461,1.7963181067693998,-0.6790588882773803,-0.6600385250412768,-0.3193230599889928,19506.74821133737,1.9186727523803704
0.20377820583379191,0.20374243258117775,0.29984039625756753,2.7991111722619704,2.8112768299394606,1.8363181067693999,-0.6790588882773803,-0.6600385250412768,-0.3193230599889928,19797.74821133737,1.9231161594390862
0.1837782058337919,0.19374243258117774,0.2698403962575675,2.80911117226197,2.8312768299394606,1.8463181067694001,-0.6690588882773802,-0.6600385250412768,-0.3093230599889928,19362.74821133737,1.9270734310150104
0.16377820583379193,0.16374243258117777,0.2798403962575675,2.8191111722619704,2.841276829939461,1.8463181067694001,-0.6790588882773803,-0.6600385250412768,-0.3093230599889928,18903.74821133737,1.9305519580841057
0.16377820583379193,0.17374243258117777,0.2698403962575675,2.82911117226197,2.8512768299394606,1.8263181067694,-0.6590588882773802,-0.6500385250412768,-0.2993230599889928,18970.74821133737,1.9305519580841057
0.16377820583379193,0.17374243258117777,0.2598403962575675,2.82911117226197,2.8512768299394606,1.8563181067694,-0.6590588882773802,-0.6500385250412768,-0.2993230599889928,18583.74821133737,1.9345066070556634
0.15377820583379193,0.16374243258117777,0.19984039625756755,2.8391111722619704,2.861276829939461,1.8863181067694001,-0.6590588882773802,-0.6600385250412768,-0.28932305998899277,18380.74821133737,1.93864197731018
0.14377820583379192,0.15374243258117776,0.20984039625756756,2.8391111722619704,2.861276829939461,1.8963181067694,-0.6590588882773802,-0.6500385250412768,-0.28932305998899277,18723.74821133737,1.9419586181640618
0.15377820583379193,0.15374243258117776,0.1498403962575675,2.82911117226197,2.861276829939461,1.8963181067694,-0.6490588882773802,-0.6500385250412768,-0.27932305998899276,18358.74821133737,1.9430024147033684
0.15377820583379193,0.15374243258117776,0.17984039625756754,2.82911117226197,2.8512768299394606,1.8663181067694001,-0.6490588882773802,-0.6400385250412768,-0.27932305998899276,17989.74821133737,1.9470071315765374
0.14377820583379192,0.14374243258117775,0.15984039625756752,2.82911117226197,2.8512768299394606,1.8663181067694001,-0.6390588882773802,-0.6300385250412768,-0.27932305998899276,18136.74821133737,1.9514753341674798
0.1337782058337919,0.13374243258117774,0.1398403962575675,2.82911117226197,2.8512768299394606,1.8663181067694001,-0.6290588882773802,-0.6200385250412768,-0.27932305998899276,17811.74821133737,1.9554755210876458
0.12377820583379194,0.12374243258117774,0.1398403962575675,2.8191111722619704,2.8512768299394606,1.8563181067694,-0.6290588882773802,-0.6200385250412768,-0.26932305998899275,17620.74821133737,1.9554755210876458
0.12377820583379194,0.12374243258117774,0.1198403962575676,2.8191111722619704,2.841276829939461,1.8663181067694001,-0.6090588882773802,-0.6100385250412768,-0.26932305998899275,17693.74821133737,1.9594749927520745
0.11377820583379193,0.12374243258117774,0.10984039625756759,2.80911117226197,2.8312768299394606,1.8463181067694001,-0.5790588882773803,-0.5800385250412767,-0.26932305998899275,17628.74821133737,1.9634778022766106
0.10377820583379192,0.10374243258117773,0.1298403962575675,2.80911117226197,2.8312768299394606,1.8263181067694,-0.5790588882773803,-0.5700385250412767,-0.25932305998899274,17583.74821133737,1.9668721675872796
0.10377820583379192,0.10374243258117773,0.09984039625756758,2.7791111722619704,2.8112768299394606,1.8063181067694,-0.5590588882773803,-0.5500385250412768,-0.25932305998899274,17888.74821133737,1.9679426670074456
0.10377820583379192,0.11374243258117774,0.08984039625756757,2.7691111722619706,2.801276829939461,1.8063181067694,-0.5490588882773803,-0.5400385250412768,-0.25932305998899274,17667.74821133737,1.9719631195068388
0.10377820583379192,0.10374243258117773,0.08984039625756757,2.7491111722619705,2.781276829939461,1.8063181067694,-0.5490588882773803,-0.5500385250412768,-0.24932305998899276,17032.74821133737,1.9762579917907708
0.10377820583379192,0.10374243258117773,0.05984039625756754,2.7391111722619703,2.7612768299394608,1.7963181067693998,-0.5190588882773803,-0.5200385250412768,-0.24932305998899276,16857.74821133737,1.979730319976806
0.10377820583379192,0.10374243258117773,0.06984039625756755,2.7091111722619705,2.7412768299394608,1.7963181067693998,-0.5090588882773803,-0.5100385250412768,-0.24932305998899276,17022.74821133737,1.983676862716674
0.10377820583379192,0.10374243258117773,0.06984039625756755,2.6891111722619705,2.711276829939461,1.7563181067693998,-0.48905888827738025,-0.4800385250412768,-0.23932305998899275,16939.74821133737,1.9847480773925774
0.10377820583379192,0.10374243258117773,0.04984039625756753,2.6691111722619705,2.7012768299394607,1.7463181067694,-0.46905888827738024,-0.4700385250412768,-0.22932305998899277,16974.74821133737,1.98812289237976
0.08377820583379193,0.09374243258117775,0.04984039625756753,2.6491111722619705,2.6812768299394607,1.7363181067693998,-0.4490588882773803,-0.4500385250412768,-0.22932305998899277,16641.74821133737,1.99312419891357
0.09377820583379194,0.09374243258117775,0.029840396257567514,2.6291111722619704,2.6612768299394607,1.7263181067694,-0.43905888827738027,-0.44003852504127683,-0.22932305998899277,16096.74821133737,1.9960991859436028
0.08377820583379193,0.08374243258117774,0.05984039625756754,2.5891111722619704,2.6212768299394607,1.7063181067694,-0.40905888827738024,-0.4100385250412768,-0.20932305998899275,16273.74821133737,1.9971227169036858
0.08377820583379193,0.09374243258117775,0.029840396257567514,2.55911117226197,2.5812768299394606,1.6663181067694,-0.3690588882773802,-0.35003852504127675,-0.19932305998899275,15986.74821133737,2.0001384735107415
0.08377820583379193,0.09374243258117775,0.009840396257567496,2.4991111722619705,2.5412768299394606,1.6863181067694,-0.3390588882773803,-0.34003852504127685,-0.19932305998899275,15743.74821133737,2.0051753044128375
0.08377820583379193,0.08374243258117774,0.029840396257567514,2.4591111722619705,2.501276829939461,1.6663181067694,-0.29905888827738025,-0.3000385250412768,-0.19932305998899275,15810.74821133737,2.0080010414123564
0.08377820583379193,0.09374243258117775,-0.00015960374243251252,2.4191111722619705,2.461276829939461,1.6863181067694,-0.27905888827738023,-0.2800385250412768,-0.19932305998899275,15495.74821133737,2.0090596199035637
0.07377820583379192,0.08374243258117774,-0.030159603742432428,2.4291111722619703,2.461276829939461,1.6863181067694,-0.28905888827738024,-0.2800385250412768,-0.19932305998899275,15696.74821133737,2.0126149177551262
0.07377820583379192,0.08374243258117774,-0.01015960374243241,2.3791111722619704,2.4112768299394607,1.6563181067694002,-0.2390588882773803,-0.24003852504127676,-0.18932305998899274,15615.74821133737,2.017106246948238
0.06377820583379194,0.07374243258117773,-0.04015960374243244,2.3391111722619704,2.381276829939461,1.6263181067694,-0.20905888827738028,-0.22003852504127686,-0.18932305998899274,15378.74821133737,2.020609807968139
0.06377820583379194,0.07374243258117773,-0.02015960374243242,2.3191111722619704,2.3512768299394606,1.5863181067693999,-0.18905888827738027,-0.19003852504127683,-0.16932305998899277,15135.74821133737,2.0216664791107206
0.07377820583379192,0.07374243258117773,0.009840396257567496,2.2691111722619706,2.3112768299394606,1.5463181067693998,-0.14905888827738023,-0.1600385250412768,-0.15932305998899277,15344.74821133737,2.0256640434265165
0.06377820583379194,0.07374243258117773,0.019840396257567505,2.2191111722619703,2.2612768299394608,1.5363181067694,-0.1090588882773803,-0.12003852504127677,-0.14932305998899276,15269.74821133737,2.0296840190887444
0.06377820583379194,0.07374243258117773,-0.00015960374243251252,2.1891111722619705,2.2412768299394608,1.5263181067693998,-0.07905888827738028,-0.08003852504127684,-0.14932305998899276,15076.74821133737,2.0336842060089104
0.07377820583379192,0.06374243258117775,0.019840396257567505,2.11911117226197,2.1612768299394607,1.5263181067693998,-0.019058888277380226,-0.02003852504127679,-0.13932305998899275,15225.74821133737,2.0336842060089104
0.06377820583379194,0.06374243258117775,0.03984039625756752,2.0691111722619704,2.1012768299394606,1.4563181067694,0.030941111722619707,0.019961474958723247,-0.12932305998899274,15264.74821133737,2.03768439292908
0.053778205833791934,0.06374243258117775,0.03984039625756752,2.0091111722619703,2.051276829939461,1.4463181067693998,0.07094111172261974,0.05996147495872317,-0.12932305998899274,15217.74821133737,2.0413796424865716
0.053778205833791934,0.05374243258117774,0.04984039625756753,1.9491111722619703,2.001276829939461,1.4263181067694002,0.11094111172261978,0.0999614749587232,-0.13932305998899275,14896.74821133737,2.045286607742309
0.053778205833791934,0.06374243258117775,0.05984039625756754,1.8991111722619705,1.9512768299394605,1.3963181067694,0.15094111172261981,0.13996147495872324,-0.11932305998899279,14525.74821133737,2.0493330478668206
0.053778205833791934,0.06374243258117775,0.08984039625756757,1.8791111722619704,1.9212768299394607,1.3563181067694,0.17094111172261983,0.14996147495872325,-0.13932305998899275,14650.74821133737,2.050338697433471
0.053778205833791934,0.06374243258117775,0.08984039625756757,1.8091111722619702,1.8612768299394606,1.2963181067694003,0.23094111172261966,0.2099614749587233,-0.10932305998899278,14771.74821133737,2.0540918827056878
0.06377820583379194,0.06374243258117775,0.09984039625756758,1.7791111722619704,1.8312768299394604,1.2563181067694003,0.24094111172261967,0.2299614749587231,-0.11932305998899279,14580.74821133737,2.0580744266510003
0.06377820583379194,0.06374243258117775,0.10984039625756759,1.7191111722619703,1.7712768299394606,1.2063181067694,0.31094111172261973,0.28996147495872315,-0.10932305998899278,14625.74821133737,2.0621156215667718
0.06377820583379194,0.06374243258117775,0.10984039625756759,1.66911117226197,1.7212768299394605,1.1763181067694002,0.33094111172261975,0.3199614749587232,-0.08932305998899276,14508.74821133737,2.0621156215667718
0.06377820583379194,0.07374243258117773,0.10984039625756759,1.6491111722619705,1.6912768299394605,1.1563181067694002,0.3609411117226198,0.3599614749587232,-0.07932305998899275,14715.74821133737,2.0661620616912835
0.06377820583379194,0.06374243258117775,0.08984039625756757,1.5991111722619702,1.6512768299394607,1.1463181067694,0.4009411117226198,0.38996147495872324,-0.07932305998899275,14790.74821133737,2.070491743087768
0.06377820583379194,0.07374243258117773,0.09984039625756758,1.5391111722619701,1.5912768299394606,1.1163181067694001,0.47094111172261965,0.4499614749587233,-0.06932305998899274,14281.74821133737,2.073842000961303
0.06377820583379194,0.06374243258117775,0.10984039625756759,1.49911117226197,1.5512768299394606,1.0863181067693999,0.5109411117226197,0.4999614749587231,-0.04932305998899278,13810.74821133737,2.07461233139038
0.053778205833791934,0.06374243258117775,0.07984039625756756,1.4691111722619703,1.5212768299394606,1.0863181067693999,0.5309411117226197,0.5099614749587231,-0.04932305998899278,13607.74821133737,2.0785920143127434
0.06377820583379194,0.06374243258117775,0.08984039625756757,1.4491111722619703,1.4912768299394605,1.0563181067694,0.5709411117226197,0.5499614749587232,-0.04932305998899278,13578.74821133737,2.082591485977172
0.06377820583379194,0.06374243258117775,0.08984039625756757,1.3891111722619702,1.4312768299394605,1.0163181067694,0.6309411117226198,0.6099614749587232,-0.03932305998899277,13755.74821133737,2.0859217166900628
0.053778205833791934,0.05374243258117774,0.06984039625756755,1.3291111722619702,1.3612768299394606,0.9863181067694001,0.6709411117226198,0.6499614749587233,-0.019323059988992752,13734.74821133737,2.08661336898804
0.053778205833791934,0.05374243258117774,0.05984039625756754,1.2791111722619704,1.3312768299394606,0.9863181067694001,0.6909411117226198,0.6699614749587233,0.0006769400110072099,13019.74821133737,2.0895924091339104
0.043778205833791925,0.04374243258117773,0.04984039625756753,1.24911117226197,1.2812768299394606,0.9563181067694001,0.7309411117226197,0.7099614749587233,0.030676940011007237,12622.74821133737,2.0949677944183307
0.033778205833791944,0.04374243258117773,0.06984039625756755,1.22911117226197,1.2612768299394606,0.9463181067694001,0.7409411117226197,0.7199614749587231,0.030676940011007237,12283.74821133737,2.098478746414184
0.033778205833791944,0.04374243258117773,0.03984039625756752,1.2191111722619703,1.2512768299394605,0.8963181067694,0.7309411117226197,0.7099614749587233,0.07067694001100727,12240.74821133737,2.098478746414184
0.023778205833791935,0.02374243258117774,0.029840396257567514,1.22911117226197,1.2612768299394606,0.9063181067694001,0.7309411117226197,0.7199614749587231,0.10067694001100719,11797.74821133737,2.102467966079711
0.013778205833791926,0.02374243258117774,-0.00015960374243251252,1.1791111722619703,1.2212768299394605,0.8963181067694,0.7509411117226197,0.7399614749587231,0.10067694001100719,10924.74821133737,2.1064798355102496
0.013778205833791926,0.02374243258117774,-0.030159603742432428,1.1191111722619702,1.1412768299394607,0.8563181067694,0.7709411117226197,0.7699614749587231,0.14067694001100722,10641.74821133737,2.111361694335937
0.013778205833791926,0.01374243258117773,-0.060159603742432455,1.0891111722619704,1.1212768299394607,0.8263181067694,0.7809411117226197,0.7999614749587232,0.19067694001100727,10160.74821133737,2.111361694335937
0.003778205833791931,0.003742432581177735,-0.07015960374243246,1.0391111722619701,1.0712768299394606,0.8263181067694,0.8209411117226197,0.8199614749587232,0.2506769400110072,10143.74821133737,2.1158680438995354
-0.006221794166208064,0.003742432581177735,-0.08015960374243247,1.0191111722619701,1.0312768299394606,0.8163181067694,0.8309411117226198,0.8399614749587232,0.3306769400110073,9486.74821133737,2.1189302921295194
-0.016221794166208073,-0.01625756741882227,-0.15015960374243242,0.9791111722619702,0.9912768299394605,0.7563181067694001,0.8209411117226197,0.8099614749587232,0.41067694001100724,8725.74821133737,2.12398977279663
-0.026221794166208068,-0.026257567418822264,-0.19015960374243246,0.9191111722619701,0.9412768299394605,0.7263181067694001,0.8209411117226197,0.8099614749587232,0.5606769400110072,8460.74821133737,2.1272344112396233
-0.03622179416620806,-0.03625756741882226,-0.29015960374243244,0.8191111722619703,0.8412768299394606,0.7263181067694001,0.8909411117226198,0.8899614749587232,0.7106769400110071,7935.74821133737,2.1279897212982135
-0.06622179416620808,-0.06625756741882227,-0.2701596037424325,0.7791111722619702,0.8012768299394606,0.7063181067694001,1.0409411117226197,1.0699614749587232,0.8106769400110072,7278.74821133737,2.131989908218383
-0.06622179416620808,-0.06625756741882227,-0.32015960374243246,0.6691111722619703,0.7012768299394606,0.7463181067694001,1.1709411117226198,1.1699614749587233,0.8906769400110073,5901.74821133737,2.135989618301391
-0.07622179416620807,-0.07625756741882227,-0.35015960374243243,0.6191111722619702,0.6512768299394606,0.6563181067694001,1.2309411117226199,1.239961474958723,1.0006769400110072,4934.74821133737,2.1393296241760247
-0.07622179416620807,-0.07625756741882227,-0.38015960374243246,0.5591111722619703,0.5612768299394606,0.5863181067694,1.2809411117226197,1.2899614749587234,1.0506769400110072,4625.74821133737,2.1393296241760247
-0.07622179416620807,-0.07625756741882227,-0.37015960374243245,0.5091111722619702,0.5312768299394606,0.5863181067694,1.3209411117226197,1.3299614749587234,1.0606769400110072,4628.74821133737,2.1431340694427483
-0.07622179416620807,-0.07625756741882227,-0.37015960374243245,0.5091111722619702,0.5312768299394606,0.5563181067694002,1.3609411117226198,1.3799614749587232,1.0806769400110072,4525.74821133737,2.14806861877441
-0.08622179416620807,-0.07625756741882227,-0.36015960374243244,0.4591111722619703,0.4812768299394605,0.5263181067694002,1.3909411117226196,1.3999614749587233,1.1106769400110073,4584.74821133737,2.1518575668334954
-0.07622179416620807,-0.07625756741882227,-0.36015960374243244,0.42911117226197026,0.4512768299394606,0.4763181067694001,1.4309411117226196,1.449961474958723,1.170676940011007,4263.74821133737,2.1528982639312737
-0.08622179416620807,-0.08625756741882226,-0.38015960374243246,0.42911117226197026,0.4512768299394606,0.4563181067694001,1.4409411117226198,1.449961474958723,1.200676940011007,3906.74821133737,2.156294298172
-0.08622179416620807,-0.08625756741882226,-0.38015960374243246,0.39911117226197024,0.4212768299394606,0.4763181067694001,1.4709411117226197,1.489961474958723,1.190676940011007,4145.74821133737,2.1607157707214384
-0.08622179416620807,-0.08625756741882226,-0.38015960374243246,0.39911117226197024,0.4112768299394606,0.4463181067694001,1.4909411117226197,1.5099614749587231,1.180676940011007,4208.74821133737,2.163977336883544
-0.08622179416620807,-0.07625756741882227,-0.39015960374243247,0.3591111722619702,0.39127682993946056,0.40631810676940006,1.5309411117226197,1.5499614749587232,1.2106769400110071,4345.74821133737,2.1647154808044426
-0.07622179416620807,-0.07625756741882227,-0.41015960374243243,0.3791111722619702,0.39127682993946056,0.39631810676940005,1.50094111172262,1.5299614749587231,1.2206769400110071,4370.74821133737,2.1687366485595696
-0.07622179416620807,-0.07625756741882227,-0.4001596037424325,0.3391111722619703,0.3512768299394605,0.38631810676940004,1.5309411117226197,1.5599614749587234,1.2506769400110072,4099.74821133737,2.1727363586425774
-0.08622179416620807,-0.08625756741882226,-0.4001596037424325,0.3291111722619703,0.3412768299394606,0.36631810676940013,1.54094111172262,1.5599614749587234,1.3006769400110072,4142.74821133737,2.1767363071441643
-0.08622179416620807,-0.07625756741882227,-0.4001596037424325,0.3191111722619703,0.3512768299394605,0.3363181067694001,1.54094111172262,1.5699614749587232,1.3306769400110072,4147.74821133737,2.1767363071441643
-0.08622179416620807,-0.08625756741882226,-0.39015960374243247,0.29911117226197026,0.3112768299394606,0.3363181067694001,1.5509411117226197,1.5799614749587234,1.3406769400110072,3758.74821133737,2.1801428318023675
-0.08622179416620807,-0.08625756741882226,-0.4001596037424325,0.26911117226197023,0.3012768299394606,0.3063181067694001,1.5709411117226197,1.5799614749587234,1.3806769400110073,3519.74821133737,2.1840700626373284
-0.08622179416620807,-0.08625756741882226,-0.42015960374243244,0.23911117226197026,0.26127682993946055,0.26631810676940004,1.5809411117226195,1.599961474958723,1.4006769400110073,3974.74821133737,2.188158464431762
-0.08622179416620807,-0.08625756741882226,-0.42015960374243244,0.19911117226197023,0.2212768299394606,0.26631810676940004,1.6009411117226195,1.619961474958723,1.410676940011007,3989.74821133737,2.19222183227539
-0.08622179416620807,-0.08625756741882226,-0.41015960374243243,0.19911117226197023,0.2112768299394606,0.24631810676940014,1.5709411117226197,1.5899614749587232,1.440676940011007,3772.74821133737,2.1932062625885003
-0.08622179416620807,-0.08625756741882226,-0.42015960374243244,0.19911117226197023,0.20127682993946058,0.25631810676940003,1.5709411117226197,1.5799614749587234,1.450676940011007,4107.74821133737,2.1965407848358147
-0.08622179416620807,-0.08625756741882226,-0.44015960374243246,0.18911117226197022,0.19127682993946057,0.2163181067694001,1.5509411117226197,1.5699614749587232,1.4706769400110071,4158.74821133737,2.2015454292297356
-0.08622179416620807,-0.08625756741882226,-0.44015960374243246,0.17911117226197026,0.20127682993946058,0.22631810676940012,1.52094111172262,1.5399614749587234,1.4706769400110071,4001.74821133737,2.20497817993164
-0.08622179416620807,-0.08625756741882226,-0.43015960374243245,0.16911117226197026,0.18127682993946062,0.2163181067694001,1.5109411117226197,1.5299614749587231,1.4806769400110071,3384.74821133737,2.2059590339660637
-0.08622179416620807,-0.07625756741882227,-0.43015960374243245,0.14911117226197024,0.1512768299394606,0.23631810676940013,1.5109411117226197,1.5199614749587234,1.5006769400110072,3123.74821133737,2.2100295543670647
-0.08622179416620807,-0.08625756741882226,-0.45015960374243247,0.12911117226197022,0.14127682993946059,0.22631810676940012,1.50094111172262,1.5199614749587234,1.4906769400110071,3242.74821133737,2.214232635498046
-0.08622179416620807,-0.08625756741882226,-0.44015960374243246,0.12911117226197022,0.13127682993946058,0.18631810676940008,1.4309411117226196,1.449961474958723,1.4906769400110071,3307.74821133737,2.216943454742431
-0.08622179416620807,-0.08625756741882226,-0.45015960374243247,0.12911117226197022,0.13127682993946058,0.17631810676940007,1.4209411117226198,1.4399614749587233,1.4906769400110071,3228.74821133737,2.2176301002502434
-0.08622179416620807,-0.08625756741882226,-0.43015960374243245,0.12911117226197022,0.14127682993946059,0.17631810676940007,1.4109411117226196,1.4199614749587233,1.4706769400110071,3317.74821133737,2.2219960212707512
-0.08622179416620807,-0.08625756741882226,-0.43015960374243245,0.07911117226197023,0.0912768299394606,0.1963181067694001,1.3809411117226198,1.3999614749587233,1.4706769400110071,3192.74821133737,2.225300741195678
-0.08622179416620807,-0.08625756741882226,-0.43015960374243245,0.06911117226197022,0.07127682993946058,0.15631810676940006,1.3609411117226198,1.3999614749587233,1.4606769400110071,2845.74821133737,2.229536008834838
-0.08622179416620807,-0.08625756741882226,-0.45015960374243247,0.07911117226197023,0.0912768299394606,0.12631810676940003,1.31094111172262,1.3299614749587234,1.5206769400110072,2726.74821133737,2.2306062698364215
-0.08622179416620807,-0.08625756741882226,-0.45015960374243247,0.08911117226197024,0.1012768299394606,0.12631810676940003,1.2609411117226197,1.2699614749587234,1.5106769400110072,2893.74821133737,2.233607482910159
-0.08622179416620807,-0.08625756741882226,-0.44015960374243246,0.05911117226197027,0.061276829939460625,0.12631810676940003,1.2409411117226197,1.2499614749587233,1.4706769400110071,2988.74821133737,2.2386433601379387
-0.08622179416620807,-0.08625756741882226,-0.4601596037424325,0.04911117226197026,0.051276829939460616,0.09631810676940011,1.1909411117226198,1.199961474958723,1.440676940011007,2131.74821133737,2.2418081283569293
-0.08622179416620807,-0.08625756741882226,-0.4601596037424325,0.05911117226197027,0.061276829939460625,0.0863181067694001,1.1109411117226198,1.1299614749587232,1.4006769400110073,2256.74821133737,2.2426433086395257
-0.07622179416620807,-0.08625756741882226,-0.45015960374243247,0.05911117226197027,0.061276829939460625,0.12631810676940003,1.0309411117226197,1.0499614749587232,1.3206769400110072,2411.74821133737,2.2456433296203606
-0.07622179416620807,-0.07625756741882227,-0.42015960374243244,0.04911117226197026,0.061276829939460625,0.09631810676940011,0.9809411117226197,0.9999614749587231,1.2606769400110072,2268.74821133737,2.2506641864776604
-0.07622179416620807,-0.07625756741882227,-0.43015960374243245,0.05911117226197027,0.051276829939460616,0.10631810676940012,0.9309411117226198,0.9499614749587233,1.2506769400110072,1947.7482113373699,2.254643392562862
-0.07622179416620807,-0.07625756741882227,-0.42015960374243244,0.03911117226197025,0.04127682993946061,0.09631810676940011,0.8509411117226198,0.8499614749587232,1.180676940011007,1646.7482113373699,2.257860612869262
-0.07622179416620807,-0.07625756741882227,-0.4001596037424325,0.029111172261970242,0.0312768299394606,0.0763181067694001,0.7609411117226197,0.7999614749587232,1.1206769400110073,1525.7482113373699,2.25886960029602
-0.07622179416620807,-0.07625756741882227,-0.4001596037424325,0.019111172261970233,0.0312768299394606,0.09631810676940011,0.7409411117226197,0.7599614749587231,1.0606769400110072,1454.7482113373699,2.263356399536132
-0.07622179416620807,-0.07625756741882227,-0.38015960374243246,0.019111172261970233,0.02127682993946059,0.09631810676940011,0.6809411117226198,0.7099614749587233,1.0506769400110072,1137.7482113373699,2.266531896591186
-0.07622179416620807,-0.07625756741882227,-0.37015960374243245,0.019111172261970233,0.02127682993946059,0.0763181067694001,0.6809411117226198,0.6999614749587233,1.0506769400110072,1280.7482113373699,2.2704534053802483
-0.07622179416620807,-0.07625756741882227,-0.36015960374243244,0.019111172261970233,0.02127682993946059,0.0763181067694001,0.6609411117226198,0.6799614749587233,1.0406769400110072,1207.7482113373699,2.2713427066802936
-0.07622179416620807,-0.06625756741882227,-0.35015960374243243,0.009111172261970252,0.011276829939460609,0.10631810676940012,0.6209411117226198,0.6299614749587232,1.0406769400110072,892.7482113373699,2.2745146274566643
-0.07622179416620807,-0.07625756741882227,-0.3401596037424325,0.019111172261970233,0.02127682993946059,0.09631810676940011,0.5809411117226198,0.5999614749587232,1.0106769400110072,1059.7482113373699,2.278928232192996
-0.07622179416620807,-0.06625756741882227,-0.3401596037424325,0.009111172261970252,0.011276829939460609,0.0763181067694001,0.5909411117226198,0.6099614749587232,0.9806769400110071,880.7482113373699,2.2829246044158893
-0.07622179416620807,-0.07625756741882227,-0.3301596037424325,0.019111172261970233,0.011276829939460609,0.0863181067694001,0.5509411117226197,0.5599614749587232,0.9906769400110071,1067.7482113373699,2.2829246044158893
-0.07622179416620807,-0.07625756741882227,-0.3301596037424325,-0.0008888277380297571,0.0012768299394605997,0.06631810676940009,0.5009411117226197,0.5199614749587231,0.9706769400110071,980.7482113373699,2.287922811508178
-0.06622179416620808,-0.06625756741882227,-0.31015960374243245,-0.0008888277380297571,0.0012768299394605997,0.05631810676940008,0.43094111172261984,0.4499614749587233,0.9006769400110073,1379.7482113373699,2.2909230709075956
-0.06622179416620808,-0.06625756741882227,-0.31015960374243245,-0.010888827738029766,-0.008723170060539409,0.05631810676940008,0.32094111172261974,0.3399614749587232,0.7906769400110072,1118.7482113373699,2.2952315330505364
-0.06622179416620808,-0.06625756741882227,-0.30015960374243245,-0.010888827738029766,-0.008723170060539409,0.05631810676940008,0.3009411117226197,0.29996147495872316,0.7006769400110071,721.7482113373699,2.29624600410461
-0.06622179416620808,-0.06625756741882227,-0.29015960374243244,-0.010888827738029766,-0.008723170060539409,0.03631810676940006,0.18094111172261984,0.2199614749587231,0.5506769400110072,808.7482113373699,2.2984838008880644
-0.06622179416620808,-0.06625756741882227,-0.2801596037424325,-0.020888827738029747,-0.01872317006053939,0.0863181067694001,0.060941111722619734,0.0999614749587232,0.3906769400110072,1031.7482113373699,2.30353755950928
-0.06622179416620808,-0.06625756741882227,-0.2801596037424325,-0.020888827738029747,-0.01872317006053939,0.0763181067694001,0.0009411117226197918,0.009961474958723238,0.3606769400110072,968.7482113373699,2.3079673767089837
-0.06622179416620808,-0.06625756741882227,-0.2701596037424325,-0.030888827738029756,-0.0287231700605394,0.06631810676940009,-0.019058888277380226,-0.01003852504127678,0.31067694001100726,727.7482113373699,2.3079673767089837
-0.06622179416620808,-0.06625756741882227,-0.29015960374243244,-0.030888827738029756,-0.0287231700605394,0.05631810676940008,-0.0990588882773803,-0.08003852504127684,0.22067694001100718,390.74821133736987,2.311323118209838
-0.06622179416620808,-0.06625756741882227,-0.29015960374243244,-0.030888827738029756,-0.0287231700605394,0.04631810676940007,-0.0990588882773803,-0.08003852504127684,0.22067694001100718,143.74821133736987,2.3153402328491204
-0.06622179416620808,-0.06625756741882227,-0.2701596037424325,-0.030888827738029756,-0.0287231700605394,0.05631810676940008,-0.14905888827738023,-0.14003852504127678,0.13067694001100721,320.74821133736987,2.32017107009888
-0.06622179416620808,-0.06625756741882227,-0.2701596037424325,-0.020888827738029747,-0.01872317006053939,0.0863181067694001,-0.20905888827738028,-0.19003852504127683,0.1106769400110072,589.7482113373699,2.323646736145019
-0.06622179416620808,-0.05625756741882226,-0.2701596037424325,-0.020888827738029747,-0.01872317006053939,0.04631810676940007,-0.2190588882773803,-0.19003852504127683,0.10067694001100719,290.74821133736987,2.3247026920318596
-0.06622179416620808,-0.05625756741882226,-0.2701596037424325,-0.020888827738029747,-0.01872317006053939,0.05631810676940008,-0.2190588882773803,-0.20003852504127684,0.08067694001100728,155.74821133736987,2.3280617713928216
-0.06622179416620808,-0.06625756741882227,-0.26015960374243247,-0.020888827738029747,-0.01872317006053939,0.05631810676940008,-0.20905888827738028,-0.20003852504127684,0.050676940011007254,350.74821133736987,2.3320614814758294
-0.06622179416620808,-0.06625756741882227,-0.26015960374243247,-0.020888827738029747,-0.01872317006053939,0.04631810676940007,-0.2190588882773803,-0.21003852504127685,0.040676940011007245,509.74821133736987,2.3360628604888873
-0.06622179416620808,-0.06625756741882227,-0.24015960374243245,-0.020888827738029747,-0.01872317006053939,0.05631810676940008,-0.2190588882773803,-0.18003852504127682,0.010676940011007219,62.74821133736987,2.337058734893798
-0.06622179416620808,-0.06625756741882227,-0.25015960374243246,-0.020888827738029747,-0.01872317006053939,0.05631810676940008,-0.18905888827738027,-0.1600385250412768,0.020676940011007228,41.74821133736987,2.340061378479003
-0.05622179416620807,-0.05625756741882226,-0.24015960374243245,-0.020888827738029747,-0.01872317006053939,0.03631810676940006,-0.20905888827738028,-0.19003852504127683,0.020676940011007228,282.74821133736987,2.343990278244018
-0.06622179416620808,-0.05625756741882226,-0.24015960374243245,-0.020888827738029747,-0.01872317006053939,0.05631810676940008,-0.18905888827738027,-0.1700385250412768,-0.019323059988992752,253.74821133736987,2.3486217975616483
-0.05622179416620807,-0.05625756741882226,-0.24015960374243245,-0.020888827738029747,-0.01872317006053939,0.04631810676940007,-0.20905888827738028,-0.19003852504127683,-0.02932305998899276,268.74821133736987,2.3486217975616483
-0.05622179416620807,-0.06625756741882227,-0.25015960374243246,-0.020888827738029747,-0.01872317006053939,0.04631810676940007,-0.2290588882773803,-0.21003852504127685,-0.07932305998899275,71.74821133736987,2.3524689197540276
-0.05622179416620807,-0.05625756741882226,-0.24015960374243245,-0.010888827738029766,-0.008723170060539409,0.03631810676940006,-0.2390588882773803,-0.22003852504127686,-0.10932305998899278,42.74821133736987,2.3565418243408196
-0.05622179416620807,-0.05625756741882226,-0.24015960374243245,-0.020888827738029747,-0.01872317006053939,0.05631810676940008,-0.2490588882773802,-0.22003852504127686,-0.09932305998899277,381.74821133736987,2.360340785980224
-0.05622179416620807,-0.05625756741882226,-0.24015960374243245,-0.020888827738029747,-0.01872317006053939,0.05631810676940008,-0.2490588882773802,-0.22003852504127686,-0.08932305998899276,240.74821133736987,2.360340785980224
-0.06622179416620808,-0.06625756741882227,-0.25015960374243246,-0.020888827738029747,-0.01872317006053939,0.04631810676940007,-0.2290588882773803,-0.20003852504127684,-0.09932305998899277,-218.25178866263013,2.3655707359313993
-0.06622179416620808,-0.06625756741882227,-0.24015960374243245,-0.010888827738029766,-0.01872317006053939,0.05631810676940008,-0.2290588882773803,-0.21003852504127685,-0.08932305998899276,32.74821133736987,2.369590473175048
-0.06622179416620808,-0.05625756741882226,-0.24015960374243245,-0.020888827738029747,-0.01872317006053939,0.04631810676940007,-0.2190588882773803,-0.20003852504127684,-0.08932305998899276,257.74821133736987,2.372590732574462
-0.06622179416620808,-0.05625756741882226,-0.23015960374243244,-0.010888827738029766,-0.01872317006053939,0.04631810676940007,-0.2390588882773803,-0.22003852504127686,-0.06932305998899274,606.7482113373699,2.373569917678836
-0.06622179416620808,-0.05625756741882226,-0.23015960374243244,-0.010888827738029766,-0.008723170060539409,0.04631810676940007,-0.2290588882773803,-0.20003852504127684,-0.07932305998899275,121.74821133736987,2.377590370178222
-0.05622179416620807,-0.05625756741882226,-0.22015960374243249,-0.010888827738029766,-0.008723170060539409,0.04631810676940007,-0.19905888827738027,-0.18003852504127682,-0.08932305998899276,-187.25178866263013,2.3816041469574003
-0.05622179416620807,-0.05625756741882226,-0.23015960374243244,-0.030888827738029756,-0.01872317006053939,0.05631810676940008,-0.20905888827738028,-0.19003852504127683,-0.09932305998899277,-442.25178866263013,2.3859741210937493
-0.06622179416620808,-0.05625756741882226,-0.24015960374243245,-0.020888827738029747,-0.01872317006053939,0.05631810676940008,-0.2190588882773803,-0.20003852504127684,-0.09932305998899277,-319.25178866263013,2.3859741210937493
-0.05622179416620807,-0.05625756741882226,-0.22015960374243249,-0.010888827738029766,-0.008723170060539409,0.05631810676940008,-0.2190588882773803,-0.20003852504127684,-0.09932305998899277,-92.25178866263013,2.3889760494232135
-0.05622179416620807,-0.05625756741882226,-0.23015960374243244,-0.020888827738029747,-0.01872317006053939,0.04631810676940007,-0.20905888827738028,-0.19003852504127683,-0.07932305998899275,102.74821133736987,2.3934232711791985
-0.06622179416620808,-0.05625756741882226,-0.23015960374243244,-0.020888827738029747,-0.01872317006053939,0.04631810676940007,-0.20905888827738028,-0.19003852504127683,-0.09932305998899277,-330.25178866263013,2.397568178176879
-0.05622179416620807,-0.05625756741882226,-0.22015960374243249,-0.020888827738029747,-0.01872317006053939,0.03631810676940006,-0.20905888827738028,-0.18003852504127682,-0.09932305998899277,-29.251788662630133,2.40114517211914
-0.06622179416620808,-0.05625756741882226,-0.22015960374243249,-0.020888827738029747,-0.01872317006053939,0.02631810676940005,-0.19905888827738027,-0.1700385250412768,-0.08932305998899276,157.74821133736987,2.4018766403198235
-0.05622179416620807,-0.05625756741882226,-0.22015960374243249,-0.010888827738029766,-0.01872317006053939,0.04631810676940007,-0.17905888827738026,-0.1600385250412768,-0.08932305998899276,-71.25178866263013,2.4058763504028313
-0.05622179416620807,-0.06625756741882227,-0.23015960374243244,-0.020888827738029747,-0.01872317006053939,0.03631810676940006,-0.15905888827738024,-0.1500385250412768,-0.08932305998899276,-124.25178866263013,2.4098762989044182
-0.05622179416620807,-0.05625756741882226,-0.22015960374243249,-0.010888827738029766,-0.01872317006053939,0.03631810676940006,-0.16905888827738025,-0.1500385250412768,-0.06932305998899274,-29.251788662630133,2.4137944698333698
-0.05622179416620807,-0.05625756741882226,-0.21015960374243248,-0.010888827738029766,-0.008723170060539409,0.03631810676940006,-0.16905888827738025,-0.1500385250412768,-0.07932305998899275,149.74821133736987,2.4137944698333698
-0.05622179416620807,-0.05625756741882226,-0.21015960374243248,-0.010888827738029766,-0.008723170060539409,0.02631810676940005,-0.16905888827738025,-0.1600385250412768,-0.08932305998899276,120.74821133736987,2.4176158428192096
-0.05622179416620807,-0.05625756741882226,-0.21015960374243248,-0.020888827738029747,-0.01872317006053939,0.02631810676940005,-0.15905888827738024,-0.1500385250412768,-0.07932305998899275,-22.251788662630133,2.4227883338928216
-0.06622179416620808,-0.05625756741882226,-0.21015960374243248,-0.020888827738029747,-0.01872317006053939,0.02631810676940005,-0.18905888827738027,-0.1600385250412768,-0.07932305998899275,210.74821133736987,2.4261161804199176
-0.05622179416620807,-0.05625756741882226,-0.21015960374243248,-0.020888827738029747,-0.01872317006053939,0.03631810676940006,-0.18905888827738027,-0.18003852504127682,-0.08932305998899276,275.74821133736987,2.4272040843963616
-0.05622179416620807,-0.05625756741882226,-0.21015960374243248,-0.020888827738029747,-0.01872317006053939,0.03631810676940006,-0.16905888827738025,-0.1500385250412768,-0.06932305998899274,-137.25178866263013,2.43019433021545
-0.05622179416620807,-0.05625756741882226,-0.22015960374243249,-0.020888827738029747,-0.0287231700605394,0.03631810676940006,-0.17905888827738026,-0.1700385250412768,-0.06932305998899274,-12.251788662630133,2.4348279953002923
-0.05622179416620807,-0.05625756741882226,-0.23015960374243244,-0.020888827738029747,-0.01872317006053939,0.03631810676940006,-0.18905888827738027,-0.18003852504127682,-0.05932305998899279,-271.25178866263013,2.4380475997924798
-0.05622179416620807,-0.05625756741882226,-0.23015960374243244,-0.020888827738029747,-0.01872317006053939,0.03631810676940006,-0.17905888827738026,-0.1700385250412768,-0.06932305998899274,-388.25178866263013,2.4389576435089104
-0.05622179416620807,-0.05625756741882226,-0.22015960374243249,-0.020888827738029747,-0.01872317006053939,0.02631810676940005,-0.18905888827738027,-0.1700385250412768,-0.06932305998899274,-379.25178866263013,2.44295783042908
-0.05622179416620807,-0.05625756741882226,-0.22015960374243249,-0.010888827738029766,-0.01872317006053939,0.03631810676940006,-0.17905888827738026,-0.1700385250412768,-0.06932305998899274,-180.25178866263013,2.4459387779235833
-0.05622179416620807,-0.05625756741882226,-0.22015960374243249,-0.020888827738029747,-0.01872317006053939,0.02631810676940005,-0.16905888827738025,-0.1600385250412768,-0.05932305998899279,-193.25178866263013,2.4509577274322503
-0.05622179416620807,-0.05625756741882226,-0.22015960374243249,-0.020888827738029747,-0.01872317006053939,0.03631810676940006,-0.17905888827738026,-0.1700385250412768,-0.06932305998899274,-292.25178866263013,2.4509577274322503
-0.05622179416620807,-0.05625756741882226,-0.23015960374243244,-0.020888827738029747,-0.01872317006053939,0.02631810676940005,-0.18905888827738027,-0.1700385250412768,-0.05932305998899279,-79.25178866263013,2.454297256469726
-0.05622179416620807,-0.05625756741882226,-0.22015960374243249,-0.020888827738029747,-0.01872317006053939,0.02631810676940005,-0.18905888827738027,-0.18003852504127682,-0.05932305998899279,95.74821133736987,2.4594561576843255
-0.05622179416620807,-0.05625756741882226,-0.22015960374243249,-0.020888827738029747,-0.0287231700605394,0.02631810676940005,-0.17905888827738026,-0.1700385250412768,-0.05932305998899279,158.74821133736987,2.46303744316101
-0.05622179416620807,-0.05625756741882226,-0.22015960374243249,-0.030888827738029756,-0.01872317006053939,0.02631810676940005,-0.18905888827738027,-0.18003852504127682,-0.06932305998899274,119.74821133736987,2.4640829086303704
-0.05622179416620807,-0.05625756741882226,-0.21015960374243248,-0.020888827738029747,-0.01872317006053939,0.02631810676940005,-0.18905888827738027,-0.18003852504127682,-0.06932305998899274,62.74821133736987,2.46711177825928
-0.05622179416620807,-0.05625756741882226,-0.21015960374243248,-0.020888827738029747,-0.01872317006053939,0.02631810676940005,-0.17905888827738026,-0.1700385250412768,-0.06932305998899274,411.74821133736987,2.4710852622985833
-0.05622179416620807,-0.05625756741882226,-0.21015960374243248,-0.020888827738029747,-0.01872317006053939,0.02631810676940005,-0.17905888827738026,-0.1700385250412768,-0.06932305998899274,26.748211337369867,2.4753558158874505
-0.05622179416620807,-0.05625756741882226,-0.21015960374243248,-0.020888827738029747,-0.01872317006053939,0.03631810676940006,-0.17905888827738026,-0.1700385250412768,-0.06932305998899274,-92.25178866263013,2.4793190479278557
-0.05622179416620807,-0.05625756741882226,-0.21015960374243248,-0.020888827738029747,-0.01872317006053939,0.03631810676940006,-0.16905888827738025,-0.1600385250412768,-0.05932305998899279,190.74821133736987,2.4803807258605985
-0.05622179416620807,-0.05625756741882226,-0.20015960374243247,-0.020888827738029747,-0.01872317006053939,0.02631810676940005,-0.16905888827738025,-0.1600385250412768,-0.05932305998899279,285.74821133736987,2.4833714485168485
-0.05622179416620807,-0.05625756741882226,-0.20015960374243247,-0.020888827738029747,-0.01872317006053939,0.02631810676940005,-0.15905888827738024,-0.1500385250412768,-0.06932305998899274,194.74821133736987,2.48759384155273
-0.05622179416620807,-0.05625756741882226,-0.20015960374243247,-0.020888827738029747,-0.01872317006053939,0.02631810676940005,-0.15905888827738024,-0.14003852504127678,-0.06932305998899274,-178.25178866263013,2.4916226387023954
-0.05622179416620807,-0.05625756741882226,-0.20015960374243247,-0.020888827738029747,-0.01872317006053939,0.03631810676940006,-0.15905888827738024,-0.1500385250412768,-0.06932305998899274,-147.25178866263013,2.4924358844757073
-0.05622179416620807,-0.05625756741882226,-0.20015960374243247,-0.020888827738029747,-0.01872317006053939,0.03631810676940006,-0.14905888827738023,-0.14003852504127678,-0.07932305998899275,7.748211337369867,2.495639038085937
-0.05622179416620807,-0.05625756741882226,-0.20015960374243247,-0.010888827738029766,-0.008723170060539409,0.03631810676940006,-0.14905888827738023,-0.13003852504127678,-0.06932305998899274,-135.25178866263013,2.500754785537719
-0.05622179416620807,-0.05625756741882226,-0.20015960374243247,-0.010888827738029766,-0.01872317006053939,0.03631810676940006,-0.14905888827738023,-0.13003852504127678,-0.05932305998899279,-198.25178866263013,2.50433440208435
-0.05622179416620807,-0.05625756741882226,-0.20015960374243247,-0.010888827738029766,-0.01872317006053939,0.04631810676940007,-0.13905888827738022,-0.13003852504127678,-0.05932305998899279,-43.25178866263013,2.505362939834594
-0.05622179416620807,-0.05625756741882226,-0.20015960374243247,-0.020888827738029747,-0.01872317006053939,0.04631810676940007,-0.14905888827738023,-0.13003852504127678,-0.04932305998899278,21.748211337369867,2.5081717491149895
-0.05622179416620807,-0.05625756741882226,-0.20015960374243247,-0.020888827738029747,-0.01872317006053939,0.03631810676940006,-0.13905888827738022,-0.13003852504127678,-0.04932305998899278,-493.25178866263013,2.5129613399505573
-0.05622179416620807,-0.05625756741882226,-0.20015960374243247,-0.020888827738029747,-0.01872317006053939,0.03631810676940006,-0.14905888827738023,-0.14003852504127678,-0.04932305998899278,-232.25178866263013,2.515921545028686
-0.05622179416620807,-0.05625756741882226,-0.19015960374243246,-0.020888827738029747,-0.01872317006053939,0.03631810676940006,-0.14905888827738023,-0.13003852504127678,-0.05932305998899279,62.74821133736987,2.516991329193118
-0.05622179416620807,-0.05625756741882226,-0.19015960374243246,-0.020888827738029747,-0.01872317006053939,0.03631810676940006,-0.13905888827738022,-0.13003852504127678,-0.02932305998899276,-10.251788662630133,2.5204891681671135
-0.05622179416620807,-0.05625756741882226,-0.19015960374243246,-0.020888827738029747,-0.01872317006053939,0.02631810676940005,-0.1290588882773802,-0.13003852504127678,-0.03932305998899277,-201.25178866263013,2.5245279788970905
-0.05622179416620807,-0.05625756741882226,-0.20015960374243247,-0.020888827738029747,-0.01872317006053939,0.03631810676940006,-0.13905888827738022,-0.13003852504127678,-0.02932305998899276,-72.25178866263013,2.5284895420074456
-0.05622179416620807,-0.05625756741882226,-0.20015960374243247,-0.020888827738029747,-0.01872317006053939,0.03631810676940006,-0.13905888827738022,-0.13003852504127678,-0.03932305998899277,-225.25178866263013,2.5294944763183587
-0.05622179416620807,-0.05625756741882226,-0.20015960374243247,-0.020888827738029747,-0.01872317006053939,0.03631810676940006,-0.13905888827738022,-0.13003852504127678,-0.019323059988992752,-322.25178866263013,2.532487106323238
-0.05622179416620807,-0.05625756741882226,-0.19015960374243246,-0.010888827738029766,-0.01872317006053939,0.02631810676940005,-0.1290588882773802,-0.12003852504127677,-0.03932305998899277,-489.25178866263013,2.5374948501586907
-0.05622179416620807,-0.05625756741882226,-0.19015960374243246,-0.020888827738029747,-0.01872317006053939,0.02631810676940005,-0.13905888827738022,-0.12003852504127677,-0.03932305998899277,-616.2517886626301,2.541751813888549
-0.05622179416620807,-0.05625756741882226,-0.19015960374243246,-0.020888827738029747,-0.01872317006053939,0.02631810676940005,-0.1190588882773802,-0.11003852504127676,-0.03932305998899277,-41.25178866263013,2.541751813888549
-0.05622179416620807,-0.05625756741882226,-0.19015960374243246,-0.020888827738029747,-0.01872317006053939,0.02631810676940005,-0.1090588882773803,-0.10003852504127675,-0.02932305998899276,-120.25178866263013,2.5451499938964837
-0.05622179416620807,-0.05625756741882226,-0.19015960374243246,-0.020888827738029747,-0.01872317006053939,0.02631810676940005,-0.1090588882773803,-0.10003852504127675,-0.02932305998899276,-165.25178866263013,2.549150657653808
-0.05622179416620807,-0.05625756741882226,-0.19015960374243246,-0.020888827738029747,-0.01872317006053939,0.016318106769400043,-0.1090588882773803,-0.10003852504127675,-0.02932305998899276,145.74821133736987,2.553810310363769
-0.05622179416620807,-0.05625756741882226,-0.19015960374243246,-0.020888827738029747,-0.01872317006053939,0.02631810676940005,-0.1090588882773803,-0.11003852504127676,-0.02932305998899276,32.74821133736987,2.553810310363769
-0.05622179416620807,-0.05625756741882226,-0.20015960374243247,-0.020888827738029747,-0.01872317006053939,0.02631810676940005,-0.1090588882773803,-0.10003852504127675,-0.02932305998899276,-108.25178866263013,2.5577904701232903
-0.05622179416620807,-0.05625756741882226,-0.19015960374243246,-0.020888827738029747,-0.01872317006053939,0.02631810676940005,-0.1090588882773803,-0.10003852504127675,-0.02932305998899276,10.748211337369867,2.561817836761474
-0.05622179416620807,-0.05625756741882226,-0.19015960374243246,-0.020888827738029747,-0.01872317006053939,0.02631810676940005,-0.1090588882773803,-0.11003852504127676,-0.019323059988992752,7.748211337369867,2.565450143814086
-0.05622179416620807,-0.05625756741882226,-0.20015960374243247,-0.020888827738029747,-0.01872317006053939,0.02631810676940005,-0.1090588882773803,-0.10003852504127675,-0.009323059988992743,162.74821133736987,2.5691949844360344
-0.05622179416620807,-0.05625756741882226,-0.19015960374243246,-0.020888827738029747,-0.01872317006053939,0.016318106769400043,-0.1190588882773802,-0.11003852504127676,-0.019323059988992752,281.74821133736987,2.5691949844360344
-0.05622179416620807,-0.05625756741882226,-0.18015960374243245,-0.020888827738029747,-0.01872317006053939,0.02631810676940005,-0.1090588882773803,-0.10003852504127675,-0.019323059988992752,276.74821133736987,2.5742911815643303
-0.05622179416620807,-0.05625756741882226,-0.19015960374243246,-0.020888827738029747,-0.01872317006053939,0.02631810676940005,-0.1090588882773803,-0.10003852504127675,-0.019323059988992752,-40.25178866263013,2.5782742023467975
-0.05622179416620807,-0.05625756741882226,-0.18015960374243245,-0.020888827738029747,-0.01872317006053939,0.02631810676940005,-0.0990588882773803,-0.09003852504127685,-0.019323059988992752,-385.25178866263013,2.581562709808349
-0.05622179416620807,-0.05625756741882226,-0.19015960374243246,-0.020888827738029747,-0.01872317006053939,0.02631810676940005,-0.1090588882773803,-0.10003852504127675,-0.02932305998899276,-558.2517886626301,2.582273912429809
-0.05622179416620807,-0.05625756741882226,-0.18015960374243245,-0.020888827738029747,-0.01872317006053939,0.02631810676940005,-0.0990588882773803,-0.10003852504127675,-0.02932305998899276,-105.25178866263013,2.5862907886505155
-0.05622179416620807,-0.05625756741882226,-0.18015960374243245,-0.020888827738029747,-0.01872317006053939,0.02631810676940005,-0.1090588882773803,-0.10003852504127675,-0.03932305998899277,101.74821133736987,2.5902845382690423
-0.05622179416620807,-0.05625756741882226,-0.17015960374243244,-0.020888827738029747,-0.01872317006053939,0.02631810676940005,-0.1090588882773803,-0.10003852504127675,-0.03932305998899277,2.7482113373698667,2.5943345546722405
-0.05622179416620807,-0.05625756741882226,-0.18015960374243245,-0.020888827738029747,-0.01872317006053939,0.02631810676940005,-0.1090588882773803,-0.10003852504127675,-0.03932305998899277,-134.25178866263013,2.5953623771667473
-0.05622179416620807,-0.05625756741882226,-0.18015960374243245,-0.020888827738029747,-0.01872317006053939,0.03631810676940006,-0.1090588882773803,-0.10003852504127675,-0.03932305998899277,-101.25178866263013,2.5987729549407987
