-0.32228846153846147,-0.3532252747252747,-0.15968131868131863,-0.2680741758241758,-0.23189010989010983,-0.4238736263736265,-0.030173076923076934,-0.20554945054945056,-0.025837912087912057,23539.157692307694,0.0031435012817375707
-0.3322884615384615,-0.3432252747252747,-0.12968131868131863,-0.2680741758241758,-0.18189010989010979,-0.4138736263736265,-0.030173076923076934,-0.19554945054945055,-0.015837912087912062,23524.157692307694,0.007129383087157493
-0.32228846153846147,-0.3032252747252747,-0.13968131868131864,-0.2680741758241758,-0.16189010989010977,-0.4138736263736265,-0.030173076923076934,-0.14554945054945057,-0.025837912087912057,23909.157692307694,0.010389518737792258
-0.3522884615384615,-0.3032252747252747,-0.13968131868131864,-0.2880741758241758,-0.14189010989010975,-0.4238736263736265,-0.030173076923076934,-0.15554945054945057,-0.025837912087912057,24152.157692307694,0.01112933158874796
-0.3422884615384615,-0.3132252747252747,-0.13968131868131864,-0.2880741758241758,-0.09189010989010982,-0.43387362637362653,-0.030173076923076934,-0.1155494505494506,-0.015837912087912062,24105.157692307694,0.01445312499999929
-0.3322884615384615,-0.3332252747252747,-0.11968131868131862,-0.2780741758241758,-0.05189010989010978,-0.45387362637362655,-0.020173076923076932,-0.14554945054945057,-0.025837912087912057,24070.157692307694,0.019055795669554954
-0.3122884615384615,-0.2532252747252747,-0.12968131868131863,-0.2880741758241758,-0.14189010989010975,-0.46387362637362656,-0.030173076923076934,-0.1155494505494506,-0.025837912087912057,24597.157692307694,0.02231736183166788
-0.32228846153846147,-0.23322527472527466,-0.13968131868131864,-0.2780741758241758,-0.08189010989010981,-0.45387362637362655,-0.030173076923076934,-0.1255494505494506,-0.005837912087912067,25018.157692307694,0.023055028915404563
-0.32228846153846147,-0.3032252747252747,-0.13968131868131864,-0.2880741758241758,-0.04189010989010977,-0.44387362637362654,-0.030173076923076934,-0.10554945054945059,-0.015837912087912062,25155.157692307694,0.027044486999511008
-0.32228846153846147,-0.2732252747252747,-0.17968131868131862,-0.30807417582417584,0.03810989010989019,-0.4738736263736265,-0.030173076923076934,-0.14554945054945057,-0.015837912087912062,24878.157692307694,0.031048011779788
-0.3122884615384615,-0.3232252747252747,-0.16968131868131864,-0.2880741758241758,0.0481098901098902,-0.5138736263736265,-0.020173076923076932,-0.1255494505494506,-0.015837912087912062,24731.157692307694,0.03499503135681081
-0.3522884615384615,-0.3132252747252747,-0.14968131868131862,-0.29807417582417584,0.08810989010989023,-0.5138736263736265,-0.030173076923076934,-0.1155494505494506,-0.005837912087912067,25440.157692307694,0.03607006072997976
-0.3822884615384615,-0.3332252747252747,-0.16968131868131864,-0.31807417582417585,0.11810989010989026,-0.5238736263736266,-0.020173076923076932,-0.1155494505494506,-0.015837912087912062,25197.157692307694,0.039071035385131125
-0.39228846153846153,-0.3532252747252747,-0.14968131868131862,-0.32807417582417586,0.21810989010989013,-0.5138736263736265,-0.030173076923076934,-0.08554945054945057,-0.015837912087912062,24810.157692307694,0.04323883056640554
-0.3522884615384615,-0.3632252747252747,-0.14968131868131862,-0.30807417582417584,0.3081098901098902,-0.4838736263736265,-0.030173076923076934,-0.10554945054945059,-0.005837912087912067,25309.157692307694,0.04754347801208425
-0.3822884615384615,-0.3432252747252747,-0.13968131868131864,-0.33807417582417587,0.3081098901098902,-0.49387362637362653,-0.020173076923076932,-0.07554945054945056,-0.005837912087912067,25650.157692307694,0.04754347801208425
-0.3522884615384615,-0.3032252747252747,-0.13968131868131864,-0.31807417582417585,0.36810989010989026,-0.4838736263736265,-0.020173076923076932,-0.03554945054945058,-0.005837912087912067,25549.157692307694,0.05112953186035085
-0.3122884615384615,-0.2632252747252747,-0.15968131868131863,-0.29807417582417584,0.35810989010989025,-0.46387362637362656,-0.020173076923076932,-0.03554945054945058,-0.015837912087912062,25284.157692307694,0.055394601821898704
-0.3522884615384615,-0.3032252747252747,-0.14968131868131862,-0.31807417582417585,0.4681098901098901,-0.5038736263736265,-0.01017307692307693,-0.04554945054945059,-0.005837912087912067,25579.157692307694,0.059390020370479135
-0.3722884615384615,-0.3332252747252747,-0.13968131868131864,-0.29807417582417584,0.5781098901098902,-0.4738736263736265,-0.020173076923076932,-0.02554945054945057,-0.005837912087912067,25312.157692307694,0.06039233207702921
-0.4022884615384615,-0.2932252747252747,-0.12968131868131863,-0.30807417582417584,0.6481098901098903,-0.4738736263736265,-0.01017307692307693,-0.005549450549450552,-0.015837912087912062,24955.157692307694,0.06338853836059499
-0.3722884615384615,-0.3032252747252747,-0.16968131868131864,-0.29807417582417584,0.7081098901098901,-0.46387362637362656,-0.020173076923076932,-0.005549450549450552,-0.015837912087912062,25210.157692307694,0.06742234230041078
-0.4622884615384615,-0.3032252747252747,-0.14968131868131862,-0.32807417582417586,0.8381098901098902,-0.46387362637362656,-0.030173076923076934,-0.055549450549450596,-0.005837912087912067,25197.157692307694,0.07243270874023366
-0.4122884615384615,-0.2732252747252747,-0.17968131868131862,-0.30807417582417584,0.8181098901098902,-0.45387362637362655,-0.030173076923076934,-0.03554945054945058,-0.005837912087912067,25454.157692307694,0.07589359283447195
-0.39228846153846153,-0.23322527472527466,-0.15968131868131863,-0.30807417582417584,0.8881098901098903,-0.45387362637362655,-0.020173076923076932,0.03445054945054937,-0.005837912087912067,25363.157692307694,0.07696838378906534
-0.39228846153846153,-0.2532252747252747,-0.15968131868131863,-0.30807417582417584,0.9081098901098903,-0.45387362637362655,-0.0001730769230769355,0.04445054945054938,0.01416208791208795,25758.157692307694,0.07999653816222718
-0.3322884615384615,-0.2832252747252747,-0.18968131868131863,-0.29807417582417584,0.9981098901098902,-0.44387362637362654,-0.020173076923076932,0.0644505494505494,0.004162087912087942,25955.157692307694,0.08555908203124929
-0.3622884615384615,-0.2532252747252747,-0.18968131868131863,-0.30807417582417584,1.08810989010989,-0.44387362637362654,-0.01017307692307693,0.09445054945054943,-0.005837912087912067,26140.157692307694,0.08788366317748952
-0.3822884615384615,-0.2932252747252747,-0.18968131868131863,-0.29807417582417584,1.18810989010989,-0.4138736263736265,-0.030173076923076934,0.08445054945054942,0.004162087912087942,26301.157692307694,0.0886270523071282
-0.3722884615384615,-0.3232252747252747,-0.17968131868131862,-0.31807417582417585,1.2681098901098902,-0.43387362637362653,-0.01017307692307693,0.0644505494505494,0.004162087912087942,26436.157692307694,0.09292526245117116
-0.3522884615384615,-0.3032252747252747,-0.18968131868131863,-0.35807417582417583,1.3281098901098902,-0.46387362637362656,-0.020173076923076932,0.08445054945054942,0.02416208791208793,26599.157692307694,0.09621710777282999
-0.32228846153846147,-0.3032252747252747,-0.17968131868131862,-0.32807417582417586,1.4681098901098903,-0.5138736263736265,-0.01017307692307693,0.0644505494505494,0.004162087912087942,26626.157692307694,0.10049648284911683
-0.3622884615384615,-0.3032252747252747,-0.17968131868131862,-0.3480741758241758,1.5181098901098902,-0.5038736263736265,-0.020173076923076932,0.0644505494505494,0.004162087912087942,26891.157692307694,0.10140223503112722
-0.3722884615384615,-0.2632252747252747,-0.17968131868131862,-0.33807417582417587,1.5281098901098904,-0.5038736263736265,-0.030173076923076934,0.07445054945054941,-0.005837912087912067,27322.157692307694,0.10547633171081117
-0.3522884615384615,-0.23322527472527466,-0.18968131868131863,-0.33807417582417587,1.56810989010989,-0.5038736263736265,-0.020173076923076932,0.10445054945054943,0.004162087912087942,26809.157692307694,0.10948009490966726
-0.3422884615384615,-0.24322527472527466,-0.19968131868131864,-0.32807417582417586,1.66810989010989,-0.49387362637362653,-0.020173076923076932,0.07445054945054941,0.01416208791208795,26544.157692307694,0.1127366542816155
-0.3522884615384615,-0.21322527472527475,-0.15968131868131863,-0.30807417582417584,1.66810989010989,-0.49387362637362653,-0.020173076923076932,0.12445054945054945,0.02416208791208793,26497.157692307694,0.11380596160888601
-0.3822884615384615,-0.19322527472527473,-0.17968131868131862,-0.31807417582417585,1.6781098901098903,-0.49387362637362653,-0.01017307692307693,0.14445054945054947,0.004162087912087942,26304.157692307694,0.11734981536865163
-0.3822884615384615,-0.20322527472527474,-0.17968131868131862,-0.32807417582417586,1.6981098901098903,-0.49387362637362653,-0.01017307692307693,0.16445054945054938,0.004162087912087942,26189.157692307694,0.12162203788757253
-0.3622884615384615,-0.1632252747252747,-0.18968131868131863,-0.31807417582417585,1.7081098901098901,-0.49387362637362653,-0.01017307692307693,0.1944505494505494,-0.005837912087912067,26124.157692307694,0.12519402503967214
-0.3422884615384615,-0.1432252747252747,-0.20968131868131862,-0.31807417582417585,1.6781098901098903,-0.49387362637362653,-0.01017307692307693,0.21445054945054942,0.004162087912087942,26453.157692307694,0.12624545097350648
-0.3722884615384615,-0.12322527472527467,-0.19968131868131864,-0.32807417582417586,1.68810989010989,-0.4838736263736265,-0.030173076923076934,0.23445054945054944,0.004162087912087942,26656.157692307694,0.12935657501220277
-0.39228846153846153,-0.08322527472527474,-0.19968131868131864,-0.33807417582417587,1.66810989010989,-0.46387362637362656,-0.01017307692307693,0.25445054945054946,0.004162087912087942,27043.157692307694,0.1333362579345696
-0.3622884615384615,-0.07322527472527474,-0.20968131868131862,-0.33807417582417587,1.6381098901098903,-0.46387362637362656,-0.020173076923076932,0.3044505494505494,0.004162087912087942,27404.157692307694,0.13782973289489675
-0.43228846153846145,-0.0332252747252747,-0.16968131868131864,-0.32807417582417586,1.58810989010989,-0.45387362637362655,-0.030173076923076934,0.3344505494505494,0.01416208791208795,27089.157692307694,0.14109320640563894
-0.4022884615384615,-0.003225274725274674,-0.18968131868131863,-0.31807417582417585,1.5481098901098904,-0.45387362637362655,-0.020173076923076932,0.37445054945054945,0.004162087912087942,27402.157692307694,0.14182991981506277
-0.39228846153846153,0.016774725274725344,-0.18968131868131863,-0.31807417582417585,1.5281098901098904,-0.44387362637362654,-0.0001730769230769355,0.39445054945054947,0.004162087912087942,27561.157692307694,0.14527411460876394
-0.39228846153846153,0.04677472527472526,-0.20968131868131862,-0.31807417582417585,1.5081098901098904,-0.44387362637362654,-0.01017307692307693,0.4244505494505494,0.004162087912087942,28318.157692307694,0.1497232437133782
-0.3722884615384615,0.0867747252747253,-0.15968131868131863,-0.31807417582417585,1.4781098901098901,-0.46387362637362656,-0.0001730769230769355,0.4244505494505494,0.004162087912087942,29217.157692307694,0.15323920249938894
-0.3322884615384615,0.14677472527472535,-0.19968131868131864,-0.31807417582417585,1.4081098901098903,-0.46387362637362656,-0.0001730769230769355,0.47445054945054943,0.004162087912087942,29450.157692307694,0.1542846679687493
-0.3722884615384615,0.17677472527472526,-0.17968131868131862,-0.31807417582417585,1.37810989010989,-0.45387362637362655,-0.01017307692307693,0.48445054945054944,0.01416208791208795,30057.157692307694,0.1580652713775592
-0.3522884615384615,0.2267747252747253,-0.16968131868131864,-0.3480741758241758,1.3081098901098902,-0.44387362637362654,-0.0001730769230769355,0.5244505494505495,0.02416208791208793,30402.157692307694,0.16306514739990519
-0.3822884615384615,0.25677472527472534,-0.19968131868131864,-0.31807417582417585,1.2581098901098904,-0.45387362637362655,-0.0001730769230769355,0.5844505494505495,0.004162087912087942,30131.157692307694,0.16604681015014933
-0.32228846153846147,0.3067747252747254,-0.22968131868131864,-0.29807417582417584,1.18810989010989,-0.45387362637362655,0.009826923076923073,0.6244505494505493,0.004162087912087942,30116.157692307694,0.1670441150665276
-0.3822884615384615,0.3267747252747254,-0.21968131868131863,-0.29807417582417584,1.12810989010989,-0.45387362637362655,0.009826923076923073,0.6844505494505494,0.004162087912087942,30257.157692307694,0.17008752822875906
-0.3622884615384615,0.3067747252747254,-0.23968131868131864,-0.30807417582417584,1.08810989010989,-0.44387362637362654,0.01982692307692307,0.7444505494505494,0.004162087912087942,30620.157692307694,0.17406864166259695
-0.3422884615384615,0.3167747252747254,-0.22968131868131864,-0.29807417582417584,1.08810989010989,-0.45387362637362655,0.01982692307692307,0.7944505494505495,0.004162087912087942,30875.157692307694,0.1781036376953118
-0.3322884615384615,0.28677472527472536,-0.21968131868131863,-0.2880741758241758,1.0481098901098902,-0.44387362637362654,0.009826923076923073,0.8644505494505493,0.01416208791208795,31474.157692307694,0.17910189628601358
-0.39228846153846153,0.3067747252747254,-0.18968131868131863,-0.30807417582417584,0.9981098901098902,-0.43387362637362653,0.009826923076923073,0.8844505494505494,0.01416208791208795,31493.157692307694,0.1831120967864983
-0.3522884615384615,0.28677472527472536,-0.22968131868131864,-0.2780741758241758,1.0181098901098902,-0.4238736263736265,0.01982692307692307,0.8944505494505494,0.004162087912087942,32080.157692307694,0.1871220588684075
-0.4122884615384615,0.28677472527472536,-0.20968131868131862,-0.31807417582417585,1.0081098901098902,-0.4138736263736265,0.009826923076923073,0.8944505494505494,0.01416208791208795,32087.157692307694,0.18963117599487234
-0.4022884615384615,0.26677472527472534,-0.19968131868131864,-0.29807417582417584,1.0081098901098902,-0.40387362637362656,0.01982692307692307,0.9144505494505494,0.004162087912087942,32712.157692307694,0.1906401634216266
-0.3822884615384615,0.29677472527472537,-0.20968131868131862,-0.29807417582417584,1.0181098901098902,-0.40387362637362656,0.009826923076923073,0.9144505494505494,0.004162087912087942,32931.157692307694,0.19515175819396902
-0.39228846153846153,0.3067747252747254,-0.18968131868131863,-0.2780741758241758,0.9781098901098901,-0.3638736263736265,0.01982692307692307,0.9144505494505494,0.004162087912087942,33294.157692307694,0.1984624385833733
-0.4022884615384615,0.3567747252747252,-0.17968131868131862,-0.30807417582417584,0.9281098901098903,-0.3538736263736265,0.009826923076923073,0.9444505494505494,0.004162087912087942,33649.157692307694,0.20311255455017374
-0.3522884615384615,0.3467747252747252,-0.16968131868131864,-0.2880741758241758,0.8981098901098903,-0.3338736263736265,0.03982692307692307,0.9644505494505494,-0.005837912087912067,33596.157692307694,0.20410890579223562
-0.3822884615384615,0.3667747252747252,-0.18968131868131863,-0.31807417582417585,0.9381098901098901,-0.3238736263736265,0.009826923076923073,0.9444505494505494,0.01416208791208795,33607.157692307694,0.2071802139282255
-0.3422884615384615,0.3667747252747252,-0.15968131868131863,-0.29807417582417584,0.9381098901098901,-0.3238736263736265,0.029826923076923063,0.9644505494505494,0.03416208791208794,33548.157692307694,0.21118636131286905
-0.3522884615384615,0.3767747252747252,-0.15968131868131863,-0.31807417582417585,0.8681098901098903,-0.2938736263736266,0.029826923076923063,0.9944505494505494,0.05416208791208793,33841.157692307694,0.21518392562866495
-0.3622884615384615,0.3567747252747252,-0.13968131868131864,-0.31807417582417585,0.8681098901098903,-0.27387362637362656,0.029826923076923063,1.0244505494505494,0.04416208791208795,33738.157692307694,0.21932168006896902
-0.3622884615384615,0.3067747252747254,-0.09968131868131863,-0.33807417582417587,0.9081098901098903,-0.25387362637362654,0.029826923076923063,1.0144505494505496,0.07416208791208795,33679.157692307694,0.21932168006896902
-0.3322884615384615,0.29677472527472537,-0.12968131868131863,-0.29807417582417584,0.8981098901098903,-0.25387362637362654,0.03982692307692307,1.0444505494505494,0.06416208791208794,33970.157692307694,0.22332043647766042
-0.3522884615384615,0.29677472527472537,-0.039681318681318634,-0.30807417582417584,0.8681098901098903,-0.2238736263736265,0.04982692307692307,1.0944505494505492,0.08416208791208793,33781.157692307694,0.22755832672118714
-0.4022884615384615,0.3067747252747254,-0.029681318681318625,-0.29807417582417584,0.8181098901098902,-0.19387362637362648,0.03982692307692307,1.1144505494505492,0.11416208791208793,33040.157692307694,0.23121066093444753
-0.3622884615384615,0.28677472527472536,-0.07968131868131861,-0.29807417582417584,0.8081098901098902,-0.17387362637362658,0.03982692307692307,1.1544505494505493,0.11416208791208793,32843.157692307694,0.23226470947265554
-0.3522884615384615,0.24677472527472533,-0.07968131868131861,-0.29807417582417584,0.7881098901098902,-0.10387362637362652,0.04982692307692307,1.1644505494505495,0.13416208791208795,33050.157692307694,0.23529071807861257
-0.3322884615384615,0.2167747252747253,-0.10968131868131864,-0.2680741758241758,0.7681098901098902,-0.0838736263736265,0.04982692307692307,1.2244505494505495,0.17416208791208793,32493.157692307694,0.24032611846923757
-0.3822884615384615,0.23677472527472532,-0.09968131868131863,-0.2780741758241758,0.7181098901098901,-0.05387362637362658,0.05982692307692306,1.2544505494505493,0.19416208791208794,32366.157692307694,0.24361486434936452
-0.39228846153846153,0.24677472527472533,-0.09968131868131863,-0.29807417582417584,0.7081098901098901,-0.033873626373626564,0.05982692307692306,1.3244505494505496,0.22416208791208792,32027.157692307694,0.24433965682983327
-0.3722884615384615,0.26677472527472534,-0.039681318681318634,-0.2780741758241758,0.6381098901098903,-0.033873626373626564,0.05982692307692306,1.2944505494505494,0.21416208791208796,31914.157692307694,0.24734492301940847
-0.3822884615384615,0.28677472527472536,-0.05968131868131865,-0.2680741758241758,0.6381098901098903,0.01612637362637348,0.05982692307692306,1.3044505494505496,0.24416208791208793,32029.157692307694,0.2521855354309075
-0.39228846153846153,0.3567747252747252,-0.029681318681318625,-0.23807417582417584,0.6281098901098903,0.02612637362637349,0.04982692307692307,1.2644505494505496,0.21416208791208796,31706.157692307694,0.25622220039367605
-0.3622884615384615,0.3367747252747254,-0.039681318681318634,-0.24807417582417585,0.6381098901098903,0.06612637362637341,0.03982692307692307,1.2144505494505493,0.22416208791208792,31697.157692307694,0.25721569061279226
-0.39228846153846153,0.42677472527472526,-0.009681318681318607,-0.2880741758241758,0.5781098901098902,0.11612637362637346,0.03982692307692307,1.1944505494505493,0.2941620879120879,32310.157692307694,0.26026816368102956
-0.39228846153846153,0.41677472527472526,0.020318681318681364,-0.24807417582417585,0.5081098901098902,0.12612637362637347,0.01982692307692307,1.1744505494505493,0.31416208791208794,32133.157692307694,0.2652172565460198
-0.39228846153846153,0.4467747252747253,0.020318681318681364,-0.29807417582417584,0.47810989010989013,0.1661263736263735,0.029826923076923063,1.1744505494505493,0.32416208791208795,31592.157692307694,0.26845974922180105
-0.3622884615384615,0.4667747252747253,0.04031868131868138,-0.2580741758241758,0.47810989010989013,0.21612637362637355,0.03982692307692307,1.2044505494505495,0.3541620879120879,31597.157692307694,0.2692298412322991
-0.3622884615384615,0.41677472527472526,0.07031868131868135,-0.2580741758241758,0.5381098901098902,0.21612637362637355,0.029826923076923063,1.1844505494505495,0.25416208791208794,31272.157692307694,0.2730068683624296
-0.3722884615384615,0.42677472527472526,0.060318681318681344,-0.24807417582417585,0.4581098901098901,0.25612637362637336,0.04982692307692307,1.1844505494505495,0.30416208791208793,30857.157692307694,0.2767221450805657
-0.3622884615384615,0.4467747252747253,0.060318681318681344,-0.24807417582417585,0.48810989010989014,0.2861263736263734,0.04982692307692307,1.1444505494505495,0.2941620879120879,30526.157692307694,0.28180832862853933
-0.3622884615384615,0.3767747252747252,0.05031868131868139,-0.18807417582417585,0.4681098901098901,0.35612637362637345,0.06982692307692306,1.1544505494505493,0.37416208791208794,30439.157692307694,0.2849223136901884
-0.3122884615384615,0.3667747252747252,0.09031868131868137,-0.21807417582417585,0.5181098901098902,0.36612637362637346,0.06982692307692306,1.0744505494505496,0.2941620879120879,29866.157692307694,0.2858361721038811
-0.3122884615384615,0.3367747252747254,0.11031868131868139,-0.20807417582417584,0.47810989010989013,0.4261263736263735,0.06982692307692306,1.1344505494505492,0.30416208791208793,28981.157692307694,0.2891613960266106
-0.3122884615384615,0.3067747252747254,0.08031868131868136,-0.21807417582417585,0.49810989010989015,0.5161263736263734,0.05982692307692306,1.1444505494505495,0.2841620879120879,28542.157692307694,0.29321117401122976
-0.3122884615384615,0.3067747252747254,0.12031868131868134,-0.18807417582417585,0.4481098901098901,0.48612637362637356,0.10982692307692307,1.1344505494505492,0.30416208791208793,28441.157692307694,0.29664583206176687
-0.2922884615384615,0.29677472527472537,0.13031868131868135,-0.1480741758241758,0.48810989010989014,0.4961263736263736,0.12982692307692306,1.0844505494505494,0.37416208791208794,28164.157692307694,0.29769368171691823
-0.2822884615384615,0.27677472527472535,0.12031868131868134,-0.1480741758241758,0.48810989010989014,0.5461263736263734,0.11982692307692305,1.0744505494505496,0.39416208791208796,27319.157692307694,0.30167646408080984
-0.3122884615384615,0.27677472527472535,0.11031868131868139,-0.15807417582417582,0.47810989010989013,0.5861263736263734,0.13982692307692307,1.0844505494505494,0.414162087912088,27160.157692307694,0.3056978702545159
-0.26228846153846147,0.26677472527472534,0.15031868131868137,-0.15807417582417582,0.49810989010989015,0.5861263736263734,0.13982692307692307,1.0244505494505494,0.434162087912088,26629.157692307694,0.3096978187561028
-0.3322884615384615,0.24677472527472533,0.2003186813186814,-0.11807417582417584,0.5181098901098902,0.5861263736263734,0.13982692307692307,0.9944505494505494,0.4641620879120879,25972.157692307694,0.3096978187561028
-0.3122884615384615,0.25677472527472534,0.21031868131868142,-0.06807417582417585,0.5081098901098902,0.5661263736263734,0.17982692307692305,0.9644505494505494,0.5041620879120879,25357.157692307694,0.31269736289977956
-0.3022884615384615,0.25677472527472534,0.23031868131868133,-0.06807417582417585,0.5181098901098902,0.6161263736263735,0.18982692307692306,0.9344505494505494,0.554162087912088,25224.157692307694,0.3173853874206536
-0.26228846153846147,0.2167747252747253,0.26031868131868136,-0.03807417582417583,0.5281098901098902,0.6361263736263735,0.18982692307692306,0.9144505494505494,0.5941620879120879,25303.157692307694,0.3213839054107659
-0.2722884615384615,0.19677472527472528,0.2803186813186814,0.011925824175824162,0.5181098901098902,0.6261263736263735,0.18982692307692306,0.9444505494505494,0.5941620879120879,25206.157692307694,0.322299671173095
-0.2722884615384615,0.19677472527472528,0.39031868131868136,-0.008074175824175855,0.5181098901098902,0.6061263736263734,0.20982692307692308,0.9044505494505494,0.6141620879120879,25113.157692307694,0.3263411045074456
-0.2822884615384615,0.19677472527472528,0.37031868131868134,0.0019258241758241534,0.5081098901098902,0.6061263736263734,0.19982692307692307,0.8444505494505493,0.654162087912088,24634.157692307694,0.32998223304748464
-0.3022884615384615,0.19677472527472528,0.39031868131868136,0.02192582417582417,0.5081098901098902,0.6661263736263735,0.2198269230769231,0.8044505494505495,0.654162087912088,24075.157692307694,0.334328365325927
-0.2422884615384615,0.17677472527472526,0.40031868131868137,0.05192582417582414,0.47810989010989013,0.7061263736263735,0.24982692307692306,0.7644505494505495,0.684162087912088,23982.157692307694,0.3353402137756376
-0.26228846153846147,0.18677472527472527,0.38031868131868135,0.06192582417582415,0.4681098901098901,0.7361263736263736,0.24982692307692306,0.7544505494505495,0.7041620879120879,23877.157692307694,0.33836312294006277
-0.2422884615384615,0.11677472527472532,0.37031868131868134,0.09192582417582418,0.49810989010989015,0.7761263736263734,0.25982692307692307,0.7044505494505494,0.7141620879120879,23702.157692307694,0.342335653305053
-0.2422884615384615,0.11677472527472532,0.3403186813186813,0.1119258241758242,0.4681098901098901,0.8161263736263734,0.2798269230769231,0.7344505494505494,0.7041620879120879,23853.157692307694,0.34589595794677663
-0.2322884615384615,0.0967747252747253,0.3503186813186813,0.1319258241758242,0.4681098901098901,0.9461263736263735,0.29982692307692305,0.7844505494505495,0.664162087912088,23764.157692307694,0.3469569206237786
-0.21228846153846148,0.06677472527472528,0.3403186813186813,0.15192582417582412,0.4681098901098901,0.9161263736263735,0.28982692307692304,0.7244505494505494,0.7541620879120879,23955.157692307694,0.35092158317565847
-0.2322884615384615,0.11677472527472532,0.3103186813186814,0.1219258241758242,0.4381098901098901,0.9961263736263736,0.30982692307692306,0.6944505494505494,0.7041620879120879,23414.157692307694,0.35499496459960866
-0.19228846153846152,0.07677472527472529,0.36031868131868133,0.1219258241758242,0.3981098901098903,1.0061263736263735,0.31982692307692306,0.7044505494505494,0.7241620879120879,23407.157692307694,0.3592721939086907
-0.1722884615384615,0.0967747252747253,0.39031868131868136,0.10192582417582419,0.36810989010989026,1.0661263736263735,0.3398269230769231,0.6644505494505494,0.784162087912088,23656.157692307694,0.3618649959564202
-0.19228846153846152,0.10677472527472531,0.3303186813186814,0.08192582417582417,0.3881098901098903,1.0461263736263735,0.31982692307692306,0.6444505494505494,0.8241620879120879,23883.157692307694,0.36287207603454874
-0.20228846153846147,0.0967747252747253,0.3103186813186814,0.09192582417582418,0.35810989010989025,1.0761263736263733,0.25982692307692307,0.6544505494505494,0.8441620879120879,23764.157692307694,0.3671321392059319
-0.20228846153846147,0.05677472527472527,0.3303186813186814,0.04192582417582413,0.35810989010989025,1.0961263736263733,0.23982692307692305,0.6744505494505494,0.914162087912088,23517.157692307694,0.37116570472717214
-0.19228846153846152,0.016774725274725344,0.3203186813186814,0.06192582417582415,0.34810989010989024,1.1061263736263736,0.24982692307692306,0.6244505494505493,0.934162087912088,23806.157692307694,0.37412924766540456
-0.20228846153846147,0.026774725274725353,0.37031868131868134,0.02192582417582417,0.3081098901098902,1.0761263736263733,0.17982692307692305,0.6244505494505493,1.0041620879120878,24545.157692307694,0.3751329898834257
-0.2222884615384615,0.026774725274725353,0.4103186813186814,-0.008074175824175855,0.2781098901098902,1.0461263736263735,0.18982692307692306,0.6744505494505494,1.0341620879120879,24548.157692307694,0.3787161827087395
-0.21228846153846148,0.016774725274725344,0.4203186813186814,-0.03807417582417583,0.23810989010989014,1.0261263736263735,0.14982692307692305,0.5944505494505493,1.114162087912088,24157.157692307694,0.38299078941345144
-0.2322884615384615,-0.02322527472527469,0.4203186813186814,-0.03807417582417583,0.26810989010989017,1.0561263736263733,0.13982692307692307,0.6544505494505494,1.124162087912088,24596.157692307694,0.3869785785675077
-0.2522884615384615,-0.02322527472527469,0.4503186813186814,-0.06807417582417585,0.21810989010989013,1.0361263736263733,0.14982692307692305,0.6244505494505493,1.134162087912088,24995.157692307694,0.38804335594177175
-0.2922884615384615,-0.0332252747252747,0.4603186813186814,-0.09807417582417582,0.1881098901098901,1.0161263736263733,0.13982692307692307,0.6244505494505493,1.164162087912088,25202.157692307694,0.39204306602477956
-0.2922884615384615,-0.013225274725274683,0.4703186813186813,-0.10807417582417583,0.1681098901098903,1.0061263736263735,0.10982692307692307,0.6044505494505493,1.194162087912088,25651.157692307694,0.39561266899108816
-0.3122884615384615,-0.06322527472527473,0.5103186813186813,-0.09807417582417582,0.13810989010989028,0.9961263736263736,0.07982692307692307,0.6044505494505493,1.214162087912088,26386.157692307694,0.3997101306915276
-0.3122884615384615,-0.05322527472527472,0.5303186813186813,-0.058074175824175844,0.13810989010989028,0.9461263736263735,0.10982692307692307,0.5644505494505495,1.234162087912088,26587.157692307694,0.3997101306915276
-0.3122884615384615,-0.07322527472527474,0.5703186813186814,-0.13807417582417586,0.12810989010989027,0.9061263736263735,0.12982692307692306,0.5444505494505495,1.2841620879120879,26972.157692307694,0.4037043571472161
-0.3122884615384615,-0.06322527472527473,0.6103186813186814,-0.11807417582417584,0.09810989010989024,0.8761263736263735,0.09982692307692306,0.5544505494505495,1.2941620879120879,27817.157692307694,0.40821523666381765
-0.3122884615384615,-0.07322527472527474,0.6403186813186814,-0.09807417582417582,0.11810989010989026,0.8461263736263734,0.09982692307692306,0.49445054945054945,1.324162087912088,28128.157692307694,0.412348937988277
-0.3322884615384615,-0.12322527472527467,0.6703186813186814,-0.07807417582417586,0.09810989010989024,0.8161263736263734,0.09982692307692306,0.5144505494505495,1.374162087912088,28353.157692307694,0.4133610248565667
-0.32228846153846147,-0.11322527472527466,0.7003186813186815,-0.10807417582417583,0.11810989010989026,0.7561263736263734,0.08982692307692305,0.4644505494505494,1.394162087912088,28430.157692307694,0.41639680862426687
-0.3322884615384615,-0.06322527472527473,0.7303186813186815,-0.1480741758241758,0.08810989010989023,0.6961263736263735,0.10982692307692307,0.4544505494505494,1.434162087912088,28721.157692307694,0.42108888626098917
-0.3322884615384615,-0.10322527472527465,0.7603186813186815,-0.1480741758241758,0.06810989010989021,0.6861263736263735,0.11982692307692305,0.47445054945054943,1.434162087912088,29124.157692307694,0.42420358657836843
-0.3122884615384615,-0.04322527472527471,0.7503186813186815,-0.13807417582417586,0.03810989010989019,0.6661263736263735,0.11982692307692305,0.39445054945054947,1.454162087912088,29187.157692307694,0.42861838340759206
-0.3322884615384615,-0.07322527472527474,0.7603186813186815,-0.19807417582417583,0.06810989010989021,0.6661263736263735,0.04982692307692307,0.4244505494505494,1.474162087912088,29694.157692307694,0.42861838340759206
-0.3422884615384615,-0.0332252747252747,0.7403186813186815,-0.16807417582417583,0.008109890109890161,0.6561263736263735,0.06982692307692306,0.4344505494505494,1.5041620879120878,30013.157692307694,0.4327859401702874
-0.3522884615384615,-0.11322527472527466,0.7203186813186815,-0.16807417582417583,0.0481098901098902,0.6661263736263735,0.06982692307692306,0.37445054945054945,1.5341620879120879,29734.157692307694,0.4375614643096917
-0.3822884615384615,-0.10322527472527465,0.7103186813186815,-0.11807417582417584,0.03810989010989019,0.6761263736263735,0.08982692307692305,0.3444505494505494,1.5041620879120878,29719.157692307694,0.44067020416259695
-0.3322884615384615,-0.09322527472527475,0.7003186813186815,-0.12807417582417585,0.0481098901098902,0.6761263736263735,0.07982692307692307,0.40445054945054937,1.5441620879120879,30000.157692307694,0.44067020416259695
-0.3722884615384615,-0.08322527472527474,0.7303186813186815,-0.11807417582417584,0.02810989010989018,0.6461263736263735,0.10982692307692307,0.4244505494505494,1.5441620879120879,30143.157692307694,0.4446217536926298
-0.3522884615384615,-0.12322527472527467,0.7103186813186815,-0.048074175824175835,0.03810989010989019,0.6461263736263735,0.10982692307692307,0.36445054945054944,1.5341620879120879,30142.157692307694,0.44962472915649343
-0.3422884615384615,-0.08322527472527474,0.6903186813186815,-0.1480741758241758,0.058109890109890205,0.6561263736263735,0.07982692307692307,0.35445054945054943,1.5441620879120879,30365.157692307694,0.45263142585754323
-0.3522884615384615,-0.05322527472527472,0.7403186813186815,-0.09807417582417582,-0.031890109890109763,0.6561263736263735,0.12982692307692306,0.35445054945054943,1.5341620879120879,30366.157692307694,0.45263142585754323
-0.3522884615384615,-0.08322527472527474,0.7803186813186813,-0.08807417582417582,-0.011890109890109746,0.6161263736263735,0.11982692307692305,0.3244505494505494,1.5041620879120878,30623.157692307694,0.45695419311523366
-0.3522884615384615,-0.05322527472527472,0.7703186813186815,-0.058074175824175844,-0.0718901098901098,0.6261263736263735,0.10982692307692307,0.35445054945054943,1.494162087912088,30810.157692307694,0.4609889507293694
-0.3722884615384615,-0.07322527472527474,0.8403186813186814,-0.09807417582417582,-0.0718901098901098,0.5961263736263734,0.06982692307692306,0.3344505494505494,1.464162087912088,30625.157692307694,0.4649674415588372
-0.3622884615384615,-0.07322527472527474,0.8803186813186814,-0.10807417582417583,-0.11189010989010983,0.5761263736263734,0.05982692307692306,0.2944505494505494,1.454162087912088,31074.157692307694,0.4659723758697467
-0.3422884615384615,-0.08322527472527474,0.9103186813186814,-0.09807417582417582,-0.10189010989010983,0.5661263736263734,0.09982692307692306,0.2744505494505495,1.414162087912088,31367.157692307694,0.46906585693359304
-0.3622884615384615,-0.07322527472527474,0.9503186813186815,-0.09807417582417582,-0.09189010989010982,0.5961263736263734,0.08982692307692305,0.25445054945054946,1.384162087912088,31410.157692307694,0.4735888957977288
-0.3322884615384615,-0.09322527472527475,0.9603186813186815,-0.11807417582417584,-0.11189010989010983,0.5761263736263734,0.10982692307692307,0.26445054945054947,1.394162087912088,32299.157692307694,0.47711391448974894
-0.3422884615384615,-0.12322527472527467,0.9303186813186815,-0.008074175824175855,-0.0718901098901098,0.5861263736263734,0.07982692307692307,0.26445054945054947,1.404162087912088,32388.157692307694,0.4781264781951897
-0.2922884615384615,-0.09322527472527475,0.8903186813186814,0.011925824175824162,-0.11189010989010983,0.6261263736263735,0.12982692307692306,0.21445054945054942,1.444162087912088,32199.157692307694,0.481503915786746
-0.3322884615384615,-0.12322527472527467,0.8603186813186814,0.0019258241758241534,-0.12189010989010984,0.6561263736263735,0.09982692307692306,0.2044505494505494,1.404162087912088,32154.157692307694,0.4866706848144524
-0.3722884615384615,-0.13322527472527468,0.8303186813186814,0.05192582417582414,-0.14189010989010975,0.6561263736263735,0.08982692307692305,0.22445054945054943,1.444162087912088,31925.157692307694,0.4897145748138385
-0.3722884615384615,-0.10322527472527465,0.7703186813186815,0.04192582417582413,-0.13189010989010974,0.7161263736263735,0.13982692307692307,0.21445054945054942,1.444162087912088,31584.157692307694,0.49310655593872
-0.32228846153846147,-0.11322527472527466,0.7403186813186815,0.08192582417582417,-0.13189010989010974,0.6861263736263735,0.14982692307692305,0.23445054945054944,1.464162087912088,31319.157692307694,0.49414510726928285
-0.3022884615384615,-0.11322527472527466,0.7503186813186815,0.10192582417582419,-0.14189010989010975,0.6761263736263735,0.18982692307692306,0.26445054945054947,1.484162087912088,30994.157692307694,0.498402547836303
-0.2822884615384615,-0.1632252747252747,0.7503186813186815,0.1219258241758242,-0.12189010989010984,0.6761263736263735,0.17982692307692305,0.26445054945054947,1.464162087912088,30853.157692307694,0.501994323730468
-0.2222884615384615,-0.1532252747252747,0.7503186813186815,0.17192582417582414,-0.11189010989010983,0.6661263736263735,0.18982692307692306,0.2744505494505495,1.424162087912088,30802.157692307694,0.5060007095336907
-0.21228846153846148,-0.1632252747252747,0.7803186813186813,0.2319258241758242,-0.13189010989010974,0.6361263736263735,0.19982692307692307,0.2744505494505495,1.464162087912088,30919.157692307694,0.5070809841155999
-0.21228846153846148,-0.12322527472527467,0.7903186813186813,0.2419258241758242,-0.16189010989010977,0.6361263736263735,0.19982692307692307,0.2844505494505494,1.474162087912088,30648.157692307694,0.5101971149444573
-0.1722884615384615,-0.18322527472527472,0.8103186813186813,0.2519258241758242,-0.16189010989010977,0.6261263736263735,0.2198269230769231,0.2944505494505494,1.424162087912088,30567.157692307694,0.5148024082183831
-0.14228846153846147,-0.1632252747252747,0.8103186813186813,0.29192582417582413,-0.17189010989010978,0.5961263736263734,0.2698269230769231,0.26445054945054947,1.454162087912088,30462.157692307694,0.5180773258209186
-0.12228846153846151,-0.19322527472527473,0.8103186813186813,0.29192582417582413,-0.22189010989010982,0.5861263736263734,0.2798269230769231,0.3044505494505494,1.404162087912088,30887.157692307694,0.5188025951385491
-0.1122884615384615,-0.12322527472527467,0.8103186813186813,0.3419258241758242,-0.2018901098901098,0.5761263736263734,0.29982692307692305,0.24445054945054945,1.394162087912088,31154.157692307694,0.5228027820587151
-0.1022884615384615,-0.1632252747252747,0.8803186813186814,0.4019258241758241,-0.18189010989010979,0.6061263736263734,0.3298269230769231,0.2844505494505494,1.334162087912088,30217.157692307694,0.5268022537231474
-0.04228846153846144,-0.19322527472527473,0.8503186813186814,0.3819258241758242,-0.2018901098901098,0.6461263736263735,0.3298269230769231,0.2944505494505494,1.3041620879120879,29726.157692307694,0.5307921886444085
-0.05228846153846145,-0.1732252747252747,0.8603186813186814,0.4019258241758241,-0.2018901098901098,0.6461263736263735,0.3298269230769231,0.3244505494505494,1.234162087912088,29857.157692307694,0.531798076629638
-0.06228846153846146,-0.1632252747252747,0.8803186813186814,0.44192582417582416,-0.1918901098901098,0.6361263736263735,0.34982692307692304,0.2744505494505495,1.2841620879120879,29838.157692307694,0.5357994556426995
-0.05228846153846145,-0.20322527472527474,0.7603186813186815,0.4619258241758242,-0.18189010989010979,0.7361263736263736,0.35982692307692304,0.3244505494505494,1.214162087912088,29935.157692307694,0.5397972583770745
-0.032288461538461544,-0.21322527472527475,0.7603186813186815,0.4719258241758242,-0.1918901098901098,0.7161263736263735,0.3998269230769231,0.3444505494505494,1.204162087912088,29720.157692307694,0.5429870605468778
0.0177115384615385,-0.24322527472527466,0.7503186813186815,0.5019258241758242,-0.18189010989010979,0.6861263736263735,0.3998269230769231,0.2944505494505494,1.234162087912088,29351.157692307694,0.5440613746643095
0.0177115384615385,-0.20322527472527474,0.7503186813186815,0.5019258241758242,-0.1918901098901098,0.7361263736263736,0.4698269230769231,0.2744505494505495,1.144162087912088,28428.157692307694,0.5470289707183831
0.057711538461538536,-0.22322527472527465,0.7703186813186815,0.4719258241758242,-0.2018901098901098,0.7061263736263735,0.529826923076923,0.25445054945054946,1.194162087912088,28287.157692307694,0.5520591259002678
0.06771153846153855,-0.22322527472527465,0.7903186813186813,0.5419258241758241,-0.16189010989010977,0.6661263736263735,0.529826923076923,0.2744505494505495,1.134162087912088,28010.157692307694,0.5550295829772907
0.08771153846153845,-0.19322527472527473,0.7203186813186815,0.4619258241758242,-0.14189010989010975,0.6761263736263735,0.5898269230769231,0.26445054945054947,1.134162087912088,27639.157692307694,0.5550295829772907
0.06771153846153855,-0.24322527472527466,0.7103186813186815,0.5319258241758241,-0.12189010989010984,0.7561263736263734,0.5798269230769231,0.2744505494505495,1.104162087912088,27302.157692307694,0.559023332595828
0.08771153846153845,-0.2632252747252747,0.7203186813186815,0.5619258241758242,-0.09189010989010982,0.7261263736263736,0.5998269230769231,0.25445054945054946,1.124162087912088,26529.157692307694,0.563065958023067
0.10771153846153847,-0.22322527472527465,0.6903186813186815,0.5419258241758241,-0.14189010989010975,0.7261263736263736,0.639826923076923,0.21445054945054942,1.074162087912088,26486.157692307694,0.567543697357177
0.1477115384615385,-0.23322527472527466,0.6803186813186815,0.5419258241758241,-0.16189010989010977,0.7661263736263734,0.639826923076923,0.25445054945054946,0.994162087912088,26873.157692307694,0.5711025714874296
0.18771153846153854,-0.19322527472527473,0.6903186813186815,0.4719258241758242,-0.15189010989010976,0.7361263736263736,0.6898269230769231,0.21445054945054942,0.964162087912088,26400.157692307694,0.5721311092376666
0.16771153846153852,-0.23322527472527466,0.6903186813186815,0.5719258241758242,-0.16189010989010977,0.7461263736263736,0.6898269230769231,0.24445054945054945,0.984162087912088,25725.157692307694,0.5761360645294182
0.22771153846153847,-0.19322527472527473,0.6703186813186814,0.5819258241758242,-0.17189010989010978,0.7461263736263736,0.7298269230769231,0.23445054945054944,0.974162087912088,25246.157692307694,0.5801331520080559
0.19771153846153855,-0.21322527472527475,0.6503186813186814,0.6019258241758242,-0.12189010989010984,0.7361263736263736,0.769826923076923,0.2044505494505494,0.964162087912088,25123.157692307694,0.5838112354278557
0.22771153846153847,-0.19322527472527473,0.6203186813186814,0.5819258241758242,-0.11189010989010983,0.7261263736263736,0.769826923076923,0.1944505494505494,1.0141620879120878,25132.157692307694,0.584676694869998
0.23771153846153847,-0.22322527472527465,0.5803186813186814,0.5919258241758242,-0.12189010989010984,0.6961263736263735,0.809826923076923,0.21445054945054942,1.0441620879120879,24213.157692307694,0.5886682987213128
0.30771153846153854,-0.21322527472527475,0.5403186813186813,0.6219258241758242,-0.12189010989010984,0.7361263736263736,0.8198269230769231,0.21445054945054942,1.0241620879120878,23860.157692307694,0.5929533958435087
0.2977115384615385,-0.19322527472527473,0.49031868131868134,0.6319258241758242,-0.11189010989010983,0.7261263736263736,0.8298269230769231,0.2044505494505494,1.0141620879120878,24267.157692307694,0.5959257602691643
0.2577115384615385,-0.1732252747252747,0.4603186813186814,0.6719258241758242,-0.13189010989010974,0.7061263736263735,0.8698269230769231,0.2044505494505494,1.0041620879120878,24258.157692307694,0.5969728946685784
0.2577115384615385,-0.1632252747252747,0.4503186813186814,0.7119258241758241,-0.13189010989010974,0.7461263736263736,0.879826923076923,0.2044505494505494,1.0041620879120878,23789.157692307694,0.60097332000732
0.2977115384615385,-0.18322527472527472,0.4203186813186814,0.6819258241758243,-0.13189010989010974,0.7361263736263736,0.929826923076923,0.21445054945054942,1.0141620879120878,23956.157692307694,0.6051630496978753
0.30771153846153854,-0.1732252747252747,0.39031868131868136,0.6819258241758243,-0.13189010989010974,0.7161263736263735,0.919826923076923,0.21445054945054942,1.0041620879120878,24191.157692307694,0.6091606140136712
0.34771153846153846,-0.1532252747252747,0.38031868131868135,0.7219258241758241,-0.10189010989010983,0.7261263736263736,0.929826923076923,0.23445054945054944,0.984162087912088,24050.157692307694,0.6091606140136712
0.3777115384615385,-0.20322527472527474,0.40031868131868137,0.7519258241758241,-0.08189010989010981,0.7261263736263736,0.9498269230769231,0.2044505494505494,0.954162087912088,23849.157692307694,0.6128663539886468
0.4177115384615385,-0.23322527472527466,0.36031868131868133,0.7319258241758241,-0.04189010989010977,0.7261263736263736,0.929826923076923,0.24445054945054945,0.934162087912088,23770.157692307694,0.616661500930789
0.42771153846153853,-0.20322527472527474,0.37031868131868134,0.7219258241758241,-0.08189010989010981,0.7261263736263736,0.919826923076923,0.25445054945054946,0.924162087912088,23509.157692307694,0.6210278987884514
0.43771153846153854,-0.20322527472527474,0.3403186813186813,0.7319258241758241,-0.05189010989010978,0.7261263736263736,0.9598269230769231,0.22445054945054943,0.884162087912088,23430.157692307694,0.6220604896545403
0.44771153846153855,-0.23322527472527466,0.3303186813186814,0.7119258241758241,-0.06189010989010979,0.7061263736263735,0.9798269230769231,0.2044505494505494,0.884162087912088,23359.157692307694,0.6250402450561516
0.44771153846153855,-0.22322527472527465,0.3503186813186813,0.7119258241758241,-0.06189010989010979,0.7061263736263735,0.9598269230769231,0.2044505494505494,0.8641620879120879,23242.157692307694,0.6291460514068596
0.43771153846153854,-0.23322527472527466,0.3003186813186814,0.7319258241758241,-0.10189010989010983,0.7261263736263736,0.9798269230769231,0.21445054945054942,0.8641620879120879,22937.157692307694,0.633726787567138
0.43771153846153854,-0.2932252747252747,0.2903186813186814,0.7419258241758241,-0.031890109890109763,0.7361263736263736,1.0298269230769233,0.21445054945054942,0.8541620879120879,22900.157692307694,0.6370856285095208
0.4077115384615385,-0.23322527472527466,0.2803186813186814,0.7619258241758241,-0.0718901098901098,0.7461263736263736,1.0198269230769232,0.1844505494505494,0.8141620879120879,22765.157692307694,0.6370856285095208
0.4777115384615386,-0.21322527472527475,0.3103186813186814,0.7319258241758241,-0.06189010989010979,0.7461263736263736,1.0198269230769232,0.25445054945054946,0.8141620879120879,22960.157692307694,0.6421665668487577
0.5177115384615386,-0.21322527472527475,0.26031868131868136,0.7319258241758241,-0.10189010989010983,0.7361263736263736,0.9798269230769231,0.2744505494505495,0.804162087912088,23437.157692307694,0.6459276199340813
0.4777115384615386,-0.22322527472527465,0.26031868131868136,0.7619258241758241,-0.08189010989010981,0.7061263736263735,0.9798269230769231,0.2744505494505495,0.764162087912088,23612.157692307694,0.6493350982666009
0.5477115384615384,-0.1632252747252747,0.23031868131868133,0.7219258241758241,-0.0718901098901098,0.6861263736263735,0.9898269230769231,0.2744505494505495,0.7241620879120879,22967.157692307694,0.6493350982666009
0.5577115384615384,-0.1732252747252747,0.25031868131868135,0.8119258241758242,-0.08189010989010981,0.6861263736263735,0.9898269230769231,0.24445054945054945,0.7341620879120879,23078.157692307694,0.6535276889801054
0.5477115384615384,-0.20322527472527474,0.23031868131868133,0.8419258241758242,-0.09189010989010982,0.7061263736263735,0.9798269230769231,0.26445054945054947,0.7441620879120879,23323.157692307694,0.6585237503051751
0.5777115384615384,-0.19322527472527473,0.21031868131868142,0.8219258241758242,-0.06189010989010979,0.6861263736263735,1.0298269230769233,0.22445054945054943,0.6941620879120879,23220.157692307694,0.6617736339569085
0.6077115384615385,-0.19322527472527473,0.22031868131868132,0.8319258241758242,-0.021890109890109755,0.6761263736263735,1.0598269230769233,0.21445054945054942,0.664162087912088,22677.157692307694,0.6625277519226067
0.5877115384615385,-0.19322527472527473,0.1903186813186814,0.8819258241758242,-0.05189010989010978,0.6661263736263735,1.0498269230769233,0.24445054945054945,0.644162087912088,23146.157692307694,0.6656894207000725
0.5777115384615384,-0.1732252747252747,0.2003186813186814,0.9119258241758242,-0.0018901098901098479,0.6661263736263735,1.099826923076923,0.22445054945054943,0.654162087912088,23689.157692307694,0.6699087142944329
0.5477115384615384,-0.18322527472527472,0.2003186813186814,0.9419258241758243,-0.0018901098901098479,0.6361263736263735,1.109826923076923,0.22445054945054943,0.654162087912088,23594.157692307694,0.6739768505096393
0.5777115384615384,-0.18322527472527472,0.1903186813186814,0.9319258241758243,0.008109890109890161,0.6261263736263735,1.1398269230769231,0.23445054945054944,0.654162087912088,23473.157692307694,0.6749596118926995
0.5277115384615384,-0.20322527472527474,0.21031868131868142,0.9719258241758241,0.008109890109890161,0.6161263736263735,1.1798269230769232,0.25445054945054946,0.6141620879120879,23090.157692307694,0.678395223617553
0.5377115384615384,-0.20322527472527474,0.1703186813186814,1.0119258241758242,0.008109890109890161,0.6161263736263735,1.1898269230769232,0.21445054945054942,0.644162087912088,23435.157692307694,0.6821772575378411
0.5377115384615384,-0.1732252747252747,0.1803186813186814,0.9919258241758241,-0.0018901098901098479,0.6061263736263734,1.2098269230769232,0.25445054945054946,0.6141620879120879,23884.157692307694,0.6863660335540764
0.5977115384615385,-0.24322527472527466,0.1803186813186814,1.0119258241758242,0.0481098901098902,0.5861263736263734,1.2298269230769232,0.2844505494505494,0.5741620879120879,24387.157692307694,0.6872047901153557
0.6277115384615385,-0.24322527472527466,0.16031868131868138,1.001925824175824,0.06810989010989021,0.5661263736263734,1.2598269230769232,0.2744505494505495,0.6141620879120879,24010.157692307694,0.6905269145965569
0.6577115384615385,-0.22322527472527465,0.16031868131868138,1.021925824175824,0.07810989010989022,0.5761263736263734,1.2398269230769232,0.23445054945054944,0.5741620879120879,24403.157692307694,0.6950053691863971
0.6477115384615385,-0.2532252747252747,0.13031868131868135,1.0119258241758242,0.07810989010989022,0.5761263736263734,1.2798269230769233,0.3144505494505494,0.554162087912088,24612.157692307694,0.6980709552764885
0.6577115384615385,-0.20322527472527474,0.11031868131868139,1.0319258241758242,0.03810989010989019,0.5861263736263734,1.2898269230769233,0.2944505494505494,0.5741620879120879,24535.157692307694,0.6990377426147489
0.6577115384615385,-0.20322527472527474,0.08031868131868136,1.0519258241758243,0.07810989010989022,0.5761263736263734,1.2998269230769233,0.2744505494505495,0.554162087912088,25114.157692307694,0.7025670528411894
0.6677115384615385,-0.20322527472527474,0.08031868131868136,1.0519258241758243,0.06810989010989021,0.5561263736263734,1.339826923076923,0.2744505494505495,0.554162087912088,25325.157692307694,0.7074841976165764
0.6577115384615385,-0.1632252747252747,0.07031868131868135,1.0519258241758243,0.06810989010989021,0.5861263736263734,1.339826923076923,0.25445054945054946,0.534162087912088,24960.157692307694,0.7114548206329339
0.6677115384615385,-0.1532252747252747,0.08031868131868136,1.0719258241758243,0.07810989010989022,0.5761263736263734,1.339826923076923,0.2844505494505494,0.524162087912088,25755.157692307694,0.7144836902618366
0.6477115384615385,-0.1632252747252747,0.07031868131868135,1.0719258241758243,0.06810989010989021,0.5661263736263734,1.3998269230769231,0.2744505494505495,0.514162087912088,25724.157692307694,0.7144836902618366
0.6677115384615385,-0.1632252747252747,0.11031868131868139,1.0719258241758243,0.058109890109890205,0.5461263736263734,1.3998269230769231,0.2844505494505494,0.5041620879120879,26085.157692307694,0.7194792747497551
0.6677115384615385,-0.18322527472527472,0.08031868131868136,1.101925824175824,0.07810989010989022,0.5361263736263734,1.3998269230769231,0.2944505494505494,0.49416208791208793,26090.157692307694,0.7235297679901116
0.6177115384615385,-0.19322527472527473,0.07031868131868135,1.101925824175824,0.11810989010989026,0.5161263736263734,1.4498269230769232,0.2744505494505495,0.4841620879120879,26317.157692307694,0.726819467544555
0.6377115384615385,-0.1632252747252747,0.08031868131868136,1.1119258241758243,0.13810989010989028,0.5061263736263734,1.4398269230769232,0.26445054945054947,0.4641620879120879,26652.157692307694,0.7275580883026116
0.6877115384615385,-0.1632252747252747,0.05031868131868139,1.081925824175824,0.14810989010989029,0.44612637362637353,1.4298269230769232,0.2744505494505495,0.4841620879120879,27079.157692307694,0.731709432601928
0.6877115384615385,-0.1532252747252747,0.05031868131868139,1.101925824175824,0.1881098901098901,0.46612637362637355,1.4298269230769232,0.26445054945054947,0.4641620879120879,27396.157692307694,0.7352115631103509
0.6677115384615385,-0.20322527472527474,0.04031868131868138,1.121925824175824,0.1581098901098903,0.45612637362637354,1.4398269230769232,0.24445054945054945,0.5041620879120879,27685.157692307694,0.739284706115722
0.6977115384615385,-0.22322527472527465,0.05031868131868139,1.1319258241758243,0.1881098901098901,0.44612637362637353,1.4398269230769232,0.25445054945054946,0.4841620879120879,27706.157692307694,0.7403497219085686
0.6977115384615385,-0.20322527472527474,0.07031868131868135,1.121925824175824,0.22810989010989013,0.4361263736263735,1.4298269230769232,0.2044505494505494,0.49416208791208793,28089.157692307694,0.7443501472473173
0.7277115384615386,-0.1632252747252747,0.05031868131868139,1.121925824175824,0.2981098901098902,0.44612637362637353,1.4198269230769232,0.24445054945054945,0.4541620879120879,28384.157692307694,0.7486614704132073
0.7177115384615386,-0.1632252747252747,0.05031868131868139,1.121925824175824,0.2881098901098902,0.4361263736263735,1.4198269230769232,0.2844505494505494,0.4441620879120879,28467.157692307694,0.752210092544555
0.7177115384615386,-0.1732252747252747,0.020318681318681364,1.1819258241758241,0.2781098901098902,0.4161263736263735,1.3798269230769231,0.2944505494505494,0.434162087912088,28410.157692307694,0.753178548812869
0.7377115384615386,-0.1632252747252747,0.030318681318681373,1.1819258241758241,0.21810989010989013,0.4061263736263735,1.359826923076923,0.2844505494505494,0.424162087912088,28297.157692307694,0.7561790466308587
0.7477115384615386,-0.18322527472527472,0.020318681318681364,1.1719258241758244,0.3181098901098902,0.3961263736263735,1.3998269230769231,0.3344505494505494,0.424162087912088,28364.157692307694,0.7601687431335478
0.7177115384615386,-0.1632252747252747,0.030318681318681373,1.1619258241758241,0.34810989010989024,0.37612637362637347,1.3798269230769231,0.2844505494505494,0.40416208791208796,28463.157692307694,0.7642256736755364
0.7477115384615386,-0.1532252747252747,0.010318681318681355,1.1619258241758241,0.36810989010989026,0.37612637362637347,1.369826923076923,0.2844505494505494,0.424162087912088,28648.157692307694,0.7652163028717034
0.7377115384615386,-0.1632252747252747,-0.009681318681318607,1.1719258241758244,0.4081098901098903,0.37612637362637347,1.339826923076923,0.25445054945054946,0.38416208791208795,28745.157692307694,0.7682439804077177
0.7077115384615386,-0.1432252747252747,0.020318681318681364,1.2019258241758242,0.3981098901098903,0.36612637362637346,1.359826923076923,0.25445054945054946,0.37416208791208794,28954.157692307694,0.7722703933715849
0.7077115384615386,-0.11322527472527466,0.020318681318681364,1.1819258241758241,0.4581098901098901,0.36612637362637346,1.369826923076923,0.26445054945054947,0.36416208791208793,29175.157692307694,0.7768706798553495
0.7377115384615386,-0.09322527472527475,0.010318681318681355,1.1819258241758241,0.47810989010989013,0.37612637362637347,1.3898269230769231,0.2744505494505495,0.37416208791208794,28978.157692307694,0.779739332199096
0.7177115384615386,-0.09322527472527475,-0.029681318681318625,1.1619258241758241,0.5281098901098902,0.35612637362637345,1.369826923076923,0.2944505494505494,0.3441620879120879,28911.157692307694,0.7807645320892327
0.7677115384615386,-0.09322527472527475,0.020318681318681364,1.1419258241758241,0.5581098901098902,0.34612637362637344,1.339826923076923,0.2844505494505494,0.37416208791208794,29326.157692307694,0.7852882862091093
0.7477115384615386,-0.07322527472527474,0.0003186813186813464,1.1619258241758241,0.5481098901098902,0.34612637362637344,1.359826923076923,0.26445054945054947,0.37416208791208794,29403.157692307694,0.7889177322387688
0.7377115384615386,-0.11322527472527466,0.010318681318681355,1.1619258241758241,0.6081098901098902,0.34612637362637344,1.3998269230769231,0.23445054945054944,0.3541620879120879,29522.157692307694,0.7929532051086419
0.7277115384615386,-0.1432252747252747,0.030318681318681373,1.1419258241758241,0.6681098901098903,0.33612637362637343,1.3898269230769231,0.23445054945054944,0.3541620879120879,29863.157692307694,0.7929532051086419
0.7377115384615386,-0.1432252747252747,-0.009681318681318607,1.1319258241758243,0.6881098901098901,0.3161263736263734,1.4098269230769231,0.25445054945054946,0.33416208791208796,30050.157692307694,0.7970842838287311
0.7377115384615386,-0.13322527472527468,-0.04968131868131864,1.0919258241758243,0.6881098901098901,0.33612637362637343,1.4298269230769232,0.2944505494505494,0.3541620879120879,30093.157692307694,0.8017639636993401
0.7477115384615386,-0.11322527472527466,-0.029681318681318625,1.121925824175824,0.6981098901098901,0.3161263736263734,1.3998269230769231,0.3444505494505494,0.33416208791208796,29750.157692307694,0.8046688556671135
0.7177115384615386,-0.13322527472527468,-0.04968131868131864,1.1619258241758241,0.6881098901098901,0.3061263736263734,1.3898269230769231,0.38445054945054946,0.33416208791208796,29957.157692307694,0.8056540012359612
0.7277115384615386,-0.12322527472527467,-0.039681318681318634,1.1519258241758243,0.7381098901098901,0.3061263736263734,1.3998269230769231,0.3444505494505494,0.32416208791208795,30104.157692307694,0.8087284088134759
0.7177115384615386,-0.09322527472527475,-0.029681318681318625,1.1319258241758243,0.7381098901098901,0.2961263736263734,1.3898269230769231,0.37445054945054945,0.3441620879120879,30161.157692307694,0.8137163639068596
0.6877115384615385,-0.07322527472527474,-0.039681318681318634,1.1119258241758243,0.7381098901098901,0.2861263736263734,1.3998269230769231,0.4144505494505494,0.31416208791208794,30038.157692307694,0.8168262958526604
0.6877115384615385,-0.0332252747252747,-0.029681318681318625,1.121925824175824,0.7581098901098902,0.3061263736263734,1.4298269230769232,0.4244505494505494,0.31416208791208794,30313.157692307694,0.8178233623504632
0.6777115384615385,-0.05322527472527472,-0.04968131868131864,1.1319258241758243,0.7581098901098902,0.2861263736263734,1.4198269230769232,0.48445054945054944,0.30416208791208793,30730.157692307694,0.8211242675781243
0.7177115384615386,-0.003225274725274674,-0.05968131868131865,1.1119258241758243,0.7481098901098902,0.2961263736263734,1.369826923076923,0.5044505494505495,0.2841620879120879,30567.157692307694,0.8261661052703886
0.7577115384615386,-0.0332252747252747,-0.029681318681318625,1.101925824175824,0.7681098901098902,0.2761263736263734,1.3898269230769231,0.5044505494505495,0.26416208791208795,30392.157692307694,0.8291506290435784
0.7077115384615386,0.016774725274725344,-0.04968131868131864,1.0719258241758243,0.7581098901098902,0.2761263736263734,1.4098269230769231,0.5144505494505495,0.27416208791208796,30339.157692307694,0.8301486492156975
0.6877115384615385,0.04677472527472526,-0.0696813186813186,1.0719258241758243,0.7281098901098901,0.2761263736263734,1.3998269230769231,0.5444505494505495,0.21416208791208796,30910.157692307694,0.8345040798187249
0.6777115384615385,0.0867747252747253,-0.039681318681318634,1.0719258241758243,0.7381098901098901,0.2961263736263734,1.3998269230769231,0.5644505494505495,0.25416208791208794,30961.157692307694,0.8388366222381585
0.6977115384615385,0.12677472527472533,-0.039681318681318634,1.0719258241758243,0.7081098901098901,0.26612637362637337,1.3798269230769231,0.5944505494505493,0.2841620879120879,30874.157692307694,0.841974210739135
0.5877115384615385,0.12677472527472533,-0.04968131868131864,1.081925824175824,0.7081098901098901,0.25612637362637336,1.4198269230769232,0.6344505494505494,0.26416208791208795,30905.157692307694,0.8461021900176995
0.6177115384615385,0.17677472527472526,-0.05968131868131865,1.0719258241758243,0.7081098901098901,0.2761263736263734,1.4098269230769231,0.6244505494505493,0.2941620879120879,31174.157692307694,0.8461021900176995
0.6177115384615385,0.18677472527472527,-0.0696813186813186,1.081925824175824,0.6981098901098901,0.26612637362637337,1.369826923076923,0.6344505494505494,0.31416208791208794,30761.157692307694,0.8502368450164788
0.6177115384615385,0.2067747252747253,-0.0696813186813186,1.061925824175824,0.7081098901098901,0.26612637362637337,1.3798269230769231,0.6444505494505494,0.21416208791208796,30730.157692307694,0.8542482376098626
0.6077115384615385,0.24677472527472533,-0.07968131868131861,1.0519258241758243,0.6781098901098903,0.25612637362637336,1.359826923076923,0.6944505494505494,0.24416208791208793,30225.157692307694,0.8584098339080768
0.6177115384615385,0.2167747252747253,-0.08968131868131862,1.0519258241758243,0.6681098901098903,0.2961263736263734,1.359826923076923,0.7144505494505494,0.20416208791208795,30748.157692307694,0.8584098339080768
0.5977115384615385,0.19677472527472528,-0.10968131868131864,1.0319258241758242,0.6881098901098901,0.2861263736263734,1.329826923076923,0.7644505494505495,0.24416208791208793,30919.157692307694,0.862464141845706
0.5977115384615385,0.16677472527472526,-0.05968131868131865,1.0119258241758242,0.7081098901098901,0.26612637362637337,1.329826923076923,0.8044505494505495,0.26416208791208795,30614.157692307694,0.8666104793548577
0.5677115384615384,0.18677472527472527,-0.05968131868131865,1.001925824175824,0.6981098901098901,0.23612637362637356,1.329826923076923,0.8544505494505493,0.2941620879120879,30687.157692307694,0.8699943542480426
0.5377115384615384,0.19677472527472528,-0.019681318681318616,0.9619258241758241,0.6981098901098901,0.2861263736263734,1.3098269230769233,0.9044505494505494,0.2941620879120879,30766.157692307694,0.8710631847381585
0.5777115384615384,0.19677472527472528,-0.0696813186813186,0.9719258241758241,0.6881098901098901,0.2861263736263734,1.319826923076923,0.9144505494505494,0.27416208791208796,30951.157692307694,0.875036430358886
0.5177115384615386,0.2267747252747253,-0.009681318681318607,1.001925824175824,0.7181098901098901,0.24612637362637357,1.2898269230769233,0.9144505494505494,0.27416208791208796,30584.157692307694,0.8794776916503899
0.5077115384615386,0.27677472527472535,-0.039681318681318634,0.9319258241758243,0.6681098901098903,0.2861263736263734,1.2998269230769233,0.9144505494505494,0.26416208791208795,30357.157692307694,0.8828689575195305
0.4977115384615386,0.27677472527472535,0.010318681318681355,0.9319258241758243,0.6781098901098903,0.24612637362637357,1.2298269230769232,0.9044505494505494,0.2841620879120879,30158.157692307694,0.8839442253112786
0.46771153846153857,0.28677472527472536,0.0003186813186813464,0.9119258241758242,0.6881098901098901,0.26612637362637337,1.2398269230769232,0.8944505494505494,0.3441620879120879,29807.157692307694,0.8879420280456536
0.43771153846153854,0.3167747252747254,0.010318681318681355,0.8719258241758242,0.6981098901098901,0.2761263736263734,1.2698269230769232,0.8744505494505493,0.37416208791208794,29824.157692307694,0.8921539306640653
0.4177115384615385,0.3067747252747254,0.030318681318681373,0.8419258241758242,0.6681098901098903,0.25612637362637336,1.2698269230769232,0.9044505494505494,0.40416208791208796,29953.157692307694,0.8944248676300042
0.3677115384615385,0.3567747252747252,0.05031868131868139,0.8319258241758242,0.6781098901098903,0.25612637362637336,1.2698269230769232,0.8844505494505494,0.414162087912088,29984.157692307694,0.896041822433471
0.3877115384615385,0.3567747252747252,0.04031868131868138,0.7719258241758241,0.6681098901098903,0.25612637362637336,1.2798269230769233,0.8644505494505493,0.4741620879120879,29719.157692307694,0.9001209259033196
0.3877115384615385,0.28677472527472536,0.05031868131868139,0.7419258241758241,0.6681098901098903,0.2761263736263734,1.2698269230769232,0.8944505494505494,0.4741620879120879,29352.157692307694,0.9041211128234856
0.35771153846153847,0.27677472527472535,0.060318681318681344,0.7319258241758241,0.6881098901098901,0.2761263736263734,1.1898269230769232,0.9344505494505494,0.49416208791208793,29079.157692307694,0.9081210613250725
0.3777115384615385,0.26677472527472534,0.05031868131868139,0.6919258241758243,0.6581098901098903,0.2961263736263734,1.1698269230769232,0.9344505494505494,0.4841620879120879,29530.157692307694,0.9081210613250725
0.32771153846153855,0.23677472527472532,0.05031868131868139,0.7219258241758241,0.6781098901098903,0.3161263736263734,1.1698269230769232,0.9544505494505494,0.49416208791208793,29661.157692307694,0.9114613056182854
0.31771153846153855,0.2167747252747253,0.060318681318681344,0.7419258241758241,0.6581098901098903,0.3161263736263734,1.1798269230769232,1.0344505494505496,0.534162087912088,28460.157692307694,0.9166836261749225
0.30771153846153854,0.2067747252747253,0.060318681318681344,0.7219258241758241,0.6481098901098903,0.3161263736263734,1.1498269230769231,1.0444505494505494,0.534162087912088,27925.157692307694,0.9193741798400872
0.31771153846153855,0.15677472527472525,0.08031868131868136,0.6619258241758242,0.5981098901098902,0.3161263736263734,1.1898269230769232,1.0644505494505494,0.544162087912088,28194.157692307694,0.9204220294952385
0.2677115384615385,0.16677472527472526,0.12031868131868134,0.5819258241758242,0.5981098901098902,0.3261263736263734,1.1398269230769231,1.1144505494505492,0.534162087912088,28165.157692307694,0.9236793041229241
0.2977115384615385,0.2167747252747253,0.14031868131868136,0.6019258241758242,0.5381098901098902,0.3261263736263734,1.099826923076923,1.1144505494505492,0.554162087912088,28098.157692307694,0.928950500488277
0.2677115384615385,0.2067747252747253,0.1803186813186814,0.5919258241758242,0.5281098901098902,0.3161263736263734,1.089826923076923,1.1044505494505494,0.6041620879120879,28017.157692307694,0.933181715011596
0.24771153846153848,0.2067747252747253,0.16031868131868138,0.5919258241758242,0.5081098901098902,0.3261263736263734,1.079826923076923,1.1044505494505494,0.6141620879120879,28296.157692307694,0.9356963157653801
0.2577115384615385,0.28677472527472536,0.1803186813186814,0.5619258241758242,0.49810989010989015,0.3161263736263734,1.0498269230769233,1.0544505494505496,0.634162087912088,28319.157692307694,0.9363827228546135
0.24771153846153848,0.28677472527472536,0.2003186813186814,0.5919258241758242,0.49810989010989015,0.33612637362637343,1.0398269230769233,1.0444505494505494,0.634162087912088,28480.157692307694,0.9403821945190387
0.24771153846153848,0.26677472527472534,0.2003186813186814,0.5719258241758242,0.47810989010989013,0.3161263736263734,0.9798269230769231,1.0444505494505494,0.654162087912088,28171.157692307694,0.9443814277648919
0.21771153846153846,0.3167747252747254,0.22031868131868132,0.5619258241758242,0.4481098901098901,0.33612637362637343,0.9798269230769231,0.9844505494505494,0.664162087912088,28308.157692307694,0.9484352588653557
0.24771153846153848,0.3167747252747254,0.24031868131868134,0.5719258241758242,0.4581098901098901,0.33612637362637343,0.9698269230769231,0.9444505494505494,0.674162087912088,28195.157692307694,0.9493824958801227
0.15771153846153851,0.3267747252747254,0.27031868131868136,0.5319258241758241,0.4381098901098901,0.35612637362637345,0.9998269230769231,0.9344505494505494,0.684162087912088,27942.157692307694,0.9524271011352532
0.20771153846153856,0.3067747252747254,0.3003186813186814,0.5319258241758241,0.4181098901098903,0.37612637362637347,0.9698269230769231,0.9744505494505494,0.674162087912088,27837.157692307694,0.9568395137786858
0.16771153846153852,0.26677472527472534,0.2903186813186814,0.5219258241758241,0.4081098901098903,0.37612637362637347,0.9798269230769231,0.9944505494505494,0.6941620879120879,27672.157692307694,0.9599365711212151
0.17771153846153853,0.25677472527472534,0.27031868131868136,0.5819258241758242,0.35810989010989025,0.37612637362637347,0.9798269230769231,0.9844505494505494,0.684162087912088,27383.157692307694,0.9609541416168206
0.1477115384615385,0.19677472527472528,0.2803186813186814,0.5319258241758241,0.34810989010989024,0.3961263736263735,0.9698269230769231,0.9944505494505494,0.7341620879120879,27148.157692307694,0.9649204730987577
0.20771153846153856,0.15677472527472525,0.2903186813186814,0.5219258241758241,0.37810989010989027,0.4061263736263735,0.9798269230769231,0.9744505494505494,0.7241620879120879,26769.157692307694,0.9690951824188225
0.19771153846153855,0.15677472527472525,0.3103186813186814,0.5319258241758241,0.37810989010989027,0.4261263736263735,0.9798269230769231,0.9444505494505494,0.6941620879120879,26894.157692307694,0.9725548744201653
0.19771153846153855,0.15677472527472525,0.3003186813186814,0.5119258241758241,0.3981098901098903,0.44612637362637353,0.9698269230769231,0.9144505494505494,0.7241620879120879,26419.157692307694,0.9735536098480253
0.23771153846153847,0.0967747252747253,0.3303186813186814,0.5219258241758241,0.36810989010989026,0.44612637362637353,0.9598269230769231,0.9244505494505494,0.7241620879120879,26574.157692307694,0.9775559425353997
0.24771153846153848,0.10677472527472531,0.3403186813186813,0.4919258241758242,0.36810989010989026,0.46612637362637355,0.9798269230769231,0.8944505494505494,0.7341620879120879,26511.157692307694,0.9815604209899895
0.22771153846153847,0.07677472527472529,0.3303186813186814,0.4719258241758242,0.3181098901098902,0.48612637362637356,0.9998269230769231,0.9244505494505494,0.7441620879120879,26254.157692307694,0.9852771282196038
0.22771153846153847,0.06677472527472528,0.3403186813186813,0.5119258241758241,0.3281098901098902,0.5161263736263734,0.9598269230769231,0.9144505494505494,0.7341620879120879,25925.157692307694,0.9863090038299553
0.20771153846153856,0.0967747252747253,0.3303186813186814,0.4719258241758242,0.34810989010989024,0.5061263736263734,0.9398269230769231,0.8144505494505495,0.7541620879120879,25552.157692307694,0.9893137931823723
0.21771153846153846,0.13677472527472534,0.3303186813186814,0.4819258241758242,0.3281098901098902,0.5161263736263734,0.9498269230769231,0.7444505494505494,0.774162087912088,25299.157692307694,0.9935061454772907
0.19771153846153855,0.10677472527472531,0.3203186813186814,0.5019258241758242,0.3881098901098903,0.5161263736263734,0.899826923076923,0.6844505494505494,0.784162087912088,25624.157692307694,0.9979440689086907
0.18771153846153854,0.12677472527472533,0.3303186813186814,0.5019258241758242,0.3281098901098902,0.5461263736263734,0.909826923076923,0.7044505494505494,0.8141620879120879,25903.157692307694,0.9979440689086907
0.17771153846153853,0.0967747252747253,0.3403186813186813,0.4919258241758242,0.3281098901098902,0.5361263736263734,0.889826923076923,0.6844505494505494,0.8341620879120879,26040.157692307694,1.002111864089965
0.17771153846153853,0.12677472527472533,0.3303186813186814,0.44192582417582416,0.3081098901098902,0.5661263736263734,0.879826923076923,0.7044505494505494,0.8341620879120879,25669.157692307694,1.006449651718139
0.17771153846153853,0.04677472527472526,0.37031868131868134,0.45192582417582416,0.3081098901098902,0.5461263736263734,0.8598269230769231,0.6644505494505494,0.8341620879120879,25328.157692307694,1.0104891777038567
0.18771153846153854,0.03677472527472525,0.39031868131868136,0.4919258241758242,0.3081098901098902,0.5461263736263734,0.8298269230769231,0.6644505494505494,0.8441620879120879,25381.157692307694,1.0137383460998528
0.16771153846153852,-0.003225274725274674,0.40031868131868137,0.4619258241758242,0.2781098901098902,0.5361263736263734,0.8298269230769231,0.6244505494505493,0.8641620879120879,25444.157692307694,1.0147335052490227
0.1477115384615385,0.03677472527472525,0.40031868131868137,0.43192582417582415,0.21810989010989013,0.5661263736263734,0.8398269230769231,0.6744505494505494,0.884162087912088,25571.157692307694,1.0188102245330768
0.1277115384615385,0.03677472527472525,0.4103186813186814,0.43192582417582415,0.21810989010989013,0.5861263736263734,0.8498269230769231,0.6744505494505494,0.884162087912088,25562.157692307694,1.0228101730346673
0.16771153846153852,0.03677472527472525,0.4303186813186814,0.41192582417582413,0.23810989010989014,0.5761263736263734,0.779826923076923,0.6244505494505493,0.904162087912088,25571.157692307694,1.0262875080108635
0.19771153846153855,0.03677472527472525,0.4303186813186814,0.3919258241758241,0.1981098901098901,0.5761263736263734,0.799826923076923,0.6444505494505494,0.914162087912088,25478.157692307694,1.027248811721801
0.18771153846153854,0.016774725274725344,0.4403186813186814,0.3819258241758242,0.1981098901098901,0.5961263736263734,0.779826923076923,0.6344505494505494,0.934162087912088,25555.157692307694,1.0304913043975858
0.19771153846153855,0.06677472527472528,0.4203186813186814,0.3819258241758242,0.1781098901098903,0.6161263736263735,0.7298269230769231,0.6044505494505493,0.934162087912088,25388.157692307694,1.0344774246215849
0.23771153846153847,0.04677472527472526,0.40031868131868137,0.3419258241758242,0.1581098901098903,0.6761263736263735,0.7198269230769231,0.6044505494505493,0.934162087912088,25763.157692307694,1.0389794826507561
0.22771153846153847,0.03677472527472525,0.4103186813186814,0.3419258241758242,0.1681098901098903,0.6661263736263735,0.7098269230769231,0.5644505494505495,0.934162087912088,26156.157692307694,1.0389794826507561
0.20771153846153856,0.026774725274725353,0.4403186813186814,0.30192582417582414,0.11810989010989026,0.6961263736263735,0.7098269230769231,0.5344505494505495,0.954162087912088,26203.157692307694,1.043582868576049
0.22771153846153847,-0.013225274725274683,0.4503186813186814,0.2819258241758241,0.1781098901098903,0.6961263736263735,0.7298269230769231,0.5844505494505495,0.934162087912088,26500.157692307694,1.0468260765075676
0.18771153846153854,-0.003225274725274674,0.4503186813186814,0.2719258241758241,0.11810989010989026,0.7161263736263735,0.6998269230769231,0.5844505494505495,0.924162087912088,26391.157692307694,1.050869417190551
0.16771153846153852,-0.013225274725274683,0.4603186813186814,0.2519258241758242,0.11810989010989026,0.7261263736263736,0.6898269230769231,0.5744505494505495,0.934162087912088,26684.157692307694,1.0520896434783928
0.20771153846153856,-0.04322527472527471,0.4603186813186814,0.20192582417582416,0.13810989010989028,0.7561263736263734,0.639826923076923,0.5344505494505495,0.954162087912088,27249.157692307694,1.0551619052886956
0.20771153846153856,-0.013225274725274683,0.4503186813186814,0.18192582417582415,0.08810989010989023,0.7661263736263734,0.629826923076923,0.5044505494505495,0.944162087912088,27666.157692307694,1.0595550060272245
0.16771153846153852,-0.08322527472527474,0.4203186813186814,0.19192582417582416,0.12810989010989027,0.8261263736263734,0.629826923076923,0.4644505494505494,0.964162087912088,27617.157692307694,1.0635537624359124
0.18771153846153854,-0.11322527472527466,0.40031868131868137,0.18192582417582415,0.10810989010989025,0.8361263736263734,0.5798269230769231,0.4444505494505494,0.984162087912088,27836.157692307694,1.0645453453063958
0.1477115384615385,-0.07322527472527474,0.38031868131868135,0.17192582417582414,0.12810989010989027,0.8661263736263735,0.5698269230769231,0.4244505494505494,0.994162087912088,28197.157692307694,1.0675546646118157
0.17771153846153853,-0.06322527472527473,0.38031868131868135,0.1119258241758242,0.10810989010989025,0.8561263736263734,0.529826923076923,0.4544505494505494,1.0441620879120879,28396.157692307694,1.0716411590576165
0.18771153846153854,-0.08322527472527474,0.39031868131868136,0.08192582417582417,0.09810989010989024,0.8161263736263734,0.529826923076923,0.49445054945054945,1.084162087912088,28669.157692307694,1.0760848045349114
0.17771153846153853,-0.10322527472527465,0.4303186813186814,0.09192582417582418,0.08810989010989023,0.8061263736263734,0.539826923076923,0.4644505494505494,1.084162087912088,28882.157692307694,1.0760848045349114
0.11771153846153848,-0.06322527472527473,0.4403186813186814,0.10192582417582419,0.058109890109890205,0.8161263736263734,0.559826923076923,0.4244505494505494,1.144162087912088,29245.157692307694,1.0800258636474602
0.1477115384615385,-0.05322527472527472,0.4403186813186814,0.10192582417582419,0.08810989010989023,0.7861263736263734,0.509826923076923,0.38445054945054946,1.194162087912088,29038.157692307694,1.0834967613220243
0.08771153846153845,-0.06322527472527473,0.49031868131868134,0.10192582417582419,0.008109890109890161,0.7361263736263736,0.509826923076923,0.38445054945054946,1.224162087912088,29495.157692307694,1.0888728618621855
0.11771153846153848,-0.08322527472527474,0.5203186813186813,0.03192582417582418,0.0481098901098902,0.7161263736263735,0.519826923076923,0.40445054945054937,1.204162087912088,29830.157692307694,1.091133546829223
0.07771153846153855,-0.09322527472527475,0.5203186813186813,0.10192582417582419,-0.04189010989010977,0.7161263736263735,0.4798269230769231,0.4144505494505494,1.234162087912088,30159.157692307694,1.0921895027160673
0.06771153846153855,-0.07322527472527474,0.5503186813186813,0.08192582417582417,-0.0018901098901098479,0.6961263736263735,0.549826923076923,0.3344505494505494,1.2641620879120878,30196.157692307694,1.0960161209106438
0.04771153846153853,-0.10322527472527465,0.5503186813186813,0.06192582417582415,-0.021890109890109755,0.6861263736263735,0.4798269230769231,0.37445054945054945,1.2541620879120878,30671.157692307694,1.1000747203826897
0.04771153846153853,-0.10322527472527465,0.5803186813186814,0.04192582417582413,-0.0718901098901098,0.6861263736263735,0.4698269230769231,0.38445054945054946,1.234162087912088,30700.157692307694,1.1040765762329094
0.007711538461538492,-0.10322527472527465,0.6103186813186814,0.07192582417582416,-0.021890109890109755,0.6861263736263735,0.4798269230769231,0.36445054945054944,1.224162087912088,30665.157692307694,1.1050424098968499
0.0177115384615385,-0.09322527472527475,0.6503186813186814,0.02192582417582417,-0.0718901098901098,0.6861263736263735,0.4798269230769231,0.2844505494505494,1.214162087912088,30442.157692307694,1.1089107513427727
0.02771153846153851,-0.11322527472527466,0.6303186813186814,0.02192582417582417,-0.011890109890109746,0.6861263736263735,0.44982692307692307,0.2844505494505494,1.214162087912088,30507.157692307694,1.1131667613983147
0.0177115384615385,-0.1532252747252747,0.6303186813186814,0.011925824175824162,-0.0018901098901098479,0.7161263736263735,0.4598269230769231,0.3044505494505494,1.224162087912088,30568.157692307694,1.116155576705932
0.007711538461538492,-0.10322527472527465,0.5903186813186814,0.08192582417582417,-0.021890109890109755,0.7561263736263734,0.4598269230769231,0.2744505494505495,1.214162087912088,30741.157692307694,1.116155576705932
-0.032288461538461544,-0.09322527472527475,0.5803186813186814,0.06192582417582415,-0.06189010989010979,0.7761263736263734,0.41982692307692304,0.2744505494505495,1.214162087912088,30602.157692307694,1.1202008247375481
-0.04228846153846144,-0.13322527472527468,0.6003186813186814,0.08192582417582417,-0.09189010989010982,0.8061263736263734,0.4798269230769231,0.1844505494505494,1.204162087912088,30953.157692307694,1.1245018959045403
-0.06228846153846146,-0.12322527472527467,0.6003186813186814,0.08192582417582417,-0.08189010989010981,0.7761263736263734,0.43982692307692306,0.26445054945054947,1.194162087912088,30660.157692307694,1.1290044307708733
-0.032288461538461544,-0.13322527472527468,0.6203186813186814,0.09192582417582418,-0.09189010989010982,0.7961263736263734,0.4798269230769231,0.24445054945054945,1.144162087912088,29803.157692307694,1.1299881458282428
-0.05228846153846145,-0.10322527472527465,0.6303186813186814,0.07192582417582416,-0.10189010989010983,0.7661263736263734,0.3998269230769231,0.23445054945054944,1.184162087912088,29962.157692307694,1.1323611259460442
-0.07228846153846147,-0.08322527472527474,0.6603186813186814,0.06192582417582415,-0.09189010989010982,0.7361263736263736,0.35982692307692304,0.2844505494505494,1.184162087912088,30937.157692307694,1.1365088939666776
-0.08228846153846148,-0.06322527472527473,0.6803186813186815,0.1319258241758242,-0.10189010989010983,0.7361263736263736,0.41982692307692304,0.23445054945054944,1.214162087912088,30864.157692307694,1.141396236419677
-0.04228846153846144,-0.09322527472527475,0.6803186813186815,0.15192582417582412,-0.17189010989010978,0.7361263736263736,0.42982692307692305,0.23445054945054944,1.194162087912088,30681.157692307694,1.141396236419677
-0.08228846153846148,-0.09322527472527475,0.6903186813186815,0.1419258241758241,-0.15189010989010976,0.7361263736263736,0.4798269230769231,0.23445054945054944,1.164162087912088,30904.157692307694,1.1457123279571526
-0.04228846153846144,-0.08322527472527474,0.7403186813186815,0.1319258241758242,-0.14189010989010975,0.7361263736263736,0.4898269230769231,0.23445054945054944,1.124162087912088,31099.157692307694,1.1497103691101067
0.007711538461538492,-0.11322527472527466,0.7803186813186813,0.17192582417582414,-0.14189010989010975,0.7261263736263736,0.549826923076923,0.2044505494505494,1.144162087912088,30952.157692307694,1.153807592391967
0.007711538461538492,-0.11322527472527466,0.7903186813186813,0.17192582417582414,-0.13189010989010974,0.6861263736263735,0.539826923076923,0.2044505494505494,1.124162087912088,30831.157692307694,1.153807592391967
0.02771153846153851,-0.11322527472527466,0.8103186813186813,0.16192582417582413,-0.16189010989010977,0.6961263736263735,0.539826923076923,0.23445054945054944,1.134162087912088,31220.157692307694,1.1580945968627923
-0.022288461538461535,-0.1432252747252747,0.8003186813186813,0.22192582417582418,-0.17189010989010978,0.6861263736263735,0.539826923076923,0.21445054945054942,1.134162087912088,31615.157692307694,1.1620735645294182
0.0177115384615385,-0.1632252747252747,0.7603186813186815,0.2319258241758242,-0.13189010989010974,0.7061263736263735,0.549826923076923,0.23445054945054944,1.174162087912088,30896.157692307694,1.1660642147064202
0.03771153846153852,-0.12322527472527467,0.6903186813186815,0.2619258241758241,-0.16189010989010977,0.7561263736263734,0.559826923076923,0.17445054945054939,1.144162087912088,30487.157692307694,1.1693460464477532
0.0177115384615385,-0.20322527472527474,0.6803186813186815,0.2619258241758241,-0.16189010989010977,0.7661263736263734,0.5798269230769231,0.1844505494505494,1.194162087912088,30308.157692307694,1.1700753688812284
-0.012288461538461526,-0.18322527472527472,0.6403186813186814,0.3419258241758242,-0.14189010989010975,0.7861263736263734,0.5898269230769231,0.1944505494505494,1.164162087912088,30163.157692307694,1.1746725559234648
-0.022288461538461535,-0.22322527472527465,0.6003186813186814,0.3719258241758242,-0.18189010989010979,0.7961263736263734,0.5998269230769231,0.1944505494505494,1.164162087912088,29550.157692307694,1.178108644485473
0.007711538461538492,-0.22322527472527465,0.6203186813186814,0.3819258241758242,-0.2118901098901098,0.8061263736263734,0.629826923076923,0.22445054945054943,1.174162087912088,29211.157692307694,1.1816427230834954
0.007711538461538492,-0.19322527472527473,0.5703186813186814,0.41192582417582413,-0.1918901098901098,0.8061263736263734,0.6198269230769231,0.1944505494505494,1.174162087912088,29096.157692307694,1.1816427230834954
-0.002288461538461517,-0.1632252747252747,0.5503186813186813,0.44192582417582416,-0.1918901098901098,0.8161263736263734,0.6198269230769231,0.1844505494505494,1.214162087912088,29245.157692307694,1.1858810901641874
-0.022288461538461535,-0.1532252747252747,0.5703186813186814,0.4919258241758242,-0.22189010989010982,0.7761263736263734,0.5998269230769231,0.1944505494505494,1.204162087912088,29248.157692307694,1.1898982048034696
0.0177115384615385,-0.20322527472527474,0.6203186813186814,0.4719258241758242,-0.17189010989010978,0.7261263736263736,0.6098269230769231,0.12445054945054945,1.194162087912088,28983.157692307694,1.1938979148864775
-0.012288461538461526,-0.19322527472527473,0.6703186813186814,0.44192582417582416,-0.22189010989010982,0.7161263736263735,0.5898269230769231,0.10445054945054943,1.204162087912088,28404.157692307694,1.1948985576629596
-0.05228846153846145,-0.18322527472527472,0.6103186813186814,0.4719258241758242,-0.25189010989010985,0.7061263736263735,0.549826923076923,0.15445054945054937,1.194162087912088,27733.157692307694,1.198017787933349
-0.1022884615384615,-0.19322527472527473,0.6903186813186815,0.42192582417582414,-0.22189010989010982,0.7361263736263736,0.43982692307692306,0.1944505494505494,1.184162087912088,27536.157692307694,1.2030133724212675
-0.05228846153846145,-0.1632252747252747,0.7403186813186815,0.43192582417582415,-0.2118901098901098,0.7561263736263734,0.4898269230769231,0.1944505494505494,1.164162087912088,26993.157692307694,1.2070285797119134
-0.022288461538461535,-0.18322527472527472,0.7703186813186815,0.4719258241758242,-0.24189010989010984,0.7561263736263734,0.529826923076923,0.1944505494505494,1.124162087912088,25470.157692307694,1.2070285797119134
0.0177115384615385,-0.24322527472527466,0.7503186813186815,0.5019258241758242,-0.2018901098901098,0.7061263736263735,0.559826923076923,0.1844505494505494,1.174162087912088,24487.157692307694,1.2110690593719475
0.0177115384615385,-0.18322527472527472,0.7003186813186815,0.5219258241758241,-0.17189010989010978,0.7361263736263736,0.559826923076923,0.12445054945054945,1.174162087912088,24118.157692307694,1.214939069747924
-0.002288461538461517,-0.20322527472527474,0.7403186813186815,0.5319258241758241,-0.2018901098901098,0.7161263736263735,0.5998269230769231,0.1844505494505494,1.114162087912088,23533.157692307694,1.2191738605499225
-0.012288461538461526,-0.2732252747252747,0.6903186813186815,0.5619258241758242,-0.18189010989010979,0.7361263736263736,0.5998269230769231,0.15445054945054937,1.134162087912088,23454.157692307694,1.2191738605499225
-0.002288461538461517,-0.2532252747252747,0.6503186813186814,0.5919258241758242,-0.17189010989010978,0.7761263736263734,0.6098269230769231,0.10445054945054943,1.154162087912088,23857.157692307694,1.2231750011444085
0.007711538461538492,-0.2632252747252747,0.6303186813186814,0.5619258241758242,-0.16189010989010977,0.7561263736263734,0.6098269230769231,0.07445054945054941,1.184162087912088,23690.157692307694,1.2271658897399895
0.0177115384615385,-0.23322527472527466,0.6003186813186814,0.5219258241758241,-0.15189010989010976,0.7561263736263734,0.6198269230769231,0.13445054945054946,1.154162087912088,23191.157692307694,1.2321962833404534
0.07771153846153855,-0.21322527472527475,0.6103186813186814,0.4719258241758242,-0.13189010989010974,0.7761263736263734,0.649826923076923,0.12445054945054945,1.094162087912088,22926.157692307694,1.234734010696414
0.1277115384615385,-0.2532252747252747,0.6103186813186814,0.5319258241758241,-0.16189010989010977,0.7861263736263734,0.7098269230769231,0.14445054945054947,1.0241620879120878,22661.157692307694,1.234734010696414
0.11771153846153848,-0.2932252747252747,0.6303186813186814,0.5219258241758241,-0.14189010989010975,0.7661263736263734,0.6898269230769231,0.14445054945054947,1.0241620879120878,22284.157692307694,1.2400321483612053
0.1377115384615385,-0.3032252747252747,0.6003186813186814,0.4919258241758242,-0.13189010989010974,0.7861263736263734,0.669826923076923,0.12445054945054945,1.0141620879120878,22005.157692307694,1.243759107589721
0.11771153846153848,-0.2832252747252747,0.5603186813186813,0.5619258241758242,-0.12189010989010984,0.8461263736263734,0.6998269230769231,0.11445054945054944,0.954162087912088,21746.157692307694,1.2475900173187249
0.16771153846153852,-0.2532252747252747,0.5603186813186813,0.5419258241758241,-0.16189010989010977,0.8261263736263734,0.7198269230769231,0.12445054945054945,0.964162087912088,21221.157692307694,1.2475900173187249
0.17771153846153853,-0.21322527472527475,0.5403186813186813,0.5619258241758242,-0.13189010989010974,0.8461263736263734,0.6898269230769231,0.10445054945054943,0.944162087912088,21364.157692307694,1.251684379577636
0.20771153846153856,-0.23322527472527466,0.5203186813186813,0.5719258241758242,-0.11189010989010983,0.7661263736263734,0.7098269230769231,0.14445054945054947,0.964162087912088,20893.157692307694,1.255728912353515
0.1477115384615385,-0.21322527472527475,0.5103186813186813,0.5919258241758242,-0.11189010989010983,0.7661263736263734,0.7398269230769231,0.16445054945054938,0.994162087912088,20662.157692307694,1.2597109794616692
0.1377115384615385,-0.19322527472527473,0.48031868131868133,0.6519258241758242,-0.12189010989010984,0.7861263736263734,0.7398269230769231,0.15445054945054937,0.964162087912088,20345.157692307694,1.2597109794616692
0.17771153846153853,-0.19322527472527473,0.4703186813186813,0.6219258241758242,-0.09189010989010982,0.7761263736263734,0.7498269230769231,0.15445054945054937,0.994162087912088,20038.157692307694,1.2637061595916776
0.19771153846153855,-0.1632252747252747,0.4403186813186814,0.6419258241758242,-0.10189010989010983,0.7261263736263736,0.769826923076923,0.13445054945054946,1.0041620879120878,20341.157692307694,1.2678553581237786
0.23771153846153847,-0.19322527472527473,0.40031868131868137,0.6619258241758242,-0.09189010989010982,0.7161263736263735,0.799826923076923,0.11445054945054944,1.0241620879120878,19730.157692307694,1.2723888874053948
0.23771153846153847,-0.21322527472527475,0.38031868131868135,0.6519258241758242,-0.13189010989010974,0.7161263736263735,0.799826923076923,0.11445054945054944,0.994162087912088,19469.157692307694,1.2733554363250725
0.2577115384615385,-0.1632252747252747,0.40031868131868137,0.6919258241758243,-0.10189010989010983,0.7161263736263735,0.8198269230769231,0.16445054945054938,0.984162087912088,19380.157692307694,1.2770742893218987
0.2677115384615385,-0.21322527472527475,0.39031868131868136,0.6819258241758243,-0.10189010989010983,0.7061263736263735,0.8198269230769231,0.15445054945054937,0.944162087912088,19109.157692307694,1.2800971984863274
0.2777115384615385,-0.24322527472527466,0.37031868131868134,0.6719258241758242,-0.09189010989010982,0.6961263736263735,0.8598269230769231,0.15445054945054937,0.924162087912088,19038.157692307694,1.2847802162170368
0.2977115384615385,-0.22322527472527465,0.37031868131868134,0.6819258241758243,-0.06189010989010979,0.7261263736263736,0.8698269230769231,0.2044505494505494,0.904162087912088,18683.157692307694,1.285792541503909
0.2877115384615385,-0.23322527472527466,0.37031868131868134,0.6719258241758242,-0.06189010989010979,0.6961263736263735,0.899826923076923,0.16445054945054938,0.8741620879120879,18694.157692307694,1.2889918804168694
0.32771153846153855,-0.24322527472527466,0.3503186813186813,0.7119258241758241,-0.06189010989010979,0.6961263736263735,0.879826923076923,0.1844505494505494,0.8641620879120879,18437.157692307694,1.2929913520812981
0.4077115384615385,-0.20322527472527474,0.3103186813186814,0.701925824175824,-0.10189010989010983,0.7261263736263736,0.919826923076923,0.14445054945054947,0.8241620879120879,18248.157692307694,1.297094297409057
0.4177115384615385,-0.20322527472527474,0.27031868131868136,0.6819258241758243,-0.09189010989010982,0.7261263736263736,0.9498269230769231,0.10445054945054943,0.794162087912088,17997.157692307694,1.2980951786041253
0.3977115384615385,-0.1732252747252747,0.3103186813186814,0.7119258241758241,-0.09189010989010982,0.7061263736263735,0.9698269230769231,0.16445054945054938,0.8341620879120879,17504.157692307694,1.3012163162231474
0.4177115384615385,-0.1632252747252747,0.26031868131868136,0.7219258241758241,-0.05189010989010978,0.6961263736263735,0.9398269230769231,0.24445054945054945,0.8341620879120879,17515.157692307694,1.305256795883178
0.42771153846153853,-0.18322527472527472,0.26031868131868136,0.7119258241758241,-0.031890109890109763,0.6961263736263735,0.9798269230769231,0.22445054945054943,0.8341620879120879,17608.157692307694,1.3095724105834954
0.4177115384615385,-0.1532252747252747,0.26031868131868136,0.7219258241758241,-0.05189010989010978,0.7061263736263735,0.9598269230769231,0.25445054945054946,0.804162087912088,17369.157692307694,1.3127188205718987
0.45771153846153856,-0.1432252747252747,0.23031868131868133,0.7619258241758241,-0.06189010989010979,0.7261263736263736,0.929826923076923,0.25445054945054946,0.7541620879120879,17564.157692307694,1.3127188205718987
0.5177115384615386,-0.13322527472527468,0.26031868131868136,0.7219258241758241,-0.031890109890109763,0.7161263736263735,0.919826923076923,0.2844505494505494,0.7541620879120879,17673.157692307694,1.3174142360687249
0.46771153846153857,-0.08322527472527474,0.25031868131868135,0.7619258241758241,-0.08189010989010981,0.7061263736263735,0.9498269230769231,0.21445054945054942,0.7341620879120879,17892.157692307694,1.3212944984435993
0.4777115384615386,-0.10322527472527465,0.21031868131868142,0.7919258241758241,-0.0718901098901098,0.6661263736263735,0.9498269230769231,0.17445054945054939,0.7041620879120879,18159.157692307694,1.3250457763671868
0.46771153846153857,-0.10322527472527465,0.1903186813186814,0.7619258241758241,-0.06189010989010979,0.6961263736263735,0.919826923076923,0.14445054945054947,0.7041620879120879,18104.157692307694,1.3261034011840813
0.5177115384615386,-0.10322527472527465,0.1903186813186814,0.7619258241758241,-0.10189010989010983,0.6961263736263735,0.9498269230769231,0.1844505494505494,0.674162087912088,17941.157692307694,1.3288468837737994
0.4977115384615386,-0.1432252747252747,0.21031868131868142,0.8119258241758242,-0.08189010989010981,0.6861263736263735,0.9698269230769231,0.1944505494505494,0.7041620879120879,18060.157692307694,1.3340763568878167
0.5077115384615386,-0.12322527472527467,0.1803186813186814,0.8219258241758242,-0.05189010989010978,0.6961263736263735,0.9698269230769231,0.21445054945054942,0.674162087912088,17813.157692307694,1.3373956203460686
0.5077115384615386,-0.13322527472527468,0.1903186813186814,0.8319258241758242,-0.04189010989010977,0.6661263736263735,0.9798269230769231,0.21445054945054942,0.644162087912088,17870.157692307694,1.3380817890167194
0.4877115384615386,-0.12322527472527467,0.16031868131868138,0.8819258241758242,-0.05189010989010978,0.6461263736263735,1.0298269230769233,0.16445054945054938,0.664162087912088,17737.157692307694,1.3421098709106438
0.4777115384615386,-0.11322527472527466,0.14031868131868136,0.9119258241758242,-0.04189010989010977,0.6361263736263735,1.0298269230769233,0.17445054945054939,0.664162087912088,17926.157692307694,1.3455748081207268
0.4877115384615386,-0.11322527472527466,0.16031868131868138,0.8919258241758242,-0.031890109890109763,0.6261263736263735,1.079826923076923,0.17445054945054939,0.654162087912088,18125.157692307694,1.3498701572418206
0.5377115384615384,-0.1432252747252747,0.13031868131868135,0.9119258241758242,-0.011890109890109746,0.6061263736263734,1.099826923076923,0.1844505494505494,0.654162087912088,18218.157692307694,1.3509287357330315
0.4877115384615386,-0.13322527472527468,0.16031868131868138,0.9219258241758242,-0.0018901098901098479,0.6161263736263735,1.1498269230769231,0.1844505494505494,0.644162087912088,17999.157692307694,1.3539571285247796
0.45771153846153856,-0.1432252747252747,0.1703186813186814,0.951925824175824,-0.031890109890109763,0.6061263736263734,1.1598269230769231,0.17445054945054939,0.634162087912088,17514.157692307694,1.3590058803558378
0.5177115384615386,-0.1632252747252747,0.14031868131868136,0.9319258241758243,0.008109890109890161,0.6061263736263734,1.1898269230769232,0.1844505494505494,0.6241620879120879,18073.157692307694,1.3630036830902093
0.5177115384615386,-0.13322527472527468,0.12031868131868134,0.951925824175824,0.03810989010989019,0.5961263736263734,1.1798269230769232,0.23445054945054944,0.6041620879120879,18442.157692307694,1.3630036830902093
0.5277115384615384,-0.13322527472527468,0.15031868131868137,0.9919258241758241,0.03810989010989019,0.6061263736263734,1.2398269230769232,0.24445054945054945,0.6041620879120879,18537.157692307694,1.3665763854980426
0.5077115384615386,-0.18322527472527472,0.11031868131868139,1.001925824175824,0.03810989010989019,0.5561263736263734,1.2398269230769232,0.26445054945054947,0.6041620879120879,18904.157692307694,1.3705491542816155
0.5077115384615386,-0.1632252747252747,0.14031868131868136,1.021925824175824,0.03810989010989019,0.5461263736263734,1.2598269230769232,0.2744505494505495,0.5941620879120879,19193.157692307694,1.3744978427886956
0.5577115384615384,-0.1732252747252747,0.11031868131868139,1.061925824175824,0.02810989010989018,0.5461263736263734,1.2598269230769232,0.25445054945054946,0.554162087912088,19174.157692307694,1.3784083843231194
0.5477115384615384,-0.13322527472527468,0.14031868131868136,1.041925824175824,0.0481098901098902,0.5461263736263734,1.3098269230769233,0.22445054945054943,0.544162087912088,19435.157692307694,1.3791207790374749
0.5177115384615386,-0.11322527472527466,0.07031868131868135,1.041925824175824,0.01810989010989017,0.5461263736263734,1.329826923076923,0.22445054945054943,0.554162087912088,19722.157692307694,1.3821520328521721
0.5177115384615386,-0.13322527472527468,0.07031868131868135,1.0719258241758243,0.03810989010989019,0.5361263736263734,1.359826923076923,0.2044505494505494,0.534162087912088,19865.157692307694,1.3871674060821526
0.5277115384615384,-0.13322527472527468,0.07031868131868135,1.0519258241758243,0.07810989010989022,0.5161263736263734,1.3898269230769231,0.2044505494505494,0.534162087912088,20478.157692307694,1.3901993751525872
0.5477115384615384,-0.10322527472527465,0.08031868131868136,1.061925824175824,0.058109890109890205,0.5161263736263734,1.3998269230769231,0.24445054945054945,0.524162087912088,20291.157692307694,1.3912350654602044
0.5477115384615384,-0.13322527472527468,0.10031868131868138,1.0919258241758243,0.06810989010989021,0.5261263736263734,1.4098269230769231,0.21445054945054942,0.5041620879120879,20204.157692307694,1.3947114467620843
0.5777115384615384,-0.10322527472527465,0.07031868131868135,1.0719258241758243,0.09810989010989024,0.47612637362637356,1.3998269230769231,0.26445054945054947,0.514162087912088,20193.157692307694,1.3982545852661126
0.5677115384615384,-0.08322527472527474,0.07031868131868135,1.081925824175824,0.06810989010989021,0.45612637362637354,1.4198269230769232,0.21445054945054942,0.4841620879120879,20606.157692307694,1.4032423019409173
0.5977115384615385,-0.11322527472527466,0.07031868131868135,1.0919258241758243,0.10810989010989025,0.48612637362637356,1.3998269230769231,0.1944505494505494,0.49416208791208793,21407.157692307694,1.4032423019409173
0.6177115384615385,-0.11322527472527466,0.07031868131868135,1.0719258241758243,0.12810989010989027,0.47612637362637356,1.4198269230769232,0.14445054945054947,0.49416208791208793,21372.157692307694,1.4072422504425077
0.6477115384615385,-0.11322527472527466,0.05031868131868139,1.0719258241758243,0.1681098901098903,0.44612637362637353,1.4098269230769231,0.14445054945054947,0.5041620879120879,21381.157692307694,1.411153030395507
0.6477115384615385,-0.1632252747252747,0.060318681318681344,1.0919258241758243,0.1881098901098901,0.4361263736263735,1.4098269230769231,0.21445054945054942,0.4541620879120879,21054.157692307694,1.4152194976806634
0.6577115384615385,-0.1632252747252747,0.05031868131868139,1.0519258241758243,0.22810989010989013,0.4161263736263735,1.3998269230769231,0.1944505494505494,0.4841620879120879,21455.157692307694,1.4161889076232939
0.6477115384615385,-0.23322527472527466,0.08031868131868136,1.081925824175824,0.20810989010989012,0.3961263736263735,1.4098269230769231,0.26445054945054947,0.4541620879120879,21890.157692307694,1.4201890945434563
0.6677115384615385,-0.1532252747252747,0.05031868131868139,1.0719258241758243,0.1981098901098901,0.3961263736263735,1.4098269230769231,0.2744505494505495,0.414162087912088,22291.157692307694,1.423709344863891
0.6477115384615385,-0.1532252747252747,0.04031868131868138,1.101925824175824,0.23810989010989014,0.4161263736263735,1.3998269230769231,0.2844505494505494,0.424162087912088,22724.157692307694,1.4277109622955315
0.6777115384615385,-0.1432252747252747,0.030318681318681373,1.101925824175824,0.2781098901098902,0.4261263736263735,1.3998269230769231,0.24445054945054945,0.414162087912088,22455.157692307694,1.4287046909332268
0.6777115384615385,-0.1532252747252747,0.030318681318681373,1.101925824175824,0.3081098901098902,0.4261263736263735,1.359826923076923,0.2844505494505494,0.40416208791208796,22366.157692307694,1.4320725917816155
0.6977115384615385,-0.1532252747252747,0.0003186813186813464,1.0919258241758243,0.37810989010989027,0.4161263736263735,1.369826923076923,0.2844505494505494,0.38416208791208795,23027.157692307694,1.4353162765502923
0.7177115384615386,-0.1632252747252747,-0.019681318681318616,1.0919258241758243,0.34810989010989024,0.4061263736263735,1.359826923076923,0.2844505494505494,0.3441620879120879,23124.157692307694,1.4410721778869586
0.7377115384615386,-0.20322527472527474,-0.009681318681318607,1.101925824175824,0.35810989010989025,0.4161263736263735,1.329826923076923,0.2844505494505494,0.37416208791208794,22653.157692307694,1.4410721778869586
0.7577115384615386,-0.1732252747252747,0.010318681318681355,1.0919258241758243,0.4281098901098903,0.3961263736263735,1.339826923076923,0.25445054945054946,0.36416208791208793,22812.157692307694,1.44360704421997
0.7377115384615386,-0.1732252747252747,0.0003186813186813464,1.1119258241758243,0.4381098901098901,0.3861263736263735,1.339826923076923,0.2844505494505494,0.36416208791208793,22687.157692307694,1.4488825321197467
0.7477115384615386,-0.13322527472527468,-0.009681318681318607,1.101925824175824,0.4481098901098901,0.36612637362637346,1.349826923076923,0.3244505494505494,0.3441620879120879,22974.157692307694,1.4529692649841337
0.7277115384615386,-0.12322527472527467,0.030318681318681373,1.081925824175824,0.5081098901098902,0.36612637362637346,1.369826923076923,0.2944505494505494,0.3441620879120879,23057.157692307694,1.4563030719757073
0.6877115384615385,-0.11322527472527466,0.010318681318681355,1.101925824175824,0.5081098901098902,0.34612637362637344,1.3798269230769231,0.26445054945054947,0.33416208791208796,23248.157692307694,1.456969213485717
0.7277115384615386,-0.1432252747252747,0.030318681318681373,1.0919258241758243,0.5981098901098902,0.3261263736263734,1.359826923076923,0.3144505494505494,0.3441620879120879,23617.157692307694,1.4605562210083
0.6877115384615385,-0.11322527472527466,0.020318681318681364,1.1119258241758243,0.5881098901098902,0.3161263736263734,1.4098269230769231,0.25445054945054946,0.3441620879120879,23228.157692307694,1.4645635604858391
0.6577115384615385,-0.13322527472527468,0.010318681318681355,1.1119258241758243,0.6681098901098903,0.3261263736263734,1.4098269230769231,0.2744505494505495,0.3541620879120879,23681.157692307694,1.4685654163360589
0.6777115384615385,-0.19322527472527473,0.010318681318681355,1.1119258241758243,0.6781098901098903,0.3161263736263734,1.3998269230769231,0.2844505494505494,0.38416208791208795,24112.157692307694,1.4695224285125725
0.6677115384615385,-0.20322527472527474,0.010318681318681355,1.101925824175824,0.7281098901098901,0.3061263736263734,1.3998269230769231,0.2944505494505494,0.38416208791208795,24081.157692307694,1.4735786437988274
0.6477115384615385,-0.13322527472527468,-0.039681318681318634,1.1319258241758243,0.7181098901098901,0.2961263736263734,1.4098269230769231,0.3144505494505494,0.3541620879120879,23954.157692307694,1.477190685272216
0.6577115384615385,-0.10322527472527465,-0.05968131868131865,1.1119258241758243,0.7081098901098901,0.2961263736263734,1.3798269230769231,0.36445054945054944,0.3441620879120879,23861.157692307694,1.4813963890075676
0.6777115384615385,-0.13322527472527468,-0.029681318681318625,1.081925824175824,0.7281098901098901,0.2761263736263734,1.3998269230769231,0.39445054945054947,0.38416208791208795,23800.157692307694,1.4813963890075676
0.6677115384615385,-0.12322527472527467,-0.019681318681318616,1.081925824175824,0.7481098901098902,0.2961263736263734,1.3998269230769231,0.36445054945054944,0.37416208791208794,23487.157692307694,1.485475969314571
0.6477115384615385,-0.13322527472527468,-0.039681318681318634,1.061925824175824,0.7981098901098902,0.2761263736263734,1.4398269230769232,0.39445054945054947,0.31416208791208794,23986.157692307694,1.4894589900970452
0.6177115384615385,-0.13322527472527468,-0.029681318681318625,1.081925824175824,0.7881098901098902,0.26612637362637337,1.4398269230769232,0.4344505494505494,0.31416208791208794,24115.157692307694,1.4930107116699212
0.6077115384615385,-0.10322527472527465,-0.0696813186813186,1.101925824175824,0.7681098901098902,0.2861263736263734,1.4398269230769232,0.4344505494505494,0.30416208791208793,24108.157692307694,1.4930107116699212
0.6077115384615385,-0.12322527472527467,-0.04968131868131864,1.0919258241758243,0.7981098901098902,0.26612637362637337,1.4298269230769232,0.49445054945054945,0.27416208791208796,24161.157692307694,1.4977457046508782
0.6177115384615385,-0.07322527472527474,-0.0696813186813186,1.0719258241758243,0.7781098901098902,0.26612637362637337,1.4098269230769231,0.5444505494505495,0.26416208791208795,24392.157692307694,1.501273584365844
0.6177115384615385,-0.07322527472527474,-0.08968131868131862,1.0519258241758243,0.7981098901098902,0.26612637362637337,1.4298269230769232,0.5244505494505495,0.23416208791208792,24077.157692307694,1.5053023815155058
0.6577115384615385,-0.0332252747252747,-0.0696813186813186,1.021925824175824,0.7781098901098902,0.24612637362637357,1.4398269230769232,0.5444505494505495,0.23416208791208792,24420.157692307694,1.506287765502929
0.6477115384615385,-0.05322527472527472,-0.04968131868131864,0.9719258241758241,0.7981098901098902,0.25612637362637336,1.4298269230769232,0.5544505494505495,0.21416208791208796,24859.157692307694,1.5092913627624505
0.6077115384615385,-0.02322527472527469,-0.05968131868131865,1.001925824175824,0.7881098901098902,0.25612637362637336,1.4498269230769232,0.5544505494505495,0.20416208791208795,24866.157692307694,1.5132910728454583
0.5777115384615384,0.026774725274725353,-0.05968131868131865,1.001925824175824,0.7681098901098902,0.23612637362637356,1.4398269230769232,0.5844505494505495,0.27416208791208796,24405.157692307694,1.5177547454833977
0.5677115384615384,0.026774725274725353,-0.04968131868131864,1.001925824175824,0.7481098901098902,0.24612637362637357,1.3898269230769231,0.6244505494505493,0.22416208791208792,24568.157692307694,1.5215069770812981
0.5477115384615384,0.05677472527472527,-0.029681318681318625,1.0319258241758242,0.7581098901098902,0.26612637362637337,1.369826923076923,0.6244505494505493,0.26416208791208795,24437.157692307694,1.522294473648067
0.5577115384615384,0.04677472527472526,-0.019681318681318616,1.0119258241758242,0.7281098901098901,0.23612637362637356,1.359826923076923,0.6644505494505494,0.33416208791208796,24298.157692307694,1.5263919353485065
0.5377115384615384,0.05677472527472527,0.0003186813186813464,1.0319258241758242,0.7581098901098902,0.22612637362637356,1.369826923076923,0.6744505494505494,0.2941620879120879,24383.157692307694,1.530572605133056
0.5677115384615384,0.07677472527472529,-0.029681318681318625,1.061925824175824,0.7481098901098902,0.22612637362637356,1.2898269230769233,0.7344505494505494,0.23416208791208792,24480.157692307694,1.5335661888122551
0.5577115384615384,0.12677472527472533,-0.029681318681318625,1.0519258241758243,0.7081098901098901,0.23612637362637356,1.2598269230769232,0.7644505494505495,0.24416208791208793,24463.157692307694,1.534566831588748
0.5877115384615385,0.13677472527472534,-0.019681318681318616,1.0119258241758242,0.6781098901098903,0.23612637362637356,1.2998269230769233,0.7744505494505495,0.23416208791208792,24494.157692307694,1.538842868804931
0.5377115384615384,0.14677472527472535,-0.039681318681318634,1.021925824175824,0.6481098901098903,0.26612637362637337,1.2598269230769232,0.8244505494505495,0.22416208791208792,24437.157692307694,1.542833995819091
0.5277115384615384,0.13677472527472534,-0.04968131868131864,1.0119258241758242,0.6781098901098903,0.2761263736263734,1.2798269230769233,0.8244505494505495,0.24416208791208793,24170.157692307694,1.5461315631866448
0.4777115384615386,0.2067747252747253,-0.05968131868131865,0.9719258241758241,0.6981098901098901,0.25612637362637336,1.2698269230769232,0.8844505494505494,0.24416208791208793,24113.157692307694,1.546856117248531
0.43771153846153854,0.2067747252747253,-0.07968131868131861,0.9619258241758241,0.6681098901098903,0.2761263736263734,1.2598269230769232,0.8444505494505493,0.24416208791208793,24220.157692307694,1.550470304489135
0.4177115384615385,0.24677472527472533,-0.07968131868131861,0.9719258241758241,0.6481098901098903,0.2761263736263734,1.2198269230769232,0.9044505494505494,0.24416208791208793,24251.157692307694,1.5552386760711627
0.42771153846153853,0.2167747252747253,-0.039681318681318634,0.9019258241758242,0.6881098901098901,0.25612637362637336,1.2298269230769232,0.8644505494505493,0.32416208791208795,24116.157692307694,1.5587152957916288
0.42771153846153853,0.26677472527472534,-0.029681318681318625,0.9119258241758242,0.7081098901098901,0.26612637362637337,1.2198269230769232,0.8044505494505495,0.32416208791208795,23703.157692307694,1.5587152957916288
0.4177115384615385,0.23677472527472532,-0.029681318681318625,0.8719258241758242,0.7081098901098901,0.2761263736263734,1.2298269230769232,0.8444505494505493,0.3441620879120879,23874.157692307694,1.5627271652221673
0.34771153846153846,0.25677472527472534,-0.019681318681318616,0.8619258241758242,0.6681098901098903,0.2861263736263734,1.2598269230769232,0.8644505494505493,0.3541620879120879,23997.157692307694,1.5677272796630852
0.35771153846153847,0.24677472527472533,0.020318681318681364,0.8619258241758242,0.6781098901098903,0.25612637362637336,1.2298269230769232,0.8744505494505493,0.30416208791208793,23980.157692307694,1.571747970581054
0.32771153846153855,0.24677472527472533,0.0003186813186813464,0.8019258241758241,0.6881098901098901,0.23612637362637356,1.2498269230769232,0.8744505494505493,0.3541620879120879,23733.157692307694,1.571747970581054
0.2877115384615385,0.23677472527472532,0.010318681318681355,0.7619258241758241,0.6781098901098903,0.2961263736263734,1.2298269230769232,0.8644505494505493,0.32416208791208795,23708.157692307694,1.57489366531372
0.2977115384615385,0.16677472527472526,0.010318681318681355,0.7319258241758241,0.6781098901098903,0.2761263736263734,1.1898269230769232,0.9344505494505494,0.32416208791208795,23591.157692307694,1.57957310676575
0.33771153846153845,0.14677472527472535,0.020318681318681364,0.7419258241758241,0.6881098901098901,0.26612637362637337,1.1598269230769231,0.9944505494505494,0.33416208791208796,23400.157692307694,1.5841373920440667
0.31771153846153855,0.14677472527472535,0.010318681318681355,0.7519258241758241,0.6481098901098903,0.2761263736263734,1.1698269230769232,0.9844505494505494,0.38416208791208795,23265.157692307694,1.586140823364257
0.23771153846153847,0.10677472527472531,0.07031868131868135,0.7319258241758241,0.6381098901098903,0.2861263736263734,1.1398269230769231,1.0444505494505494,0.4441620879120879,23100.157692307694,1.5871355056762688
0.22771153846153847,0.06677472527472528,0.030318681318681373,0.7219258241758241,0.6581098901098903,0.3161263736263734,1.099826923076923,1.0244505494505494,0.4641620879120879,22811.157692307694,1.5911380767822294
0.23771153846153847,0.0867747252747253,0.07031868131868135,0.6319258241758242,0.6381098901098903,0.3261263736263734,1.1398269230769231,1.0444505494505494,0.4641620879120879,22730.157692307694,1.5951411247253446
0.22771153846153847,0.15677472527472525,0.12031868131868134,0.6819258241758243,0.6181098901098903,0.3261263736263734,1.119826923076923,1.0244505494505494,0.524162087912088,23043.157692307694,1.598656368255611
0.19771153846153855,0.15677472527472525,0.12031868131868134,0.6619258241758242,0.5681098901098902,0.3261263736263734,1.089826923076923,1.0344505494505496,0.5641620879120879,22904.157692307694,1.5996570110321073
0.21771153846153846,0.2167747252747253,0.13031868131868135,0.6219258241758242,0.5481098901098902,0.3061263736263734,1.079826923076923,1.0344505494505496,0.5741620879120879,22713.157692307694,1.6033865928649895
0.20771153846153856,0.2267747252747253,0.1803186813186814,0.6219258241758242,0.5381098901098902,0.3061263736263734,1.079826923076923,0.9944505494505494,0.5641620879120879,22706.157692307694,1.6080417156219475
0.22771153846153847,0.19677472527472528,0.1903186813186814,0.5619258241758242,0.5381098901098902,0.3161263736263734,1.0298269230769233,1.0244505494505494,0.5941620879120879,22677.157692307694,1.6117312431335478
0.22771153846153847,0.2167747252747253,0.21031868131868142,0.5919258241758242,0.5181098901098902,0.3161263736263734,1.0298269230769233,0.9844505494505494,0.6141620879120879,22276.157692307694,1.6127585887908928
0.2677115384615385,0.27677472527472535,0.21031868131868142,0.5619258241758242,0.48810989010989014,0.34612637362637344,0.9898269230769231,0.9444505494505494,0.5941620879120879,22839.157692307694,1.6158754348754876
0.19771153846153855,0.23677472527472532,0.1903186813186814,0.5619258241758242,0.4681098901098901,0.35612637362637345,0.9498269230769231,0.9544505494505494,0.634162087912088,22860.157692307694,1.6199173450469964
0.22771153846153847,0.24677472527472533,0.2003186813186814,0.5319258241758241,0.5081098901098902,0.35612637362637345,0.9698269230769231,0.9244505494505494,0.634162087912088,22239.157692307694,1.6239883422851555
0.19771153846153855,0.23677472527472532,0.23031868131868133,0.5119258241758241,0.49810989010989015,0.4061263736263735,0.9598269230769231,0.9544505494505494,0.5841620879120879,21990.157692307694,1.62498230934143
0.20771153846153856,0.2267747252747253,0.2003186813186814,0.5219258241758241,0.4581098901098901,0.4261263736263735,0.9598269230769231,0.9444505494505494,0.5741620879120879,22101.157692307694,1.6289815425872796
0.16771153846153852,0.23677472527472532,0.1903186813186814,0.5019258241758242,0.4381098901098901,0.44612637362637353,0.9998269230769231,0.9544505494505494,0.6141620879120879,22208.157692307694,1.633032274246215
0.1377115384615385,0.15677472527472525,0.21031868131868142,0.5219258241758241,0.4481098901098901,0.44612637362637353,0.9798269230769231,0.9244505494505494,0.6041620879120879,21967.157692307694,1.6370324611663847
0.1377115384615385,0.14677472527472535,0.22031868131868132,0.45192582417582416,0.4281098901098903,0.44612637362637353,0.9898269230769231,0.9044505494505494,0.6041620879120879,21628.157692307694,1.6370324611663847
0.1277115384615385,0.13677472527472534,0.21031868131868142,0.4819258241758242,0.4181098901098903,0.45612637362637354,0.9798269230769231,0.9344505494505494,0.634162087912088,21451.157692307694,1.6410355091094964
0.15771153846153851,0.10677472527472531,0.23031868131868133,0.4819258241758242,0.4081098901098903,0.4361263736263735,0.9798269230769231,0.9244505494505494,0.654162087912088,21308.157692307694,1.645184230804439
0.1477115384615385,0.14677472527472535,0.23031868131868133,0.4819258241758242,0.4081098901098903,0.47612637362637356,0.9398269230769231,0.9044505494505494,0.664162087912088,21211.157692307694,1.6488732814788811
0.15771153846153851,0.11677472527472532,0.23031868131868133,0.45192582417582416,0.35810989010989025,0.48612637362637356,0.9698269230769231,0.9144505494505494,0.684162087912088,21148.157692307694,1.6499101638793974
0.15771153846153851,0.11677472527472532,0.21031868131868142,0.43192582417582415,0.35810989010989025,0.5061263736263734,0.9798269230769231,0.8944505494505494,0.664162087912088,21277.157692307694,1.6529583454132073
0.1277115384615385,0.0967747252747253,0.2003186813186814,0.41192582417582413,0.35810989010989025,0.5261263736263734,0.9798269230769231,0.8844505494505494,0.674162087912088,20944.157692307694,1.6569673538207965
0.10771153846153847,0.11677472527472532,0.2003186813186814,0.41192582417582413,0.37810989010989027,0.5361263736263734,0.899826923076923,0.7644505494505495,0.7041620879120879,21167.157692307694,1.6619584083557122
0.11771153846153848,0.14677472527472535,0.24031868131868134,0.42192582417582414,0.33810989010989023,0.5261263736263734,0.9398269230769231,0.7144505494505494,0.684162087912088,20754.157692307694,1.6649629592895465
0.1277115384615385,0.17677472527472526,0.25031868131868135,0.41192582417582413,0.34810989010989024,0.5561263736263734,0.929826923076923,0.6844505494505494,0.7141620879120879,20609.157692307694,1.6659585952758782
0.10771153846153847,0.10677472527472531,0.24031868131868134,0.44192582417582416,0.3281098901098902,0.5761263736263734,0.929826923076923,0.6744505494505494,0.7141620879120879,20570.157692307694,1.6690666198730426
0.10771153846153847,0.07677472527472529,0.25031868131868135,0.42192582417582414,0.36810989010989026,0.5561263736263734,0.9698269230769231,0.6744505494505494,0.7441620879120879,20327.157692307694,1.67334337234497
0.1377115384615385,0.04677472527472526,0.26031868131868136,0.43192582417582415,0.37810989010989027,0.5561263736263734,0.889826923076923,0.6444505494505494,0.7341620879120879,20270.157692307694,1.6774453639984124
0.07771153846153855,0.04677472527472526,0.26031868131868136,0.43192582417582415,0.34810989010989024,0.5461263736263734,0.889826923076923,0.6544505494505494,0.774162087912088,20239.157692307694,1.6783849716186516
0.08771153846153845,0.04677472527472526,0.2903186813186814,0.4019258241758241,0.3281098901098902,0.5561263736263734,0.8698269230769231,0.6244505494505493,0.764162087912088,20300.157692307694,1.681373310089107
0.11771153846153848,0.06677472527472528,0.3003186813186814,0.3819258241758242,0.26810989010989017,0.5261263736263734,0.8398269230769231,0.5744505494505495,0.794162087912088,19743.157692307694,1.685383987426757
0.10771153846153847,0.03677472527472525,0.2903186813186814,0.4019258241758241,0.2881098901098902,0.5461263736263734,0.8298269230769231,0.5944505494505493,0.794162087912088,19876.157692307694,1.6896626472473173
0.08771153846153845,0.06677472527472528,0.3003186813186814,0.3919258241758241,0.26810989010989017,0.5761263736263734,0.8298269230769231,0.6044505494505493,0.8141620879120879,20229.157692307694,1.6896626472473173
0.09771153846153846,0.016774725274725344,0.3403186813186813,0.3919258241758241,0.25810989010989016,0.5961263736263734,0.809826923076923,0.5744505494505495,0.784162087912088,20422.157692307694,1.6935724735259967
0.11771153846153848,0.03677472527472525,0.3403186813186813,0.3719258241758242,0.24810989010989015,0.5861263736263734,0.809826923076923,0.5944505494505493,0.784162087912088,20545.157692307694,1.6977824687957757
0.1277115384615385,0.06677472527472528,0.36031868131868133,0.33192582417582417,0.1981098901098901,0.5961263736263734,0.769826923076923,0.5644505494505495,0.804162087912088,20714.157692307694,1.7017800331115716
0.1477115384615385,0.0867747252747253,0.3503186813186813,0.3419258241758242,0.1881098901098901,0.6361263736263735,0.759826923076923,0.5444505494505495,0.8141620879120879,20653.157692307694,1.7027520656585686
0.16771153846153852,0.04677472527472526,0.3503186813186813,0.29192582417582413,0.20810989010989012,0.6761263736263735,0.7198269230769231,0.5444505494505495,0.8441620879120879,20274.157692307694,1.7060517787933307
0.11771153846153848,0.04677472527472526,0.3403186813186813,0.2719258241758241,0.20810989010989012,0.6661263736263735,0.7198269230769231,0.5344505494505495,0.8541620879120879,20385.157692307694,1.7109102725982694
0.10771153846153847,0.03677472527472525,0.3403186813186813,0.2719258241758241,0.20810989010989012,0.7161263736263735,0.7298269230769231,0.48445054945054944,0.8341620879120879,20830.157692307694,1.7150058269500725
0.09771153846153846,0.006774725274725335,0.3403186813186813,0.29192582417582413,0.1981098901098901,0.7061263736263735,0.6998269230769231,0.4444505494505494,0.8541620879120879,20633.157692307694,1.7150058269500725
0.08771153846153845,0.026774725274725353,0.36031868131868133,0.2519258241758242,0.1981098901098901,0.7261263736263736,0.669826923076923,0.47445054945054943,0.8341620879120879,20794.157692307694,1.719002437591552
0.06771153846153855,0.006774725274725335,0.3503186813186813,0.21192582417582417,0.1681098901098903,0.7461263736263736,0.669826923076923,0.4544505494505494,0.884162087912088,20725.157692307694,1.722323846817016
0.06771153846153855,-0.0332252747252747,0.3303186813186814,0.18192582417582415,0.1681098901098903,0.7361263736263736,0.649826923076923,0.5044505494505495,0.8641620879120879,21162.157692307694,1.726680946350097
0.057711538461538536,-0.0332252747252747,0.3503186813186813,0.16192582417582413,0.1781098901098903,0.7661263736263734,0.639826923076923,0.4544505494505494,0.894162087912088,21311.157692307694,1.726680946350097
0.08771153846153845,-0.02322527472527469,0.3503186813186813,0.1219258241758242,0.12810989010989027,0.7861263736263734,0.5898269230769231,0.4544505494505494,0.934162087912088,21254.157692307694,1.7311357975006096
0.11771153846153848,-0.06322527472527473,0.3103186813186814,0.1219258241758242,0.08810989010989023,0.7961263736263734,0.5798269230769231,0.47445054945054943,0.974162087912088,21179.157692307694,1.7344517230987577
0.08771153846153845,-0.05322527472527472,0.2803186813186814,0.15192582417582412,0.09810989010989024,0.7761263736263734,0.559826923076923,0.4344505494505494,1.0241620879120878,21494.157692307694,1.7394537448883085
0.09771153846153846,-0.0332252747252747,0.2803186813186814,0.1419258241758241,0.09810989010989024,0.8261263736263734,0.4998269230769231,0.4144505494505494,0.994162087912088,22063.157692307694,1.742453050613399
0.03771153846153852,-0.0332252747252747,0.2903186813186814,0.1119258241758242,0.06810989010989021,0.8361263736263734,0.4998269230769231,0.4344505494505494,1.0241620879120878,22296.157692307694,1.743449401855468
0.03771153846153852,-0.04322527472527471,0.3003186813186814,0.1319258241758242,0.058109890109890205,0.8361263736263734,0.509826923076923,0.4344505494505494,1.0341620879120879,22569.157692307694,1.7470705032348626
0.02771153846153851,-0.04322527472527471,0.3403186813186813,0.06192582417582415,0.008109890109890161,0.8361263736263734,0.4598269230769231,0.4544505494505494,1.0541620879120879,22410.157692307694,1.7510704517364495
0.0177115384615385,-0.0332252747252747,0.36031868131868133,0.10192582417582419,-0.0018901098901098479,0.8061263736263734,0.509826923076923,0.4244505494505494,1.0541620879120879,22855.157692307694,1.7547060966491692
0.03771153846153852,-0.05322527472527472,0.37031868131868134,0.03192582417582418,-0.011890109890109746,0.8361263736263734,0.41982692307692304,0.4144505494505494,1.084162087912088,23330.157692307694,1.7557181835174553
0.0177115384615385,0.006774725274725335,0.39031868131868136,0.04192582417582413,-0.0018901098901098479,0.7961263736263734,0.43982692307692306,0.4144505494505494,1.114162087912088,23695.157692307694,1.7597190856933587
0.03771153846153852,-0.0332252747252747,0.40031868131868137,0.04192582417582413,-0.021890109890109755,0.7661263736263734,0.3998269230769231,0.40445054945054937,1.124162087912088,23624.157692307694,1.7637314319610589
0.057711538461538536,-0.04322527472527471,0.4703186813186813,0.03192582417582418,-0.031890109890109763,0.7361263736263736,0.38982692307692307,0.40445054945054937,1.124162087912088,23997.157692307694,1.7672533512115471
0.06771153846153855,-0.003225274725274674,0.48031868131868133,0.05192582417582414,-0.0718901098901098,0.7261263736263736,0.41982692307692304,0.3344505494505494,1.124162087912088,23712.157692307694,1.7679779052734368
0.02771153846153851,-0.04322527472527471,0.49031868131868134,0.02192582417582417,-0.05189010989010978,0.7461263736263736,0.36982692307692305,0.3244505494505494,1.154162087912088,23657.157692307694,1.7713098049163847
0.057711538461538536,-0.02322527472527469,0.5003186813186813,-0.018074175824175864,-0.05189010989010978,0.7661263736263734,0.38982692307692307,0.3044505494505494,1.124162087912088,24302.157692307694,1.7753591060638385
0.07771153846153855,-0.013225274725274683,0.49031868131868134,-0.028074175824175818,-0.011890109890109746,0.7561263736263734,0.3298269230769231,0.2944505494505494,1.134162087912088,24331.157692307694,1.7793437957763665
0.04771153846153853,-0.05322527472527472,0.49031868131868134,-0.008074175824175855,-0.031890109890109763,0.7961263736263734,0.3398269230769231,0.26445054945054947,1.144162087912088,24062.157692307694,1.7803508758544915
0.0177115384615385,-0.11322527472527466,0.48031868131868133,0.02192582417582417,-0.04189010989010977,0.7661263736263734,0.3298269230769231,0.2744505494505495,1.164162087912088,24393.157692307694,1.783711385726928
-0.022288461538461535,-0.11322527472527466,0.4703186813186813,-0.008074175824175855,-0.05189010989010978,0.8161263736263734,0.3398269230769231,0.22445054945054943,1.174162087912088,24560.157692307694,1.7877554416656487
-0.05228846153846145,-0.11322527472527466,0.4503186813186814,0.02192582417582417,-0.06189010989010979,0.7961263736263734,0.3398269230769231,0.22445054945054943,1.184162087912088,24881.157692307694,1.7917439460754387
-0.1022884615384615,-0.10322527472527465,0.4303186813186814,0.02192582417582417,-0.05189010989010978,0.8661263736263735,0.34982692307692304,0.2744505494505495,1.144162087912088,25078.157692307694,1.792744588851928
-0.07228846153846147,-0.13322527472527468,0.4603186813186814,0.011925824175824162,-0.031890109890109763,0.8461263736263734,0.35982692307692304,0.26445054945054947,1.144162087912088,24749.157692307694,1.7967438220977776
-0.08228846153846148,-0.12322527472527467,0.48031868131868133,0.05192582417582414,-0.04189010989010977,0.8161263736263734,0.38982692307692307,0.1944505494505494,1.144162087912088,24112.157692307694,1.8000659465789788
-0.12228846153846151,-0.05322527472527472,0.5003186813186813,0.02192582417582417,-0.08189010989010981,0.8461263736263734,0.35982692307692304,0.22445054945054943,1.154162087912088,24085.157692307694,1.8050629615783684
-0.12228846153846151,-0.10322527472527465,0.5303186813186813,0.08192582417582417,-0.09189010989010982,0.8061263736263734,0.38982692307692307,0.23445054945054944,1.154162087912088,24536.157692307694,1.8082718372344964
-0.05228846153846145,-0.08322527472527474,0.5803186813186814,0.03192582417582418,-0.09189010989010982,0.8161263736263734,0.37982692307692306,0.22445054945054943,1.124162087912088,24861.157692307694,1.8082718372344964
-0.05228846153846145,-0.07322527472527474,0.5803186813186814,0.0019258241758241534,-0.12189010989010984,0.7861263736263734,0.3998269230769231,0.1844505494505494,1.124162087912088,24758.157692307694,1.8131200790405266
-0.012288461538461526,-0.05322527472527472,0.6103186813186814,0.1119258241758242,-0.11189010989010983,0.7861263736263734,0.42982692307692305,0.2044505494505494,1.094162087912088,25247.157692307694,1.8173124313354485
-0.05228846153846145,-0.08322527472527474,0.6303186813186814,0.1219258241758242,-0.12189010989010984,0.7661263736263734,0.42982692307692305,0.17445054945054939,1.104162087912088,25464.157692307694,1.8205415725707965
-0.08228846153846148,-0.08322527472527474,0.6403186813186814,0.16192582417582413,-0.12189010989010984,0.7761263736263734,0.4898269230769231,0.1944505494505494,1.084162087912088,25125.157692307694,1.8214540004730253
-0.032288461538461544,-0.08322527472527474,0.6503186813186814,0.15192582417582412,-0.13189010989010974,0.7961263736263734,0.4798269230769231,0.16445054945054938,1.114162087912088,24824.157692307694,1.8254577636718778
-0.07228846153846147,-0.1632252747252747,0.6803186813186815,0.16192582417582413,-0.11189010989010983,0.7861263736263734,0.4798269230769231,0.21445054945054942,1.124162087912088,24537.157692307694,1.8294496059417718
-0.05228846153846145,-0.1532252747252747,0.6803186813186815,0.1219258241758242,-0.11189010989010983,0.7661263736263734,0.4598269230769231,0.22445054945054943,1.094162087912088,25000.157692307694,1.8327407360076897
-0.08228846153846148,-0.19322527472527473,0.6503186813186814,0.15192582417582412,-0.11189010989010983,0.8161263736263734,0.4898269230769231,0.22445054945054943,1.074162087912088,25073.157692307694,1.8334378719329827
-0.06228846153846146,-0.13322527472527468,0.6303186813186814,0.16192582417582413,-0.14189010989010975,0.8161263736263734,0.519826923076923,0.24445054945054945,1.104162087912088,25416.157692307694,1.838192176818847
-0.07228846153846147,-0.19322527472527473,0.6003186813186814,0.19192582417582416,-0.14189010989010975,0.8361263736263734,0.4898269230769231,0.25445054945054946,1.114162087912088,25527.157692307694,1.841342401504516
-0.1022884615384615,-0.11322527472527466,0.5603186813186813,0.2419258241758242,-0.13189010989010974,0.8361263736263734,0.44982692307692307,0.1944505494505494,1.124162087912088,24938.157692307694,1.8449990272521966
-0.1022884615384615,-0.1532252747252747,0.5503186813186813,0.22192582417582418,-0.17189010989010978,0.8461263736263734,0.509826923076923,0.17445054945054939,1.134162087912088,24711.157692307694,1.846070718765258
-0.15228846153846148,-0.13322527472527468,0.5003186813186813,0.2619258241758241,-0.16189010989010977,0.8461263736263734,0.519826923076923,0.24445054945054945,1.124162087912088,24102.157692307694,1.849481534957885
-0.1122884615384615,-0.18322527472527472,0.5303186813186813,0.30192582417582414,-0.22189010989010982,0.7961263736263734,0.519826923076923,0.24445054945054945,1.184162087912088,23465.157692307694,1.8544435024261468
-0.09228846153846149,-0.18322527472527472,0.5503186813186813,0.2719258241758241,-0.2118901098901098,0.7861263736263734,0.549826923076923,0.22445054945054943,1.194162087912088,23922.157692307694,1.8577420234680169
-0.08228846153846148,-0.1632252747252747,0.5603186813186813,0.29192582417582413,-0.23189010989010983,0.7661263736263734,0.559826923076923,0.1844505494505494,1.164162087912088,24383.157692307694,1.8586735248565667
-0.06228846153846146,-0.20322527472527474,0.5603186813186813,0.3919258241758241,-0.25189010989010985,0.7761263736263734,0.5698269230769231,0.21445054945054942,1.154162087912088,24406.157692307694,1.8617059707641594
-0.08228846153846148,-0.22322527472527465,0.5603186813186813,0.3719258241758242,-0.26189010989010975,0.7661263736263734,0.5998269230769231,0.25445054945054946,1.144162087912088,24511.157692307694,1.8657063961029081
-0.05228846153846145,-0.23322527472527466,0.5903186813186814,0.3819258241758242,-0.26189010989010975,0.7961263736263734,0.5898269230769231,0.2044505494505494,1.124162087912088,23762.157692307694,1.870900344848632
-0.05228846153846145,-0.2632252747252747,0.6303186813186814,0.3619258241758242,-0.27189010989010975,0.8061263736263734,0.539826923076923,0.17445054945054939,1.084162087912088,23515.157692307694,1.8734709739685087
-0.06228846153846146,-0.2932252747252747,0.6003186813186814,0.3719258241758242,-0.24189010989010984,0.8261263736263734,0.4798269230769231,0.16445054945054938,1.114162087912088,23122.157692307694,1.8745355129241936
-0.08228846153846148,-0.24322527472527466,0.6303186813186814,0.3919258241758241,-0.26189010989010975,0.7861263736263734,0.519826923076923,0.1944505494505494,1.164162087912088,22197.157692307694,1.8778490543365471
-0.07228846153846147,-0.2632252747252747,0.6503186813186814,0.43192582417582415,-0.23189010989010983,0.7461263736263736,0.529826923076923,0.13445054945054946,1.204162087912088,20680.157692307694,1.882301998138427
-0.04228846153846144,-0.22322527472527465,0.6503186813186814,0.4919258241758242,-0.22189010989010982,0.7961263736263734,0.5798269230769231,0.17445054945054939,1.144162087912088,19671.157692307694,1.8859586238861077
-0.022288461538461535,-0.2632252747252747,0.6403186813186814,0.44192582417582416,-0.24189010989010984,0.8361263736263734,0.5898269230769231,0.12445054945054945,1.134162087912088,19190.157692307694,1.886698675155639
-0.022288461538461535,-0.2532252747252747,0.6103186813186814,0.4719258241758242,-0.22189010989010982,0.8161263736263734,0.6098269230769231,0.14445054945054947,1.144162087912088,18843.157692307694,1.8907196044921868
-0.04228846153846144,-0.2532252747252747,0.6203186813186814,0.4919258241758242,-0.1918901098901098,0.7861263736263734,0.639826923076923,0.12445054945054945,1.124162087912088,18816.157692307694,1.8947302818298333
0.0177115384615385,-0.24322527472527466,0.6003186813186814,0.5019258241758242,-0.23189010989010983,0.8061263736263734,0.639826923076923,0.10445054945054943,1.164162087912088,18431.157692307694,1.8986703872680692
0.007711538461538492,-0.2832252747252747,0.5403186813186813,0.4819258241758242,-0.2118901098901098,0.7961263736263734,0.639826923076923,0.0644505494505494,1.154162087912088,18452.157692307694,1.8995518207550042
0.03771153846153852,-0.23322527472527466,0.5403186813186813,0.5019258241758242,-0.2018901098901098,0.7961263736263734,0.669826923076923,0.04445054945054938,1.104162087912088,17947.157692307694,1.9037141323089593
0.09771153846153846,-0.22322527472527465,0.5603186813186813,0.5219258241758241,-0.23189010989010983,0.7861263736263734,0.649826923076923,-0.005549450549450552,1.0541620879120879,18042.157692307694,1.9080409526824909
0.11771153846153848,-0.22322527472527465,0.5403186813186813,0.5019258241758242,-0.24189010989010984,0.8461263736263734,0.649826923076923,0.0644505494505494,0.974162087912088,17509.157692307694,1.9110214233398395
0.09771153846153846,-0.20322527472527474,0.5103186813186813,0.5519258241758241,-0.23189010989010983,0.8661263736263735,0.659826923076923,0.09445054945054943,1.0041620879120878,16934.157692307694,1.9120196819305448
0.16771153846153852,-0.2632252747252747,0.5303186813186813,0.5119258241758241,-0.22189010989010982,0.8761263736263735,0.669826923076923,0.11445054945054944,0.954162087912088,16359.157692307694,1.9153859138488762
0.1377115384615385,-0.2532252747252747,0.5403186813186813,0.5719258241758242,-0.18189010989010979,0.8761263736263735,0.6998269230769231,0.03445054945054937,0.934162087912088,15674.157692307694,1.9202744483947711
0.15771153846153851,-0.2632252747252747,0.5303186813186813,0.5519258241758241,-0.1918901098901098,0.8461263736263734,0.6898269230769231,0.04445054945054938,0.934162087912088,15493.157692307694,1.923096847534179
0.1277115384615385,-0.2832252747252747,0.5003186813186813,0.5519258241758241,-0.2018901098901098,0.8761263736263735,0.6898269230769231,0.014450549450549466,0.934162087912088,15468.157692307694,1.924181652069091
0.1477115384615385,-0.3032252747252747,0.48031868131868133,0.5719258241758242,-0.2118901098901098,0.8361263736263734,0.7298269230769231,-0.005549450549450552,0.924162087912088,14989.157692307694,1.9281539440155058
0.16771153846153852,-0.2532252747252747,0.4603186813186814,0.5819258241758242,-0.2118901098901098,0.8061263736263734,0.779826923076923,-0.01554945054945056,0.954162087912088,14528.157692307694,1.9323977947235065
0.1377115384615385,-0.2532252747252747,0.4203186813186814,0.6119258241758242,-0.16189010989010977,0.7961263736263734,0.8198269230769231,-0.005549450549450552,0.974162087912088,14579.157692307694,1.9356371879577594
0.1477115384615385,-0.2632252747252747,0.4103186813186814,0.6119258241758242,-0.23189010989010983,0.7961263736263734,0.8198269230769231,0.024450549450549475,0.944162087912088,14578.157692307694,1.9367084026336698
0.16771153846153852,-0.24322527472527466,0.40031868131868137,0.6219258241758242,-0.26189010989010975,0.7961263736263734,0.8498269230769231,0.014450549450549466,0.954162087912088,14259.157692307694,1.9396814823150628
0.16771153846153852,-0.22322527472527465,0.40031868131868137,0.6419258241758242,-0.22189010989010982,0.7461263736263736,0.8698269230769231,0.04445054945054938,0.974162087912088,14152.157692307694,1.9436790466308587
0.15771153846153851,-0.2732252747252747,0.39031868131868136,0.6219258241758242,-0.2018901098901098,0.7461263736263736,0.879826923076923,0.04445054945054938,0.934162087912088,14001.157692307694,1.947687101364135
0.22771153846153847,-0.23322527472527466,0.38031868131868135,0.6319258241758242,-0.1918901098901098,0.7661263736263734,0.879826923076923,0.014450549450549466,0.894162087912088,13888.157692307694,1.9516818046569853
0.22771153846153847,-0.2732252747252747,0.36031868131868133,0.6719258241758242,-0.18189010989010979,0.7461263736263736,0.889826923076923,0.014450549450549466,0.894162087912088,13313.157692307694,1.952703666687011
0.2577115384615385,-0.2632252747252747,0.39031868131868136,0.6619258241758242,-0.15189010989010976,0.7261263736263736,0.909826923076923,0.004450549450549457,0.8541620879120879,12868.157692307694,1.9570641040801995
0.2877115384615385,-0.24322527472527466,0.40031868131868137,0.6919258241758243,-0.1918901098901098,0.7061263736263735,0.889826923076923,0.014450549450549466,0.8741620879120879,13391.157692307694,1.960215520858764
0.2777115384615385,-0.24322527472527466,0.3403186813186813,0.6719258241758242,-0.16189010989010977,0.7161263736263735,0.879826923076923,0.05445054945054939,0.8541620879120879,12900.157692307694,1.9638154029846184
0.30771153846153854,-0.23322527472527466,0.3203186813186814,0.6619258241758242,-0.16189010989010977,0.7361263736263736,0.889826923076923,0.08445054945054942,0.804162087912088,12447.157692307694,1.9645132541656487
0.30771153846153854,-0.21322527472527475,0.3003186813186814,0.701925824175824,-0.17189010989010978,0.7261263736263736,0.909826923076923,0.11445054945054944,0.804162087912088,12390.157692307694,1.9685136795043974
0.33771153846153845,-0.23322527472527466,0.2903186813186814,0.6819258241758243,-0.15189010989010976,0.7361263736263736,0.919826923076923,0.08445054945054942,0.764162087912088,12039.157692307694,1.9726905345916776
0.34771153846153846,-0.21322527472527475,0.2903186813186814,0.7219258241758241,-0.17189010989010978,0.7561263736263734,0.919826923076923,0.05445054945054939,0.7541620879120879,11982.157692307694,1.9766904830932646
0.3777115384615385,-0.2532252747252747,0.24031868131868134,0.7119258241758241,-0.14189010989010975,0.7361263736263736,0.909826923076923,0.04445054945054938,0.7341620879120879,11813.157692307694,1.9766904830932646
0.3977115384615385,-0.20322527472527474,0.26031868131868136,0.7119258241758241,-0.13189010989010974,0.7561263736263734,0.9398269230769231,0.05445054945054939,0.7141620879120879,11768.157692307694,1.9802345752716057
0.3977115384615385,-0.21322527472527475,0.21031868131868142,0.701925824175824,-0.15189010989010976,0.7861263736263734,0.919826923076923,0.08445054945054942,0.7041620879120879,11807.157692307694,1.9854855060577385
0.4177115384615385,-0.20322527472527474,0.21031868131868142,0.7319258241758241,-0.13189010989010974,0.7661263736263734,0.929826923076923,0.08445054945054942,0.7341620879120879,11880.157692307694,1.9887547016143792
0.3777115384615385,-0.19322527472527473,0.1903186813186814,0.7519258241758241,-0.12189010989010984,0.7661263736263734,0.9498269230769231,0.09445054945054943,0.7241620879120879,12091.157692307694,1.9894976139068596
0.3877115384615385,-0.22322527472527465,0.21031868131868142,0.7419258241758241,-0.11189010989010983,0.7861263736263734,0.9598269230769231,0.10445054945054943,0.7041620879120879,12162.157692307694,1.9935140132904046
0.4177115384615385,-0.19322527472527473,0.1903186813186814,0.7819258241758241,-0.12189010989010984,0.7661263736263734,0.9698269230769231,0.12445054945054945,0.684162087912088,11799.157692307694,1.9965171337127678
0.4077115384615385,-0.19322527472527473,0.22031868131868132,0.7719258241758241,-0.11189010989010983,0.7661263736263734,0.9598269230769231,0.11445054945054944,0.634162087912088,11780.157692307694,2.000743103027343
0.4077115384615385,-0.19322527472527473,0.1803186813186814,0.7719258241758241,-0.10189010989010983,0.7661263736263734,0.9998269230769231,0.11445054945054944,0.654162087912088,11019.157692307694,2.001744222640987
0.3977115384615385,-0.1732252747252747,0.15031868131868137,0.8319258241758242,-0.11189010989010983,0.7261263736263736,1.0198269230769232,0.13445054945054946,0.664162087912088,11262.157692307694,2.0047461509704583
0.3977115384615385,-0.1732252747252747,0.16031868131868138,0.8519258241758242,-0.11189010989010983,0.7361263736263736,1.0498269230769233,0.14445054945054947,0.6241620879120879,11747.157692307694,2.0097586631774895
0.4077115384615385,-0.1732252747252747,0.15031868131868137,0.8919258241758242,-0.09189010989010982,0.7361263736263736,1.0398269230769233,0.10445054945054943,0.634162087912088,11752.157692307694,2.013194751739505
0.3877115384615385,-0.18322527472527472,0.15031868131868137,0.8919258241758242,-0.09189010989010982,0.7061263736263735,1.1398269230769231,0.12445054945054945,0.654162087912088,11901.157692307694,2.0174161911010735
0.3777115384615385,-0.1632252747252747,0.16031868131868138,0.9219258241758242,-0.11189010989010983,0.6861263736263735,1.099826923076923,0.11445054945054944,0.654162087912088,11648.157692307694,2.0174161911010735
0.3677115384615385,-0.1732252747252747,0.15031868131868137,0.9419258241758243,-0.11189010989010983,0.6561263736263735,1.1298269230769231,0.10445054945054943,0.6241620879120879,11333.157692307694,2.022053670883178
0.3877115384615385,-0.1732252747252747,0.14031868131868136,0.9319258241758243,-0.11189010989010983,0.6561263736263735,1.1498269230769231,0.11445054945054944,0.644162087912088,11738.157692307694,2.0265671730041497
0.4077115384615385,-0.1532252747252747,0.12031868131868134,0.9619258241758241,-0.13189010989010974,0.6361263736263735,1.1898269230769232,0.12445054945054945,0.6141620879120879,11799.157692307694,2.0286762237548785
0.4177115384615385,-0.1532252747252747,0.10031868131868138,0.9919258241758241,-0.12189010989010984,0.6361263736263735,1.1898269230769232,0.10445054945054943,0.654162087912088,12040.157692307694,2.0296778202056878
0.4077115384615385,-0.1632252747252747,0.11031868131868139,1.021925824175824,-0.15189010989010976,0.6261263736263735,1.1898269230769232,0.11445054945054944,0.654162087912088,12195.157692307694,2.0338747024536126
0.42771153846153853,-0.1732252747252747,0.08031868131868136,1.061925824175824,-0.16189010989010977,0.6161263736263735,1.2398269230769232,0.11445054945054944,0.6941620879120879,11860.157692307694,2.0384737968444817
0.43771153846153854,-0.1532252747252747,0.09031868131868137,1.0519258241758243,-0.16189010989010977,0.5661263736263734,1.2598269230769232,0.10445054945054943,0.634162087912088,12025.157692307694,2.0414726257324247
0.3977115384615385,-0.1732252747252747,0.08031868131868136,1.0919258241758243,-0.17189010989010978,0.5861263736263734,1.3098269230769233,0.08445054945054942,0.644162087912088,11974.157692307694,2.0424699306487994
0.3877115384615385,-0.19322527472527473,0.060318681318681344,1.0919258241758243,-0.17189010989010978,0.5861263736263734,1.329826923076923,0.08445054945054942,0.6241620879120879,12021.157692307694,2.0454689979553216
0.42771153846153853,-0.18322527472527472,0.07031868131868135,1.081925824175824,-0.2018901098901098,0.5561263736263734,1.359826923076923,0.0644505494505494,0.5941620879120879,12556.157692307694,2.0504734039306634
0.43771153846153854,-0.18322527472527472,0.07031868131868135,1.1419258241758241,-0.1918901098901098,0.5761263736263734,1.329826923076923,0.08445054945054942,0.5641620879120879,12943.157692307694,2.05355091094971
0.46771153846153857,-0.1732252747252747,0.07031868131868135,1.121925824175824,-0.2018901098901098,0.5761263736263734,1.329826923076923,0.0644505494505494,0.554162087912088,13140.157692307694,2.0545954227447467
0.4777115384615386,-0.21322527472527475,0.09031868131868137,1.1319258241758243,-0.17189010989010978,0.5361263736263734,1.369826923076923,0.0644505494505494,0.544162087912088,13611.157692307694,2.0580317497253446
0.4877115384615386,-0.23322527472527466,0.060318681318681344,1.121925824175824,-0.17189010989010978,0.5261263736263734,1.3798269230769231,0.07445054945054941,0.524162087912088,13674.157692307694,2.0626194000244134
0.4877115384615386,-0.24322527472527466,0.05031868131868139,1.1319258241758243,-0.15189010989010976,0.5161263736263734,1.3998269230769231,0.0644505494505494,0.554162087912088,14139.157692307694,2.066629600524905
0.5077115384615386,-0.20322527472527474,0.020318681318681364,1.121925824175824,-0.1918901098901098,0.5061263736263734,1.4098269230769231,0.10445054945054943,0.544162087912088,14236.157692307694,2.066629600524905
0.5177115384615386,-0.23322527472527466,0.060318681318681344,1.1319258241758243,-0.1918901098901098,0.4961263736263736,1.4098269230769231,0.08445054945054942,0.524162087912088,14279.157692307694,2.0706302642822294
0.5477115384615384,-0.20322527472527474,0.04031868131868138,1.121925824175824,-0.17189010989010978,0.4961263736263736,1.4098269230769231,0.08445054945054942,0.49416208791208793,14652.157692307694,2.0746294975280755
0.5677115384615384,-0.21322527472527475,0.04031868131868138,1.101925824175824,-0.2118901098901098,0.4961263736263736,1.4198269230769232,0.10445054945054943,0.49416208791208793,14777.157692307694,2.0786284923553495
0.5777115384615384,-0.20322527472527474,0.020318681318681364,1.101925824175824,-0.2018901098901098,0.48612637362637356,1.4198269230769232,0.08445054945054942,0.4741620879120879,14992.157692307694,2.081966590881347
0.5577115384615384,-0.1732252747252747,0.020318681318681364,1.1119258241758243,-0.22189010989010982,0.48612637362637356,1.4398269230769232,0.0644505494505494,0.434162087912088,15091.157692307694,2.0833000659942655
0.5777115384615384,-0.1632252747252747,0.010318681318681355,1.121925824175824,-0.23189010989010983,0.48612637362637356,1.4298269230769232,0.05445054945054939,0.4741620879120879,15060.157692307694,2.08746690750122
0.5977115384615385,-0.1632252747252747,0.020318681318681364,1.121925824175824,-0.2018901098901098,0.48612637362637356,1.3998269230769231,0.024450549450549475,0.4541620879120879,15267.157692307694,2.0916046619415276
0.5677115384615384,-0.1732252747252747,0.0003186813186813464,1.1619258241758241,-0.22189010989010982,0.4961263736263736,1.4298269230769232,0.024450549450549475,0.40416208791208796,15514.157692307694,2.094455432891845
0.5777115384615384,-0.20322527472527474,0.020318681318681364,1.1719258241758244,-0.22189010989010982,0.46612637362637355,1.3998269230769231,-0.005549450549450552,0.39416208791208796,15501.157692307694,2.0954524993896477
0.5977115384615385,-0.1632252747252747,0.020318681318681364,1.1619258241758241,-0.26189010989010975,0.4361263736263735,1.4098269230769231,-0.005549450549450552,0.36416208791208793,15634.157692307694,2.0997075557708733
0.5977115384615385,-0.20322527472527474,0.05031868131868139,1.2019258241758242,-0.2018901098901098,0.44612637362637353,1.369826923076923,0.03445054945054937,0.36416208791208793,15853.157692307694,2.103710126876827
0.5877115384615385,-0.18322527472527472,0.020318681318681364,1.211925824175824,-0.23189010989010983,0.4161263736263735,1.349826923076923,0.004450549450549457,0.37416208791208794,16082.157692307694,2.1074664115905755
0.6177115384615385,-0.21322527472527475,0.030318681318681373,1.231925824175824,-0.25189010989010985,0.3861263736263735,1.319826923076923,0.004450549450549457,0.36416208791208793,16073.157692307694,2.1074664115905755
0.6577115384615385,-0.21322527472527475,0.0003186813186813464,1.251925824175824,-0.23189010989010983,0.3961263736263735,1.2798269230769233,-0.01554945054945056,0.37416208791208794,15936.157692307694,2.111526441574096
0.6977115384615385,-0.19322527472527473,0.0003186813186813464,1.2219258241758242,-0.27189010989010975,0.37612637362637347,1.3098269230769233,-0.005549450549450552,0.40416208791208796,16239.157692307694,2.116082620620727
0.6777115384615385,-0.18322527472527472,0.020318681318681364,1.2019258241758242,-0.22189010989010982,0.36612637362637346,1.339826923076923,0.014450549450549466,0.37416208791208794,16398.157692307694,2.120195579528808
0.6477115384615385,-0.19322527472527473,-0.029681318681318625,1.211925824175824,-0.24189010989010984,0.35612637362637345,1.3098269230769233,0.004450549450549457,0.37416208791208794,16643.157692307694,2.1212603569030755
0.6677115384615385,-0.1732252747252747,-0.019681318681318616,1.2019258241758242,-0.23189010989010983,0.35612637362637345,1.369826923076923,-0.005549450549450552,0.39416208791208796,16906.157692307694,2.1242372512817376
0.6377115384615385,-0.19322527472527473,-0.009681318681318607,1.2219258241758242,-0.24189010989010984,0.3861263736263735,1.359826923076923,0.014450549450549466,0.3541620879120879,16637.157692307694,2.128328275680545
0.6477115384615385,-0.1732252747252747,-0.029681318681318625,1.2019258241758242,-0.25189010989010985,0.37612637362637347,1.3798269230769231,-0.01554945054945056,0.33416208791208796,16688.157692307694,2.1321246147155755
0.6477115384615385,-0.20322527472527474,-0.029681318681318625,1.1919258241758244,-0.24189010989010984,0.37612637362637347,1.3898269230769231,0.014450549450549466,0.30416208791208793,16949.157692307694,2.133196783065795
0.6277115384615385,-0.19322527472527473,-0.039681318681318634,1.1919258241758244,-0.22189010989010982,0.37612637362637347,1.4198269230769232,0.004450549450549457,0.2941620879120879,17558.157692307694,2.1365351200103753
0.6077115384615385,-0.1732252747252747,-0.039681318681318634,1.1919258241758244,-0.23189010989010983,0.36612637362637346,1.4398269230769232,0.014450549450549466,0.2941620879120879,17021.157692307694,2.1403495788574247
0.5977115384615385,-0.1632252747252747,-0.029681318681318625,1.2019258241758242,-0.24189010989010984,0.36612637362637346,1.3998269230769231,-0.005549450549450552,0.2941620879120879,16804.157692307694,2.144781303405761
0.5677115384615384,-0.1732252747252747,-0.019681318681318616,1.251925824175824,-0.26189010989010975,0.37612637362637347,1.3998269230769231,0.014450549450549466,0.30416208791208793,16893.157692307694,2.144781303405761
0.5677115384615384,-0.20322527472527474,0.0003186813186813464,1.2219258241758242,-0.2118901098901098,0.34612637362637344,1.4298269230769232,0.004450549450549457,0.30416208791208793,17282.157692307694,2.1492819309234648
0.5677115384615384,-0.1732252747252747,-0.019681318681318616,1.2219258241758242,-0.24189010989010984,0.33612637362637343,1.4198269230769232,0.014450549450549466,0.30416208791208793,17167.157692307694,2.152591180801391
0.5877115384615385,-0.1732252747252747,-0.019681318681318616,1.1819258241758241,-0.23189010989010983,0.2961263736263734,1.4498269230769232,0.024450549450549475,0.30416208791208793,17264.157692307694,2.1570894241333
0.5977115384615385,-0.18322527472527472,-0.009681318681318607,1.1819258241758241,-0.23189010989010983,0.3061263736263734,1.4198269230769232,0.024450549450549475,0.2941620879120879,17363.157692307694,2.1610881805419915
0.5677115384615384,-0.20322527472527474,-0.029681318681318625,1.2019258241758242,-0.2118901098901098,0.2761263736263734,1.4498269230769232,0.014450549450549466,0.32416208791208795,17202.157692307694,2.1610881805419915
0.5677115384615384,-0.18322527472527472,-0.039681318681318634,1.211925824175824,-0.22189010989010982,0.2861263736263734,1.4298269230769232,0.004450549450549457,0.31416208791208794,17443.157692307694,2.165097665786746
0.5577115384615384,-0.19322527472527473,-0.029681318681318625,1.1719258241758244,-0.26189010989010975,0.24612637362637357,1.4398269230769232,0.014450549450549466,0.30416208791208793,17076.157692307694,2.1686660766601555
0.5777115384615384,-0.20322527472527474,-0.009681318681318607,1.1919258241758244,-0.25189010989010985,0.22612637362637356,1.4398269230769232,0.03445054945054937,0.26416208791208795,16795.157692307694,2.1730658531188958
0.5777115384615384,-0.19322527472527473,-0.039681318681318634,1.1619258241758241,-0.26189010989010975,0.21612637362637355,1.4798269230769232,0.024450549450549475,0.2941620879120879,16776.157692307694,2.1738445281982415
0.5677115384615384,-0.20322527472527474,-0.019681318681318616,1.1519258241758243,-0.27189010989010975,0.22612637362637356,1.4298269230769232,0.004450549450549457,0.27416208791208796,16669.157692307694,2.1781727790832512
0.5477115384615384,-0.18322527472527472,-0.039681318681318634,1.1819258241758241,-0.26189010989010975,0.20612637362637354,1.4698269230769232,-0.005549450549450552,0.2941620879120879,16578.157692307694,2.1822363853454583
0.4877115384615386,-0.20322527472527474,-0.039681318681318634,1.1719258241758244,-0.26189010989010975,0.21612637362637355,1.5098269230769232,0.004450549450549457,0.31416208791208794,16335.157692307694,2.185255718231197
0.46771153846153857,-0.22322527472527465,-0.019681318681318616,1.1919258241758244,-0.28189010989010976,0.19612637362637353,1.4598269230769232,0.014450549450549466,0.30416208791208793,16774.157692307694,2.1862477779388385
0.5477115384615384,-0.21322527472527475,-0.029681318681318625,1.1919258241758244,-0.24189010989010984,0.18612637362637352,1.3998269230769231,0.024450549450549475,0.30416208791208793,16729.157692307694,2.189245176315307
0.5177115384615386,-0.20322527472527474,-0.009681318681318607,1.2219258241758242,-0.26189010989010975,0.1661263736263735,1.4098269230769231,0.014450549450549466,0.2841620879120879,16530.157692307694,2.1934787750244134
0.5377115384615384,-0.22322527472527465,-0.029681318681318625,1.2019258241758242,-0.28189010989010976,0.1661263736263735,1.3998269230769231,0.024450549450549475,0.30416208791208793,16111.157692307694,2.197513771057128
0.5077115384615386,-0.19322527472527473,-0.009681318681318607,1.2419258241758242,-0.25189010989010985,0.12612637362637347,1.369826923076923,0.024450549450549475,0.27416208791208796,15940.157692307694,2.197513771057128
0.46771153846153857,-0.19322527472527473,-0.029681318681318625,1.2219258241758242,-0.23189010989010983,0.12612637362637347,1.349826923076923,0.024450549450549475,0.25416208791208794,16257.157692307694,2.2008115768432646
0.4777115384615386,-0.19322527472527473,-0.009681318681318607,1.2619258241758242,-0.24189010989010984,0.13612637362637348,1.319826923076923,0.03445054945054937,0.25416208791208794,16308.157692307694,2.2060093402862506
0.43771153846153854,-0.19322527472527473,-0.009681318681318607,1.251925824175824,-0.24189010989010984,0.09612637362637344,1.339826923076923,0.04445054945054938,0.26416208791208795,16353.157692307694,2.2100054740905755
0.4177115384615385,-0.18322527472527472,-0.039681318681318634,1.231925824175824,-0.27189010989010975,0.10612637362637345,1.329826923076923,0.0644505494505494,0.22416208791208792,15780.157692307694,2.2100054740905755
0.43771153846153854,-0.1732252747252747,-0.039681318681318634,1.211925824175824,-0.27189010989010975,0.12612637362637347,1.339826923076923,0.024450549450549475,0.20416208791208795,15251.157692307694,2.214013767242431
0.3977115384615385,-0.1632252747252747,-0.029681318681318625,1.231925824175824,-0.26189010989010975,0.13612637362637348,1.3098269230769233,0.014450549450549466,0.17416208791208793,15238.157692307694,2.2180053710937493
0.42771153846153853,-0.1432252747252747,-0.0696813186813186,1.1919258241758244,-0.27189010989010975,0.12612637362637347,1.3098269230769233,0.014450549450549466,0.18416208791208794,15413.157692307694,2.222011756896972
0.35771153846153847,-0.12322527472527467,-0.0696813186813186,1.1619258241758241,-0.27189010989010975,0.11612637362637346,1.349826923076923,0.03445054945054937,0.17416208791208793,15038.157692307694,2.2260102748870843
0.3977115384615385,-0.11322527472527466,-0.019681318681318616,1.121925824175824,-0.28189010989010976,0.10612637362637345,1.2898269230769233,0.014450549450549466,0.19416208791208794,14713.157692307694,2.2270564556121855
0.35771153846153847,-0.1432252747252747,-0.039681318681318634,1.101925824175824,-0.25189010989010985,0.08612637362637343,1.349826923076923,0.03445054945054937,0.19416208791208794,14478.157692307694,2.230136346817016
0.32771153846153855,-0.1432252747252747,-0.0696813186813186,1.121925824175824,-0.27189010989010975,0.11612637362637346,1.2798269230769233,0.004450549450549457,0.20416208791208795,13957.157692307694,2.2343024730682366
0.31771153846153855,-0.13322527472527468,-0.04968131868131864,1.0919258241758243,-0.24189010989010984,0.10612637362637345,1.2798269230769233,0.004450549450549457,0.19416208791208794,13468.157692307694,2.238728713989257
0.30771153846153854,-0.11322527472527466,-0.029681318681318625,1.0519258241758243,-0.22189010989010982,0.10612637362637345,1.319826923076923,0.014450549450549466,0.17416208791208793,13335.157692307694,2.2392649173736565
0.2977115384615385,-0.11322527472527466,-0.039681318681318634,1.001925824175824,-0.26189010989010975,0.09612637362637344,1.359826923076923,-0.005549450549450552,0.14416208791208796,12610.157692307694,2.2429410934448235
0.30771153846153854,-0.12322527472527467,-0.05968131868131865,0.9419258241758243,-0.23189010989010983,0.09612637362637344,1.2998269230769233,0.014450549450549466,0.15416208791208796,12451.157692307694,2.2470173358917194
0.33771153846153845,-0.12322527472527467,-0.04968131868131864,0.951925824175824,-0.27189010989010975,0.10612637362637345,1.2798269230769233,0.014450549450549466,0.12416208791208794,12438.157692307694,2.250172090530395
0.2877115384615385,-0.13322527472527468,-0.07968131868131861,0.951925824175824,-0.24189010989010984,0.07612637362637342,1.2598269230769232,0.004450549450549457,0.13416208791208795,12385.157692307694,2.2511755943298333
0.2977115384615385,-0.13322527472527468,-0.05968131868131865,0.9219258241758242,-0.25189010989010985,0.10612637362637345,1.2798269230769233,0.014450549450549466,0.12416208791208794,12140.157692307694,2.2551733970642083
0.2577115384615385,-0.11322527472527466,-0.05968131868131865,0.9219258241758242,-0.24189010989010984,0.09612637362637344,1.2098269230769232,0.024450549450549475,0.14416208791208796,11653.157692307694,2.2591738224029534
0.23771153846153847,-0.1432252747252747,-0.08968131868131862,0.9319258241758243,-0.2118901098901098,0.10612637362637345,1.1998269230769232,0.004450549450549457,0.12416208791208794,11966.157692307694,2.2630090236663847
0.20771153846153856,-0.12322527472527467,-0.05968131868131865,0.8719258241758242,-0.23189010989010983,0.08612637362637343,1.2198269230769232,0.014450549450549466,0.15416208791208796,12165.157692307694,2.264046621322631
0.23771153846153847,-0.12322527472527467,-0.04968131868131864,0.8319258241758242,-0.25189010989010985,0.08612637362637343,1.1998269230769232,0.014450549450549466,0.15416208791208796,12048.157692307694,2.2670430660247796
0.17771153846153853,-0.1432252747252747,-0.019681318681318616,0.8119258241758242,-0.22189010989010982,0.07612637362637342,1.2198269230769232,0.04445054945054938,0.15416208791208796,11541.157692307694,2.271120500564571
0.1477115384615385,-0.13322527472527468,-0.039681318681318634,0.7719258241758241,-0.22189010989010982,0.07612637362637342,1.2098269230769232,0.004450549450549457,0.15416208791208796,11300.157692307694,2.275086832046508
0.17771153846153853,-0.1632252747252747,-0.039681318681318634,0.7319258241758241,-0.27189010989010975,0.08612637362637343,1.2098269230769232,0.004450549450549457,0.15416208791208796,11687.157692307694,2.2762801170349114
0.20771153846153856,-0.1432252747252747,-0.029681318681318625,0.6919258241758243,-0.22189010989010982,0.08612637362637343,1.1798269230769232,0.024450549450549475,0.14416208791208796,11316.157692307694,2.279379796981811
0.18771153846153854,-0.1432252747252747,-0.029681318681318625,0.6719258241758242,-0.23189010989010983,0.07612637362637342,1.1498269230769231,0.014450549450549466,0.14416208791208796,11405.157692307694,2.283427429199218
0.18771153846153854,-0.1532252747252747,-0.009681318681318607,0.701925824175824,-0.24189010989010984,0.06612637362637341,1.1598269230769231,-0.005549450549450552,0.14416208791208796,11598.157692307694,2.287395668029788
0.16771153846153852,-0.1532252747252747,-0.019681318681318616,0.701925824175824,-0.26189010989010975,0.07612637362637342,1.109826923076923,0.004450549450549457,0.14416208791208796,11325.157692307694,2.288395118713378
0.15771153846153851,-0.1532252747252747,0.0003186813186813464,0.6919258241758243,-0.24189010989010984,0.06612637362637341,1.089826923076923,0.014450549450549466,0.15416208791208796,11362.157692307694,2.291395139694213
0.17771153846153853,-0.1432252747252747,0.0003186813186813464,0.6419258241758242,-0.22189010989010982,0.056126373626373516,1.0598269230769233,0.014450549450549466,0.15416208791208796,11209.157692307694,2.295728158950805
0.1477115384615385,-0.10322527472527465,-0.019681318681318616,0.6719258241758242,-0.23189010989010983,0.06612637362637341,1.0398269230769233,0.004450549450549457,0.13416208791208795,11236.157692307694,2.300981473922729
0.1277115384615385,-0.11322527472527466,-0.039681318681318634,0.6319258241758242,-0.22189010989010982,0.06612637362637341,1.0098269230769232,-0.005549450549450552,0.15416208791208796,11297.157692307694,2.304217052459716
0.09771153846153846,-0.11322527472527466,-0.019681318681318616,0.6019258241758242,-0.23189010989010983,0.07612637362637342,0.9998269230769231,-0.01554945054945056,0.15416208791208796,11436.157692307694,2.3052834987640374
0.10771153846153847,-0.12322527472527467,-0.029681318681318625,0.6119258241758242,-0.23189010989010983,0.06612637362637341,1.0098269230769232,0.004450549450549457,0.14416208791208796,11831.157692307694,2.3092576980590813
0.1277115384615385,-0.09322527472527475,-0.019681318681318616,0.5619258241758242,-0.23189010989010983,0.06612637362637341,0.9998269230769231,-0.01554945054945056,0.15416208791208796,11910.157692307694,2.312560272216796
0.1277115384615385,-0.10322527472527465,-0.029681318681318625,0.5619258241758242,-0.18189010989010979,0.07612637362637342,0.9598269230769231,-0.02554945054945057,0.16416208791208792,11683.157692307694,2.3165852546691887
0.1477115384615385,-0.10322527472527465,-0.009681318681318607,0.5319258241758241,-0.2018901098901098,0.07612637362637342,0.9698269230769231,-0.02554945054945057,0.17416208791208793,11664.157692307694,2.3165852546691887
0.16771153846153852,-0.13322527472527468,-0.009681318681318607,0.5219258241758241,-0.18189010989010979,0.056126373626373516,0.9698269230769231,-0.0655494505494506,0.16416208791208792,11801.157692307694,2.3205587387084954
0.16771153846153852,-0.10322527472527465,0.0003186813186813464,0.5319258241758241,-0.2018901098901098,0.056126373626373516,0.909826923076923,-0.04554945054945059,0.16416208791208792,11810.157692307694,2.323997211456298
0.19771153846153855,-0.11322527472527466,-0.009681318681318607,0.4719258241758242,-0.1918901098901098,0.06612637362637341,0.889826923076923,-0.07554945054945056,0.15416208791208796,11909.157692307694,2.328124713897708
0.20771153846153856,-0.10322527472527465,-0.009681318681318607,0.4819258241758242,-0.2018901098901098,0.06612637362637341,0.929826923076923,-0.07554945054945056,0.15416208791208796,11892.157692307694,2.329192352294921
0.19771153846153855,-0.08322527472527474,-0.019681318681318616,0.42192582417582414,-0.18189010989010979,0.06612637362637341,0.8598269230769231,-0.0655494505494506,0.13416208791208795,11965.157692307694,2.3331903934478753
0.19771153846153855,-0.09322527472527475,-0.019681318681318616,0.4619258241758242,-0.1918901098901098,0.07612637362637342,0.8398269230769231,-0.0655494505494506,0.14416208791208796,12332.157692307694,2.3371908187866204
0.18771153846153854,-0.10322527472527465,-0.039681318681318634,0.43192582417582415,-0.18189010989010979,0.07612637362637342,0.8498269230769231,-0.07554945054945056,0.15416208791208796,12283.157692307694,2.3411907672882073
0.19771153846153855,-0.10322527472527465,-0.039681318681318634,0.45192582417582416,-0.17189010989010978,0.08612637362637343,0.8598269230769231,-0.055549450549450596,0.13416208791208795,12130.157692307694,2.3421906948089593
0.1377115384615385,-0.11322527472527466,-0.04968131868131864,0.3919258241758241,-0.17189010989010978,0.09612637362637344,0.879826923076923,-0.08554945054945057,0.13416208791208795,12013.157692307694,2.3451911926269524
0.16771153846153852,-0.12322527472527467,-0.039681318681318634,0.3619258241758242,-0.16189010989010977,0.09612637362637344,0.909826923076923,-0.07554945054945056,0.14416208791208796,12362.157692307694,2.3498680114746087
0.15771153846153851,-0.12322527472527467,-0.04968131868131864,0.32192582417582416,-0.18189010989010979,0.07612637362637342,0.889826923076923,-0.07554945054945056,0.15416208791208796,12343.157692307694,2.3530833244323723
0.15771153846153851,-0.10322527472527465,-0.019681318681318616,0.33192582417582417,-0.2018901098901098,0.07612637362637342,0.8498269230769231,-0.055549450549450596,0.14416208791208796,12344.157692307694,2.3541414260864286
0.16771153846153852,-0.10322527472527465,-0.019681318681318616,0.29192582417582413,-0.2118901098901098,0.09612637362637344,0.809826923076923,-0.08554945054945057,0.14416208791208796,12495.157692307694,2.358134698867797
0.1477115384615385,-0.13322527472527468,-0.029681318681318625,0.31192582417582415,-0.2118901098901098,0.07612637362637342,0.799826923076923,-0.07554945054945056,0.14416208791208796,12298.157692307694,2.361514997482299
0.1377115384615385,-0.12322527472527467,-0.04968131868131864,0.2719258241758241,-0.18189010989010979,0.07612637362637342,0.809826923076923,-0.07554945054945056,0.14416208791208796,12155.157692307694,2.3662552356719964
0.16771153846153852,-0.1432252747252747,-0.039681318681318634,0.2519258241758242,-0.22189010989010982,0.07612637362637342,0.769826923076923,-0.09554945054945058,0.14416208791208796,12296.157692307694,2.3697232723236077
0.11771153846153848,-0.1432252747252747,-0.04968131868131864,0.2319258241758242,-0.2118901098901098,0.08612637362637343,0.759826923076923,-0.10554945054945059,0.13416208791208795,12373.157692307694,2.3697232723236077
0.15771153846153851,-0.13322527472527468,-0.04968131868131864,0.2619258241758241,-0.2118901098901098,0.07612637362637342,0.6998269230769231,-0.07554945054945056,0.13416208791208795,12388.157692307694,2.3747531890869134
0.1477115384615385,-0.1432252747252747,-0.05968131868131865,0.2419258241758242,-0.2018901098901098,0.07612637362637342,0.669826923076923,-0.09554945054945058,0.13416208791208795,12825.157692307694,2.378756713867187
0.1477115384615385,-0.1532252747252747,-0.039681318681318634,0.21192582417582417,-0.1918901098901098,0.07612637362637342,0.6198269230769231,-0.10554945054945059,0.11416208791208793,13326.157692307694,2.382039976119998
0.1277115384615385,-0.13322527472527468,-0.04968131868131864,0.22192582417582418,-0.2018901098901098,0.08612637362637343,0.5998269230769231,-0.09554945054945058,0.13416208791208795,13545.157692307694,2.38311500549316
0.1377115384615385,-0.1532252747252747,-0.039681318681318634,0.21192582417582417,-0.18189010989010979,0.06612637362637341,0.629826923076923,-0.1255494505494506,0.13416208791208795,13494.157692307694,2.3862859725952106
0.10771153846153847,-0.1532252747252747,-0.05968131868131865,0.16192582417582413,-0.2018901098901098,0.07612637362637342,0.559826923076923,-0.09554945054945058,0.13416208791208795,13579.157692307694,2.3903917789459186
0.11771153846153848,-0.13322527472527468,-0.0696813186813186,0.18192582417582415,-0.1918901098901098,0.07612637362637342,0.559826923076923,-0.09554945054945058,0.10416208791208795,13234.157692307694,2.3943771839141874
0.1277115384615385,-0.11322527472527466,-0.08968131868131862,0.18192582417582415,-0.17189010989010978,0.07612637362637342,0.559826923076923,-0.10554945054945059,0.10416208791208795,13335.157692307694,2.3943771839141874
0.06771153846153855,-0.09322527472527475,-0.05968131868131865,0.18192582417582415,-0.18189010989010979,0.08612637362637343,0.4998269230769231,-0.09554945054945058,0.11416208791208793,13342.157692307694,2.398933839797973
0.04771153846153853,-0.12322527472527467,-0.0696813186813186,0.18192582417582415,-0.17189010989010978,0.10612637362637345,0.4698269230769231,-0.10554945054945059,0.09416208791208794,13493.157692307694,2.4029304504394524
0.07771153846153855,-0.12322527472527467,-0.07968131868131861,0.1319258241758242,-0.16189010989010977,0.09612637362637344,0.4798269230769231,-0.09554945054945058,0.10416208791208795,13690.157692307694,2.4059297561645465
0.10771153846153847,-0.12322527472527467,-0.08968131868131862,0.1319258241758242,-0.16189010989010977,0.08612637362637343,0.4798269230769231,-0.1155494505494506,0.10416208791208795,13853.157692307694,2.406929922103881
0.08771153846153845,-0.1432252747252747,-0.039681318681318634,0.1319258241758242,-0.16189010989010977,0.06612637362637341,0.44982692307692307,-0.09554945054945058,0.10416208791208795,13892.157692307694,2.4110836505889885
0.06771153846153855,-0.1432252747252747,-0.019681318681318616,0.09192582417582418,-0.17189010989010978,0.06612637362637341,0.4598269230769231,-0.10554945054945059,0.10416208791208795,14069.157692307694,2.4146735191345208
0.02771153846153851,-0.1632252747252747,-0.029681318681318625,0.09192582417582418,-0.17189010989010978,0.07612637362637342,0.42982692307692305,-0.1155494505494506,0.10416208791208795,14202.157692307694,2.4188122272491483
0.02771153846153851,-0.18322527472527472,-0.029681318681318625,0.08192582417582417,-0.15189010989010976,0.06612637362637341,0.43982692307692306,-0.1155494505494506,0.09416208791208794,14381.157692307694,2.4197079658508294
0.057711538461538536,-0.1732252747252747,-0.029681318681318625,0.05192582417582414,-0.18189010989010979,0.07612637362637342,0.38982692307692307,-0.13554945054945056,0.11416208791208793,14046.157692307694,2.423709106445312
0.0177115384615385,-0.18322527472527472,-0.039681318681318634,0.04192582417582413,-0.17189010989010978,0.06612637362637341,0.37982692307692306,-0.10554945054945059,0.11416208791208793,14719.157692307694,2.4279922962188714
0.08771153846153845,-0.1632252747252747,-0.039681318681318634,0.0019258241758241534,-0.17189010989010978,0.07612637362637342,0.37982692307692306,-0.1155494505494506,0.12416208791208794,14992.157692307694,2.431981992721557
0.057711538461538536,-0.1632252747252747,-0.0696813186813186,0.02192582417582417,-0.16189010989010977,0.07612637362637342,0.36982692307692305,-0.1155494505494506,0.09416208791208794,15079.157692307694,2.435172271728515
0.04771153846153853,-0.20322527472527474,-0.05968131868131865,-0.018074175824175864,-0.16189010989010977,0.07612637362637342,0.35982692307692304,-0.1255494505494506,0.10416208791208795,15588.157692307694,2.4360672950744657
0.03771153846153852,-0.18322527472527472,-0.05968131868131865,0.03192582417582418,-0.17189010989010978,0.07612637362637342,0.34982692307692304,-0.13554945054945056,0.09416208791208794,15585.157692307694,2.43937439918518
0.02771153846153851,-0.18322527472527472,-0.0696813186813186,-0.008074175824175855,-0.16189010989010977,0.08612637362637343,0.3298269230769231,-0.1255494505494506,0.08416208791208793,15966.157692307694,2.443489980697631
0.09771153846153846,-0.18322527472527472,-0.05968131868131865,0.0019258241758241534,-0.16189010989010977,0.07612637362637342,0.35982692307692304,-0.1155494505494506,0.07416208791208795,15881.157692307694,2.4476162910461454
0.06771153846153855,-0.19322527472527473,-0.0696813186813186,-0.008074175824175855,-0.2118901098901098,0.08612637362637343,0.35982692307692304,-0.09554945054945058,0.08416208791208793,15762.157692307694,2.4476162910461454
0.057711538461538536,-0.19322527472527473,-0.07968131868131861,0.02192582417582417,-0.17189010989010978,0.08612637362637343,0.34982692307692304,-0.1155494505494506,0.08416208791208793,16131.157692307694,2.4515823841094964
0.0177115384615385,-0.20322527472527474,-0.0696813186813186,0.011925824175824162,-0.1918901098901098,0.06612637362637341,0.34982692307692304,-0.10554945054945059,0.08416208791208793,16042.157692307694,2.455789756774905
0.03771153846153852,-0.1732252747252747,-0.08968131868131862,0.011925824175824162,-0.16189010989010977,0.07612637362637342,0.3298269230769231,-0.07554945054945056,0.09416208791208794,15491.157692307694,2.4595474720001214
0.03771153846153852,-0.19322527472527473,-0.08968131868131862,0.02192582417582417,-0.16189010989010977,0.08612637362637343,0.36982692307692305,-0.1155494505494506,0.09416208791208794,15842.157692307694,2.460255098342895
0.0177115384615385,-0.18322527472527472,-0.09968131868131863,0.011925824175824162,-0.16189010989010977,0.08612637362637343,0.3298269230769231,-0.10554945054945059,0.08416208791208793,15781.157692307694,2.464256000518798
0.04771153846153853,-0.21322527472527475,-0.08968131868131862,0.011925824175824162,-0.16189010989010977,0.09612637362637344,0.3398269230769231,-0.10554945054945059,0.08416208791208793,15840.157692307694,2.468256664276119
-0.002288461538461517,-0.20322527472527474,-0.08968131868131862,0.02192582417582417,-0.15189010989010976,0.09612637362637344,0.37982692307692306,-0.10554945054945059,0.08416208791208793,16193.157692307694,2.472613525390628
0.02771153846153851,-0.1732252747252747,-0.09968131868131863,0.0019258241758241534,-0.17189010989010978,0.10612637362637345,0.31982692307692306,-0.1255494505494506,0.08416208791208793,16166.157692307694,2.472613525390628
0.02771153846153851,-0.18322527472527472,-0.10968131868131864,-0.018074175824175864,-0.16189010989010977,0.10612637362637345,0.35982692307692304,-0.1155494505494506,0.09416208791208794,15597.157692307694,2.4771887779235833
-0.002288461538461517,-0.1732252747252747,-0.09968131868131863,0.02192582417582417,-0.12189010989010984,0.10612637362637345,0.3398269230769231,-0.1155494505494506,0.09416208791208794,15580.157692307694,2.4806861400604276
-0.032288461538461544,-0.1732252747252747,-0.08968131868131862,-0.008074175824175855,-0.12189010989010984,0.10612637362637345,0.35982692307692304,-0.09554945054945058,0.08416208791208793,15525.157692307694,2.48504824638367
-0.06228846153846146,-0.18322527472527472,-0.09968131868131863,-0.018074175824175864,-0.14189010989010975,0.10612637362637345,0.34982692307692304,-0.07554945054945056,0.08416208791208793,15680.157692307694,2.48504824638367
-0.012288461538461526,-0.19322527472527473,-0.12968131868131863,0.0019258241758241534,-0.15189010989010976,0.11612637362637346,0.3398269230769231,-0.1255494505494506,0.07416208791208795,15961.157692307694,2.4890479564666776
-0.012288461538461526,-0.21322527472527475,-0.10968131868131864,-0.008074175824175855,-0.12189010989010984,0.11612637362637346,0.3298269230769231,-0.1255494505494506,0.07416208791208795,15788.157692307694,2.4926716804504387
-0.05228846153846145,-0.19322527472527473,-0.11968131868131862,-0.028074175824175818,-0.12189010989010984,0.11612637362637346,0.3398269230769231,-0.16554945054945058,0.08416208791208793,15435.157692307694,2.4970256805419915
-0.07228846153846147,-0.1632252747252747,-0.12968131868131863,-0.028074175824175818,-0.15189010989010976,0.11612637362637346,0.30982692307692306,-0.16554945054945058,0.07416208791208795,15400.157692307694,2.4970256805419915
-0.1122884615384615,-0.19322527472527473,-0.11968131868131862,-0.028074175824175818,-0.14189010989010975,0.09612637362637344,0.30982692307692306,-0.16554945054945058,0.07416208791208795,15619.157692307694,2.5012094497680692
-0.07228846153846147,-0.1632252747252747,-0.12968131868131863,-0.008074175824175855,-0.16189010989010977,0.08612637362637343,0.30982692307692306,-0.14554945054945057,0.05416208791208793,15712.157692307694,2.5052608966827385
-0.12228846153846151,-0.1732252747252747,-0.11968131868131862,-0.07807417582417586,-0.15189010989010976,0.08612637362637343,0.28982692307692304,-0.16554945054945058,0.07416208791208795,15195.157692307694,2.509260129928588
-0.15228846153846148,-0.19322527472527473,-0.10968131868131864,-0.06807417582417585,-0.15189010989010976,0.07612637362637342,0.31982692307692306,-0.1755494505494506,0.07416208791208795,14978.157692307694,2.510260295867919
-0.1722884615384615,-0.1732252747252747,-0.07968131868131861,-0.028074175824175818,-0.16189010989010977,0.06612637362637341,0.31982692307692306,-0.15554945054945057,0.07416208791208795,14511.157692307694,2.5137414455413847
-0.1622884615384615,-0.1632252747252747,-0.07968131868131861,-0.048074175824175835,-0.18189010989010979,0.04612637362637351,0.2798269230769231,-0.15554945054945057,0.07416208791208795,14724.157692307694,2.5169991970062284
-0.1722884615384615,-0.1532252747252747,-0.12968131868131863,-0.048074175824175835,-0.17189010989010978,0.04612637362637351,0.25982692307692307,-0.15554945054945057,0.07416208791208795,15327.157692307694,2.5213758468627923
-0.15228846153846148,-0.1632252747252747,-0.10968131868131864,-0.03807417582417583,-0.17189010989010978,0.0361263736263735,0.25982692307692307,-0.1855494505494506,0.05416208791208793,14952.157692307694,2.5256824016571073
-0.14228846153846147,-0.1632252747252747,-0.09968131868131863,-0.008074175824175855,-0.1918901098901098,0.02612637362637349,0.24982692307692306,-0.19554945054945055,0.07416208791208795,14341.157692307694,2.5256824016571073
-0.12228846153846151,-0.20322527472527474,-0.0696813186813186,-0.008074175824175855,-0.2018901098901098,-0.0038736263736265375,0.20982692307692308,-0.16554945054945058,0.05416208791208793,13968.157692307694,2.5291954994201653
-0.1822884615384615,-0.19322527472527473,-0.11968131868131862,-0.048074175824175835,-0.28189010989010976,-0.0038736263736265375,0.15982692307692306,-0.19554945054945055,0.05416208791208793,13877.157692307694,2.5332688808441155
-0.2322884615384615,-0.1732252747252747,-0.11968131868131862,-0.13807417582417586,-0.3018901098901098,-0.013873626373626546,0.08982692307692305,-0.1855494505494506,0.03416208791208794,13806.157692307694,2.5376703262329094
-0.21228846153846148,-0.21322527472527475,-0.10968131868131864,-0.15807417582417582,-0.2918901098901098,-0.033873626373626564,0.07982692307692307,-0.21554945054945057,0.06416208791208794,13375.157692307694,2.5387310504913323
-0.3022884615384615,-0.20322527472527474,-0.07968131868131861,-0.2780741758241758,-0.3218901098901098,-0.11387362637362652,-0.0001730769230769355,-0.21554945054945057,0.05416208791208793,12618.157692307694,2.5423285484313958
-0.3022884615384615,-0.2532252747252747,-0.04968131868131864,-0.2780741758241758,-0.37189010989010984,-0.15387362637362656,0.04982692307692307,-0.3255494505494506,0.04416208791208795,11997.157692307694,2.546339464187625
-0.2822884615384615,-0.24322527472527466,-0.04968131868131864,-0.20807417582417584,-0.3318901098901098,-0.12387362637362653,0.05982692307692306,-0.26554945054945056,0.05416208791208793,10358.157692307694,2.550345373153686
-0.3022884615384615,-0.2532252747252747,-0.05968131868131865,-0.16807417582417583,-0.28189010989010976,-0.12387362637362653,0.07982692307692307,-0.25554945054945055,0.05416208791208793,7789.157692307694,2.550345373153686
-0.26228846153846147,-0.2632252747252747,-0.05968131868131865,-0.13807417582417586,-0.2918901098901098,-0.11387362637362652,0.06982692307692306,-0.2355494505494506,0.05416208791208793,7002.157692307694,2.5543615341186516
-0.2522884615384615,-0.2632252747252747,-0.05968131868131865,-0.12807417582417585,-0.3218901098901098,-0.0838736263736265,0.07982692307692307,-0.25554945054945055,0.05416208791208793,7035.157692307694,2.5582644462585478
-0.2522884615384615,-0.23322527472527466,-0.0696813186813186,-0.10807417582417583,-0.3218901098901098,-0.0938736263736265,0.07982692307692307,-0.2355494505494506,0.04416208791208795,6812.157692307694,2.5625938892364495
-0.2322884615384615,-0.2532252747252747,-0.07968131868131861,-0.1480741758241758,-0.3218901098901098,-0.07387362637362649,0.07982692307692307,-0.2455494505494506,0.04416208791208795,6095.157692307694,2.5625938892364495
-0.2722884615384615,-0.23322527472527466,-0.07968131868131861,-0.15807417582417582,-0.3118901098901098,-0.10387362637362652,0.08982692307692305,-0.2355494505494506,0.05416208791208793,5824.157692307694,2.5662488460540764
-0.2522884615384615,-0.24322527472527466,-0.0696813186813186,-0.19807417582417583,-0.3118901098901098,-0.0938736263736265,0.06982692307692306,-0.20554945054945056,0.04416208791208795,6241.157692307694,2.570395421981811
-0.2722884615384615,-0.2532252747252747,-0.07968131868131861,-0.17807417582417584,-0.3018901098901098,-0.12387362637362653,0.06982692307692306,-0.21554945054945057,0.06416208791208794,6166.157692307694,2.5741712570190387
-0.2722884615384615,-0.24322527472527466,-0.09968131868131863,-0.18807417582417585,-0.26189010989010975,-0.12387362637362653,0.06982692307692306,-0.19554945054945055,0.05416208791208793,6443.157692307694,2.575232934951785
-0.26228846153846147,-0.23322527472527466,-0.09968131868131863,-0.19807417582417583,-0.2918901098901098,-0.12387362637362653,0.05982692307692306,-0.22554945054945058,0.03416208791208794,5960.157692307694,2.5782172203063958
-0.2922884615384615,-0.2532252747252747,-0.04968131868131864,-0.21807417582417585,-0.26189010989010975,-0.12387362637362653,0.04982692307692307,-0.20554945054945056,0.03416208791208794,5611.157692307694,2.5824882507324247
-0.2722884615384615,-0.24322527472527466,-0.05968131868131865,-0.15807417582417582,-0.3218901098901098,-0.15387362637362656,0.04982692307692307,-0.2355494505494506,0.02416208791208793,5466.157692307694,2.587718439102172
-0.2822884615384615,-0.24322527472527466,-0.039681318681318634,-0.18807417582417585,-0.3018901098901098,-0.12387362637362653,0.029826923076923063,-0.2455494505494506,0.01416208791208795,5087.157692307694,2.587718439102172
-0.2822884615384615,-0.24322527472527466,-0.0696813186813186,-0.18807417582417585,-0.28189010989010976,-0.16387362637362657,0.04982692307692307,-0.25554945054945055,0.02416208791208793,5176.157692307694,2.591697645187377
-0.26228846153846147,-0.23322527472527466,-0.09968131868131863,-0.20807417582417584,-0.3018901098901098,-0.15387362637362656,0.01982692307692307,-0.21554945054945057,0.004162087912087942,4827.157692307694,2.594697666168212
-0.2822884615384615,-0.23322527472527466,-0.09968131868131863,-0.19807417582417583,-0.28189010989010976,-0.15387362637362656,0.01982692307692307,-0.22554945054945058,0.01416208791208795,4712.157692307694,2.59922547340393
