0.52,0.65,0.24,0.31,0.85,0.74,0.04,0.43,0.08,15982,0.0010104179382324219
0.53,0.65,0.24,0.3,0.85,0.74,0.04,0.43,0.09,15817,0.0010104179382324219
0.53,0.65,0.24,0.31,0.86,0.74,0.04,0.43,0.09,15850,0.001999378204345703
0.52,0.65,0.24,0.31,0.86,0.73,0.04,0.42,0.09,15915,0.001999378204345703
0.52,0.65,0.24,0.31,0.86,0.74,0.04,0.43,0.09,15804,0.001999378204345703
0.52,0.64,0.24,0.31,0.86,0.74,0.05,0.43,0.09,15951,0.00299835205078125
0.52,0.65,0.24,0.31,0.85,0.74,0.04,0.43,0.09,15742,0.00299835205078125
0.53,0.66,0.24,0.31,0.85,0.74,0.04,0.42,0.09,15709,0.00299835205078125
0.53,0.65,0.24,0.31,0.85,0.74,0.04,0.42,0.09,15588,0.0039980411529541016
0.53,0.65,0.24,0.31,0.86,0.74,0.05,0.42,0.09,15781,0.0039980411529541016
0.53,0.66,0.25,0.31,0.85,0.74,0.05,0.42,0.09,15988,0.0039980411529541016
0.53,0.66,0.25,0.31,0.86,0.73,0.04,0.42,0.08,16457,0.004997968673706055
0.52,0.65,0.25,0.31,0.85,0.74,0.04,0.43,0.09,16572,0.004997968673706055
0.53,0.66,0.24,0.31,0.85,0.74,0.04,0.42,0.09,16389,0.005998373031616211
0.53,0.66,0.24,0.31,0.85,0.74,0.04,0.42,0.09,16354,0.005998373031616211
0.53,0.66,0.24,0.31,0.85,0.75,0.04,0.43,0.09,16209,0.0065042972564697266
0.53,0.66,0.25,0.31,0.85,0.74,0.04,0.42,0.09,16148,0.0065042972564697266
0.53,0.66,0.25,0.31,0.85,0.74,0.04,0.42,0.08,15645,0.0065042972564697266
0.52,0.66,0.25,0.31,0.85,0.74,0.04,0.42,0.09,15916,0.007586956024169922
0.52,0.66,0.25,0.31,0.85,0.74,0.04,0.42,0.09,15969,0.00862741470336914
0.53,0.66,0.25,0.31,0.85,0.74,0.05,0.42,0.09,16288,0.00862741470336914
0.53,0.66,0.25,0.31,0.85,0.74,0.04,0.42,0.09,16401,0.0096435546875
0.53,0.66,0.25,0.31,0.86,0.73,0.04,0.42,0.09,16018,0.0096435546875
0.53,0.66,0.25,0.31,0.85,0.74,0.04,0.43,0.09,15953,0.0096435546875
0.53,0.66,0.25,0.31,0.85,0.74,0.05,0.43,0.09,16090,0.010643720626831055
0.53,0.66,0.25,0.31,0.86,0.74,0.04,0.42,0.09,16043,0.010643720626831055
0.53,0.65,0.25,0.31,0.85,0.73,0.04,0.42,0.09,15928,0.010643720626831055
0.53,0.66,0.25,0.31,0.85,0.73,0.04,0.42,0.09,15789,0.011643648147583008
0.53,0.65,0.25,0.31,0.85,0.73,0.04,0.42,0.09,16164,0.011643648147583008
0.53,0.65,0.25,0.32,0.85,0.73,0.04,0.42,0.09,16391,0.011643648147583008
0.53,0.65,0.25,0.31,0.85,0.73,0.04,0.42,0.1,16424,0.01276254653930664
0.53,0.65,0.25,0.31,0.85,0.73,0.04,0.42,0.09,16541,0.01276254653930664
0.53,0.65,0.25,0.31,0.85,0.73,0.04,0.42,0.09,16386,0.01276254653930664
0.53,0.65,0.26,0.32,0.85,0.73,0.04,0.42,0.09,16389,0.01383519172668457
0.53,0.65,0.25,0.32,0.85,0.73,0.05,0.42,0.09,16390,0.01383519172668457
0.53,0.65,0.25,0.31,0.85,0.74,0.05,0.42,0.09,16317,0.01383519172668457
0.53,0.65,0.25,0.32,0.86,0.74,0.04,0.42,0.09,16374,0.014818429946899414
0.54,0.65,0.25,0.31,0.86,0.74,0.05,0.42,0.09,16297,0.014818429946899414
0.53,0.65,0.25,0.32,0.86,0.74,0.04,0.42,0.09,16180,0.015835285186767578
0.54,0.65,0.25,0.31,0.85,0.74,0.04,0.42,0.09,15933,0.015835285186767578
0.53,0.65,0.25,0.31,0.86,0.73,0.04,0.42,0.09,15574,0.015835285186767578
0.52,0.65,0.26,0.3,0.86,0.74,0.05,0.42,0.09,15755,0.0168304443359375
0.52,0.64,0.25,0.31,0.85,0.73,0.04,0.42,0.09,15858,0.0168304443359375
0.5,0.65,0.25,0.3,0.86,0.74,0.04,0.42,0.09,16321,0.0168304443359375
0.49,0.65,0.26,0.3,0.86,0.73,0.05,0.42,0.09,16266,0.017818212509155273
0.5,0.65,0.25,0.3,0.86,0.74,0.04,0.42,0.09,16103,0.017818212509155273
0.5,0.65,0.25,0.31,0.86,0.74,0.04,0.42,0.09,16380,0.017818212509155273
0.51,0.65,0.25,0.3,0.86,0.74,0.05,0.43,0.09,16325,0.018834829330444336
0.5,0.65,0.25,0.3,0.86,0.75,0.04,0.43,0.09,16410,0.018834829330444336
0.5,0.65,0.25,0.31,0.86,0.74,0.04,0.43,0.09,16639,0.018834829330444336
0.5,0.65,0.25,0.31,0.86,0.74,0.05,0.42,0.09,16402,0.019835472106933594
0.5,0.65,0.24,0.31,0.86,0.75,0.05,0.43,0.09,16187,0.019835472106933594
0.49,0.65,0.24,0.31,0.85,0.75,0.04,0.43,0.09,16134,0.020835161209106445
0.5,0.64,0.25,0.31,0.85,0.75,0.04,0.43,0.09,16529,0.020835161209106445
0.51,0.66,0.25,0.31,0.86,0.75,0.04,0.43,0.09,16518,0.020835161209106445
0.52,0.65,0.25,0.31,0.86,0.74,0.05,0.43,0.09,16393,0.0218350887298584
0.51,0.65,0.25,0.31,0.86,0.75,0.04,0.42,0.09,16352,0.0218350887298584
0.52,0.65,0.25,0.31,0.86,0.74,0.04,0.43,0.09,17043,0.0218350887298584
0.52,0.65,0.25,0.31,0.86,0.74,0.04,0.43,0.09,16902,0.022835254669189453
0.52,0.65,0.25,0.31,0.86,0.75,0.04,0.42,0.09,16321,0.022835254669189453
0.52,0.65,0.25,0.31,0.86,0.75,0.05,0.43,0.09,16282,0.022835254669189453
0.52,0.65,0.25,0.31,0.86,0.75,0.04,0.42,0.09,15959,0.023835182189941406
0.51,0.65,0.25,0.31,0.86,0.75,0.04,0.43,0.09,16022,0.023835182189941406
0.52,0.64,0.24,0.31,0.86,0.75,0.05,0.42,0.09,16181,0.023835182189941406
0.5,0.65,0.25,0.3,0.86,0.75,0.05,0.43,0.09,15712,0.02483534812927246
0.5,0.65,0.24,0.31,0.86,0.75,0.04,0.42,0.09,15579,0.02483534812927246
0.51,0.64,0.25,0.32,0.86,0.75,0.04,0.43,0.09,16072,0.02483534812927246
0.51,0.65,0.25,0.32,0.86,0.75,0.04,0.42,0.09,16175,0.025835275650024414
0.51,0.65,0.25,0.32,0.85,0.75,0.05,0.43,0.09,16208,0.025835275650024414
0.51,0.65,0.25,0.32,0.85,0.75,0.05,0.42,0.09,16145,0.026835203170776367
0.5,0.65,0.25,0.31,0.86,0.74,0.05,0.43,0.09,16380,0.026835203170776367
0.51,0.65,0.25,0.31,0.85,0.75,0.04,0.42,0.09,16063,0.026835203170776367
0.51,0.65,0.25,0.32,0.85,0.74,0.05,0.42,0.09,15546,0.02783513069152832
0.5,0.65,0.25,0.31,0.85,0.74,0.04,0.42,0.09,16109,0.02783513069152832
0.5,0.65,0.24,0.31,0.85,0.74,0.05,0.42,0.08,16452,0.02783513069152832
0.51,0.65,0.25,0.31,0.85,0.75,0.05,0.42,0.09,16583,0.028835296630859375
0.5,0.64,0.25,0.32,0.85,0.74,0.05,0.42,0.09,16398,0.029157638549804688
0.51,0.64,0.24,0.32,0.85,0.74,0.04,0.42,0.09,16311,0.029157638549804688
0.51,0.65,0.24,0.32,0.86,0.75,0.04,0.42,0.09,16112,0.029157638549804688
0.51,0.64,0.25,0.32,0.85,0.74,0.05,0.42,0.09,15937,0.030216217041015625
0.51,0.65,0.25,0.32,0.85,0.74,0.05,0.43,0.09,15826,0.030216217041015625
0.51,0.65,0.25,0.32,0.85,0.74,0.05,0.42,0.09,16105,0.030216217041015625
0.51,0.65,0.24,0.31,0.85,0.75,0.04,0.43,0.09,15886,0.03123307228088379
0.5,0.65,0.24,0.32,0.85,0.75,0.05,0.42,0.09,16315,0.03123307228088379
0.51,0.65,0.24,0.32,0.85,0.74,0.05,0.43,0.09,16384,0.03123307228088379
0.51,0.65,0.24,0.32,0.84,0.74,0.05,0.42,0.09,15883,0.032233238220214844
0.51,0.65,0.24,0.32,0.85,0.74,0.05,0.43,0.09,16044,0.032233238220214844
0.52,0.65,0.24,0.32,0.85,0.75,0.05,0.42,0.09,16237,0.032233238220214844
0.51,0.65,0.24,0.32,0.85,0.74,0.04,0.43,0.09,16216,0.0332331657409668
0.51,0.65,0.24,0.32,0.85,0.74,0.05,0.43,0.09,16187,0.0332331657409668
0.51,0.65,0.24,0.32,0.85,0.74,0.05,0.43,0.09,16490,0.034218788146972656
0.51,0.65,0.24,0.31,0.85,0.74,0.04,0.43,0.09,16509,0.034218788146972656
0.5,0.65,0.25,0.31,0.85,0.74,0.04,0.43,0.09,16216,0.034218788146972656
0.5,0.65,0.24,0.32,0.85,0.75,0.05,0.43,0.09,16521,0.035216331481933594
0.5,0.65,0.25,0.32,0.85,0.75,0.05,0.43,0.09,16200,0.035216331481933594
0.51,0.65,0.25,0.32,0.85,0.74,0.05,0.43,0.09,16223,0.036232948303222656
0.51,0.65,0.25,0.32,0.86,0.75,0.05,0.43,0.09,15870,0.036232948303222656
0.51,0.65,0.24,0.32,0.85,0.74,0.05,0.43,0.09,15873,0.036232948303222656
0.5,0.65,0.24,0.32,0.85,0.74,0.05,0.43,0.09,15810,0.03723335266113281
0.5,0.65,0.25,0.31,0.85,0.75,0.04,0.44,0.09,16089,0.03723335266113281
0.51,0.65,0.25,0.31,0.86,0.74,0.04,0.43,0.09,16216,0.03723335266113281
0.5,0.65,0.24,0.32,0.86,0.74,0.05,0.43,0.09,15933,0.038233280181884766
0.5,0.64,0.24,0.32,0.85,0.74,0.04,0.43,0.09,16472,0.038233280181884766
0.51,0.65,0.25,0.32,0.85,0.74,0.05,0.43,0.09,16203,0.038233280181884766
0.5,0.65,0.25,0.32,0.85,0.74,0.05,0.43,0.09,15830,0.039299726486206055
0.5,0.64,0.25,0.32,0.85,0.75,0.04,0.43,0.09,16205,0.039299726486206055
0.51,0.65,0.24,0.32,0.85,0.75,0.04,0.43,0.09,16184,0.039299726486206055
0.51,0.65,0.25,0.32,0.85,0.75,0.04,0.43,0.09,16037,0.040345191955566406
0.51,0.65,0.25,0.33,0.85,0.74,0.05,0.43,0.09,15886,0.040345191955566406
0.5,0.65,0.25,0.32,0.85,0.75,0.04,0.43,0.09,16015,0.040345191955566406
0.5,0.65,0.25,0.32,0.85,0.74,0.04,0.43,0.09,15996,0.04136204719543457
0.51,0.65,0.25,0.32,0.86,0.75,0.05,0.43,0.09,16131,0.04136204719543457
0.51,0.65,0.25,0.32,0.85,0.74,0.05,0.43,0.09,16076,0.04136204719543457
0.5,0.65,0.25,0.32,0.86,0.74,0.05,0.43,0.09,16275,0.042362213134765625
0.5,0.65,0.25,0.32,0.85,0.74,0.05,0.43,0.09,16436,0.042362213134765625
0.51,0.65,0.25,0.32,0.85,0.74,0.05,0.43,0.1,15865,0.04336214065551758
0.51,0.65,0.25,0.32,0.85,0.75,0.05,0.43,0.09,16058,0.04336214065551758
0.51,0.65,0.25,0.31,0.85,0.75,0.04,0.43,0.09,16109,0.04336214065551758
0.5,0.64,0.25,0.32,0.85,0.75,0.05,0.43,0.09,15896,0.044531822204589844
0.51,0.65,0.25,0.32,0.85,0.75,0.05,0.43,0.09,15811,0.044531822204589844
0.5,0.66,0.25,0.32,0.85,0.75,0.04,0.43,0.09,16146,0.044531822204589844
0.51,0.65,0.25,0.31,0.84,0.75,0.05,0.43,0.09,16399,0.045557498931884766
0.51,0.65,0.25,0.32,0.85,0.75,0.05,0.43,0.09,16192,0.045557498931884766
0.51,0.65,0.25,0.32,0.85,0.75,0.05,0.43,0.09,15745,0.045557498931884766
0.52,0.65,0.25,0.31,0.85,0.75,0.05,0.43,0.09,15768,0.04655742645263672
0.51,0.65,0.25,0.32,0.85,0.74,0.05,0.43,0.09,15875,0.04655742645263672
0.51,0.65,0.25,0.32,0.85,0.74,0.05,0.43,0.09,15978,0.04655742645263672
0.52,0.65,0.26,0.32,0.86,0.74,0.05,0.43,0.09,15919,0.047557830810546875
0.52,0.64,0.25,0.32,0.86,0.74,0.05,0.43,0.1,16264,0.047557830810546875
0.52,0.65,0.25,0.32,0.86,0.74,0.05,0.43,0.1,16749,0.047557830810546875
0.51,0.65,0.25,0.33,0.86,0.74,0.05,0.42,0.09,16616,0.04855751991271973
0.52,0.65,0.25,0.33,0.86,0.74,0.05,0.43,0.09,16573,0.04855751991271973
0.52,0.65,0.26,0.32,0.86,0.74,0.05,0.43,0.09,16208,0.04955768585205078
0.52,0.64,0.26,0.33,0.86,0.74,0.05,0.43,0.09,15835,0.04986858367919922
0.52,0.64,0.25,0.32,0.86,0.74,0.05,0.43,0.09,16198,0.04986858367919922
0.51,0.64,0.25,0.32,0.85,0.74,0.04,0.42,0.09,16481,0.04986858367919922
0.51,0.65,0.25,0.32,0.86,0.74,0.05,0.43,0.09,16062,0.05089855194091797
0.52,0.64,0.25,0.32,0.85,0.75,0.05,0.43,0.09,16065,0.05089855194091797
0.52,0.64,0.25,0.32,0.86,0.74,0.05,0.43,0.09,16256,0.05089855194091797
0.52,0.64,0.25,0.32,0.86,0.75,0.05,0.43,0.09,16279,0.05188298225402832
0.52,0.64,0.25,0.32,0.86,0.75,0.05,0.43,0.09,16578,0.05188298225402832
0.52,0.65,0.25,0.32,0.86,0.75,0.05,0.43,0.09,16639,0.05188298225402832
0.53,0.64,0.25,0.32,0.86,0.75,0.05,0.43,0.09,16380,0.05289793014526367
0.53,0.64,0.25,0.32,0.86,0.75,0.05,0.43,0.09,16369,0.05289793014526367
0.51,0.65,0.25,0.32,0.86,0.75,0.05,0.43,0.09,15974,0.05289793014526367
0.51,0.65,0.24,0.32,0.86,0.75,0.04,0.43,0.09,16081,0.053897857666015625
0.53,0.65,0.25,0.32,0.86,0.76,0.05,0.43,0.09,16206,0.053897857666015625
0.53,0.65,0.25,0.32,0.86,0.75,0.05,0.43,0.09,16171,0.05489802360534668
0.52,0.64,0.26,0.32,0.86,0.75,0.05,0.43,0.09,16294,0.05489802360534668
0.53,0.65,0.25,0.32,0.86,0.75,0.05,0.43,0.09,16131,0.05489802360534668
0.52,0.65,0.25,0.31,0.87,0.75,0.05,0.43,0.09,16212,0.055898189544677734
0.52,0.64,0.25,0.31,0.87,0.75,0.04,0.44,0.09,16095,0.055898189544677734
0.52,0.64,0.26,0.32,0.87,0.75,0.05,0.44,0.09,15824,0.055898189544677734
0.51,0.64,0.25,0.31,0.87,0.75,0.05,0.43,0.09,15585,0.05689883232116699
0.52,0.64,0.25,0.32,0.87,0.75,0.05,0.43,0.1,16028,0.05689883232116699
0.52,0.64,0.25,0.31,0.87,0.75,0.05,0.43,0.09,16531,0.05789780616760254
0.53,0.64,0.25,0.31,0.87,0.75,0.05,0.43,0.09,16152,0.05789780616760254
0.53,0.64,0.24,0.32,0.87,0.75,0.05,0.43,0.09,16099,0.05789780616760254
0.53,0.65,0.25,0.32,0.87,0.75,0.05,0.43,0.09,16256,0.058898210525512695
0.53,0.64,0.25,0.31,0.87,0.75,0.05,0.43,0.09,16333,0.058898210525512695
0.53,0.65,0.25,0.32,0.87,0.75,0.05,0.43,0.09,16242,0.058898210525512695
0.53,0.65,0.25,0.31,0.87,0.75,0.05,0.44,0.09,16243,0.05989789962768555
0.51,0.64,0.24,0.31,0.87,0.75,0.04,0.44,0.09,16222,0.05989789962768555
0.52,0.64,0.24,0.31,0.87,0.76,0.05,0.43,0.09,16157,0.05989789962768555
0.52,0.64,0.24,0.31,0.87,0.75,0.05,0.43,0.09,16028,0.06115579605102539
0.52,0.65,0.25,0.32,0.87,0.75,0.05,0.43,0.09,16049,0.06115579605102539
0.52,0.65,0.25,0.32,0.88,0.75,0.05,0.43,0.09,16086,0.06115579605102539
0.52,0.65,0.25,0.31,0.87,0.75,0.05,0.43,0.09,16077,0.0622105598449707
0.52,0.65,0.25,0.32,0.88,0.75,0.05,0.43,0.09,16344,0.0622105598449707
0.51,0.64,0.25,0.31,0.87,0.75,0.05,0.43,0.09,16265,0.0622105598449707
0.51,0.65,0.25,0.32,0.88,0.75,0.04,0.43,0.09,16060,0.06322741508483887
0.52,0.65,0.25,0.32,0.87,0.75,0.05,0.43,0.09,16081,0.06322741508483887
0.52,0.65,0.25,0.32,0.87,0.75,0.05,0.43,0.09,16258,0.06322741508483887
0.53,0.64,0.25,0.32,0.88,0.75,0.05,0.43,0.09,16221,0.06422734260559082
0.52,0.65,0.25,0.32,0.87,0.75,0.05,0.43,0.09,15862,0.06422734260559082
0.52,0.64,0.25,0.32,0.87,0.75,0.05,0.43,0.09,15769,0.06422734260559082
0.52,0.64,0.25,0.32,0.87,0.75,0.05,0.43,0.09,16230,0.06522750854492188
0.52,0.65,0.24,0.32,0.86,0.75,0.05,0.43,0.09,16547,0.06522750854492188
0.51,0.65,0.24,0.32,0.87,0.75,0.05,0.43,0.09,16392,0.06622743606567383
0.51,0.65,0.24,0.32,0.87,0.75,0.05,0.43,0.09,16057,0.06634736061096191
0.52,0.65,0.24,0.32,0.87,0.75,0.05,0.43,0.09,16314,0.06634736061096191
0.52,0.64,0.25,0.32,0.87,0.75,0.05,0.43,0.09,15843,0.06634736061096191
0.52,0.64,0.24,0.32,0.87,0.75,0.05,0.43,0.09,15746,0.06740975379943848
0.51,0.64,0.24,0.32,0.87,0.75,0.05,0.43,0.09,15795,0.06740975379943848
0.51,0.64,0.25,0.32,0.87,0.75,0.04,0.43,0.09,15794,0.06740975379943848
0.52,0.64,0.24,0.32,0.87,0.75,0.05,0.44,0.09,16007,0.06840872764587402
0.51,0.65,0.25,0.32,0.87,0.75,0.05,0.43,0.09,16242,0.06840872764587402
0.52,0.65,0.25,0.32,0.87,0.75,0.05,0.44,0.09,16415,0.06942558288574219
0.52,0.65,0.25,0.32,0.87,0.75,0.05,0.43,0.1,16282,0.06942558288574219
0.51,0.65,0.25,0.32,0.87,0.75,0.03,0.43,0.09,16115,0.06942558288574219
0.51,0.64,0.25,0.32,0.87,0.75,0.05,0.44,0.09,16256,0.07042551040649414
0.51,0.65,0.25,0.32,0.87,0.75,0.05,0.44,0.09,16253,0.07042551040649414
0.51,0.65,0.25,0.33,0.87,0.75,0.04,0.44,0.09,16476,0.07042551040649414
0.52,0.65,0.25,0.32,0.86,0.75,0.04,0.43,0.09,16421,0.0714254379272461
0.52,0.65,0.25,0.32,0.87,0.76,0.05,0.43,0.09,16336,0.0714254379272461
0.51,0.65,0.25,0.33,0.87,0.76,0.05,0.43,0.09,16385,0.0714254379272461
0.51,0.64,0.25,0.32,0.86,0.75,0.05,0.43,0.09,16186,0.07242560386657715
0.51,0.64,0.25,0.32,0.87,0.75,0.05,0.43,0.09,16019,0.07242560386657715
0.51,0.64,0.25,0.32,0.86,0.76,0.04,0.43,0.09,16650,0.07242560386657715
0.52,0.64,0.25,0.33,0.87,0.75,0.05,0.43,0.09,15991,0.07342529296875
0.53,0.64,0.25,0.33,0.87,0.75,0.04,0.43,0.09,15742,0.07342529296875
0.52,0.64,0.25,0.32,0.86,0.75,0.05,0.43,0.09,16545,0.07442545890808105
0.51,0.64,0.25,0.33,0.86,0.75,0.05,0.44,0.09,16378,0.07442545890808105
0.52,0.64,0.25,0.32,0.87,0.75,0.03,0.44,0.09,15919,0.07442545890808105
0.52,0.64,0.25,0.33,0.87,0.75,0.05,0.44,0.09,15976,0.07542538642883301
0.51,0.64,0.25,0.33,0.87,0.76,0.05,0.44,0.09,16265,0.07542538642883301
0.52,0.64,0.25,0.33,0.86,0.76,0.05,0.44,0.09,16332,0.07542538642883301
0.51,0.65,0.24,0.32,0.86,0.76,0.05,0.44,0.09,16145,0.07642555236816406
0.5,0.65,0.25,0.33,0.87,0.75,0.04,0.44,0.09,15934,0.0766754150390625
0.5,0.64,0.24,0.32,0.86,0.75,0.04,0.44,0.09,15949,0.0766754150390625
0.51,0.64,0.24,0.32,0.87,0.75,0.05,0.45,0.09,16068,0.0766754150390625
0.51,0.65,0.24,0.32,0.87,0.75,0.05,0.44,0.09,16077,0.07775163650512695
0.52,0.64,0.24,0.32,0.87,0.75,0.05,0.44,0.09,15592,0.07775163650512695
0.52,0.64,0.24,0.33,0.87,0.75,0.05,0.44,0.09,16155,0.07875204086303711
0.52,0.64,0.24,0.33,0.87,0.75,0.05,0.45,0.09,16392,0.07875204086303711
0.51,0.64,0.24,0.33,0.87,0.75,0.05,0.44,0.09,16461,0.07875204086303711
0.51,0.64,0.24,0.34,0.87,0.75,0.05,0.45,0.09,16348,0.07975196838378906
0.51,0.65,0.24,0.33,0.86,0.75,0.04,0.45,0.09,15891,0.07975196838378906
0.51,0.65,0.24,0.33,0.86,0.75,0.05,0.44,0.09,15712,0.07975196838378906
0.52,0.65,0.24,0.32,0.86,0.75,0.05,0.45,0.09,16353,0.08075213432312012
0.51,0.65,0.25,0.33,0.86,0.75,0.05,0.44,0.09,15830,0.08075213432312012
0.52,0.65,0.25,0.33,0.86,0.75,0.05,0.44,0.09,15977,0.08075213432312012
0.52,0.66,0.25,0.32,0.86,0.75,0.05,0.44,0.09,16226,0.08175206184387207
0.53,0.65,0.25,0.32,0.86,0.75,0.05,0.44,0.09,16069,0.08175206184387207
0.52,0.65,0.25,0.33,0.86,0.75,0.05,0.44,0.09,15756,0.08275198936462402
0.51,0.65,0.25,0.32,0.86,0.75,0.05,0.44,0.09,16293,0.08275198936462402
0.52,0.65,0.25,0.32,0.86,0.75,0.05,0.45,0.09,16480,0.08275198936462402
0.51,0.65,0.25,0.33,0.86,0.75,0.04,0.44,0.09,16141,0.08373379707336426
0.52,0.65,0.25,0.33,0.86,0.76,0.05,0.45,0.09,16290,0.08373379707336426
0.52,0.65,0.25,0.33,0.86,0.75,0.05,0.45,0.09,16421,0.08473539352416992
0.51,0.65,0.25,0.33,0.87,0.75,0.05,0.44,0.09,16190,0.08473539352416992
0.51,0.65,0.25,0.33,0.87,0.75,0.05,0.44,0.09,16315,0.08473539352416992
0.52,0.65,0.25,0.33,0.87,0.75,0.05,0.44,0.09,15844,0.08575177192687988
0.52,0.65,0.25,0.32,0.87,0.75,0.04,0.44,0.09,15473,0.08575177192687988
0.51,0.65,0.25,0.33,0.86,0.75,0.05,0.45,0.09,16042,0.08575177192687988
0.52,0.65,0.25,0.33,0.87,0.75,0.05,0.44,0.09,16611,0.08675193786621094
0.51,0.65,0.25,0.33,0.86,0.75,0.05,0.44,0.09,16330,0.08675193786621094
0.52,0.65,0.25,0.32,0.87,0.76,0.05,0.44,0.09,15915,0.08675193786621094
0.53,0.65,0.25,0.33,0.87,0.76,0.05,0.44,0.09,16164,0.0878763198852539
0.53,0.66,0.25,0.33,0.87,0.76,0.05,0.44,0.09,16073,0.0878763198852539
0.52,0.65,0.26,0.33,0.87,0.75,0.05,0.44,0.1,15732,0.0878763198852539
0.51,0.65,0.25,0.32,0.86,0.75,0.05,0.44,0.09,15945,0.08893251419067383
0.51,0.65,0.25,0.33,0.86,0.75,0.05,0.44,0.09,15786,0.08893251419067383
0.52,0.65,0.25,0.33,0.87,0.75,0.05,0.44,0.09,15913,0.08994793891906738
0.51,0.64,0.25,0.33,0.86,0.75,0.04,0.45,0.09,15742,0.08994793891906738
0.52,0.65,0.25,0.33,0.86,0.75,0.04,0.45,0.09,16257,0.08994793891906738
0.52,0.65,0.25,0.33,0.86,0.75,0.04,0.45,0.09,16282,0.09094810485839844
0.52,0.65,0.25,0.33,0.86,0.75,0.05,0.45,0.09,16131,0.09094810485839844
0.52,0.65,0.25,0.33,0.86,0.75,0.05,0.44,0.09,16608,0.09094810485839844
0.52,0.65,0.25,0.33,0.87,0.75,0.05,0.45,0.09,16341,0.09198784828186035
0.52,0.65,0.25,0.32,0.87,0.75,0.05,0.45,0.09,16264,0.09198784828186035
0.51,0.64,0.25,0.32,0.86,0.76,0.05,0.45,0.09,16717,0.09198784828186035
0.5,0.65,0.25,0.32,0.86,0.76,0.05,0.45,0.1,16226,0.09314942359924316
0.52,0.65,0.25,0.33,0.86,0.76,0.05,0.45,0.09,16007,0.09314942359924316
0.52,0.65,0.25,0.33,0.86,0.75,0.05,0.45,0.09,16068,0.09314942359924316
0.52,0.66,0.25,0.32,0.86,0.75,0.05,0.45,0.09,16107,0.0941624641418457
0.51,0.65,0.25,0.33,0.86,0.75,0.05,0.45,0.09,16062,0.0941624641418457
0.51,0.65,0.25,0.33,0.86,0.75,0.05,0.44,0.09,16321,0.0941624641418457
0.52,0.65,0.25,0.33,0.86,0.75,0.05,0.45,0.09,16332,0.09517836570739746
0.52,0.66,0.25,0.33,0.86,0.75,0.05,0.45,0.09,16039,0.09517836570739746
0.51,0.66,0.25,0.33,0.87,0.75,0.05,0.45,0.09,15914,0.09517836570739746
0.52,0.66,0.25,0.33,0.86,0.75,0.05,0.45,0.09,16253,0.09617829322814941
0.52,0.66,0.25,0.34,0.86,0.76,0.05,0.45,0.1,16330,0.09617829322814941
0.53,0.66,0.25,0.33,0.86,0.76,0.05,0.44,0.09,16261,0.09717845916748047
0.52,0.66,0.25,0.33,0.86,0.76,0.05,0.44,0.09,16244,0.09717845916748047
0.52,0.65,0.25,0.33,0.86,0.75,0.05,0.44,0.1,16449,0.09717845916748047
0.52,0.65,0.24,0.33,0.87,0.76,0.04,0.44,0.09,16132,0.09830188751220703
0.53,0.66,0.25,0.33,0.87,0.75,0.05,0.44,0.09,15769,0.09830188751220703
0.51,0.66,0.25,0.33,0.86,0.75,0.05,0.44,0.09,15882,0.09830188751220703
0.52,0.65,0.25,0.33,0.86,0.75,0.05,0.44,0.09,16227,0.09936165809631348
0.52,0.65,0.25,0.34,0.86,0.75,0.05,0.44,0.09,16662,0.09936165809631348
0.53,0.65,0.25,0.34,0.86,0.76,0.05,0.44,0.09,15977,0.09936165809631348
0.53,0.65,0.25,0.34,0.87,0.76,0.06,0.45,0.09,15792,0.10037899017333984
0.53,0.65,0.25,0.34,0.87,0.76,0.05,0.45,0.09,16275,0.10037899017333984
0.53,0.65,0.24,0.34,0.87,0.75,0.05,0.45,0.09,16080,0.10037899017333984
0.53,0.66,0.25,0.35,0.87,0.75,0.05,0.45,0.09,16101,0.1013784408569336
0.53,0.65,0.25,0.34,0.87,0.75,0.05,0.45,0.09,16078,0.1013784408569336
0.53,0.65,0.25,0.34,0.87,0.76,0.05,0.45,0.09,16191,0.1013784408569336
0.52,0.65,0.25,0.33,0.87,0.76,0.05,0.45,0.09,16270,0.10237836837768555
0.51,0.65,0.25,0.33,0.87,0.75,0.05,0.45,0.09,16261,0.10237836837768555
0.52,0.65,0.25,0.32,0.87,0.75,0.05,0.45,0.09,16090,0.10237836837768555
0.53,0.65,0.25,0.33,0.87,0.75,0.05,0.45,0.08,15987,0.1033782958984375
0.53,0.65,0.25,0.33,0.87,0.75,0.05,0.45,0.09,15868,0.1033782958984375
0.52,0.65,0.25,0.33,0.88,0.75,0.05,0.45,0.09,16129,0.1033782958984375
0.52,0.65,0.25,0.34,0.88,0.75,0.05,0.45,0.09,16382,0.10450530052185059
0.53,0.65,0.25,0.33,0.88,0.75,0.05,0.44,0.09,16135,0.10450530052185059
0.52,0.65,0.25,0.33,0.87,0.75,0.05,0.45,0.09,16102,0.10450530052185059
0.52,0.65,0.25,0.33,0.87,0.75,0.05,0.44,0.09,16435,0.10450530052185059
0.53,0.65,0.25,0.33,0.87,0.75,0.05,0.44,0.09,15622,0.10604429244995117
0.53,0.65,0.26,0.34,0.88,0.75,0.05,0.44,0.09,15959,0.10604429244995117
0.52,0.65,0.25,0.34,0.88,0.75,0.05,0.44,0.09,15946,0.10604429244995117
0.53,0.65,0.26,0.33,0.87,0.75,0.05,0.44,0.09,15825,0.1070864200592041
0.53,0.65,0.25,0.34,0.87,0.75,0.05,0.44,0.09,15814,0.1070864200592041
0.53,0.65,0.25,0.34,0.87,0.75,0.05,0.44,0.09,15659,0.1070864200592041
0.53,0.64,0.25,0.34,0.87,0.75,0.05,0.44,0.09,16094,0.10808610916137695
0.53,0.65,0.25,0.34,0.87,0.75,0.05,0.44,0.09,16381,0.10808610916137695
0.52,0.65,0.25,0.33,0.87,0.75,0.05,0.44,0.09,16406,0.10808610916137695
0.53,0.65,0.26,0.34,0.87,0.75,0.05,0.44,0.09,16459,0.10933208465576172
0.53,0.65,0.24,0.34,0.87,0.74,0.06,0.44,0.09,15906,0.10933208465576172
0.52,0.65,0.25,0.34,0.87,0.75,0.05,0.43,0.09,15907,0.10933208465576172
0.53,0.65,0.25,0.34,0.86,0.75,0.06,0.44,0.09,16372,0.11039447784423828
0.53,0.64,0.25,0.34,0.86,0.75,0.05,0.44,0.1,16641,0.11039447784423828
0.52,0.65,0.25,0.33,0.87,0.75,0.05,0.44,0.09,16302,0.11039447784423828
0.53,0.66,0.25,0.33,0.87,0.75,0.05,0.43,0.09,16389,0.11141109466552734
0.53,0.65,0.25,0.34,0.87,0.75,0.05,0.43,0.09,16348,0.11141109466552734
0.53,0.65,0.25,0.34,0.86,0.75,0.05,0.43,0.09,16641,0.11141109466552734
0.54,0.66,0.25,0.33,0.86,0.75,0.05,0.44,0.09,16388,0.1124112606048584
0.54,0.65,0.25,0.34,0.86,0.75,0.05,0.43,0.09,16433,0.1124112606048584
0.53,0.65,0.25,0.33,0.86,0.75,0.05,0.43,0.1,16350,0.1124112606048584
0.52,0.65,0.25,0.33,0.86,0.75,0.05,0.43,0.09,15913,0.11341142654418945
0.53,0.65,0.25,0.33,0.87,0.75,0.05,0.43,0.09,15912,0.11341142654418945
0.54,0.64,0.25,0.34,0.87,0.75,0.05,0.43,0.09,16345,0.11441183090209961
0.54,0.65,0.25,0.33,0.86,0.75,0.05,0.44,0.09,16352,0.11441183090209961
0.53,0.65,0.25,0.34,0.87,0.75,0.05,0.43,0.09,16157,0.11441183090209961
0.52,0.65,0.25,0.33,0.86,0.75,0.05,0.43,0.09,16004,0.11541128158569336
0.52,0.65,0.25,0.34,0.87,0.75,0.05,0.43,0.09,15823,0.11541128158569336
0.53,0.65,0.25,0.33,0.86,0.75,0.05,0.43,0.09,16186,0.11541128158569336
0.53,0.65,0.25,0.33,0.86,0.75,0.05,0.44,0.09,16067,0.11641168594360352
0.53,0.65,0.25,0.34,0.86,0.75,0.05,0.44,0.09,15938,0.11641168594360352
0.53,0.65,0.25,0.34,0.86,0.75,0.05,0.44,0.09,16351,0.11641168594360352
0.54,0.66,0.26,0.33,0.86,0.75,0.05,0.43,0.09,16334,0.11741209030151367
0.54,0.66,0.25,0.34,0.86,0.75,0.05,0.44,0.09,16407,0.11741209030151367
0.53,0.65,0.25,0.34,0.86,0.76,0.05,0.44,0.09,16200,0.11741209030151367
0.53,0.65,0.25,0.33,0.86,0.75,0.06,0.44,0.09,16223,0.11841154098510742
0.53,0.65,0.25,0.34,0.86,0.75,0.05,0.44,0.09,15886,0.11841154098510742
0.53,0.65,0.24,0.33,0.86,0.75,0.05,0.44,0.09,16151,0.11941146850585938
0.53,0.65,0.25,0.34,0.86,0.75,0.05,0.44,0.09,16338,0.11941146850585938
0.53,0.65,0.25,0.33,0.86,0.75,0.05,0.44,0.09,15917,0.11941146850585938
0.53,0.65,0.25,0.34,0.87,0.75,0.05,0.44,0.09,15624,0.12041139602661133
0.53,0.65,0.25,0.34,0.87,0.75,0.05,0.43,0.09,15999,0.12041139602661133
0.53,0.66,0.25,0.33,0.87,0.75,0.06,0.44,0.09,16124,0.12041139602661133
0.53,0.66,0.25,0.34,0.87,0.75,0.05,0.44,0.09,16055,0.12141132354736328
0.51,0.66,0.25,0.34,0.87,0.75,0.05,0.44,0.09,15818,0.12141132354736328
0.53,0.66,0.25,0.34,0.87,0.75,0.05,0.44,0.09,15937,0.12141132354736328
0.52,0.66,0.25,0.34,0.87,0.75,0.05,0.44,0.09,16066,0.12241125106811523
0.53,0.66,0.25,0.34,0.87,0.75,0.05,0.43,0.09,15951,0.12241125106811523
0.53,0.66,0.25,0.33,0.87,0.75,0.05,0.43,0.09,16308,0.12341141700744629
0.52,0.65,0.25,0.34,0.87,0.75,0.05,0.43,0.09,16345,0.12341141700744629
0.53,0.65,0.25,0.34,0.87,0.75,0.05,0.43,0.09,16458,0.12341141700744629
0.52,0.66,0.25,0.34,0.87,0.75,0.05,0.44,0.09,16211,0.12441158294677734
0.53,0.65,0.25,0.34,0.87,0.75,0.05,0.43,0.09,15976,0.12441158294677734
0.52,0.65,0.25,0.33,0.87,0.75,0.05,0.44,0.09,16065,0.1253952980041504
0.53,0.65,0.25,0.34,0.87,0.75,0.06,0.44,0.09,16260,0.1253952980041504
0.53,0.65,0.25,0.33,0.87,0.75,0.05,0.43,0.09,16451,0.1253952980041504
0.53,0.66,0.25,0.34,0.87,0.75,0.05,0.43,0.09,16264,0.12641119956970215
0.53,0.66,0.25,0.33,0.87,0.75,0.05,0.43,0.09,16059,0.12666940689086914
0.53,0.66,0.25,0.33,0.86,0.75,0.05,0.44,0.09,16016,0.12666940689086914
0.52,0.66,0.25,0.34,0.87,0.75,0.05,0.45,0.09,16409,0.12666940689086914
0.52,0.66,0.25,0.33,0.87,0.75,0.05,0.44,0.09,16292,0.1277477741241455
0.53,0.66,0.25,0.33,0.86,0.75,0.05,0.43,0.09,15845,0.1277477741241455
0.53,0.66,0.25,0.33,0.87,0.75,0.05,0.43,0.09,15820,0.1277477741241455
0.53,0.65,0.25,0.33,0.86,0.75,0.05,0.43,0.09,16261,0.12874794006347656
0.54,0.66,0.25,0.34,0.87,0.76,0.05,0.44,0.09,15748,0.12874794006347656
0.53,0.66,0.26,0.34,0.87,0.75,0.05,0.44,0.09,15999,0.12874794006347656
0.53,0.66,0.25,0.33,0.86,0.75,0.05,0.44,0.09,16368,0.12974810600280762
0.53,0.66,0.25,0.34,0.87,0.75,0.05,0.44,0.09,16033,0.12974810600280762
0.53,0.65,0.26,0.34,0.87,0.75,0.05,0.44,0.09,16480,0.13074803352355957
0.52,0.66,0.25,0.34,0.86,0.75,0.05,0.44,0.09,16081,0.13074803352355957
0.53,0.65,0.25,0.33,0.87,0.75,0.05,0.44,0.09,15974,0.13074803352355957
0.53,0.66,0.25,0.34,0.87,0.75,0.05,0.44,0.09,16175,0.13174796104431152
0.53,0.66,0.25,0.34,0.87,0.75,0.05,0.44,0.09,16002,0.13174796104431152
0.53,0.65,0.25,0.34,0.87,0.75,0.05,0.43,0.09,15839,0.13174796104431152
0.53,0.65,0.25,0.34,0.87,0.75,0.05,0.44,0.09,16010,0.13274788856506348
0.52,0.65,0.25,0.34,0.87,0.75,0.05,0.44,0.09,16333,0.13274788856506348
0.53,0.65,0.25,0.34,0.86,0.75,0.05,0.43,0.09,16418,0.13274788856506348
0.52,0.65,0.25,0.33,0.87,0.75,0.05,0.44,0.09,16071,0.13374876976013184
0.54,0.65,0.25,0.34,0.86,0.75,0.05,0.43,0.09,15762,0.13374876976013184
0.53,0.65,0.25,0.33,0.86,0.75,0.04,0.43,0.09,16071,0.13474798202514648
0.52,0.65,0.25,0.33,0.86,0.75,0.05,0.44,0.09,16052,0.13474798202514648
0.53,0.65,0.26,0.34,0.86,0.75,0.05,0.43,0.09,16069,0.13474798202514648
0.53,0.65,0.26,0.33,0.86,0.75,0.06,0.43,0.09,16056,0.13574838638305664
0.53,0.65,0.25,0.33,0.86,0.75,0.05,0.43,0.1,15761,0.13574838638305664
0.53,0.65,0.25,0.34,0.86,0.75,0.05,0.43,0.09,16090,0.13574838638305664
0.54,0.65,0.26,0.34,0.87,0.75,0.05,0.43,0.09,16279,0.1367480754852295
0.54,0.65,0.26,0.34,0.86,0.76,0.05,0.43,0.09,16512,0.1367480754852295
0.54,0.65,0.26,0.34,0.86,0.75,0.05,0.43,0.09,16399,0.1367480754852295
0.52,0.65,0.26,0.34,0.86,0.75,0.05,0.43,0.09,16244,0.13774800300598145
0.53,0.65,0.26,0.34,0.86,0.75,0.05,0.43,0.09,15721,0.13774800300598145
0.53,0.65,0.26,0.34,0.86,0.75,0.05,0.43,0.1,15998,0.13774800300598145
0.53,0.66,0.25,0.34,0.85,0.76,0.05,0.43,0.09,16209,0.1387481689453125
0.54,0.65,0.26,0.34,0.86,0.75,0.06,0.43,0.1,16094,0.1387481689453125
0.52,0.66,0.26,0.34,0.87,0.75,0.05,0.44,0.1,16361,0.13974809646606445
0.54,0.66,0.26,0.34,0.86,0.75,0.05,0.43,0.1,16480,0.13974809646606445
0.53,0.66,0.26,0.34,0.87,0.75,0.05,0.43,0.1,16193,0.13974809646606445
0.54,0.65,0.26,0.34,0.87,0.75,0.05,0.43,0.09,16412,0.1407480239868164
0.53,0.65,0.25,0.34,0.87,0.75,0.05,0.43,0.09,16657,0.1407480239868164
0.53,0.65,0.26,0.34,0.87,0.75,0.05,0.44,0.1,16726,0.1407480239868164
0.53,0.65,0.26,0.34,0.87,0.75,0.05,0.44,0.1,16173,0.14174795150756836
0.53,0.65,0.26,0.34,0.87,0.75,0.05,0.44,0.1,16148,0.14174795150756836
0.53,0.65,0.26,0.34,0.87,0.75,0.05,0.43,0.1,16109,0.14174795150756836
0.53,0.64,0.26,0.34,0.87,0.76,0.05,0.43,0.09,16112,0.1428689956665039
0.53,0.65,0.26,0.34,0.87,0.75,0.05,0.43,0.1,15735,0.1428689956665039
0.53,0.65,0.25,0.34,0.87,0.75,0.05,0.44,0.1,16060,0.1428689956665039
0.54,0.65,0.26,0.34,0.87,0.75,0.05,0.43,0.1,16019,0.14392971992492676
0.53,0.65,0.26,0.33,0.87,0.75,0.05,0.44,0.1,16196,0.14392971992492676
0.53,0.65,0.26,0.33,0.87,0.75,0.05,0.43,0.1,16499,0.14392971992492676
0.53,0.65,0.26,0.33,0.87,0.75,0.05,0.43,0.1,16210,0.14494538307189941
0.53,0.65,0.26,0.34,0.87,0.75,0.05,0.43,0.1,16169,0.14494538307189941
0.53,0.65,0.26,0.34,0.87,0.75,0.06,0.43,0.1,16386,0.14494538307189941
0.54,0.65,0.26,0.34,0.87,0.75,0.05,0.43,0.09,16521,0.14594578742980957
0.53,0.65,0.26,0.35,0.87,0.75,0.05,0.42,0.1,15954,0.14594578742980957
0.53,0.65,0.25,0.34,0.87,0.75,0.05,0.43,0.1,16181,0.14694595336914062
0.54,0.65,0.26,0.34,0.87,0.75,0.05,0.43,0.1,16612,0.14694595336914062
0.54,0.65,0.26,0.34,0.87,0.75,0.05,0.43,0.1,16499,0.14694595336914062
0.53,0.65,0.26,0.34,0.87,0.75,0.05,0.43,0.1,16294,0.14794564247131348
0.54,0.65,0.26,0.34,0.86,0.75,0.05,0.43,0.09,16519,0.14794564247131348
0.53,0.65,0.26,0.34,0.87,0.75,0.05,0.43,0.1,16264,0.14794564247131348
0.54,0.65,0.26,0.34,0.87,0.75,0.05,0.42,0.1,15783,0.14894533157348633
0.54,0.65,0.26,0.34,0.88,0.75,0.05,0.43,0.1,15770,0.14894533157348633
0.54,0.65,0.26,0.34,0.87,0.75,0.05,0.43,0.1,15931,0.14894533157348633
0.54,0.65,0.26,0.34,0.87,0.75,0.05,0.42,0.09,15898,0.14994525909423828
0.54,0.65,0.26,0.34,0.87,0.75,0.05,0.42,0.09,16091,0.14994525909423828
0.53,0.65,0.26,0.33,0.87,0.76,0.05,0.42,0.09,15816,0.15094733238220215
0.54,0.65,0.26,0.34,0.87,0.75,0.05,0.42,0.1,15775,0.15094733238220215
0.54,0.65,0.26,0.34,0.87,0.75,0.04,0.42,0.1,16124,0.15094733238220215
0.53,0.65,0.26,0.34,0.87,0.75,0.05,0.43,0.09,16217,0.1519453525543213
0.54,0.64,0.26,0.34,0.86,0.75,0.05,0.43,0.1,16060,0.1519453525543213
0.54,0.65,0.26,0.34,0.87,0.75,0.05,0.43,0.1,16081,0.1519453525543213
0.54,0.65,0.26,0.34,0.87,0.75,0.06,0.43,0.1,16068,0.15316319465637207
0.54,0.65,0.26,0.34,0.87,0.75,0.05,0.43,0.1,16055,0.15316319465637207
0.54,0.65,0.26,0.34,0.87,0.75,0.05,0.43,0.1,15962,0.15316319465637207
0.54,0.65,0.26,0.33,0.87,0.75,0.05,0.43,0.1,16139,0.1542198657989502
0.54,0.65,0.25,0.34,0.87,0.75,0.05,0.44,0.09,16398,0.1542198657989502
0.53,0.65,0.26,0.34,0.87,0.75,0.05,0.43,0.09,16477,0.1542198657989502
0.54,0.65,0.26,0.34,0.87,0.75,0.05,0.44,0.09,16200,0.15523672103881836
0.54,0.65,0.25,0.34,0.87,0.75,0.05,0.44,0.09,16311,0.15523672103881836
0.54,0.65,0.26,0.33,0.87,0.74,0.05,0.44,0.09,16346,0.15523672103881836
0.54,0.65,0.26,0.33,0.87,0.75,0.05,0.44,0.09,16475,0.15623688697814941
0.54,0.65,0.26,0.34,0.87,0.75,0.05,0.44,0.09,15882,0.15623688697814941
0.54,0.65,0.26,0.34,0.87,0.75,0.05,0.44,0.09,15489,0.15623688697814941
0.54,0.65,0.26,0.34,0.87,0.75,0.05,0.44,0.09,16026,0.15723681449890137
0.55,0.64,0.26,0.33,0.87,0.75,0.05,0.44,0.09,16521,0.15723681449890137
0.54,0.64,0.25,0.34,0.87,0.75,0.04,0.44,0.09,16674,0.15723681449890137
0.54,0.64,0.26,0.34,0.87,0.75,0.05,0.44,0.1,16483,0.15823698043823242
0.54,0.64,0.25,0.34,0.87,0.75,0.05,0.44,0.09,16074,0.15823698043823242
0.53,0.65,0.26,0.34,0.87,0.75,0.05,0.44,0.09,15685,0.15923714637756348
0.55,0.65,0.26,0.34,0.87,0.75,0.05,0.44,0.09,16112,0.15923714637756348
0.55,0.65,0.26,0.34,0.88,0.75,0.05,0.44,0.09,15931,0.15923714637756348
0.53,0.65,0.26,0.34,0.88,0.75,0.05,0.44,0.1,16090,0.16022086143493652
0.52,0.64,0.26,0.33,0.87,0.75,0.05,0.44,0.09,16443,0.16022086143493652
0.54,0.65,0.25,0.33,0.87,0.74,0.05,0.44,0.09,16270,0.16022086143493652
0.56,0.67,0.25,0.37,0.89,0.76,0.05,0.45,0.1,16365,0.16123676300048828
0.56,0.68,0.25,0.37,0.89,0.76,0.05,0.45,0.1,16168,0.16123676300048828
0.56,0.67,0.25,0.36,0.9,0.76,0.05,0.44,0.1,16129,0.16223692893981934
0.56,0.67,0.25,0.37,0.89,0.76,0.05,0.45,0.1,16134,0.16223692893981934
0.56,0.67,0.25,0.37,0.89,0.76,0.06,0.45,0.1,15853,0.1632370948791504
0.56,0.67,0.25,0.37,0.9,0.77,0.06,0.45,0.1,15592,0.1633613109588623
0.56,0.67,0.25,0.36,0.89,0.77,0.05,0.45,0.09,15685,0.1633613109588623
0.56,0.67,0.25,0.37,0.89,0.77,0.05,0.45,0.1,16288,0.1633613109588623
0.56,0.67,0.26,0.37,0.89,0.77,0.05,0.45,0.1,16265,0.1644151210784912
0.56,0.67,0.25,0.37,0.89,0.76,0.05,0.45,0.1,16120,0.1644151210784912
0.56,0.67,0.25,0.37,0.89,0.76,0.05,0.45,0.1,16205,0.16543197631835938
0.55,0.68,0.25,0.36,0.89,0.76,0.05,0.45,0.1,16002,0.16543197631835938
0.56,0.67,0.25,0.37,0.89,0.76,0.05,0.45,0.1,16123,0.16543197631835938
0.56,0.67,0.25,0.37,0.89,0.77,0.05,0.45,0.1,16256,0.16643214225769043
0.57,0.67,0.25,0.37,0.9,0.76,0.05,0.45,0.1,16117,0.16643214225769043
0.56,0.67,0.25,0.37,0.89,0.76,0.05,0.45,0.1,16338,0.16643214225769043
0.56,0.67,0.25,0.37,0.89,0.77,0.05,0.45,0.1,16263,0.167433500289917
0.56,0.67,0.25,0.37,0.9,0.76,0.05,0.45,0.1,15596,0.167433500289917
0.56,0.67,0.26,0.37,0.89,0.77,0.05,0.45,0.1,15775,0.167433500289917
0.56,0.67,0.25,0.37,0.89,0.76,0.05,0.45,0.1,16352,0.16843199729919434
0.56,0.67,0.25,0.37,0.89,0.76,0.06,0.45,0.1,16047,0.16843199729919434
0.56,0.67,0.25,0.37,0.89,0.76,0.05,0.45,0.1,15712,0.16944336891174316
0.56,0.68,0.25,0.37,0.89,0.76,0.05,0.45,0.1,15561,0.16944336891174316
0.57,0.67,0.25,0.37,0.89,0.76,0.05,0.45,0.09,15942,0.16944336891174316
0.55,0.67,0.25,0.37,0.89,0.77,0.05,0.46,0.1,16309,0.17043209075927734
0.55,0.67,0.25,0.37,0.89,0.77,0.05,0.45,0.1,16230,0.17043209075927734
0.54,0.68,0.25,0.37,0.89,0.77,0.05,0.45,0.1,15773,0.17043209075927734
0.54,0.68,0.25,0.36,0.89,0.77,0.05,0.45,0.09,16116,0.1714320182800293
0.54,0.67,0.24,0.36,0.89,0.77,0.05,0.45,0.1,15955,0.1714320182800293
0.55,0.67,0.24,0.37,0.89,0.77,0.05,0.45,0.1,15838,0.1714320182800293
0.55,0.67,0.24,0.37,0.89,0.76,0.05,0.45,0.09,16153,0.17243218421936035
0.55,0.67,0.24,0.36,0.88,0.76,0.05,0.45,0.09,16454,0.17243218421936035
0.54,0.67,0.24,0.36,0.88,0.77,0.05,0.45,0.09,16327,0.17243218421936035
0.54,0.67,0.25,0.36,0.89,0.77,0.05,0.45,0.1,15844,0.17361187934875488
0.54,0.68,0.24,0.37,0.89,0.77,0.05,0.46,0.09,15797,0.17361187934875488
0.55,0.67,0.24,0.36,0.89,0.76,0.04,0.45,0.1,16290,0.17361187934875488
0.54,0.68,0.24,0.37,0.89,0.76,0.05,0.45,0.09,16561,0.17464113235473633
0.54,0.67,0.24,0.37,0.89,0.77,0.05,0.45,0.1,16642,0.17464113235473633
0.55,0.67,0.24,0.37,0.89,0.76,0.05,0.45,0.1,16607,0.17464113235473633
0.55,0.68,0.24,0.37,0.89,0.76,0.05,0.46,0.1,16444,0.17564129829406738
0.55,0.68,0.24,0.37,0.88,0.76,0.05,0.45,0.09,16169,0.17774319648742676
0.55,0.68,0.24,0.37,0.89,0.76,0.05,0.45,0.09,16146,0.18170738220214844
0.55,0.68,0.24,0.37,0.89,0.77,0.05,0.46,0.09,15849,0.18588638305664062
0.55,0.68,0.24,0.37,0.89,0.76,0.06,0.45,0.09,15838,0.1868898868560791
0.55,0.67,0.24,0.37,0.89,0.76,0.05,0.45,0.09,16275,0.19031739234924316
0.55,0.67,0.24,0.37,0.89,0.76,0.06,0.45,0.1,16198,0.19432973861694336
0.55,0.67,0.24,0.37,0.89,0.76,0.05,0.45,0.1,16245,0.19833016395568848
0.55,0.67,0.24,0.37,0.88,0.77,0.06,0.45,0.1,16308,0.19933009147644043
0.55,0.68,0.24,0.37,0.89,0.77,0.05,0.45,0.09,16479,0.2023301124572754
0.55,0.68,0.25,0.37,0.88,0.76,0.05,0.45,0.1,16366,0.20679354667663574
0.55,0.67,0.24,0.37,0.89,0.76,0.06,0.45,0.1,16161,0.21080803871154785
0.55,0.68,0.24,0.37,0.89,0.76,0.06,0.45,0.1,16062,0.2138054370880127
0.55,0.68,0.24,0.37,0.89,0.76,0.06,0.45,0.1,16257,0.21480870246887207
0.54,0.67,0.24,0.37,0.89,0.76,0.05,0.45,0.09,16668,0.21795010566711426
0.55,0.68,0.24,0.36,0.89,0.77,0.05,0.45,0.09,16139,0.22295141220092773
0.56,0.67,0.24,0.37,0.89,0.76,0.06,0.45,0.09,15730,0.2259504795074463
0.56,0.68,0.25,0.37,0.89,0.76,0.05,0.46,0.1,15875,0.22705364227294922
0.56,0.68,0.25,0.37,0.89,0.76,0.05,0.45,0.09,16278,0.23109054565429688
0.55,0.68,0.24,0.37,0.89,0.77,0.05,0.45,0.1,16289,0.2350912094116211
0.55,0.67,0.25,0.37,0.89,0.77,0.05,0.45,0.1,16050,0.2390906810760498
0.55,0.67,0.24,0.37,0.89,0.77,0.05,0.45,0.1,16165,0.2390906810760498
0.55,0.67,0.24,0.37,0.89,0.76,0.05,0.45,0.09,16424,0.24309062957763672
0.55,0.68,0.24,0.37,0.89,0.77,0.05,0.46,0.1,16135,0.24709033966064453
0.56,0.67,0.24,0.37,0.89,0.76,0.05,0.45,0.1,15744,0.25108909606933594
0.55,0.67,0.24,0.37,0.89,0.77,0.06,0.45,0.1,16003,0.25108909606933594
0.55,0.67,0.24,0.37,0.89,0.77,0.05,0.45,0.1,16088,0.2552340030670166
0.55,0.67,0.24,0.37,0.89,0.77,0.05,0.45,0.1,16231,0.2593841552734375
0.55,0.67,0.24,0.37,0.89,0.76,0.05,0.45,0.09,16348,0.2643899917602539
0.55,0.67,0.24,0.37,0.89,0.77,0.05,0.45,0.1,16623,0.2643899917602539
0.55,0.67,0.24,0.37,0.89,0.77,0.05,0.45,0.1,16396,0.2673916816711426
0.55,0.67,0.24,0.37,0.88,0.77,0.06,0.45,0.1,16561,0.27138829231262207
0.55,0.67,0.24,0.37,0.88,0.76,0.05,0.45,0.1,16370,0.2754333019256592
0.55,0.67,0.24,0.37,0.88,0.77,0.05,0.45,0.09,16367,0.2795727252960205
0.55,0.67,0.24,0.37,0.88,0.77,0.05,0.45,0.09,16260,0.2795727252960205
0.55,0.67,0.25,0.37,0.89,0.77,0.05,0.45,0.09,16047,0.2841224670410156
0.55,0.67,0.24,0.37,0.89,0.77,0.05,0.45,0.1,15954,0.2881765365600586
0.55,0.67,0.24,0.37,0.89,0.77,0.05,0.45,0.09,15951,0.2922217845916748
0.55,0.67,0.24,0.37,0.88,0.76,0.05,0.45,0.09,16162,0.2922217845916748
0.56,0.67,0.25,0.38,0.89,0.77,0.06,0.45,0.1,16633,0.29643869400024414
0.55,0.68,0.24,0.37,0.89,0.76,0.05,0.46,0.1,16458,0.300426721572876
0.55,0.67,0.24,0.37,0.88,0.77,0.05,0.45,0.09,16301,0.3045310974121094
0.55,0.68,0.24,0.37,0.88,0.76,0.05,0.45,0.09,16502,0.3045310974121094
0.55,0.67,0.24,0.37,0.89,0.77,0.05,0.45,0.09,16053,0.3086967468261719
0.55,0.67,0.24,0.37,0.88,0.77,0.05,0.45,0.09,16124,0.3130812644958496
0.55,0.67,0.24,0.37,0.89,0.77,0.05,0.45,0.09,16109,0.31667208671569824
0.55,0.68,0.24,0.37,0.88,0.77,0.05,0.45,0.09,15702,0.31667208671569824
0.55,0.68,0.24,0.37,0.89,0.77,0.05,0.45,0.09,15891,0.32121801376342773
0.55,0.68,0.24,0.37,0.89,0.77,0.05,0.45,0.09,15828,0.3253309726715088
0.55,0.68,0.24,0.37,0.89,0.77,0.05,0.45,0.09,15877,0.3292250633239746
0.55,0.68,0.24,0.37,0.89,0.76,0.05,0.45,0.09,15950,0.3292250633239746
0.55,0.68,0.24,0.37,0.88,0.77,0.05,0.46,0.09,16217,0.33322739601135254
0.56,0.68,0.24,0.37,0.89,0.76,0.05,0.45,0.09,16166,0.33722615242004395
0.56,0.68,0.24,0.37,0.88,0.76,0.05,0.45,0.09,16109,0.3416910171508789
0.56,0.68,0.24,0.37,0.89,0.76,0.05,0.45,0.09,16568,0.3416910171508789
0.56,0.68,0.25,0.37,0.89,0.77,0.05,0.45,0.09,16319,0.34584927558898926
0.56,0.68,0.25,0.37,0.88,0.77,0.05,0.45,0.09,16006,0.3489820957183838
0.56,0.68,0.25,0.37,0.88,0.77,0.05,0.46,0.1,15663,0.354001522064209
0.56,0.67,0.24,0.37,0.88,0.77,0.06,0.45,0.09,15610,0.35737109184265137
0.56,0.68,0.24,0.37,0.88,0.77,0.05,0.45,0.09,16101,0.35811495780944824
0.56,0.67,0.25,0.37,0.89,0.77,0.05,0.45,0.09,16524,0.36211490631103516
0.55,0.68,0.24,0.37,0.89,0.77,0.05,0.45,0.09,15853,0.3664822578430176
0.56,0.68,0.25,0.37,0.89,0.77,0.05,0.45,0.09,15738,0.3698709011077881
0.56,0.67,0.25,0.37,0.89,0.77,0.05,0.45,0.09,16313,0.37093591690063477
0.56,0.68,0.25,0.37,0.88,0.76,0.05,0.45,0.09,16314,0.3749368190765381
0.56,0.68,0.25,0.37,0.89,0.77,0.05,0.45,0.09,16225,0.37851905822753906
0.56,0.68,0.25,0.37,0.88,0.77,0.06,0.45,0.09,15986,0.3824808597564697
0.56,0.68,0.25,0.37,0.89,0.77,0.05,0.45,0.09,16175,0.3833930492401123
0.56,0.68,0.25,0.37,0.89,0.77,0.05,0.45,0.09,16686,0.3865199089050293
0.55,0.68,0.25,0.37,0.88,0.77,0.05,0.45,0.09,16545,0.3909580707550049
0.56,0.68,0.25,0.37,0.88,0.76,0.05,0.45,0.09,15762,0.3952815532684326
0.56,0.68,0.25,0.38,0.89,0.77,0.05,0.44,0.09,15689,0.3952815532684326
0.56,0.68,0.25,0.37,0.88,0.77,0.05,0.45,0.09,15860,0.399059534072876
0.56,0.68,0.25,0.37,0.88,0.77,0.06,0.45,0.09,15975,0.40401482582092285
0.55,0.68,0.25,0.37,0.88,0.76,0.05,0.45,0.09,16370,0.4068470001220703
0.55,0.68,0.25,0.37,0.88,0.77,0.06,0.45,0.09,16333,0.4078977108001709
0.55,0.68,0.25,0.36,0.89,0.77,0.05,0.45,0.09,15782,0.41087818145751953
0.56,0.68,0.25,0.37,0.88,0.77,0.05,0.45,0.1,16253,0.41593027114868164
0.55,0.68,0.25,0.37,0.89,0.77,0.05,0.45,0.09,15850,0.4192380905151367
0.55,0.68,0.25,0.38,0.89,0.77,0.05,0.45,0.1,15793,0.4233419895172119
0.56,0.68,0.25,0.37,0.89,0.77,0.05,0.45,0.09,16028,0.42429137229919434
0.56,0.68,0.25,0.37,0.89,0.77,0.05,0.45,0.09,16319,0.4273262023925781
0.55,0.68,0.25,0.38,0.89,0.77,0.05,0.45,0.09,16432,0.4326307773590088
0.56,0.68,0.25,0.37,0.89,0.77,0.05,0.45,0.09,16047,0.4358646869659424
0.56,0.68,0.25,0.37,0.89,0.77,0.05,0.45,0.09,16308,0.4366631507873535
0.55,0.67,0.25,0.37,0.89,0.77,0.06,0.45,0.09,16531,0.44066333770751953
0.55,0.67,0.25,0.37,0.89,0.77,0.05,0.45,0.1,16326,0.4442453384399414
0.56,0.67,0.25,0.37,0.89,0.77,0.05,0.44,0.09,16229,0.44817352294921875
0.56,0.67,0.25,0.37,0.89,0.77,0.05,0.45,0.09,16300,0.4492185115814209
0.55,0.67,0.25,0.37,0.89,0.77,0.05,0.45,0.09,16161,0.452237606048584
0.56,0.68,0.25,0.38,0.89,0.77,0.05,0.45,0.09,16226,0.4572899341583252
0.55,0.67,0.25,0.38,0.88,0.77,0.05,0.45,0.09,16237,0.46031856536865234
0.55,0.67,0.25,0.37,0.88,0.77,0.05,0.45,0.09,16310,0.46031856536865234
0.55,0.67,0.25,0.37,0.89,0.77,0.05,0.44,0.09,16725,0.4647979736328125
0.55,0.68,0.25,0.37,0.88,0.77,0.05,0.45,0.09,16648,0.46886777877807617
0.55,0.68,0.25,0.37,0.89,0.77,0.05,0.45,0.09,16207,0.4726717472076416
0.55,0.67,0.25,0.37,0.89,0.77,0.05,0.45,0.1,16156,0.47374820709228516
0.55,0.68,0.25,0.37,0.88,0.77,0.05,0.45,0.09,16205,0.4770352840423584
0.55,0.68,0.25,0.38,0.88,0.77,0.05,0.44,0.09,16098,0.4810335636138916
0.56,0.68,0.25,0.37,0.88,0.77,0.05,0.44,0.09,16359,0.4850475788116455
0.56,0.68,0.25,0.37,0.89,0.77,0.05,0.44,0.09,16520,0.4860498905181885
0.56,0.69,0.25,0.37,0.88,0.77,0.05,0.45,0.09,15957,0.48905444145202637
0.56,0.68,0.25,0.37,0.88,0.77,0.05,0.45,0.09,16246,0.493175745010376
0.55,0.68,0.25,0.37,0.88,0.77,0.05,0.44,0.09,16121,0.4968578815460205
0.55,0.68,0.25,0.37,0.89,0.77,0.05,0.45,0.1,15860,0.5012359619140625
0.55,0.68,0.25,0.37,0.89,0.77,0.05,0.44,0.09,16167,0.5019087791442871
0.55,0.68,0.24,0.38,0.89,0.77,0.05,0.44,0.09,16084,0.5053999423980713
0.55,0.68,0.25,0.37,0.89,0.77,0.05,0.44,0.09,15735,0.5099732875823975
0.56,0.68,0.25,0.38,0.89,0.77,0.06,0.44,0.09,15790,0.5135641098022461
0.56,0.68,0.25,0.37,0.88,0.76,0.05,0.45,0.09,15699,0.5144815444946289
0.56,0.68,0.25,0.37,0.89,0.77,0.05,0.44,0.09,16446,0.5176570415496826
0.55,0.68,0.24,0.37,0.89,0.77,0.05,0.45,0.09,16785,0.5227091312408447
0.56,0.68,0.25,0.38,0.89,0.77,0.05,0.45,0.09,16552,0.52524733543396
0.56,0.68,0.25,0.37,0.89,0.77,0.05,0.44,0.09,16271,0.5263402462005615
0.56,0.68,0.25,0.37,0.89,0.77,0.05,0.44,0.09,16132,0.530928373336792
0.56,0.68,0.25,0.37,0.89,0.77,0.05,0.45,0.09,15909,0.5347378253936768
0.56,0.68,0.25,0.37,0.89,0.77,0.05,0.45,0.09,15668,0.5380709171295166
0.55,0.68,0.25,0.37,0.89,0.77,0.05,0.45,0.09,15867,0.5388126373291016
0.56,0.69,0.25,0.38,0.89,0.76,0.06,0.44,0.09,16294,0.5422537326812744
0.56,0.68,0.25,0.37,0.89,0.77,0.06,0.45,0.09,16321,0.5468282699584961
0.56,0.68,0.25,0.38,0.89,0.77,0.05,0.45,0.09,16078,0.5504846572875977
0.56,0.69,0.25,0.37,0.89,0.77,0.05,0.45,0.09,16239,0.5504846572875977
0.55,0.68,0.25,0.37,0.89,0.77,0.05,0.45,0.09,16266,0.5545258522033691
0.56,0.68,0.25,0.37,0.89,0.77,0.05,0.45,0.09,16441,0.5586452484130859
0.56,0.68,0.25,0.37,0.89,0.77,0.05,0.45,0.09,16408,0.5631694793701172
0.56,0.68,0.25,0.37,0.89,0.77,0.06,0.45,0.09,16407,0.5663957595825195
0.56,0.68,0.25,0.37,0.89,0.77,0.05,0.45,0.09,16202,0.5674638748168945
0.56,0.68,0.25,0.37,0.89,0.77,0.06,0.45,0.09,16261,0.5714480876922607
0.56,0.68,0.25,0.37,0.88,0.77,0.05,0.45,0.09,15998,0.5755765438079834
0.56,0.68,0.25,0.37,0.89,0.77,0.05,0.45,0.09,16129,0.5786066055297852
0.56,0.68,0.25,0.37,0.89,0.76,0.05,0.45,0.09,16032,0.5795547962188721
0.56,0.68,0.25,0.37,0.89,0.77,0.05,0.45,0.09,16167,0.5842864513397217
0.56,0.68,0.25,0.37,0.89,0.76,0.05,0.45,0.09,16382,0.5875494480133057
0.56,0.68,0.25,0.37,0.89,0.77,0.05,0.45,0.09,15843,0.5916569232940674
0.56,0.68,0.25,0.37,0.89,0.77,0.05,0.45,0.09,15632,0.5916569232940674
0.56,0.68,0.25,0.37,0.89,0.77,0.06,0.45,0.09,15887,0.5957014560699463
0.56,0.68,0.25,0.37,0.89,0.77,0.05,0.45,0.09,16102,0.600151777267456
0.56,0.68,0.25,0.37,0.89,0.76,0.05,0.45,0.09,16145,0.6035587787628174
0.56,0.68,0.25,0.37,0.89,0.76,0.05,0.46,0.1,16076,0.6035587787628174
0.56,0.68,0.25,0.37,0.89,0.77,0.05,0.45,0.09,16659,0.6086897850036621
0.56,0.68,0.25,0.37,0.89,0.77,0.05,0.45,0.09,16310,0.6126704216003418
0.56,0.69,0.25,0.37,0.89,0.77,0.06,0.46,0.09,16069,0.6160054206848145
0.56,0.68,0.26,0.37,0.89,0.76,0.05,0.45,0.09,16178,0.6170799732208252
0.56,0.68,0.25,0.37,0.89,0.76,0.05,0.45,0.09,15887,0.6200742721557617
0.56,0.68,0.25,0.37,0.89,0.76,0.05,0.45,0.09,15626,0.624931812286377
0.56,0.68,0.25,0.38,0.89,0.77,0.05,0.45,0.09,15733,0.6279561519622803
0.56,0.68,0.25,0.37,0.89,0.76,0.05,0.45,0.09,16170,0.6289999485015869
0.56,0.68,0.25,0.37,0.89,0.76,0.05,0.45,0.09,15717,0.6320202350616455
0.56,0.68,0.25,0.37,0.89,0.76,0.05,0.45,0.09,15562,0.6370227336883545
0.56,0.68,0.25,0.37,0.89,0.76,0.05,0.45,0.1,16281,0.6402080059051514
0.56,0.68,0.25,0.37,0.89,0.76,0.05,0.45,0.09,16238,0.6445763111114502
0.56,0.69,0.25,0.37,0.89,0.76,0.05,0.45,0.09,15813,0.6445763111114502
0.56,0.67,0.25,0.37,0.89,0.76,0.05,0.45,0.09,16168,0.6487302780151367
0.56,0.68,0.25,0.37,0.89,0.76,0.05,0.46,0.09,16519,0.6530544757843018
0.56,0.68,0.25,0.37,0.89,0.76,0.05,0.46,0.09,15936,0.6566669940948486
0.56,0.69,0.25,0.37,0.89,0.76,0.05,0.45,0.09,15637,0.6573615074157715
0.56,0.68,0.25,0.37,0.89,0.76,0.05,0.45,0.09,15784,0.6613409519195557
0.56,0.68,0.25,0.37,0.89,0.77,0.05,0.45,0.09,16437,0.6653409004211426
0.56,0.68,0.25,0.37,0.89,0.76,0.05,0.45,0.1,16498,0.6687068939208984
0.56,0.68,0.25,0.37,0.89,0.76,0.05,0.45,0.09,15795,0.6699848175048828
0.56,0.68,0.25,0.37,0.89,0.76,0.05,0.45,0.1,15842,0.6732418537139893
0.56,0.68,0.25,0.37,0.89,0.76,0.05,0.45,0.1,16079,0.6785600185394287
0.56,0.68,0.25,0.37,0.89,0.76,0.06,0.45,0.09,16224,0.6819102764129639
0.56,0.68,0.25,0.37,0.89,0.76,0.05,0.45,0.09,16183,0.6819102764129639
0.56,0.68,0.25,0.37,0.89,0.76,0.05,0.46,0.09,15842,0.6859064102172852
0.56,0.68,0.25,0.37,0.89,0.76,0.05,0.45,0.09,15941,0.689910888671875
0.56,0.68,0.25,0.37,0.89,0.77,0.05,0.46,0.09,16598,0.693535566329956
0.56,0.68,0.25,0.37,0.89,0.76,0.05,0.46,0.1,16377,0.6942274570465088
0.56,0.68,0.25,0.37,0.89,0.76,0.05,0.46,0.09,16068,0.6975746154785156
0.56,0.68,0.25,0.37,0.89,0.76,0.05,0.46,0.09,15827,0.702061653137207
0.55,0.68,0.25,0.37,0.89,0.76,0.05,0.45,0.1,16208,0.7061984539031982
0.56,0.68,0.25,0.37,0.89,0.76,0.06,0.45,0.1,16127,0.7098038196563721
0.56,0.67,0.25,0.37,0.89,0.76,0.05,0.46,0.09,16100,0.7108669281005859
0.56,0.67,0.25,0.37,0.89,0.76,0.06,0.45,0.09,16071,0.7145309448242188
0.56,0.67,0.25,0.37,0.89,0.76,0.05,0.46,0.09,16858,0.7195107936859131
0.56,0.68,0.25,0.37,0.89,0.76,0.05,0.45,0.09,16929,0.7225341796875
0.56,0.68,0.25,0.37,0.89,0.77,0.05,0.45,0.09,16308,0.7225341796875
0.56,0.68,0.25,0.37,0.89,0.77,0.05,0.45,0.09,16049,0.7265322208404541
0.56,0.68,0.25,0.38,0.89,0.76,0.05,0.45,0.09,16516,0.7318520545959473
0.56,0.68,0.25,0.37,0.89,0.77,0.05,0.45,0.09,16453,0.7349789142608643
0.56,0.68,0.25,0.37,0.89,0.77,0.05,0.45,0.09,16150,0.7359724044799805
0.56,0.68,0.25,0.37,0.89,0.77,0.05,0.45,0.09,16289,0.7389535903930664
0.56,0.68,0.25,0.36,0.9,0.77,0.05,0.45,0.09,16366,0.744004487991333
0.55,0.68,0.25,0.37,0.89,0.77,0.05,0.45,0.09,16361,0.7474124431610107
0.55,0.68,0.25,0.37,0.89,0.76,0.05,0.45,0.1,16644,0.7474124431610107
0.55,0.67,0.25,0.37,0.9,0.77,0.05,0.45,0.1,16407,0.750974178314209
0.54,0.68,0.25,0.37,0.89,0.77,0.05,0.46,0.09,15938,0.7552523612976074
0.55,0.67,0.25,0.37,0.89,0.77,0.05,0.45,0.1,15967,0.7593960762023926
0.55,0.68,0.25,0.37,0.89,0.77,0.05,0.45,0.1,16020,0.7602992057800293
0.55,0.68,0.25,0.37,0.89,0.76,0.06,0.45,0.1,15901,0.763408899307251
0.55,0.68,0.25,0.37,0.89,0.76,0.06,0.45,0.1,16268,0.7677035331726074
0.55,0.67,0.25,0.37,0.89,0.77,0.05,0.45,0.09,16511,0.7711167335510254
0.55,0.68,0.25,0.37,0.89,0.77,0.05,0.46,0.09,16138,0.7756388187408447
0.55,0.68,0.25,0.37,0.89,0.77,0.05,0.46,0.09,16023,0.7761673927307129
0.54,0.68,0.24,0.37,0.89,0.77,0.06,0.46,0.09,15604,0.7801938056945801
0.55,0.68,0.25,0.37,0.89,0.76,0.06,0.46,0.09,16185,0.784210205078125
0.55,0.68,0.25,0.37,0.89,0.77,0.05,0.46,0.1,16346,0.7882046699523926
0.55,0.68,0.25,0.37,0.89,0.76,0.05,0.45,0.1,15973,0.7882046699523926
0.55,0.68,0.25,0.37,0.89,0.76,0.06,0.46,0.1,16010,0.7923142910003662
0.55,0.68,0.25,0.37,0.89,0.77,0.05,0.46,0.09,15999,0.7967584133148193
0.55,0.68,0.25,0.37,0.89,0.77,0.05,0.45,0.1,16062,0.7998216152191162
0.55,0.68,0.25,0.37,0.89,0.77,0.05,0.46,0.09,15827,0.8008852005004883
0.55,0.68,0.25,0.37,0.89,0.76,0.06,0.46,0.09,16002,0.8048884868621826
0.55,0.68,0.25,0.37,0.89,0.76,0.05,0.45,0.09,15937,0.8087446689605713
0.55,0.68,0.25,0.38,0.89,0.76,0.05,0.46,0.09,16364,0.8127486705780029
0.55,0.68,0.24,0.37,0.89,0.77,0.05,0.46,0.09,16435,0.8127486705780029
0.55,0.67,0.25,0.37,0.89,0.77,0.05,0.46,0.09,16294,0.8171536922454834
0.55,0.68,0.24,0.37,0.89,0.76,0.05,0.45,0.09,15923,0.8211028575897217
0.56,0.68,0.24,0.37,0.89,0.77,0.06,0.46,0.09,15860,0.8251183032989502
0.55,0.67,0.25,0.37,0.89,0.77,0.05,0.46,0.09,15773,0.8261148929595947
0.55,0.68,0.25,0.38,0.88,0.77,0.05,0.45,0.09,15652,0.8291206359863281
0.55,0.68,0.25,0.37,0.89,0.76,0.05,0.46,0.09,15881,0.8341894149780273
0.55,0.68,0.25,0.37,0.88,0.76,0.06,0.46,0.09,15858,0.8371846675872803
0.55,0.68,0.25,0.37,0.88,0.76,0.05,0.46,0.09,15791,0.8381547927856445
0.56,0.68,0.25,0.37,0.89,0.76,0.06,0.46,0.09,15904,0.8411571979522705
0.55,0.68,0.24,0.37,0.89,0.77,0.05,0.46,0.09,16095,0.8450548648834229
0.55,0.68,0.25,0.37,0.88,0.76,0.05,0.46,0.09,16504,0.8491725921630859
0.55,0.69,0.25,0.37,0.89,0.76,0.06,0.46,0.09,16389,0.8534514904022217
0.55,0.69,0.24,0.37,0.89,0.76,0.05,0.46,0.09,16190,0.8534514904022217
0.55,0.68,0.25,0.37,0.89,0.76,0.05,0.46,0.09,15825,0.8574533462524414
0.55,0.68,0.25,0.37,0.89,0.76,0.05,0.46,0.09,15960,0.8614897727966309
0.55,0.68,0.25,0.37,0.89,0.76,0.05,0.45,0.09,16587,0.8655824661254883
0.55,0.68,0.25,0.37,0.89,0.76,0.05,0.45,0.09,16450,0.8666214942932129
0.55,0.68,0.24,0.37,0.89,0.76,0.05,0.45,0.09,16127,0.8701908588409424
0.55,0.68,0.25,0.37,0.89,0.76,0.05,0.46,0.09,16054,0.8741886615753174
0.55,0.68,0.24,0.37,0.89,0.77,0.05,0.46,0.09,15927,0.8782031536102295
0.55,0.68,0.24,0.37,0.89,0.77,0.06,0.46,0.09,16572,0.8782031536102295
0.55,0.68,0.25,0.37,0.89,0.77,0.06,0.46,0.09,16727,0.8825750350952148
0.55,0.68,0.24,0.37,0.89,0.77,0.06,0.46,0.1,16098,0.8861234188079834
0.55,0.68,0.25,0.37,0.89,0.76,0.05,0.45,0.09,16217,0.8907203674316406
0.55,0.68,0.24,0.37,0.89,0.77,0.05,0.45,0.09,16388,0.8907203674316406
0.55,0.68,0.24,0.37,0.89,0.77,0.05,0.45,0.09,15973,0.8944416046142578
0.55,0.68,0.24,0.37,0.89,0.76,0.05,0.45,0.1,16278,0.8986315727233887
0.55,0.68,0.25,0.37,0.88,0.76,0.05,0.45,0.1,16245,0.902717113494873
0.55,0.68,0.25,0.37,0.89,0.76,0.05,0.45,0.1,16280,0.9034662246704102
0.55,0.68,0.25,0.37,0.89,0.77,0.05,0.45,0.09,15937,0.9064643383026123
0.55,0.68,0.25,0.37,0.88,0.77,0.06,0.45,0.1,15980,0.9108974933624268
0.55,0.68,0.25,0.36,0.89,0.77,0.05,0.45,0.09,16187,0.9146854877471924
0.55,0.67,0.25,0.37,0.89,0.76,0.05,0.45,0.1,16338,0.915773868560791
0.55,0.68,0.25,0.37,0.88,0.77,0.06,0.45,0.1,15923,0.9197273254394531
0.55,0.68,0.25,0.37,0.88,0.77,0.05,0.45,0.1,15998,0.9237651824951172
0.55,0.68,0.25,0.37,0.88,0.76,0.05,0.45,0.09,16059,0.9279541969299316
0.56,0.68,0.25,0.37,0.89,0.77,0.05,0.46,0.1,16122,0.9279541969299316
0.55,0.68,0.25,0.37,0.89,0.76,0.06,0.46,0.09,16095,0.9319541454315186
0.55,0.68,0.25,0.37,0.89,0.77,0.06,0.45,0.1,16128,0.9359540939331055
0.56,0.68,0.25,0.37,0.89,0.77,0.05,0.46,0.1,16451,0.9399542808532715
0.55,0.68,0.25,0.37,0.89,0.77,0.06,0.45,0.1,16256,0.9439442157745361
0.55,0.68,0.25,0.37,0.89,0.76,0.05,0.45,0.1,16645,0.9439442157745361
0.55,0.68,0.25,0.37,0.89,0.76,0.05,0.46,0.1,16550,0.9487719535827637
0.55,0.68,0.25,0.37,0.88,0.76,0.05,0.45,0.1,16179,0.9528529644012451
0.55,0.68,0.25,0.37,0.88,0.76,0.05,0.46,0.09,16436,0.9560630321502686
0.55,0.68,0.25,0.37,0.89,0.76,0.05,0.46,0.1,16685,0.957207441329956
0.55,0.69,0.25,0.37,0.88,0.76,0.05,0.45,0.09,16696,0.9600932598114014
0.55,0.68,0.25,0.37,0.88,0.77,0.05,0.45,0.1,16189,0.963986873626709
0.55,0.69,0.25,0.37,0.88,0.77,0.05,0.46,0.09,15958,0.9687197208404541
0.55,0.69,0.25,0.37,0.88,0.77,0.05,0.46,0.1,15993,0.9687197208404541
0.55,0.69,0.25,0.37,0.89,0.77,0.05,0.46,0.09,16160,0.9724998474121094
0.55,0.69,0.25,0.37,0.88,0.76,0.05,0.46,0.1,16079,0.9764530658721924
0.55,0.69,0.25,0.37,0.88,0.77,0.05,0.45,0.09,16396,0.9806394577026367
0.55,0.69,0.25,0.37,0.89,0.76,0.05,0.45,0.1,16459,0.9806394577026367
0.55,0.69,0.25,0.37,0.88,0.76,0.05,0.46,0.09,16366,0.984137773513794
0.55,0.69,0.25,0.37,0.89,0.76,0.05,0.46,0.09,15977,0.9892897605895996
0.55,0.69,0.25,0.38,0.89,0.77,0.05,0.46,0.1,16036,0.9935228824615479
0.55,0.68,0.25,0.37,0.89,0.76,0.05,0.46,0.1,15985,0.9935228824615479
0.55,0.69,0.25,0.36,0.88,0.76,0.05,0.45,0.1,15738,0.9970889091491699
0.55,0.69,0.25,0.37,0.88,0.76,0.05,0.45,0.09,15875,1.001129388809204
0.55,0.68,0.25,0.37,0.89,0.76,0.05,0.45,0.09,15756,1.0051360130310059
0.55,0.69,0.25,0.37,0.88,0.76,0.05,0.45,0.09,16085,1.0062365531921387
0.55,0.69,0.25,0.37,0.89,0.76,0.05,0.46,0.09,16798,1.0095064640045166
0.55,0.68,0.25,0.37,0.88,0.77,0.05,0.45,0.09,16707,1.0132482051849365
0.56,0.69,0.25,0.36,0.88,0.76,0.05,0.46,0.1,16758,1.0174291133880615
0.55,0.69,0.25,0.37,0.88,0.76,0.05,0.46,0.1,16159,1.0174291133880615
0.55,0.69,0.25,0.37,0.88,0.77,0.05,0.46,0.1,16280,1.021531105041504
0.56,0.68,0.25,0.37,0.89,0.76,0.05,0.46,0.09,16479,1.0255553722381592
0.55,0.69,0.25,0.36,0.89,0.77,0.06,0.46,0.1,16580,1.0306484699249268
0.55,0.69,0.25,0.37,0.89,0.76,0.06,0.46,0.09,16139,1.0336310863494873
0.56,0.68,0.25,0.37,0.89,0.76,0.05,0.46,0.1,15984,1.0336310863494873
0.55,0.68,0.25,0.36,0.88,0.76,0.06,0.46,0.1,15955,1.0376322269439697
0.55,0.68,0.25,0.37,0.88,0.76,0.06,0.46,0.1,15374,1.0417077541351318
0.56,0.68,0.25,0.37,0.89,0.76,0.05,0.46,0.09,15817,1.0463135242462158
0.56,0.69,0.25,0.37,0.89,0.77,0.05,0.46,0.09,16234,1.0463135242462158
0.56,0.69,0.25,0.37,0.89,0.76,0.06,0.46,0.09,16301,1.0504541397094727
0.56,0.69,0.25,0.37,0.89,0.76,0.05,0.46,0.09,15962,1.053457498550415
0.55,0.69,0.24,0.37,0.88,0.76,0.06,0.46,0.09,15813,1.0584583282470703
0.55,0.69,0.25,0.37,0.89,0.76,0.05,0.46,0.09,16142,1.0584583282470703
0.55,0.68,0.25,0.37,0.89,0.77,0.05,0.46,0.09,16469,1.062753438949585
0.56,0.69,0.25,0.37,0.89,0.76,0.06,0.46,0.09,16218,1.0662293434143066
0.55,0.69,0.25,0.37,0.89,0.76,0.06,0.46,0.1,16053,1.0704665184020996
0.55,0.69,0.25,0.37,0.89,0.77,0.06,0.46,0.09,16022,1.071462869644165
0.55,0.69,0.25,0.37,0.89,0.76,0.05,0.46,0.09,16093,1.074448823928833
0.55,0.69,0.25,0.37,0.89,0.76,0.06,0.47,0.1,15848,1.0794672966003418
0.56,0.69,0.25,0.37,0.89,0.76,0.06,0.46,0.1,15659,1.0824368000030518
0.56,0.69,0.25,0.37,0.89,0.76,0.06,0.46,0.09,15848,1.0834465026855469
0.55,0.69,0.25,0.37,0.89,0.76,0.05,0.46,0.09,16093,1.0880153179168701
0.56,0.68,0.25,0.37,0.89,0.76,0.05,0.46,0.09,15896,1.0919358730316162
0.55,0.69,0.25,0.37,0.89,0.77,0.06,0.46,0.09,16103,1.0959618091583252
0.56,0.69,0.25,0.37,0.89,0.76,0.05,0.46,0.09,15774,1.0992541313171387
0.55,0.69,0.25,0.37,0.88,0.76,0.05,0.46,0.1,15987,1.100471019744873
0.55,0.69,0.25,0.37,0.89,0.76,0.05,0.47,0.09,16854,1.1036772727966309
0.55,0.69,0.25,0.37,0.89,0.76,0.05,0.47,0.09,16577,1.1084458827972412
0.56,0.69,0.25,0.37,0.89,0.76,0.05,0.46,0.09,15734,1.1124911308288574
0.55,0.69,0.25,0.37,0.88,0.76,0.05,0.46,0.09,15647,1.1124911308288574
0.55,0.69,0.25,0.37,0.89,0.76,0.05,0.46,0.1,15778,1.1157925128936768
0.55,0.69,0.25,0.37,0.89,0.76,0.06,0.46,0.09,16009,1.1208884716033936
0.56,0.69,0.25,0.37,0.89,0.76,0.05,0.46,0.09,15834,1.1236810684204102
0.55,0.68,0.25,0.37,0.89,0.76,0.06,0.46,0.09,16015,1.124732494354248
0.55,0.69,0.25,0.37,0.89,0.76,0.05,0.46,0.09,16308,1.1287331581115723
0.55,0.69,0.25,0.37,0.89,0.76,0.05,0.46,0.1,16091,1.132704257965088
0.55,0.69,0.25,0.37,0.89,0.76,0.06,0.46,0.09,16174,1.136733055114746
0.55,0.69,0.25,0.37,0.89,0.76,0.06,0.46,0.09,16469,1.136733055114746
0.55,0.69,0.25,0.37,0.89,0.77,0.06,0.46,0.09,16432,1.1410446166992188
0.55,0.69,0.25,0.37,0.88,0.77,0.05,0.46,0.1,16335,1.1442999839782715
0.55,0.69,0.25,0.37,0.88,0.77,0.06,0.46,0.1,15888,1.148838996887207
0.55,0.69,0.25,0.37,0.88,0.77,0.06,0.46,0.1,15859,1.14982271194458
0.55,0.69,0.25,0.37,0.89,0.76,0.06,0.47,0.09,16218,1.153555154800415
0.55,0.69,0.25,0.37,0.89,0.77,0.06,0.46,0.09,16171,1.156585931777954
0.56,0.69,0.25,0.37,0.89,0.76,0.05,0.46,0.09,16392,1.161954641342163
0.55,0.68,0.25,0.37,0.89,0.77,0.06,0.46,0.09,16367,1.161954641342163
0.55,0.69,0.25,0.38,0.89,0.76,0.06,0.46,0.09,16338,1.1653459072113037
0.55,0.69,0.25,0.37,0.89,0.76,0.05,0.46,0.09,15911,1.1696217060089111
0.55,0.68,0.25,0.37,0.89,0.77,0.05,0.46,0.1,15888,1.1736218929290771
0.55,0.69,0.25,0.38,0.89,0.77,0.06,0.46,0.1,16345,1.8146154880523682
0.55,0.69,0.25,0.37,0.89,0.77,0.05,0.46,0.1,16006,1.8146154880523682
0.55,0.7,0.25,0.37,0.89,0.77,0.05,0.46,0.1,15795,1.815615177154541
0.55,0.69,0.25,0.37,0.89,0.76,0.05,0.46,0.1,16032,1.815615177154541
0.55,0.69,0.25,0.37,0.89,0.76,0.05,0.46,0.1,15825,1.815615177154541
0.56,0.69,0.25,0.37,0.89,0.77,0.05,0.46,0.1,15606,1.8167293071746826
0.55,0.7,0.25,0.37,0.89,0.76,0.06,0.46,0.1,15687,1.8167293071746826
0.55,0.69,0.25,0.37,0.89,0.77,0.05,0.46,0.1,15640,1.8167293071746826
0.55,0.69,0.25,0.37,0.89,0.77,0.05,0.46,0.09,15911,1.8177821636199951
0.55,0.69,0.25,0.37,0.89,0.77,0.05,0.46,0.09,15742,1.8177821636199951
0.55,0.69,0.25,0.38,0.89,0.76,0.06,0.46,0.09,15663,1.8177821636199951
0.55,0.69,0.25,0.37,0.89,0.76,0.05,0.46,0.1,16112,1.8187990188598633
0.56,0.69,0.25,0.38,0.89,0.76,0.06,0.46,0.09,16061,1.8187990188598633
0.55,0.69,0.25,0.37,0.89,0.77,0.06,0.46,0.1,16320,1.8187990188598633
0.55,0.69,0.25,0.37,0.89,0.77,0.06,0.46,0.09,16999,1.8197989463806152
0.55,0.69,0.25,0.37,0.89,0.77,0.05,0.46,0.09,16760,1.8197989463806152
0.55,0.69,0.25,0.37,0.89,0.77,0.05,0.46,0.09,16121,1.8207991123199463
0.55,0.69,0.25,0.37,0.89,0.77,0.05,0.46,0.1,15984,1.8207991123199463
0.55,0.69,0.25,0.37,0.89,0.76,0.05,0.47,0.1,15803,1.8207991123199463
0.55,0.69,0.24,0.37,0.89,0.76,0.06,0.47,0.09,16326,1.8217990398406982
0.56,0.69,0.24,0.37,0.9,0.77,0.06,0.46,0.09,16519,1.8217990398406982
0.55,0.7,0.24,0.37,0.89,0.77,0.05,0.46,0.09,16072,1.8217990398406982
0.56,0.69,0.24,0.37,0.89,0.77,0.05,0.46,0.09,15977,1.8227825164794922
0.56,0.69,0.24,0.37,0.89,0.77,0.06,0.46,0.09,16094,1.8227825164794922
0.55,0.69,0.24,0.37,0.89,0.77,0.05,0.46,0.09,16293,1.8227825164794922
0.55,0.69,0.24,0.37,0.89,0.77,0.05,0.46,0.09,16218,1.823798656463623
0.55,0.69,0.24,0.37,0.9,0.77,0.05,0.46,0.09,15679,1.823798656463623
0.55,0.69,0.24,0.37,0.89,0.77,0.06,0.46,0.09,16210,1.8247990608215332
0.55,0.69,0.25,0.37,0.89,0.76,0.06,0.46,0.09,16293,1.8247990608215332
0.55,0.69,0.24,0.37,0.89,0.77,0.05,0.46,0.09,15842,1.8247990608215332
0.55,0.69,0.24,0.37,0.89,0.77,0.05,0.46,0.1,15831,1.8257989883422852
0.56,0.69,0.24,0.38,0.89,0.76,0.05,0.46,0.09,16132,1.8257989883422852
0.55,0.69,0.24,0.37,0.89,0.77,0.05,0.46,0.1,16041,1.8257989883422852
0.55,0.69,0.24,0.37,0.89,0.76,0.06,0.46,0.09,16136,1.8267991542816162
0.56,0.69,0.24,0.37,0.89,0.77,0.05,0.46,0.09,16191,1.8267991542816162
0.55,0.69,0.24,0.37,0.9,0.77,0.06,0.46,0.09,16300,1.8267991542816162
0.55,0.69,0.24,0.37,0.89,0.76,0.05,0.46,0.09,16389,1.8277990818023682
0.55,0.69,0.24,0.37,0.89,0.76,0.05,0.46,0.09,16228,1.8277990818023682
0.55,0.69,0.24,0.37,0.89,0.76,0.06,0.47,0.09,15855,1.8288018703460693
0.56,0.69,0.24,0.37,0.89,0.77,0.06,0.46,0.09,16022,1.8288018703460693
0.55,0.69,0.24,0.37,0.89,0.77,0.06,0.47,0.09,16309,1.8288018703460693
0.55,0.7,0.24,0.37,0.89,0.76,0.06,0.46,0.09,16364,1.8297874927520752
0.55,0.69,0.24,0.37,0.89,0.76,0.05,0.46,0.09,16245,1.8297874927520752
0.55,0.7,0.24,0.37,0.89,0.76,0.06,0.47,0.09,16204,1.8297874927520752
0.55,0.69,0.24,0.37,0.89,0.77,0.06,0.46,0.09,15849,1.8307852745056152
0.55,0.69,0.24,0.37,0.89,0.76,0.05,0.46,0.09,16320,1.8307852745056152
0.55,0.7,0.25,0.37,0.89,0.76,0.05,0.46,0.09,16275,1.8307852745056152
0.55,0.7,0.25,0.36,0.89,0.76,0.06,0.47,0.09,15858,1.8319201469421387
0.55,0.69,0.24,0.37,0.89,0.76,0.06,0.46,0.09,16257,1.8319201469421387
0.55,0.69,0.24,0.37,0.89,0.76,0.05,0.47,0.09,16620,1.8319201469421387
0.55,0.69,0.24,0.37,0.89,0.76,0.05,0.46,0.09,16261,1.8329894542694092
0.55,0.7,0.25,0.37,0.89,0.76,0.05,0.47,0.1,16346,1.8329894542694092
0.55,0.69,0.24,0.36,0.89,0.76,0.05,0.47,0.1,15899,1.8329894542694092
0.55,0.69,0.25,0.37,0.89,0.76,0.05,0.46,0.1,15308,1.8339741230010986
0.55,0.69,0.25,0.37,0.89,0.76,0.06,0.46,0.09,15731,1.8339741230010986
0.55,0.69,0.25,0.37,0.9,0.76,0.06,0.46,0.1,16408,1.8339741230010986
0.55,0.69,0.25,0.37,0.89,0.76,0.06,0.47,0.1,16131,1.8349902629852295
0.55,0.69,0.25,0.37,0.89,0.76,0.05,0.46,0.09,16278,1.8349902629852295
0.55,0.69,0.25,0.37,0.9,0.76,0.05,0.46,0.1,16263,1.8349902629852295
0.55,0.69,0.25,0.37,0.9,0.76,0.05,0.46,0.1,15930,1.835986852645874
0.55,0.69,0.25,0.37,0.9,0.76,0.06,0.46,0.09,16159,1.835986852645874
0.55,0.68,0.25,0.37,0.89,0.76,0.05,0.46,0.1,16304,1.8369700908660889
0.55,0.69,0.25,0.36,0.89,0.76,0.06,0.46,0.09,16197,1.8369700908660889
0.55,0.69,0.25,0.37,0.89,0.77,0.05,0.46,0.09,15886,1.8369700908660889
0.54,0.69,0.25,0.37,0.89,0.76,0.05,0.46,0.1,15901,1.837986946105957
0.55,0.69,0.24,0.37,0.89,0.77,0.05,0.46,0.1,15612,1.837986946105957
0.55,0.69,0.25,0.37,0.89,0.77,0.05,0.46,0.09,16071,1.837986946105957
0.55,0.69,0.25,0.37,0.89,0.76,0.05,0.46,0.09,15962,1.838986873626709
0.55,0.69,0.25,0.37,0.89,0.77,0.06,0.46,0.09,15821,1.838986873626709
0.55,0.69,0.24,0.37,0.89,0.76,0.06,0.46,0.09,15954,1.838986873626709
0.55,0.69,0.25,0.37,0.89,0.76,0.06,0.45,0.09,16497,1.839986801147461
0.55,0.7,0.25,0.37,0.89,0.77,0.06,0.46,0.09,16868,1.839986801147461
0.55,0.69,0.24,0.37,0.89,0.76,0.06,0.46,0.09,16503,1.839986801147461
0.55,0.69,0.25,0.37,0.89,0.77,0.05,0.45,0.09,16198,1.840986967086792
0.55,0.69,0.25,0.37,0.89,0.76,0.05,0.45,0.09,16441,1.840986967086792
0.55,0.69,0.25,0.37,0.89,0.77,0.05,0.46,0.1,16150,1.841986894607544
0.55,0.69,0.25,0.37,0.89,0.76,0.05,0.46,0.09,16107,1.842087984085083
0.55,0.69,0.25,0.37,0.89,0.77,0.05,0.46,0.09,15654,1.842087984085083
0.55,0.69,0.25,0.37,0.89,0.76,0.05,0.46,0.09,15713,1.842087984085083
0.55,0.69,0.25,0.37,0.88,0.77,0.05,0.45,0.1,16128,1.8431463241577148
0.55,0.69,0.25,0.37,0.89,0.77,0.05,0.46,0.09,16029,1.8431463241577148
0.55,0.69,0.25,0.37,0.89,0.77,0.05,0.46,0.09,16174,1.8441624641418457
0.55,0.69,0.25,0.37,0.89,0.77,0.05,0.46,0.09,16233,1.8441624641418457
0.55,0.69,0.25,0.37,0.88,0.77,0.06,0.46,0.1,16156,1.8441624641418457
0.55,0.69,0.25,0.37,0.89,0.77,0.05,0.45,0.09,16209,1.8451459407806396
0.55,0.69,0.25,0.37,0.89,0.76,0.05,0.45,0.1,16080,1.8451459407806396
0.55,0.69,0.25,0.37,0.88,0.77,0.05,0.46,0.09,16165,1.8451459407806396
0.55,0.69,0.25,0.37,0.89,0.77,0.05,0.46,0.1,16384,1.8461627960205078
0.55,0.69,0.26,0.37,0.89,0.77,0.05,0.46,0.1,16603,1.8461627960205078
0.55,0.69,0.25,0.37,0.89,0.77,0.05,0.45,0.1,16934,1.8461627960205078
0.55,0.69,0.25,0.37,0.89,0.77,0.05,0.46,0.1,16777,1.8471627235412598
0.54,0.69,0.25,0.37,0.89,0.77,0.05,0.46,0.1,16706,1.8471627235412598
0.55,0.69,0.25,0.37,0.89,0.76,0.05,0.46,0.1,16465,1.84816312789917
0.55,0.69,0.25,0.37,0.89,0.76,0.05,0.46,0.1,16220,1.84816312789917
0.56,0.69,0.25,0.37,0.89,0.77,0.06,0.46,0.09,16117,1.84816312789917
0.55,0.69,0.25,0.37,0.89,0.77,0.06,0.47,0.1,16468,1.8491365909576416
0.56,0.69,0.25,0.37,0.89,0.77,0.05,0.46,0.09,16531,1.8491365909576416
0.56,0.69,0.25,0.37,0.89,0.77,0.05,0.46,0.09,16496,1.8491365909576416
0.56,0.69,0.25,0.36,0.89,0.77,0.06,0.46,0.09,16491,1.8501462936401367
0.56,0.69,0.25,0.37,0.89,0.77,0.05,0.46,0.09,16256,1.8501462936401367
0.55,0.69,0.25,0.37,0.89,0.77,0.05,0.46,0.09,16209,1.8501462936401367
0.55,0.69,0.25,0.38,0.89,0.77,0.05,0.46,0.1,16378,1.8511626720428467
0.56,0.69,0.25,0.37,0.89,0.77,0.06,0.46,0.09,16765,1.8511626720428467
0.55,0.69,0.25,0.37,0.89,0.76,0.05,0.46,0.1,16190,1.8511626720428467
0.56,0.69,0.25,0.38,0.88,0.76,0.05,0.46,0.09,16083,1.852250337600708
0.55,0.69,0.25,0.38,0.89,0.76,0.06,0.46,0.1,16238,1.852250337600708
0.56,0.68,0.25,0.38,0.89,0.77,0.05,0.46,0.1,16491,1.852250337600708
0.56,0.69,0.25,0.37,0.89,0.77,0.05,0.46,0.1,16502,1.8532941341400146
0.56,0.69,0.25,0.38,0.89,0.77,0.05,0.46,0.1,16227,1.8532941341400146
0.55,0.69,0.25,0.38,0.89,0.77,0.05,0.46,0.1,15936,1.8532941341400146
0.55,0.69,0.25,0.37,0.89,0.76,0.05,0.45,0.1,15617,1.8543107509613037
0.56,0.69,0.25,0.38,0.89,0.76,0.06,0.46,0.09,15648,1.8543107509613037
0.56,0.69,0.25,0.37,0.89,0.77,0.05,0.46,0.09,15843,1.8553106784820557
0.56,0.69,0.25,0.37,0.88,0.76,0.05,0.45,0.1,15922,1.8553106784820557
0.56,0.69,0.25,0.37,0.89,0.77,0.05,0.46,0.09,16055,1.8553106784820557
0.56,0.69,0.25,0.37,0.89,0.77,0.05,0.45,0.09,16550,1.8563106060028076
0.56,0.69,0.25,0.37,0.89,0.76,0.05,0.46,0.09,16423,1.8563106060028076
0.56,0.69,0.25,0.37,0.89,0.77,0.05,0.46,0.09,16148,1.8563106060028076
0.56,0.69,0.25,0.37,0.89,0.76,0.05,0.46,0.09,16247,1.8573110103607178
0.56,0.69,0.25,0.38,0.89,0.76,0.06,0.46,0.1,16172,1.8573110103607178
0.56,0.69,0.25,0.37,0.89,0.76,0.05,0.46,0.1,16633,1.8583109378814697
0.56,0.69,0.25,0.38,0.89,0.76,0.06,0.46,0.1,16758,1.8583109378814697
0.56,0.69,0.25,0.37,0.89,0.77,0.05,0.46,0.09,16751,1.8583109378814697
0.56,0.69,0.25,0.38,0.89,0.76,0.06,0.46,0.09,16238,1.8593108654022217
0.56,0.69,0.25,0.37,0.89,0.76,0.05,0.46,0.09,16059,1.8593108654022217
0.56,0.69,0.25,0.37,0.89,0.77,0.05,0.46,0.09,16034,1.8593108654022217
0.56,0.69,0.25,0.37,0.89,0.76,0.05,0.46,0.09,16059,1.8602941036224365
0.56,0.69,0.25,0.37,0.89,0.76,0.05,0.46,0.09,16264,1.8602941036224365
0.56,0.69,0.25,0.37,0.88,0.77,0.05,0.46,0.1,16047,1.8602941036224365
0.56,0.69,0.25,0.37,0.89,0.77,0.05,0.46,0.09,15916,1.8613107204437256
0.57,0.69,0.25,0.37,0.89,0.76,0.05,0.46,0.1,16313,1.8613107204437256
0.56,0.68,0.25,0.37,0.89,0.76,0.06,0.46,0.1,16204,1.8613107204437256
0.56,0.68,0.25,0.37,0.89,0.76,0.05,0.46,0.09,15781,1.8623108863830566
0.57,0.69,0.25,0.37,0.88,0.76,0.05,0.46,0.09,16064,1.8623108863830566
0.56,0.69,0.25,0.37,0.89,0.77,0.05,0.46,0.09,16399,1.8633108139038086
0.56,0.69,0.25,0.37,0.89,0.76,0.05,0.46,0.09,16432,1.8633108139038086
0.57,0.69,0.25,0.37,0.89,0.77,0.06,0.46,0.09,16477,1.8633108139038086
0.56,0.69,0.25,0.38,0.89,0.76,0.05,0.46,0.09,16404,1.8643109798431396
0.56,0.69,0.25,0.37,0.89,0.76,0.05,0.46,0.09,16275,1.8643109798431396
0.56,0.69,0.25,0.37,0.89,0.76,0.06,0.46,0.09,16154,1.8643109798431396
0.56,0.69,0.25,0.37,0.89,0.77,0.05,0.46,0.09,16065,1.8653106689453125
0.56,0.69,0.25,0.37,0.89,0.77,0.05,0.46,0.09,15826,1.8653106689453125
0.56,0.69,0.25,0.38,0.89,0.77,0.05,0.46,0.09,16055,1.8653106689453125
0.56,0.69,0.25,0.37,0.89,0.77,0.05,0.46,0.09,16358,1.8663110733032227
0.56,0.69,0.25,0.38,0.89,0.78,0.05,0.47,0.09,16129,1.8663110733032227
0.57,0.69,0.25,0.37,0.89,0.77,0.05,0.46,0.09,15680,1.8672940731048584
0.57,0.69,0.25,0.36,0.89,0.77,0.05,0.46,0.09,15875,1.8672940731048584
0.57,0.69,0.25,0.37,0.89,0.77,0.05,0.46,0.09,16314,1.8672940731048584
0.56,0.69,0.25,0.37,0.89,0.77,0.05,0.46,0.09,16011,1.8683106899261475
0.57,0.69,0.25,0.37,0.88,0.77,0.05,0.46,0.09,16262,1.8683106899261475
0.56,0.69,0.25,0.37,0.88,0.77,0.05,0.46,0.09,15969,1.8683106899261475
0.56,0.69,0.25,0.37,0.89,0.77,0.05,0.45,0.09,16456,1.8693108558654785
0.56,0.69,0.25,0.37,0.89,0.76,0.06,0.46,0.1,16651,1.8693108558654785
0.56,0.69,0.25,0.37,0.89,0.76,0.05,0.46,0.09,16006,1.8693108558654785
0.57,0.69,0.25,0.37,0.89,0.76,0.05,0.46,0.09,15823,1.8703107833862305
0.56,0.69,0.25,0.37,0.89,0.76,0.05,0.46,0.09,15980,1.8703107833862305
0.56,0.69,0.25,0.36,0.89,0.76,0.05,0.46,0.09,16667,1.8703107833862305
0.56,0.69,0.25,0.37,0.89,0.76,0.05,0.46,0.09,16754,1.8713107109069824
0.56,0.69,0.25,0.37,0.89,0.76,0.05,0.46,0.09,16249,1.8713107109069824
0.57,0.69,0.25,0.37,0.89,0.76,0.05,0.46,0.09,15834,1.8723106384277344
0.56,0.69,0.25,0.37,0.89,0.76,0.05,0.46,0.09,15927,1.8723106384277344
0.56,0.69,0.25,0.37,0.89,0.76,0.05,0.46,0.09,16040,1.8723106384277344
0.56,0.69,0.25,0.37,0.89,0.77,0.05,0.46,0.1,15769,1.8733510971069336
0.56,0.69,0.25,0.37,0.89,0.76,0.05,0.46,0.09,15868,1.873478651046753
0.56,0.69,0.25,0.37,0.89,0.76,0.06,0.46,0.09,16273,1.873478651046753
0.56,0.69,0.25,0.37,0.89,0.77,0.05,0.46,0.09,16208,1.873478651046753
0.56,0.69,0.26,0.37,0.89,0.76,0.05,0.46,0.09,16103,1.8745286464691162
0.56,0.69,0.25,0.37,0.89,0.76,0.05,0.46,0.09,15694,1.8745286464691162
0.56,0.69,0.25,0.37,0.89,0.76,0.05,0.46,0.1,15993,1.8755455017089844
0.56,0.69,0.25,0.37,0.89,0.76,0.05,0.46,0.09,15974,1.8755455017089844
0.56,0.69,0.26,0.37,0.89,0.76,0.05,0.46,0.09,16179,1.8755455017089844
0.56,0.69,0.25,0.37,0.89,0.76,0.05,0.46,0.09,16398,1.8765456676483154
0.56,0.68,0.25,0.37,0.89,0.76,0.05,0.46,0.09,16153,1.8765456676483154
0.56,0.69,0.25,0.37,0.89,0.76,0.05,0.46,0.09,16292,1.8765456676483154
0.56,0.69,0.25,0.37,0.89,0.77,0.05,0.45,0.09,16477,1.8775458335876465
0.56,0.68,0.25,0.37,0.89,0.76,0.05,0.46,0.09,16058,1.8775458335876465
0.56,0.69,0.25,0.37,0.89,0.77,0.05,0.46,0.09,16235,1.8775458335876465
0.56,0.69,0.25,0.37,0.89,0.77,0.05,0.46,0.09,16192,1.8785457611083984
0.57,0.69,0.25,0.37,0.89,0.76,0.06,0.46,0.09,15797,1.8785457611083984
0.56,0.69,0.25,0.37,0.89,0.76,0.05,0.46,0.09,15848,1.8795454502105713
0.56,0.69,0.25,0.37,0.89,0.76,0.06,0.46,0.09,15899,1.8795454502105713
0.56,0.69,0.25,0.38,0.89,0.77,0.05,0.46,0.09,16032,1.8795454502105713
0.56,0.69,0.25,0.37,0.89,0.77,0.05,0.45,0.09,15743,1.8805453777313232
0.56,0.69,0.25,0.37,0.89,0.76,0.05,0.46,0.09,15778,1.8805453777313232
0.56,0.69,0.25,0.37,0.89,0.77,0.05,0.45,0.09,16085,1.8805453777313232
0.56,0.69,0.26,0.37,0.89,0.77,0.05,0.46,0.09,16376,1.8815457820892334
0.56,0.69,0.25,0.36,0.89,0.77,0.05,0.46,0.09,16261,1.8815457820892334
0.56,0.69,0.25,0.37,0.89,0.77,0.05,0.45,0.09,16326,1.8815457820892334
0.56,0.68,0.25,0.37,0.89,0.77,0.05,0.46,0.09,16031,1.8825197219848633
0.56,0.69,0.25,0.36,0.89,0.77,0.05,0.46,0.09,15690,1.8825197219848633
0.56,0.68,0.25,0.37,0.89,0.77,0.05,0.46,0.09,16001,1.8825197219848633
0.56,0.69,0.25,0.37,0.89,0.76,0.05,0.46,0.09,15898,1.8835294246673584
0.57,0.68,0.25,0.37,0.89,0.76,0.05,0.46,0.09,15971,1.8835294246673584
0.56,0.68,0.25,0.37,0.89,0.76,0.05,0.46,0.09,16108,1.8845455646514893
0.56,0.69,0.25,0.37,0.89,0.76,0.06,0.45,0.09,16451,1.8848962783813477
0.56,0.69,0.25,0.36,0.89,0.76,0.05,0.45,0.09,16454,1.8848962783813477
0.56,0.69,0.25,0.37,0.89,0.76,0.05,0.45,0.09,16025,1.8848962783813477
0.56,0.69,0.25,0.37,0.89,0.77,0.05,0.45,0.09,15812,1.885925054550171
0.56,0.69,0.25,0.37,0.89,0.77,0.05,0.45,0.09,15565,1.885925054550171
0.56,0.69,0.26,0.37,0.89,0.77,0.05,0.45,0.09,15796,1.885925054550171
0.56,0.68,0.25,0.38,0.9,0.76,0.05,0.45,0.09,16065,1.8869082927703857
0.56,0.68,0.26,0.37,0.9,0.76,0.05,0.45,0.09,15992,1.8869082927703857
0.56,0.69,0.25,0.37,0.9,0.76,0.05,0.45,0.09,16065,1.8869082927703857
0.56,0.68,0.25,0.37,0.89,0.76,0.06,0.45,0.09,16034,1.887925148010254
0.56,0.68,0.25,0.37,0.89,0.76,0.05,0.45,0.09,15663,1.887925148010254
0.56,0.69,0.26,0.38,0.89,0.76,0.05,0.45,0.1,16350,1.887925148010254
0.55,0.69,0.26,0.37,0.89,0.76,0.05,0.45,0.09,16461,1.8889250755310059
0.56,0.68,0.25,0.37,0.89,0.77,0.06,0.45,0.09,16274,1.8889250755310059
0.56,0.68,0.25,0.37,0.9,0.77,0.05,0.45,0.09,15765,1.8900177478790283
0.56,0.68,0.25,0.37,0.9,0.77,0.05,0.45,0.09,15662,1.8900177478790283
0.56,0.68,0.26,0.37,0.9,0.77,0.05,0.45,0.09,15915,1.8900177478790283
0.56,0.68,0.25,0.37,0.89,0.76,0.05,0.45,0.1,16458,1.8910729885101318
0.56,0.68,0.26,0.37,0.9,0.76,0.05,0.45,0.1,16241,1.8910729885101318
0.56,0.68,0.26,0.37,0.9,0.76,0.05,0.45,0.09,15800,1.8910729885101318
0.56,0.68,0.25,0.37,0.89,0.77,0.05,0.45,0.09,16047,1.8921763896942139
0.56,0.68,0.25,0.37,0.9,0.77,0.05,0.45,0.09,16700,1.8921763896942139
0.56,0.68,0.25,0.37,0.89,0.77,0.05,0.45,0.1,16671,1.8921763896942139
0.57,0.68,0.25,0.37,0.89,0.77,0.05,0.45,0.09,16418,1.8930740356445312
0.56,0.69,0.25,0.37,0.89,0.77,0.05,0.45,0.09,16183,1.8930740356445312
0.56,0.69,0.25,0.37,0.89,0.77,0.05,0.45,0.09,16022,1.8930740356445312
0.56,0.69,0.25,0.37,0.89,0.77,0.05,0.45,0.09,16459,1.894073486328125
0.55,0.68,0.25,0.37,0.89,0.77,0.05,0.45,0.09,16178,1.894073486328125
0.56,0.69,0.25,0.37,0.9,0.76,0.05,0.45,0.09,16173,1.8950731754302979
0.56,0.68,0.26,0.37,0.89,0.77,0.05,0.45,0.09,15888,1.8950731754302979
0.56,0.68,0.25,0.37,0.89,0.77,0.05,0.45,0.09,15751,1.8950731754302979
0.55,0.68,0.25,0.37,0.89,0.77,0.05,0.45,0.09,15514,1.8961131572723389
0.55,0.68,0.25,0.37,0.89,0.77,0.06,0.45,0.09,15745,1.8961131572723389
0.56,0.68,0.25,0.37,0.89,0.77,0.05,0.45,0.09,16450,1.8961131572723389
0.56,0.68,0.25,0.37,0.9,0.76,0.05,0.45,0.09,16383,1.89711332321167
0.55,0.68,0.25,0.37,0.9,0.77,0.05,0.45,0.09,16122,1.89711332321167
0.56,0.68,0.25,0.37,0.9,0.76,0.05,0.44,0.09,15933,1.89711332321167
0.55,0.68,0.25,0.37,0.9,0.76,0.05,0.45,0.09,15760,1.8981130123138428
0.55,0.69,0.25,0.37,0.89,0.76,0.06,0.44,0.09,16217,1.8981130123138428
0.55,0.68,0.25,0.37,0.89,0.76,0.05,0.45,0.09,15946,1.9022204875946045
0.56,0.68,0.25,0.37,0.89,0.76,0.05,0.45,0.09,16361,1.9062566757202148
0.56,0.68,0.25,0.37,0.9,0.76,0.06,0.45,0.09,16552,1.9062566757202148
0.55,0.68,0.25,0.37,0.9,0.77,0.06,0.45,0.09,16221,1.909996509552002
0.55,0.68,0.25,0.37,0.89,0.76,0.06,0.44,0.09,16460,1.9150416851043701
0.55,0.68,0.25,0.37,0.9,0.77,0.05,0.45,0.09,15645,1.9180099964141846
0.56,0.68,0.25,0.37,0.89,0.76,0.06,0.45,0.09,15650,1.919011116027832
0.55,0.68,0.25,0.37,0.89,0.76,0.05,0.45,0.09,16061,1.9230108261108398
0.56,0.68,0.25,0.37,0.9,0.77,0.05,0.45,0.09,16246,1.9263911247253418
0.55,0.68,0.25,0.37,0.9,0.77,0.05,0.45,0.09,15971,1.930532693862915
0.56,0.68,0.25,0.37,0.89,0.77,0.05,0.45,0.09,16038,1.9314069747924805
0.55,0.68,0.25,0.37,0.9,0.77,0.06,0.45,0.09,16175,1.9355645179748535
0.55,0.68,0.25,0.37,0.9,0.77,0.05,0.45,0.09,16214,1.939575433731079
0.56,0.68,0.25,0.37,0.9,0.77,0.05,0.45,0.09,15709,1.9435884952545166
0.55,0.68,0.25,0.37,0.9,0.77,0.05,0.45,0.09,15898,1.9435884952545166
0.55,0.68,0.25,0.37,0.89,0.76,0.05,0.45,0.09,16245,1.9475898742675781
0.55,0.68,0.25,0.37,0.9,0.77,0.05,0.45,0.09,16104,1.9515886306762695
0.55,0.68,0.25,0.37,0.9,0.77,0.05,0.45,0.09,16173,1.9555888175964355
0.55,0.68,0.25,0.37,0.9,0.77,0.05,0.45,0.09,16074,1.9591343402862549
0.55,0.68,0.25,0.37,0.9,0.77,0.05,0.44,0.1,16287,1.9597523212432861
0.55,0.68,0.25,0.38,0.9,0.76,0.05,0.45,0.09,16412,1.9632947444915771
0.56,0.69,0.25,0.37,0.9,0.76,0.05,0.45,0.1,16265,1.9673418998718262
0.56,0.68,0.25,0.37,0.9,0.76,0.05,0.45,0.09,16134,1.9718348979949951
0.55,0.68,0.25,0.37,0.89,0.76,0.04,0.45,0.09,16091,1.9718348979949951
0.56,0.68,0.25,0.37,0.89,0.77,0.06,0.45,0.09,16298,1.9769673347473145
0.55,0.68,0.25,0.37,0.89,0.77,0.05,0.45,0.1,16253,1.9811418056488037
0.55,0.68,0.25,0.37,0.9,0.77,0.05,0.45,0.09,15746,1.984126329421997
0.55,0.68,0.26,0.37,0.9,0.77,0.05,0.45,0.09,15787,1.985138177871704
0.55,0.68,0.25,0.37,0.9,0.77,0.05,0.45,0.09,15980,1.9879519939422607
0.55,0.68,0.26,0.37,0.89,0.77,0.05,0.45,0.09,16485,1.9928221702575684
0.55,0.68,0.25,0.37,0.9,0.77,0.05,0.45,0.09,16086,1.9963762760162354
0.55,0.68,0.25,0.37,0.9,0.77,0.06,0.45,0.09,15621,1.9971954822540283
0.55,0.68,0.25,0.37,0.9,0.77,0.05,0.45,0.09,15932,2.0001778602600098
0.55,0.68,0.25,0.37,0.9,0.77,0.05,0.45,0.09,15859,2.0051803588867188
0.55,0.68,0.25,0.37,0.9,0.77,0.06,0.45,0.09,16194,2.0084710121154785
0.55,0.68,0.25,0.37,0.9,0.77,0.06,0.45,0.09,16007,2.0084710121154785
0.54,0.68,0.25,0.37,0.91,0.78,0.05,0.45,0.09,15794,2.0135111808776855
0.54,0.68,0.25,0.36,0.9,0.77,0.05,0.45,0.09,15885,2.0167934894561768
0.55,0.68,0.25,0.37,0.9,0.77,0.05,0.45,0.09,16086,2.0207200050354004
0.55,0.68,0.25,0.37,0.9,0.77,0.05,0.45,0.09,15993,2.0217854976654053
0.55,0.67,0.25,0.37,0.89,0.77,0.05,0.44,0.09,15784,2.0249345302581787
0.54,0.68,0.25,0.37,0.9,0.77,0.05,0.44,0.09,15959,2.0291476249694824
0.55,0.68,0.25,0.37,0.89,0.78,0.05,0.45,0.1,16654,2.0334839820861816
0.55,0.68,0.25,0.37,0.89,0.77,0.05,0.45,0.09,16219,2.0334839820861816
0.55,0.68,0.25,0.37,0.89,0.77,0.05,0.44,0.1,15766,2.037181854248047
0.54,0.68,0.25,0.37,0.9,0.77,0.05,0.45,0.09,16329,2.0411791801452637
0.55,0.68,0.25,0.37,0.9,0.77,0.05,0.44,0.09,16402,2.0461862087249756
0.55,0.68,0.25,0.37,0.9,0.77,0.05,0.45,0.09,16183,2.0494110584259033
0.55,0.68,0.25,0.37,0.9,0.77,0.05,0.45,0.1,15842,2.0494110584259033
0.55,0.68,0.25,0.37,0.9,0.77,0.05,0.45,0.09,15625,2.0534775257110596
0.55,0.68,0.26,0.37,0.89,0.77,0.05,0.45,0.1,15876,2.057434320449829
0.55,0.68,0.25,0.37,0.9,0.77,0.05,0.45,0.09,15801,2.061434030532837
0.55,0.68,0.25,0.37,0.9,0.77,0.05,0.45,0.1,16130,2.0626068115234375
0.55,0.68,0.25,0.37,0.9,0.77,0.05,0.45,0.09,16125,2.0656063556671143
0.55,0.68,0.25,0.37,0.9,0.77,0.05,0.45,0.09,15734,2.069836378097534
0.55,0.68,0.25,0.37,0.9,0.77,0.06,0.45,0.1,16123,2.0739314556121826
0.55,0.68,0.26,0.37,0.9,0.77,0.05,0.45,0.09,16230,2.074903726577759
0.55,0.68,0.25,0.37,0.9,0.77,0.05,0.45,0.1,15845,2.077930450439453
0.55,0.68,0.25,0.37,0.9,0.77,0.05,0.45,0.09,15556,2.083064079284668
0.55,0.68,0.26,0.37,0.9,0.77,0.05,0.44,0.1,15769,2.0860912799835205
0.55,0.68,0.25,0.37,0.9,0.77,0.05,0.45,0.09,16530,2.0870909690856934
0.55,0.68,0.25,0.38,0.9,0.77,0.05,0.44,0.09,16289,2.0904550552368164
0.55,0.68,0.25,0.37,0.9,0.77,0.06,0.45,0.09,16054,2.0957536697387695
0.55,0.68,0.25,0.37,0.9,0.77,0.05,0.45,0.09,16249,2.0987541675567627
0.55,0.68,0.25,0.37,0.9,0.77,0.05,0.45,0.09,16322,2.099733591079712
0.56,0.68,0.26,0.37,0.9,0.77,0.05,0.44,0.1,16277,2.102754831314087
0.55,0.68,0.25,0.37,0.9,0.77,0.06,0.45,0.1,15892,2.1074459552764893
0.55,0.68,0.25,0.37,0.9,0.77,0.06,0.45,0.09,15847,2.111525058746338
0.56,0.68,0.25,0.37,0.9,0.77,0.05,0.45,0.09,15952,2.112502098083496
0.55,0.68,0.25,0.38,0.9,0.76,0.05,0.45,0.1,15889,2.1155033111572266
0.55,0.68,0.25,0.37,0.9,0.77,0.05,0.44,0.1,15932,2.119206666946411
0.55,0.68,0.25,0.37,0.9,0.77,0.05,0.45,0.1,16455,2.1232311725616455
0.55,0.68,0.25,0.37,0.9,0.77,0.05,0.45,0.09,16638,2.127408504486084
0.55,0.68,0.25,0.37,0.9,0.77,0.05,0.45,0.09,16685,2.128464937210083
0.55,0.68,0.25,0.37,0.9,0.78,0.05,0.45,0.1,16746,2.131572723388672
0.55,0.68,0.25,0.37,0.9,0.77,0.05,0.45,0.1,16631,2.135998487472534
0.55,0.68,0.25,0.37,0.9,0.77,0.06,0.45,0.09,16352,2.1392364501953125
0.55,0.68,0.25,0.37,0.9,0.77,0.05,0.45,0.09,16383,2.1403064727783203
0.55,0.68,0.25,0.36,0.9,0.77,0.05,0.45,0.1,16276,2.14473819732666
0.55,0.69,0.25,0.37,0.9,0.77,0.05,0.45,0.09,15977,2.148186206817627
0.55,0.68,0.25,0.37,0.9,0.77,0.05,0.44,0.09,16152,2.1522395610809326
0.55,0.68,0.25,0.37,0.9,0.77,0.05,0.44,0.09,16093,2.1532018184661865
0.55,0.68,0.25,0.37,0.9,0.77,0.05,0.45,0.09,15910,2.1561853885650635
0.55,0.68,0.25,0.37,0.9,0.77,0.05,0.45,0.09,16163,2.1599349975585938
0.55,0.68,0.25,0.37,0.9,0.77,0.05,0.45,0.1,16572,2.1640536785125732
0.55,0.68,0.25,0.37,0.9,0.77,0.05,0.45,0.09,16609,2.165118932723999
0.55,0.68,0.25,0.37,0.9,0.77,0.06,0.45,0.1,16102,2.168243169784546
0.55,0.68,0.25,0.37,0.89,0.77,0.05,0.45,0.09,16611,2.172349691390991
0.55,0.68,0.25,0.37,0.9,0.77,0.05,0.45,0.09,17136,2.176713466644287
0.55,0.68,0.25,0.37,0.9,0.77,0.05,0.45,0.09,16481,2.176713466644287
0.55,0.68,0.25,0.37,0.9,0.77,0.05,0.45,0.09,15334,2.180680990219116
0.55,0.68,0.25,0.37,0.9,0.77,0.06,0.44,0.09,15839,2.184648275375366
0.55,0.68,0.25,0.37,0.9,0.77,0.05,0.44,0.08,16028,2.1896915435791016
0.55,0.68,0.25,0.37,0.9,0.77,0.05,0.44,0.09,16125,2.1896915435791016
0.55,0.68,0.25,0.37,0.9,0.77,0.05,0.44,0.09,16282,2.1928024291992188
0.55,0.68,0.25,0.37,0.9,0.77,0.06,0.44,0.09,16027,2.1978466510772705
0.55,0.68,0.25,0.37,0.9,0.77,0.05,0.44,0.09,16142,2.2018933296203613
0.55,0.68,0.25,0.37,0.9,0.78,0.05,0.44,0.09,16269,2.205246686935425
0.55,0.68,0.25,0.37,0.9,0.77,0.05,0.44,0.09,16118,2.2063100337982178
0.55,0.68,0.25,0.37,0.9,0.77,0.05,0.44,0.09,16233,2.208996534347534
0.55,0.68,0.25,0.37,0.9,0.77,0.05,0.44,0.09,16262,2.2135820388793945
0.55,0.68,0.25,0.37,0.9,0.77,0.05,0.44,0.09,16521,2.217599630355835
0.55,0.68,0.25,0.37,0.9,0.77,0.05,0.45,0.09,16314,2.2185614109039307
0.55,0.68,0.25,0.37,0.9,0.77,0.05,0.45,0.09,15885,2.221583843231201
0.55,0.68,0.25,0.37,0.9,0.77,0.05,0.44,0.09,15922,2.226794958114624
0.55,0.68,0.25,0.37,0.9,0.77,0.05,0.45,0.09,16007,2.2293076515197754
0.55,0.68,0.25,0.37,0.9,0.77,0.05,0.45,0.09,16066,2.2303731441497803
0.55,0.68,0.25,0.37,0.9,0.77,0.05,0.44,0.09,16173,2.233355760574341
0.55,0.68,0.25,0.37,0.9,0.77,0.06,0.44,0.09,16942,2.2383623123168945
0.55,0.68,0.25,0.37,0.9,0.77,0.05,0.45,0.09,16881,2.2419395446777344
0.55,0.68,0.25,0.37,0.9,0.77,0.05,0.44,0.09,16174,2.2429728507995605
0.55,0.69,0.25,0.37,0.9,0.77,0.05,0.45,0.09,16213,2.245572566986084
0.55,0.68,0.25,0.37,0.9,0.77,0.05,0.45,0.09,16172,2.250577688217163
0.55,0.68,0.25,0.37,0.9,0.77,0.05,0.44,0.09,16223,2.2545881271362305
0.55,0.68,0.25,0.37,0.9,0.77,0.05,0.45,0.09,15710,2.2545881271362305
0.55,0.68,0.25,0.37,0.9,0.78,0.05,0.44,0.09,15765,2.2585880756378174
0.55,0.68,0.25,0.37,0.9,0.77,0.05,0.44,0.09,16106,2.2630484104156494
0.55,0.68,0.25,0.37,0.9,0.77,0.05,0.44,0.09,16643,2.26704478263855
0.55,0.67,0.25,0.37,0.9,0.77,0.05,0.44,0.09,16748,2.2703921794891357
0.55,0.68,0.25,0.37,0.9,0.77,0.05,0.44,0.1,16043,2.2710623741149902
0.55,0.67,0.25,0.37,0.9,0.77,0.05,0.44,0.09,15916,2.27516770362854
0.55,0.67,0.25,0.37,0.9,0.77,0.06,0.44,0.09,16507,2.279273509979248
0.55,0.68,0.25,0.37,0.9,0.77,0.05,0.44,0.09,16506,2.2824885845184326
0.55,0.67,0.24,0.37,0.9,0.77,0.06,0.44,0.09,16439,2.2824885845184326
0.55,0.67,0.25,0.37,0.9,0.77,0.05,0.44,0.09,16498,2.2876462936401367
0.55,0.67,0.25,0.37,0.9,0.77,0.05,0.44,0.09,16035,2.291721820831299
0.55,0.67,0.25,0.37,0.9,0.77,0.05,0.44,0.1,16102,2.2949984073638916
0.56,0.68,0.25,0.37,0.9,0.77,0.05,0.44,0.09,16501,2.2960448265075684
0.55,0.68,0.25,0.36,0.9,0.77,0.05,0.45,0.09,16812,2.299227476119995
0.56,0.68,0.25,0.37,0.9,0.77,0.05,0.44,0.09,16777,2.3035128116607666
0.56,0.68,0.25,0.37,0.9,0.77,0.05,0.45,0.09,16754,2.3074984550476074
0.55,0.67,0.25,0.37,0.9,0.77,0.05,0.45,0.09,16355,2.3085591793060303
0.55,0.67,0.25,0.36,0.9,0.77,0.05,0.45,0.09,16100,2.31242299079895
0.55,0.68,0.25,0.37,0.91,0.77,0.06,0.45,0.09,16357,2.3162894248962402
0.55,0.67,0.25,0.36,0.9,0.77,0.05,0.44,0.09,16654,2.320406913757324
0.55,0.67,0.25,0.37,0.91,0.77,0.05,0.44,0.1,16235,2.320406913757324
0.55,0.67,0.25,0.37,0.9,0.77,0.05,0.44,0.09,16024,2.3243753910064697
0.55,0.67,0.25,0.37,0.91,0.77,0.05,0.44,0.09,16135,2.328453302383423
0.55,0.67,0.25,0.37,0.91,0.78,0.05,0.44,0.09,16502,2.3328328132629395
0.55,0.67,0.25,0.37,0.9,0.78,0.05,0.44,0.09,16499,2.3328328132629395
0.55,0.67,0.25,0.37,0.9,0.77,0.05,0.44,0.09,16064,2.337049961090088
0.55,0.67,0.25,0.37,0.9,0.77,0.05,0.44,0.1,16143,2.340339183807373
0.55,0.67,0.25,0.36,0.9,0.77,0.05,0.44,0.09,16210,2.3449389934539795
0.55,0.67,0.25,0.36,0.9,0.77,0.06,0.44,0.1,16301,2.348249912261963
0.55,0.67,0.25,0.37,0.9,0.77,0.05,0.44,0.09,16322,2.348904848098755
0.55,0.68,0.25,0.37,0.9,0.77,0.05,0.44,0.09,16403,2.352933406829834
0.55,0.68,0.25,0.37,0.9,0.77,0.05,0.44,0.09,16252,2.3579330444335938
0.55,0.68,0.25,0.37,0.9,0.77,0.05,0.45,0.1,16271,2.3605785369873047
0.55,0.68,0.25,0.37,0.9,0.77,0.05,0.44,0.09,16452,2.3605785369873047
0.55,0.68,0.25,0.37,0.9,0.77,0.05,0.44,0.1,16389,2.365689516067505
0.56,0.68,0.24,0.37,0.9,0.77,0.06,0.44,0.09,16216,2.369795560836792
0.56,0.68,0.25,0.36,0.91,0.77,0.05,0.44,0.09,16189,2.3730530738830566
0.55,0.68,0.25,0.37,0.9,0.77,0.05,0.44,0.09,16010,2.3737952709198
0.55,0.68,0.25,0.37,0.9,0.77,0.05,0.44,0.09,15185,2.377249002456665
0.55,0.68,0.25,0.37,0.9,0.77,0.05,0.44,0.09,15658,2.38153338432312
0.55,0.68,0.25,0.36,0.9,0.77,0.05,0.44,0.09,16125,2.3856306076049805
0.55,0.68,0.25,0.37,0.9,0.77,0.05,0.44,0.09,16574,2.386608600616455
0.56,0.68,0.25,0.37,0.9,0.77,0.06,0.44,0.1,16433,2.389232635498047
0.56,0.68,0.25,0.37,0.91,0.77,0.05,0.44,0.09,15930,2.3946447372436523
0.56,0.68,0.25,0.37,0.9,0.78,0.05,0.44,0.09,15971,2.39745831489563
0.56,0.68,0.25,0.37,0.9,0.77,0.05,0.45,0.1,16072,2.3984735012054443
0.56,0.68,0.25,0.37,0.9,0.77,0.05,0.44,0.09,15963,2.402477502822876
0.56,0.68,0.25,0.37,0.9,0.77,0.05,0.45,0.09,16064,2.4060475826263428
0.56,0.68,0.25,0.37,0.9,0.78,0.06,0.44,0.09,15877,2.410341262817383
0.56,0.68,0.25,0.37,0.9,0.77,0.06,0.45,0.09,15932,2.4141764640808105
0.56,0.68,0.25,0.37,0.9,0.77,0.05,0.44,0.09,16323,2.4141764640808105
0.56,0.68,0.25,0.37,0.9,0.77,0.06,0.45,0.09,16266,2.4181549549102783
0.56,0.68,0.25,0.37,0.9,0.77,0.06,0.44,0.1,15887,2.4224653244018555
0.56,0.68,0.25,0.37,0.9,0.78,0.05,0.45,0.09,15822,2.4261059761047363
0.56,0.68,0.25,0.38,0.9,0.78,0.06,0.44,0.09,16201,2.426849365234375
0.56,0.68,0.25,0.37,0.9,0.78,0.05,0.45,0.1,16062,2.4303557872772217
0.56,0.68,0.25,0.37,0.9,0.77,0.05,0.45,0.09,15833,2.434354305267334
0.56,0.68,0.25,0.37,0.9,0.78,0.05,0.44,0.09,16178,2.437467098236084
0.56,0.68,0.25,0.37,0.9,0.77,0.05,0.44,0.09,16247,2.4385881423950195
0.56,0.68,0.25,0.37,0.9,0.77,0.05,0.44,0.09,16238,2.4430501461029053
0.56,0.68,0.25,0.37,0.9,0.78,0.05,0.45,0.09,16253,2.4473276138305664
0.56,0.68,0.25,0.37,0.9,0.78,0.05,0.45,0.09,15958,2.4504189491271973
0.56,0.68,0.25,0.37,0.9,0.77,0.05,0.45,0.09,16359,2.4514079093933105
0.56,0.68,0.25,0.37,0.9,0.78,0.05,0.44,0.09,16286,2.4544148445129395
0.56,0.68,0.25,0.37,0.9,0.77,0.05,0.45,0.1,15965,2.4594006538391113
0.56,0.68,0.25,0.38,0.9,0.77,0.05,0.44,0.1,16178,2.463404417037964
0.56,0.68,0.25,0.37,0.9,0.77,0.05,0.44,0.09,16037,2.463404417037964
0.57,0.68,0.25,0.37,0.9,0.77,0.05,0.45,0.09,16046,2.467404842376709
0.56,0.68,0.25,0.37,0.91,0.77,0.05,0.45,0.1,15991,2.471417188644409
0.56,0.68,0.25,0.37,0.9,0.77,0.05,0.45,0.09,16128,2.475400447845459
0.56,0.68,0.25,0.37,0.91,0.77,0.05,0.45,0.1,16645,2.4792985916137695
0.56,0.68,0.25,0.36,0.9,0.77,0.06,0.44,0.09,16770,2.4800004959106445
0.56,0.68,0.25,0.37,0.9,0.77,0.05,0.44,0.09,16315,2.4840025901794434
0.55,0.68,0.25,0.37,0.9,0.78,0.05,0.44,0.1,15860,2.488456964492798
0.56,0.68,0.25,0.37,0.9,0.77,0.05,0.45,0.09,15659,2.4919302463531494
0.56,0.68,0.25,0.37,0.9,0.77,0.05,0.45,0.09,15966,2.4930052757263184
0.56,0.68,0.25,0.36,0.9,0.77,0.05,0.45,0.09,16099,2.49565052986145
0.56,0.68,0.25,0.37,0.9,0.77,0.06,0.44,0.1,15922,2.500387191772461
0.56,0.68,0.25,0.37,0.9,0.77,0.05,0.44,0.1,16459,2.5039241313934326
0.56,0.68,0.25,0.37,0.9,0.77,0.06,0.44,0.09,16006,2.504622459411621
0.56,0.68,0.25,0.37,0.9,0.77,0.05,0.45,0.1,15897,2.508624792098999
0.56,0.68,0.25,0.38,0.9,0.77,0.06,0.44,0.09,15870,2.513153314590454
0.56,0.68,0.25,0.37,0.9,0.78,0.05,0.44,0.1,16153,2.5161755084991455
0.56,0.68,0.25,0.37,0.9,0.77,0.05,0.44,0.09,16516,2.5161755084991455
0.56,0.68,0.25,0.37,0.9,0.77,0.05,0.44,0.09,16647,2.520541191101074
0.56,0.68,0.25,0.37,0.9,0.77,0.05,0.44,0.09,16278,2.525104522705078
0.56,0.68,0.25,0.37,0.9,0.77,0.05,0.44,0.09,15655,2.528843879699707
0.56,0.68,0.25,0.37,0.9,0.77,0.05,0.45,0.09,16098,2.5299184322357178
0.56,0.68,0.25,0.37,0.9,0.78,0.05,0.45,0.09,16153,2.532322645187378
0.55,0.68,0.25,0.37,0.9,0.78,0.05,0.45,0.1,16096,2.5376055240631104
0.56,0.68,0.25,0.38,0.9,0.78,0.05,0.45,0.09,15607,2.541142702102661
0.56,0.68,0.25,0.37,0.9,0.77,0.05,0.44,0.09,15628,2.542187452316284
0.56,0.68,0.25,0.37,0.9,0.77,0.06,0.45,0.1,16271,2.5456411838531494
0.56,0.68,0.25,0.37,0.9,0.77,0.05,0.45,0.09,16058,2.548981189727783
0.56,0.68,0.25,0.37,0.9,0.77,0.05,0.45,0.09,15925,2.553406000137329
0.56,0.68,0.25,0.37,0.91,0.77,0.05,0.45,0.09,16108,2.5564064979553223
0.56,0.68,0.25,0.37,0.9,0.77,0.06,0.45,0.09,16051,2.5574097633361816
0.56,0.68,0.25,0.37,0.9,0.77,0.05,0.45,0.09,16264,2.5614817142486572
0.56,0.68,0.25,0.37,0.9,0.77,0.06,0.45,0.09,16629,2.565497398376465
0.56,0.68,0.25,0.37,0.9,0.77,0.05,0.44,0.09,16054,2.5697944164276123
0.56,0.68,0.25,0.38,0.9,0.77,0.05,0.45,0.09,15883,2.5705080032348633
0.56,0.68,0.25,0.37,0.9,0.77,0.05,0.45,0.09,16064,2.573528528213501
0.56,0.68,0.25,0.37,0.9,0.77,0.05,0.45,0.09,15937,2.579108238220215
0.55,0.68,0.25,0.37,0.9,0.77,0.05,0.45,0.09,16144,2.582038164138794
0.56,0.68,0.25,0.37,0.9,0.77,0.05,0.44,0.09,16115,2.583109140396118
0.56,0.68,0.25,0.37,0.9,0.77,0.05,0.45,0.09,15826,2.5856478214263916
0.56,0.68,0.25,0.38,0.9,0.77,0.05,0.44,0.09,15829,2.5906546115875244
0.56,0.69,0.25,0.37,0.9,0.78,0.05,0.45,0.09,16138,2.5939218997955322
0.56,0.68,0.25,0.37,0.9,0.77,0.05,0.45,0.09,16009,2.5946476459503174
0.56,0.68,0.25,0.37,0.9,0.77,0.05,0.45,0.09,16152,2.599113941192627
0.56,0.68,0.25,0.37,0.9,0.77,0.05,0.45,0.09,16273,2.603111982345581
0.56,0.68,0.25,0.37,0.9,0.77,0.05,0.45,0.09,15870,2.606520652770996
0.56,0.68,0.25,0.37,0.9,0.77,0.05,0.45,0.09,15769,2.607224702835083
0.56,0.68,0.25,0.37,0.9,0.77,0.05,0.45,0.09,16038,2.6112239360809326
0.56,0.68,0.25,0.37,0.9,0.77,0.06,0.45,0.09,16665,2.6158881187438965
0.56,0.68,0.25,0.37,0.9,0.78,0.05,0.45,0.1,16410,2.619715690612793
0.55,0.68,0.25,0.36,0.9,0.77,0.05,0.44,0.09,16015,2.62294602394104
0.56,0.68,0.25,0.37,0.9,0.78,0.05,0.45,0.09,16516,2.623772621154785
0.55,0.68,0.25,0.37,0.9,0.78,0.05,0.45,0.09,16329,2.6281745433807373
0.56,0.68,0.25,0.37,0.9,0.78,0.06,0.45,0.09,16618,2.6314198970794678
0.55,0.68,0.25,0.37,0.9,0.78,0.05,0.45,0.1,16535,2.6351065635681152
0.56,0.68,0.25,0.37,0.9,0.78,0.05,0.45,0.1,15970,2.6358351707458496
0.56,0.68,0.25,0.37,0.9,0.78,0.05,0.46,0.09,16019,2.6388349533081055
0.55,0.68,0.25,0.37,0.9,0.78,0.05,0.45,0.09,16380,2.6438348293304443
0.56,0.68,0.25,0.37,0.9,0.78,0.05,0.45,0.09,16445,2.6471199989318848
0.56,0.68,0.25,0.37,0.9,0.78,0.05,0.45,0.09,16264,2.6478347778320312
0.56,0.68,0.25,0.37,0.9,0.78,0.05,0.45,0.09,16033,2.6519851684570312
0.56,0.68,0.25,0.38,0.9,0.77,0.05,0.45,0.09,16014,2.6562488079071045
0.56,0.68,0.25,0.37,0.9,0.77,0.05,0.45,0.1,15855,2.6602632999420166
0.56,0.68,0.25,0.38,0.9,0.78,0.05,0.45,0.1,15980,2.6602632999420166
0.56,0.68,0.25,0.37,0.9,0.78,0.05,0.45,0.09,16487,2.664306879043579
0.56,0.68,0.25,0.37,0.9,0.78,0.05,0.45,0.1,16250,2.6683168411254883
0.55,0.68,0.24,0.37,0.9,0.78,0.05,0.45,0.09,16105,2.672123908996582
0.56,0.68,0.25,0.37,0.9,0.78,0.05,0.45,0.09,16220,2.672899007797241
0.56,0.68,0.25,0.37,0.9,0.77,0.06,0.45,0.09,16349,2.676028251647949
0.56,0.68,0.25,0.38,0.9,0.78,0.05,0.45,0.09,16196,2.681046962738037
0.56,0.68,0.25,0.37,0.91,0.77,0.05,0.45,0.1,16065,2.6850764751434326
0.56,0.68,0.25,0.37,0.91,0.78,0.05,0.45,0.09,16334,2.6850764751434326
0.56,0.68,0.25,0.37,0.9,0.78,0.05,0.45,0.1,16323,2.689268112182617
0.56,0.68,0.25,0.37,0.91,0.78,0.05,0.45,0.09,16258,2.693268060684204
0.56,0.68,0.25,0.38,0.91,0.77,0.06,0.45,0.09,16285,2.6976006031036377
0.56,0.69,0.25,0.38,0.91,0.77,0.05,0.45,0.09,16152,2.7009170055389404
0.56,0.69,0.25,0.38,0.9,0.77,0.06,0.45,0.09,16347,2.701601028442383
0.56,0.69,0.25,0.37,0.9,0.77,0.05,0.45,0.09,16174,2.7059829235076904
0.56,0.68,0.25,0.37,0.91,0.78,0.05,0.45,0.09,16297,2.7091214656829834
0.56,0.68,0.25,0.37,0.91,0.78,0.05,0.45,0.1,16440,2.7128806114196777
0.56,0.68,0.25,0.36,0.91,0.78,0.05,0.45,0.09,16293,2.7136056423187256
0.56,0.69,0.25,0.37,0.9,0.77,0.05,0.45,0.09,16248,2.7178003787994385
0.56,0.69,0.25,0.37,0.91,0.77,0.05,0.45,0.09,16307,2.7218003273010254
0.56,0.69,0.25,0.37,0.9,0.77,0.05,0.45,0.09,16428,2.7254180908203125
0.56,0.69,0.25,0.38,0.91,0.78,0.05,0.45,0.09,16231,2.726226329803467
0.56,0.69,0.25,0.38,0.91,0.77,0.05,0.45,0.09,16064,2.72939395904541
0.56,0.68,0.25,0.38,0.9,0.77,0.06,0.45,0.09,16215,2.734440326690674
0.56,0.69,0.25,0.37,0.91,0.77,0.05,0.45,0.09,16444,2.738090753555298
0.56,0.69,0.25,0.38,0.91,0.78,0.06,0.45,0.09,16491,2.738090753555298
0.56,0.68,0.25,0.37,0.91,0.78,0.05,0.45,0.09,16484,2.7428083419799805
0.56,0.69,0.25,0.37,0.91,0.77,0.05,0.45,0.09,16113,2.745899200439453
0.56,0.68,0.25,0.37,0.91,0.77,0.05,0.45,0.09,16058,2.7499136924743652
0.56,0.68,0.25,0.37,0.91,0.77,0.06,0.45,0.09,16615,2.7508952617645264
0.56,0.69,0.25,0.38,0.9,0.77,0.05,0.45,0.09,17100,2.7540364265441895
0.56,0.68,0.25,0.37,0.9,0.77,0.05,0.45,0.09,16609,2.7590370178222656
0.56,0.69,0.25,0.37,0.9,0.77,0.05,0.45,0.1,16018,2.7630374431610107
0.56,0.68,0.25,0.38,0.9,0.77,0.05,0.45,0.09,15859,2.766063928604126
0.56,0.69,0.25,0.37,0.9,0.78,0.05,0.45,0.09,15796,2.766063928604126
0.56,0.69,0.25,0.37,0.91,0.77,0.05,0.45,0.09,15957,2.770341396331787
0.56,0.68,0.25,0.38,0.9,0.77,0.05,0.45,0.09,16086,2.775108575820923
0.56,0.69,0.25,0.37,0.91,0.77,0.05,0.45,0.09,16017,2.7791154384613037
0.57,0.68,0.25,0.38,0.9,0.77,0.06,0.45,0.09,16108,2.7791154384613037
0.56,0.69,0.25,0.37,0.91,0.77,0.05,0.45,0.09,16701,2.783904790878296
0.56,0.69,0.25,0.37,0.91,0.77,0.05,0.45,0.09,16950,2.7868289947509766
0.56,0.69,0.25,0.37,0.9,0.77,0.05,0.45,0.09,16473,2.790992498397827
0.56,0.69,0.25,0.37,0.91,0.77,0.05,0.45,0.09,16058,2.7918872833251953
0.56,0.69,0.25,0.37,0.9,0.77,0.06,0.44,0.09,16349,2.7953336238861084
0.56,0.69,0.25,0.38,0.91,0.77,0.05,0.45,0.09,16572,2.799560308456421
0.56,0.69,0.25,0.38,0.91,0.77,0.05,0.45,0.09,15875,2.803169012069702
0.56,0.69,0.25,0.38,0.91,0.77,0.06,0.45,0.09,15622,2.803899049758911
0.56,0.69,0.25,0.38,0.91,0.77,0.05,0.45,0.09,16077,2.8079001903533936
0.56,0.69,0.25,0.38,0.91,0.77,0.05,0.45,0.09,16278,2.811894655227661
0.56,0.69,0.25,0.37,0.91,0.77,0.05,0.45,0.09,16547,2.8152754306793213
0.56,0.69,0.25,0.37,0.91,0.78,0.05,0.45,0.09,16216,2.816326141357422
0.56,0.68,0.25,0.38,0.9,0.78,0.05,0.45,0.09,15679,2.8192861080169678
0.57,0.68,0.25,0.38,0.9,0.77,0.06,0.45,0.09,16136,2.8243699073791504
0.56,0.69,0.25,0.38,0.91,0.78,0.05,0.45,0.09,16213,2.828723430633545
0.56,0.69,0.25,0.37,0.91,0.78,0.06,0.45,0.09,15840,2.828723430633545
0.56,0.68,0.26,0.38,0.91,0.78,0.06,0.45,0.1,15595,2.8327713012695312
0.56,0.68,0.25,0.38,0.91,0.78,0.05,0.45,0.09,15826,2.836771011352539
0.56,0.68,0.25,0.38,0.92,0.78,0.05,0.45,0.09,16443,2.840770959854126
0.56,0.68,0.25,0.38,0.92,0.78,0.05,0.45,0.09,16466,2.843770980834961
0.56,0.68,0.25,0.38,0.91,0.77,0.06,0.45,0.09,15881,2.843770980834961
0.57,0.68,0.25,0.38,0.91,0.78,0.05,0.45,0.09,15918,2.8487539291381836
0.56,0.69,0.25,0.38,0.92,0.78,0.05,0.45,0.09,16157,2.8528974056243896
0.56,0.68,0.25,0.38,0.91,0.78,0.05,0.45,0.09,16322,2.8557705879211426
0.56,0.68,0.25,0.38,0.91,0.77,0.05,0.45,0.09,16335,2.856750011444092
0.56,0.68,0.25,0.37,0.91,0.77,0.05,0.45,0.09,16384,2.860783815383911
0.56,0.68,0.25,0.37,0.91,0.77,0.05,0.46,0.09,16053,2.864896297454834
0.56,0.68,0.25,0.37,0.91,0.77,0.05,0.45,0.09,15816,2.868976354598999
0.56,0.68,0.25,0.37,0.91,0.77,0.05,0.45,0.09,15983,2.868976354598999
0.56,0.68,0.25,0.37,0.92,0.77,0.05,0.45,0.09,15908,2.8737335205078125
0.56,0.68,0.25,0.38,0.91,0.77,0.05,0.45,0.09,15503,2.877197742462158
0.56,0.68,0.25,0.38,0.91,0.78,0.05,0.45,0.09,15996,2.881053924560547
0.55,0.68,0.25,0.37,0.91,0.77,0.05,0.45,0.09,16399,2.8821277618408203
0.56,0.68,0.26,0.38,0.91,0.78,0.05,0.45,0.1,16380,2.885099172592163
0.56,0.69,0.25,0.38,0.91,0.77,0.04,0.46,0.09,16425,2.890125036239624
0.56,0.68,0.26,0.37,0.91,0.78,0.05,0.45,0.1,16276,2.8934240341186523
0.56,0.68,0.25,0.38,0.91,0.77,0.05,0.45,0.09,16203,2.8944852352142334
0.56,0.68,0.25,0.37,0.91,0.78,0.05,0.45,0.1,15900,2.8980190753936768
0.56,0.68,0.25,0.37,0.91,0.78,0.05,0.45,0.09,15599,2.9020187854766846
0.56,0.68,0.25,0.37,0.91,0.78,0.05,0.46,0.09,15842,2.905712127685547
0.56,0.67,0.25,0.37,0.91,0.77,0.05,0.46,0.09,16037,2.909884452819824
0.56,0.68,0.25,0.37,0.91,0.78,0.05,0.45,0.1,16292,2.909884452819824
0.56,0.68,0.25,0.38,0.91,0.78,0.05,0.46,0.09,16397,2.9148671627044678
0.56,0.69,0.25,0.38,0.91,0.78,0.05,0.45,0.09,16708,2.9175426959991455
0.56,0.68,0.25,0.37,0.91,0.77,0.05,0.46,0.09,16419,2.9218804836273193
0.56,0.68,0.25,0.37,0.91,0.77,0.05,0.45,0.09,15980,2.922609567642212
0.56,0.68,0.25,0.37,0.91,0.77,0.05,0.45,0.09,16183,2.9269864559173584
0.56,0.68,0.25,0.38,0.91,0.78,0.05,0.45,0.09,15830,2.9302818775177
0.56,0.68,0.25,0.38,0.91,0.78,0.05,0.46,0.09,16119,2.934572696685791
0.56,0.68,0.25,0.38,0.91,0.77,0.05,0.45,0.09,16362,2.934572696685791
0.56,0.68,0.25,0.38,0.91,0.77,0.05,0.45,0.1,15791,2.9389543533325195
0.56,0.68,0.25,0.38,0.91,0.78,0.05,0.45,0.1,15580,2.9429571628570557
0.56,0.68,0.25,0.38,0.91,0.77,0.05,0.45,0.1,15901,2.9469571113586426
0.56,0.68,0.25,0.37,0.91,0.78,0.05,0.45,0.09,16024,2.9469571113586426
0.56,0.68,0.25,0.38,0.91,0.77,0.05,0.46,0.1,16399,2.9509570598602295
0.56,0.68,0.25,0.38,0.91,0.77,0.05,0.45,0.09,16688,2.954557180404663
0.56,0.68,0.26,0.38,0.92,0.78,0.05,0.45,0.1,16637,2.958285331726074
0.56,0.69,0.25,0.37,0.91,0.78,0.05,0.45,0.09,16682,2.95935320854187
0.56,0.68,0.25,0.38,0.91,0.78,0.05,0.45,0.09,16781,2.9633071422576904
0.56,0.68,0.25,0.37,0.91,0.78,0.06,0.45,0.09,16398,2.967461109161377
0.56,0.68,0.25,0.38,0.91,0.78,0.05,0.45,0.09,16169,2.971278190612793
0.56,0.68,0.25,0.37,0.91,0.77,0.06,0.45,0.09,15932,2.972334861755371
0.56,0.69,0.25,0.38,0.91,0.77,0.05,0.45,0.09,16059,2.9749104976654053
0.56,0.68,0.25,0.37,0.91,0.77,0.05,0.45,0.1,16330,2.9799439907073975
0.56,0.68,0.25,0.37,0.91,0.77,0.06,0.45,0.09,16287,2.9839437007904053
0.56,0.68,0.25,0.37,0.91,0.78,0.06,0.45,0.1,16128,2.987626791000366
0.56,0.68,0.25,0.37,0.91,0.77,0.05,0.45,0.09,16041,2.987626791000366
0.56,0.68,0.25,0.37,0.91,0.77,0.06,0.45,0.09,16262,2.9918742179870605
0.56,0.68,0.25,0.37,0.91,0.77,0.05,0.45,0.09,16239,2.995840311050415
0.56,0.68,0.25,0.37,0.91,0.78,0.06,0.45,0.09,16500,2.9993956089019775
0.56,0.68,0.25,0.38,0.91,0.78,0.05,0.45,0.09,15759,3.000417947769165
0.56,0.68,0.25,0.37,0.91,0.78,0.05,0.45,0.09,15910,3.004981756210327
0.56,0.68,0.25,0.37,0.9,0.77,0.05,0.45,0.09,16723,3.008950710296631
0.56,0.68,0.25,0.37,0.91,0.77,0.05,0.45,0.09,16418,3.012143850326538
0.56,0.68,0.25,0.38,0.91,0.77,0.05,0.45,0.09,16135,3.013368606567383
0.56,0.68,0.25,0.38,0.91,0.77,0.05,0.45,0.09,16174,3.016359806060791
0.56,0.68,0.25,0.37,0.9,0.77,0.05,0.45,0.09,16499,3.0203330516815186
0.56,0.68,0.25,0.37,0.9,0.78,0.06,0.45,0.09,16274,3.0245070457458496
0.55,0.68,0.25,0.36,0.9,0.78,0.05,0.45,0.09,16297,3.0245070457458496
0.56,0.68,0.25,0.37,0.9,0.77,0.05,0.44,0.1,16160,3.0291833877563477
0.56,0.68,0.25,0.37,0.91,0.78,0.05,0.45,0.09,15991,3.033057689666748
0.56,0.68,0.25,0.37,0.9,0.78,0.05,0.45,0.1,16368,3.0370569229125977
0.56,0.67,0.25,0.38,0.9,0.78,0.05,0.45,0.09,15839,3.0370569229125977
0.55,0.68,0.25,0.38,0.9,0.79,0.05,0.45,0.1,15712,3.0410525798797607
0.55,0.68,0.25,0.38,0.9,0.78,0.05,0.45,0.09,16109,3.0450572967529297
0.56,0.68,0.25,0.38,0.91,0.78,0.05,0.45,0.09,16938,3.0490505695343018
0.56,0.68,0.25,0.38,0.9,0.79,0.05,0.45,0.09,16555,3.0490505695343018
0.56,0.68,0.25,0.37,0.91,0.78,0.05,0.45,0.09,16084,3.0530502796173096
0.56,0.68,0.25,0.38,0.91,0.78,0.05,0.45,0.09,16083,3.0570521354675293
0.56,0.68,0.25,0.38,0.9,0.78,0.05,0.45,0.09,16354,3.0614542961120605
0.55,0.68,0.25,0.38,0.9,0.78,0.05,0.45,0.09,16371,3.064758539199829
0.56,0.68,0.25,0.38,0.9,0.78,0.06,0.45,0.09,16328,3.065779685974121
0.55,0.68,0.25,0.37,0.9,0.78,0.05,0.45,0.1,16055,3.0691452026367188
0.55,0.68,0.25,0.37,0.9,0.78,0.05,0.44,0.09,15974,3.074188470840454
0.55,0.68,0.25,0.37,0.9,0.78,0.05,0.44,0.09,16175,3.077188014984131
0.55,0.68,0.25,0.38,0.9,0.78,0.05,0.45,0.09,16094,3.078190803527832
0.56,0.68,0.25,0.38,0.9,0.78,0.05,0.45,0.09,16359,3.0814104080200195
0.56,0.68,0.25,0.38,0.9,0.78,0.05,0.45,0.09,16144,3.0862526893615723
0.55,0.68,0.25,0.38,0.9,0.78,0.05,0.44,0.09,16059,3.090320110321045
0.55,0.69,0.25,0.38,0.9,0.78,0.05,0.44,0.09,15906,3.090320110321045
0.55,0.68,0.25,0.37,0.9,0.78,0.05,0.45,0.1,15733,3.094390630722046
0.55,0.68,0.25,0.38,0.9,0.78,0.05,0.45,0.09,15740,3.0982110500335693
0.56,0.68,0.25,0.38,0.9,0.79,0.06,0.45,0.1,15731,3.102649688720703
0.56,0.69,0.25,0.38,0.9,0.78,0.05,0.45,0.1,16274,3.102649688720703
0.56,0.68,0.25,0.38,0.91,0.79,0.05,0.45,0.1,16425,3.1066625118255615
0.56,0.68,0.25,0.38,0.9,0.78,0.05,0.45,0.09,16310,3.1110029220581055
0.56,0.68,0.25,0.38,0.9,0.78,0.06,0.45,0.09,16139,3.1145479679107666
0.56,0.68,0.25,0.38,0.91,0.79,0.05,0.44,0.09,15864,3.1155598163604736
0.56,0.68,0.25,0.38,0.9,0.79,0.05,0.44,0.09,16061,3.118980646133423
0.55,0.68,0.25,0.38,0.9,0.79,0.05,0.45,0.09,16396,3.1232974529266357
0.56,0.69,0.25,0.38,0.91,0.79,0.05,0.44,0.09,16085,3.126556634902954
0.56,0.68,0.25,0.38,0.9,0.78,0.05,0.44,0.1,15800,3.1273138523101807
0.56,0.68,0.25,0.38,0.9,0.78,0.06,0.44,0.09,16291,3.1313138008117676
0.55,0.68,0.25,0.37,0.91,0.78,0.05,0.44,0.1,16774,3.135307788848877
0.55,0.68,0.25,0.38,0.9,0.78,0.05,0.44,0.09,17065,3.1392688751220703
0.56,0.68,0.25,0.38,0.91,0.78,0.05,0.44,0.09,16572,3.1426403522491455
0.56,0.68,0.25,0.38,0.9,0.78,0.06,0.44,0.1,16339,3.1436877250671387
0.55,0.68,0.25,0.37,0.9,0.77,0.05,0.44,0.1,16040,3.14770770072937
0.55,0.68,0.25,0.37,0.91,0.77,0.05,0.45,0.09,15947,3.151293992996216
0.55,0.68,0.25,0.37,0.91,0.78,0.05,0.45,0.1,16496,3.1555168628692627
0.55,0.68,0.25,0.37,0.9,0.78,0.06,0.45,0.09,16573,3.156572103500366
0.55,0.69,0.25,0.37,0.9,0.78,0.05,0.44,0.09,16054,3.160128116607666
0.55,0.68,0.25,0.37,0.91,0.78,0.06,0.44,0.09,15669,3.164127826690674
0.55,0.68,0.25,0.36,0.91,0.78,0.05,0.45,0.09,16014,3.168128490447998
0.55,0.68,0.25,0.37,0.9,0.78,0.06,0.44,0.09,16031,3.169123888015747
0.55,0.68,0.25,0.36,0.91,0.78,0.05,0.44,0.09,16182,3.172128438949585
0.55,0.68,0.25,0.37,0.9,0.78,0.05,0.44,0.09,16119,3.176635503768921
0.55,0.68,0.25,0.37,0.91,0.78,0.05,0.45,0.1,16174,3.179596424102783
0.55,0.68,0.25,0.37,0.9,0.78,0.05,0.45,0.09,16081,3.180668830871582
0.56,0.68,0.25,0.37,0.9,0.78,0.05,0.44,0.09,16432,3.184647798538208
0.55,0.68,0.25,0.37,0.91,0.78,0.05,0.45,0.09,16163,3.1891448497772217
0.56,0.67,0.25,0.37,0.9,0.78,0.05,0.45,0.1,15644,3.19242787361145
0.56,0.68,0.25,0.37,0.91,0.77,0.06,0.45,0.09,15885,3.193483352661133
0.57,0.68,0.25,0.37,0.91,0.78,0.05,0.45,0.1,15968,3.197099447250366
0.57,0.68,0.25,0.37,0.9,0.78,0.06,0.44,0.09,16123,3.201240301132202
0.56,0.67,0.25,0.37,0.91,0.78,0.05,0.45,0.1,16068,3.2054901123046875
0.57,0.68,0.25,0.37,0.91,0.78,0.05,0.45,0.09,16261,3.2054901123046875
0.56,0.68,0.25,0.37,0.91,0.77,0.05,0.45,0.1,15862,3.209473133087158
0.57,0.68,0.25,0.37,0.91,0.78,0.05,0.44,0.1,16001,3.213416814804077
0.56,0.68,0.25,0.37,0.91,0.77,0.06,0.45,0.1,16344,3.2175350189208984
0.56,0.68,0.25,0.37,0.9,0.77,0.06,0.44,0.09,16179,3.2175350189208984
0.56,0.68,0.25,0.37,0.91,0.78,0.05,0.45,0.09,16148,3.222031354904175
0.56,0.68,0.25,0.37,0.9,0.78,0.05,0.44,0.1,15887,3.226145029067993
0.56,0.68,0.25,0.37,0.91,0.78,0.05,0.44,0.1,15796,3.2292778491973877
0.56,0.68,0.25,0.37,0.91,0.78,0.05,0.44,0.09,15889,3.2333431243896484
0.56,0.68,0.25,0.37,0.9,0.77,0.06,0.44,0.09,15998,3.234330892562866
0.56,0.68,0.24,0.37,0.91,0.77,0.05,0.44,0.09,15885,3.2373673915863037
0.56,0.68,0.25,0.37,0.9,0.78,0.06,0.44,0.1,16010,3.2420027256011963
0.56,0.68,0.25,0.37,0.9,0.77,0.05,0.44,0.1,16353,3.2460029125213623
0.57,0.68,0.25,0.37,0.9,0.78,0.05,0.44,0.1,16600,3.2460029125213623
0.56,0.68,0.25,0.37,0.91,0.78,0.05,0.44,0.09,16733,3.249573230743408
0.56,0.68,0.25,0.37,0.9,0.78,0.05,0.45,0.09,16394,3.253796339035034
0.56,0.68,0.25,0.37,0.9,0.78,0.06,0.44,0.09,16053,3.257941246032715
0.57,0.68,0.25,0.37,0.9,0.77,0.06,0.44,0.09,16016,3.257941246032715
0.56,0.68,0.25,0.37,0.91,0.78,0.05,0.44,0.09,15949,3.2619311809539795
0.56,0.68,0.25,0.37,0.91,0.78,0.06,0.44,0.09,15654,3.2659339904785156
0.56,0.68,0.25,0.37,0.91,0.77,0.05,0.44,0.09,15729,3.269930839538574
0.56,0.68,0.25,0.37,0.91,0.78,0.05,0.44,0.09,16458,3.270930767059326
0.57,0.68,0.25,0.37,0.9,0.77,0.06,0.44,0.09,16459,3.273939847946167
0.57,0.68,0.25,0.37,0.91,0.77,0.06,0.44,0.09,16150,3.278980255126953
0.56,0.68,0.25,0.37,0.91,0.78,0.05,0.44,0.09,16193,3.2821152210235596
0.56,0.68,0.25,0.37,0.9,0.77,0.05,0.44,0.09,16278,3.2831649780273438
0.56,0.68,0.25,0.37,0.91,0.77,0.05,0.44,0.09,16463,3.2871522903442383
0.56,0.68,0.25,0.37,0.91,0.77,0.05,0.44,0.09,16086,3.291151523590088
0.56,0.68,0.25,0.37,0.9,0.78,0.05,0.44,0.09,15707,3.2951860427856445
0.57,0.68,0.25,0.37,0.91,0.78,0.05,0.44,0.1,15950,3.2986018657684326
0.56,0.68,0.25,0.37,0.91,0.77,0.05,0.44,0.09,15797,3.2986018657684326
0.57,0.68,0.25,0.37,0.9,0.78,0.05,0.45,0.09,16138,3.3039743900299072
0.57,0.68,0.25,0.37,0.91,0.77,0.05,0.44,0.09,16477,3.307199001312256
0.57,0.68,0.25,0.37,0.91,0.78,0.05,0.44,0.09,16316,3.3107945919036865
0.56,0.68,0.25,0.37,0.91,0.77,0.05,0.44,0.09,16201,3.311849594116211
0.56,0.68,0.25,0.37,0.9,0.78,0.05,0.44,0.09,16524,3.314579963684082
0.56,0.68,0.25,0.37,0.91,0.77,0.06,0.44,0.09,16437,3.319563388824463
0.56,0.68,0.25,0.37,0.91,0.78,0.05,0.44,0.09,16198,3.323491096496582
0.56,0.68,0.25,0.38,0.91,0.78,0.06,0.44,0.09,15845,3.3245465755462646
0.56,0.68,0.25,0.37,0.91,0.78,0.05,0.44,0.09,15618,3.327540159225464
0.56,0.67,0.25,0.37,0.91,0.78,0.06,0.44,0.09,15649,3.3320767879486084
0.56,0.68,0.25,0.37,0.91,0.78,0.06,0.44,0.09,15892,3.3358116149902344
0.56,0.68,0.25,0.37,0.91,0.78,0.05,0.44,0.09,16113,3.33711838722229
0.56,0.68,0.25,0.37,0.92,0.78,0.06,0.44,0.09,16168,3.3408055305480957
0.56,0.68,0.25,0.37,0.91,0.78,0.05,0.44,0.09,16299,3.3437764644622803
0.56,0.68,0.25,0.37,0.91,0.78,0.05,0.44,0.1,15852,3.3480513095855713
0.56,0.68,0.25,0.37,0.91,0.78,0.05,0.44,0.1,15511,3.3487939834594727
0.56,0.67,0.25,0.37,0.91,0.78,0.06,0.44,0.09,16024,3.3519983291625977
0.56,0.68,0.25,0.37,0.91,0.78,0.05,0.44,0.09,16423,3.3562238216400146
0.57,0.68,0.25,0.37,0.91,0.78,0.06,0.44,0.09,16064,3.3605146408081055
0.56,0.67,0.25,0.37,0.91,0.78,0.05,0.44,0.09,15985,3.361222505569458
0.57,0.68,0.25,0.37,0.91,0.78,0.05,0.44,0.09,16398,3.3644556999206543
0.56,0.67,0.25,0.38,0.91,0.78,0.06,0.44,0.09,16317,3.3685624599456787
0.56,0.67,0.25,0.37,0.91,0.77,0.05,0.44,0.09,16190,3.3731484413146973
0.56,0.68,0.25,0.37,0.91,0.78,0.06,0.44,0.09,15831,3.376614570617676
0.56,0.68,0.25,0.37,0.91,0.78,0.05,0.45,0.09,15754,3.376614570617676
0.56,0.68,0.25,0.37,0.91,0.78,0.05,0.44,0.09,16445,3.380706548690796
0.56,0.68,0.25,0.37,0.91,0.78,0.05,0.44,0.09,16546,3.3856191635131836
0.56,0.68,0.25,0.38,0.91,0.78,0.05,0.44,0.1,16497,3.389012336730957
0.56,0.68,0.25,0.37,0.91,0.77,0.05,0.44,0.09,16174,3.390087366104126
0.56,0.69,0.25,0.37,0.91,0.78,0.05,0.44,0.09,15953,3.3931877613067627
0.57,0.68,0.25,0.38,0.91,0.78,0.05,0.44,0.09,16098,3.3975887298583984
0.57,0.68,0.25,0.37,0.91,0.78,0.05,0.44,0.09,16135,3.4016339778900146
0.57,0.68,0.25,0.37,0.91,0.78,0.05,0.44,0.1,16014,3.4016339778900146
0.57,0.68,0.25,0.37,0.91,0.78,0.05,0.44,0.09,16187,3.4058098793029785
0.57,0.68,0.25,0.37,0.91,0.78,0.05,0.44,0.09,16108,3.4098098278045654
0.57,0.68,0.25,0.37,0.91,0.77,0.05,0.44,0.09,16377,3.4131367206573486
0.57,0.68,0.25,0.37,0.91,0.78,0.05,0.44,0.09,15998,3.414407730102539
0.57,0.68,0.25,0.37,0.91,0.78,0.05,0.44,0.09,16117,3.417370319366455
0.57,0.69,0.25,0.37,0.91,0.77,0.05,0.44,0.09,16558,3.4227371215820312
0.57,0.68,0.25,0.37,0.91,0.78,0.05,0.44,0.09,16231,3.426180839538574
0.57,0.68,0.25,0.37,0.9,0.77,0.05,0.44,0.09,15838,3.42716646194458
0.57,0.68,0.25,0.37,0.91,0.78,0.05,0.45,0.09,15903,3.4294421672821045
0.56,0.68,0.25,0.37,0.9,0.78,0.06,0.44,0.09,16108,3.4347329139709473
0.57,0.68,0.25,0.37,0.91,0.78,0.05,0.44,0.1,15697,3.438732385635376
0.57,0.68,0.25,0.37,0.91,0.78,0.05,0.44,0.1,15800,3.4422571659088135
0.57,0.68,0.25,0.37,0.91,0.78,0.05,0.44,0.09,16107,3.4432432651519775
0.57,0.68,0.25,0.37,0.91,0.78,0.06,0.45,0.09,16412,3.446545362472534
0.57,0.68,0.25,0.37,0.91,0.78,0.05,0.44,0.09,16851,3.4503073692321777
0.56,0.68,0.25,0.37,0.9,0.78,0.05,0.44,0.09,16394,3.454878807067871
0.57,0.68,0.25,0.37,0.9,0.78,0.05,0.45,0.09,15913,3.454878807067871
0.57,0.69,0.25,0.37,0.9,0.78,0.05,0.45,0.09,16318,3.4579527378082275
0.57,0.69,0.25,0.37,0.9,0.78,0.06,0.45,0.09,15797,3.4632346630096436
0.57,0.68,0.25,0.37,0.9,0.78,0.05,0.44,0.09,15554,3.4662668704986572
0.57,0.68,0.25,0.37,0.9,0.78,0.05,0.45,0.1,15889,3.467266082763672
0.57,0.69,0.25,0.37,0.9,0.78,0.06,0.44,0.09,15746,3.4713001251220703
0.57,0.69,0.25,0.37,0.91,0.78,0.06,0.45,0.09,16021,3.475843667984009
0.57,0.68,0.25,0.37,0.91,0.78,0.05,0.45,0.09,16158,3.4787631034851074
0.57,0.68,0.25,0.37,0.9,0.78,0.05,0.44,0.09,16555,3.4798359870910645
0.57,0.68,0.25,0.37,0.9,0.78,0.05,0.44,0.09,16534,3.4830667972564697
0.57,0.69,0.25,0.37,0.9,0.78,0.05,0.45,0.1,16371,3.4872262477874756
0.57,0.68,0.26,0.37,0.91,0.78,0.05,0.44,0.09,16080,3.4915428161621094
0.56,0.69,0.25,0.37,0.91,0.78,0.05,0.44,0.09,16405,3.4926135540008545
0.56,0.69,0.25,0.37,0.91,0.78,0.05,0.44,0.09,16078,3.495615243911743
0.57,0.68,0.25,0.37,0.9,0.78,0.05,0.44,0.09,16071,3.499988555908203
0.57,0.68,0.25,0.37,0.9,0.78,0.05,0.44,0.09,16014,3.503997802734375
0.57,0.68,0.25,0.37,0.91,0.79,0.05,0.44,0.1,15929,3.5073351860046387
0.57,0.68,0.25,0.37,0.9,0.78,0.05,0.44,0.09,16262,3.507997989654541
0.57,0.68,0.25,0.37,0.91,0.78,0.05,0.44,0.1,16443,3.51198148727417
0.57,0.68,0.25,0.37,0.91,0.78,0.05,0.44,0.09,15836,3.515866756439209
0.57,0.68,0.25,0.37,0.91,0.78,0.05,0.44,0.09,15953,3.5197505950927734
0.56,0.68,0.25,0.37,0.91,0.78,0.06,0.44,0.09,16358,3.5197505950927734
0.57,0.68,0.25,0.37,0.9,0.78,0.05,0.44,0.09,17063,3.525080442428589
0.57,0.69,0.25,0.37,0.9,0.78,0.05,0.45,0.09,16864,3.529106616973877
0.57,0.68,0.25,0.37,0.91,0.78,0.05,0.44,0.09,16381,3.532076835632324
0.57,0.68,0.25,0.37,0.91,0.78,0.06,0.44,0.09,16084,3.5330862998962402
0.57,0.69,0.25,0.37,0.9,0.78,0.05,0.44,0.09,16065,3.537106513977051
0.57,0.68,0.25,0.37,0.9,0.78,0.05,0.44,0.09,16740,3.5411815643310547
0.57,0.68,0.25,0.37,0.91,0.78,0.05,0.44,0.09,15981,3.544945001602173
0.57,0.69,0.25,0.37,0.91,0.78,0.05,0.45,0.09,15764,3.5459887981414795
0.57,0.68,0.25,0.37,0.91,0.78,0.06,0.44,0.09,16289,3.5483524799346924
0.57,0.69,0.25,0.37,0.91,0.78,0.05,0.44,0.09,16282,3.5528173446655273
0.56,0.69,0.25,0.37,0.91,0.78,0.05,0.44,0.09,15931,3.5572547912597656
0.57,0.68,0.25,0.37,0.9,0.78,0.05,0.44,0.09,15926,3.5572547912597656
0.57,0.68,0.25,0.37,0.91,0.78,0.06,0.44,0.09,16177,3.5619986057281494
0.57,0.69,0.25,0.37,0.91,0.78,0.05,0.45,0.09,16068,3.565556764602661
0.57,0.69,0.25,0.37,0.91,0.78,0.05,0.45,0.09,16165,3.5695621967315674
0.57,0.68,0.25,0.37,0.91,0.78,0.06,0.45,0.09,16102,3.570554494857788
0.57,0.68,0.25,0.37,0.91,0.78,0.05,0.44,0.09,16165,3.5735630989074707
0.57,0.68,0.25,0.37,0.91,0.78,0.05,0.44,0.1,16090,3.5775630474090576
0.57,0.68,0.25,0.37,0.91,0.78,0.06,0.44,0.1,16069,3.58248233795166
0.57,0.68,0.25,0.37,0.91,0.78,0.06,0.44,0.1,16012,3.5857059955596924
0.57,0.68,0.25,0.37,0.9,0.78,0.05,0.44,0.1,16001,3.5857059955596924
0.57,0.68,0.25,0.37,0.91,0.78,0.05,0.44,0.1,16190,3.589332342147827
0.57,0.68,0.26,0.37,0.91,0.78,0.05,0.44,0.09,16299,3.594639778137207
0.57,0.69,0.25,0.37,0.9,0.78,0.05,0.44,0.09,16252,3.5981979370117188
0.57,0.69,0.25,0.37,0.9,0.78,0.05,0.44,0.09,16069,3.599214792251587
0.57,0.68,0.25,0.37,0.9,0.78,0.05,0.44,0.09,16484,3.6022167205810547
0.56,0.69,0.25,0.37,0.9,0.78,0.05,0.45,0.09,16611,3.605586051940918
0.57,0.68,0.25,0.37,0.9,0.78,0.05,0.45,0.09,16242,3.610356569290161
0.57,0.69,0.25,0.37,0.91,0.78,0.05,0.45,0.1,16017,3.6113224029541016
0.57,0.69,0.25,0.37,0.91,0.78,0.06,0.45,0.09,16186,3.6152069568634033
0.57,0.69,0.25,0.37,0.9,0.78,0.06,0.45,0.1,16591,3.6185696125030518
0.57,0.69,0.25,0.37,0.91,0.78,0.05,0.45,0.09,16650,3.622446060180664
0.57,0.69,0.25,0.37,0.91,0.78,0.05,0.45,0.09,16411,3.6235008239746094
0.57,0.68,0.25,0.37,0.91,0.78,0.05,0.44,0.1,16190,3.6271932125091553
0.57,0.69,0.25,0.37,0.91,0.78,0.05,0.45,0.09,16299,3.6304078102111816
0.57,0.69,0.25,0.36,0.91,0.78,0.06,0.45,0.09,16044,3.6354551315307617
0.57,0.69,0.25,0.37,0.91,0.78,0.05,0.44,0.09,15893,3.6354551315307617
0.57,0.69,0.25,0.37,0.91,0.78,0.05,0.44,0.09,15710,3.63926100730896
0.57,0.68,0.25,0.37,0.9,0.78,0.05,0.44,0.09,15813,3.6436655521392822
0.57,0.68,0.25,0.37,0.91,0.78,0.05,0.44,0.09,15944,3.647099256515503
0.57,0.68,0.25,0.37,0.9,0.78,0.05,0.44,0.1,16117,3.6513473987579346
0.57,0.68,0.25,0.37,0.9,0.78,0.05,0.44,0.09,16502,3.6513473987579346
0.57,0.69,0.26,0.37,0.91,0.78,0.05,0.44,0.09,16775,3.655364513397217
0.57,0.69,0.25,0.37,0.9,0.77,0.05,0.44,0.09,16366,3.660022258758545
0.57,0.68,0.25,0.36,0.91,0.77,0.05,0.44,0.09,16499,3.6633617877960205
0.57,0.69,0.26,0.37,0.91,0.78,0.05,0.44,0.09,16614,3.6640214920043945
0.57,0.69,0.26,0.37,0.9,0.78,0.05,0.44,0.1,16459,3.6680209636688232
0.57,0.68,0.25,0.37,0.91,0.78,0.05,0.44,0.09,16414,3.672389030456543
0.57,0.69,0.25,0.37,0.91,0.78,0.05,0.44,0.09,15871,3.6756529808044434
0.57,0.68,0.25,0.37,0.91,0.78,0.05,0.44,0.09,15796,3.6756529808044434
0.57,0.69,0.25,0.37,0.91,0.78,0.05,0.44,0.09,16287,3.67970871925354
0.56,0.69,0.25,0.37,0.9,0.78,0.05,0.44,0.09,16182,3.683727979660034
0.57,0.69,0.25,0.37,0.91,0.78,0.05,0.44,0.1,15861,3.687918186187744
0.57,0.68,0.25,0.37,0.91,0.78,0.05,0.44,0.09,15610,3.6887292861938477
0.57,0.69,0.25,0.37,0.9,0.78,0.05,0.45,0.09,15943,3.69226336479187
0.57,0.69,0.25,0.37,0.91,0.77,0.06,0.44,0.09,16802,3.6965384483337402
0.57,0.69,0.25,0.37,0.91,0.78,0.05,0.44,0.09,16761,3.699993371963501
0.57,0.69,0.25,0.37,0.91,0.78,0.05,0.45,0.09,16054,3.7007477283477783
0.57,0.69,0.25,0.37,0.91,0.78,0.05,0.44,0.09,15923,3.705061674118042
0.57,0.69,0.25,0.37,0.91,0.78,0.05,0.44,0.09,16108,3.708463191986084
0.57,0.69,0.25,0.37,0.91,0.78,0.06,0.44,0.09,16295,3.7128541469573975
0.57,0.69,0.25,0.38,0.91,0.78,0.05,0.44,0.09,16200,3.7128541469573975
0.57,0.69,0.25,0.37,0.91,0.78,0.05,0.44,0.09,16227,3.7168266773223877
0.57,0.69,0.25,0.37,0.91,0.78,0.06,0.44,0.09,16288,3.721359968185425
0.57,0.68,0.25,0.37,0.91,0.78,0.05,0.44,0.09,16239,3.724391222000122
0.57,0.69,0.25,0.37,0.91,0.78,0.05,0.44,0.09,16286,3.728623867034912
0.57,0.69,0.25,0.37,0.91,0.78,0.05,0.44,0.09,15991,3.729377031326294
0.57,0.69,0.25,0.37,0.9,0.78,0.05,0.45,0.09,15962,3.7324435710906982
0.57,0.69,0.25,0.37,0.91,0.78,0.05,0.45,0.09,15921,3.7374050617218018
0.57,0.69,0.25,0.37,0.91,0.78,0.05,0.45,0.09,16280,3.7407350540161133
0.57,0.69,0.25,0.37,0.91,0.78,0.05,0.45,0.09,16513,3.7414426803588867
0.57,0.69,0.25,0.37,0.91,0.78,0.05,0.44,0.09,16450,3.745981454849243
0.57,0.69,0.25,0.37,0.91,0.78,0.06,0.45,0.09,16645,3.7490036487579346
0.57,0.69,0.25,0.37,0.9,0.78,0.05,0.44,0.1,16574,3.7534990310668945
0.57,0.69,0.25,0.37,0.9,0.78,0.05,0.44,0.09,16375,3.7534990310668945
0.57,0.69,0.25,0.37,0.9,0.78,0.05,0.44,0.09,16248,3.757474899291992
0.57,0.69,0.25,0.37,0.91,0.78,0.05,0.44,0.09,15799,3.762120485305786
0.57,0.69,0.25,0.37,0.91,0.78,0.05,0.44,0.09,15870,3.7662949562072754
0.57,0.69,0.25,0.37,0.9,0.79,0.06,0.44,0.09,16285,3.7672929763793945
0.57,0.69,0.25,0.37,0.91,0.79,0.05,0.44,0.09,16096,3.7702720165252686
0.57,0.69,0.25,0.37,0.9,0.79,0.05,0.44,0.09,16025,3.775094985961914
0.57,0.7,0.25,0.37,0.91,0.78,0.05,0.45,0.09,15882,3.7777485847473145
0.57,0.69,0.25,0.37,0.91,0.79,0.06,0.44,0.1,15867,3.7788000106811523
0.57,0.69,0.25,0.37,0.91,0.78,0.05,0.44,0.09,15782,3.7818377017974854
0.57,0.69,0.25,0.37,0.9,0.78,0.05,0.44,0.1,15655,3.786440372467041
0.57,0.69,0.25,0.37,0.9,0.78,0.05,0.44,0.09,15678,3.7905092239379883
0.57,0.69,0.25,0.37,0.9,0.78,0.05,0.44,0.09,15569,3.794367790222168
0.57,0.69,0.25,0.37,0.9,0.78,0.05,0.44,0.09,15506,3.795111894607544
0.57,0.69,0.25,0.37,0.9,0.78,0.06,0.44,0.09,16085,3.7981114387512207
0.57,0.69,0.25,0.37,0.91,0.78,0.05,0.44,0.09,16372,3.802659273147583
0.57,0.69,0.25,0.37,0.9,0.78,0.05,0.44,0.09,16401,3.806685447692871
0.57,0.69,0.25,0.37,0.9,0.78,0.05,0.44,0.09,16280,3.8074159622192383
0.57,0.69,0.25,0.37,0.9,0.78,0.05,0.44,0.09,16105,3.8120028972625732
0.57,0.69,0.25,0.37,0.9,0.79,0.05,0.44,0.09,16396,3.814990520477295
0.57,0.69,0.25,0.37,0.9,0.78,0.05,0.44,0.09,16355,3.8190345764160156
0.57,0.69,0.25,0.37,0.9,0.78,0.06,0.44,0.09,16306,3.820115089416504
0.57,0.69,0.25,0.37,0.9,0.78,0.05,0.45,0.09,16113,3.823751926422119
0.57,0.69,0.25,0.37,0.9,0.78,0.05,0.44,0.09,16382,3.828080177307129
0.57,0.69,0.25,0.37,0.9,0.78,0.05,0.44,0.09,16083,3.83158016204834
0.57,0.69,0.25,0.37,0.9,0.78,0.05,0.44,0.09,15794,3.832571268081665
0.58,0.69,0.25,0.37,0.9,0.78,0.05,0.44,0.09,16085,3.8357675075531006
0.57,0.69,0.25,0.37,0.9,0.78,0.05,0.44,0.09,16288,3.8397741317749023
0.57,0.69,0.25,0.37,0.9,0.78,0.06,0.44,0.09,15869,3.843782424926758
0.57,0.69,0.25,0.37,0.9,0.79,0.05,0.44,0.09,16084,3.843782424926758
0.57,0.69,0.25,0.37,0.9,0.79,0.05,0.44,0.09,16105,3.8479092121124268
0.57,0.69,0.25,0.38,0.9,0.79,0.06,0.44,0.1,15992,3.852004289627075
0.56,0.7,0.25,0.38,0.9,0.78,0.06,0.44,0.09,16501,3.8560566902160645
0.57,0.69,0.25,0.37,0.9,0.79,0.05,0.44,0.1,16484,3.859081506729126
0.57,0.69,0.25,0.38,0.9,0.78,0.05,0.44,0.09,16405,3.8600573539733887
0.57,0.69,0.25,0.37,0.9,0.78,0.05,0.44,0.09,16330,3.8644673824310303
0.57,0.69,0.25,0.37,0.9,0.79,0.05,0.45,0.09,16353,3.868468761444092
0.57,0.69,0.25,0.37,0.9,0.78,0.05,0.44,0.09,16366,3.8720083236694336
0.57,0.69,0.25,0.37,0.9,0.79,0.05,0.44,0.09,16021,3.8725695610046387
0.57,0.69,0.25,0.37,0.9,0.78,0.05,0.44,0.09,15930,3.8764703273773193
0.57,0.69,0.25,0.38,0.91,0.78,0.05,0.44,0.1,15937,3.881525993347168
0.57,0.69,0.25,0.37,0.9,0.78,0.06,0.44,0.09,16230,3.884511947631836
0.57,0.68,0.25,0.37,0.9,0.78,0.05,0.44,0.09,16659,3.884511947631836
0.57,0.68,0.25,0.37,0.9,0.78,0.05,0.44,0.09,16588,3.8892388343811035
0.57,0.69,0.25,0.37,0.9,0.79,0.05,0.44,0.09,15885,3.892543315887451
0.57,0.69,0.25,0.37,0.91,0.79,0.05,0.44,0.09,15860,3.897008180618286
0.57,0.69,0.25,0.37,0.9,0.78,0.05,0.44,0.09,15505,3.897008180618286
0.57,0.69,0.25,0.38,0.91,0.78,0.05,0.44,0.09,15796,3.9005894660949707
0.57,0.69,0.25,0.37,0.9,0.78,0.05,0.44,0.09,15671,3.905621290206909
0.57,0.68,0.25,0.38,0.91,0.78,0.05,0.44,0.09,15870,3.9086198806762695
0.57,0.68,0.25,0.37,0.9,0.78,0.05,0.44,0.09,16131,3.909621000289917
0.58,0.69,0.25,0.37,0.9,0.78,0.05,0.44,0.09,16430,3.912905216217041
0.57,0.69,0.25,0.38,0.9,0.78,0.05,0.44,0.09,16139,3.917001724243164
0.57,0.69,0.25,0.37,0.91,0.78,0.05,0.44,0.09,16408,3.9211885929107666
0.57,0.68,0.25,0.37,0.9,0.78,0.05,0.44,0.09,16475,3.9221675395965576
0.57,0.69,0.25,0.38,0.91,0.78,0.06,0.44,0.09,15742,3.926185369491577
0.57,0.69,0.25,0.38,0.9,0.78,0.05,0.43,0.09,15707,3.929403066635132
0.57,0.68,0.25,0.37,0.9,0.79,0.05,0.44,0.09,16116,3.9334466457366943
0.56,0.68,0.25,0.38,0.9,0.78,0.05,0.45,0.09,16065,3.937467336654663
0.57,0.68,0.25,0.38,0.9,0.78,0.05,0.44,0.09,16420,3.937467336654663
0.57,0.68,0.25,0.38,0.91,0.78,0.06,0.44,0.09,16063,3.942434310913086
0.57,0.68,0.25,0.38,0.9,0.78,0.05,0.44,0.09,15628,3.946082353591919
0.57,0.69,0.25,0.38,0.9,0.78,0.05,0.44,0.09,15925,3.949589729309082
0.57,0.68,0.25,0.38,0.9,0.78,0.05,0.44,0.09,16346,3.949589729309082
0.57,0.68,0.25,0.38,0.9,0.78,0.05,0.44,0.09,16209,3.9536595344543457
0.57,0.68,0.25,0.38,0.9,0.78,0.05,0.44,0.09,16136,3.9586594104766846
0.57,0.68,0.25,0.38,0.91,0.78,0.06,0.44,0.09,16231,3.9626717567443848
0.57,0.68,0.25,0.38,0.9,0.78,0.05,0.44,0.09,16344,3.9626717567443848
0.57,0.68,0.25,0.38,0.9,0.78,0.06,0.44,0.09,16191,3.966789484024048
0.56,0.68,0.25,0.37,0.91,0.78,0.05,0.44,0.09,15678,3.970639228820801
0.57,0.68,0.25,0.38,0.91,0.78,0.05,0.44,0.09,15759,3.974707841873169
0.57,0.68,0.25,0.38,0.91,0.78,0.05,0.44,0.09,16440,3.9757635593414307
0.56,0.69,0.25,0.38,0.91,0.78,0.05,0.44,0.09,16675,3.978756904602051
0.57,0.68,0.25,0.38,0.91,0.78,0.05,0.44,0.09,16218,3.983994722366333
0.57,0.68,0.25,0.38,0.9,0.79,0.05,0.44,0.09,16419,3.986482620239258
0.58,0.68,0.25,0.38,0.91,0.79,0.05,0.44,0.09,16524,3.987529754638672
0.57,0.68,0.25,0.38,0.9,0.79,0.05,0.45,0.09,15993,3.9917685985565186
0.57,0.68,0.25,0.38,0.91,0.78,0.05,0.44,0.09,15844,3.9952549934387207
0.57,0.68,0.25,0.38,0.91,0.79,0.05,0.44,0.09,16109,3.999593734741211
0.57,0.68,0.25,0.37,0.91,0.78,0.05,0.44,0.09,15850,4.0033628940582275
0.57,0.68,0.25,0.37,0.91,0.78,0.05,0.44,0.09,16175,4.004133224487305
0.57,0.69,0.25,0.38,0.91,0.79,0.05,0.44,0.09,16414,4.0074462890625
0.57,0.68,0.25,0.37,0.91,0.79,0.05,0.44,0.09,16173,4.0115978717803955
0.56,0.69,0.25,0.38,0.9,0.79,0.05,0.44,0.09,16354,4.014779567718506
0.56,0.68,0.25,0.38,0.91,0.79,0.05,0.44,0.09,16485,4.01592230796814
0.57,0.68,0.25,0.38,0.91,0.78,0.06,0.44,0.09,16666,4.020756721496582
0.57,0.68,0.25,0.38,0.91,0.78,0.05,0.44,0.09,16203,4.023633003234863
0.57,0.68,0.25,0.38,0.91,0.78,0.06,0.44,0.09,16398,4.027666330337524
0.56,0.68,0.25,0.38,0.91,0.78,0.05,0.44,0.09,16775,4.027666330337524
0.56,0.68,0.26,0.38,0.91,0.78,0.05,0.44,0.09,16470,4.032249212265015
0.57,0.68,0.26,0.38,0.91,0.78,0.05,0.44,0.09,16019,4.037277936935425
0.57,0.68,0.26,0.38,0.91,0.78,0.05,0.44,0.09,15812,4.040112733840942
0.57,0.68,0.25,0.38,0.91,0.78,0.05,0.44,0.09,16025,4.040864706039429
0.57,0.68,0.25,0.38,0.91,0.78,0.05,0.44,0.09,16060,4.0441131591796875
0.57,0.68,0.25,0.38,0.91,0.78,0.05,0.44,0.09,16443,4.048122882843018
0.57,0.69,0.25,0.37,0.91,0.78,0.05,0.44,0.09,15952,4.051851034164429
0.57,0.69,0.25,0.38,0.91,0.78,0.05,0.44,0.09,16317,4.052915573120117
0.57,0.68,0.25,0.38,0.9,0.78,0.05,0.44,0.09,16474,4.05729866027832
0.57,0.68,0.25,0.38,0.91,0.78,0.05,0.44,0.09,16317,4.060500383377075
0.57,0.68,0.25,0.38,0.91,0.79,0.06,0.44,0.09,16216,4.06457257270813
0.57,0.68,0.25,0.38,0.91,0.78,0.06,0.44,0.09,16303,4.065565586090088
0.56,0.68,0.26,0.37,0.91,0.79,0.05,0.44,0.09,16396,4.068569183349609
0.56,0.68,0.26,0.37,0.91,0.78,0.06,0.44,0.1,16095,4.072566747665405
0.56,0.68,0.26,0.37,0.9,0.78,0.05,0.44,0.1,15862,4.076837539672852
0.57,0.69,0.26,0.37,0.9,0.78,0.05,0.44,0.1,15847,4.080822229385376
0.57,0.68,0.26,0.37,0.9,0.79,0.05,0.44,0.09,15940,4.081884860992432
0.54,0.69,0.25,0.37,0.9,0.78,0.05,0.44,0.1,15877,4.085851192474365
0.54,0.67,0.26,0.36,0.9,0.78,0.05,0.44,0.09,15692,4.08925986289978
0.54,0.68,0.25,0.37,0.9,0.78,0.06,0.44,0.1,15933,4.093267440795898
0.55,0.67,0.25,0.37,0.91,0.78,0.05,0.44,0.09,16344,4.094264268875122
0.55,0.67,0.25,0.36,0.9,0.78,0.05,0.44,0.09,16235,4.097482919692993
0.55,0.67,0.25,0.36,0.9,0.79,0.05,0.44,0.09,16362,4.101704120635986
0.56,0.67,0.25,0.37,0.9,0.78,0.05,0.44,0.09,16475,4.105737209320068
0.56,0.67,0.25,0.37,0.9,0.78,0.05,0.44,0.09,16578,4.105737209320068
0.56,0.67,0.25,0.37,0.9,0.78,0.05,0.44,0.09,16335,4.1096906661987305
0.56,0.67,0.25,0.37,0.9,0.79,0.05,0.44,0.09,16116,4.11368203163147
0.56,0.68,0.25,0.37,0.9,0.78,0.05,0.44,0.1,15855,4.117687225341797
0.56,0.67,0.25,0.37,0.9,0.78,0.05,0.44,0.1,15888,4.118916988372803
0.56,0.67,0.25,0.37,0.9,0.78,0.05,0.44,0.09,16081,4.121965408325195
0.56,0.67,0.25,0.37,0.9,0.78,0.05,0.44,0.09,15940,4.126020908355713
0.56,0.67,0.25,0.37,0.9,0.78,0.05,0.44,0.09,16103,4.130101680755615
0.56,0.67,0.25,0.37,0.9,0.78,0.05,0.44,0.09,16246,4.131166219711304
0.55,0.68,0.25,0.36,0.9,0.78,0.04,0.44,0.09,16509,4.134524822235107
0.55,0.67,0.25,0.37,0.9,0.78,0.06,0.43,0.09,16366,4.138622283935547
0.56,0.67,0.26,0.37,0.91,0.78,0.05,0.44,0.1,16269,4.142862558364868
0.56,0.67,0.25,0.37,0.9,0.78,0.05,0.44,0.09,16434,4.143840789794922
0.56,0.68,0.25,0.37,0.91,0.79,0.05,0.44,0.1,16085,4.1468446254730225
0.55,0.67,0.26,0.37,0.91,0.78,0.05,0.43,0.09,15958,4.150605916976929
0.56,0.67,0.26,0.37,0.91,0.78,0.05,0.44,0.09,16099,4.155771732330322
0.55,0.67,0.25,0.37,0.91,0.78,0.05,0.44,0.09,16310,4.158876657485962
0.55,0.68,0.26,0.37,0.91,0.78,0.05,0.43,0.1,16513,4.159838438034058
0.55,0.67,0.25,0.38,0.91,0.78,0.05,0.43,0.1,16058,4.1638593673706055
0.55,0.67,0.26,0.37,0.91,0.79,0.05,0.44,0.09,16311,4.167220592498779
0.55,0.68,0.26,0.37,0.91,0.78,0.05,0.43,0.1,16334,4.171316146850586
0.54,0.68,0.26,0.37,0.9,0.78,0.05,0.44,0.09,15971,4.1724090576171875
0.55,0.68,0.26,0.37,0.91,0.78,0.05,0.44,0.09,15932,4.175988435745239
0.55,0.68,0.26,0.37,0.9,0.78,0.06,0.44,0.1,15603,4.180035591125488
0.55,0.68,0.26,0.37,0.9,0.78,0.05,0.44,0.1,16076,4.183303356170654
0.54,0.68,0.26,0.37,0.9,0.78,0.05,0.44,0.09,16441,4.184035539627075
0.56,0.69,0.26,0.37,0.9,0.78,0.05,0.44,0.09,15970,4.187632322311401
0.56,0.68,0.26,0.37,0.9,0.78,0.05,0.44,0.1,15885,4.192864179611206
0.54,0.69,0.25,0.37,0.9,0.78,0.05,0.44,0.09,16250,4.19550633430481
0.53,0.68,0.26,0.36,0.9,0.78,0.05,0.44,0.09,15975,4.1965532302856445
0.54,0.68,0.26,0.36,0.9,0.79,0.05,0.43,0.09,16314,4.200051307678223
0.54,0.69,0.26,0.37,0.9,0.79,0.05,0.43,0.09,16717,4.205069541931152
0.54,0.69,0.26,0.37,0.91,0.78,0.05,0.44,0.1,16422,4.208372116088867
0.53,0.69,0.26,0.36,0.9,0.78,0.05,0.43,0.09,15897,4.2094268798828125
0.55,0.68,0.26,0.37,0.9,0.79,0.05,0.43,0.1,16260,4.212662220001221
0.53,0.69,0.26,0.37,0.91,0.78,0.05,0.43,0.09,16577,4.216155290603638
0.54,0.69,0.26,0.37,0.9,0.78,0.05,0.43,0.1,16176,4.221314907073975
0.55,0.69,0.26,0.37,0.9,0.78,0.05,0.44,0.1,15845,4.222379446029663
0.56,0.68,0.26,0.37,0.9,0.78,0.05,0.43,0.1,16234,4.2248125076293945
0.55,0.68,0.26,0.36,0.89,0.78,0.05,0.43,0.1,16235,4.228833436965942
0.56,0.69,0.26,0.37,0.9,0.78,0.05,0.44,0.1,16006,4.232925891876221
0.54,0.68,0.26,0.37,0.9,0.78,0.04,0.44,0.1,16065,4.233968496322632
0.55,0.69,0.26,0.36,0.9,0.78,0.06,0.43,0.1,16324,4.236989736557007
0.54,0.69,0.26,0.36,0.9,0.78,0.05,0.43,0.09,16071,4.241934299468994
0.53,0.68,0.26,0.36,0.91,0.78,0.05,0.44,0.1,15760,4.245648384094238
0.53,0.69,0.26,0.37,0.9,0.78,0.05,0.43,0.09,15999,4.2488319873809814
0.54,0.68,0.26,0.37,0.9,0.78,0.05,0.43,0.1,16212,4.2488319873809814
0.54,0.69,0.26,0.37,0.9,0.78,0.04,0.43,0.09,16451,4.254075527191162
0.54,0.69,0.25,0.37,0.9,0.78,0.05,0.43,0.09,16218,4.257373809814453
0.55,0.69,0.26,0.37,0.9,0.78,0.05,0.43,0.09,16161,4.261645793914795
0.55,0.69,0.25,0.38,0.91,0.78,0.05,0.43,0.09,16514,4.261645793914795
0.55,0.69,0.25,0.37,0.91,0.78,0.05,0.43,0.09,16551,4.265122890472412
0.54,0.69,0.26,0.37,0.9,0.78,0.05,0.43,0.09,16284,4.270155191421509
0.55,0.68,0.25,0.37,0.9,0.78,0.05,0.44,0.09,15969,4.273150682449341
0.54,0.68,0.25,0.36,0.91,0.78,0.05,0.44,0.09,16186,4.274149656295776
0.55,0.69,0.25,0.36,0.91,0.78,0.06,0.43,0.09,16833,4.278153896331787
0.54,0.68,0.26,0.36,0.91,0.78,0.05,0.43,0.1,16894,4.282150030136108
0.54,0.68,0.25,0.36,0.91,0.78,0.05,0.44,0.09,16271,4.28625750541687
0.54,0.68,0.26,0.36,0.91,0.78,0.05,0.44,0.09,16112,4.28625750541687
0.55,0.68,0.26,0.36,0.91,0.78,0.05,0.44,0.09,16581,4.290189027786255
0.55,0.68,0.26,0.36,0.91,0.79,0.05,0.44,0.09,16172,4.293842315673828
0.55,0.69,0.25,0.36,0.9,0.78,0.05,0.44,0.09,16561,4.297987699508667
0.55,0.69,0.26,0.36,0.91,0.78,0.05,0.44,0.09,16946,4.29902458190918
0.54,0.68,0.26,0.36,0.91,0.78,0.05,0.44,0.09,16289,4.302103757858276
0.54,0.68,0.26,0.36,0.91,0.78,0.05,0.44,0.09,15994,4.306067943572998
0.54,0.68,0.25,0.36,0.91,0.78,0.05,0.43,0.09,16021,4.311039924621582
0.54,0.68,0.25,0.36,0.91,0.78,0.05,0.44,0.09,16014,4.311039924621582
0.54,0.68,0.25,0.36,0.9,0.77,0.05,0.44,0.09,16109,4.314626216888428
0.54,0.68,0.26,0.37,0.9,0.78,0.05,0.44,0.09,16670,4.319063901901245
0.55,0.68,0.26,0.37,0.9,0.78,0.05,0.44,0.09,16383,4.32297945022583
0.55,0.68,0.26,0.36,0.9,0.78,0.05,0.44,0.09,16352,4.327050685882568
0.55,0.68,0.26,0.36,0.9,0.79,0.05,0.44,0.1,16119,4.327050685882568
0.55,0.68,0.26,0.36,0.9,0.79,0.05,0.44,0.09,15728,4.332050323486328
0.55,0.68,0.26,0.36,0.89,0.78,0.05,0.44,0.09,16003,4.336255073547363
0.56,0.68,0.26,0.36,0.89,0.78,0.05,0.44,0.09,16342,4.340221881866455
0.55,0.68,0.26,0.36,0.89,0.79,0.05,0.44,0.09,16507,4.340221881866455
0.55,0.68,0.26,0.36,0.89,0.78,0.05,0.44,0.09,16738,4.344269275665283
0.56,0.68,0.26,0.36,0.89,0.78,0.06,0.44,0.09,16387,4.347776412963867
0.55,0.68,0.26,0.36,0.89,0.78,0.05,0.44,0.1,15992,4.351959705352783
0.54,0.68,0.26,0.36,0.89,0.78,0.05,0.44,0.1,16007,4.351959705352783
0.55,0.68,0.25,0.36,0.89,0.78,0.05,0.45,0.09,16284,4.355981111526489
0.56,0.68,0.25,0.36,0.9,0.78,0.05,0.44,0.09,16307,4.360734939575195
0.55,0.69,0.26,0.36,0.9,0.78,0.05,0.44,0.09,16306,4.3636744022369385
0.55,0.68,0.25,0.36,0.9,0.78,0.05,0.44,0.09,16085,4.364690065383911
0.55,0.68,0.25,0.37,0.9,0.79,0.05,0.44,0.1,16248,4.367794036865234
0.55,0.68,0.26,0.36,0.9,0.78,0.05,0.44,0.09,16473,4.373080015182495
0.55,0.68,0.26,0.36,0.9,0.78,0.05,0.44,0.09,15848,4.377047061920166
0.56,0.68,0.26,0.36,0.9,0.78,0.05,0.44,0.1,15425,4.377047061920166
0.56,0.68,0.26,0.36,0.9,0.78,0.05,0.45,0.1,15872,4.379696369171143
0.56,0.68,0.26,0.36,0.9,0.78,0.06,0.44,0.1,16399,4.385141134262085
0.56,0.68,0.26,0.36,0.9,0.78,0.05,0.44,0.1,16432,4.3885931968688965
0.56,0.68,0.26,0.36,0.9,0.78,0.05,0.44,0.1,16417,4.39241099357605
0.55,0.68,0.26,0.36,0.9,0.78,0.06,0.44,0.09,16156,4.39241099357605
0.55,0.68,0.26,0.36,0.9,0.78,0.05,0.44,0.09,16373,4.397095680236816
0.56,0.67,0.26,0.36,0.9,0.78,0.05,0.44,0.1,16146,4.4005279541015625
0.55,0.68,0.26,0.36,0.9,0.78,0.05,0.44,0.1,15945,4.404728651046753
0.55,0.68,0.26,0.37,0.9,0.78,0.05,0.44,0.09,15696,4.40542459487915
0.56,0.68,0.26,0.36,0.9,0.79,0.05,0.44,0.09,15993,4.408568620681763
0.55,0.68,0.26,0.37,0.9,0.77,0.05,0.44,0.09,16040,4.413101673126221
0.55,0.68,0.26,0.37,0.9,0.78,0.05,0.44,0.09,15567,4.417178630828857
0.56,0.67,0.26,0.36,0.9,0.78,0.05,0.44,0.09,16114,4.418210983276367
0.56,0.67,0.26,0.36,0.9,0.78,0.06,0.44,0.09,16179,4.421184778213501
0.56,0.68,0.26,0.37,0.9,0.78,0.06,0.44,0.09,15740,4.4263269901275635
0.56,0.68,0.26,0.37,0.9,0.78,0.05,0.44,0.09,15871,4.42974853515625
0.56,0.68,0.26,0.37,0.9,0.78,0.06,0.44,0.09,16046,4.430720567703247
0.57,0.68,0.26,0.37,0.9,0.78,0.05,0.44,0.09,16143,4.434117317199707
0.56,0.68,0.26,0.37,0.9,0.77,0.05,0.44,0.09,16390,4.438100814819336
0.56,0.68,0.26,0.37,0.9,0.78,0.05,0.44,0.09,16797,4.442148208618164
0.56,0.68,0.25,0.37,0.9,0.78,0.05,0.44,0.09,16576,4.442148208618164
0.55,0.68,0.25,0.37,0.9,0.78,0.05,0.44,0.09,16217,4.446147680282593
0.56,0.68,0.26,0.37,0.9,0.78,0.06,0.44,0.09,16592,4.450148105621338
0.56,0.68,0.26,0.37,0.9,0.78,0.06,0.44,0.09,16217,4.455147981643677
0.56,0.67,0.26,0.37,0.9,0.78,0.06,0.44,0.09,16420,4.4577155113220215
0.56,0.68,0.26,0.37,0.9,0.79,0.06,0.44,0.1,16305,4.458785057067871
0.56,0.68,0.26,0.37,0.9,0.78,0.06,0.44,0.1,15938,4.46280574798584
0.56,0.68,0.26,0.37,0.9,0.78,0.06,0.44,0.09,16163,4.467183828353882
0.56,0.68,0.25,0.37,0.9,0.79,0.06,0.44,0.09,16264,4.4703075885772705
0.56,0.68,0.25,0.37,0.9,0.79,0.06,0.44,0.09,16195,4.4711408615112305
0.56,0.68,0.25,0.37,0.9,0.78,0.06,0.44,0.09,16072,4.474606990814209
0.56,0.68,0.26,0.37,0.9,0.78,0.06,0.44,0.1,16289,4.478646993637085
0.56,0.68,0.25,0.37,0.9,0.78,0.06,0.44,0.09,16282,4.482680797576904
0.56,0.68,0.26,0.36,0.9,0.78,0.06,0.44,0.09,15911,4.482680797576904
0.56,0.68,0.26,0.37,0.9,0.78,0.06,0.44,0.1,15992,4.486698865890503
0.55,0.68,0.26,0.37,0.9,0.78,0.06,0.44,0.1,15953,4.4916980266571045
0.56,0.68,0.26,0.37,0.9,0.78,0.06,0.44,0.1,16208,4.494880437850952
0.56,0.67,0.26,0.37,0.9,0.78,0.06,0.45,0.1,15885,4.495701789855957
0.56,0.67,0.26,0.37,0.91,0.79,0.06,0.44,0.09,15932,4.4987733364105225
0.56,0.68,0.26,0.37,0.9,0.78,0.06,0.44,0.09,16311,4.504105091094971
0.56,0.68,0.25,0.37,0.9,0.79,0.06,0.44,0.09,16286,4.507400989532471
0.56,0.68,0.25,0.37,0.91,0.79,0.06,0.44,0.09,15831,4.508457660675049
0.56,0.68,0.25,0.37,0.92,0.78,0.06,0.44,0.09,15826,4.511861801147461
0.56,0.67,0.25,0.37,0.9,0.78,0.06,0.44,0.09,16247,4.5155510902404785
0.56,0.68,0.25,0.37,0.91,0.78,0.06,0.44,0.09,15976,4.519567489624023
0.56,0.67,0.25,0.37,0.9,0.78,0.06,0.43,0.09,15647,4.5205981731414795
0.56,0.68,0.25,0.37,0.9,0.78,0.06,0.44,0.09,16172,4.524240732192993
0.56,0.68,0.26,0.37,0.9,0.79,0.06,0.44,0.1,16189,4.527557373046875
0.56,0.67,0.25,0.38,0.91,0.78,0.07,0.44,0.09,16012,4.531740427017212
0.55,0.67,0.25,0.37,0.9,0.78,0.06,0.44,0.09,16227,4.535909175872803
0.56,0.68,0.25,0.37,0.9,0.78,0.06,0.44,0.1,16014,4.537073135375977
0.56,0.68,0.26,0.37,0.9,0.78,0.06,0.44,0.09,15757,4.540665626525879
0.55,0.67,0.26,0.37,0.9,0.78,0.06,0.44,0.1,15950,4.544896364212036
0.56,0.68,0.26,0.37,0.91,0.78,0.06,0.44,0.1,16501,4.547914981842041
0.56,0.68,0.26,0.37,0.9,0.78,0.06,0.43,0.1,16530,4.547914981842041
0.56,0.68,0.26,0.37,0.9,0.78,0.06,0.44,0.09,16407,4.553216934204102
0.55,0.68,0.26,0.37,0.9,0.78,0.06,0.44,0.09,16042,4.556798219680786
0.56,0.68,0.26,0.37,0.91,0.78,0.06,0.44,0.09,16121,4.560100793838501
0.55,0.67,0.26,0.37,0.91,0.78,0.06,0.44,0.09,16330,4.560818672180176
0.56,0.68,0.25,0.37,0.91,0.78,0.06,0.44,0.1,16017,4.564797878265381
0.56,0.68,0.25,0.38,0.9,0.78,0.06,0.45,0.09,16168,4.568813800811768
0.56,0.68,0.25,0.37,0.9,0.78,0.06,0.44,0.1,16125,4.5727198123931885
0.57,0.68,0.26,0.37,0.9,0.78,0.06,0.44,0.1,15922,4.573774576187134
0.56,0.67,0.25,0.37,0.9,0.78,0.06,0.44,0.1,15917,4.576763391494751
0.57,0.68,0.26,0.37,0.9,0.78,0.07,0.44,0.09,16320,4.5818963050842285
0.56,0.67,0.25,0.37,0.91,0.78,0.06,0.44,0.09,16309,4.585206747055054
0.56,0.68,0.25,0.37,0.91,0.78,0.06,0.44,0.09,16234,4.586196660995483
0.56,0.68,0.25,0.37,0.91,0.78,0.06,0.44,0.09,16267,4.590103387832642
0.57,0.68,0.26,0.37,0.91,0.78,0.06,0.44,0.09,16260,4.593760013580322
0.56,0.68,0.26,0.37,0.9,0.78,0.05,0.44,0.1,15981,4.597738981246948
0.56,0.68,0.26,0.37,0.91,0.79,0.06,0.44,0.09,16188,4.601300477981567
0.56,0.68,0.26,0.37,0.9,0.78,0.06,0.44,0.1,16237,4.602081775665283
0.56,0.68,0.25,0.37,0.9,0.78,0.06,0.44,0.1,15858,4.606081962585449
0.57,0.68,0.26,0.37,0.9,0.79,0.06,0.44,0.1,15953,4.610300302505493
0.56,0.68,0.26,0.37,0.91,0.78,0.06,0.44,0.1,16418,4.613730430603027
0.57,0.67,0.26,0.37,0.9,0.78,0.06,0.44,0.1,16627,4.613730430603027
0.56,0.68,0.25,0.38,0.9,0.78,0.06,0.44,0.09,16208,4.617890357971191
0.56,0.68,0.26,0.37,0.9,0.78,0.06,0.44,0.1,16289,4.622591257095337
0.56,0.68,0.26,0.37,0.9,0.78,0.05,0.44,0.1,16138,4.625875234603882
0.56,0.68,0.26,0.37,0.9,0.78,0.06,0.44,0.1,15971,4.626589775085449
0.56,0.67,0.26,0.38,0.9,0.78,0.06,0.45,0.1,16138,4.630590915679932
0.56,0.68,0.25,0.37,0.9,0.78,0.06,0.44,0.1,15797,4.635252237319946
0.56,0.67,0.25,0.37,0.9,0.78,0.06,0.43,0.09,15466,4.638243675231934
0.56,0.68,0.26,0.37,0.9,0.78,0.06,0.44,0.1,16285,4.639315366744995
0.56,0.68,0.25,0.37,0.9,0.78,0.06,0.45,0.09,16694,4.642970561981201
0.56,0.68,0.26,0.37,0.9,0.78,0.06,0.44,0.09,16131,4.647286653518677
0.56,0.68,0.25,0.37,0.9,0.78,0.06,0.44,0.1,16324,4.651285648345947
0.57,0.68,0.26,0.37,0.9,0.78,0.06,0.44,0.09,16305,4.651285648345947
0.56,0.68,0.26,0.37,0.9,0.78,0.06,0.44,0.1,15982,4.654731273651123
0.57,0.68,0.26,0.38,0.9,0.78,0.06,0.44,0.1,15937,4.659102916717529
0.57,0.68,0.26,0.38,0.9,0.77,0.06,0.44,0.1,16216,4.6631011962890625
0.56,0.68,0.26,0.38,0.9,0.78,0.06,0.44,0.1,16547,4.6631011962890625
0.56,0.68,0.26,0.37,0.9,0.78,0.06,0.44,0.1,16374,4.6671013832092285
0.56,0.68,0.25,0.37,0.9,0.78,0.06,0.44,0.09,15951,4.671228408813477
0.56,0.67,0.26,0.37,0.9,0.78,0.06,0.44,0.1,15720,4.675762414932251
0.57,0.68,0.26,0.37,0.9,0.77,0.06,0.44,0.09,15955,4.67884087562561
0.56,0.68,0.26,0.36,0.9,0.78,0.06,0.45,0.09,16246,4.67884087562561
0.57,0.68,0.26,0.37,0.9,0.78,0.06,0.44,0.1,16245,4.682760953903198
0.57,0.67,0.26,0.37,0.9,0.78,0.06,0.44,0.09,16556,4.687774658203125
0.57,0.68,0.26,0.37,0.9,0.78,0.05,0.45,0.09,16815,4.6914567947387695
0.57,0.68,0.26,0.38,0.91,0.78,0.06,0.44,0.1,16498,4.692512035369873
0.57,0.68,0.26,0.37,0.9,0.77,0.06,0.44,0.1,15869,4.695805788040161
0.57,0.67,0.26,0.37,0.9,0.78,0.06,0.44,0.1,16054,4.699893474578857
0.57,0.68,0.25,0.37,0.91,0.78,0.06,0.44,0.1,16139,4.70393443107605
0.57,0.68,0.25,0.37,0.9,0.78,0.06,0.44,0.09,16300,4.70393443107605
0.56,0.68,0.25,0.37,0.9,0.78,0.06,0.45,0.09,16227,4.708144664764404
0.56,0.68,0.25,0.38,0.91,0.78,0.06,0.44,0.1,16146,4.71163010597229
0.57,0.68,0.25,0.37,0.9,0.78,0.05,0.44,0.09,16119,4.716681718826294
0.56,0.68,0.26,0.37,0.9,0.78,0.06,0.44,0.09,16424,4.716681718826294
0.56,0.68,0.26,0.37,0.9,0.78,0.06,0.44,0.1,16529,4.720334529876709
0.56,0.68,0.26,0.37,0.9,0.78,0.06,0.44,0.1,16252,4.724308967590332
0.56,0.67,0.26,0.37,0.9,0.78,0.06,0.45,0.1,16009,4.728359222412109
0.55,0.67,0.26,0.37,0.9,0.78,0.06,0.45,0.09,16046,4.729361295700073
0.56,0.68,0.26,0.37,0.9,0.78,0.06,0.44,0.1,15595,4.732964277267456
0.56,0.68,0.26,0.37,0.91,0.77,0.06,0.44,0.1,15602,4.737355470657349
0.55,0.68,0.26,0.37,0.9,0.78,0.06,0.45,0.1,15949,4.740357398986816
0.56,0.68,0.27,0.37,0.9,0.77,0.06,0.44,0.1,16028,4.744652986526489
0.56,0.67,0.26,0.37,0.91,0.78,0.07,0.44,0.1,15945,4.7453553676605225
0.56,0.68,0.26,0.37,0.91,0.77,0.06,0.44,0.1,15954,4.749356508255005
0.56,0.67,0.26,0.37,0.91,0.78,0.05,0.44,0.1,15807,4.753692865371704
0.57,0.67,0.25,0.37,0.91,0.78,0.06,0.44,0.1,16148,4.75695013999939
0.56,0.68,0.26,0.37,0.91,0.78,0.06,0.44,0.1,16029,4.758011102676392
0.57,0.67,0.25,0.37,0.91,0.77,0.06,0.44,0.1,15904,4.761508941650391
0.56,0.68,0.26,0.37,0.91,0.78,0.06,0.44,0.1,15963,4.766111373901367
0.56,0.67,0.26,0.37,0.91,0.78,0.06,0.44,0.1,16244,4.769315481185913
0.56,0.67,0.25,0.37,0.91,0.78,0.06,0.45,0.1,16101,4.770204305648804
0.56,0.67,0.26,0.37,0.91,0.78,0.06,0.44,0.1,16058,4.773712873458862
0.56,0.67,0.25,0.37,0.91,0.78,0.06,0.44,0.09,15853,4.777857542037964
0.56,0.68,0.26,0.37,0.91,0.77,0.05,0.44,0.1,16032,4.781902313232422
0.56,0.67,0.26,0.36,0.91,0.77,0.07,0.44,0.1,16473,4.781902313232422
0.57,0.67,0.26,0.37,0.91,0.78,0.06,0.44,0.1,16268,4.786324501037598
0.57,0.68,0.26,0.37,0.91,0.77,0.07,0.44,0.09,15925,4.790885925292969
0.57,0.67,0.26,0.37,0.91,0.77,0.06,0.44,0.1,16212,4.794001817703247
0.56,0.67,0.26,0.37,0.9,0.77,0.06,0.44,0.1,16403,4.79500412940979
0.56,0.67,0.26,0.37,0.91,0.77,0.07,0.44,0.1,16440,4.797483682632446
0.56,0.67,0.26,0.36,0.91,0.77,0.06,0.45,0.09,16367,4.803180456161499
0.56,0.67,0.26,0.37,0.91,0.78,0.06,0.44,0.1,16362,4.80657434463501
0.56,0.67,0.25,0.37,0.91,0.77,0.06,0.44,0.1,16221,4.8098533153533936
0.56,0.67,0.25,0.37,0.91,0.77,0.06,0.44,0.1,15992,4.810548782348633
0.56,0.67,0.25,0.37,0.91,0.77,0.06,0.44,0.1,16095,4.814548492431641
0.56,0.67,0.26,0.37,0.91,0.77,0.06,0.44,0.1,16254,4.819113492965698
0.56,0.67,0.26,0.37,0.91,0.77,0.06,0.44,0.1,16495,4.821684837341309
0.56,0.67,0.26,0.37,0.91,0.77,0.06,0.44,0.09,16392,4.822682619094849
0.56,0.67,0.26,0.37,0.91,0.77,0.06,0.44,0.1,16301,4.826756000518799
0.56,0.67,0.26,0.37,0.91,0.77,0.06,0.44,0.1,15772,4.8303444385528564
0.56,0.68,0.26,0.37,0.9,0.77,0.06,0.44,0.1,15891,4.833896636962891
0.56,0.67,0.26,0.37,0.91,0.77,0.06,0.44,0.09,16168,4.835083961486816
0.57,0.68,0.26,0.37,0.91,0.77,0.06,0.45,0.1,15553,4.839189529418945
0.57,0.68,0.26,0.37,0.91,0.77,0.06,0.44,0.1,15338,4.843134880065918
0.57,0.67,0.26,0.37,0.9,0.77,0.06,0.45,0.1,16285,4.847405195236206
0.56,0.68,0.25,0.37,0.91,0.77,0.06,0.45,0.1,16464,4.847405195236206
0.56,0.67,0.25,0.37,0.9,0.77,0.06,0.44,0.1,16261,4.8508851528167725
0.57,0.68,0.26,0.37,0.9,0.77,0.05,0.45,0.1,16124,4.856152057647705
0.56,0.67,0.26,0.37,0.9,0.77,0.06,0.45,0.1,15939,4.858789920806885
0.56,0.67,0.26,0.38,0.91,0.78,0.06,0.44,0.1,16354,4.859858989715576
0.57,0.67,0.26,0.37,0.91,0.77,0.06,0.45,0.1,16371,4.864205598831177
0.56,0.67,0.26,0.37,0.92,0.77,0.06,0.45,0.1,16312,4.868196249008179
0.56,0.67,0.26,0.37,0.91,0.77,0.06,0.44,0.1,15993,4.872205495834351
0.57,0.67,0.26,0.37,0.91,0.77,0.06,0.44,0.1,16006,4.872205495834351
0.56,0.67,0.26,0.37,0.91,0.77,0.06,0.44,0.1,15887,4.875734806060791
0.56,0.67,0.26,0.37,0.91,0.78,0.06,0.44,0.1,16030,4.880785703659058
0.56,0.67,0.26,0.37,0.91,0.78,0.06,0.45,0.09,16337,4.884500741958618
0.56,0.67,0.25,0.37,0.91,0.78,0.06,0.45,0.09,16176,4.887760639190674
0.56,0.67,0.26,0.37,0.91,0.77,0.06,0.44,0.1,15875,4.888500928878784
0.56,0.67,0.26,0.37,0.91,0.77,0.06,0.44,0.1,15792,4.891502380371094
0.57,0.67,0.26,0.37,0.9,0.77,0.06,0.45,0.1,15999,4.8965442180633545
0.57,0.67,0.26,0.37,0.91,0.77,0.05,0.44,0.1,16292,4.899686098098755
0.57,0.67,0.26,0.37,0.91,0.77,0.07,0.45,0.1,16157,4.900697469711304
0.56,0.68,0.26,0.37,0.91,0.77,0.07,0.45,0.1,16420,4.904710531234741
0.57,0.66,0.25,0.37,0.91,0.78,0.05,0.45,0.09,16103,4.909021615982056
0.56,0.67,0.26,0.37,0.91,0.77,0.06,0.45,0.1,16624,4.912320613861084
0.56,0.67,0.25,0.37,0.91,0.77,0.06,0.45,0.1,16647,4.913028717041016
0.56,0.67,0.25,0.37,0.91,0.78,0.06,0.45,0.1,16418,4.916650295257568
0.56,0.67,0.25,0.37,0.91,0.77,0.06,0.45,0.1,16181,4.9216485023498535
0.57,0.68,0.26,0.37,0.91,0.78,0.06,0.44,0.09,16266,4.9249584674835205
0.57,0.67,0.25,0.36,0.91,0.77,0.06,0.45,0.09,16303,4.925678253173828
0.57,0.66,0.25,0.37,0.91,0.77,0.06,0.45,0.09,17160,4.930038928985596
0.57,0.67,0.26,0.37,0.91,0.78,0.06,0.45,0.09,17295,4.934264421463013
0.57,0.67,0.25,0.37,0.91,0.78,0.06,0.44,0.1,16318,4.937686204910278
0.57,0.67,0.26,0.37,0.91,0.77,0.06,0.45,0.1,16131,4.93865180015564
0.57,0.67,0.25,0.37,0.91,0.77,0.06,0.44,0.1,16134,4.9421000480651855
0.57,0.67,0.26,0.37,0.91,0.78,0.06,0.45,0.1,15819,4.946049451828003
0.57,0.67,0.26,0.37,0.91,0.77,0.06,0.45,0.1,15976,4.950093030929565
0.57,0.67,0.26,0.37,0.91,0.77,0.06,0.45,0.1,16151,4.953367710113525
0.57,0.67,0.26,0.37,0.92,0.78,0.06,0.44,0.1,16462,4.954092979431152
0.56,0.67,0.25,0.37,0.91,0.78,0.06,0.45,0.09,16087,4.957703590393066
0.57,0.67,0.26,0.37,0.91,0.77,0.06,0.45,0.1,16198,4.962661981582642
0.57,0.68,0.25,0.37,0.91,0.77,0.06,0.45,0.1,16067,4.965872287750244
0.57,0.67,0.25,0.37,0.91,0.77,0.06,0.45,0.1,15830,4.966926574707031
0.57,0.67,0.25,0.37,0.91,0.77,0.06,0.45,0.1,16245,4.971073627471924
0.57,0.67,0.26,0.38,0.91,0.77,0.06,0.45,0.1,15920,4.975270509719849
0.57,0.67,0.25,0.37,0.91,0.77,0.06,0.45,0.1,15775,4.978245496749878
0.57,0.67,0.25,0.38,0.91,0.77,0.06,0.44,0.1,16114,4.979268312454224
0.57,0.67,0.25,0.37,0.91,0.77,0.06,0.45,0.1,15901,4.982499599456787
0.57,0.67,0.26,0.37,0.91,0.77,0.06,0.45,0.1,16010,4.986465215682983
0.56,0.67,0.25,0.37,0.91,0.77,0.06,0.45,0.1,16557,4.989967584609985
0.56,0.67,0.25,0.37,0.91,0.77,0.06,0.44,0.1,16260,4.9910314083099365
0.57,0.67,0.26,0.37,0.91,0.77,0.06,0.45,0.1,16011,4.995398044586182
0.57,0.68,0.26,0.37,0.91,0.77,0.06,0.45,0.1,16084,4.998400926589966
0.57,0.67,0.25,0.37,0.91,0.78,0.06,0.45,0.1,16261,5.002806663513184
0.57,0.68,0.25,0.37,0.91,0.77,0.06,0.44,0.1,16128,5.003521680831909
0.57,0.67,0.26,0.37,0.91,0.77,0.06,0.45,0.1,16081,5.00784969329834
0.57,0.67,0.25,0.37,0.91,0.77,0.06,0.45,0.1,16450,5.011425256729126
0.57,0.67,0.25,0.37,0.91,0.78,0.06,0.45,0.09,16033,5.0146965980529785
0.57,0.67,0.26,0.37,0.91,0.77,0.06,0.45,0.1,16506,5.015759706497192
0.57,0.67,0.26,0.37,0.91,0.78,0.06,0.45,0.1,16569,5.019747495651245
0.57,0.67,0.26,0.37,0.91,0.77,0.06,0.45,0.1,16102,5.0237953662872314
0.57,0.67,0.26,0.37,0.91,0.77,0.06,0.44,0.09,16143,5.027244806289673
0.57,0.67,0.26,0.37,0.91,0.77,0.06,0.45,0.1,16230,5.031188488006592
0.57,0.67,0.26,0.37,0.91,0.78,0.06,0.45,0.1,16121,5.031188488006592
0.57,0.68,0.26,0.37,0.91,0.78,0.05,0.45,0.1,16164,5.036274671554565
0.57,0.67,0.26,0.37,0.91,0.78,0.06,0.45,0.1,16087,5.040274620056152
0.57,0.67,0.26,0.37,0.9,0.77,0.06,0.45,0.1,15856,5.043073415756226
0.57,0.67,0.26,0.37,0.91,0.77,0.06,0.45,0.1,16147,5.043073415756226
0.57,0.67,0.26,0.37,0.91,0.77,0.06,0.45,0.1,16124,5.04766845703125
0.57,0.68,0.26,0.37,0.91,0.77,0.06,0.45,0.1,15769,5.0530078411102295
0.57,0.68,0.26,0.37,0.91,0.77,0.06,0.45,0.1,16346,5.0561840534210205
0.57,0.67,0.26,0.37,0.91,0.78,0.06,0.45,0.1,16389,5.05712890625
0.56,0.67,0.26,0.37,0.91,0.77,0.06,0.46,0.1,16120,5.06036114692688
0.56,0.67,0.26,0.38,0.91,0.77,0.06,0.45,0.1,16071,5.064603090286255
0.56,0.67,0.26,0.37,0.91,0.77,0.06,0.45,0.1,16698,5.06771445274353
0.56,0.67,0.26,0.37,0.91,0.77,0.06,0.45,0.1,16153,5.068742513656616
0.56,0.67,0.26,0.37,0.91,0.77,0.06,0.44,0.1,15970,5.072772741317749
0.57,0.67,0.26,0.37,0.91,0.77,0.06,0.45,0.09,16315,5.076756477355957
0.57,0.68,0.26,0.37,0.91,0.77,0.06,0.45,0.09,16448,5.0807507038116455
0.57,0.67,0.26,0.37,0.91,0.77,0.05,0.45,0.1,16209,5.0807507038116455
0.57,0.68,0.26,0.38,0.91,0.78,0.06,0.44,0.1,16444,5.084773063659668
0.57,0.68,0.26,0.37,0.91,0.78,0.06,0.45,0.1,16665,5.089417457580566
0.57,0.68,0.26,0.38,0.91,0.78,0.06,0.45,0.1,16374,5.092936277389526
0.56,0.68,0.26,0.37,0.9,0.77,0.06,0.45,0.1,16429,5.096482753753662
0.57,0.67,0.26,0.38,0.91,0.77,0.07,0.45,0.09,16598,5.097495079040527
0.56,0.67,0.26,0.37,0.91,0.77,0.06,0.45,0.09,16305,5.100506782531738
0.57,0.68,0.25,0.38,0.91,0.77,0.06,0.45,0.1,15772,5.104929208755493
0.56,0.68,0.26,0.37,0.91,0.77,0.06,0.45,0.1,15921,5.109106063842773
0.57,0.68,0.26,0.37,0.91,0.77,0.06,0.45,0.1,16336,5.109106063842773
0.57,0.67,0.26,0.37,0.91,0.78,0.06,0.45,0.1,15949,5.11302375793457
0.57,0.68,0.26,0.37,0.91,0.78,0.06,0.45,0.1,15810,5.11757230758667
0.57,0.67,0.26,0.37,0.91,0.77,0.06,0.45,0.1,16139,5.121570587158203
0.57,0.68,0.26,0.38,0.91,0.77,0.06,0.45,0.1,16230,5.121570587158203
0.57,0.67,0.26,0.37,0.91,0.78,0.06,0.44,0.09,16103,5.125574827194214
0.57,0.68,0.26,0.38,0.9,0.78,0.06,0.45,0.09,16436,5.129574298858643
0.58,0.68,0.26,0.37,0.91,0.78,0.06,0.45,0.09,16047,5.133551359176636
0.57,0.67,0.25,0.37,0.91,0.78,0.06,0.45,0.1,15920,5.133551359176636
0.57,0.67,0.25,0.37,0.91,0.78,0.06,0.44,0.1,15959,5.137637138366699
0.56,0.67,0.25,0.38,0.91,0.78,0.06,0.45,0.1,15734,5.14207649230957
0.57,0.68,0.26,0.37,0.91,0.78,0.06,0.45,0.1,16191,5.146159887313843
0.57,0.68,0.26,0.37,0.91,0.78,0.06,0.45,0.1,16674,5.147074937820435
0.57,0.68,0.25,0.37,0.91,0.78,0.06,0.45,0.1,16223,5.150076866149902
0.57,0.68,0.26,0.38,0.91,0.78,0.06,0.45,0.09,16152,5.15507698059082
0.57,0.67,0.25,0.38,0.91,0.78,0.06,0.45,0.1,16599,5.158464193344116
0.56,0.68,0.26,0.37,0.91,0.77,0.06,0.45,0.1,16148,5.15951943397522
0.57,0.68,0.26,0.37,0.91,0.77,0.06,0.44,0.1,16377,5.1624486446380615
0.57,0.68,0.25,0.37,0.91,0.77,0.06,0.45,0.1,16180,5.1667799949646
0.57,0.68,0.26,0.37,0.91,0.77,0.06,0.45,0.1,15853,5.171114206314087
0.57,0.67,0.25,0.38,0.91,0.77,0.05,0.45,0.1,15830,5.174776792526245
0.57,0.68,0.26,0.37,0.91,0.77,0.06,0.45,0.1,15933,5.174776792526245
0.57,0.68,0.25,0.37,0.91,0.78,0.06,0.45,0.09,16410,5.179191589355469
0.56,0.68,0.26,0.37,0.91,0.77,0.06,0.45,0.1,16441,5.182750940322876
0.56,0.68,0.25,0.37,0.91,0.78,0.06,0.45,0.1,16114,5.186994314193726
0.57,0.68,0.24,0.37,0.91,0.78,0.06,0.45,0.1,15845,5.187753438949585
0.57,0.68,0.26,0.37,0.91,0.77,0.06,0.45,0.1,15802,5.191753387451172
0.57,0.68,0.26,0.37,0.91,0.77,0.06,0.45,0.1,16073,5.195753574371338
0.56,0.68,0.26,0.37,0.91,0.77,0.06,0.45,0.1,15840,5.199108362197876
0.57,0.68,0.26,0.37,0.91,0.77,0.06,0.45,0.1,16371,5.200153350830078
0.57,0.68,0.26,0.37,0.91,0.77,0.06,0.45,0.1,17214,5.204347372055054
0.57,0.68,0.26,0.37,0.91,0.77,0.06,0.45,0.1,16791,5.208315134048462
0.57,0.68,0.26,0.37,0.91,0.78,0.06,0.45,0.1,15988,5.211060523986816
0.56,0.68,0.26,0.37,0.91,0.78,0.06,0.45,0.1,15927,5.212149620056152
0.57,0.68,0.25,0.37,0.91,0.77,0.06,0.45,0.1,16472,5.2157909870147705
0.57,0.68,0.26,0.37,0.9,0.78,0.06,0.45,0.1,16443,5.220970869064331
0.57,0.68,0.25,0.37,0.91,0.78,0.06,0.45,0.1,15842,5.223967790603638
0.56,0.68,0.25,0.37,0.91,0.78,0.06,0.45,0.1,15745,5.2248194217681885
0.56,0.68,0.25,0.37,0.9,0.79,0.06,0.45,0.1,16080,5.22783637046814
0.57,0.68,0.25,0.37,0.91,0.78,0.06,0.45,0.09,16137,5.232865571975708
0.57,0.68,0.25,0.37,0.91,0.77,0.06,0.45,0.09,16452,5.236845016479492
0.57,0.68,0.25,0.37,0.91,0.77,0.06,0.45,0.09,16401,5.236845016479492
0.56,0.68,0.25,0.37,0.91,0.78,0.06,0.45,0.09,16446,5.24086594581604
0.56,0.68,0.25,0.38,0.91,0.77,0.06,0.45,0.1,16731,5.245056390762329
0.56,0.68,0.25,0.37,0.91,0.78,0.06,0.45,0.1,16190,5.249154329299927
0.56,0.68,0.25,0.37,0.91,0.78,0.06,0.45,0.1,16211,5.249154329299927
0.56,0.67,0.25,0.37,0.91,0.77,0.06,0.45,0.09,16160,5.25326681137085
0.56,0.68,0.25,0.38,0.91,0.77,0.06,0.45,0.09,16099,5.256698131561279
0.57,0.68,0.25,0.37,0.91,0.78,0.06,0.45,0.09,16082,5.261169910430908
0.57,0.68,0.25,0.37,0.9,0.78,0.06,0.45,0.09,15731,5.264650344848633
0.56,0.68,0.25,0.37,0.91,0.78,0.05,0.45,0.1,15880,5.265192031860352
0.57,0.68,0.25,0.37,0.91,0.78,0.06,0.45,0.09,16107,5.268997669219971
0.57,0.68,0.25,0.37,0.91,0.78,0.06,0.45,0.1,16500,5.273196458816528
0.56,0.68,0.25,0.37,0.91,0.78,0.06,0.45,0.09,16965,5.277196884155273
0.56,0.68,0.25,0.37,0.91,0.78,0.06,0.45,0.09,16436,5.278192520141602
0.57,0.68,0.25,0.37,0.91,0.78,0.06,0.44,0.09,16267,5.281341791152954
0.56,0.68,0.25,0.37,0.91,0.78,0.06,0.45,0.09,16266,5.285344123840332
0.56,0.68,0.25,0.37,0.91,0.79,0.06,0.45,0.1,16063,5.289259910583496
0.56,0.69,0.25,0.38,0.92,0.78,0.06,0.45,0.09,16068,5.290324449539185
0.56,0.68,0.25,0.38,0.91,0.79,0.06,0.45,0.1,16437,5.2934370040893555
0.57,0.68,0.25,0.37,0.91,0.78,0.06,0.45,0.09,16028,5.297543048858643
0.57,0.68,0.25,0.38,0.91,0.78,0.06,0.45,0.09,15573,5.30166220664978
0.57,0.68,0.25,0.37,0.91,0.78,0.06,0.45,0.1,15950,5.3027732372283936
0.57,0.68,0.25,0.37,0.91,0.78,0.06,0.45,0.1,16339,5.305511951446533
0.57,0.69,0.25,0.38,0.91,0.78,0.06,0.45,0.1,15860,5.309530973434448
0.56,0.68,0.25,0.38,0.91,0.79,0.06,0.45,0.09,16099,5.313532829284668
0.56,0.68,0.25,0.38,0.91,0.78,0.06,0.45,0.1,16054,5.313532829284668
0.56,0.68,0.25,0.37,0.91,0.78,0.06,0.45,0.1,16133,5.31804895401001
0.56,0.69,0.25,0.37,0.91,0.78,0.06,0.45,0.09,15540,5.32277774810791
0.56,0.69,0.25,0.39,0.91,0.78,0.06,0.45,0.1,16017,5.326787948608398
0.56,0.69,0.25,0.38,0.91,0.78,0.06,0.45,0.09,16452,5.326787948608398
0.56,0.69,0.25,0.38,0.91,0.78,0.06,0.45,0.1,16233,5.3310253620147705
0.56,0.69,0.25,0.38,0.91,0.78,0.06,0.45,0.09,16522,5.334972858428955
0.57,0.69,0.26,0.39,0.91,0.78,0.06,0.46,0.09,16125,5.338994264602661
0.57,0.69,0.25,0.38,0.91,0.78,0.06,0.45,0.1,16090,5.342993497848511
0.56,0.69,0.25,0.38,0.9,0.78,0.06,0.45,0.09,16245,5.342993497848511
0.56,0.69,0.25,0.38,0.91,0.78,0.06,0.45,0.09,15914,5.347402095794678
0.56,0.69,0.25,0.38,0.91,0.78,0.06,0.45,0.09,15843,5.35095739364624
0.56,0.68,0.25,0.38,0.91,0.78,0.06,0.45,0.09,15852,5.355030536651611
0.57,0.69,0.25,0.38,0.91,0.78,0.06,0.45,0.09,15615,5.355030536651611
0.57,0.69,0.26,0.38,0.91,0.78,0.06,0.45,0.1,16122,5.360048055648804
0.57,0.68,0.25,0.38,0.91,0.78,0.06,0.45,0.09,16543,5.364296197891235
0.56,0.69,0.25,0.38,0.91,0.78,0.06,0.45,0.1,16274,5.367359161376953
0.57,0.69,0.25,0.38,0.91,0.78,0.06,0.45,0.09,16341,5.3682942390441895
0.57,0.69,0.25,0.38,0.91,0.78,0.06,0.45,0.09,16248,5.371599912643433
0.57,0.68,0.25,0.39,0.91,0.78,0.07,0.45,0.09,16095,5.37558388710022
0.57,0.68,0.25,0.38,0.91,0.78,0.07,0.45,0.1,16138,5.379725933074951
0.56,0.69,0.25,0.38,0.91,0.78,0.06,0.45,0.1,16561,5.380570650100708
0.57,0.69,0.25,0.39,0.91,0.78,0.06,0.45,0.1,16140,5.383911848068237
0.57,0.68,0.25,0.38,0.91,0.78,0.06,0.45,0.1,16363,5.388829469680786
0.57,0.68,0.25,0.38,0.91,0.78,0.06,0.45,0.09,16028,5.392374038696289
0.57,0.68,0.25,0.38,0.91,0.78,0.06,0.45,0.1,15597,5.392374038696289
0.57,0.68,0.25,0.38,0.91,0.78,0.06,0.45,0.1,15844,5.395671844482422
0.56,0.68,0.25,0.38,0.91,0.78,0.06,0.45,0.09,16697,5.400730133056641
0.56,0.68,0.25,0.38,0.91,0.78,0.06,0.46,0.1,16572,5.40526819229126
0.56,0.68,0.25,0.38,0.91,0.78,0.06,0.45,0.09,15953,5.40526819229126
0.56,0.69,0.25,0.38,0.91,0.78,0.06,0.45,0.09,15966,5.409043073654175
0.57,0.69,0.25,0.38,0.91,0.78,0.06,0.45,0.09,15683,5.412550449371338
0.57,0.68,0.25,0.38,0.91,0.78,0.06,0.45,0.09,15632,5.416914939880371
0.57,0.68,0.25,0.38,0.91,0.78,0.06,0.45,0.09,15997,5.420234680175781
0.57,0.68,0.25,0.39,0.91,0.77,0.06,0.45,0.09,16136,5.420947313308716
0.56,0.68,0.25,0.38,0.91,0.78,0.06,0.45,0.09,16251,5.425362825393677
0.56,0.68,0.25,0.38,0.91,0.78,0.06,0.45,0.1,15976,5.429322719573975
0.57,0.68,0.25,0.38,0.91,0.78,0.06,0.45,0.09,15719,5.433312892913818
0.56,0.68,0.25,0.39,0.9,0.78,0.06,0.45,0.09,16182,5.433312892913818
0.56,0.68,0.25,0.39,0.9,0.78,0.06,0.45,0.09,16429,5.43737530708313
0.56,0.69,0.25,0.38,0.9,0.78,0.07,0.45,0.09,16398,5.4421303272247314
0.56,0.68,0.25,0.38,0.91,0.78,0.06,0.45,0.1,16105,5.4450109004974365
0.57,0.68,0.25,0.39,0.91,0.78,0.06,0.45,0.1,15650,5.446065664291382
0.56,0.69,0.25,0.38,0.91,0.78,0.06,0.45,0.09,15845,5.450274229049683
0.56,0.68,0.25,0.39,0.91,0.78,0.06,0.45,0.09,15936,5.45379376411438
0.56,0.69,0.25,0.39,0.91,0.78,0.06,0.45,0.09,16133,5.457880735397339
0.56,0.68,0.25,0.38,0.9,0.78,0.06,0.45,0.09,16606,5.457880735397339
0.56,0.68,0.25,0.39,0.9,0.78,0.07,0.45,0.09,16371,5.461880445480347
0.56,0.68,0.25,0.39,0.91,0.78,0.06,0.45,0.1,16254,5.466079235076904
0.56,0.68,0.25,0.39,0.91,0.78,0.06,0.45,0.09,16837,5.470312833786011
0.56,0.68,0.25,0.39,0.91,0.78,0.06,0.45,0.09,16632,5.470312833786011
0.56,0.68,0.25,0.39,0.91,0.78,0.06,0.45,0.09,15849,5.474809885025024
0.57,0.68,0.25,0.38,0.91,0.78,0.06,0.45,0.09,16198,5.477841854095459
0.56,0.68,0.25,0.38,0.91,0.78,0.06,0.45,0.09,16387,5.482084512710571
0.56,0.68,0.25,0.39,0.91,0.78,0.06,0.45,0.09,15946,5.485474586486816
0.56,0.68,0.25,0.39,0.91,0.78,0.06,0.45,0.09,15797,5.4866790771484375
0.56,0.68,0.25,0.38,0.91,0.77,0.06,0.45,0.09,16072,5.490206480026245
0.57,0.68,0.25,0.39,0.91,0.78,0.06,0.45,0.09,15823,5.494728088378906
0.57,0.69,0.25,0.38,0.91,0.78,0.07,0.45,0.09,16088,5.498351335525513
0.56,0.68,0.25,0.38,0.91,0.78,0.06,0.45,0.1,16277,5.499356508255005
0.56,0.68,0.25,0.39,0.91,0.78,0.06,0.45,0.09,15830,5.502682209014893
0.56,0.68,0.25,0.39,0.91,0.78,0.06,0.45,0.09,16029,5.506656646728516
0.56,0.68,0.25,0.38,0.91,0.78,0.06,0.45,0.09,16238,5.509945392608643
0.56,0.68,0.25,0.39,0.91,0.78,0.06,0.45,0.09,16315,5.511003017425537
0.56,0.68,0.25,0.38,0.91,0.78,0.06,0.45,0.09,15904,5.514108180999756
0.56,0.68,0.25,0.39,0.91,0.78,0.06,0.45,0.09,16161,5.5187578201293945
0.56,0.68,0.25,0.38,0.91,0.78,0.06,0.45,0.09,15996,5.522745847702026
0.56,0.68,0.25,0.38,0.91,0.78,0.06,0.45,0.09,15757,5.523766756057739
0.56,0.68,0.25,0.38,0.91,0.78,0.06,0.45,0.09,16194,5.526804208755493
0.56,0.67,0.25,0.38,0.91,0.78,0.06,0.45,0.09,16415,5.531085968017578
0.56,0.67,0.25,0.39,0.91,0.78,0.06,0.45,0.09,16380,5.535405397415161
0.56,0.68,0.24,0.38,0.91,0.77,0.06,0.45,0.09,16519,5.536417484283447
0.56,0.68,0.25,0.38,0.91,0.78,0.06,0.45,0.09,16454,5.539411306381226
0.56,0.69,0.25,0.38,0.9,0.78,0.06,0.45,0.09,16103,5.542812347412109
0.57,0.68,0.25,0.39,0.91,0.78,0.06,0.45,0.1,15606,5.548237562179565
0.57,0.68,0.25,0.38,0.91,0.78,0.07,0.45,0.1,15865,5.548237562179565
0.56,0.68,0.25,0.38,0.91,0.78,0.06,0.45,0.09,16242,5.5515666007995605
0.56,0.68,0.25,0.39,0.91,0.78,0.06,0.45,0.09,16357,5.55614972114563
0.57,0.68,0.25,0.38,0.91,0.78,0.06,0.45,0.09,16366,5.559700965881348
0.56,0.68,0.25,0.39,0.91,0.78,0.06,0.45,0.1,16095,5.563579797744751
0.57,0.68,0.25,0.38,0.91,0.78,0.07,0.44,0.09,16186,5.564345598220825
0.57,0.68,0.25,0.38,0.9,0.78,0.07,0.45,0.1,16041,5.568412780761719
0.56,0.68,0.25,0.39,0.91,0.78,0.06,0.45,0.09,16536,5.573305606842041
0.57,0.68,0.25,0.38,0.91,0.78,0.06,0.46,0.09,16557,5.575938940048218
0.57,0.68,0.25,0.38,0.91,0.78,0.06,0.45,0.09,16348,5.576625347137451
0.56,0.68,0.25,0.38,0.91,0.78,0.06,0.45,0.09,16375,5.57993221282959
0.57,0.68,0.25,0.38,0.91,0.78,0.06,0.45,0.09,16194,5.584984064102173
0.56,0.68,0.25,0.39,0.91,0.78,0.06,0.45,0.09,15997,5.5887675285339355
0.56,0.68,0.26,0.38,0.91,0.78,0.06,0.45,0.1,16040,5.5887675285339355
0.56,0.68,0.25,0.38,0.91,0.78,0.06,0.45,0.1,16531,5.592512607574463
0.57,0.68,0.25,0.38,0.91,0.78,0.06,0.45,0.09,16622,5.597269773483276
0.57,0.68,0.25,0.38,0.91,0.78,0.06,0.45,0.09,16465,5.600552558898926
0.57,0.68,0.25,0.38,0.91,0.78,0.06,0.45,0.09,16264,5.601709604263306
0.57,0.68,0.25,0.38,0.91,0.78,0.06,0.45,0.09,16109,5.605783700942993
0.57,0.68,0.25,0.38,0.91,0.78,0.06,0.45,0.09,16036,5.609767198562622
0.57,0.68,0.25,0.38,0.91,0.78,0.06,0.45,0.09,16049,5.614258766174316
0.57,0.68,0.25,0.38,0.91,0.78,0.06,0.45,0.09,16166,5.614258766174316
0.57,0.68,0.25,0.39,0.91,0.78,0.06,0.45,0.09,16583,5.61784553527832
0.57,0.69,0.25,0.38,0.91,0.78,0.06,0.45,0.09,16634,5.62162184715271
0.57,0.69,0.25,0.38,0.91,0.78,0.06,0.45,0.1,16369,5.62564754486084
0.57,0.68,0.25,0.39,0.91,0.78,0.07,0.45,0.09,16174,5.629658222198486
0.56,0.68,0.25,0.38,0.91,0.78,0.06,0.45,0.1,15981,5.629658222198486
0.57,0.69,0.25,0.38,0.91,0.78,0.06,0.45,0.1,16350,5.634266138076782
0.57,0.68,0.26,0.39,0.91,0.78,0.05,0.45,0.09,16529,5.638138294219971
0.57,0.68,0.25,0.38,0.91,0.78,0.06,0.45,0.09,15974,5.641499042510986
0.57,0.68,0.26,0.38,0.91,0.78,0.06,0.45,0.09,16025,5.641499042510986
0.57,0.68,0.25,0.39,0.91,0.77,0.06,0.45,0.09,16116,5.646517038345337
0.57,0.69,0.25,0.39,0.91,0.78,0.06,0.45,0.09,15721,5.650514841079712
0.57,0.68,0.25,0.38,0.91,0.78,0.06,0.45,0.1,15882,5.654016494750977
0.57,0.68,0.25,0.38,0.91,0.77,0.06,0.45,0.1,16119,5.654889106750488
0.57,0.68,0.25,0.38,0.91,0.78,0.06,0.45,0.09,16438,5.6578145027160645
0.57,0.68,0.25,0.39,0.91,0.77,0.06,0.45,0.09,16365,5.662933349609375
0.57,0.68,0.25,0.38,0.91,0.77,0.06,0.45,0.1,16152,5.665985107421875
0.57,0.68,0.25,0.38,0.91,0.78,0.06,0.45,0.09,16393,5.666932582855225
0.57,0.69,0.25,0.38,0.91,0.77,0.06,0.45,0.09,16314,5.670932769775391
0.57,0.69,0.25,0.38,0.91,0.78,0.06,0.45,0.1,15983,5.674367427825928
0.58,0.68,0.25,0.38,0.91,0.78,0.06,0.45,0.1,16020,5.678400039672852
0.57,0.69,0.26,0.38,0.91,0.77,0.06,0.45,0.1,16293,5.679403305053711
0.57,0.68,0.26,0.38,0.91,0.77,0.06,0.46,0.1,16234,5.6823930740356445
0.57,0.68,0.26,0.38,0.91,0.78,0.06,0.45,0.1,16151,5.686736583709717
0.57,0.68,0.25,0.38,0.91,0.77,0.06,0.45,0.1,15752,5.691514492034912
0.57,0.68,0.26,0.38,0.91,0.77,0.06,0.45,0.1,15971,5.694923639297485
0.57,0.68,0.25,0.38,0.91,0.78,0.06,0.45,0.1,16212,5.695512533187866
0.57,0.68,0.25,0.38,0.91,0.78,0.06,0.45,0.09,16587,5.6988348960876465
0.57,0.68,0.25,0.38,0.91,0.77,0.06,0.45,0.09,16976,5.704303741455078
0.57,0.68,0.25,0.39,0.91,0.78,0.07,0.45,0.09,16371,5.7068188190460205
0.57,0.68,0.25,0.38,0.91,0.78,0.06,0.45,0.09,15868,5.707818269729614
0.57,0.68,0.25,0.38,0.91,0.78,0.06,0.45,0.09,15671,5.711089134216309
0.57,0.68,0.26,0.38,0.91,0.77,0.07,0.45,0.1,16050,5.715018033981323
0.57,0.68,0.25,0.38,0.91,0.78,0.06,0.45,0.1,16453,5.718577146530151
0.57,0.68,0.26,0.38,0.91,0.78,0.06,0.45,0.09,16020,5.719623565673828
0.57,0.68,0.25,0.38,0.92,0.78,0.06,0.45,0.09,16185,5.723326683044434
0.57,0.68,0.25,0.38,0.91,0.78,0.06,0.45,0.09,16290,5.728333473205566
0.57,0.68,0.25,0.39,0.92,0.78,0.06,0.45,0.09,16169,5.731346607208252
0.57,0.68,0.25,0.38,0.91,0.78,0.06,0.45,0.09,15830,5.731346607208252
0.57,0.68,0.25,0.38,0.92,0.78,0.06,0.45,0.1,16317,5.735334634780884
0.57,0.68,0.25,0.38,0.91,0.78,0.06,0.45,0.1,16008,5.7398011684417725
0.57,0.68,0.25,0.38,0.91,0.78,0.06,0.45,0.09,16267,5.74418044090271
0.58,0.68,0.25,0.38,0.92,0.78,0.06,0.45,0.09,16594,5.745213031768799
0.57,0.68,0.25,0.38,0.92,0.78,0.06,0.45,0.1,16069,5.748223543167114
0.57,0.68,0.25,0.38,0.92,0.78,0.06,0.45,0.09,15730,5.753213882446289
0.58,0.68,0.25,0.38,0.91,0.78,0.06,0.45,0.09,15959,5.756480932235718
0.58,0.68,0.25,0.38,0.92,0.78,0.07,0.45,0.1,16210,5.757535934448242
0.58,0.68,0.25,0.39,0.92,0.78,0.06,0.45,0.1,16699,5.7610182762146
0.58,0.67,0.25,0.38,0.92,0.77,0.06,0.45,0.1,16782,5.764713764190674
0.58,0.69,0.25,0.38,0.91,0.78,0.06,0.45,0.09,16173,5.768633842468262
0.57,0.68,0.25,0.38,0.91,0.78,0.07,0.45,0.1,16006,5.772066593170166
0.58,0.69,0.26,0.38,0.91,0.78,0.06,0.45,0.1,15637,5.773111343383789
0.57,0.68,0.26,0.38,0.91,0.78,0.06,0.45,0.09,16142,5.777108430862427
0.57,0.68,0.25,0.39,0.91,0.78,0.06,0.45,0.1,16447,5.781130075454712
0.58,0.68,0.25,0.38,0.91,0.78,0.06,0.45,0.09,16272,5.785108327865601
0.57,0.69,0.25,0.39,0.91,0.79,0.06,0.45,0.09,16443,5.785108327865601
0.57,0.68,0.25,0.38,0.91,0.78,0.06,0.45,0.1,16586,5.790333032608032
0.57,0.68,0.25,0.38,0.91,0.78,0.06,0.45,0.1,16263,5.793828725814819
0.57,0.68,0.25,0.38,0.92,0.78,0.06,0.45,0.09,15902,5.797022342681885
0.57,0.68,0.25,0.38,0.91,0.78,0.06,0.45,0.09,16245,5.798083782196045
0.57,0.68,0.25,0.38,0.91,0.78,0.06,0.45,0.1,16492,5.802316427230835
0.57,0.68,0.25,0.38,0.91,0.78,0.06,0.45,0.09,16425,5.806315898895264
0.57,0.69,0.25,0.38,0.91,0.78,0.06,0.45,0.09,16620,5.809567213058472
0.57,0.68,0.25,0.38,0.91,0.78,0.06,0.45,0.1,16791,5.810316562652588
0.57,0.69,0.25,0.38,0.91,0.78,0.07,0.45,0.09,16520,5.814316272735596
0.57,0.68,0.26,0.38,0.91,0.78,0.06,0.45,0.1,16065,5.817999839782715
0.57,0.69,0.25,0.38,0.91,0.78,0.06,0.44,0.09,16164,5.822030544281006
0.57,0.68,0.26,0.38,0.91,0.78,0.06,0.45,0.1,16005,5.8231165409088135
0.57,0.69,0.25,0.38,0.91,0.78,0.06,0.45,0.09,15774,5.826125621795654
0.57,0.68,0.25,0.38,0.91,0.78,0.06,0.45,0.09,15967,5.831151008605957
0.57,0.69,0.25,0.38,0.91,0.78,0.06,0.45,0.09,15854,5.8345115184783936
0.56,0.68,0.25,0.38,0.91,0.78,0.06,0.45,0.1,16341,5.838314533233643
0.57,0.69,0.25,0.39,0.91,0.78,0.06,0.44,0.09,16556,5.83937406539917
0.57,0.68,0.25,0.39,0.91,0.78,0.06,0.45,0.09,16657,5.842824935913086
0.57,0.68,0.26,0.39,0.91,0.78,0.07,0.45,0.09,16472,5.846695423126221
0.57,0.68,0.25,0.39,0.91,0.78,0.06,0.45,0.09,16095,5.85061502456665
0.57,0.69,0.25,0.39,0.91,0.78,0.06,0.45,0.09,16098,5.85061502456665
0.57,0.69,0.25,0.39,0.91,0.78,0.07,0.45,0.09,16419,5.855351448059082
0.57,0.68,0.25,0.38,0.91,0.78,0.06,0.45,0.09,16364,5.8597471714019775
0.57,0.69,0.25,0.38,0.92,0.78,0.06,0.45,0.1,15737,5.862922191619873
0.57,0.69,0.25,0.39,0.91,0.78,0.06,0.45,0.09,16198,5.863765478134155
0.57,0.69,0.25,0.38,0.91,0.78,0.06,0.45,0.09,16363,5.867768287658691
0.57,0.68,0.25,0.39,0.91,0.78,0.06,0.45,0.09,15970,5.871767997741699
0.57,0.69,0.25,0.39,0.91,0.78,0.06,0.45,0.09,15777,5.874859094619751
0.57,0.68,0.25,0.38,0.91,0.78,0.06,0.45,0.09,15914,5.875885963439941
0.57,0.69,0.25,0.38,0.91,0.78,0.06,0.45,0.1,16025,5.879912853240967
0.57,0.68,0.26,0.38,0.91,0.78,0.06,0.45,0.1,15796,5.884380578994751
0.57,0.69,0.25,0.39,0.92,0.78,0.06,0.45,0.09,15857,5.887539386749268
0.57,0.68,0.25,0.38,0.91,0.78,0.06,0.45,0.09,16094,5.888375282287598
0.57,0.68,0.25,0.38,0.91,0.79,0.06,0.45,0.09,15903,5.892454147338867
0.57,0.68,0.26,0.39,0.91,0.78,0.06,0.45,0.09,16214,5.89647102355957
0.57,0.68,0.26,0.38,0.92,0.78,0.06,0.45,0.09,16041,5.900470972061157
0.57,0.68,0.25,0.38,0.92,0.78,0.07,0.45,0.09,15952,5.903784275054932
0.57,0.68,0.25,0.38,0.92,0.78,0.06,0.45,0.09,16151,5.903784275054932
0.57,0.68,0.26,0.38,0.92,0.78,0.06,0.45,0.1,16288,5.90876317024231
0.57,0.69,0.25,0.38,0.91,0.78,0.07,0.45,0.09,16367,5.912147045135498
0.58,0.68,0.25,0.38,0.91,0.78,0.06,0.45,0.1,16554,5.9162516593933105
0.57,0.68,0.25,0.38,0.91,0.77,0.07,0.45,0.1,16093,5.916794061660767
0.57,0.68,0.25,0.39,0.91,0.78,0.07,0.45,0.09,15722,5.919841289520264
0.58,0.68,0.25,0.39,0.91,0.78,0.06,0.45,0.09,15705,5.924840927124023
0.58,0.68,0.25,0.38,0.91,0.78,0.06,0.45,0.1,15816,5.928396224975586
0.57,0.68,0.25,0.39,0.91,0.78,0.06,0.45,0.09,16207,5.929448843002319
0.57,0.68,0.25,0.39,0.91,0.78,0.06,0.45,0.1,16672,5.93263840675354
0.58,0.68,0.25,0.39,0.91,0.78,0.06,0.45,0.1,16747,5.937227964401245
0.57,0.68,0.26,0.39,0.91,0.78,0.06,0.45,0.09,16666,5.940864562988281
0.57,0.68,0.25,0.38,0.91,0.78,0.06,0.45,0.1,16117,5.941922426223755
0.57,0.69,0.25,0.39,0.91,0.78,0.06,0.46,0.1,16102,5.944913148880005
0.57,0.68,0.26,0.38,0.91,0.78,0.06,0.45,0.1,15889,5.949041843414307
0.57,0.69,0.25,0.39,0.91,0.78,0.06,0.46,0.09,15852,5.953060150146484
0.58,0.69,0.25,0.39,0.92,0.78,0.06,0.45,0.1,16055,5.954208135604858
0.57,0.69,0.25,0.39,0.91,0.78,0.06,0.45,0.1,16170,5.957273244857788
0.57,0.68,0.26,0.38,0.91,0.78,0.06,0.45,0.09,16009,5.962283372879028
0.57,0.69,0.26,0.38,0.91,0.78,0.06,0.45,0.1,16112,5.965447902679443
0.57,0.69,0.25,0.38,0.91,0.78,0.06,0.45,0.1,16399,5.966283082962036
0.57,0.69,0.25,0.38,0.92,0.78,0.06,0.46,0.09,16550,5.969658613204956
0.57,0.69,0.26,0.38,0.91,0.78,0.07,0.45,0.1,16277,5.97431755065918
0.57,0.69,0.25,0.39,0.91,0.78,0.06,0.45,0.1,16220,5.977653980255127
0.57,0.68,0.25,0.39,0.91,0.78,0.06,0.45,0.1,16043,5.980674505233765
0.57,0.69,0.25,0.39,0.92,0.78,0.06,0.45,0.09,15814,5.981653213500977
0.57,0.69,0.26,0.39,0.91,0.78,0.06,0.45,0.1,15933,5.985641241073608
0.57,0.69,0.25,0.39,0.91,0.78,0.06,0.45,0.1,16304,5.9898362159729
0.57,0.69,0.25,0.38,0.91,0.78,0.06,0.45,0.09,15899,5.994102716445923
0.57,0.69,0.25,0.38,0.91,0.78,0.06,0.45,0.09,15742,5.994102716445923
0.57,0.69,0.25,0.38,0.91,0.78,0.06,0.45,0.1,16019,5.998351335525513
0.57,0.69,0.25,0.38,0.91,0.78,0.06,0.45,0.09,15894,6.002992630004883
0.57,0.69,0.25,0.38,0.92,0.78,0.06,0.46,0.1,16003,6.006271839141846
0.57,0.69,0.25,0.39,0.92,0.78,0.06,0.45,0.1,16234,6.007014036178589
0.57,0.69,0.25,0.38,0.92,0.78,0.06,0.45,0.1,15981,6.010145425796509
0.57,0.69,0.25,0.38,0.91,0.78,0.06,0.45,0.09,15820,6.014325380325317
0.57,0.68,0.25,0.39,0.92,0.78,0.06,0.45,0.09,15501,6.018344163894653
0.57,0.68,0.25,0.39,0.91,0.77,0.07,0.45,0.1,15646,6.019075155258179
0.57,0.68,0.25,0.39,0.91,0.78,0.06,0.45,0.09,15761,6.023131608963013
0.57,0.69,0.25,0.39,0.91,0.78,0.06,0.45,0.09,16188,6.0271313190460205
0.57,0.69,0.25,0.39,0.91,0.78,0.06,0.45,0.09,16357,6.030598402023315
0.57,0.68,0.25,0.39,0.91,0.78,0.06,0.44,0.09,16176,6.030598402023315
0.57,0.68,0.25,0.39,0.91,0.78,0.06,0.45,0.1,16075,6.0350916385650635
0.57,0.68,0.25,0.39,0.91,0.78,0.06,0.45,0.1,16482,6.040145635604858
0.57,0.69,0.26,0.39,0.91,0.78,0.06,0.45,0.1,16231,6.043761968612671
0.57,0.69,0.25,0.38,0.91,0.78,0.06,0.45,0.08,16264,6.0466742515563965
0.57,0.68,0.25,0.39,0.92,0.78,0.06,0.45,0.09,16467,6.0477378368377686
0.57,0.68,0.25,0.38,0.91,0.78,0.06,0.45,0.09,16862,6.052152872085571
0.57,0.69,0.25,0.38,0.92,0.79,0.06,0.45,0.1,16879,6.0553154945373535
0.57,0.68,0.25,0.38,0.92,0.78,0.07,0.45,0.1,16600,6.059624433517456
0.56,0.69,0.25,0.39,0.91,0.78,0.06,0.45,0.09,16685,6.059624433517456
0.57,0.69,0.25,0.39,0.91,0.78,0.06,0.45,0.1,16572,6.063589096069336
0.57,0.68,0.25,0.39,0.91,0.78,0.06,0.45,0.1,16451,6.068575620651245
0.57,0.68,0.25,0.39,0.91,0.78,0.06,0.45,0.1,16114,6.07158899307251
0.57,0.69,0.25,0.39,0.91,0.78,0.06,0.45,0.1,15853,6.072605133056641
0.56,0.68,0.25,0.39,0.91,0.78,0.06,0.45,0.09,15904,6.0755603313446045
0.56,0.68,0.25,0.39,0.91,0.78,0.06,0.45,0.09,16349,6.079719066619873
0.57,0.69,0.25,0.39,0.92,0.78,0.06,0.45,0.1,16486,6.083756685256958
0.57,0.69,0.25,0.39,0.91,0.78,0.07,0.45,0.09,16383,6.0847203731536865
0.57,0.69,0.25,0.39,0.91,0.78,0.06,0.46,0.09,15978,6.088094711303711
0.57,0.68,0.25,0.38,0.91,0.78,0.06,0.45,0.09,16121,6.0928871631622314
0.56,0.69,0.25,0.38,0.91,0.78,0.07,0.45,0.1,15948,6.096251487731934
0.57,0.68,0.25,0.39,0.91,0.77,0.06,0.45,0.1,16105,6.0973286628723145
0.57,0.68,0.25,0.38,0.91,0.78,0.06,0.45,0.09,15964,6.100338697433472
0.57,0.69,0.25,0.38,0.91,0.78,0.06,0.45,0.09,15779,6.104343414306641
0.57,0.68,0.25,0.39,0.92,0.78,0.06,0.45,0.1,16208,6.108338117599487
0.57,0.68,0.25,0.39,0.91,0.78,0.06,0.45,0.1,16385,6.109342575073242
0.57,0.68,0.25,0.39,0.91,0.78,0.07,0.45,0.09,16216,6.112401485443115
0.57,0.68,0.25,0.39,0.91,0.78,0.06,0.45,0.1,16317,6.117147445678711
0.57,0.68,0.25,0.38,0.91,0.78,0.06,0.44,0.1,16116,6.12135910987854
0.57,0.68,0.25,0.39,0.91,0.77,0.06,0.45,0.1,15853,6.124237060546875
0.57,0.68,0.25,0.39,0.91,0.78,0.06,0.45,0.1,16112,6.125252723693848
0.57,0.68,0.25,0.39,0.92,0.78,0.07,0.44,0.1,16327,6.129256725311279
0.57,0.68,0.25,0.39,0.92,0.78,0.06,0.45,0.09,16276,6.1332337856292725
0.57,0.68,0.25,0.39,0.91,0.78,0.05,0.45,0.09,16343,6.137061834335327
0.57,0.69,0.25,0.39,0.92,0.78,0.06,0.45,0.1,16268,6.138153314590454
0.57,0.69,0.25,0.39,0.91,0.78,0.07,0.45,0.09,15831,6.141197681427002
0.57,0.68,0.25,0.39,0.91,0.78,0.07,0.45,0.09,15756,6.146215915679932
0.56,0.68,0.25,0.39,0.91,0.78,0.06,0.45,0.1,16217,6.149215936660767
0.56,0.67,0.25,0.39,0.91,0.78,0.06,0.45,0.1,16286,6.150216341018677
0.56,0.67,0.25,0.38,0.91,0.77,0.06,0.45,0.09,16095,6.1542158126831055
0.57,0.69,0.25,0.39,0.91,0.78,0.06,0.45,0.1,15820,6.157836675643921
0.56,0.68,0.25,0.38,0.91,0.77,0.06,0.45,0.1,15945,6.161679267883301
0.56,0.68,0.25,0.38,0.91,0.78,0.06,0.45,0.1,16112,6.162723779678345
0.56,0.68,0.25,0.38,0.91,0.78,0.06,0.44,0.1,16399,6.1662797927856445
0.57,0.68,0.25,0.39,0.91,0.78,0.06,0.45,0.1,16652,6.1702868938446045
0.56,0.68,0.25,0.38,0.91,0.78,0.06,0.45,0.1,16401,6.174290895462036
0.56,0.68,0.25,0.38,0.91,0.78,0.06,0.45,0.1,16344,6.174290895462036
0.56,0.68,0.26,0.38,0.91,0.78,0.06,0.45,0.1,16073,6.178893566131592
0.56,0.68,0.25,0.39,0.91,0.78,0.06,0.45,0.1,15642,6.182076930999756
0.56,0.68,0.25,0.39,0.91,0.78,0.07,0.45,0.1,15731,6.186074256896973
0.56,0.68,0.25,0.39,0.91,0.78,0.07,0.45,0.1,16004,6.190160512924194
0.56,0.68,0.25,0.38,0.91,0.78,0.07,0.45,0.1,16443,6.191226243972778
0.56,0.68,0.25,0.38,0.91,0.78,0.06,0.44,0.1,16780,6.195225477218628
0.56,0.68,0.25,0.38,0.91,0.78,0.06,0.45,0.09,16677,6.199238538742065
0.56,0.67,0.25,0.38,0.91,0.78,0.06,0.45,0.1,16646,6.202390193939209
0.57,0.68,0.25,0.39,0.92,0.78,0.06,0.45,0.1,16337,6.203409433364868
0.56,0.68,0.25,0.38,0.91,0.78,0.06,0.45,0.1,16270,6.207409143447876
0.56,0.68,0.25,0.39,0.91,0.78,0.06,0.45,0.1,16747,6.211409330368042
0.57,0.68,0.25,0.39,0.91,0.78,0.06,0.45,0.1,16890,6.21473503112793
0.56,0.68,0.25,0.39,0.91,0.78,0.06,0.45,0.09,16051,6.2157323360443115
0.56,0.68,0.25,0.39,0.91,0.78,0.06,0.45,0.1,16128,6.218916893005371
0.56,0.68,0.25,0.38,0.91,0.78,0.06,0.44,0.1,16503,6.2233781814575195
0.56,0.68,0.24,0.38,0.92,0.78,0.06,0.45,0.1,16094,6.227417230606079
0.56,0.68,0.25,0.38,0.91,0.78,0.07,0.45,0.09,16189,6.2284440994262695
0.55,0.67,0.25,0.38,0.91,0.78,0.06,0.45,0.1,16056,6.232444524765015
0.56,0.68,0.25,0.38,0.91,0.78,0.06,0.45,0.1,16109,6.236445188522339
0.56,0.68,0.25,0.38,0.91,0.78,0.05,0.45,0.1,16310,6.239971160888672
0.56,0.68,0.25,0.38,0.91,0.78,0.06,0.45,0.1,16133,6.239971160888672
0.55,0.68,0.25,0.37,0.91,0.78,0.06,0.45,0.1,16268,6.244067430496216
0.55,0.67,0.25,0.37,0.91,0.78,0.06,0.45,0.1,16399,6.247943162918091
0.54,0.68,0.25,0.37,0.91,0.78,0.06,0.45,0.1,16126,6.251821279525757
0.55,0.67,0.25,0.38,0.91,0.78,0.06,0.45,0.1,15967,6.252862215042114
0.55,0.67,0.25,0.38,0.91,0.79,0.06,0.45,0.1,15662,6.257325649261475
0.55,0.67,0.25,0.38,0.91,0.78,0.06,0.45,0.1,16035,6.260593891143799
0.55,0.66,0.25,0.37,0.91,0.78,0.06,0.45,0.1,16608,6.264594793319702
0.55,0.67,0.25,0.37,0.91,0.78,0.06,0.45,0.1,16429,6.2680723667144775
0.55,0.67,0.25,0.38,0.9,0.78,0.06,0.45,0.1,16120,6.268593788146973
0.55,0.67,0.25,0.37,0.9,0.78,0.06,0.45,0.1,15923,6.272212743759155
0.55,0.67,0.25,0.37,0.91,0.78,0.06,0.45,0.09,15974,6.2769670486450195
0.55,0.67,0.25,0.37,0.91,0.78,0.06,0.45,0.1,15947,6.280535459518433
0.55,0.67,0.25,0.37,0.91,0.78,0.06,0.45,0.1,15948,6.280535459518433
0.56,0.67,0.25,0.37,0.91,0.78,0.06,0.45,0.1,15989,6.285558700561523
0.55,0.67,0.25,0.37,0.91,0.78,0.06,0.45,0.1,15988,6.288554430007935
0.54,0.67,0.25,0.37,0.91,0.78,0.06,0.45,0.09,15735,6.292553901672363
0.55,0.66,0.25,0.37,0.91,0.78,0.06,0.45,0.1,16254,6.2935545444488525
0.55,0.67,0.25,0.37,0.91,0.78,0.06,0.45,0.1,16471,6.296710014343262
0.56,0.67,0.25,0.37,0.91,0.78,0.06,0.45,0.1,16098,6.301723480224609
0.55,0.67,0.25,0.37,0.91,0.78,0.05,0.45,0.09,16041,6.305093288421631
0.55,0.67,0.25,0.37,0.91,0.78,0.06,0.45,0.1,16250,6.306151628494263
0.56,0.66,0.25,0.37,0.91,0.78,0.06,0.46,0.1,16091,6.310244560241699
0.55,0.67,0.25,0.38,0.9,0.78,0.06,0.45,0.1,16132,6.314244508743286
0.55,0.67,0.25,0.37,0.91,0.78,0.06,0.45,0.1,16525,6.3172948360443115
0.55,0.67,0.25,0.37,0.91,0.78,0.06,0.45,0.1,16420,6.318320274353027
0.55,0.67,0.25,0.37,0.91,0.78,0.06,0.45,0.1,16139,6.322461843490601
0.56,0.67,0.25,0.37,0.91,0.78,0.06,0.45,0.1,16094,6.326520919799805
0.55,0.67,0.25,0.37,0.91,0.78,0.06,0.45,0.1,15659,6.330484867095947
0.55,0.67,0.25,0.37,0.91,0.78,0.06,0.45,0.1,15874,6.330484867095947
0.55,0.67,0.24,0.37,0.91,0.78,0.06,0.45,0.1,15841,6.33447003364563
0.55,0.67,0.25,0.37,0.91,0.78,0.06,0.45,0.1,16232,6.338626384735107
0.55,0.67,0.25,0.37,0.91,0.78,0.06,0.46,0.1,16785,6.342669248580933
0.55,0.67,0.25,0.37,0.9,0.78,0.06,0.45,0.1,16600,6.342669248580933
0.55,0.67,0.25,0.37,0.91,0.78,0.06,0.45,0.09,16211,6.346666097640991
0.55,0.67,0.25,0.37,0.91,0.78,0.06,0.45,0.1,16308,6.3506691455841064
0.55,0.67,0.25,0.37,0.91,0.78,0.07,0.45,0.1,16789,6.354665756225586
0.54,0.67,0.25,0.38,0.91,0.78,0.06,0.45,0.1,16420,6.355665683746338
0.54,0.67,0.25,0.37,0.91,0.78,0.06,0.45,0.1,16093,6.358198404312134
0.54,0.67,0.25,0.37,0.91,0.78,0.05,0.45,0.1,15876,6.362704515457153
0.55,0.67,0.25,0.37,0.91,0.78,0.06,0.45,0.1,15985,6.366512298583984
0.55,0.67,0.25,0.37,0.91,0.78,0.06,0.45,0.1,15748,6.370544910430908
0.55,0.67,0.25,0.37,0.92,0.78,0.06,0.45,0.1,16103,6.371540784835815
0.55,0.67,0.25,0.37,0.91,0.78,0.06,0.45,0.1,16388,6.374544382095337
0.54,0.67,0.25,0.37,0.91,0.78,0.06,0.45,0.1,16421,6.378541946411133
0.55,0.67,0.25,0.37,0.91,0.78,0.06,0.45,0.1,16542,6.382907867431641
0.55,0.67,0.25,0.37,0.91,0.78,0.07,0.45,0.1,16841,6.382907867431641
0.55,0.67,0.25,0.37,0.91,0.78,0.06,0.45,0.1,16766,6.386595726013184
0.55,0.67,0.25,0.37,0.91,0.78,0.06,0.45,0.1,16851,6.391105651855469
0.55,0.67,0.25,0.37,0.91,0.79,0.06,0.45,0.1,16482,6.395353078842163
0.55,0.67,0.25,0.37,0.91,0.78,0.06,0.45,0.1,15775,6.396223068237305
0.55,0.67,0.25,0.37,0.91,0.78,0.06,0.45,0.1,15670,6.399249076843262
0.55,0.68,0.25,0.37,0.91,0.78,0.06,0.45,0.1,16353,6.404155015945435
0.54,0.67,0.25,0.37,0.91,0.78,0.06,0.45,0.1,16348,6.408121585845947
0.55,0.67,0.25,0.38,0.91,0.78,0.06,0.45,0.1,16141,6.409119129180908
0.55,0.67,0.25,0.37,0.91,0.78,0.05,0.45,0.1,16326,6.412123441696167
0.54,0.67,0.25,0.37,0.92,0.78,0.06,0.45,0.1,16199,6.416423320770264
0.55,0.68,0.25,0.37,0.91,0.78,0.06,0.45,0.1,15966,6.419817924499512
0.56,0.67,0.25,0.37,0.91,0.78,0.06,0.45,0.1,15883,6.419817924499512
0.56,0.67,0.25,0.37,0.91,0.78,0.07,0.45,0.1,15788,6.425084590911865
0.55,0.68,0.25,0.37,0.91,0.78,0.06,0.45,0.1,16243,6.4280736446380615
0.55,0.68,0.25,0.37,0.92,0.78,0.06,0.45,0.1,16638,6.433132648468018
0.56,0.68,0.25,0.37,0.91,0.78,0.06,0.45,0.1,16819,6.436380624771118
0.56,0.68,0.25,0.37,0.91,0.78,0.06,0.45,0.1,16876,6.4371325969696045
0.56,0.68,0.25,0.37,0.92,0.78,0.06,0.45,0.09,16309,6.441132307052612
0.56,0.67,0.25,0.37,0.91,0.78,0.06,0.45,0.1,15962,6.445132493972778
0.56,0.68,0.25,0.37,0.91,0.78,0.06,0.45,0.1,16171,6.449364423751831
0.56,0.68,0.25,0.37,0.91,0.78,0.06,0.45,0.1,15752,6.449364423751831
0.56,0.68,0.25,0.37,0.91,0.78,0.06,0.45,0.1,15941,6.452479839324951
0.56,0.68,0.25,0.37,0.91,0.78,0.06,0.45,0.1,16268,6.457936763763428
0.56,0.68,0.25,0.37,0.91,0.78,0.06,0.45,0.1,16541,6.461001396179199
0.56,0.69,0.25,0.37,0.91,0.78,0.06,0.46,0.1,16336,6.462078094482422
0.56,0.68,0.25,0.37,0.91,0.78,0.06,0.45,0.1,16135,6.465342998504639
0.56,0.68,0.25,0.37,0.91,0.78,0.06,0.45,0.1,15866,6.469471216201782
0.56,0.68,0.25,0.37,0.91,0.78,0.06,0.45,0.1,15973,6.47348165512085
0.57,0.68,0.25,0.38,0.91,0.78,0.06,0.45,0.1,16392,6.474457263946533
0.56,0.68,0.25,0.38,0.91,0.78,0.06,0.45,0.1,16479,6.4774696826934814
0.56,0.68,0.25,0.37,0.91,0.78,0.06,0.45,0.1,16328,6.48101806640625
0.56,0.68,0.25,0.37,0.91,0.78,0.06,0.45,0.1,16145,6.485954999923706
0.56,0.68,0.25,0.37,0.91,0.78,0.06,0.45,0.09,16432,6.485954999923706
0.57,0.67,0.24,0.38,0.91,0.78,0.06,0.45,0.1,16477,6.4902942180633545
0.56,0.68,0.25,0.38,0.92,0.78,0.06,0.45,0.1,16250,6.493697643280029
0.56,0.68,0.25,0.37,0.91,0.78,0.06,0.45,0.1,16845,6.498978137969971
0.57,0.67,0.25,0.37,0.91,0.78,0.06,0.45,0.1,16722,6.498978137969971
0.57,0.67,0.25,0.38,0.92,0.78,0.06,0.45,0.1,16583,6.501876354217529
0.56,0.67,0.25,0.38,0.91,0.78,0.06,0.45,0.1,16312,6.506924152374268
0.56,0.67,0.25,0.37,0.91,0.78,0.06,0.45,0.1,15975,6.510624170303345
0.56,0.68,0.24,0.38,0.91,0.78,0.07,0.45,0.09,16350,6.51413631439209
0.56,0.67,0.25,0.38,0.92,0.78,0.06,0.45,0.1,16687,6.515196323394775
0.56,0.67,0.25,0.38,0.91,0.78,0.06,0.45,0.1,15970,6.51830530166626
0.57,0.68,0.25,0.38,0.92,0.78,0.06,0.45,0.09,15659,6.523348093032837
0.57,0.67,0.25,0.38,0.91,0.78,0.06,0.45,0.1,15776,6.527255535125732
0.57,0.68,0.25,0.37,0.91,0.78,0.06,0.45,0.1,15933,6.527255535125732
0.57,0.67,0.25,0.37,0.91,0.78,0.06,0.45,0.1,16652,6.530303001403809
0.57,0.68,0.25,0.38,0.91,0.78,0.06,0.45,0.1,16555,6.535271883010864
0.56,0.67,0.25,0.37,0.91,0.78,0.06,0.45,0.1,16090,6.538724184036255
0.57,0.67,0.25,0.37,0.91,0.78,0.06,0.45,0.1,16121,6.53980016708374
0.57,0.67,0.25,0.37,0.91,0.78,0.06,0.45,0.1,16494,6.543281078338623
0.57,0.68,0.25,0.38,0.91,0.78,0.06,0.45,0.1,16595,6.547398805618286
0.56,0.68,0.25,0.38,0.91,0.78,0.06,0.45,0.1,16538,6.5513694286346436
0.57,0.67,0.25,0.38,0.92,0.78,0.06,0.45,0.1,16447,6.552401065826416
0.56,0.67,0.25,0.38,0.91,0.78,0.06,0.45,0.1,16002,6.555497646331787
0.57,0.68,0.25,0.37,0.91,0.78,0.06,0.45,0.1,15849,6.559498071670532
0.56,0.68,0.25,0.38,0.91,0.78,0.06,0.45,0.1,15618,6.56399393081665
0.56,0.68,0.25,0.37,0.91,0.78,0.06,0.46,0.1,15967,6.56399393081665
0.57,0.68,0.25,0.38,0.91,0.78,0.06,0.45,0.1,16058,6.567524194717407
0.57,0.68,0.25,0.38,0.91,0.78,0.06,0.45,0.1,15981,6.5715625286102295
0.57,0.67,0.25,0.38,0.91,0.78,0.06,0.45,0.1,16366,6.576608657836914
0.57,0.68,0.25,0.37,0.91,0.78,0.06,0.45,0.1,16433,6.579627275466919
0.57,0.68,0.25,0.38,0.91,0.78,0.06,0.45,0.1,16542,6.580663681030273
0.57,0.67,0.25,0.37,0.92,0.78,0.06,0.45,0.1,16595,6.584099292755127
0.57,0.67,0.25,0.38,0.92,0.78,0.05,0.45,0.1,16078,6.589187383651733
0.57,0.68,0.25,0.37,0.92,0.78,0.06,0.45,0.1,16069,6.591449975967407
0.57,0.67,0.25,0.38,0.91,0.78,0.06,0.45,0.1,16516,6.59218692779541
0.56,0.67,0.25,0.38,0.92,0.78,0.06,0.45,0.1,16673,6.596630811691284
0.56,0.67,0.25,0.38,0.92,0.78,0.06,0.45,0.1,16382,6.600191593170166
0.56,0.67,0.25,0.38,0.91,0.78,0.06,0.45,0.1,16195,6.604307651519775
0.56,0.68,0.25,0.37,0.92,0.78,0.06,0.45,0.1,16296,6.60524845123291
0.56,0.68,0.25,0.38,0.91,0.78,0.06,0.45,0.09,16513,6.608712911605835
0.56,0.67,0.25,0.38,0.91,0.78,0.06,0.45,0.1,16130,6.612552881240845
0.56,0.68,0.25,0.38,0.92,0.78,0.06,0.45,0.1,15839,6.61639666557312
0.57,0.67,0.25,0.38,0.91,0.78,0.06,0.45,0.1,15664,6.617460489273071
0.56,0.67,0.25,0.37,0.91,0.78,0.06,0.45,0.1,15711,6.621211528778076
0.57,0.68,0.25,0.37,0.91,0.78,0.06,0.45,0.1,16372,6.62534236907959
0.57,0.67,0.25,0.38,0.92,0.78,0.06,0.45,0.1,16025,6.628612995147705
0.57,0.68,0.25,0.37,0.91,0.78,0.06,0.45,0.09,15992,6.62960958480835
0.57,0.68,0.25,0.37,0.91,0.78,0.06,0.45,0.1,16505,6.632786989212036
0.57,0.67,0.25,0.37,0.91,0.78,0.06,0.45,0.09,16476,6.636615514755249
0.57,0.68,0.25,0.37,0.91,0.78,0.06,0.45,0.1,16355,6.640982389450073
0.57,0.68,0.25,0.37,0.91,0.78,0.06,0.45,0.1,16270,6.642013311386108
0.57,0.68,0.25,0.37,0.91,0.78,0.06,0.45,0.1,16339,6.645012855529785
0.56,0.67,0.25,0.38,0.91,0.77,0.06,0.45,0.1,16686,6.64901065826416
0.57,0.67,0.25,0.38,0.91,0.78,0.06,0.45,0.1,16081,6.65401291847229
0.56,0.67,0.25,0.38,0.91,0.78,0.06,0.44,0.1,16064,6.657049894332886
0.57,0.67,0.25,0.38,0.91,0.78,0.06,0.45,0.1,16171,6.658114671707153
0.56,0.68,0.25,0.37,0.91,0.78,0.06,0.45,0.1,16234,6.661342144012451
0.57,0.68,0.25,0.38,0.91,0.78,0.06,0.45,0.09,16215,6.665585994720459
0.56,0.67,0.25,0.38,0.91,0.78,0.06,0.44,0.1,15992,6.669585943222046
0.57,0.68,0.25,0.38,0.92,0.78,0.07,0.45,0.09,16221,6.669585943222046
0.57,0.68,0.25,0.38,0.92,0.78,0.06,0.45,0.1,16082,6.673585414886475
0.56,0.68,0.25,0.38,0.92,0.78,0.06,0.45,0.1,15735,6.677969455718994
0.56,0.68,0.25,0.38,0.92,0.79,0.06,0.45,0.1,15992,6.68134069442749
0.56,0.68,0.25,0.37,0.91,0.78,0.06,0.45,0.1,16339,6.682499170303345
0.56,0.68,0.25,0.37,0.91,0.78,0.06,0.45,0.09,16926,6.685622692108154
0.56,0.68,0.25,0.37,0.91,0.78,0.06,0.45,0.1,17229,6.690655946731567
0.56,0.68,0.26,0.38,0.92,0.78,0.06,0.45,0.1,16820,6.694660186767578
0.56,0.68,0.25,0.38,0.91,0.78,0.06,0.45,0.1,16373,6.694660186767578
0.56,0.68,0.25,0.37,0.91,0.78,0.06,0.45,0.1,16150,6.698656797409058
0.56,0.68,0.25,0.37,0.91,0.78,0.06,0.45,0.1,16071,6.702660799026489
0.56,0.68,0.25,0.37,0.92,0.78,0.06,0.45,0.1,16082,6.7070066928863525
0.56,0.68,0.25,0.37,0.91,0.78,0.06,0.45,0.1,16081,6.708032131195068
0.57,0.68,0.25,0.37,0.92,0.78,0.06,0.45,0.1,15952,6.711267709732056
0.57,0.68,0.25,0.37,0.92,0.78,0.06,0.45,0.1,16117,6.7149317264556885
0.57,0.68,0.25,0.37,0.92,0.78,0.06,0.45,0.1,16238,6.719983100891113
0.56,0.68,0.25,0.37,0.92,0.79,0.06,0.45,0.1,16453,6.723030090332031
0.57,0.68,0.25,0.37,0.92,0.78,0.06,0.45,0.1,16686,6.724011182785034
0.57,0.68,0.25,0.37,0.92,0.78,0.06,0.45,0.09,16443,6.727486610412598
0.57,0.68,0.25,0.37,0.92,0.78,0.06,0.45,0.1,16664,6.731495141983032
0.56,0.68,0.25,0.37,0.92,0.78,0.06,0.45,0.1,16407,6.735523700714111
0.57,0.68,0.25,0.37,0.92,0.78,0.06,0.45,0.1,16268,6.736472845077515
0.57,0.68,0.25,0.37,0.91,0.78,0.06,0.45,0.1,16423,6.739903450012207
0.57,0.68,0.25,0.37,0.92,0.78,0.06,0.45,0.09,16040,6.743656635284424
0.56,0.68,0.26,0.37,0.92,0.79,0.06,0.45,0.09,16371,6.748460292816162
0.56,0.68,0.25,0.38,0.92,0.78,0.06,0.45,0.1,16238,6.748460292816162
0.56,0.68,0.25,0.37,0.92,0.78,0.06,0.45,0.1,16261,6.752432584762573
0.56,0.68,0.25,0.37,0.92,0.78,0.06,0.45,0.1,16076,6.756536245346069
0.56,0.68,0.25,0.38,0.92,0.78,0.06,0.45,0.1,15825,6.759556770324707
0.56,0.68,0.25,0.38,0.91,0.78,0.06,0.45,0.09,15982,6.760610342025757
0.57,0.68,0.25,0.38,0.92,0.78,0.06,0.45,0.1,15945,6.763761520385742
0.56,0.68,0.25,0.38,0.92,0.78,0.06,0.45,0.09,16046,6.767963409423828
0.56,0.68,0.25,0.38,0.92,0.79,0.06,0.45,0.1,16113,6.771990776062012
0.57,0.68,0.25,0.38,0.92,0.78,0.06,0.45,0.1,16282,6.771990776062012
0.56,0.68,0.24,0.37,0.92,0.79,0.06,0.45,0.09,16293,6.775990724563599
0.57,0.67,0.25,0.37,0.92,0.78,0.06,0.45,0.09,16066,6.780155658721924
0.57,0.68,0.25,0.37,0.92,0.79,0.06,0.45,0.09,16147,6.784187316894531
0.57,0.68,0.25,0.38,0.92,0.78,0.06,0.45,0.1,16008,6.7882513999938965
0.57,0.68,0.25,0.38,0.92,0.78,0.06,0.45,0.1,16175,6.788922548294067
0.57,0.68,0.25,0.38,0.92,0.78,0.06,0.45,0.1,16300,6.791965484619141
0.57,0.68,0.25,0.38,0.92,0.78,0.06,0.46,0.09,16311,6.797206401824951
0.57,0.68,0.25,0.38,0.92,0.78,0.05,0.45,0.1,16214,6.8002095222473145
0.57,0.68,0.26,0.37,0.92,0.78,0.06,0.45,0.1,16095,6.801209449768066
0.57,0.68,0.25,0.38,0.92,0.78,0.06,0.45,0.1,15900,6.805518388748169
0.56,0.67,0.25,0.38,0.91,0.78,0.06,0.45,0.1,15793,6.8095176219940186
0.57,0.68,0.25,0.38,0.92,0.78,0.06,0.45,0.09,15884,6.812521696090698
0.57,0.68,0.25,0.38,0.92,0.78,0.06,0.45,0.1,15931,6.813502311706543
0.57,0.68,0.25,0.38,0.92,0.78,0.06,0.45,0.1,16076,6.817050457000732
0.57,0.68,0.25,0.37,0.92,0.78,0.06,0.45,0.09,15663,6.822213411331177
0.57,0.68,0.25,0.37,0.92,0.78,0.06,0.45,0.09,15760,6.825316429138184
0.57,0.68,0.25,0.38,0.92,0.78,0.06,0.45,0.09,15907,6.826274394989014
0.57,0.69,0.25,0.38,0.92,0.78,0.06,0.45,0.1,16254,6.83024787902832
0.56,0.68,0.25,0.37,0.92,0.78,0.06,0.45,0.1,16517,6.8342461585998535
0.57,0.68,0.25,0.37,0.92,0.78,0.06,0.45,0.1,16512,6.837836027145386
0.57,0.68,0.25,0.38,0.92,0.78,0.06,0.45,0.1,16503,6.838782072067261
0.56,0.68,0.25,0.38,0.92,0.78,0.06,0.45,0.09,16330,6.841979742050171
0.57,0.68,0.25,0.37,0.92,0.78,0.05,0.45,0.1,16361,6.8465118408203125
0.57,0.68,0.25,0.38,0.92,0.78,0.06,0.45,0.1,16284,6.849689483642578
0.57,0.68,0.25,0.38,0.92,0.78,0.06,0.45,0.1,16257,6.85073709487915
0.57,0.68,0.25,0.38,0.92,0.78,0.06,0.45,0.1,16458,6.854736566543579
0.57,0.68,0.25,0.38,0.92,0.78,0.06,0.45,0.09,16421,6.858737230300903
0.58,0.68,0.25,0.37,0.92,0.79,0.06,0.45,0.09,16006,6.862766981124878
0.57,0.68,0.25,0.38,0.92,0.78,0.06,0.45,0.1,16333,6.865996837615967
0.58,0.68,0.25,0.38,0.92,0.78,0.06,0.45,0.09,16564,6.86675763130188
0.58,0.68,0.25,0.38,0.92,0.78,0.06,0.45,0.09,16773,6.871502161026001
0.57,0.68,0.25,0.38,0.92,0.78,0.06,0.45,0.09,16634,6.874904632568359
0.57,0.68,0.25,0.38,0.92,0.78,0.06,0.45,0.09,16165,6.878706216812134
0.58,0.68,0.25,0.38,0.92,0.78,0.06,0.45,0.09,16616,6.878706216812134
0.58,0.68,0.25,0.38,0.92,0.78,0.05,0.45,0.09,16801,6.882570743560791
0.58,0.68,0.25,0.38,0.92,0.78,0.06,0.45,0.1,16600,6.886896848678589
0.58,0.68,0.25,0.38,0.92,0.78,0.06,0.45,0.09,16431,6.890761613845825
0.57,0.68,0.25,0.38,0.92,0.78,0.06,0.45,0.09,16400,6.891761064529419
0.58,0.68,0.25,0.38,0.92,0.78,0.06,0.45,0.09,16703,6.895200252532959
0.57,0.68,0.25,0.38,0.92,0.78,0.06,0.45,0.09,16292,6.900207042694092
0.57,0.68,0.25,0.39,0.92,0.77,0.06,0.45,0.09,16401,6.903674840927124
0.58,0.68,0.25,0.38,0.92,0.78,0.06,0.45,0.1,15966,6.903674840927124
0.58,0.68,0.25,0.39,0.92,0.78,0.06,0.45,0.09,15813,6.907794952392578
0.57,0.68,0.25,0.38,0.93,0.78,0.06,0.45,0.09,15796,6.911585330963135
0.58,0.67,0.25,0.38,0.92,0.78,0.06,0.45,0.09,15783,6.9156270027160645
0.57,0.68,0.25,0.38,0.92,0.78,0.06,0.45,0.1,16102,6.916637420654297
0.57,0.68,0.25,0.38,0.92,0.78,0.06,0.44,0.09,16487,6.920274019241333
0.57,0.68,0.25,0.39,0.92,0.78,0.06,0.45,0.09,16340,6.923827648162842
0.57,0.68,0.25,0.38,0.91,0.78,0.06,0.45,0.09,16061,6.927930116653442
0.57,0.68,0.25,0.38,0.92,0.78,0.06,0.45,0.09,16388,6.932062387466431
0.57,0.68,0.25,0.38,0.92,0.78,0.06,0.45,0.09,16683,6.932062387466431
0.58,0.68,0.25,0.38,0.92,0.78,0.06,0.45,0.1,16134,6.936420917510986
0.57,0.68,0.25,0.38,0.92,0.78,0.06,0.45,0.09,16037,6.940438985824585
0.58,0.68,0.25,0.38,0.92,0.78,0.06,0.45,0.09,15902,6.94442081451416
0.58,0.68,0.25,0.38,0.93,0.79,0.06,0.45,0.09,15983,6.94442081451416
0.57,0.68,0.25,0.38,0.92,0.78,0.06,0.45,0.09,16590,6.948390007019043
0.58,0.68,0.25,0.39,0.92,0.78,0.06,0.45,0.09,16709,6.952563762664795
0.58,0.68,0.25,0.39,0.92,0.78,0.06,0.45,0.1,16370,6.956630229949951
0.57,0.68,0.25,0.38,0.93,0.78,0.06,0.45,0.09,16609,6.956630229949951
0.57,0.68,0.25,0.38,0.92,0.78,0.06,0.45,0.09,16392,6.960582256317139
0.57,0.68,0.24,0.38,0.92,0.78,0.06,0.45,0.09,16359,6.964754581451416
0.57,0.68,0.25,0.38,0.92,0.78,0.06,0.45,0.09,16156,6.968945264816284
0.57,0.68,0.25,0.39,0.92,0.78,0.06,0.45,0.09,15923,6.968945264816284
0.57,0.68,0.25,0.38,0.92,0.78,0.06,0.45,0.09,16222,6.973952293395996
0.57,0.68,0.25,0.38,0.92,0.78,0.06,0.45,0.1,15917,6.9775049686431885
0.57,0.68,0.25,0.39,0.92,0.78,0.06,0.45,0.09,16106,6.980471134185791
0.57,0.68,0.25,0.38,0.92,0.78,0.06,0.45,0.09,16335,6.981473445892334
0.57,0.68,0.25,0.38,0.92,0.78,0.06,0.45,0.09,16174,6.985450744628906
0.58,0.68,0.25,0.38,0.92,0.78,0.06,0.45,0.1,16003,6.989480495452881
0.57,0.68,0.25,0.38,0.92,0.78,0.06,0.45,0.09,15642,6.993245840072632
0.58,0.68,0.25,0.38,0.92,0.78,0.06,0.45,0.09,16069,6.997269153594971
0.57,0.68,0.25,0.38,0.92,0.78,0.06,0.44,0.09,16050,6.998278379440308
0.57,0.68,0.25,0.38,0.92,0.78,0.06,0.45,0.1,16241,7.002267837524414
0.57,0.68,0.25,0.38,0.92,0.79,0.06,0.45,0.09,16158,7.005271911621094
0.57,0.69,0.25,0.39,0.92,0.79,0.06,0.45,0.09,15975,7.009271860122681
0.57,0.68,0.25,0.38,0.92,0.79,0.06,0.45,0.09,16114,7.010272741317749
0.57,0.68,0.25,0.38,0.92,0.79,0.06,0.44,0.09,16339,7.013551473617554
0.57,0.68,0.25,0.38,0.92,0.78,0.06,0.45,0.09,16204,7.017451763153076
0.57,0.68,0.25,0.38,0.92,0.78,0.06,0.45,0.09,16183,7.022089004516602
0.58,0.68,0.25,0.38,0.92,0.79,0.06,0.45,0.09,15950,7.022089004516602
0.57,0.68,0.25,0.38,0.92,0.78,0.06,0.45,0.09,16131,7.026068687438965
0.58,0.68,0.25,0.39,0.93,0.78,0.06,0.45,0.1,16710,7.031089782714844
0.57,0.68,0.25,0.38,0.92,0.78,0.06,0.45,0.1,16489,7.034095525741577
0.57,0.68,0.25,0.38,0.92,0.78,0.06,0.45,0.09,16054,7.034095525741577
0.57,0.68,0.25,0.38,0.92,0.78,0.06,0.45,0.09,15569,7.038399696350098
0.57,0.68,0.25,0.38,0.92,0.78,0.06,0.45,0.1,16190,7.0428948402404785
0.57,0.68,0.25,0.38,0.92,0.78,0.06,0.45,0.09,16821,7.045881986618042
0.57,0.68,0.25,0.39,0.92,0.78,0.06,0.45,0.09,16326,7.046862840652466
0.57,0.68,0.25,0.39,0.92,0.78,0.06,0.45,0.1,16337,7.050935506820679
0.57,0.68,0.25,0.38,0.92,0.78,0.06,0.45,0.09,16450,7.055253744125366
0.57,0.68,0.25,0.38,0.92,0.78,0.06,0.45,0.09,16483,7.058992624282837
0.57,0.68,0.25,0.38,0.92,0.78,0.06,0.45,0.09,16172,7.060049295425415
0.57,0.68,0.25,0.38,0.92,0.78,0.06,0.45,0.09,16253,7.062663793563843
0.57,0.68,0.25,0.38,0.92,0.78,0.06,0.45,0.09,16256,7.067958831787109
0.57,0.68,0.25,0.38,0.92,0.78,0.06,0.45,0.09,16179,7.07204270362854
0.57,0.68,0.25,0.38,0.92,0.78,0.06,0.45,0.09,15910,7.075136184692383
0.57,0.68,0.25,0.38,0.92,0.78,0.06,0.45,0.09,16329,7.075136184692383
0.57,0.68,0.25,0.38,0.92,0.78,0.06,0.45,0.09,16234,7.080100774765015
0.57,0.68,0.25,0.38,0.92,0.78,0.06,0.45,0.09,16121,7.083128213882446
0.57,0.68,0.25,0.38,0.92,0.79,0.06,0.45,0.1,16578,7.08737587928772
0.57,0.69,0.25,0.39,0.93,0.78,0.06,0.45,0.09,16493,7.088102579116821
0.57,0.68,0.25,0.38,0.92,0.79,0.06,0.45,0.1,16190,7.092145204544067
0.57,0.68,0.25,0.38,0.93,0.78,0.06,0.45,0.09,16077,7.095628976821899
0.57,0.68,0.25,0.38,0.93,0.78,0.05,0.45,0.09,16020,7.099773406982422
0.57,0.69,0.25,0.38,0.92,0.78,0.06,0.45,0.09,15899,7.099773406982422
0.57,0.68,0.25,0.38,0.92,0.78,0.06,0.45,0.09,16326,7.1038336753845215
0.57,0.68,0.25,0.38,0.93,0.78,0.06,0.45,0.09,16539,7.109041690826416
0.57,0.68,0.25,0.38,0.92,0.78,0.06,0.45,0.09,16258,7.1130211353302
0.57,0.68,0.25,0.38,0.92,0.78,0.06,0.45,0.09,16569,7.1130211353302
0.57,0.68,0.25,0.38,0.93,0.78,0.06,0.45,0.09,16898,7.116307020187378
0.57,0.68,0.25,0.38,0.93,0.78,0.06,0.45,0.09,16413,7.120713472366333
0.57,0.68,0.25,0.38,0.93,0.78,0.06,0.45,0.09,16270,7.12459921836853
0.57,0.68,0.25,0.38,0.92,0.78,0.06,0.45,0.1,15999,7.125653505325317
0.57,0.68,0.25,0.38,0.92,0.78,0.07,0.45,0.09,16270,7.129444360733032
0.57,0.68,0.25,0.38,0.93,0.78,0.06,0.45,0.09,16543,7.133249521255493
0.57,0.68,0.25,0.38,0.93,0.78,0.06,0.45,0.09,16274,7.1368560791015625
0.57,0.68,0.25,0.38,0.92,0.78,0.06,0.45,0.09,15919,7.1408891677856445
0.57,0.69,0.25,0.38,0.92,0.78,0.06,0.45,0.09,16304,7.141746997833252
0.57,0.68,0.25,0.38,0.92,0.78,0.06,0.45,0.1,16221,7.145253896713257
0.57,0.68,0.25,0.38,0.92,0.78,0.06,0.45,0.09,16194,7.149254083633423
0.57,0.68,0.25,0.38,0.92,0.78,0.06,0.45,0.1,15915,7.152254104614258
0.57,0.68,0.25,0.38,0.92,0.78,0.06,0.45,0.09,16010,7.153234958648682
0.57,0.68,0.25,0.38,0.92,0.78,0.06,0.45,0.09,16435,7.156867742538452
0.57,0.68,0.25,0.38,0.92,0.78,0.06,0.45,0.09,16188,7.162486553192139
0.57,0.68,0.25,0.38,0.92,0.78,0.06,0.45,0.1,15817,7.165480136871338
0.57,0.68,0.25,0.38,0.93,0.78,0.06,0.45,0.09,16198,7.165480136871338
0.57,0.68,0.25,0.38,0.92,0.78,0.06,0.45,0.09,16179,7.169076204299927
0.57,0.68,0.25,0.38,0.92,0.78,0.06,0.45,0.09,16540,7.173497676849365
0.57,0.68,0.26,0.38,0.92,0.78,0.06,0.45,0.09,16459,7.177499055862427
0.57,0.68,0.25,0.38,0.92,0.78,0.06,0.45,0.09,15892,7.17850136756897
0.57,0.68,0.25,0.38,0.92,0.78,0.06,0.45,0.09,16003,7.181494474411011
0.57,0.68,0.25,0.38,0.92,0.78,0.06,0.45,0.09,16372,7.186495542526245
0.56,0.68,0.25,0.38,0.92,0.78,0.06,0.44,0.09,16299,7.189576625823975
0.57,0.68,0.25,0.38,0.92,0.78,0.06,0.45,0.09,16250,7.190621376037598
0.57,0.68,0.25,0.38,0.92,0.78,0.05,0.45,0.1,15765,7.1937432289123535
0.57,0.68,0.25,0.38,0.92,0.78,0.06,0.45,0.09,16116,7.197739601135254
0.56,0.68,0.25,0.38,0.92,0.78,0.06,0.45,0.09,16319,7.202719688415527
0.57,0.68,0.25,0.38,0.92,0.78,0.06,0.45,0.09,15958,7.202719688415527
0.57,0.69,0.25,0.38,0.92,0.78,0.06,0.45,0.09,16041,7.206754446029663
0.57,0.68,0.25,0.38,0.93,0.78,0.06,0.44,0.09,16498,7.211272478103638
0.57,0.69,0.25,0.38,0.93,0.78,0.06,0.45,0.09,16525,7.215016603469849
0.57,0.69,0.25,0.38,0.92,0.78,0.06,0.45,0.09,16110,7.218641996383667
0.57,0.68,0.25,0.38,0.92,0.78,0.06,0.45,0.09,15779,7.219168186187744
0.57,0.68,0.25,0.38,0.93,0.78,0.06,0.45,0.09,15958,7.223259925842285
0.57,0.68,0.25,0.38,0.92,0.78,0.06,0.45,0.09,16331,7.226990222930908
0.57,0.68,0.25,0.39,0.92,0.78,0.06,0.45,0.09,16304,7.231186866760254
0.57,0.68,0.25,0.38,0.92,0.78,0.06,0.45,0.09,16407,7.231186866760254
0.57,0.68,0.25,0.38,0.93,0.78,0.06,0.45,0.09,16490,7.235199213027954
0.57,0.68,0.25,0.38,0.92,0.78,0.06,0.45,0.09,16643,7.238890886306763
0.57,0.68,0.25,0.38,0.93,0.78,0.06,0.46,0.09,16296,7.242983341217041
0.57,0.69,0.25,0.38,0.93,0.78,0.06,0.45,0.09,16363,7.242983341217041
0.57,0.68,0.25,0.38,0.93,0.78,0.06,0.45,0.09,16582,7.247468948364258
0.57,0.68,0.25,0.38,0.92,0.78,0.06,0.45,0.09,16565,7.252501964569092
0.57,0.68,0.25,0.38,0.93,0.78,0.06,0.45,0.09,16416,7.255476474761963
0.56,0.68,0.25,0.38,0.92,0.79,0.06,0.45,0.09,16209,7.256484746932983
0.56,0.69,0.25,0.38,0.93,0.78,0.06,0.45,0.09,16528,7.260087251663208
0.58,0.69,0.24,0.38,0.92,0.78,0.06,0.45,0.09,16519,7.263665676116943
0.57,0.69,0.25,0.38,0.92,0.78,0.06,0.45,0.09,16286,7.268711805343628
0.57,0.68,0.25,0.38,0.92,0.78,0.06,0.45,0.09,16121,7.268711805343628
0.57,0.68,0.25,0.38,0.93,0.78,0.06,0.45,0.09,16070,7.272455930709839
0.57,0.68,0.25,0.39,0.92,0.78,0.06,0.45,0.09,16087,7.2760090827941895
0.57,0.68,0.25,0.38,0.92,0.78,0.06,0.45,0.09,16264,7.28019380569458
0.57,0.68,0.25,0.38,0.92,0.78,0.06,0.45,0.09,15971,7.281050205230713
0.57,0.69,0.25,0.38,0.93,0.78,0.06,0.45,0.09,16012,7.284441232681274
0.57,0.68,0.25,0.38,0.92,0.78,0.06,0.45,0.09,15927,7.288465261459351
0.57,0.68,0.25,0.38,0.93,0.78,0.06,0.45,0.09,16054,7.292434215545654
0.57,0.68,0.25,0.38,0.92,0.78,0.06,0.45,0.09,16259,7.296185493469238
0.57,0.68,0.25,0.38,0.93,0.78,0.06,0.45,0.09,16102,7.297213554382324
0.57,0.68,0.25,0.38,0.93,0.78,0.06,0.45,0.09,15817,7.300691604614258
0.57,0.68,0.25,0.38,0.93,0.78,0.06,0.45,0.09,16274,7.304760932922363
0.57,0.68,0.25,0.38,0.92,0.78,0.06,0.45,0.09,16297,7.3087852001190186
0.57,0.68,0.25,0.38,0.92,0.78,0.06,0.45,0.09,16434,7.3087852001190186
0.57,0.68,0.25,0.38,0.92,0.78,0.06,0.45,0.09,16495,7.312486171722412
0.56,0.68,0.25,0.38,0.92,0.78,0.06,0.45,0.09,16308,7.3165507316589355
0.57,0.68,0.25,0.38,0.92,0.78,0.06,0.45,0.09,15849,7.321461915969849
0.57,0.68,0.25,0.38,0.92,0.78,0.06,0.45,0.09,15606,7.322470664978027
0.57,0.68,0.25,0.38,0.92,0.78,0.06,0.45,0.09,15795,7.325466871261597
0.57,0.69,0.25,0.38,0.92,0.78,0.06,0.45,0.09,16546,7.329865455627441
0.57,0.68,0.25,0.38,0.92,0.78,0.06,0.45,0.09,16283,7.333844184875488
0.57,0.68,0.25,0.38,0.92,0.78,0.06,0.45,0.09,15502,7.333844184875488
0.57,0.69,0.25,0.38,0.92,0.78,0.06,0.45,0.09,15999,7.337825298309326
0.57,0.68,0.25,0.38,0.92,0.78,0.06,0.45,0.09,16490,7.342492341995239
0.57,0.68,0.24,0.38,0.92,0.77,0.06,0.45,0.09,16463,7.3457887172698975
0.57,0.68,0.25,0.38,0.92,0.78,0.06,0.45,0.09,16272,7.346840858459473
0.56,0.69,0.25,0.38,0.92,0.78,0.06,0.45,0.09,16005,7.349842548370361
0.57,0.69,0.25,0.38,0.92,0.78,0.06,0.45,0.09,15996,7.353951692581177
0.57,0.69,0.25,0.38,0.92,0.78,0.06,0.45,0.09,16593,7.3580896854400635
0.57,0.69,0.25,0.38,0.92,0.78,0.06,0.45,0.09,16032,7.3580896854400635
0.56,0.68,0.25,0.38,0.92,0.78,0.06,0.45,0.09,15757,7.36208963394165
0.57,0.69,0.25,0.38,0.92,0.78,0.06,0.45,0.09,15870,7.366240739822388
0.56,0.69,0.25,0.38,0.92,0.78,0.06,0.45,0.09,15673,7.370098829269409
0.57,0.69,0.25,0.38,0.92,0.78,0.06,0.45,0.09,16028,7.3710691928863525
0.57,0.69,0.25,0.38,0.91,0.78,0.06,0.46,0.09,15895,7.3750693798065186
0.56,0.68,0.24,0.38,0.92,0.79,0.06,0.45,0.09,15958,7.37944769859314
0.56,0.69,0.24,0.38,0.92,0.78,0.06,0.45,0.09,16389,7.383487701416016
0.56,0.68,0.25,0.38,0.92,0.78,0.06,0.45,0.09,16652,7.38663649559021
0.58,0.69,0.25,0.38,0.92,0.78,0.06,0.45,0.09,16711,7.387507438659668
0.56,0.68,0.25,0.38,0.92,0.78,0.06,0.45,0.09,16346,7.390652894973755
0.56,0.68,0.25,0.38,0.92,0.78,0.06,0.45,0.09,16573,7.3956639766693115
0.57,0.68,0.25,0.38,0.92,0.78,0.06,0.45,0.09,16306,7.3984010219573975
0.57,0.68,0.25,0.38,0.92,0.78,0.06,0.45,0.09,16917,7.3994855880737305
0.57,0.68,0.25,0.38,0.92,0.78,0.06,0.46,0.09,16598,7.403051853179932
0.56,0.68,0.24,0.38,0.92,0.78,0.06,0.45,0.09,16173,7.408337831497192
0.56,0.69,0.24,0.38,0.92,0.78,0.06,0.45,0.09,15998,7.411384582519531
0.57,0.68,0.24,0.38,0.92,0.78,0.06,0.45,0.09,15997,7.412338733673096
0.57,0.69,0.25,0.38,0.92,0.78,0.05,0.45,0.09,15804,7.415339469909668
0.56,0.68,0.25,0.38,0.92,0.78,0.06,0.45,0.09,15625,7.419419527053833
0.56,0.69,0.25,0.38,0.92,0.78,0.06,0.45,0.09,16402,7.422932386398315
0.56,0.68,0.24,0.38,0.92,0.78,0.06,0.45,0.09,16289,7.424076557159424
0.57,0.68,0.24,0.38,0.92,0.79,0.06,0.45,0.1,16424,7.42816424369812
0.57,0.68,0.25,0.38,0.92,0.78,0.06,0.45,0.09,16683,7.432210445404053
0.56,0.68,0.25,0.38,0.92,0.78,0.06,0.45,0.09,16898,7.435904502868652
0.56,0.68,0.25,0.38,0.92,0.77,0.05,0.45,0.09,16253,7.43675422668457
0.57,0.68,0.25,0.38,0.92,0.78,0.06,0.45,0.09,15730,7.43997859954834
0.57,0.68,0.25,0.38,0.92,0.78,0.06,0.45,0.09,15827,7.444061517715454
0.57,0.68,0.24,0.38,0.92,0.78,0.06,0.45,0.09,16116,7.448030948638916
0.57,0.68,0.25,0.38,0.91,0.78,0.06,0.45,0.09,16261,7.449026346206665
0.57,0.68,0.25,0.38,0.92,0.78,0.06,0.45,0.09,15976,7.451869964599609
0.57,0.68,0.25,0.38,0.91,0.78,0.06,0.45,0.09,16325,7.4565749168396
0.56,0.68,0.24,0.38,0.91,0.78,0.06,0.45,0.09,16450,7.4606773853302
0.56,0.68,0.24,0.38,0.92,0.78,0.06,0.45,0.09,16327,7.4646570682525635
0.56,0.68,0.24,0.38,0.92,0.78,0.06,0.45,0.09,16858,7.4646570682525635
0.57,0.68,0.24,0.39,0.92,0.77,0.06,0.45,0.09,16535,7.469176769256592
0.56,0.68,0.25,0.39,0.92,0.78,0.06,0.45,0.09,16096,7.472437620162964
0.57,0.69,0.25,0.39,0.92,0.78,0.06,0.45,0.09,16569,7.4769392013549805
0.56,0.68,0.24,0.38,0.92,0.77,0.06,0.45,0.09,16954,7.4769392013549805
0.56,0.68,0.25,0.38,0.92,0.77,0.06,0.45,0.09,16477,7.4812843799591064
0.56,0.68,0.25,0.38,0.92,0.78,0.06,0.45,0.09,16002,7.486024379730225
0.56,0.68,0.24,0.39,0.92,0.77,0.06,0.45,0.09,16729,7.489165782928467
0.57,0.68,0.25,0.38,0.92,0.78,0.06,0.45,0.09,16556,7.4902403354644775
0.56,0.68,0.25,0.38,0.92,0.78,0.06,0.45,0.09,16433,7.493237733840942
0.56,0.68,0.25,0.38,0.92,0.78,0.06,0.45,0.09,16354,7.497335195541382
0.56,0.68,0.25,0.38,0.92,0.78,0.05,0.45,0.09,16381,7.50236701965332
0.56,0.68,0.24,0.38,0.92,0.78,0.06,0.45,0.1,16384,7.50236701965332
0.56,0.68,0.25,0.38,0.92,0.78,0.06,0.45,0.09,16381,7.505646705627441
0.56,0.68,0.25,0.38,0.92,0.78,0.06,0.45,0.09,16490,7.509641408920288
0.56,0.68,0.25,0.38,0.92,0.77,0.06,0.45,0.09,16155,7.5137224197387695
0.56,0.68,0.25,0.38,0.92,0.78,0.06,0.45,0.09,16084,7.514776706695557
0.56,0.68,0.25,0.38,0.92,0.78,0.06,0.45,0.09,15863,7.518442392349243
0.56,0.68,0.24,0.38,0.92,0.78,0.06,0.45,0.09,15976,7.521505117416382
0.56,0.68,0.25,0.38,0.92,0.77,0.06,0.45,0.09,16429,7.526679039001465
0.56,0.68,0.25,0.37,0.93,0.78,0.06,0.45,0.09,16254,7.529723167419434
0.56,0.68,0.25,0.38,0.92,0.78,0.06,0.45,0.09,15949,7.529723167419434
0.56,0.69,0.24,0.38,0.92,0.77,0.06,0.45,0.09,15610,7.534358501434326
0.56,0.68,0.25,0.38,0.92,0.78,0.05,0.45,0.1,16017,7.538376092910767
0.56,0.68,0.25,0.38,0.92,0.78,0.05,0.45,0.09,16428,7.542477130889893
0.56,0.68,0.24,0.38,0.92,0.77,0.06,0.45,0.09,16621,7.543477535247803
0.56,0.69,0.25,0.38,0.92,0.78,0.05,0.45,0.09,16282,7.546472072601318
0.56,0.68,0.25,0.38,0.92,0.78,0.06,0.45,0.09,16349,7.550234317779541
0.57,0.68,0.25,0.38,0.92,0.78,0.06,0.45,0.09,16360,7.554652690887451
0.57,0.69,0.25,0.38,0.92,0.78,0.06,0.45,0.09,16273,7.555630207061768
0.56,0.68,0.24,0.38,0.92,0.78,0.05,0.45,0.09,16278,7.558634281158447
0.56,0.68,0.24,0.38,0.92,0.78,0.06,0.45,0.09,16171,7.563029766082764
0.56,0.68,0.24,0.38,0.92,0.78,0.06,0.45,0.09,16374,7.567374229431152
0.56,0.69,0.24,0.38,0.92,0.78,0.06,0.45,0.09,16427,7.567374229431152
0.56,0.68,0.24,0.38,0.92,0.78,0.06,0.45,0.09,15750,7.571385860443115
0.56,0.69,0.24,0.38,0.92,0.78,0.06,0.45,0.09,15699,7.574753522872925
0.56,0.69,0.24,0.38,0.92,0.78,0.05,0.45,0.09,16134,7.57979154586792
0.56,0.68,0.25,0.38,0.92,0.78,0.06,0.45,0.09,16469,7.57979154586792
0.56,0.68,0.25,0.38,0.92,0.78,0.06,0.45,0.1,15972,7.582823038101196
0.55,0.68,0.25,0.38,0.92,0.78,0.06,0.45,0.09,16085,7.587799549102783
0.55,0.69,0.24,0.38,0.92,0.78,0.06,0.45,0.09,16250,7.592324733734131
0.56,0.69,0.24,0.38,0.92,0.78,0.06,0.45,0.09,16511,7.592324733734131
0.55,0.68,0.24,0.38,0.92,0.78,0.06,0.45,0.1,16842,7.595780372619629
0.55,0.68,0.24,0.38,0.92,0.78,0.06,0.45,0.09,16379,7.59963059425354
0.56,0.69,0.25,0.38,0.92,0.78,0.05,0.45,0.09,16146,7.604682922363281
0.55,0.69,0.24,0.38,0.92,0.78,0.06,0.45,0.09,15871,7.6074769496917725
0.55,0.69,0.24,0.38,0.92,0.78,0.06,0.45,0.09,16428,7.608531475067139
0.56,0.68,0.25,0.38,0.92,0.78,0.06,0.45,0.09,16043,7.612532615661621
0.56,0.68,0.25,0.38,0.92,0.78,0.06,0.45,0.09,16446,7.616785764694214
0.56,0.69,0.24,0.38,0.92,0.78,0.06,0.45,0.09,16181,7.619751930236816
0.56,0.68,0.25,0.38,0.92,0.78,0.06,0.45,0.09,15800,7.619751930236816
0.56,0.69,0.24,0.38,0.92,0.78,0.06,0.45,0.09,15795,7.623889207839966
0.56,0.69,0.24,0.38,0.92,0.78,0.06,0.45,0.09,15896,7.628746747970581
0.56,0.69,0.24,0.38,0.92,0.78,0.06,0.45,0.09,15929,7.632086277008057
0.56,0.69,0.24,0.38,0.92,0.78,0.06,0.45,0.09,16442,7.633087158203125
0.56,0.69,0.24,0.38,0.92,0.78,0.06,0.45,0.1,15815,7.637082815170288
0.56,0.69,0.24,0.38,0.92,0.78,0.06,0.44,0.09,15606,7.64108681678772
0.56,0.69,0.24,0.38,0.92,0.78,0.05,0.45,0.09,16005,7.645087003707886
0.56,0.69,0.25,0.38,0.92,0.78,0.06,0.45,0.09,16310,7.645087003707886
0.56,0.68,0.24,0.38,0.92,0.78,0.06,0.45,0.09,16521,7.649132966995239
0.56,0.69,0.24,0.38,0.92,0.78,0.06,0.45,0.09,16322,7.652594327926636
0.56,0.69,0.24,0.38,0.92,0.78,0.06,0.45,0.09,16243,7.65755033493042
0.56,0.68,0.25,0.37,0.92,0.78,0.06,0.45,0.09,16158,7.658589839935303
0.56,0.68,0.25,0.37,0.92,0.78,0.06,0.45,0.09,16855,7.660585403442383
0.56,0.69,0.24,0.38,0.91,0.78,0.06,0.45,0.09,16372,7.6661927700042725
0.55,0.69,0.24,0.38,0.92,0.78,0.06,0.45,0.09,16127,7.669395923614502
0.56,0.69,0.25,0.38,0.92,0.78,0.06,0.45,0.09,16606,7.673432111740112
0.56,0.69,0.24,0.38,0.92,0.78,0.06,0.45,0.09,16183,7.674311637878418
0.56,0.69,0.25,0.38,0.92,0.78,0.05,0.45,0.09,15262,7.6782660484313965
0.56,0.69,0.24,0.38,0.92,0.78,0.06,0.45,0.09,15427,7.68230938911438
0.55,0.69,0.24,0.39,0.92,0.78,0.05,0.45,0.09,15944,7.685636281967163
0.55,0.68,0.24,0.38,0.92,0.78,0.06,0.45,0.09,16039,7.6866912841796875
0.56,0.69,0.25,0.38,0.92,0.78,0.06,0.45,0.09,15936,7.689018726348877
0.56,0.68,0.25,0.38,0.92,0.78,0.05,0.45,0.09,15805,7.694421768188477
0.56,0.68,0.25,0.38,0.92,0.78,0.06,0.45,0.09,15856,7.697688102722168
0.56,0.68,0.25,0.38,0.92,0.78,0.06,0.45,0.09,15973,7.698421955108643
0.56,0.68,0.25,0.38,0.91,0.78,0.06,0.45,0.09,16032,7.702422142028809
0.56,0.68,0.25,0.38,0.92,0.78,0.06,0.45,0.09,15893,7.7067248821258545
0.57,0.68,0.25,0.38,0.92,0.78,0.06,0.45,0.1,15898,7.71002197265625
0.56,0.68,0.25,0.38,0.92,0.78,0.06,0.45,0.09,15977,7.710725784301758
0.56,0.68,0.25,0.38,0.92,0.78,0.06,0.45,0.09,16254,7.714218854904175
0.56,0.68,0.25,0.39,0.92,0.78,0.06,0.45,0.1,16591,7.719001054763794
0.57,0.68,0.25,0.38,0.92,0.78,0.06,0.45,0.09,16244,7.722253322601318
0.56,0.68,0.25,0.38,0.92,0.78,0.06,0.45,0.09,16355,7.723345041275024
0.56,0.68,0.25,0.39,0.91,0.78,0.06,0.45,0.09,16214,7.726712226867676
0.56,0.68,0.25,0.38,0.91,0.78,0.06,0.45,0.09,15955,7.731258869171143
0.56,0.69,0.25,0.38,0.92,0.78,0.06,0.45,0.09,16034,7.7349162101745605
0.56,0.68,0.25,0.39,0.91,0.78,0.06,0.45,0.1,16485,7.735778570175171
0.56,0.68,0.25,0.38,0.92,0.78,0.05,0.45,0.09,16364,7.739145755767822
0.56,0.68,0.25,0.39,0.92,0.78,0.06,0.45,0.1,16249,7.743157863616943
0.57,0.68,0.25,0.39,0.92,0.78,0.06,0.45,0.09,16112,7.748178958892822
0.56,0.68,0.25,0.38,0.92,0.78,0.06,0.45,0.09,16253,7.750474691390991
0.56,0.68,0.25,0.38,0.92,0.78,0.06,0.45,0.1,16718,7.751515626907349
0.57,0.68,0.25,0.38,0.92,0.78,0.06,0.45,0.1,16289,7.7555458545684814
0.56,0.68,0.25,0.38,0.92,0.78,0.06,0.45,0.1,15978,7.7595438957214355
0.56,0.68,0.25,0.39,0.92,0.78,0.06,0.45,0.1,16469,7.762966871261597
0.56,0.68,0.25,0.38,0.92,0.78,0.06,0.45,0.1,16444,7.763993978500366
0.56,0.68,0.25,0.38,0.92,0.78,0.06,0.45,0.1,16465,7.768160104751587
0.56,0.68,0.25,0.38,0.92,0.78,0.06,0.45,0.09,16084,7.772159099578857
0.57,0.68,0.25,0.38,0.92,0.78,0.06,0.44,0.09,15725,7.776160001754761
0.57,0.68,0.25,0.39,0.92,0.78,0.06,0.45,0.09,15922,7.776160001754761
0.56,0.68,0.25,0.39,0.92,0.78,0.06,0.45,0.09,16271,7.77950119972229
0.56,0.68,0.25,0.38,0.92,0.78,0.06,0.45,0.09,16232,7.78391695022583
0.56,0.68,0.25,0.38,0.92,0.78,0.06,0.45,0.09,15907,7.787801742553711
0.57,0.68,0.25,0.38,0.92,0.78,0.06,0.45,0.1,16032,7.78893780708313
0.57,0.67,0.25,0.39,0.92,0.78,0.06,0.45,0.1,16513,7.792123317718506
0.56,0.67,0.25,0.38,0.92,0.77,0.06,0.45,0.09,16678,7.796100854873657
0.56,0.68,0.25,0.38,0.92,0.78,0.06,0.45,0.09,16123,7.8011314868927
0.57,0.68,0.25,0.38,0.93,0.78,0.06,0.45,0.09,16366,7.8011314868927
0.56,0.68,0.25,0.38,0.92,0.78,0.06,0.45,0.1,16331,7.805130958557129
0.56,0.67,0.25,0.38,0.92,0.78,0.06,0.45,0.09,15608,7.808175086975098
0.56,0.67,0.25,0.38,0.92,0.78,0.07,0.45,0.09,15643,7.8132483959198
0.55,0.68,0.25,0.39,0.92,0.78,0.06,0.45,0.1,15918,7.81627631187439
0.56,0.67,0.25,0.38,0.92,0.78,0.06,0.45,0.09,16213,7.81627631187439
0.56,0.67,0.25,0.38,0.92,0.78,0.06,0.45,0.09,16270,7.820249319076538
0.56,0.67,0.25,0.38,0.92,0.78,0.06,0.45,0.1,16045,7.825474262237549
0.56,0.68,0.25,0.39,0.92,0.78,0.06,0.45,0.09,15962,7.828509330749512
0.57,0.67,0.25,0.38,0.92,0.78,0.06,0.45,0.09,16019,7.829572916030884
0.56,0.67,0.25,0.38,0.92,0.78,0.06,0.45,0.09,15924,7.832794666290283
0.57,0.68,0.25,0.38,0.92,0.78,0.06,0.45,0.09,16425,7.836724758148193
0.57,0.68,0.25,0.38,0.92,0.78,0.06,0.45,0.09,16452,7.841007947921753
0.57,0.68,0.25,0.38,0.92,0.78,0.06,0.45,0.09,16407,7.841705083847046
0.57,0.68,0.25,0.38,0.93,0.78,0.06,0.45,0.09,16904,7.845705270767212
0.57,0.68,0.25,0.38,0.92,0.78,0.06,0.45,0.1,16741,7.849705457687378
0.57,0.68,0.25,0.39,0.92,0.78,0.06,0.45,0.1,16102,7.853024244308472
0.57,0.68,0.25,0.39,0.92,0.78,0.06,0.45,0.1,15997,7.854017019271851
0.57,0.68,0.25,0.38,0.92,0.78,0.05,0.45,0.1,15844,7.858613729476929
0.56,0.68,0.25,0.39,0.92,0.78,0.06,0.45,0.1,16327,7.862633466720581
0.57,0.68,0.25,0.38,0.92,0.78,0.06,0.45,0.1,16336,7.86590838432312
0.57,0.68,0.25,0.38,0.92,0.78,0.06,0.45,0.1,16301,7.866963624954224
0.57,0.68,0.25,0.38,0.92,0.77,0.06,0.45,0.09,16252,7.8700783252716064
0.57,0.69,0.25,0.38,0.92,0.78,0.06,0.45,0.09,16191,7.875188589096069
0.57,0.68,0.25,0.38,0.92,0.78,0.06,0.45,0.1,15930,7.8781962394714355
0.57,0.68,0.25,0.38,0.92,0.77,0.06,0.44,0.1,16055,7.8781962394714355
0.57,0.68,0.25,0.38,0.92,0.78,0.06,0.44,0.1,16194,7.882587432861328
0.56,0.68,0.25,0.38,0.92,0.78,0.06,0.44,0.09,16297,7.886138200759888
0.57,0.67,0.25,0.38,0.92,0.78,0.06,0.44,0.09,16152,7.891180753707886
0.57,0.68,0.25,0.38,0.92,0.78,0.06,0.44,0.09,16223,7.8938353061676025
0.57,0.67,0.25,0.38,0.92,0.78,0.05,0.44,0.09,16538,7.894893169403076
0.57,0.68,0.25,0.38,0.92,0.78,0.06,0.44,0.09,16229,7.899598836898804
0.57,0.68,0.25,0.38,0.92,0.78,0.06,0.44,0.1,16194,7.903177261352539
0.56,0.68,0.25,0.38,0.92,0.78,0.06,0.44,0.1,15985,7.906808376312256
0.57,0.68,0.25,0.38,0.92,0.78,0.06,0.44,0.1,16132,7.907626390457153
0.57,0.68,0.25,0.38,0.92,0.78,0.06,0.44,0.09,16261,7.911609649658203
0.57,0.67,0.25,0.38,0.92,0.78,0.06,0.44,0.09,16058,7.915625333786011
0.57,0.68,0.25,0.38,0.92,0.78,0.06,0.45,0.09,16055,7.918894529342651
0.57,0.67,0.25,0.38,0.93,0.78,0.06,0.44,0.1,16588,7.918894529342651
0.56,0.67,0.25,0.38,0.92,0.78,0.06,0.44,0.09,16771,7.9235687255859375
0.57,0.67,0.25,0.38,0.92,0.78,0.06,0.44,0.1,16132,7.9269633293151855
0.56,0.67,0.25,0.38,0.92,0.78,0.05,0.44,0.09,15995,7.931143760681152
0.57,0.67,0.25,0.38,0.92,0.78,0.06,0.44,0.1,15546,7.931879281997681
0.57,0.67,0.25,0.38,0.92,0.77,0.06,0.44,0.1,15949,7.936511516571045
0.56,0.67,0.25,0.38,0.92,0.78,0.06,0.44,0.09,15948,7.939636945724487
0.57,0.68,0.25,0.38,0.92,0.77,0.06,0.44,0.1,15751,7.943360805511475
0.57,0.67,0.25,0.38,0.92,0.78,0.05,0.44,0.1,16044,7.944416046142578
0.57,0.68,0.25,0.38,0.92,0.78,0.06,0.44,0.09,16825,7.948693752288818
0.57,0.67,0.25,0.38,0.92,0.77,0.06,0.44,0.09,16862,7.952723979949951
0.57,0.68,0.25,0.38,0.92,0.77,0.06,0.44,0.1,16455,7.956707000732422
0.57,0.68,0.25,0.38,0.92,0.77,0.06,0.44,0.09,16068,7.959280490875244
0.57,0.68,0.25,0.38,0.92,0.77,0.06,0.44,0.1,16355,7.960303783416748
0.57,0.67,0.25,0.38,0.92,0.78,0.06,0.44,0.1,16410,7.964498281478882
0.58,0.67,0.25,0.38,0.92,0.77,0.06,0.44,0.1,16231,7.969500780105591
0.57,0.67,0.25,0.38,0.92,0.78,0.06,0.44,0.1,16014,7.971776962280273
0.57,0.68,0.25,0.38,0.92,0.78,0.06,0.44,0.1,16025,7.972498416900635
0.57,0.67,0.25,0.38,0.92,0.78,0.06,0.44,0.1,16204,7.976463317871094
0.57,0.67,0.25,0.38,0.92,0.78,0.06,0.44,0.1,15993,7.980394124984741
0.56,0.68,0.25,0.38,0.92,0.77,0.06,0.44,0.09,16006,7.984524726867676
0.56,0.68,0.25,0.38,0.92,0.78,0.06,0.44,0.1,16063,7.984524726867676
0.57,0.68,0.25,0.38,0.92,0.77,0.06,0.45,0.1,16520,7.98896598815918
0.56,0.68,0.25,0.38,0.92,0.77,0.06,0.44,0.1,16307,7.992753267288208
0.57,0.68,0.25,0.37,0.92,0.78,0.05,0.44,0.1,16134,7.996168375015259
0.57,0.67,0.25,0.38,0.92,0.77,0.06,0.44,0.1,16463,7.997205495834351
0.56,0.68,0.25,0.38,0.92,0.77,0.06,0.45,0.1,16788,8.001317739486694
0.57,0.68,0.25,0.38,0.92,0.77,0.06,0.44,0.1,17133,8.005050659179688
0.57,0.68,0.25,0.38,0.92,0.77,0.06,0.44,0.09,16408,8.009210109710693
0.57,0.67,0.25,0.38,0.92,0.78,0.06,0.44,0.09,15833,8.009210109710693
0.57,0.68,0.25,0.38,0.92,0.78,0.06,0.44,0.09,15810,8.013267040252686
0.57,0.67,0.25,0.38,0.92,0.77,0.06,0.44,0.1,16353,8.017317056655884
0.56,0.68,0.25,0.38,0.92,0.78,0.05,0.44,0.09,16010,8.021402597427368
0.57,0.67,0.25,0.38,0.92,0.78,0.06,0.44,0.1,16209,8.022401571273804
0.57,0.67,0.25,0.38,0.93,0.78,0.06,0.44,0.09,15972,8.025813341140747
0.57,0.67,0.25,0.37,0.93,0.77,0.06,0.44,0.09,16051,8.029467821121216
0.56,0.67,0.25,0.38,0.92,0.78,0.06,0.44,0.09,16248,8.034411907196045
0.57,0.67,0.24,0.39,0.93,0.78,0.06,0.44,0.09,16039,8.037974834442139
0.57,0.67,0.25,0.38,0.92,0.78,0.06,0.44,0.1,16052,8.037974834442139
0.56,0.67,0.25,0.39,0.93,0.78,0.06,0.44,0.1,16273,8.042954921722412
0.56,0.67,0.24,0.38,0.92,0.79,0.06,0.44,0.09,16358,8.046401500701904
0.57,0.67,0.25,0.38,0.92,0.78,0.06,0.44,0.09,16213,8.049679517745972
0.57,0.68,0.25,0.39,0.92,0.78,0.06,0.44,0.09,15862,8.050400733947754
0.57,0.68,0.25,0.38,0.92,0.78,0.06,0.44,0.1,16107,8.054730653762817
0.57,0.68,0.25,0.38,0.92,0.78,0.06,0.44,0.1,16580,8.058065176010132
0.57,0.68,0.25,0.39,0.93,0.78,0.06,0.44,0.1,16311,8.062572717666626
0.57,0.68,0.25,0.38,0.93,0.78,0.06,0.44,0.1,15692,8.062572717666626
0.57,0.68,0.25,0.38,0.93,0.78,0.06,0.43,0.09,15971,8.067107915878296
0.57,0.68,0.25,0.38,0.92,0.78,0.06,0.44,0.09,16376,8.071140766143799
0.57,0.68,0.25,0.39,0.93,0.78,0.06,0.44,0.09,16697,8.074545621871948
0.57,0.68,0.25,0.38,0.92,0.78,0.06,0.44,0.09,16076,8.075280666351318
0.57,0.68,0.25,0.38,0.93,0.78,0.06,0.44,0.09,15923,8.07925271987915
0.57,0.68,0.25,0.38,0.92,0.78,0.06,0.44,0.09,16170,8.083676099777222
0.57,0.68,0.25,0.38,0.92,0.78,0.06,0.44,0.09,16195,8.0872163772583
0.57,0.67,0.25,0.38,0.93,0.78,0.06,0.44,0.09,16110,8.0872163772583
0.57,0.67,0.25,0.38,0.93,0.79,0.06,0.44,0.1,15989,8.091452836990356
0.57,0.67,0.25,0.39,0.93,0.78,0.06,0.44,0.09,16236,8.094642877578735
0.57,0.67,0.25,0.38,0.93,0.78,0.06,0.44,0.09,16501,8.098854780197144
0.57,0.67,0.24,0.38,0.92,0.78,0.06,0.44,0.1,16304,8.103065013885498
0.57,0.67,0.25,0.38,0.93,0.78,0.06,0.44,0.1,15935,8.103065013885498
0.56,0.68,0.25,0.38,0.93,0.78,0.06,0.44,0.09,16288,8.107115030288696
0.56,0.68,0.25,0.38,0.93,0.78,0.06,0.44,0.1,16451,8.11208987236023
0.56,0.68,0.25,0.38,0.92,0.78,0.06,0.44,0.09,16118,8.114421606063843
0.57,0.68,0.25,0.38,0.93,0.78,0.06,0.44,0.1,16093,8.116465091705322
0.56,0.68,0.25,0.38,0.92,0.78,0.06,0.44,0.09,16326,8.119558334350586
0.56,0.68,0.25,0.39,0.93,0.78,0.06,0.44,0.09,16289,8.124194383621216
0.57,0.68,0.25,0.38,0.93,0.78,0.06,0.44,0.09,16494,8.128198623657227
0.56,0.67,0.24,0.38,0.93,0.78,0.06,0.44,0.09,16409,8.128198623657227
0.56,0.68,0.25,0.39,0.93,0.78,0.06,0.44,0.09,16252,8.132572412490845
0.56,0.67,0.25,0.38,0.93,0.78,0.06,0.44,0.09,16407,8.13658356666565
0.56,0.68,0.25,0.39,0.93,0.78,0.06,0.44,0.09,16590,8.140630722045898
0.57,0.67,0.25,0.39,0.93,0.78,0.06,0.44,0.1,16559,8.141673564910889
0.56,0.68,0.25,0.38,0.93,0.78,0.06,0.44,0.1,16162,8.145241022109985
0.57,0.68,0.25,0.39,0.92,0.78,0.06,0.43,0.09,16205,8.149586915969849
0.56,0.68,0.25,0.39,0.93,0.78,0.06,0.44,0.09,16292,8.152112007141113
0.57,0.68,0.25,0.39,0.92,0.78,0.06,0.44,0.09,16113,8.153111219406128
0.56,0.68,0.25,0.38,0.93,0.78,0.06,0.44,0.1,16204,8.15638256072998
0.56,0.67,0.25,0.38,0.92,0.78,0.06,0.44,0.09,16393,8.161279916763306
0.57,0.68,0.25,0.38,0.93,0.78,0.06,0.44,0.1,16036,8.165279626846313
0.56,0.68,0.25,0.39,0.92,0.78,0.06,0.44,0.1,15823,8.16889476776123
0.56,0.68,0.25,0.39,0.92,0.78,0.06,0.44,0.1,16020,8.16889476776123
0.57,0.68,0.25,0.39,0.93,0.78,0.06,0.44,0.1,15845,8.173533201217651
0.57,0.68,0.25,0.39,0.93,0.78,0.06,0.43,0.1,16014,8.176501274108887
0.57,0.67,0.25,0.39,0.93,0.78,0.06,0.43,0.09,16399,8.180503845214844
0.56,0.68,0.25,0.38,0.93,0.78,0.06,0.44,0.1,16354,8.18150019645691
0.57,0.68,0.25,0.39,0.92,0.78,0.06,0.43,0.1,16161,8.185498476028442
0.57,0.67,0.25,0.39,0.93,0.78,0.06,0.43,0.09,16192,8.189340829849243
0.57,0.68,0.25,0.38,0.93,0.78,0.06,0.44,0.09,15993,8.192508935928345
0.57,0.68,0.25,0.38,0.93,0.78,0.06,0.44,0.1,16116,8.19397234916687
0.57,0.68,0.25,0.39,0.93,0.78,0.06,0.44,0.09,16303,8.197485208511353
0.57,0.67,0.25,0.38,0.93,0.78,0.06,0.44,0.09,16588,8.202484846115112
0.56,0.68,0.25,0.39,0.93,0.78,0.06,0.44,0.1,16755,8.205491304397583
0.56,0.68,0.25,0.39,0.93,0.78,0.06,0.44,0.09,16468,8.20656418800354
0.57,0.68,0.25,0.39,0.93,0.78,0.06,0.44,0.1,16273,8.20975661277771
0.57,0.68,0.25,0.39,0.92,0.78,0.06,0.43,0.09,15998,8.215033769607544
0.57,0.69,0.25,0.39,0.93,0.78,0.06,0.44,0.1,16421,8.218032121658325
0.57,0.68,0.25,0.38,0.93,0.78,0.06,0.44,0.09,16368,8.218032121658325
0.56,0.68,0.25,0.39,0.92,0.78,0.06,0.44,0.1,16293,8.222862958908081
0.57,0.68,0.25,0.39,0.93,0.78,0.06,0.44,0.09,16636,8.226219892501831
0.57,0.68,0.25,0.38,0.92,0.78,0.06,0.44,0.1,16639,8.230425596237183
0.56,0.68,0.25,0.39,0.93,0.78,0.06,0.43,0.1,15954,8.231518030166626
0.57,0.68,0.25,0.39,0.93,0.78,0.06,0.44,0.1,16101,8.23451828956604
0.57,0.68,0.25,0.39,0.92,0.78,0.06,0.44,0.1,16006,8.239572763442993
0.57,0.68,0.25,0.39,0.92,0.78,0.06,0.44,0.1,16311,8.243273496627808
0.57,0.68,0.25,0.38,0.92,0.78,0.06,0.43,0.09,16360,8.24674129486084
0.57,0.68,0.25,0.39,0.92,0.78,0.06,0.44,0.1,15937,8.247796058654785
0.57,0.68,0.25,0.39,0.93,0.78,0.06,0.44,0.1,15974,8.251779317855835
0.56,0.68,0.26,0.39,0.93,0.78,0.06,0.44,0.09,16195,8.256160497665405
0.56,0.68,0.25,0.39,0.93,0.78,0.06,0.44,0.1,16418,8.25904655456543
0.57,0.68,0.25,0.39,0.93,0.78,0.06,0.44,0.09,16399,8.26010274887085
0.57,0.68,0.25,0.39,0.93,0.78,0.06,0.44,0.09,16258,8.263165473937988
0.57,0.68,0.25,0.39,0.93,0.78,0.06,0.44,0.1,16327,8.267084836959839
0.56,0.67,0.25,0.39,0.93,0.78,0.06,0.44,0.1,16262,8.2710862159729
0.57,0.68,0.25,0.39,0.93,0.78,0.06,0.44,0.1,15749,8.272087574005127
0.56,0.67,0.25,0.39,0.93,0.78,0.06,0.44,0.09,15502,8.276302814483643
0.57,0.67,0.25,0.39,0.93,0.78,0.06,0.44,0.1,16317,8.279329776763916
0.57,0.67,0.25,0.39,0.93,0.78,0.06,0.44,0.1,16572,8.283550262451172
0.57,0.67,0.25,0.38,0.93,0.78,0.06,0.43,0.1,16213,8.284303188323975
0.57,0.68,0.25,0.38,0.93,0.78,0.06,0.44,0.09,15986,8.287329912185669
0.57,0.67,0.25,0.38,0.93,0.78,0.06,0.44,0.1,16287,8.291872024536133
0.57,0.68,0.25,0.38,0.93,0.78,0.06,0.44,0.1,16154,8.295357704162598
0.56,0.68,0.25,0.38,0.93,0.78,0.06,0.44,0.1,16025,8.296348571777344
0.56,0.68,0.25,0.38,0.93,0.78,0.06,0.43,0.09,16238,8.300374269485474
0.57,0.68,0.25,0.38,0.93,0.78,0.06,0.43,0.09,16555,8.30369758605957
0.57,0.68,0.25,0.38,0.92,0.78,0.06,0.43,0.1,16134,8.308426856994629
0.57,0.68,0.25,0.38,0.93,0.78,0.06,0.43,0.1,15949,8.312068939208984
0.57,0.68,0.25,0.38,0.93,0.78,0.06,0.43,0.1,15896,8.312068939208984
0.57,0.67,0.25,0.38,0.93,0.78,0.06,0.43,0.1,16029,8.317101955413818
0.56,0.68,0.25,0.38,0.93,0.78,0.06,0.44,0.1,16216,8.321097373962402
0.57,0.68,0.25,0.38,0.93,0.78,0.06,0.43,0.1,16131,8.324544429779053
0.57,0.68,0.25,0.38,0.93,0.77,0.06,0.43,0.1,15686,8.3256094455719
0.57,0.67,0.25,0.38,0.93,0.78,0.06,0.44,0.09,15687,8.329042911529541
0.57,0.67,0.25,0.38,0.93,0.78,0.06,0.43,0.1,16282,8.332890272140503
0.57,0.67,0.25,0.39,0.93,0.78,0.06,0.44,0.1,16251,8.336702823638916
0.57,0.67,0.25,0.38,0.93,0.78,0.06,0.44,0.1,15960,8.337373733520508
0.58,0.67,0.25,0.38,0.93,0.78,0.06,0.44,0.1,15895,8.341373682022095
0.57,0.67,0.25,0.38,0.92,0.78,0.06,0.43,0.09,16274,8.345642328262329
0.57,0.68,0.25,0.38,0.93,0.78,0.06,0.43,0.09,16385,8.348937511444092
0.57,0.68,0.25,0.38,0.93,0.78,0.06,0.44,0.1,16500,8.349642753601074
0.57,0.68,0.25,0.37,0.92,0.77,0.06,0.44,0.09,16105,8.353955745697021
0.57,0.68,0.25,0.38,0.92,0.78,0.06,0.44,0.1,15814,8.357980251312256
0.57,0.68,0.25,0.38,0.93,0.78,0.06,0.44,0.1,16125,8.361976861953735
0.56,0.68,0.25,0.39,0.93,0.78,0.06,0.44,0.1,16118,8.361976861953735
0.57,0.67,0.25,0.38,0.93,0.78,0.06,0.44,0.1,16365,8.366077899932861
0.57,0.67,0.25,0.38,0.93,0.78,0.06,0.44,0.09,16200,8.370073318481445
0.57,0.67,0.25,0.38,0.93,0.78,0.06,0.44,0.1,16521,8.374160528182983
0.57,0.67,0.25,0.38,0.92,0.78,0.06,0.44,0.09,16226,8.374160528182983
0.56,0.67,0.25,0.38,0.92,0.78,0.06,0.43,0.1,15757,8.377160549163818
0.57,0.67,0.25,0.38,0.93,0.78,0.06,0.44,0.09,15542,8.382670879364014
0.56,0.67,0.26,0.38,0.93,0.78,0.06,0.43,0.09,16465,8.386985301971436
0.56,0.68,0.25,0.38,0.92,0.78,0.06,0.43,0.09,16450,8.386985301971436
0.57,0.68,0.25,0.38,0.92,0.78,0.06,0.43,0.1,16081,8.39008092880249
0.57,0.68,0.25,0.38,0.92,0.78,0.06,0.43,0.09,16288,8.395156860351562
0.57,0.68,0.25,0.38,0.92,0.78,0.06,0.43,0.1,16417,8.398821353912354
0.57,0.68,0.25,0.39,0.92,0.78,0.06,0.43,0.09,16274,8.402612924575806
0.57,0.68,0.25,0.38,0.92,0.78,0.06,0.44,0.1,16199,8.403612613677979
0.57,0.68,0.25,0.38,0.92,0.78,0.05,0.44,0.1,16044,8.406307697296143
0.57,0.68,0.25,0.38,0.93,0.78,0.06,0.43,0.1,16609,8.411468505859375
0.57,0.68,0.25,0.38,0.93,0.78,0.06,0.43,0.09,16810,8.41471529006958
0.57,0.68,0.25,0.38,0.92,0.78,0.06,0.43,0.09,16429,8.415769815444946
0.56,0.68,0.25,0.38,0.92,0.78,0.06,0.43,0.09,16090,8.418889999389648
0.56,0.68,0.25,0.38,0.93,0.78,0.06,0.44,0.09,15801,8.422740697860718
0.56,0.67,0.25,0.38,0.93,0.78,0.06,0.43,0.1,16032,8.42751669883728
0.57,0.67,0.25,0.38,0.92,0.78,0.07,0.44,0.09,15839,8.42751669883728
0.57,0.67,0.25,0.38,0.93,0.78,0.06,0.43,0.1,15680,8.430543899536133
0.56,0.67,0.25,0.38,0.93,0.78,0.06,0.43,0.09,16055,8.436110734939575
0.57,0.67,0.25,0.38,0.93,0.78,0.06,0.43,0.1,16150,8.439467668533325
0.56,0.67,0.25,0.38,0.93,0.78,0.06,0.43,0.09,16213,8.440500259399414
0.56,0.67,0.25,0.38,0.93,0.78,0.06,0.43,0.09,16098,8.44450068473816
0.57,0.67,0.25,0.38,0.93,0.78,0.06,0.43,0.09,15831,8.448104619979858
0.56,0.67,0.25,0.38,0.93,0.78,0.05,0.43,0.09,16162,8.45231294631958
0.57,0.67,0.25,0.38,0.93,0.78,0.06,0.43,0.1,16469,8.45231294631958
0.56,0.67,0.25,0.38,0.93,0.78,0.05,0.43,0.09,16346,8.456360578536987
0.57,0.67,0.25,0.38,0.93,0.78,0.06,0.43,0.09,15905,8.460002660751343
0.57,0.67,0.25,0.38,0.93,0.78,0.06,0.44,0.1,16004,8.46404767036438
0.57,0.67,0.25,0.38,0.93,0.78,0.06,0.44,0.09,16353,8.465102195739746
0.57,0.67,0.25,0.38,0.93,0.78,0.06,0.43,0.09,16658,8.468079328536987
0.56,0.67,0.25,0.38,0.93,0.78,0.06,0.43,0.09,16437,8.472229242324829
0.57,0.67,0.25,0.38,0.93,0.78,0.06,0.43,0.1,16046,8.476232051849365
0.57,0.67,0.25,0.38,0.93,0.78,0.06,0.43,0.09,16041,8.480252265930176
0.56,0.67,0.25,0.38,0.93,0.78,0.06,0.43,0.09,16040,8.4812171459198
0.57,0.66,0.25,0.38,0.93,0.78,0.06,0.43,0.09,16087,8.484216928482056
0.57,0.66,0.25,0.38,0.93,0.78,0.05,0.43,0.09,15918,8.489572286605835
0.57,0.67,0.25,0.38,0.93,0.78,0.06,0.44,0.1,15933,8.49308156967163
0.57,0.67,0.25,0.38,0.93,0.78,0.06,0.43,0.09,15996,8.49308156967163
0.56,0.67,0.26,0.38,0.93,0.78,0.06,0.43,0.1,16023,8.497602701187134
0.57,0.67,0.25,0.38,0.92,0.78,0.06,0.44,0.1,16042,8.50089979171753
0.57,0.67,0.25,0.38,0.93,0.78,0.06,0.43,0.09,16259,8.504958152770996
0.57,0.67,0.25,0.38,0.93,0.78,0.06,0.43,0.1,16238,8.504958152770996
0.56,0.67,0.25,0.38,0.93,0.78,0.05,0.43,0.09,16117,8.509278297424316
0.57,0.67,0.25,0.38,0.92,0.78,0.06,0.43,0.1,16014,8.513259649276733
0.57,0.67,0.25,0.38,0.93,0.78,0.06,0.43,0.1,16393,8.517095804214478
0.56,0.67,0.25,0.38,0.93,0.78,0.06,0.44,0.1,16112,8.517831802368164
0.57,0.67,0.25,0.38,0.93,0.78,0.06,0.43,0.09,15627,8.521988868713379
0.56,0.67,0.25,0.38,0.92,0.78,0.06,0.43,0.1,16156,8.525044202804565
0.56,0.67,0.25,0.38,0.92,0.78,0.06,0.44,0.1,16829,8.530038118362427
0.56,0.67,0.25,0.38,0.92,0.78,0.05,0.43,0.09,16576,8.531014919281006
0.56,0.68,0.25,0.38,0.92,0.78,0.05,0.43,0.1,16535,8.533621788024902
0.56,0.67,0.25,0.38,0.93,0.78,0.05,0.43,0.1,16664,8.538616418838501
0.56,0.67,0.25,0.38,0.92,0.78,0.06,0.43,0.1,16727,8.542615413665771
0.56,0.68,0.25,0.38,0.92,0.78,0.05,0.43,0.1,16432,8.542615413665771
0.56,0.67,0.25,0.38,0.93,0.78,0.06,0.43,0.09,16235,8.54561996459961
0.56,0.67,0.25,0.38,0.92,0.78,0.06,0.44,0.09,16032,8.550033569335938
0.56,0.67,0.25,0.38,0.93,0.78,0.06,0.44,0.09,15703,8.555241107940674
0.56,0.67,0.25,0.38,0.93,0.78,0.06,0.44,0.1,15896,8.557828903198242
0.56,0.67,0.25,0.38,0.93,0.78,0.06,0.44,0.09,15965,8.55887484550476
0.56,0.67,0.25,0.38,0.92,0.78,0.05,0.43,0.1,15970,8.562615394592285
0.56,0.67,0.25,0.38,0.92,0.78,0.06,0.43,0.1,15763,8.566627264022827
0.56,0.68,0.25,0.39,0.92,0.77,0.06,0.44,0.09,15756,8.57063364982605
0.56,0.68,0.25,0.38,0.92,0.78,0.06,0.43,0.1,16457,8.571743726730347
0.56,0.68,0.25,0.38,0.92,0.78,0.06,0.44,0.1,16768,8.574808597564697
0.56,0.68,0.25,0.38,0.92,0.78,0.06,0.43,0.1,16309,8.57810354232788
0.56,0.68,0.25,0.38,0.93,0.78,0.06,0.44,0.1,16058,8.582491159439087
0.56,0.68,0.25,0.38,0.92,0.78,0.05,0.43,0.09,16271,8.582491159439087
0.56,0.68,0.25,0.38,0.92,0.78,0.06,0.43,0.1,16258,8.587519407272339
0.57,0.68,0.25,0.38,0.92,0.77,0.06,0.44,0.09,15991,8.590564250946045
0.56,0.68,0.25,0.38,0.92,0.78,0.06,0.44,0.09,16348,8.59513783454895
0.56,0.67,0.25,0.38,0.93,0.78,0.06,0.44,0.09,16337,8.596154928207397
0.57,0.68,0.25,0.38,0.92,0.77,0.06,0.44,0.1,16434,8.599153995513916
0.56,0.68,0.25,0.38,0.92,0.78,0.06,0.44,0.09,16429,8.60315489768982
0.56,0.68,0.25,0.38,0.92,0.77,0.06,0.44,0.1,16264,8.60715627670288
0.56,0.68,0.25,0.38,0.92,0.77,0.06,0.44,0.1,16607,8.60715627670288
0.56,0.68,0.26,0.38,0.93,0.77,0.06,0.44,0.09,16686,8.611167907714844
0.56,0.68,0.25,0.38,0.93,0.78,0.06,0.43,0.1,16353,8.615607976913452
0.56,0.68,0.26,0.38,0.93,0.78,0.06,0.44,0.1,16398,8.619332075119019
0.56,0.69,0.25,0.38,0.93,0.78,0.06,0.44,0.09,16203,8.620614528656006
0.56,0.68,0.26,0.38,0.92,0.78,0.06,0.44,0.1,15860,8.623897314071655
0.56,0.68,0.26,0.38,0.92,0.78,0.05,0.44,0.1,16085,8.627913475036621
0.56,0.68,0.25,0.38,0.92,0.78,0.06,0.44,0.1,16042,8.631908655166626
0.56,0.68,0.25,0.38,0.92,0.78,0.06,0.44,0.1,16157,8.634917974472046
0.56,0.68,0.25,0.38,0.92,0.77,0.06,0.44,0.1,16070,8.636224269866943
0.56,0.68,0.25,0.38,0.92,0.78,0.06,0.43,0.1,15651,8.639628887176514
0.56,0.68,0.25,0.38,0.92,0.78,0.05,0.44,0.1,15584,8.643659353256226
0.56,0.68,0.26,0.38,0.92,0.78,0.06,0.44,0.1,15885,8.647659540176392
0.56,0.68,0.26,0.38,0.92,0.78,0.06,0.44,0.1,15858,8.648659944534302
0.56,0.68,0.25,0.38,0.92,0.78,0.06,0.44,0.09,15643,8.651981353759766
0.57,0.68,0.25,0.38,0.92,0.78,0.06,0.44,0.1,15690,8.656979084014893
0.56,0.68,0.26,0.38,0.92,0.77,0.06,0.44,0.1,15979,8.660240650177002
0.57,0.68,0.26,0.38,0.93,0.78,0.06,0.44,0.1,16384,8.661237716674805
0.57,0.68,0.25,0.38,0.93,0.78,0.06,0.44,0.09,16481,8.66429877281189
0.56,0.68,0.25,0.38,0.93,0.78,0.06,0.44,0.1,16174,8.669416904449463
0.56,0.68,0.25,0.38,0.92,0.77,0.06,0.44,0.1,16283,8.673466444015503
0.57,0.68,0.25,0.38,0.93,0.78,0.06,0.44,0.09,16426,8.673466444015503
0.56,0.68,0.25,0.38,0.92,0.78,0.06,0.45,0.1,16171,8.676897048950195
0.56,0.68,0.25,0.38,0.92,0.78,0.06,0.44,0.09,16196,8.68092966079712
0.56,0.68,0.25,0.38,0.92,0.77,0.06,0.44,0.1,16025,8.68611478805542
0.56,0.68,0.25,0.38,0.92,0.78,0.06,0.44,0.1,15996,8.68611478805542
0.56,0.68,0.25,0.38,0.92,0.78,0.06,0.44,0.1,16401,8.689369440078735
0.56,0.69,0.25,0.38,0.92,0.78,0.06,0.44,0.1,16238,8.693562507629395
0.56,0.68,0.25,0.38,0.92,0.78,0.06,0.44,0.1,15925,8.697707653045654
0.56,0.68,0.25,0.38,0.92,0.77,0.06,0.44,0.1,16374,8.700995206832886
0.56,0.68,0.25,0.38,0.92,0.78,0.06,0.44,0.1,16207,8.701678991317749
0.56,0.68,0.25,0.38,0.92,0.78,0.06,0.44,0.1,16068,8.705680131912231
0.57,0.68,0.25,0.38,0.92,0.77,0.06,0.44,0.1,16037,8.710326194763184
0.56,0.68,0.25,0.39,0.92,0.78,0.06,0.44,0.1,16308,8.713923454284668
0.56,0.69,0.25,0.38,0.92,0.77,0.06,0.44,0.1,16439,8.713923454284668
0.56,0.68,0.25,0.38,0.92,0.77,0.06,0.44,0.1,16488,8.717735290527344
0.56,0.69,0.25,0.38,0.92,0.78,0.06,0.44,0.09,16083,8.721965312957764
0.56,0.68,0.25,0.39,0.92,0.78,0.06,0.44,0.1,15554,8.726027727127075
0.57,0.69,0.25,0.38,0.92,0.77,0.06,0.44,0.09,15933,8.726027727127075
0.56,0.68,0.25,0.38,0.91,0.78,0.06,0.44,0.09,16736,8.730988264083862
0.57,0.69,0.25,0.39,0.92,0.77,0.07,0.44,0.09,16421,8.734439373016357
0.57,0.69,0.25,0.38,0.93,0.77,0.06,0.44,0.1,16094,8.738457441329956
0.56,0.69,0.26,0.38,0.92,0.77,0.06,0.44,0.09,16291,8.739439010620117
0.56,0.69,0.25,0.38,0.92,0.78,0.06,0.44,0.1,16418,8.742439270019531
0.56,0.69,0.25,0.39,0.92,0.77,0.06,0.44,0.1,16085,8.747452974319458
0.57,0.69,0.25,0.38,0.92,0.77,0.06,0.44,0.09,16198,8.751479148864746
0.56,0.69,0.25,0.38,0.92,0.77,0.06,0.44,0.09,16239,8.751479148864746
0.56,0.69,0.26,0.38,0.92,0.77,0.06,0.44,0.09,16238,8.755500316619873
0.56,0.69,0.25,0.38,0.92,0.77,0.06,0.44,0.09,16587,8.7587149143219
0.56,0.69,0.25,0.38,0.92,0.77,0.05,0.44,0.09,16256,8.763396263122559
0.56,0.69,0.25,0.38,0.92,0.77,0.06,0.44,0.09,15947,8.763396263122559
0.57,0.69,0.25,0.38,0.92,0.77,0.06,0.44,0.09,15928,8.767413854598999
0.56,0.69,0.25,0.38,0.92,0.77,0.06,0.44,0.09,16125,8.771472215652466
0.56,0.69,0.25,0.38,0.92,0.77,0.06,0.44,0.09,15990,8.774800539016724
0.56,0.69,0.25,0.38,0.92,0.77,0.06,0.43,0.09,16265,8.778979301452637
0.57,0.69,0.25,0.38,0.92,0.77,0.06,0.44,0.1,16116,8.778979301452637
0.56,0.69,0.26,0.38,0.92,0.77,0.06,0.44,0.1,15889,8.783005714416504
0.56,0.69,0.26,0.38,0.92,0.77,0.06,0.44,0.1,16024,8.78806447982788
0.56,0.69,0.25,0.38,0.92,0.78,0.06,0.44,0.09,16157,8.791271209716797
0.56,0.69,0.25,0.38,0.92,0.77,0.06,0.44,0.09,15866,8.791271209716797
0.56,0.69,0.25,0.38,0.92,0.77,0.05,0.44,0.1,16153,8.795072793960571
0.56,0.69,0.25,0.38,0.92,0.77,0.06,0.44,0.09,16362,8.800089836120605
0.56,0.69,0.25,0.38,0.92,0.78,0.06,0.44,0.09,16639,8.803566932678223
0.56,0.69,0.25,0.38,0.92,0.77,0.06,0.44,0.1,16112,8.803566932678223
0.56,0.69,0.25,0.38,0.92,0.77,0.06,0.44,0.1,15875,8.807452201843262
0.57,0.69,0.25,0.39,0.92,0.78,0.06,0.44,0.09,16172,8.811703443527222
0.56,0.7,0.26,0.38,0.92,0.77,0.06,0.44,0.09,16239,8.817153215408325
0.56,0.69,0.25,0.38,0.92,0.77,0.06,0.44,0.09,15822,8.817153215408325
0.56,0.69,0.25,0.38,0.92,0.77,0.06,0.44,0.1,16085,8.819901704788208
0.56,0.69,0.26,0.38,0.92,0.77,0.06,0.44,0.09,16370,8.824238538742065
0.56,0.69,0.25,0.38,0.92,0.77,0.06,0.44,0.1,16113,8.829332828521729
0.56,0.69,0.25,0.38,0.92,0.77,0.06,0.44,0.1,16248,8.829332828521729
0.56,0.69,0.25,0.38,0.92,0.78,0.06,0.44,0.1,15987,8.833241701126099
0.56,0.69,0.26,0.38,0.92,0.77,0.06,0.44,0.1,15876,8.837269067764282
0.56,0.69,0.26,0.39,0.92,0.77,0.06,0.44,0.1,15801,8.841333627700806
0.56,0.69,0.25,0.39,0.92,0.77,0.06,0.44,0.1,15974,8.844727993011475
0.56,0.68,0.25,0.39,0.92,0.77,0.06,0.44,0.1,15955,8.845794200897217
0.56,0.69,0.26,0.38,0.92,0.77,0.06,0.44,0.09,16194,8.848918676376343
0.56,0.69,0.25,0.38,0.92,0.78,0.06,0.44,0.09,16189,8.853183507919312
0.55,0.69,0.25,0.38,0.92,0.78,0.06,0.44,0.09,16228,8.85646104812622
0.56,0.69,0.26,0.39,0.92,0.78,0.06,0.44,0.1,16417,8.857210874557495
0.56,0.69,0.25,0.38,0.92,0.77,0.05,0.44,0.09,16168,8.861658573150635
0.56,0.68,0.25,0.38,0.92,0.77,0.06,0.43,0.1,16181,8.865150928497314
0.55,0.69,0.25,0.37,0.92,0.77,0.05,0.44,0.1,16476,8.86963677406311
0.56,0.69,0.26,0.38,0.92,0.78,0.06,0.44,0.1,16685,8.86963677406311
0.56,0.69,0.26,0.39,0.92,0.77,0.06,0.44,0.1,16404,8.873636960983276
0.56,0.69,0.26,0.39,0.92,0.77,0.06,0.44,0.1,16013,8.878638982772827
0.56,0.69,0.26,0.39,0.92,0.77,0.06,0.44,0.1,15636,8.881671667098999
0.56,0.69,0.26,0.39,0.92,0.77,0.06,0.44,0.09,15587,8.882648468017578
0.56,0.69,0.25,0.38,0.92,0.77,0.06,0.44,0.1,15958,8.885426044464111
0.56,0.69,0.26,0.39,0.92,0.77,0.06,0.44,0.1,16491,8.890689373016357
0.56,0.68,0.26,0.38,0.92,0.77,0.06,0.44,0.09,16386,8.894575834274292
0.56,0.69,0.26,0.39,0.92,0.77,0.06,0.44,0.09,16245,8.894575834274292
0.56,0.69,0.26,0.38,0.92,0.77,0.06,0.44,0.1,16254,8.898575782775879
0.56,0.69,0.25,0.38,0.92,0.77,0.06,0.44,0.1,16439,8.902077198028564
0.56,0.69,0.26,0.39,0.92,0.77,0.06,0.44,0.09,16074,8.906447887420654
0.56,0.69,0.26,0.39,0.92,0.77,0.06,0.44,0.1,16227,8.9101402759552
0.56,0.69,0.25,0.38,0.92,0.77,0.06,0.44,0.1,16266,8.911182165145874
0.56,0.69,0.25,0.38,0.92,0.77,0.06,0.44,0.09,16197,8.914440393447876
0.56,0.69,0.26,0.39,0.91,0.77,0.06,0.44,0.1,16036,8.919021368026733
0.56,0.69,0.26,0.39,0.92,0.77,0.06,0.44,0.1,15887,8.922556638717651
0.56,0.69,0.26,0.39,0.92,0.78,0.06,0.44,0.1,16032,8.92358946800232
0.56,0.69,0.26,0.38,0.92,0.78,0.06,0.44,0.1,16527,8.927590131759644
0.56,0.69,0.26,0.39,0.92,0.78,0.06,0.44,0.1,16718,8.931589841842651
0.56,0.69,0.25,0.39,0.93,0.78,0.06,0.44,0.1,16457,8.93474817276001
0.56,0.69,0.25,0.39,0.92,0.77,0.06,0.44,0.1,16122,8.93474817276001
0.56,0.69,0.25,0.39,0.92,0.77,0.06,0.44,0.09,16089,8.94003963470459
0.56,0.68,0.25,0.39,0.92,0.77,0.05,0.44,0.09,16150,8.944225549697876
0.56,0.69,0.25,0.38,0.92,0.77,0.06,0.44,0.1,16049,8.947260618209839
0.56,0.69,0.26,0.39,0.92,0.78,0.06,0.44,0.1,16156,8.948244333267212
0.56,0.68,0.26,0.39,0.92,0.77,0.06,0.44,0.1,16499,8.951090335845947
0.56,0.68,0.25,0.38,0.92,0.78,0.06,0.44,0.1,16028,8.956285953521729
0.56,0.68,0.26,0.39,0.92,0.77,0.06,0.44,0.1,16015,8.959336042404175
0.56,0.68,0.25,0.39,0.92,0.77,0.06,0.44,0.09,16368,8.960345268249512
0.56,0.69,0.25,0.39,0.92,0.78,0.06,0.44,0.09,15901,8.964365720748901
0.56,0.69,0.25,0.39,0.92,0.77,0.06,0.44,0.1,16138,8.967769384384155
0.56,0.68,0.25,0.39,0.92,0.77,0.06,0.44,0.1,16265,8.97187089920044
0.56,0.69,0.26,0.39,0.92,0.78,0.06,0.44,0.1,16084,8.972932577133179
0.56,0.69,0.25,0.38,0.92,0.78,0.06,0.44,0.1,15917,8.976401090621948
0.56,0.69,0.25,0.39,0.92,0.77,0.06,0.44,0.1,16044,8.980534791946411
0.56,0.69,0.25,0.39,0.92,0.78,0.06,0.44,0.1,16137,8.984119176864624
0.56,0.69,0.25,0.38,0.92,0.78,0.06,0.44,0.1,16396,8.988219261169434
0.56,0.69,0.25,0.39,0.92,0.78,0.06,0.44,0.09,16567,8.988219261169434
0.56,0.69,0.25,0.39,0.92,0.78,0.06,0.44,0.09,16576,8.99230146408081
0.56,0.69,0.26,0.39,0.92,0.78,0.07,0.44,0.1,16403,8.996262550354004
0.55,0.69,0.25,0.39,0.92,0.78,0.06,0.44,0.09,16508,9.000247955322266
0.56,0.69,0.26,0.39,0.92,0.78,0.06,0.44,0.1,16147,9.000247955322266
0.56,0.69,0.25,0.39,0.92,0.78,0.06,0.44,0.1,15972,9.004438877105713
0.56,0.68,0.25,0.39,0.92,0.78,0.06,0.44,0.1,16239,9.008651971817017
0.55,0.68,0.25,0.39,0.92,0.78,0.06,0.44,0.09,16546,9.012629270553589
0.56,0.68,0.25,0.39,0.92,0.78,0.06,0.44,0.09,16715,9.01364541053772
0.56,0.69,0.26,0.39,0.92,0.79,0.06,0.44,0.1,16128,9.016703605651855
0.56,0.69,0.25,0.39,0.92,0.78,0.06,0.44,0.09,15739,9.020649433135986
0.56,0.69,0.25,0.39,0.92,0.78,0.06,0.44,0.09,15714,9.024945259094238
0.55,0.68,0.25,0.39,0.92,0.78,0.06,0.44,0.09,16183,9.026013612747192
0.55,0.69,0.25,0.39,0.92,0.78,0.06,0.44,0.1,16350,9.028770923614502
0.56,0.68,0.25,0.39,0.92,0.78,0.06,0.44,0.09,16549,9.034498929977417
0.55,0.68,0.25,0.39,0.92,0.78,0.06,0.44,0.1,16160,9.037086248397827
0.56,0.68,0.25,0.39,0.92,0.78,0.06,0.44,0.09,16323,9.03813099861145
0.56,0.68,0.25,0.38,0.92,0.78,0.06,0.44,0.1,15952,9.042176723480225
0.55,0.68,0.25,0.38,0.92,0.78,0.06,0.44,0.1,16019,9.045661926269531
0.55,0.68,0.25,0.38,0.92,0.77,0.06,0.44,0.1,16546,9.04993462562561
0.55,0.68,0.25,0.38,0.92,0.78,0.06,0.44,0.1,16185,9.05324935913086
0.55,0.69,0.25,0.38,0.93,0.78,0.06,0.44,0.1,15894,9.053942203521729
0.55,0.68,0.26,0.38,0.92,0.77,0.06,0.44,0.09,16389,9.058346033096313
0.55,0.68,0.26,0.38,0.92,0.77,0.06,0.44,0.1,16404,9.062532663345337
0.55,0.68,0.26,0.39,0.92,0.78,0.06,0.44,0.1,16249,9.065795183181763
0.56,0.68,0.25,0.38,0.92,0.78,0.06,0.44,0.1,16334,9.066532373428345
0.56,0.68,0.26,0.38,0.92,0.77,0.06,0.44,0.1,16517,9.071094751358032
0.56,0.68,0.26,0.39,0.92,0.78,0.06,0.44,0.1,16458,9.075032472610474
0.56,0.68,0.26,0.39,0.92,0.78,0.06,0.44,0.09,16125,9.078514337539673
0.56,0.68,0.26,0.39,0.92,0.78,0.06,0.44,0.09,15926,9.078514337539673
0.56,0.68,0.25,0.39,0.92,0.78,0.06,0.44,0.09,15977,9.082515954971313
0.56,0.68,0.25,0.39,0.92,0.78,0.06,0.44,0.09,15966,9.087515115737915
0.56,0.68,0.25,0.39,0.92,0.78,0.05,0.44,0.1,16195,9.090681076049805
0.56,0.68,0.25,0.38,0.92,0.78,0.06,0.44,0.1,16190,9.091514348983765
0.56,0.68,0.26,0.39,0.92,0.77,0.05,0.44,0.1,16099,9.094773530960083
0.56,0.68,0.25,0.39,0.92,0.78,0.06,0.44,0.09,16212,9.098997592926025
0.56,0.68,0.25,0.39,0.92,0.78,0.06,0.44,0.09,16521,9.102582931518555
0.56,0.68,0.25,0.39,0.93,0.78,0.06,0.44,0.09,16752,9.103616952896118
0.56,0.68,0.25,0.39,0.93,0.78,0.06,0.44,0.09,16349,9.107056617736816
0.56,0.68,0.25,0.39,0.93,0.78,0.06,0.44,0.1,16008,9.111355304718018
0.56,0.68,0.25,0.39,0.92,0.78,0.06,0.44,0.1,16569,9.114819288253784
0.56,0.68,0.25,0.39,0.92,0.78,0.06,0.44,0.1,16180,9.117962121963501
0.56,0.68,0.25,0.39,0.92,0.78,0.05,0.44,0.09,15487,9.119077205657959
0.56,0.68,0.26,0.38,0.92,0.78,0.06,0.44,0.1,15694,9.123508930206299
0.56,0.68,0.25,0.39,0.92,0.78,0.06,0.44,0.09,16085,9.127554416656494
0.56,0.69,0.25,0.38,0.92,0.78,0.06,0.44,0.1,16442,9.131573677062988
0.56,0.68,0.25,0.38,0.92,0.78,0.06,0.44,0.1,16213,9.132554292678833
0.56,0.69,0.25,0.38,0.93,0.77,0.06,0.44,0.09,16428,9.136208534240723
0.57,0.68,0.25,0.39,0.93,0.77,0.06,0.44,0.1,16469,9.139949798583984
0.56,0.69,0.25,0.39,0.93,0.78,0.06,0.45,0.1,15870,9.14295744895935
0.56,0.68,0.25,0.39,0.93,0.78,0.06,0.44,0.09,15575,9.144011974334717
0.56,0.69,0.25,0.39,0.93,0.78,0.06,0.44,0.1,15862,9.148050785064697
0.56,0.68,0.26,0.39,0.92,0.78,0.06,0.44,0.09,15649,9.152050733566284
0.56,0.68,0.25,0.39,0.93,0.78,0.06,0.44,0.1,16102,9.156050443649292
0.56,0.69,0.25,0.39,0.93,0.78,0.06,0.44,0.09,16033,9.156050443649292
0.56,0.68,0.25,0.39,0.93,0.78,0.06,0.44,0.09,15806,9.159837484359741
0.56,0.69,0.25,0.39,0.93,0.78,0.06,0.44,0.09,16089,9.164794206619263
0.56,0.68,0.25,0.38,0.93,0.78,0.06,0.44,0.09,16410,9.167891502380371
0.56,0.68,0.25,0.39,0.92,0.78,0.06,0.44,0.1,16385,9.168805837631226
0.56,0.68,0.25,0.39,0.92,0.78,0.06,0.44,0.09,16332,9.173062086105347
0.56,0.68,0.25,0.39,0.92,0.78,0.06,0.44,0.09,15865,9.177061796188354
0.56,0.68,0.25,0.38,0.93,0.78,0.06,0.44,0.09,16056,9.181063890457153
0.56,0.68,0.25,0.39,0.93,0.78,0.06,0.44,0.09,16605,9.181063890457153
0.56,0.68,0.25,0.39,0.93,0.78,0.06,0.44,0.09,16336,9.185062170028687
0.55,0.68,0.25,0.39,0.93,0.78,0.06,0.44,0.09,16001,9.189581871032715
0.56,0.68,0.25,0.39,0.92,0.78,0.06,0.44,0.09,16304,9.193560361862183
0.55,0.68,0.25,0.39,0.92,0.78,0.06,0.44,0.09,16129,9.196736812591553
0.56,0.69,0.25,0.39,0.93,0.78,0.06,0.44,0.09,16048,9.196736812591553
0.56,0.68,0.25,0.39,0.92,0.79,0.06,0.44,0.1,16217,9.200734376907349
0.56,0.69,0.25,0.39,0.92,0.78,0.06,0.44,0.09,16330,9.204829931259155
0.56,0.68,0.25,0.39,0.92,0.78,0.06,0.44,0.09,16401,9.208853483200073
0.57,0.68,0.25,0.39,0.92,0.78,0.05,0.44,0.09,16180,9.208853483200073
0.56,0.68,0.25,0.39,0.93,0.78,0.06,0.44,0.09,15937,9.21313762664795
0.56,0.68,0.25,0.39,0.93,0.78,0.06,0.44,0.1,16290,9.2181396484375
0.56,0.68,0.25,0.39,0.93,0.78,0.06,0.44,0.09,16487,9.221317291259766
0.56,0.68,0.25,0.39,0.93,0.78,0.06,0.44,0.09,16440,9.222349166870117
0.56,0.68,0.25,0.38,0.92,0.78,0.05,0.44,0.09,15945,9.22631549835205
0.56,0.69,0.25,0.39,0.92,0.78,0.06,0.44,0.1,15914,9.229929208755493
0.56,0.69,0.24,0.39,0.92,0.78,0.06,0.44,0.09,16597,9.233928918838501
0.56,0.68,0.25,0.39,0.92,0.78,0.06,0.44,0.09,16090,9.233928918838501
0.56,0.68,0.25,0.39,0.92,0.78,0.06,0.44,0.09,16267,9.237947940826416
0.56,0.68,0.25,0.39,0.93,0.78,0.06,0.44,0.09,16432,9.242513179779053
0.56,0.68,0.25,0.39,0.93,0.78,0.06,0.44,0.09,16335,9.245728731155396
0.56,0.68,0.25,0.39,0.93,0.78,0.06,0.44,0.09,15958,9.245728731155396
0.56,0.68,0.25,0.39,0.93,0.78,0.06,0.44,0.09,16391,9.250765323638916
0.56,0.68,0.25,0.39,0.93,0.78,0.06,0.44,0.09,16296,9.25514841079712
0.56,0.68,0.25,0.39,0.92,0.78,0.06,0.44,0.09,16385,9.258541822433472
0.56,0.69,0.25,0.39,0.93,0.78,0.06,0.44,0.1,16228,9.261795282363892
0.57,0.68,0.25,0.39,0.92,0.78,0.06,0.44,0.09,16275,9.262871503829956
0.56,0.68,0.25,0.39,0.92,0.78,0.06,0.44,0.09,15772,9.267009973526001
0.56,0.68,0.25,0.39,0.92,0.78,0.06,0.44,0.09,15825,9.271106004714966
0.56,0.68,0.25,0.39,0.92,0.78,0.06,0.44,0.09,16542,9.27436351776123
0.56,0.68,0.25,0.39,0.93,0.78,0.06,0.44,0.09,16063,9.2750883102417
0.56,0.69,0.25,0.39,0.92,0.78,0.06,0.44,0.09,16052,9.278972387313843
0.56,0.68,0.25,0.39,0.93,0.78,0.06,0.44,0.09,16173,9.283268451690674
0.56,0.68,0.25,0.39,0.92,0.78,0.06,0.44,0.09,16332,9.28692626953125
0.56,0.68,0.25,0.39,0.92,0.78,0.06,0.44,0.09,16349,9.287659406661987
0.57,0.68,0.25,0.39,0.93,0.78,0.06,0.44,0.09,16380,9.291653871536255
0.56,0.68,0.25,0.39,0.92,0.78,0.06,0.44,0.1,16613,9.295635223388672
0.56,0.68,0.25,0.39,0.92,0.78,0.06,0.44,0.09,16556,9.299647331237793
0.56,0.69,0.25,0.39,0.92,0.78,0.06,0.44,0.09,16257,9.299647331237793
0.56,0.69,0.25,0.39,0.92,0.78,0.06,0.44,0.09,16312,9.304564237594604
0.56,0.68,0.25,0.39,0.93,0.78,0.06,0.44,0.09,16227,9.308269262313843
0.56,0.69,0.25,0.39,0.92,0.78,0.06,0.44,0.1,16638,9.311070680618286
0.56,0.68,0.25,0.39,0.92,0.78,0.06,0.44,0.09,16475,9.312088251113892
0.56,0.69,0.25,0.39,0.92,0.78,0.06,0.44,0.09,16074,9.3160879611969
0.57,0.69,0.25,0.39,0.92,0.78,0.06,0.44,0.09,15801,9.319659948348999
0.56,0.69,0.25,0.39,0.92,0.78,0.06,0.44,0.09,15786,9.324086904525757
0.56,0.69,0.25,0.39,0.92,0.78,0.06,0.44,0.09,16105,9.324804067611694
0.57,0.69,0.25,0.39,0.92,0.78,0.06,0.44,0.09,16282,9.327826976776123
0.57,0.69,0.25,0.39,0.92,0.78,0.06,0.44,0.09,16355,9.33284616470337
0.56,0.69,0.26,0.39,0.92,0.78,0.06,0.44,0.09,16628,9.336594820022583
0.57,0.69,0.25,0.39,0.92,0.78,0.06,0.44,0.09,16309,9.340359687805176
0.57,0.69,0.25,0.39,0.92,0.78,0.06,0.44,0.09,16174,9.341142654418945
0.57,0.69,0.25,0.39,0.92,0.78,0.06,0.44,0.09,16373,9.344713687896729
0.56,0.69,0.25,0.39,0.92,0.78,0.06,0.44,0.09,16262,9.348765850067139
0.56,0.68,0.25,0.39,0.92,0.78,0.06,0.44,0.09,16401,9.352082252502441
0.56,0.68,0.25,0.39,0.92,0.78,0.06,0.44,0.09,16090,9.353109359741211
0.56,0.68,0.25,0.39,0.92,0.78,0.06,0.44,0.09,16019,9.357636451721191
0.56,0.69,0.25,0.39,0.92,0.78,0.06,0.44,0.09,16138,9.361430406570435
0.56,0.69,0.25,0.39,0.92,0.78,0.06,0.44,0.09,15823,9.36460566520691
0.57,0.69,0.25,0.39,0.92,0.78,0.06,0.44,0.09,16340,9.36560583114624
0.56,0.69,0.25,0.39,0.92,0.78,0.06,0.44,0.09,16627,9.369605541229248
0.56,0.69,0.25,0.39,0.92,0.78,0.06,0.44,0.09,16700,9.373606443405151
0.56,0.69,0.25,0.38,0.92,0.78,0.05,0.44,0.09,16523,9.377067804336548
0.57,0.69,0.25,0.39,0.92,0.78,0.06,0.44,0.09,15874,9.377067804336548
0.57,0.69,0.25,0.39,0.92,0.78,0.06,0.44,0.09,15895,9.382103681564331
0.56,0.69,0.25,0.39,0.92,0.78,0.06,0.44,0.09,16524,9.385368824005127
0.56,0.69,0.25,0.39,0.92,0.78,0.06,0.44,0.09,16087,9.38936471939087
0.56,0.69,0.25,0.39,0.92,0.78,0.06,0.44,0.09,16164,9.390098810195923
0.56,0.69,0.25,0.39,0.92,0.78,0.06,0.44,0.1,16523,9.394111633300781
0.56,0.69,0.25,0.39,0.92,0.78,0.06,0.44,0.09,16576,9.398329496383667
0.57,0.69,0.25,0.39,0.92,0.78,0.06,0.44,0.1,16121,9.401946544647217
0.56,0.69,0.25,0.39,0.92,0.78,0.07,0.44,0.09,15650,9.406041383743286
0.56,0.69,0.25,0.39,0.92,0.78,0.06,0.44,0.09,15671,9.406041383743286
0.56,0.69,0.25,0.39,0.92,0.78,0.06,0.44,0.09,16498,9.410530090332031
0.56,0.69,0.25,0.39,0.92,0.78,0.06,0.44,0.09,16557,9.414542198181152
0.56,0.69,0.26,0.39,0.92,0.78,0.06,0.44,0.09,16394,9.417563915252686
0.56,0.69,0.25,0.39,0.92,0.78,0.06,0.44,0.09,16403,9.417563915252686
0.56,0.69,0.25,0.39,0.92,0.78,0.06,0.44,0.09,16352,9.423084020614624
0.56,0.69,0.25,0.39,0.92,0.78,0.06,0.45,0.09,16209,9.427402257919312
0.56,0.69,0.25,0.38,0.92,0.78,0.06,0.45,0.09,16358,9.430530071258545
0.57,0.7,0.25,0.38,0.92,0.78,0.06,0.45,0.09,16703,9.431686878204346
0.57,0.69,0.25,0.39,0.92,0.78,0.06,0.45,0.09,16670,9.435137510299683
0.57,0.69,0.25,0.39,0.92,0.78,0.06,0.44,0.09,16507,9.438781261444092
0.56,0.69,0.25,0.38,0.92,0.78,0.06,0.44,0.09,16336,9.443162679672241
0.57,0.69,0.25,0.39,0.92,0.78,0.06,0.45,0.09,15803,9.443162679672241
0.57,0.69,0.25,0.39,0.92,0.78,0.06,0.45,0.09,16026,9.446255445480347
0.57,0.69,0.25,0.38,0.92,0.78,0.06,0.44,0.09,16651,9.450764179229736
0.57,0.7,0.25,0.38,0.92,0.78,0.06,0.44,0.09,16560,9.455009937286377
0.56,0.69,0.25,0.39,0.92,0.78,0.06,0.44,0.09,16491,9.455009937286377
0.57,0.69,0.25,0.39,0.92,0.78,0.06,0.45,0.09,15856,9.459070444107056
0.56,0.69,0.25,0.39,0.92,0.78,0.06,0.45,0.09,15315,9.464041709899902
0.57,0.69,0.25,0.39,0.92,0.78,0.06,0.45,0.09,15826,9.467559099197388
0.56,0.69,0.25,0.39,0.92,0.78,0.06,0.45,0.09,16443,9.468584537506104
0.57,0.69,0.25,0.39,0.92,0.78,0.06,0.45,0.09,16420,9.472612380981445
0.57,0.69,0.25,0.39,0.92,0.78,0.06,0.45,0.09,16121,9.475529432296753
0.57,0.69,0.25,0.39,0.92,0.78,0.06,0.44,0.09,16158,9.479895114898682
0.56,0.69,0.25,0.38,0.92,0.78,0.05,0.45,0.09,16523,9.480905771255493
0.57,0.69,0.25,0.39,0.92,0.78,0.06,0.44,0.09,16550,9.484503269195557
0.56,0.69,0.25,0.38,0.92,0.78,0.06,0.45,0.1,16441,9.488503217697144
0.57,0.69,0.25,0.39,0.92,0.79,0.06,0.45,0.1,16684,9.49250316619873
0.56,0.69,0.25,0.39,0.92,0.78,0.06,0.44,0.09,16297,9.495503187179565
0.57,0.69,0.25,0.39,0.92,0.78,0.06,0.45,0.09,16278,9.496482849121094
0.56,0.69,0.25,0.39,0.92,0.78,0.06,0.45,0.09,16569,9.501163005828857
0.57,0.69,0.25,0.39,0.92,0.78,0.06,0.44,0.09,15962,9.5046865940094
0.57,0.69,0.25,0.39,0.92,0.78,0.06,0.44,0.09,15989,9.508322715759277
0.56,0.69,0.25,0.39,0.92,0.78,0.06,0.45,0.09,16200,9.509365797042847
0.57,0.69,0.25,0.39,0.92,0.78,0.06,0.45,0.09,16209,9.51340103149414
0.56,0.69,0.25,0.39,0.92,0.78,0.06,0.44,0.1,16182,9.51740312576294
0.56,0.69,0.25,0.39,0.91,0.78,0.06,0.45,0.09,16087,9.520429611206055
0.56,0.69,0.25,0.39,0.92,0.78,0.06,0.44,0.09,16262,9.520429611206055
0.57,0.69,0.25,0.39,0.91,0.78,0.06,0.44,0.09,16567,9.525384902954102
0.57,0.69,0.25,0.39,0.91,0.78,0.06,0.45,0.09,16206,9.528412818908691
0.57,0.69,0.25,0.38,0.91,0.78,0.06,0.45,0.09,16293,9.53293776512146
0.57,0.69,0.25,0.39,0.92,0.78,0.06,0.44,0.09,16524,9.53373908996582
0.57,0.69,0.25,0.39,0.91,0.78,0.06,0.44,0.09,16133,9.53708004951477
0.57,0.69,0.25,0.39,0.91,0.78,0.06,0.44,0.09,16146,9.542157411575317
0.57,0.69,0.25,0.39,0.91,0.78,0.06,0.44,0.09,16423,9.545600414276123
0.56,0.69,0.25,0.39,0.91,0.78,0.06,0.45,0.09,16436,9.545600414276123
0.57,0.7,0.25,0.39,0.91,0.78,0.06,0.45,0.09,16091,9.548967361450195
0.57,0.7,0.25,0.39,0.91,0.78,0.06,0.45,0.09,15756,9.553452968597412
0.57,0.69,0.25,0.39,0.92,0.78,0.06,0.45,0.09,16175,9.558441400527954
0.57,0.69,0.25,0.38,0.91,0.78,0.05,0.45,0.09,16122,9.558441400527954
0.57,0.69,0.25,0.38,0.92,0.78,0.06,0.45,0.09,15857,9.561441421508789
0.57,0.69,0.25,0.39,0.92,0.78,0.06,0.45,0.09,16446,9.566441297531128
0.57,0.69,0.25,0.38,0.92,0.78,0.06,0.45,0.09,16499,9.570441484451294
0.57,0.69,0.25,0.39,0.92,0.78,0.06,0.45,0.09,16352,9.570441484451294
0.57,0.69,0.25,0.39,0.92,0.78,0.06,0.45,0.09,16179,9.57471489906311
0.57,0.69,0.25,0.39,0.92,0.78,0.06,0.44,0.09,16112,9.578249454498291
0.57,0.69,0.25,0.39,0.92,0.78,0.06,0.45,0.1,15791,9.582619667053223
0.57,0.7,0.25,0.38,0.92,0.78,0.06,0.45,0.1,16002,9.586766481399536
0.57,0.69,0.25,0.39,0.92,0.78,0.06,0.45,0.09,16719,9.586766481399536
0.57,0.7,0.25,0.38,0.91,0.78,0.06,0.45,0.09,16402,9.591251373291016
0.57,0.7,0.25,0.39,0.92,0.79,0.06,0.45,0.09,15901,9.594866275787354
0.57,0.69,0.25,0.39,0.91,0.78,0.06,0.45,0.09,16208,9.598129272460938
0.57,0.7,0.25,0.39,0.91,0.78,0.06,0.45,0.09,16173,9.59886622428894
0.57,0.7,0.25,0.39,0.92,0.78,0.06,0.45,0.09,16182,9.603180408477783
0.57,0.7,0.25,0.39,0.92,0.78,0.06,0.44,0.09,16151,9.607242584228516
0.57,0.69,0.25,0.39,0.92,0.78,0.06,0.45,0.09,15926,9.610597372055054
0.57,0.7,0.25,0.39,0.91,0.78,0.06,0.45,0.09,15667,9.611604690551758
0.57,0.7,0.25,0.39,0.91,0.79,0.06,0.45,0.09,16084,9.614591121673584
0.57,0.7,0.25,0.39,0.92,0.78,0.06,0.45,0.09,16201,9.61953353881836
0.57,0.69,0.25,0.39,0.92,0.79,0.06,0.44,0.09,16432,9.623539924621582
0.57,0.69,0.25,0.39,0.92,0.78,0.06,0.44,0.09,16623,9.624064445495605
0.57,0.69,0.25,0.39,0.92,0.79,0.06,0.45,0.09,16418,9.627102851867676
0.57,0.69,0.25,0.39,0.93,0.79,0.06,0.45,0.09,16239,9.632086515426636
0.57,0.69,0.25,0.39,0.92,0.78,0.06,0.44,0.09,16010,9.636259317398071
0.57,0.69,0.25,0.39,0.92,0.78,0.06,0.44,0.09,15957,9.636259317398071
0.56,0.69,0.25,0.39,0.93,0.78,0.06,0.44,0.09,16342,9.640414237976074
0.56,0.69,0.25,0.39,0.92,0.78,0.06,0.45,0.09,16581,9.643988370895386
0.57,0.69,0.25,0.39,0.92,0.78,0.06,0.44,0.09,16136,9.647996664047241
0.57,0.69,0.25,0.39,0.92,0.78,0.06,0.44,0.09,16305,9.65101957321167
0.57,0.69,0.25,0.39,0.92,0.78,0.06,0.44,0.09,16542,9.652031660079956
0.57,0.69,0.25,0.38,0.92,0.78,0.06,0.44,0.09,16143,9.656453609466553
0.57,0.69,0.25,0.39,0.92,0.78,0.06,0.44,0.09,16066,9.65993332862854
0.57,0.69,0.25,0.39,0.92,0.78,0.06,0.45,0.09,16003,9.664081335067749
0.57,0.69,0.25,0.39,0.92,0.78,0.06,0.44,0.09,16210,9.664081335067749
0.57,0.69,0.25,0.39,0.92,0.78,0.06,0.44,0.09,16229,9.668206930160522
0.57,0.7,0.25,0.39,0.92,0.78,0.06,0.44,0.09,15904,9.672203302383423
0.57,0.69,0.25,0.39,0.92,0.78,0.06,0.44,0.09,16251,9.676376819610596
0.57,0.69,0.25,0.39,0.92,0.78,0.06,0.44,0.09,16112,9.677454233169556
0.56,0.69,0.25,0.39,0.92,0.78,0.06,0.44,0.09,16355,9.68048095703125
0.56,0.69,0.25,0.39,0.92,0.78,0.06,0.44,0.09,16048,9.685031652450562
0.57,0.7,0.25,0.39,0.92,0.78,0.06,0.44,0.09,16163,9.689010858535767
0.57,0.7,0.25,0.39,0.92,0.78,0.06,0.44,0.09,16880,9.689010858535767
0.57,0.7,0.25,0.39,0.92,0.78,0.06,0.44,0.09,16475,9.693031311035156
0.56,0.7,0.25,0.39,0.92,0.78,0.06,0.44,0.09,16294,9.69701099395752
0.56,0.69,0.25,0.39,0.92,0.78,0.06,0.44,0.09,16107,9.700974941253662
0.56,0.69,0.25,0.39,0.92,0.78,0.06,0.44,0.09,16164,9.702029705047607
0.57,0.69,0.25,0.39,0.92,0.78,0.06,0.44,0.09,15881,9.705368041992188
0.57,0.7,0.25,0.39,0.92,0.78,0.06,0.44,0.09,16178,9.70969033241272
0.57,0.69,0.25,0.39,0.92,0.78,0.06,0.44,0.09,16001,9.712992191314697
0.57,0.7,0.25,0.39,0.92,0.78,0.06,0.44,0.1,16242,9.714107990264893
0.57,0.69,0.25,0.39,0.92,0.78,0.06,0.44,0.09,16299,9.71755838394165
0.57,0.7,0.25,0.39,0.92,0.78,0.06,0.45,0.09,16494,9.721558570861816
0.57,0.69,0.25,0.39,0.92,0.78,0.06,0.44,0.09,16841,9.725517749786377
0.57,0.69,0.25,0.39,0.92,0.78,0.06,0.44,0.09,16814,9.729454040527344
0.56,0.69,0.26,0.39,0.92,0.78,0.06,0.44,0.09,16025,9.730419397354126
0.56,0.69,0.25,0.39,0.92,0.78,0.06,0.44,0.09,16402,9.734699010848999
0.57,0.69,0.25,0.39,0.92,0.78,0.06,0.44,0.09,16503,9.737850904464722
0.57,0.69,0.25,0.39,0.92,0.78,0.06,0.44,0.09,16108,9.74185824394226
0.57,0.7,0.25,0.39,0.92,0.79,0.06,0.44,0.09,16235,9.74185824394226
0.57,0.7,0.25,0.39,0.92,0.78,0.06,0.44,0.09,16156,9.74613618850708
0.57,0.69,0.25,0.39,0.92,0.78,0.06,0.44,0.09,15955,9.750036239624023
0.57,0.7,0.25,0.39,0.92,0.78,0.06,0.44,0.09,16180,9.754655361175537
0.57,0.69,0.25,0.39,0.92,0.78,0.06,0.44,0.09,16023,9.754655361175537
0.57,0.7,0.25,0.39,0.92,0.78,0.06,0.44,0.09,16084,9.758681774139404
0.57,0.7,0.25,0.38,0.92,0.78,0.06,0.44,0.09,16211,9.763099431991577
0.57,0.69,0.25,0.39,0.92,0.78,0.06,0.44,0.09,16308,9.767099618911743
0.56,0.7,0.25,0.39,0.92,0.78,0.06,0.44,0.09,16147,9.767099618911743
0.57,0.7,0.26,0.39,0.92,0.78,0.06,0.44,0.09,16308,9.770603656768799
0.57,0.7,0.25,0.39,0.92,0.78,0.06,0.44,0.09,16271,9.774881839752197
0.57,0.69,0.25,0.38,0.92,0.78,0.06,0.44,0.09,16182,9.778759717941284
0.57,0.7,0.25,0.39,0.92,0.78,0.06,0.44,0.09,15857,9.780030488967896
0.58,0.7,0.25,0.39,0.92,0.78,0.06,0.45,0.09,16064,9.783427000045776
0.57,0.7,0.25,0.39,0.92,0.78,0.06,0.44,0.09,16675,9.787430763244629
0.57,0.7,0.25,0.39,0.92,0.78,0.06,0.44,0.09,16740,9.791430234909058
0.57,0.7,0.25,0.39,0.92,0.78,0.06,0.44,0.09,16755,9.794418096542358
0.57,0.7,0.25,0.39,0.92,0.78,0.06,0.44,0.09,16358,9.795427322387695
0.57,0.7,0.25,0.39,0.92,0.78,0.06,0.44,0.09,16439,9.799869298934937
0.57,0.7,0.25,0.39,0.92,0.78,0.06,0.45,0.09,16284,9.803157091140747
0.57,0.7,0.25,0.39,0.92,0.78,0.06,0.44,0.09,15867,9.80700945854187
0.58,0.69,0.25,0.39,0.92,0.78,0.06,0.44,0.09,15848,9.80773377418518
0.57,0.7,0.25,0.39,0.92,0.78,0.06,0.45,0.09,16203,9.811767339706421
0.57,0.7,0.25,0.39,0.92,0.78,0.06,0.45,0.09,16564,9.81575322151184
0.57,0.69,0.25,0.39,0.92,0.78,0.06,0.45,0.09,16499,9.819503784179688
0.57,0.69,0.25,0.39,0.92,0.78,0.06,0.44,0.09,16204,9.819503784179688
0.57,0.7,0.25,0.39,0.92,0.78,0.06,0.44,0.1,16103,9.823214769363403
0.57,0.69,0.25,0.39,0.92,0.78,0.06,0.44,0.09,16018,9.828315019607544
0.57,0.7,0.26,0.39,0.92,0.78,0.06,0.44,0.09,15561,9.832417249679565
0.57,0.7,0.25,0.39,0.92,0.78,0.06,0.44,0.09,16490,9.832417249679565
0.58,0.7,0.25,0.39,0.92,0.78,0.06,0.44,0.09,16839,9.8364577293396
0.58,0.7,0.25,0.39,0.92,0.78,0.06,0.44,0.09,16508,9.840057849884033
0.57,0.7,0.25,0.39,0.92,0.78,0.06,0.45,0.09,16301,9.845128297805786
0.58,0.7,0.25,0.39,0.92,0.78,0.06,0.44,0.09,16624,9.845128297805786
0.58,0.7,0.25,0.39,0.92,0.78,0.06,0.44,0.09,16899,9.849128723144531
0.57,0.7,0.25,0.39,0.92,0.78,0.06,0.44,0.09,16746,9.853108167648315
0.57,0.7,0.25,0.39,0.92,0.78,0.06,0.44,0.09,16001,9.857403993606567
0.57,0.7,0.25,0.39,0.92,0.78,0.06,0.44,0.09,16282,9.857403993606567
0.57,0.69,0.25,0.39,0.92,0.78,0.06,0.44,0.09,15997,9.860684156417847
0.57,0.7,0.25,0.38,0.92,0.78,0.06,0.44,0.09,16066,9.864681482315063
0.57,0.7,0.25,0.39,0.92,0.78,0.06,0.44,0.09,16025,9.869445562362671
0.57,0.7,0.25,0.39,0.92,0.78,0.06,0.44,0.09,16058,9.872820854187012
0.57,0.7,0.25,0.39,0.92,0.78,0.06,0.44,0.09,16103,9.873872995376587
0.57,0.7,0.25,0.39,0.92,0.78,0.06,0.44,0.09,16480,9.876911401748657
0.57,0.7,0.25,0.39,0.92,0.79,0.06,0.44,0.09,16485,9.881204605102539
0.57,0.7,0.26,0.39,0.92,0.78,0.06,0.44,0.09,16476,9.885156393051147
0.57,0.7,0.25,0.39,0.92,0.78,0.06,0.44,0.09,16431,9.886210441589355
0.57,0.7,0.25,0.39,0.92,0.78,0.06,0.44,0.1,16366,9.888901472091675
0.57,0.7,0.25,0.39,0.92,0.78,0.06,0.44,0.09,15865,9.894526958465576
0.57,0.7,0.25,0.39,0.92,0.78,0.06,0.44,0.09,16208,9.897162914276123
0.57,0.7,0.26,0.39,0.92,0.79,0.06,0.44,0.1,16279,9.897162914276123
0.57,0.7,0.25,0.39,0.92,0.78,0.06,0.44,0.09,16182,9.902192115783691
0.57,0.7,0.25,0.39,0.92,0.78,0.06,0.44,0.09,16259,9.906192064285278
0.57,0.7,0.25,0.39,0.92,0.78,0.06,0.44,0.09,16340,9.909550666809082
0.57,0.7,0.26,0.39,0.91,0.78,0.06,0.44,0.09,16261,9.910604238510132
0.57,0.7,0.25,0.39,0.92,0.78,0.06,0.44,0.09,16176,9.914693832397461
0.57,0.7,0.25,0.39,0.92,0.79,0.06,0.44,0.09,16267,9.918025255203247
0.57,0.7,0.25,0.39,0.92,0.78,0.06,0.44,0.09,16480,9.923200130462646
0.57,0.7,0.25,0.39,0.92,0.78,0.06,0.44,0.09,16257,9.923200130462646
0.57,0.7,0.25,0.39,0.92,0.79,0.06,0.45,0.09,16792,9.92587399482727
0.57,0.7,0.25,0.38,0.92,0.78,0.06,0.45,0.09,16503,9.930258512496948
0.57,0.7,0.25,0.39,0.92,0.78,0.06,0.45,0.09,16046,9.934447288513184
0.57,0.7,0.25,0.38,0.92,0.78,0.06,0.44,0.09,15877,9.938527822494507
0.57,0.69,0.26,0.39,0.92,0.78,0.06,0.44,0.09,15952,9.939632892608643
0.57,0.69,0.25,0.38,0.92,0.78,0.06,0.44,0.09,16295,9.94272255897522
0.57,0.7,0.26,0.38,0.92,0.78,0.05,0.44,0.09,16496,9.946708679199219
0.57,0.7,0.25,0.39,0.92,0.78,0.06,0.44,0.09,16131,9.949719905853271
0.57,0.7,0.25,0.39,0.92,0.78,0.06,0.45,0.09,15948,9.95069169998169
0.57,0.7,0.25,0.38,0.92,0.78,0.06,0.44,0.09,16137,9.954996824264526
0.57,0.7,0.25,0.38,0.92,0.78,0.06,0.44,0.1,15930,9.95900011062622
0.57,0.7,0.25,0.38,0.92,0.78,0.06,0.45,0.09,15959,9.963087797164917
0.57,0.7,0.25,0.38,0.92,0.78,0.06,0.44,0.09,16354,9.963087797164917
0.57,0.71,0.25,0.38,0.92,0.78,0.06,0.45,0.09,16569,9.966753482818604
0.57,0.7,0.26,0.39,0.92,0.79,0.06,0.44,0.1,16442,9.970810651779175
0.57,0.7,0.25,0.38,0.93,0.78,0.06,0.45,0.09,16363,9.975862503051758
0.57,0.7,0.25,0.39,0.92,0.78,0.06,0.45,0.09,16034,9.975862503051758
0.57,0.7,0.25,0.38,0.92,0.78,0.06,0.44,0.09,16309,9.9798903465271
0.57,0.7,0.25,0.39,0.92,0.78,0.06,0.44,0.09,16390,9.984594583511353
0.57,0.7,0.25,0.38,0.92,0.78,0.06,0.44,0.09,16273,9.9868643283844
0.57,0.69,0.25,0.39,0.92,0.78,0.06,0.44,0.09,16078,9.987890481948853
0.57,0.7,0.25,0.39,0.92,0.78,0.06,0.44,0.09,16023,9.99191689491272
0.57,0.7,0.25,0.39,0.92,0.78,0.06,0.44,0.09,16108,9.995928287506104
0.57,0.7,0.25,0.39,0.92,0.78,0.06,0.44,0.09,15837,9.999931812286377
0.57,0.7,0.25,0.39,0.92,0.78,0.06,0.44,0.09,15998,10.00093150138855
0.57,0.7,0.26,0.39,0.92,0.78,0.06,0.44,0.09,16453,10.003742456436157
0.57,0.69,0.25,0.39,0.92,0.78,0.06,0.44,0.1,16582,10.00795030593872
0.57,0.69,0.25,0.39,0.92,0.78,0.06,0.44,0.09,16543,10.011643648147583
0.57,0.7,0.26,0.39,0.93,0.78,0.06,0.45,0.09,16158,10.016052961349487
0.57,0.7,0.26,0.38,0.92,0.78,0.06,0.45,0.1,16095,10.016052961349487
0.57,0.69,0.25,0.38,0.92,0.77,0.06,0.45,0.09,16456,10.02029824256897
0.57,0.7,0.26,0.38,0.92,0.78,0.06,0.44,0.09,16959,10.024972438812256
0.57,0.7,0.25,0.39,0.92,0.78,0.06,0.45,0.1,16286,10.027981519699097
0.57,0.7,0.26,0.39,0.92,0.78,0.06,0.44,0.09,16103,10.027981519699097
0.57,0.7,0.26,0.39,0.92,0.78,0.06,0.44,0.09,16322,10.032984018325806
0.57,0.7,0.26,0.39,0.92,0.78,0.06,0.44,0.09,16223,10.037333011627197
0.57,0.7,0.26,0.38,0.92,0.78,0.06,0.44,0.09,16242,10.040579319000244
0.57,0.7,0.26,0.39,0.92,0.78,0.06,0.45,0.09,16165,10.041616678237915
0.57,0.7,0.25,0.38,0.92,0.78,0.06,0.45,0.09,16106,10.044963359832764
0.57,0.7,0.26,0.38,0.92,0.78,0.06,0.45,0.09,15975,10.048969268798828
0.57,0.7,0.26,0.38,0.92,0.77,0.06,0.45,0.09,16264,10.05297327041626
0.57,0.7,0.25,0.38,0.92,0.78,0.06,0.45,0.09,16037,10.05297327041626
0.57,0.69,0.26,0.38,0.92,0.78,0.06,0.45,0.1,15870,10.056969165802002
0.57,0.69,0.26,0.39,0.92,0.78,0.06,0.45,0.09,16245,10.060970544815063
0.57,0.69,0.26,0.39,0.92,0.78,0.06,0.45,0.09,16184,10.065252304077148
0.57,0.7,0.25,0.39,0.92,0.78,0.06,0.45,0.09,16365,10.065252304077148
0.57,0.7,0.25,0.39,0.92,0.78,0.06,0.45,0.09,16582,10.069297075271606
0.57,0.69,0.25,0.39,0.92,0.77,0.06,0.45,0.1,16535,10.073293447494507
0.57,0.7,0.26,0.38,0.92,0.78,0.06,0.45,0.1,16308,10.077579975128174
0.57,0.7,0.26,0.39,0.92,0.78,0.06,0.45,0.09,16061,10.081571102142334
0.57,0.7,0.26,0.39,0.92,0.78,0.06,0.45,0.09,16100,10.081661462783813
0.57,0.69,0.25,0.39,0.92,0.77,0.05,0.45,0.1,16265,10.085664987564087
0.57,0.7,0.25,0.39,0.92,0.77,0.06,0.45,0.09,16090,10.089731454849243
0.56,0.7,0.26,0.38,0.92,0.78,0.05,0.45,0.09,15793,10.094027996063232
0.56,0.69,0.25,0.39,0.92,0.78,0.06,0.45,0.09,15878,10.094951868057251
0.57,0.69,0.26,0.39,0.92,0.78,0.06,0.45,0.1,15991,10.09841251373291
0.57,0.7,0.25,0.39,0.92,0.78,0.06,0.45,0.09,16080,10.103404760360718
0.57,0.69,0.25,0.39,0.92,0.78,0.06,0.45,0.09,15915,10.106444597244263
0.57,0.69,0.26,0.39,0.92,0.78,0.06,0.45,0.09,15932,10.107412576675415
0.57,0.69,0.25,0.38,0.92,0.78,0.06,0.45,0.1,16415,10.111329078674316
0.57,0.69,0.25,0.38,0.92,0.78,0.06,0.45,0.09,16752,10.114330768585205
0.57,0.69,0.25,0.39,0.92,0.78,0.06,0.45,0.09,16933,10.118596315383911
0.57,0.69,0.25,0.38,0.91,0.78,0.05,0.45,0.09,16466,10.11947774887085
0.57,0.69,0.25,0.38,0.92,0.78,0.06,0.45,0.09,16211,10.122601747512817
0.57,0.69,0.25,0.39,0.92,0.77,0.06,0.45,0.09,16314,10.126753330230713
0.57,0.69,0.25,0.38,0.92,0.78,0.06,0.45,0.09,16169,10.130755424499512
0.57,0.69,0.26,0.39,0.92,0.78,0.06,0.45,0.1,16068,10.131753206253052
0.57,0.69,0.26,0.38,0.92,0.77,0.06,0.45,0.1,16171,10.134684801101685
0.57,0.69,0.25,0.38,0.92,0.77,0.06,0.45,0.09,16128,10.138790369033813
0.57,0.69,0.25,0.38,0.92,0.78,0.06,0.45,0.09,16101,10.143169403076172
0.57,0.69,0.25,0.39,0.92,0.78,0.06,0.45,0.09,16192,10.144197463989258
0.57,0.69,0.25,0.39,0.92,0.78,0.06,0.45,0.1,16509,10.147228002548218
0.57,0.69,0.25,0.38,0.92,0.78,0.06,0.45,0.09,16288,10.15122938156128
0.57,0.69,0.25,0.37,0.92,0.77,0.06,0.45,0.09,15895,10.155228853225708
0.57,0.69,0.25,0.38,0.92,0.78,0.05,0.45,0.09,15914,10.159228324890137
0.57,0.69,0.25,0.38,0.91,0.78,0.06,0.45,0.1,16279,10.160228967666626
0.57,0.69,0.25,0.38,0.92,0.78,0.06,0.45,0.1,16174,10.163573980331421
0.57,0.69,0.26,0.38,0.92,0.77,0.06,0.45,0.1,16411,10.167591094970703
0.57,0.69,0.25,0.37,0.92,0.77,0.06,0.45,0.1,16656,10.171035051345825
0.57,0.69,0.26,0.38,0.92,0.77,0.05,0.45,0.1,16165,10.172036170959473
0.57,0.69,0.26,0.38,0.92,0.78,0.06,0.45,0.09,15936,10.176048994064331
0.56,0.69,0.25,0.37,0.92,0.78,0.06,0.45,0.09,16223,10.179285764694214
0.56,0.69,0.25,0.38,0.92,0.78,0.06,0.45,0.09,16320,10.184322834014893
0.57,0.69,0.26,0.38,0.92,0.78,0.06,0.45,0.1,16285,10.184322834014893
0.57,0.7,0.26,0.38,0.92,0.78,0.06,0.45,0.1,15874,10.188321590423584
0.57,0.7,0.26,0.38,0.92,0.78,0.06,0.45,0.1,16049,10.192319393157959
0.57,0.7,0.26,0.38,0.92,0.78,0.06,0.46,0.1,16364,10.196229219436646
0.57,0.7,0.26,0.38,0.92,0.78,0.06,0.45,0.1,16209,10.196229219436646
0.56,0.7,0.26,0.38,0.92,0.78,0.06,0.45,0.1,15944,10.200406551361084
0.56,0.7,0.25,0.37,0.92,0.78,0.06,0.45,0.1,16153,10.205451965332031
0.56,0.7,0.26,0.38,0.92,0.78,0.05,0.45,0.09,15886,10.208435297012329
0.56,0.69,0.26,0.37,0.92,0.78,0.06,0.45,0.09,16215,10.208435297012329
0.56,0.7,0.26,0.37,0.92,0.78,0.06,0.45,0.1,15720,10.212004899978638
0.56,0.69,0.26,0.38,0.92,0.78,0.06,0.45,0.09,15531,10.217013120651245
0.56,0.7,0.26,0.38,0.92,0.78,0.05,0.45,0.09,16242,10.220811128616333
0.56,0.69,0.26,0.38,0.92,0.77,0.05,0.45,0.09,16103,10.224844217300415
0.55,0.7,0.26,0.37,0.92,0.78,0.06,0.45,0.1,15856,10.225358486175537
0.57,0.7,0.26,0.38,0.92,0.77,0.06,0.45,0.1,16223,10.22896432876587
0.56,0.7,0.26,0.37,0.92,0.77,0.06,0.45,0.09,16230,10.233028173446655
0.56,0.7,0.26,0.38,0.92,0.77,0.06,0.45,0.1,16131,10.237024784088135
0.56,0.7,0.26,0.38,0.92,0.77,0.06,0.45,0.1,15620,10.237024784088135
0.56,0.69,0.26,0.38,0.92,0.77,0.06,0.45,0.1,16167,10.242000579833984
0.55,0.69,0.26,0.38,0.92,0.78,0.06,0.45,0.1,15966,10.24647307395935
0.55,0.69,0.25,0.38,0.92,0.77,0.06,0.45,0.1,15901,10.249401330947876
0.55,0.69,0.26,0.38,0.92,0.77,0.06,0.45,0.1,15696,10.250477075576782
0.55,0.68,0.26,0.37,0.92,0.77,0.06,0.45,0.1,15475,10.254789352416992
0.54,0.69,0.26,0.38,0.92,0.77,0.05,0.45,0.1,16174,10.257853269577026
0.55,0.69,0.26,0.37,0.93,0.78,0.05,0.45,0.1,16721,10.261983633041382
0.55,0.69,0.26,0.38,0.92,0.78,0.06,0.45,0.09,16392,10.263036966323853
0.55,0.68,0.25,0.37,0.92,0.78,0.06,0.45,0.09,16451,10.266034603118896
0.54,0.69,0.25,0.37,0.92,0.77,0.06,0.45,0.1,16294,10.271034955978394
0.55,0.69,0.25,0.38,0.92,0.77,0.06,0.45,0.1,16165,10.275054693222046
0.55,0.69,0.25,0.37,0.92,0.77,0.06,0.45,0.1,16168,10.275054693222046
0.55,0.69,0.25,0.37,0.92,0.78,0.05,0.45,0.1,16069,10.278148651123047
0.55,0.69,0.25,0.38,0.92,0.77,0.06,0.45,0.09,16116,10.282342195510864
0.55,0.69,0.25,0.37,0.92,0.77,0.05,0.45,0.1,15829,10.287339448928833
0.55,0.69,0.25,0.37,0.92,0.77,0.06,0.45,0.09,15732,10.29033613204956
0.55,0.7,0.25,0.38,0.92,0.77,0.05,0.46,0.09,16105,10.29033613204956
0.55,0.69,0.25,0.37,0.92,0.78,0.05,0.45,0.1,16318,10.294336557388306
0.54,0.69,0.25,0.38,0.92,0.78,0.06,0.45,0.09,16051,10.298413515090942
0.55,0.69,0.25,0.38,0.92,0.78,0.06,0.45,0.09,16084,10.30247449874878
0.54,0.69,0.25,0.38,0.91,0.78,0.06,0.45,0.09,16595,10.3034508228302
0.55,0.69,0.25,0.38,0.92,0.78,0.06,0.45,0.09,16182,10.307455778121948
0.55,0.68,0.25,0.38,0.92,0.78,0.06,0.46,0.09,15977,10.310919523239136
0.55,0.68,0.24,0.38,0.92,0.78,0.06,0.45,0.09,16654,10.31494426727295
0.55,0.68,0.25,0.38,0.92,0.78,0.06,0.45,0.09,16777,10.31494426727295
0.55,0.68,0.25,0.39,0.92,0.78,0.06,0.45,0.09,16146,10.318934202194214
0.55,0.68,0.24,0.38,0.93,0.78,0.06,0.45,0.09,16083,10.323116064071655
0.53,0.69,0.24,0.37,0.93,0.78,0.05,0.45,0.09,16172,10.327167749404907
0.54,0.69,0.24,0.37,0.93,0.78,0.05,0.45,0.09,15747,10.32817006111145
0.53,0.69,0.24,0.36,0.92,0.78,0.04,0.45,0.09,15550,10.331265687942505
0.54,0.69,0.24,0.37,0.92,0.78,0.06,0.45,0.09,16267,10.336265087127686
0.53,0.7,0.25,0.37,0.93,0.78,0.05,0.45,0.09,17120,10.339593887329102
0.54,0.69,0.25,0.37,0.93,0.78,0.05,0.45,0.09,16683,10.340302228927612
0.54,0.69,0.25,0.37,0.93,0.78,0.05,0.45,0.09,16428,10.344411134719849
0.54,0.69,0.25,0.37,0.92,0.78,0.05,0.45,0.09,16547,10.347781896591187
0.51,0.69,0.24,0.35,0.92,0.78,0.05,0.45,0.09,16604,10.351554870605469
0.52,0.69,0.24,0.36,0.92,0.78,0.05,0.45,0.09,16187,10.35588002204895
0.52,0.68,0.24,0.36,0.93,0.79,0.06,0.45,0.09,16244,10.35588002204895
0.53,0.68,0.24,0.36,0.93,0.79,0.06,0.45,0.09,16077,10.359939575195312
0.53,0.69,0.25,0.36,0.93,0.79,0.05,0.45,0.09,15994,10.364923477172852
0.53,0.68,0.24,0.36,0.93,0.79,0.06,0.45,0.09,16253,10.368184328079224
0.53,0.68,0.24,0.36,0.93,0.79,0.05,0.45,0.09,16586,10.368922472000122
0.53,0.68,0.25,0.36,0.92,0.79,0.05,0.45,0.09,16401,10.372922897338867
0.54,0.68,0.25,0.36,0.93,0.79,0.05,0.45,0.09,16550,10.377256393432617
0.54,0.68,0.25,0.36,0.93,0.79,0.05,0.45,0.09,16231,10.38075041770935
0.54,0.68,0.25,0.36,0.93,0.79,0.06,0.45,0.09,16476,10.381803035736084
0.54,0.68,0.25,0.37,0.93,0.79,0.05,0.45,0.09,16665,10.38572072982788
0.54,0.69,0.25,0.37,0.93,0.79,0.05,0.45,0.09,16220,10.389692068099976
0.54,0.68,0.25,0.37,0.93,0.79,0.05,0.44,0.09,16005,10.392992734909058
0.54,0.68,0.25,0.37,0.93,0.79,0.06,0.45,0.09,15638,10.393720865249634
0.54,0.68,0.25,0.37,0.93,0.79,0.06,0.45,0.09,15607,10.39672064781189
0.54,0.69,0.25,0.38,0.93,0.79,0.06,0.45,0.09,15954,10.401897430419922
0.54,0.68,0.24,0.38,0.93,0.79,0.06,0.45,0.09,16305,10.405409336090088
0.54,0.68,0.25,0.37,0.93,0.79,0.05,0.45,0.09,16222,10.406469583511353
0.54,0.68,0.25,0.37,0.93,0.79,0.05,0.45,0.09,16123,10.409873962402344
0.54,0.68,0.25,0.37,0.93,0.79,0.05,0.45,0.09,16472,10.413569450378418
0.54,0.68,0.25,0.37,0.93,0.79,0.05,0.45,0.09,16507,10.417590141296387
0.54,0.68,0.25,0.37,0.93,0.79,0.05,0.45,0.09,16758,10.418343782424927
0.54,0.68,0.25,0.37,0.93,0.79,0.05,0.45,0.09,16637,10.421233177185059
0.54,0.68,0.25,0.38,0.93,0.79,0.05,0.45,0.09,16442,10.426329135894775
0.54,0.68,0.25,0.37,0.93,0.79,0.05,0.45,0.09,16481,10.429330587387085
0.54,0.68,0.25,0.38,0.93,0.79,0.05,0.45,0.09,16572,10.433459758758545
0.53,0.68,0.24,0.37,0.94,0.79,0.05,0.45,0.09,16473,10.434472799301147
0.54,0.68,0.25,0.37,0.93,0.79,0.05,0.45,0.09,16162,10.43804383277893
0.54,0.68,0.25,0.37,0.93,0.79,0.05,0.45,0.09,16009,10.443095684051514
0.54,0.68,0.24,0.37,0.94,0.79,0.06,0.45,0.09,15876,10.446284055709839
0.54,0.68,0.25,0.37,0.94,0.79,0.06,0.45,0.09,16025,10.447119951248169
0.54,0.68,0.24,0.37,0.93,0.79,0.05,0.45,0.09,16468,10.450361251831055
0.54,0.68,0.25,0.37,0.94,0.79,0.05,0.45,0.09,16595,10.455592632293701
0.54,0.68,0.25,0.37,0.94,0.79,0.05,0.45,0.09,16392,10.458698749542236
0.54,0.68,0.25,0.37,0.93,0.79,0.05,0.45,0.09,15941,10.45964002609253
0.54,0.68,0.24,0.37,0.93,0.79,0.05,0.45,0.09,16222,10.462640047073364
0.54,0.68,0.25,0.37,0.93,0.79,0.05,0.45,0.09,15949,10.466861963272095
0.54,0.68,0.25,0.37,0.93,0.79,0.06,0.45,0.09,16146,10.471163034439087
0.54,0.68,0.24,0.37,0.94,0.79,0.05,0.45,0.09,16163,10.471163034439087
0.54,0.69,0.25,0.37,0.93,0.79,0.06,0.45,0.09,16062,10.474928140640259
0.54,0.69,0.25,0.37,0.93,0.79,0.05,0.44,0.1,16147,10.479245901107788
0.54,0.68,0.25,0.37,0.93,0.79,0.05,0.44,0.09,15924,10.48303747177124
0.54,0.69,0.25,0.37,0.94,0.79,0.05,0.44,0.09,16227,10.48377251625061
0.54,0.69,0.25,0.37,0.93,0.79,0.05,0.44,0.09,16578,10.487772941589355
0.54,0.69,0.24,0.37,0.93,0.79,0.06,0.44,0.09,16251,10.491772890090942
0.53,0.69,0.25,0.37,0.93,0.79,0.05,0.45,0.09,16286,10.496098518371582
0.54,0.68,0.25,0.37,0.93,0.79,0.05,0.44,0.09,16439,10.496098518371582
0.54,0.68,0.25,0.37,0.93,0.79,0.05,0.44,0.09,16326,10.49982476234436
0.54,0.68,0.24,0.37,0.93,0.79,0.05,0.44,0.09,16305,10.50362491607666
0.54,0.69,0.25,0.37,0.94,0.79,0.05,0.44,0.09,16228,10.507884740829468
0.54,0.68,0.25,0.38,0.94,0.79,0.05,0.44,0.09,16069,10.512145519256592
0.54,0.68,0.25,0.37,0.94,0.79,0.05,0.44,0.09,16222,10.513125658035278
0.54,0.68,0.25,0.37,0.94,0.79,0.05,0.45,0.09,16373,10.516126871109009
0.54,0.68,0.25,0.37,0.94,0.79,0.05,0.44,0.09,16206,10.520566463470459
0.54,0.68,0.24,0.37,0.93,0.79,0.05,0.44,0.09,16635,10.524120569229126
0.54,0.69,0.25,0.37,0.94,0.79,0.05,0.44,0.09,16252,10.524915933609009
0.53,0.69,0.25,0.37,0.94,0.79,0.06,0.44,0.09,16329,10.52804160118103
0.54,0.69,0.25,0.37,0.94,0.79,0.05,0.44,0.09,16506,10.531904220581055
0.54,0.68,0.25,0.37,0.94,0.79,0.05,0.44,0.1,16859,10.536267042160034
0.54,0.69,0.25,0.37,0.94,0.79,0.05,0.44,0.09,16692,10.536972045898438
0.54,0.68,0.25,0.37,0.94,0.79,0.05,0.44,0.09,16763,10.541281938552856
0.54,0.68,0.25,0.37,0.93,0.79,0.05,0.44,0.09,16470,10.544783592224121
0.54,0.69,0.25,0.37,0.94,0.79,0.06,0.44,0.09,16213,10.54815149307251
0.54,0.69,0.25,0.37,0.94,0.79,0.05,0.44,0.09,16378,10.549214601516724
0.54,0.69,0.25,0.38,0.94,0.79,0.05,0.44,0.09,15919,10.553759098052979
0.54,0.69,0.25,0.37,0.94,0.79,0.05,0.44,0.09,15902,10.557759284973145
0.54,0.69,0.25,0.37,0.94,0.79,0.05,0.44,0.09,16121,10.5607590675354
0.54,0.69,0.24,0.37,0.94,0.79,0.05,0.44,0.09,16276,10.5607590675354
0.55,0.69,0.25,0.37,0.94,0.79,0.05,0.44,0.09,16139,10.565759181976318
0.54,0.69,0.25,0.37,0.94,0.79,0.05,0.44,0.09,15954,10.569229364395142
0.54,0.68,0.25,0.37,0.93,0.79,0.05,0.44,0.09,15935,10.5733642578125
0.54,0.68,0.25,0.37,0.94,0.79,0.05,0.44,0.09,16168,10.574439287185669
0.54,0.68,0.25,0.37,0.94,0.79,0.05,0.43,0.09,16321,10.577966928482056
0.55,0.68,0.25,0.37,0.94,0.79,0.06,0.44,0.09,16506,10.581240177154541
0.54,0.68,0.26,0.38,0.94,0.79,0.06,0.44,0.09,16407,10.585721015930176
0.55,0.68,0.25,0.38,0.94,0.79,0.06,0.44,0.09,16472,10.586636304855347
0.55,0.68,0.25,0.38,0.93,0.79,0.05,0.44,0.09,16281,10.590691328048706
0.54,0.68,0.25,0.38,0.94,0.79,0.05,0.44,0.09,16134,10.594217300415039
0.54,0.68,0.25,0.38,0.94,0.79,0.05,0.44,0.09,15795,10.598217487335205
0.54,0.68,0.25,0.37,0.94,0.79,0.05,0.44,0.09,16218,10.602543830871582
0.54,0.67,0.25,0.38,0.94,0.79,0.05,0.44,0.09,16473,10.602543830871582
0.54,0.68,0.25,0.37,0.94,0.79,0.05,0.44,0.09,16824,10.605847120285034
0.54,0.68,0.25,0.38,0.93,0.79,0.06,0.44,0.09,15971,10.610526084899902
0.54,0.68,0.25,0.37,0.94,0.79,0.06,0.44,0.09,16234,10.61368203163147
0.54,0.68,0.25,0.38,0.94,0.79,0.06,0.44,0.09,16551,10.614687442779541
0.54,0.68,0.25,0.38,0.94,0.79,0.05,0.44,0.09,15952,10.61873197555542
0.54,0.68,0.25,0.38,0.94,0.79,0.06,0.44,0.09,15811,10.622741222381592
0.54,0.68,0.25,0.38,0.93,0.79,0.06,0.44,0.09,16120,10.62663197517395
0.54,0.68,0.25,0.38,0.94,0.79,0.06,0.44,0.09,16151,10.627609729766846
0.54,0.68,0.25,0.38,0.93,0.79,0.06,0.44,0.09,16368,10.630608081817627
0.54,0.68,0.25,0.38,0.94,0.79,0.06,0.44,0.09,16195,10.635720491409302
0.55,0.68,0.25,0.38,0.94,0.79,0.06,0.44,0.09,15824,10.638947010040283
0.54,0.68,0.25,0.38,0.94,0.79,0.05,0.44,0.1,16327,10.640111207962036
0.54,0.68,0.25,0.38,0.93,0.79,0.06,0.44,0.09,16268,10.643197774887085
0.54,0.68,0.25,0.38,0.93,0.79,0.05,0.44,0.1,16173,10.647160291671753
0.54,0.68,0.25,0.38,0.94,0.79,0.06,0.44,0.09,16256,10.651220560073853
0.54,0.68,0.25,0.38,0.94,0.79,0.05,0.44,0.09,16561,10.651220560073853
0.54,0.68,0.25,0.38,0.94,0.79,0.06,0.44,0.09,16500,10.655735969543457
0.54,0.69,0.25,0.38,0.93,0.79,0.06,0.44,0.09,16189,10.658860206604004
0.54,0.69,0.25,0.38,0.93,0.79,0.06,0.44,0.09,16238,10.662863492965698
0.54,0.68,0.25,0.38,0.93,0.79,0.06,0.44,0.09,16267,10.663864374160767
0.54,0.68,0.25,0.38,0.94,0.79,0.05,0.44,0.09,16182,10.666857242584229
0.54,0.68,0.25,0.38,0.94,0.79,0.05,0.44,0.09,16011,10.670857191085815
0.54,0.68,0.25,0.37,0.94,0.79,0.05,0.44,0.09,15954,10.675477981567383
0.55,0.68,0.25,0.38,0.94,0.79,0.05,0.43,0.09,16275,10.67949366569519
0.54,0.68,0.25,0.37,0.94,0.79,0.06,0.44,0.09,16648,10.680498123168945
0.55,0.68,0.25,0.38,0.94,0.79,0.06,0.44,0.09,16527,10.683495283126831
0.55,0.69,0.25,0.38,0.94,0.79,0.05,0.44,0.09,16498,10.687493562698364
0.55,0.68,0.25,0.38,0.93,0.79,0.06,0.44,0.09,16077,10.691590547561646
0.54,0.68,0.25,0.38,0.93,0.79,0.06,0.44,0.09,15854,10.691590547561646
0.54,0.68,0.25,0.37,0.93,0.79,0.06,0.44,0.09,16193,10.69559121131897
0.55,0.68,0.25,0.38,0.93,0.79,0.05,0.44,0.09,16260,10.699588537216187
0.55,0.68,0.25,0.37,0.94,0.79,0.06,0.44,0.09,16339,10.703592300415039
0.55,0.69,0.25,0.38,0.93,0.79,0.06,0.44,0.09,16162,10.70458984375
0.55,0.68,0.25,0.37,0.93,0.79,0.06,0.44,0.09,16117,10.70826268196106
0.55,0.68,0.25,0.38,0.93,0.79,0.06,0.44,0.09,16354,10.712383270263672
0.55,0.68,0.25,0.38,0.93,0.79,0.06,0.44,0.09,16671,10.716912984848022
0.55,0.68,0.25,0.37,0.93,0.79,0.06,0.44,0.09,16732,10.716912984848022
0.55,0.69,0.25,0.37,0.93,0.79,0.06,0.44,0.09,16159,10.719911336898804
0.54,0.68,0.25,0.37,0.93,0.79,0.06,0.44,0.09,16032,10.724912881851196
0.54,0.68,0.25,0.36,0.93,0.79,0.06,0.44,0.09,16341,10.728419065475464
0.55,0.68,0.25,0.37,0.93,0.79,0.06,0.44,0.09,16402,10.729424476623535
0.55,0.69,0.25,0.37,0.94,0.79,0.05,0.44,0.09,16499,10.733429670333862
0.54,0.68,0.25,0.38,0.94,0.79,0.06,0.44,0.09,16160,10.736532926559448
0.55,0.68,0.25,0.38,0.93,0.79,0.06,0.44,0.09,16263,10.741521835327148
0.55,0.68,0.25,0.37,0.93,0.79,0.06,0.44,0.09,16692,10.741521835327148
0.54,0.68,0.25,0.38,0.93,0.79,0.05,0.44,0.09,16367,10.744522094726562
0.55,0.68,0.25,0.38,0.93,0.79,0.06,0.44,0.09,16344,10.749598503112793
0.54,0.68,0.25,0.38,0.93,0.79,0.05,0.44,0.09,16227,10.753599166870117
0.55,0.68,0.25,0.37,0.93,0.79,0.05,0.43,0.09,16076,10.75724458694458
0.54,0.68,0.25,0.38,0.93,0.79,0.06,0.44,0.09,16665,10.75724458694458
0.55,0.69,0.25,0.38,0.93,0.79,0.06,0.44,0.09,16614,10.761256694793701
0.55,0.68,0.25,0.38,0.93,0.79,0.06,0.44,0.09,16289,10.765258073806763
0.55,0.69,0.25,0.38,0.93,0.79,0.06,0.44,0.09,16446,10.769254446029663
0.55,0.69,0.25,0.37,0.93,0.79,0.06,0.44,0.09,16201,10.770256519317627
0.55,0.69,0.25,0.38,0.93,0.79,0.06,0.44,0.09,16156,10.773337364196777
0.55,0.69,0.25,0.38,0.93,0.78,0.06,0.44,0.09,16425,10.77741289138794
0.55,0.69,0.25,0.37,0.93,0.79,0.06,0.44,0.09,16468,10.78141736984253
0.55,0.68,0.25,0.37,0.94,0.79,0.06,0.44,0.09,16613,10.782418966293335
0.55,0.68,0.25,0.37,0.94,0.79,0.06,0.44,0.09,16310,10.785911083221436
0.55,0.68,0.25,0.38,0.94,0.79,0.06,0.44,0.09,15983,10.789921760559082
0.55,0.68,0.25,0.38,0.94,0.79,0.06,0.44,0.09,16098,10.793918371200562
0.55,0.68,0.25,0.38,0.93,0.79,0.06,0.44,0.09,16077,10.794916868209839
0.55,0.68,0.25,0.38,0.93,0.79,0.06,0.44,0.09,15942,10.797919273376465
0.55,0.68,0.25,0.38,0.94,0.79,0.06,0.43,0.09,16003,10.801913738250732
0.55,0.68,0.25,0.38,0.94,0.79,0.05,0.44,0.09,16162,10.806975603103638
0.55,0.68,0.25,0.38,0.93,0.79,0.05,0.44,0.09,16445,10.806975603103638
0.55,0.69,0.24,0.37,0.93,0.78,0.06,0.44,0.09,16302,10.81004786491394
0.54,0.68,0.25,0.37,0.93,0.79,0.06,0.44,0.09,16485,10.814059972763062
0.55,0.68,0.25,0.38,0.93,0.79,0.06,0.44,0.09,16106,10.81906008720398
0.55,0.68,0.25,0.38,0.93,0.79,0.05,0.44,0.09,16229,10.82205867767334
0.55,0.68,0.26,0.38,0.93,0.79,0.05,0.44,0.09,16508,10.823060989379883
0.56,0.68,0.25,0.38,0.93,0.79,0.06,0.44,0.09,16769,10.827666282653809
0.55,0.68,0.25,0.38,0.93,0.79,0.05,0.44,0.09,16410,10.830666780471802
0.55,0.68,0.25,0.38,0.93,0.78,0.05,0.44,0.09,16109,10.834657192230225
0.55,0.68,0.25,0.37,0.93,0.79,0.06,0.44,0.09,16314,10.835668087005615
0.56,0.68,0.25,0.38,0.94,0.79,0.05,0.44,0.09,16529,10.838659048080444
0.55,0.68,0.25,0.37,0.94,0.79,0.05,0.44,0.09,16490,10.84367036819458
0.55,0.68,0.25,0.38,0.94,0.78,0.06,0.44,0.09,16109,10.847732067108154
0.55,0.68,0.25,0.38,0.94,0.79,0.05,0.44,0.09,16150,10.847732067108154
0.55,0.68,0.25,0.38,0.94,0.79,0.05,0.44,0.09,15885,10.851733207702637
0.55,0.68,0.25,0.38,0.94,0.79,0.06,0.44,0.09,15722,10.85583233833313
0.55,0.68,0.25,0.38,0.93,0.79,0.06,0.44,0.09,15927,10.859830141067505
0.55,0.68,0.25,0.37,0.93,0.79,0.06,0.44,0.09,16496,10.859830141067505
0.55,0.68,0.25,0.38,0.94,0.79,0.06,0.44,0.09,16433,10.863831758499146
0.55,0.68,0.25,0.38,0.93,0.79,0.06,0.44,0.09,16536,10.867834091186523
0.55,0.68,0.25,0.38,0.94,0.79,0.05,0.43,0.09,16455,10.871943950653076
0.55,0.68,0.25,0.37,0.94,0.79,0.06,0.43,0.09,15746,10.871943950653076
0.55,0.68,0.25,0.38,0.94,0.79,0.06,0.43,0.09,15669,10.875931024551392
0.55,0.68,0.25,0.38,0.94,0.79,0.06,0.43,0.09,15890,10.880036354064941
0.55,0.68,0.25,0.38,0.93,0.79,0.06,0.44,0.09,15941,10.884089231491089
0.55,0.68,0.25,0.38,0.93,0.79,0.06,0.43,0.09,16152,10.885132789611816
0.55,0.68,0.25,0.38,0.93,0.78,0.05,0.44,0.09,16375,10.888132333755493
0.55,0.68,0.25,0.38,0.93,0.79,0.06,0.43,0.09,16530,10.892132043838501
0.54,0.68,0.25,0.38,0.94,0.79,0.05,0.44,0.09,16165,10.896675109863281
0.55,0.68,0.25,0.38,0.93,0.79,0.06,0.44,0.09,16236,10.900608777999878
0.55,0.68,0.25,0.38,0.93,0.79,0.06,0.44,0.09,16309,10.90123200416565
0.55,0.68,0.25,0.38,0.93,0.79,0.06,0.44,0.09,15858,10.905245065689087
0.55,0.69,0.25,0.38,0.93,0.79,0.06,0.44,0.09,15951,10.90929126739502
0.56,0.68,0.25,0.38,0.93,0.79,0.06,0.44,0.09,16430,10.913167715072632
0.55,0.68,0.25,0.38,0.93,0.79,0.06,0.44,0.09,16323,10.913167715072632
0.55,0.68,0.25,0.38,0.93,0.79,0.05,0.44,0.09,16076,10.9172043800354
0.55,0.68,0.25,0.38,0.93,0.79,0.06,0.44,0.09,16003,10.921580791473389
0.55,0.69,0.25,0.38,0.93,0.79,0.06,0.44,0.09,15792,10.924930095672607
0.55,0.68,0.25,0.38,0.94,0.79,0.06,0.44,0.09,15791,10.924930095672607
0.55,0.68,0.25,0.38,0.93,0.79,0.06,0.44,0.09,16174,10.930461883544922
0.55,0.68,0.26,0.38,0.93,0.79,0.06,0.43,0.09,16259,10.934857368469238
0.55,0.68,0.25,0.38,0.93,0.79,0.06,0.44,0.09,16366,10.938276052474976
0.56,0.69,0.25,0.38,0.93,0.79,0.06,0.44,0.09,16153,10.938276052474976
0.56,0.69,0.25,0.39,0.93,0.78,0.06,0.44,0.09,16340,10.941309452056885
0.55,0.69,0.26,0.38,0.93,0.79,0.06,0.44,0.1,16343,10.945302248001099
0.55,0.69,0.25,0.38,0.93,0.78,0.06,0.44,0.09,16278,10.950276374816895
0.55,0.69,0.25,0.38,0.94,0.79,0.06,0.44,0.09,16157,10.950276374816895
0.55,0.68,0.25,0.38,0.93,0.79,0.06,0.44,0.09,16080,10.95342755317688
0.55,0.69,0.26,0.38,0.93,0.79,0.06,0.44,0.09,16279,10.958418607711792
0.55,0.69,0.26,0.38,0.93,0.79,0.06,0.44,0.09,16578,10.962419986724854
0.56,0.68,0.25,0.38,0.93,0.79,0.06,0.44,0.09,16607,10.965489149093628
0.55,0.68,0.25,0.38,0.93,0.79,0.06,0.44,0.09,16490,10.966519832611084
0.55,0.7,0.25,0.38,0.93,0.79,0.06,0.44,0.09,16051,10.970608234405518
0.55,0.69,0.25,0.38,0.93,0.79,0.06,0.44,0.09,16256,10.97498369216919
0.55,0.7,0.26,0.38,0.93,0.79,0.06,0.44,0.09,16361,10.978655338287354
0.55,0.69,0.25,0.38,0.93,0.79,0.05,0.43,0.09,16222,10.978655338287354
0.55,0.7,0.25,0.38,0.93,0.79,0.06,0.44,0.09,16411,10.982734203338623
0.55,0.69,0.25,0.38,0.93,0.79,0.05,0.44,0.09,16170,10.98673129081726
0.55,0.69,0.25,0.38,0.93,0.78,0.05,0.44,0.09,16181,10.990825414657593
0.55,0.69,0.26,0.38,0.93,0.79,0.06,0.44,0.09,16360,10.990825414657593
0.55,0.69,0.25,0.38,0.93,0.79,0.06,0.44,0.09,16453,10.994826793670654
0.55,0.69,0.26,0.38,0.93,0.79,0.05,0.44,0.1,16340,10.998821020126343
0.55,0.69,0.25,0.38,0.93,0.79,0.06,0.44,0.09,16237,11.002822399139404
0.55,0.69,0.26,0.38,0.93,0.79,0.05,0.44,0.09,15816,11.002822399139404
0.55,0.69,0.26,0.38,0.93,0.79,0.05,0.43,0.09,15905,11.00681209564209
0.55,0.69,0.26,0.38,0.93,0.79,0.05,0.43,0.09,16198,11.010887622833252
0.55,0.68,0.26,0.38,0.94,0.79,0.05,0.43,0.09,15971,11.015012264251709
0.55,0.68,0.26,0.38,0.94,0.79,0.05,0.44,0.09,16464,11.016013860702515
0.55,0.69,0.26,0.38,0.93,0.78,0.06,0.44,0.09,16873,11.019010543823242
0.55,0.69,0.25,0.38,0.93,0.78,0.05,0.43,0.09,16550,11.02307915687561
0.55,0.69,0.26,0.38,0.93,0.77,0.06,0.43,0.09,16033,11.027730703353882
0.55,0.69,0.26,0.38,0.93,0.77,0.06,0.44,0.1,15974,11.03172779083252
0.56,0.69,0.26,0.38,0.93,0.78,0.05,0.43,0.09,16265,11.03172779083252
0.56,0.69,0.25,0.38,0.94,0.78,0.06,0.44,0.09,16510,11.035711288452148
0.55,0.69,0.26,0.38,0.93,0.77,0.05,0.44,0.09,16649,11.039883136749268
0.56,0.69,0.26,0.38,0.93,0.77,0.05,0.43,0.09,16644,11.043996810913086
0.55,0.69,0.26,0.38,0.93,0.78,0.06,0.44,0.09,16825,11.044527769088745
0.55,0.69,0.26,0.38,0.93,0.78,0.06,0.43,0.09,16190,11.048553943634033
0.55,0.69,0.26,0.38,0.93,0.78,0.05,0.44,0.09,15765,11.052558898925781
0.56,0.69,0.26,0.38,0.94,0.78,0.06,0.44,0.09,16006,11.05655837059021
0.56,0.69,0.26,0.38,0.94,0.78,0.05,0.44,0.09,16363,11.057558536529541
0.55,0.69,0.26,0.39,0.94,0.78,0.06,0.44,0.09,16600,11.060568809509277
0.55,0.69,0.26,0.38,0.94,0.78,0.05,0.44,0.09,16449,11.064811706542969
0.55,0.69,0.26,0.38,0.94,0.78,0.06,0.43,0.09,16290,11.068775177001953
0.55,0.69,0.26,0.38,0.94,0.78,0.05,0.43,0.09,16585,11.06984281539917
0.56,0.69,0.25,0.38,0.93,0.78,0.05,0.44,0.09,16612,11.073168277740479
0.55,0.69,0.26,0.38,0.93,0.78,0.06,0.43,0.1,16693,11.077077150344849
0.56,0.69,0.26,0.38,0.93,0.78,0.06,0.44,0.09,16424,11.081452369689941
0.55,0.69,0.26,0.38,0.93,0.78,0.05,0.44,0.1,16231,11.081452369689941
0.55,0.69,0.26,0.38,0.93,0.78,0.05,0.44,0.09,16332,11.085481405258179
0.55,0.69,0.26,0.38,0.94,0.78,0.05,0.43,0.09,16167,11.089933156967163
0.56,0.69,0.26,0.38,0.94,0.79,0.05,0.44,0.1,16170,11.093262434005737
0.55,0.68,0.25,0.38,0.93,0.78,0.05,0.43,0.1,15957,11.094298839569092
0.56,0.69,0.26,0.38,0.94,0.78,0.06,0.44,0.1,16290,11.097294807434082
0.56,0.69,0.26,0.38,0.94,0.78,0.05,0.44,0.09,16393,11.102733612060547
0.55,0.69,0.26,0.38,0.93,0.78,0.06,0.43,0.1,16174,11.105893611907959
0.56,0.69,0.26,0.38,0.93,0.78,0.05,0.44,0.1,15809,11.109607934951782
0.55,0.68,0.26,0.38,0.94,0.78,0.06,0.43,0.1,15702,11.110343933105469
0.55,0.68,0.26,0.38,0.94,0.78,0.05,0.43,0.09,16209,11.11438274383545
0.55,0.69,0.26,0.38,0.94,0.78,0.05,0.43,0.09,16286,11.118346929550171
0.55,0.68,0.26,0.38,0.94,0.78,0.04,0.43,0.1,16257,11.121350049972534
0.55,0.68,0.26,0.38,0.94,0.78,0.06,0.43,0.1,15716,11.122350454330444
0.55,0.68,0.26,0.38,0.94,0.78,0.05,0.43,0.1,15809,11.126455545425415
0.55,0.69,0.26,0.38,0.94,0.77,0.06,0.43,0.1,16380,11.130675554275513
0.55,0.68,0.26,0.39,0.94,0.78,0.06,0.43,0.1,16057,11.134681463241577
0.55,0.69,0.26,0.38,0.94,0.77,0.05,0.43,0.1,15968,11.134681463241577
0.55,0.68,0.26,0.38,0.94,0.78,0.06,0.43,0.1,16523,11.138250827789307
0.55,0.68,0.26,0.38,0.94,0.78,0.05,0.43,0.09,16118,11.143102169036865
0.55,0.69,0.26,0.38,0.94,0.78,0.05,0.43,0.09,16429,11.146208763122559
0.55,0.69,0.26,0.38,0.93,0.78,0.05,0.43,0.09,16418,11.14709758758545
0.55,0.69,0.26,0.38,0.94,0.78,0.05,0.43,0.09,16311,11.151094913482666
0.55,0.69,0.26,0.39,0.93,0.78,0.05,0.43,0.09,16414,11.155094623565674
0.55,0.69,0.26,0.39,0.93,0.78,0.06,0.43,0.1,16391,11.158336400985718
0.55,0.69,0.26,0.39,0.93,0.78,0.06,0.43,0.09,16572,11.159391164779663
0.56,0.69,0.26,0.39,0.94,0.78,0.06,0.44,0.09,16603,11.163634300231934
0.55,0.68,0.26,0.38,0.94,0.78,0.06,0.43,0.1,16262,11.166828155517578
0.55,0.69,0.26,0.39,0.94,0.79,0.05,0.43,0.09,16129,11.171832084655762
0.54,0.68,0.26,0.38,0.94,0.78,0.06,0.43,0.09,16414,11.175554752349854
0.55,0.69,0.26,0.38,0.94,0.78,0.05,0.43,0.09,16261,11.175804615020752
0.55,0.69,0.26,0.38,0.94,0.78,0.05,0.43,0.09,16074,11.17983102798462
0.55,0.68,0.25,0.38,0.94,0.79,0.06,0.43,0.09,16575,11.184820175170898
0.55,0.69,0.26,0.39,0.94,0.78,0.05,0.43,0.09,16684,11.187488079071045
0.55,0.68,0.26,0.39,0.94,0.79,0.06,0.44,0.09,16433,11.187488079071045
0.54,0.68,0.26,0.39,0.94,0.79,0.06,0.44,0.1,16508,11.192739248275757
0.54,0.68,0.26,0.39,0.94,0.79,0.05,0.43,0.1,16375,11.196003437042236
0.55,0.68,0.26,0.39,0.94,0.79,0.05,0.44,0.09,16340,11.199417352676392
0.54,0.69,0.26,0.38,0.94,0.79,0.05,0.43,0.09,15883,11.200475215911865
0.55,0.69,0.26,0.39,0.93,0.79,0.05,0.43,0.09,16036,11.203971862792969
0.55,0.68,0.26,0.39,0.94,0.78,0.05,0.43,0.09,16395,11.208108901977539
0.55,0.69,0.26,0.39,0.94,0.79,0.05,0.43,0.09,16398,11.212000846862793
0.55,0.69,0.26,0.39,0.94,0.79,0.06,0.43,0.09,16067,11.212000846862793
0.55,0.69,0.25,0.39,0.93,0.79,0.05,0.43,0.09,16102,11.216039657592773
0.55,0.69,0.26,0.39,0.93,0.78,0.06,0.43,0.1,15855,11.220035314559937
0.55,0.69,0.25,0.39,0.93,0.79,0.06,0.43,0.09,15744,11.224035263061523
0.55,0.69,0.25,0.39,0.93,0.78,0.05,0.43,0.1,15687,11.225030899047852
0.55,0.69,0.26,0.39,0.93,0.79,0.06,0.43,0.09,16124,11.228440046310425
0.54,0.69,0.26,0.39,0.94,0.79,0.06,0.43,0.09,15963,11.233443260192871
0.56,0.69,0.26,0.39,0.94,0.78,0.06,0.43,0.09,15744,11.236508846282959
0.55,0.69,0.26,0.38,0.94,0.79,0.05,0.43,0.09,15923,11.237508058547974
0.55,0.69,0.26,0.39,0.94,0.79,0.06,0.43,0.09,15968,11.240564107894897
0.55,0.69,0.26,0.38,0.93,0.79,0.07,0.43,0.09,16509,11.245218276977539
0.55,0.69,0.25,0.38,0.94,0.79,0.05,0.43,0.09,16524,11.249200344085693
0.55,0.69,0.26,0.39,0.94,0.79,0.06,0.43,0.09,16041,11.252295970916748
0.54,0.69,0.26,0.39,0.94,0.79,0.06,0.43,0.09,16094,11.253412246704102
0.54,0.69,0.26,0.38,0.93,0.78,0.06,0.43,0.09,15971,11.257295846939087
0.54,0.69,0.26,0.39,0.93,0.78,0.06,0.43,0.09,16222,11.262609958648682
0.55,0.69,0.26,0.38,0.93,0.78,0.06,0.43,0.09,16029,11.265201330184937
0.55,0.69,0.26,0.39,0.94,0.79,0.05,0.43,0.09,15914,11.265201330184937
0.54,0.69,0.26,0.38,0.93,0.79,0.05,0.43,0.09,15959,11.269478559494019
0.55,0.69,0.26,0.39,0.93,0.79,0.05,0.43,0.09,16612,11.273866653442383
0.55,0.69,0.26,0.38,0.93,0.79,0.06,0.43,0.09,16397,11.277887105941772
0.55,0.69,0.26,0.38,0.93,0.79,0.05,0.43,0.09,15874,11.278866052627563
0.55,0.69,0.26,0.39,0.93,0.78,0.05,0.43,0.09,16077,11.28203797340393
0.55,0.69,0.26,0.38,0.93,0.78,0.06,0.43,0.09,16364,11.285367488861084
0.55,0.69,0.26,0.38,0.94,0.78,0.06,0.43,0.09,16377,11.290417194366455
0.55,0.69,0.26,0.38,0.94,0.78,0.06,0.43,0.09,16160,11.290417194366455
0.55,0.68,0.26,0.38,0.93,0.79,0.06,0.43,0.1,16207,11.29439401626587
0.55,0.69,0.26,0.38,0.93,0.79,0.05,0.43,0.1,16454,11.298534393310547
0.55,0.69,0.26,0.38,0.93,0.79,0.06,0.43,0.09,16827,11.302437543869019
0.55,0.68,0.26,0.38,0.94,0.79,0.06,0.43,0.09,16484,11.303394079208374
0.55,0.68,0.26,0.38,0.93,0.79,0.05,0.43,0.09,15991,11.306256532669067
0.55,0.68,0.26,0.38,0.94,0.78,0.06,0.44,0.09,15914,11.310852289199829
0.55,0.68,0.26,0.39,0.94,0.78,0.06,0.43,0.09,16051,11.314627885818481
0.55,0.68,0.26,0.38,0.94,0.78,0.05,0.43,0.09,16128,11.318625211715698
0.55,0.68,0.26,0.38,0.94,0.79,0.05,0.43,0.09,16211,11.318625211715698
0.55,0.69,0.26,0.39,0.94,0.79,0.06,0.43,0.09,15916,11.322426795959473
0.55,0.69,0.26,0.39,0.94,0.79,0.06,0.43,0.09,16157,11.326933860778809
0.56,0.68,0.26,0.39,0.94,0.78,0.05,0.43,0.09,15928,11.33075213432312
0.55,0.69,0.26,0.38,0.94,0.78,0.06,0.44,0.09,15915,11.331817150115967
0.55,0.69,0.25,0.38,0.94,0.78,0.06,0.43,0.09,15954,11.335216045379639
0.55,0.69,0.26,0.38,0.94,0.78,0.06,0.43,0.09,16491,11.339496612548828
0.55,0.69,0.25,0.38,0.94,0.79,0.06,0.43,0.09,16616,11.343456268310547
0.55,0.69,0.26,0.38,0.94,0.78,0.06,0.43,0.09,16633,11.343456268310547
0.55,0.69,0.26,0.38,0.93,0.79,0.06,0.43,0.09,16686,11.347485065460205
0.56,0.69,0.26,0.38,0.94,0.79,0.06,0.43,0.09,16485,11.352173089981079
0.55,0.69,0.26,0.38,0.94,0.79,0.06,0.43,0.09,16214,11.355655670166016
0.55,0.69,0.26,0.39,0.94,0.79,0.06,0.43,0.09,15883,11.35673213005066
0.56,0.69,0.26,0.39,0.94,0.78,0.06,0.43,0.09,15960,11.35930609703064
0.55,0.69,0.26,0.38,0.94,0.79,0.06,0.43,0.09,16155,11.36408805847168
0.55,0.68,0.26,0.39,0.94,0.79,0.05,0.43,0.09,16314,11.368102550506592
0.55,0.69,0.25,0.39,0.94,0.78,0.05,0.44,0.09,16199,11.369099378585815
0.56,0.68,0.26,0.38,0.93,0.79,0.05,0.43,0.09,16208,11.37211537361145
0.56,0.69,0.26,0.38,0.93,0.78,0.06,0.43,0.09,15591,11.376604557037354
0.56,0.69,0.26,0.38,0.93,0.78,0.05,0.43,0.09,15830,11.379936456680298
0.55,0.69,0.26,0.39,0.94,0.78,0.05,0.43,0.09,16019,11.380982875823975
0.55,0.69,0.26,0.39,0.94,0.78,0.06,0.43,0.09,16224,11.384164094924927
0.55,0.69,0.26,0.38,0.93,0.78,0.05,0.43,0.09,16165,11.3889799118042
0.56,0.69,0.26,0.39,0.93,0.78,0.06,0.43,0.09,16370,11.392575979232788
0.56,0.69,0.26,0.39,0.94,0.78,0.06,0.44,0.1,16687,11.39598536491394
0.56,0.69,0.26,0.38,0.93,0.78,0.05,0.43,0.09,16444,11.39698338508606
0.55,0.68,0.26,0.38,0.93,0.78,0.05,0.44,0.09,16101,11.400991678237915
0.56,0.69,0.26,0.38,0.93,0.77,0.05,0.43,0.09,15836,11.40460991859436
0.55,0.68,0.26,0.39,0.93,0.77,0.05,0.43,0.1,15531,11.408921718597412
0.55,0.68,0.26,0.38,0.94,0.78,0.05,0.43,0.09,15636,11.410009860992432
0.55,0.69,0.26,0.38,0.93,0.77,0.06,0.43,0.09,15775,11.412938117980957
0.55,0.69,0.26,0.38,0.94,0.78,0.06,0.43,0.09,15812,11.417126655578613
0.55,0.68,0.26,0.38,0.94,0.78,0.06,0.44,0.09,15961,11.42093539237976
0.55,0.69,0.26,0.38,0.94,0.78,0.06,0.43,0.1,16242,11.421684741973877
0.55,0.68,0.26,0.39,0.94,0.78,0.06,0.43,0.09,15805,11.42580270767212
0.55,0.68,0.26,0.38,0.94,0.78,0.06,0.43,0.09,15734,11.429221630096436
0.55,0.68,0.26,0.39,0.94,0.78,0.05,0.43,0.09,16109,11.433963775634766
0.56,0.68,0.26,0.38,0.94,0.78,0.06,0.43,0.09,16018,11.433963775634766
0.56,0.68,0.26,0.39,0.94,0.78,0.06,0.43,0.09,16069,11.437395811080933
0.56,0.69,0.26,0.39,0.93,0.78,0.06,0.43,0.09,16512,11.441853046417236
0.56,0.68,0.26,0.38,0.93,0.78,0.06,0.43,0.09,16425,11.445714950561523
0.56,0.69,0.26,0.38,0.94,0.78,0.06,0.44,0.09,16228,11.445714950561523
0.56,0.68,0.26,0.39,0.93,0.78,0.06,0.43,0.09,16237,11.450872421264648
0.56,0.68,0.25,0.38,0.94,0.78,0.06,0.43,0.09,16380,11.454326152801514
0.55,0.68,0.26,0.39,0.93,0.78,0.05,0.43,0.09,16511,11.4588623046875
0.56,0.68,0.26,0.39,0.93,0.78,0.06,0.43,0.09,16398,11.461838245391846
0.56,0.68,0.25,0.38,0.93,0.78,0.05,0.43,0.09,16305,11.462867498397827
0.56,0.68,0.26,0.39,0.94,0.78,0.05,0.43,0.09,16220,11.465867757797241
0.55,0.68,0.26,0.38,0.93,0.78,0.05,0.43,0.09,16245,11.470031976699829
0.56,0.68,0.26,0.39,0.94,0.78,0.06,0.43,0.09,16154,11.474191665649414
0.55,0.68,0.26,0.39,0.93,0.78,0.06,0.43,0.09,16389,11.475232124328613
0.56,0.68,0.26,0.39,0.94,0.79,0.05,0.43,0.09,16372,11.478574275970459
0.56,0.68,0.26,0.39,0.93,0.78,0.06,0.43,0.09,16217,11.483660459518433
0.55,0.68,0.26,0.39,0.93,0.78,0.06,0.43,0.09,16354,11.486452341079712
0.56,0.68,0.26,0.38,0.93,0.78,0.05,0.43,0.09,16415,11.487152099609375
0.56,0.68,0.26,0.39,0.93,0.78,0.05,0.43,0.09,16336,11.490170955657959
0.55,0.68,0.26,0.39,0.93,0.78,0.06,0.43,0.09,16559,11.49533987045288
0.56,0.68,0.26,0.38,0.93,0.78,0.05,0.43,0.09,16798,11.498504877090454
0.56,0.68,0.26,0.39,0.93,0.78,0.05,0.43,0.09,16649,11.49950385093689
0.56,0.68,0.26,0.39,0.93,0.78,0.06,0.43,0.09,16428,11.503503799438477
0.56,0.68,0.26,0.39,0.93,0.78,0.05,0.43,0.09,16149,11.50782322883606
0.55,0.67,0.26,0.38,0.93,0.78,0.06,0.42,0.09,16064,11.511196613311768
0.55,0.68,0.26,0.39,0.94,0.78,0.06,0.44,0.09,16475,11.511196613311768
0.55,0.68,0.26,0.39,0.93,0.78,0.05,0.43,0.09,16538,11.515314102172852
0.56,0.68,0.26,0.39,0.93,0.78,0.06,0.43,0.09,16547,11.519367456436157
0.56,0.68,0.26,0.39,0.93,0.78,0.06,0.43,0.09,16612,11.52361249923706
0.56,0.68,0.26,0.39,0.94,0.78,0.05,0.43,0.09,16011,11.527235507965088
0.55,0.68,0.26,0.39,0.94,0.78,0.05,0.43,0.09,16384,11.52831244468689
0.56,0.68,0.26,0.39,0.93,0.78,0.05,0.43,0.09,15925,11.532738447189331
0.56,0.68,0.26,0.39,0.93,0.78,0.05,0.43,0.09,15416,11.536738872528076
0.56,0.68,0.26,0.39,0.94,0.78,0.06,0.43,0.09,16071,11.539896488189697
0.56,0.68,0.26,0.39,0.93,0.78,0.05,0.43,0.09,16296,11.540738582611084
0.56,0.68,0.26,0.39,0.93,0.78,0.06,0.43,0.09,16269,11.543738603591919
0.56,0.68,0.26,0.39,0.93,0.79,0.06,0.43,0.09,16022,11.548753261566162
0.56,0.68,0.25,0.39,0.93,0.78,0.06,0.43,0.09,15681,11.55221700668335
0.56,0.68,0.26,0.39,0.93,0.78,0.05,0.43,0.09,15722,11.552778720855713
0.55,0.68,0.26,0.39,0.93,0.78,0.06,0.43,0.09,15797,11.556277513504028
0.56,0.69,0.26,0.39,0.93,0.78,0.06,0.43,0.09,15970,11.560187339782715
0.56,0.69,0.26,0.39,0.93,0.79,0.06,0.43,0.09,16237,11.56451940536499
0.56,0.68,0.26,0.39,0.93,0.78,0.05,0.43,0.09,16068,11.565253734588623
0.55,0.68,0.26,0.39,0.93,0.78,0.05,0.43,0.09,16509,11.569302320480347
0.56,0.69,0.26,0.39,0.93,0.78,0.05,0.43,0.09,16444,11.573277950286865
0.55,0.68,0.26,0.39,0.94,0.78,0.05,0.43,0.09,16283,11.577421426773071
0.56,0.69,0.26,0.39,0.94,0.78,0.05,0.44,0.09,16248,11.577421426773071
0.55,0.68,0.26,0.39,0.93,0.79,0.06,0.43,0.1,16293,11.581397533416748
0.56,0.69,0.26,0.39,0.94,0.79,0.05,0.44,0.09,16248,11.585397481918335
0.56,0.68,0.26,0.39,0.93,0.79,0.06,0.43,0.1,16179,11.589724063873291
0.56,0.68,0.26,0.39,0.93,0.79,0.05,0.43,0.09,15896,11.589724063873291
0.56,0.68,0.26,0.39,0.93,0.78,0.05,0.43,0.09,15801,11.593219518661499
0.56,0.68,0.26,0.39,0.93,0.78,0.05,0.43,0.09,15866,11.597269535064697
0.56,0.68,0.25,0.39,0.93,0.79,0.06,0.43,0.09,16031,11.601458311080933
0.56,0.68,0.26,0.39,0.93,0.79,0.05,0.43,0.09,16346,11.602545261383057
0.56,0.69,0.26,0.39,0.93,0.79,0.06,0.43,0.09,16425,11.604943752288818
0.56,0.68,0.26,0.38,0.94,0.78,0.06,0.43,0.09,16352,11.610100746154785
0.55,0.68,0.26,0.39,0.93,0.78,0.06,0.43,0.09,16195,11.61402678489685
0.56,0.69,0.26,0.39,0.93,0.78,0.05,0.43,0.09,15734,11.617731809616089
0.56,0.68,0.26,0.39,0.93,0.79,0.05,0.43,0.09,15997,11.617731809616089
0.56,0.68,0.26,0.39,0.93,0.79,0.05,0.43,0.09,16060,11.622119188308716
0.56,0.68,0.25,0.39,0.94,0.79,0.05,0.44,0.09,16205,11.625941514968872
0.56,0.68,0.26,0.39,0.94,0.79,0.05,0.43,0.09,16282,11.630570888519287
0.56,0.68,0.26,0.39,0.94,0.79,0.05,0.43,0.09,16225,11.630570888519287
0.55,0.68,0.26,0.39,0.93,0.79,0.05,0.43,0.1,16082,11.63463306427002
0.56,0.68,0.26,0.39,0.93,0.78,0.06,0.43,0.1,15733,11.638065338134766
0.56,0.68,0.26,0.39,0.94,0.79,0.05,0.43,0.09,15900,11.6432363986969
0.56,0.68,0.26,0.39,0.93,0.79,0.06,0.43,0.1,16301,11.6432363986969
0.56,0.68,0.26,0.39,0.94,0.79,0.05,0.44,0.09,16288,11.64625358581543
0.55,0.68,0.26,0.39,0.93,0.79,0.05,0.43,0.09,16183,11.650493621826172
0.56,0.68,0.26,0.39,0.93,0.79,0.06,0.43,0.09,16166,11.65449047088623
0.56,0.68,0.26,0.39,0.93,0.79,0.06,0.43,0.09,15953,11.65449047088623
0.56,0.68,0.26,0.39,0.94,0.79,0.05,0.43,0.09,15844,11.658491134643555
0.56,0.68,0.26,0.39,0.94,0.79,0.06,0.44,0.09,15763,11.663589715957642
0.56,0.68,0.26,0.39,0.93,0.79,0.05,0.43,0.09,15654,11.666691303253174
0.56,0.68,0.25,0.39,0.94,0.79,0.05,0.44,0.09,15757,11.667724132537842
0.56,0.68,0.25,0.39,0.93,0.79,0.05,0.44,0.09,15894,11.670727968215942
0.56,0.69,0.26,0.39,0.93,0.79,0.05,0.43,0.09,15969,11.674793243408203
0.55,0.68,0.26,0.39,0.93,0.79,0.06,0.43,0.09,16218,11.679765701293945
0.56,0.68,0.26,0.39,0.93,0.79,0.05,0.43,0.09,16657,11.679765701293945
0.56,0.68,0.26,0.39,0.94,0.79,0.06,0.43,0.09,16620,11.682793378829956
0.56,0.69,0.26,0.39,0.94,0.8,0.05,0.44,0.1,16297,11.687098503112793
0.56,0.68,0.26,0.39,0.93,0.79,0.05,0.43,0.09,16014,11.691156148910522
0.56,0.69,0.25,0.39,0.94,0.79,0.05,0.43,0.09,16203,11.695593357086182
0.56,0.68,0.25,0.39,0.94,0.79,0.05,0.44,0.09,16126,11.696197271347046
0.56,0.68,0.25,0.39,0.94,0.79,0.05,0.44,0.09,15857,11.699698686599731
0.55,0.68,0.26,0.39,0.94,0.79,0.05,0.43,0.09,15866,11.704713344573975
0.56,0.68,0.26,0.39,0.94,0.79,0.06,0.43,0.09,16219,11.708195924758911
0.56,0.68,0.26,0.39,0.94,0.79,0.06,0.43,0.09,16278,11.708195924758911
0.56,0.69,0.26,0.39,0.94,0.79,0.06,0.43,0.09,16227,11.712082862854004
0.56,0.68,0.25,0.39,0.94,0.79,0.05,0.43,0.09,16084,11.716734170913696
0.56,0.68,0.25,0.39,0.94,0.79,0.05,0.44,0.09,16143,11.720006227493286
0.55,0.68,0.25,0.39,0.94,0.79,0.05,0.43,0.09,16222,11.720705509185791
0.56,0.69,0.26,0.39,0.94,0.79,0.06,0.43,0.09,16479,11.724733829498291
0.56,0.68,0.25,0.38,0.93,0.79,0.05,0.44,0.1,16386,11.728183031082153
0.56,0.69,0.25,0.39,0.93,0.79,0.05,0.44,0.09,16687,11.732311248779297
0.55,0.69,0.26,0.38,0.94,0.79,0.06,0.44,0.09,16626,11.732311248779297
0.56,0.69,0.26,0.38,0.93,0.79,0.06,0.44,0.09,16797,11.73655080795288
0.56,0.68,0.25,0.39,0.94,0.79,0.05,0.44,0.09,16706,11.741560220718384
0.56,0.68,0.25,0.39,0.94,0.79,0.06,0.43,0.09,16205,11.745583772659302
0.56,0.69,0.25,0.38,0.94,0.79,0.06,0.44,0.09,16182,11.745583772659302
0.55,0.68,0.25,0.39,0.93,0.79,0.06,0.44,0.09,16029,11.74878740310669
0.56,0.69,0.26,0.39,0.94,0.79,0.06,0.43,0.09,16074,11.752829313278198
0.56,0.69,0.26,0.39,0.93,0.79,0.06,0.43,0.09,16235,11.756269931793213
0.56,0.69,0.25,0.39,0.93,0.79,0.05,0.44,0.09,16122,11.757394075393677
0.56,0.69,0.25,0.38,0.93,0.79,0.05,0.43,0.09,16473,11.761055707931519
0.56,0.69,0.25,0.39,0.93,0.79,0.06,0.44,0.09,16184,11.765197515487671
0.56,0.68,0.25,0.38,0.93,0.79,0.06,0.43,0.09,15839,11.769674062728882
0.56,0.68,0.25,0.38,0.94,0.79,0.06,0.43,0.09,15826,11.77069878578186
0.56,0.68,0.25,0.38,0.94,0.79,0.06,0.43,0.09,16465,11.773698568344116
0.56,0.68,0.25,0.39,0.94,0.8,0.05,0.43,0.09,16670,11.777372598648071
0.56,0.68,0.25,0.38,0.94,0.79,0.06,0.43,0.09,16253,11.781516075134277
0.56,0.68,0.25,0.39,0.94,0.79,0.06,0.44,0.09,15856,11.785515546798706
0.56,0.68,0.25,0.38,0.93,0.79,0.06,0.44,0.09,16055,11.786515951156616
0.56,0.68,0.25,0.38,0.93,0.8,0.05,0.44,0.09,16728,11.790515422821045
0.56,0.68,0.25,0.39,0.94,0.79,0.05,0.44,0.09,16705,11.794491529464722
0.56,0.68,0.25,0.39,0.93,0.79,0.05,0.44,0.09,16350,11.798023462295532
0.56,0.69,0.26,0.39,0.94,0.79,0.05,0.44,0.09,16295,11.799072027206421
0.56,0.69,0.26,0.38,0.94,0.8,0.06,0.44,0.1,16586,11.802264928817749
0.56,0.69,0.26,0.38,0.94,0.79,0.06,0.44,0.09,16591,11.806182146072388
0.56,0.69,0.26,0.39,0.94,0.79,0.06,0.44,0.09,16520,11.810603141784668
0.57,0.68,0.26,0.39,0.94,0.79,0.05,0.43,0.09,16873,11.810603141784668
0.56,0.68,0.26,0.39,0.93,0.8,0.05,0.43,0.09,16862,11.814321517944336
0.56,0.69,0.26,0.39,0.94,0.79,0.05,0.43,0.09,16609,11.818746089935303
0.56,0.68,0.26,0.39,0.94,0.79,0.06,0.43,0.09,16116,11.82375192642212
0.56,0.69,0.26,0.39,0.93,0.79,0.06,0.44,0.09,16555,11.82375192642212
0.56,0.69,0.25,0.39,0.93,0.79,0.06,0.44,0.09,16258,11.826411724090576
0.56,0.69,0.26,0.39,0.94,0.79,0.05,0.43,0.09,16123,11.830695629119873
0.56,0.68,0.25,0.39,0.94,0.79,0.06,0.44,0.09,16366,11.835314989089966
0.56,0.69,0.25,0.39,0.93,0.79,0.06,0.44,0.09,16007,11.83632516860962
0.56,0.69,0.25,0.39,0.94,0.79,0.06,0.44,0.09,15930,11.838955163955688
0.56,0.68,0.25,0.39,0.93,0.79,0.06,0.43,0.09,16103,11.843363761901855
0.56,0.69,0.25,0.39,0.93,0.79,0.05,0.44,0.09,15704,11.846795797348022
0.57,0.69,0.25,0.39,0.93,0.79,0.06,0.44,0.09,15725,11.85131049156189
0.56,0.69,0.25,0.39,0.93,0.79,0.06,0.44,0.09,15730,11.85131049156189
0.57,0.69,0.25,0.39,0.93,0.79,0.06,0.43,0.09,16185,11.855364561080933
0.57,0.69,0.25,0.39,0.93,0.8,0.05,0.44,0.09,16160,11.859407186508179
0.56,0.69,0.26,0.39,0.93,0.79,0.06,0.43,0.09,16193,11.863513231277466
0.56,0.68,0.26,0.39,0.94,0.79,0.05,0.43,0.09,16030,11.863870620727539
0.57,0.69,0.25,0.39,0.93,0.8,0.06,0.44,0.09,16107,11.867581844329834
0.56,0.69,0.26,0.39,0.94,0.79,0.05,0.44,0.09,16248,11.871430397033691
0.56,0.68,0.26,0.39,0.93,0.79,0.05,0.43,0.09,16503,11.875510454177856
0.57,0.69,0.26,0.39,0.93,0.79,0.06,0.43,0.09,16288,11.876503229141235
0.56,0.69,0.26,0.39,0.93,0.79,0.06,0.43,0.09,16191,11.879499435424805
0.56,0.68,0.26,0.39,0.93,0.79,0.06,0.43,0.09,16328,11.88349962234497
0.56,0.68,0.26,0.39,0.94,0.79,0.05,0.43,0.09,16203,11.88849949836731
0.56,0.69,0.26,0.39,0.93,0.79,0.05,0.43,0.09,16112,11.88849949836731
0.57,0.69,0.26,0.39,0.93,0.79,0.06,0.44,0.09,16323,11.892064094543457
0.56,0.69,0.26,0.39,0.93,0.79,0.06,0.43,0.09,15952,11.896094560623169
0.56,0.69,0.26,0.39,0.93,0.79,0.06,0.43,0.09,16115,11.900447368621826
0.56,0.69,0.26,0.39,0.94,0.79,0.06,0.44,0.09,16244,11.900447368621826
0.57,0.69,0.26,0.39,0.93,0.8,0.06,0.43,0.09,16287,11.904450416564941
0.56,0.69,0.26,0.38,0.93,0.79,0.06,0.44,0.09,16256,11.908447980880737
0.57,0.68,0.26,0.39,0.93,0.8,0.06,0.43,0.09,16503,11.91244626045227
0.57,0.68,0.26,0.39,0.93,0.8,0.06,0.44,0.1,16268,11.913459062576294
0.56,0.68,0.26,0.39,0.93,0.8,0.06,0.44,0.09,16241,11.9164297580719
0.56,0.68,0.26,0.39,0.93,0.8,0.05,0.44,0.09,16100,11.92115592956543
0.56,0.69,0.26,0.39,0.93,0.79,0.05,0.44,0.09,16179,11.9252028465271
0.56,0.68,0.26,0.39,0.93,0.8,0.06,0.44,0.09,15974,11.929317235946655
0.56,0.69,0.26,0.39,0.93,0.8,0.05,0.44,0.09,15879,11.929317235946655
0.57,0.69,0.25,0.39,0.93,0.79,0.06,0.44,0.09,16178,11.933115005493164
0.56,0.69,0.26,0.39,0.93,0.79,0.05,0.44,0.09,16179,11.937368631362915
0.56,0.69,0.25,0.39,0.93,0.79,0.06,0.44,0.09,16366,11.94130277633667
0.56,0.69,0.26,0.39,0.93,0.79,0.05,0.44,0.09,16353,11.94130277633667
0.57,0.69,0.25,0.39,0.93,0.79,0.06,0.44,0.09,16146,11.945359468460083
0.56,0.69,0.25,0.39,0.94,0.79,0.05,0.44,0.09,16497,11.950358390808105
0.56,0.69,0.26,0.38,0.93,0.8,0.06,0.44,0.09,16644,11.953831195831299
0.56,0.69,0.25,0.39,0.94,0.79,0.06,0.44,0.09,16517,11.954813480377197
0.56,0.68,0.26,0.39,0.93,0.79,0.06,0.44,0.09,16498,11.957342386245728
0.56,0.68,0.25,0.38,0.93,0.79,0.05,0.44,0.1,16255,11.962400436401367
0.56,0.68,0.25,0.39,0.93,0.79,0.05,0.44,0.09,16146,11.966089010238647
0.56,0.68,0.25,0.39,0.94,0.79,0.05,0.44,0.09,16171,11.967047929763794
0.56,0.68,0.25,0.38,0.93,0.79,0.06,0.44,0.09,16234,11.96996259689331
0.56,0.69,0.25,0.38,0.93,0.79,0.06,0.44,0.09,16293,11.974470853805542
0.56,0.68,0.25,0.39,0.94,0.8,0.06,0.44,0.09,16204,11.978344440460205
0.56,0.68,0.25,0.39,0.94,0.79,0.05,0.44,0.09,15883,11.979588508605957
0.56,0.68,0.26,0.38,0.93,0.8,0.05,0.44,0.09,15848,11.982710361480713
0.56,0.68,0.25,0.38,0.93,0.79,0.05,0.44,0.09,16175,11.98710012435913
0.57,0.69,0.25,0.39,0.93,0.79,0.06,0.44,0.09,15834,11.991224527359009
0.56,0.69,0.26,0.39,0.93,0.8,0.05,0.44,0.09,15879,11.99422550201416
0.57,0.68,0.26,0.39,0.94,0.79,0.06,0.44,0.09,16616,11.99422550201416
0.56,0.69,0.26,0.38,0.94,0.79,0.06,0.44,0.09,16383,11.99980878829956
0.56,0.69,0.26,0.39,0.93,0.79,0.06,0.44,0.09,15988,12.002851009368896
0.57,0.69,0.26,0.39,0.93,0.79,0.05,0.44,0.09,15883,12.006558656692505
0.57,0.69,0.25,0.38,0.93,0.79,0.06,0.44,0.09,16248,12.007502794265747
0.56,0.69,0.25,0.39,0.93,0.79,0.05,0.44,0.09,16381,12.010756969451904
0.56,0.69,0.26,0.39,0.93,0.79,0.06,0.44,0.09,16658,12.01490569114685
0.56,0.68,0.26,0.39,0.93,0.79,0.05,0.44,0.09,16667,12.018947124481201
0.56,0.69,0.26,0.38,0.93,0.79,0.05,0.44,0.09,16252,12.019938468933105
0.56,0.68,0.26,0.39,0.93,0.79,0.05,0.44,0.09,16147,12.022940874099731
0.56,0.68,0.26,0.39,0.94,0.79,0.06,0.44,0.09,16538,12.02693772315979
0.56,0.68,0.26,0.39,0.94,0.8,0.06,0.44,0.09,16741,12.031455755233765
0.56,0.68,0.26,0.39,0.94,0.79,0.06,0.44,0.1,16516,12.031455755233765
0.56,0.68,0.26,0.39,0.94,0.79,0.06,0.44,0.09,16131,12.035900354385376
0.56,0.68,0.25,0.38,0.94,0.79,0.06,0.44,0.09,15804,12.039984941482544
0.56,0.68,0.26,0.39,0.93,0.79,0.06,0.44,0.09,16011,12.043850898742676
0.56,0.68,0.26,0.38,0.93,0.8,0.05,0.44,0.09,16098,12.044841766357422
0.55,0.68,0.25,0.39,0.93,0.8,0.06,0.44,0.09,15939,12.04784893989563
0.56,0.68,0.26,0.39,0.93,0.79,0.05,0.44,0.09,16168,12.051846504211426
0.56,0.69,0.25,0.39,0.93,0.79,0.05,0.44,0.09,16495,12.056848049163818
0.56,0.68,0.25,0.38,0.93,0.79,0.06,0.44,0.09,16288,12.059845209121704
0.56,0.68,0.26,0.39,0.93,0.79,0.05,0.44,0.09,16247,12.059845209121704
0.56,0.69,0.26,0.38,0.93,0.79,0.05,0.44,0.09,16360,12.063843965530396
0.56,0.69,0.26,0.38,0.93,0.79,0.06,0.44,0.09,16323,12.068129301071167
0.55,0.68,0.26,0.39,0.93,0.79,0.05,0.44,0.09,16410,12.0720853805542
0.56,0.69,0.26,0.39,0.93,0.79,0.06,0.44,0.09,16347,12.0720853805542
0.56,0.68,0.26,0.38,0.94,0.79,0.06,0.44,0.09,16574,12.07611083984375
0.56,0.68,0.26,0.39,0.93,0.79,0.06,0.44,0.09,16485,12.080191373825073
0.55,0.69,0.26,0.39,0.93,0.79,0.05,0.44,0.09,16636,12.084195613861084
0.56,0.69,0.26,0.39,0.93,0.79,0.05,0.44,0.09,16273,12.085196495056152
0.56,0.68,0.26,0.39,0.93,0.79,0.06,0.44,0.09,16198,12.088435649871826
0.55,0.69,0.26,0.39,0.94,0.79,0.06,0.44,0.09,16443,12.09359884262085
0.56,0.69,0.26,0.38,0.94,0.79,0.05,0.44,0.09,16196,12.096680641174316
0.56,0.68,0.25,0.39,0.93,0.79,0.06,0.44,0.09,15897,12.097805500030518
0.56,0.68,0.25,0.39,0.93,0.79,0.06,0.44,0.09,16436,12.100738048553467
0.55,0.68,0.26,0.39,0.93,0.79,0.05,0.44,0.09,17133,12.105738401412964
0.56,0.68,0.25,0.39,0.93,0.79,0.05,0.44,0.09,17184,12.109287023544312
0.56,0.68,0.26,0.39,0.94,0.79,0.05,0.44,0.09,16769,12.109287023544312
0.55,0.69,0.26,0.38,0.94,0.79,0.05,0.44,0.09,16854,12.113340616226196
0.56,0.69,0.26,0.38,0.93,0.79,0.05,0.44,0.09,16701,12.118645429611206
0.56,0.69,0.26,0.39,0.93,0.79,0.05,0.44,0.09,15850,12.121658325195312
0.56,0.69,0.26,0.39,0.93,0.79,0.05,0.44,0.09,15647,12.124674081802368
0.56,0.69,0.26,0.39,0.93,0.79,0.05,0.44,0.09,16238,12.125654458999634
0.56,0.69,0.26,0.39,0.94,0.79,0.06,0.44,0.09,16893,12.129881381988525
0.56,0.69,0.26,0.39,0.94,0.79,0.06,0.44,0.09,16312,12.133916139602661
0.57,0.69,0.26,0.39,0.94,0.79,0.05,0.44,0.09,16087,12.137192010879517
0.56,0.69,0.26,0.38,0.94,0.79,0.05,0.44,0.09,16064,12.138235330581665
0.56,0.69,0.26,0.38,0.94,0.79,0.05,0.44,0.09,16309,12.141680002212524
0.57,0.69,0.26,0.38,0.93,0.79,0.05,0.44,0.09,16358,12.146591424942017
0.57,0.69,0.25,0.38,0.93,0.79,0.05,0.44,0.09,16087,12.149887084960938
0.57,0.69,0.25,0.39,0.93,0.79,0.06,0.44,0.09,16090,12.150625228881836
0.57,0.68,0.26,0.39,0.93,0.79,0.06,0.44,0.09,16005,12.154624700546265
0.56,0.69,0.26,0.39,0.93,0.79,0.05,0.44,0.09,16680,12.159135580062866
0.57,0.69,0.26,0.39,0.93,0.79,0.05,0.44,0.09,16585,12.16255497932434
0.57,0.69,0.26,0.38,0.93,0.79,0.05,0.44,0.09,16196,12.16255497932434
0.56,0.69,0.26,0.38,0.94,0.79,0.06,0.44,0.09,15981,12.167607069015503
0.56,0.69,0.26,0.38,0.93,0.79,0.05,0.44,0.09,16112,12.17129921913147
0.57,0.69,0.25,0.38,0.94,0.79,0.05,0.44,0.09,16051,12.17483377456665
0.57,0.69,0.26,0.38,0.93,0.79,0.05,0.44,0.09,16058,12.1757652759552
0.56,0.69,0.26,0.38,0.93,0.79,0.05,0.44,0.1,16377,12.179877758026123
0.57,0.69,0.25,0.39,0.93,0.79,0.05,0.44,0.09,16482,12.183877229690552
0.56,0.69,0.26,0.38,0.93,0.79,0.06,0.44,0.09,15993,12.187395095825195
0.57,0.69,0.26,0.39,0.93,0.79,0.06,0.44,0.09,15562,12.187395095825195
0.56,0.69,0.26,0.39,0.93,0.79,0.06,0.44,0.09,16203,12.191383123397827
0.57,0.69,0.26,0.38,0.94,0.79,0.05,0.44,0.09,16450,12.1955406665802
0.57,0.69,0.26,0.39,0.93,0.79,0.06,0.44,0.09,15989,12.19971227645874
0.56,0.69,0.26,0.39,0.94,0.79,0.05,0.44,0.09,15742,12.203179359436035
0.57,0.69,0.26,0.39,0.93,0.79,0.05,0.44,0.09,16073,12.203744649887085
0.57,0.69,0.26,0.39,0.93,0.79,0.06,0.44,0.09,16260,12.207042932510376
0.57,0.69,0.26,0.39,0.93,0.79,0.06,0.44,0.09,16121,12.211458921432495
0.56,0.69,0.26,0.39,0.93,0.79,0.05,0.44,0.09,16132,12.215434789657593
0.57,0.69,0.25,0.38,0.93,0.79,0.06,0.44,0.09,16377,12.216468572616577
0.56,0.68,0.26,0.38,0.94,0.79,0.05,0.44,0.09,16632,12.220466375350952
0.56,0.68,0.25,0.38,0.93,0.79,0.06,0.44,0.09,16371,12.224653244018555
0.56,0.69,0.25,0.39,0.93,0.79,0.05,0.44,0.09,16362,12.227647542953491
0.56,0.69,0.25,0.39,0.94,0.79,0.06,0.44,0.09,16327,12.228943347930908
0.56,0.69,0.26,0.38,0.93,0.79,0.06,0.44,0.09,15990,12.23194432258606
0.56,0.69,0.25,0.39,0.94,0.79,0.05,0.44,0.09,15733,12.236059665679932
0.56,0.68,0.26,0.39,0.93,0.79,0.06,0.44,0.09,16040,12.240092754364014
0.56,0.69,0.26,0.39,0.93,0.79,0.06,0.44,0.09,16557,12.240092754364014
0.56,0.68,0.26,0.39,0.93,0.79,0.07,0.44,0.09,16460,12.24471640586853
0.57,0.68,0.25,0.39,0.93,0.79,0.06,0.44,0.09,16547,12.248614311218262
0.57,0.68,0.25,0.38,0.93,0.79,0.06,0.44,0.09,16388,12.253287076950073
0.57,0.68,0.25,0.39,0.93,0.79,0.06,0.44,0.09,15981,12.253287076950073
0.57,0.69,0.25,0.39,0.93,0.79,0.06,0.44,0.09,15834,12.256662368774414
0.56,0.69,0.26,0.38,0.93,0.79,0.04,0.43,0.09,16165,12.260279655456543
0.56,0.68,0.26,0.39,0.93,0.79,0.05,0.44,0.09,16508,12.265321731567383
0.56,0.68,0.25,0.38,0.93,0.79,0.05,0.44,0.09,16479,12.268616676330566
0.56,0.68,0.25,0.39,0.94,0.79,0.06,0.44,0.09,15846,12.26931095123291
0.57,0.69,0.26,0.39,0.94,0.79,0.06,0.44,0.09,16047,12.273921489715576
0.57,0.69,0.25,0.39,0.93,0.79,0.06,0.44,0.09,16230,12.276805400848389
0.56,0.69,0.26,0.39,0.93,0.79,0.06,0.44,0.09,16051,12.280916452407837
0.57,0.69,0.26,0.38,0.93,0.8,0.06,0.44,0.1,16340,12.281917095184326
0.57,0.69,0.26,0.39,0.93,0.8,0.06,0.44,0.09,16709,12.28514552116394
0.57,0.68,0.26,0.38,0.93,0.79,0.06,0.44,0.09,16594,12.289446592330933
0.56,0.69,0.25,0.39,0.93,0.79,0.06,0.44,0.09,16565,12.293099164962769
0.56,0.69,0.26,0.4,0.93,0.79,0.06,0.44,0.09,16402,12.294142723083496
0.56,0.69,0.26,0.39,0.94,0.8,0.05,0.44,0.09,16201,12.298141717910767
0.56,0.69,0.25,0.39,0.94,0.79,0.05,0.44,0.09,16376,12.302156209945679
0.57,0.68,0.25,0.39,0.94,0.79,0.06,0.44,0.09,16647,12.305649995803833
0.56,0.68,0.25,0.38,0.94,0.79,0.06,0.44,0.09,16428,12.30614161491394
0.56,0.69,0.26,0.38,0.94,0.79,0.05,0.44,0.09,16475,12.310142040252686
0.57,0.69,0.26,0.38,0.94,0.79,0.06,0.44,0.09,16488,12.313987016677856
0.57,0.69,0.25,0.38,0.94,0.79,0.06,0.44,0.09,16579,12.318296670913696
0.56,0.69,0.26,0.38,0.94,0.79,0.06,0.44,0.09,16526,12.318296670913696
0.57,0.69,0.25,0.39,0.94,0.79,0.06,0.44,0.09,16271,12.322201251983643
0.57,0.68,0.25,0.39,0.94,0.79,0.06,0.44,0.09,16476,12.326122522354126
0.57,0.68,0.26,0.38,0.94,0.79,0.06,0.44,0.09,16305,12.33026123046875
0.57,0.69,0.25,0.38,0.94,0.79,0.06,0.44,0.09,16096,12.33026123046875
0.57,0.68,0.25,0.38,0.94,0.79,0.06,0.44,0.09,16087,12.334189176559448
0.57,0.68,0.25,0.38,0.93,0.79,0.05,0.44,0.09,16348,12.338251113891602
0.57,0.68,0.25,0.39,0.93,0.79,0.06,0.44,0.09,16821,12.342544078826904
0.56,0.68,0.25,0.39,0.93,0.79,0.04,0.43,0.09,16278,12.346547842025757
0.57,0.68,0.25,0.39,0.94,0.79,0.06,0.44,0.09,16223,12.346547842025757
0.57,0.68,0.25,0.39,0.94,0.79,0.06,0.44,0.09,16708,12.35169768333435
0.57,0.69,0.25,0.39,0.93,0.79,0.06,0.44,0.09,16303,12.354860544204712
0.57,0.69,0.25,0.39,0.93,0.79,0.06,0.44,0.09,15908,12.358839988708496
0.57,0.68,0.25,0.39,0.94,0.79,0.06,0.44,0.09,16087,12.359318017959595
0.57,0.68,0.25,0.39,0.93,0.79,0.06,0.44,0.09,15896,12.363332033157349
0.57,0.69,0.26,0.38,0.93,0.79,0.06,0.44,0.09,15797,12.366540908813477
0.57,0.69,0.26,0.39,0.93,0.79,0.06,0.44,0.09,16242,12.371545314788818
0.57,0.68,0.26,0.39,0.93,0.79,0.06,0.44,0.09,16249,12.372525930404663
0.57,0.68,0.26,0.39,0.93,0.79,0.05,0.44,0.1,16046,12.375501871109009
0.57,0.68,0.26,0.39,0.93,0.79,0.06,0.44,0.09,16057,12.380501985549927
0.57,0.68,0.26,0.39,0.93,0.79,0.05,0.44,0.1,16132,12.383818626403809
0.57,0.68,0.25,0.39,0.93,0.79,0.06,0.44,0.09,16327,12.38486623764038
0.57,0.68,0.26,0.39,0.93,0.79,0.05,0.44,0.09,16168,12.38800573348999
0.57,0.68,0.26,0.39,0.94,0.79,0.06,0.44,0.09,16517,12.392061948776245
0.57,0.68,0.26,0.39,0.93,0.79,0.06,0.44,0.09,16266,12.396061658859253
0.57,0.68,0.25,0.39,0.94,0.79,0.06,0.44,0.09,16073,12.396913528442383
0.56,0.68,0.25,0.39,0.93,0.79,0.05,0.44,0.09,16042,12.400303602218628
0.57,0.68,0.25,0.39,0.94,0.79,0.06,0.44,0.09,16143,12.404356718063354
0.57,0.68,0.25,0.39,0.94,0.79,0.06,0.44,0.09,16180,12.408308744430542
0.57,0.69,0.26,0.39,0.94,0.79,0.06,0.44,0.09,16407,12.41234016418457
0.57,0.68,0.25,0.39,0.94,0.79,0.06,0.44,0.09,16374,12.41339111328125
0.57,0.68,0.26,0.38,0.93,0.79,0.05,0.44,0.09,16351,12.416651487350464
0.57,0.68,0.25,0.4,0.94,0.79,0.06,0.44,0.09,16838,12.420652389526367
0.57,0.68,0.26,0.39,0.94,0.79,0.06,0.45,0.09,16433,12.424784183502197
0.57,0.68,0.25,0.39,0.94,0.79,0.06,0.44,0.09,16112,12.424865484237671
0.57,0.68,0.25,0.39,0.94,0.79,0.06,0.45,0.09,16407,12.428163290023804
0.57,0.68,0.25,0.39,0.94,0.79,0.05,0.44,0.09,16622,12.4322829246521
0.57,0.68,0.25,0.39,0.94,0.79,0.06,0.44,0.09,16551,12.436681985855103
0.57,0.68,0.25,0.39,0.94,0.79,0.06,0.45,0.09,16398,12.43732213973999
0.57,0.68,0.26,0.39,0.94,0.79,0.06,0.44,0.09,16393,12.44174313545227
0.57,0.68,0.26,0.39,0.94,0.79,0.05,0.44,0.09,16396,12.446064472198486
0.57,0.68,0.26,0.39,0.94,0.79,0.06,0.44,0.09,16231,12.448655366897583
0.57,0.68,0.25,0.39,0.94,0.79,0.05,0.44,0.09,16322,12.449676752090454
0.57,0.68,0.25,0.39,0.94,0.79,0.06,0.44,0.09,16309,12.453917264938354
0.57,0.68,0.25,0.39,0.94,0.79,0.06,0.44,0.09,16740,12.457953453063965
0.57,0.68,0.25,0.39,0.94,0.79,0.06,0.44,0.09,16469,12.461947679519653
0.57,0.69,0.25,0.39,0.94,0.79,0.06,0.44,0.09,16432,12.461947679519653
0.57,0.69,0.26,0.39,0.94,0.79,0.06,0.44,0.09,16091,12.465465068817139
0.57,0.69,0.25,0.39,0.94,0.79,0.05,0.44,0.09,16236,12.470840215682983
0.57,0.69,0.26,0.39,0.94,0.79,0.06,0.44,0.09,16031,12.473838567733765
0.57,0.69,0.25,0.39,0.94,0.79,0.06,0.44,0.09,15752,12.477307081222534
0.57,0.69,0.25,0.39,0.94,0.79,0.06,0.44,0.09,16021,12.477307081222534
0.57,0.69,0.25,0.39,0.94,0.79,0.06,0.44,0.09,16608,12.482982635498047
0.58,0.69,0.26,0.39,0.93,0.79,0.06,0.44,0.09,16683,12.486053228378296
0.57,0.69,0.26,0.39,0.94,0.79,0.06,0.44,0.09,16222,12.490168333053589
0.57,0.68,0.26,0.39,0.94,0.79,0.06,0.44,0.09,16185,12.491101264953613
0.56,0.68,0.26,0.39,0.94,0.79,0.06,0.44,0.09,16214,12.495078086853027
0.57,0.68,0.25,0.39,0.94,0.79,0.06,0.44,0.09,16511,12.498629093170166
0.57,0.68,0.25,0.39,0.94,0.79,0.05,0.44,0.09,16518,12.501718759536743
0.57,0.68,0.25,0.39,0.94,0.79,0.06,0.44,0.09,16237,12.50280213356018
0.57,0.68,0.25,0.39,0.94,0.79,0.06,0.44,0.09,16054,12.506774187088013
0.57,0.68,0.25,0.39,0.94,0.79,0.06,0.44,0.09,16183,12.511108875274658
0.57,0.68,0.25,0.39,0.94,0.79,0.06,0.44,0.09,16186,12.514508724212646
0.57,0.69,0.25,0.39,0.94,0.79,0.06,0.44,0.09,16309,12.515460729598999
0.57,0.68,0.25,0.39,0.94,0.79,0.06,0.44,0.09,16270,12.518486022949219
0.57,0.69,0.25,0.39,0.94,0.79,0.06,0.43,0.09,16209,12.523459672927856
0.57,0.69,0.25,0.39,0.94,0.79,0.05,0.44,0.09,16456,12.526457071304321
0.57,0.69,0.26,0.39,0.94,0.79,0.06,0.44,0.09,16511,12.526457071304321
0.57,0.69,0.25,0.39,0.94,0.79,0.06,0.44,0.09,16002,12.530831098556519
0.56,0.69,0.26,0.39,0.94,0.79,0.06,0.44,0.09,16487,12.53494143486023
0.57,0.69,0.25,0.39,0.93,0.79,0.06,0.44,0.09,16510,12.539115905761719
0.57,0.69,0.25,0.4,0.94,0.79,0.06,0.44,0.09,15977,12.539989471435547
0.57,0.69,0.26,0.39,0.94,0.79,0.06,0.44,0.1,16118,12.543055772781372
0.57,0.69,0.26,0.39,0.94,0.79,0.06,0.44,0.09,16273,12.548659324645996
0.57,0.69,0.26,0.39,0.94,0.79,0.06,0.44,0.09,15976,12.551220655441284
0.57,0.68,0.26,0.39,0.94,0.79,0.06,0.44,0.09,15973,12.555681467056274
0.58,0.69,0.26,0.39,0.94,0.79,0.06,0.44,0.09,15852,12.55647611618042
0.58,0.69,0.26,0.39,0.94,0.79,0.05,0.44,0.09,15783,12.559475898742676
0.57,0.68,0.26,0.39,0.94,0.79,0.06,0.44,0.09,16298,12.56493330001831
0.57,0.69,0.26,0.39,0.94,0.79,0.06,0.44,0.09,16481,12.567366123199463
0.57,0.69,0.26,0.39,0.94,0.79,0.06,0.44,0.1,15838,12.568432569503784
0.57,0.68,0.26,0.39,0.94,0.79,0.06,0.44,0.09,16171,12.572417497634888
0.57,0.69,0.26,0.39,0.94,0.79,0.06,0.44,0.09,16420,12.576108455657959
0.57,0.69,0.26,0.39,0.94,0.79,0.06,0.44,0.09,16213,12.580336570739746
0.57,0.69,0.25,0.39,0.94,0.79,0.06,0.44,0.09,16556,12.581066370010376
0.57,0.69,0.26,0.39,0.93,0.79,0.05,0.44,0.09,16533,12.585065603256226
0.57,0.69,0.25,0.39,0.93,0.79,0.05,0.44,0.09,16366,12.58966875076294
0.57,0.69,0.25,0.39,0.94,0.79,0.06,0.44,0.09,16101,12.592740297317505
0.57,0.68,0.25,0.4,0.93,0.79,0.06,0.44,0.09,16206,12.593811750411987
0.57,0.68,0.25,0.39,0.94,0.79,0.06,0.44,0.09,16611,12.59703278541565
0.57,0.68,0.25,0.39,0.94,0.79,0.05,0.44,0.09,16110,12.600322484970093
0.57,0.68,0.26,0.39,0.94,0.79,0.06,0.44,0.09,16133,12.60537338256836
0.57,0.68,0.26,0.39,0.94,0.79,0.06,0.44,0.09,16454,12.60537338256836
0.57,0.68,0.26,0.39,0.93,0.79,0.06,0.43,0.09,15929,12.609948635101318
0.57,0.68,0.25,0.39,0.94,0.79,0.06,0.43,0.09,15964,12.613080739974976
0.57,0.68,0.26,0.39,0.94,0.79,0.05,0.44,0.09,16157,12.61746859550476
0.57,0.68,0.25,0.39,0.94,0.79,0.06,0.44,0.09,16058,12.61746859550476
0.57,0.67,0.25,0.39,0.94,0.79,0.06,0.43,0.09,15753,12.621476888656616
0.56,0.67,0.26,0.39,0.94,0.79,0.05,0.44,0.09,16090,12.625356435775757
0.57,0.68,0.25,0.38,0.94,0.79,0.06,0.43,0.09,16389,12.629607200622559
0.57,0.68,0.26,0.39,0.94,0.79,0.05,0.44,0.09,16398,12.63087272644043
0.57,0.68,0.25,0.39,0.94,0.79,0.06,0.44,0.09,16803,12.63345193862915
0.57,0.68,0.25,0.39,0.94,0.79,0.06,0.44,0.09,16420,12.638508558273315
0.57,0.68,0.25,0.4,0.94,0.79,0.06,0.44,0.09,16421,12.642188310623169
0.57,0.68,0.25,0.39,0.94,0.8,0.05,0.44,0.09,16402,12.645843029022217
0.57,0.67,0.25,0.39,0.94,0.79,0.06,0.44,0.09,16135,12.646910667419434
0.57,0.68,0.25,0.39,0.94,0.79,0.06,0.43,0.09,15848,12.64996886253357
0.57,0.68,0.25,0.39,0.94,0.79,0.06,0.44,0.09,15925,12.654979705810547
0.57,0.68,0.25,0.39,0.94,0.79,0.06,0.43,0.09,16428,12.658157587051392
0.57,0.68,0.25,0.39,0.94,0.79,0.06,0.44,0.09,16449,12.658980369567871
0.57,0.68,0.25,0.39,0.94,0.79,0.06,0.44,0.09,16282,12.662979125976562
0.57,0.68,0.25,0.39,0.94,0.79,0.05,0.44,0.09,16231,12.666393041610718
0.57,0.68,0.25,0.39,0.94,0.79,0.06,0.44,0.09,16300,12.670678615570068
0.57,0.68,0.25,0.39,0.93,0.79,0.05,0.44,0.09,16095,12.671661615371704
0.57,0.68,0.25,0.39,0.93,0.79,0.05,0.43,0.09,16242,12.673641920089722
0.56,0.68,0.25,0.38,0.94,0.79,0.05,0.44,0.09,16177,12.678624868392944
0.57,0.68,0.25,0.39,0.94,0.79,0.06,0.44,0.09,16036,12.683659553527832
0.57,0.68,0.25,0.39,0.93,0.79,0.06,0.43,0.09,16475,12.684658765792847
0.57,0.68,0.25,0.39,0.93,0.79,0.06,0.44,0.09,16354,12.686671257019043
0.56,0.69,0.25,0.39,0.94,0.79,0.05,0.44,0.09,16283,12.691341161727905
0.57,0.69,0.25,0.39,0.93,0.79,0.05,0.44,0.09,16132,12.695353031158447
0.57,0.69,0.25,0.39,0.93,0.79,0.06,0.44,0.09,16119,12.696341037750244
0.56,0.69,0.25,0.39,0.93,0.79,0.06,0.43,0.09,16102,12.698821306228638
0.57,0.69,0.25,0.39,0.94,0.79,0.06,0.44,0.09,16333,12.704032897949219
0.57,0.69,0.25,0.39,0.93,0.79,0.06,0.44,0.09,17016,12.707442283630371
0.57,0.69,0.25,0.39,0.93,0.79,0.05,0.43,0.09,16621,12.708486318588257
0.57,0.69,0.25,0.39,0.93,0.79,0.06,0.44,0.09,15962,12.712499856948853
0.57,0.69,0.25,0.39,0.93,0.79,0.06,0.44,0.1,15805,12.715765237808228
0.57,0.69,0.25,0.39,0.93,0.79,0.06,0.44,0.09,16168,12.719743013381958
0.57,0.69,0.25,0.39,0.93,0.79,0.06,0.44,0.09,16361,12.723737478256226
0.57,0.69,0.25,0.39,0.93,0.79,0.06,0.44,0.09,15988,12.723737478256226
0.57,0.69,0.26,0.39,0.93,0.79,0.06,0.44,0.09,16111,12.727245569229126
0.57,0.69,0.25,0.39,0.93,0.79,0.06,0.44,0.09,15910,12.731856107711792
0.57,0.69,0.25,0.39,0.93,0.79,0.06,0.44,0.09,15941,12.73620319366455
0.57,0.69,0.25,0.39,0.93,0.79,0.06,0.44,0.09,16084,12.73620319366455
0.57,0.69,0.25,0.4,0.94,0.79,0.05,0.44,0.09,15775,12.740236043930054
0.57,0.69,0.25,0.4,0.93,0.79,0.06,0.44,0.1,15874,12.744285345077515
0.57,0.69,0.25,0.39,0.93,0.79,0.06,0.44,0.09,16521,12.747904539108276
0.57,0.69,0.25,0.39,0.93,0.79,0.05,0.44,0.09,16476,12.748965501785278
0.57,0.69,0.25,0.39,0.93,0.79,0.06,0.44,0.09,15985,12.751967906951904
0.57,0.69,0.25,0.39,0.93,0.79,0.06,0.44,0.09,16084,12.75644564628601
0.57,0.69,0.25,0.39,0.93,0.79,0.06,0.44,0.09,16365,12.760881662368774
0.57,0.69,0.25,0.39,0.93,0.79,0.06,0.44,0.09,16442,12.761879682540894
0.57,0.68,0.26,0.39,0.93,0.79,0.06,0.43,0.09,15993,12.764880418777466
0.57,0.69,0.26,0.39,0.93,0.79,0.05,0.44,0.09,15874,12.768880367279053
0.57,0.69,0.25,0.39,0.93,0.79,0.06,0.44,0.09,16305,12.77388048171997
0.57,0.69,0.25,0.39,0.93,0.79,0.06,0.44,0.09,16074,12.77388048171997
0.57,0.69,0.25,0.39,0.94,0.79,0.06,0.44,0.09,16095,12.776880025863647
0.57,0.69,0.25,0.39,0.93,0.79,0.06,0.44,0.09,16204,12.781374216079712
0.57,0.69,0.25,0.39,0.93,0.78,0.06,0.43,0.09,16821,12.78544020652771
0.57,0.69,0.25,0.39,0.93,0.79,0.06,0.44,0.09,16966,12.78544020652771
0.57,0.69,0.25,0.39,0.93,0.79,0.05,0.44,0.09,16393,12.78972339630127
0.57,0.69,0.25,0.39,0.93,0.79,0.05,0.44,0.09,15664,12.793827533721924
0.57,0.69,0.25,0.39,0.93,0.79,0.06,0.44,0.09,15863,12.798550605773926
0.57,0.69,0.25,0.39,0.93,0.79,0.06,0.44,0.09,16234,12.801546573638916
0.57,0.69,0.25,0.4,0.93,0.79,0.05,0.44,0.09,16249,12.802552461624146
0.57,0.69,0.25,0.39,0.93,0.79,0.06,0.44,0.09,15660,12.805834770202637
0.57,0.69,0.25,0.39,0.93,0.79,0.05,0.44,0.09,15833,12.809477090835571
0.57,0.69,0.25,0.39,0.93,0.79,0.06,0.43,0.09,16132,12.813705921173096
0.57,0.69,0.25,0.39,0.93,0.79,0.06,0.44,0.09,16469,12.814725399017334
0.57,0.69,0.25,0.39,0.93,0.79,0.06,0.44,0.09,16598,12.818766832351685
0.57,0.69,0.25,0.39,0.93,0.79,0.06,0.44,0.09,16161,12.82176685333252
0.57,0.69,0.25,0.39,0.93,0.79,0.06,0.44,0.09,16428,12.825910568237305
0.57,0.68,0.26,0.39,0.93,0.79,0.06,0.44,0.09,16617,12.826893091201782
0.57,0.69,0.25,0.39,0.93,0.79,0.06,0.44,0.09,16384,12.830297470092773
0.57,0.69,0.25,0.39,0.93,0.79,0.05,0.44,0.09,15953,12.834271430969238
0.57,0.69,0.25,0.39,0.93,0.79,0.05,0.44,0.09,15850,12.83897352218628
0.57,0.69,0.25,0.39,0.93,0.79,0.06,0.44,0.09,16287,12.83897352218628
0.57,0.69,0.25,0.39,0.93,0.79,0.05,0.44,0.09,16076,12.842390775680542
0.57,0.69,0.25,0.39,0.93,0.79,0.06,0.44,0.09,15695,12.84670114517212
0.58,0.68,0.25,0.39,0.93,0.79,0.06,0.44,0.09,15860,12.851743698120117
0.58,0.69,0.25,0.39,0.93,0.79,0.06,0.44,0.09,16393,12.852220296859741
0.57,0.69,0.25,0.39,0.93,0.79,0.06,0.44,0.09,16476,12.855757474899292
0.57,0.69,0.26,0.39,0.93,0.79,0.06,0.44,0.09,16165,12.859755754470825
0.58,0.69,0.25,0.39,0.93,0.79,0.06,0.44,0.09,15658,12.863755941390991
0.57,0.69,0.26,0.39,0.93,0.79,0.06,0.44,0.09,15945,12.863755941390991
0.57,0.69,0.26,0.39,0.93,0.79,0.06,0.44,0.1,16282,12.867755651473999
0.58,0.69,0.26,0.39,0.94,0.79,0.05,0.44,0.09,16093,12.871083736419678
0.57,0.69,0.26,0.39,0.93,0.79,0.06,0.44,0.1,15722,12.875301361083984
0.58,0.69,0.26,0.39,0.93,0.79,0.06,0.44,0.09,16079,12.878954410552979
0.57,0.69,0.25,0.39,0.93,0.79,0.06,0.44,0.09,16326,12.878954410552979
0.57,0.69,0.25,0.39,0.93,0.79,0.06,0.44,0.09,15815,12.883924722671509
0.57,0.69,0.25,0.39,0.93,0.79,0.06,0.44,0.09,15552,12.888325452804565
0.57,0.69,0.25,0.39,0.93,0.79,0.06,0.44,0.09,15871,12.891595363616943
0.58,0.69,0.25,0.39,0.93,0.79,0.06,0.44,0.09,16232,12.891595363616943
0.57,0.69,0.26,0.39,0.93,0.79,0.06,0.44,0.09,16617,12.895329713821411
0.58,0.69,0.25,0.4,0.93,0.79,0.06,0.44,0.09,16516,12.900318145751953
0.58,0.69,0.25,0.39,0.93,0.79,0.06,0.44,0.09,15819,12.904317617416382
0.59,0.7,0.25,0.39,0.93,0.79,0.06,0.44,0.09,15700,12.904317617416382
0.59,0.69,0.26,0.4,0.93,0.79,0.06,0.44,0.09,16011,12.908313751220703
0.59,0.69,0.25,0.39,0.93,0.79,0.06,0.44,0.09,16168,12.91205096244812
0.59,0.69,0.25,0.4,0.93,0.79,0.05,0.44,0.09,16119,12.9165198802948
0.58,0.69,0.26,0.39,0.93,0.79,0.05,0.44,0.09,16132,12.9165198802948
0.58,0.69,0.26,0.39,0.93,0.79,0.05,0.44,0.09,16205,12.919864654541016
0.58,0.69,0.25,0.39,0.93,0.79,0.05,0.44,0.09,16516,12.923787832260132
0.59,0.69,0.26,0.39,0.93,0.79,0.05,0.44,0.09,16209,12.928711891174316
0.59,0.69,0.25,0.39,0.93,0.79,0.06,0.44,0.09,16194,12.928711891174316
0.59,0.69,0.26,0.39,0.93,0.79,0.06,0.44,0.09,16147,12.932535171508789
0.58,0.69,0.26,0.39,0.92,0.78,0.05,0.44,0.09,15840,12.937684059143066
0.59,0.69,0.26,0.4,0.92,0.79,0.06,0.44,0.09,16261,12.941681623458862
0.58,0.69,0.26,0.39,0.92,0.79,0.06,0.44,0.09,16546,12.944900274276733
0.59,0.7,0.26,0.39,0.92,0.79,0.06,0.44,0.09,16327,12.945732355117798
0.59,0.69,0.26,0.39,0.92,0.79,0.06,0.44,0.09,16076,12.949104070663452
0.59,0.7,0.26,0.39,0.93,0.79,0.06,0.44,0.09,15585,12.953904867172241
0.59,0.69,0.25,0.39,0.92,0.79,0.06,0.44,0.09,15966,12.957109451293945
0.59,0.69,0.25,0.39,0.93,0.79,0.06,0.44,0.09,16397,12.957904577255249
0.58,0.69,0.26,0.39,0.93,0.79,0.06,0.44,0.09,16238,12.961904764175415
0.58,0.69,0.25,0.39,0.93,0.79,0.06,0.44,0.09,16059,12.96588134765625
0.59,0.69,0.25,0.39,0.93,0.79,0.06,0.44,0.09,16360,12.969500541687012
0.59,0.69,0.25,0.39,0.93,0.79,0.06,0.44,0.09,16405,12.970459938049316
0.59,0.69,0.26,0.39,0.93,0.79,0.05,0.44,0.09,16398,12.973850727081299
0.59,0.69,0.26,0.4,0.93,0.79,0.06,0.44,0.09,16547,12.977827310562134
0.58,0.69,0.26,0.4,0.93,0.79,0.06,0.44,0.09,16640,12.981889486312866
0.59,0.69,0.26,0.4,0.93,0.79,0.06,0.44,0.09,16305,12.983033180236816
0.59,0.69,0.25,0.39,0.93,0.79,0.06,0.44,0.09,15892,12.985270261764526
0.58,0.69,0.25,0.39,0.92,0.79,0.05,0.44,0.09,15985,12.990118026733398
0.59,0.69,0.26,0.4,0.93,0.8,0.06,0.44,0.09,16018,12.993820667266846
0.59,0.69,0.26,0.39,0.93,0.79,0.06,0.44,0.09,16001,12.9948570728302
0.59,0.69,0.26,0.39,0.93,0.79,0.06,0.44,0.1,15904,12.997840404510498
0.59,0.69,0.26,0.39,0.93,0.79,0.06,0.44,0.1,15957,13.003058195114136
0.58,0.7,0.26,0.39,0.93,0.79,0.05,0.44,0.09,16096,13.007035255432129
0.58,0.7,0.26,0.39,0.93,0.79,0.06,0.44,0.09,16403,13.007035255432129
0.58,0.69,0.26,0.38,0.92,0.79,0.06,0.44,0.1,16142,13.010040760040283
0.58,0.69,0.26,0.38,0.93,0.79,0.06,0.44,0.09,16433,13.014415264129639
0.58,0.69,0.26,0.38,0.93,0.79,0.05,0.44,0.09,16662,13.01978874206543
0.58,0.69,0.26,0.39,0.93,0.79,0.06,0.44,0.1,16277,13.022351741790771
0.57,0.69,0.26,0.38,0.93,0.8,0.06,0.44,0.09,16076,13.022351741790771
0.57,0.69,0.26,0.38,0.93,0.79,0.06,0.44,0.09,16177,13.026460886001587
0.58,0.69,0.26,0.39,0.92,0.79,0.06,0.44,0.1,16072,13.031662464141846
0.57,0.69,0.26,0.37,0.93,0.79,0.05,0.44,0.1,16125,13.034926891326904
0.57,0.69,0.26,0.38,0.93,0.8,0.05,0.44,0.09,15526,13.03566288948059
0.57,0.69,0.26,0.37,0.93,0.79,0.06,0.44,0.1,15641,13.039134979248047
0.57,0.69,0.26,0.38,0.93,0.79,0.05,0.44,0.09,15846,13.043131589889526
0.57,0.69,0.26,0.37,0.93,0.79,0.04,0.44,0.09,15885,13.04715371131897
0.57,0.69,0.26,0.37,0.93,0.79,0.05,0.44,0.1,16158,13.04715371131897
0.57,0.69,0.25,0.37,0.93,0.79,0.05,0.44,0.1,16495,13.051823854446411
0.57,0.69,0.25,0.37,0.93,0.8,0.05,0.44,0.1,16560,13.055440425872803
0.57,0.69,0.25,0.37,0.93,0.79,0.06,0.45,0.1,16209,13.060013055801392
0.58,0.69,0.25,0.37,0.92,0.8,0.06,0.44,0.09,16050,13.060013055801392
0.57,0.69,0.25,0.36,0.93,0.79,0.06,0.44,0.09,16433,13.063581228256226
0.56,0.69,0.25,0.37,0.92,0.79,0.05,0.44,0.09,16486,13.068641662597656
0.56,0.69,0.26,0.35,0.92,0.8,0.05,0.44,0.09,16139,13.072641134262085
0.55,0.68,0.25,0.36,0.92,0.8,0.05,0.44,0.09,16418,13.072641134262085
0.54,0.69,0.25,0.35,0.92,0.8,0.06,0.44,0.09,16695,13.07611083984375
0.55,0.69,0.25,0.35,0.93,0.8,0.05,0.44,0.09,16278,13.080389738082886
0.54,0.69,0.25,0.35,0.92,0.8,0.05,0.44,0.09,16369,13.084211826324463
0.53,0.69,0.25,0.33,0.93,0.8,0.05,0.44,0.09,16092,13.088053464889526
0.54,0.69,0.25,0.33,0.92,0.8,0.05,0.44,0.1,16401,13.088681697845459
0.5,0.68,0.25,0.32,0.92,0.79,0.05,0.44,0.1,16830,13.092681884765625
0.52,0.68,0.25,0.32,0.92,0.8,0.05,0.45,0.1,16257,13.096676111221313
0.49,0.69,0.25,0.31,0.92,0.8,0.05,0.44,0.1,16414,13.100682973861694
0.5,0.68,0.25,0.31,0.91,0.79,0.05,0.45,0.1,16523,13.100682973861694
0.48,0.69,0.25,0.32,0.91,0.79,0.06,0.44,0.1,16370,13.105277299880981
0.49,0.69,0.25,0.31,0.91,0.81,0.06,0.44,0.1,16531,13.109639644622803
0.49,0.7,0.25,0.29,0.9,0.8,0.06,0.44,0.1,16514,13.112629413604736
0.47,0.69,0.25,0.3,0.9,0.81,0.06,0.44,0.1,16567,13.112629413604736
0.49,0.69,0.25,0.29,0.9,0.8,0.05,0.44,0.1,16920,13.11700987815857
0.49,0.69,0.26,0.27,0.9,0.8,0.06,0.44,0.11,16991,13.121386289596558
0.51,0.68,0.26,0.27,0.9,0.8,0.06,0.45,0.12,16560,13.125161409378052
0.51,0.69,0.26,0.26,0.89,0.8,0.06,0.45,0.11,16559,13.125161409378052
0.47,0.69,0.26,0.28,0.9,0.8,0.07,0.45,0.12,16684,13.12958836555481
0.48,0.67,0.24,0.26,0.9,0.81,0.07,0.44,0.11,16153,13.133628368377686
0.45,0.67,0.25,0.24,0.9,0.82,0.08,0.43,0.14,16368,13.137643814086914
0.51,0.67,0.25,0.24,0.89,0.81,0.09,0.43,0.13,16687,13.137643814086914
0.47,0.67,0.26,0.23,0.89,0.81,0.09,0.43,0.15,16698,13.141648769378662
0.47,0.67,0.25,0.23,0.9,0.81,0.11,0.42,0.15,16911,13.14565896987915
0.5,0.66,0.24,0.22,0.89,0.82,0.11,0.43,0.15,16604,13.149643659591675
0.47,0.65,0.25,0.23,0.89,0.82,0.12,0.43,0.16,17135,13.153390169143677
0.49,0.63,0.25,0.24,0.89,0.81,0.13,0.44,0.16,16796,13.153657674789429
0.53,0.64,0.26,0.23,0.88,0.83,0.17,0.43,0.17,16235,13.1575608253479
0.51,0.62,0.3,0.23,0.87,0.82,0.18,0.43,0.19,16410,13.16259765625
0.53,0.61,0.28,0.23,0.87,0.83,0.19,0.45,0.18,16785,13.165625095367432
0.53,0.61,0.26,0.25,0.86,0.83,0.21,0.45,0.18,16856,13.166598320007324
0.55,0.6,0.27,0.26,0.84,0.84,0.21,0.44,0.19,17037,13.170596837997437
0.54,0.6,0.29,0.22,0.83,0.84,0.21,0.44,0.2,17328,13.174598693847656
0.51,0.59,0.26,0.26,0.84,0.84,0.25,0.44,0.19,17427,13.17797303199768
0.56,0.59,0.26,0.28,0.83,0.87,0.24,0.49,0.19,16982,13.179018497467041
0.59,0.56,0.25,0.27,0.82,0.86,0.27,0.48,0.2,17081,13.182180643081665
0.61,0.56,0.28,0.29,0.84,0.87,0.29,0.51,0.23,17278,13.18768858909607
0.62,0.53,0.26,0.34,0.85,0.85,0.31,0.5,0.25,17083,13.190064907073975
0.64,0.51,0.27,0.3,0.83,0.86,0.34,0.49,0.27,16920,13.19109034538269
0.65,0.52,0.32,0.3,0.81,0.88,0.34,0.52,0.32,17093,13.194186687469482
0.66,0.53,0.3,0.34,0.79,0.86,0.39,0.53,0.29,17762,13.199083805084229
0.7,0.53,0.29,0.38,0.81,0.88,0.46,0.53,0.31,17601,13.203083276748657
0.74,0.46,0.28,0.36,0.8,0.85,0.48,0.51,0.35,17420,13.203083276748657
0.74,0.47,0.31,0.4,0.81,0.89,0.51,0.54,0.36,18063,13.207082986831665
0.76,0.48,0.28,0.39,0.8,0.9,0.51,0.53,0.38,18222,13.21130895614624
0.73,0.44,0.31,0.38,0.82,0.89,0.54,0.57,0.38,17887,13.215329885482788
0.75,0.46,0.3,0.42,0.81,0.92,0.6,0.56,0.39,18230,13.215329885482788
0.74,0.44,0.31,0.45,0.8,0.9,0.63,0.57,0.42,18573,13.219640731811523
0.77,0.46,0.31,0.46,0.8,0.93,0.69,0.59,0.45,18490,13.223129510879517
0.75,0.45,0.33,0.51,0.79,0.94,0.72,0.55,0.48,18793,13.227148532867432
0.73,0.41,0.32,0.54,0.73,0.94,0.77,0.58,0.59,18724,13.230735778808594
0.79,0.42,0.31,0.58,0.77,0.94,0.81,0.57,0.6,18839,13.231781482696533
0.75,0.42,0.3,0.59,0.78,0.96,0.86,0.57,0.62,18872,13.235747337341309
0.76,0.43,0.31,0.64,0.75,0.96,0.86,0.58,0.65,18793,13.240782499313354
0.83,0.43,0.34,0.67,0.78,0.97,0.87,0.62,0.63,19820,13.243757724761963
0.79,0.41,0.31,0.67,0.74,0.99,0.94,0.62,0.63,20169,13.243757724761963
0.83,0.41,0.3,0.67,0.78,0.99,0.95,0.63,0.64,19796,13.247640371322632
0.86,0.41,0.31,0.66,0.8,1.0,0.98,0.66,0.66,19611,13.252786874771118
0.88,0.43,0.32,0.68,0.83,0.97,1.01,0.68,0.7,19734,13.255857944488525
0.88,0.42,0.36,0.7,0.8,1.0,1.03,0.72,0.71,20069,13.256922483444214
0.91,0.43,0.36,0.7,0.83,0.99,1.05,0.73,0.74,20582,13.259922981262207
0.93,0.44,0.36,0.71,0.82,1.05,1.06,0.76,0.75,20859,13.264923095703125
0.92,0.42,0.37,0.77,0.78,1.06,1.06,0.68,0.76,21092,13.26818585395813
0.91,0.41,0.4,0.77,0.81,1.06,1.1,0.75,0.81,21139,13.268923044204712
0.93,0.42,0.37,0.78,0.83,1.05,1.11,0.77,0.83,21188,13.272459506988525
0.96,0.43,0.39,0.76,0.8,1.08,1.12,0.81,0.83,20703,13.276434421539307
0.96,0.42,0.38,0.77,0.83,1.1,1.13,0.79,0.9,20684,13.281485795974731
0.94,0.41,0.4,0.82,0.87,1.1,1.14,0.81,0.93,21241,13.281485795974731
0.97,0.4,0.4,0.8,0.85,1.12,1.13,0.83,0.96,21462,13.28514552116394
0.98,0.43,0.41,0.78,0.83,1.12,1.13,0.86,0.93,21447,13.289994239807129
1.0,0.44,0.4,0.8,0.84,1.15,1.17,0.83,0.97,21648,13.29338788986206
0.96,0.46,0.41,0.82,0.85,1.14,1.17,0.85,1.01,21897,13.2964768409729
0.96,0.41,0.41,0.82,0.88,1.15,1.15,0.89,1.0,21650,13.297544479370117
0.94,0.46,0.38,0.88,0.88,1.19,1.17,0.9,1.01,22045,13.30132508277893
0.93,0.44,0.41,0.9,0.88,1.17,1.19,0.96,1.04,22388,13.305562257766724
0.95,0.42,0.4,0.9,0.89,1.2,1.22,0.97,1.04,22783,13.30891466140747
0.98,0.43,0.44,0.88,0.88,1.2,1.24,0.97,1.07,23278,13.309678077697754
0.97,0.44,0.45,0.88,0.88,1.23,1.29,1.01,1.09,23639,13.313673734664917
0.97,0.47,0.45,0.9,0.9,1.21,1.26,1.02,1.12,23764,13.317737102508545
0.99,0.46,0.45,0.97,0.88,1.23,1.25,1.04,1.13,23671,13.321737051010132
0.98,0.44,0.45,0.98,0.91,1.24,1.26,1.11,1.11,23942,13.321737051010132
0.99,0.48,0.47,0.99,0.93,1.23,1.28,1.11,1.13,24731,13.325258731842041
1.0,0.47,0.48,1.0,0.93,1.25,1.3,1.12,1.14,24904,13.329547882080078
1.02,0.47,0.46,1.01,0.97,1.25,1.3,1.13,1.17,24843,13.333487510681152
1.02,0.48,0.49,1.0,0.95,1.26,1.35,1.17,1.17,24760,13.334550619125366
1.04,0.49,0.5,1.02,0.97,1.25,1.33,1.19,1.19,24787,13.337706089019775
1.04,0.53,0.51,1.02,1.0,1.25,1.34,1.16,1.18,24486,13.342706680297852
1.04,0.56,0.54,1.03,1.06,1.26,1.35,1.19,1.2,24785,13.345706462860107
1.05,0.56,0.53,1.03,1.05,1.27,1.38,1.19,1.19,25186,13.346670866012573
1.06,0.58,0.52,1.04,1.1,1.27,1.38,1.18,1.21,24963,13.350018739700317
1.08,0.53,0.55,1.04,1.12,1.26,1.37,1.2,1.23,24656,13.354201555252075
1.07,0.55,0.55,1.04,1.1,1.27,1.39,1.16,1.23,24805,13.358698606491089
1.07,0.53,0.55,1.05,1.11,1.27,1.38,1.18,1.23,24840,13.362628698348999
1.08,0.55,0.54,1.07,1.12,1.27,1.39,1.19,1.24,25179,13.363739728927612
1.09,0.59,0.53,1.07,1.11,1.29,1.41,1.19,1.25,25068,13.367430925369263
1.09,0.56,0.54,1.06,1.14,1.29,1.4,1.18,1.24,25141,13.371431112289429
1.1,0.56,0.57,1.07,1.15,1.29,1.4,1.2,1.24,25134,13.374696969985962
1.12,0.59,0.55,1.08,1.16,1.29,1.4,1.21,1.24,25053,13.375435829162598
1.1,0.58,0.53,1.08,1.16,1.3,1.4,1.21,1.25,24978,13.379431009292603
1.11,0.6,0.54,1.07,1.16,1.3,1.41,1.2,1.25,25249,13.383244037628174
1.11,0.6,0.56,1.07,1.16,1.3,1.42,1.2,1.24,25270,13.387478351593018
1.13,0.6,0.55,1.08,1.18,1.31,1.42,1.21,1.24,25113,13.387478351593018
1.13,0.6,0.56,1.08,1.19,1.3,1.42,1.21,1.25,24972,13.392006397247314
1.11,0.6,0.57,1.09,1.21,1.3,1.42,1.22,1.25,24925,13.39514446258545
1.13,0.62,0.57,1.1,1.21,1.3,1.42,1.21,1.26,24698,13.39950680732727
1.11,0.62,0.57,1.11,1.19,1.29,1.42,1.22,1.26,25113,13.400559902191162
1.13,0.63,0.58,1.11,1.2,1.29,1.41,1.23,1.26,24850,13.403554916381836
1.13,0.61,0.58,1.12,1.22,1.29,1.42,1.24,1.27,24843,13.408854722976685
1.14,0.6,0.58,1.12,1.21,1.29,1.42,1.24,1.26,24954,13.41184687614441
1.13,0.62,0.58,1.13,1.2,1.3,1.41,1.25,1.26,24761,13.412854671478271
1.13,0.62,0.58,1.13,1.21,1.3,1.41,1.25,1.26,24590,13.415467262268066
1.13,0.62,0.58,1.13,1.21,1.3,1.42,1.25,1.27,24625,13.420488595962524
1.12,0.63,0.59,1.14,1.22,1.31,1.43,1.24,1.26,24736,13.424482583999634
1.12,0.62,0.59,1.14,1.22,1.3,1.42,1.25,1.26,24699,13.424482583999634
1.13,0.62,0.6,1.14,1.22,1.31,1.42,1.25,1.26,24810,13.42896556854248
1.12,0.63,0.6,1.14,1.23,1.3,1.42,1.25,1.26,24751,13.43266773223877
1.13,0.63,0.6,1.15,1.22,1.3,1.42,1.26,1.27,24612,13.43690037727356
1.13,0.64,0.6,1.16,1.21,1.31,1.42,1.26,1.26,24543,13.44034481048584
1.13,0.64,0.6,1.16,1.23,1.31,1.41,1.25,1.26,24568,13.44034481048584
1.13,0.62,0.6,1.15,1.23,1.31,1.42,1.26,1.27,24141,13.44490098953247
1.13,0.62,0.6,1.15,1.25,1.31,1.42,1.25,1.26,24216,13.449876070022583
1.13,0.63,0.6,1.14,1.24,1.31,1.42,1.25,1.27,24413,13.45290470123291
1.14,0.64,0.61,1.15,1.24,1.31,1.43,1.26,1.27,24378,13.45290470123291
1.13,0.62,0.61,1.15,1.24,1.3,1.42,1.25,1.27,24461,13.456904649734497
1.14,0.63,0.61,1.15,1.25,1.31,1.43,1.25,1.27,24698,13.46087121963501
1.14,0.63,0.6,1.15,1.25,1.3,1.42,1.26,1.27,24297,13.464914083480835
1.13,0.64,0.61,1.16,1.25,1.31,1.42,1.25,1.27,24422,13.465959072113037
1.13,0.63,0.61,1.16,1.25,1.31,1.42,1.25,1.27,24757,13.468817710876465
1.13,0.62,0.61,1.17,1.26,1.31,1.41,1.25,1.27,25126,13.473318338394165
1.14,0.63,0.61,1.17,1.24,1.3,1.42,1.26,1.27,24841,13.477362155914307
1.14,0.64,0.61,1.17,1.25,1.31,1.41,1.25,1.27,25108,13.478316068649292
1.14,0.64,0.61,1.17,1.25,1.31,1.42,1.25,1.27,24679,13.48132061958313
1.13,0.65,0.61,1.17,1.26,1.31,1.42,1.26,1.27,24580,13.485584735870361
1.14,0.64,0.61,1.18,1.27,1.31,1.42,1.25,1.27,24435,13.490005016326904
1.14,0.65,0.62,1.18,1.27,1.31,1.41,1.25,1.27,24476,13.490983247756958
1.14,0.65,0.62,1.17,1.28,1.3,1.41,1.26,1.28,24455,13.494201183319092
1.14,0.65,0.62,1.17,1.26,1.3,1.42,1.25,1.27,24658,13.498481512069702
1.14,0.65,0.62,1.18,1.27,1.3,1.42,1.25,1.27,24583,13.501455307006836
1.14,0.64,0.62,1.18,1.27,1.3,1.42,1.26,1.27,24656,13.505746126174927
1.14,0.64,0.61,1.17,1.28,1.3,1.42,1.26,1.27,24355,13.506481885910034
1.14,0.64,0.62,1.17,1.28,1.31,1.43,1.26,1.27,24650,13.510594129562378
1.13,0.65,0.61,1.17,1.27,1.31,1.42,1.25,1.27,24749,13.514671802520752
1.13,0.65,0.62,1.18,1.27,1.31,1.42,1.25,1.27,24268,13.518492698669434
1.14,0.66,0.62,1.17,1.27,1.31,1.42,1.26,1.27,24525,13.519553184509277
1.14,0.66,0.62,1.17,1.26,1.31,1.43,1.26,1.28,24668,13.522568702697754
1.14,0.64,0.62,1.18,1.28,1.31,1.43,1.25,1.28,24657,13.526970386505127
1.14,0.64,0.61,1.18,1.28,1.31,1.43,1.26,1.28,25088,13.530040502548218
1.14,0.65,0.62,1.18,1.27,1.31,1.43,1.26,1.28,24593,13.530040502548218
1.14,0.66,0.62,1.18,1.27,1.31,1.43,1.25,1.29,24272,13.535719394683838
1.13,0.65,0.62,1.17,1.27,1.32,1.43,1.27,1.29,24477,13.53878903388977
1.14,0.64,0.62,1.18,1.28,1.32,1.43,1.27,1.28,24178,13.543187379837036
1.14,0.64,0.62,1.18,1.28,1.32,1.43,1.27,1.28,24183,13.543187379837036
1.14,0.65,0.62,1.17,1.28,1.32,1.43,1.26,1.28,24338,13.547553300857544
1.13,0.66,0.61,1.18,1.28,1.33,1.43,1.25,1.28,24379,13.551573276519775
1.14,0.65,0.61,1.18,1.29,1.33,1.43,1.25,1.28,24452,13.555579900741577
1.14,0.65,0.62,1.18,1.28,1.32,1.43,1.26,1.28,24503,13.555579900741577
1.14,0.65,0.61,1.18,1.29,1.33,1.43,1.26,1.28,24368,13.55954647064209
1.13,0.66,0.61,1.18,1.29,1.32,1.42,1.26,1.28,24775,13.563122034072876
1.14,0.65,0.61,1.18,1.29,1.32,1.43,1.26,1.28,24438,13.56759524345398
1.14,0.65,0.61,1.19,1.29,1.33,1.43,1.27,1.28,24163,13.56759524345398
1.14,0.64,0.61,1.19,1.3,1.32,1.43,1.27,1.28,24460,13.57199239730835
1.14,0.66,0.61,1.19,1.29,1.33,1.43,1.27,1.28,24345,13.57628321647644
1.13,0.66,0.61,1.2,1.29,1.33,1.43,1.27,1.28,24234,13.57987356185913
1.14,0.66,0.62,1.19,1.27,1.33,1.42,1.27,1.28,24473,13.584073781967163
1.14,0.66,0.62,1.19,1.28,1.33,1.43,1.27,1.28,24378,13.584073781967163
1.14,0.66,0.61,1.19,1.29,1.33,1.43,1.26,1.28,24385,13.588125944137573
1.14,0.66,0.62,1.19,1.29,1.33,1.43,1.27,1.28,24766,13.592091083526611
1.14,0.66,0.62,1.19,1.3,1.33,1.43,1.26,1.28,24519,13.596094369888306
1.14,0.67,0.62,1.19,1.3,1.33,1.43,1.26,1.29,24286,13.59714961051941
1.14,0.67,0.62,1.19,1.31,1.33,1.43,1.27,1.28,24297,13.600167512893677
1.15,0.67,0.62,1.19,1.31,1.33,1.43,1.26,1.28,24092,13.605214595794678
1.14,0.67,0.62,1.2,1.31,1.33,1.43,1.27,1.28,23925,13.607844352722168
1.15,0.67,0.63,1.19,1.31,1.33,1.43,1.27,1.28,23884,13.6089346408844
1.15,0.67,0.62,1.2,1.31,1.33,1.43,1.27,1.28,24303,13.613410949707031
1.14,0.66,0.63,1.19,1.31,1.33,1.43,1.27,1.28,24340,13.617727994918823
1.15,0.66,0.62,1.2,1.31,1.33,1.42,1.27,1.28,24133,13.620776891708374
1.15,0.66,0.62,1.2,1.32,1.33,1.43,1.27,1.29,24286,13.621705293655396
1.15,0.66,0.62,1.19,1.31,1.33,1.42,1.26,1.29,24301,13.625618934631348
1.15,0.67,0.62,1.2,1.32,1.33,1.43,1.26,1.29,24390,13.629997730255127
1.14,0.67,0.63,1.2,1.32,1.33,1.43,1.27,1.29,24459,13.632935762405396
1.14,0.65,0.63,1.19,1.33,1.33,1.43,1.26,1.28,24120,13.634106159210205
1.14,0.65,0.62,1.2,1.32,1.33,1.43,1.26,1.29,24093,13.637425422668457
1.14,0.65,0.62,1.2,1.33,1.33,1.43,1.26,1.29,24444,13.641425371170044
1.14,0.67,0.62,1.2,1.32,1.33,1.43,1.26,1.29,24617,13.645922422409058
1.15,0.67,0.62,1.2,1.33,1.33,1.42,1.26,1.29,24386,13.649474382400513
1.14,0.67,0.62,1.2,1.34,1.33,1.43,1.26,1.29,24095,13.649474382400513
1.15,0.66,0.62,1.2,1.33,1.33,1.43,1.26,1.29,23960,13.654516220092773
1.15,0.67,0.62,1.2,1.32,1.33,1.43,1.27,1.29,24319,13.657513618469238
1.15,0.68,0.62,1.2,1.32,1.33,1.43,1.27,1.29,23860,13.661358118057251
1.15,0.67,0.62,1.2,1.32,1.33,1.43,1.27,1.29,23545,13.661358118057251
1.15,0.67,0.62,1.2,1.31,1.33,1.43,1.27,1.29,24066,13.666424989700317
1.15,0.67,0.62,1.2,1.31,1.33,1.43,1.28,1.29,24471,13.670394897460938
1.15,0.67,0.62,1.2,1.31,1.33,1.42,1.27,1.28,24206,13.673708200454712
1.15,0.67,0.62,1.2,1.31,1.33,1.43,1.28,1.29,24191,13.67442512512207
1.15,0.68,0.62,1.2,1.32,1.33,1.43,1.27,1.29,23816,13.678525924682617
1.15,0.67,0.62,1.2,1.32,1.33,1.43,1.28,1.29,24219,13.682134866714478
1.15,0.67,0.62,1.2,1.33,1.33,1.43,1.27,1.29,24078,13.685862302780151
1.15,0.68,0.62,1.2,1.32,1.34,1.42,1.28,1.29,24273,13.686639547348022
1.15,0.68,0.62,1.2,1.32,1.34,1.42,1.27,1.29,24070,13.690953731536865
1.15,0.68,0.62,1.2,1.32,1.33,1.42,1.26,1.29,23501,13.69536828994751
1.15,0.67,0.62,1.21,1.33,1.33,1.43,1.28,1.29,23844,13.698776006698608
1.15,0.66,0.62,1.21,1.34,1.33,1.43,1.27,1.29,24261,13.699755430221558
1.15,0.67,0.62,1.21,1.34,1.33,1.43,1.27,1.29,24188,13.703003883361816
1.15,0.67,0.62,1.2,1.34,1.33,1.43,1.27,1.29,24493,13.706541776657104
1.15,0.67,0.62,1.2,1.34,1.33,1.43,1.27,1.29,24422,13.710551977157593
1.15,0.67,0.63,1.21,1.34,1.33,1.43,1.27,1.29,24149,13.710551977157593
1.15,0.66,0.63,1.21,1.34,1.33,1.43,1.27,1.29,24434,13.714547157287598
1.15,0.66,0.63,1.21,1.34,1.33,1.43,1.27,1.29,24661,13.71959114074707
1.15,0.66,0.63,1.21,1.34,1.33,1.43,1.28,1.29,24538,13.723617553710938
1.15,0.66,0.63,1.21,1.34,1.33,1.42,1.27,1.29,24843,13.723617553710938
1.15,0.66,0.62,1.21,1.34,1.34,1.43,1.28,1.29,24782,13.72771143913269
1.15,0.66,0.62,1.21,1.34,1.33,1.43,1.27,1.29,24631,13.731483221054077
1.15,0.66,0.63,1.21,1.33,1.33,1.43,1.28,1.29,24704,13.735926866531372
1.15,0.66,0.63,1.21,1.33,1.33,1.43,1.28,1.29,24683,13.739311695098877
1.15,0.67,0.63,1.21,1.33,1.33,1.43,1.28,1.29,24444,13.739311695098877
1.15,0.67,0.63,1.21,1.33,1.33,1.43,1.28,1.3,24291,13.74435830116272
1.15,0.66,0.63,1.21,1.34,1.33,1.43,1.28,1.3,24282,13.748075008392334
1.15,0.66,0.63,1.21,1.34,1.33,1.43,1.27,1.3,24299,13.751739501953125
1.15,0.66,0.63,1.21,1.34,1.33,1.43,1.27,1.3,24570,13.751739501953125
1.15,0.66,0.63,1.21,1.34,1.33,1.43,1.27,1.3,24281,13.756315231323242
1.15,0.67,0.63,1.21,1.35,1.33,1.43,1.27,1.3,24202,13.759602785110474
1.15,0.66,0.63,1.21,1.35,1.33,1.43,1.28,1.3,24269,13.763810396194458
1.15,0.66,0.63,1.21,1.34,1.33,1.43,1.27,1.3,24198,13.764815330505371
1.15,0.66,0.63,1.21,1.34,1.33,1.43,1.28,1.3,23813,13.767813205718994
1.15,0.66,0.63,1.22,1.34,1.33,1.43,1.28,1.3,24232,13.772815227508545
1.15,0.66,0.63,1.21,1.34,1.33,1.43,1.28,1.3,24719,13.77582311630249
1.15,0.66,0.63,1.22,1.34,1.34,1.43,1.29,1.3,24512,13.77683162689209
1.15,0.67,0.63,1.21,1.34,1.33,1.43,1.28,1.3,24371,13.780144214630127
1.15,0.67,0.63,1.21,1.34,1.33,1.43,1.28,1.3,24146,13.784524917602539
1.15,0.67,0.63,1.21,1.34,1.33,1.43,1.28,1.3,23841,13.78952670097351
1.15,0.68,0.63,1.21,1.34,1.33,1.43,1.28,1.3,24076,13.78952670097351
1.15,0.67,0.63,1.21,1.33,1.33,1.43,1.28,1.3,24391,13.792524337768555
1.14,0.68,0.62,1.21,1.34,1.33,1.43,1.29,1.3,24518,13.797524690628052
1.14,0.67,0.62,1.22,1.34,1.33,1.43,1.28,1.3,24417,13.801012754440308
1.14,0.67,0.63,1.22,1.34,1.33,1.44,1.28,1.3,24156,13.802066326141357
1.14,0.68,0.63,1.22,1.34,1.33,1.43,1.28,1.3,23939,13.806000471115112
1.14,0.68,0.63,1.22,1.34,1.33,1.43,1.28,1.3,24210,13.80897331237793
1.15,0.69,0.63,1.22,1.34,1.33,1.43,1.28,1.3,24327,13.81376338005066
1.14,0.68,0.63,1.22,1.35,1.34,1.43,1.27,1.31,24092,13.817312717437744
1.14,0.68,0.63,1.23,1.34,1.33,1.43,1.28,1.31,23873,13.818135023117065
1.15,0.68,0.63,1.22,1.34,1.33,1.43,1.28,1.31,23840,13.820719718933105
1.15,0.68,0.63,1.22,1.35,1.33,1.43,1.28,1.31,24221,13.825936079025269
1.14,0.68,0.63,1.22,1.35,1.33,1.43,1.28,1.31,24022,13.8299400806427
1.15,0.68,0.63,1.22,1.35,1.33,1.43,1.28,1.3,24123,13.8299400806427
1.15,0.68,0.63,1.22,1.34,1.33,1.43,1.28,1.3,24368,13.833542585372925
1.15,0.67,0.63,1.22,1.35,1.33,1.43,1.28,1.31,24291,13.838897228240967
1.15,0.67,0.63,1.22,1.34,1.34,1.43,1.28,1.31,24412,13.842260360717773
1.14,0.68,0.63,1.22,1.35,1.34,1.43,1.28,1.31,24349,13.842260360717773
1.14,0.67,0.63,1.22,1.35,1.33,1.43,1.28,1.31,24106,13.845908641815186
1.15,0.68,0.63,1.22,1.35,1.34,1.43,1.27,1.31,24071,13.849838256835938
1.15,0.68,0.63,1.22,1.36,1.34,1.43,1.28,1.31,23872,13.85458493232727
1.15,0.68,0.63,1.23,1.36,1.34,1.43,1.28,1.31,24319,13.85458493232727
1.15,0.67,0.63,1.22,1.35,1.34,1.43,1.28,1.31,24482,13.857842445373535
1.15,0.67,0.63,1.22,1.36,1.34,1.43,1.28,1.31,24335,13.862584590911865
1.15,0.68,0.63,1.22,1.35,1.34,1.43,1.28,1.31,24528,13.86655330657959
1.15,0.68,0.63,1.22,1.36,1.34,1.43,1.28,1.31,24503,13.867607593536377
1.15,0.68,0.63,1.22,1.36,1.34,1.43,1.28,1.31,23800,13.87059473991394
1.15,0.68,0.63,1.22,1.36,1.34,1.43,1.28,1.31,24117,13.874910831451416
1.15,0.67,0.63,1.22,1.36,1.34,1.43,1.28,1.31,24436,13.879279851913452
1.15,0.68,0.63,1.22,1.36,1.34,1.44,1.28,1.31,24467,13.879279851913452
1.15,0.68,0.63,1.22,1.36,1.34,1.43,1.28,1.31,24100,13.883874416351318
1.15,0.68,0.63,1.23,1.35,1.34,1.43,1.28,1.31,24113,13.886402606964111
1.14,0.68,0.63,1.22,1.35,1.34,1.44,1.28,1.31,24266,13.891595125198364
1.15,0.69,0.63,1.23,1.36,1.33,1.44,1.28,1.31,24757,13.892600536346436
1.15,0.68,0.63,1.23,1.36,1.33,1.44,1.27,1.31,24652,13.895601511001587
1.14,0.69,0.63,1.22,1.36,1.34,1.44,1.28,1.31,24725,13.89960241317749
1.15,0.69,0.63,1.23,1.36,1.33,1.43,1.28,1.31,24722,13.903603315353394
1.15,0.68,0.63,1.23,1.36,1.34,1.44,1.28,1.31,24239,13.907146215438843
1.15,0.69,0.63,1.22,1.37,1.34,1.43,1.27,1.31,24132,13.908493041992188
1.15,0.68,0.63,1.22,1.36,1.34,1.44,1.28,1.31,23813,13.911969423294067
1.15,0.69,0.63,1.22,1.36,1.34,1.44,1.27,1.31,23460,13.91594672203064
1.15,0.69,0.63,1.23,1.36,1.34,1.44,1.28,1.31,23913,13.920171737670898
1.15,0.69,0.63,1.23,1.37,1.34,1.44,1.28,1.31,24494,13.920171737670898
1.15,0.68,0.63,1.22,1.37,1.34,1.43,1.28,1.31,24797,13.92408299446106
1.15,0.68,0.63,1.22,1.37,1.34,1.44,1.28,1.31,24330,13.927785158157349
1.15,0.68,0.63,1.22,1.37,1.34,1.44,1.28,1.31,24631,13.931783437728882
1.14,0.68,0.63,1.23,1.37,1.34,1.44,1.28,1.31,24354,13.932908535003662
1.15,0.68,0.63,1.23,1.37,1.34,1.44,1.28,1.32,24249,13.935379028320312
1.14,0.67,0.63,1.22,1.37,1.34,1.44,1.28,1.32,24030,13.940534353256226
1.15,0.67,0.63,1.23,1.37,1.34,1.44,1.28,1.32,24199,13.944636583328247
1.15,0.67,0.63,1.22,1.37,1.34,1.44,1.27,1.31,24454,13.944636583328247
1.15,0.67,0.63,1.22,1.37,1.34,1.45,1.27,1.31,24235,13.948632717132568
1.14,0.68,0.63,1.23,1.37,1.34,1.44,1.27,1.32,24154,13.953097581863403
1.14,0.67,0.63,1.23,1.38,1.34,1.45,1.27,1.32,24113,13.95709776878357
1.14,0.67,0.63,1.22,1.38,1.33,1.44,1.27,1.32,24180,13.95709776878357
1.14,0.67,0.63,1.22,1.38,1.33,1.45,1.27,1.32,24005,13.961097717285156
1.14,0.68,0.64,1.23,1.37,1.33,1.45,1.28,1.32,24036,13.96513295173645
1.15,0.68,0.63,1.22,1.37,1.33,1.45,1.28,1.31,24313,13.968645572662354
1.15,0.68,0.63,1.22,1.37,1.33,1.44,1.28,1.32,23802,13.97302794456482
1.15,0.68,0.64,1.22,1.37,1.33,1.45,1.27,1.32,24037,13.973904848098755
1.15,0.68,0.63,1.22,1.37,1.33,1.44,1.28,1.31,24008,13.977938413619995
1.15,0.68,0.64,1.22,1.37,1.33,1.44,1.28,1.31,23791,13.981938123703003
1.14,0.68,0.63,1.23,1.36,1.33,1.44,1.28,1.32,24436,13.98499059677124
1.14,0.68,0.63,1.23,1.37,1.33,1.44,1.28,1.32,24451,13.98499059677124
1.14,0.67,0.64,1.23,1.37,1.33,1.44,1.28,1.32,24254,13.989270448684692
1.14,0.67,0.64,1.23,1.38,1.33,1.44,1.27,1.32,23919,13.994016408920288
1.14,0.68,0.63,1.22,1.37,1.33,1.44,1.28,1.32,23876,13.998043060302734
1.14,0.68,0.64,1.23,1.37,1.33,1.44,1.28,1.32,24127,13.998043060302734
1.14,0.68,0.64,1.23,1.37,1.33,1.44,1.28,1.32,24264,14.002123355865479
1.14,0.68,0.64,1.23,1.37,1.33,1.44,1.28,1.32,23885,14.00679326057434
1.14,0.68,0.64,1.23,1.37,1.33,1.44,1.28,1.32,24024,14.010446071624756
1.15,0.68,0.64,1.23,1.37,1.33,1.44,1.28,1.32,23983,14.010446071624756
1.15,0.68,0.63,1.24,1.36,1.33,1.44,1.28,1.32,23908,14.014086484909058
1.15,0.68,0.64,1.23,1.36,1.34,1.44,1.28,1.32,24213,14.018415451049805
1.14,0.68,0.64,1.23,1.37,1.33,1.44,1.28,1.32,24302,14.022422552108765
1.15,0.68,0.64,1.24,1.37,1.33,1.44,1.28,1.32,24121,14.02340054512024
1.14,0.69,0.64,1.23,1.37,1.33,1.44,1.29,1.32,24226,14.026395797729492
1.15,0.68,0.64,1.24,1.37,1.33,1.44,1.29,1.32,24417,14.029932022094727
1.14,0.69,0.64,1.24,1.37,1.33,1.44,1.29,1.32,24774,14.034272193908691
1.14,0.68,0.64,1.24,1.37,1.33,1.44,1.28,1.32,24621,14.035392045974731
1.14,0.68,0.64,1.23,1.37,1.33,1.43,1.29,1.32,24198,14.038680076599121
1.15,0.68,0.64,1.23,1.37,1.33,1.44,1.29,1.32,24097,14.042680025100708
1.14,0.68,0.64,1.23,1.37,1.33,1.44,1.28,1.32,23794,14.047679901123047
1.14,0.68,0.64,1.24,1.37,1.33,1.44,1.28,1.32,23843,14.050707817077637
1.14,0.68,0.64,1.24,1.37,1.33,1.44,1.29,1.32,23980,14.051679611206055
1.15,0.68,0.64,1.23,1.38,1.33,1.44,1.28,1.32,24035,14.055894136428833
1.14,0.68,0.64,1.23,1.37,1.34,1.44,1.29,1.32,24208,14.058931350708008
1.15,0.69,0.64,1.23,1.37,1.33,1.44,1.29,1.31,24287,14.063117265701294
1.15,0.68,0.64,1.23,1.37,1.33,1.43,1.29,1.32,24376,14.064172506332397
1.15,0.68,0.64,1.23,1.36,1.33,1.44,1.29,1.32,24027,14.067811727523804
1.14,0.68,0.64,1.23,1.37,1.33,1.44,1.29,1.32,24470,14.07127070426941
1.14,0.69,0.64,1.24,1.36,1.33,1.44,1.29,1.32,24389,14.075954914093018
1.14,0.69,0.64,1.23,1.36,1.33,1.44,1.29,1.32,23824,14.075954914093018
1.15,0.69,0.63,1.23,1.36,1.33,1.44,1.29,1.32,23983,14.079926252365112
1.14,0.68,0.64,1.24,1.37,1.33,1.44,1.29,1.32,24370,14.083954811096191
1.14,0.69,0.63,1.24,1.37,1.34,1.44,1.29,1.32,24269,14.08797287940979
1.14,0.68,0.63,1.24,1.37,1.34,1.44,1.29,1.32,24132,14.08895492553711
1.15,0.69,0.63,1.23,1.36,1.34,1.44,1.28,1.32,23849,14.0915048122406
1.14,0.69,0.64,1.23,1.37,1.34,1.44,1.29,1.32,24124,14.096008539199829
1.14,0.69,0.63,1.24,1.37,1.34,1.43,1.29,1.32,24421,14.100215673446655
1.14,0.69,0.64,1.24,1.37,1.34,1.44,1.28,1.32,24000,14.101232290267944
1.14,0.69,0.64,1.24,1.37,1.34,1.44,1.28,1.32,23803,14.10501742362976
1.14,0.69,0.63,1.24,1.37,1.34,1.44,1.28,1.32,24072,14.107957601547241
1.15,0.69,0.64,1.24,1.37,1.34,1.44,1.29,1.32,23911,14.1131010055542
1.15,0.7,0.64,1.23,1.37,1.34,1.44,1.29,1.32,23996,14.116319417953491
1.14,0.69,0.64,1.23,1.37,1.34,1.44,1.28,1.32,23993,14.11716079711914
1.15,0.69,0.64,1.23,1.36,1.34,1.44,1.29,1.32,23706,14.12120008468628
1.14,0.7,0.64,1.23,1.36,1.34,1.44,1.29,1.32,23879,14.124609470367432
1.15,0.69,0.64,1.24,1.36,1.33,1.44,1.29,1.32,24440,14.128634929656982
1.14,0.69,0.64,1.23,1.36,1.33,1.44,1.28,1.32,24437,14.128634929656982
1.15,0.69,0.64,1.23,1.36,1.33,1.44,1.28,1.32,24238,14.13293719291687
1.14,0.69,0.64,1.24,1.36,1.33,1.43,1.29,1.32,24497,14.137044191360474
1.15,0.69,0.64,1.24,1.37,1.33,1.44,1.29,1.32,24212,14.140028715133667
1.14,0.69,0.64,1.24,1.37,1.34,1.44,1.29,1.32,24139,14.141032457351685
1.15,0.69,0.65,1.24,1.37,1.33,1.44,1.29,1.32,24372,14.145031690597534
1.14,0.69,0.64,1.24,1.37,1.33,1.44,1.29,1.32,24243,14.149036407470703
1.14,0.69,0.64,1.24,1.37,1.33,1.44,1.28,1.32,24472,14.153303384780884
1.15,0.69,0.64,1.24,1.37,1.33,1.44,1.28,1.32,24327,14.153303384780884
1.14,0.69,0.64,1.24,1.37,1.34,1.44,1.28,1.32,24316,14.156926393508911
1.14,0.69,0.64,1.24,1.37,1.33,1.44,1.29,1.32,23999,14.161540031433105
1.14,0.69,0.64,1.24,1.37,1.33,1.44,1.29,1.32,23862,14.16657304763794
1.15,0.69,0.64,1.24,1.38,1.33,1.45,1.29,1.32,23443,14.16657304763794
1.14,0.69,0.64,1.24,1.37,1.34,1.45,1.29,1.32,23632,14.169550895690918
1.15,0.69,0.64,1.24,1.37,1.34,1.45,1.29,1.32,23839,14.174055814743042
1.15,0.69,0.64,1.24,1.38,1.34,1.45,1.29,1.32,23622,14.177702188491821
1.15,0.69,0.64,1.24,1.38,1.33,1.45,1.29,1.32,23835,14.181517839431763
1.14,0.69,0.64,1.24,1.38,1.33,1.44,1.29,1.31,23920,14.181517839431763
1.14,0.69,0.64,1.24,1.38,1.34,1.45,1.29,1.32,24347,14.185869693756104
1.14,0.7,0.65,1.23,1.38,1.34,1.45,1.29,1.32,24410,14.190443992614746
1.14,0.69,0.65,1.23,1.38,1.33,1.45,1.29,1.32,24547,14.193932056427002
1.14,0.69,0.65,1.24,1.38,1.33,1.44,1.28,1.32,24274,14.19494342803955
1.14,0.69,0.65,1.24,1.37,1.34,1.44,1.29,1.31,24047,14.198973417282104
1.14,0.69,0.65,1.24,1.38,1.34,1.45,1.28,1.32,23746,14.203000545501709
1.14,0.7,0.64,1.24,1.38,1.33,1.45,1.29,1.32,23697,14.206094026565552
1.14,0.69,0.65,1.24,1.38,1.34,1.45,1.29,1.32,24224,14.207143306732178
1.14,0.69,0.65,1.24,1.38,1.34,1.45,1.29,1.32,24191,14.211369752883911
1.14,0.69,0.64,1.24,1.38,1.34,1.45,1.29,1.32,24488,14.215373516082764
1.14,0.69,0.64,1.24,1.38,1.34,1.45,1.29,1.32,23891,14.218691349029541
1.14,0.69,0.65,1.24,1.38,1.34,1.45,1.29,1.32,23946,14.219698429107666
1.14,0.7,0.64,1.24,1.38,1.33,1.44,1.29,1.32,24325,14.223817586898804
1.15,0.69,0.65,1.24,1.38,1.33,1.45,1.29,1.32,24224,14.228018045425415
1.14,0.69,0.65,1.24,1.38,1.33,1.44,1.29,1.32,23873,14.230562925338745
1.14,0.69,0.65,1.24,1.39,1.33,1.44,1.29,1.32,24152,14.231562376022339
1.14,0.69,0.65,1.24,1.39,1.33,1.44,1.29,1.32,24041,14.235400915145874
1.14,0.69,0.65,1.24,1.39,1.34,1.45,1.29,1.32,24418,14.239744663238525
1.14,0.68,0.65,1.24,1.38,1.34,1.45,1.29,1.32,24317,14.243744373321533
1.14,0.68,0.65,1.24,1.38,1.34,1.45,1.29,1.31,23996,14.243744373321533
1.15,0.69,0.65,1.25,1.39,1.34,1.45,1.29,1.31,23891,14.24777102470398
1.14,0.69,0.65,1.24,1.39,1.34,1.44,1.29,1.32,24330,14.251298666000366
1.14,0.69,0.65,1.24,1.39,1.33,1.45,1.29,1.32,24341,14.256767272949219
1.15,0.69,0.65,1.25,1.38,1.33,1.45,1.28,1.31,24672,14.259849548339844
1.14,0.69,0.65,1.24,1.38,1.33,1.44,1.29,1.32,24393,14.260857105255127
1.15,0.69,0.65,1.25,1.38,1.34,1.44,1.29,1.31,23740,14.26385760307312
1.15,0.69,0.65,1.25,1.38,1.34,1.45,1.29,1.32,23549,14.268517255783081
1.15,0.69,0.65,1.24,1.39,1.33,1.44,1.28,1.32,23846,14.271928787231445
1.15,0.69,0.65,1.24,1.39,1.34,1.44,1.29,1.32,23939,14.272976160049438
1.15,0.7,0.65,1.24,1.39,1.34,1.44,1.29,1.32,24252,14.27562427520752
1.15,0.7,0.65,1.25,1.39,1.34,1.44,1.28,1.32,24683,14.280628204345703
1.15,0.7,0.65,1.25,1.38,1.33,1.44,1.28,1.32,24416,14.283910274505615
1.14,0.7,0.65,1.24,1.38,1.33,1.44,1.29,1.32,23905,14.28462815284729
1.15,0.7,0.65,1.24,1.38,1.33,1.44,1.28,1.32,23734,14.288628578186035
1.15,0.7,0.65,1.25,1.38,1.33,1.44,1.29,1.32,23761,14.292402029037476
1.15,0.69,0.65,1.24,1.39,1.34,1.44,1.29,1.32,23842,14.296660423278809
1.14,0.69,0.65,1.25,1.39,1.34,1.44,1.29,1.32,24029,14.296660423278809
1.15,0.69,0.65,1.25,1.39,1.34,1.44,1.29,1.32,23788,14.30174446105957
1.15,0.69,0.65,1.25,1.39,1.34,1.44,1.29,1.32,24309,14.305748462677002
1.15,0.69,0.65,1.25,1.39,1.34,1.44,1.29,1.32,24240,14.308748006820679
1.15,0.69,0.65,1.25,1.39,1.34,1.44,1.29,1.32,24195,14.309727191925049
1.15,0.69,0.65,1.25,1.4,1.34,1.44,1.29,1.32,24114,14.313871383666992
1.15,0.7,0.65,1.24,1.39,1.34,1.44,1.28,1.32,24317,14.318099737167358
1.15,0.69,0.65,1.25,1.4,1.34,1.44,1.29,1.32,24110,14.321690320968628
1.15,0.69,0.65,1.24,1.39,1.34,1.44,1.29,1.32,24157,14.324655532836914
1.15,0.69,0.65,1.24,1.39,1.34,1.44,1.29,1.31,24092,14.324655532836914
1.15,0.69,0.65,1.25,1.39,1.34,1.44,1.29,1.32,23927,14.329137563705444
1.15,0.69,0.65,1.24,1.4,1.34,1.45,1.29,1.31,23824,14.33325719833374
1.15,0.69,0.65,1.24,1.4,1.34,1.45,1.29,1.32,23983,14.337268352508545
1.15,0.69,0.65,1.24,1.4,1.34,1.45,1.29,1.31,24004,14.337268352508545
1.15,0.69,0.66,1.24,1.4,1.34,1.44,1.29,1.31,24199,14.341653108596802
1.15,0.69,0.65,1.25,1.4,1.34,1.44,1.29,1.31,24224,14.345926284790039
1.15,0.69,0.65,1.24,1.4,1.34,1.44,1.28,1.32,24467,14.349098682403564
1.15,0.7,0.65,1.24,1.39,1.34,1.44,1.28,1.31,24528,14.350097417831421
1.15,0.7,0.65,1.25,1.39,1.34,1.45,1.29,1.32,23957,14.354097127914429
1.15,0.7,0.65,1.24,1.39,1.34,1.44,1.29,1.32,24050,14.358065366744995
1.15,0.7,0.65,1.25,1.39,1.34,1.45,1.28,1.32,24163,14.362137794494629
1.15,0.7,0.65,1.25,1.39,1.34,1.45,1.29,1.32,24084,14.362137794494629
1.15,0.7,0.65,1.25,1.39,1.34,1.44,1.29,1.32,24489,14.365833044052124
1.15,0.7,0.65,1.25,1.39,1.34,1.45,1.29,1.32,24400,14.369664192199707
1.15,0.7,0.65,1.25,1.39,1.34,1.45,1.28,1.32,23979,14.373701810836792
1.15,0.7,0.65,1.25,1.39,1.34,1.45,1.28,1.32,23888,14.374707698822021
1.15,0.7,0.65,1.24,1.39,1.34,1.45,1.29,1.32,23641,14.378411769866943
1.15,0.7,0.65,1.24,1.4,1.34,1.45,1.29,1.32,23928,14.38339638710022
1.16,0.7,0.65,1.24,1.39,1.34,1.45,1.29,1.32,24027,14.386636734008789
1.15,0.7,0.65,1.24,1.39,1.34,1.45,1.29,1.32,23824,14.386636734008789
1.15,0.7,0.65,1.25,1.38,1.34,1.45,1.29,1.32,23917,14.390631198883057
1.15,0.7,0.65,1.24,1.39,1.34,1.45,1.29,1.32,24028,14.395665884017944
1.15,0.7,0.65,1.24,1.38,1.34,1.45,1.29,1.32,24321,14.399382829666138
1.15,0.7,0.65,1.25,1.38,1.34,1.45,1.29,1.32,24172,14.402972936630249
1.15,0.7,0.65,1.24,1.39,1.34,1.45,1.29,1.32,23945,14.40386962890625
1.15,0.7,0.65,1.24,1.39,1.34,1.45,1.29,1.32,24004,14.407455205917358
1.15,0.7,0.65,1.25,1.39,1.34,1.45,1.29,1.32,24401,14.411730766296387
1.15,0.7,0.65,1.25,1.39,1.34,1.45,1.3,1.32,24672,14.415732622146606
1.15,0.7,0.65,1.25,1.39,1.34,1.45,1.29,1.31,24075,14.415732622146606
1.14,0.7,0.65,1.25,1.39,1.34,1.45,1.29,1.32,23922,14.42000675201416
1.15,0.7,0.65,1.25,1.39,1.34,1.45,1.29,1.32,23995,14.423386812210083
1.15,0.7,0.65,1.25,1.39,1.34,1.45,1.29,1.31,23996,14.427267074584961
1.15,0.7,0.65,1.25,1.38,1.34,1.45,1.3,1.31,24249,14.42829966545105
1.15,0.7,0.65,1.25,1.38,1.34,1.45,1.29,1.31,23822,14.4322988986969
1.15,0.71,0.65,1.25,1.38,1.34,1.45,1.29,1.31,24257,14.436792850494385
1.15,0.71,0.65,1.25,1.38,1.34,1.45,1.29,1.31,24214,14.44001579284668
1.15,0.71,0.65,1.25,1.38,1.34,1.45,1.29,1.31,23877,14.44001579284668
1.15,0.7,0.65,1.25,1.38,1.35,1.45,1.29,1.31,24202,14.444015502929688
1.15,0.71,0.65,1.25,1.38,1.35,1.45,1.3,1.31,24223,14.448370456695557
1.15,0.71,0.65,1.25,1.38,1.34,1.45,1.29,1.31,23900,14.452418088912964
1.15,0.71,0.65,1.25,1.38,1.35,1.45,1.3,1.31,24169,14.452418088912964
1.15,0.7,0.65,1.25,1.38,1.35,1.45,1.3,1.32,24602,14.45621943473816
1.15,0.7,0.65,1.24,1.38,1.34,1.45,1.29,1.31,24045,14.460487365722656
1.15,0.7,0.65,1.25,1.38,1.35,1.45,1.29,1.32,23594,14.465022087097168
1.15,0.7,0.65,1.24,1.38,1.34,1.45,1.29,1.32,23817,14.468318939208984
1.15,0.7,0.65,1.25,1.39,1.35,1.44,1.3,1.32,24162,14.469019889831543
1.15,0.7,0.65,1.25,1.39,1.34,1.45,1.29,1.31,24327,14.473021268844604
1.15,0.7,0.65,1.25,1.39,1.35,1.44,1.3,1.31,24028,14.477021217346191
1.15,0.7,0.65,1.25,1.38,1.35,1.45,1.29,1.31,23839,14.480804443359375
1.15,0.7,0.65,1.25,1.39,1.35,1.45,1.3,1.31,24142,14.48160719871521
1.15,0.7,0.65,1.24,1.39,1.35,1.44,1.29,1.31,24367,14.485961437225342
1.15,0.7,0.65,1.24,1.39,1.34,1.45,1.29,1.32,24074,14.489950895309448
1.15,0.7,0.65,1.25,1.39,1.35,1.45,1.29,1.32,24363,14.492736339569092
1.15,0.7,0.66,1.25,1.38,1.34,1.45,1.3,1.31,23970,14.493785858154297
1.15,0.7,0.66,1.25,1.39,1.34,1.45,1.29,1.31,23927,14.497203350067139
1.14,0.7,0.66,1.25,1.39,1.34,1.45,1.3,1.31,23944,14.501401424407959
1.14,0.7,0.66,1.25,1.39,1.34,1.45,1.3,1.31,24079,14.505454063415527
1.14,0.7,0.66,1.24,1.4,1.34,1.45,1.29,1.31,23784,14.506448984146118
1.14,0.69,0.66,1.24,1.39,1.34,1.45,1.29,1.31,23655,14.509878873825073
1.14,0.7,0.66,1.25,1.39,1.34,1.45,1.3,1.31,23732,14.513378858566284
1.14,0.7,0.66,1.25,1.39,1.34,1.45,1.3,1.31,24095,14.518440961837769
1.15,0.69,0.66,1.25,1.39,1.34,1.45,1.3,1.31,23584,14.518440961837769
1.14,0.7,0.66,1.25,1.39,1.35,1.45,1.3,1.31,23993,14.522839784622192
1.15,0.7,0.66,1.25,1.39,1.35,1.45,1.3,1.31,24236,14.526018857955933
1.14,0.7,0.66,1.24,1.39,1.35,1.45,1.29,1.31,24219,14.530309677124023
1.14,0.7,0.66,1.25,1.39,1.35,1.45,1.29,1.31,24500,14.530309677124023
1.14,0.7,0.66,1.25,1.4,1.35,1.45,1.29,1.31,24653,14.533813953399658
1.15,0.7,0.66,1.25,1.4,1.35,1.45,1.29,1.31,24498,14.537826299667358
1.15,0.7,0.66,1.25,1.4,1.35,1.45,1.29,1.31,24187,14.541832685470581
1.14,0.69,0.66,1.25,1.4,1.34,1.45,1.3,1.31,24130,14.546189785003662
1.15,0.7,0.66,1.25,1.39,1.35,1.45,1.29,1.31,23939,14.546764850616455
1.15,0.7,0.66,1.25,1.39,1.34,1.45,1.3,1.31,24558,14.550084352493286
1.14,0.7,0.66,1.25,1.4,1.35,1.45,1.29,1.31,24641,14.554629564285278
1.15,0.7,0.66,1.25,1.39,1.35,1.45,1.3,1.31,24406,14.558321237564087
1.14,0.71,0.66,1.25,1.4,1.35,1.45,1.3,1.31,24173,14.55926775932312
1.15,0.7,0.66,1.25,1.4,1.35,1.45,1.29,1.31,24054,14.562271118164062
1.14,0.7,0.66,1.25,1.4,1.35,1.45,1.3,1.31,24005,14.567387104034424
1.14,0.7,0.66,1.25,1.4,1.35,1.45,1.3,1.31,23864,14.570354700088501
1.14,0.7,0.66,1.25,1.4,1.35,1.45,1.3,1.31,23661,14.571271181106567
1.14,0.7,0.66,1.25,1.4,1.35,1.45,1.3,1.31,23762,14.575251340866089
1.14,0.7,0.66,1.25,1.39,1.35,1.45,1.3,1.31,24499,14.57938289642334
1.14,0.7,0.66,1.25,1.4,1.35,1.45,1.3,1.31,24230,14.583293676376343
1.14,0.7,0.66,1.25,1.39,1.35,1.45,1.3,1.31,24183,14.584348678588867
1.14,0.7,0.66,1.25,1.39,1.35,1.45,1.3,1.31,24404,14.58714485168457
1.14,0.7,0.66,1.25,1.4,1.35,1.45,1.3,1.31,24355,14.591858863830566
1.14,0.7,0.66,1.25,1.4,1.35,1.45,1.3,1.31,24030,14.595383644104004
1.14,0.7,0.66,1.25,1.4,1.35,1.45,1.3,1.31,24389,14.595383644104004
1.14,0.7,0.66,1.25,1.4,1.35,1.45,1.3,1.31,24260,14.599491596221924
1.14,0.7,0.66,1.25,1.4,1.35,1.45,1.3,1.31,24041,14.60404086112976
1.14,0.7,0.67,1.25,1.4,1.35,1.45,1.3,1.31,24022,14.60836386680603
1.14,0.7,0.67,1.25,1.4,1.35,1.45,1.31,1.31,23665,14.61168122291565
1.14,0.7,0.66,1.25,1.4,1.35,1.45,1.31,1.31,23724,14.612369775772095
1.14,0.7,0.66,1.25,1.4,1.35,1.45,1.31,1.31,23881,14.617016077041626
1.14,0.7,0.66,1.25,1.39,1.34,1.44,1.31,1.31,23634,14.619934797286987
1.14,0.71,0.67,1.25,1.4,1.35,1.45,1.3,1.31,23815,14.624384641647339
1.15,0.7,0.67,1.25,1.4,1.34,1.45,1.31,1.31,24204,14.624384641647339
1.14,0.7,0.67,1.25,1.39,1.34,1.45,1.31,1.32,24049,14.628302574157715
1.14,0.7,0.67,1.25,1.39,1.35,1.45,1.31,1.31,23934,14.632896661758423
1.14,0.7,0.66,1.25,1.39,1.35,1.45,1.3,1.31,23569,14.63628077507019
1.14,0.7,0.67,1.25,1.39,1.35,1.45,1.3,1.31,23976,14.63628077507019
1.14,0.7,0.66,1.25,1.39,1.35,1.45,1.31,1.31,24229,14.640508890151978
1.14,0.7,0.66,1.25,1.39,1.35,1.45,1.3,1.31,23864,14.644378662109375
1.14,0.7,0.66,1.25,1.39,1.35,1.45,1.31,1.31,23497,14.648821592330933
1.14,0.7,0.67,1.25,1.39,1.35,1.45,1.31,1.31,23538,14.649811029434204
1.14,0.7,0.66,1.25,1.39,1.35,1.46,1.31,1.31,24205,14.652492046356201
1.14,0.7,0.66,1.25,1.39,1.35,1.45,1.31,1.31,23998,14.657519578933716
1.14,0.7,0.66,1.26,1.39,1.35,1.45,1.31,1.31,23957,14.661277294158936
1.14,0.7,0.67,1.26,1.4,1.35,1.45,1.31,1.31,23940,14.662257671356201
1.14,0.7,0.66,1.25,1.39,1.35,1.45,1.31,1.31,23949,14.66562008857727
1.14,0.7,0.66,1.26,1.39,1.35,1.45,1.31,1.31,23994,14.669026613235474
1.13,0.7,0.66,1.25,1.39,1.35,1.45,1.3,1.31,24063,14.674076080322266
1.14,0.7,0.66,1.26,1.39,1.35,1.45,1.3,1.31,23628,14.677368402481079
1.13,0.7,0.66,1.25,1.39,1.35,1.45,1.31,1.31,23839,14.678085088729858
1.14,0.7,0.66,1.25,1.39,1.35,1.45,1.31,1.32,24064,14.682085275650024
1.14,0.7,0.66,1.26,1.4,1.34,1.45,1.31,1.31,23961,14.685690879821777
1.14,0.7,0.66,1.25,1.39,1.35,1.45,1.31,1.31,23936,14.690050840377808
1.14,0.7,0.66,1.26,1.39,1.35,1.45,1.31,1.31,23897,14.69107985496521
1.13,0.7,0.66,1.26,1.39,1.35,1.45,1.3,1.31,23650,14.694478273391724
1.14,0.7,0.67,1.25,1.39,1.35,1.45,1.3,1.31,23897,14.698859691619873
1.14,0.7,0.67,1.25,1.4,1.34,1.45,1.31,1.31,23992,14.70146107673645
1.15,0.7,0.67,1.26,1.4,1.34,1.45,1.3,1.31,24029,14.70247197151184
1.15,0.7,0.67,1.26,1.4,1.34,1.45,1.3,1.31,24180,14.706491470336914
1.14,0.7,0.67,1.26,1.4,1.34,1.45,1.3,1.31,24187,14.710489749908447
1.14,0.7,0.67,1.25,1.4,1.34,1.45,1.3,1.32,24220,14.714329719543457
1.14,0.7,0.67,1.26,1.4,1.35,1.45,1.3,1.31,23749,14.715385437011719
1.14,0.7,0.67,1.26,1.4,1.34,1.45,1.3,1.31,23562,14.718750953674316
1.14,0.7,0.67,1.26,1.4,1.35,1.45,1.3,1.31,24059,14.722650527954102
1.14,0.7,0.67,1.25,1.4,1.34,1.45,1.3,1.31,23670,14.726357221603394
1.14,0.71,0.67,1.25,1.4,1.34,1.45,1.3,1.31,23563,14.727395296096802
1.14,0.7,0.67,1.26,1.4,1.34,1.45,1.3,1.31,24226,14.73036527633667
1.14,0.7,0.67,1.26,1.39,1.35,1.46,1.3,1.31,24573,14.734885454177856
1.15,0.7,0.67,1.26,1.4,1.34,1.46,1.3,1.31,24358,14.738884687423706
1.15,0.7,0.67,1.25,1.4,1.35,1.45,1.3,1.31,24523,14.739885807037354
1.14,0.7,0.66,1.25,1.41,1.35,1.46,1.3,1.31,24514,14.742894887924194
1.14,0.7,0.67,1.25,1.4,1.35,1.46,1.3,1.31,24429,14.746785879135132
1.14,0.7,0.66,1.25,1.4,1.34,1.46,1.3,1.31,23676,14.750966310501099
1.14,0.7,0.67,1.25,1.4,1.34,1.45,1.3,1.31,24085,14.755083799362183
1.14,0.7,0.67,1.26,1.4,1.34,1.45,1.3,1.31,24118,14.755152463912964
1.15,0.7,0.66,1.26,1.41,1.35,1.44,1.3,1.31,24191,14.759150505065918
1.14,0.7,0.66,1.26,1.4,1.35,1.45,1.3,1.31,24300,14.763285636901855
1.14,0.7,0.67,1.25,1.4,1.35,1.45,1.3,1.31,24107,14.767285108566284
1.15,0.71,0.67,1.25,1.41,1.35,1.45,1.3,1.31,23706,14.767285108566284
1.15,0.7,0.67,1.25,1.4,1.35,1.45,1.3,1.31,23767,14.771386623382568
1.15,0.71,0.67,1.25,1.4,1.35,1.45,1.3,1.31,24180,14.77548599243164
1.14,0.7,0.67,1.25,1.4,1.35,1.45,1.3,1.31,24325,14.779051303863525
1.15,0.7,0.67,1.25,1.4,1.34,1.45,1.3,1.31,24156,14.780101299285889
1.15,0.7,0.67,1.26,1.4,1.35,1.45,1.3,1.31,24077,14.78370475769043
1.15,0.7,0.67,1.26,1.4,1.35,1.45,1.3,1.31,24022,14.788711309432983
1.14,0.7,0.67,1.25,1.4,1.35,1.45,1.3,1.31,24225,14.791740655899048
1.15,0.7,0.67,1.25,1.39,1.35,1.45,1.3,1.31,24088,14.792706489562988
1.14,0.7,0.67,1.25,1.39,1.35,1.45,1.3,1.31,24323,14.79710578918457
1.15,0.7,0.67,1.25,1.39,1.35,1.45,1.3,1.31,23952,14.800748586654663
1.14,0.71,0.67,1.26,1.39,1.35,1.45,1.3,1.31,23843,14.805274963378906
1.14,0.7,0.67,1.26,1.4,1.35,1.45,1.31,1.31,24068,14.805841445922852
1.14,0.7,0.67,1.25,1.4,1.35,1.46,1.31,1.31,24019,14.808741331100464
1.14,0.7,0.67,1.26,1.4,1.35,1.45,1.3,1.32,23736,14.81238055229187
1.14,0.7,0.67,1.26,1.4,1.35,1.46,1.31,1.31,23649,14.816307544708252
1.14,0.7,0.67,1.26,1.4,1.35,1.45,1.31,1.32,23754,14.81728720664978
1.14,0.7,0.67,1.26,1.4,1.35,1.46,1.3,1.31,23953,14.821544647216797
1.14,0.7,0.66,1.26,1.4,1.35,1.45,1.31,1.31,23930,14.825557708740234
1.15,0.7,0.66,1.25,1.39,1.35,1.46,1.31,1.31,24055,14.829830169677734
1.14,0.7,0.67,1.25,1.39,1.35,1.45,1.31,1.31,24338,14.829830169677734
1.14,0.7,0.67,1.26,1.4,1.35,1.46,1.31,1.31,24035,14.83282995223999
1.14,0.7,0.67,1.25,1.39,1.35,1.45,1.31,1.31,23772,14.837075233459473
1.14,0.7,0.67,1.26,1.4,1.35,1.45,1.31,1.31,24363,14.841000318527222
1.15,0.7,0.67,1.25,1.4,1.35,1.45,1.31,1.31,24318,14.84558391571045
1.15,0.7,0.67,1.26,1.4,1.35,1.45,1.31,1.31,23717,14.84558391571045
1.14,0.71,0.67,1.26,1.4,1.35,1.45,1.3,1.31,23776,14.850088834762573
1.14,0.7,0.67,1.25,1.4,1.35,1.45,1.3,1.31,24049,14.854087829589844
1.14,0.71,0.67,1.25,1.4,1.35,1.45,1.31,1.31,24272,14.857421875
1.14,0.7,0.67,1.26,1.4,1.35,1.45,1.3,1.31,24673,14.858087062835693
1.14,0.71,0.67,1.26,1.4,1.35,1.45,1.3,1.32,24206,14.86170482635498
1.14,0.71,0.67,1.25,1.4,1.35,1.45,1.3,1.32,23579,14.867082595825195
1.15,0.7,0.67,1.25,1.39,1.35,1.45,1.3,1.32,23982,14.869349241256714
1.15,0.71,0.66,1.26,1.39,1.35,1.45,1.31,1.32,24389,14.870518922805786
1.14,0.7,0.67,1.26,1.39,1.35,1.45,1.31,1.32,24216,14.875062227249146
1.14,0.71,0.67,1.26,1.39,1.35,1.45,1.31,1.32,24067,14.879060983657837
1.15,0.7,0.67,1.25,1.39,1.35,1.45,1.31,1.32,23910,14.883060693740845
1.14,0.7,0.67,1.25,1.4,1.35,1.45,1.31,1.32,24125,14.883060693740845
1.15,0.7,0.67,1.25,1.39,1.35,1.45,1.31,1.32,23838,14.88706088066101
1.14,0.7,0.67,1.26,1.4,1.35,1.45,1.31,1.32,23917,14.890330791473389
1.14,0.7,0.67,1.26,1.4,1.35,1.45,1.31,1.32,23988,14.894994735717773
1.14,0.7,0.67,1.26,1.4,1.34,1.45,1.31,1.32,24133,14.894994735717773
1.14,0.7,0.66,1.26,1.39,1.35,1.45,1.3,1.32,24162,14.899096488952637
1.14,0.7,0.66,1.26,1.4,1.35,1.45,1.31,1.32,24159,14.903820037841797
1.14,0.71,0.67,1.26,1.39,1.35,1.45,1.31,1.32,24072,14.90710186958313
1.15,0.71,0.67,1.25,1.4,1.35,1.45,1.3,1.32,24173,14.90710186958313
1.14,0.71,0.67,1.26,1.39,1.35,1.45,1.31,1.32,24488,14.911094665527344
1.15,0.71,0.66,1.26,1.39,1.35,1.45,1.31,1.33,23851,14.916113138198853
1.15,0.7,0.67,1.26,1.39,1.35,1.45,1.31,1.33,23992,14.919453382492065
1.15,0.7,0.67,1.26,1.39,1.35,1.44,1.31,1.32,24619,14.920419454574585
1.15,0.7,0.67,1.26,1.39,1.35,1.44,1.31,1.32,24124,14.923182010650635
1.14,0.7,0.66,1.25,1.4,1.35,1.45,1.31,1.32,23675,14.927358388900757
1.14,0.7,0.66,1.26,1.4,1.35,1.45,1.31,1.32,23362,14.931735277175903
1.14,0.7,0.67,1.26,1.39,1.35,1.45,1.31,1.32,23671,14.935864925384521
1.14,0.71,0.67,1.26,1.39,1.35,1.45,1.31,1.32,24022,14.935864925384521
1.14,0.7,0.67,1.26,1.39,1.35,1.45,1.3,1.32,23957,14.938870429992676
1.15,0.71,0.67,1.26,1.4,1.35,1.45,1.31,1.32,23696,14.944033145904541
1.15,0.7,0.67,1.26,1.4,1.35,1.45,1.31,1.32,23693,14.948095798492432
1.14,0.7,0.66,1.26,1.4,1.35,1.45,1.31,1.32,24374,14.948095798492432
1.15,0.7,0.67,1.26,1.39,1.35,1.45,1.31,1.32,24005,14.952148675918579
1.14,0.7,0.67,1.26,1.4,1.35,1.45,1.31,1.32,23644,14.956148624420166
1.14,0.7,0.66,1.26,1.4,1.35,1.45,1.31,1.32,23895,14.960155010223389
1.15,0.71,0.66,1.26,1.39,1.35,1.45,1.31,1.32,24146,14.960155010223389
1.15,0.71,0.66,1.26,1.4,1.34,1.45,1.31,1.32,24279,14.964151382446289
1.15,0.71,0.66,1.26,1.39,1.35,1.45,1.31,1.32,24002,14.968331098556519
1.15,0.71,0.67,1.26,1.39,1.35,1.45,1.31,1.32,23731,14.972784042358398
1.15,0.7,0.67,1.26,1.4,1.35,1.45,1.31,1.32,24048,14.972784042358398
1.15,0.71,0.66,1.26,1.4,1.34,1.45,1.31,1.32,24059,14.976820707321167
1.15,0.71,0.67,1.26,1.4,1.34,1.46,1.31,1.33,24080,14.98094916343689
1.14,0.7,0.67,1.26,1.4,1.35,1.45,1.31,1.32,23583,14.984964847564697
1.14,0.71,0.67,1.25,1.39,1.34,1.45,1.31,1.32,23256,14.98594880104065
1.14,0.71,0.67,1.26,1.39,1.34,1.46,1.31,1.32,23707,14.988919258117676
1.15,0.71,0.67,1.26,1.39,1.34,1.45,1.31,1.32,24114,14.992941617965698
1.14,0.71,0.66,1.26,1.4,1.34,1.45,1.31,1.32,24451,14.997949123382568
1.15,0.71,0.66,1.26,1.4,1.34,1.45,1.31,1.32,24088,15.000527620315552
1.15,0.7,0.66,1.26,1.4,1.34,1.45,1.31,1.32,23731,15.001598834991455
1.15,0.7,0.66,1.26,1.39,1.34,1.45,1.32,1.32,23900,15.006124019622803
1.15,0.71,0.66,1.26,1.39,1.34,1.45,1.31,1.32,24087,15.009829998016357
1.15,0.7,0.67,1.26,1.39,1.35,1.46,1.31,1.32,24156,15.013839960098267
1.14,0.71,0.67,1.26,1.39,1.35,1.46,1.31,1.32,24119,15.013839960098267
1.14,0.7,0.67,1.26,1.39,1.35,1.45,1.31,1.32,24106,15.01711916923523
1.15,0.71,0.67,1.26,1.39,1.35,1.45,1.31,1.32,24463,15.022650957107544
1.15,0.7,0.67,1.26,1.4,1.34,1.45,1.31,1.32,24216,15.0257089138031
1.15,0.71,0.67,1.26,1.4,1.35,1.45,1.31,1.32,24339,15.026652097702026
1.14,0.71,0.67,1.26,1.39,1.35,1.45,1.31,1.32,24034,15.02965235710144
1.15,0.7,0.67,1.26,1.4,1.35,1.45,1.31,1.32,23583,15.03420901298523
1.15,0.71,0.67,1.26,1.4,1.35,1.45,1.31,1.32,24158,15.03905701637268
1.15,0.71,0.67,1.25,1.4,1.35,1.45,1.31,1.32,24431,15.03905701637268
1.15,0.71,0.67,1.26,1.39,1.35,1.45,1.31,1.32,24484,15.042052030563354
1.15,0.71,0.67,1.25,1.39,1.35,1.45,1.31,1.32,24541,15.046252489089966
1.15,0.71,0.67,1.25,1.39,1.35,1.45,1.31,1.32,24282,15.050967693328857
1.15,0.71,0.67,1.25,1.4,1.35,1.45,1.31,1.32,24317,15.05105471611023
1.15,0.7,0.67,1.26,1.4,1.35,1.45,1.31,1.32,24360,15.054691553115845
1.14,0.71,0.67,1.26,1.39,1.35,1.46,1.31,1.32,24543,15.058189392089844
1.14,0.71,0.67,1.26,1.4,1.35,1.46,1.31,1.32,24562,15.063193798065186
1.15,0.71,0.67,1.26,1.39,1.35,1.45,1.31,1.32,24331,15.063193798065186
1.15,0.71,0.67,1.26,1.4,1.35,1.46,1.31,1.32,24208,15.067193508148193
1.15,0.71,0.67,1.26,1.39,1.35,1.46,1.31,1.32,24131,15.071532011032104
1.15,0.71,0.67,1.25,1.4,1.35,1.46,1.31,1.32,24054,15.075260639190674
1.15,0.71,0.67,1.26,1.39,1.35,1.46,1.31,1.32,24155,15.079254627227783
1.15,0.71,0.67,1.25,1.39,1.35,1.45,1.31,1.32,24502,15.07936692237854
1.14,0.71,0.67,1.26,1.4,1.35,1.46,1.31,1.32,23925,15.08363676071167
1.15,0.71,0.67,1.26,1.39,1.35,1.46,1.31,1.32,23584,15.08765697479248
1.15,0.71,0.67,1.26,1.39,1.35,1.45,1.31,1.32,23699,15.091188430786133
1.14,0.71,0.67,1.26,1.4,1.35,1.45,1.31,1.32,23978,15.092142581939697
1.14,0.71,0.67,1.26,1.4,1.35,1.45,1.31,1.32,23821,15.095499753952026
1.14,0.7,0.67,1.26,1.39,1.35,1.45,1.31,1.32,23792,15.099506616592407
1.14,0.71,0.67,1.26,1.4,1.35,1.46,1.31,1.32,23663,15.10321569442749
1.14,0.71,0.67,1.26,1.39,1.35,1.46,1.31,1.32,23988,15.104264497756958
1.14,0.71,0.67,1.26,1.4,1.35,1.46,1.31,1.33,23837,15.108649730682373
1.14,0.71,0.67,1.26,1.4,1.35,1.45,1.31,1.32,24020,15.111971616744995
1.14,0.71,0.67,1.26,1.4,1.35,1.46,1.31,1.32,23945,15.11600661277771
1.14,0.71,0.67,1.25,1.4,1.35,1.46,1.31,1.32,24172,15.116983413696289
1.15,0.71,0.67,1.26,1.4,1.35,1.45,1.31,1.32,24395,15.120303392410278
1.14,0.71,0.67,1.26,1.4,1.35,1.46,1.31,1.32,24200,15.123993873596191
1.15,0.71,0.67,1.25,1.4,1.35,1.46,1.31,1.32,23831,15.128758907318115
1.14,0.71,0.67,1.26,1.39,1.35,1.46,1.31,1.32,23716,15.128758907318115
1.15,0.71,0.67,1.25,1.4,1.35,1.46,1.31,1.32,23839,15.132891178131104
1.14,0.72,0.67,1.26,1.39,1.35,1.46,1.31,1.32,23582,15.136584997177124
1.14,0.71,0.67,1.26,1.39,1.35,1.46,1.31,1.32,23729,15.140573740005493
1.14,0.71,0.67,1.26,1.39,1.35,1.46,1.31,1.33,23948,15.143585443496704
1.14,0.71,0.66,1.26,1.39,1.35,1.46,1.31,1.32,24131,15.144588708877563
1.14,0.71,0.66,1.25,1.39,1.35,1.46,1.31,1.33,23746,15.148132801055908
1.14,0.72,0.66,1.26,1.39,1.35,1.46,1.31,1.33,23957,15.152218580245972
1.15,0.71,0.67,1.26,1.39,1.35,1.46,1.31,1.33,24508,15.156208753585815
1.14,0.71,0.66,1.26,1.39,1.35,1.46,1.31,1.32,23815,15.157208919525146
1.14,0.71,0.67,1.26,1.39,1.35,1.46,1.31,1.32,23710,15.161208868026733
1.14,0.71,0.67,1.26,1.39,1.35,1.46,1.31,1.32,23777,15.165205240249634
1.15,0.71,0.66,1.26,1.39,1.36,1.46,1.31,1.32,23744,15.168671607971191
1.14,0.71,0.66,1.26,1.39,1.35,1.46,1.31,1.32,23989,15.169705629348755
1.14,0.72,0.67,1.26,1.39,1.35,1.46,1.31,1.32,24274,15.172526597976685
1.14,0.71,0.67,1.26,1.39,1.35,1.46,1.31,1.33,23967,15.177793741226196
1.14,0.71,0.67,1.26,1.39,1.35,1.46,1.31,1.33,23774,15.181650638580322
1.14,0.71,0.67,1.26,1.39,1.35,1.46,1.31,1.33,24091,15.181650638580322
1.14,0.71,0.66,1.26,1.38,1.35,1.46,1.31,1.32,24454,15.185650825500488
1.14,0.71,0.66,1.26,1.39,1.35,1.46,1.31,1.33,24273,15.190188884735107
1.14,0.71,0.66,1.26,1.39,1.35,1.46,1.31,1.32,24078,15.193315505981445
1.14,0.72,0.66,1.26,1.39,1.35,1.46,1.31,1.33,24139,15.194331169128418
1.14,0.72,0.67,1.26,1.38,1.35,1.46,1.31,1.32,24044,15.19734811782837
1.14,0.72,0.66,1.26,1.39,1.35,1.46,1.31,1.33,23697,15.201348304748535
1.14,0.72,0.66,1.26,1.39,1.35,1.46,1.31,1.33,23872,15.205676078796387
1.14,0.72,0.66,1.26,1.38,1.35,1.46,1.31,1.33,24301,15.206668376922607
1.14,0.72,0.66,1.26,1.38,1.35,1.46,1.31,1.33,23912,15.209995985031128
1.14,0.72,0.66,1.26,1.39,1.35,1.46,1.31,1.33,23975,15.213708877563477
1.14,0.72,0.67,1.26,1.39,1.35,1.46,1.31,1.33,24282,15.218025207519531
1.15,0.72,0.67,1.26,1.39,1.35,1.46,1.31,1.33,24379,15.22203803062439
1.14,0.72,0.67,1.26,1.39,1.35,1.46,1.31,1.33,24212,15.22203803062439
1.15,0.72,0.67,1.26,1.39,1.35,1.46,1.31,1.33,24341,15.226033449172974
1.15,0.72,0.67,1.26,1.39,1.35,1.46,1.31,1.33,24176,15.231036901473999
1.15,0.72,0.67,1.26,1.39,1.35,1.46,1.31,1.33,23949,15.233800172805786
1.15,0.72,0.67,1.26,1.39,1.35,1.46,1.31,1.33,23974,15.234865427017212
1.15,0.72,0.67,1.26,1.39,1.35,1.46,1.31,1.33,24033,15.238243579864502
1.15,0.72,0.67,1.26,1.39,1.35,1.45,1.31,1.33,24502,15.242269277572632
1.15,0.72,0.67,1.26,1.39,1.35,1.45,1.31,1.33,24457,15.246273517608643
1.15,0.71,0.67,1.26,1.39,1.35,1.45,1.31,1.33,23996,15.247273921966553
1.14,0.71,0.67,1.26,1.39,1.35,1.46,1.31,1.33,24357,15.250274896621704
1.15,0.71,0.67,1.26,1.39,1.34,1.45,1.31,1.33,24104,15.254557847976685
1.15,0.71,0.67,1.27,1.39,1.35,1.45,1.31,1.33,24219,15.258678197860718
1.15,0.71,0.67,1.26,1.39,1.35,1.45,1.31,1.33,24256,15.258678197860718
1.15,0.71,0.67,1.26,1.39,1.35,1.45,1.31,1.33,23809,15.26280927658081
1.15,0.71,0.67,1.26,1.39,1.35,1.46,1.31,1.33,23966,15.26816439628601
1.15,0.71,0.66,1.26,1.39,1.35,1.46,1.31,1.33,24163,15.272181272506714
1.15,0.71,0.66,1.26,1.39,1.35,1.45,1.31,1.33,23776,15.272181272506714
1.15,0.71,0.66,1.26,1.4,1.35,1.46,1.31,1.33,24085,15.275163650512695
1.15,0.71,0.67,1.26,1.4,1.35,1.46,1.31,1.33,24512,15.280163288116455
1.15,0.71,0.66,1.26,1.4,1.35,1.46,1.31,1.32,24581,15.284837484359741
1.15,0.71,0.66,1.26,1.4,1.35,1.46,1.31,1.33,24338,15.28691554069519
1.15,0.71,0.66,1.26,1.4,1.35,1.46,1.31,1.33,23797,15.28800106048584
1.15,0.71,0.66,1.26,1.4,1.35,1.45,1.31,1.33,23720,15.291383981704712
1.15,0.71,0.66,1.26,1.4,1.35,1.46,1.3,1.33,23937,15.29639983177185
1.15,0.71,0.66,1.26,1.4,1.35,1.45,1.31,1.33,24042,15.300170660018921
1.15,0.71,0.66,1.26,1.4,1.35,1.46,1.31,1.33,24133,15.30115532875061
1.14,0.71,0.66,1.26,1.4,1.35,1.46,1.31,1.33,23886,15.304436683654785
1.15,0.71,0.66,1.26,1.4,1.35,1.46,1.31,1.33,23975,15.308470487594604
1.15,0.71,0.67,1.26,1.4,1.35,1.45,1.31,1.33,23868,15.312487602233887
1.15,0.72,0.66,1.26,1.4,1.35,1.45,1.31,1.33,23743,15.312487602233887
1.15,0.71,0.66,1.26,1.4,1.35,1.46,1.31,1.33,23364,15.317019939422607
1.14,0.71,0.66,1.26,1.4,1.35,1.46,1.3,1.33,23483,15.32028841972351
1.15,0.71,0.67,1.26,1.4,1.35,1.46,1.3,1.33,24138,15.324367761611938
1.15,0.71,0.66,1.26,1.4,1.35,1.46,1.31,1.33,24411,15.325331687927246
1.15,0.71,0.67,1.26,1.4,1.35,1.46,1.3,1.32,24334,15.329059839248657
1.15,0.71,0.67,1.26,1.4,1.35,1.46,1.3,1.32,24139,15.332996368408203
1.15,0.71,0.67,1.26,1.4,1.35,1.46,1.31,1.33,24352,15.337114572525024
1.15,0.72,0.67,1.26,1.39,1.35,1.46,1.3,1.33,23897,15.338104248046875
1.15,0.71,0.67,1.27,1.4,1.35,1.46,1.31,1.32,23578,15.341435670852661
1.15,0.72,0.67,1.26,1.4,1.35,1.46,1.3,1.33,23965,15.34612488746643
1.15,0.72,0.67,1.26,1.4,1.35,1.46,1.3,1.33,24146,15.350100755691528
1.15,0.71,0.67,1.26,1.4,1.35,1.46,1.3,1.33,24487,15.350100755691528
1.14,0.71,0.67,1.27,1.4,1.35,1.46,1.31,1.33,24160,15.354098558425903
1.15,0.71,0.67,1.27,1.4,1.35,1.46,1.3,1.33,23929,15.357106924057007
1.15,0.72,0.67,1.27,1.4,1.35,1.46,1.31,1.33,23974,15.362099170684814
1.14,0.71,0.67,1.27,1.4,1.35,1.46,1.31,1.33,23855,15.364870309829712
1.14,0.71,0.67,1.27,1.41,1.35,1.46,1.3,1.32,23944,15.365934610366821
1.15,0.71,0.67,1.26,1.4,1.35,1.46,1.3,1.33,23799,15.368980407714844
1.15,0.71,0.67,1.26,1.4,1.35,1.46,1.31,1.33,23620,15.37404727935791
1.15,0.72,0.67,1.26,1.4,1.35,1.46,1.3,1.33,23971,15.378018379211426
1.15,0.71,0.67,1.26,1.4,1.35,1.46,1.3,1.32,24028,15.378018379211426
1.15,0.71,0.67,1.26,1.4,1.35,1.46,1.31,1.32,23647,15.382108688354492
1.15,0.72,0.67,1.27,1.4,1.35,1.45,1.3,1.33,23886,15.386108636856079
1.15,0.71,0.67,1.27,1.4,1.35,1.46,1.31,1.33,24125,15.390158891677856
1.15,0.72,0.67,1.26,1.4,1.36,1.46,1.3,1.32,23830,15.391188621520996
1.15,0.71,0.67,1.26,1.4,1.36,1.46,1.3,1.32,23809,15.394502878189087
1.15,0.71,0.67,1.26,1.41,1.36,1.46,1.3,1.32,24130,15.398507118225098
1.15,0.71,0.67,1.26,1.4,1.35,1.46,1.31,1.32,24077,15.401511192321777
1.15,0.72,0.67,1.26,1.4,1.35,1.46,1.31,1.33,24450,15.402504205703735
1.15,0.72,0.67,1.26,1.41,1.35,1.46,1.3,1.33,24207,15.406784534454346
1.15,0.71,0.66,1.26,1.41,1.36,1.46,1.3,1.33,24366,15.411003112792969
1.15,0.72,0.67,1.26,1.41,1.35,1.46,1.31,1.32,24539,15.414477825164795
1.15,0.71,0.67,1.27,1.41,1.35,1.46,1.3,1.33,24042,15.414477825164795
1.15,0.72,0.67,1.27,1.41,1.35,1.46,1.3,1.33,23917,15.418292045593262
1.15,0.72,0.67,1.26,1.4,1.35,1.46,1.3,1.33,23966,15.422356605529785
1.15,0.72,0.67,1.26,1.4,1.35,1.46,1.3,1.33,23579,15.426356077194214
1.15,0.72,0.67,1.26,1.4,1.35,1.46,1.3,1.33,23968,15.430324077606201
1.15,0.72,0.67,1.26,1.4,1.35,1.46,1.31,1.32,23987,15.431327104568481
1.15,0.72,0.67,1.26,1.4,1.35,1.46,1.3,1.33,23624,15.434875011444092
1.15,0.72,0.67,1.26,1.4,1.36,1.46,1.31,1.33,23769,15.439346313476562
1.15,0.72,0.67,1.26,1.41,1.35,1.46,1.31,1.33,24004,15.44325065612793
1.15,0.72,0.67,1.26,1.4,1.35,1.46,1.3,1.33,24005,15.44325065612793
1.15,0.72,0.67,1.26,1.4,1.35,1.46,1.3,1.33,24098,15.448281288146973
1.15,0.72,0.67,1.26,1.41,1.35,1.46,1.3,1.33,23831,15.452281475067139
1.15,0.72,0.66,1.26,1.41,1.35,1.45,1.3,1.33,23720,15.455583095550537
1.16,0.72,0.66,1.26,1.41,1.36,1.45,1.31,1.33,23913,15.456281900405884
1.15,0.72,0.66,1.27,1.4,1.35,1.46,1.3,1.33,24064,15.459452152252197
1.15,0.72,0.67,1.26,1.41,1.35,1.46,1.3,1.33,23985,15.464085578918457
1.15,0.72,0.66,1.26,1.41,1.35,1.46,1.31,1.33,23878,15.46808123588562
1.15,0.72,0.67,1.26,1.41,1.36,1.45,1.31,1.33,23961,15.469127893447876
1.15,0.72,0.67,1.26,1.4,1.35,1.45,1.31,1.33,24306,15.472545146942139
1.15,0.72,0.67,1.26,1.41,1.35,1.45,1.3,1.33,24035,15.47708773612976
1.15,0.72,0.67,1.26,1.41,1.35,1.45,1.31,1.33,23538,15.480679988861084
1.15,0.72,0.66,1.26,1.41,1.36,1.46,1.3,1.33,23767,15.480679988861084
1.15,0.72,0.67,1.26,1.41,1.36,1.45,1.3,1.33,24078,15.484896421432495
1.15,0.72,0.67,1.26,1.41,1.35,1.45,1.31,1.33,23965,15.488929510116577
1.15,0.72,0.67,1.26,1.41,1.36,1.46,1.3,1.33,24120,15.493016719818115
1.15,0.72,0.67,1.26,1.41,1.36,1.46,1.3,1.33,24011,15.496110439300537
1.15,0.72,0.67,1.26,1.41,1.36,1.46,1.31,1.33,23670,15.49708366394043
1.15,0.72,0.66,1.27,1.4,1.36,1.46,1.3,1.33,23725,15.501083135604858
1.15,0.72,0.66,1.26,1.4,1.36,1.46,1.3,1.32,24084,15.505083084106445
1.15,0.72,0.67,1.26,1.4,1.36,1.46,1.31,1.33,24125,15.508591651916504
1.15,0.73,0.67,1.26,1.4,1.36,1.46,1.3,1.33,24060,15.509304523468018
1.15,0.72,0.67,1.26,1.41,1.36,1.45,1.3,1.33,24007,15.512634992599487
1.15,0.72,0.67,1.26,1.41,1.36,1.46,1.3,1.33,23890,15.518005132675171
1.15,0.72,0.67,1.26,1.41,1.36,1.45,1.31,1.33,24133,15.521265745162964
1.15,0.72,0.67,1.27,1.41,1.36,1.45,1.3,1.33,24028,15.522393226623535
1.15,0.72,0.67,1.27,1.41,1.36,1.45,1.3,1.33,23633,15.525250434875488
1.15,0.72,0.67,1.26,1.41,1.36,1.45,1.3,1.33,24246,15.5301673412323
1.15,0.72,0.67,1.26,1.41,1.36,1.45,1.3,1.33,24425,15.533459663391113
1.15,0.72,0.67,1.27,1.41,1.36,1.46,1.3,1.33,23834,15.534183502197266
1.15,0.72,0.67,1.26,1.41,1.36,1.45,1.3,1.33,23759,15.537626266479492
1.16,0.72,0.67,1.26,1.41,1.36,1.46,1.3,1.33,23648,15.541623830795288
1.16,0.72,0.67,1.26,1.41,1.36,1.45,1.3,1.33,23509,15.545599222183228
1.16,0.72,0.67,1.26,1.41,1.36,1.46,1.3,1.33,23830,15.546667098999023
1.16,0.72,0.67,1.27,1.41,1.36,1.46,1.3,1.33,23531,15.549835681915283
1.15,0.72,0.67,1.26,1.41,1.36,1.45,1.3,1.33,23872,15.553561210632324
1.15,0.73,0.67,1.26,1.41,1.36,1.46,1.3,1.33,24397,15.557740449905396
1.15,0.73,0.67,1.26,1.41,1.36,1.45,1.3,1.33,23990,15.558748960494995
1.15,0.73,0.67,1.27,1.41,1.36,1.46,1.3,1.33,23523,15.562743186950684
1.15,0.73,0.67,1.26,1.41,1.36,1.45,1.3,1.33,23862,15.567015409469604
1.15,0.73,0.67,1.27,1.41,1.36,1.45,1.3,1.33,23927,15.570048093795776
1.15,0.73,0.67,1.26,1.41,1.36,1.45,1.3,1.33,23878,15.573913097381592
1.16,0.73,0.67,1.26,1.41,1.36,1.45,1.3,1.33,23779,15.57497787475586
1.15,0.73,0.67,1.26,1.4,1.35,1.46,1.3,1.33,23796,15.578274250030518
1.15,0.73,0.67,1.27,1.41,1.36,1.45,1.3,1.33,24023,15.5823392868042
1.15,0.73,0.67,1.26,1.41,1.35,1.46,1.3,1.33,24032,15.586613178253174
1.15,0.73,0.67,1.26,1.41,1.36,1.46,1.3,1.33,24023,15.587318181991577
1.15,0.73,0.67,1.27,1.4,1.36,1.45,1.3,1.33,24040,15.591318130493164
1.15,0.73,0.67,1.26,1.41,1.35,1.45,1.3,1.33,24385,15.595841646194458
1.15,0.73,0.67,1.26,1.41,1.35,1.45,1.3,1.33,24462,15.599125862121582
1.15,0.73,0.67,1.27,1.41,1.35,1.45,1.3,1.33,24073,15.600149631500244
1.15,0.73,0.67,1.26,1.41,1.36,1.46,1.3,1.33,23578,15.60313892364502
1.15,0.73,0.67,1.27,1.41,1.35,1.45,1.29,1.33,23383,15.608160734176636
1.15,0.73,0.67,1.26,1.41,1.35,1.46,1.3,1.33,23568,15.611437797546387
1.15,0.73,0.68,1.26,1.41,1.35,1.46,1.3,1.33,23743,15.61249303817749
1.15,0.72,0.67,1.26,1.41,1.36,1.46,1.3,1.33,24370,15.615511178970337
1.15,0.73,0.67,1.26,1.4,1.36,1.46,1.3,1.33,24099,15.619551181793213
1.15,0.73,0.67,1.26,1.41,1.36,1.46,1.3,1.33,24178,15.623506307601929
1.15,0.73,0.67,1.26,1.41,1.36,1.46,1.3,1.33,24039,15.623506307601929
1.15,0.73,0.67,1.26,1.41,1.36,1.46,1.3,1.33,23888,15.62780475616455
1.15,0.72,0.67,1.26,1.41,1.36,1.46,1.3,1.33,23609,15.632012128829956
1.15,0.73,0.67,1.26,1.41,1.36,1.46,1.3,1.33,23824,15.636058568954468
1.15,0.73,0.68,1.26,1.41,1.36,1.46,1.3,1.33,24095,15.639057397842407
1.15,0.73,0.67,1.26,1.41,1.36,1.46,1.3,1.33,24126,15.640058279037476
1.15,0.73,0.67,1.26,1.41,1.36,1.46,1.3,1.33,24209,15.643650770187378
1.15,0.73,0.67,1.26,1.41,1.36,1.46,1.3,1.33,24106,15.648663997650146
1.15,0.73,0.67,1.26,1.41,1.36,1.46,1.3,1.33,23973,15.651967287063599
1.15,0.73,0.67,1.26,1.41,1.36,1.46,1.3,1.33,23850,15.65299916267395
1.15,0.73,0.67,1.26,1.4,1.36,1.46,1.3,1.33,23899,15.656323194503784
1.15,0.74,0.67,1.26,1.41,1.36,1.46,1.3,1.33,23818,15.660367488861084
1.15,0.73,0.67,1.26,1.41,1.36,1.46,1.3,1.33,23951,15.664384603500366
1.15,0.73,0.67,1.27,1.41,1.36,1.46,1.3,1.32,24550,15.664384603500366
1.15,0.73,0.67,1.26,1.41,1.36,1.46,1.3,1.33,24169,15.669367551803589
1.15,0.73,0.67,1.26,1.41,1.36,1.45,1.3,1.33,23802,15.6737539768219
1.15,0.73,0.67,1.26,1.41,1.36,1.46,1.3,1.33,23867,15.677133798599243
1.15,0.73,0.67,1.26,1.41,1.36,1.46,1.3,1.32,24136,15.678118705749512
1.15,0.73,0.67,1.26,1.41,1.36,1.46,1.3,1.33,23963,15.681539297103882
1.15,0.73,0.67,1.26,1.41,1.36,1.46,1.3,1.33,24250,15.685863018035889
1.15,0.74,0.67,1.26,1.41,1.36,1.46,1.3,1.33,24317,15.689202547073364
1.15,0.73,0.67,1.27,1.41,1.36,1.46,1.3,1.33,23834,15.69025707244873
1.15,0.74,0.67,1.27,1.4,1.36,1.45,1.3,1.33,23963,15.693773984909058
1.15,0.73,0.68,1.26,1.41,1.36,1.46,1.3,1.33,23890,15.697846412658691
1.15,0.74,0.68,1.27,1.41,1.36,1.46,1.3,1.33,23769,15.701541662216187
1.15,0.73,0.68,1.27,1.41,1.36,1.46,1.3,1.33,24372,15.702598094940186
1.15,0.73,0.68,1.26,1.41,1.35,1.46,1.3,1.33,24063,15.70591402053833
1.15,0.73,0.67,1.27,1.41,1.36,1.46,1.3,1.33,23894,15.70991587638855
1.15,0.73,0.68,1.26,1.41,1.35,1.46,1.3,1.33,24099,15.71391773223877
1.15,0.73,0.67,1.26,1.41,1.36,1.46,1.3,1.33,23784,15.717260122299194
1.16,0.74,0.67,1.26,1.41,1.36,1.46,1.3,1.33,23721,15.717915773391724
1.15,0.73,0.67,1.27,1.41,1.36,1.46,1.3,1.33,23728,15.72190523147583
1.15,0.73,0.67,1.26,1.41,1.36,1.46,1.3,1.33,23941,15.726394891738892
1.15,0.73,0.68,1.27,1.41,1.36,1.45,1.3,1.33,24018,15.73008918762207
1.15,0.73,0.67,1.27,1.41,1.35,1.45,1.3,1.33,23807,15.73008918762207
1.15,0.73,0.67,1.27,1.4,1.36,1.45,1.3,1.32,23508,15.735150814056396
1.15,0.73,0.67,1.27,1.41,1.36,1.46,1.3,1.33,23765,15.738413095474243
1.15,0.73,0.67,1.26,1.41,1.36,1.46,1.3,1.33,23698,15.742729425430298
1.15,0.73,0.67,1.26,1.41,1.36,1.46,1.3,1.33,24113,15.742729425430298
1.15,0.74,0.67,1.26,1.41,1.36,1.46,1.3,1.33,24006,15.746463060379028
1.15,0.73,0.67,1.26,1.41,1.35,1.46,1.3,1.33,23663,15.751155138015747
1.15,0.73,0.67,1.27,1.41,1.36,1.46,1.3,1.33,23670,15.755099773406982
1.15,0.74,0.67,1.26,1.41,1.36,1.46,1.3,1.33,24151,15.755099773406982
1.15,0.74,0.67,1.26,1.41,1.36,1.46,1.3,1.33,24294,15.75810956954956
1.15,0.74,0.67,1.26,1.41,1.35,1.46,1.3,1.33,24291,15.763101816177368
1.16,0.73,0.67,1.26,1.41,1.36,1.46,1.3,1.33,24168,15.767092943191528
1.16,0.73,0.67,1.27,1.41,1.36,1.46,1.3,1.33,23947,15.76809310913086
1.16,0.74,0.67,1.26,1.41,1.36,1.46,1.3,1.33,23518,15.771313190460205
1.15,0.73,0.67,1.26,1.41,1.36,1.46,1.3,1.33,24027,15.774909973144531
1.16,0.73,0.67,1.27,1.41,1.36,1.46,1.3,1.33,23918,15.779467821121216
1.16,0.74,0.67,1.27,1.41,1.35,1.46,1.3,1.33,23949,15.78246259689331
1.16,0.73,0.67,1.26,1.41,1.36,1.46,1.3,1.33,23494,15.783463478088379
1.16,0.73,0.67,1.26,1.41,1.36,1.46,1.3,1.33,23545,15.787462949752808
1.16,0.73,0.67,1.26,1.42,1.35,1.46,1.3,1.33,24140,15.79144549369812
1.16,0.73,0.67,1.27,1.41,1.36,1.46,1.3,1.33,23991,15.79544973373413
1.16,0.73,0.67,1.26,1.41,1.35,1.46,1.3,1.33,24020,15.79544973373413
1.16,0.73,0.67,1.26,1.41,1.36,1.46,1.31,1.33,24089,15.799447059631348
1.16,0.74,0.67,1.26,1.41,1.36,1.46,1.31,1.33,23850,15.803448915481567
1.16,0.73,0.67,1.26,1.41,1.36,1.46,1.3,1.33,23987,15.807450294494629
1.16,0.74,0.67,1.26,1.41,1.36,1.46,1.3,1.33,24298,15.808445453643799
1.16,0.74,0.67,1.26,1.41,1.35,1.46,1.3,1.33,24581,15.811761379241943
1.16,0.74,0.67,1.27,1.41,1.36,1.46,1.3,1.33,24248,15.815778017044067
1.16,0.73,0.67,1.27,1.41,1.36,1.46,1.3,1.33,24317,15.820274829864502
1.15,0.73,0.67,1.27,1.41,1.36,1.46,1.3,1.33,24054,15.820882797241211
1.15,0.73,0.67,1.27,1.41,1.36,1.46,1.3,1.33,23927,15.824883460998535
1.15,0.74,0.66,1.27,1.41,1.35,1.46,1.3,1.33,23744,15.828962802886963
1.15,0.73,0.67,1.27,1.41,1.35,1.46,1.3,1.33,23553,15.832983493804932
1.15,0.74,0.67,1.27,1.41,1.35,1.46,1.3,1.33,23736,15.832983493804932
1.16,0.74,0.67,1.27,1.41,1.36,1.46,1.3,1.33,24187,15.83685827255249
1.15,0.73,0.67,1.27,1.41,1.35,1.46,1.3,1.33,24294,15.841163158416748
1.15,0.74,0.67,1.26,1.42,1.36,1.46,1.3,1.33,24319,15.844853639602661
1.16,0.74,0.67,1.27,1.41,1.36,1.46,1.3,1.33,24034,15.845926761627197
1.15,0.73,0.67,1.27,1.4,1.35,1.46,1.3,1.33,23787,15.84889841079712
1.15,0.73,0.67,1.27,1.41,1.35,1.46,1.31,1.33,24120,15.852972030639648
1.15,0.73,0.67,1.27,1.4,1.35,1.46,1.31,1.33,24117,15.857718229293823
1.15,0.73,0.67,1.27,1.4,1.35,1.46,1.3,1.33,23832,15.861040115356445
1.15,0.73,0.67,1.27,1.41,1.35,1.46,1.31,1.33,24207,15.86176609992981
1.15,0.73,0.67,1.27,1.4,1.35,1.46,1.31,1.33,24138,15.866198539733887
1.15,0.73,0.67,1.27,1.41,1.36,1.46,1.31,1.33,23785,15.869768381118774
1.16,0.73,0.67,1.27,1.41,1.36,1.46,1.3,1.33,23758,15.87308931350708
1.16,0.74,0.67,1.27,1.41,1.36,1.46,1.3,1.33,23909,15.873775959014893
1.15,0.73,0.67,1.27,1.41,1.36,1.46,1.3,1.33,24264,15.878127098083496
1.15,0.73,0.67,1.27,1.41,1.36,1.46,1.31,1.33,24327,15.882845878601074
1.15,0.73,0.67,1.27,1.41,1.36,1.46,1.3,1.33,24172,15.885822296142578
1.15,0.73,0.67,1.27,1.41,1.36,1.46,1.31,1.33,24151,15.886823177337646
1.15,0.74,0.66,1.27,1.42,1.36,1.46,1.31,1.33,24314,15.889877080917358
1.16,0.73,0.66,1.27,1.41,1.36,1.46,1.31,1.33,24377,15.894625186920166
1.15,0.73,0.66,1.27,1.42,1.36,1.46,1.31,1.33,24498,15.897951126098633
1.16,0.73,0.66,1.27,1.41,1.36,1.46,1.31,1.33,24319,15.898672342300415
1.15,0.73,0.67,1.27,1.41,1.36,1.46,1.31,1.33,24172,15.902672529220581
1.15,0.73,0.67,1.27,1.41,1.36,1.46,1.3,1.33,24093,15.907310247421265
1.15,0.74,0.67,1.26,1.41,1.36,1.46,1.31,1.33,24078,15.910120010375977
1.15,0.73,0.67,1.27,1.41,1.36,1.46,1.31,1.33,24151,15.91117811203003
1.15,0.73,0.67,1.27,1.42,1.36,1.46,1.31,1.33,24168,15.91415286064148
1.15,0.73,0.66,1.27,1.41,1.36,1.46,1.31,1.33,23807,15.919169187545776
1.15,0.73,0.67,1.27,1.41,1.36,1.46,1.31,1.33,23910,15.923190355300903
1.15,0.73,0.66,1.27,1.41,1.36,1.46,1.3,1.33,24049,15.923190355300903
1.15,0.73,0.66,1.27,1.41,1.36,1.46,1.31,1.33,24004,15.927206993103027
1.15,0.73,0.66,1.27,1.41,1.36,1.46,1.31,1.33,23883,15.931193590164185
1.15,0.73,0.67,1.27,1.41,1.36,1.46,1.3,1.33,24128,15.93508529663086
1.15,0.73,0.67,1.27,1.41,1.36,1.46,1.3,1.33,23897,15.936110734939575
1.15,0.73,0.67,1.27,1.42,1.36,1.46,1.3,1.33,23926,15.939651012420654
1.15,0.73,0.66,1.27,1.42,1.36,1.46,1.3,1.33,24289,15.943136215209961
1.15,0.73,0.66,1.27,1.42,1.36,1.46,1.3,1.33,24048,15.947821140289307
1.15,0.73,0.66,1.27,1.42,1.36,1.46,1.3,1.33,23937,15.951345920562744
1.15,0.73,0.66,1.27,1.42,1.36,1.45,1.31,1.33,24010,15.951345920562744
1.15,0.73,0.67,1.27,1.42,1.36,1.46,1.31,1.33,23649,15.955357074737549
1.15,0.73,0.67,1.27,1.42,1.36,1.46,1.31,1.33,24002,15.960354804992676
1.15,0.73,0.67,1.27,1.42,1.36,1.46,1.31,1.33,24495,15.963935613632202
1.16,0.73,0.67,1.27,1.41,1.36,1.46,1.3,1.33,24202,15.964933395385742
1.16,0.73,0.67,1.27,1.42,1.36,1.46,1.31,1.33,24251,15.968152523040771
1.16,0.72,0.67,1.27,1.42,1.36,1.46,1.31,1.33,24290,15.972715854644775
1.15,0.73,0.67,1.27,1.42,1.36,1.46,1.31,1.33,23555,15.975695371627808
1.16,0.73,0.67,1.27,1.42,1.36,1.46,1.31,1.33,23414,15.975695371627808
1.16,0.73,0.67,1.27,1.41,1.36,1.46,1.31,1.33,23663,15.980030059814453
1.15,0.73,0.67,1.27,1.41,1.36,1.46,1.3,1.33,23998,15.98433256149292
1.15,0.73,0.67,1.27,1.41,1.36,1.46,1.3,1.33,24187,15.988348007202148
1.15,0.73,0.67,1.27,1.41,1.36,1.46,1.3,1.33,23850,15.989367008209229
1.16,0.73,0.66,1.27,1.41,1.36,1.46,1.3,1.33,23941,15.992353677749634
1.16,0.73,0.67,1.27,1.42,1.36,1.46,1.3,1.33,24038,15.996127605438232
1.15,0.73,0.67,1.27,1.41,1.36,1.46,1.3,1.33,23807,16.00001335144043
1.16,0.73,0.67,1.26,1.42,1.36,1.46,1.31,1.33,23920,16.001094341278076
1.16,0.73,0.66,1.26,1.42,1.36,1.46,1.31,1.33,24085,16.00507402420044
1.16,0.73,0.67,1.26,1.42,1.36,1.47,1.31,1.33,23786,16.009074687957764
1.15,0.73,0.66,1.26,1.42,1.36,1.46,1.3,1.33,23645,16.013662099838257
1.15,0.73,0.67,1.27,1.42,1.36,1.46,1.3,1.33,24148,16.013662099838257
1.15,0.73,0.66,1.26,1.42,1.36,1.46,1.31,1.33,24085,16.017662286758423
1.16,0.73,0.67,1.26,1.42,1.36,1.46,1.3,1.33,24128,16.02110457420349
1.16,0.73,0.66,1.26,1.42,1.36,1.46,1.31,1.33,24335,16.026142835617065
1.15,0.73,0.66,1.27,1.42,1.36,1.46,1.31,1.33,24536,16.026142835617065
1.15,0.73,0.66,1.26,1.41,1.36,1.46,1.31,1.33,24423,16.029239177703857
1.15,0.73,0.66,1.27,1.42,1.36,1.46,1.31,1.34,23934,16.0342276096344
1.15,0.73,0.66,1.27,1.41,1.36,1.46,1.3,1.33,23817,16.038111448287964
1.15,0.73,0.66,1.27,1.41,1.36,1.46,1.31,1.33,24214,16.0411159992218
1.16,0.73,0.66,1.27,1.41,1.36,1.47,1.31,1.33,24305,16.042094945907593
1.15,0.73,0.67,1.27,1.41,1.36,1.46,1.31,1.33,23842,16.04583978652954
1.16,0.73,0.67,1.27,1.41,1.36,1.46,1.31,1.33,23963,16.050241470336914
1.15,0.73,0.67,1.27,1.41,1.36,1.46,1.31,1.34,24028,16.053396701812744
1.15,0.73,0.67,1.27,1.41,1.36,1.46,1.3,1.33,24393,16.054463624954224
1.15,0.73,0.67,1.27,1.41,1.36,1.46,1.31,1.33,24322,16.05798077583313
1.15,0.73,0.67,1.27,1.41,1.36,1.46,1.31,1.33,24461,16.06200885772705
1.15,0.73,0.67,1.27,1.41,1.37,1.46,1.31,1.34,24656,16.065889358520508
1.15,0.73,0.67,1.27,1.41,1.36,1.46,1.31,1.34,24107,16.066620111465454
1.16,0.73,0.67,1.27,1.41,1.36,1.46,1.31,1.34,23798,16.06999707221985
1.16,0.73,0.66,1.26,1.41,1.36,1.46,1.31,1.34,23945,16.074045419692993
1.16,0.73,0.67,1.26,1.41,1.36,1.46,1.31,1.34,24294,16.077775716781616
1.15,0.73,0.66,1.26,1.42,1.36,1.46,1.31,1.34,24177,16.078840255737305
1.16,0.73,0.67,1.26,1.42,1.36,1.46,1.31,1.34,24204,16.0822434425354
1.16,0.73,0.67,1.27,1.41,1.36,1.46,1.31,1.34,24083,16.086230754852295
1.16,0.73,0.67,1.26,1.42,1.36,1.46,1.3,1.34,24096,16.09124207496643
1.16,0.73,0.67,1.26,1.42,1.36,1.46,1.31,1.34,24243,16.09226942062378
1.15,0.73,0.67,1.26,1.41,1.36,1.46,1.31,1.34,24066,16.094993829727173
1.15,0.73,0.67,1.26,1.41,1.36,1.46,1.31,1.34,24217,16.099395751953125
1.16,0.73,0.67,1.26,1.41,1.36,1.46,1.3,1.33,24406,16.103407859802246
1.16,0.73,0.67,1.26,1.41,1.36,1.46,1.31,1.34,23985,16.106699228286743
1.16,0.73,0.67,1.26,1.41,1.36,1.46,1.31,1.34,23632,16.10739541053772
1.16,0.73,0.67,1.26,1.41,1.35,1.46,1.31,1.34,23919,16.11091709136963
1.16,0.72,0.67,1.27,1.41,1.36,1.46,1.3,1.34,24186,16.11591649055481
1.16,0.73,0.66,1.27,1.41,1.36,1.46,1.31,1.33,23961,16.1200270652771
1.16,0.73,0.67,1.26,1.41,1.36,1.46,1.31,1.34,23810,16.1200270652771
1.16,0.73,0.67,1.26,1.41,1.35,1.46,1.31,1.34,24163,16.123345136642456
1.15,0.73,0.66,1.27,1.41,1.36,1.46,1.32,1.34,23930,16.127453804016113
1.16,0.73,0.67,1.26,1.41,1.36,1.46,1.32,1.34,23997,16.132107973098755
1.16,0.73,0.67,1.27,1.41,1.35,1.46,1.32,1.34,23888,16.132107973098755
1.16,0.73,0.67,1.27,1.41,1.36,1.46,1.31,1.34,23813,16.13570213317871
1.16,0.73,0.67,1.27,1.41,1.35,1.46,1.31,1.33,24180,16.13974928855896
1.16,0.73,0.67,1.27,1.42,1.35,1.46,1.31,1.34,24105,16.14394187927246
1.15,0.73,0.67,1.27,1.42,1.36,1.46,1.31,1.33,24118,16.145028829574585
1.16,0.73,0.67,1.27,1.42,1.36,1.46,1.31,1.34,24081,16.14802885055542
1.15,0.73,0.67,1.27,1.41,1.36,1.46,1.31,1.34,24160,16.152028799057007
1.15,0.73,0.67,1.27,1.41,1.36,1.46,1.31,1.34,23883,16.157050848007202
1.16,0.73,0.67,1.27,1.41,1.36,1.46,1.31,1.34,23638,16.157050848007202
1.16,0.73,0.67,1.27,1.41,1.36,1.46,1.31,1.34,23527,16.16029691696167
1.16,0.73,0.67,1.27,1.41,1.36,1.46,1.31,1.33,23394,16.16471838951111
1.16,0.73,0.67,1.27,1.41,1.36,1.46,1.31,1.33,23987,16.168864727020264
1.15,0.73,0.67,1.27,1.41,1.36,1.46,1.31,1.34,24246,16.168864727020264
1.15,0.73,0.67,1.27,1.41,1.36,1.46,1.31,1.34,23667,16.17186737060547
1.15,0.74,0.67,1.27,1.41,1.36,1.46,1.31,1.34,23740,16.17686128616333
1.15,0.74,0.67,1.27,1.41,1.35,1.46,1.31,1.34,23579,16.180864810943604
1.15,0.74,0.67,1.27,1.41,1.36,1.46,1.31,1.34,23672,16.184442281723022
1.15,0.74,0.67,1.27,1.41,1.36,1.46,1.31,1.34,23995,16.184442281723022
1.15,0.74,0.67,1.27,1.41,1.36,1.46,1.31,1.34,23722,16.1894052028656
1.15,0.74,0.67,1.27,1.41,1.36,1.46,1.31,1.34,23953,16.192779064178467
1.16,0.74,0.67,1.27,1.41,1.36,1.46,1.31,1.34,23946,16.196813106536865
1.15,0.74,0.67,1.27,1.41,1.36,1.46,1.31,1.34,23651,16.197810173034668
1.16,0.74,0.67,1.27,1.41,1.36,1.46,1.3,1.34,23648,16.20097064971924
1.16,0.74,0.67,1.27,1.42,1.36,1.46,1.31,1.34,23661,16.205256700515747
1.15,0.74,0.67,1.26,1.41,1.36,1.46,1.31,1.34,23952,16.209256410598755
1.15,0.74,0.67,1.27,1.41,1.36,1.46,1.31,1.34,23797,16.21025037765503
1.15,0.74,0.67,1.26,1.41,1.36,1.46,1.31,1.34,24020,16.21314764022827
1.15,0.74,0.67,1.27,1.41,1.36,1.46,1.31,1.34,24133,16.217021703720093
1.15,0.74,0.67,1.27,1.41,1.36,1.46,1.31,1.34,24148,16.222094774246216
1.16,0.74,0.67,1.27,1.41,1.36,1.46,1.31,1.34,23839,16.222094774246216
1.16,0.74,0.67,1.27,1.41,1.36,1.46,1.31,1.34,23512,16.226078987121582
1.15,0.74,0.67,1.26,1.41,1.36,1.46,1.31,1.34,24023,16.23007583618164
1.16,0.74,0.67,1.26,1.42,1.36,1.46,1.31,1.34,24026,16.233768224716187
1.16,0.73,0.67,1.27,1.42,1.36,1.46,1.31,1.34,23663,16.23482894897461
1.16,0.73,0.67,1.27,1.41,1.36,1.46,1.31,1.34,24202,16.237837076187134
1.16,0.73,0.67,1.26,1.41,1.36,1.46,1.31,1.34,24221,16.242117643356323
1.16,0.74,0.67,1.27,1.41,1.36,1.46,1.31,1.34,24016,16.246116399765015
1.15,0.73,0.67,1.27,1.41,1.36,1.46,1.32,1.34,24313,16.25011682510376
1.16,0.73,0.67,1.27,1.42,1.36,1.46,1.32,1.34,24018,16.251116275787354
1.16,0.73,0.67,1.27,1.41,1.36,1.46,1.32,1.34,23941,16.25411629676819
1.16,0.72,0.67,1.27,1.42,1.36,1.46,1.32,1.34,24088,16.258471965789795
1.16,0.73,0.67,1.27,1.41,1.36,1.46,1.32,1.34,23717,16.262502193450928
1.15,0.72,0.67,1.27,1.41,1.36,1.46,1.32,1.34,24154,16.262502193450928
1.16,0.73,0.67,1.27,1.42,1.36,1.46,1.33,1.34,24081,16.2667293548584
1.15,0.73,0.67,1.27,1.41,1.36,1.46,1.33,1.34,24080,16.270618200302124
1.16,0.73,0.67,1.27,1.41,1.36,1.46,1.33,1.34,24203,16.274630784988403
1.16,0.73,0.67,1.27,1.41,1.36,1.46,1.33,1.34,24422,16.274630784988403
1.16,0.73,0.67,1.27,1.41,1.36,1.46,1.33,1.34,24273,16.27916431427002
1.16,0.73,0.67,1.27,1.42,1.36,1.46,1.32,1.34,24138,16.284181118011475
1.16,0.73,0.67,1.27,1.41,1.36,1.46,1.32,1.34,23763,16.288198947906494
1.16,0.73,0.67,1.27,1.42,1.36,1.46,1.32,1.34,23514,16.288198947906494
1.15,0.73,0.67,1.27,1.42,1.36,1.46,1.33,1.34,23715,16.29120111465454
1.15,0.73,0.67,1.27,1.42,1.36,1.46,1.33,1.34,23600,16.294978857040405
1.15,0.73,0.67,1.27,1.41,1.36,1.46,1.33,1.34,23329,16.300238370895386
1.16,0.73,0.67,1.26,1.41,1.36,1.46,1.33,1.34,23946,16.300238370895386
1.16,0.73,0.67,1.27,1.41,1.36,1.46,1.33,1.34,24147,16.304285287857056
1.16,0.73,0.67,1.27,1.41,1.36,1.46,1.33,1.34,24254,16.307557106018066
1.16,0.73,0.67,1.27,1.41,1.36,1.46,1.33,1.34,24385,16.31294870376587
1.16,0.73,0.67,1.27,1.41,1.36,1.46,1.33,1.34,24290,16.31565809249878
1.16,0.73,0.67,1.27,1.41,1.36,1.46,1.33,1.34,23989,16.315746784210205
1.15,0.73,0.67,1.27,1.41,1.36,1.46,1.31,1.34,23770,16.320860385894775
1.15,0.73,0.67,1.27,1.41,1.36,1.46,1.32,1.34,23959,16.32490086555481
1.16,0.73,0.67,1.27,1.41,1.36,1.46,1.32,1.34,23994,16.328101634979248
1.15,0.74,0.67,1.27,1.41,1.36,1.46,1.32,1.34,23795,16.3289053440094
1.15,0.73,0.67,1.27,1.41,1.36,1.46,1.32,1.34,23832,16.332390069961548
1.15,0.73,0.67,1.27,1.41,1.36,1.46,1.32,1.35,23865,16.337064504623413
1.15,0.73,0.67,1.27,1.41,1.36,1.46,1.32,1.35,23904,16.340985774993896
1.16,0.73,0.67,1.27,1.41,1.36,1.46,1.32,1.35,23893,16.340985774993896
1.15,0.73,0.67,1.27,1.41,1.36,1.46,1.32,1.35,23874,16.344032287597656
1.16,0.73,0.67,1.27,1.42,1.36,1.46,1.32,1.35,23881,16.349344730377197
1.15,0.73,0.67,1.27,1.42,1.36,1.46,1.32,1.35,24040,16.352903366088867
1.16,0.73,0.67,1.27,1.42,1.36,1.46,1.32,1.35,24345,16.35389280319214
1.16,0.73,0.67,1.27,1.42,1.36,1.46,1.31,1.34,24804,16.356878757476807
1.16,0.72,0.67,1.26,1.42,1.36,1.46,1.32,1.34,24063,16.360863208770752
1.15,0.73,0.67,1.27,1.42,1.36,1.47,1.32,1.35,23744,16.364867448806763
1.16,0.73,0.67,1.27,1.42,1.36,1.46,1.31,1.35,23685,16.36586022377014
1.15,0.73,0.67,1.27,1.42,1.36,1.46,1.32,1.35,23604,16.36886501312256
1.15,0.73,0.67,1.27,1.42,1.36,1.46,1.32,1.35,23927,16.373875617980957
1.16,0.73,0.67,1.27,1.41,1.36,1.46,1.31,1.35,24184,16.37686061859131
1.15,0.73,0.67,1.27,1.41,1.36,1.46,1.32,1.35,24059,16.37786340713501
1.15,0.73,0.66,1.27,1.41,1.36,1.46,1.32,1.35,24108,16.382038354873657
1.16,0.73,0.67,1.27,1.41,1.36,1.46,1.31,1.35,23829,16.385337591171265
1.15,0.73,0.67,1.27,1.42,1.36,1.46,1.32,1.35,23674,16.38942313194275
1.15,0.73,0.67,1.27,1.42,1.36,1.46,1.31,1.35,24077,16.393563508987427
1.15,0.73,0.67,1.27,1.41,1.36,1.46,1.32,1.35,23750,16.393563508987427
1.15,0.73,0.67,1.28,1.42,1.36,1.46,1.32,1.35,23571,16.398558855056763
1.15,0.73,0.67,1.28,1.41,1.36,1.46,1.31,1.35,23556,16.402562856674194
1.15,0.73,0.67,1.28,1.42,1.36,1.46,1.32,1.35,23691,16.405649662017822
1.15,0.73,0.67,1.27,1.42,1.36,1.46,1.32,1.35,23888,16.405649662017822
1.15,0.73,0.67,1.27,1.42,1.36,1.46,1.32,1.35,23781,16.409723043441772
1.15,0.73,0.67,1.28,1.42,1.36,1.46,1.32,1.35,23866,16.41436743736267
1.15,0.73,0.67,1.28,1.42,1.36,1.46,1.31,1.35,24099,16.418026208877563
1.15,0.73,0.67,1.27,1.42,1.36,1.46,1.31,1.35,24082,16.41880226135254
1.15,0.73,0.67,1.27,1.42,1.36,1.46,1.32,1.35,23769,16.422933101654053
1.15,0.73,0.67,1.27,1.42,1.36,1.46,1.32,1.35,23742,16.426523685455322
1.15,0.73,0.67,1.28,1.42,1.36,1.46,1.31,1.35,23453,16.43057680130005
1.15,0.73,0.67,1.27,1.42,1.36,1.46,1.33,1.35,23666,16.4315128326416
1.15,0.73,0.67,1.27,1.42,1.36,1.46,1.33,1.35,23807,16.4349422454834
1.15,0.73,0.67,1.27,1.42,1.36,1.46,1.32,1.35,23900,16.43981170654297
1.15,0.73,0.67,1.28,1.41,1.36,1.46,1.31,1.35,24015,16.44287347793579
1.15,0.73,0.67,1.28,1.42,1.36,1.46,1.31,1.35,24158,16.4438157081604
1.15,0.74,0.67,1.28,1.42,1.36,1.46,1.32,1.35,23923,16.447815418243408
1.15,0.73,0.67,1.28,1.41,1.36,1.46,1.31,1.35,23862,16.451138496398926
1.15,0.73,0.68,1.28,1.41,1.36,1.46,1.31,1.35,23715,16.455368280410767
1.15,0.73,0.67,1.28,1.42,1.36,1.46,1.31,1.35,23228,16.459153175354004
1.15,0.74,0.68,1.28,1.41,1.36,1.46,1.31,1.35,23663,16.459153175354004
1.15,0.74,0.67,1.28,1.41,1.36,1.46,1.31,1.35,23888,16.464073419570923
1.14,0.74,0.67,1.28,1.41,1.36,1.46,1.31,1.35,24155,16.467605590820312
1.15,0.74,0.67,1.28,1.42,1.36,1.46,1.32,1.35,23982,16.471638202667236
1.15,0.74,0.67,1.28,1.41,1.36,1.46,1.32,1.34,24071,16.471638202667236
1.15,0.74,0.67,1.28,1.42,1.36,1.46,1.32,1.35,23890,16.47561264038086
1.15,0.74,0.67,1.28,1.41,1.36,1.46,1.31,1.35,23877,16.47961449623108
1.14,0.74,0.67,1.28,1.41,1.37,1.46,1.32,1.35,24316,16.483970403671265
1.14,0.74,0.67,1.28,1.41,1.36,1.46,1.31,1.35,24203,16.48404049873352
1.15,0.75,0.67,1.28,1.41,1.36,1.46,1.31,1.35,23754,16.488041877746582
1.14,0.74,0.67,1.27,1.41,1.37,1.46,1.31,1.35,23725,16.492037534713745
1.14,0.74,0.67,1.28,1.41,1.36,1.46,1.31,1.35,24254,16.49578332901001
1.15,0.74,0.67,1.28,1.42,1.36,1.46,1.31,1.35,24651,16.496812343597412
1.15,0.74,0.67,1.28,1.42,1.36,1.46,1.31,1.35,24278,16.50056743621826
1.15,0.74,0.67,1.28,1.41,1.36,1.46,1.31,1.35,23861,16.504029035568237
1.15,0.74,0.67,1.28,1.42,1.36,1.46,1.31,1.35,24278,16.50805425643921
1.15,0.74,0.67,1.28,1.41,1.36,1.47,1.31,1.35,24457,16.509058237075806
1.14,0.74,0.68,1.28,1.41,1.36,1.46,1.31,1.35,24084,16.51157832145691
1.14,0.74,0.67,1.28,1.42,1.36,1.46,1.32,1.34,24401,16.516586780548096
1.14,0.74,0.67,1.27,1.42,1.36,1.46,1.33,1.35,24244,16.520591259002686
1.15,0.74,0.67,1.28,1.42,1.36,1.46,1.32,1.35,23583,16.520591259002686
1.15,0.74,0.67,1.28,1.42,1.36,1.46,1.33,1.35,23790,16.524455308914185
1.15,0.74,0.67,1.28,1.42,1.36,1.46,1.33,1.35,23743,16.528782844543457
1.14,0.74,0.67,1.28,1.42,1.36,1.46,1.33,1.35,23712,16.533809185028076
1.15,0.73,0.68,1.27,1.41,1.36,1.47,1.33,1.35,23755,16.53692054748535
1.15,0.73,0.68,1.28,1.41,1.36,1.46,1.33,1.35,23828,16.537111043930054
1.15,0.73,0.68,1.28,1.41,1.36,1.46,1.33,1.35,24103,16.541115045547485
1.15,0.73,0.68,1.28,1.41,1.36,1.46,1.33,1.35,24198,16.54532289505005
1.15,0.73,0.68,1.28,1.4,1.36,1.46,1.33,1.35,24127,16.549089908599854
1.15,0.74,0.68,1.28,1.41,1.36,1.46,1.33,1.35,23696,16.54963994026184
1.15,0.74,0.68,1.28,1.41,1.36,1.46,1.33,1.35,23773,16.553916454315186
1.15,0.74,0.68,1.28,1.41,1.37,1.46,1.33,1.34,23984,16.5582594871521
1.15,0.74,0.68,1.28,1.4,1.36,1.46,1.33,1.35,24019,16.561645984649658
1.15,0.74,0.68,1.28,1.41,1.36,1.46,1.33,1.35,23702,16.561645984649658
1.15,0.74,0.67,1.28,1.4,1.37,1.46,1.33,1.35,23887,16.566662788391113
1.15,0.74,0.68,1.28,1.4,1.37,1.46,1.33,1.35,24176,16.569844722747803
1.15,0.74,0.67,1.28,1.4,1.36,1.46,1.33,1.35,24427,16.573637008666992
1.15,0.74,0.67,1.28,1.4,1.37,1.46,1.33,1.35,24100,16.574645519256592
1.15,0.74,0.67,1.28,1.41,1.36,1.46,1.33,1.35,24353,16.57795810699463
1.15,0.74,0.67,1.27,1.4,1.36,1.46,1.33,1.35,24148,16.58311104774475
1.15,0.74,0.67,1.27,1.4,1.36,1.46,1.33,1.34,23581,16.586303234100342
1.15,0.74,0.68,1.27,1.41,1.36,1.46,1.32,1.35,23518,16.587388515472412
1.15,0.74,0.67,1.27,1.41,1.36,1.46,1.33,1.35,23913,16.591391563415527
1.15,0.73,0.67,1.27,1.41,1.36,1.46,1.33,1.35,24120,16.59471344947815
1.15,0.73,0.67,1.27,1.41,1.37,1.46,1.33,1.35,23883,16.597952365875244
1.15,0.74,0.68,1.27,1.41,1.37,1.46,1.33,1.35,23794,16.602309465408325
1.15,0.74,0.67,1.27,1.41,1.37,1.46,1.33,1.35,23937,16.602309465408325
1.15,0.74,0.68,1.27,1.41,1.37,1.46,1.33,1.35,23952,16.60633897781372
1.15,0.74,0.68,1.27,1.41,1.36,1.46,1.33,1.35,23579,16.610338926315308
1.15,0.74,0.67,1.28,1.41,1.36,1.46,1.33,1.35,23794,16.614339113235474
1.15,0.74,0.68,1.28,1.42,1.36,1.46,1.32,1.35,23547,16.615339279174805
1.15,0.73,0.68,1.27,1.42,1.36,1.46,1.32,1.35,23626,16.61833906173706
1.15,0.73,0.68,1.28,1.42,1.36,1.46,1.33,1.35,24251,16.62335705757141
1.15,0.73,0.68,1.28,1.42,1.36,1.46,1.32,1.34,24274,16.626797676086426
1.15,0.73,0.68,1.28,1.42,1.36,1.46,1.33,1.35,24229,16.626797676086426
1.15,0.73,0.68,1.27,1.42,1.36,1.46,1.33,1.34,24308,16.631235361099243
1.15,0.73,0.68,1.27,1.42,1.36,1.46,1.33,1.34,24339,16.636282205581665
1.15,0.73,0.68,1.27,1.42,1.36,1.46,1.32,1.35,24054,16.638941049575806
1.15,0.73,0.68,1.27,1.42,1.36,1.46,1.32,1.35,23961,16.639919757843018
1.15,0.73,0.68,1.28,1.42,1.36,1.46,1.32,1.34,23948,16.64435863494873
1.15,0.74,0.68,1.27,1.41,1.36,1.46,1.32,1.35,23955,16.64784598350525
1.15,0.73,0.68,1.27,1.41,1.36,1.46,1.33,1.35,23916,16.651901960372925
1.15,0.74,0.68,1.27,1.42,1.36,1.46,1.32,1.35,23673,16.65287971496582
1.15,0.74,0.68,1.27,1.42,1.36,1.46,1.32,1.35,23798,16.65542769432068
1.15,0.74,0.68,1.28,1.42,1.36,1.46,1.32,1.35,23615,16.659916877746582
1.15,0.73,0.68,1.27,1.42,1.36,1.46,1.32,1.35,23794,16.663942337036133
1.15,0.73,0.68,1.28,1.42,1.36,1.46,1.32,1.35,23527,16.664941549301147
1.15,0.73,0.68,1.27,1.42,1.37,1.46,1.32,1.35,23630,16.66915273666382
1.15,0.73,0.68,1.28,1.42,1.37,1.46,1.32,1.35,23885,16.672903776168823
1.15,0.74,0.68,1.28,1.42,1.36,1.46,1.32,1.35,24078,16.6759512424469
1.15,0.74,0.68,1.28,1.42,1.36,1.46,1.32,1.34,24671,16.680217266082764
1.15,0.74,0.68,1.28,1.42,1.36,1.46,1.32,1.34,24342,16.680951833724976
1.16,0.74,0.68,1.28,1.42,1.36,1.46,1.32,1.34,24041,16.68448305130005
1.15,0.74,0.69,1.27,1.43,1.36,1.46,1.32,1.34,24288,16.688652753829956
1.15,0.73,0.69,1.27,1.42,1.36,1.46,1.32,1.34,24033,16.692711114883423
1.16,0.74,0.68,1.28,1.43,1.36,1.46,1.32,1.34,23758,16.692711114883423
1.15,0.73,0.68,1.28,1.43,1.36,1.46,1.32,1.35,23787,16.697672367095947
1.16,0.73,0.68,1.28,1.43,1.36,1.46,1.32,1.34,23806,16.700807571411133
1.15,0.73,0.68,1.28,1.43,1.36,1.46,1.32,1.35,23543,16.704960107803345
1.15,0.73,0.68,1.28,1.43,1.36,1.46,1.32,1.35,23884,16.70569634437561
1.15,0.73,0.68,1.28,1.43,1.36,1.46,1.32,1.35,23963,16.710096836090088
1.15,0.73,0.68,1.28,1.43,1.36,1.46,1.32,1.34,23904,16.713316202163696
1.15,0.73,0.68,1.28,1.43,1.36,1.46,1.32,1.35,24251,16.717438459396362
1.15,0.73,0.68,1.28,1.43,1.36,1.46,1.32,1.35,24054,16.717438459396362
1.15,0.73,0.68,1.28,1.43,1.36,1.46,1.32,1.35,23977,16.721786737442017
1.15,0.73,0.68,1.28,1.43,1.36,1.46,1.32,1.35,24150,16.725518703460693
1.15,0.73,0.68,1.28,1.43,1.36,1.46,1.31,1.35,24221,16.730250358581543
1.15,0.73,0.68,1.28,1.44,1.36,1.46,1.31,1.35,24436,16.730250358581543
1.15,0.73,0.68,1.28,1.43,1.36,1.46,1.31,1.35,24239,16.73433256149292
1.16,0.73,0.68,1.28,1.43,1.36,1.46,1.31,1.35,24278,16.738219022750854
1.16,0.73,0.68,1.28,1.44,1.36,1.46,1.32,1.35,24287,16.742207765579224
1.16,0.73,0.68,1.28,1.43,1.36,1.46,1.31,1.35,24034,16.74548602104187
1.15,0.73,0.68,1.28,1.43,1.36,1.46,1.32,1.35,23893,16.746219635009766
1.16,0.73,0.68,1.28,1.43,1.36,1.46,1.32,1.34,23776,16.75035548210144
1.15,0.73,0.68,1.28,1.43,1.36,1.46,1.32,1.35,23975,16.754188776016235
1.15,0.73,0.68,1.28,1.43,1.36,1.46,1.32,1.35,23890,16.7581889629364
1.16,0.73,0.68,1.28,1.43,1.36,1.46,1.32,1.35,23831,16.75925874710083
1.15,0.73,0.68,1.27,1.43,1.36,1.46,1.32,1.35,23766,16.763262033462524
1.16,0.73,0.68,1.27,1.43,1.36,1.46,1.31,1.35,24131,16.766595125198364
1.16,0.73,0.68,1.28,1.43,1.36,1.46,1.31,1.35,24092,16.77051591873169
1.16,0.74,0.68,1.28,1.43,1.36,1.46,1.32,1.35,23425,16.77125573158264
1.15,0.74,0.68,1.28,1.43,1.36,1.46,1.32,1.35,23310,16.774834394454956
1.16,0.74,0.68,1.28,1.43,1.36,1.46,1.32,1.34,24187,16.77849769592285
1.16,0.74,0.68,1.27,1.43,1.36,1.46,1.32,1.34,24268,16.78353452682495
1.16,0.74,0.68,1.28,1.43,1.36,1.46,1.32,1.34,24221,16.78353452682495
1.16,0.74,0.68,1.27,1.42,1.36,1.46,1.32,1.35,23866,16.786632299423218
1.16,0.74,0.68,1.27,1.42,1.36,1.46,1.32,1.34,23929,16.79071569442749
1.16,0.74,0.68,1.27,1.42,1.36,1.46,1.31,1.35,24164,16.79474711418152
1.16,0.74,0.68,1.27,1.42,1.36,1.46,1.32,1.35,24083,16.795742511749268
1.16,0.74,0.68,1.27,1.43,1.36,1.46,1.32,1.35,24252,16.79874300956726
1.16,0.74,0.68,1.27,1.42,1.36,1.46,1.32,1.35,24215,16.803006887435913
1.16,0.74,0.68,1.27,1.42,1.36,1.46,1.32,1.35,24198,16.807049036026
1.16,0.74,0.68,1.27,1.42,1.36,1.46,1.32,1.35,23901,16.81095790863037
1.16,0.74,0.68,1.27,1.42,1.36,1.46,1.32,1.35,23574,16.81193995475769
1.15,0.74,0.68,1.27,1.42,1.36,1.46,1.32,1.35,24111,16.81495690345764
1.15,0.74,0.68,1.28,1.42,1.36,1.46,1.32,1.35,24198,16.820029973983765
1.16,0.74,0.68,1.27,1.42,1.36,1.46,1.32,1.35,23489,16.823710203170776
1.16,0.74,0.68,1.27,1.42,1.36,1.46,1.32,1.35,23402,16.823710203170776
1.16,0.74,0.68,1.27,1.42,1.36,1.46,1.32,1.35,23765,16.827807664871216
1.15,0.74,0.68,1.27,1.42,1.36,1.46,1.32,1.35,23982,16.83269476890564
1.16,0.74,0.68,1.27,1.42,1.36,1.46,1.32,1.35,23629,16.835689783096313
1.16,0.74,0.68,1.28,1.42,1.36,1.46,1.32,1.35,23574,16.835689783096313
1.16,0.74,0.68,1.28,1.42,1.36,1.46,1.32,1.35,23907,16.840247631072998
1.16,0.74,0.68,1.28,1.42,1.36,1.46,1.32,1.35,23564,16.844245195388794
1.16,0.74,0.68,1.28,1.42,1.36,1.46,1.32,1.35,23783,16.848525762557983
1.15,0.74,0.68,1.28,1.42,1.36,1.46,1.32,1.35,24082,16.848525762557983
1.16,0.74,0.68,1.28,1.42,1.36,1.46,1.33,1.35,24033,16.85252285003662
1.15,0.74,0.68,1.28,1.42,1.36,1.46,1.32,1.35,23926,16.85686945915222
1.15,0.74,0.68,1.28,1.42,1.36,1.46,1.32,1.35,23607,16.860918045043945
1.15,0.74,0.68,1.27,1.42,1.36,1.46,1.32,1.35,23600,16.861287593841553
1.16,0.74,0.68,1.28,1.42,1.36,1.46,1.32,1.35,23681,16.864373207092285
1.15,0.74,0.68,1.28,1.42,1.36,1.46,1.32,1.35,23720,16.869382619857788
1.16,0.74,0.68,1.28,1.42,1.36,1.46,1.32,1.35,23961,16.873075246810913
1.16,0.74,0.68,1.27,1.42,1.36,1.46,1.32,1.35,24448,16.873895406723022
1.15,0.74,0.68,1.28,1.42,1.37,1.46,1.32,1.35,24081,16.87730121612549
1.16,0.74,0.68,1.28,1.42,1.36,1.46,1.32,1.35,23448,16.88133454322815
1.16,0.74,0.68,1.28,1.42,1.36,1.46,1.32,1.35,23677,16.885255575180054
1.15,0.74,0.68,1.28,1.42,1.36,1.46,1.32,1.35,23614,16.88922619819641
1.16,0.74,0.68,1.28,1.42,1.36,1.46,1.32,1.35,23567,16.89028286933899
1.16,0.74,0.68,1.28,1.42,1.36,1.46,1.32,1.35,23738,16.893677473068237
1.16,0.74,0.68,1.28,1.42,1.36,1.46,1.32,1.35,23839,16.897032976150513
1.16,0.74,0.68,1.28,1.42,1.36,1.46,1.32,1.35,24092,16.901350498199463
1.16,0.75,0.68,1.28,1.42,1.36,1.46,1.32,1.35,24059,16.902078866958618
1.16,0.75,0.67,1.28,1.42,1.36,1.46,1.32,1.35,23974,16.906078815460205
1.16,0.75,0.68,1.28,1.42,1.36,1.46,1.32,1.36,23927,16.910078763961792
1.16,0.74,0.68,1.28,1.42,1.36,1.46,1.32,1.35,23854,16.913865327835083
1.16,0.75,0.68,1.28,1.42,1.36,1.46,1.32,1.35,23909,16.91494131088257
1.16,0.74,0.67,1.28,1.42,1.36,1.46,1.32,1.35,24050,16.9189395904541
1.16,0.75,0.67,1.28,1.42,1.36,1.46,1.32,1.35,24061,16.922265768051147
1.16,0.75,0.67,1.28,1.42,1.36,1.46,1.32,1.35,23600,16.926349878311157
1.16,0.75,0.67,1.27,1.42,1.36,1.46,1.32,1.35,23825,16.927374362945557
1.16,0.75,0.67,1.28,1.42,1.36,1.46,1.32,1.35,24038,16.93039107322693
1.16,0.75,0.67,1.28,1.42,1.36,1.46,1.32,1.35,23859,16.93439030647278
1.16,0.74,0.68,1.28,1.42,1.36,1.46,1.32,1.35,23162,16.93848419189453
1.16,0.74,0.67,1.28,1.42,1.36,1.46,1.32,1.35,23439,16.93928289413452
1.16,0.74,0.67,1.28,1.42,1.36,1.46,1.32,1.35,23782,16.94277310371399
1.16,0.74,0.67,1.28,1.42,1.36,1.46,1.32,1.36,23873,16.946897268295288
1.16,0.74,0.68,1.28,1.42,1.36,1.46,1.32,1.35,23992,16.950894594192505
1.16,0.74,0.67,1.27,1.42,1.36,1.46,1.32,1.35,23561,16.950894594192505
1.16,0.74,0.68,1.28,1.43,1.36,1.46,1.32,1.35,23586,16.95489501953125
1.15,0.74,0.68,1.28,1.42,1.36,1.46,1.32,1.35,24099,16.959600687026978
1.16,0.74,0.68,1.28,1.42,1.36,1.46,1.32,1.35,23828,16.9638352394104
1.15,0.74,0.68,1.28,1.42,1.36,1.46,1.32,1.35,23671,16.9638352394104
1.16,0.74,0.68,1.28,1.42,1.36,1.46,1.32,1.35,23648,16.96733522415161
1.15,0.74,0.68,1.28,1.42,1.36,1.46,1.32,1.35,23593,16.97136092185974
1.15,0.74,0.68,1.28,1.42,1.36,1.46,1.32,1.35,23960,16.975488424301147
1.16,0.74,0.68,1.27,1.42,1.36,1.46,1.32,1.35,24463,16.97947382926941
1.16,0.74,0.68,1.27,1.43,1.36,1.46,1.32,1.35,24656,16.980488538742065
1.16,0.74,0.67,1.28,1.42,1.36,1.46,1.32,1.35,24073,16.983442544937134
1.15,0.74,0.67,1.28,1.42,1.36,1.46,1.32,1.35,23644,16.987602949142456
1.15,0.74,0.67,1.28,1.42,1.36,1.46,1.32,1.35,23693,16.991616010665894
1.15,0.74,0.68,1.27,1.42,1.36,1.46,1.32,1.35,23782,16.991616010665894
1.16,0.74,0.68,1.28,1.42,1.36,1.46,1.32,1.35,23813,16.99626898765564
1.16,0.74,0.68,1.28,1.42,1.36,1.46,1.32,1.35,23528,17.001129627227783
1.15,0.74,0.68,1.28,1.43,1.36,1.46,1.32,1.35,23707,17.004100561141968
1.15,0.74,0.68,1.28,1.42,1.36,1.46,1.32,1.35,23552,17.00515580177307
1.15,0.74,0.67,1.28,1.42,1.36,1.46,1.32,1.35,23629,17.008151054382324
1.15,0.74,0.67,1.28,1.42,1.36,1.47,1.32,1.36,24254,17.01242160797119
1.15,0.74,0.67,1.28,1.42,1.36,1.46,1.32,1.36,23965,17.01660418510437
1.15,0.74,0.67,1.28,1.43,1.36,1.46,1.32,1.35,23806,17.01742172241211
1.15,0.74,0.68,1.28,1.43,1.36,1.46,1.32,1.35,23469,17.019994258880615
1.15,0.74,0.67,1.28,1.42,1.36,1.46,1.32,1.35,23944,17.025034189224243
1.15,0.74,0.67,1.28,1.42,1.36,1.46,1.32,1.35,23843,17.02916646003723
1.15,0.75,0.68,1.28,1.42,1.36,1.46,1.32,1.36,23920,17.02916646003723
1.15,0.74,0.68,1.28,1.42,1.36,1.47,1.32,1.35,23815,17.033166646957397
1.15,0.74,0.68,1.28,1.42,1.36,1.46,1.32,1.35,23908,17.037166357040405
1.15,0.74,0.68,1.28,1.43,1.36,1.46,1.32,1.35,23669,17.040579319000244
1.15,0.74,0.68,1.28,1.42,1.36,1.46,1.32,1.35,23656,17.041558265686035
1.15,0.74,0.68,1.28,1.43,1.36,1.46,1.32,1.35,24043,17.045594930648804
1.15,0.74,0.68,1.28,1.42,1.36,1.46,1.32,1.35,23424,17.04996085166931
1.15,0.74,0.68,1.28,1.42,1.36,1.46,1.32,1.35,23351,17.052807569503784
1.15,0.74,0.68,1.28,1.42,1.36,1.46,1.32,1.35,23650,17.057201623916626
1.15,0.74,0.68,1.28,1.42,1.36,1.46,1.32,1.35,23927,17.057201623916626
1.15,0.74,0.68,1.28,1.42,1.36,1.46,1.32,1.35,23916,17.062201738357544
1.15,0.74,0.68,1.28,1.42,1.36,1.46,1.32,1.35,23733,17.065229177474976
1.15,0.74,0.68,1.28,1.43,1.36,1.46,1.32,1.35,23828,17.069713354110718
1.15,0.74,0.67,1.28,1.42,1.36,1.46,1.32,1.35,23825,17.069713354110718
1.15,0.73,0.67,1.28,1.42,1.36,1.46,1.32,1.35,24038,17.073294639587402
1.15,0.73,0.67,1.28,1.43,1.36,1.46,1.32,1.35,24165,17.078340530395508
1.15,0.74,0.68,1.28,1.42,1.36,1.46,1.33,1.36,24352,17.08202600479126
1.15,0.74,0.67,1.28,1.42,1.36,1.46,1.32,1.35,24673,17.08202600479126
1.15,0.74,0.67,1.28,1.42,1.36,1.46,1.32,1.36,24240,17.086891412734985
1.15,0.74,0.67,1.28,1.42,1.36,1.46,1.32,1.36,23603,17.090341091156006
1.15,0.74,0.67,1.28,1.42,1.36,1.46,1.33,1.36,24102,17.09449076652527
1.16,0.74,0.67,1.28,1.42,1.36,1.46,1.32,1.35,24039,17.095475912094116
1.16,0.74,0.68,1.28,1.42,1.36,1.46,1.32,1.35,24076,17.09845995903015
1.16,0.74,0.67,1.28,1.42,1.36,1.46,1.33,1.35,24279,17.102964162826538
1.16,0.74,0.67,1.28,1.42,1.36,1.46,1.33,1.35,24138,17.106210947036743
1.16,0.74,0.67,1.28,1.42,1.36,1.46,1.32,1.35,24167,17.10722517967224
1.16,0.74,0.67,1.29,1.42,1.36,1.46,1.32,1.35,24142,17.111244440078735
1.12,0.7,0.64,1.25,1.4,1.37,1.48,1.31,1.35,24031,17.114556789398193
1.08,0.69,0.62,1.23,1.4,1.38,1.5,1.3,1.35,23914,17.11982774734497
1.07,0.67,0.62,1.21,1.4,1.38,1.5,1.32,1.34,23953,17.11982774734497
1.08,0.66,0.62,1.2,1.4,1.38,1.5,1.32,1.34,23910,17.122812747955322
1.11,0.67,0.62,1.19,1.41,1.37,1.49,1.31,1.34,24217,17.127257108688354
1.09,0.69,0.63,1.2,1.4,1.37,1.5,1.3,1.34,24444,17.131298065185547
1.07,0.67,0.62,1.18,1.39,1.37,1.51,1.3,1.33,23921,17.134979724884033
1.05,0.65,0.61,1.19,1.39,1.36,1.5,1.3,1.33,23842,17.13605570793152
1.02,0.65,0.61,1.21,1.39,1.37,1.5,1.3,1.32,23993,17.139300107955933
1.02,0.64,0.6,1.21,1.38,1.37,1.51,1.29,1.33,24180,17.144367694854736
1.02,0.65,0.59,1.2,1.38,1.37,1.51,1.3,1.33,24331,17.147676467895508
1.02,0.66,0.59,1.21,1.37,1.38,1.49,1.3,1.33,24132,17.147676467895508
1.01,0.64,0.59,1.21,1.37,1.37,1.5,1.29,1.32,24153,17.151676654815674
1.01,0.65,0.59,1.21,1.39,1.37,1.5,1.29,1.32,24308,17.15567636489868
1.02,0.65,0.59,1.2,1.39,1.37,1.5,1.28,1.32,24075,17.15964698791504
1.01,0.66,0.6,1.21,1.38,1.37,1.5,1.28,1.32,23384,17.160655736923218
1.02,0.66,0.6,1.2,1.38,1.37,1.5,1.27,1.33,23703,17.164438247680664
1.04,0.66,0.59,1.21,1.39,1.38,1.5,1.27,1.32,23792,17.167476654052734
1.03,0.64,0.6,1.21,1.39,1.37,1.51,1.29,1.33,23717,17.171539545059204
1.0,0.64,0.59,1.22,1.4,1.38,1.51,1.28,1.33,23266,17.172531127929688
0.98,0.64,0.59,1.21,1.39,1.37,1.52,1.29,1.32,23113,17.175564527511597
1.0,0.65,0.59,1.2,1.38,1.36,1.51,1.28,1.32,23570,17.179837226867676
1.0,0.65,0.6,1.19,1.39,1.35,1.5,1.28,1.32,23963,17.184560775756836
1.01,0.64,0.59,1.21,1.39,1.35,1.49,1.28,1.31,23592,17.18553137779236
1.02,0.63,0.6,1.19,1.4,1.36,1.5,1.28,1.31,23395,17.187918424606323
0.99,0.62,0.59,1.2,1.39,1.36,1.48,1.29,1.31,23468,17.193181037902832
1.01,0.63,0.58,1.17,1.39,1.35,1.48,1.29,1.31,23079,17.196795225143433
1.0,0.63,0.58,1.19,1.39,1.35,1.48,1.29,1.3,23346,17.196795225143433
1.0,0.62,0.59,1.18,1.4,1.35,1.48,1.27,1.3,23365,17.200806617736816
0.99,0.62,0.59,1.17,1.4,1.36,1.49,1.28,1.3,23750,17.20480704307556
1.0,0.62,0.59,1.15,1.39,1.35,1.48,1.28,1.31,23439,17.208796501159668
1.0,0.64,0.59,1.17,1.39,1.35,1.46,1.28,1.3,23452,17.212528467178345
1.0,0.63,0.6,1.17,1.39,1.35,1.45,1.27,1.3,23421,17.212528467178345
0.99,0.63,0.59,1.16,1.38,1.35,1.46,1.27,1.3,23540,17.21719527244568
1.0,0.63,0.6,1.14,1.38,1.35,1.47,1.28,1.3,23505,17.220972061157227
1.01,0.64,0.6,1.15,1.37,1.34,1.46,1.28,1.3,23144,17.224961757659912
1.01,0.64,0.6,1.16,1.38,1.34,1.47,1.27,1.3,23197,17.224961757659912
0.99,0.62,0.6,1.14,1.38,1.34,1.48,1.28,1.3,23394,17.23029112815857
0.99,0.64,0.59,1.13,1.38,1.34,1.47,1.28,1.3,23353,17.234353065490723
1.02,0.64,0.59,1.12,1.37,1.34,1.47,1.28,1.3,23496,17.237528562545776
1.03,0.65,0.6,1.12,1.38,1.34,1.47,1.26,1.3,23695,17.23875069618225
1.02,0.64,0.6,1.13,1.37,1.34,1.45,1.27,1.3,23332,17.24174737930298
1.02,0.64,0.59,1.13,1.36,1.34,1.46,1.28,1.3,23593,17.245771169662476
1.03,0.65,0.59,1.11,1.36,1.34,1.46,1.28,1.3,23296,17.25082278251648
1.03,0.66,0.6,1.11,1.36,1.33,1.46,1.26,1.31,23315,17.25082278251648
1.02,0.62,0.61,1.11,1.36,1.34,1.46,1.26,1.3,23140,17.25428056716919
1.01,0.63,0.6,1.12,1.36,1.34,1.46,1.27,1.3,22993,17.257846355438232
1.03,0.64,0.6,1.12,1.36,1.34,1.45,1.28,1.3,22972,17.262247800827026
1.04,0.65,0.6,1.12,1.34,1.33,1.43,1.28,1.3,23233,17.26330280303955
1.05,0.65,0.61,1.12,1.36,1.33,1.44,1.25,1.3,23476,17.266335487365723
1.04,0.64,0.61,1.12,1.36,1.33,1.45,1.26,1.3,23523,17.270109176635742
1.04,0.64,0.6,1.11,1.37,1.33,1.45,1.26,1.3,23548,17.273948669433594
1.06,0.65,0.61,1.11,1.36,1.33,1.43,1.26,1.29,23433,17.278215646743774
1.05,0.65,0.61,1.12,1.35,1.33,1.43,1.25,1.3,23508,17.27894878387451
1.02,0.62,0.6,1.1,1.37,1.33,1.45,1.25,1.3,23697,17.28294849395752
1.01,0.63,0.59,1.1,1.36,1.33,1.43,1.26,1.3,23204,17.28648614883423
1.03,0.63,0.58,1.11,1.36,1.33,1.44,1.27,1.3,22879,17.29090690612793
1.04,0.64,0.58,1.12,1.35,1.33,1.41,1.27,1.3,23056,17.291247844696045
1.04,0.63,0.6,1.11,1.36,1.33,1.43,1.27,1.29,23229,17.295270442962646
1.03,0.63,0.59,1.08,1.35,1.33,1.44,1.27,1.29,23246,17.29927158355713
1.06,0.63,0.6,1.07,1.36,1.33,1.43,1.27,1.29,23237,17.30292797088623
1.05,0.64,0.6,1.09,1.35,1.33,1.44,1.28,1.29,23072,17.303529262542725
1.02,0.63,0.6,1.1,1.36,1.32,1.43,1.27,1.29,23255,17.30750846862793
1.04,0.62,0.6,1.07,1.35,1.33,1.44,1.27,1.29,23716,17.311771154403687
1.04,0.63,0.58,1.06,1.35,1.33,1.44,1.27,1.29,23241,17.31550407409668
1.05,0.64,0.59,1.06,1.32,1.32,1.44,1.29,1.29,23384,17.31550407409668
1.06,0.64,0.6,1.09,1.33,1.31,1.43,1.28,1.29,23471,17.31899857521057
1.04,0.62,0.6,1.1,1.34,1.32,1.44,1.27,1.29,23052,17.324039697647095
1.04,0.62,0.6,1.07,1.33,1.32,1.43,1.28,1.29,22775,17.3273503780365
1.05,0.62,0.61,1.08,1.33,1.32,1.42,1.29,1.29,23566,17.328351974487305
1.04,0.62,0.6,1.09,1.35,1.31,1.42,1.26,1.29,23495,17.33135199546814
1.03,0.59,0.6,1.07,1.36,1.31,1.44,1.25,1.29,23480,17.3354389667511
1.03,0.59,0.58,1.06,1.34,1.32,1.43,1.26,1.29,23377,17.33982539176941
1.05,0.62,0.59,1.07,1.33,1.32,1.43,1.27,1.29,23332,17.340843200683594
1.06,0.62,0.6,1.05,1.33,1.31,1.42,1.26,1.29,23123,17.344125986099243
1.06,0.61,0.6,1.06,1.32,1.3,1.43,1.26,1.29,23082,17.348131895065308
1.06,0.6,0.6,1.03,1.33,1.3,1.43,1.26,1.29,23151,17.353132724761963
1.06,0.62,0.6,1.03,1.33,1.31,1.43,1.25,1.29,23012,17.356181144714355
1.07,0.63,0.61,1.04,1.31,1.29,1.43,1.25,1.29,22963,17.357133388519287
1.02,0.62,0.61,1.04,1.32,1.3,1.44,1.25,1.29,22980,17.36050295829773
1.03,0.59,0.6,1.03,1.32,1.3,1.44,1.23,1.29,22257,17.364527463912964
1.04,0.6,0.61,1.04,1.32,1.3,1.44,1.24,1.29,22378,17.36837410926819
1.05,0.62,0.61,1.05,1.31,1.29,1.43,1.24,1.29,22539,17.3690505027771
1.05,0.62,0.61,1.05,1.32,1.29,1.42,1.23,1.29,23016,17.373085975646973
1.03,0.6,0.62,1.04,1.31,1.3,1.44,1.23,1.28,23275,17.376490592956543
1.04,0.6,0.61,1.03,1.32,1.3,1.44,1.23,1.29,22608,17.38051986694336
1.04,0.62,0.6,1.04,1.31,1.3,1.43,1.25,1.29,22391,17.38051986694336
1.05,0.61,0.6,1.04,1.32,1.3,1.42,1.21,1.28,22452,17.38452124595642
1.03,0.6,0.6,1.04,1.33,1.3,1.45,1.22,1.28,22869,17.388521194458008
1.04,0.6,0.6,1.02,1.33,1.31,1.46,1.21,1.28,22888,17.39277219772339
1.05,0.61,0.61,1.03,1.33,1.3,1.44,1.22,1.28,23417,17.39383292198181
1.07,0.62,0.61,1.02,1.31,1.29,1.43,1.22,1.29,22930,17.396895170211792
1.06,0.62,0.61,1.03,1.32,1.29,1.42,1.22,1.29,22333,17.400693655014038
1.05,0.6,0.6,1.03,1.33,1.3,1.44,1.23,1.29,22700,17.404932498931885
1.07,0.6,0.59,1.03,1.31,1.3,1.44,1.24,1.29,22589,17.405954122543335
1.07,0.61,0.59,1.03,1.32,1.29,1.41,1.24,1.29,22742,17.409953117370605
1.06,0.62,0.6,1.03,1.31,1.29,1.42,1.22,1.29,23065,17.4135000705719
1.05,0.6,0.6,1.02,1.32,1.29,1.44,1.22,1.29,23116,17.41749858856201
1.06,0.61,0.59,1.02,1.32,1.29,1.43,1.22,1.29,22697,17.42150068283081
1.08,0.62,0.59,1.03,1.3,1.29,1.41,1.22,1.29,22932,17.421794176101685
1.09,0.62,0.6,1.02,1.29,1.28,1.41,1.21,1.29,22999,17.425490856170654
1.06,0.62,0.6,1.02,1.27,1.29,1.42,1.19,1.29,22844,17.430140018463135
1.06,0.62,0.59,1.02,1.28,1.29,1.42,1.21,1.29,22797,17.433255434036255
1.07,0.62,0.58,1.02,1.27,1.29,1.43,1.22,1.29,22564,17.434289693832397
1.07,0.64,0.59,1.03,1.28,1.28,1.43,1.21,1.3,22665,17.437880992889404
1.08,0.63,0.59,1.02,1.28,1.28,1.43,1.19,1.3,22868,17.44209361076355
1.04,0.61,0.58,1.02,1.29,1.29,1.44,1.2,1.3,23221,17.446094036102295
1.05,0.62,0.58,1.03,1.29,1.28,1.44,1.21,1.3,22594,17.446094036102295
1.04,0.64,0.59,1.03,1.28,1.29,1.42,1.21,1.3,22415,17.45079803466797
1.04,0.64,0.59,1.04,1.28,1.28,1.43,1.18,1.29,22604,17.45390820503235
1.04,0.62,0.58,1.02,1.28,1.28,1.43,1.19,1.3,22745,17.4582097530365
1.04,0.61,0.57,1.0,1.29,1.29,1.43,1.2,1.3,22740,17.458953619003296
1.06,0.62,0.57,1.01,1.28,1.28,1.42,1.2,1.3,22419,17.46295428276062
1.06,0.63,0.57,1.01,1.25,1.27,1.42,1.16,1.29,22182,17.467410564422607
1.04,0.6,0.56,0.98,1.23,1.27,1.43,1.16,1.29,22203,17.470837354660034
1.04,0.56,0.56,0.91,1.18,1.24,1.38,1.13,1.27,22564,17.47189497947693
0.98,0.54,0.53,0.86,1.14,1.2,1.34,1.08,1.25,22879,17.475915670394897
0.99,0.54,0.53,0.8,1.06,1.17,1.29,1.01,1.23,23064,17.479989290237427
0.97,0.51,0.51,0.75,1.02,1.11,1.26,0.98,1.2,22977,17.483383655548096
0.95,0.52,0.47,0.68,0.94,1.09,1.2,0.92,1.12,23590,17.487558364868164
0.91,0.48,0.47,0.62,0.88,1.04,1.12,0.86,1.05,24611,17.487558364868164
0.88,0.48,0.45,0.54,0.84,1.01,1.04,0.85,1.03,24978,17.491544246673584
0.84,0.42,0.42,0.5,0.78,0.96,0.96,0.78,0.98,25675,17.496217489242554
0.79,0.42,0.37,0.47,0.77,0.93,0.9,0.68,0.92,26646,17.499414920806885
0.82,0.45,0.35,0.46,0.76,0.91,0.78,0.6,0.81,26845,17.500213623046875
0.78,0.42,0.34,0.39,0.73,0.89,0.78,0.59,0.76,27314,17.50421690940857
0.74,0.4,0.3,0.39,0.7,0.9,0.67,0.56,0.63,27885,17.50822353363037
0.71,0.43,0.31,0.38,0.68,0.88,0.66,0.55,0.62,28828,17.511606216430664
0.7,0.46,0.25,0.37,0.68,0.88,0.67,0.6,0.55,29817,17.511606216430664
0.71,0.43,0.28,0.35,0.65,0.89,0.62,0.57,0.51,30184,17.51579761505127
0.7,0.45,0.26,0.34,0.69,0.9,0.63,0.55,0.52,30581,17.52115273475647
0.74,0.46,0.23,0.38,0.7,0.91,0.64,0.57,0.52,30494,17.52418088912964
0.72,0.47,0.27,0.38,0.7,0.9,0.66,0.58,0.53,30725,17.52468514442444
0.72,0.45,0.26,0.4,0.7,0.88,0.66,0.58,0.5,30914,17.52741026878357
0.66,0.43,0.28,0.4,0.72,0.88,0.62,0.53,0.5,31013,17.532421827316284
0.69,0.44,0.27,0.39,0.71,0.86,0.63,0.54,0.5,31710,17.536417722702026
0.67,0.44,0.25,0.35,0.71,0.86,0.55,0.47,0.45,31707,17.536417722702026
0.64,0.42,0.23,0.36,0.65,0.87,0.52,0.45,0.42,31974,17.54055643081665
0.59,0.45,0.23,0.29,0.64,0.86,0.5,0.46,0.39,32355,17.544815063476562
0.61,0.43,0.23,0.31,0.66,0.85,0.49,0.46,0.35,32550,17.54869556427002
0.64,0.46,0.23,0.32,0.66,0.85,0.52,0.5,0.37,32791,17.54869556427002
0.68,0.45,0.24,0.35,0.69,0.86,0.57,0.53,0.39,33110,17.552703142166138
0.74,0.47,0.25,0.35,0.74,0.87,0.62,0.56,0.44,33099,17.557193517684937
0.75,0.47,0.27,0.36,0.73,0.88,0.63,0.57,0.46,32262,17.5612530708313
0.76,0.48,0.28,0.39,0.71,0.9,0.68,0.61,0.51,31413,17.565080404281616
0.79,0.49,0.32,0.41,0.73,0.9,0.72,0.63,0.54,30906,17.566155910491943
0.83,0.49,0.33,0.42,0.78,0.9,0.74,0.65,0.54,30013,17.569153308868408
0.81,0.49,0.33,0.43,0.77,0.9,0.74,0.64,0.54,29952,17.573632955551147
0.84,0.48,0.34,0.45,0.79,0.9,0.73,0.63,0.53,30415,17.57681369781494
0.78,0.49,0.32,0.42,0.76,0.9,0.71,0.51,0.5,30602,17.57681369781494
0.8,0.49,0.33,0.43,0.74,0.89,0.73,0.55,0.52,30809,17.581449270248413
0.84,0.48,0.33,0.45,0.72,0.89,0.73,0.54,0.54,31322,17.58597207069397
0.85,0.44,0.34,0.43,0.74,0.88,0.76,0.53,0.57,30631,17.58997130393982
0.85,0.42,0.33,0.42,0.75,0.86,0.75,0.52,0.57,30062,17.58997130393982
0.8,0.4,0.34,0.42,0.72,0.9,0.72,0.48,0.59,29565,17.5939679145813
0.85,0.42,0.34,0.42,0.68,0.88,0.75,0.46,0.61,29538,17.597966194152832
0.78,0.39,0.34,0.44,0.62,0.91,0.72,0.43,0.56,29877,17.60209822654724
0.73,0.4,0.27,0.41,0.62,0.9,0.63,0.41,0.44,30234,17.602967977523804
0.69,0.38,0.21,0.35,0.56,0.88,0.48,0.33,0.38,30597,17.606045722961426
0.59,0.38,0.19,0.32,0.53,0.87,0.4,0.32,0.3,30742,17.610081434249878
0.49,0.35,0.2,0.24,0.56,0.82,0.34,0.3,0.29,31311,17.614088535308838
0.48,0.28,0.21,0.22,0.49,0.76,0.28,0.18,0.25,32702,17.615095376968384
0.39,0.32,0.22,0.2,0.43,0.66,0.21,0.18,0.2,33391,17.618191480636597
0.34,0.31,0.17,0.2,0.41,0.64,0.16,0.15,0.17,34066,17.62247133255005
0.38,0.33,0.17,0.21,0.37,0.62,0.14,0.13,0.13,34717,17.6269428730011
0.37,0.27,0.15,0.19,0.36,0.69,0.16,0.13,0.14,35452,17.630208015441895
0.33,0.27,0.15,0.24,0.4,0.68,0.2,0.12,0.15,36865,17.630942821502686
0.28,0.29,0.17,0.21,0.36,0.67,0.13,0.16,0.15,38398,17.635382175445557
0.3,0.27,0.16,0.2,0.32,0.67,0.12,0.13,0.13,39383,17.63888144493103
0.27,0.24,0.2,0.17,0.35,0.62,0.1,0.13,0.13,40320,17.64260959625244
0.25,0.28,0.19,0.2,0.29,0.66,0.12,0.13,0.15,41163,17.64328622817993
0.25,0.28,0.17,0.18,0.32,0.65,0.08,0.12,0.11,42248,17.647645711898804
0.27,0.28,0.19,0.18,0.29,0.66,0.09,0.08,0.1,42687,17.652236938476562
0.23,0.24,0.2,0.18,0.32,0.66,0.12,0.08,0.13,43404,17.65537166595459
0.25,0.25,0.18,0.16,0.36,0.68,0.1,0.11,0.13,44155,17.65537166595459
0.24,0.14,0.21,0.16,0.34,0.66,0.09,0.08,0.13,44486,17.65943169593811
0.3,0.21,0.19,0.17,0.36,0.65,0.08,0.11,0.11,44973,17.663414239883423
0.24,0.28,0.19,0.13,0.34,0.62,0.04,0.14,0.13,45618,17.667243242263794
0.23,0.26,0.2,0.12,0.39,0.62,0.06,0.14,0.13,44675,17.668017148971558
0.31,0.23,0.16,0.14,0.36,0.61,0.07,0.16,0.12,43664,17.671273231506348
0.33,0.19,0.19,0.14,0.38,0.58,0.08,0.12,0.11,43431,17.676328420639038
0.37,0.21,0.2,0.17,0.39,0.59,0.07,0.14,0.11,43254,17.67986559867859
0.31,0.18,0.2,0.18,0.36,0.58,0.08,0.12,0.1,43393,17.68092155456543
0.32,0.22,0.18,0.14,0.39,0.56,0.08,0.15,0.11,43292,17.683480739593506
0.38,0.22,0.19,0.17,0.41,0.57,0.09,0.15,0.11,43617,17.68852949142456
0.33,0.25,0.2,0.19,0.44,0.55,0.09,0.16,0.1,44340,17.69254994392395
0.31,0.29,0.17,0.17,0.45,0.53,0.07,0.18,0.1,44223,17.69254994392395
0.32,0.21,0.16,0.16,0.42,0.53,0.08,0.18,0.12,44276,17.696529388427734
0.38,0.21,0.17,0.2,0.43,0.54,0.07,0.21,0.1,44413,17.70109248161316
0.3,0.21,0.15,0.19,0.42,0.54,0.07,0.2,0.1,43870,17.704697370529175
0.33,0.22,0.18,0.21,0.43,0.52,0.09,0.21,0.1,44219,17.707748889923096
0.36,0.25,0.17,0.21,0.42,0.57,0.07,0.22,0.08,44982,17.70871067047119
0.31,0.25,0.17,0.2,0.47,0.54,0.06,0.24,0.1,45143,17.7127628326416
0.28,0.26,0.15,0.2,0.49,0.55,0.06,0.22,0.08,45264,17.716761589050293
0.29,0.26,0.15,0.21,0.49,0.55,0.06,0.24,0.09,46149,17.720613479614258
0.27,0.27,0.16,0.2,0.53,0.53,0.05,0.26,0.1,46890,17.720613479614258
0.25,0.28,0.16,0.18,0.54,0.48,0.05,0.26,0.09,47237,17.72587823867798
0.3,0.33,0.19,0.21,0.56,0.46,0.04,0.29,0.08,47844,17.729315519332886
0.37,0.26,0.21,0.21,0.55,0.47,0.05,0.26,0.09,48549,17.733304738998413
0.38,0.27,0.18,0.21,0.58,0.44,0.05,0.28,0.09,48634,17.733304738998413
0.38,0.31,0.2,0.21,0.61,0.46,0.06,0.32,0.09,47643,17.737295627593994
0.28,0.28,0.16,0.2,0.62,0.43,0.04,0.29,0.1,46896,17.742161512374878
0.25,0.27,0.21,0.18,0.62,0.39,0.03,0.3,0.1,46767,17.745356798171997
0.28,0.28,0.22,0.17,0.63,0.37,0.03,0.3,0.11,46116,17.746411085128784
0.29,0.32,0.21,0.18,0.67,0.39,0.06,0.31,0.11,45779,17.749397039413452
0.29,0.26,0.19,0.15,0.74,0.36,0.05,0.32,0.13,45660,17.753570556640625
0.26,0.29,0.2,0.18,0.7,0.36,0.04,0.32,0.13,45835,17.757649421691895
0.25,0.28,0.21,0.14,0.74,0.34,0.06,0.33,0.14,46568,17.757649421691895
0.24,0.27,0.21,0.14,0.75,0.33,0.06,0.33,0.14,47467,17.76183819770813
0.3,0.28,0.21,0.15,0.75,0.32,0.07,0.37,0.12,47850,17.765867471694946
0.29,0.26,0.21,0.16,0.79,0.34,0.05,0.34,0.13,48125,17.769972324371338
0.28,0.31,0.2,0.18,0.85,0.34,0.05,0.36,0.11,49032,17.773771286010742
0.29,0.29,0.2,0.17,0.9,0.32,0.04,0.37,0.11,49837,17.773771286010742
0.27,0.35,0.19,0.18,0.97,0.33,0.06,0.46,0.11,50336,17.77835202217102
0.31,0.37,0.2,0.18,1.04,0.31,0.05,0.47,0.11,50597,17.782315254211426
0.33,0.44,0.17,0.18,1.05,0.3,0.05,0.53,0.1,50592,17.786460876464844
0.32,0.41,0.17,0.18,1.12,0.3,0.05,0.53,0.1,49893,17.78734588623047
0.27,0.48,0.14,0.18,1.18,0.31,0.05,0.52,0.1,49778,17.790316820144653
0.28,0.48,0.14,0.19,1.27,0.31,0.06,0.63,0.1,50119,17.794739484786987
0.34,0.49,0.17,0.18,1.35,0.32,0.06,0.62,0.11,50116,17.79901361465454
0.38,0.52,0.14,0.19,1.54,0.34,0.07,0.62,0.11,50635,17.79901361465454
0.36,0.53,0.16,0.15,1.62,0.35,0.06,0.66,0.11,50388,17.80303454399109
0.3,0.5,0.16,0.14,1.78,0.35,0.06,0.66,0.13,50239,17.806514739990234
0.26,0.52,0.15,0.15,1.94,0.36,0.07,0.67,0.12,49752,17.8107693195343
0.24,0.53,0.13,0.14,2.0,0.36,0.05,0.68,0.12,50039,17.811479091644287
0.3,0.57,0.14,0.2,2.06,0.36,0.08,0.7,0.12,50634,17.81563115119934
0.29,0.67,0.12,0.19,2.06,0.35,0.09,0.74,0.12,51701,17.82009720802307
0.27,0.66,0.11,0.19,2.13,0.35,0.09,0.79,0.12,52960,17.82326054573059
0.27,0.69,0.11,0.16,2.2,0.36,0.08,0.82,0.12,53423,17.82426643371582
0.24,0.72,0.09,0.16,2.25,0.36,0.09,0.86,0.12,53184,17.82730793952942
0.26,0.76,0.09,0.15,2.27,0.38,0.08,0.89,0.11,52291,17.831320762634277
0.27,0.81,0.09,0.14,2.27,0.39,0.08,0.91,0.11,52244,17.835983514785767
0.25,0.83,0.1,0.14,2.28,0.41,0.08,0.92,0.11,51831,17.83974552154541
0.26,0.82,0.09,0.13,2.32,0.42,0.07,0.93,0.11,52090,17.83987307548523
0.21,0.81,0.1,0.12,2.33,0.42,0.07,0.94,0.12,52437,17.843918085098267
0.17,0.83,0.1,0.12,2.33,0.44,0.06,0.98,0.11,53444,17.847917079925537
0.18,0.87,0.11,0.12,2.29,0.43,0.06,1.0,0.11,55097,17.851752042770386
0.16,0.85,0.1,0.14,2.33,0.43,0.08,1.0,0.11,56570,17.851752042770386
0.18,0.85,0.09,0.13,2.35,0.46,0.06,1.04,0.11,57901,17.8559787273407
0.19,0.85,0.09,0.13,2.3,0.46,0.08,1.1,0.11,58736,17.859981775283813
0.19,0.81,0.09,0.13,2.27,0.47,0.08,1.15,0.12,57883,17.86401057243347
0.18,0.87,0.08,0.14,2.21,0.47,0.09,1.19,0.11,57214,17.86401057243347
0.21,0.86,0.09,0.16,2.2,0.48,0.09,1.24,0.11,56723,17.86801052093506
0.19,0.88,0.08,0.12,2.19,0.51,0.08,1.24,0.11,57028,17.87300968170166
0.19,0.89,0.13,0.14,2.13,0.51,0.09,1.25,0.11,57569,17.876009464263916
0.19,0.93,0.14,0.14,2.09,0.51,0.1,1.27,0.12,57932,17.877010345458984
0.18,0.98,0.12,0.15,2.0,0.53,0.1,1.31,0.14,57601,17.881019592285156
0.17,1.02,0.13,0.13,1.94,0.57,0.09,1.31,0.17,57058,17.884364366531372
0.13,1.02,0.12,0.1,1.92,0.62,0.07,1.3,0.2,57201,17.888547658920288
0.13,1.02,0.13,0.12,1.88,0.71,0.08,1.36,0.21,57678,17.889588594436646
0.13,0.99,0.16,0.13,1.87,0.74,0.08,1.4,0.21,57801,17.89260506629944
0.13,1.0,0.19,0.12,1.87,0.81,0.09,1.35,0.21,57822,17.896759033203125
0.13,1.01,0.24,0.1,1.82,0.84,0.09,1.34,0.29,57185,17.901604652404785
0.12,0.97,0.22,0.12,1.8,0.88,0.08,1.34,0.33,56184,17.901604652404785
0.15,0.98,0.24,0.11,1.75,0.91,0.1,1.35,0.33,55217,17.905776500701904
0.22,0.97,0.28,0.13,1.7,1.02,0.1,1.4,0.53,55156,17.90977430343628
0.25,0.99,0.36,0.14,1.63,1.09,0.12,1.43,0.48,54651,17.913888216018677
0.23,0.95,0.38,0.13,1.57,1.16,0.13,1.41,0.49,53316,17.917184591293335
0.21,0.89,0.37,0.16,1.5,1.23,0.14,1.42,0.47,52543,17.9182288646698
0.24,0.9,0.51,0.17,1.46,1.25,0.12,1.44,0.59,51382,17.922232627868652
0.2,0.87,0.61,0.17,1.45,1.3,0.13,1.41,0.61,50157,17.925689935684204
0.27,0.9,0.63,0.2,1.45,1.36,0.15,1.36,0.69,49050,17.92965292930603
0.28,0.91,0.67,0.24,1.39,1.34,0.16,1.4,0.72,48021,17.92965292930603
0.27,0.88,0.7,0.22,1.38,1.42,0.14,1.45,0.75,47566,17.93402338027954
0.3,0.85,0.74,0.25,1.36,1.41,0.15,1.44,0.76,47105,17.938564777374268
0.29,0.85,0.8,0.25,1.32,1.41,0.15,1.41,0.78,47178,17.941898107528687
0.32,0.86,0.87,0.25,1.32,1.36,0.18,1.31,0.84,46993,17.942973375320435
0.28,0.8,0.93,0.26,1.31,1.42,0.2,1.34,0.88,46456,17.94697070121765
0.29,0.81,0.98,0.25,1.28,1.42,0.19,1.27,0.95,45925,17.95123863220215
0.29,0.79,0.93,0.22,1.26,1.48,0.18,1.28,0.98,46196,17.95426869392395
0.28,0.78,0.97,0.2,1.25,1.51,0.16,1.27,1.0,46425,17.955238103866577
0.22,0.75,1.02,0.16,1.24,1.49,0.16,1.25,0.97,46666,17.958125591278076
0.21,0.75,1.01,0.16,1.24,1.56,0.14,1.24,0.96,46829,17.96279525756836
0.18,0.73,1.07,0.12,1.26,1.57,0.11,1.23,0.97,47444,17.966721534729004
0.16,0.66,1.09,0.12,1.31,1.57,0.11,1.15,1.03,47965,17.966721534729004
0.14,0.66,1.06,0.07,1.29,1.63,0.08,1.11,1.08,49322,17.970741987228394
0.11,0.64,1.02,0.04,1.3,1.65,0.02,1.07,1.1,50847,17.97500514984131
0.12,0.64,1.09,0.07,1.25,1.61,0.05,1.01,1.13,51412,17.97900700569153
0.11,0.65,1.07,0.06,1.25,1.63,0.06,1.01,1.13,52263,17.97900700569153
0.09,0.7,1.06,0.05,1.17,1.6,0.03,1.03,1.19,52366,17.98261833190918
0.07,0.73,1.05,0.04,1.18,1.58,0.03,1.04,1.2,53457,17.987051725387573
0.07,0.7,1.07,0.01,1.18,1.61,0.01,1.04,1.19,53716,17.991157293319702
0.06,0.72,1.1,0.03,1.2,1.58,0.0,1.03,1.2,54647,17.99221706390381
0.09,0.7,1.1,0.02,1.17,1.52,0.01,1.02,1.25,55634,17.99521493911743
0.08,0.69,1.15,0.0,1.15,1.49,0.0,1.04,1.27,56039,18.00021529197693
0.1,0.65,1.19,0.01,1.19,1.51,0.0,1.0,1.28,56134,18.004215002059937
0.19,0.67,1.21,0.03,1.18,1.41,0.02,1.02,1.32,56197,18.007213830947876
0.13,0.7,1.24,0.09,1.15,1.42,0.04,1.04,1.32,56386,18.0081946849823
0.21,0.67,1.24,0.09,1.13,1.39,0.03,1.03,1.32,56891,18.011794328689575
0.2,0.68,1.22,0.1,1.14,1.43,0.05,1.02,1.31,56282,18.01683521270752
0.21,0.67,1.18,0.21,1.21,1.44,0.07,1.0,1.25,56441,18.019960403442383
0.25,0.67,1.17,0.21,1.12,1.46,0.11,1.01,1.23,57224,18.020939111709595
0.3,0.65,1.09,0.26,1.19,1.5,0.12,0.99,1.22,57191,18.02410387992859
0.39,0.67,1.13,0.35,1.27,1.49,0.2,0.95,1.23,56582,18.028148651123047
0.38,0.63,1.07,0.39,1.33,1.49,0.24,0.99,1.21,55735,18.03215742111206
0.45,0.66,1.02,0.45,1.37,1.49,0.31,1.02,1.19,55630,18.033148050308228
0.44,0.71,1.06,0.58,1.41,1.47,0.41,0.96,1.12,54807,18.036162853240967
0.53,0.72,1.04,0.69,1.44,1.43,0.48,1.0,1.11,54022,18.03985047340393
0.56,0.7,0.95,0.74,1.52,1.5,0.53,1.0,1.03,53803,18.04445505142212
0.59,0.65,0.92,0.77,1.66,1.52,0.6,1.01,1.02,53346,18.04445505142212
0.65,0.66,0.85,0.81,1.75,1.59,0.68,0.99,0.98,53147,18.04843282699585
0.71,0.64,0.81,0.8,1.89,1.54,0.71,1.03,0.9,53344,18.052425384521484
0.75,0.67,0.78,0.85,1.92,1.55,0.76,1.02,1.01,52661,18.056596755981445
0.76,0.68,0.78,0.83,1.97,1.53,0.83,1.0,1.04,51654,18.056596755981445
0.82,0.7,0.74,0.87,1.99,1.51,0.85,1.01,1.03,51211,18.061460733413696
0.84,0.71,0.77,0.86,2.04,1.46,0.9,1.01,1.0,51232,18.064574003219604
0.83,0.78,0.74,0.86,2.02,1.43,0.97,1.0,0.99,51343,18.069210529327393
0.87,0.8,0.73,0.91,2.05,1.44,0.95,1.01,0.91,51162,18.07024335861206
0.91,0.81,0.63,0.85,2.07,1.46,0.98,1.02,0.92,51213,18.073244333267212
0.91,0.82,0.62,0.89,2.08,1.46,0.99,1.04,0.87,51136,18.07754397392273
0.95,0.83,0.59,0.9,2.08,1.44,1.01,1.1,0.84,51291,18.081542491912842
0.92,0.86,0.55,0.92,2.04,1.44,1.04,1.13,0.83,51268,18.08552646636963
0.95,0.84,0.56,0.91,2.09,1.4,1.04,1.14,0.79,51981,18.08552646636963
0.97,0.83,0.48,0.93,2.1,1.44,1.07,1.13,0.78,52466,18.090209484100342
0.98,0.84,0.47,0.94,2.1,1.47,1.12,1.16,0.72,53379,18.093587398529053
0.96,0.83,0.47,0.97,2.1,1.47,1.11,1.18,0.73,53756,18.097681522369385
1.04,0.84,0.42,1.0,2.08,1.47,1.1,1.21,0.75,53875,18.09864115715027
1.05,0.86,0.44,1.02,2.05,1.45,1.13,1.23,0.79,54472,18.101627826690674
1.13,0.91,0.43,1.02,1.99,1.43,1.15,1.22,0.82,54459,18.106882095336914
1.19,0.96,0.4,1.03,1.89,1.45,1.11,1.24,0.79,54398,18.109882831573486
1.24,0.98,0.37,1.01,1.84,1.46,1.17,1.29,0.8,54929,18.109882831573486
1.24,1.03,0.42,1.05,1.76,1.43,1.26,1.32,0.78,55474,18.114943027496338
1.35,1.04,0.38,1.04,1.71,1.41,1.25,1.32,0.78,55603,18.117970943450928
1.33,1.04,0.38,1.09,1.69,1.41,1.23,1.34,0.86,55904,18.122390747070312
1.32,1.04,0.39,1.14,1.68,1.43,1.3,1.32,0.78,56143,18.123340845108032
1.37,1.03,0.4,1.13,1.66,1.41,1.31,1.34,0.85,55342,18.126009702682495
1.4,1.01,0.42,1.1,1.63,1.42,1.35,1.34,0.8,54597,18.131061553955078
1.38,0.99,0.41,1.14,1.57,1.37,1.4,1.31,0.81,54362,18.13470458984375
1.41,0.93,0.44,1.14,1.56,1.42,1.4,1.3,0.8,54417,18.13470458984375
1.4,0.95,0.42,1.19,1.46,1.46,1.38,1.34,0.78,54696,18.139038562774658
1.38,0.93,0.48,1.26,1.42,1.46,1.37,1.31,0.7,54769,18.143105506896973
1.35,0.94,0.51,1.25,1.39,1.49,1.41,1.3,0.75,54478,18.146434545516968
1.43,0.91,0.49,1.25,1.37,1.47,1.36,1.29,0.8,53665,18.147592782974243
1.42,0.9,0.49,1.24,1.33,1.5,1.37,1.28,0.74,53040,18.150508642196655
1.47,0.91,0.54,1.22,1.28,1.5,1.4,1.25,0.76,52629,18.155555248260498
1.5,0.86,0.56,1.18,1.26,1.54,1.39,1.27,0.73,52248,18.160109043121338
1.49,0.76,0.61,1.16,1.28,1.51,1.38,1.24,0.83,51953,18.163427352905273
1.54,0.78,0.63,1.15,1.26,1.51,1.36,1.23,0.88,51632,18.16443920135498
1.54,0.79,0.69,1.18,1.28,1.45,1.35,1.26,0.9,51307,18.167441368103027
1.53,0.76,0.74,1.18,1.23,1.47,1.34,1.24,0.9,51148,18.17244577407837
1.53,0.66,0.74,1.16,1.24,1.48,1.36,1.18,0.9,50937,18.175158262252808
1.55,0.69,0.77,1.19,1.18,1.49,1.34,1.19,0.9,51166,18.175158262252808
1.53,0.74,0.83,1.17,1.14,1.42,1.37,1.2,0.95,51323,18.179019451141357
1.48,0.69,0.83,1.19,1.14,1.49,1.39,1.08,1.0,51468,18.184118270874023
1.43,0.72,0.87,1.17,1.15,1.5,1.37,1.09,0.99,51843,18.18808937072754
1.42,0.67,0.83,1.14,1.13,1.52,1.37,1.06,1.03,51944,18.18808937072754
1.39,0.67,0.87,1.19,1.1,1.53,1.38,1.08,0.98,52065,18.192086458206177
1.39,0.69,0.82,1.16,1.09,1.57,1.41,1.09,1.02,51500,18.196086406707764
1.29,0.71,0.85,1.14,1.11,1.63,1.44,1.13,0.99,51175,18.200093746185303
1.23,0.66,0.83,1.14,1.12,1.65,1.45,1.07,1.04,51652,18.201104879379272
1.25,0.72,0.89,1.1,1.14,1.58,1.46,1.05,1.14,52027,18.204108238220215
1.18,0.71,0.91,1.1,1.13,1.58,1.46,1.01,1.13,51918,18.208152055740356
1.13,0.68,0.98,1.09,1.14,1.57,1.49,0.99,1.09,52847,18.21221899986267
1.09,0.64,1.02,1.09,1.18,1.55,1.45,0.98,1.2,53532,18.213204383850098
1.06,0.61,1.04,1.04,1.16,1.48,1.36,1.01,1.24,53387,18.216373682022095
1.04,0.59,1.04,1.04,1.1,1.48,1.36,0.99,1.24,54056,18.220374584197998
0.98,0.62,1.0,0.99,1.1,1.59,1.29,1.05,1.2,54599,18.224486589431763
0.94,0.6,1.02,1.0,1.12,1.58,1.24,1.08,1.2,54746,18.224486589431763
0.9,0.58,1.07,1.03,1.11,1.52,1.21,1.07,1.2,54779,18.228566884994507
0.87,0.6,1.1,1.0,1.12,1.52,1.21,1.07,1.19,54758,18.23248791694641
0.72,0.6,1.12,0.98,1.11,1.51,1.18,1.07,1.19,54097,18.237693309783936
0.73,0.61,1.11,0.94,1.14,1.49,1.19,1.08,1.23,54582,18.240233659744263
0.77,0.6,1.07,0.91,1.15,1.48,1.17,1.09,1.26,55113,18.240233659744263
0.73,0.58,1.08,0.87,1.11,1.45,1.06,1.1,1.27,55664,18.245245218276978
0.75,0.6,1.04,0.84,1.15,1.45,1.02,1.11,1.25,56055,18.249248504638672
0.75,0.59,0.98,0.79,1.17,1.46,1.03,1.07,1.21,55408,18.253588438034058
0.77,0.62,1.01,0.81,1.25,1.46,1.02,1.07,1.2,54997,18.253588438034058
0.75,0.6,1.01,0.83,1.27,1.49,1.0,1.09,1.17,55018,18.25732731819153
0.71,0.6,0.89,0.86,1.28,1.53,1.04,1.06,1.15,54223,18.26122808456421
0.72,0.64,0.94,0.88,1.32,1.52,1.11,1.03,1.07,53438,18.265385150909424
0.74,0.61,0.88,0.86,1.4,1.48,1.08,1.09,1.1,52815,18.26634955406189
0.81,0.65,0.85,0.9,1.47,1.49,1.12,1.06,1.1,51768,18.2693772315979
0.75,0.64,0.83,0.92,1.53,1.51,1.1,1.08,1.05,51807,18.273712635040283
0.73,0.68,0.84,0.96,1.58,1.53,1.06,1.13,1.01,51328,18.278104066848755
0.72,0.63,0.74,0.99,1.68,1.53,1.09,1.1,0.95,50765,18.278104066848755
0.71,0.64,0.7,1.01,1.68,1.49,1.16,1.11,1.04,49914,18.2820463180542
0.75,0.68,0.68,1.02,1.72,1.51,1.15,1.07,0.98,49357,18.28608727455139
0.79,0.73,0.68,1.02,1.71,1.5,1.14,1.09,1.04,49672,18.289958000183105
0.8,0.73,0.69,1.02,1.75,1.46,1.16,1.15,0.99,49727,18.289958000183105
0.85,0.76,0.65,0.99,1.73,1.48,1.17,1.14,0.92,48938,18.29474449157715
0.88,0.8,0.65,0.97,1.76,1.45,1.18,1.14,0.93,49137,18.298099040985107
0.91,0.79,0.62,0.93,1.8,1.46,1.16,1.2,0.95,49566,18.303178071975708
0.93,0.8,0.56,0.94,1.8,1.47,1.18,1.22,0.91,49561,18.306156396865845
0.95,0.83,0.52,0.91,1.79,1.45,1.2,1.24,0.89,49396,18.307157278060913
0.96,0.87,0.56,0.94,1.77,1.46,1.19,1.25,0.89,49545,18.310260772705078
0.98,0.85,0.5,0.91,1.79,1.47,1.22,1.25,0.89,50956,18.315135717391968
1.01,0.85,0.41,0.93,1.79,1.45,1.23,1.25,0.87,51353,18.318779230117798
1.04,0.85,0.46,0.91,1.78,1.47,1.22,1.25,0.81,51744,18.31956911087036
1.04,0.88,0.49,0.9,1.77,1.45,1.25,1.27,0.83,51807,18.32260799407959
1.05,0.89,0.42,0.91,1.69,1.43,1.34,1.31,0.85,51906,18.328101873397827
1.07,0.92,0.42,0.95,1.67,1.41,1.36,1.32,0.85,52171,18.331117868423462
1.1,0.93,0.45,0.96,1.67,1.43,1.3,1.36,0.84,52490,18.332101583480835
1.13,0.95,0.48,0.95,1.62,1.41,1.33,1.34,0.89,53131,18.33510112762451
1.21,0.95,0.44,0.98,1.55,1.41,1.36,1.38,0.88,53026,18.340197563171387
1.25,0.98,0.44,1.0,1.55,1.41,1.36,1.35,0.92,53683,18.342731714248657
1.28,0.95,0.44,1.01,1.54,1.4,1.34,1.36,0.9,53906,18.343801975250244
1.25,0.94,0.45,1.03,1.51,1.39,1.34,1.33,0.86,54023,18.34819746017456
1.31,0.94,0.46,1.05,1.46,1.39,1.37,1.35,0.82,53896,18.351589918136597
1.27,0.91,0.48,1.1,1.42,1.39,1.41,1.37,0.82,53551,18.356106281280518
1.26,0.89,0.47,1.12,1.39,1.39,1.45,1.32,0.83,53760,18.356106281280518
1.27,0.88,0.45,1.13,1.33,1.38,1.44,1.33,0.85,53883,18.359106063842773
1.29,0.83,0.46,1.11,1.29,1.37,1.47,1.35,0.84,54190,18.363614559173584
1.3,0.88,0.48,1.13,1.26,1.42,1.46,1.29,0.76,54385,18.368817806243896
1.29,0.89,0.47,1.15,1.23,1.43,1.43,1.28,0.8,54284,18.368817806243896
1.28,0.89,0.43,1.2,1.25,1.47,1.45,1.25,0.71,54279,18.37313938140869
1.31,0.79,0.5,1.17,1.22,1.44,1.47,1.25,0.81,53920,18.3761203289032
1.35,0.85,0.52,1.15,1.12,1.44,1.44,1.25,0.73,53137,18.380263805389404
1.42,0.81,0.53,1.17,1.15,1.46,1.4,1.16,0.89,52332,18.38421654701233
1.4,0.69,0.59,1.19,1.2,1.44,1.37,1.19,0.88,51115,18.38421654701233
1.41,0.71,0.61,1.21,1.22,1.44,1.39,1.18,0.87,48996,18.388050317764282
1.43,0.74,0.62,1.19,1.19,1.43,1.42,1.15,0.91,47943,18.393115520477295
1.47,0.72,0.63,1.17,1.15,1.48,1.39,1.15,0.9,47586,18.396111488342285
1.42,0.7,0.67,1.19,1.16,1.46,1.42,1.12,0.89,47511,18.397114992141724
1.42,0.66,0.68,1.16,1.13,1.47,1.43,1.13,0.9,47322,18.401115894317627
1.46,0.7,0.76,1.17,1.17,1.46,1.42,1.11,0.91,47275,18.405118942260742
1.46,0.67,0.8,1.13,1.17,1.45,1.42,1.07,0.96,47356,18.409126043319702
1.44,0.65,0.83,1.14,1.11,1.47,1.39,1.0,1.0,47517,18.409126043319702
1.42,0.65,0.83,1.12,1.07,1.49,1.41,1.06,0.96,47576,18.412860870361328
1.39,0.66,0.83,1.12,1.08,1.53,1.42,1.05,0.96,47049,18.417593955993652
1.38,0.62,0.82,1.09,1.09,1.58,1.43,1.06,0.96,47656,18.42160725593567
1.36,0.6,0.84,1.07,1.13,1.56,1.41,1.04,1.03,47905,18.42160725593567
1.31,0.58,0.83,1.06,1.13,1.6,1.46,1.02,1.01,47624,18.42471671104431
1.28,0.62,0.9,1.09,1.17,1.54,1.44,1.01,1.02,47691,18.43033790588379
1.21,0.61,0.93,1.08,1.17,1.55,1.44,1.01,1.04,48198,18.43391466140747
1.19,0.62,0.93,1.09,1.14,1.56,1.45,1.01,1.06,48193,18.43391466140747
1.12,0.61,0.96,1.06,1.15,1.52,1.45,0.99,1.13,47930,18.437923669815063
1.09,0.6,0.99,1.04,1.15,1.48,1.44,0.98,1.13,47899,18.441487312316895
1.11,0.6,0.93,0.98,1.1,1.55,1.36,0.99,1.12,48230,18.446465969085693
1.09,0.64,0.96,1.0,1.08,1.58,1.4,1.02,1.13,48353,18.449673652648926
0.98,0.64,0.93,1.02,1.11,1.57,1.29,1.04,1.14,48042,18.449673652648926
0.98,0.62,0.98,0.99,1.07,1.55,1.3,1.03,1.16,48055,18.45434856414795
0.9,0.63,0.99,1.02,1.09,1.53,1.26,1.04,1.15,48152,18.457903385162354
0.86,0.62,1.01,1.04,1.03,1.49,1.29,1.01,1.13,48415,18.462090969085693
0.86,0.64,1.04,0.93,1.09,1.49,1.21,1.05,1.14,48992,18.46294093132019
0.8,0.6,1.06,0.89,1.06,1.45,1.2,1.08,1.13,49371,18.467352151870728
0.74,0.62,1.01,0.87,1.03,1.47,1.15,1.04,1.13,49480,18.470675706863403
0.79,0.63,0.98,0.86,1.09,1.48,1.09,1.03,1.14,49349,18.473968029022217
0.7,0.62,0.93,0.87,1.16,1.49,1.04,1.06,1.17,48830,18.475016355514526
0.8,0.54,0.91,0.9,1.19,1.5,1.04,1.07,1.14,48589,18.47919201850891
0.79,0.57,0.91,0.95,1.22,1.47,1.03,1.03,1.08,48640,18.483191967010498
0.79,0.58,0.87,0.96,1.22,1.51,1.05,1.05,1.03,48529,18.486461877822876
0.76,0.58,0.8,1.0,1.25,1.52,1.04,1.06,1.03,47792,18.487192153930664
0.67,0.55,0.77,0.94,1.32,1.52,1.06,1.05,1.01,47317,18.491182327270508
0.79,0.63,0.8,0.93,1.35,1.56,1.09,1.04,1.01,46408,18.495192050933838
0.81,0.63,0.83,0.96,1.43,1.53,1.11,1.08,0.95,45683,18.499351501464844
0.82,0.64,0.8,0.98,1.45,1.51,1.1,1.17,0.98,45326,18.500409841537476
0.81,0.64,0.72,1.0,1.49,1.58,1.1,1.14,0.89,44887,18.50378942489624
0.84,0.68,0.71,1.0,1.53,1.53,1.11,1.1,0.85,44542,18.50711178779602
0.83,0.64,0.67,1.01,1.59,1.52,1.14,1.09,0.88,44375,18.511523246765137
0.84,0.72,0.64,1.0,1.61,1.49,1.16,1.12,0.88,44140,18.511523246765137
0.86,0.76,0.61,0.98,1.59,1.48,1.16,1.1,0.85,44109,18.515511512756348
0.86,0.78,0.63,0.99,1.63,1.47,1.15,1.17,0.86,43920,18.51988959312439
0.91,0.75,0.57,0.96,1.66,1.46,1.14,1.19,0.83,43757,18.524829864501953
0.9,0.76,0.56,0.96,1.66,1.45,1.15,1.24,0.87,43440,18.527127504348755
0.92,0.8,0.52,0.94,1.65,1.45,1.2,1.26,0.85,43471,18.52787160873413
0.94,0.84,0.52,0.94,1.65,1.44,1.22,1.3,0.88,44408,18.532296895980835
0.94,0.84,0.48,0.95,1.68,1.44,1.17,1.28,0.85,44425,18.536297082901
0.97,0.85,0.46,0.96,1.69,1.43,1.21,1.28,0.84,44582,18.539941787719727
0.95,0.87,0.37,0.96,1.69,1.42,1.17,1.28,0.87,45265,18.540478229522705
0.98,0.88,0.37,0.99,1.63,1.44,1.22,1.32,0.84,45810,18.54452085494995
1.01,0.91,0.38,0.99,1.62,1.43,1.17,1.32,0.84,45771,18.549336194992065
1.07,0.92,0.43,0.98,1.6,1.39,1.23,1.33,0.89,45466,18.552109479904175
1.05,0.92,0.38,1.01,1.55,1.42,1.24,1.39,0.88,45915,18.55319118499756
1.1,0.94,0.37,0.99,1.52,1.4,1.25,1.42,0.9,46244,18.556162357330322
1.13,0.93,0.4,0.98,1.51,1.38,1.32,1.45,0.87,46533,18.561213493347168
1.2,0.97,0.4,1.0,1.46,1.38,1.29,1.43,0.85,47080,18.56493377685547
1.19,0.97,0.43,1.02,1.45,1.39,1.32,1.42,0.83,47635,18.56493377685547
1.18,0.96,0.42,1.07,1.47,1.38,1.36,1.38,0.83,47422,18.568296909332275
1.21,0.92,0.44,1.05,1.45,1.37,1.33,1.4,0.87,47365,18.57335638999939
1.24,0.91,0.44,1.05,1.46,1.38,1.37,1.36,0.85,47176,18.577357292175293
1.25,0.87,0.45,1.05,1.43,1.37,1.41,1.36,0.83,46921,18.577357292175293
1.27,0.86,0.42,1.06,1.35,1.38,1.41,1.38,0.81,46724,18.581661701202393
1.27,0.85,0.41,1.06,1.34,1.39,1.41,1.34,0.82,47051,18.58566117286682
1.26,0.85,0.46,1.1,1.34,1.37,1.46,1.31,0.79,46892,18.589884519577026
1.28,0.85,0.42,1.11,1.27,1.43,1.42,1.28,0.79,46545,18.59323024749756
1.28,0.86,0.46,1.14,1.26,1.46,1.42,1.27,0.76,47034,18.594383478164673
1.31,0.85,0.48,1.14,1.22,1.47,1.39,1.28,0.71,47673,18.597099542617798
1.34,0.82,0.42,1.14,1.22,1.41,1.37,1.2,0.77,47560,18.602150917053223
1.34,0.8,0.47,1.19,1.13,1.44,1.38,1.19,0.78,47181,18.6051983833313
1.3,0.76,0.51,1.18,1.09,1.42,1.35,1.13,0.76,47182,18.60617756843567
1.32,0.7,0.5,1.19,1.11,1.4,1.36,1.11,0.77,46917,18.610316276550293
1.34,0.72,0.47,1.13,1.06,1.49,1.33,1.09,0.74,46586,18.61438536643982
1.42,0.74,0.56,1.14,1.04,1.49,1.37,1.18,0.85,45829,18.61766529083252
1.42,0.72,0.64,1.15,1.02,1.46,1.39,1.16,0.86,43806,18.618399381637573
1.4,0.64,0.66,1.12,1.06,1.45,1.41,1.08,0.86,41947,18.621798515319824
1.45,0.64,0.67,1.08,1.07,1.48,1.4,1.11,0.88,41824,18.62629747390747
1.45,0.67,0.71,1.07,1.08,1.49,1.4,1.04,0.9,41683,18.629294872283936
1.43,0.66,0.77,1.09,0.98,1.46,1.44,0.99,0.92,41526,18.630295991897583
1.36,0.63,0.78,1.08,1.04,1.54,1.48,1.02,0.96,41773,18.633851766586304
1.37,0.65,0.77,1.05,1.02,1.54,1.46,1.02,1.01,41424,18.638009786605835
1.37,0.63,0.8,1.07,0.99,1.52,1.4,0.96,0.98,41389,18.642527103424072
1.35,0.63,0.78,1.04,0.98,1.55,1.46,0.96,1.0,41252,18.642527103424072
1.33,0.67,0.77,1.02,0.94,1.61,1.47,0.99,0.99,41833,18.646528244018555
1.29,0.68,0.83,1.01,0.99,1.59,1.45,0.93,1.01,42214,18.650525331497192
1.25,0.63,0.89,1.0,1.0,1.55,1.46,0.91,1.03,42131,18.6545147895813
1.19,0.66,0.88,1.02,0.99,1.57,1.46,0.86,1.04,41734,18.6545147895813
1.17,0.65,0.91,1.0,1.0,1.58,1.48,0.87,1.05,41965,18.6587073802948
1.15,0.63,0.94,1.01,0.95,1.57,1.42,0.87,1.1,42164,18.662842750549316
1.14,0.58,0.92,0.96,0.96,1.59,1.43,0.82,1.15,42281,18.66780686378479
1.11,0.55,0.97,0.95,0.9,1.55,1.39,0.82,1.13,41902,18.67081046104431
1.01,0.61,0.93,0.92,0.91,1.58,1.4,0.86,1.13,41797,18.671810150146484
0.97,0.62,0.95,0.93,0.9,1.55,1.39,0.86,1.15,42000,18.67480778694153
0.9,0.61,0.97,0.91,0.89,1.55,1.35,0.83,1.16,41753,18.679064512252808
0.92,0.59,1.01,0.88,0.87,1.53,1.33,0.85,1.14,41600,18.68332839012146
0.94,0.57,1.01,0.92,0.84,1.56,1.25,0.81,1.14,42187,18.684338092803955
0.88,0.54,1.01,0.88,0.85,1.52,1.19,0.77,1.12,42416,18.687649726867676
0.85,0.54,1.01,0.87,0.82,1.46,1.2,0.75,1.15,42489,18.69165802001953
0.8,0.53,1.03,0.86,0.81,1.46,1.14,0.76,1.2,42684,18.69529962539673
0.82,0.54,0.98,0.86,0.78,1.47,1.12,0.74,1.19,42299,18.695989847183228
0.75,0.5,0.95,0.88,0.81,1.5,1.09,0.73,1.18,41748,18.70037841796875
0.77,0.52,0.91,0.91,0.76,1.52,1.06,0.76,1.12,41781,18.703498125076294
0.78,0.55,0.91,0.91,0.77,1.54,1.04,0.69,1.11,41876,18.70784854888916
0.81,0.51,0.85,0.92,0.75,1.54,1.07,0.66,1.05,41987,18.708549976348877
0.78,0.46,0.8,0.95,0.76,1.54,1.07,0.68,1.04,41242,18.712865114212036
0.78,0.47,0.85,0.9,0.79,1.6,1.14,0.71,1.0,40303,18.716663122177124
0.8,0.46,0.88,0.92,0.73,1.55,1.15,0.68,0.99,40038,18.720709562301636
0.82,0.51,0.87,0.97,0.72,1.56,1.15,0.62,1.0,39143,18.720709562301636
0.84,0.49,0.85,1.02,0.76,1.54,1.16,0.64,1.0,38666,18.72426128387451
0.84,0.45,0.79,1.0,0.73,1.56,1.17,0.57,0.94,38465,18.72943925857544
0.82,0.43,0.73,0.99,0.76,1.6,1.18,0.59,0.91,38382,18.732269048690796
0.82,0.41,0.74,1.01,0.72,1.6,1.2,0.55,0.89,37947,18.736521005630493
0.88,0.45,0.68,0.98,0.72,1.57,1.22,0.53,0.93,37516,18.73732352256775
0.87,0.45,0.7,0.96,0.73,1.5,1.19,0.53,0.91,36619,18.741231203079224
0.95,0.42,0.7,1.0,0.75,1.51,1.21,0.53,0.85,36048,18.744808435440063
0.95,0.43,0.62,1.03,0.78,1.51,1.23,0.54,0.83,36197,18.748051643371582
0.95,0.43,0.59,1.0,0.74,1.52,1.23,0.48,0.82,36366,18.749054670333862
0.98,0.48,0.6,1.0,0.76,1.5,1.27,0.52,0.83,36155,18.75305461883545
0.98,0.47,0.53,1.0,0.74,1.48,1.31,0.52,0.81,35940,18.758055210113525
1.02,0.42,0.53,1.0,0.78,1.49,1.28,0.51,0.82,35687,18.761202335357666
1.01,0.4,0.5,1.03,0.81,1.49,1.29,0.47,0.76,35458,18.762055158615112
1.0,0.42,0.5,1.04,0.78,1.5,1.29,0.46,0.75,35603,18.765054941177368
0.99,0.44,0.49,1.09,0.8,1.47,1.32,0.54,0.76,36060,18.769468784332275
1.07,0.42,0.48,1.02,0.8,1.45,1.29,0.51,0.75,36001,18.7736918926239
1.13,0.41,0.45,1.05,0.79,1.52,1.27,0.48,0.65,36046,18.774654388427734
1.15,0.42,0.4,1.09,0.77,1.49,1.31,0.46,0.61,35999,18.77768850326538
1.11,0.45,0.42,1.12,0.76,1.43,1.32,0.49,0.66,35962,18.78167223930359
1.18,0.44,0.4,1.09,0.77,1.43,1.39,0.5,0.66,35915,18.78621816635132
1.22,0.46,0.35,1.08,0.77,1.46,1.41,0.49,0.59,36128,18.78621816635132
1.2,0.42,0.37,1.1,0.74,1.42,1.43,0.45,0.53,36821,18.789490938186646
1.22,0.48,0.37,1.11,0.72,1.42,1.45,0.51,0.56,36926,18.794650554656982
1.25,0.42,0.33,1.07,0.72,1.38,1.46,0.51,0.55,36915,18.798100233078003
1.23,0.45,0.3,1.12,0.68,1.36,1.47,0.46,0.52,36942,18.80132007598877
1.19,0.43,0.33,1.15,0.71,1.36,1.49,0.46,0.49,37179,18.802104711532593
1.21,0.43,0.32,1.09,0.7,1.33,1.56,0.44,0.45,38426,18.806156158447266
1.22,0.41,0.32,1.08,0.73,1.27,1.6,0.43,0.51,38857,18.81115221977234
1.28,0.44,0.29,1.1,0.69,1.29,1.53,0.42,0.45,38922,18.814152479171753
1.28,0.44,0.3,1.12,0.67,1.24,1.5,0.48,0.44,39337,18.815131664276123
1.28,0.5,0.29,1.15,0.65,1.23,1.51,0.44,0.42,39392,18.81926417350769
1.34,0.45,0.26,1.15,0.68,1.17,1.47,0.46,0.4,39605,18.823066234588623
1.34,0.43,0.21,1.16,0.67,1.15,1.47,0.43,0.42,39578,18.826635122299194
1.32,0.42,0.22,1.18,0.67,1.18,1.46,0.46,0.37,39967,18.827359914779663
1.37,0.41,0.21,1.17,0.62,1.15,1.45,0.44,0.36,39688,18.831170797348022
1.39,0.43,0.24,1.17,0.62,1.1,1.44,0.42,0.4,39637,18.834330797195435
1.44,0.45,0.29,1.13,0.62,1.13,1.46,0.42,0.34,39286,18.838698148727417
1.45,0.45,0.26,1.13,0.61,1.15,1.46,0.43,0.35,38237,18.839690685272217
1.45,0.49,0.31,1.12,0.63,1.11,1.46,0.44,0.34,35878,18.84320831298828
1.48,0.46,0.25,1.11,0.63,1.1,1.48,0.44,0.34,35711,18.84820032119751
1.45,0.48,0.25,1.11,0.69,1.06,1.5,0.46,0.39,35836,18.851022958755493
1.49,0.46,0.27,1.1,0.67,1.05,1.47,0.47,0.38,35895,18.851022958755493
1.51,0.47,0.27,1.08,0.62,1.01,1.47,0.47,0.38,35734,18.854986906051636
1.47,0.47,0.27,1.09,0.65,0.99,1.49,0.45,0.35,35327,18.859176874160767
1.48,0.47,0.25,1.07,0.62,1.0,1.48,0.42,0.35,35270,18.863207578659058
1.46,0.46,0.24,1.1,0.64,1.02,1.49,0.45,0.32,35027,18.864207983016968
1.45,0.47,0.25,1.05,0.65,1.01,1.49,0.42,0.31,34496,18.867207527160645
1.39,0.46,0.25,1.05,0.62,1.02,1.5,0.41,0.3,34057,18.872267484664917
1.39,0.43,0.22,1.01,0.65,1.0,1.49,0.43,0.29,33848,18.875607013702393
1.3,0.46,0.27,1.02,0.65,1.0,1.51,0.38,0.29,33801,18.878957509994507
1.33,0.44,0.24,1.02,0.68,1.0,1.53,0.39,0.31,33454,18.880022287368774
1.29,0.44,0.22,1.04,0.65,1.0,1.53,0.39,0.28,33135,18.884021759033203
1.21,0.47,0.21,1.03,0.68,1.01,1.5,0.38,0.28,32978,18.888994455337524
1.22,0.47,0.23,1.03,0.69,1.0,1.49,0.43,0.27,32313,18.892353773117065
1.21,0.44,0.2,1.0,0.69,1.0,1.46,0.38,0.31,32026,18.89339518547058
1.19,0.44,0.18,1.01,0.68,0.99,1.4,0.41,0.29,31941,18.89739465713501
1.11,0.45,0.21,1.01,0.69,0.93,1.41,0.4,0.24,31258,18.900418281555176
1.04,0.44,0.19,0.99,0.71,0.9,1.4,0.41,0.24,30913,18.904508113861084
1.05,0.47,0.21,0.97,0.71,0.9,1.3,0.45,0.28,31304,18.9053955078125
0.99,0.47,0.19,0.95,0.68,0.91,1.28,0.4,0.27,31393,18.908565282821655
0.93,0.45,0.23,0.93,0.69,0.86,1.25,0.37,0.29,31094,18.913132190704346
0.95,0.44,0.24,0.94,0.68,0.83,1.18,0.4,0.26,31227,18.916561126708984
0.94,0.44,0.23,0.88,0.67,0.83,1.11,0.41,0.28,31168,18.917619466781616
0.88,0.47,0.24,0.87,0.69,0.83,1.12,0.4,0.28,30809,18.92161989212036
0.85,0.47,0.24,0.87,0.68,0.83,1.09,0.43,0.28,30698,18.92590355873108
0.77,0.43,0.25,0.83,0.68,0.81,1.1,0.45,0.3,30185,18.9291250705719
0.75,0.44,0.24,0.86,0.67,0.81,1.06,0.41,0.3,30672,18.930108308792114
0.74,0.42,0.24,0.76,0.69,0.79,1.01,0.4,0.31,30537,18.933432579040527
0.69,0.38,0.21,0.78,0.66,0.79,0.98,0.39,0.25,30268,18.93764853477478
0.71,0.4,0.18,0.76,0.73,0.8,0.94,0.37,0.24,30151,18.94198751449585
0.69,0.34,0.17,0.72,0.69,0.77,0.92,0.31,0.23,30018,18.945353746414185
0.67,0.34,0.15,0.72,0.73,0.78,0.9,0.34,0.23,28903,18.94592046737671
0.65,0.32,0.17,0.72,0.73,0.78,0.87,0.35,0.22,28116,18.949462175369263
0.64,0.34,0.16,0.7,0.71,0.79,0.83,0.35,0.23,28181,18.953629732131958
0.65,0.36,0.16,0.67,0.7,0.79,0.83,0.34,0.23,28050,18.95775055885315
0.63,0.35,0.14,0.66,0.7,0.8,0.79,0.33,0.23,27817,18.95775055885315
0.65,0.35,0.17,0.65,0.74,0.81,0.74,0.33,0.22,27798,18.961520671844482
0.67,0.36,0.22,0.61,0.73,0.8,0.77,0.32,0.24,27791,18.966907024383545
0.65,0.37,0.21,0.59,0.69,0.8,0.73,0.33,0.25,27536,18.9701669216156
0.62,0.35,0.21,0.61,0.73,0.82,0.7,0.35,0.25,27763,18.970906734466553
0.61,0.4,0.21,0.57,0.71,0.81,0.65,0.34,0.23,28026,18.97387170791626
0.61,0.39,0.21,0.56,0.71,0.83,0.6,0.34,0.24,28213,18.978088855743408
0.63,0.39,0.21,0.52,0.72,0.83,0.59,0.35,0.22,28366,18.982234239578247
0.63,0.42,0.21,0.47,0.74,0.83,0.59,0.36,0.23,28663,18.983213901519775
0.61,0.39,0.23,0.42,0.76,0.83,0.58,0.36,0.23,28216,18.986119270324707
0.61,0.41,0.22,0.41,0.73,0.83,0.55,0.37,0.23,28153,18.991109609603882
0.53,0.41,0.25,0.38,0.73,0.83,0.53,0.35,0.22,27808,18.99511981010437
0.61,0.42,0.24,0.38,0.75,0.83,0.53,0.37,0.23,27857,18.99511981010437
0.57,0.43,0.24,0.38,0.75,0.85,0.51,0.39,0.23,28310,18.999181747436523
0.61,0.42,0.26,0.39,0.77,0.85,0.52,0.39,0.24,28441,19.003883123397827
0.57,0.42,0.25,0.34,0.79,0.84,0.5,0.41,0.24,28934,19.007170915603638
0.54,0.43,0.26,0.37,0.8,0.83,0.49,0.42,0.25,29161,19.00817322731018
0.55,0.43,0.24,0.38,0.81,0.86,0.49,0.41,0.25,28922,19.011310815811157
0.51,0.42,0.25,0.37,0.79,0.85,0.51,0.44,0.24,29021,19.015268802642822
0.55,0.44,0.23,0.33,0.83,0.86,0.46,0.45,0.24,29618,19.01906108856201
0.51,0.44,0.22,0.32,0.83,0.87,0.45,0.45,0.24,30029,19.023301601409912
0.54,0.44,0.22,0.3,0.82,0.87,0.51,0.47,0.23,30110,19.023301601409912
0.56,0.4,0.2,0.33,0.81,0.86,0.47,0.46,0.23,30277,19.027167081832886
0.53,0.49,0.17,0.31,0.82,0.87,0.51,0.46,0.23,29988,19.032200813293457
0.59,0.45,0.21,0.34,0.8,0.87,0.46,0.48,0.22,30015,19.035183668136597
0.56,0.47,0.22,0.36,0.84,0.87,0.47,0.47,0.23,29920,19.035183668136597
0.52,0.47,0.18,0.4,0.81,0.88,0.51,0.49,0.23,29819,19.039331674575806
0.56,0.51,0.21,0.42,0.81,0.87,0.47,0.52,0.26,30186,19.043938398361206
0.56,0.46,0.19,0.38,0.8,0.86,0.43,0.51,0.25,30785,19.04806399345398
0.53,0.51,0.22,0.36,0.79,0.84,0.4,0.47,0.25,31010,19.04806399345398
0.52,0.45,0.18,0.35,0.79,0.83,0.3,0.46,0.21,31183,19.052138805389404
0.45,0.42,0.21,0.31,0.79,0.78,0.24,0.42,0.22,31454,19.056339502334595
0.44,0.43,0.21,0.26,0.74,0.75,0.19,0.38,0.18,31579,19.06035327911377
0.37,0.4,0.24,0.19,0.66,0.72,0.12,0.33,0.17,30624,19.061338663101196
0.18,0.3,0.13,0.18,0.62,0.65,0.1,0.21,0.18,29927,19.06449794769287
0.34,0.37,0.21,0.23,0.62,0.69,0.11,0.28,0.14,28586,19.0686297416687
0.36,0.4,0.22,0.25,0.64,0.69,0.13,0.32,0.15,25491,19.072118759155273
0.36,0.39,0.19,0.3,0.67,0.71,0.13,0.31,0.16,22902,19.073192358016968
0.35,0.42,0.23,0.27,0.62,0.7,0.13,0.32,0.16,22365,19.077234029769897
0.37,0.4,0.23,0.27,0.65,0.71,0.12,0.32,0.15,22580,19.08131742477417
0.38,0.41,0.22,0.25,0.63,0.69,0.11,0.31,0.15,22361,19.084317684173584
0.38,0.43,0.24,0.23,0.64,0.7,0.11,0.29,0.15,22164,19.085312843322754
0.35,0.4,0.24,0.2,0.62,0.66,0.11,0.31,0.15,21609,19.08981227874756
0.37,0.42,0.25,0.19,0.64,0.65,0.11,0.31,0.14,21626,19.093815803527832
0.37,0.4,0.24,0.19,0.65,0.63,0.11,0.31,0.13,21103,19.09793519973755
0.37,0.41,0.24,0.2,0.64,0.66,0.11,0.32,0.14,20668,19.101082801818848
0.37,0.39,0.26,0.19,0.62,0.64,0.09,0.29,0.13,20317,19.102149724960327
0.4,0.43,0.26,0.18,0.66,0.61,0.11,0.3,0.15,19924,19.10489797592163
0.4,0.42,0.26,0.18,0.65,0.61,0.1,0.33,0.14,19787,19.109965085983276
0.41,0.42,0.26,0.15,0.62,0.58,0.1,0.33,0.14,19460,19.113247394561768
0.41,0.43,0.26,0.15,0.63,0.6,0.1,0.3,0.15,19229,19.113965272903442
0.42,0.41,0.28,0.18,0.62,0.58,0.1,0.31,0.15,18666,19.11796498298645
0.41,0.43,0.28,0.16,0.65,0.6,0.1,0.35,0.15,18007,19.12251305580139
0.4,0.43,0.29,0.16,0.65,0.59,0.1,0.31,0.14,18028,19.126126527786255
0.41,0.44,0.28,0.18,0.64,0.61,0.1,0.33,0.14,18161,19.127138137817383
0.43,0.45,0.29,0.18,0.6,0.59,0.1,0.3,0.15,18144,19.13048768043518
0.43,0.45,0.28,0.15,0.64,0.59,0.08,0.34,0.14,17915,19.133730173110962
0.46,0.45,0.26,0.15,0.64,0.59,0.08,0.36,0.14,17904,19.138057231903076
0.46,0.47,0.28,0.15,0.64,0.6,0.09,0.36,0.15,18201,19.13909339904785
0.47,0.46,0.29,0.15,0.64,0.59,0.09,0.36,0.13,18042,19.141982555389404
0.45,0.46,0.3,0.14,0.65,0.6,0.08,0.37,0.14,18147,19.14603304862976
0.46,0.43,0.29,0.15,0.62,0.6,0.1,0.34,0.15,18070,19.151001453399658
0.46,0.45,0.29,0.14,0.63,0.6,0.08,0.34,0.13,17731,19.151001453399658
0.44,0.45,0.28,0.14,0.63,0.61,0.09,0.35,0.13,17632,19.155173778533936
0.44,0.47,0.27,0.14,0.61,0.61,0.09,0.32,0.13,17707,19.159175634384155
0.46,0.45,0.3,0.15,0.62,0.6,0.09,0.34,0.15,17612,19.163175582885742
0.48,0.46,0.28,0.17,0.65,0.6,0.09,0.36,0.15,17499,19.163175582885742
0.47,0.46,0.29,0.16,0.62,0.6,0.09,0.33,0.16,17186,19.16658854484558
0.47,0.46,0.29,0.14,0.64,0.59,0.08,0.33,0.15,17075,19.171133279800415
0.46,0.44,0.27,0.13,0.64,0.61,0.08,0.31,0.15,17318,19.174770832061768
0.45,0.43,0.27,0.13,0.59,0.59,0.08,0.3,0.15,17123,19.175776720046997
0.44,0.43,0.28,0.12,0.6,0.6,0.09,0.32,0.15,17588,19.179776906967163
0.43,0.42,0.29,0.15,0.61,0.58,0.08,0.32,0.16,17653,19.183793544769287
0.44,0.42,0.29,0.15,0.63,0.59,0.1,0.35,0.15,17426,19.18718409538269
0.47,0.43,0.29,0.14,0.62,0.59,0.11,0.34,0.16,16417,19.1909396648407
0.5,0.43,0.28,0.17,0.64,0.59,0.12,0.36,0.15,16480,19.191535711288452
0.51,0.44,0.29,0.17,0.61,0.61,0.12,0.36,0.15,16721,19.19563579559326
0.51,0.46,0.29,0.18,0.65,0.6,0.12,0.36,0.15,16436,19.19963240623474
0.52,0.46,0.29,0.17,0.66,0.6,0.11,0.36,0.15,16295,19.203635931015015
0.54,0.46,0.28,0.18,0.68,0.59,0.13,0.37,0.15,16524,19.203635931015015
0.54,0.46,0.29,0.18,0.67,0.61,0.12,0.37,0.16,16847,19.2076358795166
0.52,0.46,0.28,0.17,0.65,0.61,0.12,0.36,0.16,16720,19.211745500564575
0.53,0.45,0.3,0.17,0.66,0.62,0.12,0.37,0.16,16613,19.2159321308136
0.53,0.47,0.29,0.17,0.65,0.62,0.13,0.39,0.16,16686,19.2159321308136
0.54,0.48,0.29,0.18,0.67,0.62,0.12,0.39,0.15,16635,19.220234394073486
0.55,0.47,0.28,0.18,0.68,0.62,0.12,0.37,0.15,16722,19.224204540252686
0.53,0.46,0.29,0.17,0.68,0.62,0.12,0.38,0.15,17163,19.22856831550598
0.5,0.47,0.28,0.17,0.69,0.63,0.12,0.37,0.16,17434,19.22856831550598
0.51,0.48,0.27,0.17,0.7,0.64,0.14,0.42,0.18,16777,19.233156442642212
0.55,0.47,0.26,0.17,0.7,0.67,0.16,0.42,0.17,16480,19.236128568649292
0.55,0.47,0.27,0.19,0.72,0.65,0.16,0.4,0.17,16339,19.24024271965027
0.58,0.49,0.28,0.2,0.73,0.64,0.17,0.41,0.18,16326,19.241737127304077
0.6,0.47,0.27,0.2,0.71,0.67,0.18,0.41,0.17,16775,19.24491024017334
0.61,0.49,0.27,0.19,0.73,0.67,0.19,0.41,0.18,16670,19.249863862991333
0.62,0.5,0.28,0.2,0.71,0.67,0.17,0.38,0.19,16487,19.25250482559204
0.6,0.48,0.29,0.2,0.69,0.67,0.18,0.4,0.18,16314,19.253556728363037
0.63,0.49,0.29,0.2,0.71,0.68,0.18,0.42,0.17,16755,19.25664758682251
0.64,0.5,0.28,0.22,0.7,0.68,0.19,0.42,0.18,17026,19.260784149169922
0.59,0.5,0.28,0.21,0.71,0.68,0.18,0.42,0.17,17157,19.26575255393982
0.58,0.49,0.28,0.22,0.71,0.68,0.16,0.38,0.16,17072,19.26892638206482
0.57,0.49,0.27,0.21,0.71,0.68,0.17,0.39,0.17,16841,19.26892638206482
0.59,0.5,0.28,0.2,0.7,0.65,0.17,0.41,0.17,16380,19.27291440963745
0.59,0.5,0.27,0.22,0.7,0.68,0.17,0.39,0.17,15963,19.277949333190918
0.58,0.51,0.28,0.22,0.71,0.67,0.18,0.42,0.17,16106,19.281500577926636
0.59,0.49,0.29,0.23,0.71,0.68,0.18,0.39,0.17,16517,19.282479763031006
0.58,0.5,0.28,0.24,0.72,0.67,0.19,0.38,0.18,16962,19.286444902420044
0.6,0.51,0.29,0.24,0.71,0.67,0.19,0.4,0.17,16999,19.28931736946106
0.6,0.5,0.29,0.23,0.71,0.67,0.19,0.41,0.16,16594,19.29413080215454
0.61,0.52,0.26,0.24,0.72,0.69,0.19,0.42,0.16,17061,19.29413080215454
0.59,0.52,0.26,0.24,0.72,0.69,0.19,0.42,0.16,17004,19.2977077960968
0.59,0.53,0.25,0.24,0.73,0.69,0.19,0.42,0.16,16583,19.30217981338501
0.61,0.52,0.25,0.25,0.73,0.68,0.2,0.42,0.15,16890,19.305803298950195
0.62,0.51,0.24,0.25,0.73,0.68,0.2,0.42,0.15,16759,19.305803298950195
0.59,0.52,0.25,0.25,0.73,0.69,0.18,0.43,0.15,16768,19.310808658599854
0.56,0.5,0.24,0.24,0.72,0.69,0.16,0.42,0.16,17373,19.31483817100525
0.54,0.49,0.26,0.23,0.71,0.68,0.17,0.42,0.15,16934,19.319337368011475
0.56,0.5,0.24,0.24,0.7,0.69,0.17,0.4,0.15,16311,19.319337368011475
0.58,0.49,0.25,0.23,0.71,0.69,0.16,0.41,0.15,16238,19.32230830192566
0.59,0.49,0.24,0.23,0.71,0.69,0.17,0.4,0.16,16455,19.32667565345764
0.59,0.48,0.26,0.24,0.73,0.68,0.17,0.4,0.15,16730,19.331078052520752
0.61,0.47,0.25,0.24,0.74,0.68,0.17,0.39,0.15,16927,19.331078052520752
0.55,0.47,0.27,0.23,0.74,0.69,0.15,0.39,0.15,16802,19.334524631500244
0.57,0.49,0.26,0.24,0.73,0.68,0.16,0.42,0.14,16821,19.33814287185669
0.57,0.5,0.26,0.23,0.73,0.68,0.14,0.42,0.14,16346,19.343619346618652
0.56,0.48,0.27,0.23,0.74,0.68,0.15,0.4,0.14,16513,19.346831798553467
0.55,0.48,0.27,0.24,0.72,0.68,0.15,0.38,0.15,17334,19.346831798553467
0.54,0.48,0.27,0.23,0.72,0.69,0.16,0.4,0.16,17285,19.350898027420044
0.56,0.48,0.27,0.24,0.74,0.69,0.15,0.4,0.15,16736,19.35577917098999
0.57,0.5,0.27,0.22,0.74,0.68,0.15,0.38,0.15,16709,19.35849690437317
0.58,0.49,0.26,0.22,0.71,0.68,0.16,0.37,0.14,17104,19.359556198120117
0.56,0.48,0.24,0.23,0.72,0.67,0.15,0.41,0.14,17021,19.364251852035522
0.55,0.49,0.25,0.22,0.73,0.67,0.15,0.4,0.14,16580,19.36724829673767
0.58,0.5,0.26,0.24,0.72,0.67,0.16,0.41,0.14,16719,19.37229347229004
0.58,0.48,0.25,0.24,0.72,0.68,0.16,0.42,0.14,16648,19.37229347229004
0.54,0.48,0.26,0.25,0.7,0.68,0.16,0.4,0.14,16741,19.376054286956787
0.56,0.5,0.25,0.26,0.71,0.68,0.16,0.38,0.13,16736,19.380053758621216
0.57,0.49,0.25,0.24,0.72,0.66,0.16,0.38,0.14,16241,19.384469032287598
0.57,0.48,0.25,0.24,0.73,0.66,0.15,0.4,0.14,16334,19.384469032287598
0.56,0.49,0.25,0.25,0.71,0.66,0.16,0.37,0.13,16355,19.38847851753235
0.55,0.47,0.26,0.23,0.73,0.67,0.16,0.37,0.13,16528,19.391772270202637
0.55,0.5,0.26,0.24,0.75,0.67,0.16,0.39,0.14,16543,19.396849632263184
0.54,0.5,0.25,0.24,0.73,0.68,0.16,0.37,0.13,16530,19.396849632263184
0.51,0.49,0.25,0.23,0.72,0.67,0.16,0.36,0.13,16517,19.39998197555542
0.51,0.49,0.25,0.22,0.71,0.68,0.16,0.38,0.13,16674,19.40386128425598
0.53,0.48,0.25,0.23,0.71,0.67,0.15,0.38,0.14,17005,19.408851861953735
0.52,0.49,0.26,0.21,0.72,0.67,0.15,0.38,0.13,16868,19.412457704544067
0.53,0.49,0.26,0.24,0.71,0.67,0.15,0.36,0.14,16753,19.413433074951172
0.52,0.5,0.26,0.23,0.73,0.67,0.15,0.36,0.14,16564,19.41751480102539
0.52,0.48,0.26,0.22,0.72,0.67,0.14,0.38,0.14,16481,19.420710563659668
0.54,0.5,0.27,0.22,0.71,0.67,0.15,0.38,0.14,16502,19.424651384353638
0.53,0.49,0.27,0.22,0.7,0.67,0.15,0.37,0.15,16765,19.424651384353638
0.49,0.52,0.26,0.22,0.7,0.67,0.15,0.38,0.14,16902,19.42919373512268
0.52,0.5,0.27,0.22,0.7,0.66,0.16,0.38,0.14,16535,19.433433532714844
0.54,0.51,0.27,0.21,0.72,0.67,0.16,0.38,0.13,16546,19.43743920326233
0.53,0.51,0.26,0.22,0.72,0.67,0.15,0.39,0.14,16447,19.43743920326233
0.51,0.5,0.26,0.23,0.71,0.67,0.15,0.38,0.14,16278,19.441975593566895
0.53,0.51,0.27,0.21,0.7,0.65,0.15,0.38,0.13,16585,19.44602131843567
0.55,0.51,0.27,0.21,0.68,0.64,0.15,0.35,0.14,16696,19.450021266937256
0.54,0.51,0.26,0.22,0.68,0.66,0.15,0.37,0.14,16519,19.450021266937256
0.52,0.5,0.24,0.21,0.69,0.66,0.14,0.37,0.14,16644,19.454359769821167
0.53,0.5,0.25,0.22,0.69,0.65,0.15,0.36,0.14,16309,19.457327842712402
0.54,0.51,0.23,0.23,0.69,0.67,0.16,0.39,0.14,16266,19.461391925811768
0.53,0.53,0.23,0.23,0.67,0.66,0.17,0.38,0.14,16555,19.461391925811768
0.52,0.52,0.23,0.22,0.68,0.66,0.16,0.36,0.13,16546,19.465766191482544
0.53,0.51,0.23,0.23,0.68,0.66,0.15,0.36,0.13,16487,19.469489574432373
0.53,0.51,0.23,0.22,0.67,0.65,0.16,0.38,0.13,16270,19.47351574897766
0.51,0.52,0.23,0.22,0.69,0.66,0.15,0.37,0.12,16231,19.47778868675232
0.5,0.51,0.23,0.23,0.69,0.65,0.15,0.36,0.13,16550,19.47851324081421
0.49,0.52,0.22,0.22,0.7,0.65,0.14,0.37,0.12,16587,19.48177480697632
0.5,0.52,0.25,0.23,0.68,0.66,0.14,0.35,0.13,16786,19.486424446105957
0.52,0.52,0.26,0.22,0.68,0.65,0.15,0.34,0.13,16547,19.490492343902588
0.52,0.51,0.26,0.22,0.7,0.66,0.14,0.38,0.12,16626,19.490492343902588
0.51,0.51,0.25,0.23,0.7,0.66,0.15,0.35,0.12,16675,19.494614124298096
0.48,0.51,0.26,0.22,0.7,0.66,0.14,0.34,0.12,16260,19.498615503311157
0.5,0.51,0.24,0.25,0.73,0.66,0.15,0.36,0.11,16217,19.502349615097046
0.5,0.52,0.26,0.23,0.72,0.66,0.14,0.38,0.12,16678,19.503111362457275
0.5,0.53,0.25,0.24,0.72,0.66,0.13,0.38,0.12,16405,19.507092714309692
0.5,0.53,0.26,0.23,0.72,0.66,0.13,0.39,0.12,16384,19.51009750366211
0.52,0.53,0.25,0.23,0.71,0.65,0.15,0.38,0.12,16689,19.514078617095947
0.51,0.5,0.26,0.22,0.72,0.66,0.14,0.38,0.13,16630,19.515108108520508
0.5,0.52,0.25,0.22,0.73,0.66,0.13,0.37,0.12,16567,19.51907515525818
0.5,0.51,0.26,0.21,0.72,0.66,0.14,0.37,0.12,16822,19.523079872131348
0.51,0.5,0.26,0.21,0.72,0.66,0.14,0.36,0.13,16699,19.527095079421997
0.52,0.5,0.25,0.21,0.71,0.66,0.12,0.36,0.12,16378,19.528096199035645
0.5,0.51,0.26,0.21,0.71,0.66,0.12,0.36,0.12,16393,19.530698537826538
0.48,0.5,0.26,0.2,0.72,0.65,0.11,0.37,0.13,16036,19.535717248916626
0.51,0.49,0.26,0.21,0.72,0.65,0.11,0.35,0.12,16011,19.53969979286194
0.53,0.5,0.26,0.21,0.72,0.65,0.12,0.33,0.11,16538,19.53969979286194
0.54,0.5,0.26,0.21,0.71,0.65,0.11,0.34,0.12,16939,19.54313015937805
0.5,0.49,0.26,0.22,0.7,0.66,0.1,0.35,0.11,17056,19.54697895050049
0.51,0.5,0.25,0.21,0.71,0.66,0.11,0.34,0.11,16901,19.551061391830444
0.53,0.52,0.26,0.22,0.72,0.67,0.1,0.37,0.12,16528,19.555113315582275
0.52,0.52,0.24,0.21,0.72,0.65,0.11,0.39,0.12,16723,19.555113315582275
0.48,0.53,0.25,0.21,0.72,0.65,0.1,0.37,0.11,16442,19.56022572517395
0.49,0.53,0.25,0.2,0.72,0.64,0.1,0.38,0.11,16703,19.564229488372803
0.5,0.51,0.25,0.21,0.73,0.66,0.12,0.37,0.11,16988,19.567251682281494
0.5,0.51,0.27,0.21,0.73,0.65,0.11,0.38,0.12,17387,19.568305015563965
0.51,0.51,0.26,0.21,0.72,0.66,0.1,0.4,0.12,16564,19.57229971885681
0.5,0.52,0.26,0.21,0.72,0.67,0.1,0.37,0.12,16375,19.576274871826172
0.51,0.51,0.25,0.21,0.73,0.67,0.1,0.37,0.11,16512,19.58026933670044
0.52,0.53,0.25,0.21,0.72,0.66,0.1,0.39,0.11,16469,19.58026933670044
0.5,0.53,0.25,0.21,0.72,0.65,0.11,0.41,0.12,16638,19.584348678588867
0.5,0.53,0.27,0.21,0.72,0.67,0.1,0.4,0.12,16555,19.588573932647705
0.53,0.53,0.27,0.2,0.71,0.66,0.1,0.39,0.11,15856,19.592560529708862
0.53,0.56,0.27,0.21,0.71,0.67,0.12,0.39,0.11,16063,19.592560529708862
0.54,0.55,0.26,0.21,0.71,0.67,0.1,0.4,0.11,16160,19.596633911132812
0.53,0.55,0.27,0.21,0.7,0.66,0.1,0.37,0.11,16141,19.600964546203613
0.53,0.53,0.27,0.21,0.72,0.66,0.1,0.37,0.11,16046,19.604963779449463
0.54,0.55,0.27,0.21,0.71,0.66,0.1,0.37,0.11,16129,19.604963779449463
0.53,0.54,0.27,0.21,0.71,0.66,0.1,0.37,0.11,16152,19.608988285064697
0.49,0.53,0.26,0.21,0.7,0.66,0.1,0.38,0.11,16327,19.61299419403076
0.5,0.54,0.25,0.2,0.72,0.66,0.09,0.38,0.1,16732,19.617069482803345
0.49,0.54,0.25,0.21,0.72,0.66,0.09,0.37,0.1,16697,19.621076583862305
0.52,0.55,0.26,0.21,0.73,0.65,0.09,0.37,0.11,16264,19.621138095855713
0.52,0.55,0.26,0.21,0.72,0.66,0.1,0.35,0.12,16025,19.625187158584595
0.53,0.54,0.27,0.21,0.72,0.66,0.09,0.37,0.11,16244,19.629192352294922
0.52,0.53,0.26,0.21,0.72,0.66,0.09,0.37,0.11,16019,19.63335418701172
0.53,0.55,0.25,0.21,0.72,0.68,0.1,0.36,0.1,16278,19.63335418701172
0.52,0.56,0.25,0.21,0.74,0.66,0.1,0.38,0.11,16617,19.637346029281616
0.48,0.53,0.25,0.21,0.72,0.66,0.09,0.36,0.12,17038,19.64185667037964
0.47,0.53,0.24,0.21,0.72,0.67,0.09,0.35,0.11,16555,19.644863605499268
0.5,0.51,0.25,0.21,0.73,0.66,0.09,0.36,0.11,16474,19.645862102508545
0.53,0.52,0.24,0.22,0.73,0.67,0.1,0.37,0.1,16779,19.649614810943604
0.51,0.53,0.25,0.22,0.74,0.67,0.1,0.37,0.11,16348,19.65417742729187
0.51,0.54,0.25,0.22,0.74,0.68,0.09,0.38,0.1,15975,19.65818190574646
0.49,0.54,0.24,0.22,0.74,0.68,0.1,0.38,0.1,16274,19.65818190574646
0.51,0.55,0.25,0.22,0.72,0.68,0.1,0.38,0.1,16437,19.662179470062256
0.48,0.54,0.25,0.22,0.71,0.68,0.09,0.37,0.1,16308,19.66618037223816
0.49,0.52,0.25,0.22,0.73,0.68,0.09,0.36,0.11,16961,19.670280933380127
0.48,0.51,0.23,0.21,0.73,0.65,0.1,0.38,0.11,16804,19.670280933380127
0.49,0.52,0.25,0.22,0.73,0.66,0.09,0.37,0.1,16741,19.674322366714478
0.48,0.53,0.26,0.21,0.73,0.65,0.09,0.38,0.11,16324,19.678460597991943
0.47,0.52,0.25,0.21,0.73,0.66,0.08,0.38,0.11,16455,19.682454347610474
0.45,0.51,0.24,0.2,0.73,0.65,0.09,0.38,0.1,16450,19.686464309692383
0.46,0.51,0.24,0.2,0.75,0.64,0.09,0.38,0.1,16355,19.686464309692383
0.44,0.51,0.24,0.2,0.72,0.64,0.1,0.36,0.11,16480,19.690450191497803
0.45,0.5,0.24,0.2,0.71,0.64,0.09,0.35,0.1,16679,19.694803953170776
0.44,0.53,0.24,0.21,0.71,0.64,0.09,0.37,0.1,16776,19.69887614250183
0.48,0.52,0.25,0.21,0.71,0.64,0.09,0.37,0.1,16207,19.69887614250183
0.47,0.52,0.24,0.2,0.72,0.64,0.1,0.37,0.1,15646,19.702937364578247
0.47,0.52,0.24,0.21,0.72,0.65,0.07,0.37,0.1,16093,19.70793652534485
0.45,0.54,0.25,0.21,0.71,0.66,0.09,0.35,0.1,16388,19.71093440055847
0.46,0.55,0.24,0.22,0.71,0.66,0.1,0.35,0.09,16211,19.711934089660645
0.47,0.52,0.25,0.21,0.73,0.66,0.08,0.36,0.09,16332,19.715935945510864
0.47,0.52,0.17,0.21,0.74,0.66,0.09,0.36,0.1,16209,19.71997380256653
0.46,0.52,0.18,0.21,0.73,0.66,0.08,0.36,0.1,16208,19.723074436187744
0.42,0.53,0.18,0.21,0.75,0.66,0.09,0.36,0.1,16223,19.724098443984985
0.46,0.53,0.18,0.21,0.75,0.66,0.1,0.35,0.1,16428,19.728190660476685
0.47,0.53,0.18,0.21,0.74,0.66,0.09,0.36,0.1,16113,19.73178458213806
0.47,0.54,0.18,0.21,0.73,0.65,0.09,0.37,0.1,16018,19.735827684402466
0.46,0.54,0.17,0.21,0.72,0.65,0.09,0.39,0.1,16617,19.735827684402466
0.47,0.54,0.17,0.21,0.72,0.64,0.1,0.39,0.1,16754,19.739976406097412
0.45,0.55,0.18,0.21,0.72,0.65,0.08,0.38,0.09,16419,19.74519419670105
0.46,0.55,0.18,0.21,0.73,0.65,0.06,0.38,0.09,16568,19.748347520828247
0.42,0.54,0.18,0.21,0.71,0.65,0.07,0.37,0.09,16667,19.74924325942993
0.47,0.55,0.19,0.21,0.73,0.65,0.06,0.37,0.09,16212,19.75254535675049
0.48,0.54,0.19,0.22,0.72,0.65,0.07,0.38,0.09,16235,19.756179332733154
0.46,0.54,0.19,0.21,0.74,0.65,0.07,0.39,0.09,16372,19.760693788528442
0.43,0.54,0.19,0.22,0.74,0.65,0.07,0.38,0.09,16421,19.764745473861694
0.44,0.54,0.2,0.22,0.74,0.65,0.07,0.38,0.09,16514,19.764745473861694
0.43,0.54,0.19,0.22,0.74,0.65,0.07,0.39,0.09,16581,19.769702434539795
0.47,0.54,0.19,0.21,0.74,0.66,0.07,0.38,0.09,16124,19.772706270217896
0.39,0.53,0.2,0.21,0.73,0.65,0.06,0.37,0.09,16209,19.77648615837097
0.42,0.53,0.19,0.21,0.73,0.64,0.05,0.36,0.08,16236,19.777223587036133
0.43,0.52,0.18,0.21,0.71,0.63,0.05,0.35,0.09,15985,19.78168749809265
0.44,0.53,0.18,0.22,0.73,0.63,0.05,0.36,0.08,16032,19.78612732887268
0.43,0.51,0.18,0.22,0.73,0.64,0.05,0.35,0.08,16313,19.789130926132202
0.43,0.51,0.17,0.22,0.72,0.64,0.05,0.35,0.08,16368,19.789130926132202
0.43,0.53,0.17,0.22,0.74,0.64,0.05,0.36,0.08,16395,19.79312562942505
0.44,0.53,0.17,0.23,0.72,0.63,0.05,0.35,0.08,16396,19.797096490859985
0.42,0.53,0.18,0.22,0.73,0.64,0.05,0.35,0.08,16425,19.80109930038452
0.41,0.52,0.18,0.22,0.75,0.64,0.05,0.36,0.08,16230,19.80109930038452
0.42,0.52,0.18,0.22,0.75,0.64,0.05,0.35,0.08,16095,19.805097579956055
0.43,0.53,0.18,0.24,0.73,0.64,0.05,0.36,0.08,16636,19.80909752845764
0.44,0.54,0.18,0.23,0.74,0.64,0.05,0.36,0.07,16649,19.813204050064087
0.43,0.54,0.17,0.23,0.74,0.65,0.06,0.35,0.08,15952,19.813204050064087
0.45,0.53,0.17,0.23,0.74,0.65,0.05,0.33,0.08,15861,19.81720805168152
0.43,0.52,0.18,0.23,0.75,0.64,0.05,0.34,0.08,16150,19.821216344833374
0.45,0.53,0.18,0.23,0.75,0.65,0.05,0.33,0.08,16063,19.82519817352295
0.41,0.53,0.17,0.22,0.75,0.64,0.05,0.34,0.08,16402,19.829270839691162
0.43,0.53,0.17,0.22,0.74,0.64,0.05,0.35,0.08,16825,19.830273151397705
0.45,0.54,0.18,0.23,0.73,0.64,0.05,0.34,0.08,16512,19.833845853805542
0.46,0.54,0.17,0.22,0.73,0.64,0.05,0.33,0.08,16333,19.837844610214233
0.43,0.55,0.17,0.2,0.74,0.64,0.04,0.32,0.07,16486,19.84084439277649
0.42,0.56,0.17,0.2,0.75,0.63,0.04,0.34,0.08,16313,19.842355728149414
0.43,0.54,0.17,0.21,0.73,0.63,0.05,0.31,0.08,16296,19.846370220184326
0.42,0.53,0.18,0.22,0.73,0.64,0.04,0.31,0.08,16055,19.850372314453125
0.41,0.52,0.18,0.22,0.74,0.63,0.04,0.33,0.08,16466,19.854461669921875
0.42,0.55,0.18,0.22,0.74,0.64,0.04,0.33,0.08,16415,19.854461669921875
0.43,0.53,0.17,0.22,0.74,0.64,0.04,0.34,0.09,16440,19.858459949493408
0.44,0.51,0.19,0.22,0.74,0.64,0.04,0.33,0.08,16425,19.862464904785156
0.44,0.53,0.19,0.22,0.73,0.64,0.04,0.33,0.08,16672,19.866766691207886
0.42,0.52,0.19,0.22,0.73,0.64,0.04,0.34,0.08,16709,19.866766691207886
0.44,0.53,0.17,0.22,0.72,0.64,0.04,0.35,0.08,16594,19.870759963989258
0.42,0.53,0.19,0.21,0.74,0.64,0.04,0.35,0.08,16065,19.87499451637268
0.41,0.54,0.19,0.21,0.73,0.64,0.04,0.35,0.08,16150,19.87900972366333
0.4,0.55,0.19,0.21,0.73,0.64,0.04,0.36,0.08,16229,19.8800106048584
0.41,0.54,0.2,0.21,0.73,0.65,0.04,0.35,0.08,16410,19.88300895690918
0.42,0.54,0.18,0.2,0.74,0.64,0.04,0.34,0.08,16107,19.88800883293152
0.45,0.55,0.2,0.21,0.74,0.65,0.05,0.36,0.08,16054,19.892009973526
0.44,0.54,0.21,0.21,0.74,0.64,0.04,0.37,0.08,16465,19.892009973526
0.44,0.55,0.2,0.21,0.75,0.65,0.04,0.36,0.08,16494,19.895423412322998
0.44,0.55,0.2,0.21,0.75,0.64,0.04,0.35,0.08,16393,19.899573802947998
0.44,0.56,0.19,0.21,0.74,0.64,0.04,0.36,0.09,16326,19.903573274612427
0.42,0.56,0.21,0.21,0.75,0.65,0.04,0.35,0.09,16509,19.907564878463745
0.42,0.56,0.2,0.21,0.74,0.64,0.04,0.35,0.09,16652,19.908563375473022
0.42,0.54,0.2,0.2,0.75,0.63,0.05,0.35,0.09,16627,19.91256356239319
0.42,0.54,0.21,0.2,0.76,0.64,0.04,0.36,0.08,16168,19.916290044784546
0.42,0.56,0.21,0.2,0.74,0.63,0.05,0.38,0.09,16007,19.919840097427368
0.43,0.56,0.2,0.21,0.75,0.63,0.04,0.37,0.09,16394,19.920880556106567
0.44,0.55,0.2,0.21,0.75,0.62,0.05,0.38,0.09,16199,19.924880743026733
0.44,0.54,0.2,0.21,0.76,0.62,0.05,0.39,0.09,16352,19.92899179458618
0.42,0.55,0.19,0.21,0.76,0.63,0.05,0.38,0.08,16319,19.932416439056396
0.42,0.56,0.19,0.21,0.75,0.64,0.04,0.37,0.08,16404,19.93315315246582
0.43,0.54,0.19,0.21,0.76,0.64,0.05,0.37,0.08,16687,19.937153100967407
0.44,0.54,0.21,0.21,0.77,0.64,0.05,0.37,0.08,16252,19.94153141975403
0.43,0.53,0.21,0.21,0.78,0.64,0.05,0.37,0.09,16135,19.944899320602417
0.4,0.53,0.2,0.2,0.77,0.64,0.04,0.36,0.08,16450,19.944899320602417
0.42,0.55,0.2,0.21,0.76,0.64,0.04,0.36,0.09,16235,19.948930501937866
0.42,0.54,0.2,0.21,0.76,0.64,0.05,0.37,0.08,15844,19.953376531600952
0.42,0.54,0.19,0.2,0.77,0.64,0.04,0.36,0.08,15747,19.9569673538208
0.38,0.53,0.2,0.2,0.78,0.64,0.05,0.36,0.08,16266,19.9569673538208
0.41,0.53,0.2,0.2,0.78,0.64,0.04,0.37,0.08,16507,19.961201906204224
0.4,0.52,0.19,0.2,0.78,0.64,0.05,0.36,0.08,16492,19.966141939163208
0.41,0.52,0.19,0.21,0.78,0.64,0.05,0.37,0.08,16363,19.970139741897583
0.39,0.52,0.19,0.2,0.77,0.65,0.04,0.36,0.08,16262,19.973305225372314
0.4,0.55,0.19,0.21,0.77,0.64,0.05,0.36,0.08,16059,19.97427225112915
0.4,0.54,0.2,0.21,0.75,0.64,0.05,0.37,0.08,16348,19.977887630462646
0.4,0.54,0.21,0.2,0.76,0.64,0.04,0.37,0.08,16617,19.981847286224365
0.39,0.53,0.21,0.2,0.76,0.65,0.04,0.36,0.09,16564,19.985569953918457
0.38,0.54,0.2,0.21,0.75,0.65,0.04,0.36,0.08,16585,19.98662781715393
0.4,0.54,0.21,0.2,0.75,0.64,0.04,0.37,0.09,16770,19.990266799926758
0.39,0.55,0.21,0.2,0.75,0.65,0.03,0.37,0.09,16469,19.99385142326355
0.38,0.55,0.21,0.2,0.76,0.65,0.04,0.37,0.09,16846,19.998135089874268
0.35,0.55,0.21,0.19,0.76,0.65,0.03,0.37,0.08,16801,19.99885654449463
0.35,0.56,0.2,0.21,0.76,0.65,0.04,0.37,0.08,16410,20.002131462097168
0.36,0.55,0.2,0.21,0.75,0.65,0.05,0.34,0.09,16169,20.00640869140625
0.35,0.55,0.19,0.21,0.76,0.65,0.04,0.36,0.08,16208,20.009711742401123
0.33,0.56,0.2,0.19,0.77,0.65,0.03,0.37,0.08,16727,20.010778665542603
0.33,0.55,0.2,0.18,0.76,0.65,0.04,0.36,0.08,16538,20.014726161956787
0.33,0.54,0.21,0.19,0.77,0.64,0.04,0.37,0.09,16205,20.018770217895508
0.3,0.53,0.2,0.18,0.76,0.65,0.03,0.36,0.08,16046,20.023225784301758
0.3,0.54,0.2,0.17,0.76,0.65,0.03,0.35,0.09,15937,20.023225784301758
0.29,0.54,0.2,0.16,0.76,0.64,0.03,0.36,0.09,16388,20.027239561080933
0.28,0.54,0.21,0.15,0.76,0.64,0.03,0.35,0.08,16283,20.03128409385681
0.32,0.55,0.2,0.18,0.75,0.64,0.04,0.36,0.09,16204,20.035284519195557
0.33,0.53,0.21,0.18,0.75,0.64,0.03,0.32,0.09,15993,20.038883686065674
0.27,0.54,0.21,0.17,0.76,0.64,0.04,0.33,0.09,16098,20.038883686065674
0.27,0.53,0.21,0.18,0.77,0.64,0.03,0.34,0.08,16263,20.04344367980957
0.29,0.53,0.2,0.19,0.76,0.64,0.04,0.35,0.08,16080,20.047332763671875
0.28,0.54,0.2,0.16,0.75,0.63,0.03,0.36,0.09,16219,20.05167818069458
0.3,0.54,0.2,0.17,0.75,0.63,0.04,0.37,0.08,16180,20.05167818069458
0.3,0.53,0.21,0.17,0.74,0.63,0.04,0.36,0.09,16189,20.055659532546997
0.32,0.52,0.21,0.18,0.75,0.63,0.04,0.37,0.09,16156,20.059917211532593
0.31,0.54,0.21,0.19,0.75,0.63,0.04,0.38,0.08,16317,20.063000679016113
0.33,0.54,0.2,0.19,0.76,0.63,0.04,0.38,0.08,16456,20.06391739845276
0.32,0.55,0.21,0.2,0.76,0.64,0.04,0.38,0.08,16609,20.067917585372925
0.33,0.55,0.22,0.2,0.77,0.64,0.04,0.38,0.08,16468,20.07189655303955
0.32,0.53,0.22,0.2,0.75,0.64,0.04,0.38,0.1,16301,20.075907707214355
0.32,0.54,0.22,0.19,0.76,0.64,0.04,0.38,0.09,16800,20.075907707214355
0.35,0.54,0.22,0.19,0.76,0.65,0.06,0.37,0.09,16355,20.08004331588745
0.35,0.55,0.22,0.19,0.77,0.65,0.04,0.38,0.09,16090,20.085495710372925
0.35,0.55,0.23,0.18,0.76,0.65,0.04,0.37,0.09,15861,20.087915420532227
0.36,0.55,0.22,0.2,0.76,0.66,0.05,0.37,0.09,15726,20.088959455490112
0.35,0.54,0.23,0.2,0.77,0.66,0.04,0.38,0.09,16275,20.093183517456055
0.36,0.55,0.23,0.19,0.77,0.66,0.04,0.38,0.09,16366,20.097519874572754
0.34,0.55,0.23,0.19,0.77,0.66,0.04,0.38,0.09,16301,20.100569248199463
0.34,0.54,0.23,0.18,0.77,0.65,0.05,0.38,0.1,16230,20.101616859436035
0.34,0.54,0.23,0.2,0.75,0.65,0.05,0.37,0.09,16127,20.10561728477478
0.34,0.55,0.23,0.19,0.76,0.66,0.04,0.37,0.1,16320,20.109038829803467
0.34,0.55,0.23,0.19,0.76,0.66,0.05,0.36,0.09,15967,20.113096475601196
0.36,0.55,0.22,0.19,0.76,0.67,0.04,0.36,0.1,16164,20.114051818847656
0.33,0.55,0.21,0.19,0.77,0.67,0.03,0.38,0.09,16543,20.11709499359131
0.32,0.56,0.22,0.19,0.77,0.66,0.04,0.39,0.09,16148,20.12155032157898
0.34,0.55,0.22,0.2,0.76,0.66,0.04,0.39,0.1,15927,20.1248517036438
0.34,0.54,0.22,0.19,0.76,0.66,0.04,0.39,0.1,16054,20.129184246063232
0.34,0.55,0.22,0.19,0.76,0.67,0.04,0.39,0.09,16537,20.129903316497803
0.31,0.55,0.22,0.2,0.76,0.67,0.04,0.39,0.09,16024,20.133927822113037
0.33,0.55,0.21,0.2,0.76,0.67,0.04,0.39,0.09,15815,20.13837504386902
0.31,0.56,0.21,0.2,0.76,0.67,0.04,0.39,0.09,15562,20.141301155090332
0.35,0.57,0.21,0.21,0.76,0.67,0.05,0.4,0.09,15805,20.141301155090332
0.36,0.56,0.22,0.2,0.76,0.67,0.03,0.39,0.09,16582,20.146525144577026
0.35,0.57,0.21,0.2,0.77,0.67,0.04,0.39,0.09,16779,20.150559902191162
0.34,0.56,0.21,0.2,0.76,0.67,0.04,0.39,0.09,16118,20.15381383895874
0.33,0.57,0.22,0.2,0.77,0.67,0.04,0.39,0.09,15979,20.15381383895874
0.34,0.57,0.22,0.21,0.76,0.67,0.04,0.39,0.09,16172,20.15805220603943
0.36,0.57,0.22,0.2,0.77,0.67,0.04,0.39,0.09,15673,20.161781549453735
0.36,0.57,0.22,0.2,0.78,0.66,0.04,0.39,0.09,15904,20.166178226470947
0.33,0.57,0.22,0.19,0.78,0.66,0.05,0.39,0.09,15915,20.16703510284424
0.33,0.57,0.22,0.2,0.78,0.64,0.04,0.39,0.09,15988,20.170044660568237
0.34,0.55,0.22,0.2,0.78,0.64,0.04,0.4,0.09,16381,20.175034761428833
0.35,0.56,0.22,0.19,0.78,0.64,0.04,0.39,0.09,16510,20.17808508872986
0.34,0.56,0.22,0.21,0.78,0.64,0.04,0.39,0.09,16549,20.17901039123535
0.35,0.55,0.21,0.21,0.78,0.66,0.04,0.39,0.09,16764,20.183531999588013
0.35,0.55,0.21,0.2,0.79,0.65,0.04,0.39,0.09,16201,20.187127590179443
0.35,0.55,0.21,0.2,0.79,0.66,0.04,0.39,0.08,15886,20.19142484664917
0.36,0.56,0.21,0.2,0.8,0.66,0.05,0.4,0.08,16315,20.19142484664917
0.36,0.55,0.21,0.21,0.8,0.66,0.04,0.39,0.08,16280,20.19457983970642
0.37,0.56,0.21,0.21,0.79,0.66,0.04,0.39,0.08,16065,20.198588371276855
0.38,0.58,0.21,0.22,0.8,0.66,0.04,0.4,0.08,15996,20.202914476394653
0.39,0.58,0.21,0.22,0.79,0.66,0.04,0.4,0.09,16129,20.202914476394653
0.37,0.59,0.21,0.21,0.8,0.66,0.05,0.4,0.08,16314,20.206919193267822
0.37,0.58,0.21,0.21,0.78,0.67,0.05,0.36,0.09,16535,20.21075963973999
0.38,0.58,0.21,0.21,0.78,0.66,0.05,0.39,0.09,16180,20.215216636657715
0.38,0.57,0.21,0.22,0.78,0.66,0.05,0.39,0.08,16057,20.21923804283142
0.38,0.58,0.2,0.21,0.78,0.66,0.04,0.39,0.08,16334,20.220237970352173
0.39,0.58,0.21,0.21,0.78,0.66,0.05,0.39,0.08,16105,20.22322702407837
0.39,0.58,0.21,0.21,0.77,0.66,0.05,0.36,0.08,16112,20.22744369506836
0.39,0.57,0.21,0.21,0.78,0.66,0.05,0.36,0.09,16047,20.231541633605957
0.39,0.58,0.21,0.22,0.78,0.66,0.05,0.38,0.09,15776,20.231541633605957
0.39,0.57,0.21,0.22,0.78,0.67,0.04,0.38,0.09,16043,20.23535466194153
0.4,0.57,0.21,0.22,0.78,0.67,0.04,0.37,0.09,15918,20.239471912384033
0.4,0.57,0.21,0.22,0.78,0.67,0.05,0.37,0.09,16195,20.24355912208557
0.4,0.57,0.21,0.22,0.79,0.67,0.05,0.39,0.09,16088,20.24455714225769
0.4,0.58,0.22,0.22,0.79,0.67,0.05,0.38,0.09,16425,20.2476646900177
0.41,0.58,0.21,0.22,0.79,0.67,0.04,0.38,0.08,16214,20.251655101776123
0.41,0.58,0.21,0.22,0.8,0.67,0.05,0.37,0.09,15933,20.25635075569153
0.39,0.59,0.21,0.22,0.8,0.67,0.04,0.4,0.09,15814,20.25635075569153
0.39,0.59,0.21,0.22,0.8,0.67,0.05,0.39,0.09,16025,20.260397911071777
0.39,0.59,0.21,0.22,0.8,0.67,0.04,0.39,0.09,16248,20.263978481292725
0.4,0.58,0.21,0.22,0.8,0.66,0.04,0.4,0.09,16297,20.268189668655396
0.39,0.58,0.21,0.21,0.79,0.67,0.05,0.39,0.09,16118,20.26923155784607
0.39,0.58,0.21,0.21,0.78,0.67,0.05,0.4,0.09,16109,20.27242946624756
0.39,0.58,0.21,0.22,0.78,0.66,0.05,0.39,0.09,16694,20.276426315307617
0.4,0.58,0.21,0.21,0.78,0.67,0.05,0.38,0.09,16297,20.28142809867859
0.41,0.58,0.21,0.21,0.77,0.67,0.05,0.39,0.09,15904,20.28142809867859
0.41,0.58,0.21,0.22,0.78,0.67,0.05,0.4,0.09,15877,20.28550696372986
0.41,0.59,0.21,0.21,0.78,0.67,0.05,0.4,0.09,16150,20.288634300231934
0.41,0.58,0.21,0.22,0.78,0.67,0.05,0.4,0.09,16089,20.29334592819214
0.41,0.57,0.21,0.22,0.79,0.67,0.04,0.4,0.09,15782,20.29737639427185
0.4,0.57,0.21,0.22,0.79,0.68,0.05,0.38,0.09,15437,20.29832649230957
0.4,0.57,0.21,0.22,0.79,0.68,0.05,0.4,0.09,15658,20.30132746696472
0.4,0.58,0.21,0.22,0.8,0.67,0.05,0.39,0.09,16137,20.305332899093628
0.41,0.57,0.21,0.22,0.79,0.67,0.05,0.39,0.09,16280,20.30940008163452
0.41,0.58,0.22,0.22,0.8,0.67,0.05,0.39,0.09,16433,20.310474395751953
0.4,0.56,0.22,0.21,0.79,0.67,0.04,0.4,0.09,16346,20.31351590156555
0.39,0.57,0.22,0.21,0.79,0.67,0.05,0.4,0.09,16683,20.317633628845215
0.4,0.56,0.21,0.23,0.79,0.67,0.05,0.39,0.09,15522,20.321664333343506
0.4,0.55,0.21,0.23,0.79,0.67,0.05,0.39,0.09,15709,20.322617530822754
0.41,0.56,0.21,0.24,0.8,0.67,0.04,0.39,0.09,16326,20.325995683670044
0.41,0.56,0.21,0.21,0.8,0.68,0.05,0.39,0.09,16521,20.330487728118896
0.41,0.56,0.21,0.23,0.79,0.68,0.05,0.39,0.09,16274,20.33418345451355
0.42,0.58,0.21,0.22,0.8,0.67,0.05,0.39,0.09,16401,20.335250854492188
0.42,0.57,0.21,0.23,0.79,0.68,0.05,0.39,0.09,16446,20.33841609954834
0.41,0.56,0.21,0.23,0.79,0.68,0.05,0.39,0.09,16709,20.342533349990845
0.41,0.57,0.21,0.24,0.79,0.67,0.05,0.39,0.09,16496,20.346412420272827
0.42,0.56,0.21,0.23,0.8,0.67,0.05,0.39,0.09,16375,20.347551584243774
0.42,0.56,0.21,0.23,0.79,0.68,0.05,0.38,0.09,16666,20.35140323638916
0.42,0.56,0.21,0.24,0.8,0.67,0.06,0.39,0.09,16425,20.355398654937744
0.41,0.56,0.21,0.23,0.8,0.67,0.05,0.39,0.09,15756,20.359426021575928
0.4,0.56,0.21,0.24,0.8,0.67,0.05,0.39,0.09,15549,20.36260962486267
0.41,0.56,0.21,0.24,0.8,0.68,0.06,0.39,0.09,16296,20.36340022087097
0.42,0.57,0.2,0.23,0.79,0.68,0.05,0.4,0.09,16549,20.366210460662842
0.42,0.58,0.2,0.24,0.8,0.68,0.05,0.4,0.09,16032,20.371047019958496
0.42,0.57,0.21,0.23,0.8,0.68,0.05,0.4,0.09,15643,20.375261783599854
0.41,0.57,0.2,0.24,0.78,0.67,0.06,0.4,0.08,16200,20.376298189163208
0.41,0.58,0.21,0.24,0.78,0.67,0.05,0.39,0.09,16461,20.378594398498535
0.4,0.58,0.21,0.24,0.79,0.68,0.05,0.39,0.09,16568,20.384251832962036
0.39,0.58,0.21,0.24,0.79,0.67,0.06,0.4,0.09,16135,20.387492656707764
0.4,0.58,0.21,0.24,0.79,0.67,0.05,0.39,0.09,16080,20.388477563858032
0.4,0.58,0.21,0.23,0.79,0.68,0.05,0.39,0.09,16645,20.39147138595581
0.4,0.57,0.2,0.23,0.79,0.67,0.05,0.4,0.09,16418,20.39504861831665
0.4,0.57,0.2,0.24,0.79,0.67,0.05,0.39,0.09,16003,20.400075674057007
0.4,0.57,0.21,0.23,0.8,0.67,0.05,0.39,0.09,16060,20.400075674057007
0.4,0.57,0.2,0.23,0.79,0.67,0.05,0.37,0.09,15981,20.40407657623291
0.39,0.55,0.2,0.23,0.8,0.66,0.05,0.38,0.09,16270,20.408077239990234
0.39,0.56,0.21,0.22,0.8,0.67,0.05,0.4,0.09,16131,20.41207003593445
0.4,0.56,0.21,0.22,0.8,0.67,0.05,0.4,0.09,16196,20.41207003593445
0.41,0.56,0.21,0.23,0.82,0.67,0.05,0.36,0.09,16059,20.415646076202393
0.41,0.56,0.21,0.23,0.8,0.67,0.05,0.38,0.09,16044,20.419954776763916
0.4,0.57,0.21,0.23,0.81,0.67,0.06,0.39,0.08,15941,20.424407482147217
0.39,0.57,0.21,0.23,0.82,0.66,0.05,0.39,0.09,16124,20.425405263900757
0.39,0.57,0.21,0.23,0.81,0.67,0.05,0.39,0.09,16061,20.42871117591858
0.39,0.57,0.21,0.23,0.82,0.67,0.05,0.39,0.09,16422,20.432710886001587
0.4,0.57,0.21,0.23,0.81,0.67,0.05,0.39,0.09,16477,20.436710119247437
0.41,0.56,0.21,0.23,0.81,0.67,0.05,0.39,0.09,16220,20.44010090827942
0.41,0.56,0.21,0.23,0.81,0.67,0.05,0.4,0.09,15819,20.441187381744385
0.4,0.56,0.21,0.23,0.81,0.68,0.05,0.4,0.09,16860,20.445035696029663
0.4,0.57,0.21,0.23,0.81,0.68,0.05,0.37,0.09,16775,20.44907784461975
0.39,0.56,0.21,0.23,0.8,0.68,0.05,0.39,0.09,16382,20.45285391807556
0.4,0.57,0.21,0.23,0.8,0.67,0.05,0.39,0.09,15949,20.45390510559082
0.41,0.57,0.21,0.23,0.8,0.68,0.05,0.4,0.09,15892,20.457157611846924
0.4,0.57,0.21,0.23,0.81,0.68,0.05,0.4,0.09,16557,20.46116805076599
0.4,0.58,0.21,0.24,0.81,0.68,0.05,0.39,0.09,16684,20.465189933776855
0.4,0.57,0.21,0.23,0.81,0.68,0.05,0.4,0.09,16291,20.465189933776855
0.39,0.57,0.21,0.22,0.8,0.68,0.05,0.4,0.09,16478,20.46957755088806
0.4,0.57,0.21,0.22,0.81,0.67,0.05,0.37,0.09,16651,20.47265934944153
0.42,0.57,0.21,0.23,0.8,0.67,0.06,0.36,0.09,16580,20.477815628051758
0.41,0.57,0.22,0.23,0.8,0.68,0.05,0.4,0.09,16403,20.477815628051758
0.41,0.58,0.21,0.22,0.8,0.68,0.05,0.4,0.09,16026,20.480876445770264
0.41,0.59,0.22,0.23,0.8,0.68,0.05,0.39,0.09,16013,20.485289812088013
0.41,0.58,0.22,0.22,0.8,0.68,0.05,0.4,0.09,15790,20.489283323287964
0.42,0.58,0.22,0.22,0.81,0.68,0.05,0.4,0.09,15593,20.489283323287964
0.41,0.58,0.22,0.23,0.81,0.68,0.05,0.4,0.09,16104,20.494287967681885
0.41,0.58,0.22,0.23,0.81,0.68,0.05,0.4,0.1,16259,20.49828815460205
0.41,0.58,0.23,0.22,0.81,0.68,0.05,0.4,0.09,15980,20.50245499610901
0.41,0.58,0.22,0.22,0.81,0.68,0.05,0.4,0.09,16241,20.50546956062317
0.41,0.58,0.22,0.21,0.81,0.67,0.05,0.37,0.09,15866,20.50546956062317
0.41,0.57,0.23,0.23,0.81,0.67,0.05,0.4,0.09,15743,20.51063299179077
0.41,0.58,0.23,0.23,0.82,0.67,0.05,0.4,0.1,16084,20.513864994049072
0.41,0.58,0.23,0.23,0.81,0.66,0.06,0.4,0.09,16107,20.51786494255066
0.4,0.58,0.23,0.22,0.82,0.67,0.05,0.4,0.1,16352,20.51886534690857
0.41,0.58,0.23,0.22,0.82,0.66,0.05,0.41,0.09,16481,20.521864414215088
0.4,0.58,0.23,0.23,0.81,0.67,0.05,0.4,0.09,16432,20.527153968811035
0.42,0.58,0.23,0.24,0.81,0.67,0.06,0.4,0.1,16327,20.53046178817749
0.41,0.57,0.23,0.23,0.81,0.67,0.05,0.39,0.1,16040,20.53153967857361
0.41,0.57,0.23,0.24,0.82,0.67,0.05,0.39,0.09,16047,20.534740924835205
0.41,0.57,0.23,0.22,0.82,0.67,0.05,0.39,0.1,16194,20.53927493095398
0.41,0.57,0.23,0.22,0.82,0.67,0.05,0.38,0.09,16395,20.543166399002075
0.41,0.57,0.23,0.22,0.82,0.67,0.05,0.39,0.09,16470,20.543166399002075
0.42,0.57,0.24,0.22,0.8,0.67,0.05,0.37,0.1,16407,20.547213077545166
0.42,0.56,0.24,0.22,0.81,0.67,0.05,0.37,0.1,16594,20.55121350288391
0.42,0.58,0.24,0.23,0.81,0.67,0.05,0.4,0.09,16741,20.55521321296692
0.43,0.57,0.24,0.22,0.8,0.67,0.05,0.4,0.09,16808,20.55521321296692
0.42,0.57,0.24,0.23,0.81,0.66,0.06,0.37,0.1,16425,20.56029510498047
0.42,0.57,0.24,0.23,0.81,0.66,0.05,0.4,0.1,16080,20.56328845024109
0.42,0.56,0.24,0.24,0.81,0.66,0.05,0.4,0.09,16261,20.568340301513672
0.42,0.56,0.24,0.23,0.81,0.66,0.05,0.4,0.09,16318,20.568340301513672
0.42,0.57,0.24,0.24,0.81,0.67,0.05,0.4,0.09,16265,20.571388721466064
0.42,0.58,0.24,0.24,0.81,0.66,0.05,0.4,0.09,16146,20.576489686965942
0.43,0.57,0.24,0.24,0.82,0.66,0.05,0.4,0.09,16323,20.580488920211792
0.43,0.58,0.24,0.24,0.81,0.66,0.05,0.4,0.09,16226,20.583825826644897
0.42,0.57,0.24,0.23,0.81,0.67,0.05,0.36,0.09,16333,20.584465503692627
0.42,0.56,0.24,0.24,0.81,0.67,0.05,0.35,0.1,16106,20.58786129951477
0.43,0.57,0.24,0.24,0.81,0.67,0.05,0.39,0.09,15911,20.593222618103027
0.43,0.56,0.24,0.24,0.81,0.67,0.05,0.36,0.09,15926,20.59619116783142
0.43,0.57,0.23,0.24,0.81,0.67,0.05,0.39,0.08,15997,20.597195863723755
0.42,0.57,0.23,0.23,0.81,0.67,0.05,0.4,0.09,15974,20.60034441947937
0.42,0.57,0.23,0.24,0.81,0.67,0.05,0.39,0.09,16227,20.605344533920288
0.42,0.57,0.24,0.24,0.81,0.67,0.05,0.36,0.1,16322,20.608529090881348
0.42,0.57,0.24,0.24,0.81,0.67,0.05,0.39,0.09,16117,20.609344482421875
0.42,0.56,0.24,0.23,0.81,0.67,0.05,0.39,0.09,16150,20.61263656616211
0.42,0.57,0.23,0.22,0.81,0.67,0.05,0.39,0.09,16481,20.61666512489319
0.43,0.57,0.24,0.23,0.81,0.68,0.05,0.39,0.09,16424,20.620397090911865
0.42,0.59,0.23,0.23,0.81,0.67,0.05,0.38,0.1,16205,20.620397090911865
0.42,0.59,0.25,0.23,0.8,0.67,0.05,0.4,0.09,16424,20.62543797492981
0.42,0.59,0.24,0.23,0.81,0.68,0.05,0.4,0.09,16283,20.62908935546875
0.42,0.59,0.24,0.23,0.8,0.68,0.05,0.4,0.09,16152,20.633188247680664
0.42,0.59,0.24,0.23,0.81,0.68,0.05,0.4,0.09,16389,20.633188247680664
0.42,0.59,0.24,0.23,0.8,0.67,0.05,0.37,0.09,16564,20.637187004089355
0.42,0.58,0.24,0.23,0.81,0.67,0.05,0.4,0.09,16293,20.640904664993286
0.42,0.59,0.23,0.23,0.81,0.67,0.05,0.4,0.09,16180,20.645524501800537
0.42,0.58,0.24,0.23,0.81,0.68,0.05,0.4,0.09,16173,20.64912486076355
0.41,0.58,0.24,0.23,0.81,0.68,0.05,0.4,0.09,16376,20.649821519851685
0.42,0.58,0.24,0.23,0.81,0.68,0.05,0.4,0.09,16109,20.65382146835327
0.42,0.59,0.24,0.23,0.8,0.67,0.05,0.41,0.09,16090,20.6578311920166
0.42,0.59,0.25,0.23,0.8,0.68,0.05,0.4,0.09,16175,20.661839962005615
0.42,0.59,0.24,0.23,0.8,0.68,0.05,0.4,0.09,16336,20.661839962005615
0.41,0.58,0.25,0.23,0.8,0.68,0.05,0.37,0.09,16341,20.665708780288696
0.42,0.59,0.25,0.23,0.8,0.67,0.04,0.41,0.09,16156,20.670366287231445
0.42,0.6,0.25,0.23,0.81,0.68,0.05,0.38,0.09,16279,20.673390865325928
0.42,0.59,0.25,0.23,0.81,0.68,0.05,0.4,0.09,15998,20.673390865325928
0.42,0.6,0.25,0.23,0.8,0.68,0.05,0.4,0.09,16031,20.677700519561768
0.42,0.6,0.25,0.23,0.81,0.68,0.05,0.41,0.09,15908,20.682552576065063
0.42,0.6,0.25,0.23,0.81,0.68,0.05,0.41,0.1,16689,20.685895681381226
0.43,0.6,0.25,0.24,0.81,0.68,0.05,0.4,0.09,16462,20.686941623687744
0.43,0.6,0.25,0.24,0.8,0.67,0.05,0.38,0.1,16425,20.68996548652649
0.42,0.59,0.25,0.23,0.8,0.68,0.05,0.38,0.09,16628,20.695335149765015
0.43,0.59,0.25,0.24,0.81,0.68,0.05,0.38,0.1,16579,20.698866367340088
0.43,0.59,0.26,0.23,0.81,0.68,0.05,0.4,0.1,16442,20.699812173843384
0.43,0.6,0.25,0.24,0.81,0.68,0.05,0.41,0.09,16293,20.70282006263733
0.42,0.59,0.25,0.24,0.81,0.68,0.05,0.41,0.09,16146,20.70681929588318
0.42,0.59,0.25,0.24,0.8,0.68,0.05,0.41,0.09,16731,20.711079359054565
0.42,0.59,0.25,0.23,0.81,0.68,0.05,0.39,0.09,16600,20.71488380432129
0.42,0.59,0.25,0.23,0.81,0.68,0.05,0.41,0.09,16249,20.715935707092285
0.42,0.6,0.25,0.23,0.81,0.68,0.04,0.41,0.09,16340,20.718971014022827
0.42,0.59,0.25,0.23,0.81,0.68,0.05,0.41,0.09,16081,20.72404956817627
0.42,0.59,0.25,0.23,0.81,0.68,0.05,0.41,0.09,15878,20.727168798446655
0.42,0.6,0.25,0.23,0.8,0.68,0.05,0.41,0.09,15921,20.727168798446655
0.42,0.59,0.25,0.23,0.8,0.68,0.05,0.41,0.09,16226,20.73137640953064
0.42,0.58,0.25,0.23,0.8,0.68,0.04,0.41,0.09,16381,20.734838724136353
0.42,0.59,0.25,0.23,0.81,0.68,0.05,0.41,0.09,16208,20.739876985549927
0.42,0.6,0.25,0.23,0.8,0.68,0.04,0.42,0.09,16273,20.739876985549927
0.42,0.61,0.24,0.23,0.8,0.68,0.04,0.41,0.09,16296,20.74399733543396
0.43,0.6,0.25,0.23,0.8,0.68,0.04,0.41,0.09,15993,20.74804449081421
0.42,0.61,0.25,0.23,0.8,0.68,0.04,0.41,0.09,16398,20.751747608184814
0.43,0.6,0.26,0.23,0.8,0.68,0.04,0.41,0.09,16723,20.752467155456543
0.43,0.6,0.25,0.24,0.8,0.68,0.04,0.42,0.09,16434,20.755584955215454
0.42,0.6,0.25,0.24,0.8,0.68,0.05,0.41,0.09,15997,20.76060938835144
0.43,0.6,0.25,0.24,0.79,0.68,0.05,0.39,0.1,16020,20.76394557952881
0.43,0.6,0.25,0.24,0.79,0.68,0.05,0.4,0.1,15959,20.765016794204712
0.42,0.6,0.25,0.23,0.79,0.68,0.05,0.4,0.1,16042,20.76771831512451
0.43,0.6,0.25,0.24,0.8,0.68,0.04,0.38,0.09,16343,20.772371292114258
0.42,0.6,0.25,0.23,0.8,0.68,0.04,0.41,0.09,16300,20.776426792144775
0.43,0.6,0.25,0.23,0.8,0.68,0.04,0.41,0.1,16245,20.77994990348816
0.43,0.6,0.25,0.24,0.8,0.68,0.04,0.41,0.1,15992,20.781015396118164
0.43,0.6,0.25,0.23,0.79,0.68,0.04,0.42,0.09,16383,20.7856023311615
0.43,0.6,0.25,0.24,0.81,0.69,0.05,0.41,0.09,16264,20.78880763053894
0.44,0.61,0.25,0.24,0.8,0.68,0.05,0.41,0.09,15999,20.792800664901733
0.43,0.61,0.24,0.24,0.8,0.68,0.04,0.42,0.09,16116,20.792800664901733
0.43,0.61,0.25,0.24,0.81,0.68,0.05,0.41,0.09,16331,20.79662537574768
0.43,0.61,0.25,0.23,0.8,0.69,0.04,0.42,0.09,16766,20.801033973693848
0.44,0.6,0.24,0.25,0.81,0.68,0.05,0.41,0.09,16663,20.80472445487976
0.43,0.61,0.24,0.24,0.81,0.69,0.04,0.39,0.1,16118,20.80573272705078
0.44,0.59,0.24,0.24,0.82,0.69,0.05,0.41,0.09,15867,20.810168743133545
0.43,0.6,0.24,0.24,0.81,0.69,0.05,0.4,0.1,16432,20.814168453216553
0.43,0.6,0.24,0.24,0.81,0.69,0.05,0.39,0.1,16423,20.81716823577881
0.43,0.6,0.25,0.24,0.8,0.69,0.05,0.4,0.1,16508,20.81716823577881
0.44,0.6,0.25,0.24,0.81,0.68,0.05,0.39,0.1,16125,20.82115936279297
0.44,0.6,0.25,0.23,0.81,0.69,0.04,0.41,0.1,16358,20.826210975646973
0.44,0.59,0.25,0.24,0.81,0.69,0.05,0.41,0.09,16487,20.829761505126953
0.43,0.59,0.25,0.23,0.82,0.69,0.04,0.41,0.09,16696,20.830812454223633
0.44,0.59,0.25,0.24,0.82,0.68,0.05,0.41,0.1,16733,20.83369493484497
0.44,0.59,0.24,0.24,0.82,0.68,0.05,0.42,0.1,16210,20.83768892288208
0.44,0.59,0.25,0.24,0.82,0.68,0.05,0.41,0.1,16359,20.842041015625
0.43,0.58,0.25,0.24,0.82,0.68,0.05,0.42,0.09,15986,20.842041015625
0.44,0.59,0.25,0.24,0.82,0.69,0.05,0.42,0.1,15443,20.846336364746094
0.45,0.59,0.25,0.24,0.82,0.68,0.05,0.39,0.1,15706,20.8503360748291
0.44,0.58,0.25,0.24,0.82,0.68,0.05,0.42,0.09,16319,20.854360580444336
0.44,0.59,0.25,0.24,0.82,0.68,0.05,0.42,0.09,16208,20.85838794708252
0.44,0.58,0.25,0.24,0.82,0.69,0.04,0.42,0.1,15791,20.859336614608765
0.44,0.58,0.26,0.25,0.81,0.69,0.05,0.41,0.1,15858,20.86218285560608
0.44,0.58,0.25,0.25,0.81,0.69,0.05,0.38,0.1,16189,20.86638855934143
0.44,0.58,0.25,0.24,0.81,0.69,0.04,0.4,0.09,16382,20.870241165161133
0.44,0.58,0.25,0.24,0.81,0.69,0.05,0.4,0.09,16355,20.870241165161133
0.44,0.58,0.26,0.24,0.8,0.69,0.05,0.38,0.1,16182,20.874603986740112
0.44,0.58,0.26,0.24,0.81,0.69,0.05,0.41,0.1,16277,20.87856411933899
0.44,0.58,0.25,0.24,0.81,0.69,0.05,0.41,0.09,16746,20.88258171081543
0.43,0.58,0.25,0.24,0.81,0.69,0.05,0.4,0.1,16377,20.88357901573181
0.42,0.59,0.25,0.23,0.81,0.68,0.04,0.41,0.09,16200,20.88658571243286
0.42,0.58,0.26,0.24,0.81,0.68,0.05,0.4,0.09,15777,20.89058256149292
0.43,0.59,0.25,0.24,0.81,0.68,0.05,0.4,0.1,15972,20.89555811882019
0.44,0.59,0.26,0.24,0.81,0.68,0.05,0.38,0.1,16623,20.89555811882019
0.44,0.59,0.26,0.24,0.8,0.67,0.06,0.38,0.1,16106,20.89886999130249
0.44,0.59,0.26,0.24,0.8,0.68,0.05,0.38,0.1,15865,20.903653383255005
0.45,0.58,0.26,0.24,0.81,0.68,0.04,0.38,0.1,15764,20.907015085220337
0.45,0.6,0.26,0.23,0.8,0.68,0.05,0.41,0.09,16165,20.908015727996826
0.44,0.59,0.26,0.24,0.8,0.68,0.05,0.41,0.1,15990,20.912015914916992
0.44,0.58,0.26,0.24,0.81,0.68,0.05,0.4,0.1,16355,20.916231393814087
0.45,0.59,0.26,0.24,0.8,0.68,0.05,0.41,0.1,16698,20.91930651664734
0.45,0.59,0.26,0.24,0.8,0.69,0.05,0.41,0.1,16629,20.92347264289856
0.44,0.58,0.26,0.24,0.81,0.68,0.05,0.41,0.1,16294,20.92450451850891
0.44,0.58,0.26,0.24,0.81,0.68,0.05,0.41,0.1,15779,20.928435802459717
0.44,0.58,0.26,0.24,0.81,0.68,0.04,0.4,0.09,15872,20.93244481086731
0.43,0.58,0.26,0.24,0.81,0.68,0.05,0.41,0.09,16563,20.93559217453003
0.44,0.57,0.26,0.24,0.81,0.68,0.05,0.38,0.09,16714,20.93559217453003
0.44,0.59,0.26,0.24,0.81,0.68,0.05,0.41,0.09,16129,20.940593004226685
0.45,0.58,0.26,0.24,0.81,0.68,0.05,0.38,0.09,16214,20.944050788879395
0.44,0.58,0.26,0.24,0.81,0.68,0.05,0.41,0.09,16719,20.9485867023468
0.45,0.59,0.25,0.24,0.8,0.68,0.05,0.42,0.09,16428,20.949596405029297
0.45,0.59,0.26,0.24,0.8,0.68,0.04,0.41,0.09,16477,20.952289819717407
0.45,0.59,0.25,0.24,0.81,0.68,0.05,0.41,0.1,16554,20.95730495452881
0.44,0.59,0.25,0.25,0.8,0.68,0.05,0.38,0.1,16585,20.96046209335327
0.45,0.59,0.26,0.24,0.8,0.68,0.05,0.42,0.09,16538,20.96046209335327
0.44,0.59,0.25,0.25,0.8,0.68,0.05,0.42,0.1,16623,20.965198516845703
0.44,0.58,0.25,0.26,0.8,0.68,0.05,0.42,0.09,16450,20.96893334388733
0.45,0.58,0.26,0.24,0.82,0.68,0.05,0.39,0.09,16201,20.973488569259644
0.44,0.57,0.25,0.24,0.81,0.69,0.05,0.41,0.09,16416,20.973488569259644
0.44,0.58,0.26,0.24,0.81,0.68,0.05,0.42,0.09,16099,20.97706961631775
0.44,0.58,0.25,0.24,0.81,0.68,0.05,0.41,0.1,16288,20.98150134086609
0.44,0.58,0.25,0.25,0.82,0.68,0.05,0.41,0.09,16041,20.98551058769226
0.44,0.59,0.25,0.24,0.81,0.68,0.04,0.38,0.09,16012,20.98551058769226
0.43,0.59,0.25,0.24,0.81,0.68,0.05,0.39,0.09,15981,20.989664554595947
0.43,0.59,0.25,0.24,0.81,0.68,0.05,0.39,0.09,16078,20.993135690689087
0.44,0.59,0.25,0.25,0.81,0.68,0.05,0.39,0.1,16367,20.997588396072388
0.45,0.59,0.25,0.25,0.81,0.68,0.05,0.42,0.09,16490,21.00061845779419
0.44,0.59,0.25,0.24,0.81,0.68,0.05,0.42,0.09,16511,21.00161862373352
0.45,0.6,0.25,0.24,0.81,0.68,0.05,0.42,0.09,16142,21.00558304786682
0.44,0.6,0.25,0.25,0.81,0.68,0.05,0.42,0.1,16339,21.00999355316162
0.44,0.6,0.25,0.25,0.81,0.68,0.05,0.42,0.1,16660,21.013617753982544
0.44,0.6,0.25,0.25,0.81,0.69,0.05,0.42,0.09,16355,21.014315128326416
0.45,0.6,0.25,0.26,0.81,0.69,0.05,0.4,0.1,16120,21.017678022384644
0.44,0.6,0.25,0.25,0.81,0.68,0.05,0.42,0.1,16117,21.021729469299316
0.45,0.6,0.25,0.25,0.81,0.68,0.05,0.4,0.1,16346,21.02589201927185
0.44,0.6,0.26,0.25,0.81,0.68,0.05,0.42,0.1,16309,21.02589201927185
0.44,0.6,0.25,0.25,0.81,0.68,0.05,0.42,0.09,16068,21.030107259750366
0.44,0.6,0.25,0.25,0.81,0.68,0.06,0.4,0.1,16055,21.035006284713745
0.44,0.6,0.25,0.25,0.81,0.68,0.05,0.39,0.1,15862,21.038368463516235
0.44,0.61,0.25,0.24,0.81,0.68,0.05,0.42,0.1,15805,21.039311408996582
0.44,0.6,0.25,0.25,0.81,0.68,0.05,0.42,0.1,16016,21.04254913330078
0.44,0.61,0.26,0.25,0.81,0.68,0.05,0.42,0.09,16001,21.046746253967285
0.43,0.61,0.26,0.25,0.81,0.68,0.05,0.42,0.1,15770,21.050451278686523
0.44,0.6,0.26,0.25,0.8,0.67,0.05,0.42,0.1,15865,21.051499128341675
0.44,0.61,0.26,0.25,0.8,0.68,0.05,0.42,0.09,16022,21.054505348205566
0.43,0.6,0.26,0.25,0.8,0.68,0.06,0.42,0.09,16301,21.0599205493927
0.43,0.6,0.26,0.25,0.81,0.68,0.05,0.41,0.1,16084,21.063130617141724
0.43,0.6,0.25,0.25,0.81,0.68,0.05,0.39,0.1,15901,21.06719732284546
0.44,0.6,0.25,0.25,0.8,0.68,0.05,0.39,0.1,16130,21.068495988845825
0.44,0.6,0.25,0.25,0.81,0.68,0.05,0.42,0.1,16011,21.07103157043457
0.44,0.61,0.25,0.25,0.8,0.67,0.05,0.42,0.1,16014,21.07599425315857
0.45,0.6,0.25,0.25,0.8,0.68,0.04,0.42,0.09,16231,21.07920503616333
0.44,0.6,0.25,0.25,0.81,0.67,0.05,0.42,0.09,16476,21.080058336257935
0.43,0.6,0.25,0.25,0.81,0.68,0.05,0.4,0.1,16013,21.083064794540405
0.43,0.59,0.25,0.25,0.81,0.67,0.05,0.39,0.1,16042,21.08704972267151
0.44,0.59,0.26,0.25,0.8,0.67,0.05,0.39,0.1,16219,21.091367959976196
0.44,0.61,0.25,0.26,0.78,0.68,0.05,0.39,0.1,16106,21.09237265586853
0.44,0.59,0.26,0.25,0.79,0.68,0.05,0.37,0.1,15859,21.09636926651001
0.45,0.6,0.26,0.25,0.79,0.68,0.05,0.38,0.1,15412,21.100050449371338
0.45,0.6,0.26,0.25,0.78,0.68,0.05,0.4,0.1,15585,21.104596614837646
0.45,0.61,0.25,0.25,0.78,0.67,0.04,0.39,0.1,16124,21.104596614837646
0.45,0.61,0.26,0.26,0.78,0.68,0.06,0.39,0.1,16355,21.107918739318848
0.45,0.6,0.26,0.25,0.79,0.68,0.05,0.39,0.1,16430,21.112637281417847
0.45,0.6,0.25,0.26,0.78,0.68,0.05,0.39,0.1,16697,21.116637706756592
0.45,0.6,0.25,0.26,0.79,0.68,0.05,0.39,0.09,16952,21.117634057998657
0.45,0.6,0.25,0.26,0.79,0.68,0.05,0.39,0.1,16353,21.121643543243408
0.45,0.6,0.25,0.26,0.79,0.68,0.05,0.39,0.1,15858,21.12466549873352
0.45,0.61,0.25,0.25,0.8,0.68,0.05,0.39,0.1,16095,21.128317832946777
0.44,0.6,0.25,0.26,0.8,0.68,0.05,0.39,0.1,15956,21.131850481033325
0.45,0.59,0.26,0.26,0.8,0.68,0.05,0.39,0.1,15851,21.132932662963867
0.44,0.58,0.25,0.25,0.8,0.68,0.05,0.39,0.1,16078,21.13710117340088
0.44,0.58,0.25,0.25,0.8,0.68,0.05,0.39,0.1,16199,21.141117334365845
0.45,0.59,0.25,0.25,0.79,0.68,0.06,0.37,0.09,16556,21.14441442489624
0.44,0.58,0.25,0.25,0.8,0.68,0.05,0.36,0.1,16325,21.145578145980835
0.44,0.59,0.25,0.24,0.79,0.68,0.05,0.38,0.09,16124,21.149612426757812
0.43,0.59,0.25,0.25,0.8,0.68,0.05,0.38,0.1,16051,21.154382705688477
0.44,0.58,0.25,0.25,0.8,0.68,0.05,0.38,0.1,16278,21.157384157180786
0.44,0.59,0.25,0.25,0.8,0.68,0.05,0.38,0.1,16179,21.157384157180786
0.44,0.58,0.26,0.25,0.79,0.69,0.05,0.38,0.1,16152,21.162383317947388
0.45,0.59,0.25,0.25,0.8,0.68,0.05,0.38,0.1,16463,21.16590452194214
0.44,0.58,0.25,0.25,0.79,0.69,0.06,0.38,0.09,16414,21.169373989105225
0.44,0.58,0.25,0.25,0.79,0.68,0.05,0.38,0.1,16613,21.170397996902466
0.44,0.58,0.25,0.25,0.8,0.69,0.05,0.38,0.1,16188,21.17440915107727
0.43,0.59,0.25,0.25,0.8,0.69,0.05,0.38,0.1,16343,21.178059101104736
0.44,0.58,0.25,0.25,0.8,0.69,0.05,0.38,0.1,16402,21.182292699813843
0.44,0.59,0.25,0.25,0.8,0.68,0.05,0.38,0.1,16033,21.182292699813843
0.44,0.59,0.26,0.25,0.79,0.68,0.05,0.38,0.1,16106,21.1863214969635
0.45,0.59,0.25,0.25,0.79,0.68,0.05,0.38,0.1,16155,21.19034171104431
0.45,0.59,0.25,0.25,0.79,0.68,0.05,0.37,0.09,15998,21.194340705871582
0.46,0.59,0.25,0.25,0.79,0.68,0.05,0.37,0.1,16013,21.195293426513672
0.45,0.59,0.25,0.25,0.78,0.69,0.05,0.35,0.1,16064,21.197917699813843
0.45,0.6,0.25,0.24,0.8,0.68,0.05,0.38,0.1,16429,21.202892541885376
0.45,0.59,0.25,0.25,0.79,0.68,0.05,0.38,0.1,16512,21.207146644592285
0.45,0.59,0.25,0.25,0.8,0.68,0.05,0.38,0.1,15801,21.207146644592285
0.45,0.59,0.25,0.25,0.79,0.68,0.05,0.38,0.1,15782,21.210779905319214
0.46,0.59,0.25,0.26,0.79,0.68,0.06,0.38,0.09,16199,21.214782238006592
0.45,0.58,0.24,0.25,0.79,0.68,0.05,0.38,0.1,15998,21.21877956390381
0.45,0.58,0.25,0.25,0.79,0.69,0.05,0.38,0.09,15893,21.222779989242554
0.45,0.59,0.25,0.25,0.79,0.68,0.05,0.38,0.1,15952,21.222779989242554
0.44,0.6,0.25,0.25,0.79,0.68,0.05,0.38,0.09,15989,21.226737022399902
0.44,0.6,0.25,0.25,0.8,0.68,0.05,0.39,0.09,16068,21.2310733795166
0.44,0.6,0.25,0.25,0.8,0.69,0.05,0.38,0.1,16063,21.234530925750732
0.44,0.59,0.25,0.25,0.8,0.69,0.05,0.38,0.09,16398,21.23555278778076
0.44,0.6,0.24,0.25,0.8,0.69,0.05,0.38,0.09,16463,21.238563776016235
0.45,0.59,0.24,0.25,0.8,0.68,0.05,0.39,0.09,16662,21.243541717529297
0.45,0.59,0.24,0.25,0.8,0.69,0.05,0.39,0.09,16443,21.24668574333191
0.45,0.59,0.24,0.25,0.8,0.69,0.05,0.39,0.09,16628,21.24772834777832
0.45,0.6,0.24,0.25,0.81,0.69,0.05,0.38,0.09,16565,21.251159191131592
0.45,0.6,0.24,0.25,0.8,0.69,0.05,0.39,0.09,15998,21.25520157814026
0.45,0.6,0.24,0.25,0.8,0.69,0.05,0.38,0.09,16323,21.259370803833008
0.45,0.59,0.25,0.25,0.8,0.69,0.05,0.39,0.1,16478,21.260359048843384
0.45,0.6,0.24,0.26,0.8,0.69,0.05,0.38,0.09,16535,21.264364004135132
0.45,0.59,0.24,0.25,0.8,0.69,0.05,0.38,0.09,16458,21.26766848564148
0.46,0.59,0.24,0.26,0.8,0.7,0.06,0.38,0.09,16507,21.271734476089478
0.45,0.59,0.24,0.25,0.8,0.69,0.05,0.38,0.09,16200,21.27241015434265
0.45,0.59,0.24,0.26,0.8,0.69,0.06,0.38,0.09,16283,21.276427507400513
0.45,0.6,0.24,0.25,0.8,0.7,0.05,0.38,0.1,16042,21.280543088912964
0.45,0.59,0.24,0.25,0.8,0.69,0.05,0.38,0.09,16065,21.284139394760132
0.45,0.59,0.25,0.25,0.79,0.69,0.05,0.36,0.1,16170,21.284139394760132
0.45,0.6,0.25,0.25,0.8,0.69,0.05,0.38,0.1,16253,21.28813409805298
0.46,0.59,0.24,0.25,0.8,0.68,0.06,0.38,0.09,16664,21.29223394393921
0.45,0.59,0.25,0.25,0.8,0.69,0.05,0.38,0.09,16933,21.29763627052307
0.45,0.59,0.25,0.24,0.8,0.69,0.05,0.37,0.1,16552,21.300663471221924
0.44,0.59,0.25,0.24,0.8,0.69,0.05,0.39,0.09,16355,21.301730394363403
0.44,0.59,0.25,0.24,0.8,0.69,0.05,0.37,0.09,16262,21.30473494529724
0.44,0.59,0.25,0.25,0.8,0.69,0.05,0.39,0.1,16449,21.308956146240234
0.45,0.59,0.25,0.25,0.8,0.69,0.06,0.38,0.09,16266,21.3126859664917
0.44,0.6,0.25,0.25,0.8,0.69,0.05,0.38,0.09,15883,21.313393592834473
0.45,0.59,0.25,0.25,0.79,0.69,0.05,0.38,0.1,15948,21.316899299621582
0.44,0.59,0.25,0.24,0.8,0.7,0.05,0.38,0.1,16127,21.32091784477234
0.45,0.59,0.25,0.25,0.79,0.69,0.05,0.38,0.1,15762,21.32463312149048
0.45,0.6,0.25,0.25,0.79,0.69,0.05,0.38,0.09,15519,21.325676918029785
0.45,0.59,0.25,0.25,0.8,0.69,0.05,0.37,0.1,15874,21.32925271987915
0.44,0.6,0.25,0.25,0.81,0.69,0.05,0.38,0.1,16371,21.333739280700684
0.44,0.59,0.25,0.25,0.81,0.69,0.05,0.37,0.1,16344,21.33773970603943
0.45,0.59,0.25,0.25,0.81,0.69,0.05,0.38,0.1,16243,21.33874821662903
0.45,0.6,0.25,0.25,0.81,0.69,0.05,0.37,0.09,16274,21.34174633026123
0.45,0.6,0.25,0.25,0.8,0.69,0.05,0.38,0.1,16435,21.345975399017334
0.46,0.6,0.26,0.25,0.81,0.69,0.05,0.38,0.1,16050,21.349637746810913
0.45,0.6,0.25,0.25,0.81,0.69,0.05,0.38,0.1,16183,21.349637746810913
0.46,0.59,0.25,0.25,0.81,0.69,0.05,0.38,0.09,16274,21.35466766357422
0.45,0.59,0.24,0.24,0.81,0.69,0.05,0.38,0.09,16109,21.358554124832153
0.45,0.59,0.25,0.24,0.8,0.69,0.05,0.38,0.1,16086,21.36294937133789
0.45,0.59,0.25,0.24,0.81,0.69,0.05,0.38,0.1,16377,21.36294937133789
0.45,0.59,0.24,0.24,0.81,0.69,0.05,0.38,0.09,16220,21.366951942443848
0.45,0.6,0.25,0.24,0.8,0.69,0.05,0.38,0.09,16107,21.37021541595459
0.45,0.61,0.25,0.24,0.81,0.69,0.05,0.38,0.09,16064,21.37545156478882
0.46,0.61,0.24,0.25,0.8,0.69,0.07,0.38,0.09,16093,21.37545156478882
0.46,0.6,0.25,0.25,0.81,0.7,0.05,0.38,0.09,16296,21.37851595878601
0.45,0.6,0.25,0.25,0.8,0.69,0.05,0.39,0.09,16139,21.382502794265747
0.45,0.6,0.24,0.25,0.8,0.69,0.05,0.39,0.09,15960,21.386833667755127
0.45,0.6,0.25,0.25,0.8,0.69,0.05,0.38,0.09,16181,21.391308307647705
0.45,0.6,0.25,0.25,0.81,0.69,0.05,0.38,0.09,16202,21.391308307647705
0.45,0.59,0.25,0.25,0.81,0.69,0.05,0.38,0.1,16125,21.395196199417114
0.46,0.6,0.25,0.26,0.8,0.69,0.05,0.38,0.09,16410,21.399561643600464
0.46,0.59,0.25,0.27,0.8,0.69,0.05,0.38,0.1,16059,21.40266990661621
0.45,0.59,0.25,0.27,0.81,0.69,0.05,0.38,0.1,15896,21.40266990661621
0.46,0.59,0.25,0.26,0.79,0.69,0.05,0.38,0.09,16247,21.40683650970459
0.45,0.59,0.25,0.26,0.8,0.69,0.05,0.37,0.1,16194,21.410839557647705
0.46,0.6,0.25,0.26,0.8,0.69,0.05,0.37,0.09,16085,21.415886163711548
0.45,0.6,0.24,0.26,0.8,0.69,0.05,0.37,0.09,16040,21.415886163711548
0.45,0.6,0.25,0.26,0.79,0.69,0.05,0.37,0.09,15923,21.418886184692383
0.45,0.59,0.25,0.26,0.8,0.7,0.05,0.37,0.09,16560,21.42388606071472
0.46,0.6,0.24,0.26,0.8,0.69,0.04,0.37,0.09,16643,21.427889347076416
0.46,0.6,0.24,0.26,0.8,0.69,0.05,0.37,0.09,16308,21.427889347076416
0.47,0.6,0.25,0.26,0.8,0.69,0.05,0.37,0.09,16313,21.43189835548401
0.47,0.59,0.25,0.25,0.79,0.69,0.05,0.37,0.09,16600,21.43570876121521
0.46,0.59,0.24,0.26,0.8,0.69,0.06,0.37,0.09,16723,21.440030336380005
0.46,0.59,0.24,0.26,0.81,0.69,0.05,0.37,0.09,16266,21.440030336380005
0.47,0.6,0.24,0.26,0.8,0.69,0.05,0.38,0.09,16279,21.444031953811646
0.46,0.6,0.24,0.26,0.8,0.69,0.05,0.38,0.09,16052,21.448222875595093
0.46,0.59,0.24,0.26,0.81,0.68,0.06,0.38,0.1,16029,21.452224016189575
0.45,0.59,0.24,0.26,0.81,0.69,0.05,0.38,0.1,15546,21.455960035324097
0.46,0.6,0.24,0.26,0.81,0.69,0.05,0.38,0.09,15939,21.456440925598145
0.46,0.6,0.24,0.26,0.81,0.69,0.05,0.38,0.1,15828,21.460441827774048
0.46,0.6,0.24,0.26,0.8,0.69,0.05,0.38,0.09,16077,21.465497732162476
0.46,0.6,0.24,0.26,0.8,0.68,0.05,0.37,0.09,16434,21.46862483024597
0.46,0.6,0.24,0.26,0.8,0.69,0.05,0.37,0.1,16261,21.46862483024597
0.46,0.61,0.23,0.26,0.8,0.69,0.06,0.36,0.1,16112,21.47262406349182
0.47,0.61,0.24,0.26,0.8,0.68,0.06,0.39,0.09,16357,21.477102756500244
0.47,0.61,0.23,0.26,0.8,0.69,0.05,0.38,0.09,16216,21.481338024139404
0.47,0.61,0.23,0.26,0.8,0.68,0.05,0.38,0.09,16327,21.481338024139404
0.48,0.61,0.23,0.26,0.81,0.69,0.06,0.39,0.09,16130,21.485324144363403
0.47,0.6,0.23,0.26,0.8,0.68,0.06,0.38,0.09,15983,21.4893581867218
0.47,0.6,0.23,0.27,0.8,0.68,0.06,0.39,0.1,15728,21.493648767471313
0.47,0.6,0.23,0.26,0.8,0.69,0.06,0.38,0.09,15663,21.493648767471313
0.47,0.6,0.23,0.27,0.79,0.68,0.05,0.38,0.09,15938,21.49827265739441
0.47,0.6,0.24,0.28,0.8,0.68,0.06,0.39,0.1,16311,21.501336336135864
0.47,0.6,0.24,0.27,0.8,0.68,0.06,0.38,0.09,16254,21.505325078964233
0.46,0.6,0.23,0.27,0.8,0.68,0.05,0.39,0.09,15977,21.50632643699646
0.47,0.6,0.24,0.27,0.81,0.68,0.06,0.39,0.09,15848,21.509483098983765
0.47,0.6,0.24,0.27,0.8,0.67,0.05,0.38,0.09,16267,21.514102697372437
0.47,0.6,0.24,0.27,0.81,0.68,0.06,0.38,0.09,16298,21.518481969833374
0.47,0.59,0.24,0.27,0.81,0.68,0.06,0.39,0.09,16081,21.518481969833374
0.47,0.6,0.23,0.26,0.81,0.68,0.05,0.38,0.09,16298,21.52149486541748
0.47,0.6,0.24,0.27,0.81,0.68,0.05,0.39,0.09,16689,21.526163339614868
0.47,0.6,0.24,0.27,0.82,0.68,0.05,0.39,0.09,16460,21.53068256378174
0.47,0.6,0.24,0.27,0.82,0.68,0.05,0.39,0.09,16407,21.534072160720825
0.47,0.6,0.24,0.27,0.82,0.68,0.06,0.39,0.1,16336,21.535137176513672
0.47,0.59,0.24,0.27,0.82,0.68,0.06,0.39,0.09,16127,21.538161039352417
0.47,0.59,0.24,0.27,0.81,0.68,0.05,0.39,0.09,16040,21.543099880218506
0.47,0.6,0.24,0.27,0.81,0.68,0.05,0.39,0.09,16069,21.546560764312744
0.47,0.6,0.24,0.27,0.81,0.68,0.05,0.39,0.09,16172,21.547563791275024
0.47,0.6,0.24,0.26,0.81,0.68,0.05,0.39,0.09,16419,21.550567150115967
0.47,0.6,0.24,0.27,0.81,0.68,0.06,0.39,0.09,16322,21.554649829864502
0.47,0.6,0.24,0.26,0.8,0.69,0.05,0.39,0.09,16165,21.55875849723816
0.46,0.6,0.24,0.26,0.8,0.68,0.05,0.39,0.09,16194,21.559656143188477
0.46,0.6,0.24,0.26,0.8,0.68,0.05,0.39,0.09,16139,21.563529014587402
0.46,0.61,0.24,0.27,0.81,0.69,0.05,0.39,0.09,15904,21.567641496658325
0.47,0.6,0.24,0.26,0.81,0.69,0.06,0.39,0.1,16419,21.57165265083313
0.47,0.59,0.24,0.26,0.81,0.68,0.06,0.39,0.1,16406,21.57165265083313
0.47,0.6,0.24,0.26,0.81,0.69,0.06,0.39,0.1,16201,21.57500958442688
0.47,0.6,0.24,0.26,0.81,0.69,0.06,0.39,0.09,15978,21.57987117767334
0.46,0.6,0.23,0.26,0.82,0.69,0.06,0.4,0.09,16315,21.584124326705933
0.47,0.6,0.24,0.26,0.82,0.69,0.05,0.39,0.09,16414,21.584124326705933
0.47,0.6,0.24,0.26,0.82,0.69,0.05,0.38,0.09,16065,21.58726191520691
0.46,0.6,0.24,0.26,0.82,0.69,0.05,0.39,0.09,16020,21.59113621711731
0.46,0.6,0.24,0.27,0.82,0.69,0.05,0.39,0.09,16071,21.595993280410767
0.47,0.59,0.24,0.27,0.81,0.69,0.06,0.38,0.1,15988,21.599980115890503
0.46,0.6,0.24,0.26,0.81,0.69,0.06,0.39,0.1,15955,21.599980115890503
0.46,0.6,0.25,0.27,0.81,0.69,0.05,0.39,0.1,15408,21.604746103286743
0.47,0.59,0.25,0.26,0.81,0.69,0.05,0.38,0.1,15749,21.608238458633423
0.45,0.59,0.24,0.27,0.81,0.69,0.05,0.39,0.09,16062,21.61169743537903
0.45,0.6,0.25,0.25,0.82,0.69,0.05,0.38,0.09,16399,21.6127028465271
0.45,0.6,0.25,0.25,0.81,0.69,0.05,0.38,0.09,16238,21.616259813308716
0.45,0.59,0.25,0.26,0.82,0.69,0.05,0.38,0.09,16501,21.62055253982544
0.45,0.59,0.25,0.27,0.81,0.68,0.05,0.38,0.09,16256,21.62359070777893
0.45,0.59,0.25,0.26,0.81,0.68,0.05,0.38,0.1,15905,21.6246497631073
0.45,0.59,0.25,0.27,0.81,0.68,0.05,0.38,0.1,16112,21.62864923477173
0.45,0.6,0.25,0.27,0.81,0.69,0.05,0.38,0.1,16169,21.633042335510254
0.44,0.59,0.25,0.27,0.81,0.69,0.05,0.37,0.1,16024,21.636529684066772
0.45,0.59,0.25,0.26,0.81,0.69,0.05,0.37,0.1,16059,21.637600421905518
0.45,0.59,0.25,0.27,0.82,0.69,0.05,0.37,0.1,15970,21.641624450683594
0.46,0.59,0.25,0.27,0.81,0.69,0.06,0.35,0.1,15703,21.643962860107422
0.46,0.58,0.25,0.27,0.83,0.69,0.05,0.37,0.1,16380,21.649502515792847
0.47,0.58,0.25,0.27,0.82,0.69,0.05,0.36,0.09,16907,21.649502515792847
0.46,0.58,0.25,0.27,0.82,0.69,0.05,0.37,0.09,16336,21.65288233757019
0.47,0.58,0.25,0.28,0.82,0.69,0.05,0.37,0.09,16115,21.65725588798523
0.47,0.6,0.25,0.27,0.82,0.69,0.05,0.37,0.09,16370,21.661255836486816
0.47,0.59,0.25,0.27,0.82,0.69,0.05,0.38,0.1,16081,21.664534091949463
0.47,0.59,0.24,0.27,0.82,0.69,0.05,0.37,0.09,15632,21.665256023406982
0.47,0.6,0.25,0.27,0.82,0.69,0.05,0.38,0.09,15967,21.66925597190857
0.47,0.59,0.25,0.27,0.82,0.7,0.06,0.38,0.09,16166,21.674586057662964
0.48,0.59,0.25,0.27,0.82,0.69,0.05,0.38,0.09,16157,21.67670512199402
0.48,0.59,0.25,0.27,0.82,0.69,0.06,0.38,0.09,16204,21.67771601676941
0.48,0.59,0.25,0.27,0.83,0.69,0.05,0.37,0.09,16205,21.681759119033813
0.48,0.58,0.25,0.27,0.82,0.69,0.06,0.37,0.09,16084,21.685854196548462
0.48,0.58,0.25,0.27,0.82,0.69,0.05,0.37,0.09,16205,21.689767360687256
0.48,0.59,0.25,0.27,0.82,0.69,0.05,0.38,0.09,15824,21.690818071365356
0.48,0.59,0.25,0.27,0.82,0.69,0.05,0.38,0.09,15915,21.693142652511597
0.47,0.58,0.25,0.27,0.82,0.69,0.05,0.38,0.09,16264,21.69835329055786
0.47,0.58,0.25,0.27,0.82,0.69,0.05,0.37,0.09,16201,21.7021803855896
0.47,0.58,0.25,0.27,0.82,0.69,0.06,0.37,0.09,16220,21.7021803855896
0.47,0.58,0.25,0.27,0.83,0.69,0.06,0.38,0.09,16229,21.706180810928345
0.47,0.59,0.24,0.27,0.82,0.69,0.06,0.37,0.09,16206,21.710598707199097
0.48,0.58,0.25,0.27,0.82,0.69,0.05,0.37,0.09,16269,21.714330196380615
0.49,0.59,0.25,0.28,0.82,0.69,0.05,0.37,0.1,16708,21.714330196380615
0.48,0.59,0.25,0.27,0.82,0.69,0.05,0.37,0.09,16523,21.719421863555908
0.48,0.59,0.25,0.27,0.82,0.69,0.05,0.37,0.09,15926,21.72342276573181
0.47,0.6,0.25,0.27,0.82,0.69,0.05,0.37,0.1,16499,21.726536750793457
0.47,0.58,0.25,0.27,0.82,0.69,0.05,0.38,0.1,16274,21.726536750793457
0.47,0.59,0.25,0.27,0.81,0.69,0.05,0.37,0.1,16117,21.73084306716919
0.47,0.59,0.25,0.27,0.81,0.69,0.05,0.37,0.1,16124,21.734960556030273
0.47,0.58,0.25,0.27,0.82,0.69,0.05,0.37,0.09,16121,21.7400004863739
0.47,0.59,0.25,0.27,0.82,0.69,0.05,0.37,0.1,15926,21.742979764938354
0.47,0.59,0.25,0.27,0.81,0.69,0.05,0.37,0.09,16077,21.742979764938354
0.46,0.58,0.25,0.27,0.82,0.69,0.05,0.37,0.09,16062,21.74788808822632
0.47,0.58,0.25,0.27,0.82,0.69,0.05,0.37,0.09,16129,21.751887798309326
0.47,0.58,0.25,0.26,0.82,0.69,0.05,0.37,0.09,15604,21.755383729934692
0.47,0.58,0.25,0.27,0.82,0.7,0.05,0.38,0.1,15665,21.75646662712097
0.47,0.58,0.25,0.27,0.82,0.69,0.06,0.38,0.09,15804,21.759844303131104
0.47,0.59,0.25,0.27,0.82,0.69,0.05,0.38,0.09,16037,21.7638680934906
0.47,0.59,0.25,0.27,0.82,0.7,0.05,0.37,0.09,16080,21.76711940765381
0.47,0.58,0.25,0.26,0.81,0.7,0.05,0.37,0.09,16055,21.767922401428223
0.48,0.59,0.25,0.27,0.82,0.7,0.06,0.37,0.09,16660,21.771998405456543
0.47,0.59,0.25,0.27,0.82,0.69,0.05,0.38,0.09,16619,21.77598738670349
0.47,0.59,0.25,0.27,0.82,0.7,0.05,0.38,0.09,16582,21.779898405075073
0.47,0.59,0.25,0.27,0.82,0.7,0.05,0.38,0.09,16225,21.779898405075073
0.47,0.59,0.25,0.27,0.82,0.69,0.05,0.38,0.09,16322,21.783719301223755
0.47,0.58,0.25,0.27,0.83,0.7,0.05,0.38,0.09,16201,21.789197206497192
0.47,0.58,0.24,0.27,0.82,0.7,0.05,0.38,0.09,16308,21.792168378829956
0.47,0.58,0.24,0.27,0.82,0.7,0.05,0.38,0.09,16205,21.79317355155945
0.47,0.59,0.24,0.26,0.82,0.7,0.05,0.38,0.09,16454,21.796167612075806
0.47,0.57,0.24,0.27,0.83,0.7,0.05,0.38,0.1,16193,21.80119776725769
0.49,0.58,0.25,0.27,0.83,0.7,0.06,0.38,0.1,16268,21.804197549819946
0.49,0.57,0.25,0.27,0.82,0.7,0.05,0.39,0.09,16399,21.808509826660156
0.49,0.57,0.24,0.27,0.82,0.7,0.05,0.39,0.09,16072,21.80958604812622
0.49,0.57,0.24,0.27,0.82,0.7,0.05,0.39,0.09,15975,21.812583923339844
0.49,0.58,0.25,0.27,0.82,0.7,0.05,0.38,0.09,15946,21.817025661468506
0.49,0.58,0.25,0.27,0.83,0.7,0.05,0.38,0.1,15883,21.820159912109375
0.48,0.58,0.25,0.27,0.83,0.7,0.05,0.39,0.09,15648,21.821213006973267
0.48,0.59,0.24,0.27,0.82,0.7,0.05,0.39,0.09,15975,21.824899435043335
0.47,0.59,0.24,0.27,0.82,0.7,0.05,0.39,0.09,16234,21.828938722610474
0.47,0.59,0.25,0.28,0.83,0.7,0.05,0.36,0.1,16445,21.83329439163208
0.48,0.59,0.25,0.27,0.82,0.7,0.05,0.38,0.09,16178,21.83412218093872
0.48,0.59,0.24,0.27,0.83,0.7,0.06,0.39,0.09,15779,21.838189601898193
0.49,0.59,0.25,0.27,0.83,0.7,0.05,0.39,0.09,16014,21.842252492904663
0.49,0.59,0.25,0.27,0.83,0.7,0.05,0.39,0.09,16403,21.844719648361206
0.49,0.59,0.24,0.27,0.83,0.7,0.05,0.39,0.09,16420,21.844719648361206
0.49,0.6,0.25,0.27,0.83,0.71,0.05,0.39,0.09,16531,21.849273681640625
0.49,0.6,0.25,0.27,0.83,0.7,0.05,0.39,0.09,16206,21.85431432723999
0.49,0.6,0.24,0.27,0.83,0.7,0.05,0.39,0.09,16425,21.8575439453125
0.5,0.6,0.24,0.27,0.83,0.7,0.05,0.4,0.09,16468,21.858633756637573
0.49,0.6,0.25,0.27,0.83,0.7,0.05,0.39,0.09,16057,21.862178087234497
0.48,0.6,0.25,0.27,0.82,0.71,0.06,0.39,0.09,15864,21.86654782295227
0.48,0.6,0.25,0.27,0.82,0.7,0.05,0.39,0.09,16163,21.870511054992676
0.49,0.61,0.25,0.28,0.83,0.7,0.05,0.39,0.09,16328,21.87154769897461
0.48,0.6,0.25,0.27,0.83,0.7,0.05,0.39,0.09,16021,21.87403178215027
0.49,0.6,0.24,0.28,0.83,0.7,0.05,0.4,0.09,15706,21.87750220298767
0.49,0.59,0.25,0.28,0.83,0.7,0.05,0.39,0.09,16063,21.882592916488647
0.49,0.58,0.25,0.27,0.83,0.7,0.05,0.39,0.09,16552,21.88546061515808
0.49,0.58,0.25,0.28,0.83,0.7,0.05,0.4,0.09,16321,21.886465787887573
0.49,0.58,0.25,0.27,0.83,0.71,0.05,0.4,0.1,16364,21.89047336578369
0.49,0.58,0.25,0.27,0.83,0.71,0.05,0.4,0.1,16285,21.894477367401123
0.49,0.59,0.25,0.27,0.83,0.7,0.05,0.39,0.1,16202,21.898470401763916
0.49,0.58,0.25,0.27,0.83,0.7,0.05,0.39,0.09,16335,21.898470401763916
0.49,0.59,0.25,0.27,0.83,0.7,0.05,0.39,0.1,16300,21.90246891975403
0.48,0.58,0.25,0.28,0.83,0.7,0.05,0.39,0.09,16211,21.90659236907959
0.48,0.58,0.25,0.27,0.83,0.7,0.05,0.39,0.09,15702,21.910590410232544
0.49,0.58,0.25,0.28,0.83,0.7,0.05,0.39,0.1,16195,21.910590410232544
0.49,0.58,0.25,0.28,0.83,0.7,0.05,0.39,0.09,16146,21.91458010673523
0.48,0.58,0.24,0.28,0.83,0.7,0.05,0.39,0.09,15893,21.918578147888184
0.49,0.58,0.25,0.28,0.83,0.7,0.05,0.39,0.09,16222,21.922577619552612
0.48,0.59,0.25,0.28,0.83,0.7,0.05,0.39,0.09,16353,21.92358922958374
0.48,0.58,0.25,0.28,0.83,0.71,0.05,0.39,0.09,16102,21.926591873168945
0.48,0.58,0.25,0.28,0.83,0.7,0.05,0.39,0.1,15581,21.93159556388855
0.49,0.58,0.25,0.27,0.83,0.7,0.06,0.4,0.09,15566,21.935601234436035
0.48,0.58,0.25,0.28,0.83,0.7,0.05,0.4,0.09,16093,21.935601234436035
0.47,0.58,0.25,0.28,0.83,0.7,0.05,0.4,0.1,16454,21.939597368240356
0.48,0.59,0.25,0.28,0.83,0.71,0.05,0.4,0.1,16211,21.94359588623047
0.47,0.59,0.25,0.28,0.83,0.7,0.05,0.4,0.09,16552,21.94720196723938
0.47,0.59,0.25,0.28,0.83,0.7,0.06,0.4,0.09,16307,21.951276540756226
0.48,0.58,0.25,0.28,0.83,0.7,0.05,0.4,0.09,16188,21.951276540756226
0.49,0.59,0.25,0.28,0.83,0.7,0.05,0.39,0.09,15843,21.955308198928833
0.48,0.59,0.25,0.27,0.84,0.71,0.05,0.39,0.09,15848,21.96028470993042
0.48,0.59,0.25,0.28,0.83,0.7,0.05,0.4,0.1,16171,21.963376998901367
0.49,0.59,0.25,0.28,0.83,0.7,0.05,0.4,0.09,16376,21.96437120437622
0.48,0.59,0.25,0.28,0.83,0.7,0.05,0.4,0.09,16087,21.968374967575073
0.49,0.59,0.25,0.28,0.84,0.71,0.05,0.39,0.09,15998,21.972373247146606
0.49,0.59,0.24,0.28,0.83,0.71,0.06,0.39,0.09,15827,21.976378917694092
0.49,0.59,0.25,0.28,0.83,0.7,0.05,0.39,0.09,15944,21.976378917694092
0.49,0.59,0.25,0.28,0.83,0.71,0.05,0.39,0.09,16289,21.98038387298584
0.49,0.59,0.25,0.28,0.83,0.71,0.05,0.39,0.09,16064,21.984387159347534
0.49,0.59,0.25,0.28,0.83,0.7,0.05,0.39,0.09,16171,21.988444805145264
0.49,0.59,0.25,0.27,0.83,0.7,0.05,0.39,0.09,16420,21.988444805145264
0.49,0.59,0.25,0.28,0.83,0.71,0.06,0.39,0.09,16147,21.99246597290039
0.5,0.6,0.25,0.28,0.83,0.71,0.05,0.4,0.09,15824,21.996729850769043
0.5,0.6,0.25,0.28,0.83,0.7,0.06,0.39,0.1,16455,22.000927686691284
0.49,0.59,0.25,0.28,0.83,0.71,0.05,0.39,0.09,16362,22.000927686691284
0.48,0.59,0.25,0.28,0.83,0.7,0.05,0.39,0.09,16319,22.0050265789032
0.49,0.59,0.25,0.28,0.83,0.7,0.05,0.39,0.09,16172,22.010037422180176
0.49,0.59,0.25,0.29,0.84,0.7,0.06,0.39,0.09,15773,22.013283491134644
0.48,0.6,0.25,0.28,0.83,0.7,0.06,0.39,0.09,16040,22.014013528823853
0.48,0.59,0.24,0.28,0.83,0.7,0.05,0.4,0.09,16319,22.017130136489868
0.47,0.59,0.25,0.28,0.83,0.71,0.05,0.39,0.09,16192,22.021135330200195
0.47,0.59,0.25,0.28,0.83,0.71,0.05,0.41,0.09,16047,22.026148557662964
0.48,0.59,0.25,0.28,0.83,0.72,0.05,0.41,0.09,16218,22.029160737991333
0.48,0.6,0.25,0.29,0.84,0.72,0.05,0.41,0.09,16087,22.030317783355713
0.48,0.59,0.25,0.29,0.84,0.71,0.05,0.4,0.09,16044,22.033533811569214
0.48,0.6,0.25,0.28,0.83,0.72,0.05,0.4,0.09,16021,22.037452459335327
0.48,0.59,0.25,0.29,0.83,0.71,0.05,0.41,0.09,16094,22.042001008987427
0.48,0.6,0.25,0.28,0.83,0.71,0.05,0.41,0.09,16337,22.042869329452515
0.48,0.59,0.25,0.28,0.83,0.71,0.05,0.41,0.09,16152,22.04657483100891
0.49,0.59,0.25,0.28,0.83,0.72,0.05,0.41,0.09,15933,22.050604820251465
0.49,0.6,0.25,0.28,0.83,0.71,0.05,0.41,0.09,16042,22.05481505393982
0.48,0.6,0.25,0.28,0.83,0.72,0.05,0.41,0.09,16567,22.05481505393982
0.49,0.59,0.25,0.28,0.84,0.72,0.06,0.41,0.09,16534,22.058077812194824
0.49,0.6,0.25,0.28,0.84,0.72,0.05,0.4,0.09,16517,22.06348991394043
0.48,0.6,0.25,0.28,0.84,0.71,0.05,0.4,0.1,16088,22.06646704673767
0.47,0.59,0.25,0.28,0.83,0.72,0.05,0.4,0.1,16179,22.067466020584106
0.49,0.59,0.25,0.28,0.83,0.72,0.05,0.4,0.1,16556,22.071378707885742
0.48,0.6,0.26,0.28,0.83,0.72,0.05,0.39,0.09,16433,22.074809551239014
0.48,0.59,0.25,0.28,0.83,0.72,0.05,0.39,0.1,15812,22.0793399810791
0.49,0.6,0.26,0.28,0.83,0.72,0.05,0.39,0.09,15905,22.0793399810791
0.48,0.59,0.26,0.29,0.83,0.72,0.05,0.39,0.1,16422,22.082905769348145
0.49,0.59,0.26,0.28,0.83,0.72,0.05,0.39,0.1,16425,22.087388038635254
0.49,0.59,0.26,0.28,0.83,0.72,0.05,0.4,0.1,16208,22.092035055160522
0.48,0.58,0.26,0.28,0.83,0.72,0.05,0.4,0.1,16131,22.09500503540039
0.49,0.58,0.26,0.28,0.83,0.72,0.05,0.4,0.1,16322,22.09500503540039
0.49,0.58,0.26,0.28,0.83,0.72,0.05,0.39,0.1,16519,22.09899926185608
0.49,0.58,0.26,0.28,0.83,0.72,0.05,0.38,0.09,16334,22.104012727737427
0.49,0.58,0.26,0.28,0.83,0.72,0.05,0.39,0.1,15985,22.107049465179443
0.49,0.58,0.26,0.29,0.83,0.72,0.05,0.39,0.1,16024,22.10803723335266
0.49,0.58,0.26,0.28,0.83,0.72,0.06,0.38,0.1,16025,22.112029552459717
0.49,0.58,0.25,0.28,0.84,0.72,0.05,0.38,0.1,15930,22.116153955459595
0.5,0.59,0.26,0.28,0.83,0.72,0.05,0.4,0.1,16265,22.119245529174805
0.49,0.59,0.25,0.28,0.84,0.72,0.05,0.4,0.09,16248,22.120304107666016
0.5,0.58,0.25,0.28,0.83,0.72,0.05,0.4,0.09,16185,22.12390446662903
0.5,0.58,0.25,0.28,0.84,0.72,0.05,0.4,0.09,16500,22.128952980041504
0.5,0.59,0.25,0.28,0.84,0.72,0.05,0.4,0.09,16239,22.132270336151123
0.49,0.59,0.25,0.28,0.83,0.72,0.05,0.4,0.09,16464,22.133296012878418
0.5,0.59,0.25,0.28,0.83,0.72,0.05,0.4,0.09,16795,22.13628053665161
0.5,0.59,0.25,0.28,0.84,0.72,0.05,0.4,0.09,16708,22.14050579071045
0.49,0.58,0.25,0.28,0.84,0.72,0.06,0.4,0.1,16403,22.144314765930176
0.5,0.58,0.25,0.28,0.84,0.72,0.05,0.4,0.09,16094,22.14482092857361
0.49,0.58,0.25,0.28,0.83,0.72,0.05,0.4,0.09,15753,22.148778676986694
0.49,0.59,0.25,0.28,0.83,0.72,0.05,0.4,0.09,16150,22.152836799621582
0.49,0.59,0.25,0.28,0.83,0.72,0.05,0.4,0.09,16433,22.156785488128662
0.5,0.59,0.25,0.28,0.84,0.72,0.06,0.41,0.09,16392,22.160175561904907
0.5,0.59,0.25,0.28,0.84,0.72,0.05,0.4,0.09,16381,22.160175561904907
0.5,0.59,0.26,0.28,0.84,0.72,0.05,0.4,0.09,16084,22.164477586746216
0.5,0.58,0.25,0.28,0.84,0.72,0.05,0.4,0.09,16117,22.169203758239746
0.5,0.59,0.26,0.28,0.84,0.72,0.05,0.4,0.1,16262,22.173206090927124
0.5,0.6,0.26,0.28,0.84,0.72,0.05,0.4,0.1,16485,22.173206090927124
0.51,0.59,0.26,0.28,0.84,0.72,0.05,0.4,0.1,16412,22.177650928497314
0.5,0.58,0.25,0.28,0.84,0.72,0.05,0.4,0.09,16651,22.181195735931396
0.5,0.58,0.26,0.28,0.84,0.71,0.05,0.4,0.1,16432,22.185362339019775
0.49,0.58,0.26,0.28,0.84,0.72,0.05,0.4,0.1,16147,22.186246156692505
0.5,0.59,0.26,0.28,0.84,0.72,0.05,0.4,0.1,16388,22.190295457839966
0.5,0.59,0.26,0.28,0.84,0.72,0.05,0.4,0.09,16305,22.193732500076294
0.5,0.59,0.26,0.28,0.84,0.72,0.05,0.4,0.09,16244,22.19740867614746
0.5,0.59,0.26,0.28,0.85,0.72,0.05,0.4,0.09,15897,22.19740867614746
0.5,0.59,0.26,0.27,0.84,0.72,0.05,0.4,0.09,15822,22.202173471450806
0.49,0.59,0.26,0.28,0.84,0.71,0.05,0.4,0.09,15993,22.206509828567505
0.5,0.59,0.26,0.28,0.84,0.72,0.05,0.4,0.09,15654,22.20972204208374
0.5,0.6,0.26,0.28,0.85,0.72,0.05,0.4,0.1,16039,22.210510730743408
0.5,0.6,0.26,0.28,0.84,0.72,0.05,0.4,0.09,16932,22.214510440826416
0.49,0.61,0.26,0.28,0.84,0.71,0.05,0.4,0.1,16585,22.21828269958496
0.5,0.6,0.26,0.28,0.84,0.71,0.05,0.4,0.1,16272,22.22239375114441
0.5,0.6,0.26,0.28,0.84,0.72,0.05,0.4,0.1,16279,22.22239375114441
0.5,0.6,0.26,0.28,0.83,0.72,0.05,0.4,0.1,16280,22.226670265197754
0.5,0.6,0.26,0.28,0.83,0.72,0.05,0.4,0.09,16059,22.23066735267639
0.5,0.61,0.27,0.28,0.84,0.72,0.05,0.4,0.09,16040,22.23431396484375
0.5,0.61,0.27,0.28,0.84,0.72,0.04,0.4,0.1,15917,22.238272666931152
0.49,0.6,0.27,0.28,0.84,0.71,0.05,0.4,0.1,16476,22.238728046417236
0.49,0.6,0.27,0.28,0.83,0.71,0.05,0.41,0.09,16341,22.24198865890503
0.5,0.61,0.27,0.28,0.84,0.71,0.05,0.41,0.1,16384,22.24664545059204
0.51,0.61,0.27,0.28,0.83,0.71,0.05,0.41,0.1,16059,22.250897645950317
0.51,0.61,0.27,0.28,0.84,0.71,0.05,0.41,0.1,15890,22.250897645950317
0.51,0.61,0.27,0.28,0.84,0.71,0.05,0.4,0.1,16503,22.254892587661743
0.5,0.61,0.27,0.28,0.84,0.71,0.05,0.41,0.1,16676,22.25908899307251
0.5,0.61,0.26,0.28,0.84,0.71,0.05,0.41,0.1,16367,22.263081312179565
0.5,0.61,0.26,0.28,0.84,0.72,0.05,0.41,0.1,16336,22.264145851135254
0.5,0.61,0.26,0.29,0.84,0.72,0.05,0.41,0.09,16195,22.267051935195923
0.5,0.61,0.26,0.28,0.85,0.72,0.05,0.41,0.1,16360,22.271254777908325
0.5,0.61,0.26,0.29,0.85,0.72,0.05,0.41,0.09,15743,22.27552366256714
0.51,0.61,0.26,0.3,0.85,0.72,0.06,0.41,0.1,16464,22.276296854019165
0.5,0.61,0.26,0.29,0.85,0.72,0.05,0.41,0.1,16767,22.27926731109619
0.51,0.61,0.26,0.29,0.84,0.73,0.05,0.4,0.1,16580,22.284296989440918
0.51,0.61,0.26,0.29,0.85,0.71,0.06,0.41,0.09,15995,22.288276195526123
0.51,0.61,0.26,0.29,0.84,0.71,0.05,0.41,0.1,15834,22.288276195526123
0.5,0.61,0.26,0.29,0.84,0.72,0.06,0.41,0.09,16207,22.29181456565857
0.51,0.61,0.26,0.29,0.85,0.72,0.05,0.41,0.09,16290,22.296682596206665
0.51,0.6,0.26,0.29,0.85,0.72,0.05,0.4,0.1,16507,22.299282789230347
0.51,0.61,0.26,0.29,0.85,0.72,0.05,0.41,0.1,16096,22.300278425216675
0.51,0.61,0.26,0.29,0.85,0.71,0.05,0.41,0.09,16455,22.304409503936768
0.5,0.6,0.26,0.29,0.85,0.72,0.06,0.41,0.09,16718,22.308414936065674
0.5,0.6,0.26,0.3,0.85,0.72,0.06,0.4,0.1,16329,22.312431812286377
0.51,0.61,0.26,0.29,0.85,0.72,0.06,0.41,0.09,16164,22.312431812286377
0.5,0.61,0.26,0.29,0.85,0.72,0.05,0.41,0.1,15625,22.317464113235474
0.51,0.61,0.26,0.3,0.85,0.72,0.05,0.4,0.1,15812,22.320446729660034
0.5,0.6,0.26,0.29,0.85,0.72,0.05,0.4,0.09,15775,22.32481837272644
0.51,0.61,0.26,0.29,0.85,0.72,0.05,0.4,0.09,15794,22.328113555908203
0.51,0.6,0.26,0.29,0.85,0.72,0.05,0.4,0.09,16143,22.328831672668457
0.5,0.59,0.26,0.29,0.86,0.72,0.05,0.4,0.09,16160,22.333496809005737
0.51,0.59,0.26,0.29,0.85,0.72,0.05,0.4,0.09,16383,22.337499380111694
0.5,0.59,0.26,0.29,0.86,0.72,0.05,0.4,0.1,16278,22.341068267822266
0.5,0.59,0.26,0.29,0.86,0.72,0.05,0.4,0.09,16063,22.341832160949707
0.5,0.59,0.26,0.29,0.85,0.71,0.05,0.39,0.09,15488,22.34482979774475
0.51,0.59,0.26,0.29,0.85,0.72,0.05,0.39,0.09,15739,22.350062370300293
0.5,0.59,0.26,0.29,0.85,0.72,0.05,0.4,0.09,16060,22.353201150894165
0.5,0.59,0.26,0.29,0.86,0.72,0.05,0.39,0.09,16395,22.354159593582153
0.49,0.59,0.26,0.29,0.85,0.72,0.06,0.39,0.09,16398,22.358159065246582
0.5,0.59,0.26,0.29,0.85,0.73,0.06,0.39,0.09,16323,22.36215901374817
0.5,0.59,0.26,0.29,0.85,0.72,0.05,0.39,0.1,16176,22.36516261100769
0.5,0.59,0.26,0.3,0.85,0.73,0.05,0.4,0.09,15685,22.366158485412598
0.49,0.59,0.26,0.29,0.85,0.73,0.06,0.39,0.09,15970,22.370673179626465
0.5,0.59,0.26,0.3,0.85,0.73,0.06,0.39,0.09,16107,22.373740911483765
0.5,0.59,0.26,0.29,0.85,0.73,0.05,0.4,0.09,16014,22.37804102897644
0.5,0.58,0.26,0.3,0.86,0.73,0.06,0.4,0.09,16145,22.37804102897644
0.49,0.59,0.26,0.29,0.85,0.73,0.05,0.39,0.1,16054,22.382106065750122
0.49,0.58,0.25,0.29,0.85,0.73,0.05,0.39,0.09,15547,22.386213064193726
0.49,0.58,0.25,0.3,0.86,0.73,0.04,0.39,0.09,15510,22.39020562171936
0.49,0.59,0.25,0.29,0.86,0.73,0.05,0.4,0.09,15685,22.39020562171936
0.5,0.59,0.25,0.29,0.86,0.73,0.05,0.4,0.09,15686,22.39445161819458
0.5,0.59,0.25,0.29,0.86,0.73,0.05,0.4,0.09,15971,22.39820647239685
0.5,0.59,0.25,0.3,0.86,0.73,0.04,0.4,0.09,16326,22.402315616607666
0.49,0.59,0.26,0.29,0.85,0.72,0.05,0.4,0.1,16459,22.403360605239868
0.5,0.58,0.26,0.29,0.85,0.73,0.05,0.38,0.1,16348,22.407566785812378
0.5,0.57,0.26,0.29,0.85,0.72,0.05,0.38,0.1,16335,22.410568952560425
0.51,0.58,0.26,0.29,0.85,0.73,0.06,0.38,0.1,16266,22.414564847946167
0.51,0.58,0.26,0.29,0.85,0.72,0.05,0.38,0.1,15941,22.418562650680542
0.5,0.59,0.25,0.29,0.85,0.73,0.05,0.38,0.09,16072,22.418562650680542
0.5,0.59,0.25,0.29,0.86,0.72,0.05,0.4,0.09,16091,22.422561168670654
0.5,0.6,0.26,0.29,0.86,0.73,0.05,0.4,0.09,16230,22.42656373977661
0.5,0.6,0.25,0.29,0.86,0.72,0.05,0.4,0.09,16399,22.430561542510986
0.5,0.6,0.25,0.29,0.85,0.72,0.05,0.4,0.09,16234,22.431561708450317
0.5,0.6,0.25,0.29,0.85,0.72,0.05,0.4,0.09,15675,22.434688091278076
0.5,0.6,0.25,0.29,0.85,0.72,0.05,0.4,0.09,15416,22.4396870136261
0.5,0.6,0.25,0.29,0.85,0.72,0.05,0.4,0.09,16063,22.443690061569214
0.5,0.6,0.25,0.28,0.85,0.73,0.05,0.4,0.09,16638,22.443690061569214
0.5,0.6,0.25,0.29,0.84,0.73,0.05,0.4,0.09,16263,22.44719123840332
0.5,0.6,0.25,0.29,0.85,0.72,0.05,0.4,0.09,16220,22.451326847076416
0.51,0.6,0.25,0.28,0.85,0.72,0.05,0.4,0.09,16253,22.455326557159424
0.51,0.6,0.25,0.28,0.85,0.72,0.05,0.4,0.09,16084,22.456329107284546
0.49,0.6,0.25,0.29,0.85,0.72,0.05,0.4,0.09,16047,22.459394693374634
0.5,0.6,0.25,0.29,0.85,0.72,0.05,0.4,0.09,16096,22.463435173034668
0.5,0.61,0.25,0.29,0.86,0.72,0.05,0.4,0.09,15867,22.468544721603394
0.5,0.6,0.25,0.29,0.85,0.72,0.06,0.41,0.09,15960,22.468544721603394
0.51,0.6,0.25,0.29,0.85,0.73,0.06,0.4,0.09,15851,22.471543788909912
0.5,0.6,0.25,0.28,0.85,0.72,0.05,0.41,0.09,16064,22.47554349899292
0.5,0.6,0.25,0.29,0.85,0.73,0.05,0.41,0.09,15881,22.48061442375183
0.51,0.6,0.25,0.28,0.85,0.72,0.05,0.41,0.09,16054,22.48363947868347
0.5,0.6,0.25,0.29,0.85,0.72,0.05,0.41,0.09,16291,22.484641790390015
0.51,0.6,0.25,0.29,0.86,0.73,0.05,0.4,0.09,15614,22.48785161972046
0.51,0.6,0.25,0.29,0.86,0.72,0.05,0.41,0.09,16043,22.492852687835693
0.51,0.6,0.25,0.29,0.85,0.72,0.05,0.41,0.09,16438,22.49685263633728
0.51,0.6,0.25,0.29,0.85,0.72,0.06,0.41,0.09,16507,22.49685263633728
0.5,0.61,0.25,0.29,0.85,0.72,0.06,0.41,0.09,16308,22.500852346420288
0.51,0.6,0.25,0.29,0.85,0.72,0.05,0.41,0.09,16485,22.50485348701477
0.51,0.6,0.25,0.29,0.85,0.72,0.06,0.41,0.09,16490,22.508852243423462
0.52,0.61,0.25,0.29,0.85,0.72,0.05,0.41,0.09,16073,22.508852243423462
0.51,0.61,0.25,0.29,0.85,0.72,0.05,0.4,0.09,15896,22.512852430343628
0.5,0.6,0.25,0.29,0.84,0.72,0.06,0.41,0.09,16201,22.5168514251709
0.51,0.61,0.25,0.29,0.84,0.73,0.05,0.41,0.09,16178,22.520853281021118
0.51,0.61,0.25,0.29,0.85,0.73,0.05,0.4,0.1,16517,22.52191472053528
0.51,0.61,0.25,0.28,0.85,0.72,0.05,0.4,0.09,16406,22.52495050430298
0.51,0.61,0.26,0.29,0.85,0.72,0.05,0.4,0.1,16401,22.52995491027832
0.51,0.61,0.25,0.28,0.84,0.72,0.05,0.4,0.09,16578,22.533228635787964
0.51,0.61,0.25,0.28,0.84,0.72,0.05,0.4,0.09,16601,22.534230709075928
0.5,0.61,0.25,0.28,0.84,0.72,0.06,0.4,0.09,16530,22.537426948547363
0.5,0.61,0.25,0.29,0.84,0.72,0.05,0.4,0.09,16161,22.541429042816162
0.5,0.61,0.25,0.29,0.85,0.73,0.05,0.4,0.09,15896,22.545427560806274
0.49,0.61,0.25,0.29,0.85,0.72,0.06,0.4,0.09,16191,22.54642963409424
0.5,0.61,0.25,0.29,0.85,0.73,0.05,0.4,0.09,15804,22.550018548965454
0.5,0.6,0.25,0.29,0.85,0.73,0.06,0.4,0.09,15753,22.55401611328125
0.5,0.61,0.24,0.28,0.85,0.73,0.05,0.4,0.09,16378,22.558017015457153
0.51,0.6,0.25,0.28,0.85,0.73,0.06,0.4,0.09,16299,22.56201958656311
0.5,0.6,0.25,0.28,0.85,0.73,0.05,0.4,0.09,16204,22.56201958656311
0.5,0.61,0.25,0.29,0.85,0.73,0.06,0.4,0.09,16113,22.566141605377197
0.5,0.61,0.24,0.29,0.85,0.73,0.07,0.4,0.09,16230,22.570255279541016
0.51,0.6,0.24,0.29,0.85,0.72,0.06,0.4,0.09,15925,22.57429337501526
0.5,0.61,0.25,0.29,0.85,0.73,0.05,0.41,0.09,16160,22.575295448303223
0.5,0.6,0.25,0.29,0.86,0.73,0.06,0.41,0.09,16209,22.578293323516846
0.5,0.6,0.25,0.29,0.85,0.72,0.06,0.41,0.09,16134,22.582618236541748
0.51,0.61,0.25,0.29,0.85,0.72,0.06,0.41,0.09,16297,22.586771249771118
0.51,0.6,0.25,0.29,0.86,0.72,0.06,0.41,0.09,16130,22.58777117729187
0.51,0.6,0.25,0.29,0.85,0.72,0.06,0.41,0.09,16045,22.590776443481445
0.51,0.61,0.25,0.29,0.85,0.72,0.06,0.41,0.09,16456,22.59476900100708
0.51,0.61,0.25,0.29,0.85,0.71,0.06,0.41,0.09,16371,22.598907232284546
0.51,0.6,0.26,0.29,0.86,0.73,0.05,0.41,0.09,16098,22.598907232284546
0.51,0.61,0.25,0.29,0.85,0.71,0.06,0.41,0.09,16321,22.602907180786133
0.51,0.61,0.25,0.29,0.86,0.72,0.06,0.41,0.09,15896,22.60690712928772
0.51,0.6,0.25,0.29,0.85,0.72,0.05,0.41,0.09,16039,22.611908435821533
0.5,0.61,0.25,0.29,0.85,0.72,0.05,0.41,0.09,16978,22.611908435821533
0.5,0.61,0.25,0.29,0.86,0.73,0.06,0.41,0.09,16451,22.615126609802246
0.51,0.61,0.25,0.29,0.85,0.72,0.06,0.41,0.09,15986,22.619120121002197
0.51,0.61,0.24,0.29,0.86,0.72,0.06,0.42,0.09,16057,22.62412190437317
0.51,0.61,0.25,0.29,0.85,0.72,0.05,0.41,0.09,16352,22.62712001800537
0.51,0.6,0.25,0.29,0.85,0.72,0.05,0.42,0.09,16697,22.62812304496765
0.5,0.61,0.25,0.29,0.85,0.72,0.06,0.42,0.09,16812,22.631399154663086
0.5,0.61,0.24,0.29,0.85,0.72,0.06,0.41,0.09,16399,22.635612964630127
0.51,0.61,0.25,0.29,0.85,0.73,0.05,0.41,0.09,16338,22.639660596847534
0.5,0.61,0.25,0.29,0.85,0.72,0.06,0.41,0.09,16603,22.639660596847534
0.49,0.61,0.24,0.3,0.85,0.72,0.06,0.41,0.09,16586,22.6436607837677
0.5,0.61,0.25,0.29,0.85,0.72,0.05,0.42,0.09,16201,22.64743947982788
0.51,0.61,0.25,0.29,0.86,0.72,0.06,0.42,0.09,16396,22.65144944190979
0.5,0.61,0.25,0.29,0.85,0.72,0.06,0.42,0.09,16515,22.65252375602722
0.5,0.61,0.25,0.29,0.85,0.72,0.06,0.41,0.09,16062,22.656553268432617
0.51,0.62,0.25,0.29,0.85,0.72,0.06,0.41,0.09,16045,22.660553455352783
0.5,0.62,0.25,0.3,0.86,0.73,0.06,0.41,0.09,15838,22.66455364227295
0.51,0.61,0.25,0.29,0.85,0.72,0.06,0.42,0.09,15703,22.66455364227295
0.5,0.61,0.25,0.29,0.85,0.73,0.05,0.42,0.09,15656,22.668627977371216
0.5,0.61,0.25,0.3,0.85,0.72,0.05,0.42,0.09,15691,22.672666311264038
0.5,0.61,0.25,0.29,0.85,0.72,0.06,0.42,0.09,15988,22.67666506767273
0.5,0.61,0.25,0.29,0.85,0.72,0.06,0.41,0.09,16091,22.677663326263428
0.5,0.61,0.25,0.29,0.85,0.73,0.06,0.42,0.09,15946,22.680665016174316
0.5,0.61,0.25,0.29,0.86,0.72,0.06,0.42,0.09,15833,22.684664964675903
0.5,0.61,0.25,0.3,0.85,0.72,0.06,0.42,0.09,16174,22.68975281715393
0.5,0.6,0.26,0.3,0.86,0.73,0.05,0.41,0.1,16423,22.69275164604187
0.5,0.61,0.26,0.29,0.85,0.72,0.06,0.42,0.09,16468,22.69275164604187
0.51,0.61,0.26,0.3,0.85,0.72,0.06,0.42,0.09,16135,22.696751594543457
0.5,0.61,0.26,0.29,0.86,0.72,0.06,0.42,0.1,15794,22.701886415481567
0.5,0.6,0.26,0.3,0.85,0.72,0.06,0.41,0.1,15343,22.704883813858032
0.51,0.61,0.26,0.3,0.85,0.73,0.06,0.42,0.09,15620,22.705892086029053
0.5,0.6,0.26,0.29,0.85,0.73,0.07,0.42,0.1,15811,22.708992958068848
0.51,0.61,0.26,0.29,0.86,0.73,0.05,0.42,0.09,16432,22.71399188041687
0.5,0.61,0.26,0.3,0.86,0.72,0.06,0.42,0.09,16719,22.71711778640747
0.51,0.61,0.26,0.3,0.86,0.73,0.05,0.42,0.09,16222,22.71711778640747
0.5,0.61,0.25,0.3,0.86,0.72,0.06,0.42,0.09,16121,22.72111749649048
0.51,0.6,0.26,0.3,0.86,0.73,0.06,0.42,0.09,16196,22.726198434829712
0.51,0.6,0.26,0.3,0.86,0.73,0.06,0.42,0.09,16069,22.730198621749878
0.51,0.6,0.26,0.29,0.86,0.72,0.06,0.42,0.1,16238,22.730198621749878
0.5,0.6,0.26,0.3,0.85,0.73,0.06,0.42,0.09,15939,22.734204530715942
0.51,0.6,0.26,0.3,0.86,0.73,0.06,0.42,0.09,15920,22.738200664520264
0.51,0.6,0.26,0.3,0.86,0.73,0.05,0.41,0.1,16093,22.742320775985718
0.51,0.61,0.26,0.3,0.85,0.73,0.06,0.41,0.1,16068,22.742320775985718
0.51,0.6,0.26,0.3,0.85,0.73,0.06,0.41,0.1,15939,22.7463219165802
0.51,0.61,0.26,0.3,0.86,0.73,0.06,0.41,0.1,15816,22.75083613395691
0.52,0.6,0.26,0.3,0.86,0.73,0.05,0.41,0.1,16185,22.754836082458496
0.52,0.6,0.26,0.3,0.85,0.73,0.05,0.41,0.1,15940,22.754836082458496
0.51,0.6,0.26,0.3,0.85,0.73,0.06,0.41,0.1,15645,22.75883674621582
0.51,0.6,0.26,0.29,0.85,0.73,0.05,0.41,0.1,16034,22.763095140457153
0.51,0.6,0.26,0.3,0.85,0.73,0.05,0.41,0.1,16407,22.767093181610107
0.52,0.61,0.26,0.29,0.85,0.73,0.06,0.42,0.1,16496,22.77041983604431
0.51,0.61,0.26,0.3,0.85,0.73,0.05,0.41,0.1,16289,22.77041983604431
0.51,0.61,0.26,0.3,0.85,0.73,0.05,0.42,0.1,16584,22.775432348251343
0.51,0.61,0.26,0.3,0.85,0.73,0.05,0.42,0.1,16407,22.779431343078613
0.51,0.61,0.26,0.3,0.85,0.73,0.05,0.42,0.1,16146,22.782505989074707
0.51,0.61,0.26,0.3,0.85,0.73,0.06,0.41,0.1,16319,22.783519744873047
0.51,0.6,0.26,0.3,0.85,0.73,0.05,0.42,0.1,16200,22.787585735321045
0.51,0.6,0.26,0.3,0.85,0.73,0.05,0.41,0.1,16155,22.791625261306763
0.51,0.6,0.26,0.3,0.85,0.73,0.05,0.41,0.1,16406,22.79562497138977
0.51,0.6,0.26,0.3,0.86,0.73,0.05,0.41,0.1,16297,22.79562497138977
0.5,0.6,0.26,0.3,0.85,0.73,0.05,0.41,0.1,16028,22.799625396728516
0.51,0.6,0.26,0.3,0.86,0.73,0.05,0.41,0.1,16177,22.803698778152466
0.52,0.6,0.26,0.3,0.86,0.73,0.05,0.42,0.1,16214,22.80770206451416
0.51,0.6,0.26,0.29,0.86,0.73,0.05,0.41,0.11,15873,22.80770206451416
0.52,0.6,0.26,0.3,0.86,0.73,0.05,0.41,0.1,15948,22.81170392036438
0.52,0.6,0.26,0.3,0.86,0.73,0.05,0.42,0.1,16045,22.815701961517334
0.52,0.6,0.26,0.3,0.86,0.73,0.05,0.42,0.1,16106,22.819836139678955
0.52,0.6,0.26,0.3,0.86,0.73,0.06,0.41,0.1,16073,22.819836139678955
0.51,0.6,0.26,0.3,0.86,0.73,0.05,0.42,0.1,16260,22.823863744735718
0.51,0.6,0.26,0.3,0.85,0.73,0.05,0.41,0.1,16313,22.827863693237305
0.51,0.59,0.26,0.3,0.85,0.73,0.05,0.42,0.1,16278,22.832876443862915
0.52,0.6,0.26,0.3,0.85,0.73,0.05,0.42,0.1,15817,22.836121320724487
0.52,0.6,0.26,0.3,0.85,0.73,0.05,0.42,0.1,15938,22.836121320724487
0.52,0.6,0.26,0.3,0.85,0.73,0.05,0.42,0.1,16249,22.84012198448181
0.52,0.59,0.26,0.3,0.85,0.73,0.05,0.42,0.1,16292,22.845123291015625
0.52,0.59,0.26,0.3,0.85,0.73,0.05,0.42,0.1,16173,22.848647356033325
0.51,0.59,0.26,0.3,0.86,0.73,0.05,0.42,0.1,16072,22.848647356033325
0.52,0.59,0.27,0.3,0.85,0.73,0.05,0.42,0.1,16253,22.85263967514038
0.51,0.58,0.27,0.3,0.86,0.73,0.05,0.42,0.1,16194,22.85663914680481
0.52,0.58,0.26,0.3,0.85,0.73,0.05,0.42,0.1,16349,22.860867023468018
0.52,0.58,0.26,0.3,0.85,0.73,0.05,0.42,0.1,16454,22.860867023468018
0.52,0.58,0.26,0.29,0.85,0.73,0.05,0.42,0.1,16349,22.864866971969604
0.52,0.58,0.26,0.3,0.85,0.73,0.05,0.42,0.1,16024,22.868866682052612
0.52,0.58,0.26,0.3,0.85,0.73,0.06,0.42,0.1,15955,22.872867107391357
0.52,0.58,0.26,0.3,0.85,0.73,0.05,0.42,0.1,16110,22.873868703842163
0.52,0.58,0.27,0.3,0.86,0.73,0.05,0.42,0.1,16095,22.878119468688965
0.52,0.58,0.27,0.3,0.86,0.73,0.05,0.42,0.1,15764,22.881107091903687
0.52,0.59,0.27,0.29,0.86,0.73,0.05,0.42,0.1,16291,22.885215282440186
0.52,0.58,0.27,0.29,0.86,0.73,0.05,0.42,0.1,16724,22.88621735572815
0.52,0.59,0.27,0.29,0.86,0.73,0.05,0.42,0.1,16433,22.890217781066895
0.52,0.58,0.26,0.29,0.86,0.73,0.05,0.42,0.1,16370,22.894217014312744
0.52,0.58,0.26,0.29,0.86,0.73,0.06,0.42,0.1,16881,22.89829421043396
0.52,0.58,0.26,0.29,0.86,0.73,0.05,0.42,0.1,16054,22.89829421043396
0.52,0.59,0.26,0.29,0.86,0.72,0.06,0.42,0.1,15815,22.90233039855957
0.52,0.59,0.26,0.29,0.86,0.73,0.05,0.42,0.1,16268,22.906330585479736
0.52,0.59,0.26,0.29,0.86,0.73,0.05,0.42,0.1,15785,22.91051435470581
0.52,0.59,0.26,0.29,0.86,0.73,0.05,0.42,0.1,15992,22.913514852523804
0.52,0.58,0.26,0.29,0.86,0.73,0.05,0.42,0.1,16379,22.914517164230347
0.52,0.58,0.26,0.29,0.86,0.73,0.05,0.42,0.09,16392,22.918515920639038
0.51,0.58,0.26,0.29,0.86,0.73,0.05,0.41,0.1,15793,22.92251467704773
0.52,0.59,0.26,0.29,0.85,0.73,0.05,0.42,0.1,15808,22.926650285720825
0.52,0.58,0.26,0.29,0.85,0.73,0.06,0.42,0.1,15663,22.926650285720825
0.52,0.58,0.26,0.29,0.86,0.73,0.05,0.41,0.1,16364,22.930649757385254
0.52,0.58,0.26,0.3,0.85,0.73,0.05,0.42,0.09,16473,22.93465757369995
0.52,0.58,0.26,0.29,0.86,0.73,0.05,0.41,0.1,15896,22.938657760620117
0.52,0.58,0.26,0.29,0.86,0.73,0.05,0.41,0.1,15847,22.939661502838135
0.51,0.58,0.26,0.29,0.86,0.73,0.05,0.41,0.1,15934,22.942657709121704
0.52,0.59,0.26,0.29,0.85,0.73,0.05,0.41,0.1,16351,22.946961641311646
0.52,0.58,0.26,0.29,0.85,0.73,0.05,0.41,0.1,16442,22.95048236846924
0.52,0.59,0.26,0.29,0.85,0.73,0.05,0.41,0.1,15857,22.951477766036987
0.52,0.58,0.26,0.29,0.86,0.74,0.05,0.41,0.1,16352,22.954569101333618
0.52,0.59,0.26,0.29,0.85,0.74,0.05,0.41,0.1,16469,22.959568738937378
0.51,0.59,0.26,0.29,0.86,0.73,0.05,0.42,0.09,16094,22.96366834640503
0.51,0.59,0.26,0.28,0.85,0.73,0.05,0.42,0.09,16145,22.96366834640503
0.51,0.58,0.26,0.3,0.86,0.74,0.05,0.42,0.09,16700,22.967668771743774
0.51,0.58,0.26,0.28,0.86,0.73,0.05,0.42,0.1,16589,22.97166895866394
0.52,0.58,0.26,0.29,0.86,0.73,0.05,0.42,0.09,15882,22.97566795349121
0.51,0.58,0.26,0.28,0.86,0.74,0.04,0.42,0.1,15681,22.979666471481323
0.51,0.59,0.26,0.29,0.86,0.73,0.05,0.42,0.09,15614,22.979666471481323
0.51,0.59,0.26,0.28,0.86,0.73,0.05,0.42,0.09,15815,22.983667373657227
0.51,0.59,0.26,0.28,0.86,0.73,0.05,0.42,0.09,15920,22.987954139709473
0.51,0.59,0.26,0.28,0.86,0.73,0.05,0.42,0.1,16135,22.991628885269165
0.51,0.59,0.26,0.28,0.86,0.73,0.05,0.42,0.09,16534,22.99263834953308
0.5,0.59,0.26,0.29,0.86,0.73,0.05,0.42,0.1,16421,22.99663543701172
0.5,0.59,0.26,0.29,0.86,0.73,0.05,0.42,0.09,16150,23.000638723373413
0.51,0.59,0.26,0.28,0.87,0.73,0.04,0.42,0.1,15977,23.003638744354248
0.51,0.59,0.26,0.28,0.86,0.74,0.05,0.42,0.09,16028,23.004719257354736
0.51,0.59,0.26,0.29,0.86,0.74,0.04,0.42,0.09,16173,23.008748054504395
0.51,0.59,0.25,0.29,0.86,0.73,0.05,0.42,0.09,16254,23.012746572494507
0.5,0.59,0.26,0.29,0.86,0.73,0.05,0.42,0.1,15919,23.01600956916809
0.5,0.59,0.25,0.29,0.85,0.73,0.05,0.42,0.09,15796,23.017009019851685
0.5,0.59,0.25,0.29,0.85,0.73,0.05,0.42,0.09,16057,23.020017623901367
0.5,0.59,0.25,0.29,0.86,0.73,0.05,0.42,0.09,16406,23.02510952949524
0.51,0.58,0.25,0.29,0.85,0.73,0.05,0.42,0.09,16697,23.029107809066772
0.5,0.59,0.25,0.29,0.85,0.73,0.05,0.42,0.09,16644,23.029107809066772
0.51,0.59,0.26,0.29,0.86,0.73,0.05,0.42,0.1,16799,23.03340435028076
0.5,0.59,0.26,0.29,0.85,0.73,0.05,0.42,0.09,16498,23.037476539611816
0.51,0.58,0.25,0.29,0.84,0.74,0.05,0.42,0.09,16323,23.04152202606201
0.51,0.59,0.25,0.29,0.86,0.73,0.05,0.42,0.09,16568,23.04452109336853
0.5,0.59,0.25,0.29,0.85,0.73,0.05,0.42,0.09,16439,23.045522689819336
0.52,0.59,0.25,0.29,0.85,0.73,0.05,0.42,0.09,16350,23.049159288406372
0.52,0.59,0.25,0.29,0.85,0.74,0.05,0.42,0.09,16681,23.053159475326538
0.52,0.59,0.25,0.29,0.85,0.73,0.05,0.42,0.09,16648,23.05715298652649
0.52,0.59,0.25,0.28,0.85,0.73,0.05,0.42,0.09,16421,23.058155059814453
0.52,0.59,0.26,0.29,0.85,0.73,0.05,0.42,0.09,16332,23.062162399291992
0.52,0.6,0.26,0.29,0.85,0.73,0.05,0.42,0.09,16485,23.065212726593018
0.51,0.59,0.26,0.29,0.86,0.73,0.05,0.42,0.09,16236,23.06925082206726
0.51,0.6,0.26,0.29,0.86,0.73,0.05,0.42,0.09,16305,23.070329904556274
0.52,0.59,0.26,0.29,0.85,0.74,0.05,0.42,0.09,15898,23.0743625164032
0.52,0.6,0.26,0.29,0.86,0.73,0.05,0.42,0.09,15733,23.078362226486206
0.52,0.6,0.26,0.3,0.86,0.73,0.05,0.42,0.09,16212,23.08149528503418
0.52,0.6,0.26,0.28,0.86,0.73,0.05,0.42,0.09,16421,23.082493543624878
0.52,0.6,0.26,0.29,0.85,0.74,0.05,0.42,0.09,16340,23.086491584777832
0.52,0.6,0.26,0.29,0.86,0.73,0.05,0.42,0.09,16215,23.090616464614868
0.52,0.6,0.26,0.29,0.86,0.73,0.05,0.42,0.09,16160,23.094616413116455
0.52,0.6,0.26,0.29,0.86,0.74,0.05,0.42,0.09,16103,23.094616413116455
0.52,0.6,0.26,0.29,0.86,0.74,0.05,0.42,0.09,15966,23.09861660003662
0.52,0.6,0.26,0.29,0.85,0.73,0.05,0.4,0.1,16351,23.10261559486389
0.53,0.6,0.26,0.29,0.85,0.73,0.05,0.42,0.09,16172,23.106695890426636
0.52,0.6,0.26,0.29,0.86,0.74,0.05,0.42,0.1,15915,23.107693910598755
0.52,0.6,0.26,0.29,0.85,0.74,0.05,0.41,0.09,16354,23.11070704460144
0.52,0.6,0.26,0.29,0.85,0.73,0.05,0.41,0.1,16391,23.11469602584839
0.52,0.61,0.26,0.29,0.85,0.73,0.05,0.41,0.09,16094,23.118695974349976
0.52,0.61,0.25,0.29,0.85,0.74,0.05,0.41,0.09,16175,23.122695922851562
0.52,0.61,0.26,0.29,0.86,0.73,0.05,0.41,0.09,16112,23.123697757720947
0.52,0.61,0.26,0.29,0.85,0.73,0.05,0.42,0.09,16037,23.127694129943848
0.51,0.61,0.26,0.29,0.86,0.74,0.05,0.41,0.09,16108,23.13183045387268
0.52,0.61,0.26,0.29,0.85,0.73,0.05,0.42,0.09,15707,23.134838819503784
0.52,0.62,0.26,0.29,0.85,0.74,0.05,0.42,0.09,16144,23.135840892791748
0.52,0.61,0.26,0.29,0.86,0.73,0.05,0.42,0.09,15647,23.139837980270386
0.52,0.62,0.26,0.29,0.85,0.74,0.05,0.42,0.09,16072,23.143837690353394
0.52,0.62,0.26,0.29,0.85,0.74,0.05,0.42,0.1,15819,23.146838903427124
0.52,0.61,0.26,0.29,0.86,0.74,0.05,0.42,0.09,15820,23.14848303794861
0.52,0.61,0.26,0.29,0.85,0.74,0.05,0.42,0.09,16341,23.1514835357666
0.52,0.61,0.26,0.29,0.86,0.74,0.05,0.42,0.09,16182,23.15648627281189
0.52,0.61,0.26,0.3,0.86,0.73,0.05,0.42,0.09,16065,23.159483671188354
0.52,0.61,0.26,0.29,0.86,0.74,0.05,0.42,0.09,16502,23.160487413406372
0.52,0.61,0.26,0.28,0.86,0.73,0.05,0.43,0.09,16817,23.16457509994507
0.52,0.61,0.26,0.3,0.86,0.74,0.05,0.42,0.09,16556,23.168627500534058
0.52,0.61,0.25,0.29,0.86,0.73,0.05,0.42,0.09,16309,23.17262554168701
0.52,0.62,0.26,0.29,0.86,0.73,0.05,0.42,0.09,16196,23.17363452911377
0.51,0.62,0.26,0.29,0.86,0.74,0.05,0.42,0.09,15975,23.176624536514282
0.51,0.61,0.26,0.29,0.86,0.74,0.05,0.42,0.09,16310,23.180625200271606
0.52,0.61,0.26,0.3,0.86,0.74,0.05,0.42,0.09,16547,23.184630632400513
0.51,0.61,0.26,0.29,0.86,0.74,0.04,0.42,0.09,16058,23.188623189926147
0.51,0.62,0.25,0.29,0.87,0.74,0.05,0.42,0.09,15847,23.188623189926147
0.52,0.62,0.26,0.29,0.86,0.74,0.05,0.42,0.09,15894,23.192922592163086
0.51,0.61,0.25,0.29,0.87,0.74,0.05,0.42,0.09,16073,23.196919918060303
0.51,0.61,0.26,0.29,0.86,0.74,0.05,0.42,0.09,15950,23.20092010498047
0.51,0.61,0.26,0.3,0.85,0.74,0.05,0.42,0.09,16033,23.20092010498047
0.52,0.61,0.26,0.3,0.85,0.74,0.05,0.42,0.1,15948,23.204923152923584
0.51,0.61,0.26,0.29,0.85,0.74,0.05,0.42,0.09,16039,23.20892024040222
0.51,0.61,0.26,0.29,0.85,0.74,0.04,0.42,0.09,16196,23.212920427322388
0.51,0.61,0.26,0.3,0.85,0.74,0.05,0.42,0.09,16381,23.212920427322388
0.51,0.61,0.26,0.3,0.86,0.74,0.05,0.41,0.09,16710,23.217916250228882
0.52,0.61,0.26,0.3,0.86,0.74,0.05,0.41,0.09,16523,23.221916437149048
0.51,0.61,0.26,0.3,0.86,0.74,0.05,0.41,0.1,16314,23.224916458129883
0.52,0.61,0.26,0.3,0.86,0.74,0.05,0.41,0.09,16037,23.225916385650635
0.52,0.61,0.26,0.3,0.86,0.74,0.05,0.41,0.09,16300,23.229981422424316
0.52,0.61,0.26,0.3,0.86,0.74,0.05,0.41,0.09,16261,23.23399066925049
0.52,0.62,0.26,0.3,0.85,0.74,0.05,0.41,0.09,16102,23.237988233566284
0.52,0.61,0.26,0.31,0.85,0.74,0.05,0.41,0.09,16019,23.237988233566284
0.52,0.62,0.26,0.3,0.85,0.73,0.05,0.41,0.09,16516,23.24199080467224
0.52,0.61,0.26,0.3,0.85,0.74,0.05,0.42,0.09,16393,23.245989322662354
0.52,0.62,0.26,0.3,0.85,0.74,0.05,0.42,0.09,16082,23.250503301620483
0.51,0.61,0.26,0.3,0.85,0.74,0.05,0.42,0.1,16143,23.250503301620483
0.52,0.62,0.26,0.3,0.85,0.74,0.06,0.42,0.09,16150,23.2545006275177
0.51,0.62,0.26,0.3,0.85,0.74,0.05,0.42,0.09,16463,23.258625507354736
0.52,0.62,0.26,0.3,0.86,0.74,0.05,0.42,0.09,16436,23.26272749900818
0.52,0.62,0.26,0.3,0.86,0.74,0.05,0.42,0.09,16035,23.26576542854309
0.52,0.62,0.26,0.3,0.85,0.74,0.05,0.42,0.09,16032,23.266768217086792
0.52,0.62,0.26,0.3,0.85,0.73,0.05,0.42,0.09,16165,23.270767211914062
0.52,0.62,0.26,0.3,0.85,0.74,0.05,0.42,0.09,16556,23.274765253067017
0.52,0.62,0.26,0.3,0.86,0.74,0.05,0.42,0.09,16635,23.278765439987183
0.52,0.62,0.26,0.3,0.86,0.74,0.05,0.42,0.09,16070,23.278765439987183
0.52,0.62,0.26,0.3,0.86,0.74,0.05,0.42,0.09,16043,23.28286600112915
0.52,0.62,0.26,0.3,0.86,0.74,0.05,0.42,0.09,16088,23.286866188049316
0.51,0.62,0.26,0.3,0.86,0.74,0.05,0.42,0.1,15823,23.290866136550903
0.52,0.62,0.26,0.3,0.86,0.74,0.05,0.42,0.09,15878,23.290866136550903
0.51,0.62,0.26,0.3,0.86,0.74,0.05,0.43,0.1,15995,23.29486608505249
0.51,0.62,0.26,0.3,0.86,0.74,0.05,0.42,0.09,16240,23.299867630004883
0.52,0.62,0.26,0.3,0.86,0.74,0.05,0.42,0.1,16037,23.302866458892822
0.52,0.62,0.26,0.3,0.87,0.74,0.05,0.42,0.09,16090,23.303868293762207
0.51,0.62,0.26,0.3,0.87,0.74,0.05,0.42,0.09,16199,23.307867288589478
0.52,0.62,0.26,0.3,0.87,0.74,0.05,0.42,0.09,16284,23.311878442764282
0.5,0.62,0.25,0.3,0.86,0.75,0.05,0.42,0.09,15861,23.31586527824402
0.52,0.62,0.25,0.3,0.87,0.74,0.05,0.43,0.09,15904,23.31586527824402
0.51,0.62,0.26,0.3,0.87,0.75,0.04,0.43,0.1,16341,23.319868326187134
0.52,0.62,0.26,0.3,0.87,0.74,0.05,0.43,0.09,16134,23.32386589050293
0.51,0.62,0.26,0.3,0.86,0.74,0.05,0.42,0.1,16271,23.327866077423096
0.51,0.62,0.26,0.3,0.86,0.74,0.05,0.43,0.09,15932,23.33112406730652
0.51,0.62,0.26,0.3,0.86,0.75,0.05,0.42,0.1,15931,23.33211874961853
0.52,0.62,0.26,0.3,0.86,0.74,0.05,0.42,0.09,16322,23.336135149002075
0.51,0.62,0.26,0.3,0.86,0.74,0.05,0.42,0.09,16545,23.34013271331787
0.52,0.62,0.26,0.3,0.86,0.74,0.05,0.42,0.09,16780,23.34412455558777
0.52,0.62,0.26,0.31,0.86,0.74,0.05,0.43,0.09,16663,23.345127820968628
0.53,0.62,0.26,0.3,0.86,0.74,0.04,0.43,0.09,16286,23.348634958267212
0.52,0.62,0.26,0.3,0.86,0.73,0.05,0.43,0.09,16603,23.3526451587677
0.52,0.62,0.27,0.3,0.87,0.73,0.05,0.43,0.09,16058,23.356645345687866
0.52,0.62,0.26,0.3,0.87,0.73,0.05,0.43,0.09,15659,23.356645345687866
0.52,0.62,0.26,0.29,0.87,0.74,0.05,0.43,0.09,16082,23.360645294189453
0.52,0.62,0.26,0.3,0.87,0.74,0.05,0.44,0.1,16081,23.36464524269104
0.52,0.62,0.26,0.29,0.86,0.74,0.05,0.43,0.1,16598,23.368644952774048
0.52,0.62,0.26,0.29,0.87,0.74,0.05,0.44,0.09,16355,23.36965274810791
0.52,0.62,0.26,0.3,0.87,0.74,0.05,0.44,0.09,16056,23.372645139694214
0.51,0.62,0.26,0.3,0.87,0.74,0.05,0.43,0.09,16065,23.37764620780945
0.52,0.62,0.26,0.3,0.87,0.74,0.05,0.43,0.09,16410,23.380741357803345
0.51,0.62,0.26,0.29,0.87,0.74,0.05,0.44,0.09,16221,23.381738424301147
0.51,0.62,0.26,0.3,0.87,0.74,0.06,0.43,0.09,15908,23.38574194908142
0.52,0.62,0.26,0.3,0.87,0.74,0.04,0.43,0.09,16065,23.389031171798706
0.53,0.62,0.26,0.29,0.87,0.74,0.05,0.43,0.09,16296,23.39403462409973
0.51,0.62,0.26,0.29,0.87,0.74,0.05,0.43,0.09,16379,23.39412021636963
0.52,0.62,0.26,0.3,0.87,0.74,0.05,0.44,0.09,16484,23.398167371749878
0.52,0.62,0.26,0.3,0.87,0.74,0.05,0.43,0.09,16633,23.402164220809937
0.54,0.62,0.26,0.3,0.87,0.73,0.06,0.43,0.09,16432,23.406049489974976
0.52,0.62,0.26,0.29,0.87,0.74,0.05,0.43,0.09,16373,23.40709114074707
0.53,0.62,0.25,0.3,0.87,0.74,0.05,0.43,0.09,16242,23.41015887260437
0.52,0.61,0.26,0.3,0.86,0.74,0.05,0.43,0.1,15959,23.4140784740448
0.52,0.62,0.25,0.31,0.87,0.73,0.05,0.43,0.09,16428,23.418110609054565
0.52,0.62,0.26,0.29,0.87,0.74,0.05,0.43,0.09,16297,23.42211079597473
0.52,0.62,0.26,0.3,0.87,0.74,0.05,0.43,0.09,15814,23.42211079597473
0.51,0.62,0.26,0.3,0.86,0.74,0.04,0.43,0.09,16239,23.426113843917847
0.52,0.61,0.26,0.3,0.87,0.74,0.05,0.43,0.09,16198,23.430343866348267
0.52,0.6,0.26,0.3,0.87,0.74,0.04,0.43,0.09,15895,23.43419075012207
0.52,0.6,0.26,0.3,0.87,0.74,0.05,0.43,0.09,15746,23.4351909160614
0.52,0.6,0.26,0.3,0.87,0.74,0.05,0.43,0.09,15915,23.43828773498535
0.52,0.61,0.26,0.3,0.87,0.74,0.06,0.43,0.09,16200,23.442845582962036
0.52,0.61,0.26,0.3,0.87,0.74,0.04,0.43,0.09,16017,23.446791648864746
0.53,0.61,0.26,0.3,0.87,0.74,0.05,0.43,0.09,16036,23.44781756401062
0.53,0.61,0.26,0.3,0.87,0.74,0.05,0.44,0.09,16377,23.45086407661438
0.53,0.62,0.26,0.3,0.86,0.74,0.05,0.43,0.09,16434,23.454861164093018
0.53,0.62,0.26,0.29,0.87,0.74,0.05,0.43,0.09,16107,23.458863258361816
0.52,0.62,0.26,0.3,0.87,0.74,0.05,0.43,0.09,16248,23.459859132766724
0.53,0.62,0.26,0.3,0.86,0.74,0.05,0.43,0.09,16401,23.463091373443604
0.53,0.62,0.27,0.3,0.86,0.74,0.04,0.43,0.09,15948,23.467135190963745
0.53,0.61,0.27,0.3,0.87,0.74,0.05,0.43,0.09,15989,23.471123456954956
0.53,0.61,0.26,0.3,0.87,0.74,0.05,0.43,0.09,16104,23.472157955169678
0.53,0.61,0.26,0.3,0.87,0.75,0.05,0.42,0.09,16033,23.475177764892578
0.53,0.62,0.27,0.3,0.87,0.74,0.04,0.43,0.09,15882,23.47980308532715
0.53,0.62,0.26,0.3,0.87,0.74,0.05,0.42,0.09,15985,23.484172582626343
0.52,0.62,0.26,0.3,0.87,0.74,0.05,0.42,0.09,16184,23.484172582626343
0.52,0.62,0.26,0.3,0.86,0.74,0.04,0.42,0.09,16671,23.488398551940918
0.52,0.62,0.26,0.3,0.86,0.74,0.04,0.43,0.09,16266,23.492395162582397
0.52,0.62,0.26,0.3,0.87,0.74,0.05,0.42,0.09,15939,23.495938539505005
0.51,0.62,0.26,0.3,0.87,0.74,0.05,0.42,0.09,16454,23.496979475021362
0.52,0.62,0.26,0.3,0.87,0.74,0.04,0.42,0.1,16097,23.50011134147644
0.52,0.62,0.27,0.3,0.87,0.74,0.04,0.43,0.09,16124,23.50445032119751
0.53,0.62,0.26,0.3,0.86,0.74,0.04,0.43,0.09,15807,23.508687257766724
0.53,0.62,0.27,0.3,0.86,0.74,0.05,0.43,0.09,16060,23.512721061706543
0.52,0.62,0.27,0.29,0.86,0.74,0.04,0.43,0.09,16411,23.513720512390137
0.52,0.62,0.27,0.3,0.87,0.74,0.04,0.42,0.1,16230,23.515721321105957
0.52,0.62,0.27,0.3,0.87,0.74,0.05,0.42,0.09,16451,23.520227670669556
0.52,0.62,0.27,0.3,0.86,0.74,0.05,0.42,0.1,16272,23.524263381958008
0.53,0.62,0.27,0.3,0.87,0.74,0.04,0.43,0.1,16235,23.524263381958008
0.53,0.62,0.27,0.3,0.86,0.74,0.05,0.42,0.1,16104,23.52843689918518
0.52,0.62,0.27,0.3,0.87,0.74,0.04,0.43,0.09,15937,23.53344225883484
0.52,0.62,0.27,0.3,0.86,0.74,0.05,0.43,0.09,16102,23.53645396232605
0.52,0.62,0.26,0.3,0.87,0.74,0.04,0.43,0.09,16043,23.53744864463806
0.52,0.62,0.26,0.3,0.87,0.74,0.05,0.43,0.09,16142,23.54145359992981
0.51,0.62,0.26,0.29,0.87,0.74,0.05,0.42,0.09,16373,23.545596837997437
0.52,0.62,0.26,0.3,0.87,0.74,0.05,0.42,0.09,16194,23.54977321624756
0.52,0.62,0.27,0.3,0.87,0.73,0.05,0.42,0.09,16125,23.54977321624756
0.53,0.62,0.27,0.3,0.86,0.74,0.04,0.42,0.09,15872,23.553072690963745
0.53,0.62,0.26,0.3,0.86,0.74,0.05,0.43,0.1,15703,23.558062314987183
0.53,0.63,0.27,0.3,0.86,0.74,0.04,0.42,0.09,15962,23.562318801879883
0.53,0.63,0.26,0.3,0.87,0.74,0.05,0.43,0.09,16041,23.562318801879883
0.53,0.62,0.26,0.3,0.87,0.74,0.05,0.43,0.09,16134,23.56629467010498
0.53,0.62,0.26,0.3,0.86,0.74,0.05,0.43,0.09,16235,23.56977128982544
0.53,0.63,0.26,0.3,0.86,0.74,0.05,0.43,0.09,16094,23.57477378845215
0.53,0.63,0.27,0.3,0.86,0.75,0.05,0.43,0.09,16091,23.57795739173889
0.52,0.62,0.27,0.3,0.86,0.74,0.05,0.42,0.09,16282,23.578775882720947
0.53,0.63,0.26,0.3,0.86,0.74,0.05,0.43,0.09,16407,23.582151174545288
0.53,0.62,0.26,0.3,0.87,0.74,0.05,0.42,0.09,15734,23.587106943130493
0.52,0.62,0.26,0.3,0.87,0.75,0.05,0.42,0.09,15991,23.590445518493652
0.52,0.62,0.26,0.3,0.87,0.74,0.05,0.42,0.09,16332,23.590445518493652
0.53,0.62,0.26,0.3,0.86,0.74,0.05,0.42,0.09,16223,23.594873189926147
0.53,0.62,0.26,0.3,0.86,0.74,0.05,0.42,0.09,16146,23.598976135253906
0.53,0.62,0.26,0.3,0.86,0.74,0.05,0.42,0.09,16089,23.6035795211792
0.53,0.62,0.26,0.3,0.86,0.74,0.05,0.42,0.09,16206,23.6035795211792
0.53,0.62,0.26,0.3,0.86,0.74,0.05,0.43,0.09,15945,23.60677933692932
0.53,0.62,0.26,0.3,0.86,0.74,0.05,0.43,0.09,15826,23.61085844039917
0.54,0.62,0.26,0.31,0.87,0.74,0.05,0.43,0.09,15897,23.61557364463806
0.53,0.62,0.26,0.3,0.86,0.74,0.04,0.43,0.09,16370,23.61557364463806
0.53,0.62,0.26,0.3,0.87,0.74,0.05,0.43,0.09,16385,23.619045972824097
0.54,0.63,0.26,0.3,0.87,0.74,0.04,0.43,0.09,15914,23.62319326400757
0.54,0.62,0.27,0.31,0.86,0.74,0.05,0.43,0.09,16031,23.628190755844116
0.54,0.63,0.27,0.3,0.86,0.74,0.05,0.43,0.09,16080,23.628190755844116
0.53,0.62,0.26,0.3,0.86,0.74,0.04,0.43,0.09,16497,23.63119387626648
0.53,0.63,0.26,0.3,0.86,0.74,0.05,0.43,0.09,16488,23.6355140209198
0.53,0.63,0.26,0.3,0.86,0.74,0.05,0.43,0.09,15905,23.639918088912964
0.54,0.63,0.26,0.3,0.86,0.74,0.04,0.43,0.09,15900,23.639918088912964
0.53,0.63,0.26,0.3,0.86,0.74,0.05,0.43,0.09,16245,23.643479585647583
0.53,0.62,0.26,0.3,0.86,0.74,0.05,0.43,0.09,16326,23.647342443466187
0.53,0.62,0.26,0.3,0.86,0.74,0.05,0.43,0.09,16271,23.65208673477173
0.53,0.62,0.26,0.3,0.86,0.74,0.05,0.43,0.09,16070,23.656066417694092
0.53,0.63,0.26,0.31,0.86,0.74,0.04,0.43,0.09,15927,23.656066417694092
0.53,0.62,0.26,0.3,0.86,0.74,0.04,0.43,0.09,15964,23.65954041481018
0.52,0.63,0.26,0.3,0.86,0.74,0.04,0.43,0.09,16097,23.664659023284912
0.54,0.63,0.26,0.3,0.86,0.74,0.05,0.43,0.09,15654,23.668211221694946
0.54,0.63,0.26,0.3,0.86,0.74,0.05,0.43,0.09,16055,23.668211221694946
0.54,0.63,0.26,0.3,0.86,0.74,0.05,0.43,0.09,15922,23.672276973724365
0.53,0.63,0.27,0.3,0.86,0.74,0.03,0.44,0.09,15931,23.677326202392578
0.54,0.62,0.26,0.3,0.86,0.74,0.05,0.43,0.09,16322,23.679967164993286
0.53,0.63,0.26,0.3,0.87,0.74,0.05,0.43,0.09,16411,23.68101167678833
0.53,0.62,0.27,0.3,0.86,0.74,0.05,0.43,0.09,16590,23.68475031852722
0.54,0.62,0.27,0.3,0.86,0.74,0.05,0.44,0.09,16085,23.688910245895386
0.54,0.62,0.27,0.3,0.86,0.74,0.05,0.43,0.1,15910,23.692967891693115
0.54,0.62,0.26,0.3,0.87,0.74,0.05,0.43,0.09,16015,23.692967891693115
0.53,0.62,0.27,0.3,0.86,0.74,0.05,0.43,0.1,16316,23.696967601776123
0.53,0.62,0.27,0.3,0.86,0.74,0.05,0.43,0.09,16421,23.70084571838379
0.53,0.62,0.27,0.3,0.86,0.74,0.05,0.43,0.09,16450,23.705049753189087
0.53,0.61,0.27,0.3,0.87,0.74,0.05,0.43,0.09,16393,23.70609736442566
0.53,0.62,0.27,0.31,0.86,0.74,0.05,0.43,0.09,16522,23.709534645080566
0.53,0.62,0.27,0.29,0.87,0.74,0.05,0.42,0.1,16393,23.713534832000732
0.53,0.61,0.27,0.3,0.86,0.74,0.05,0.41,0.09,16446,23.71809434890747
0.54,0.62,0.27,0.3,0.87,0.74,0.05,0.41,0.09,16203,23.721113443374634
0.54,0.61,0.27,0.29,0.87,0.74,0.05,0.41,0.09,16194,23.721113443374634
0.54,0.6,0.27,0.29,0.86,0.74,0.05,0.42,0.09,16285,23.726126670837402
0.53,0.6,0.27,0.29,0.86,0.74,0.05,0.42,0.09,16152,23.730211973190308
0.53,0.61,0.27,0.3,0.86,0.74,0.05,0.42,0.1,16251,23.733614683151245
0.53,0.61,0.27,0.3,0.86,0.74,0.05,0.42,0.09,16426,23.733614683151245
0.53,0.61,0.27,0.3,0.86,0.74,0.05,0.42,0.1,16677,23.73726224899292
0.54,0.61,0.27,0.3,0.86,0.74,0.04,0.42,0.1,16764,23.742806911468506
0.54,0.62,0.26,0.3,0.86,0.74,0.05,0.42,0.09,16435,23.74608826637268
0.54,0.62,0.27,0.3,0.87,0.74,0.05,0.42,0.09,16272,23.74608826637268
0.54,0.61,0.27,0.3,0.87,0.74,0.05,0.42,0.09,15977,23.750153064727783
0.54,0.61,0.27,0.29,0.87,0.74,0.05,0.42,0.1,15948,23.75414800643921
0.53,0.61,0.27,0.31,0.87,0.74,0.05,0.42,0.09,16399,23.758152961730957
0.53,0.61,0.27,0.29,0.86,0.74,0.05,0.42,0.09,16374,23.758152961730957
0.53,0.61,0.27,0.29,0.87,0.74,0.05,0.42,0.1,15875,23.762197971343994
0.53,0.61,0.26,0.29,0.87,0.74,0.05,0.42,0.1,15504,23.76608657836914
0.53,0.61,0.27,0.29,0.87,0.74,0.04,0.42,0.1,15933,23.77011251449585
0.53,0.6,0.27,0.29,0.87,0.74,0.05,0.42,0.09,16422,23.77011251449585
0.53,0.61,0.27,0.3,0.86,0.74,0.05,0.42,0.1,16317,23.77411651611328
0.52,0.61,0.26,0.29,0.87,0.74,0.05,0.42,0.09,16292,23.77811861038208
0.53,0.61,0.27,0.29,0.87,0.74,0.05,0.42,0.1,16223,23.783357858657837
0.53,0.61,0.27,0.3,0.87,0.74,0.05,0.44,0.09,15448,23.783357858657837
0.53,0.62,0.26,0.3,0.87,0.73,0.05,0.44,0.09,15661,23.786542415618896
0.53,0.62,0.27,0.29,0.87,0.74,0.04,0.43,0.09,16310,23.790533542633057
0.53,0.62,0.27,0.29,0.87,0.74,0.05,0.44,0.09,16267,23.794907093048096
0.53,0.62,0.27,0.3,0.87,0.74,0.05,0.44,0.09,16220,23.799034357070923
0.53,0.62,0.27,0.3,0.87,0.74,0.05,0.44,0.09,16519,23.799887895584106
0.53,0.62,0.26,0.3,0.87,0.74,0.05,0.44,0.09,15994,23.803255796432495
0.53,0.62,0.27,0.3,0.88,0.74,0.05,0.44,0.09,15909,23.807647228240967
0.53,0.62,0.26,0.3,0.88,0.74,0.05,0.44,0.1,16380,23.811468362808228
0.53,0.62,0.27,0.29,0.88,0.74,0.05,0.44,0.09,16551,23.81254291534424
0.53,0.62,0.27,0.29,0.87,0.74,0.04,0.44,0.09,16212,23.815512657165527
0.53,0.63,0.27,0.29,0.87,0.73,0.05,0.44,0.09,15859,23.819486618041992
0.53,0.62,0.27,0.29,0.87,0.74,0.05,0.44,0.09,15602,23.82317590713501
0.53,0.63,0.27,0.29,0.87,0.73,0.04,0.44,0.09,15993,23.824315071105957
0.53,0.63,0.27,0.3,0.87,0.73,0.05,0.44,0.09,16640,23.827433586120605
0.53,0.63,0.27,0.29,0.88,0.73,0.04,0.44,0.09,16661,23.832433938980103
0.53,0.63,0.27,0.29,0.87,0.74,0.04,0.44,0.09,16470,23.83595037460327
0.53,0.63,0.27,0.29,0.88,0.73,0.05,0.44,0.09,15671,23.836921453475952
0.53,0.63,0.27,0.29,0.87,0.74,0.05,0.44,0.09,15918,23.84028649330139
0.53,0.63,0.27,0.29,0.87,0.74,0.05,0.44,0.09,16313,23.84464430809021
0.53,0.63,0.27,0.29,0.88,0.74,0.05,0.44,0.09,15950,23.848939657211304
0.53,0.63,0.27,0.29,0.87,0.74,0.04,0.44,0.09,15901,23.848939657211304
0.53,0.63,0.27,0.29,0.88,0.74,0.05,0.44,0.09,16036,23.853447198867798
0.53,0.63,0.27,0.29,0.88,0.74,0.04,0.44,0.09,16209,23.85652208328247
0.52,0.63,0.27,0.3,0.88,0.74,0.04,0.44,0.1,16134,23.860966682434082
0.53,0.63,0.27,0.29,0.88,0.75,0.05,0.44,0.09,15989,23.864227533340454
0.53,0.63,0.27,0.29,0.88,0.74,0.05,0.44,0.09,16186,23.864928245544434
0.53,0.62,0.27,0.29,0.87,0.75,0.04,0.44,0.1,16141,23.869243621826172
0.53,0.63,0.27,0.3,0.87,0.74,0.05,0.44,0.09,16644,23.87333345413208
0.54,0.63,0.27,0.3,0.87,0.74,0.05,0.45,0.09,16541,23.876606702804565
0.53,0.63,0.27,0.3,0.87,0.74,0.05,0.45,0.09,16046,23.877333164215088
0.53,0.64,0.27,0.3,0.88,0.74,0.05,0.45,0.09,16337,23.881470441818237
0.52,0.64,0.26,0.3,0.88,0.74,0.05,0.45,0.09,16740,23.885470628738403
0.53,0.64,0.27,0.29,0.87,0.74,0.05,0.45,0.09,16385,23.88904595375061
0.52,0.64,0.27,0.29,0.88,0.74,0.05,0.45,0.09,16198,23.88904595375061
0.52,0.64,0.27,0.3,0.88,0.74,0.05,0.44,0.09,16601,23.893009424209595
0.53,0.63,0.27,0.3,0.87,0.74,0.05,0.45,0.09,16780,23.89863896369934
0.52,0.63,0.27,0.29,0.88,0.74,0.05,0.45,0.09,16209,23.901715755462646
0.52,0.64,0.27,0.3,0.88,0.73,0.05,0.45,0.1,15992,23.901715755462646
0.52,0.63,0.27,0.29,0.88,0.74,0.05,0.45,0.09,16195,23.905715703964233
0.52,0.63,0.27,0.3,0.88,0.74,0.05,0.45,0.09,16186,23.909790992736816
0.53,0.63,0.27,0.29,0.88,0.74,0.05,0.45,0.09,16557,23.913715839385986
0.52,0.63,0.27,0.29,0.88,0.74,0.04,0.45,0.09,16518,23.91471576690674
0.54,0.63,0.27,0.29,0.88,0.74,0.05,0.45,0.09,16071,23.91871666908264
0.52,0.62,0.28,0.29,0.88,0.74,0.04,0.44,0.09,16054,23.921706676483154
0.53,0.62,0.27,0.3,0.88,0.74,0.05,0.45,0.09,16175,23.925969123840332
0.53,0.63,0.27,0.29,0.88,0.74,0.04,0.45,0.09,16146,23.93022871017456
0.52,0.63,0.27,0.29,0.88,0.74,0.05,0.45,0.1,16611,23.931015014648438
0.53,0.63,0.28,0.29,0.88,0.74,0.05,0.45,0.1,16468,23.934280395507812
0.53,0.63,0.27,0.3,0.88,0.74,0.05,0.44,0.09,16165,23.938177824020386
0.53,0.63,0.27,0.29,0.88,0.74,0.05,0.45,0.09,15754,23.94241189956665
0.53,0.63,0.27,0.3,0.88,0.74,0.05,0.45,0.09,15679,23.94350552558899
0.53,0.63,0.27,0.3,0.88,0.74,0.05,0.45,0.1,16002,23.94708800315857
0.53,0.62,0.27,0.3,0.87,0.74,0.05,0.45,0.09,15829,23.95112657546997
0.54,0.63,0.27,0.3,0.88,0.74,0.05,0.45,0.09,16178,23.95439887046814
0.54,0.63,0.27,0.3,0.88,0.74,0.05,0.45,0.09,16255,23.954962968826294
0.53,0.63,0.27,0.3,0.87,0.75,0.05,0.45,0.09,16266,23.9588360786438
0.53,0.63,0.27,0.29,0.87,0.74,0.05,0.45,0.09,16573,23.96340298652649
0.53,0.63,0.28,0.3,0.88,0.75,0.05,0.45,0.1,16290,23.9664523601532
0.53,0.64,0.28,0.3,0.87,0.74,0.05,0.45,0.09,15855,23.96761918067932
0.54,0.63,0.27,0.3,0.87,0.74,0.05,0.45,0.1,15796,23.97169780731201
0.54,0.63,0.28,0.3,0.88,0.75,0.05,0.45,0.1,15917,23.975327014923096
0.54,0.63,0.28,0.3,0.87,0.74,0.05,0.44,0.1,16274,23.979368925094604
0.54,0.63,0.28,0.3,0.88,0.74,0.05,0.45,0.09,16063,23.980369091033936
0.54,0.63,0.28,0.3,0.87,0.73,0.05,0.44,0.09,16106,23.98336887359619
0.54,0.63,0.28,0.3,0.88,0.74,0.05,0.45,0.1,16433,23.987367391586304
0.54,0.62,0.28,0.3,0.88,0.74,0.05,0.44,0.1,16676,23.99147891998291
0.54,0.63,0.28,0.3,0.88,0.74,0.05,0.44,0.1,16245,23.992544174194336
0.53,0.62,0.27,0.3,0.87,0.74,0.05,0.44,0.1,16204,23.996779680252075
0.53,0.63,0.28,0.3,0.87,0.74,0.05,0.44,0.1,16477,24.000225067138672
0.53,0.63,0.28,0.29,0.88,0.74,0.05,0.44,0.09,16124,24.004241228103638
0.53,0.62,0.27,0.3,0.87,0.74,0.05,0.44,0.1,16011,24.008224725723267
0.53,0.63,0.27,0.29,0.88,0.74,0.04,0.44,0.09,16186,24.008224725723267
0.53,0.63,0.27,0.3,0.87,0.74,0.05,0.44,0.09,16157,24.01225757598877
0.53,0.63,0.28,0.3,0.87,0.74,0.05,0.43,0.1,16056,24.01720094680786
0.53,0.63,0.27,0.3,0.87,0.74,0.05,0.43,0.1,16095,24.020336151123047
0.53,0.63,0.27,0.3,0.87,0.74,0.05,0.43,0.09,15838,24.020649433135986
0.53,0.62,0.27,0.3,0.87,0.74,0.05,0.43,0.1,15797,24.024296760559082
0.53,0.62,0.27,0.3,0.87,0.74,0.05,0.42,0.1,16392,24.02828311920166
0.53,0.62,0.27,0.3,0.87,0.74,0.05,0.44,0.09,16105,24.03266477584839
0.53,0.62,0.27,0.3,0.87,0.74,0.05,0.44,0.09,15842,24.033559799194336
0.53,0.63,0.28,0.3,0.87,0.74,0.04,0.44,0.1,15849,24.036579370498657
0.53,0.62,0.27,0.29,0.87,0.74,0.05,0.44,0.09,16130,24.0416042804718
0.53,0.62,0.27,0.29,0.88,0.74,0.05,0.44,0.1,16289,24.044604063034058
0.53,0.62,0.27,0.29,0.87,0.74,0.04,0.44,0.09,16080,24.04565668106079
0.53,0.63,0.27,0.29,0.88,0.74,0.05,0.44,0.09,16485,24.04927682876587
0.53,0.62,0.27,0.3,0.87,0.74,0.05,0.44,0.09,16674,24.05336356163025
0.54,0.62,0.27,0.29,0.88,0.74,0.05,0.44,0.09,16449,24.057558298110962
0.52,0.63,0.26,0.3,0.87,0.74,0.05,0.44,0.09,16538,24.057558298110962
0.53,0.62,0.27,0.3,0.88,0.75,0.05,0.44,0.09,16485,24.06155824661255
0.53,0.62,0.27,0.29,0.88,0.74,0.05,0.44,0.09,15920,24.065649032592773
0.53,0.63,0.27,0.3,0.87,0.74,0.05,0.45,0.09,15747,24.069649696350098
0.53,0.62,0.27,0.29,0.87,0.74,0.05,0.44,0.09,16034,24.07366704940796
0.54,0.62,0.27,0.3,0.87,0.74,0.05,0.44,0.1,16305,24.0746488571167
0.53,0.62,0.27,0.29,0.87,0.74,0.05,0.44,0.09,16702,24.078289031982422
0.53,0.62,0.27,0.29,0.87,0.75,0.05,0.44,0.09,16303,24.082513570785522
0.53,0.62,0.27,0.29,0.87,0.74,0.05,0.44,0.09,16128,24.08552384376526
0.53,0.62,0.27,0.3,0.87,0.74,0.05,0.44,0.09,16359,24.08552384376526
0.52,0.63,0.27,0.29,0.87,0.74,0.04,0.44,0.09,16162,24.09093475341797
0.53,0.62,0.27,0.29,0.87,0.74,0.05,0.44,0.09,16051,24.09491515159607
0.54,0.63,0.27,0.3,0.88,0.74,0.05,0.44,0.09,16164,24.098198890686035
0.54,0.62,0.28,0.3,0.87,0.74,0.05,0.44,0.09,15923,24.098936796188354
0.53,0.62,0.27,0.3,0.87,0.74,0.05,0.44,0.09,15990,24.102925539016724
0.53,0.62,0.27,0.3,0.87,0.74,0.05,0.44,0.09,16241,24.10658550262451
0.53,0.62,0.27,0.29,0.87,0.75,0.04,0.44,0.09,16432,24.110560417175293
0.54,0.62,0.27,0.3,0.88,0.74,0.05,0.44,0.09,16011,24.111586093902588
0.53,0.62,0.27,0.29,0.88,0.74,0.05,0.44,0.09,15928,24.115586042404175
0.53,0.62,0.27,0.3,0.88,0.74,0.05,0.44,0.09,15985,24.11916995048523
0.53,0.62,0.27,0.29,0.87,0.74,0.05,0.44,0.09,16064,24.123456716537476
0.53,0.62,0.27,0.3,0.88,0.74,0.05,0.44,0.09,16081,24.123456716537476
0.53,0.62,0.27,0.29,0.88,0.74,0.05,0.44,0.09,16182,24.126501083374023
0.53,0.62,0.27,0.3,0.87,0.74,0.05,0.44,0.09,16175,24.13077998161316
0.53,0.62,0.27,0.3,0.87,0.74,0.05,0.44,0.09,15952,24.134520053863525
0.53,0.62,0.27,0.3,0.87,0.74,0.05,0.44,0.09,15985,24.134520053863525
0.54,0.62,0.27,0.3,0.87,0.74,0.05,0.44,0.09,16092,24.13953471183777
0.54,0.63,0.28,0.3,0.88,0.74,0.05,0.44,0.09,16217,24.14300227165222
0.54,0.62,0.28,0.3,0.87,0.74,0.05,0.43,0.09,16182,24.147002458572388
0.54,0.62,0.28,0.3,0.87,0.74,0.05,0.44,0.09,15989,24.151105880737305
0.54,0.62,0.27,0.29,0.88,0.74,0.05,0.44,0.09,16098,24.151105880737305
0.53,0.63,0.27,0.3,0.87,0.74,0.05,0.43,0.1,16169,24.15514302253723
0.54,0.62,0.27,0.29,0.87,0.75,0.06,0.44,0.09,16514,24.160142421722412
0.53,0.62,0.27,0.29,0.88,0.74,0.05,0.44,0.09,16329,24.16314172744751
0.54,0.62,0.27,0.3,0.88,0.74,0.05,0.44,0.09,16084,24.16414213180542
0.54,0.63,0.28,0.3,0.88,0.74,0.05,0.44,0.09,16227,24.16742730140686
0.53,0.62,0.27,0.3,0.88,0.75,0.05,0.43,0.09,16036,24.172679901123047
0.53,0.62,0.27,0.3,0.88,0.74,0.05,0.43,0.09,16221,24.17572808265686
0.54,0.62,0.27,0.3,0.87,0.74,0.05,0.43,0.1,16166,24.176728010177612
0.53,0.62,0.27,0.3,0.87,0.74,0.05,0.42,0.09,16153,24.179731607437134
0.53,0.62,0.27,0.29,0.87,0.74,0.05,0.42,0.09,16156,24.184019565582275
0.53,0.62,0.27,0.3,0.88,0.74,0.05,0.42,0.1,16039,24.18802309036255
0.53,0.62,0.27,0.3,0.87,0.74,0.04,0.42,0.09,16062,24.18902015686035
0.54,0.62,0.27,0.29,0.87,0.74,0.04,0.42,0.09,15761,24.192072868347168
0.53,0.63,0.27,0.3,0.87,0.74,0.04,0.42,0.09,16010,24.196252584457397
0.53,0.63,0.26,0.3,0.87,0.74,0.05,0.42,0.1,16159,24.20090341567993
0.51,0.62,0.27,0.3,0.88,0.75,0.05,0.43,0.1,16102,24.20188045501709
0.53,0.62,0.27,0.3,0.87,0.75,0.05,0.43,0.09,16201,24.204400062561035
0.53,0.62,0.27,0.3,0.87,0.75,0.05,0.43,0.09,15974,24.208433151245117
0.53,0.62,0.27,0.3,0.87,0.75,0.05,0.42,0.1,15801,24.213433027267456
0.53,0.62,0.27,0.3,0.87,0.74,0.05,0.42,0.1,16412,24.216963052749634
0.53,0.63,0.27,0.3,0.87,0.75,0.05,0.43,0.1,16267,24.216963052749634
0.53,0.63,0.26,0.3,0.88,0.75,0.05,0.43,0.09,15914,24.221200942993164
0.53,0.62,0.26,0.3,0.87,0.75,0.05,0.42,0.1,16345,24.225651502609253
0.53,0.62,0.26,0.3,0.87,0.75,0.05,0.42,0.09,16578,24.22925066947937
0.53,0.62,0.26,0.3,0.87,0.74,0.05,0.42,0.09,16437,24.229779481887817
0.53,0.63,0.26,0.3,0.86,0.75,0.05,0.42,0.1,16296,24.23279118537903
0.53,0.63,0.26,0.3,0.87,0.75,0.05,0.43,0.1,16219,24.236807823181152
0.52,0.63,0.26,0.3,0.87,0.75,0.05,0.42,0.09,16444,24.240804195404053
0.52,0.63,0.26,0.3,0.86,0.75,0.05,0.42,0.09,16523,24.241804838180542
0.53,0.63,0.26,0.3,0.87,0.75,0.05,0.42,0.09,16128,24.24580430984497
0.53,0.63,0.26,0.3,0.87,0.74,0.05,0.42,0.09,15935,24.249486207962036
0.52,0.63,0.26,0.3,0.87,0.75,0.05,0.42,0.1,16418,24.253538846969604
0.52,0.62,0.26,0.3,0.87,0.74,0.05,0.42,0.09,16429,24.254563331604004
0.52,0.62,0.26,0.3,0.87,0.74,0.05,0.42,0.09,16392,24.257630348205566
0.52,0.63,0.26,0.3,0.87,0.75,0.05,0.42,0.09,16245,24.262144804000854
0.52,0.62,0.26,0.3,0.87,0.74,0.05,0.42,0.09,16276,24.266371488571167
0.51,0.62,0.26,0.3,0.86,0.75,0.05,0.42,0.09,15791,24.266371488571167
0.52,0.62,0.26,0.3,0.87,0.74,0.04,0.42,0.09,15416,24.270410537719727
0.51,0.62,0.26,0.3,0.86,0.75,0.05,0.42,0.09,15813,24.27437114715576
0.52,0.62,0.26,0.3,0.85,0.75,0.05,0.43,0.09,16214,24.27852511405945
0.52,0.62,0.27,0.3,0.86,0.75,0.05,0.43,0.09,16049,24.28270936012268
0.51,0.63,0.27,0.3,0.86,0.74,0.05,0.43,0.09,16212,24.28372597694397
0.52,0.62,0.27,0.3,0.86,0.75,0.05,0.43,0.1,16187,24.286653995513916
0.52,0.62,0.27,0.3,0.86,0.74,0.05,0.42,0.1,16260,24.291451692581177
0.52,0.63,0.27,0.29,0.87,0.74,0.05,0.42,0.09,16339,24.294790029525757
0.52,0.62,0.26,0.3,0.86,0.74,0.05,0.42,0.1,16362,24.295533180236816
0.52,0.62,0.26,0.3,0.86,0.74,0.05,0.42,0.1,16081,24.299533367156982
0.52,0.62,0.26,0.31,0.86,0.74,0.05,0.42,0.1,15968,24.302942991256714
0.52,0.62,0.27,0.3,0.86,0.74,0.05,0.42,0.1,16321,24.307401180267334
0.53,0.62,0.26,0.3,0.87,0.74,0.04,0.42,0.1,16084,24.307401180267334
0.51,0.62,0.26,0.3,0.87,0.74,0.04,0.42,0.1,15779,24.31112289428711
0.52,0.62,0.26,0.3,0.87,0.75,0.05,0.42,0.09,15956,24.315003633499146
0.52,0.62,0.27,0.3,0.86,0.74,0.05,0.42,0.1,16393,24.31893253326416
0.52,0.62,0.27,0.3,0.86,0.74,0.04,0.42,0.1,16352,24.319974660873413
0.53,0.62,0.27,0.3,0.86,0.74,0.05,0.42,0.1,16315,24.323749542236328
0.52,0.62,0.27,0.3,0.86,0.74,0.05,0.41,0.1,16144,24.327945947647095
0.52,0.62,0.27,0.3,0.86,0.74,0.05,0.41,0.1,16081,24.332175970077515
0.52,0.62,0.27,0.3,0.86,0.74,0.06,0.41,0.1,16340,24.332175970077515
0.52,0.62,0.27,0.3,0.86,0.74,0.05,0.41,0.1,16015,24.336178064346313
0.51,0.62,0.27,0.3,0.86,0.74,0.04,0.41,0.1,15768,24.340179681777954
0.52,0.62,0.27,0.3,0.87,0.74,0.05,0.42,0.1,15833,24.344175815582275
0.51,0.62,0.27,0.3,0.87,0.74,0.05,0.41,0.1,16192,24.344797372817993
0.53,0.62,0.27,0.3,0.86,0.74,0.05,0.41,0.1,15947,24.34836173057556
0.52,0.62,0.27,0.3,0.87,0.74,0.05,0.41,0.1,16162,24.351975440979004
0.53,0.62,0.27,0.3,0.86,0.74,0.05,0.41,0.1,16281,24.356180667877197
0.52,0.63,0.27,0.3,0.86,0.74,0.05,0.42,0.1,16008,24.360204935073853
0.52,0.63,0.27,0.3,0.87,0.74,0.04,0.42,0.1,16033,24.360204935073853
0.52,0.62,0.27,0.3,0.87,0.74,0.05,0.42,0.1,15990,24.364291429519653
0.52,0.62,0.27,0.3,0.87,0.74,0.05,0.42,0.1,15911,24.36918306350708
0.52,0.62,0.27,0.3,0.86,0.74,0.05,0.42,0.1,15740,24.3723304271698
0.52,0.63,0.26,0.3,0.87,0.74,0.05,0.42,0.09,15861,24.373396635055542
0.52,0.62,0.27,0.3,0.86,0.74,0.05,0.42,0.09,16318,24.37736964225769
0.51,0.63,0.27,0.3,0.86,0.74,0.05,0.42,0.1,16417,24.380983114242554
0.51,0.63,0.27,0.3,0.86,0.74,0.04,0.42,0.1,16872,24.3854558467865
0.52,0.63,0.26,0.3,0.86,0.74,0.04,0.42,0.1,16657,24.3854558467865
0.52,0.63,0.27,0.3,0.87,0.74,0.05,0.43,0.1,16828,24.389560222625732
0.52,0.62,0.27,0.3,0.86,0.74,0.05,0.42,0.09,16951,24.393569469451904
0.52,0.62,0.27,0.3,0.87,0.74,0.05,0.43,0.1,16352,24.39756965637207
0.52,0.63,0.27,0.3,0.87,0.74,0.05,0.43,0.1,15997,24.39756965637207
0.53,0.63,0.27,0.3,0.87,0.74,0.05,0.42,0.09,16454,24.401236534118652
0.51,0.62,0.27,0.3,0.87,0.74,0.05,0.43,0.1,16275,24.40520930290222
0.52,0.63,0.27,0.31,0.86,0.74,0.05,0.43,0.1,16094,24.410059928894043
0.53,0.63,0.27,0.3,0.87,0.74,0.05,0.43,0.1,16255,24.410059928894043
0.52,0.63,0.27,0.3,0.87,0.74,0.05,0.42,0.09,16072,24.414259910583496
0.53,0.63,0.26,0.3,0.87,0.74,0.05,0.43,0.09,15607,24.417988300323486
0.53,0.63,0.27,0.3,0.87,0.74,0.05,0.43,0.09,15910,24.42128276824951
0.53,0.63,0.26,0.31,0.87,0.74,0.05,0.43,0.09,16153,24.421997547149658
0.54,0.63,0.26,0.3,0.87,0.74,0.05,0.42,0.09,16042,24.42560839653015
0.53,0.62,0.26,0.3,0.87,0.74,0.05,0.43,0.09,16309,24.430219888687134
0.53,0.62,0.26,0.3,0.87,0.74,0.05,0.43,0.1,16366,24.4342839717865
0.53,0.63,0.27,0.31,0.87,0.74,0.05,0.43,0.09,16495,24.437326669692993
0.53,0.62,0.26,0.31,0.86,0.74,0.05,0.42,0.1,16632,24.43832755088806
0.53,0.62,0.26,0.31,0.87,0.74,0.05,0.43,0.09,16185,24.442327976226807
0.53,0.63,0.26,0.31,0.87,0.74,0.05,0.43,0.09,16252,24.446230173110962
0.53,0.63,0.26,0.31,0.87,0.74,0.05,0.43,0.1,16213,24.450056552886963
0.52,0.62,0.26,0.31,0.87,0.75,0.05,0.42,0.09,15842,24.450056552886963
0.53,0.63,0.26,0.31,0.86,0.75,0.05,0.43,0.09,15773,24.45412564277649
0.53,0.63,0.27,0.31,0.87,0.74,0.05,0.43,0.09,16106,24.45913004875183
0.53,0.63,0.26,0.31,0.86,0.75,0.05,0.43,0.09,16527,24.462121963500977
0.53,0.63,0.26,0.31,0.87,0.74,0.05,0.43,0.09,16084,24.462121963500977
0.52,0.63,0.26,0.31,0.87,0.74,0.05,0.42,0.1,15981,24.46723747253418
0.53,0.63,0.26,0.31,0.86,0.74,0.05,0.42,0.09,15922,24.471365213394165
0.53,0.63,0.26,0.31,0.86,0.74,0.05,0.42,0.1,16151,24.474364519119263
0.52,0.63,0.26,0.31,0.87,0.75,0.05,0.43,0.1,16364,24.475369453430176
0.52,0.63,0.26,0.31,0.87,0.74,0.05,0.42,0.09,16293,24.47836470603943
0.52,0.63,0.26,0.31,0.87,0.74,0.05,0.42,0.1,16070,24.483296871185303
0.52,0.63,0.27,0.31,0.87,0.74,0.05,0.43,0.1,16063,24.487297534942627
0.53,0.63,0.26,0.31,0.87,0.74,0.05,0.43,0.09,16046,24.487297534942627
0.53,0.63,0.26,0.31,0.87,0.75,0.05,0.43,0.09,16055,24.491296768188477
0.52,0.63,0.26,0.31,0.86,0.75,0.05,0.43,0.09,15874,24.495296478271484
0.53,0.63,0.27,0.31,0.87,0.74,0.05,0.43,0.09,16167,24.499648809432983
0.53,0.63,0.26,0.31,0.87,0.74,0.05,0.43,0.09,15852,24.500681400299072
0.53,0.63,0.26,0.31,0.87,0.74,0.05,0.43,0.09,15797,24.50367832183838
0.53,0.64,0.26,0.31,0.87,0.74,0.05,0.43,0.09,15856,24.507487535476685
0.53,0.63,0.26,0.31,0.87,0.74,0.05,0.43,0.1,16245,24.511777639389038
0.53,0.63,0.26,0.31,0.87,0.74,0.05,0.43,0.1,16470,24.51277732849121
0.53,0.63,0.26,0.31,0.87,0.74,0.05,0.43,0.09,16165,24.515258312225342
0.53,0.63,0.26,0.31,0.87,0.74,0.05,0.43,0.09,16152,24.520256996154785
0.53,0.64,0.26,0.31,0.87,0.74,0.05,0.43,0.1,16265,24.524258852005005
0.53,0.64,0.26,0.31,0.87,0.75,0.05,0.43,0.1,16292,24.52823042869568
0.53,0.63,0.26,0.31,0.87,0.75,0.05,0.43,0.09,15949,24.52823042869568
0.53,0.63,0.26,0.31,0.87,0.75,0.05,0.43,0.09,15752,24.532293796539307
0.52,0.64,0.26,0.31,0.87,0.75,0.05,0.43,0.09,15997,24.53630256652832
0.52,0.63,0.26,0.31,0.87,0.74,0.05,0.43,0.09,16462,24.540388822555542
0.52,0.63,0.26,0.31,0.87,0.74,0.05,0.43,0.09,16591,24.5413920879364
0.52,0.63,0.26,0.31,0.87,0.75,0.05,0.43,0.09,16524,24.54438877105713
0.52,0.63,0.26,0.31,0.87,0.74,0.05,0.43,0.09,16209,24.548386573791504
0.52,0.63,0.26,0.31,0.87,0.74,0.05,0.43,0.09,16244,24.553092002868652
0.53,0.63,0.26,0.31,0.87,0.74,0.05,0.43,0.09,16621,24.553092002868652
0.52,0.63,0.26,0.31,0.87,0.75,0.05,0.43,0.09,16366,24.55710506439209
0.52,0.63,0.26,0.31,0.87,0.74,0.05,0.43,0.09,16375,24.561600923538208
0.53,0.64,0.26,0.31,0.87,0.74,0.05,0.43,0.09,16498,24.565744161605835
0.53,0.64,0.26,0.31,0.87,0.74,0.05,0.43,0.09,16507,24.565744161605835
0.53,0.63,0.26,0.31,0.88,0.75,0.05,0.43,0.09,16300,24.56993269920349
0.53,0.63,0.26,0.32,0.87,0.74,0.05,0.43,0.09,16015,24.573327779769897
0.53,0.64,0.26,0.31,0.87,0.74,0.05,0.43,0.1,16240,24.577494382858276
0.53,0.63,0.26,0.31,0.87,0.74,0.05,0.43,0.09,16481,24.577494382858276
0.53,0.63,0.26,0.31,0.87,0.74,0.05,0.43,0.1,16436,24.581515312194824
0.53,0.63,0.25,0.32,0.88,0.75,0.05,0.43,0.09,16455,24.585602283477783
0.53,0.64,0.25,0.31,0.87,0.75,0.05,0.44,0.09,16518,24.590601682662964
0.53,0.64,0.25,0.31,0.87,0.74,0.05,0.43,0.09,16069,24.590601682662964
0.53,0.64,0.26,0.31,0.87,0.74,0.05,0.43,0.09,16512,24.594135284423828
0.53,0.64,0.26,0.32,0.87,0.74,0.05,0.43,0.09,16353,24.598344087600708
0.53,0.64,0.26,0.31,0.87,0.74,0.05,0.44,0.09,16340,24.60279154777527
0.53,0.64,0.26,0.31,0.87,0.74,0.05,0.43,0.09,16319,24.606000900268555
0.53,0.64,0.26,0.31,0.87,0.74,0.05,0.43,0.09,16470,24.606810808181763
0.52,0.63,0.26,0.3,0.87,0.74,0.05,0.43,0.09,16503,24.610810041427612
0.53,0.63,0.26,0.3,0.87,0.73,0.05,0.43,0.09,16412,24.613839864730835
0.53,0.63,0.26,0.31,0.88,0.74,0.04,0.44,0.09,15985,24.618812322616577
0.52,0.63,0.25,0.31,0.88,0.75,0.04,0.43,0.09,15974,24.618812322616577
0.53,0.63,0.25,0.31,0.87,0.75,0.04,0.42,0.09,16407,24.623129844665527
0.53,0.63,0.25,0.31,0.87,0.75,0.04,0.43,0.09,16318,24.626317501068115
0.53,0.63,0.25,0.31,0.88,0.75,0.04,0.43,0.09,15769,24.631146907806396
0.53,0.63,0.26,0.31,0.87,0.75,0.04,0.43,0.09,15360,24.631146907806396
0.53,0.63,0.25,0.31,0.87,0.75,0.04,0.43,0.09,16267,24.63571858406067
0.53,0.63,0.26,0.31,0.88,0.75,0.04,0.43,0.09,16494,24.638718843460083
0.52,0.63,0.25,0.31,0.87,0.75,0.04,0.43,0.09,16131,24.643747329711914
0.53,0.63,0.25,0.31,0.87,0.75,0.04,0.43,0.09,16086,24.643747329711914
0.53,0.62,0.25,0.31,0.87,0.74,0.04,0.43,0.09,16109,24.64674735069275
0.53,0.63,0.25,0.31,0.87,0.75,0.04,0.43,0.09,16146,24.650959968566895
0.52,0.62,0.25,0.31,0.87,0.75,0.05,0.43,0.09,16125,24.655823469161987
0.53,0.62,0.25,0.32,0.87,0.75,0.04,0.44,0.09,16032,24.655823469161987
0.53,0.62,0.25,0.31,0.87,0.75,0.04,0.44,0.09,16053,24.65984296798706
0.53,0.63,0.25,0.31,0.87,0.75,0.04,0.44,0.09,16128,24.663870811462402
0.53,0.63,0.25,0.31,0.87,0.75,0.04,0.44,0.09,15715,24.66789221763611
0.53,0.63,0.25,0.31,0.87,0.75,0.04,0.44,0.09,15808,24.668875694274902
0.53,0.63,0.25,0.31,0.87,0.75,0.05,0.44,0.09,15937,24.671349048614502
0.53,0.63,0.26,0.3,0.87,0.75,0.05,0.44,0.09,15904,24.676357984542847
0.54,0.62,0.25,0.31,0.87,0.75,0.05,0.44,0.09,16093,24.680358171463013
0.54,0.63,0.25,0.31,0.87,0.75,0.04,0.44,0.09,15944,24.68387222290039
0.54,0.62,0.25,0.3,0.87,0.75,0.04,0.44,0.09,15721,24.68492317199707
0.54,0.63,0.25,0.31,0.87,0.75,0.04,0.44,0.09,16266,24.68858504295349
0.54,0.63,0.25,0.31,0.87,0.75,0.05,0.44,0.09,16047,24.692584991455078
0.54,0.63,0.25,0.31,0.87,0.75,0.04,0.44,0.09,15814,24.696584939956665
0.54,0.63,0.25,0.31,0.87,0.75,0.05,0.44,0.08,15939,24.696584939956665
0.54,0.63,0.25,0.3,0.87,0.74,0.04,0.44,0.09,16452,24.700692176818848
0.54,0.63,0.25,0.31,0.86,0.75,0.04,0.44,0.09,16347,24.704251766204834
0.54,0.63,0.25,0.31,0.87,0.75,0.04,0.44,0.09,16546,24.708321809768677
0.53,0.62,0.25,0.31,0.87,0.75,0.04,0.44,0.09,16319,24.708321809768677
0.54,0.63,0.25,0.31,0.86,0.75,0.04,0.44,0.09,15982,24.712771892547607
0.54,0.63,0.25,0.3,0.87,0.75,0.04,0.44,0.09,16403,24.717793941497803
0.54,0.63,0.25,0.31,0.86,0.75,0.04,0.44,0.09,16114,24.721080541610718
0.54,0.63,0.25,0.3,0.87,0.75,0.04,0.44,0.09,16135,24.721080541610718
0.54,0.63,0.25,0.3,0.87,0.75,0.05,0.44,0.09,16472,24.72448992729187
0.54,0.63,0.25,0.3,0.87,0.75,0.04,0.45,0.09,16411,24.729542016983032
0.54,0.63,0.25,0.31,0.87,0.75,0.04,0.44,0.09,16116,24.732929468154907
0.54,0.63,0.25,0.31,0.87,0.75,0.04,0.44,0.09,15999,24.732929468154907
0.54,0.63,0.25,0.31,0.87,0.75,0.04,0.44,0.09,16190,24.737234115600586
0.54,0.63,0.26,0.3,0.87,0.75,0.04,0.44,0.09,16577,24.741671085357666
0.54,0.63,0.25,0.3,0.86,0.75,0.04,0.44,0.09,16552,24.746045112609863
0.54,0.63,0.25,0.3,0.87,0.75,0.04,0.44,0.09,16307,24.748648643493652
0.54,0.63,0.25,0.31,0.86,0.74,0.04,0.44,0.09,15874,24.75016713142395
0.54,0.63,0.25,0.3,0.87,0.75,0.04,0.44,0.09,15899,24.75349521636963
0.54,0.63,0.25,0.31,0.87,0.75,0.04,0.44,0.09,16300,24.757493019104004
0.53,0.64,0.25,0.31,0.86,0.75,0.04,0.45,0.09,15955,24.76149582862854
0.53,0.64,0.25,0.31,0.86,0.75,0.04,0.45,0.09,15888,24.76149582862854
0.54,0.64,0.24,0.31,0.87,0.75,0.05,0.45,0.09,16217,24.765499114990234
0.53,0.64,0.25,0.31,0.87,0.75,0.05,0.44,0.09,15804,24.769757747650146
0.53,0.64,0.25,0.31,0.87,0.75,0.04,0.45,0.09,16175,24.77364993095398
0.52,0.64,0.25,0.3,0.87,0.74,0.04,0.45,0.09,16420,24.774686098098755
0.53,0.64,0.25,0.31,0.87,0.74,0.04,0.45,0.09,15971,24.77818512916565
0.53,0.63,0.25,0.31,0.87,0.74,0.04,0.45,0.09,16098,24.783202409744263
0.53,0.63,0.25,0.31,0.87,0.74,0.04,0.45,0.09,16195,24.78640913963318
0.53,0.64,0.25,0.31,0.87,0.74,0.04,0.45,0.09,16392,24.78640913963318
0.53,0.63,0.25,0.31,0.87,0.75,0.04,0.45,0.09,16509,24.790404796600342
0.53,0.64,0.25,0.31,0.87,0.75,0.04,0.45,0.09,16594,24.794616222381592
0.54,0.63,0.25,0.31,0.86,0.75,0.05,0.45,0.09,16301,24.798858880996704
0.54,0.64,0.25,0.31,0.87,0.75,0.04,0.45,0.09,16300,24.799965381622314
0.54,0.64,0.25,0.31,0.87,0.74,0.04,0.45,0.09,16117,24.803037643432617
0.54,0.64,0.25,0.31,0.86,0.75,0.04,0.45,0.09,15652,24.807045459747314
0.53,0.65,0.24,0.3,0.87,0.75,0.05,0.45,0.09,16085,24.811034202575684
0.53,0.64,0.25,0.31,0.87,0.75,0.04,0.44,0.09,16244,24.814045429229736
0.54,0.64,0.25,0.31,0.87,0.75,0.04,0.45,0.09,16349,24.81504535675049
0.53,0.64,0.25,0.31,0.87,0.75,0.04,0.45,0.09,16226,24.819035053253174
0.54,0.64,0.25,0.31,0.86,0.75,0.04,0.45,0.09,16549,24.82370901107788
0.53,0.64,0.25,0.31,0.87,0.75,0.04,0.45,0.1,16302,24.826971292495728
0.54,0.64,0.25,0.31,0.86,0.75,0.04,0.45,0.09,16041,24.82770586013794
0.53,0.64,0.25,0.31,0.87,0.75,0.04,0.45,0.09,16138,24.83126664161682
0.54,0.65,0.25,0.31,0.86,0.75,0.04,0.45,0.09,16433,24.835957765579224
0.54,0.64,0.25,0.31,0.87,0.75,0.04,0.45,0.09,16398,24.839096069335938
0.54,0.64,0.25,0.31,0.87,0.75,0.04,0.45,0.09,16527,24.839823246002197
0.54,0.64,0.25,0.31,0.87,0.75,0.04,0.45,0.09,16506,24.84287667274475
0.54,0.64,0.25,0.31,0.87,0.75,0.04,0.45,0.09,16421,24.84779453277588
0.54,0.64,0.25,0.31,0.87,0.75,0.04,0.45,0.1,16406,24.85133194923401
0.54,0.64,0.25,0.31,0.87,0.75,0.05,0.45,0.09,16165,24.852335691452026
0.54,0.64,0.25,0.31,0.87,0.76,0.05,0.45,0.09,16166,24.856332063674927
0.54,0.64,0.25,0.31,0.87,0.75,0.04,0.45,0.1,16319,24.8603298664093
0.54,0.64,0.25,0.31,0.87,0.76,0.04,0.45,0.09,16130,24.86441659927368
0.54,0.64,0.25,0.31,0.87,0.75,0.05,0.45,0.09,16245,24.86441659927368
0.54,0.64,0.25,0.31,0.87,0.75,0.04,0.44,0.09,16124,24.86847186088562
0.54,0.64,0.25,0.31,0.87,0.75,0.05,0.45,0.09,16183,24.872003078460693
0.54,0.64,0.25,0.31,0.87,0.75,0.05,0.44,0.09,16212,24.877006769180298
0.54,0.64,0.25,0.31,0.87,0.75,0.05,0.44,0.09,16147,24.877006769180298
0.54,0.64,0.25,0.31,0.86,0.75,0.05,0.44,0.09,16024,24.8802170753479
0.54,0.64,0.25,0.31,0.87,0.76,0.04,0.44,0.09,16123,24.88504457473755
0.54,0.64,0.25,0.31,0.87,0.75,0.04,0.44,0.09,16410,24.89006805419922
0.54,0.64,0.25,0.31,0.87,0.75,0.05,0.44,0.09,16243,24.892347812652588
0.54,0.64,0.25,0.31,0.87,0.75,0.05,0.44,0.09,16014,24.893044471740723
0.54,0.64,0.26,0.31,0.87,0.75,0.04,0.44,0.09,16179,24.896470069885254
0.54,0.64,0.25,0.31,0.87,0.75,0.05,0.44,0.09,16368,24.9019033908844
0.54,0.64,0.25,0.31,0.87,0.75,0.04,0.44,0.09,16299,24.905096292495728
0.54,0.64,0.25,0.31,0.87,0.75,0.05,0.44,0.09,16130,24.905096292495728
0.54,0.64,0.25,0.31,0.87,0.75,0.04,0.44,0.09,16229,24.909733772277832
0.54,0.64,0.25,0.32,0.87,0.75,0.05,0.44,0.09,16238,24.91373372077942
0.54,0.64,0.26,0.31,0.87,0.76,0.04,0.43,0.1,16517,24.917027950286865
0.53,0.64,0.25,0.31,0.87,0.75,0.05,0.43,0.09,16490,24.917733907699585
0.54,0.64,0.25,0.31,0.87,0.75,0.05,0.43,0.09,16179,24.921733856201172
0.54,0.64,0.26,0.31,0.87,0.75,0.04,0.44,0.1,16030,24.92624044418335
0.54,0.64,0.26,0.31,0.87,0.75,0.05,0.43,0.1,16081,24.929747343063354
0.54,0.64,0.26,0.31,0.87,0.75,0.04,0.44,0.09,15924,24.930780172348022
0.54,0.64,0.26,0.31,0.87,0.75,0.04,0.44,0.09,16377,24.933772802352905
0.54,0.64,0.25,0.31,0.87,0.75,0.04,0.44,0.09,16574,24.93882393836975
0.54,0.65,0.26,0.31,0.87,0.75,0.04,0.44,0.09,16247,24.942023515701294
0.54,0.64,0.26,0.31,0.87,0.75,0.04,0.44,0.09,15786,24.94292902946472
0.54,0.64,0.26,0.31,0.88,0.75,0.04,0.44,0.09,15989,24.946369409561157
0.54,0.64,0.26,0.31,0.87,0.75,0.04,0.44,0.09,16680,24.950162649154663
0.54,0.64,0.26,0.31,0.87,0.75,0.04,0.44,0.09,16801,24.954753875732422
0.54,0.64,0.26,0.31,0.88,0.75,0.04,0.44,0.09,16322,24.958310842514038
0.54,0.64,0.26,0.31,0.87,0.75,0.04,0.44,0.09,16249,24.95875597000122
0.54,0.64,0.26,0.31,0.87,0.76,0.04,0.44,0.09,16242,24.962851762771606
0.54,0.64,0.26,0.31,0.88,0.76,0.04,0.44,0.09,16261,24.96719741821289
0.54,0.64,0.26,0.31,0.87,0.75,0.04,0.45,0.09,16008,24.970620155334473
0.54,0.64,0.26,0.31,0.87,0.76,0.04,0.44,0.09,15893,24.971696138381958
0.54,0.64,0.26,0.3,0.87,0.75,0.04,0.45,0.1,15952,24.97569179534912
0.54,0.64,0.26,0.31,0.87,0.76,0.04,0.44,0.1,16305,24.979480028152466
0.54,0.64,0.26,0.31,0.87,0.75,0.04,0.44,0.1,16550,24.983020067214966
0.54,0.64,0.26,0.31,0.87,0.75,0.04,0.44,0.09,16275,24.983020067214966
0.55,0.64,0.26,0.31,0.87,0.75,0.05,0.44,0.1,16370,24.987526178359985
0.55,0.64,0.26,0.31,0.87,0.76,0.05,0.44,0.09,16713,24.99193572998047
0.54,0.64,0.26,0.32,0.87,0.76,0.04,0.44,0.1,16704,24.995298385620117
0.56,0.64,0.26,0.31,0.87,0.75,0.04,0.44,0.1,17191,24.995298385620117
0.55,0.64,0.26,0.32,0.87,0.75,0.04,0.44,0.1,16528,24.999375820159912
0.55,0.63,0.26,0.31,0.87,0.75,0.04,0.44,0.09,16283,25.00381064414978
0.55,0.64,0.26,0.31,0.88,0.76,0.05,0.44,0.1,16104,25.007527112960815
