0.62,0.74,0.4,0.59,0.9,0.86,0.14,0.54,0.14,18959,0.0
0.62,0.74,0.4,0.6,0.9,0.86,0.14,0.54,0.14,18826,0.00099945068359375
0.61,0.74,0.4,0.59,0.9,0.86,0.14,0.54,0.14,18591,0.00099945068359375
0.62,0.74,0.4,0.59,0.9,0.86,0.14,0.54,0.14,18748,0.0020074844360351562
0.61,0.75,0.4,0.6,0.9,0.86,0.14,0.54,0.14,18935,0.0020074844360351562
0.62,0.75,0.4,0.59,0.89,0.86,0.14,0.54,0.14,18950,0.0020074844360351562
0.62,0.75,0.4,0.6,0.89,0.86,0.14,0.53,0.13,19263,0.0030100345611572266
0.61,0.75,0.4,0.6,0.89,0.86,0.14,0.54,0.13,19298,0.0030100345611572266
0.61,0.75,0.4,0.6,0.89,0.86,0.14,0.53,0.13,19439,0.0030100345611572266
0.61,0.75,0.4,0.6,0.9,0.86,0.14,0.53,0.13,19588,0.003996372222900391
0.61,0.75,0.4,0.6,0.9,0.86,0.14,0.53,0.13,19209,0.003996372222900391
0.61,0.75,0.4,0.6,0.9,0.85,0.14,0.54,0.14,19066,0.003996372222900391
0.62,0.75,0.4,0.6,0.89,0.86,0.13,0.53,0.14,19121,0.0050048828125
0.61,0.75,0.4,0.6,0.89,0.86,0.14,0.53,0.14,18902,0.0050048828125
0.61,0.75,0.4,0.6,0.9,0.86,0.14,0.53,0.14,19085,0.005995750427246094
0.61,0.75,0.41,0.61,0.89,0.86,0.14,0.53,0.13,19350,0.005995750427246094
0.61,0.74,0.4,0.6,0.9,0.86,0.14,0.53,0.14,18665,0.005995750427246094
0.61,0.74,0.4,0.6,0.9,0.86,0.13,0.53,0.13,18596,0.0069921016693115234
0.61,0.75,0.4,0.6,0.91,0.86,0.14,0.53,0.13,18881,0.0069921016693115234
0.6,0.75,0.4,0.59,0.9,0.86,0.14,0.53,0.13,19066,0.0069921016693115234
0.61,0.75,0.4,0.6,0.9,0.86,0.14,0.53,0.14,18921,0.007995843887329102
0.61,0.75,0.4,0.6,0.9,0.86,0.14,0.53,0.14,18570,0.008507966995239258
0.61,0.74,0.4,0.61,0.9,0.86,0.14,0.54,0.13,18705,0.008507966995239258
0.61,0.74,0.4,0.6,0.89,0.86,0.14,0.54,0.13,18966,0.008507966995239258
0.6,0.74,0.4,0.6,0.89,0.86,0.14,0.54,0.13,18849,0.009528398513793945
0.61,0.75,0.4,0.61,0.89,0.86,0.14,0.55,0.13,18368,0.009528398513793945
0.61,0.75,0.4,0.6,0.89,0.86,0.14,0.55,0.13,18495,0.009528398513793945
0.61,0.75,0.4,0.6,0.9,0.86,0.14,0.55,0.13,18854,0.010519742965698242
0.61,0.75,0.4,0.61,0.9,0.86,0.14,0.55,0.13,18859,0.010519742965698242
0.61,0.75,0.4,0.61,0.9,0.86,0.14,0.55,0.13,18884,0.010519742965698242
0.61,0.75,0.4,0.6,0.89,0.86,0.14,0.55,0.13,18703,0.011519432067871094
0.61,0.76,0.39,0.6,0.89,0.86,0.14,0.55,0.14,18514,0.011519432067871094
0.61,0.76,0.39,0.61,0.89,0.86,0.14,0.54,0.13,18859,0.011519432067871094
0.61,0.76,0.39,0.61,0.89,0.86,0.14,0.55,0.13,19130,0.012519359588623047
0.61,0.76,0.39,0.6,0.89,0.86,0.14,0.55,0.13,18919,0.012519359588623047
0.61,0.76,0.39,0.61,0.89,0.86,0.14,0.55,0.13,18722,0.012519359588623047
0.61,0.76,0.39,0.6,0.89,0.86,0.14,0.54,0.13,18851,0.013692378997802734
0.61,0.76,0.39,0.6,0.89,0.86,0.14,0.55,0.13,18962,0.013692378997802734
0.62,0.76,0.4,0.6,0.89,0.86,0.14,0.55,0.13,18779,0.013692378997802734
0.6,0.76,0.4,0.6,0.89,0.86,0.14,0.55,0.13,19110,0.014693260192871094
0.59,0.76,0.4,0.61,0.89,0.86,0.13,0.55,0.13,19329,0.014693260192871094
0.6,0.76,0.4,0.6,0.89,0.86,0.14,0.55,0.13,19244,0.015689373016357422
0.6,0.76,0.4,0.6,0.89,0.86,0.14,0.55,0.13,19189,0.015689373016357422
0.57,0.75,0.39,0.58,0.89,0.86,0.13,0.55,0.13,18940,0.015689373016357422
0.58,0.75,0.39,0.58,0.89,0.86,0.13,0.55,0.13,19119,0.01669478416442871
0.59,0.76,0.39,0.59,0.89,0.86,0.13,0.55,0.13,19134,0.01669478416442871
0.59,0.76,0.39,0.59,0.89,0.86,0.13,0.55,0.13,18657,0.01669478416442871
0.59,0.75,0.39,0.59,0.9,0.86,0.14,0.55,0.13,18662,0.01784992218017578
0.58,0.75,0.39,0.6,0.9,0.87,0.14,0.55,0.13,19181,0.01784992218017578
0.58,0.75,0.39,0.61,0.9,0.86,0.13,0.55,0.13,18954,0.01784992218017578
0.58,0.75,0.39,0.59,0.9,0.86,0.14,0.55,0.13,18507,0.01869034767150879
0.58,0.75,0.38,0.6,0.89,0.86,0.13,0.55,0.13,18776,0.01869034767150879
0.59,0.77,0.39,0.6,0.89,0.86,0.14,0.55,0.13,19199,0.01869034767150879
0.59,0.76,0.39,0.6,0.89,0.86,0.14,0.55,0.13,19146,0.019758939743041992
0.6,0.77,0.39,0.6,0.9,0.86,0.14,0.55,0.13,19171,0.019758939743041992
0.59,0.77,0.39,0.6,0.89,0.86,0.14,0.54,0.13,19502,0.019758939743041992
0.57,0.77,0.4,0.59,0.89,0.86,0.13,0.55,0.13,19409,0.020800352096557617
0.58,0.76,0.4,0.59,0.89,0.86,0.13,0.55,0.13,18930,0.020800352096557617
0.58,0.76,0.4,0.59,0.89,0.86,0.13,0.55,0.13,18949,0.02179241180419922
0.6,0.76,0.4,0.59,0.88,0.86,0.14,0.55,0.13,18758,0.02179241180419922
0.6,0.76,0.4,0.58,0.9,0.85,0.13,0.55,0.13,18411,0.02179241180419922
0.59,0.77,0.39,0.59,0.9,0.86,0.13,0.55,0.13,18740,0.022794485092163086
0.6,0.76,0.4,0.59,0.9,0.86,0.14,0.55,0.13,19283,0.022794485092163086
0.59,0.76,0.39,0.59,0.89,0.86,0.13,0.55,0.13,19016,0.022794485092163086
0.6,0.76,0.4,0.59,0.89,0.86,0.13,0.55,0.13,18867,0.02379131317138672
0.6,0.76,0.4,0.59,0.9,0.86,0.14,0.55,0.14,19012,0.02379131317138672
0.59,0.76,0.4,0.59,0.9,0.86,0.13,0.55,0.13,19201,0.02480030059814453
0.58,0.76,0.4,0.59,0.9,0.86,0.14,0.55,0.13,18902,0.025101900100708008
0.59,0.76,0.4,0.59,0.89,0.86,0.13,0.55,0.13,18503,0.02520298957824707
0.6,0.76,0.4,0.59,0.89,0.86,0.14,0.55,0.14,18362,0.02520298957824707
0.6,0.76,0.4,0.6,0.89,0.86,0.14,0.55,0.14,18689,0.026204586029052734
0.6,0.76,0.4,0.6,0.89,0.86,0.14,0.55,0.13,18968,0.026204586029052734
0.6,0.76,0.4,0.59,0.89,0.86,0.13,0.55,0.13,18731,0.026204586029052734
0.6,0.76,0.4,0.6,0.89,0.86,0.13,0.55,0.13,18830,0.027197837829589844
0.61,0.76,0.4,0.6,0.89,0.87,0.14,0.54,0.13,19229,0.027197837829589844
0.61,0.76,0.4,0.6,0.89,0.87,0.14,0.55,0.13,18652,0.027197837829589844
0.6,0.76,0.4,0.59,0.89,0.87,0.14,0.55,0.13,18719,0.02820134162902832
0.6,0.76,0.4,0.6,0.89,0.87,0.14,0.54,0.13,19214,0.02820134162902832
0.61,0.77,0.4,0.59,0.89,0.87,0.14,0.55,0.13,19295,0.02820134162902832
0.61,0.76,0.39,0.6,0.9,0.87,0.14,0.55,0.14,19370,0.029201269149780273
0.61,0.76,0.4,0.6,0.89,0.87,0.14,0.55,0.13,18839,0.029201269149780273
0.62,0.77,0.4,0.6,0.9,0.87,0.14,0.55,0.13,19186,0.030205249786376953
0.61,0.76,0.39,0.6,0.9,0.87,0.14,0.54,0.13,19205,0.03036332130432129
0.61,0.77,0.39,0.6,0.9,0.87,0.14,0.55,0.13,18898,0.03036332130432129
0.6,0.77,0.39,0.6,0.89,0.87,0.13,0.54,0.13,18957,0.03036332130432129
0.61,0.77,0.39,0.6,0.89,0.87,0.13,0.55,0.13,18908,0.03136444091796875
0.6,0.77,0.39,0.6,0.89,0.87,0.14,0.55,0.13,19137,0.03136444091796875
0.61,0.77,0.39,0.6,0.89,0.87,0.14,0.55,0.13,18950,0.03236055374145508
0.61,0.77,0.39,0.6,0.89,0.87,0.14,0.54,0.13,19083,0.03236055374145508
0.6,0.77,0.39,0.6,0.89,0.87,0.14,0.55,0.13,18832,0.03236055374145508
0.61,0.77,0.39,0.6,0.89,0.87,0.14,0.55,0.13,18769,0.033364057540893555
0.61,0.77,0.39,0.6,0.89,0.87,0.14,0.54,0.13,18836,0.033364057540893555
0.61,0.76,0.39,0.6,0.9,0.86,0.14,0.54,0.13,18921,0.033364057540893555
0.6,0.76,0.39,0.6,0.89,0.87,0.14,0.55,0.13,19254,0.03436422348022461
0.61,0.77,0.39,0.6,0.89,0.87,0.13,0.55,0.13,19105,0.03436422348022461
0.61,0.77,0.39,0.6,0.89,0.87,0.13,0.55,0.13,18686,0.03436422348022461
0.61,0.77,0.38,0.6,0.89,0.87,0.14,0.55,0.13,18599,0.03542971611022949
0.61,0.77,0.39,0.6,0.9,0.87,0.14,0.55,0.13,19018,0.03542971611022949
0.61,0.77,0.39,0.61,0.89,0.87,0.14,0.55,0.13,18713,0.03542971611022949
0.61,0.77,0.39,0.61,0.89,0.87,0.14,0.55,0.13,19152,0.03647184371948242
0.62,0.78,0.39,0.61,0.89,0.87,0.14,0.56,0.13,18995,0.03647184371948242
0.61,0.78,0.39,0.61,0.9,0.87,0.13,0.55,0.13,18640,0.03647184371948242
0.61,0.78,0.39,0.6,0.89,0.87,0.14,0.55,0.13,18789,0.03746390342712402
0.62,0.77,0.39,0.61,0.9,0.87,0.14,0.55,0.13,19130,0.03746390342712402
0.62,0.77,0.39,0.61,0.9,0.87,0.14,0.55,0.13,19231,0.03746390342712402
0.61,0.77,0.39,0.61,0.9,0.87,0.14,0.55,0.13,18576,0.03846383094787598
0.61,0.77,0.39,0.6,0.89,0.87,0.14,0.55,0.13,18789,0.03846383094787598
0.61,0.78,0.39,0.61,0.89,0.87,0.14,0.55,0.13,19288,0.03946256637573242
0.61,0.77,0.39,0.6,0.9,0.87,0.14,0.55,0.13,18989,0.03946256637573242
0.61,0.77,0.39,0.6,0.89,0.86,0.14,0.56,0.13,18810,0.03946256637573242
0.61,0.77,0.39,0.6,0.89,0.87,0.14,0.55,0.13,18765,0.04046320915222168
0.61,0.77,0.39,0.61,0.89,0.87,0.14,0.55,0.13,18804,0.04046320915222168
0.62,0.77,0.39,0.61,0.9,0.87,0.14,0.55,0.13,18625,0.04046320915222168
0.62,0.77,0.39,0.61,0.9,0.86,0.14,0.55,0.13,18598,0.041463613510131836
0.62,0.76,0.39,0.61,0.89,0.87,0.14,0.55,0.13,18669,0.041463613510131836
0.61,0.76,0.39,0.61,0.89,0.87,0.14,0.55,0.13,18874,0.041463613510131836
0.62,0.77,0.38,0.6,0.9,0.87,0.14,0.55,0.13,19025,0.04246354103088379
0.61,0.76,0.38,0.61,0.9,0.87,0.14,0.55,0.13,19442,0.04246354103088379
0.61,0.76,0.38,0.6,0.9,0.87,0.14,0.54,0.13,19021,0.04246354103088379
0.61,0.76,0.38,0.6,0.89,0.87,0.14,0.55,0.13,18774,0.04346346855163574
0.61,0.76,0.39,0.6,0.9,0.87,0.14,0.55,0.13,18735,0.04346346855163574
0.61,0.76,0.39,0.6,0.9,0.87,0.13,0.54,0.13,19024,0.0444638729095459
0.61,0.76,0.38,0.61,0.9,0.87,0.13,0.54,0.13,19119,0.0444638729095459
0.61,0.76,0.39,0.6,0.9,0.87,0.14,0.55,0.13,18740,0.0444638729095459
0.61,0.76,0.38,0.6,0.9,0.87,0.14,0.55,0.13,19095,0.04546380043029785
0.61,0.77,0.38,0.61,0.9,0.87,0.14,0.55,0.13,19286,0.04546380043029785
0.61,0.76,0.38,0.59,0.9,0.87,0.14,0.54,0.13,18925,0.04546380043029785
0.61,0.76,0.38,0.6,0.89,0.87,0.13,0.55,0.13,18910,0.046463727951049805
0.62,0.76,0.38,0.61,0.9,0.87,0.13,0.55,0.13,19165,0.046463727951049805
0.61,0.77,0.39,0.6,0.89,0.87,0.13,0.53,0.13,18942,0.046463727951049805
0.62,0.76,0.39,0.61,0.89,0.86,0.13,0.54,0.13,18651,0.04746365547180176
0.62,0.76,0.39,0.6,0.89,0.86,0.14,0.53,0.13,18964,0.04746365547180176
0.62,0.76,0.4,0.6,0.9,0.87,0.14,0.54,0.13,19367,0.04746365547180176
0.61,0.77,0.4,0.6,0.9,0.86,0.14,0.54,0.13,19346,0.04846382141113281
0.62,0.77,0.4,0.6,0.89,0.87,0.14,0.54,0.13,18629,0.04846382141113281
0.62,0.77,0.4,0.61,0.89,0.87,0.14,0.54,0.13,18602,0.04846382141113281
0.61,0.77,0.4,0.6,0.9,0.87,0.14,0.54,0.13,18921,0.0494692325592041
0.62,0.77,0.4,0.6,0.9,0.87,0.14,0.54,0.14,19112,0.0494692325592041
0.62,0.77,0.4,0.61,0.89,0.87,0.14,0.54,0.14,18985,0.0504612922668457
0.61,0.77,0.39,0.61,0.89,0.87,0.14,0.54,0.13,18898,0.0504612922668457
0.61,0.77,0.39,0.61,0.9,0.86,0.14,0.54,0.13,19069,0.0504612922668457
0.61,0.77,0.39,0.61,0.9,0.86,0.14,0.54,0.13,19050,0.051544189453125
0.61,0.77,0.39,0.61,0.9,0.86,0.14,0.54,0.13,18691,0.05159640312194824
0.61,0.77,0.39,0.61,0.9,0.86,0.14,0.54,0.13,18824,0.05159640312194824
0.61,0.77,0.39,0.62,0.9,0.86,0.14,0.54,0.13,19077,0.0525972843170166
0.61,0.77,0.39,0.61,0.9,0.86,0.14,0.54,0.13,19168,0.0525972843170166
0.61,0.76,0.39,0.61,0.9,0.86,0.14,0.54,0.13,19319,0.0525972843170166
0.62,0.76,0.39,0.61,0.9,0.87,0.14,0.55,0.13,19002,0.05360150337219238
0.61,0.76,0.39,0.61,0.9,0.87,0.14,0.55,0.13,18789,0.05360150337219238
0.62,0.75,0.39,0.61,0.9,0.86,0.14,0.55,0.13,19112,0.05360150337219238
0.61,0.76,0.39,0.62,0.9,0.86,0.14,0.55,0.13,18813,0.05459761619567871
0.62,0.76,0.38,0.62,0.9,0.86,0.14,0.55,0.13,18966,0.05459761619567871
0.61,0.76,0.39,0.62,0.9,0.86,0.14,0.55,0.13,18953,0.05459761619567871
0.61,0.76,0.39,0.62,0.9,0.87,0.14,0.55,0.13,18948,0.05560493469238281
0.61,0.76,0.38,0.62,0.9,0.87,0.14,0.55,0.13,18817,0.05560493469238281
0.61,0.76,0.39,0.61,0.91,0.86,0.14,0.56,0.13,19228,0.0565946102142334
0.61,0.76,0.39,0.62,0.9,0.87,0.14,0.56,0.13,19233,0.0565946102142334
0.61,0.76,0.39,0.62,0.9,0.86,0.14,0.56,0.13,19294,0.0565946102142334
0.61,0.76,0.39,0.62,0.91,0.86,0.14,0.56,0.13,19385,0.05759763717651367
0.61,0.76,0.39,0.62,0.9,0.86,0.14,0.56,0.13,18928,0.05759763717651367
0.61,0.76,0.39,0.62,0.9,0.86,0.14,0.56,0.13,18771,0.05759763717651367
0.61,0.76,0.39,0.61,0.9,0.86,0.14,0.56,0.13,19132,0.058606624603271484
0.61,0.76,0.4,0.61,0.9,0.86,0.14,0.56,0.13,19085,0.058606624603271484
0.61,0.76,0.4,0.62,0.91,0.86,0.14,0.55,0.13,18848,0.058606624603271484
0.61,0.76,0.39,0.62,0.9,0.86,0.14,0.55,0.13,19053,0.05960822105407715
0.61,0.75,0.39,0.61,0.9,0.86,0.14,0.56,0.13,19342,0.05960822105407715
0.6,0.75,0.39,0.61,0.9,0.86,0.14,0.56,0.13,19435,0.06059408187866211
0.61,0.76,0.39,0.62,0.9,0.86,0.13,0.56,0.13,19318,0.06059408187866211
0.61,0.76,0.39,0.62,0.9,0.86,0.14,0.55,0.13,19043,0.06059408187866211
0.61,0.75,0.4,0.61,0.9,0.86,0.14,0.56,0.13,18930,0.061597585678100586
0.6,0.76,0.4,0.61,0.9,0.86,0.13,0.55,0.13,18759,0.061597585678100586
0.61,0.75,0.39,0.61,0.9,0.86,0.14,0.55,0.13,18758,0.061597585678100586
0.61,0.75,0.39,0.62,0.9,0.86,0.14,0.55,0.13,19005,0.06259727478027344
0.61,0.76,0.4,0.61,0.9,0.87,0.14,0.55,0.13,18446,0.06259727478027344
0.61,0.76,0.4,0.62,0.9,0.86,0.13,0.55,0.13,18323,0.06259727478027344
0.6,0.76,0.39,0.61,0.89,0.86,0.14,0.55,0.13,18768,0.0638892650604248
0.6,0.76,0.4,0.61,0.9,0.87,0.14,0.55,0.13,18927,0.0638892650604248
0.6,0.76,0.4,0.61,0.9,0.87,0.14,0.55,0.13,19242,0.0638892650604248
0.6,0.76,0.39,0.62,0.9,0.86,0.14,0.54,0.13,18517,0.06489062309265137
0.6,0.75,0.39,0.61,0.9,0.86,0.14,0.55,0.13,18304,0.06489062309265137
0.61,0.76,0.4,0.62,0.89,0.87,0.14,0.55,0.13,18749,0.06489062309265137
0.61,0.76,0.4,0.61,0.89,0.86,0.14,0.54,0.13,19046,0.06589007377624512
0.6,0.76,0.4,0.61,0.89,0.86,0.14,0.55,0.13,18901,0.06589007377624512
0.61,0.76,0.4,0.61,0.89,0.86,0.14,0.55,0.13,18950,0.06589007377624512
0.61,0.76,0.39,0.61,0.9,0.86,0.14,0.55,0.13,18789,0.06688976287841797
0.61,0.76,0.39,0.61,0.9,0.86,0.14,0.55,0.13,18432,0.06688976287841797
0.61,0.76,0.39,0.62,0.89,0.86,0.14,0.54,0.13,18709,0.06789445877075195
0.6,0.76,0.39,0.61,0.89,0.86,0.14,0.55,0.13,18972,0.06789445877075195
0.61,0.76,0.4,0.61,0.89,0.86,0.14,0.55,0.13,19209,0.06789445877075195
0.62,0.76,0.39,0.61,0.89,0.86,0.14,0.55,0.13,19490,0.06888651847839355
0.61,0.76,0.4,0.61,0.89,0.86,0.14,0.55,0.13,19211,0.06888651847839355
0.62,0.76,0.39,0.61,0.89,0.87,0.14,0.54,0.13,19208,0.06888651847839355
0.61,0.76,0.39,0.6,0.89,0.86,0.14,0.55,0.13,18879,0.06989026069641113
0.59,0.76,0.4,0.61,0.89,0.87,0.14,0.55,0.13,18642,0.07009720802307129
0.61,0.76,0.39,0.61,0.89,0.87,0.14,0.55,0.13,19233,0.07009720802307129
0.61,0.76,0.39,0.61,0.89,0.86,0.14,0.55,0.13,19514,0.07115530967712402
0.6,0.76,0.4,0.61,0.89,0.86,0.14,0.55,0.13,19307,0.07115530967712402
0.6,0.76,0.4,0.62,0.89,0.86,0.14,0.55,0.13,18868,0.07115530967712402
0.61,0.76,0.4,0.61,0.89,0.87,0.14,0.54,0.13,18893,0.07215166091918945
0.61,0.76,0.4,0.61,0.89,0.87,0.13,0.55,0.13,18630,0.07215166091918945
0.62,0.76,0.4,0.61,0.88,0.87,0.13,0.55,0.13,18851,0.07215166091918945
0.62,0.76,0.4,0.61,0.88,0.87,0.14,0.55,0.13,19064,0.07314634323120117
0.61,0.76,0.4,0.61,0.89,0.87,0.14,0.54,0.13,19229,0.07314634323120117
0.62,0.77,0.4,0.61,0.89,0.87,0.14,0.55,0.13,18976,0.07314634323120117
0.62,0.76,0.4,0.61,0.89,0.87,0.14,0.55,0.13,18789,0.07414627075195312
0.62,0.76,0.4,0.61,0.89,0.87,0.14,0.54,0.13,18600,0.07414627075195312
0.62,0.76,0.4,0.61,0.89,0.87,0.14,0.54,0.13,18929,0.07514357566833496
0.61,0.76,0.4,0.61,0.89,0.87,0.14,0.54,0.13,18936,0.07521271705627441
0.62,0.77,0.4,0.62,0.89,0.87,0.15,0.55,0.13,18851,0.07521271705627441
0.62,0.76,0.4,0.62,0.89,0.87,0.15,0.55,0.13,18458,0.07625102996826172
0.62,0.76,0.4,0.62,0.89,0.87,0.15,0.54,0.13,18515,0.07625102996826172
0.62,0.76,0.4,0.62,0.89,0.87,0.14,0.55,0.13,18946,0.07625102996826172
0.61,0.76,0.4,0.61,0.89,0.87,0.14,0.55,0.13,19029,0.07723736763000488
0.61,0.77,0.4,0.62,0.89,0.87,0.14,0.55,0.13,18694,0.07723736763000488
0.61,0.77,0.4,0.61,0.88,0.87,0.14,0.55,0.13,19119,0.07723736763000488
0.6,0.76,0.4,0.61,0.88,0.87,0.14,0.55,0.13,18974,0.07824063301086426
0.6,0.76,0.4,0.61,0.89,0.87,0.14,0.55,0.13,18761,0.07824063301086426
0.62,0.77,0.4,0.62,0.89,0.87,0.14,0.55,0.13,19176,0.07824063301086426
0.6,0.77,0.4,0.61,0.89,0.87,0.14,0.54,0.13,18837,0.07924079895019531
0.6,0.77,0.4,0.61,0.89,0.87,0.14,0.54,0.13,19086,0.07924079895019531
0.62,0.77,0.41,0.61,0.89,0.87,0.14,0.54,0.13,19013,0.07924079895019531
0.61,0.77,0.4,0.62,0.89,0.87,0.14,0.55,0.13,19354,0.08040165901184082
0.61,0.77,0.4,0.61,0.89,0.87,0.14,0.54,0.13,19189,0.08040165901184082
0.61,0.77,0.4,0.62,0.89,0.87,0.13,0.54,0.13,19086,0.08040165901184082
0.6,0.76,0.41,0.62,0.89,0.87,0.13,0.54,0.13,18945,0.08140277862548828
0.61,0.77,0.4,0.62,0.89,0.87,0.13,0.55,0.13,18662,0.08211445808410645
0.59,0.77,0.4,0.62,0.89,0.87,0.13,0.54,0.13,18297,0.08239984512329102
0.6,0.77,0.4,0.61,0.9,0.87,0.14,0.55,0.13,18592,0.08239984512329102
0.6,0.77,0.4,0.62,0.89,0.87,0.14,0.54,0.13,18683,0.08239984512329102
0.6,0.77,0.4,0.61,0.9,0.87,0.13,0.55,0.13,19384,0.08340287208557129
0.61,0.77,0.4,0.62,0.9,0.87,0.12,0.55,0.13,19309,0.0839231014251709
0.6,0.77,0.4,0.61,0.9,0.87,0.14,0.55,0.13,19416,0.0839231014251709
0.61,0.76,0.4,0.62,0.9,0.87,0.14,0.55,0.13,18959,0.08492898941040039
0.61,0.77,0.4,0.62,0.9,0.87,0.14,0.54,0.13,18480,0.08492898941040039
0.61,0.77,0.4,0.61,0.89,0.87,0.14,0.55,0.13,18277,0.08492898941040039
0.61,0.77,0.4,0.61,0.89,0.87,0.14,0.55,0.13,19140,0.08600854873657227
0.6,0.76,0.4,0.62,0.89,0.87,0.14,0.55,0.13,19687,0.08600854873657227
0.61,0.76,0.4,0.61,0.9,0.87,0.14,0.54,0.13,18870,0.08600854873657227
0.61,0.75,0.4,0.61,0.9,0.87,0.14,0.55,0.13,19031,0.08706259727478027
0.61,0.76,0.4,0.62,0.9,0.88,0.14,0.54,0.13,18990,0.08706259727478027
0.62,0.76,0.4,0.62,0.9,0.87,0.14,0.55,0.13,18919,0.08706259727478027
0.62,0.76,0.41,0.62,0.9,0.87,0.14,0.55,0.13,18782,0.08804965019226074
0.62,0.76,0.4,0.62,0.9,0.87,0.14,0.55,0.13,19001,0.08804965019226074
0.62,0.76,0.41,0.62,0.9,0.87,0.13,0.55,0.13,19196,0.08804965019226074
0.61,0.77,0.41,0.62,0.89,0.87,0.14,0.55,0.13,18581,0.08909392356872559
0.61,0.76,0.41,0.61,0.9,0.87,0.14,0.54,0.13,18510,0.08909392356872559
0.61,0.76,0.41,0.62,0.9,0.87,0.14,0.54,0.13,19137,0.08909392356872559
0.62,0.77,0.41,0.62,0.9,0.87,0.14,0.55,0.13,19012,0.09005284309387207
0.61,0.76,0.41,0.62,0.9,0.87,0.14,0.55,0.13,19097,0.09005284309387207
0.62,0.76,0.41,0.62,0.89,0.87,0.14,0.55,0.14,19336,0.09104752540588379
0.61,0.76,0.41,0.62,0.9,0.87,0.14,0.55,0.13,19421,0.09104752540588379
0.62,0.75,0.41,0.62,0.9,0.87,0.14,0.55,0.14,19170,0.09104752540588379
0.62,0.76,0.41,0.62,0.89,0.87,0.14,0.55,0.13,19211,0.09205484390258789
0.6,0.76,0.4,0.61,0.9,0.87,0.14,0.55,0.13,19266,0.09205484390258789
0.61,0.76,0.41,0.61,0.9,0.87,0.14,0.55,0.14,19019,0.09205484390258789
0.61,0.76,0.41,0.61,0.9,0.87,0.14,0.55,0.13,18672,0.0930476188659668
0.6,0.76,0.41,0.62,0.9,0.87,0.14,0.55,0.13,18965,0.0930476188659668
0.62,0.76,0.4,0.61,0.9,0.87,0.14,0.55,0.13,18964,0.0930476188659668
0.62,0.76,0.41,0.62,0.9,0.87,0.14,0.55,0.13,19171,0.0940561294555664
0.62,0.76,0.4,0.61,0.9,0.88,0.14,0.53,0.13,19050,0.0940561294555664
0.62,0.76,0.4,0.61,0.9,0.87,0.14,0.55,0.13,19007,0.0940561294555664
0.62,0.76,0.41,0.62,0.9,0.88,0.14,0.55,0.13,19208,0.09505605697631836
0.61,0.76,0.4,0.62,0.9,0.88,0.14,0.55,0.13,19119,0.09505605697631836
0.62,0.77,0.4,0.61,0.89,0.88,0.14,0.55,0.13,18846,0.09606432914733887
0.6,0.77,0.4,0.61,0.9,0.88,0.14,0.55,0.13,18643,0.0962979793548584
0.62,0.76,0.4,0.62,0.9,0.88,0.14,0.56,0.13,19040,0.0962979793548584
0.61,0.76,0.41,0.61,0.89,0.87,0.14,0.55,0.13,18977,0.0962979793548584
0.62,0.76,0.4,0.61,0.9,0.87,0.14,0.55,0.13,18950,0.09730410575866699
0.62,0.76,0.4,0.61,0.9,0.87,0.14,0.55,0.13,19199,0.09730410575866699
0.62,0.76,0.4,0.61,0.9,0.88,0.14,0.55,0.13,19006,0.09828948974609375
0.62,0.77,0.4,0.61,0.9,0.87,0.14,0.55,0.13,19201,0.09828948974609375
0.62,0.76,0.4,0.61,0.91,0.87,0.14,0.55,0.13,19476,0.09828948974609375
0.62,0.77,0.4,0.62,0.9,0.87,0.14,0.55,0.13,19097,0.09928750991821289
0.62,0.77,0.4,0.62,0.91,0.88,0.14,0.55,0.13,18958,0.09928750991821289
0.62,0.77,0.4,0.62,0.91,0.87,0.14,0.55,0.13,18881,0.09928750991821289
0.62,0.77,0.4,0.62,0.9,0.88,0.14,0.55,0.13,18854,0.1002955436706543
0.62,0.76,0.41,0.62,0.91,0.88,0.14,0.55,0.14,19227,0.1002955436706543
0.61,0.77,0.4,0.62,0.91,0.88,0.14,0.56,0.14,19126,0.1002955436706543
0.62,0.77,0.4,0.62,0.91,0.88,0.14,0.55,0.13,18935,0.10129165649414062
0.61,0.77,0.4,0.62,0.9,0.88,0.14,0.55,0.13,19206,0.10129165649414062
0.61,0.77,0.39,0.62,0.9,0.88,0.14,0.55,0.13,18855,0.10228776931762695
0.61,0.77,0.39,0.62,0.9,0.88,0.14,0.55,0.13,18970,0.10240983963012695
0.61,0.77,0.4,0.62,0.9,0.88,0.14,0.55,0.14,19077,0.10240983963012695
0.62,0.77,0.4,0.62,0.9,0.88,0.14,0.55,0.13,19130,0.10240983963012695
0.62,0.76,0.39,0.62,0.9,0.88,0.14,0.55,0.13,18305,0.10342645645141602
0.6,0.76,0.39,0.61,0.9,0.88,0.14,0.55,0.13,18554,0.10342645645141602
0.61,0.77,0.4,0.61,0.9,0.87,0.14,0.55,0.13,18923,0.10441112518310547
0.61,0.77,0.4,0.62,0.9,0.88,0.14,0.55,0.13,18950,0.10441112518310547
0.62,0.77,0.39,0.62,0.9,0.87,0.14,0.55,0.13,19189,0.10441112518310547
0.63,0.77,0.4,0.62,0.9,0.87,0.13,0.55,0.13,19024,0.10541105270385742
0.63,0.77,0.4,0.62,0.9,0.87,0.14,0.55,0.13,18837,0.10541105270385742
0.62,0.77,0.4,0.61,0.9,0.88,0.14,0.55,0.13,18906,0.10541105270385742
0.63,0.77,0.4,0.61,0.9,0.88,0.14,0.55,0.13,18951,0.10640954971313477
0.63,0.77,0.41,0.61,0.9,0.87,0.14,0.55,0.13,19244,0.10640954971313477
0.62,0.77,0.4,0.6,0.9,0.87,0.14,0.55,0.13,18975,0.10640954971313477
0.62,0.77,0.4,0.61,0.9,0.88,0.14,0.55,0.13,18994,0.10640954971313477
0.62,0.77,0.4,0.61,0.91,0.87,0.13,0.55,0.13,18855,0.10791754722595215
0.62,0.77,0.4,0.61,0.9,0.87,0.14,0.55,0.14,19398,0.10791754722595215
0.62,0.77,0.4,0.61,0.9,0.87,0.14,0.55,0.14,19609,0.10791754722595215
0.63,0.77,0.41,0.6,0.9,0.87,0.13,0.55,0.14,19320,0.10893917083740234
0.63,0.77,0.4,0.61,0.9,0.87,0.14,0.55,0.14,19289,0.10893917083740234
0.63,0.78,0.4,0.6,0.9,0.87,0.14,0.56,0.14,19200,0.10893917083740234
0.62,0.77,0.4,0.61,0.91,0.87,0.13,0.55,0.14,19135,0.1099252700805664
0.63,0.76,0.41,0.6,0.91,0.87,0.14,0.56,0.14,19306,0.1099252700805664
0.61,0.76,0.4,0.59,0.91,0.87,0.13,0.56,0.14,19149,0.1099252700805664
0.62,0.76,0.4,0.6,0.9,0.87,0.14,0.56,0.14,19024,0.11092853546142578
0.62,0.77,0.4,0.6,0.91,0.87,0.14,0.56,0.14,18927,0.11092853546142578
0.61,0.77,0.4,0.61,0.9,0.87,0.14,0.56,0.13,19010,0.11192846298217773
0.62,0.77,0.4,0.61,0.9,0.87,0.14,0.56,0.14,19039,0.11192846298217773
0.62,0.77,0.4,0.61,0.9,0.87,0.14,0.56,0.14,18876,0.11192846298217773
0.63,0.77,0.4,0.61,0.91,0.87,0.14,0.56,0.14,18937,0.11302471160888672
0.63,0.77,0.4,0.61,0.91,0.87,0.14,0.56,0.14,19248,0.1130819320678711
0.62,0.77,0.4,0.61,0.9,0.87,0.14,0.56,0.14,19133,0.1130819320678711
0.62,0.77,0.4,0.61,0.91,0.87,0.14,0.56,0.14,18410,0.11410951614379883
0.62,0.77,0.4,0.6,0.91,0.87,0.14,0.56,0.14,18273,0.11410951614379883
0.63,0.76,0.39,0.6,0.91,0.87,0.14,0.56,0.14,18998,0.11410951614379883
0.63,0.77,0.4,0.61,0.91,0.87,0.14,0.56,0.13,19111,0.1150808334350586
0.64,0.77,0.4,0.61,0.9,0.87,0.14,0.56,0.13,18854,0.1150808334350586
0.64,0.76,0.4,0.61,0.91,0.87,0.14,0.56,0.14,19165,0.1150808334350586
0.64,0.76,0.4,0.61,0.91,0.87,0.14,0.57,0.14,19522,0.11608052253723145
0.63,0.77,0.4,0.61,0.91,0.87,0.14,0.57,0.14,19319,0.11608052253723145
0.64,0.77,0.4,0.61,0.9,0.87,0.14,0.57,0.14,18698,0.11608052253723145
0.64,0.77,0.4,0.61,0.91,0.87,0.14,0.56,0.14,18445,0.11708950996398926
0.63,0.76,0.4,0.6,0.91,0.87,0.14,0.56,0.14,18576,0.11708950996398926
0.64,0.77,0.4,0.61,0.91,0.87,0.13,0.56,0.13,18709,0.11708950996398926
0.64,0.76,0.4,0.61,0.9,0.87,0.14,0.56,0.13,18996,0.11808109283447266
0.63,0.77,0.4,0.61,0.9,0.87,0.14,0.56,0.13,19077,0.11808109283447266
0.63,0.78,0.4,0.61,0.91,0.87,0.14,0.56,0.13,18768,0.11908912658691406
0.64,0.77,0.39,0.6,0.9,0.87,0.14,0.56,0.13,18727,0.11926388740539551
0.65,0.77,0.4,0.61,0.9,0.87,0.14,0.56,0.13,18900,0.11926388740539551
0.64,0.77,0.39,0.6,0.91,0.87,0.14,0.56,0.13,18865,0.11926388740539551
0.64,0.77,0.4,0.61,0.91,0.87,0.14,0.56,0.13,18896,0.12027120590209961
0.64,0.77,0.4,0.6,0.9,0.87,0.14,0.56,0.13,18703,0.12027120590209961
0.63,0.77,0.4,0.61,0.91,0.88,0.14,0.56,0.13,18588,0.1212613582611084
0.63,0.76,0.39,0.61,0.9,0.87,0.14,0.56,0.13,18851,0.1212613582611084
0.64,0.77,0.4,0.61,0.9,0.87,0.14,0.56,0.13,18924,0.1212613582611084
0.64,0.77,0.4,0.6,0.91,0.87,0.14,0.56,0.13,18959,0.1222693920135498
0.64,0.77,0.39,0.61,0.9,0.87,0.14,0.56,0.13,18706,0.1222693920135498
0.64,0.77,0.39,0.61,0.9,0.87,0.15,0.56,0.13,18613,0.1222693920135498
0.65,0.77,0.4,0.6,0.91,0.87,0.14,0.56,0.13,18874,0.12326335906982422
0.64,0.77,0.39,0.61,0.9,0.87,0.14,0.56,0.13,18841,0.12326335906982422
0.63,0.76,0.39,0.61,0.9,0.87,0.14,0.56,0.13,19000,0.12326335906982422
0.64,0.77,0.4,0.61,0.9,0.87,0.14,0.56,0.13,19151,0.12425923347473145
0.64,0.77,0.4,0.61,0.91,0.87,0.14,0.56,0.13,18832,0.12425923347473145
0.62,0.76,0.4,0.61,0.91,0.87,0.14,0.55,0.13,18895,0.12425923347473145
0.63,0.76,0.4,0.61,0.9,0.87,0.14,0.56,0.13,19196,0.12526631355285645
0.63,0.76,0.4,0.61,0.9,0.87,0.14,0.56,0.13,18899,0.12526631355285645
0.63,0.76,0.4,0.61,0.91,0.87,0.14,0.56,0.13,18546,0.12627172470092773
0.63,0.76,0.4,0.61,0.91,0.87,0.14,0.56,0.13,18735,0.12627172470092773
0.64,0.76,0.4,0.61,0.91,0.87,0.14,0.56,0.14,18980,0.12627172470092773
0.62,0.76,0.4,0.62,0.91,0.87,0.14,0.57,0.13,19061,0.12726330757141113
0.63,0.76,0.4,0.61,0.9,0.87,0.14,0.56,0.13,18758,0.12726330757141113
0.64,0.76,0.4,0.61,0.91,0.87,0.14,0.55,0.13,19039,0.12726330757141113
0.64,0.76,0.4,0.61,0.91,0.87,0.14,0.56,0.13,19210,0.12826299667358398
0.63,0.76,0.4,0.61,0.91,0.87,0.14,0.56,0.13,18649,0.12826299667358398
0.63,0.76,0.4,0.61,0.91,0.87,0.14,0.56,0.13,18238,0.1292729377746582
0.63,0.76,0.4,0.61,0.91,0.87,0.14,0.56,0.13,18527,0.1292729377746582
0.63,0.76,0.4,0.61,0.91,0.86,0.14,0.56,0.13,19018,0.1292729377746582
0.63,0.77,0.4,0.61,0.91,0.87,0.14,0.55,0.13,19065,0.13025903701782227
0.63,0.76,0.4,0.62,0.91,0.87,0.14,0.56,0.13,18946,0.13025903701782227
0.63,0.76,0.41,0.62,0.91,0.86,0.14,0.56,0.14,18877,0.13025903701782227
0.63,0.76,0.4,0.61,0.91,0.87,0.14,0.56,0.13,19376,0.13146185874938965
0.62,0.76,0.4,0.62,0.91,0.87,0.14,0.56,0.13,19397,0.13153457641601562
0.63,0.76,0.41,0.62,0.91,0.87,0.14,0.56,0.13,18992,0.13153457641601562
0.62,0.76,0.4,0.62,0.91,0.87,0.14,0.56,0.13,18841,0.13253545761108398
0.62,0.76,0.4,0.62,0.9,0.87,0.14,0.56,0.13,18432,0.13253545761108398
0.63,0.77,0.4,0.61,0.91,0.86,0.14,0.56,0.14,18387,0.13253545761108398
0.62,0.77,0.4,0.61,0.91,0.87,0.14,0.56,0.13,18862,0.13353943824768066
0.63,0.77,0.4,0.61,0.9,0.87,0.14,0.56,0.13,18723,0.13353943824768066
0.62,0.77,0.4,0.61,0.91,0.87,0.14,0.56,0.13,18832,0.13353943824768066
0.64,0.77,0.4,0.61,0.91,0.87,0.14,0.56,0.13,18999,0.1345353126525879
0.63,0.77,0.39,0.61,0.91,0.87,0.14,0.57,0.13,19282,0.1345353126525879
0.64,0.77,0.4,0.61,0.91,0.87,0.14,0.56,0.13,19309,0.1345353126525879
0.64,0.77,0.4,0.61,0.91,0.87,0.14,0.56,0.13,19304,0.13553524017333984
0.63,0.77,0.4,0.61,0.92,0.87,0.14,0.56,0.13,19045,0.13553524017333984
0.62,0.78,0.4,0.61,0.92,0.87,0.14,0.56,0.13,18230,0.1365351676940918
0.62,0.76,0.4,0.61,0.92,0.87,0.15,0.56,0.13,18567,0.1365351676940918
0.63,0.77,0.4,0.61,0.91,0.87,0.14,0.56,0.13,19232,0.1365351676940918
0.63,0.76,0.4,0.62,0.92,0.87,0.14,0.56,0.13,19319,0.13754534721374512
0.63,0.77,0.41,0.61,0.92,0.87,0.14,0.56,0.13,18860,0.13754534721374512
0.63,0.77,0.4,0.61,0.91,0.86,0.14,0.55,0.13,18709,0.13754534721374512
0.63,0.77,0.4,0.61,0.91,0.86,0.14,0.56,0.13,18772,0.1385354995727539
0.63,0.77,0.4,0.6,0.91,0.87,0.14,0.56,0.13,18721,0.1385354995727539
0.64,0.77,0.41,0.6,0.92,0.86,0.14,0.56,0.13,18566,0.1385354995727539
0.63,0.77,0.41,0.6,0.92,0.87,0.14,0.55,0.13,18773,0.13953423500061035
0.62,0.77,0.41,0.61,0.92,0.87,0.14,0.55,0.13,19084,0.13953423500061035
0.64,0.77,0.41,0.61,0.92,0.86,0.14,0.56,0.13,19065,0.13953423500061035
0.64,0.77,0.41,0.61,0.91,0.86,0.14,0.56,0.13,18980,0.1405353546142578
0.64,0.77,0.4,0.61,0.91,0.86,0.14,0.55,0.13,19009,0.1405353546142578
0.64,0.77,0.41,0.61,0.91,0.87,0.14,0.56,0.12,19114,0.1405353546142578
0.63,0.77,0.41,0.61,0.91,0.87,0.14,0.55,0.13,18867,0.14162087440490723
0.65,0.77,0.41,0.61,0.91,0.87,0.14,0.56,0.13,18418,0.14162087440490723
0.64,0.77,0.4,0.61,0.91,0.87,0.14,0.56,0.13,18643,0.14162087440490723
0.63,0.77,0.4,0.61,0.91,0.87,0.14,0.56,0.13,18978,0.14267182350158691
0.64,0.77,0.4,0.61,0.92,0.86,0.14,0.56,0.13,18637,0.14267182350158691
0.64,0.77,0.4,0.6,0.91,0.86,0.14,0.56,0.13,18690,0.14367198944091797
0.65,0.78,0.4,0.61,0.91,0.87,0.14,0.56,0.13,19087,0.14367198944091797
0.65,0.78,0.4,0.61,0.91,0.87,0.15,0.56,0.13,19274,0.14367198944091797
0.64,0.78,0.4,0.6,0.91,0.87,0.14,0.56,0.13,18967,0.14467382431030273
0.65,0.78,0.4,0.61,0.91,0.87,0.14,0.56,0.13,19038,0.14467382431030273
0.65,0.78,0.4,0.61,0.9,0.87,0.15,0.56,0.13,19133,0.14467382431030273
0.64,0.78,0.4,0.61,0.9,0.87,0.14,0.56,0.13,18848,0.1456756591796875
0.64,0.78,0.4,0.61,0.9,0.86,0.14,0.56,0.13,18469,0.1456756591796875
0.65,0.78,0.4,0.6,0.9,0.86,0.14,0.56,0.13,18678,0.1456756591796875
0.65,0.78,0.4,0.61,0.9,0.87,0.14,0.56,0.13,19399,0.1466677188873291
0.65,0.78,0.4,0.61,0.89,0.86,0.14,0.56,0.13,19450,0.1466677188873291
0.65,0.78,0.41,0.6,0.9,0.87,0.14,0.56,0.13,19319,0.1466677188873291
0.65,0.78,0.4,0.6,0.9,0.87,0.14,0.56,0.13,19250,0.14767169952392578
0.65,0.78,0.41,0.6,0.9,0.87,0.14,0.56,0.13,19141,0.14767169952392578
0.65,0.78,0.4,0.6,0.9,0.87,0.14,0.55,0.13,18966,0.14867138862609863
0.64,0.78,0.4,0.59,0.9,0.86,0.14,0.56,0.13,18903,0.14867138862609863
0.65,0.78,0.4,0.6,0.9,0.87,0.14,0.56,0.13,18914,0.14867138862609863
0.65,0.78,0.4,0.6,0.9,0.87,0.15,0.56,0.13,18855,0.1496748924255371
0.64,0.78,0.4,0.61,0.9,0.87,0.14,0.56,0.13,19016,0.1496748924255371
0.64,0.78,0.4,0.61,0.9,0.87,0.14,0.56,0.13,19171,0.1496748924255371
0.65,0.78,0.4,0.6,0.9,0.87,0.14,0.56,0.13,19072,0.15066814422607422
0.65,0.78,0.4,0.61,0.9,0.87,0.14,0.56,0.13,18547,0.15066814422607422
0.65,0.78,0.4,0.6,0.9,0.86,0.14,0.55,0.13,18700,0.15066814422607422
0.63,0.78,0.4,0.61,0.9,0.87,0.14,0.55,0.12,19339,0.1516714096069336
0.64,0.79,0.4,0.6,0.9,0.87,0.14,0.56,0.13,19338,0.1516714096069336
0.65,0.78,0.4,0.6,0.9,0.87,0.14,0.56,0.13,18891,0.15267324447631836
0.64,0.78,0.4,0.6,0.9,0.87,0.14,0.55,0.13,18942,0.15267324447631836
0.64,0.78,0.4,0.6,0.9,0.87,0.14,0.55,0.13,18819,0.15267324447631836
0.64,0.78,0.4,0.61,0.91,0.87,0.14,0.55,0.13,19024,0.15367555618286133
0.65,0.78,0.41,0.6,0.9,0.87,0.13,0.55,0.13,19237,0.15367555618286133
0.65,0.78,0.4,0.61,0.91,0.87,0.14,0.55,0.13,19518,0.15367555618286133
0.64,0.78,0.41,0.6,0.91,0.87,0.14,0.55,0.13,19117,0.1546783447265625
0.62,0.78,0.4,0.61,0.9,0.87,0.14,0.56,0.13,18898,0.1546783447265625
0.64,0.78,0.4,0.61,0.91,0.87,0.14,0.55,0.13,19167,0.1546783447265625
0.63,0.78,0.4,0.61,0.91,0.87,0.14,0.56,0.13,18994,0.15571284294128418
0.63,0.78,0.41,0.61,0.91,0.87,0.13,0.55,0.13,19131,0.15571284294128418
0.63,0.77,0.41,0.61,0.91,0.87,0.14,0.55,0.13,18620,0.15571284294128418
0.63,0.78,0.4,0.61,0.9,0.87,0.15,0.55,0.13,18699,0.15666794776916504
0.64,0.78,0.4,0.6,0.9,0.87,0.14,0.55,0.13,18878,0.15666794776916504
0.63,0.78,0.4,0.61,0.91,0.87,0.14,0.55,0.13,18861,0.15767478942871094
0.62,0.78,0.4,0.61,0.9,0.87,0.14,0.55,0.13,18672,0.15796613693237305
0.64,0.78,0.4,0.61,0.91,0.88,0.14,0.55,0.13,19219,0.15796613693237305
0.64,0.78,0.4,0.62,0.91,0.87,0.15,0.56,0.13,18988,0.15796613693237305
0.62,0.78,0.4,0.62,0.91,0.87,0.13,0.55,0.13,18731,0.1589674949645996
0.62,0.78,0.4,0.61,0.91,0.87,0.14,0.56,0.13,18872,0.1589674949645996
0.67,0.78,0.44,0.64,0.94,0.88,0.15,0.61,0.16,18747,0.15997648239135742
0.67,0.78,0.44,0.64,0.94,0.88,0.15,0.61,0.15,19080,0.15997648239135742
0.67,0.78,0.44,0.64,0.94,0.88,0.15,0.61,0.15,19231,0.160963773727417
0.67,0.78,0.44,0.64,0.94,0.88,0.15,0.61,0.16,19002,0.160963773727417
0.68,0.78,0.44,0.64,0.94,0.87,0.16,0.61,0.15,18877,0.160963773727417
0.67,0.78,0.43,0.64,0.94,0.88,0.15,0.61,0.16,18616,0.1619713306427002
0.67,0.78,0.43,0.64,0.94,0.88,0.16,0.61,0.15,18705,0.1619713306427002
0.67,0.78,0.44,0.63,0.94,0.88,0.16,0.61,0.15,18314,0.1619713306427002
0.67,0.77,0.44,0.64,0.94,0.88,0.16,0.61,0.15,18469,0.1629636287689209
0.67,0.77,0.44,0.63,0.94,0.88,0.15,0.61,0.16,18768,0.1629636287689209
0.68,0.78,0.44,0.64,0.94,0.88,0.15,0.61,0.15,18471,0.1629636287689209
0.67,0.78,0.44,0.64,0.94,0.88,0.16,0.6,0.15,18792,0.1641862392425537
0.67,0.77,0.44,0.64,0.94,0.88,0.15,0.61,0.15,18827,0.16424131393432617
0.67,0.78,0.44,0.64,0.94,0.88,0.15,0.61,0.15,18658,0.16424131393432617
0.67,0.77,0.44,0.64,0.94,0.88,0.15,0.61,0.16,18251,0.16525053977966309
0.67,0.77,0.44,0.64,0.94,0.88,0.16,0.61,0.15,18536,0.16525053977966309
0.67,0.77,0.44,0.64,0.94,0.88,0.16,0.61,0.16,18859,0.16525053977966309
0.67,0.78,0.44,0.64,0.94,0.88,0.16,0.61,0.16,18958,0.1662461757659912
0.67,0.77,0.44,0.64,0.94,0.88,0.15,0.61,0.16,18731,0.1662461757659912
0.67,0.78,0.44,0.64,0.94,0.88,0.15,0.61,0.16,18518,0.1662461757659912
0.66,0.77,0.44,0.63,0.94,0.88,0.15,0.61,0.16,18897,0.1672382354736328
0.66,0.77,0.44,0.64,0.93,0.88,0.15,0.61,0.16,19086,0.1672382354736328
0.66,0.77,0.44,0.64,0.94,0.88,0.16,0.61,0.16,19009,0.1672382354736328
0.67,0.77,0.44,0.64,0.94,0.88,0.16,0.61,0.16,18978,0.1682417392730713
0.67,0.77,0.44,0.64,0.94,0.88,0.15,0.61,0.16,19161,0.1682417392730713
0.67,0.77,0.43,0.64,0.94,0.88,0.15,0.61,0.16,19002,0.16924166679382324
0.66,0.77,0.44,0.64,0.94,0.88,0.16,0.61,0.16,19205,0.1693727970123291
0.67,0.77,0.44,0.64,0.94,0.88,0.15,0.61,0.16,18984,0.1693727970123291
0.65,0.77,0.44,0.63,0.94,0.88,0.16,0.61,0.16,18907,0.17038369178771973
0.66,0.77,0.44,0.64,0.94,0.88,0.15,0.61,0.16,19020,0.17038369178771973
0.65,0.78,0.44,0.63,0.94,0.88,0.15,0.61,0.16,19425,0.17038369178771973
0.65,0.78,0.44,0.63,0.95,0.88,0.15,0.61,0.15,18770,0.1713700294494629
0.65,0.78,0.44,0.63,0.94,0.88,0.15,0.61,0.16,19003,0.1713700294494629
0.66,0.78,0.44,0.63,0.94,0.88,0.15,0.61,0.16,19090,0.1713700294494629
0.64,0.78,0.44,0.62,0.94,0.88,0.15,0.61,0.16,19145,0.1723799705505371
0.66,0.78,0.44,0.63,0.94,0.88,0.16,0.61,0.16,19110,0.1723799705505371
0.67,0.78,0.44,0.63,0.94,0.88,0.16,0.61,0.16,18767,0.1723799705505371
0.66,0.78,0.44,0.62,0.94,0.88,0.16,0.61,0.16,18690,0.173384428024292
0.66,0.78,0.44,0.62,0.94,0.88,0.16,0.61,0.16,18955,0.173384428024292
0.67,0.77,0.44,0.62,0.94,0.88,0.16,0.61,0.16,18986,0.173384428024292
0.66,0.78,0.44,0.62,0.94,0.88,0.16,0.61,0.15,18801,0.17437171936035156
0.67,0.78,0.44,0.63,0.94,0.88,0.15,0.61,0.16,18318,0.17792391777038574
0.66,0.78,0.44,0.64,0.94,0.88,0.16,0.61,0.16,18993,0.17895865440368652
0.66,0.77,0.44,0.63,0.94,0.88,0.16,0.6,0.16,18880,0.18196964263916016
0.66,0.78,0.44,0.62,0.94,0.88,0.16,0.61,0.16,18749,0.18617653846740723
0.66,0.77,0.44,0.63,0.94,0.88,0.16,0.61,0.16,18696,0.19023704528808594
0.67,0.78,0.44,0.63,0.94,0.88,0.15,0.61,0.15,18707,0.19023704528808594
0.67,0.77,0.44,0.63,0.95,0.88,0.15,0.61,0.16,18762,0.19444918632507324
0.67,0.78,0.44,0.62,0.94,0.88,0.15,0.61,0.16,18497,0.19844508171081543
0.67,0.78,0.44,0.63,0.94,0.88,0.16,0.61,0.16,18498,0.20242094993591309
0.67,0.77,0.44,0.64,0.94,0.88,0.16,0.61,0.16,18761,0.20242094993591309
0.67,0.77,0.44,0.63,0.94,0.88,0.16,0.61,0.15,18778,0.20641851425170898
0.67,0.78,0.44,0.63,0.94,0.88,0.15,0.61,0.15,19041,0.21094489097595215
0.66,0.77,0.44,0.64,0.94,0.88,0.16,0.61,0.16,18628,0.21509695053100586
0.66,0.77,0.44,0.63,0.94,0.88,0.16,0.61,0.15,18785,0.21610045433044434
0.65,0.78,0.44,0.63,0.94,0.88,0.15,0.61,0.16,18756,0.2192237377166748
0.66,0.78,0.44,0.63,0.94,0.88,0.16,0.61,0.16,18825,0.2232203483581543
0.66,0.77,0.44,0.63,0.94,0.88,0.16,0.61,0.16,19006,0.22722411155700684
0.66,0.77,0.44,0.63,0.94,0.88,0.16,0.6,0.16,19179,0.22722411155700684
0.66,0.77,0.44,0.64,0.94,0.88,0.15,0.61,0.16,18908,0.2312302589416504
0.66,0.78,0.44,0.64,0.94,0.88,0.16,0.6,0.16,18861,0.23543620109558105
0.66,0.78,0.44,0.64,0.94,0.89,0.16,0.61,0.16,19156,0.2394876480102539
0.66,0.77,0.44,0.64,0.94,0.88,0.16,0.61,0.16,19263,0.24353575706481934
0.66,0.77,0.44,0.64,0.94,0.88,0.16,0.61,0.16,18804,0.24353575706481934
0.66,0.77,0.44,0.64,0.94,0.88,0.16,0.61,0.16,18827,0.2475283145904541
0.66,0.77,0.44,0.64,0.94,0.89,0.16,0.6,0.16,19246,0.2516365051269531
0.66,0.77,0.44,0.64,0.94,0.88,0.16,0.6,0.16,19141,0.2557849884033203
0.66,0.77,0.44,0.63,0.94,0.88,0.16,0.61,0.15,18792,0.25677967071533203
0.66,0.77,0.44,0.63,0.94,0.88,0.16,0.61,0.16,18561,0.2597825527191162
0.66,0.77,0.44,0.63,0.94,0.88,0.16,0.61,0.16,18480,0.2649376392364502
0.66,0.77,0.44,0.63,0.94,0.88,0.16,0.61,0.16,18649,0.26799988746643066
0.66,0.77,0.44,0.63,0.94,0.88,0.16,0.61,0.16,18514,0.26799988746643066
0.66,0.77,0.44,0.64,0.94,0.88,0.16,0.61,0.16,18513,0.27196645736694336
0.66,0.77,0.44,0.64,0.94,0.88,0.16,0.61,0.16,18816,0.2770862579345703
0.66,0.77,0.44,0.64,0.95,0.88,0.15,0.61,0.16,18731,0.2800889015197754
0.66,0.77,0.44,0.63,0.94,0.88,0.16,0.61,0.16,19074,0.2812316417694092
0.66,0.77,0.44,0.63,0.94,0.88,0.16,0.6,0.16,19245,0.28531646728515625
0.66,0.77,0.44,0.63,0.94,0.88,0.15,0.6,0.16,18732,0.28923463821411133
0.66,0.77,0.44,0.63,0.95,0.88,0.16,0.6,0.16,18599,0.2934231758117676
0.65,0.77,0.44,0.63,0.94,0.88,0.16,0.61,0.16,18426,0.2934231758117676
0.66,0.77,0.44,0.63,0.94,0.88,0.16,0.61,0.16,18681,0.2966575622558594
0.66,0.78,0.44,0.63,0.94,0.88,0.16,0.6,0.16,19106,0.3013036251068115
0.66,0.78,0.44,0.63,0.94,0.88,0.16,0.61,0.16,19069,0.3050718307495117
0.66,0.78,0.44,0.63,0.94,0.88,0.16,0.61,0.16,18924,0.30816173553466797
0.66,0.77,0.44,0.63,0.94,0.88,0.16,0.61,0.16,19157,0.309262752532959
0.66,0.77,0.44,0.63,0.94,0.88,0.15,0.6,0.16,19230,0.3134114742279053
0.66,0.77,0.44,0.64,0.94,0.88,0.16,0.6,0.16,18999,0.31743478775024414
0.66,0.77,0.44,0.63,0.95,0.88,0.15,0.6,0.16,18910,0.320620059967041
0.66,0.78,0.44,0.64,0.94,0.88,0.15,0.61,0.16,19003,0.3216238021850586
0.66,0.78,0.44,0.64,0.95,0.88,0.16,0.6,0.16,18564,0.3258852958679199
0.66,0.78,0.44,0.63,0.95,0.88,0.15,0.6,0.16,18369,0.32988548278808594
0.66,0.78,0.44,0.64,0.95,0.88,0.16,0.6,0.16,18488,0.33304452896118164
0.65,0.78,0.44,0.64,0.95,0.88,0.15,0.6,0.15,18881,0.3341095447540283
0.66,0.78,0.44,0.64,0.94,0.88,0.16,0.6,0.16,18964,0.33768534660339355
0.67,0.78,0.44,0.64,0.94,0.88,0.16,0.6,0.16,18965,0.3417489528656006
0.66,0.77,0.44,0.64,0.94,0.88,0.15,0.6,0.16,18742,0.34572815895080566
0.66,0.77,0.44,0.64,0.94,0.88,0.16,0.6,0.16,18723,0.34572815895080566
0.66,0.78,0.44,0.64,0.94,0.88,0.16,0.6,0.16,19130,0.3507208824157715
0.65,0.78,0.44,0.64,0.94,0.88,0.16,0.6,0.16,18985,0.3557448387145996
0.65,0.78,0.44,0.63,0.94,0.88,0.16,0.6,0.16,19360,0.3582906723022461
0.65,0.77,0.44,0.64,0.94,0.88,0.15,0.6,0.16,19253,0.3582906723022461
0.66,0.78,0.44,0.63,0.94,0.88,0.16,0.61,0.16,19044,0.3633420467376709
0.66,0.78,0.44,0.63,0.94,0.88,0.16,0.6,0.16,19033,0.36704373359680176
0.66,0.77,0.44,0.63,0.94,0.88,0.16,0.6,0.16,19110,0.3708221912384033
0.66,0.78,0.44,0.63,0.94,0.88,0.15,0.6,0.16,19057,0.37453436851501465
0.66,0.77,0.44,0.63,0.94,0.88,0.16,0.6,0.16,19280,0.3755466938018799
0.66,0.78,0.44,0.64,0.94,0.88,0.16,0.6,0.16,18649,0.37964916229248047
0.66,0.78,0.44,0.63,0.94,0.88,0.16,0.6,0.16,18256,0.38373517990112305
0.66,0.77,0.44,0.63,0.94,0.87,0.15,0.6,0.16,18537,0.3869743347167969
0.66,0.78,0.44,0.64,0.94,0.88,0.15,0.6,0.16,18914,0.38773488998413086
0.66,0.78,0.44,0.64,0.94,0.88,0.16,0.61,0.16,19135,0.3918294906616211
0.66,0.78,0.44,0.62,0.94,0.88,0.16,0.6,0.16,19086,0.3952052593231201
0.66,0.77,0.44,0.63,0.95,0.88,0.16,0.61,0.16,19329,0.39940619468688965
0.65,0.77,0.44,0.63,0.94,0.88,0.16,0.61,0.16,18720,0.40026283264160156
0.65,0.77,0.44,0.63,0.94,0.88,0.15,0.6,0.16,18721,0.4032919406890869
0.65,0.78,0.44,0.63,0.95,0.88,0.16,0.6,0.16,18844,0.4069247245788574
0.66,0.78,0.44,0.63,0.95,0.88,0.15,0.6,0.16,19153,0.4110887050628662
0.66,0.78,0.44,0.63,0.94,0.88,0.16,0.6,0.16,18932,0.4110887050628662
0.66,0.78,0.44,0.63,0.94,0.88,0.16,0.6,0.16,19033,0.4160921573638916
0.66,0.78,0.44,0.64,0.94,0.89,0.16,0.6,0.15,19028,0.4201009273529053
0.66,0.78,0.44,0.63,0.94,0.88,0.16,0.6,0.16,19287,0.42328691482543945
0.65,0.78,0.44,0.63,0.95,0.88,0.16,0.6,0.16,19098,0.42429423332214355
0.66,0.78,0.44,0.63,0.95,0.88,0.16,0.6,0.16,19095,0.42830777168273926
0.65,0.77,0.44,0.63,0.95,0.88,0.16,0.6,0.16,18774,0.43239259719848633
0.66,0.78,0.44,0.63,0.95,0.88,0.16,0.6,0.16,18665,0.43639039993286133
0.66,0.78,0.44,0.63,0.95,0.88,0.16,0.6,0.16,18986,0.4373898506164551
0.67,0.78,0.44,0.63,0.95,0.88,0.15,0.6,0.16,19003,0.4403862953186035
0.67,0.78,0.44,0.63,0.94,0.88,0.16,0.6,0.16,18996,0.4445466995239258
0.66,0.78,0.44,0.63,0.95,0.88,0.16,0.6,0.16,19199,0.44875288009643555
0.66,0.78,0.44,0.63,0.94,0.88,0.15,0.6,0.16,18994,0.4523341655731201
0.66,0.78,0.44,0.63,0.94,0.88,0.15,0.6,0.16,18785,0.4533703327178955
0.66,0.78,0.43,0.63,0.95,0.88,0.16,0.6,0.16,19026,0.456406831741333
0.66,0.78,0.44,0.64,0.95,0.88,0.15,0.6,0.16,19005,0.46140408515930176
0.66,0.78,0.44,0.63,0.94,0.88,0.16,0.6,0.16,18606,0.46468615531921387
0.66,0.77,0.44,0.64,0.94,0.88,0.16,0.6,0.16,18651,0.46468615531921387
0.66,0.78,0.44,0.64,0.94,0.88,0.16,0.61,0.16,18730,0.46868348121643066
0.67,0.77,0.44,0.64,0.94,0.88,0.16,0.61,0.16,18751,0.4726839065551758
0.66,0.78,0.44,0.63,0.94,0.88,0.16,0.6,0.15,18542,0.4768552780151367
0.66,0.78,0.44,0.63,0.94,0.88,0.16,0.6,0.16,18789,0.4774165153503418
0.66,0.77,0.45,0.63,0.94,0.88,0.16,0.61,0.16,19016,0.48097777366638184
0.66,0.77,0.44,0.63,0.94,0.88,0.16,0.6,0.16,18941,0.4860048294067383
0.66,0.77,0.44,0.63,0.94,0.88,0.16,0.6,0.16,18840,0.4890100955963135
0.66,0.77,0.45,0.62,0.94,0.88,0.16,0.6,0.16,18845,0.4900045394897461
0.66,0.77,0.44,0.63,0.93,0.88,0.16,0.6,0.16,18984,0.4940190315246582
0.66,0.77,0.44,0.63,0.95,0.88,0.16,0.6,0.16,18779,0.49753737449645996
0.66,0.77,0.44,0.63,0.94,0.88,0.16,0.6,0.16,18566,0.5019564628601074
0.66,0.77,0.44,0.63,0.94,0.89,0.15,0.6,0.16,18853,0.5019564628601074
0.66,0.77,0.44,0.64,0.94,0.89,0.16,0.6,0.16,18664,0.5060703754425049
0.66,0.77,0.44,0.64,0.94,0.88,0.16,0.6,0.15,18719,0.5096533298492432
0.66,0.77,0.44,0.64,0.94,0.88,0.15,0.6,0.16,18968,0.5137670040130615
0.66,0.77,0.44,0.64,0.95,0.88,0.15,0.6,0.16,19123,0.5137670040130615
0.66,0.77,0.44,0.63,0.95,0.88,0.15,0.6,0.16,19300,0.5178618431091309
0.66,0.77,0.44,0.64,0.95,0.88,0.16,0.6,0.16,19047,0.522895097732544
0.66,0.77,0.44,0.64,0.95,0.88,0.16,0.6,0.15,18972,0.5259687900543213
0.66,0.77,0.44,0.64,0.95,0.89,0.15,0.6,0.16,18969,0.5304591655731201
0.66,0.77,0.44,0.63,0.95,0.88,0.16,0.61,0.16,19072,0.5315253734588623
0.66,0.77,0.44,0.64,0.95,0.89,0.15,0.6,0.16,19073,0.534379243850708
0.66,0.77,0.44,0.64,0.95,0.88,0.16,0.6,0.16,18552,0.5396740436553955
0.66,0.77,0.43,0.64,0.95,0.88,0.15,0.6,0.16,18811,0.542060136795044
0.66,0.77,0.43,0.64,0.95,0.89,0.16,0.6,0.16,18850,0.5431292057037354
0.66,0.77,0.44,0.64,0.95,0.89,0.16,0.6,0.16,18843,0.5473458766937256
0.65,0.77,0.44,0.64,0.95,0.89,0.16,0.6,0.16,18950,0.5513315200805664
0.66,0.77,0.44,0.64,0.95,0.88,0.16,0.6,0.16,18907,0.5543348789215088
0.67,0.77,0.44,0.64,0.95,0.88,0.16,0.6,0.16,18682,0.5553314685821533
0.66,0.77,0.43,0.63,0.95,0.88,0.16,0.6,0.16,18793,0.5593349933624268
0.66,0.77,0.44,0.63,0.95,0.88,0.16,0.6,0.16,18818,0.563072681427002
0.66,0.77,0.44,0.64,0.95,0.88,0.16,0.6,0.16,18387,0.5669176578521729
0.67,0.77,0.44,0.64,0.95,0.88,0.16,0.6,0.16,18278,0.5669176578521729
0.67,0.77,0.44,0.63,0.95,0.88,0.16,0.6,0.16,18761,0.5711212158203125
0.67,0.77,0.44,0.64,0.94,0.88,0.16,0.6,0.16,19182,0.576059103012085
0.67,0.77,0.44,0.63,0.94,0.88,0.16,0.6,0.16,19003,0.5804927349090576
0.67,0.77,0.44,0.63,0.94,0.88,0.16,0.6,0.16,19012,0.5804927349090576
0.67,0.77,0.44,0.63,0.95,0.88,0.16,0.6,0.15,18999,0.5838639736175537
0.66,0.77,0.44,0.63,0.95,0.88,0.16,0.6,0.16,18884,0.5884463787078857
0.66,0.77,0.44,0.64,0.95,0.88,0.16,0.6,0.16,18777,0.5924794673919678
0.68,0.77,0.44,0.64,0.95,0.89,0.16,0.6,0.16,19002,0.5924794673919678
0.68,0.76,0.44,0.63,0.95,0.88,0.16,0.6,0.16,18713,0.5960774421691895
0.69,0.76,0.44,0.64,0.94,0.88,0.16,0.6,0.16,18810,0.6005775928497314
0.68,0.76,0.44,0.63,0.95,0.88,0.16,0.6,0.16,18467,0.605443000793457
0.68,0.77,0.44,0.63,0.95,0.88,0.15,0.6,0.16,18392,0.6064178943634033
0.68,0.76,0.44,0.64,0.95,0.88,0.15,0.6,0.16,18679,0.608478307723999
0.68,0.77,0.44,0.63,0.95,0.88,0.16,0.6,0.16,18792,0.6124873161315918
0.68,0.77,0.44,0.65,0.95,0.88,0.16,0.6,0.15,18687,0.6165478229522705
0.68,0.76,0.44,0.63,0.95,0.88,0.16,0.6,0.16,18870,0.6206002235412598
0.68,0.76,0.44,0.64,0.95,0.88,0.16,0.6,0.16,18871,0.6216423511505127
0.66,0.76,0.44,0.64,0.95,0.89,0.16,0.6,0.16,18724,0.6246883869171143
0.68,0.77,0.44,0.64,0.95,0.88,0.16,0.6,0.16,18693,0.6286835670471191
0.68,0.76,0.44,0.63,0.95,0.88,0.16,0.6,0.16,18558,0.6326875686645508
0.66,0.76,0.44,0.63,0.95,0.88,0.16,0.6,0.16,19009,0.6326875686645508
0.68,0.76,0.44,0.63,0.95,0.89,0.16,0.6,0.16,18962,0.6369733810424805
0.67,0.77,0.44,0.64,0.95,0.88,0.16,0.6,0.16,18515,0.6409749984741211
0.67,0.76,0.44,0.64,0.94,0.88,0.15,0.6,0.16,18522,0.6449408531188965
0.67,0.76,0.44,0.63,0.95,0.88,0.15,0.6,0.16,18893,0.6459832191467285
0.68,0.76,0.44,0.63,0.95,0.88,0.16,0.6,0.16,18826,0.649029016494751
0.68,0.76,0.44,0.64,0.94,0.88,0.15,0.59,0.16,19009,0.6540606021881104
0.68,0.76,0.44,0.65,0.95,0.88,0.15,0.6,0.16,18420,0.6571400165557861
0.67,0.77,0.44,0.64,0.94,0.88,0.15,0.6,0.16,18497,0.6581592559814453
0.68,0.76,0.44,0.64,0.94,0.88,0.15,0.6,0.16,19100,0.6621594429016113
0.68,0.77,0.44,0.64,0.95,0.89,0.16,0.6,0.16,18895,0.6653029918670654
0.68,0.77,0.44,0.64,0.94,0.88,0.16,0.6,0.16,18596,0.6698176860809326
0.66,0.77,0.44,0.64,0.94,0.88,0.16,0.6,0.16,18703,0.6708202362060547
0.67,0.77,0.44,0.64,0.95,0.88,0.16,0.6,0.16,18968,0.6738448143005371
0.67,0.76,0.44,0.64,0.94,0.88,0.16,0.6,0.16,18629,0.6776409149169922
0.68,0.77,0.44,0.64,0.95,0.88,0.16,0.6,0.16,18836,0.6821486949920654
0.66,0.76,0.44,0.64,0.95,0.88,0.16,0.6,0.16,18917,0.6832079887390137
0.67,0.77,0.44,0.64,0.95,0.88,0.16,0.6,0.16,19060,0.686610221862793
0.68,0.76,0.43,0.64,0.94,0.88,0.16,0.6,0.16,18599,0.6899704933166504
0.68,0.76,0.44,0.64,0.95,0.88,0.16,0.6,0.16,18390,0.6959958076477051
0.68,0.77,0.44,0.64,0.95,0.88,0.16,0.6,0.16,18849,0.6980991363525391
0.66,0.77,0.44,0.64,0.95,0.89,0.16,0.6,0.16,19504,0.6990973949432373
0.68,0.76,0.44,0.63,0.94,0.88,0.16,0.6,0.16,19625,0.7030973434448242
0.66,0.76,0.44,0.65,0.95,0.88,0.16,0.6,0.16,19450,0.7060978412628174
0.68,0.77,0.44,0.64,0.95,0.88,0.16,0.6,0.16,19069,0.7101802825927734
0.68,0.76,0.44,0.64,0.95,0.88,0.16,0.6,0.16,18928,0.7112455368041992
0.68,0.76,0.44,0.64,0.95,0.88,0.15,0.6,0.16,18787,0.7143754959106445
0.68,0.77,0.44,0.64,0.95,0.88,0.16,0.6,0.16,18874,0.7195367813110352
0.68,0.76,0.44,0.64,0.95,0.88,0.16,0.6,0.16,19063,0.7235767841339111
0.67,0.76,0.44,0.65,0.94,0.89,0.16,0.6,0.16,18806,0.7245728969573975
0.68,0.77,0.44,0.65,0.95,0.89,0.16,0.6,0.16,18717,0.727574348449707
0.68,0.76,0.43,0.65,0.95,0.88,0.16,0.59,0.15,18700,0.7309362888336182
0.66,0.76,0.44,0.65,0.94,0.89,0.16,0.6,0.16,18979,0.736234188079834
0.68,0.77,0.44,0.65,0.95,0.89,0.16,0.6,0.16,18858,0.736234188079834
0.68,0.76,0.44,0.65,0.95,0.89,0.16,0.59,0.16,19133,0.7393174171447754
0.68,0.76,0.44,0.65,0.95,0.88,0.16,0.59,0.16,19134,0.7436561584472656
0.68,0.76,0.44,0.64,0.95,0.89,0.16,0.59,0.16,18619,0.7482714653015137
0.68,0.76,0.44,0.65,0.95,0.89,0.16,0.59,0.16,18674,0.7482714653015137
0.67,0.76,0.44,0.65,0.95,0.88,0.15,0.59,0.16,19039,0.7515869140625
0.67,0.76,0.44,0.65,0.95,0.88,0.16,0.59,0.16,19082,0.7556157112121582
0.68,0.76,0.44,0.65,0.95,0.89,0.16,0.59,0.16,18587,0.7606165409088135
0.68,0.76,0.44,0.65,0.95,0.89,0.16,0.59,0.16,18942,0.7606165409088135
0.68,0.76,0.44,0.65,0.95,0.88,0.16,0.59,0.16,19053,0.7638869285583496
0.68,0.76,0.44,0.65,0.95,0.89,0.15,0.59,0.16,18788,0.768136739730835
0.68,0.76,0.44,0.65,0.95,0.89,0.16,0.59,0.16,19115,0.7731771469116211
0.68,0.76,0.44,0.64,0.95,0.88,0.16,0.6,0.16,19302,0.775867223739624
0.68,0.76,0.44,0.65,0.94,0.89,0.16,0.59,0.16,18781,0.7769148349761963
0.68,0.76,0.44,0.65,0.94,0.88,0.16,0.59,0.16,18396,0.780482292175293
0.68,0.76,0.44,0.65,0.94,0.88,0.16,0.6,0.16,18651,0.784677267074585
0.66,0.76,0.44,0.65,0.95,0.89,0.16,0.59,0.16,18786,0.7887258529663086
0.68,0.76,0.44,0.65,0.95,0.89,0.16,0.59,0.16,18789,0.7896895408630371
0.68,0.76,0.44,0.65,0.94,0.89,0.16,0.6,0.16,18906,0.7927281856536865
0.68,0.76,0.44,0.65,0.95,0.88,0.15,0.59,0.16,19113,0.7972490787506104
0.68,0.76,0.44,0.65,0.95,0.89,0.16,0.59,0.16,19272,0.800511360168457
0.67,0.76,0.44,0.64,0.95,0.89,0.16,0.59,0.16,19029,0.8015971183776855
0.68,0.76,0.44,0.65,0.94,0.89,0.16,0.6,0.16,19006,0.8055975437164307
0.68,0.76,0.43,0.65,0.94,0.88,0.16,0.6,0.16,18933,0.8088562488555908
0.68,0.76,0.43,0.65,0.94,0.89,0.16,0.6,0.16,19244,0.8138830661773682
0.68,0.76,0.43,0.65,0.95,0.89,0.15,0.6,0.16,19267,0.8138830661773682
0.68,0.76,0.44,0.64,0.94,0.89,0.16,0.59,0.16,18780,0.8169045448303223
0.66,0.76,0.43,0.65,0.94,0.89,0.16,0.6,0.16,19095,0.8220036029815674
0.67,0.76,0.43,0.64,0.94,0.88,0.16,0.6,0.16,18950,0.8260574340820312
0.68,0.76,0.43,0.65,0.94,0.88,0.16,0.6,0.16,18471,0.8260574340820312
0.68,0.76,0.44,0.65,0.94,0.89,0.16,0.59,0.16,18906,0.8300597667694092
0.68,0.76,0.43,0.65,0.94,0.89,0.16,0.6,0.16,19233,0.8336131572723389
0.68,0.76,0.43,0.64,0.95,0.88,0.15,0.6,0.16,19208,0.8377685546875
0.68,0.76,0.43,0.64,0.93,0.89,0.16,0.6,0.16,18903,0.8418097496032715
0.68,0.76,0.43,0.65,0.95,0.89,0.16,0.59,0.16,19310,0.8418097496032715
0.66,0.76,0.43,0.64,0.95,0.88,0.16,0.6,0.16,19509,0.845961332321167
0.68,0.76,0.43,0.64,0.94,0.89,0.16,0.6,0.16,19110,0.8509607315063477
0.68,0.76,0.44,0.65,0.94,0.88,0.16,0.6,0.16,18933,0.854212760925293
0.69,0.76,0.43,0.64,0.95,0.88,0.16,0.6,0.16,19064,0.8552756309509277
0.68,0.76,0.43,0.64,0.94,0.88,0.16,0.6,0.16,18701,0.8584465980529785
0.68,0.76,0.43,0.64,0.94,0.89,0.16,0.6,0.16,18398,0.8623120784759521
0.68,0.77,0.43,0.64,0.94,0.88,0.16,0.6,0.16,18995,0.8668243885040283
0.68,0.77,0.43,0.65,0.95,0.88,0.16,0.6,0.16,18984,0.8668243885040283
0.68,0.77,0.43,0.64,0.95,0.88,0.16,0.59,0.16,19011,0.8708450794219971
0.68,0.76,0.44,0.64,0.95,0.88,0.16,0.59,0.16,19258,0.8744983673095703
0.68,0.76,0.43,0.65,0.94,0.88,0.16,0.59,0.16,18981,0.8795263767242432
0.68,0.77,0.43,0.64,0.95,0.88,0.16,0.59,0.16,18624,0.8796877861022949
0.67,0.77,0.43,0.64,0.94,0.88,0.16,0.59,0.16,19003,0.8827226161956787
0.68,0.77,0.43,0.65,0.95,0.88,0.16,0.59,0.16,19328,0.8866961002349854
0.68,0.77,0.43,0.64,0.95,0.88,0.15,0.59,0.16,19017,0.8909032344818115
0.68,0.76,0.43,0.65,0.95,0.88,0.16,0.6,0.16,18444,0.8919663429260254
0.68,0.76,0.43,0.64,0.95,0.88,0.16,0.59,0.16,18459,0.894866943359375
0.68,0.76,0.43,0.64,0.95,0.88,0.16,0.59,0.16,19198,0.8989255428314209
0.68,0.76,0.44,0.64,0.95,0.88,0.16,0.59,0.16,18931,0.9042444229125977
0.68,0.76,0.43,0.64,0.95,0.88,0.16,0.59,0.16,18590,0.9074218273162842
0.68,0.76,0.43,0.64,0.95,0.88,0.16,0.59,0.15,18585,0.9074218273162842
0.68,0.76,0.43,0.64,0.95,0.88,0.16,0.59,0.16,18652,0.9119913578033447
0.68,0.76,0.43,0.64,0.95,0.88,0.16,0.59,0.16,18911,0.9159708023071289
0.68,0.77,0.43,0.65,0.95,0.89,0.16,0.59,0.16,18730,0.9197249412536621
0.68,0.76,0.43,0.65,0.95,0.88,0.16,0.59,0.15,19175,0.9207651615142822
0.68,0.76,0.43,0.65,0.95,0.88,0.16,0.59,0.15,19292,0.9238920211791992
0.68,0.76,0.43,0.64,0.95,0.88,0.16,0.6,0.16,19275,0.9290084838867188
0.68,0.76,0.43,0.64,0.94,0.88,0.16,0.59,0.16,18884,0.9313316345214844
0.68,0.76,0.43,0.64,0.95,0.88,0.16,0.6,0.16,18889,0.9323441982269287
0.68,0.76,0.43,0.64,0.95,0.88,0.16,0.6,0.16,18918,0.9363613128662109
0.68,0.76,0.43,0.65,0.95,0.88,0.16,0.59,0.16,18273,0.9403567314147949
0.67,0.76,0.44,0.65,0.95,0.88,0.16,0.59,0.16,18360,0.9438552856445312
0.68,0.76,0.43,0.65,0.95,0.89,0.16,0.59,0.16,18559,0.9446051120758057
0.67,0.76,0.43,0.64,0.95,0.88,0.16,0.6,0.15,18496,0.9486050605773926
0.68,0.76,0.43,0.64,0.95,0.89,0.16,0.59,0.16,18623,0.9532737731933594
0.68,0.76,0.43,0.65,0.95,0.89,0.16,0.6,0.16,19324,0.9562549591064453
0.68,0.76,0.43,0.65,0.95,0.89,0.16,0.59,0.15,19073,0.9562549591064453
0.67,0.76,0.44,0.64,0.95,0.89,0.16,0.59,0.16,18800,0.9615721702575684
0.68,0.76,0.43,0.65,0.95,0.88,0.16,0.59,0.16,18751,0.965137243270874
0.68,0.76,0.43,0.64,0.95,0.89,0.16,0.59,0.15,19038,0.9688141345977783
0.68,0.76,0.43,0.64,0.95,0.88,0.16,0.59,0.16,18853,0.9698593616485596
0.68,0.77,0.43,0.64,0.95,0.89,0.16,0.59,0.15,18528,0.972858190536499
0.68,0.76,0.43,0.64,0.95,0.88,0.16,0.59,0.16,18609,0.9768972396850586
0.68,0.76,0.43,0.65,0.95,0.88,0.16,0.59,0.15,18570,0.9822962284088135
0.69,0.76,0.43,0.65,0.95,0.88,0.16,0.59,0.16,18863,0.9850575923919678
0.69,0.77,0.43,0.65,0.95,0.88,0.16,0.6,0.15,19170,0.9850575923919678
0.69,0.77,0.43,0.64,0.95,0.88,0.16,0.59,0.16,19283,0.9889001846313477
0.69,0.76,0.43,0.64,0.94,0.89,0.16,0.59,0.16,19006,0.9933018684387207
0.67,0.77,0.43,0.64,0.95,0.89,0.16,0.59,0.16,19173,0.9971582889556885
0.69,0.76,0.44,0.64,0.95,0.88,0.16,0.59,0.16,19110,0.9982028007507324
0.69,0.76,0.44,0.64,0.95,0.88,0.16,0.59,0.16,19299,1.001209020614624
0.68,0.76,0.43,0.64,0.95,0.88,0.16,0.59,0.16,18924,1.006455898284912
0.68,0.76,0.43,0.64,0.95,0.88,0.16,0.59,0.16,18493,1.008962869644165
0.67,0.76,0.44,0.64,0.95,0.88,0.16,0.59,0.16,18606,1.0099749565124512
0.68,0.76,0.43,0.64,0.95,0.88,0.16,0.59,0.16,18501,1.0139751434326172
0.67,0.77,0.43,0.64,0.95,0.88,0.16,0.59,0.15,18524,1.0179710388183594
0.68,0.76,0.43,0.65,0.95,0.88,0.16,0.59,0.15,18631,1.0219712257385254
0.67,0.76,0.43,0.64,0.95,0.89,0.16,0.59,0.15,18540,1.0219712257385254
0.67,0.77,0.43,0.64,0.95,0.89,0.16,0.59,0.15,19135,1.0258002281188965
0.68,0.76,0.43,0.64,0.95,0.88,0.15,0.59,0.15,19240,1.0299122333526611
0.68,0.77,0.43,0.64,0.95,0.89,0.16,0.59,0.16,18587,1.0339124202728271
0.68,0.77,0.43,0.64,0.95,0.89,0.16,0.59,0.16,18800,1.035104513168335
0.68,0.77,0.44,0.64,0.95,0.89,0.16,0.59,0.16,18613,1.0382533073425293
0.69,0.76,0.43,0.64,0.95,0.88,0.15,0.59,0.16,18678,1.042104721069336
0.69,0.76,0.44,0.63,0.95,0.88,0.15,0.59,0.16,18807,1.0463941097259521
0.69,0.76,0.44,0.64,0.95,0.88,0.16,0.59,0.16,18572,1.0505046844482422
0.68,0.76,0.43,0.65,0.95,0.89,0.16,0.59,0.16,18805,1.0516815185546875
0.69,0.76,0.44,0.64,0.95,0.88,0.16,0.59,0.16,18882,1.0554487705230713
0.67,0.76,0.43,0.64,0.95,0.88,0.16,0.59,0.16,19155,1.059058427810669
0.67,0.76,0.43,0.63,0.95,0.88,0.16,0.59,0.16,19318,1.0629067420959473
0.68,0.76,0.44,0.64,0.95,0.88,0.16,0.59,0.16,18975,1.0629067420959473
0.67,0.76,0.43,0.64,0.95,0.88,0.16,0.59,0.16,18600,1.0669493675231934
0.69,0.76,0.43,0.63,0.95,0.89,0.16,0.59,0.16,18643,1.071953535079956
0.68,0.76,0.43,0.64,0.95,0.88,0.16,0.59,0.16,18640,1.075930118560791
0.69,0.76,0.43,0.64,0.95,0.89,0.16,0.59,0.16,18293,1.075930118560791
0.67,0.76,0.44,0.64,0.95,0.88,0.15,0.59,0.15,18978,1.079951286315918
0.67,0.76,0.44,0.64,0.95,0.89,0.16,0.59,0.16,19579,1.084585428237915
0.66,0.76,0.44,0.64,0.94,0.88,0.16,0.59,0.16,19076,1.0875122547149658
0.67,0.76,0.44,0.64,0.94,0.89,0.16,0.59,0.16,18941,1.0885555744171143
0.68,0.76,0.44,0.64,0.95,0.89,0.15,0.59,0.16,18968,1.092552661895752
0.67,0.76,0.44,0.64,0.95,0.89,0.16,0.59,0.16,18783,1.0959808826446533
0.66,0.77,0.44,0.65,0.95,0.89,0.16,0.59,0.16,18626,1.099489450454712
0.68,0.76,0.44,0.64,0.95,0.89,0.16,0.59,0.16,18613,1.099489450454712
0.68,0.76,0.44,0.64,0.95,0.89,0.16,0.59,0.16,19274,1.1040849685668945
0.67,0.76,0.44,0.64,0.95,0.88,0.16,0.59,0.16,19109,1.1076481342315674
0.67,0.77,0.44,0.64,0.94,0.89,0.16,0.59,0.16,18932,1.1122372150421143
0.68,0.76,0.44,0.64,0.95,0.89,0.16,0.59,0.16,19113,1.1132152080535889
0.67,0.76,0.44,0.64,0.95,0.89,0.16,0.59,0.16,19006,1.116607666015625
0.68,0.77,0.44,0.64,0.95,0.89,0.16,0.59,0.16,19009,1.1213231086730957
0.67,0.77,0.44,0.64,0.95,0.88,0.15,0.59,0.16,18964,1.1248862743377686
0.68,0.77,0.44,0.64,0.95,0.89,0.16,0.59,0.16,19049,1.1283414363861084
0.67,0.76,0.44,0.64,0.95,0.88,0.16,0.59,0.16,18810,1.1294240951538086
0.67,0.76,0.44,0.64,0.95,0.88,0.16,0.59,0.16,18501,1.1335365772247314
0.66,0.76,0.44,0.64,0.95,0.88,0.16,0.59,0.16,18634,1.1375324726104736
0.68,0.77,0.44,0.64,0.95,0.88,0.16,0.59,0.16,18825,1.1400363445281982
0.66,0.76,0.44,0.64,0.94,0.88,0.16,0.59,0.16,18966,1.1410422325134277
0.67,0.76,0.44,0.64,0.95,0.88,0.16,0.59,0.16,19021,1.1450324058532715
0.68,0.76,0.44,0.64,0.95,0.88,0.16,0.59,0.16,19042,1.150303602218628
0.68,0.76,0.44,0.64,0.94,0.88,0.16,0.59,0.16,19113,1.1527719497680664
0.67,0.76,0.44,0.64,0.94,0.88,0.16,0.59,0.16,18902,1.153839349746704
0.67,0.76,0.44,0.64,0.94,0.88,0.16,0.59,0.16,18783,1.1578600406646729
0.67,0.77,0.44,0.64,0.94,0.88,0.16,0.59,0.16,18840,1.1618599891662598
0.67,0.76,0.44,0.64,0.94,0.88,0.16,0.59,0.16,19033,1.165400505065918
0.67,0.77,0.44,0.64,0.94,0.88,0.16,0.59,0.16,19118,1.1664752960205078
0.67,0.77,0.44,0.64,0.94,0.89,0.16,0.6,0.16,18929,1.1703033447265625
0.68,0.77,0.44,0.64,0.94,0.88,0.16,0.59,0.16,19002,1.1743035316467285
0.67,0.76,0.44,0.64,0.94,0.89,0.16,0.59,0.15,19025,1.1776461601257324
0.68,0.77,0.43,0.64,0.94,0.88,0.16,0.59,0.16,18516,1.1787900924682617
0.67,0.77,0.44,0.64,0.94,0.88,0.16,0.59,0.16,18621,1.1823139190673828
0.67,0.77,0.43,0.64,0.94,0.88,0.16,0.59,0.16,18862,1.1863138675689697
0.68,0.76,0.43,0.64,0.94,0.89,0.16,0.59,0.16,18891,1.1903045177459717
0.66,0.76,0.43,0.64,0.94,0.88,0.15,0.59,0.16,18812,1.193662166595459
0.68,0.77,0.44,0.65,0.94,0.88,0.16,0.6,0.16,18995,1.1946885585784912
0.67,0.76,0.44,0.64,0.93,0.89,0.16,0.59,0.16,19016,1.199526309967041
0.66,0.76,0.44,0.64,0.94,0.88,0.17,0.6,0.16,18405,1.2028052806854248
0.67,0.76,0.44,0.64,0.94,0.89,0.16,0.59,0.16,18720,1.2068061828613281
0.66,0.76,0.44,0.64,0.94,0.89,0.16,0.59,0.16,18551,1.2068061828613281
0.67,0.77,0.44,0.65,0.94,0.89,0.16,0.6,0.16,18718,1.2106809616088867
0.67,0.77,0.44,0.65,0.94,0.88,0.16,0.59,0.16,19109,1.215268611907959
0.66,0.77,0.44,0.65,0.94,0.88,0.16,0.59,0.16,18936,1.2186968326568604
0.67,0.76,0.44,0.64,0.94,0.88,0.16,0.6,0.16,19165,1.219672679901123
0.66,0.76,0.43,0.64,0.94,0.89,0.16,0.59,0.16,18880,1.2227451801300049
0.67,0.76,0.44,0.65,0.94,0.89,0.16,0.59,0.16,18747,1.2267804145812988
0.66,0.77,0.44,0.64,0.94,0.89,0.16,0.59,0.16,18930,1.2307887077331543
0.66,0.77,0.44,0.64,0.94,0.88,0.16,0.59,0.16,19347,1.2307887077331543
0.66,0.77,0.44,0.64,0.94,0.89,0.16,0.59,0.16,18944,1.2351219654083252
0.66,0.77,0.44,0.64,0.94,0.89,0.16,0.59,0.16,18845,1.2393100261688232
0.66,0.76,0.44,0.64,0.94,0.89,0.16,0.59,0.16,19244,1.2433123588562012
0.66,0.77,0.44,0.65,0.94,0.89,0.16,0.59,0.16,18867,1.2433123588562012
0.66,0.77,0.43,0.65,0.94,0.89,0.16,0.59,0.16,18580,1.246931791305542
0.65,0.76,0.44,0.64,0.95,0.89,0.16,0.6,0.16,18865,1.251002550125122
0.66,0.76,0.44,0.64,0.95,0.89,0.16,0.59,0.15,19206,1.2548019886016846
0.66,0.76,0.43,0.65,0.94,0.88,0.16,0.59,0.16,18763,1.258833646774292
0.66,0.76,0.43,0.63,0.94,0.89,0.16,0.59,0.16,18392,1.2600960731506348
0.66,0.76,0.44,0.65,0.94,0.89,0.16,0.59,0.16,18901,1.2640986442565918
0.66,0.76,0.43,0.64,0.95,0.89,0.16,0.59,0.16,18674,1.2680959701538086
0.66,0.76,0.43,0.64,0.95,0.89,0.16,0.59,0.16,18393,1.27109694480896
0.66,0.76,0.44,0.65,0.94,0.89,0.16,0.59,0.16,18726,1.2720990180969238
0.68,0.76,0.44,0.65,0.95,0.89,0.16,0.59,0.16,18975,1.2761101722717285
0.66,0.76,0.44,0.64,0.94,0.89,0.16,0.59,0.16,18484,1.2798690795898438
0.66,0.76,0.44,0.64,0.95,0.89,0.16,0.59,0.16,18471,1.2831156253814697
0.68,0.77,0.44,0.65,0.95,0.89,0.16,0.59,0.16,18968,1.284257173538208
0.68,0.77,0.44,0.64,0.94,0.89,0.16,0.59,0.16,19235,1.2886645793914795
0.67,0.77,0.44,0.64,0.94,0.89,0.16,0.59,0.16,19254,1.292809247970581
0.68,0.77,0.44,0.64,0.94,0.89,0.16,0.59,0.16,19083,1.295680284500122
0.68,0.77,0.44,0.64,0.94,0.89,0.16,0.59,0.16,18942,1.2966828346252441
0.67,0.76,0.43,0.65,0.94,0.88,0.17,0.59,0.16,19219,1.300828456878662
0.68,0.76,0.43,0.65,0.94,0.89,0.16,0.59,0.16,18914,1.3044111728668213
0.67,0.76,0.43,0.65,0.95,0.89,0.16,0.6,0.16,18659,1.3084733486175537
0.67,0.76,0.43,0.64,0.94,0.88,0.16,0.6,0.16,18866,1.3084733486175537
0.68,0.76,0.43,0.66,0.94,0.89,0.16,0.6,0.16,19231,1.3129940032958984
0.68,0.77,0.43,0.65,0.94,0.89,0.16,0.6,0.16,18928,1.3169975280761719
0.68,0.76,0.43,0.65,0.94,0.89,0.16,0.6,0.16,18867,1.321000099182129
0.68,0.76,0.43,0.65,0.94,0.88,0.16,0.59,0.16,18840,1.321000099182129
0.67,0.76,0.43,0.64,0.95,0.88,0.16,0.59,0.16,18903,1.3250298500061035
0.68,0.76,0.43,0.65,0.95,0.89,0.16,0.59,0.16,18978,1.3288600444793701
0.68,0.76,0.43,0.65,0.95,0.89,0.16,0.59,0.16,19355,1.3333759307861328
0.68,0.76,0.44,0.65,0.94,0.89,0.16,0.59,0.15,19162,1.3384122848510742
0.67,0.76,0.44,0.65,0.95,0.89,0.16,0.59,0.15,18645,1.3384122848510742
0.66,0.76,0.44,0.65,0.94,0.89,0.16,0.59,0.16,18194,1.3424150943756104
0.68,0.76,0.44,0.64,0.94,0.89,0.16,0.59,0.16,18107,1.3464148044586182
0.66,0.76,0.44,0.65,0.94,0.89,0.16,0.59,0.16,18568,1.3496613502502441
0.68,0.76,0.44,0.65,0.94,0.89,0.16,0.59,0.16,18677,1.3496613502502441
0.66,0.76,0.44,0.65,0.94,0.88,0.16,0.59,0.16,18716,1.3539972305297852
0.68,0.76,0.44,0.65,0.94,0.89,0.16,0.59,0.16,19293,1.357968807220459
0.67,0.76,0.44,0.65,0.93,0.89,0.16,0.59,0.16,19314,1.3620169162750244
0.67,0.76,0.44,0.65,0.94,0.88,0.16,0.6,0.16,18713,1.3620169162750244
0.68,0.76,0.44,0.65,0.94,0.88,0.16,0.59,0.15,18602,1.3670654296875
0.68,0.77,0.44,0.65,0.94,0.88,0.16,0.59,0.16,18673,1.3704493045806885
0.66,0.76,0.43,0.65,0.94,0.88,0.16,0.59,0.16,18514,1.3744587898254395
0.67,0.76,0.43,0.65,0.94,0.89,0.16,0.59,0.16,18659,1.3754284381866455
0.67,0.77,0.43,0.65,0.94,0.88,0.16,0.6,0.16,19078,1.3784489631652832
0.68,0.77,0.44,0.65,0.94,0.88,0.16,0.6,0.16,18921,1.383570671081543
0.68,0.77,0.44,0.65,0.94,0.89,0.16,0.59,0.16,18440,1.3862385749816895
0.66,0.76,0.44,0.65,0.94,0.88,0.16,0.59,0.16,18437,1.3873095512390137
0.68,0.77,0.44,0.65,0.94,0.89,0.16,0.6,0.16,18670,1.3907928466796875
0.68,0.77,0.44,0.65,0.94,0.88,0.16,0.59,0.16,18663,1.3948016166687012
0.68,0.77,0.44,0.65,0.94,0.88,0.16,0.59,0.16,18420,1.3989176750183105
0.67,0.77,0.44,0.65,0.94,0.89,0.16,0.59,0.16,18915,1.4023888111114502
0.66,0.77,0.44,0.65,0.94,0.88,0.16,0.59,0.16,19422,1.4029898643493652
0.67,0.77,0.43,0.65,0.94,0.88,0.16,0.59,0.16,19267,1.4070398807525635
0.68,0.77,0.44,0.65,0.93,0.88,0.15,0.59,0.16,18664,1.4112675189971924
0.68,0.76,0.44,0.65,0.94,0.89,0.16,0.59,0.16,18601,1.415212631225586
0.67,0.76,0.44,0.65,0.95,0.89,0.16,0.59,0.16,18556,1.4162876605987549
0.67,0.77,0.44,0.65,0.94,0.89,0.15,0.59,0.16,18325,1.419642448425293
0.66,0.77,0.44,0.65,0.94,0.88,0.16,0.59,0.16,18334,1.4235918521881104
0.67,0.77,0.44,0.64,0.94,0.88,0.16,0.59,0.16,18777,1.4265990257263184
0.67,0.77,0.44,0.65,0.95,0.88,0.16,0.59,0.16,19140,1.4275915622711182
0.68,0.77,0.44,0.65,0.94,0.88,0.16,0.59,0.16,19049,1.4317400455474854
0.67,0.76,0.43,0.65,0.94,0.88,0.16,0.59,0.16,19384,1.4358093738555908
0.68,0.76,0.43,0.65,0.94,0.89,0.16,0.59,0.16,19341,1.4391965866088867
0.68,0.77,0.44,0.65,0.94,0.88,0.16,0.59,0.16,18778,1.4391965866088867
0.68,0.77,0.44,0.65,0.94,0.88,0.16,0.59,0.16,18419,1.444406270980835
0.68,0.77,0.44,0.65,0.95,0.89,0.16,0.59,0.16,18784,1.4484100341796875
0.68,0.77,0.44,0.65,0.94,0.89,0.16,0.59,0.16,18959,1.4524099826812744
0.68,0.77,0.44,0.65,0.95,0.89,0.16,0.59,0.16,18882,1.4524099826812744
0.68,0.77,0.44,0.65,0.95,0.89,0.16,0.59,0.16,18863,1.4555916786193848
0.68,0.77,0.43,0.64,0.95,0.88,0.16,0.59,0.16,18928,1.4602501392364502
0.68,0.77,0.44,0.65,0.94,0.89,0.16,0.59,0.16,18801,1.4642865657806396
0.68,0.76,0.44,0.65,0.94,0.88,0.16,0.59,0.16,18318,1.4654662609100342
0.68,0.76,0.43,0.65,0.94,0.88,0.16,0.59,0.16,18673,1.4684712886810303
0.68,0.77,0.43,0.65,0.94,0.88,0.16,0.6,0.16,18802,1.472630500793457
0.68,0.77,0.44,0.65,0.94,0.88,0.16,0.59,0.15,18891,1.47648024559021
0.68,0.77,0.44,0.65,0.95,0.88,0.16,0.59,0.16,19034,1.4798152446746826
0.68,0.77,0.43,0.64,0.95,0.88,0.15,0.59,0.16,18969,1.4808611869812012
0.68,0.77,0.43,0.65,0.95,0.88,0.17,0.59,0.16,19162,1.4850897789001465
0.68,0.76,0.44,0.65,0.95,0.88,0.16,0.59,0.16,19127,1.4890856742858887
0.68,0.76,0.44,0.65,0.94,0.89,0.16,0.59,0.16,19166,1.4930789470672607
0.68,0.77,0.44,0.65,0.95,0.89,0.16,0.59,0.16,19135,1.4930789470672607
0.67,0.77,0.44,0.65,0.95,0.89,0.16,0.59,0.16,19086,1.4975552558898926
0.67,0.77,0.43,0.65,0.95,0.89,0.16,0.59,0.15,19009,1.5009419918060303
0.68,0.76,0.44,0.66,0.95,0.89,0.16,0.59,0.16,18352,1.5049786567687988
0.68,0.76,0.44,0.65,0.95,0.89,0.16,0.59,0.15,18533,1.506044864654541
0.67,0.76,0.44,0.65,0.94,0.88,0.16,0.59,0.16,18740,1.5100655555725098
0.66,0.77,0.43,0.65,0.95,0.89,0.16,0.59,0.15,18753,1.5137319564819336
0.68,0.77,0.43,0.65,0.95,0.88,0.16,0.59,0.16,18876,1.517775297164917
0.68,0.77,0.44,0.64,0.94,0.88,0.16,0.59,0.16,18745,1.518723726272583
0.68,0.77,0.44,0.65,0.95,0.88,0.16,0.59,0.16,18848,1.52117919921875
0.68,0.77,0.43,0.64,0.95,0.88,0.16,0.6,0.15,19391,1.5262677669525146
0.68,0.77,0.44,0.64,0.95,0.89,0.16,0.59,0.16,19134,1.5304205417633057
0.67,0.77,0.44,0.64,0.95,0.89,0.16,0.59,0.16,19049,1.5304205417633057
0.68,0.77,0.44,0.64,0.95,0.89,0.16,0.59,0.15,19128,1.5344212055206299
0.68,0.77,0.43,0.64,0.95,0.89,0.16,0.59,0.16,18965,1.5384290218353271
0.68,0.77,0.43,0.65,0.95,0.89,0.16,0.59,0.16,19176,1.542234182357788
0.68,0.77,0.43,0.65,0.95,0.89,0.16,0.59,0.16,19085,1.5432710647583008
0.68,0.77,0.43,0.65,0.95,0.89,0.16,0.6,0.16,18528,1.5462708473205566
0.68,0.77,0.43,0.65,0.94,0.89,0.16,0.59,0.16,18525,1.5512728691101074
0.68,0.76,0.43,0.65,0.94,0.89,0.16,0.59,0.16,18802,1.5552725791931152
0.68,0.77,0.43,0.65,0.95,0.89,0.16,0.59,0.16,18925,1.5586237907409668
0.68,0.77,0.43,0.65,0.95,0.89,0.16,0.59,0.16,18938,1.5594325065612793
0.68,0.77,0.43,0.64,0.94,0.89,0.16,0.59,0.16,18915,1.562777042388916
0.68,0.77,0.43,0.66,0.95,0.89,0.16,0.59,0.16,18804,1.567089557647705
0.69,0.77,0.44,0.66,0.95,0.89,0.16,0.59,0.16,19045,1.5708773136138916
0.69,0.77,0.44,0.65,0.94,0.89,0.16,0.59,0.16,18920,1.571932077407837
0.69,0.77,0.44,0.65,0.95,0.89,0.16,0.59,0.16,18793,1.5755293369293213
0.68,0.76,0.44,0.65,0.95,0.89,0.15,0.59,0.16,18696,1.578883409500122
0.68,0.76,0.44,0.65,0.95,0.89,0.16,0.59,0.16,18569,1.583184003829956
0.68,0.77,0.44,0.66,0.95,0.89,0.16,0.59,0.16,19072,1.583932638168335
0.69,0.76,0.44,0.65,0.95,0.89,0.16,0.6,0.16,18881,1.5877528190612793
0.69,0.77,0.44,0.65,0.95,0.89,0.16,0.59,0.16,18904,1.592491626739502
0.69,0.76,0.44,0.64,0.95,0.89,0.16,0.59,0.16,18753,1.5960063934326172
0.68,0.77,0.44,0.66,0.95,0.89,0.16,0.59,0.16,19204,1.5960063934326172
0.68,0.76,0.44,0.64,0.95,0.89,0.16,0.59,0.16,19369,1.6002418994903564
0.68,0.76,0.43,0.65,0.95,0.89,0.16,0.59,0.16,18944,1.6042752265930176
0.68,0.76,0.43,0.65,0.94,0.89,0.16,0.59,0.16,18497,1.6078178882598877
0.69,0.77,0.43,0.66,0.95,0.89,0.15,0.59,0.16,18638,1.6088898181915283
0.68,0.76,0.43,0.65,0.95,0.89,0.16,0.59,0.15,18217,1.6118545532226562
0.68,0.77,0.43,0.65,0.95,0.89,0.16,0.59,0.16,18464,1.6159303188323975
0.68,0.77,0.44,0.65,0.95,0.89,0.16,0.59,0.16,18679,1.6206629276275635
0.68,0.77,0.44,0.65,0.95,0.89,0.16,0.59,0.16,19254,1.6206629276275635
0.68,0.77,0.44,0.65,0.95,0.89,0.16,0.59,0.16,19365,1.6246635913848877
0.68,0.77,0.44,0.65,0.94,0.89,0.16,0.59,0.16,18924,1.6277282238006592
0.68,0.77,0.44,0.65,0.95,0.89,0.16,0.59,0.16,18639,1.6329221725463867
0.68,0.77,0.44,0.65,0.95,0.89,0.16,0.59,0.16,18522,1.6362745761871338
0.68,0.77,0.44,0.65,0.95,0.89,0.16,0.59,0.16,18769,1.637310266494751
0.68,0.77,0.44,0.65,0.94,0.89,0.16,0.59,0.16,18848,1.6396894454956055
0.68,0.77,0.44,0.65,0.95,0.89,0.15,0.59,0.16,18657,1.6448559761047363
0.68,0.77,0.43,0.65,0.95,0.89,0.16,0.59,0.16,18844,1.647857904434204
0.68,0.77,0.44,0.66,0.94,0.89,0.16,0.59,0.16,18705,1.648860216140747
0.68,0.77,0.43,0.65,0.94,0.89,0.16,0.59,0.16,19470,1.652867078781128
0.68,0.77,0.44,0.64,0.94,0.89,0.16,0.59,0.16,19161,1.657593011856079
0.68,0.77,0.44,0.66,0.94,0.89,0.16,0.59,0.16,18810,1.6605401039123535
0.68,0.77,0.44,0.65,0.95,0.89,0.16,0.59,0.16,18743,1.6611747741699219
0.68,0.77,0.44,0.65,0.95,0.89,0.16,0.59,0.16,19036,1.6655335426330566
0.68,0.77,0.44,0.65,0.94,0.89,0.16,0.59,0.16,18547,1.6695337295532227
0.68,0.78,0.44,0.65,0.95,0.89,0.16,0.59,0.16,18758,1.6735296249389648
0.69,0.77,0.44,0.65,0.95,0.89,0.16,0.59,0.16,18921,1.674530267715454
0.67,0.77,0.44,0.65,0.95,0.89,0.16,0.59,0.16,18998,1.6765315532684326
0.69,0.78,0.43,0.66,0.95,0.89,0.16,0.59,0.16,19027,1.6811909675598145
0.67,0.78,0.43,0.65,0.95,0.89,0.16,0.59,0.15,19058,1.6852552890777588
0.69,0.78,0.44,0.65,0.94,0.89,0.16,0.59,0.16,19139,1.6862552165985107
0.68,0.77,0.44,0.65,0.94,0.89,0.16,0.59,0.15,18884,1.6892199516296387
0.68,0.77,0.44,0.66,0.95,0.89,0.16,0.59,0.16,18919,1.693566083908081
0.69,0.77,0.44,0.66,0.95,0.89,0.16,0.59,0.16,19136,1.6977622509002686
0.68,0.77,0.44,0.66,0.95,0.89,0.16,0.59,0.16,18835,1.6987636089324951
0.67,0.77,0.44,0.66,0.95,0.89,0.16,0.59,0.16,18848,1.7018311023712158
0.68,0.77,0.44,0.66,0.95,0.89,0.16,0.59,0.16,18635,1.7056753635406494
0.68,0.77,0.44,0.65,0.95,0.89,0.16,0.59,0.16,18510,1.7099058628082275
0.68,0.77,0.44,0.66,0.95,0.89,0.16,0.59,0.15,19021,1.7109079360961914
0.66,0.77,0.43,0.66,0.95,0.89,0.16,0.59,0.16,18704,1.7142798900604248
0.67,0.77,0.44,0.65,0.95,0.89,0.16,0.59,0.16,18491,1.7182726860046387
0.67,0.77,0.44,0.66,0.95,0.89,0.16,0.59,0.16,18866,1.722280502319336
0.68,0.78,0.44,0.65,0.95,0.89,0.16,0.59,0.16,19127,1.7263553142547607
0.67,0.78,0.43,0.65,0.95,0.89,0.16,0.59,0.15,18736,1.7273483276367188
0.67,0.77,0.43,0.65,0.95,0.89,0.16,0.6,0.15,18473,1.7311527729034424
0.69,0.77,0.43,0.65,0.95,0.89,0.16,0.59,0.16,18602,1.734551191329956
0.66,0.77,0.43,0.65,0.95,0.89,0.16,0.59,0.15,18855,1.7387683391571045
0.67,0.77,0.44,0.65,0.95,0.89,0.15,0.59,0.16,19240,1.7387683391571045
0.67,0.77,0.44,0.66,0.95,0.89,0.16,0.59,0.16,19087,1.7429494857788086
0.68,0.78,0.44,0.65,0.95,0.89,0.16,0.6,0.16,18930,1.7469735145568848
0.65,0.77,0.44,0.64,0.95,0.88,0.16,0.59,0.16,19319,1.751208782196045
0.68,0.77,0.43,0.65,0.95,0.89,0.16,0.59,0.16,18854,1.7522709369659424
0.68,0.77,0.44,0.65,0.96,0.89,0.16,0.59,0.16,19349,1.7558839321136475
0.66,0.77,0.44,0.65,0.95,0.89,0.16,0.59,0.15,19380,1.7594869136810303
0.68,0.77,0.44,0.65,0.95,0.89,0.16,0.59,0.15,18817,1.7634782791137695
0.69,0.77,0.44,0.66,0.95,0.89,0.16,0.59,0.16,18704,1.7645602226257324
0.66,0.77,0.43,0.66,0.96,0.89,0.16,0.59,0.15,18659,1.7675604820251465
0.69,0.77,0.43,0.66,0.95,0.89,0.16,0.59,0.15,19192,1.77254056930542
0.69,0.77,0.43,0.64,0.95,0.89,0.16,0.59,0.15,19013,1.7764477729797363
0.69,0.77,0.43,0.65,0.95,0.89,0.16,0.59,0.16,18766,1.7764477729797363
0.7,0.77,0.43,0.65,0.96,0.89,0.16,0.59,0.15,18497,1.7804486751556396
0.69,0.77,0.44,0.65,0.95,0.89,0.16,0.59,0.15,18524,1.7838690280914307
0.69,0.77,0.44,0.65,0.96,0.89,0.16,0.59,0.16,18805,1.7888305187225342
0.68,0.77,0.43,0.66,0.95,0.89,0.16,0.59,0.15,18926,1.7888305187225342
0.7,0.77,0.44,0.65,0.95,0.89,0.16,0.59,0.16,19025,1.792409896850586
0.69,0.77,0.43,0.65,0.96,0.89,0.16,0.59,0.15,18562,1.796750545501709
0.69,0.77,0.43,0.65,0.96,0.89,0.16,0.59,0.16,18361,1.8014254570007324
0.68,0.77,0.43,0.65,0.95,0.89,0.16,0.59,0.15,18694,1.8037681579589844
0.68,0.77,0.43,0.65,0.95,0.89,0.16,0.59,0.16,19259,1.8048100471496582
0.67,0.76,0.43,0.65,0.95,0.89,0.16,0.59,0.16,19042,1.8088173866271973
0.68,0.77,0.43,0.65,0.96,0.89,0.16,0.59,0.16,18937,1.8131318092346191
0.68,0.77,0.43,0.65,0.96,0.89,0.16,0.59,0.15,18984,1.817131757736206
0.68,0.77,0.43,0.66,0.96,0.89,0.16,0.6,0.16,19039,1.817131757736206
0.67,0.77,0.43,0.65,0.95,0.89,0.16,0.6,0.16,18900,1.8211321830749512
0.69,0.76,0.43,0.65,0.95,0.89,0.16,0.6,0.16,19283,1.8251423835754395
0.69,0.77,0.43,0.65,0.96,0.89,0.16,0.59,0.16,19264,1.828695297241211
0.68,0.77,0.43,0.65,0.96,0.89,0.16,0.6,0.15,18893,1.8297784328460693
0.68,0.77,0.43,0.66,0.96,0.89,0.16,0.6,0.15,18792,1.832761526107788
0.69,0.77,0.43,0.65,0.96,0.89,0.16,0.6,0.15,19315,1.8377480506896973
0.68,0.77,0.43,0.66,0.96,0.89,0.16,0.6,0.15,18708,1.8420772552490234
0.69,0.77,0.43,0.65,0.96,0.89,0.16,0.6,0.15,19057,1.8421776294708252
0.68,0.77,0.43,0.65,0.96,0.89,0.16,0.6,0.15,19112,1.8452460765838623
0.68,0.77,0.43,0.65,0.96,0.89,0.16,0.59,0.15,18707,1.8492448329925537
0.68,0.77,0.43,0.65,0.95,0.89,0.16,0.6,0.16,18492,1.8532416820526123
0.69,0.77,0.43,0.66,0.95,0.9,0.16,0.6,0.15,18427,1.8542475700378418
0.68,0.77,0.43,0.66,0.95,0.89,0.16,0.59,0.16,18714,1.857501745223999
0.68,0.77,0.43,0.65,0.96,0.89,0.16,0.6,0.15,18741,1.861351728439331
0.67,0.77,0.44,0.65,0.96,0.89,0.16,0.59,0.15,18538,1.8658819198608398
0.68,0.77,0.43,0.65,0.95,0.89,0.16,0.59,0.16,18669,1.8694145679473877
0.68,0.77,0.44,0.65,0.96,0.89,0.16,0.6,0.16,18778,1.870436191558838
0.68,0.77,0.44,0.65,0.95,0.89,0.16,0.6,0.16,18701,1.874436855316162
0.69,0.77,0.43,0.65,0.95,0.89,0.16,0.6,0.15,18786,1.8784000873565674
0.67,0.77,0.43,0.65,0.95,0.89,0.16,0.6,0.15,18513,1.8821451663970947
0.68,0.77,0.43,0.65,0.95,0.89,0.16,0.6,0.15,18888,1.8832206726074219
0.69,0.77,0.43,0.65,0.96,0.89,0.16,0.6,0.15,18715,1.8860576152801514
0.69,0.77,0.43,0.66,0.96,0.89,0.16,0.6,0.16,18668,1.8900740146636963
0.68,0.77,0.43,0.65,0.95,0.89,0.16,0.6,0.16,18937,1.8942103385925293
0.68,0.77,0.44,0.65,0.96,0.89,0.16,0.6,0.16,18570,1.8952114582061768
0.68,0.77,0.43,0.65,0.95,0.89,0.16,0.6,0.15,18629,1.8982138633728027
0.68,0.78,0.44,0.65,0.95,0.89,0.16,0.6,0.16,18906,1.9032156467437744
0.67,0.77,0.44,0.66,0.95,0.89,0.16,0.6,0.15,19333,1.9072158336639404
0.68,0.78,0.43,0.65,0.95,0.89,0.16,0.6,0.15,19486,1.907581090927124
0.69,0.77,0.44,0.65,0.95,0.89,0.16,0.6,0.16,19185,1.91109299659729
0.68,0.77,0.44,0.65,0.95,0.89,0.16,0.59,0.15,18250,1.9145967960357666
0.69,0.77,0.44,0.65,0.96,0.89,0.16,0.6,0.16,18865,1.9189136028289795
0.68,0.77,0.43,0.65,0.96,0.89,0.16,0.6,0.16,18958,1.9189136028289795
0.68,0.77,0.44,0.65,0.95,0.89,0.16,0.6,0.15,18973,1.9229421615600586
0.69,0.77,0.44,0.65,0.95,0.89,0.16,0.6,0.16,19108,1.9280517101287842
0.67,0.77,0.43,0.66,0.96,0.89,0.16,0.6,0.15,19079,1.9320564270019531
0.69,0.77,0.43,0.65,0.96,0.89,0.16,0.59,0.15,19044,1.9354350566864014
0.69,0.77,0.43,0.65,0.96,0.89,0.16,0.6,0.15,18701,1.9354350566864014
0.69,0.77,0.44,0.65,0.95,0.89,0.16,0.6,0.16,18782,1.9394454956054688
0.69,0.77,0.44,0.65,0.96,0.89,0.16,0.6,0.15,18829,1.9438631534576416
0.69,0.77,0.44,0.65,0.95,0.89,0.16,0.6,0.15,18418,1.9477026462554932
0.68,0.78,0.43,0.65,0.95,0.89,0.16,0.6,0.15,18657,1.9487535953521729
0.67,0.77,0.43,0.65,0.95,0.89,0.16,0.6,0.15,18916,1.9523804187774658
0.69,0.77,0.43,0.64,0.95,0.89,0.16,0.6,0.15,19341,1.955479621887207
0.69,0.77,0.44,0.64,0.95,0.89,0.16,0.6,0.15,19268,1.9598150253295898
0.69,0.77,0.44,0.65,0.95,0.89,0.16,0.6,0.15,18875,1.9605238437652588
0.69,0.78,0.44,0.65,0.95,0.89,0.16,0.6,0.15,18774,1.9645483493804932
0.69,0.77,0.43,0.65,0.95,0.89,0.16,0.59,0.15,19207,1.9685559272766113
0.7,0.77,0.44,0.65,0.95,0.89,0.16,0.6,0.15,19152,1.972527027130127
0.69,0.77,0.43,0.65,0.95,0.89,0.16,0.59,0.15,18709,1.9735472202301025
0.69,0.77,0.44,0.65,0.95,0.89,0.16,0.6,0.15,19052,1.9768030643463135
0.69,0.77,0.43,0.65,0.95,0.89,0.16,0.6,0.15,19075,1.9801995754241943
0.69,0.77,0.44,0.65,0.95,0.89,0.16,0.6,0.15,19214,1.9852173328399658
0.69,0.77,0.44,0.65,0.95,0.89,0.16,0.59,0.15,19125,1.9852173328399658
0.69,0.77,0.44,0.65,0.95,0.9,0.16,0.6,0.15,18562,1.9887092113494873
0.69,0.77,0.43,0.65,0.95,0.89,0.16,0.59,0.15,18231,1.9928464889526367
0.69,0.77,0.43,0.65,0.95,0.89,0.16,0.6,0.15,18180,1.9972119331359863
0.69,0.77,0.43,0.66,0.95,0.89,0.16,0.6,0.15,18693,1.9972119331359863
0.69,0.78,0.43,0.65,0.95,0.89,0.15,0.6,0.15,18838,2.001175880432129
0.69,0.77,0.43,0.65,0.95,0.89,0.16,0.6,0.15,18551,2.004499912261963
0.7,0.77,0.43,0.66,0.95,0.89,0.16,0.6,0.15,18874,2.009547233581543
0.69,0.78,0.43,0.66,0.95,0.9,0.16,0.6,0.15,19123,2.0131211280822754
0.69,0.78,0.44,0.65,0.95,0.89,0.16,0.6,0.15,19008,2.0131211280822754
0.69,0.78,0.43,0.66,0.95,0.9,0.16,0.6,0.15,18715,2.018123149871826
0.7,0.78,0.43,0.66,0.95,0.89,0.16,0.6,0.15,18766,2.021592617034912
0.7,0.78,0.43,0.65,0.95,0.89,0.16,0.6,0.15,18765,2.0259077548980713
0.7,0.78,0.43,0.66,0.95,0.9,0.16,0.6,0.15,18314,2.0259077548980713
0.7,0.78,0.43,0.65,0.95,0.89,0.16,0.6,0.15,18651,2.0299413204193115
0.69,0.78,0.43,0.66,0.95,0.89,0.16,0.6,0.15,18830,2.033997058868408
0.69,0.78,0.43,0.65,0.95,0.9,0.16,0.6,0.15,18817,2.0385007858276367
0.69,0.78,0.43,0.65,0.95,0.89,0.16,0.6,0.15,19156,2.0385007858276367
0.69,0.77,0.43,0.64,0.95,0.9,0.16,0.6,0.15,18723,2.0415375232696533
0.69,0.78,0.44,0.65,0.95,0.9,0.16,0.6,0.15,18990,2.0465247631073
0.69,0.77,0.43,0.65,0.95,0.9,0.16,0.6,0.15,19167,2.049623727798462
0.69,0.77,0.43,0.65,0.95,0.89,0.16,0.6,0.15,18906,2.0508344173431396
0.69,0.77,0.43,0.65,0.96,0.89,0.16,0.6,0.15,18751,2.053677797317505
0.69,0.77,0.43,0.65,0.96,0.9,0.16,0.6,0.15,18798,2.057677984237671
0.69,0.77,0.43,0.66,0.96,0.9,0.16,0.6,0.15,19031,2.0621378421783447
0.69,0.78,0.43,0.65,0.95,0.9,0.16,0.6,0.15,18996,2.063154458999634
0.69,0.78,0.42,0.66,0.96,0.9,0.16,0.6,0.15,18683,2.0661535263061523
0.69,0.77,0.43,0.65,0.96,0.9,0.16,0.6,0.15,18842,2.070474863052368
0.69,0.77,0.43,0.65,0.96,0.9,0.16,0.6,0.15,18569,2.0744717121124268
0.69,0.78,0.43,0.65,0.96,0.9,0.16,0.6,0.15,18870,2.078308582305908
0.69,0.77,0.43,0.66,0.96,0.9,0.16,0.6,0.15,19127,2.0791685581207275
0.69,0.77,0.43,0.65,0.96,0.89,0.16,0.6,0.15,19068,2.082510232925415
0.69,0.78,0.43,0.65,0.96,0.89,0.17,0.6,0.15,19029,2.0869295597076416
0.69,0.77,0.42,0.65,0.96,0.9,0.16,0.6,0.15,18824,2.089993953704834
0.69,0.77,0.42,0.65,0.96,0.9,0.16,0.6,0.15,18719,2.090959072113037
0.69,0.78,0.43,0.66,0.96,0.9,0.16,0.6,0.15,18734,2.0951380729675293
0.69,0.77,0.42,0.66,0.96,0.9,0.16,0.6,0.15,18663,2.0991480350494385
0.69,0.77,0.42,0.66,0.96,0.9,0.16,0.6,0.15,18564,2.1030423641204834
0.69,0.77,0.43,0.66,0.95,0.9,0.16,0.6,0.15,18287,2.1037044525146484
0.68,0.78,0.43,0.66,0.96,0.89,0.16,0.6,0.16,18418,2.107696056365967
0.68,0.77,0.43,0.66,0.96,0.89,0.16,0.6,0.16,18545,2.111804485321045
0.68,0.78,0.42,0.66,0.96,0.89,0.16,0.6,0.15,18922,2.1157264709472656
0.69,0.77,0.42,0.66,0.96,0.9,0.16,0.6,0.15,19149,2.1164374351501465
0.68,0.78,0.42,0.66,0.95,0.89,0.16,0.6,0.15,19196,2.1198971271514893
0.69,0.77,0.42,0.65,0.95,0.89,0.16,0.6,0.15,19095,2.123971939086914
0.69,0.78,0.42,0.65,0.96,0.9,0.16,0.6,0.15,18690,2.1279990673065186
0.68,0.78,0.42,0.66,0.96,0.89,0.16,0.6,0.15,18681,2.128877639770508
0.69,0.77,0.43,0.66,0.96,0.9,0.16,0.6,0.15,19072,2.133047580718994
0.69,0.77,0.42,0.66,0.95,0.89,0.16,0.61,0.15,18985,2.1360511779785156
0.67,0.78,0.42,0.65,0.96,0.89,0.16,0.6,0.15,18540,2.1411125659942627
0.69,0.77,0.42,0.66,0.95,0.9,0.16,0.6,0.15,18931,2.1411125659942627
0.67,0.77,0.42,0.65,0.95,0.89,0.16,0.6,0.15,18850,2.144324541091919
0.67,0.78,0.42,0.66,0.96,0.89,0.16,0.6,0.15,18839,2.1491901874542236
0.67,0.78,0.42,0.66,0.96,0.89,0.16,0.6,0.15,18774,2.1526408195495605
0.67,0.78,0.42,0.65,0.96,0.89,0.16,0.6,0.15,18565,2.1566672325134277
0.67,0.78,0.42,0.65,0.96,0.89,0.16,0.6,0.15,18806,2.157648801803589
0.68,0.78,0.42,0.65,0.96,0.9,0.16,0.6,0.15,19143,2.1616358757019043
0.67,0.78,0.42,0.66,0.96,0.9,0.16,0.6,0.15,19296,2.1650397777557373
0.68,0.78,0.42,0.66,0.96,0.9,0.16,0.6,0.15,19057,2.1693596839904785
0.68,0.78,0.42,0.66,0.96,0.89,0.16,0.6,0.15,18906,2.1693596839904785
0.69,0.78,0.42,0.66,0.96,0.89,0.16,0.6,0.15,19119,2.173516035079956
0.69,0.78,0.42,0.66,0.96,0.89,0.16,0.6,0.15,18972,2.177550792694092
0.68,0.77,0.42,0.65,0.95,0.89,0.16,0.61,0.15,18937,2.1808924674987793
0.69,0.78,0.42,0.66,0.95,0.89,0.16,0.6,0.15,19174,2.181550979614258
0.69,0.78,0.42,0.66,0.95,0.9,0.16,0.6,0.15,18863,2.186278820037842
0.69,0.78,0.42,0.66,0.96,0.9,0.16,0.6,0.15,18876,2.1894893646240234
0.69,0.78,0.42,0.67,0.96,0.89,0.16,0.6,0.15,18887,2.193612575531006
0.68,0.77,0.42,0.66,0.96,0.9,0.16,0.6,0.15,19028,2.193612575531006
0.69,0.78,0.42,0.66,0.96,0.89,0.16,0.6,0.15,19159,2.1979668140411377
0.69,0.78,0.42,0.65,0.96,0.89,0.16,0.6,0.15,18668,2.2019670009613037
0.69,0.78,0.42,0.66,0.95,0.89,0.16,0.6,0.15,18563,2.205986261367798
0.68,0.77,0.42,0.66,0.96,0.89,0.16,0.61,0.15,19232,2.205986261367798
0.69,0.77,0.42,0.66,0.96,0.89,0.16,0.6,0.15,18773,2.2099671363830566
0.69,0.78,0.42,0.66,0.96,0.89,0.16,0.6,0.15,18704,2.2139675617218018
0.69,0.78,0.43,0.65,0.95,0.9,0.16,0.6,0.15,18833,2.2180707454681396
0.69,0.77,0.43,0.65,0.95,0.89,0.16,0.6,0.15,18890,2.221898317337036
0.69,0.78,0.43,0.66,0.95,0.89,0.16,0.6,0.15,18725,2.221898317337036
0.69,0.77,0.43,0.66,0.96,0.89,0.16,0.61,0.15,18778,2.2273261547088623
0.68,0.77,0.43,0.66,0.95,0.89,0.16,0.6,0.15,19021,2.2305984497070312
0.68,0.78,0.43,0.66,0.95,0.89,0.16,0.6,0.15,19034,2.234272003173828
0.69,0.78,0.43,0.66,0.95,0.89,0.16,0.6,0.16,18681,2.235008478164673
0.69,0.78,0.43,0.66,0.95,0.89,0.16,0.61,0.16,18870,2.238616943359375
0.69,0.77,0.43,0.66,0.95,0.89,0.15,0.6,0.16,19035,2.2426183223724365
0.69,0.78,0.43,0.65,0.95,0.89,0.16,0.6,0.15,18794,2.2466025352478027
0.69,0.78,0.43,0.66,0.95,0.89,0.16,0.6,0.15,18657,2.2466025352478027
0.68,0.78,0.43,0.66,0.95,0.89,0.16,0.6,0.15,18974,2.250718593597412
0.69,0.78,0.43,0.66,0.95,0.89,0.16,0.6,0.15,18475,2.255258083343506
0.68,0.78,0.43,0.66,0.95,0.89,0.16,0.6,0.15,18590,2.2589683532714844
0.68,0.78,0.43,0.66,0.95,0.89,0.16,0.6,0.15,19225,2.2600185871124268
0.69,0.77,0.43,0.66,0.96,0.89,0.16,0.6,0.15,19006,2.2635350227355957
0.69,0.78,0.43,0.66,0.95,0.9,0.16,0.6,0.15,19013,2.267676830291748
0.7,0.77,0.43,0.67,0.95,0.89,0.16,0.6,0.15,18802,2.2717325687408447
0.69,0.78,0.43,0.66,0.95,0.89,0.16,0.6,0.15,18725,2.2717325687408447
0.69,0.78,0.43,0.66,0.96,0.89,0.16,0.6,0.15,18752,2.275728702545166
0.69,0.78,0.43,0.66,0.95,0.89,0.16,0.6,0.15,18461,2.279468059539795
0.68,0.78,0.43,0.65,0.95,0.89,0.16,0.6,0.15,18548,2.283839702606201
0.69,0.78,0.42,0.65,0.95,0.89,0.16,0.6,0.15,18407,2.2875938415527344
0.69,0.78,0.43,0.65,0.95,0.89,0.16,0.6,0.15,18584,2.288649797439575
0.69,0.78,0.43,0.66,0.95,0.9,0.16,0.6,0.15,18705,2.292656898498535
0.69,0.78,0.43,0.65,0.95,0.89,0.16,0.6,0.15,18520,2.296152114868164
0.69,0.78,0.43,0.66,0.95,0.89,0.16,0.6,0.15,18727,2.299847364425659
0.7,0.78,0.43,0.66,0.95,0.89,0.16,0.6,0.15,18804,2.3007771968841553
0.69,0.78,0.43,0.66,0.95,0.89,0.16,0.6,0.15,19327,2.3048014640808105
0.69,0.78,0.43,0.66,0.95,0.89,0.16,0.6,0.15,19336,2.307811975479126
0.69,0.78,0.43,0.65,0.96,0.89,0.17,0.6,0.15,18995,2.310811758041382
0.69,0.78,0.43,0.66,0.96,0.89,0.16,0.6,0.15,18976,2.3123421669006348
0.69,0.78,0.42,0.66,0.96,0.89,0.16,0.6,0.15,18863,2.316227436065674
0.69,0.78,0.43,0.66,0.96,0.89,0.16,0.6,0.15,18632,2.3215558528900146
0.69,0.78,0.43,0.66,0.96,0.89,0.16,0.6,0.15,19179,2.3245739936828613
0.69,0.78,0.43,0.66,0.96,0.9,0.16,0.6,0.15,18946,2.3255550861358643
0.69,0.78,0.42,0.65,0.96,0.89,0.17,0.6,0.15,19017,2.3295552730560303
0.69,0.78,0.42,0.65,0.96,0.89,0.16,0.6,0.14,19050,2.333534002304077
0.69,0.78,0.42,0.67,0.96,0.89,0.16,0.6,0.15,18869,2.336834192276001
0.68,0.78,0.42,0.66,0.96,0.89,0.17,0.6,0.15,18942,2.3378851413726807
0.69,0.78,0.42,0.65,0.95,0.89,0.16,0.6,0.15,19539,2.3412764072418213
0.69,0.78,0.42,0.65,0.95,0.89,0.16,0.6,0.15,19272,2.3450331687927246
0.69,0.78,0.42,0.66,0.96,0.89,0.17,0.61,0.15,18467,2.3496792316436768
0.69,0.78,0.42,0.66,0.96,0.89,0.16,0.6,0.15,18418,2.3496792316436768
0.69,0.78,0.42,0.65,0.96,0.89,0.16,0.61,0.15,18691,2.3531839847564697
0.69,0.78,0.42,0.65,0.96,0.89,0.17,0.6,0.16,18440,2.3575594425201416
0.69,0.77,0.42,0.65,0.96,0.89,0.16,0.61,0.15,18653,2.3615620136260986
0.69,0.78,0.42,0.65,0.95,0.89,0.17,0.61,0.15,18722,2.3655824661254883
0.69,0.78,0.42,0.66,0.96,0.89,0.17,0.61,0.16,18921,2.3655824661254883
0.69,0.78,0.42,0.66,0.96,0.89,0.16,0.61,0.16,18968,2.3706233501434326
0.68,0.78,0.42,0.66,0.96,0.89,0.16,0.61,0.15,18265,2.3736002445220947
0.69,0.78,0.42,0.66,0.96,0.89,0.17,0.61,0.16,18416,2.377751350402832
0.69,0.78,0.42,0.65,0.96,0.89,0.17,0.6,0.15,18807,2.378650188446045
0.69,0.78,0.42,0.65,0.96,0.89,0.17,0.61,0.16,18838,2.3822085857391357
0.69,0.78,0.42,0.66,0.96,0.89,0.17,0.6,0.15,18871,2.387115240097046
0.68,0.78,0.42,0.66,0.95,0.89,0.17,0.61,0.15,19412,2.3905386924743652
0.69,0.78,0.42,0.66,0.95,0.89,0.16,0.6,0.16,19095,2.3915457725524902
0.69,0.78,0.43,0.66,0.95,0.89,0.17,0.6,0.15,18778,2.3947179317474365
0.69,0.78,0.42,0.65,0.95,0.89,0.16,0.61,0.15,18789,2.397833824157715
0.69,0.78,0.43,0.66,0.95,0.89,0.17,0.6,0.16,18838,2.401914358139038
0.68,0.78,0.43,0.65,0.96,0.89,0.16,0.61,0.15,19177,2.4030895233154297
0.68,0.78,0.42,0.65,0.95,0.89,0.17,0.61,0.16,18768,2.4059555530548096
0.68,0.79,0.42,0.66,0.95,0.89,0.16,0.61,0.16,18901,2.4109559059143066
0.68,0.78,0.42,0.65,0.95,0.89,0.17,0.61,0.16,18932,2.4143755435943604
0.68,0.78,0.42,0.65,0.95,0.89,0.17,0.61,0.15,18951,2.4156334400177
0.68,0.78,0.42,0.65,0.96,0.89,0.17,0.61,0.15,18960,2.4196670055389404
0.69,0.78,0.43,0.65,0.95,0.89,0.17,0.61,0.16,18863,2.4237284660339355
0.69,0.78,0.43,0.65,0.95,0.89,0.16,0.61,0.16,18908,2.427022933959961
0.68,0.78,0.42,0.65,0.95,0.89,0.17,0.61,0.15,18717,2.430072546005249
0.69,0.79,0.42,0.65,0.95,0.89,0.17,0.61,0.15,19298,2.4311599731445312
0.69,0.79,0.42,0.65,0.95,0.89,0.17,0.61,0.15,19101,2.435183525085449
0.68,0.78,0.42,0.65,0.95,0.89,0.17,0.61,0.15,18830,2.4401650428771973
0.69,0.78,0.43,0.65,0.95,0.89,0.16,0.61,0.15,18827,2.443141460418701
0.69,0.78,0.42,0.66,0.95,0.89,0.17,0.61,0.15,18612,2.443141460418701
0.69,0.78,0.42,0.65,0.95,0.89,0.16,0.61,0.16,18221,2.448291540145874
0.69,0.78,0.43,0.65,0.95,0.89,0.16,0.61,0.16,18320,2.451315402984619
0.68,0.78,0.43,0.66,0.95,0.89,0.16,0.61,0.16,18753,2.455489158630371
0.68,0.79,0.43,0.65,0.95,0.89,0.16,0.61,0.16,19070,2.455489158630371
0.68,0.79,0.42,0.66,0.96,0.89,0.16,0.61,0.16,18623,2.4594650268554688
0.68,0.78,0.43,0.66,0.95,0.89,0.16,0.61,0.16,18470,2.4644906520843506
0.68,0.79,0.43,0.66,0.96,0.89,0.16,0.61,0.16,18535,2.467489719390869
0.68,0.79,0.43,0.66,0.95,0.89,0.16,0.61,0.16,18572,2.4684653282165527
0.69,0.78,0.43,0.65,0.95,0.89,0.16,0.61,0.16,18683,2.471830129623413
0.68,0.78,0.43,0.65,0.95,0.89,0.16,0.61,0.16,18716,2.4768564701080322
0.69,0.79,0.43,0.65,0.96,0.89,0.17,0.61,0.16,19033,2.4802229404449463
0.68,0.79,0.43,0.65,0.96,0.89,0.17,0.61,0.16,18986,2.481128692626953
0.68,0.79,0.43,0.64,0.96,0.89,0.17,0.6,0.15,18911,2.484220504760742
0.69,0.79,0.43,0.65,0.95,0.89,0.16,0.6,0.16,18590,2.4876463413238525
0.68,0.78,0.43,0.66,0.96,0.89,0.17,0.61,0.15,18913,2.4926252365112305
0.69,0.79,0.43,0.66,0.96,0.89,0.16,0.6,0.16,18788,2.4926252365112305
0.68,0.79,0.43,0.66,0.96,0.89,0.17,0.6,0.15,18867,2.4966249465942383
0.68,0.79,0.43,0.66,0.96,0.89,0.17,0.6,0.15,18738,2.5006353855133057
0.69,0.78,0.43,0.66,0.96,0.89,0.17,0.61,0.16,18713,2.504070520401001
0.69,0.79,0.43,0.66,0.95,0.89,0.17,0.6,0.16,19118,2.508493661880493
0.68,0.79,0.43,0.66,0.96,0.89,0.17,0.6,0.15,19109,2.509514093399048
0.68,0.79,0.43,0.65,0.95,0.89,0.16,0.61,0.15,19288,2.512514591217041
0.69,0.79,0.43,0.66,0.95,0.89,0.17,0.6,0.16,19117,2.517899751663208
0.68,0.79,0.43,0.66,0.95,0.89,0.17,0.61,0.15,18740,2.5209972858428955
0.69,0.79,0.43,0.65,0.95,0.89,0.17,0.61,0.16,18433,2.5218758583068848
0.67,0.79,0.43,0.66,0.95,0.9,0.17,0.61,0.15,18606,2.524874448776245
0.68,0.79,0.43,0.66,0.95,0.89,0.17,0.61,0.15,19137,2.52988600730896
0.68,0.79,0.43,0.66,0.95,0.89,0.16,0.61,0.15,19468,2.5330841541290283
0.67,0.79,0.43,0.66,0.95,0.89,0.17,0.61,0.15,19901,2.5339977741241455
0.67,0.79,0.43,0.65,0.94,0.89,0.17,0.6,0.15,19380,2.538350820541382
0.67,0.79,0.43,0.66,0.95,0.89,0.17,0.61,0.16,19131,2.542217254638672
0.67,0.79,0.43,0.66,0.95,0.89,0.16,0.61,0.15,19156,2.545982837677002
0.67,0.79,0.43,0.66,0.95,0.89,0.17,0.61,0.16,18857,2.545982837677002
0.67,0.79,0.43,0.66,0.95,0.89,0.17,0.6,0.15,18704,2.5500576496124268
0.67,0.79,0.43,0.66,0.96,0.89,0.17,0.6,0.16,18497,2.554058313369751
0.68,0.79,0.43,0.66,0.96,0.89,0.17,0.61,0.16,18426,2.558619499206543
0.68,0.79,0.43,0.66,0.96,0.89,0.16,0.6,0.16,18755,2.558619499206543
0.68,0.79,0.43,0.66,0.96,0.89,0.16,0.61,0.16,18710,2.56261944770813
0.67,0.79,0.43,0.66,0.96,0.89,0.17,0.6,0.16,18135,2.566619634628296
0.67,0.79,0.43,0.66,0.96,0.89,0.17,0.6,0.16,18050,2.5707621574401855
0.67,0.79,0.43,0.67,0.96,0.9,0.17,0.6,0.16,18845,2.5716092586517334
0.67,0.79,0.43,0.66,0.96,0.89,0.16,0.6,0.15,18868,2.5743143558502197
0.68,0.79,0.42,0.67,0.96,0.89,0.17,0.6,0.15,18491,2.5794930458068848
0.68,0.79,0.43,0.66,0.96,0.89,0.17,0.6,0.16,18254,2.5834569931030273
0.67,0.79,0.43,0.66,0.96,0.89,0.17,0.61,0.16,18541,2.5868330001831055
0.67,0.79,0.43,0.66,0.96,0.89,0.17,0.6,0.16,18346,2.5868330001831055
0.67,0.79,0.43,0.66,0.96,0.89,0.17,0.61,0.16,18545,2.590747117996216
0.67,0.79,0.43,0.66,0.96,0.89,0.17,0.6,0.16,18880,2.594756603240967
0.67,0.78,0.43,0.66,0.96,0.89,0.17,0.6,0.16,19057,2.599243402481079
0.68,0.79,0.43,0.66,0.96,0.89,0.16,0.6,0.16,19258,2.600217819213867
0.68,0.79,0.43,0.66,0.96,0.89,0.17,0.6,0.16,18461,2.603191614151001
0.68,0.79,0.43,0.66,0.96,0.89,0.16,0.6,0.16,18284,2.6072888374328613
0.67,0.79,0.43,0.66,0.96,0.89,0.17,0.6,0.16,18525,2.6113710403442383
0.67,0.79,0.43,0.66,0.96,0.89,0.17,0.6,0.16,18562,2.6113710403442383
0.68,0.79,0.43,0.66,0.96,0.89,0.16,0.61,0.16,18859,2.615922689437866
0.68,0.78,0.43,0.66,0.96,0.89,0.16,0.6,0.16,18976,2.6213021278381348
0.68,0.78,0.43,0.66,0.96,0.89,0.17,0.6,0.16,19391,2.6235716342926025
0.68,0.79,0.43,0.66,0.96,0.9,0.16,0.6,0.15,18970,2.624629020690918
0.68,0.79,0.43,0.67,0.96,0.89,0.17,0.61,0.15,18589,2.62729549407959
0.68,0.79,0.43,0.66,0.96,0.89,0.16,0.61,0.15,18814,2.6325371265411377
0.68,0.79,0.43,0.66,0.96,0.89,0.17,0.61,0.16,19039,2.635864496231079
0.68,0.79,0.43,0.66,0.96,0.89,0.16,0.61,0.15,18612,2.636920928955078
0.68,0.79,0.43,0.66,0.96,0.89,0.17,0.61,0.16,18661,2.639920473098755
0.68,0.79,0.43,0.66,0.96,0.89,0.16,0.61,0.15,18806,2.6448895931243896
0.68,0.79,0.43,0.66,0.96,0.89,0.17,0.61,0.16,18809,2.6479830741882324
0.69,0.79,0.43,0.66,0.96,0.89,0.16,0.61,0.16,18880,2.6488964557647705
0.69,0.79,0.43,0.66,0.96,0.89,0.17,0.61,0.16,18801,2.6529719829559326
0.69,0.79,0.43,0.66,0.96,0.89,0.17,0.61,0.16,18876,2.6558849811553955
0.68,0.79,0.43,0.66,0.95,0.89,0.17,0.61,0.16,18617,2.660205364227295
0.69,0.79,0.43,0.67,0.96,0.89,0.16,0.61,0.15,18482,2.6642332077026367
0.69,0.79,0.43,0.67,0.96,0.9,0.17,0.6,0.15,18469,2.6652345657348633
0.68,0.78,0.43,0.66,0.96,0.9,0.17,0.6,0.16,18078,2.66823673248291
0.69,0.79,0.43,0.67,0.96,0.9,0.16,0.61,0.16,18569,2.672912836074829
0.69,0.79,0.43,0.67,0.96,0.9,0.17,0.61,0.15,18998,2.676912307739258
0.69,0.78,0.43,0.67,0.96,0.89,0.17,0.6,0.15,18987,2.676912307739258
0.69,0.78,0.43,0.66,0.96,0.89,0.17,0.61,0.15,18546,2.6809122562408447
0.7,0.79,0.43,0.67,0.96,0.9,0.17,0.6,0.15,18783,2.6849122047424316
0.69,0.78,0.43,0.67,0.96,0.9,0.16,0.61,0.15,18738,2.6882810592651367
0.69,0.78,0.43,0.67,0.96,0.89,0.17,0.61,0.15,18601,2.6893248558044434
0.69,0.78,0.43,0.66,0.96,0.89,0.17,0.61,0.16,18484,2.6932806968688965
0.69,0.78,0.43,0.67,0.96,0.89,0.16,0.61,0.15,18165,2.6972815990448
0.7,0.78,0.43,0.67,0.96,0.89,0.17,0.61,0.15,18510,2.701425313949585
0.69,0.78,0.42,0.66,0.96,0.9,0.16,0.61,0.15,18833,2.701425313949585
0.69,0.78,0.42,0.67,0.96,0.89,0.17,0.61,0.15,19070,2.70566463470459
0.69,0.79,0.43,0.66,0.96,0.89,0.16,0.61,0.15,19113,2.7096657752990723
0.69,0.79,0.43,0.66,0.96,0.9,0.16,0.61,0.15,18540,2.713186502456665
0.69,0.79,0.43,0.67,0.96,0.9,0.17,0.61,0.15,18281,2.714207649230957
0.69,0.78,0.43,0.67,0.96,0.9,0.17,0.61,0.15,18476,2.7171995639801025
0.69,0.78,0.43,0.67,0.96,0.9,0.16,0.61,0.15,18707,2.721290349960327
0.69,0.79,0.43,0.66,0.96,0.89,0.17,0.61,0.16,18526,2.726301431655884
0.69,0.78,0.43,0.67,0.96,0.89,0.16,0.61,0.15,18933,2.726301431655884
0.69,0.79,0.42,0.67,0.97,0.9,0.17,0.61,0.15,18874,2.7302918434143066
0.68,0.79,0.42,0.67,0.96,0.89,0.16,0.61,0.16,18647,2.7342889308929443
0.69,0.79,0.42,0.66,0.96,0.89,0.16,0.61,0.15,18670,2.738295555114746
0.69,0.78,0.43,0.66,0.97,0.89,0.17,0.61,0.16,18659,2.7422935962677
0.69,0.79,0.43,0.66,0.96,0.89,0.16,0.61,0.15,18976,2.7422935962677
0.69,0.79,0.43,0.66,0.96,0.89,0.17,0.61,0.16,19135,2.7462940216064453
0.69,0.78,0.43,0.66,0.96,0.89,0.17,0.61,0.15,19024,2.7505226135253906
0.68,0.79,0.42,0.66,0.96,0.89,0.16,0.61,0.16,18989,2.7545392513275146
0.68,0.78,0.43,0.66,0.96,0.89,0.17,0.61,0.16,18796,2.7545392513275146
0.69,0.78,0.42,0.67,0.96,0.89,0.17,0.61,0.15,18743,2.7587692737579346
0.69,0.79,0.42,0.66,0.96,0.89,0.16,0.6,0.15,19362,2.7627687454223633
0.69,0.79,0.42,0.66,0.95,0.89,0.16,0.61,0.15,19177,2.766768217086792
0.69,0.79,0.42,0.66,0.96,0.9,0.16,0.61,0.15,18928,2.767763614654541
0.68,0.79,0.42,0.66,0.96,0.89,0.16,0.61,0.15,18581,2.7708091735839844
0.69,0.79,0.42,0.66,0.95,0.9,0.16,0.61,0.15,18634,2.774773597717285
0.69,0.79,0.42,0.66,0.96,0.9,0.16,0.61,0.15,19113,2.7789535522460938
0.68,0.79,0.42,0.67,0.96,0.9,0.16,0.61,0.15,18734,2.7789535522460938
0.68,0.79,0.42,0.66,0.95,0.9,0.16,0.61,0.15,18487,2.783184766769409
0.69,0.79,0.42,0.67,0.96,0.9,0.16,0.61,0.15,18698,2.7872815132141113
0.69,0.79,0.42,0.66,0.96,0.89,0.16,0.61,0.15,19109,2.7914669513702393
0.69,0.79,0.42,0.66,0.96,0.89,0.16,0.61,0.15,19098,2.7925000190734863
0.69,0.79,0.42,0.66,0.96,0.89,0.16,0.61,0.15,19107,2.7954704761505127
0.68,0.79,0.42,0.67,0.96,0.9,0.16,0.61,0.15,19090,2.7995760440826416
0.69,0.79,0.42,0.66,0.95,0.9,0.16,0.61,0.15,18797,2.804438829421997
0.69,0.79,0.42,0.66,0.96,0.9,0.16,0.61,0.15,18662,2.804438829421997
0.69,0.79,0.42,0.66,0.96,0.9,0.16,0.61,0.15,18687,2.807527542114258
0.69,0.79,0.42,0.66,0.96,0.9,0.15,0.61,0.15,19096,2.811523914337158
0.69,0.79,0.42,0.67,0.96,0.89,0.15,0.61,0.15,18899,2.8161261081695557
0.69,0.79,0.42,0.67,0.96,0.9,0.15,0.61,0.15,18334,2.8161261081695557
0.69,0.79,0.42,0.66,0.96,0.89,0.15,0.61,0.15,18511,2.8201611042022705
0.69,0.79,0.42,0.66,0.96,0.9,0.15,0.61,0.15,18818,2.8239102363586426
0.69,0.79,0.42,0.67,0.96,0.89,0.15,0.61,0.15,18877,2.8282909393310547
0.7,0.79,0.43,0.66,0.96,0.9,0.16,0.61,0.15,19014,2.832723617553711
0.7,0.79,0.42,0.67,0.96,0.9,0.15,0.61,0.15,18669,2.832723617553711
0.69,0.79,0.42,0.66,0.96,0.89,0.15,0.61,0.15,19100,2.8368327617645264
0.7,0.79,0.42,0.66,0.96,0.89,0.15,0.61,0.15,19343,2.840864896774292
0.69,0.79,0.42,0.67,0.96,0.89,0.15,0.61,0.15,18664,2.84450364112854
0.7,0.79,0.42,0.67,0.95,0.89,0.15,0.61,0.15,18543,2.845226287841797
0.7,0.79,0.42,0.66,0.96,0.89,0.15,0.61,0.15,18836,2.8487660884857178
0.69,0.79,0.42,0.66,0.96,0.89,0.16,0.61,0.15,18791,2.8531088829040527
0.69,0.79,0.42,0.66,0.96,0.89,0.15,0.61,0.15,18778,2.8571407794952393
0.69,0.79,0.42,0.66,0.96,0.89,0.15,0.61,0.15,18827,2.8571407794952393
0.69,0.79,0.42,0.66,0.96,0.89,0.15,0.61,0.15,18614,2.861248254776001
0.69,0.79,0.42,0.66,0.96,0.89,0.15,0.61,0.15,18427,2.8652477264404297
0.69,0.79,0.42,0.66,0.96,0.89,0.15,0.61,0.16,18864,2.8692426681518555
0.69,0.79,0.43,0.67,0.96,0.89,0.15,0.61,0.15,18797,2.8692426681518555
0.7,0.79,0.42,0.65,0.96,0.9,0.15,0.61,0.15,18916,2.873335123062134
0.69,0.79,0.42,0.66,0.96,0.89,0.15,0.61,0.15,19111,2.8773255348205566
0.7,0.79,0.42,0.66,0.96,0.89,0.15,0.61,0.15,18892,2.8822333812713623
0.69,0.79,0.42,0.67,0.96,0.89,0.15,0.61,0.15,18979,2.8822333812713623
0.7,0.79,0.42,0.66,0.96,0.9,0.15,0.61,0.15,18726,2.886117458343506
0.69,0.79,0.42,0.67,0.96,0.9,0.15,0.61,0.15,18659,2.8900856971740723
0.69,0.79,0.42,0.66,0.96,0.89,0.15,0.61,0.15,19148,2.8940837383270264
0.69,0.79,0.42,0.66,0.96,0.89,0.15,0.61,0.15,19101,2.897643566131592
0.69,0.79,0.42,0.67,0.96,0.89,0.15,0.61,0.15,19230,2.898134231567383
0.69,0.79,0.42,0.65,0.96,0.89,0.15,0.61,0.15,19109,2.901729106903076
0.69,0.79,0.42,0.66,0.96,0.89,0.15,0.61,0.15,18644,2.9075207710266113
0.7,0.79,0.42,0.66,0.96,0.9,0.15,0.61,0.15,18825,2.909928560256958
0.7,0.79,0.42,0.67,0.96,0.89,0.15,0.61,0.15,19024,2.910654306411743
0.7,0.78,0.42,0.66,0.96,0.89,0.15,0.61,0.15,19001,2.9151933193206787
0.7,0.79,0.42,0.66,0.95,0.89,0.15,0.61,0.15,19074,2.918546676635742
0.7,0.79,0.42,0.66,0.96,0.89,0.15,0.61,0.16,18661,2.9226059913635254
0.69,0.79,0.42,0.66,0.96,0.9,0.15,0.61,0.15,18876,2.9236040115356445
0.7,0.79,0.42,0.67,0.96,0.9,0.15,0.61,0.15,19089,2.927643299102783
0.7,0.79,0.42,0.66,0.96,0.89,0.15,0.61,0.15,18662,2.931338310241699
0.7,0.79,0.42,0.67,0.95,0.89,0.15,0.61,0.15,18581,2.935338020324707
0.7,0.79,0.42,0.67,0.95,0.89,0.15,0.62,0.15,18966,2.935338020324707
0.69,0.79,0.42,0.66,0.96,0.9,0.15,0.61,0.15,19167,2.9391603469848633
0.69,0.78,0.42,0.67,0.95,0.9,0.15,0.61,0.15,18930,2.9429945945739746
0.7,0.79,0.42,0.66,0.96,0.9,0.15,0.61,0.15,18957,2.9476816654205322
0.7,0.79,0.42,0.67,0.96,0.9,0.16,0.62,0.15,18624,2.9476816654205322
0.69,0.79,0.42,0.66,0.96,0.89,0.15,0.61,0.15,18607,2.9517674446105957
0.7,0.79,0.42,0.66,0.96,0.89,0.15,0.61,0.15,18522,2.9557647705078125
0.7,0.79,0.42,0.66,0.96,0.89,0.15,0.62,0.15,18423,2.9597840309143066
0.7,0.79,0.42,0.67,0.95,0.9,0.15,0.62,0.15,18986,2.9630305767059326
0.7,0.79,0.42,0.67,0.96,0.9,0.15,0.61,0.15,19189,2.963766574859619
0.7,0.79,0.42,0.67,0.96,0.9,0.15,0.61,0.15,19192,2.9681763648986816
0.7,0.79,0.42,0.66,0.95,0.9,0.15,0.61,0.15,18705,2.9721310138702393
0.69,0.79,0.42,0.67,0.95,0.9,0.15,0.61,0.15,18660,2.9757707118988037
0.69,0.79,0.42,0.66,0.95,0.89,0.15,0.61,0.15,18707,2.976823329925537
0.69,0.79,0.42,0.66,0.95,0.9,0.15,0.61,0.15,19024,2.980802297592163
0.7,0.79,0.42,0.66,0.95,0.9,0.15,0.61,0.15,19319,2.984102487564087
0.69,0.79,0.42,0.66,0.96,0.9,0.15,0.61,0.15,18948,2.9881837368011475
0.7,0.79,0.42,0.66,0.95,0.9,0.15,0.61,0.16,18817,2.9881837368011475
0.69,0.79,0.43,0.67,0.95,0.9,0.15,0.61,0.15,18840,2.9922726154327393
0.69,0.79,0.42,0.66,0.95,0.89,0.15,0.62,0.15,18717,2.996410369873047
0.69,0.79,0.42,0.66,0.95,0.9,0.15,0.61,0.15,18730,3.0000808238983154
0.69,0.79,0.42,0.66,0.95,0.9,0.15,0.62,0.15,18835,3.0010857582092285
0.69,0.79,0.42,0.66,0.95,0.9,0.15,0.61,0.15,19114,3.0040977001190186
0.7,0.79,0.42,0.66,0.95,0.9,0.15,0.61,0.15,19161,3.0096476078033447
0.69,0.79,0.42,0.66,0.95,0.9,0.15,0.62,0.16,18946,3.012904167175293
0.69,0.79,0.42,0.66,0.95,0.9,0.15,0.62,0.16,19031,3.0135512351989746
0.69,0.79,0.42,0.66,0.95,0.9,0.15,0.61,0.15,19104,3.016974687576294
0.69,0.79,0.42,0.67,0.95,0.9,0.15,0.62,0.16,18815,3.021022081375122
0.7,0.79,0.42,0.66,0.96,0.9,0.15,0.62,0.15,18656,3.02601957321167
0.69,0.79,0.42,0.65,0.95,0.9,0.15,0.61,0.15,19149,3.02601957321167
0.7,0.79,0.42,0.66,0.95,0.9,0.15,0.61,0.15,19652,3.029039144515991
0.7,0.79,0.42,0.66,0.95,0.9,0.15,0.61,0.15,19399,3.033034086227417
0.69,0.79,0.42,0.66,0.96,0.9,0.15,0.61,0.15,18816,3.038480281829834
0.69,0.78,0.42,0.65,0.96,0.9,0.15,0.61,0.15,19033,3.040449619293213
0.69,0.79,0.42,0.66,0.96,0.9,0.16,0.61,0.15,18814,3.0414700508117676
0.7,0.79,0.42,0.67,0.95,0.9,0.15,0.61,0.15,18871,3.0451033115386963
0.7,0.79,0.42,0.66,0.96,0.9,0.15,0.61,0.15,18360,3.049835443496704
0.69,0.78,0.42,0.66,0.96,0.9,0.15,0.61,0.15,18203,3.0531835556030273
0.69,0.79,0.42,0.66,0.95,0.9,0.15,0.61,0.15,18776,3.0542221069335938
0.68,0.79,0.42,0.66,0.95,0.9,0.15,0.61,0.16,18471,3.0582456588745117
0.7,0.79,0.42,0.66,0.96,0.9,0.15,0.61,0.15,18302,3.0622336864471436
0.7,0.79,0.42,0.66,0.95,0.89,0.15,0.62,0.16,18391,3.0655176639556885
0.7,0.79,0.42,0.67,0.96,0.89,0.15,0.61,0.15,18478,3.0662457942962646
0.7,0.79,0.42,0.66,0.96,0.9,0.15,0.61,0.16,18643,3.0702457427978516
0.69,0.79,0.42,0.67,0.95,0.9,0.15,0.61,0.15,18598,3.074404001235962
0.69,0.79,0.42,0.67,0.96,0.9,0.15,0.61,0.16,18649,3.078504800796509
0.7,0.79,0.42,0.66,0.95,0.89,0.15,0.62,0.15,18958,3.079580307006836
0.7,0.79,0.42,0.66,0.96,0.89,0.15,0.61,0.15,18723,3.0828003883361816
0.7,0.79,0.42,0.67,0.96,0.9,0.16,0.61,0.15,18522,3.086798906326294
0.7,0.79,0.42,0.66,0.95,0.9,0.15,0.61,0.15,18661,3.0908236503601074
0.69,0.79,0.42,0.66,0.95,0.89,0.15,0.61,0.16,18840,3.091798782348633
0.69,0.79,0.42,0.66,0.95,0.9,0.15,0.61,0.15,18547,3.0948235988616943
0.69,0.79,0.42,0.66,0.96,0.9,0.15,0.61,0.16,18926,3.099658727645874
0.7,0.79,0.42,0.66,0.95,0.89,0.15,0.61,0.15,18873,3.1034061908721924
0.69,0.79,0.42,0.66,0.96,0.9,0.15,0.61,0.15,18444,3.1034061908721924
0.7,0.79,0.42,0.66,0.95,0.9,0.15,0.61,0.15,18855,3.1076760292053223
0.69,0.79,0.42,0.66,0.95,0.9,0.15,0.61,0.15,18968,3.1106722354888916
0.7,0.79,0.42,0.66,0.95,0.9,0.15,0.61,0.16,19147,3.1148886680603027
0.69,0.79,0.42,0.66,0.95,0.9,0.15,0.61,0.15,19400,3.118925094604492
0.69,0.79,0.42,0.66,0.96,0.9,0.15,0.61,0.15,19135,3.118925094604492
0.69,0.79,0.42,0.66,0.96,0.9,0.16,0.61,0.15,18890,3.122917890548706
0.69,0.79,0.42,0.66,0.95,0.9,0.15,0.61,0.15,18877,3.1269147396087646
0.69,0.79,0.42,0.66,0.95,0.89,0.15,0.61,0.15,18782,3.1309189796447754
0.69,0.79,0.42,0.66,0.95,0.89,0.15,0.61,0.16,18889,3.131917953491211
0.7,0.79,0.42,0.66,0.95,0.9,0.15,0.61,0.15,19014,3.1349985599517822
0.69,0.79,0.42,0.66,0.95,0.9,0.15,0.61,0.15,18969,3.139420509338379
0.7,0.79,0.42,0.67,0.95,0.9,0.15,0.61,0.15,18902,3.1433229446411133
0.69,0.79,0.42,0.67,0.95,0.9,0.15,0.61,0.15,19149,3.144307851791382
0.69,0.79,0.42,0.67,0.95,0.89,0.15,0.61,0.15,19160,3.1483066082000732
0.69,0.79,0.42,0.66,0.96,0.9,0.15,0.61,0.15,18805,3.1523067951202393
0.68,0.79,0.42,0.67,0.96,0.9,0.15,0.61,0.15,18810,3.1553099155426025
0.68,0.79,0.42,0.67,0.96,0.9,0.15,0.61,0.15,18843,3.1563069820404053
0.69,0.79,0.42,0.66,0.96,0.9,0.15,0.61,0.15,19204,3.160027027130127
0.7,0.79,0.42,0.66,0.96,0.9,0.15,0.61,0.15,18983,3.164184808731079
0.69,0.79,0.43,0.66,0.96,0.89,0.15,0.61,0.15,18488,3.169508695602417
0.68,0.79,0.42,0.67,0.96,0.9,0.15,0.61,0.15,18857,3.169508695602417
0.69,0.79,0.42,0.66,0.95,0.9,0.14,0.61,0.15,18832,3.1725382804870605
0.69,0.79,0.42,0.66,0.96,0.9,0.15,0.61,0.15,19003,3.176542282104492
0.69,0.79,0.42,0.66,0.96,0.89,0.15,0.61,0.15,18802,3.1813113689422607
0.69,0.79,0.42,0.66,0.95,0.9,0.15,0.61,0.16,18613,3.1843605041503906
0.69,0.79,0.42,0.66,0.96,0.9,0.16,0.61,0.16,19008,3.1853318214416504
0.69,0.79,0.42,0.66,0.96,0.89,0.15,0.61,0.16,18823,3.1879336833953857
0.69,0.79,0.42,0.66,0.96,0.9,0.15,0.61,0.15,18778,3.1924901008605957
0.69,0.79,0.42,0.66,0.96,0.9,0.16,0.61,0.15,19017,3.19655442237854
0.69,0.79,0.42,0.66,0.96,0.89,0.15,0.61,0.15,19012,3.1975302696228027
0.69,0.79,0.42,0.66,0.96,0.89,0.16,0.61,0.15,19219,3.2015719413757324
0.69,0.78,0.42,0.66,0.95,0.89,0.15,0.61,0.16,18514,3.2046687602996826
0.69,0.79,0.42,0.66,0.96,0.9,0.15,0.61,0.16,17833,3.2095720767974854
0.69,0.79,0.42,0.66,0.96,0.89,0.16,0.61,0.16,18440,3.2095720767974854
0.69,0.79,0.42,0.66,0.95,0.9,0.16,0.61,0.16,18895,3.214357614517212
0.68,0.79,0.42,0.66,0.96,0.89,0.16,0.61,0.15,18478,3.2184457778930664
0.69,0.79,0.42,0.67,0.96,0.9,0.15,0.61,0.16,18663,3.2214460372924805
0.69,0.79,0.42,0.67,0.96,0.89,0.15,0.61,0.16,19274,3.2214460372924805
0.69,0.79,0.42,0.66,0.96,0.89,0.15,0.61,0.16,19695,3.226702928543091
0.69,0.79,0.42,0.67,0.95,0.89,0.16,0.61,0.15,19158,3.229785919189453
0.69,0.79,0.42,0.66,0.96,0.89,0.15,0.61,0.16,18927,3.234241247177124
0.69,0.79,0.42,0.66,0.96,0.89,0.15,0.61,0.15,18736,3.234241247177124
0.69,0.79,0.42,0.66,0.96,0.89,0.15,0.61,0.16,19021,3.2384867668151855
0.69,0.79,0.42,0.66,0.95,0.89,0.15,0.61,0.16,18822,3.2420079708099365
0.7,0.79,0.42,0.66,0.96,0.89,0.15,0.61,0.16,18621,3.2470810413360596
0.69,0.79,0.42,0.66,0.96,0.89,0.16,0.61,0.16,18874,3.2501423358917236
0.69,0.79,0.43,0.66,0.95,0.89,0.16,0.61,0.16,18807,3.2501423358917236
0.69,0.79,0.43,0.66,0.96,0.89,0.16,0.61,0.16,18948,3.2541120052337646
0.69,0.78,0.42,0.66,0.95,0.89,0.16,0.61,0.15,19123,3.2596323490142822
0.69,0.79,0.42,0.66,0.96,0.89,0.15,0.61,0.16,18636,3.2615959644317627
0.69,0.78,0.43,0.67,0.95,0.89,0.15,0.61,0.16,18899,3.262695074081421
0.69,0.78,0.42,0.66,0.96,0.89,0.16,0.61,0.15,18898,3.2665348052978516
0.69,0.78,0.42,0.66,0.96,0.89,0.16,0.61,0.16,18639,3.270923614501953
0.69,0.78,0.42,0.67,0.96,0.89,0.15,0.61,0.16,19196,3.274988889694214
0.69,0.79,0.42,0.66,0.96,0.89,0.15,0.61,0.16,18857,3.274988889694214
0.69,0.79,0.42,0.66,0.95,0.89,0.16,0.61,0.16,18810,3.2789790630340576
0.68,0.78,0.42,0.66,0.96,0.89,0.16,0.61,0.16,18579,3.2834415435791016
0.69,0.78,0.42,0.66,0.96,0.89,0.15,0.61,0.15,18550,3.2874550819396973
0.69,0.78,0.43,0.67,0.96,0.89,0.16,0.61,0.16,19075,3.2874550819396973
0.69,0.78,0.42,0.67,0.96,0.89,0.15,0.61,0.16,18860,3.290553092956543
0.69,0.78,0.42,0.67,0.96,0.89,0.16,0.61,0.16,18551,3.2955522537231445
0.69,0.78,0.42,0.66,0.96,0.89,0.16,0.61,0.16,18562,3.299562454223633
0.69,0.78,0.42,0.67,0.95,0.89,0.16,0.61,0.16,18819,3.299562454223633
0.69,0.79,0.42,0.67,0.96,0.89,0.15,0.61,0.16,19108,3.3033149242401123
0.69,0.78,0.42,0.67,0.95,0.89,0.16,0.61,0.16,18569,3.307298421859741
0.69,0.79,0.42,0.66,0.96,0.89,0.15,0.61,0.16,18612,3.3114233016967773
0.69,0.78,0.42,0.66,0.96,0.89,0.15,0.61,0.16,18739,3.312453031539917
0.69,0.78,0.42,0.66,0.96,0.89,0.15,0.61,0.16,18646,3.315778970718384
0.69,0.78,0.42,0.66,0.96,0.89,0.15,0.61,0.16,18691,3.319567918777466
0.69,0.78,0.42,0.67,0.96,0.89,0.16,0.61,0.16,19202,3.323728561401367
0.69,0.78,0.43,0.66,0.96,0.89,0.16,0.61,0.16,19227,3.327760934829712
0.69,0.78,0.42,0.67,0.96,0.89,0.16,0.61,0.15,18954,3.3287618160247803
0.69,0.79,0.42,0.67,0.95,0.89,0.16,0.61,0.15,18977,3.3319644927978516
0.69,0.78,0.42,0.66,0.96,0.89,0.16,0.61,0.16,18900,3.3360085487365723
0.69,0.78,0.42,0.66,0.95,0.89,0.16,0.61,0.16,18841,3.340015172958374
0.69,0.78,0.42,0.67,0.96,0.89,0.15,0.61,0.16,19142,3.340015172958374
0.69,0.78,0.42,0.66,0.96,0.89,0.16,0.61,0.15,19065,3.34401273727417
0.69,0.78,0.43,0.67,0.96,0.9,0.15,0.61,0.16,18732,3.348360300064087
0.69,0.78,0.42,0.67,0.96,0.89,0.16,0.61,0.15,18655,3.352320909500122
0.68,0.78,0.42,0.67,0.96,0.89,0.16,0.61,0.16,18752,3.3533687591552734
0.69,0.78,0.42,0.66,0.96,0.89,0.16,0.61,0.15,18507,3.356358051300049
0.69,0.78,0.42,0.67,0.96,0.89,0.15,0.61,0.16,18594,3.361572027206421
0.69,0.78,0.42,0.66,0.96,0.89,0.16,0.61,0.15,18637,3.364842176437378
0.69,0.78,0.42,0.67,0.96,0.89,0.16,0.61,0.15,18818,3.365572690963745
0.69,0.78,0.42,0.67,0.96,0.89,0.15,0.61,0.15,18669,3.3692023754119873
0.68,0.78,0.42,0.67,0.96,0.89,0.16,0.6,0.16,18804,3.373223066329956
0.69,0.79,0.42,0.67,0.96,0.89,0.16,0.61,0.15,18965,3.3773813247680664
0.68,0.78,0.42,0.67,0.95,0.89,0.16,0.61,0.16,19114,3.3782620429992676
0.69,0.79,0.42,0.67,0.95,0.89,0.16,0.61,0.15,18775,3.38159441947937
0.69,0.79,0.42,0.67,0.96,0.89,0.16,0.61,0.15,18650,3.385390281677246
0.68,0.78,0.42,0.67,0.95,0.89,0.15,0.61,0.16,18679,3.389794111251831
0.68,0.78,0.43,0.67,0.96,0.89,0.16,0.6,0.16,18812,3.3931286334991455
0.69,0.78,0.43,0.67,0.96,0.89,0.15,0.61,0.16,18977,3.393688440322876
0.69,0.79,0.43,0.66,0.96,0.89,0.15,0.61,0.16,18956,3.3977110385894775
0.69,0.78,0.43,0.66,0.96,0.89,0.16,0.61,0.15,18965,3.402334451675415
0.69,0.79,0.43,0.67,0.96,0.89,0.16,0.61,0.16,18778,3.405703067779541
0.68,0.78,0.43,0.67,0.96,0.89,0.15,0.61,0.16,18615,3.406362533569336
0.69,0.79,0.43,0.67,0.96,0.89,0.15,0.61,0.16,19116,3.4106106758117676
0.69,0.79,0.43,0.66,0.96,0.89,0.16,0.61,0.15,19529,3.4143831729888916
0.68,0.79,0.43,0.67,0.96,0.89,0.16,0.61,0.15,19016,3.417550563812256
0.68,0.79,0.43,0.67,0.95,0.89,0.16,0.61,0.15,19081,3.4186136722564697
0.69,0.79,0.43,0.68,0.95,0.89,0.16,0.61,0.15,18650,3.4227492809295654
0.69,0.79,0.42,0.68,0.96,0.89,0.16,0.61,0.16,18631,3.425844669342041
0.68,0.78,0.43,0.68,0.96,0.89,0.17,0.6,0.16,18880,3.430821180343628
0.68,0.78,0.43,0.67,0.96,0.89,0.15,0.6,0.15,18749,3.430821180343628
0.68,0.78,0.43,0.68,0.96,0.89,0.15,0.6,0.16,18578,3.4341237545013428
0.68,0.78,0.43,0.67,0.96,0.9,0.15,0.6,0.16,18811,3.4385125637054443
0.67,0.79,0.43,0.68,0.96,0.89,0.15,0.6,0.15,18836,3.442969799041748
0.69,0.79,0.43,0.67,0.96,0.89,0.15,0.6,0.16,18807,3.443931818008423
0.69,0.79,0.43,0.67,0.96,0.89,0.16,0.6,0.16,18490,3.4473698139190674
0.69,0.78,0.43,0.68,0.96,0.9,0.15,0.6,0.16,18695,3.451772451400757
0.69,0.78,0.43,0.68,0.96,0.9,0.15,0.6,0.16,18920,3.4548676013946533
0.69,0.78,0.43,0.67,0.96,0.89,0.15,0.6,0.16,18995,3.459010362625122
0.69,0.78,0.43,0.68,0.96,0.89,0.15,0.6,0.16,19038,3.4599201679229736
0.68,0.78,0.43,0.68,0.96,0.9,0.15,0.6,0.16,18845,3.4633901119232178
0.69,0.78,0.43,0.68,0.96,0.89,0.16,0.6,0.16,19120,3.4670917987823486
0.69,0.78,0.43,0.67,0.96,0.89,0.15,0.6,0.16,18995,3.47110915184021
0.69,0.78,0.43,0.68,0.96,0.9,0.15,0.6,0.16,18398,3.47110915184021
0.7,0.78,0.43,0.67,0.96,0.89,0.15,0.6,0.16,18793,3.4761452674865723
0.69,0.78,0.43,0.67,0.95,0.9,0.16,0.6,0.16,18974,3.479145050048828
0.68,0.78,0.43,0.67,0.95,0.89,0.16,0.61,0.16,18619,3.4834182262420654
0.69,0.78,0.42,0.67,0.96,0.9,0.16,0.61,0.16,18628,3.4834182262420654
0.69,0.78,0.42,0.67,0.95,0.9,0.15,0.61,0.16,18877,3.4881439208984375
0.69,0.79,0.43,0.67,0.96,0.9,0.15,0.61,0.16,19306,3.492138147354126
0.69,0.78,0.43,0.67,0.96,0.9,0.15,0.61,0.16,19359,3.495725393295288
0.69,0.79,0.42,0.67,0.96,0.89,0.15,0.61,0.16,19144,3.496264934539795
0.69,0.78,0.42,0.67,0.95,0.89,0.15,0.61,0.16,18851,3.500396966934204
0.69,0.78,0.42,0.67,0.95,0.9,0.15,0.6,0.16,18608,3.504615068435669
0.69,0.78,0.42,0.67,0.95,0.9,0.15,0.61,0.16,18685,3.5081636905670166
0.69,0.78,0.42,0.67,0.95,0.9,0.15,0.61,0.16,19248,3.509049654006958
0.69,0.78,0.42,0.67,0.96,0.89,0.16,0.61,0.16,19265,3.512183666229248
0.69,0.78,0.42,0.67,0.95,0.9,0.16,0.61,0.16,18854,3.516062021255493
0.69,0.78,0.42,0.66,0.95,0.89,0.16,0.61,0.16,19055,3.520979404449463
0.69,0.78,0.42,0.67,0.95,0.89,0.16,0.61,0.15,18896,3.520979404449463
0.69,0.78,0.42,0.67,0.95,0.89,0.16,0.61,0.16,18731,3.5255720615386963
0.69,0.78,0.42,0.67,0.95,0.9,0.16,0.61,0.16,18306,3.529557466506958
0.69,0.78,0.42,0.68,0.95,0.9,0.15,0.61,0.16,18475,3.5329604148864746
0.69,0.78,0.42,0.68,0.95,0.9,0.16,0.61,0.16,18716,3.5371670722961426
0.69,0.78,0.42,0.68,0.95,0.9,0.16,0.61,0.16,18987,3.5382673740386963
0.68,0.78,0.42,0.68,0.95,0.9,0.16,0.6,0.16,18810,3.541332721710205
0.68,0.78,0.42,0.67,0.96,0.9,0.15,0.6,0.16,18381,3.5453405380249023
0.69,0.78,0.42,0.67,0.96,0.9,0.16,0.61,0.16,18492,3.5486879348754883
0.68,0.78,0.42,0.67,0.96,0.9,0.15,0.61,0.15,18405,3.549429416656494
0.68,0.79,0.42,0.68,0.96,0.9,0.16,0.61,0.15,18594,3.55342960357666
0.68,0.78,0.42,0.67,0.96,0.9,0.16,0.61,0.15,18897,3.5585172176361084
0.68,0.78,0.42,0.67,0.96,0.9,0.16,0.6,0.15,19140,3.561535358428955
0.69,0.78,0.42,0.67,0.96,0.9,0.15,0.61,0.15,19241,3.562516927719116
0.69,0.78,0.42,0.67,0.96,0.9,0.15,0.6,0.15,18812,3.566037178039551
0.69,0.78,0.42,0.67,0.96,0.89,0.16,0.6,0.16,19119,3.571085214614868
0.68,0.78,0.42,0.67,0.96,0.9,0.16,0.6,0.16,19350,3.5734431743621826
0.69,0.78,0.42,0.67,0.96,0.9,0.16,0.6,0.16,18773,3.574509620666504
0.69,0.78,0.42,0.67,0.96,0.9,0.16,0.6,0.16,18544,3.5784912109375
0.69,0.78,0.42,0.67,0.96,0.9,0.16,0.6,0.16,19175,3.582038164138794
0.69,0.78,0.42,0.67,0.96,0.9,0.15,0.6,0.16,18918,3.5865540504455566
0.69,0.78,0.42,0.67,0.96,0.9,0.16,0.6,0.16,18563,3.587557077407837
0.69,0.78,0.42,0.67,0.96,0.9,0.16,0.61,0.16,18696,3.590174436569214
0.69,0.78,0.42,0.67,0.96,0.89,0.16,0.61,0.16,19297,3.59441876411438
0.69,0.78,0.42,0.67,0.96,0.9,0.15,0.61,0.16,19060,3.5982327461242676
0.7,0.78,0.42,0.67,0.96,0.9,0.16,0.61,0.16,18609,3.6025562286376953
0.69,0.78,0.42,0.67,0.96,0.9,0.16,0.61,0.16,18806,3.6037557125091553
0.69,0.78,0.42,0.66,0.96,0.9,0.15,0.61,0.16,18849,3.606750249862671
0.7,0.78,0.42,0.66,0.96,0.9,0.16,0.61,0.16,18450,3.6107523441314697
0.69,0.78,0.42,0.67,0.96,0.9,0.16,0.6,0.16,18761,3.6137516498565674
0.69,0.78,0.42,0.67,0.96,0.89,0.16,0.61,0.16,19136,3.6148898601531982
0.69,0.78,0.42,0.67,0.96,0.89,0.16,0.61,0.16,19207,3.619767189025879
0.69,0.78,0.42,0.66,0.96,0.9,0.15,0.6,0.16,18820,3.622750759124756
0.69,0.78,0.42,0.66,0.96,0.9,0.16,0.61,0.16,18661,3.626810312271118
0.69,0.78,0.42,0.66,0.96,0.9,0.16,0.61,0.16,19410,3.627805471420288
0.69,0.78,0.42,0.67,0.96,0.9,0.15,0.61,0.15,18847,3.6308047771453857
0.69,0.78,0.42,0.67,0.96,0.9,0.15,0.61,0.15,18490,3.634812831878662
0.69,0.78,0.42,0.66,0.96,0.9,0.16,0.61,0.15,18335,3.6390597820281982
0.69,0.78,0.42,0.66,0.96,0.9,0.15,0.61,0.16,18662,3.6390597820281982
0.69,0.78,0.42,0.66,0.96,0.9,0.15,0.61,0.16,19119,3.64323353767395
0.69,0.78,0.42,0.66,0.96,0.9,0.15,0.61,0.16,18696,3.6471920013427734
0.69,0.78,0.42,0.66,0.96,0.89,0.15,0.61,0.16,18493,3.6511919498443604
0.69,0.78,0.42,0.66,0.96,0.9,0.15,0.6,0.16,18788,3.6521921157836914
0.69,0.78,0.42,0.65,0.96,0.9,0.16,0.61,0.16,18823,3.65630841255188
0.69,0.77,0.42,0.66,0.96,0.9,0.16,0.61,0.16,18986,3.659843921661377
0.69,0.77,0.42,0.66,0.96,0.9,0.16,0.61,0.16,19177,3.663710832595825
0.69,0.78,0.42,0.66,0.96,0.9,0.16,0.61,0.16,18914,3.6647703647613525
0.69,0.78,0.42,0.66,0.96,0.9,0.16,0.61,0.16,18669,3.667846918106079
0.69,0.78,0.42,0.66,0.96,0.9,0.16,0.6,0.16,18898,3.6718902587890625
0.69,0.78,0.42,0.66,0.96,0.9,0.16,0.61,0.16,18933,3.6759138107299805
0.7,0.78,0.42,0.66,0.96,0.9,0.16,0.61,0.16,18466,3.680272340774536
0.69,0.78,0.42,0.66,0.96,0.9,0.16,0.6,0.16,18385,3.6810238361358643
0.69,0.78,0.42,0.66,0.96,0.9,0.16,0.6,0.16,18528,3.684022903442383
0.69,0.78,0.42,0.66,0.96,0.9,0.16,0.6,0.16,18829,3.688420057296753
0.7,0.78,0.42,0.66,0.96,0.9,0.16,0.61,0.15,18738,3.6925981044769287
0.69,0.78,0.42,0.67,0.95,0.9,0.15,0.61,0.16,18599,3.693679094314575
0.69,0.78,0.42,0.67,0.96,0.9,0.16,0.61,0.16,18918,3.69667911529541
0.69,0.78,0.42,0.67,0.95,0.9,0.16,0.61,0.15,19303,3.7005934715270996
0.69,0.78,0.42,0.67,0.95,0.9,0.16,0.61,0.16,18974,3.7048003673553467
0.69,0.78,0.42,0.66,0.95,0.9,0.15,0.6,0.15,18441,3.7048003673553467
0.69,0.78,0.42,0.67,0.95,0.9,0.15,0.6,0.15,18652,3.7087931632995605
0.69,0.78,0.42,0.68,0.95,0.9,0.15,0.61,0.15,18739,3.7131268978118896
0.69,0.78,0.42,0.66,0.95,0.9,0.16,0.6,0.16,19054,3.717125177383423
0.68,0.78,0.42,0.67,0.95,0.9,0.16,0.61,0.15,19367,3.717125177383423
0.69,0.78,0.42,0.66,0.95,0.9,0.16,0.61,0.16,19166,3.72100830078125
0.69,0.79,0.42,0.66,0.95,0.9,0.16,0.61,0.16,18689,3.72520112991333
0.69,0.79,0.42,0.67,0.95,0.9,0.16,0.61,0.16,19210,3.7292282581329346
0.69,0.79,0.42,0.67,0.95,0.9,0.16,0.61,0.15,19193,3.7292282581329346
0.69,0.79,0.42,0.67,0.95,0.9,0.16,0.61,0.15,18880,3.7335188388824463
0.69,0.79,0.42,0.66,0.95,0.9,0.16,0.61,0.15,18593,3.7376129627227783
0.69,0.79,0.42,0.66,0.95,0.89,0.16,0.61,0.16,19082,3.7416586875915527
0.68,0.78,0.42,0.67,0.95,0.9,0.16,0.61,0.16,19109,3.7426583766937256
0.68,0.79,0.42,0.67,0.95,0.9,0.16,0.61,0.15,18778,3.7461140155792236
0.68,0.79,0.42,0.66,0.95,0.9,0.16,0.61,0.15,18723,3.7496213912963867
0.69,0.79,0.42,0.67,0.95,0.9,0.16,0.61,0.15,19278,3.7536392211914062
0.69,0.79,0.42,0.67,0.96,0.9,0.16,0.61,0.15,19163,3.7546346187591553
0.69,0.79,0.42,0.67,0.96,0.9,0.16,0.61,0.15,18866,3.758639097213745
0.69,0.78,0.42,0.67,0.95,0.9,0.16,0.61,0.16,18881,3.7616477012634277
0.69,0.79,0.42,0.66,0.95,0.9,0.15,0.61,0.16,18730,3.7661635875701904
0.68,0.78,0.42,0.67,0.95,0.9,0.16,0.61,0.16,19211,3.7700250148773193
0.68,0.78,0.42,0.67,0.96,0.9,0.16,0.61,0.15,18870,3.771043062210083
0.68,0.78,0.42,0.67,0.96,0.89,0.16,0.61,0.16,18223,3.774143934249878
0.68,0.79,0.42,0.67,0.96,0.9,0.16,0.61,0.15,18304,3.77919340133667
0.68,0.79,0.42,0.67,0.96,0.9,0.16,0.61,0.16,18477,3.7825400829315186
0.67,0.78,0.42,0.67,0.96,0.9,0.16,0.61,0.16,18866,3.7832658290863037
0.68,0.78,0.42,0.67,0.96,0.9,0.16,0.61,0.16,19065,3.7877743244171143
0.68,0.79,0.42,0.67,0.95,0.9,0.17,0.61,0.16,18870,3.7912096977233887
0.68,0.79,0.42,0.67,0.96,0.9,0.17,0.61,0.16,18815,3.7952563762664795
0.68,0.78,0.42,0.67,0.96,0.9,0.17,0.61,0.16,18458,3.7952563762664795
0.67,0.78,0.42,0.67,0.95,0.9,0.17,0.61,0.16,18637,3.7988433837890625
0.68,0.78,0.42,0.66,0.96,0.9,0.18,0.61,0.15,18982,3.8031678199768066
0.68,0.78,0.42,0.66,0.96,0.9,0.17,0.61,0.16,18457,3.8078160285949707
0.68,0.79,0.41,0.66,0.95,0.9,0.16,0.61,0.16,18620,3.8078160285949707
0.68,0.78,0.42,0.67,0.96,0.9,0.17,0.6,0.16,18757,3.8113415241241455
0.68,0.78,0.42,0.67,0.96,0.9,0.15,0.6,0.16,18690,3.8164689540863037
0.68,0.78,0.42,0.67,0.95,0.9,0.17,0.61,0.16,18839,3.8204574584960938
0.68,0.79,0.42,0.67,0.96,0.9,0.17,0.61,0.16,18788,3.8204574584960938
0.68,0.78,0.42,0.66,0.96,0.9,0.16,0.61,0.16,18701,3.8244688510894775
0.68,0.78,0.42,0.67,0.96,0.9,0.17,0.6,0.15,18748,3.8284687995910645
0.68,0.78,0.42,0.67,0.96,0.9,0.17,0.61,0.16,18521,3.8328604698181152
0.68,0.79,0.42,0.67,0.96,0.89,0.17,0.6,0.16,18930,3.8328604698181152
0.68,0.78,0.42,0.67,0.96,0.9,0.17,0.61,0.15,19325,3.8358798027038574
0.68,0.78,0.41,0.67,0.96,0.9,0.17,0.6,0.16,19476,3.8399691581726074
0.67,0.78,0.42,0.67,0.96,0.9,0.17,0.6,0.16,19243,3.8450024127960205
0.68,0.78,0.42,0.68,0.96,0.9,0.17,0.61,0.16,18986,3.8450024127960205
0.68,0.78,0.42,0.67,0.96,0.9,0.17,0.61,0.16,18697,3.8485352993011475
0.68,0.78,0.42,0.68,0.96,0.9,0.16,0.61,0.16,18906,3.853525161743164
0.67,0.79,0.42,0.68,0.96,0.9,0.17,0.61,0.16,19293,3.8572399616241455
0.67,0.78,0.42,0.67,0.96,0.9,0.17,0.61,0.15,19318,3.8612403869628906
0.67,0.79,0.41,0.67,0.96,0.9,0.17,0.61,0.16,18899,3.8612403869628906
0.67,0.78,0.42,0.67,0.96,0.9,0.16,0.61,0.16,18994,3.865346670150757
0.68,0.78,0.42,0.67,0.96,0.9,0.17,0.61,0.16,19297,3.8693461418151855
0.67,0.79,0.42,0.67,0.96,0.9,0.17,0.61,0.15,19162,3.8728744983673096
0.67,0.79,0.42,0.67,0.96,0.9,0.17,0.61,0.16,18907,3.873903274536133
0.67,0.79,0.42,0.67,0.95,0.9,0.17,0.61,0.16,18616,3.8768601417541504
0.67,0.79,0.42,0.67,0.96,0.9,0.17,0.61,0.16,18729,3.8810129165649414
0.68,0.78,0.42,0.67,0.96,0.9,0.17,0.61,0.15,18520,3.8854265213012695
0.67,0.79,0.42,0.68,0.96,0.9,0.17,0.61,0.16,18885,3.8854265213012695
0.68,0.79,0.42,0.67,0.96,0.9,0.17,0.61,0.16,18656,3.889476776123047
0.67,0.79,0.41,0.66,0.95,0.9,0.16,0.61,0.16,18715,3.8934824466705322
0.67,0.79,0.42,0.67,0.96,0.9,0.17,0.61,0.15,19012,3.897573709487915
0.67,0.79,0.42,0.66,0.96,0.9,0.17,0.61,0.16,18943,3.8985629081726074
0.67,0.79,0.42,0.66,0.96,0.9,0.16,0.61,0.15,19122,3.9015982151031494
0.68,0.79,0.41,0.66,0.96,0.9,0.16,0.61,0.15,19241,3.905721664428711
0.68,0.79,0.42,0.67,0.96,0.9,0.16,0.61,0.15,19046,3.909931182861328
0.68,0.79,0.42,0.67,0.96,0.9,0.16,0.61,0.16,19165,3.9109315872192383
0.68,0.79,0.42,0.68,0.96,0.9,0.16,0.61,0.16,19010,3.9142956733703613
0.67,0.79,0.42,0.67,0.96,0.9,0.16,0.61,0.16,18471,3.917795419692993
0.69,0.79,0.41,0.67,0.96,0.9,0.16,0.61,0.16,18650,3.9218344688415527
0.69,0.79,0.42,0.66,0.95,0.9,0.16,0.61,0.16,18923,3.926095724105835
0.67,0.79,0.41,0.67,0.96,0.9,0.17,0.61,0.16,18836,3.926849365234375
0.67,0.79,0.41,0.67,0.96,0.9,0.16,0.61,0.16,18243,3.930850028991699
0.68,0.79,0.41,0.67,0.96,0.91,0.17,0.61,0.15,18400,3.934725761413574
0.67,0.79,0.41,0.67,0.95,0.9,0.17,0.61,0.16,18623,3.9379234313964844
0.67,0.79,0.42,0.67,0.96,0.9,0.16,0.61,0.16,18716,3.9379234313964844
0.67,0.78,0.42,0.67,0.95,0.9,0.16,0.61,0.15,18891,3.942949056625366
0.67,0.79,0.42,0.67,0.96,0.91,0.16,0.61,0.16,18784,3.946115493774414
0.67,0.79,0.41,0.66,0.95,0.9,0.16,0.61,0.16,19259,3.9507482051849365
0.67,0.79,0.42,0.67,0.96,0.9,0.16,0.61,0.15,19122,3.951749324798584
0.67,0.79,0.41,0.66,0.96,0.9,0.16,0.61,0.15,18779,3.9549143314361572
0.67,0.79,0.41,0.66,0.96,0.91,0.16,0.61,0.15,18936,3.9589297771453857
0.67,0.79,0.42,0.66,0.96,0.9,0.16,0.61,0.15,19087,3.963042974472046
0.67,0.79,0.41,0.67,0.96,0.9,0.16,0.61,0.16,18918,3.963914155960083
0.67,0.78,0.41,0.66,0.96,0.9,0.16,0.61,0.15,18649,3.9669463634490967
0.67,0.79,0.42,0.68,0.96,0.9,0.16,0.61,0.15,18852,3.971081256866455
0.67,0.78,0.41,0.67,0.96,0.9,0.15,0.6,0.15,18745,3.976017475128174
0.67,0.79,0.42,0.67,0.96,0.9,0.17,0.61,0.16,18604,3.977030038833618
0.67,0.79,0.42,0.67,0.96,0.9,0.17,0.61,0.16,18551,3.9790446758270264
0.66,0.79,0.42,0.66,0.96,0.9,0.16,0.61,0.15,18542,3.9834699630737305
0.68,0.79,0.41,0.67,0.96,0.9,0.15,0.61,0.15,18641,3.987545967102051
0.67,0.78,0.42,0.67,0.96,0.9,0.16,0.61,0.16,18874,3.987545967102051
0.69,0.79,0.42,0.67,0.96,0.9,0.16,0.61,0.16,18895,3.992244005203247
0.68,0.79,0.42,0.67,0.96,0.9,0.17,0.61,0.16,18694,3.996600389480591
0.69,0.79,0.42,0.66,0.96,0.9,0.17,0.61,0.16,18593,4.0005903244018555
0.68,0.79,0.42,0.67,0.96,0.9,0.16,0.61,0.16,18564,4.003636837005615
0.68,0.79,0.42,0.67,0.96,0.9,0.16,0.61,0.16,19109,4.003636837005615
0.69,0.79,0.42,0.66,0.96,0.9,0.17,0.61,0.16,19068,4.008637189865112
0.69,0.79,0.42,0.66,0.97,0.9,0.17,0.61,0.16,18641,4.01263689994812
0.69,0.79,0.42,0.67,0.96,0.9,0.17,0.61,0.16,18746,4.016199827194214
0.69,0.78,0.42,0.67,0.96,0.9,0.17,0.61,0.16,19143,4.016199827194214
0.69,0.78,0.42,0.66,0.96,0.9,0.17,0.61,0.16,18684,4.021240949630737
0.69,0.79,0.42,0.66,0.96,0.9,0.17,0.61,0.16,18443,4.025468349456787
0.69,0.79,0.42,0.67,0.96,0.9,0.17,0.61,0.15,18586,4.028597116470337
0.69,0.79,0.42,0.67,0.96,0.9,0.16,0.6,0.16,18989,4.0296266078948975
0.69,0.78,0.42,0.68,0.96,0.9,0.17,0.61,0.16,19218,4.032593011856079
0.69,0.78,0.42,0.67,0.96,0.9,0.17,0.61,0.16,18701,4.036593437194824
0.68,0.79,0.42,0.67,0.96,0.9,0.17,0.61,0.16,18970,4.040591239929199
0.69,0.79,0.42,0.67,0.97,0.9,0.17,0.61,0.16,18853,4.041593313217163
0.69,0.79,0.42,0.67,0.96,0.9,0.17,0.6,0.16,18862,4.044754981994629
0.69,0.79,0.42,0.67,0.96,0.9,0.17,0.61,0.16,18593,4.04893946647644
0.69,0.79,0.42,0.66,0.96,0.9,0.16,0.61,0.16,18498,4.052838563919067
0.69,0.79,0.42,0.67,0.96,0.9,0.17,0.61,0.16,18593,4.053861618041992
0.68,0.79,0.42,0.68,0.96,0.9,0.16,0.61,0.16,18556,4.056924104690552
0.69,0.79,0.42,0.66,0.96,0.9,0.17,0.61,0.16,18671,4.0610949993133545
0.68,0.79,0.42,0.66,0.96,0.9,0.16,0.61,0.16,19074,4.065263986587524
0.69,0.79,0.42,0.67,0.96,0.9,0.16,0.61,0.15,19015,4.069068431854248
0.69,0.79,0.42,0.67,0.96,0.9,0.17,0.61,0.16,18834,4.069068431854248
0.67,0.79,0.42,0.67,0.97,0.9,0.15,0.6,0.15,18803,4.073317050933838
0.64,0.78,0.42,0.65,0.96,0.9,0.15,0.61,0.15,18412,4.077641248703003
0.65,0.78,0.42,0.66,0.96,0.9,0.15,0.6,0.15,18759,4.08163046836853
0.66,0.79,0.42,0.66,0.96,0.9,0.15,0.6,0.16,18902,4.08163046836853
0.65,0.79,0.41,0.66,0.96,0.9,0.15,0.61,0.16,18915,4.0856335163116455
0.65,0.79,0.41,0.66,0.96,0.9,0.16,0.61,0.16,19140,4.090629577636719
0.66,0.79,0.41,0.66,0.96,0.9,0.16,0.6,0.16,18723,4.093954563140869
0.67,0.79,0.42,0.65,0.96,0.9,0.16,0.61,0.16,18696,4.093954563140869
0.68,0.79,0.41,0.65,0.96,0.9,0.15,0.6,0.16,18779,4.098160028457642
0.67,0.78,0.42,0.65,0.96,0.9,0.15,0.6,0.16,18502,4.10238242149353
0.67,0.78,0.42,0.65,0.97,0.9,0.15,0.6,0.15,18517,4.106351613998413
0.66,0.78,0.42,0.65,0.96,0.9,0.16,0.6,0.16,18768,4.106351613998413
0.67,0.78,0.42,0.65,0.96,0.9,0.15,0.6,0.15,18881,4.110349416732788
0.67,0.78,0.42,0.65,0.96,0.9,0.16,0.61,0.16,18518,4.114853858947754
0.67,0.79,0.42,0.66,0.96,0.9,0.15,0.61,0.15,19011,4.118864297866821
0.67,0.79,0.42,0.66,0.96,0.9,0.16,0.61,0.16,19244,4.119860887527466
0.67,0.79,0.42,0.66,0.96,0.9,0.16,0.6,0.16,18975,4.121860980987549
0.67,0.79,0.42,0.66,0.96,0.9,0.16,0.61,0.16,19050,4.127053260803223
0.65,0.79,0.41,0.67,0.96,0.9,0.15,0.61,0.16,18741,4.13135290145874
0.65,0.79,0.41,0.66,0.96,0.9,0.15,0.61,0.15,18536,4.134378671646118
0.65,0.79,0.42,0.67,0.96,0.9,0.15,0.61,0.15,18909,4.135359287261963
0.65,0.79,0.41,0.67,0.96,0.9,0.16,0.61,0.15,19256,4.139336585998535
0.65,0.79,0.42,0.66,0.96,0.9,0.16,0.61,0.15,19503,4.143425703048706
0.66,0.79,0.41,0.66,0.96,0.9,0.15,0.61,0.16,19392,4.1472156047821045
0.66,0.79,0.41,0.66,0.96,0.9,0.17,0.62,0.16,19245,4.1472156047821045
0.66,0.79,0.41,0.66,0.96,0.9,0.16,0.61,0.15,19100,4.151682138442993
0.66,0.79,0.41,0.66,0.96,0.91,0.16,0.6,0.15,19049,4.156627893447876
0.66,0.79,0.42,0.66,0.96,0.9,0.16,0.6,0.15,19310,4.159704685211182
0.67,0.79,0.42,0.66,0.96,0.9,0.15,0.61,0.15,19201,4.159704685211182
0.66,0.78,0.42,0.67,0.96,0.9,0.16,0.61,0.16,19024,4.1637043952941895
0.69,0.79,0.41,0.66,0.96,0.9,0.15,0.6,0.15,18991,4.167726755142212
0.67,0.78,0.42,0.66,0.97,0.9,0.16,0.6,0.15,18806,4.171902894973755
0.66,0.78,0.42,0.66,0.96,0.89,0.15,0.61,0.14,18535,4.172877311706543
0.66,0.79,0.42,0.66,0.96,0.9,0.16,0.6,0.14,18838,4.176212787628174
0.66,0.78,0.42,0.65,0.96,0.9,0.16,0.61,0.16,19079,4.180570602416992
0.66,0.79,0.42,0.65,0.95,0.9,0.16,0.61,0.16,18880,4.184528589248657
0.67,0.79,0.42,0.65,0.96,0.9,0.16,0.61,0.16,18781,4.185564041137695
0.68,0.79,0.42,0.65,0.96,0.9,0.16,0.61,0.15,18814,4.1880176067352295
0.69,0.79,0.42,0.66,0.96,0.9,0.15,0.61,0.15,18811,4.192873954772949
0.68,0.79,0.42,0.65,0.95,0.9,0.15,0.62,0.15,18662,4.196600675582886
0.67,0.79,0.42,0.65,0.95,0.9,0.15,0.61,0.15,18731,4.1976141929626465
0.69,0.79,0.42,0.66,0.96,0.9,0.16,0.61,0.15,18682,4.200895309448242
0.67,0.79,0.42,0.66,0.96,0.9,0.16,0.61,0.15,18591,4.204899311065674
0.67,0.79,0.42,0.67,0.95,0.9,0.16,0.61,0.16,18752,4.208921432495117
0.65,0.79,0.42,0.66,0.96,0.9,0.16,0.61,0.15,18543,4.21291708946228
0.66,0.79,0.41,0.66,0.95,0.9,0.16,0.61,0.15,18624,4.21291708946228
0.66,0.78,0.42,0.65,0.95,0.9,0.15,0.61,0.15,18779,4.2171080112457275
0.66,0.79,0.42,0.66,0.95,0.9,0.16,0.61,0.14,18958,4.221078395843506
0.67,0.78,0.42,0.67,0.95,0.9,0.15,0.61,0.15,19069,4.224939584732056
0.66,0.78,0.42,0.65,0.95,0.9,0.16,0.61,0.15,18922,4.2258594036102295
0.68,0.78,0.42,0.66,0.95,0.9,0.16,0.61,0.15,18761,4.229095935821533
0.68,0.78,0.42,0.66,0.96,0.9,0.15,0.62,0.16,18730,4.234146356582642
0.66,0.79,0.42,0.66,0.95,0.9,0.16,0.61,0.15,18977,4.236666917800903
0.68,0.78,0.42,0.66,0.95,0.9,0.17,0.62,0.15,18760,4.237754821777344
0.68,0.78,0.42,0.66,0.95,0.9,0.17,0.61,0.15,18579,4.2413740158081055
0.68,0.79,0.42,0.66,0.95,0.9,0.15,0.61,0.15,18734,4.24565577507019
0.68,0.78,0.42,0.66,0.95,0.9,0.14,0.61,0.15,18643,4.249696493148804
0.67,0.79,0.42,0.65,0.95,0.9,0.16,0.61,0.15,18546,4.250706672668457
0.67,0.79,0.42,0.67,0.96,0.9,0.17,0.61,0.15,18867,4.2539520263671875
0.69,0.79,0.42,0.66,0.95,0.9,0.17,0.62,0.15,19258,4.257861852645874
0.68,0.79,0.42,0.65,0.95,0.9,0.16,0.61,0.16,19275,4.262007713317871
0.68,0.79,0.43,0.66,0.95,0.9,0.15,0.61,0.15,19092,4.262007713317871
0.68,0.78,0.42,0.66,0.95,0.9,0.16,0.61,0.15,19091,4.266017198562622
0.68,0.79,0.42,0.66,0.95,0.9,0.17,0.61,0.16,18874,4.271016836166382
0.67,0.79,0.43,0.66,0.95,0.9,0.16,0.62,0.15,18735,4.274608850479126
0.68,0.79,0.43,0.66,0.95,0.9,0.16,0.61,0.15,18518,4.278642892837524
0.69,0.78,0.43,0.66,0.95,0.9,0.16,0.61,0.16,18801,4.278811693191528
0.67,0.79,0.42,0.67,0.95,0.9,0.17,0.62,0.16,18822,4.283428192138672
0.66,0.79,0.43,0.67,0.95,0.9,0.16,0.62,0.16,18735,4.287726402282715
0.67,0.78,0.42,0.67,0.94,0.9,0.16,0.62,0.16,18814,4.290835618972778
0.67,0.79,0.42,0.66,0.94,0.9,0.16,0.61,0.15,18911,4.291812419891357
0.67,0.78,0.42,0.67,0.94,0.89,0.17,0.62,0.16,19034,4.29521369934082
0.69,0.79,0.42,0.67,0.95,0.89,0.17,0.62,0.16,19075,4.299213886260986
0.68,0.78,0.42,0.67,0.94,0.89,0.17,0.62,0.16,19020,4.302622318267822
0.66,0.78,0.43,0.66,0.94,0.89,0.16,0.62,0.15,19151,4.303363800048828
0.67,0.79,0.42,0.66,0.94,0.89,0.16,0.61,0.15,18694,4.306623458862305
0.66,0.79,0.42,0.65,0.94,0.9,0.17,0.62,0.15,19159,4.311519384384155
0.66,0.79,0.42,0.66,0.94,0.89,0.16,0.61,0.16,19012,4.315435886383057
0.66,0.79,0.43,0.66,0.95,0.9,0.16,0.62,0.16,18793,4.315435886383057
0.66,0.79,0.42,0.66,0.95,0.89,0.17,0.62,0.16,18468,4.320008039474487
0.69,0.79,0.43,0.66,0.94,0.9,0.16,0.61,0.15,18441,4.323019504547119
0.66,0.79,0.42,0.66,0.94,0.89,0.17,0.61,0.16,19046,4.32700514793396
0.68,0.79,0.42,0.66,0.94,0.9,0.16,0.62,0.16,18969,4.3279945850372314
0.67,0.79,0.42,0.66,0.94,0.89,0.16,0.62,0.16,18628,4.331995725631714
0.68,0.79,0.43,0.66,0.94,0.9,0.17,0.62,0.16,18729,4.335643291473389
0.68,0.79,0.43,0.66,0.94,0.9,0.17,0.62,0.16,18982,4.339818954467773
0.69,0.79,0.42,0.65,0.94,0.89,0.17,0.61,0.16,18799,4.343516826629639
0.68,0.79,0.42,0.65,0.94,0.89,0.17,0.61,0.16,18932,4.344579458236694
0.69,0.78,0.42,0.66,0.94,0.89,0.17,0.62,0.16,19149,4.348578929901123
0.67,0.79,0.42,0.65,0.94,0.9,0.17,0.62,0.16,19092,4.352167844772339
0.69,0.78,0.42,0.65,0.94,0.89,0.17,0.62,0.16,18557,4.356330394744873
0.67,0.79,0.42,0.65,0.93,0.9,0.17,0.62,0.16,18616,4.356330394744873
0.68,0.79,0.42,0.65,0.94,0.89,0.17,0.62,0.16,18803,4.359942197799683
0.68,0.79,0.43,0.65,0.94,0.89,0.16,0.62,0.16,18846,4.36506724357605
0.68,0.79,0.42,0.65,0.94,0.89,0.16,0.62,0.16,18973,4.368743896484375
0.68,0.79,0.43,0.66,0.93,0.9,0.16,0.62,0.16,19124,4.368743896484375
0.68,0.79,0.42,0.65,0.94,0.89,0.17,0.62,0.16,18987,4.372787952423096
0.67,0.79,0.43,0.66,0.94,0.89,0.17,0.62,0.16,18546,4.377788066864014
0.68,0.79,0.42,0.65,0.94,0.89,0.17,0.62,0.16,18649,4.380779981613159
0.68,0.78,0.43,0.66,0.94,0.9,0.17,0.62,0.16,18924,4.381788015365601
0.68,0.79,0.43,0.66,0.93,0.89,0.16,0.62,0.16,19179,4.3848350048065186
0.68,0.79,0.42,0.66,0.94,0.89,0.17,0.62,0.16,18984,4.38953161239624
0.68,0.79,0.43,0.66,0.94,0.89,0.17,0.62,0.16,18753,4.3931965827941895
0.68,0.79,0.43,0.66,0.94,0.9,0.17,0.62,0.16,19270,4.3931965827941895
0.69,0.79,0.42,0.66,0.94,0.89,0.17,0.61,0.16,19105,4.397002696990967
0.68,0.79,0.42,0.66,0.93,0.9,0.17,0.62,0.16,19452,4.400926351547241
0.68,0.78,0.42,0.67,0.94,0.89,0.17,0.62,0.16,19505,4.405967473983765
0.68,0.79,0.42,0.66,0.94,0.89,0.17,0.62,0.16,18784,4.405967473983765
0.68,0.79,0.43,0.66,0.93,0.89,0.17,0.62,0.16,18695,4.4092419147491455
0.68,0.79,0.43,0.66,0.94,0.9,0.17,0.61,0.16,18832,4.413967847824097
0.69,0.79,0.43,0.66,0.94,0.89,0.18,0.62,0.16,18977,4.4174981117248535
0.68,0.79,0.43,0.66,0.94,0.9,0.17,0.62,0.16,18762,4.42161226272583
0.68,0.79,0.42,0.66,0.94,0.89,0.17,0.62,0.16,18359,4.422646999359131
0.68,0.78,0.43,0.66,0.94,0.9,0.16,0.62,0.16,18562,4.426143169403076
0.68,0.79,0.42,0.66,0.94,0.89,0.16,0.61,0.16,18889,4.430466890335083
0.68,0.79,0.42,0.67,0.94,0.89,0.17,0.62,0.15,18844,4.43377685546875
0.68,0.79,0.42,0.66,0.95,0.89,0.17,0.62,0.16,18735,4.434580564498901
0.69,0.79,0.42,0.67,0.94,0.9,0.17,0.62,0.15,18882,4.437580347061157
0.69,0.79,0.42,0.65,0.94,0.9,0.17,0.62,0.16,19159,4.443119049072266
0.68,0.79,0.42,0.66,0.94,0.9,0.17,0.61,0.16,18666,4.445613861083984
0.69,0.79,0.43,0.67,0.94,0.89,0.17,0.62,0.16,18881,4.4466471672058105
0.69,0.79,0.43,0.66,0.94,0.9,0.17,0.62,0.16,18956,4.450647354125977
0.69,0.79,0.43,0.66,0.94,0.9,0.17,0.62,0.16,18849,4.455000400543213
0.68,0.79,0.43,0.66,0.94,0.9,0.17,0.61,0.17,18464,4.45855712890625
0.69,0.79,0.43,0.66,0.94,0.89,0.17,0.61,0.15,18675,4.459630966186523
0.69,0.79,0.43,0.66,0.94,0.9,0.17,0.62,0.16,19116,4.46261739730835
0.69,0.79,0.43,0.66,0.94,0.9,0.17,0.62,0.16,19387,4.467711925506592
0.69,0.79,0.43,0.66,0.94,0.89,0.17,0.62,0.16,18968,4.470711946487427
0.69,0.79,0.43,0.66,0.94,0.9,0.17,0.62,0.16,19319,4.470711946487427
0.69,0.79,0.43,0.66,0.94,0.9,0.16,0.61,0.16,19372,4.475190162658691
0.69,0.79,0.43,0.66,0.94,0.9,0.17,0.61,0.16,19121,4.479190111160278
0.69,0.79,0.43,0.66,0.94,0.9,0.16,0.62,0.16,19086,4.4835193157196045
0.7,0.78,0.43,0.66,0.94,0.9,0.17,0.62,0.16,19057,4.486516952514648
0.7,0.79,0.43,0.66,0.94,0.89,0.16,0.62,0.16,18850,4.487604856491089
0.7,0.78,0.43,0.66,0.94,0.89,0.17,0.62,0.16,18791,4.491604566574097
0.7,0.79,0.43,0.66,0.94,0.89,0.17,0.62,0.16,18702,4.495493173599243
0.7,0.78,0.43,0.66,0.94,0.89,0.17,0.62,0.16,19289,4.498528480529785
0.7,0.79,0.43,0.66,0.94,0.89,0.17,0.62,0.16,19182,4.499531984329224
0.7,0.78,0.43,0.66,0.94,0.89,0.17,0.62,0.16,18449,4.503047466278076
0.69,0.78,0.43,0.67,0.94,0.89,0.17,0.62,0.16,18414,4.508110046386719
0.7,0.78,0.43,0.66,0.94,0.89,0.17,0.62,0.16,18263,4.511465072631836
0.7,0.78,0.43,0.66,0.94,0.9,0.17,0.62,0.16,18484,4.511465072631836
0.7,0.79,0.43,0.66,0.94,0.89,0.18,0.61,0.16,19303,4.515991926193237
0.7,0.79,0.43,0.66,0.94,0.9,0.17,0.62,0.16,19126,4.520004987716675
0.7,0.78,0.43,0.66,0.94,0.9,0.17,0.62,0.16,18917,4.5239996910095215
0.7,0.78,0.43,0.67,0.94,0.89,0.17,0.62,0.16,19202,4.5239996910095215
0.7,0.78,0.43,0.66,0.94,0.89,0.17,0.62,0.16,18901,4.528002738952637
0.7,0.79,0.43,0.66,0.94,0.9,0.17,0.62,0.16,18832,4.532293796539307
0.7,0.79,0.43,0.66,0.94,0.9,0.17,0.62,0.16,18857,4.536092281341553
0.7,0.78,0.43,0.66,0.94,0.89,0.17,0.62,0.16,18538,4.536092281341553
0.7,0.78,0.43,0.66,0.94,0.89,0.17,0.62,0.16,18921,4.540452241897583
0.7,0.79,0.43,0.66,0.94,0.89,0.17,0.61,0.16,19122,4.544450521469116
0.7,0.78,0.43,0.66,0.94,0.9,0.17,0.61,0.16,18757,4.548470735549927
0.7,0.79,0.43,0.66,0.93,0.9,0.17,0.61,0.16,18718,4.5495054721832275
0.7,0.79,0.43,0.67,0.93,0.89,0.17,0.61,0.16,19229,4.552505731582642
0.69,0.79,0.43,0.66,0.94,0.9,0.17,0.62,0.16,19040,4.5567262172698975
0.7,0.79,0.43,0.67,0.93,0.9,0.17,0.62,0.16,19105,4.560724258422852
0.7,0.79,0.43,0.67,0.94,0.9,0.17,0.62,0.16,19014,4.5647218227386475
0.7,0.78,0.43,0.67,0.94,0.9,0.17,0.62,0.16,19085,4.5647218227386475
0.7,0.79,0.43,0.66,0.94,0.89,0.17,0.62,0.16,19574,4.568977117538452
0.69,0.79,0.43,0.66,0.94,0.9,0.17,0.62,0.16,19207,4.5737104415893555
0.7,0.79,0.43,0.67,0.94,0.9,0.17,0.62,0.16,19064,4.5773138999938965
0.7,0.79,0.43,0.66,0.94,0.89,0.17,0.61,0.16,18927,4.577858924865723
0.7,0.79,0.43,0.67,0.94,0.89,0.17,0.61,0.16,18652,4.581202268600464
0.69,0.79,0.43,0.66,0.94,0.9,0.17,0.61,0.16,18253,4.586132526397705
0.7,0.78,0.43,0.67,0.94,0.89,0.17,0.61,0.16,18804,4.589192628860474
0.7,0.79,0.43,0.67,0.94,0.89,0.17,0.61,0.17,19039,4.590107440948486
0.7,0.79,0.43,0.66,0.94,0.89,0.17,0.62,0.16,19152,4.594635009765625
0.7,0.78,0.43,0.66,0.94,0.9,0.16,0.62,0.16,18801,4.598147869110107
0.7,0.79,0.43,0.66,0.94,0.89,0.17,0.62,0.16,18810,4.601757049560547
0.7,0.79,0.43,0.67,0.94,0.89,0.17,0.62,0.16,18861,4.602502107620239
0.71,0.79,0.43,0.66,0.94,0.89,0.17,0.62,0.16,18704,4.606367826461792
0.7,0.79,0.43,0.67,0.94,0.89,0.17,0.61,0.16,18857,4.609820365905762
0.69,0.79,0.43,0.67,0.94,0.89,0.17,0.61,0.16,19060,4.613851070404053
0.7,0.79,0.43,0.66,0.94,0.89,0.17,0.61,0.16,18909,4.614846706390381
0.7,0.79,0.42,0.67,0.94,0.89,0.17,0.62,0.16,18932,4.618364334106445
0.7,0.79,0.43,0.67,0.94,0.89,0.17,0.62,0.16,19249,4.622363805770874
0.7,0.79,0.43,0.67,0.94,0.89,0.17,0.61,0.16,18902,4.626250743865967
0.7,0.79,0.43,0.67,0.93,0.89,0.17,0.62,0.16,19053,4.63021183013916
0.7,0.79,0.43,0.67,0.93,0.89,0.17,0.62,0.16,19244,4.6306657791137695
0.69,0.79,0.43,0.66,0.93,0.89,0.17,0.62,0.16,18439,4.634688138961792
0.7,0.79,0.43,0.66,0.94,0.89,0.17,0.62,0.16,18460,4.638687610626221
0.69,0.79,0.43,0.67,0.93,0.89,0.17,0.62,0.16,18373,4.642687559127808
0.69,0.79,0.43,0.67,0.93,0.89,0.17,0.62,0.16,18656,4.643688917160034
0.69,0.79,0.43,0.67,0.93,0.89,0.17,0.62,0.16,18599,4.6466896533966064
0.7,0.79,0.43,0.67,0.94,0.89,0.17,0.62,0.16,19114,4.6517252922058105
0.7,0.79,0.43,0.67,0.93,0.9,0.17,0.62,0.16,19363,4.65484356880188
0.7,0.79,0.43,0.67,0.94,0.89,0.17,0.62,0.16,18564,4.65587306022644
0.69,0.79,0.43,0.67,0.93,0.89,0.17,0.62,0.16,18483,4.658801794052124
0.7,0.79,0.43,0.67,0.93,0.89,0.17,0.62,0.16,18886,4.662935972213745
0.7,0.79,0.43,0.67,0.94,0.9,0.17,0.61,0.16,19081,4.667409896850586
0.69,0.79,0.43,0.67,0.94,0.9,0.17,0.62,0.16,19402,4.668111085891724
0.69,0.79,0.43,0.66,0.94,0.9,0.17,0.62,0.16,18925,4.672112703323364
0.69,0.79,0.43,0.67,0.94,0.9,0.17,0.62,0.16,18290,4.675689935684204
0.69,0.79,0.43,0.67,0.94,0.89,0.17,0.62,0.16,18815,4.679708480834961
0.7,0.79,0.43,0.67,0.94,0.89,0.17,0.61,0.16,19124,4.68039608001709
0.69,0.79,0.43,0.67,0.94,0.9,0.17,0.61,0.16,18809,4.683661222457886
0.69,0.79,0.43,0.67,0.94,0.89,0.17,0.62,0.16,18656,4.688096046447754
0.69,0.79,0.42,0.67,0.94,0.89,0.17,0.62,0.16,19209,4.6920881271362305
0.69,0.79,0.43,0.68,0.94,0.9,0.17,0.62,0.16,19438,4.693141937255859
0.7,0.79,0.43,0.68,0.94,0.89,0.17,0.62,0.16,19227,4.696424961090088
0.69,0.79,0.43,0.66,0.94,0.9,0.17,0.62,0.16,18782,4.699525356292725
0.69,0.79,0.43,0.67,0.94,0.9,0.17,0.62,0.16,18911,4.7035627365112305
0.7,0.79,0.43,0.67,0.94,0.9,0.16,0.62,0.16,19042,4.7079126834869385
0.69,0.8,0.43,0.67,0.94,0.89,0.17,0.62,0.16,18729,4.708574056625366
0.7,0.8,0.43,0.67,0.94,0.89,0.17,0.62,0.16,18938,4.712634325027466
0.7,0.79,0.43,0.67,0.94,0.89,0.17,0.62,0.16,18739,4.71630597114563
0.69,0.79,0.43,0.67,0.94,0.89,0.17,0.62,0.16,18644,4.719960451126099
0.7,0.79,0.43,0.67,0.94,0.89,0.17,0.62,0.16,18519,4.720951557159424
0.7,0.8,0.43,0.67,0.94,0.9,0.17,0.62,0.16,18494,4.724948406219482
0.69,0.79,0.43,0.66,0.95,0.89,0.17,0.61,0.16,18787,4.729075908660889
0.7,0.79,0.43,0.67,0.94,0.89,0.17,0.62,0.16,18930,4.732592821121216
0.7,0.8,0.43,0.66,0.94,0.89,0.17,0.62,0.16,19347,4.733683347702026
0.69,0.8,0.43,0.67,0.95,0.89,0.17,0.62,0.16,19320,4.737663269042969
0.7,0.79,0.43,0.67,0.94,0.89,0.17,0.62,0.16,19395,4.74102258682251
0.69,0.79,0.43,0.66,0.94,0.89,0.17,0.62,0.16,19170,4.745033264160156
0.7,0.8,0.42,0.67,0.94,0.9,0.17,0.62,0.16,18871,4.746024131774902
0.69,0.79,0.43,0.67,0.94,0.89,0.17,0.62,0.16,19174,4.749863624572754
0.69,0.79,0.43,0.67,0.94,0.9,0.17,0.62,0.16,18829,4.753763437271118
0.69,0.79,0.43,0.66,0.94,0.9,0.17,0.62,0.16,18650,4.757763624191284
0.69,0.8,0.42,0.66,0.94,0.9,0.17,0.62,0.16,19159,4.7587432861328125
0.69,0.79,0.42,0.67,0.94,0.89,0.17,0.62,0.16,19136,4.761733770370483
0.69,0.8,0.43,0.66,0.94,0.89,0.17,0.62,0.16,18521,4.765734910964966
0.69,0.79,0.42,0.67,0.94,0.89,0.17,0.62,0.16,18570,4.770341157913208
0.7,0.79,0.42,0.66,0.94,0.9,0.17,0.62,0.16,18673,4.773643732070923
0.69,0.79,0.43,0.66,0.94,0.9,0.17,0.61,0.16,18638,4.774676561355591
0.69,0.79,0.43,0.66,0.94,0.9,0.17,0.62,0.16,19051,4.778713226318359
0.69,0.79,0.42,0.66,0.94,0.89,0.17,0.62,0.16,19156,4.782769203186035
0.7,0.79,0.43,0.66,0.94,0.9,0.17,0.62,0.16,18723,4.786061763763428
0.7,0.79,0.43,0.66,0.95,0.9,0.17,0.62,0.16,18576,4.786061763763428
0.69,0.79,0.43,0.67,0.94,0.9,0.17,0.62,0.16,19021,4.790430784225464
0.69,0.79,0.43,0.67,0.94,0.9,0.17,0.62,0.16,19180,4.794484853744507
0.7,0.79,0.43,0.67,0.95,0.9,0.17,0.62,0.16,18807,4.7984678745269775
0.69,0.79,0.43,0.67,0.95,0.89,0.17,0.62,0.16,18870,4.7984678745269775
0.69,0.79,0.43,0.67,0.94,0.89,0.17,0.62,0.16,18647,4.803822040557861
0.69,0.79,0.43,0.67,0.94,0.9,0.17,0.62,0.16,18502,4.806939125061035
0.69,0.79,0.43,0.67,0.94,0.9,0.17,0.62,0.16,18661,4.810522794723511
0.69,0.79,0.42,0.67,0.94,0.9,0.17,0.62,0.16,18686,4.811845064163208
0.69,0.79,0.43,0.67,0.94,0.89,0.17,0.62,0.16,18995,4.815317153930664
0.69,0.79,0.43,0.67,0.94,0.9,0.17,0.61,0.16,18936,4.819455623626709
0.69,0.79,0.43,0.67,0.94,0.89,0.17,0.62,0.16,18965,4.823476791381836
0.69,0.79,0.43,0.67,0.94,0.89,0.17,0.62,0.16,18840,4.823476791381836
0.69,0.79,0.43,0.66,0.94,0.89,0.17,0.62,0.16,18625,4.827072381973267
0.69,0.79,0.42,0.66,0.94,0.9,0.17,0.62,0.16,18450,4.831284523010254
0.7,0.79,0.43,0.66,0.93,0.89,0.17,0.62,0.16,18729,4.835327863693237
0.69,0.79,0.42,0.66,0.94,0.89,0.16,0.61,0.16,18858,4.835327863693237
0.7,0.79,0.43,0.66,0.94,0.89,0.17,0.62,0.16,18743,4.839334726333618
0.7,0.79,0.43,0.66,0.94,0.9,0.17,0.61,0.16,18932,4.844217538833618
0.69,0.79,0.43,0.66,0.94,0.9,0.17,0.62,0.16,18847,4.847761631011963
0.69,0.79,0.43,0.67,0.94,0.89,0.17,0.62,0.16,18674,4.847761631011963
0.7,0.79,0.43,0.66,0.94,0.89,0.17,0.62,0.16,18629,4.851752042770386
0.69,0.79,0.43,0.66,0.94,0.9,0.17,0.62,0.16,18816,4.855750322341919
0.7,0.79,0.43,0.65,0.94,0.9,0.17,0.61,0.16,18803,4.85977840423584
0.7,0.79,0.42,0.66,0.94,0.89,0.17,0.62,0.16,19060,4.863778352737427
0.7,0.79,0.43,0.66,0.94,0.89,0.17,0.62,0.16,18761,4.864749908447266
0.7,0.79,0.44,0.66,0.95,0.89,0.17,0.62,0.16,18318,4.868157148361206
0.7,0.79,0.43,0.66,0.94,0.9,0.16,0.62,0.16,18783,4.872548580169678
0.7,0.79,0.43,0.67,0.94,0.9,0.16,0.61,0.16,18920,4.876152992248535
0.69,0.79,0.43,0.66,0.94,0.89,0.17,0.62,0.16,18941,4.876868009567261
0.69,0.79,0.43,0.65,0.95,0.89,0.17,0.62,0.16,18722,4.881202936172485
0.69,0.79,0.43,0.67,0.94,0.89,0.17,0.62,0.16,18661,4.8845555782318115
0.69,0.79,0.43,0.66,0.94,0.89,0.17,0.61,0.16,18838,4.888720512390137
0.69,0.79,0.43,0.66,0.94,0.89,0.17,0.62,0.16,18827,4.889625072479248
0.69,0.79,0.43,0.66,0.94,0.9,0.17,0.62,0.16,18898,4.893625736236572
0.7,0.79,0.43,0.67,0.94,0.89,0.17,0.62,0.16,19109,4.897626876831055
0.7,0.79,0.43,0.66,0.94,0.89,0.17,0.62,0.16,19096,4.901156663894653
0.69,0.79,0.43,0.66,0.94,0.9,0.17,0.62,0.16,18807,4.901156663894653
0.7,0.79,0.43,0.66,0.94,0.9,0.17,0.61,0.16,18538,4.905366897583008
0.7,0.79,0.43,0.67,0.95,0.89,0.17,0.62,0.16,18463,4.909112215042114
0.7,0.79,0.43,0.67,0.94,0.9,0.18,0.62,0.16,19222,4.913163661956787
0.7,0.79,0.43,0.67,0.94,0.89,0.17,0.62,0.16,18863,4.914164304733276
0.7,0.79,0.43,0.66,0.95,0.9,0.17,0.62,0.16,18488,4.9177162647247314
0.7,0.79,0.43,0.66,0.95,0.9,0.17,0.62,0.16,18451,4.920806646347046
0.7,0.79,0.43,0.66,0.94,0.9,0.17,0.62,0.15,18752,4.92580509185791
0.69,0.79,0.43,0.66,0.95,0.89,0.17,0.62,0.16,18657,4.926804542541504
0.7,0.79,0.43,0.67,0.95,0.9,0.17,0.62,0.16,18962,4.929805040359497
0.7,0.79,0.43,0.67,0.95,0.9,0.17,0.62,0.15,19001,4.933804988861084
0.69,0.79,0.43,0.66,0.95,0.89,0.17,0.62,0.16,19108,4.938079833984375
0.7,0.79,0.42,0.66,0.95,0.89,0.17,0.62,0.16,19081,4.942173004150391
0.7,0.79,0.43,0.67,0.94,0.9,0.17,0.62,0.16,18706,4.9430930614471436
0.69,0.79,0.43,0.66,0.95,0.89,0.17,0.62,0.16,19121,4.945507526397705
0.7,0.79,0.43,0.67,0.95,0.89,0.17,0.62,0.16,19086,4.950993061065674
0.7,0.78,0.43,0.66,0.94,0.89,0.17,0.62,0.16,18741,4.954049348831177
0.69,0.79,0.43,0.67,0.94,0.89,0.17,0.62,0.16,19046,4.954991817474365
0.69,0.79,0.43,0.67,0.95,0.89,0.17,0.62,0.16,19019,4.958040475845337
0.69,0.79,0.43,0.67,0.95,0.89,0.17,0.62,0.16,19042,4.962112903594971
0.7,0.79,0.43,0.66,0.94,0.89,0.17,0.62,0.16,18841,4.96616792678833
0.7,0.79,0.42,0.66,0.94,0.89,0.16,0.62,0.16,18762,4.967215061187744
0.69,0.79,0.42,0.66,0.94,0.89,0.17,0.62,0.16,18941,4.970294237136841
0.69,0.79,0.42,0.66,0.94,0.89,0.17,0.62,0.16,18908,4.974550008773804
0.69,0.8,0.43,0.66,0.94,0.89,0.17,0.62,0.16,18231,4.978496313095093
0.7,0.8,0.42,0.66,0.95,0.89,0.17,0.61,0.16,18560,4.97952938079834
0.69,0.79,0.42,0.66,0.94,0.89,0.16,0.62,0.16,18653,4.98252272605896
0.69,0.79,0.43,0.66,0.95,0.9,0.17,0.62,0.15,18602,4.986526966094971
0.7,0.8,0.43,0.66,0.95,0.9,0.16,0.62,0.16,19135,4.9915266036987305
0.69,0.79,0.42,0.67,0.94,0.89,0.16,0.62,0.15,18846,4.9915266036987305
0.69,0.79,0.42,0.67,0.94,0.89,0.17,0.62,0.15,18727,4.995527029037476
0.7,0.79,0.43,0.66,0.94,0.89,0.16,0.62,0.16,19020,4.998989820480347
0.7,0.79,0.43,0.67,0.94,0.89,0.16,0.62,0.16,19499,5.003661394119263
0.7,0.79,0.42,0.67,0.95,0.89,0.17,0.62,0.16,19346,5.003661394119263
0.7,0.79,0.42,0.67,0.95,0.89,0.16,0.62,0.16,19035,5.00765323638916
0.69,0.8,0.43,0.67,0.95,0.9,0.16,0.62,0.16,18932,5.011759996414185
0.69,0.8,0.43,0.67,0.95,0.9,0.17,0.62,0.16,18925,5.016759872436523
0.69,0.8,0.43,0.67,0.95,0.9,0.17,0.62,0.16,18574,5.0201756954193115
0.7,0.8,0.43,0.66,0.94,0.9,0.17,0.62,0.16,18929,5.0201756954193115
0.7,0.79,0.42,0.66,0.94,0.89,0.17,0.62,0.15,19056,5.024175643920898
0.69,0.8,0.43,0.66,0.94,0.89,0.17,0.61,0.16,18933,5.028266191482544
0.69,0.8,0.43,0.66,0.94,0.89,0.16,0.62,0.15,18838,5.031984329223633
0.69,0.8,0.43,0.67,0.94,0.9,0.16,0.62,0.15,18987,5.033039093017578
0.7,0.8,0.43,0.67,0.94,0.9,0.16,0.62,0.16,18842,5.036750316619873
0.7,0.8,0.43,0.67,0.94,0.89,0.17,0.62,0.16,18971,5.039755582809448
0.7,0.8,0.43,0.66,0.94,0.89,0.17,0.62,0.16,19028,5.043791770935059
0.7,0.79,0.43,0.67,0.94,0.9,0.17,0.62,0.15,19297,5.044795274734497
0.7,0.79,0.43,0.67,0.94,0.9,0.16,0.62,0.16,18790,5.0487916469573975
0.7,0.79,0.43,0.66,0.94,0.9,0.17,0.62,0.16,18713,5.052805423736572
0.69,0.79,0.42,0.66,0.94,0.89,0.17,0.62,0.15,18502,5.056794881820679
0.7,0.79,0.42,0.66,0.94,0.9,0.17,0.62,0.16,19157,5.057231426239014
0.69,0.79,0.42,0.66,0.95,0.9,0.17,0.62,0.16,19434,5.060483694076538
0.7,0.79,0.42,0.67,0.94,0.9,0.16,0.62,0.15,18877,5.06535005569458
0.69,0.79,0.42,0.66,0.95,0.9,0.18,0.62,0.16,18620,5.068636417388916
0.69,0.79,0.42,0.66,0.94,0.89,0.17,0.62,0.16,18633,5.069671630859375
0.7,0.79,0.42,0.66,0.95,0.9,0.17,0.62,0.16,18638,5.072666168212891
0.7,0.79,0.42,0.66,0.94,0.9,0.16,0.61,0.16,18721,5.076824903488159
0.69,0.79,0.43,0.66,0.94,0.9,0.17,0.62,0.15,19002,5.081825256347656
0.7,0.8,0.42,0.67,0.94,0.89,0.18,0.62,0.16,19321,5.081825256347656
0.7,0.8,0.42,0.66,0.94,0.9,0.17,0.62,0.16,18882,5.085114240646362
0.7,0.79,0.42,0.67,0.94,0.9,0.17,0.62,0.16,18835,5.089344501495361
0.69,0.79,0.42,0.66,0.95,0.9,0.17,0.62,0.15,18738,5.093703269958496
0.7,0.79,0.42,0.67,0.94,0.9,0.17,0.62,0.16,18679,5.0975446701049805
0.7,0.8,0.42,0.66,0.94,0.9,0.17,0.62,0.16,18662,5.0975446701049805
0.7,0.79,0.43,0.66,0.94,0.9,0.18,0.62,0.16,19009,5.101703643798828
0.7,0.79,0.42,0.67,0.94,0.89,0.17,0.62,0.16,18902,5.105748414993286
0.69,0.79,0.42,0.67,0.94,0.89,0.17,0.62,0.16,18819,5.109353303909302
0.7,0.79,0.42,0.66,0.95,0.9,0.17,0.62,0.16,18854,5.109353303909302
0.7,0.79,0.42,0.67,0.94,0.9,0.18,0.62,0.16,19205,5.114574909210205
0.69,0.79,0.43,0.66,0.95,0.9,0.17,0.62,0.16,19128,5.118232011795044
0.69,0.79,0.42,0.66,0.95,0.9,0.17,0.62,0.16,18897,5.1219096183776855
0.7,0.79,0.42,0.67,0.94,0.89,0.17,0.62,0.16,18674,5.122982501983643
0.7,0.79,0.42,0.66,0.94,0.9,0.17,0.62,0.16,19283,5.12596869468689
0.7,0.79,0.42,0.66,0.94,0.9,0.17,0.62,0.16,19086,5.129998445510864
0.7,0.79,0.42,0.66,0.94,0.89,0.17,0.62,0.15,18643,5.134287357330322
0.7,0.79,0.42,0.66,0.94,0.89,0.17,0.62,0.16,18600,5.134287357330322
0.7,0.79,0.42,0.65,0.94,0.89,0.17,0.62,0.16,18775,5.13828706741333
0.71,0.8,0.42,0.66,0.94,0.89,0.16,0.62,0.16,18826,5.14242959022522
0.7,0.79,0.42,0.66,0.94,0.89,0.17,0.62,0.16,18701,5.1467156410217285
0.7,0.79,0.42,0.65,0.94,0.89,0.16,0.62,0.16,18610,5.1475396156311035
0.7,0.8,0.42,0.66,0.94,0.89,0.17,0.62,0.16,18867,5.150468587875366
0.71,0.8,0.43,0.66,0.93,0.9,0.17,0.62,0.16,18562,5.1545140743255615
0.7,0.8,0.43,0.66,0.94,0.89,0.17,0.62,0.16,18377,5.15950608253479
0.7,0.8,0.43,0.66,0.94,0.9,0.16,0.62,0.16,18540,5.15950608253479
0.7,0.8,0.43,0.66,0.94,0.89,0.17,0.62,0.16,18251,5.162682771682739
0.7,0.8,0.43,0.65,0.94,0.89,0.16,0.62,0.16,18366,5.167149782180786
0.7,0.8,0.43,0.66,0.94,0.89,0.16,0.62,0.16,18827,5.172196388244629
0.7,0.8,0.43,0.67,0.94,0.89,0.16,0.62,0.16,19146,5.174575090408325
0.7,0.8,0.43,0.66,0.94,0.89,0.17,0.62,0.16,19031,5.175659656524658
0.7,0.8,0.43,0.66,0.94,0.89,0.16,0.62,0.16,19120,5.180258512496948
0.7,0.8,0.43,0.67,0.93,0.9,0.17,0.62,0.16,19277,5.1846513748168945
0.7,0.8,0.42,0.66,0.94,0.9,0.16,0.62,0.16,19208,5.187710762023926
0.7,0.8,0.42,0.66,0.94,0.9,0.16,0.62,0.16,18399,5.188716650009155
0.7,0.81,0.43,0.66,0.94,0.9,0.16,0.62,0.16,18812,5.192716598510742
0.7,0.8,0.43,0.66,0.94,0.9,0.17,0.62,0.16,19295,5.19620418548584
0.7,0.8,0.43,0.66,0.93,0.9,0.17,0.62,0.16,19354,5.200203895568848
0.7,0.8,0.42,0.66,0.94,0.9,0.17,0.62,0.15,19003,5.200203895568848
0.7,0.8,0.43,0.66,0.94,0.9,0.16,0.62,0.16,18442,5.203773021697998
0.71,0.8,0.42,0.66,0.94,0.89,0.17,0.62,0.15,18447,5.208878993988037
0.7,0.8,0.43,0.66,0.94,0.9,0.16,0.62,0.16,18986,5.212815761566162
0.7,0.8,0.42,0.66,0.94,0.9,0.16,0.62,0.16,18617,5.212815761566162
0.7,0.8,0.43,0.66,0.94,0.9,0.17,0.62,0.16,18422,5.21581244468689
0.7,0.8,0.42,0.66,0.94,0.9,0.16,0.62,0.16,18845,5.22037935256958
0.7,0.8,0.42,0.66,0.94,0.9,0.16,0.62,0.16,18978,5.225379228591919
0.7,0.8,0.42,0.66,0.94,0.9,0.16,0.62,0.16,18867,5.225379228591919
0.7,0.8,0.42,0.66,0.94,0.9,0.16,0.62,0.16,19218,5.2296693325042725
0.7,0.8,0.42,0.66,0.94,0.89,0.17,0.62,0.16,18953,5.232666969299316
0.7,0.79,0.42,0.66,0.94,0.89,0.17,0.62,0.16,18556,5.236993074417114
0.7,0.8,0.42,0.66,0.94,0.89,0.17,0.62,0.16,18473,5.240808010101318
0.7,0.8,0.43,0.66,0.94,0.89,0.17,0.62,0.16,18808,5.241692543029785
0.7,0.8,0.43,0.66,0.94,0.89,0.17,0.62,0.16,18929,5.245741128921509
0.7,0.8,0.43,0.66,0.94,0.9,0.17,0.62,0.16,18498,5.249741554260254
0.7,0.8,0.42,0.66,0.94,0.89,0.17,0.62,0.16,18557,5.25275993347168
0.7,0.8,0.43,0.66,0.94,0.89,0.17,0.62,0.15,18850,5.253730297088623
0.69,0.8,0.42,0.66,0.94,0.89,0.17,0.62,0.15,18503,5.2572643756866455
0.7,0.8,0.43,0.66,0.94,0.89,0.17,0.62,0.16,18628,5.261691331863403
0.7,0.8,0.42,0.66,0.94,0.89,0.17,0.62,0.16,19215,5.265182971954346
0.7,0.79,0.42,0.66,0.94,0.89,0.17,0.62,0.16,18738,5.265182971954346
0.7,0.79,0.43,0.66,0.94,0.9,0.17,0.62,0.16,18739,5.270455837249756
0.7,0.8,0.42,0.66,0.94,0.9,0.17,0.62,0.16,18672,5.273941278457642
0.7,0.79,0.42,0.66,0.94,0.89,0.17,0.62,0.16,18783,5.2781822681427
0.7,0.8,0.42,0.66,0.94,0.89,0.17,0.62,0.16,18930,5.279193639755249
0.7,0.8,0.43,0.66,0.94,0.9,0.18,0.62,0.15,19123,5.282626628875732
0.7,0.8,0.42,0.66,0.94,0.9,0.17,0.62,0.16,18718,5.286906003952026
0.69,0.8,0.42,0.66,0.94,0.89,0.16,0.62,0.16,18529,5.290902853012085
0.7,0.79,0.42,0.67,0.94,0.89,0.17,0.62,0.16,18570,5.290902853012085
0.7,0.8,0.43,0.65,0.94,0.89,0.16,0.62,0.16,19069,5.294900417327881
0.7,0.8,0.42,0.66,0.94,0.9,0.17,0.62,0.16,19170,5.298901319503784
0.7,0.8,0.42,0.66,0.94,0.89,0.17,0.62,0.16,18783,5.303215026855469
0.7,0.8,0.43,0.66,0.94,0.89,0.17,0.62,0.16,18080,5.303215026855469
0.7,0.8,0.42,0.66,0.94,0.89,0.17,0.62,0.16,18229,5.306734323501587
0.7,0.8,0.43,0.66,0.94,0.89,0.17,0.62,0.16,18818,5.311060190200806
0.7,0.8,0.43,0.66,0.94,0.89,0.17,0.62,0.16,19311,5.315481424331665
0.7,0.8,0.42,0.66,0.94,0.89,0.17,0.62,0.16,18892,5.3189170360565186
0.7,0.8,0.42,0.66,0.94,0.89,0.16,0.62,0.16,18717,5.319907903671265
0.7,0.8,0.42,0.66,0.94,0.89,0.17,0.62,0.16,18684,5.322909832000732
0.71,0.8,0.43,0.66,0.94,0.89,0.17,0.62,0.16,18545,5.327022075653076
0.7,0.8,0.43,0.66,0.94,0.89,0.17,0.62,0.16,18936,5.330546617507935
0.7,0.8,0.43,0.66,0.94,0.89,0.17,0.62,0.16,18993,5.331272602081299
0.7,0.8,0.43,0.66,0.94,0.89,0.17,0.62,0.16,19064,5.335272312164307
0.7,0.8,0.43,0.66,0.94,0.9,0.17,0.62,0.16,18393,5.3397743701934814
0.71,0.8,0.42,0.66,0.93,0.9,0.17,0.62,0.16,18522,5.342877149581909
0.7,0.8,0.42,0.66,0.93,0.89,0.17,0.62,0.16,19195,5.343882322311401
0.7,0.8,0.43,0.66,0.94,0.89,0.17,0.62,0.16,19104,5.3478844165802
0.7,0.8,0.42,0.66,0.93,0.89,0.17,0.62,0.16,18767,5.352605581283569
0.7,0.8,0.43,0.66,0.93,0.9,0.17,0.62,0.15,18792,5.355605840682983
0.7,0.8,0.43,0.65,0.93,0.89,0.17,0.62,0.16,19003,5.356675386428833
0.7,0.79,0.43,0.66,0.93,0.89,0.17,0.62,0.16,19068,5.36025071144104
0.7,0.8,0.43,0.66,0.94,0.89,0.17,0.62,0.15,18919,5.363884210586548
0.7,0.79,0.42,0.65,0.94,0.89,0.16,0.62,0.16,18812,5.3679444789886475
0.7,0.8,0.43,0.66,0.94,0.89,0.17,0.62,0.16,18679,5.369000434875488
0.7,0.79,0.43,0.66,0.94,0.89,0.17,0.62,0.16,18564,5.371997117996216
0.7,0.79,0.42,0.66,0.94,0.89,0.17,0.62,0.16,18593,5.376251220703125
0.7,0.8,0.42,0.66,0.93,0.89,0.17,0.62,0.15,19012,5.380264759063721
0.7,0.8,0.43,0.66,0.93,0.89,0.18,0.62,0.16,19075,5.383974552154541
0.7,0.8,0.42,0.65,0.93,0.89,0.16,0.62,0.15,19282,5.384655952453613
0.7,0.8,0.43,0.66,0.93,0.89,0.17,0.62,0.16,19307,5.3886559009552
0.7,0.79,0.43,0.66,0.94,0.9,0.17,0.62,0.16,19248,5.3930253982543945
0.7,0.8,0.42,0.66,0.94,0.89,0.17,0.62,0.16,18939,5.396269798278809
0.7,0.8,0.42,0.66,0.93,0.89,0.17,0.62,0.16,18916,5.397336959838867
0.7,0.8,0.42,0.66,0.93,0.89,0.17,0.62,0.16,18851,5.400545835494995
0.7,0.8,0.42,0.65,0.93,0.89,0.17,0.62,0.16,19024,5.405703067779541
0.7,0.8,0.42,0.66,0.93,0.89,0.17,0.62,0.16,18965,5.408900499343872
0.7,0.8,0.42,0.65,0.93,0.89,0.17,0.62,0.16,18670,5.40976095199585
0.7,0.8,0.42,0.66,0.94,0.9,0.17,0.62,0.16,18713,5.413761138916016
0.7,0.8,0.42,0.65,0.93,0.89,0.16,0.62,0.16,18584,5.4165544509887695
0.7,0.8,0.42,0.66,0.94,0.89,0.17,0.62,0.16,18789,5.421140670776367
0.7,0.8,0.42,0.66,0.94,0.89,0.17,0.62,0.16,18918,5.422116041183472
0.7,0.8,0.42,0.66,0.94,0.89,0.17,0.62,0.16,19031,5.425140619277954
0.7,0.8,0.42,0.66,0.93,0.89,0.17,0.62,0.16,18744,5.4290876388549805
0.7,0.8,0.42,0.66,0.94,0.89,0.17,0.62,0.15,18749,5.433247089385986
0.7,0.8,0.42,0.65,0.94,0.89,0.17,0.62,0.16,18980,5.433247089385986
0.7,0.8,0.42,0.66,0.94,0.89,0.17,0.62,0.16,18997,5.437243223190308
0.7,0.81,0.42,0.66,0.94,0.89,0.17,0.62,0.16,18946,5.441379547119141
0.7,0.8,0.43,0.66,0.94,0.89,0.17,0.62,0.16,18489,5.445376396179199
0.71,0.8,0.43,0.66,0.94,0.89,0.17,0.62,0.16,18630,5.448538303375244
0.71,0.8,0.43,0.65,0.94,0.89,0.17,0.62,0.16,18641,5.449539422988892
0.7,0.8,0.43,0.65,0.94,0.89,0.17,0.62,0.16,18548,5.4535462856292725
0.7,0.8,0.43,0.66,0.94,0.9,0.17,0.62,0.16,18559,5.457541227340698
0.7,0.8,0.42,0.66,0.93,0.89,0.17,0.62,0.16,18656,5.461538076400757
0.7,0.79,0.43,0.66,0.94,0.89,0.17,0.62,0.16,18653,5.462538719177246
0.69,0.8,0.43,0.66,0.93,0.89,0.17,0.62,0.16,18252,5.4666736125946045
0.7,0.8,0.43,0.66,0.94,0.89,0.17,0.62,0.16,18561,5.469778060913086
0.7,0.8,0.43,0.66,0.94,0.89,0.17,0.62,0.16,19464,5.473829746246338
0.69,0.8,0.42,0.66,0.94,0.89,0.17,0.62,0.16,19055,5.474832057952881
0.7,0.8,0.43,0.66,0.93,0.89,0.17,0.62,0.16,18828,5.478825092315674
0.7,0.8,0.42,0.66,0.93,0.89,0.17,0.62,0.16,18501,5.483081340789795
0.7,0.79,0.42,0.65,0.94,0.89,0.17,0.62,0.16,18732,5.486086368560791
0.69,0.8,0.42,0.65,0.93,0.89,0.17,0.62,0.16,19385,5.487098932266235
0.69,0.8,0.43,0.66,0.93,0.9,0.18,0.62,0.15,19438,5.490591287612915
0.69,0.8,0.43,0.66,0.93,0.89,0.17,0.62,0.16,19229,5.494619131088257
0.7,0.8,0.42,0.66,0.94,0.89,0.17,0.62,0.16,19020,5.4987828731536865
0.7,0.8,0.42,0.66,0.93,0.89,0.17,0.62,0.16,18887,5.4987828731536865
0.7,0.8,0.42,0.66,0.93,0.89,0.17,0.62,0.16,19266,5.502772808074951
0.7,0.8,0.42,0.66,0.93,0.9,0.17,0.62,0.16,18601,5.507783651351929
0.69,0.8,0.42,0.66,0.93,0.89,0.17,0.62,0.16,18534,5.510780572891235
0.69,0.8,0.43,0.66,0.94,0.9,0.17,0.62,0.16,18919,5.511853456497192
0.7,0.8,0.42,0.66,0.94,0.89,0.17,0.62,0.16,19200,5.514904499053955
0.7,0.8,0.42,0.66,0.93,0.89,0.17,0.62,0.16,19149,5.519439220428467
0.7,0.79,0.42,0.66,0.93,0.89,0.17,0.62,0.15,18708,5.523532152175903
0.7,0.79,0.42,0.67,0.93,0.9,0.17,0.62,0.16,18683,5.526514530181885
0.69,0.8,0.42,0.66,0.93,0.89,0.17,0.62,0.16,18898,5.527582406997681
0.69,0.8,0.42,0.66,0.94,0.89,0.18,0.62,0.16,18497,5.531644582748413
0.7,0.8,0.42,0.66,0.93,0.89,0.17,0.62,0.16,18580,5.535629034042358
0.7,0.8,0.42,0.66,0.94,0.89,0.18,0.62,0.16,18775,5.539791584014893
0.7,0.8,0.42,0.67,0.94,0.89,0.17,0.62,0.16,19064,5.539791584014893
0.69,0.79,0.42,0.66,0.94,0.9,0.17,0.62,0.16,19311,5.543896198272705
0.69,0.79,0.42,0.66,0.94,0.89,0.17,0.62,0.16,19006,5.547894716262817
0.69,0.79,0.43,0.66,0.94,0.89,0.17,0.62,0.16,18815,5.551899194717407
0.7,0.79,0.42,0.66,0.94,0.89,0.17,0.62,0.16,18782,5.551899194717407
0.69,0.79,0.42,0.66,0.94,0.89,0.17,0.62,0.16,18921,5.5558953285217285
0.69,0.79,0.42,0.66,0.94,0.89,0.17,0.62,0.16,19668,5.559903860092163
0.69,0.8,0.43,0.66,0.94,0.89,0.17,0.62,0.16,18943,5.56389307975769
0.69,0.79,0.42,0.66,0.94,0.89,0.17,0.62,0.16,18444,5.564960718154907
0.69,0.79,0.43,0.66,0.94,0.89,0.18,0.62,0.16,18907,5.568012714385986
0.7,0.79,0.42,0.66,0.94,0.89,0.17,0.62,0.16,19098,5.5720086097717285
0.69,0.79,0.43,0.66,0.94,0.89,0.17,0.62,0.16,18995,5.5760650634765625
0.7,0.79,0.43,0.66,0.94,0.88,0.17,0.62,0.16,18796,5.577072381973267
0.69,0.79,0.43,0.66,0.94,0.89,0.17,0.62,0.16,18609,5.580078363418579
0.7,0.79,0.42,0.66,0.94,0.89,0.18,0.62,0.16,18912,5.584161281585693
0.7,0.79,0.42,0.66,0.94,0.89,0.17,0.62,0.16,18789,5.589158296585083
0.7,0.79,0.43,0.66,0.94,0.89,0.17,0.62,0.16,18962,5.592153072357178
0.69,0.79,0.42,0.66,0.94,0.89,0.17,0.62,0.16,18737,5.593165874481201
0.69,0.79,0.43,0.66,0.94,0.89,0.17,0.62,0.16,19068,5.597321510314941
0.7,0.79,0.43,0.66,0.94,0.89,0.18,0.62,0.16,19151,5.601328372955322
0.69,0.79,0.43,0.66,0.94,0.89,0.17,0.62,0.16,18690,5.604549884796143
0.7,0.79,0.43,0.66,0.94,0.89,0.17,0.62,0.16,18877,5.60555624961853
0.7,0.79,0.42,0.66,0.94,0.89,0.17,0.62,0.16,19368,5.609543085098267
0.7,0.79,0.43,0.66,0.94,0.89,0.17,0.62,0.16,18967,5.613537788391113
0.7,0.8,0.43,0.66,0.94,0.89,0.18,0.62,0.16,18642,5.6175525188446045
0.7,0.79,0.43,0.65,0.94,0.89,0.17,0.62,0.16,18723,5.6175525188446045
0.7,0.8,0.42,0.67,0.94,0.89,0.18,0.62,0.16,18634,5.621272563934326
0.7,0.8,0.43,0.67,0.94,0.89,0.17,0.62,0.16,18645,5.626269340515137
0.7,0.79,0.42,0.66,0.94,0.89,0.18,0.62,0.16,19012,5.629269123077393
0.69,0.79,0.43,0.66,0.94,0.89,0.17,0.62,0.16,19229,5.6302690505981445
0.7,0.79,0.43,0.66,0.94,0.89,0.17,0.62,0.16,19074,5.634274005889893
0.69,0.79,0.43,0.66,0.94,0.89,0.18,0.62,0.16,18889,5.638289451599121
0.7,0.79,0.43,0.66,0.95,0.89,0.17,0.62,0.16,18834,5.642291069030762
0.69,0.79,0.43,0.66,0.95,0.89,0.17,0.62,0.16,18735,5.642291069030762
0.69,0.79,0.43,0.66,0.94,0.89,0.17,0.62,0.16,18728,5.646287679672241
0.7,0.79,0.43,0.66,0.94,0.88,0.17,0.62,0.16,19029,5.650287866592407
0.69,0.79,0.43,0.66,0.94,0.89,0.18,0.62,0.16,19078,5.65429162979126
0.69,0.79,0.43,0.66,0.94,0.89,0.18,0.62,0.16,18783,5.658286809921265
0.69,0.79,0.42,0.66,0.94,0.89,0.18,0.62,0.16,18788,5.658286809921265
0.7,0.79,0.43,0.66,0.94,0.89,0.18,0.62,0.16,18849,5.6622865200042725
0.69,0.79,0.43,0.67,0.94,0.89,0.18,0.62,0.16,18458,5.666286468505859
0.69,0.79,0.42,0.66,0.94,0.89,0.18,0.62,0.16,18455,5.670286655426025
0.69,0.79,0.43,0.66,0.94,0.89,0.17,0.62,0.16,18806,5.670286655426025
0.69,0.79,0.43,0.67,0.94,0.88,0.17,0.62,0.16,19303,5.674457550048828
0.69,0.79,0.42,0.66,0.94,0.89,0.18,0.62,0.16,19386,5.679456949234009
0.69,0.8,0.43,0.66,0.94,0.88,0.18,0.62,0.16,18857,5.682953357696533
0.7,0.79,0.43,0.66,0.94,0.89,0.18,0.62,0.16,18506,5.682953357696533
0.69,0.8,0.43,0.66,0.94,0.89,0.18,0.62,0.16,18665,5.68696665763855
0.69,0.79,0.43,0.67,0.94,0.89,0.17,0.62,0.16,19008,5.690968036651611
0.69,0.8,0.43,0.66,0.94,0.89,0.17,0.62,0.16,18917,5.694969415664673
0.69,0.79,0.43,0.66,0.94,0.89,0.17,0.62,0.16,19096,5.695969581604004
0.69,0.79,0.43,0.66,0.94,0.89,0.18,0.62,0.17,18821,5.6990532875061035
0.69,0.79,0.43,0.67,0.94,0.89,0.17,0.62,0.16,18654,5.703094482421875
0.69,0.79,0.43,0.66,0.94,0.89,0.17,0.62,0.16,18401,5.707101821899414
0.69,0.79,0.43,0.66,0.94,0.89,0.18,0.62,0.16,18806,5.708101987838745
0.69,0.79,0.42,0.66,0.94,0.89,0.18,0.62,0.16,19271,5.71157693862915
0.7,0.79,0.43,0.66,0.94,0.89,0.18,0.62,0.16,19380,5.715816497802734
0.69,0.79,0.43,0.66,0.94,0.89,0.17,0.62,0.16,19103,5.719891309738159
0.69,0.8,0.43,0.66,0.94,0.89,0.18,0.62,0.16,19128,5.719891309738159
0.69,0.79,0.43,0.66,0.93,0.89,0.17,0.62,0.16,19125,5.723889350891113
0.7,0.8,0.43,0.66,0.94,0.89,0.17,0.62,0.16,18878,5.727889060974121
0.68,0.79,0.43,0.66,0.94,0.89,0.18,0.62,0.16,18815,5.7321696281433105
0.69,0.79,0.43,0.66,0.94,0.89,0.17,0.62,0.16,18758,5.7361955642700195
0.69,0.79,0.43,0.66,0.94,0.88,0.18,0.62,0.16,18471,5.7361955642700195
0.69,0.8,0.42,0.66,0.94,0.89,0.18,0.62,0.16,18188,5.740171909332275
0.69,0.8,0.43,0.66,0.94,0.89,0.17,0.62,0.16,18487,5.744171142578125
0.69,0.8,0.43,0.66,0.94,0.89,0.18,0.62,0.16,18786,5.748170375823975
0.69,0.8,0.43,0.66,0.94,0.89,0.18,0.62,0.16,18641,5.749267816543579
0.69,0.8,0.43,0.66,0.94,0.89,0.18,0.62,0.16,19036,5.7523462772369385
0.69,0.8,0.43,0.66,0.94,0.88,0.17,0.62,0.16,19259,5.757108926773071
0.69,0.8,0.43,0.66,0.94,0.89,0.18,0.62,0.16,19320,5.760250806808472
0.69,0.8,0.43,0.66,0.94,0.89,0.18,0.62,0.16,19039,5.761268138885498
0.69,0.8,0.43,0.65,0.94,0.89,0.17,0.62,0.16,18786,5.765265226364136
0.69,0.79,0.43,0.65,0.94,0.89,0.17,0.62,0.16,18825,5.7692649364471436
0.69,0.8,0.43,0.66,0.93,0.89,0.17,0.62,0.16,19070,5.773265838623047
0.69,0.8,0.43,0.66,0.93,0.89,0.18,0.62,0.17,18947,5.773265838623047
0.69,0.8,0.43,0.65,0.94,0.89,0.17,0.62,0.16,18462,5.777266979217529
0.69,0.8,0.43,0.66,0.94,0.88,0.17,0.62,0.16,18757,5.78104567527771
0.69,0.8,0.43,0.66,0.94,0.89,0.18,0.62,0.16,18906,5.785323858261108
0.69,0.8,0.43,0.66,0.93,0.89,0.18,0.62,0.16,18881,5.786346435546875
0.69,0.79,0.42,0.66,0.94,0.89,0.17,0.62,0.16,19146,5.789458990097046
0.69,0.8,0.43,0.66,0.94,0.89,0.17,0.62,0.16,19017,5.793478727340698
0.69,0.8,0.43,0.66,0.94,0.89,0.18,0.62,0.16,18784,5.797480344772339
0.69,0.8,0.42,0.66,0.94,0.89,0.17,0.62,0.16,18693,5.80147910118103
0.7,0.8,0.43,0.66,0.94,0.89,0.18,0.62,0.16,19196,5.802476167678833
0.69,0.8,0.43,0.66,0.94,0.89,0.18,0.62,0.16,18933,5.805666208267212
0.69,0.8,0.43,0.66,0.94,0.89,0.18,0.62,0.16,18828,5.809562683105469
0.69,0.79,0.42,0.66,0.95,0.89,0.17,0.62,0.16,19119,5.8136818408966064
0.69,0.8,0.42,0.66,0.94,0.89,0.18,0.62,0.16,19434,5.814692735671997
0.69,0.79,0.43,0.66,0.94,0.89,0.17,0.62,0.16,19287,5.817683458328247
0.69,0.8,0.42,0.66,0.94,0.89,0.18,0.62,0.16,19020,5.8222057819366455
0.69,0.8,0.42,0.66,0.94,0.89,0.17,0.62,0.17,18983,5.826206207275391
0.69,0.79,0.42,0.67,0.94,0.89,0.18,0.62,0.16,18360,5.826206207275391
0.69,0.8,0.42,0.65,0.94,0.89,0.18,0.62,0.16,18393,5.830209493637085
0.69,0.8,0.43,0.66,0.94,0.89,0.18,0.62,0.16,18776,5.8354902267456055
0.69,0.8,0.43,0.66,0.95,0.89,0.17,0.62,0.16,18925,5.838718891143799
0.69,0.79,0.43,0.66,0.94,0.9,0.17,0.62,0.16,18968,5.838718891143799
0.69,0.79,0.43,0.66,0.94,0.89,0.17,0.62,0.16,18881,5.842718124389648
0.69,0.79,0.42,0.66,0.94,0.89,0.18,0.62,0.16,19152,5.847720146179199
0.69,0.79,0.42,0.66,0.94,0.89,0.18,0.62,0.16,18857,5.8510215282440186
0.69,0.8,0.43,0.66,0.94,0.89,0.18,0.62,0.16,18644,5.8510215282440186
0.69,0.8,0.43,0.66,0.94,0.89,0.17,0.62,0.16,18675,5.855071544647217
0.69,0.8,0.42,0.66,0.94,0.89,0.18,0.62,0.16,18740,5.859210729598999
0.69,0.79,0.43,0.66,0.94,0.89,0.18,0.62,0.16,19003,5.863210678100586
0.69,0.79,0.43,0.66,0.94,0.89,0.17,0.62,0.16,19092,5.863210678100586
0.69,0.79,0.43,0.66,0.94,0.89,0.17,0.62,0.16,19267,5.867211818695068
0.69,0.79,0.43,0.66,0.94,0.89,0.17,0.62,0.16,18808,5.871211290359497
0.69,0.79,0.43,0.66,0.94,0.88,0.17,0.62,0.16,18753,5.875436782836914
0.69,0.8,0.43,0.66,0.94,0.89,0.17,0.62,0.17,18786,5.879427194595337
0.7,0.8,0.43,0.66,0.94,0.89,0.17,0.62,0.16,18857,5.880430698394775
0.69,0.8,0.43,0.66,0.94,0.89,0.17,0.62,0.16,18724,5.884427070617676
0.69,0.8,0.43,0.66,0.94,0.89,0.18,0.62,0.16,19025,5.888587236404419
0.69,0.8,0.43,0.66,0.94,0.89,0.17,0.62,0.16,18942,5.891831636428833
0.69,0.79,0.43,0.66,0.94,0.89,0.17,0.62,0.16,18641,5.891831636428833
0.7,0.79,0.43,0.66,0.94,0.89,0.17,0.62,0.16,18946,5.895636081695557
0.69,0.79,0.43,0.66,0.94,0.89,0.18,0.62,0.16,18745,5.9007415771484375
0.69,0.79,0.43,0.66,0.94,0.89,0.18,0.62,0.16,18434,5.903794050216675
0.69,0.79,0.43,0.66,0.94,0.89,0.18,0.62,0.16,18877,5.904836416244507
0.69,0.79,0.42,0.66,0.94,0.89,0.19,0.62,0.16,19378,5.9078638553619385
0.7,0.79,0.43,0.66,0.94,0.89,0.17,0.62,0.16,19067,5.912837266921997
0.69,0.79,0.43,0.66,0.94,0.89,0.18,0.62,0.16,18960,5.916346311569214
0.69,0.79,0.43,0.66,0.94,0.89,0.17,0.62,0.16,18661,5.916346311569214
0.7,0.8,0.43,0.66,0.94,0.89,0.18,0.62,0.16,18742,5.919877529144287
0.69,0.79,0.44,0.66,0.93,0.89,0.18,0.62,0.16,18571,5.924884796142578
0.69,0.8,0.43,0.66,0.94,0.88,0.18,0.62,0.16,18664,5.928884983062744
0.69,0.81,0.43,0.67,0.94,0.89,0.17,0.62,0.16,18653,5.929882287979126
0.69,0.81,0.43,0.66,0.94,0.89,0.18,0.62,0.16,18586,5.932884931564331
0.7,0.8,0.43,0.66,0.94,0.89,0.18,0.62,0.16,18601,5.937086343765259
0.7,0.81,0.43,0.66,0.93,0.88,0.18,0.62,0.16,18606,5.941134929656982
0.69,0.8,0.43,0.66,0.94,0.89,0.17,0.62,0.16,18283,5.941134929656982
0.7,0.8,0.43,0.67,0.94,0.89,0.17,0.62,0.16,18448,5.945205450057983
0.7,0.8,0.43,0.67,0.94,0.89,0.17,0.62,0.16,18705,5.949232816696167
0.7,0.81,0.43,0.67,0.94,0.89,0.18,0.62,0.16,19030,5.953232288360596
0.7,0.81,0.43,0.68,0.94,0.89,0.18,0.62,0.16,18851,5.957230567932129
0.7,0.81,0.43,0.66,0.94,0.89,0.17,0.62,0.16,18760,5.957230567932129
0.69,0.81,0.43,0.66,0.94,0.89,0.17,0.62,0.16,18999,5.9613237380981445
0.7,0.81,0.44,0.66,0.94,0.89,0.17,0.62,0.16,18824,5.965466499328613
0.7,0.81,0.43,0.66,0.94,0.89,0.18,0.62,0.16,18555,5.969473600387573
0.69,0.81,0.43,0.65,0.93,0.89,0.18,0.62,0.16,18712,5.969473600387573
0.69,0.81,0.43,0.66,0.93,0.89,0.17,0.62,0.16,18919,5.9737913608551025
0.7,0.81,0.43,0.66,0.93,0.89,0.17,0.62,0.16,18670,5.977810859680176
0.7,0.81,0.43,0.66,0.94,0.89,0.18,0.62,0.16,18187,5.981835842132568
0.7,0.81,0.43,0.67,0.94,0.88,0.18,0.62,0.17,18246,5.98283576965332
0.7,0.81,0.43,0.66,0.94,0.88,0.18,0.62,0.16,18207,5.985834836959839
0.7,0.81,0.43,0.67,0.93,0.89,0.17,0.62,0.16,18542,5.990842580795288
0.7,0.8,0.43,0.66,0.94,0.89,0.17,0.62,0.16,18561,5.994841814041138
0.7,0.81,0.43,0.67,0.94,0.89,0.17,0.62,0.17,18624,5.994841814041138
0.7,0.81,0.43,0.66,0.94,0.88,0.18,0.62,0.16,18621,5.998103857040405
0.7,0.81,0.43,0.66,0.93,0.89,0.18,0.62,0.16,18738,6.002231597900391
0.7,0.81,0.43,0.66,0.94,0.89,0.17,0.62,0.16,19065,6.0066001415252686
0.7,0.81,0.43,0.66,0.94,0.89,0.18,0.62,0.16,19026,6.00765061378479
0.7,0.81,0.43,0.66,0.94,0.89,0.17,0.62,0.16,19213,6.01062798500061
0.7,0.8,0.43,0.66,0.94,0.89,0.17,0.62,0.16,18920,6.014819383621216
0.69,0.81,0.43,0.66,0.94,0.89,0.18,0.62,0.16,19005,6.019339084625244
0.7,0.8,0.43,0.67,0.94,0.89,0.18,0.62,0.16,19628,6.019339084625244
0.7,0.8,0.43,0.66,0.94,0.89,0.18,0.62,0.17,19093,6.023353815078735
0.69,0.81,0.43,0.66,0.94,0.89,0.18,0.62,0.16,18618,6.026721239089966
0.69,0.8,0.43,0.66,0.94,0.88,0.18,0.62,0.16,18341,6.031711578369141
0.69,0.81,0.43,0.66,0.93,0.89,0.18,0.62,0.16,18974,6.034705638885498
0.7,0.81,0.43,0.66,0.93,0.89,0.18,0.62,0.16,19433,6.035711288452148
0.69,0.81,0.43,0.66,0.94,0.89,0.17,0.62,0.16,19064,6.0397868156433105
0.69,0.81,0.43,0.67,0.94,0.89,0.17,0.62,0.16,18701,6.043828248977661
0.7,0.8,0.43,0.67,0.93,0.89,0.18,0.62,0.16,18764,6.047004461288452
0.7,0.81,0.43,0.66,0.94,0.89,0.17,0.62,0.16,19215,6.0479981899261475
0.69,0.8,0.43,0.66,0.94,0.89,0.18,0.62,0.17,18692,6.051995515823364
0.7,0.81,0.43,0.66,0.93,0.88,0.18,0.62,0.16,18691,6.056159734725952
0.7,0.8,0.43,0.67,0.93,0.89,0.18,0.62,0.16,18832,6.059620380401611
0.7,0.81,0.43,0.67,0.93,0.89,0.17,0.62,0.16,18275,6.060621976852417
0.69,0.81,0.43,0.67,0.94,0.88,0.17,0.62,0.17,18192,6.0637171268463135
0.7,0.81,0.43,0.67,0.94,0.89,0.18,0.62,0.16,18681,6.068707704544067
0.7,0.8,0.43,0.67,0.94,0.89,0.18,0.62,0.16,18858,6.072715759277344
0.7,0.8,0.43,0.67,0.94,0.88,0.18,0.62,0.16,18515,6.072715759277344
0.69,0.81,0.43,0.67,0.94,0.89,0.18,0.62,0.16,18652,6.076716661453247
0.7,0.81,0.43,0.67,0.94,0.89,0.18,0.62,0.17,18805,6.080848217010498
0.7,0.81,0.43,0.67,0.94,0.89,0.18,0.62,0.16,18726,6.084851026535034
0.7,0.81,0.43,0.67,0.94,0.89,0.18,0.61,0.16,18801,6.085851430892944
0.7,0.81,0.43,0.67,0.93,0.89,0.18,0.61,0.16,18922,6.08785080909729
0.7,0.8,0.43,0.67,0.93,0.89,0.18,0.62,0.16,19005,6.092850685119629
0.7,0.81,0.43,0.67,0.94,0.89,0.18,0.61,0.16,18916,6.096850633621216
0.7,0.81,0.43,0.67,0.93,0.89,0.18,0.61,0.16,19181,6.097851753234863
0.69,0.81,0.43,0.67,0.94,0.89,0.18,0.62,0.16,19220,6.100850343704224
0.7,0.81,0.43,0.66,0.94,0.89,0.17,0.61,0.17,18829,6.105128049850464
0.7,0.81,0.43,0.67,0.93,0.89,0.18,0.61,0.16,18610,6.108887195587158
0.69,0.81,0.43,0.67,0.93,0.89,0.18,0.61,0.16,18987,6.1098997592926025
0.7,0.81,0.43,0.67,0.94,0.88,0.18,0.61,0.16,19302,6.112893104553223
0.69,0.8,0.43,0.67,0.94,0.89,0.18,0.61,0.16,19131,6.116895437240601
0.69,0.81,0.43,0.67,0.94,0.89,0.18,0.61,0.16,18778,6.121420860290527
0.69,0.81,0.43,0.67,0.94,0.89,0.18,0.61,0.16,18671,6.125421047210693
0.7,0.8,0.43,0.67,0.94,0.89,0.18,0.61,0.16,18766,6.125421047210693
0.7,0.8,0.43,0.67,0.94,0.89,0.18,0.61,0.17,18703,6.1294214725494385
0.7,0.81,0.43,0.67,0.94,0.89,0.18,0.62,0.16,18316,6.133427381515503
0.7,0.81,0.43,0.67,0.94,0.89,0.18,0.62,0.16,18407,6.137521743774414
0.7,0.81,0.43,0.67,0.94,0.89,0.18,0.61,0.17,18530,6.1384992599487305
0.7,0.81,0.43,0.67,0.94,0.89,0.18,0.61,0.16,18879,6.141499280929565
0.7,0.81,0.43,0.67,0.94,0.89,0.17,0.61,0.16,19178,6.146498203277588
0.7,0.81,0.43,0.67,0.94,0.89,0.16,0.61,0.16,18807,6.1504998207092285
0.7,0.81,0.43,0.67,0.94,0.89,0.17,0.61,0.16,18540,6.1504998207092285
0.7,0.81,0.43,0.67,0.94,0.89,0.17,0.61,0.16,18841,6.154601335525513
0.68,0.81,0.43,0.67,0.95,0.88,0.17,0.61,0.17,18652,6.158345937728882
0.69,0.81,0.43,0.66,0.94,0.89,0.17,0.61,0.15,18647,6.162384510040283
0.7,0.81,0.43,0.66,0.94,0.89,0.17,0.61,0.16,18618,6.163384437561035
0.69,0.81,0.43,0.67,0.94,0.89,0.16,0.62,0.16,18841,6.166396856307983
0.69,0.8,0.43,0.67,0.94,0.89,0.18,0.62,0.17,18864,6.170403480529785
0.69,0.81,0.43,0.67,0.94,0.89,0.17,0.62,0.16,18585,6.174553632736206
0.69,0.8,0.42,0.67,0.94,0.89,0.18,0.62,0.16,18344,6.1755547523498535
0.69,0.8,0.43,0.68,0.95,0.89,0.17,0.62,0.15,18425,6.178553819656372
0.69,0.8,0.43,0.67,0.94,0.89,0.17,0.62,0.15,18480,6.18255352973938
0.7,0.8,0.43,0.67,0.94,0.89,0.17,0.62,0.16,18339,6.186557769775391
0.69,0.8,0.43,0.68,0.95,0.9,0.16,0.62,0.15,18340,6.187555551528931
0.69,0.8,0.43,0.67,0.94,0.89,0.17,0.62,0.16,18793,6.190247058868408
0.7,0.8,0.43,0.67,0.94,0.89,0.17,0.62,0.16,19222,6.194398403167725
0.7,0.8,0.43,0.67,0.94,0.89,0.17,0.62,0.16,19283,6.199675798416138
0.69,0.8,0.43,0.66,0.94,0.89,0.17,0.62,0.16,18758,6.202670574188232
0.69,0.8,0.43,0.68,0.95,0.89,0.17,0.62,0.16,18765,6.2036662101745605
0.69,0.8,0.43,0.67,0.94,0.89,0.17,0.62,0.16,18598,6.2076735496521
0.7,0.8,0.43,0.67,0.94,0.89,0.18,0.62,0.16,18455,6.2116734981536865
0.69,0.8,0.43,0.67,0.95,0.89,0.17,0.62,0.16,19050,6.215673446655273
0.7,0.8,0.43,0.67,0.94,0.89,0.16,0.62,0.16,19381,6.216673374176025
0.7,0.8,0.43,0.68,0.94,0.89,0.17,0.62,0.16,18898,6.219675302505493
0.69,0.8,0.43,0.67,0.94,0.89,0.17,0.62,0.16,18397,6.2243428230285645
0.7,0.8,0.43,0.66,0.94,0.89,0.16,0.62,0.15,18726,6.228343486785889
0.7,0.8,0.43,0.67,0.94,0.89,0.17,0.62,0.15,18849,6.228343486785889
0.7,0.8,0.43,0.68,0.94,0.89,0.16,0.62,0.15,18702,6.232347249984741
0.69,0.8,0.43,0.67,0.94,0.89,0.18,0.62,0.16,18735,6.236161708831787
0.69,0.8,0.43,0.67,0.94,0.89,0.18,0.62,0.16,19256,6.240148067474365
0.66,0.81,0.43,0.66,0.94,0.89,0.16,0.62,0.16,19179,6.240148067474365
0.66,0.8,0.43,0.65,0.94,0.89,0.15,0.62,0.15,18840,6.244149684906006
0.68,0.8,0.43,0.65,0.94,0.89,0.17,0.62,0.15,19251,6.248149156570435
0.67,0.8,0.43,0.64,0.94,0.89,0.17,0.62,0.15,19126,6.252156734466553
0.67,0.8,0.44,0.64,0.94,0.89,0.17,0.62,0.16,19003,6.253148317337036
0.68,0.8,0.43,0.65,0.94,0.89,0.17,0.62,0.16,18932,6.256251096725464
0.67,0.8,0.43,0.65,0.94,0.89,0.16,0.62,0.16,18617,6.260807037353516
0.67,0.8,0.43,0.65,0.94,0.89,0.17,0.62,0.16,18872,6.26492166519165
0.67,0.8,0.43,0.65,0.94,0.89,0.16,0.62,0.16,19011,6.268920421600342
0.68,0.8,0.43,0.65,0.94,0.89,0.17,0.62,0.16,18846,6.268920421600342
0.68,0.79,0.43,0.65,0.94,0.89,0.16,0.62,0.15,18691,6.272115707397461
0.68,0.79,0.43,0.64,0.94,0.89,0.17,0.62,0.16,18756,6.277247667312622
0.68,0.79,0.43,0.65,0.94,0.89,0.17,0.62,0.17,18971,6.281295299530029
0.68,0.8,0.43,0.65,0.94,0.89,0.17,0.62,0.16,18620,6.281295299530029
0.69,0.8,0.43,0.65,0.94,0.89,0.17,0.62,0.16,18653,6.285295009613037
0.69,0.8,0.44,0.65,0.94,0.89,0.16,0.62,0.16,18822,6.289295196533203
0.68,0.8,0.43,0.64,0.94,0.89,0.17,0.62,0.16,18899,6.2935569286346436
0.69,0.8,0.43,0.65,0.93,0.89,0.17,0.62,0.16,19018,6.294553518295288
0.69,0.8,0.43,0.65,0.94,0.89,0.16,0.62,0.16,19233,6.297617435455322
0.69,0.79,0.44,0.65,0.93,0.9,0.14,0.62,0.16,19248,6.301619529724121
0.69,0.8,0.43,0.64,0.94,0.89,0.16,0.62,0.16,19087,6.305789947509766
0.69,0.8,0.44,0.65,0.94,0.89,0.17,0.62,0.16,18392,6.306792497634888
0.69,0.8,0.43,0.64,0.93,0.89,0.17,0.62,0.16,18443,6.309788227081299
0.69,0.8,0.43,0.65,0.94,0.89,0.16,0.62,0.15,18788,6.31378698348999
0.69,0.8,0.43,0.66,0.94,0.89,0.17,0.62,0.16,18809,6.318779468536377
0.69,0.8,0.43,0.66,0.94,0.89,0.17,0.62,0.16,18744,6.318779468536377
0.68,0.8,0.43,0.65,0.94,0.89,0.17,0.62,0.16,18821,6.322450160980225
0.69,0.8,0.43,0.66,0.94,0.89,0.16,0.62,0.15,19428,6.32550573348999
0.69,0.8,0.43,0.66,0.94,0.89,0.17,0.62,0.16,19671,6.330831527709961
0.69,0.8,0.43,0.65,0.94,0.89,0.18,0.62,0.17,19040,6.330831527709961
0.69,0.79,0.43,0.65,0.94,0.89,0.17,0.62,0.17,18823,6.334831714630127
0.69,0.8,0.43,0.65,0.94,0.89,0.17,0.62,0.16,18576,6.337829351425171
0.69,0.8,0.43,0.66,0.94,0.89,0.17,0.62,0.16,18845,6.341962099075317
0.68,0.8,0.44,0.65,0.94,0.89,0.17,0.62,0.17,18914,6.345963001251221
0.69,0.8,0.43,0.65,0.94,0.89,0.17,0.61,0.16,18511,6.3470540046691895
0.69,0.8,0.43,0.66,0.94,0.89,0.17,0.62,0.17,18716,6.350099563598633
0.68,0.8,0.43,0.66,0.94,0.89,0.17,0.61,0.16,18999,6.3552000522613525
0.69,0.79,0.43,0.66,0.94,0.89,0.16,0.61,0.15,18714,6.3581953048706055
0.69,0.8,0.43,0.66,0.94,0.89,0.17,0.62,0.16,18673,6.359196662902832
0.7,0.8,0.43,0.66,0.94,0.89,0.17,0.62,0.17,19112,6.363193988800049
0.69,0.8,0.42,0.65,0.94,0.89,0.16,0.62,0.15,18789,6.367194652557373
0.69,0.8,0.43,0.66,0.94,0.9,0.17,0.62,0.16,19026,6.371297597885132
0.69,0.8,0.43,0.65,0.94,0.89,0.18,0.62,0.16,19059,6.371297597885132
0.69,0.81,0.43,0.66,0.94,0.89,0.17,0.62,0.17,18892,6.375340938568115
0.69,0.8,0.43,0.66,0.94,0.89,0.17,0.62,0.16,18613,6.378976345062256
0.69,0.79,0.43,0.65,0.94,0.89,0.17,0.62,0.16,18682,6.383001804351807
0.69,0.8,0.43,0.66,0.94,0.89,0.17,0.62,0.17,18793,6.384001731872559
0.69,0.8,0.43,0.66,0.94,0.89,0.18,0.62,0.16,18972,6.387002229690552
0.69,0.8,0.43,0.65,0.94,0.89,0.18,0.62,0.16,18987,6.392143726348877
0.69,0.79,0.43,0.65,0.94,0.89,0.18,0.62,0.17,19150,6.396152019500732
0.69,0.79,0.43,0.65,0.94,0.89,0.17,0.62,0.16,19351,6.396152019500732
0.69,0.8,0.43,0.65,0.94,0.89,0.18,0.62,0.16,19022,6.400150775909424
0.69,0.8,0.43,0.66,0.94,0.89,0.18,0.61,0.16,18739,6.404147624969482
0.69,0.79,0.43,0.66,0.95,0.89,0.17,0.62,0.16,18722,6.408883333206177
0.69,0.8,0.43,0.66,0.94,0.89,0.17,0.62,0.16,19207,6.411875247955322
0.69,0.79,0.43,0.66,0.94,0.89,0.17,0.61,0.16,19076,6.412882566452026
0.69,0.8,0.43,0.66,0.94,0.89,0.17,0.62,0.16,18999,6.415880918502808
0.68,0.8,0.43,0.66,0.94,0.89,0.17,0.62,0.16,18820,6.420394420623779
0.69,0.79,0.43,0.66,0.94,0.89,0.17,0.62,0.16,18735,6.424431324005127
0.69,0.8,0.43,0.66,0.94,0.89,0.17,0.62,0.16,18840,6.424431324005127
0.69,0.8,0.43,0.66,0.94,0.89,0.17,0.62,0.16,18645,6.42867374420166
0.69,0.8,0.43,0.66,0.94,0.89,0.17,0.62,0.16,18682,6.432697057723999
0.69,0.8,0.43,0.66,0.94,0.89,0.18,0.62,0.16,18807,6.436671257019043
0.7,0.79,0.43,0.66,0.95,0.89,0.17,0.62,0.16,18982,6.436671257019043
0.69,0.79,0.43,0.66,0.94,0.89,0.18,0.62,0.16,18933,6.441385269165039
0.69,0.8,0.43,0.66,0.94,0.89,0.18,0.62,0.16,18894,6.444382190704346
0.69,0.8,0.43,0.66,0.95,0.89,0.17,0.62,0.16,19197,6.449383974075317
0.7,0.79,0.43,0.66,0.94,0.89,0.17,0.62,0.16,18904,6.449383974075317
0.69,0.79,0.42,0.66,0.94,0.88,0.18,0.62,0.16,19119,6.453382968902588
0.69,0.79,0.43,0.66,0.94,0.89,0.19,0.62,0.16,18958,6.457537651062012
0.69,0.8,0.42,0.66,0.94,0.89,0.18,0.62,0.16,18553,6.4614012241363525
0.7,0.8,0.43,0.66,0.94,0.89,0.17,0.62,0.16,18632,6.4614012241363525
0.69,0.79,0.42,0.65,0.94,0.89,0.17,0.62,0.16,19241,6.465407848358154
0.69,0.79,0.42,0.66,0.95,0.89,0.18,0.62,0.16,18762,6.469401836395264
0.7,0.79,0.42,0.66,0.94,0.88,0.17,0.62,0.16,18301,6.473718643188477
0.69,0.79,0.42,0.66,0.94,0.89,0.17,0.62,0.16,18948,6.477774620056152
0.69,0.79,0.42,0.66,0.94,0.89,0.16,0.62,0.16,19397,6.4778666496276855
0.69,0.79,0.42,0.66,0.94,0.89,0.17,0.62,0.16,19362,6.481904745101929
0.69,0.79,0.42,0.66,0.94,0.89,0.17,0.62,0.16,19153,6.486311674118042
0.69,0.79,0.42,0.66,0.94,0.89,0.17,0.62,0.16,18848,6.489315509796143
0.7,0.79,0.42,0.66,0.94,0.89,0.18,0.62,0.16,18707,6.490308046340942
0.69,0.79,0.42,0.66,0.94,0.89,0.17,0.62,0.16,19158,6.494443893432617
0.69,0.8,0.42,0.66,0.94,0.89,0.17,0.62,0.16,19135,6.498438835144043
0.7,0.8,0.42,0.66,0.94,0.89,0.17,0.62,0.16,19138,6.502442359924316
0.7,0.8,0.43,0.66,0.94,0.89,0.17,0.62,0.16,18979,6.502442359924316
0.69,0.8,0.43,0.66,0.94,0.89,0.17,0.62,0.16,18576,6.506451606750488
0.7,0.8,0.43,0.66,0.94,0.89,0.17,0.62,0.16,18565,6.510450601577759
0.7,0.8,0.43,0.66,0.94,0.89,0.18,0.62,0.16,18918,6.514567136764526
0.7,0.8,0.42,0.66,0.94,0.89,0.18,0.62,0.16,18297,6.514567136764526
0.7,0.8,0.43,0.66,0.94,0.89,0.18,0.62,0.16,17878,6.518584728240967
0.7,0.8,0.43,0.66,0.94,0.89,0.17,0.62,0.16,18599,6.523195505142212
0.7,0.8,0.43,0.66,0.94,0.89,0.17,0.61,0.16,19146,6.527193546295166
0.7,0.8,0.43,0.66,0.94,0.89,0.17,0.62,0.16,19163,6.527193546295166
0.7,0.8,0.43,0.66,0.94,0.89,0.16,0.62,0.16,19156,6.531266212463379
0.7,0.8,0.43,0.66,0.94,0.89,0.17,0.62,0.16,19249,6.535351753234863
0.7,0.8,0.43,0.66,0.94,0.89,0.17,0.62,0.16,19430,6.539348602294922
0.7,0.8,0.43,0.67,0.94,0.89,0.17,0.62,0.16,19193,6.539348602294922
0.7,0.8,0.42,0.66,0.94,0.89,0.18,0.62,0.16,18738,6.543348789215088
0.7,0.8,0.43,0.66,0.94,0.89,0.17,0.61,0.16,18547,6.547563552856445
0.7,0.8,0.43,0.67,0.94,0.89,0.16,0.62,0.16,18330,6.551701307296753
0.7,0.8,0.43,0.66,0.94,0.89,0.17,0.61,0.16,18409,6.554845094680786
0.7,0.8,0.43,0.67,0.94,0.88,0.17,0.62,0.16,18588,6.555846691131592
0.7,0.8,0.42,0.66,0.94,0.89,0.18,0.62,0.16,18995,6.559849262237549
0.7,0.81,0.43,0.66,0.94,0.88,0.18,0.62,0.16,19272,6.563845157623291
0.7,0.8,0.43,0.66,0.94,0.89,0.16,0.62,0.16,18667,6.567632436752319
0.7,0.8,0.43,0.66,0.94,0.89,0.17,0.62,0.16,18870,6.567632436752319
0.7,0.8,0.42,0.66,0.94,0.89,0.17,0.62,0.16,18965,6.571835041046143
0.7,0.8,0.43,0.66,0.94,0.89,0.16,0.62,0.16,19068,6.5759711265563965
0.7,0.81,0.43,0.66,0.94,0.89,0.16,0.62,0.16,19185,6.579847812652588
0.7,0.8,0.43,0.66,0.93,0.89,0.17,0.62,0.16,18998,6.580846548080444
0.7,0.8,0.43,0.66,0.94,0.89,0.18,0.62,0.16,18969,6.583978891372681
0.7,0.8,0.42,0.66,0.93,0.89,0.17,0.62,0.15,18972,6.587978839874268
0.7,0.8,0.43,0.66,0.93,0.89,0.17,0.62,0.17,18767,6.5919787883758545
0.7,0.81,0.43,0.66,0.93,0.89,0.17,0.62,0.16,18704,6.592976331710815
0.7,0.81,0.43,0.66,0.94,0.89,0.17,0.62,0.16,18777,6.595976829528809
0.7,0.8,0.43,0.66,0.94,0.89,0.18,0.62,0.16,18962,6.600978136062622
0.7,0.81,0.43,0.66,0.94,0.89,0.16,0.62,0.16,19143,6.604979753494263
0.7,0.81,0.43,0.66,0.94,0.89,0.18,0.62,0.16,19116,6.604979753494263
0.7,0.8,0.43,0.66,0.93,0.89,0.17,0.62,0.16,18981,6.6089911460876465
0.7,0.8,0.43,0.66,0.93,0.89,0.17,0.62,0.16,18998,6.61300253868103
0.7,0.8,0.43,0.66,0.94,0.89,0.16,0.62,0.16,18933,6.617000579833984
0.7,0.8,0.43,0.66,0.93,0.89,0.17,0.62,0.16,18654,6.620571851730347
0.7,0.8,0.43,0.66,0.94,0.89,0.16,0.62,0.16,18713,6.621634006500244
0.7,0.8,0.43,0.66,0.94,0.89,0.18,0.62,0.16,18824,6.625744819641113
0.7,0.8,0.43,0.66,0.94,0.89,0.15,0.61,0.15,18747,6.628820180892944
0.7,0.8,0.43,0.66,0.94,0.89,0.16,0.62,0.15,18540,6.6331822872161865
0.7,0.8,0.43,0.65,0.94,0.89,0.17,0.62,0.16,18073,6.6331822872161865
0.7,0.8,0.43,0.66,0.94,0.89,0.17,0.61,0.16,18454,6.637181997299194
0.7,0.81,0.43,0.66,0.94,0.89,0.16,0.62,0.16,18845,6.640919208526611
0.7,0.8,0.43,0.66,0.94,0.89,0.18,0.62,0.16,19204,6.644943714141846
0.7,0.8,0.43,0.67,0.94,0.89,0.15,0.62,0.17,18725,6.6459431648254395
0.7,0.8,0.43,0.65,0.94,0.89,0.16,0.62,0.16,18470,6.649137735366821
0.7,0.8,0.43,0.65,0.94,0.89,0.16,0.62,0.16,18507,6.6532301902771
0.7,0.81,0.43,0.66,0.94,0.89,0.17,0.62,0.16,18632,6.65729022026062
0.7,0.8,0.43,0.66,0.94,0.89,0.17,0.62,0.16,18559,6.6582701206207275
0.7,0.81,0.43,0.66,0.94,0.89,0.16,0.62,0.16,18620,6.662278175354004
0.69,0.81,0.43,0.66,0.94,0.89,0.16,0.62,0.16,18323,6.666269063949585
0.7,0.8,0.43,0.66,0.94,0.89,0.17,0.62,0.16,18406,6.6702659130096436
0.7,0.81,0.43,0.66,0.94,0.89,0.16,0.62,0.16,18999,6.6702659130096436
0.7,0.81,0.43,0.66,0.94,0.89,0.15,0.62,0.15,19020,6.674220085144043
0.7,0.8,0.43,0.66,0.94,0.89,0.16,0.62,0.16,18521,6.678277492523193
0.7,0.8,0.43,0.66,0.94,0.89,0.16,0.62,0.16,18650,6.682582378387451
0.7,0.81,0.43,0.65,0.94,0.89,0.16,0.62,0.16,18953,6.682582378387451
0.7,0.8,0.43,0.66,0.94,0.89,0.15,0.62,0.16,18740,6.6865808963775635
0.7,0.81,0.43,0.66,0.94,0.89,0.17,0.62,0.16,18811,6.690582752227783
0.7,0.81,0.43,0.66,0.94,0.89,0.17,0.61,0.16,18696,6.694582939147949
0.7,0.8,0.43,0.66,0.94,0.89,0.17,0.62,0.15,18663,6.69858455657959
0.7,0.8,0.43,0.66,0.94,0.89,0.16,0.62,0.16,18792,6.699672222137451
0.7,0.8,0.43,0.66,0.94,0.89,0.17,0.62,0.16,18549,6.702709197998047
0.7,0.81,0.43,0.65,0.94,0.89,0.16,0.62,0.16,18764,6.707295179367065
0.71,0.81,0.43,0.66,0.94,0.89,0.17,0.62,0.16,18701,6.7108314037323
0.7,0.81,0.43,0.66,0.94,0.89,0.16,0.62,0.16,18932,6.711851119995117
0.7,0.81,0.43,0.66,0.94,0.89,0.17,0.62,0.16,19153,6.715847015380859
0.7,0.81,0.43,0.65,0.94,0.89,0.18,0.62,0.16,19154,6.718849182128906
0.7,0.81,0.43,0.66,0.94,0.89,0.17,0.62,0.16,18593,6.723370313644409
0.7,0.81,0.43,0.66,0.94,0.89,0.17,0.62,0.16,18200,6.723370313644409
0.7,0.8,0.43,0.66,0.94,0.89,0.18,0.62,0.16,18463,6.72749137878418
0.7,0.8,0.43,0.65,0.94,0.89,0.17,0.62,0.16,18454,6.731554269790649
0.7,0.8,0.43,0.65,0.94,0.89,0.17,0.62,0.16,18889,6.735576629638672
0.71,0.8,0.43,0.65,0.94,0.89,0.17,0.62,0.16,18662,6.735576629638672
0.7,0.8,0.43,0.66,0.93,0.89,0.16,0.62,0.16,18679,6.739580154418945
0.7,0.8,0.43,0.66,0.94,0.89,0.16,0.62,0.16,19016,6.743699789047241
0.7,0.8,0.43,0.65,0.94,0.89,0.17,0.62,0.16,18647,6.747701406478882
0.7,0.8,0.43,0.66,0.94,0.89,0.15,0.62,0.16,18774,6.748698711395264
0.7,0.8,0.43,0.66,0.94,0.89,0.15,0.62,0.16,19179,6.751712799072266
0.7,0.8,0.43,0.66,0.94,0.89,0.15,0.62,0.16,19248,6.756753921508789
0.7,0.8,0.43,0.66,0.94,0.89,0.16,0.62,0.16,19165,6.760773181915283
0.71,0.8,0.43,0.66,0.94,0.89,0.15,0.61,0.16,18948,6.763771295547485
0.71,0.8,0.43,0.66,0.94,0.89,0.16,0.62,0.16,18933,6.764775991439819
0.7,0.8,0.43,0.65,0.95,0.89,0.15,0.62,0.16,18876,6.768773555755615
0.71,0.8,0.43,0.65,0.94,0.89,0.16,0.62,0.16,18763,6.772747993469238
0.71,0.8,0.43,0.66,0.94,0.89,0.16,0.61,0.16,19262,6.776800632476807
0.71,0.8,0.43,0.66,0.94,0.89,0.16,0.62,0.16,19127,6.776800632476807
0.71,0.81,0.43,0.66,0.95,0.89,0.16,0.62,0.16,19118,6.7807958126068115
0.71,0.8,0.43,0.67,0.95,0.89,0.16,0.62,0.16,18877,6.784808158874512
0.71,0.81,0.43,0.66,0.95,0.89,0.15,0.62,0.16,18980,6.788821697235107
0.71,0.8,0.43,0.66,0.95,0.89,0.15,0.62,0.16,18951,6.7899110317230225
0.71,0.8,0.43,0.66,0.94,0.89,0.16,0.61,0.16,18698,6.792974233627319
0.7,0.8,0.43,0.66,0.94,0.89,0.17,0.62,0.16,18837,6.797950983047485
0.7,0.8,0.43,0.66,0.95,0.89,0.18,0.62,0.16,18694,6.80101752281189
0.7,0.8,0.43,0.65,0.94,0.89,0.17,0.62,0.16,18875,6.8019630908966064
0.71,0.81,0.43,0.66,0.94,0.89,0.17,0.62,0.16,19248,6.804962158203125
0.71,0.81,0.43,0.66,0.94,0.89,0.16,0.62,0.16,19031,6.808979272842407
0.7,0.81,0.43,0.66,0.95,0.9,0.17,0.62,0.16,19208,6.813982248306274
0.71,0.81,0.43,0.65,0.95,0.89,0.18,0.62,0.16,18777,6.813982248306274
0.71,0.8,0.43,0.66,0.95,0.89,0.18,0.62,0.16,18472,6.817976474761963
0.71,0.81,0.43,0.65,0.95,0.89,0.17,0.62,0.16,18789,6.821522235870361
0.71,0.81,0.43,0.66,0.94,0.89,0.17,0.62,0.16,18892,6.825641393661499
0.71,0.8,0.43,0.65,0.95,0.89,0.17,0.62,0.16,18787,6.82979416847229
0.71,0.81,0.43,0.65,0.94,0.89,0.17,0.62,0.16,18774,6.82979416847229
0.71,0.81,0.43,0.65,0.95,0.89,0.17,0.62,0.16,18839,6.833808422088623
0.71,0.8,0.43,0.65,0.94,0.89,0.17,0.62,0.16,18880,6.837810039520264
0.71,0.8,0.43,0.65,0.94,0.89,0.17,0.61,0.16,18613,6.841808795928955
0.71,0.81,0.43,0.65,0.95,0.89,0.17,0.62,0.16,18578,6.842808246612549
0.71,0.81,0.43,0.65,0.95,0.89,0.16,0.62,0.16,18773,6.845996379852295
0.71,0.81,0.43,0.66,0.95,0.89,0.17,0.62,0.16,18982,6.850977420806885
0.71,0.8,0.43,0.65,0.95,0.89,0.16,0.62,0.16,18835,6.854074716567993
0.71,0.81,0.43,0.66,0.95,0.89,0.17,0.62,0.16,18918,6.855075836181641
0.71,0.8,0.43,0.66,0.95,0.89,0.17,0.62,0.16,18955,6.858855962753296
0.71,0.8,0.43,0.66,0.95,0.89,0.17,0.62,0.16,19088,6.862860918045044
0.71,0.81,0.43,0.65,0.95,0.89,0.17,0.62,0.16,19311,6.866857528686523
0.71,0.8,0.43,0.65,0.95,0.89,0.17,0.62,0.16,19524,6.866857528686523
0.71,0.8,0.43,0.65,0.95,0.89,0.17,0.62,0.16,19225,6.8708579540252686
0.7,0.81,0.43,0.65,0.95,0.9,0.18,0.61,0.16,19140,6.874857425689697
0.71,0.81,0.43,0.65,0.95,0.89,0.18,0.62,0.16,19013,6.879035472869873
0.7,0.8,0.43,0.65,0.95,0.89,0.17,0.62,0.16,19064,6.880060911178589
0.7,0.81,0.43,0.65,0.95,0.89,0.17,0.62,0.16,18707,6.88313889503479
0.71,0.8,0.43,0.64,0.95,0.89,0.18,0.62,0.16,18518,6.887056827545166
0.71,0.81,0.43,0.65,0.95,0.89,0.18,0.62,0.16,18685,6.891058921813965
0.71,0.8,0.43,0.65,0.95,0.89,0.17,0.62,0.16,18712,6.892058849334717
0.71,0.81,0.43,0.65,0.95,0.89,0.18,0.62,0.16,18695,6.895058870315552
0.71,0.81,0.42,0.65,0.95,0.9,0.17,0.62,0.16,18760,6.8990607261657715
0.7,0.81,0.42,0.65,0.94,0.89,0.18,0.62,0.16,18667,6.903127670288086
0.7,0.81,0.43,0.65,0.95,0.89,0.18,0.62,0.16,18606,6.907320022583008
0.71,0.81,0.43,0.65,0.95,0.89,0.18,0.62,0.16,19081,6.908324480056763
0.71,0.81,0.43,0.65,0.94,0.9,0.18,0.62,0.16,19082,6.91147518157959
0.71,0.81,0.43,0.65,0.95,0.89,0.18,0.62,0.16,19101,6.916526794433594
0.71,0.81,0.43,0.65,0.94,0.89,0.18,0.62,0.16,19218,6.9195170402526855
0.7,0.81,0.43,0.65,0.94,0.89,0.17,0.62,0.16,18857,6.920529365539551
0.71,0.81,0.43,0.65,0.95,0.89,0.18,0.62,0.16,18664,6.924313306808472
0.7,0.81,0.43,0.65,0.95,0.89,0.17,0.62,0.16,18823,6.928379535675049
0.71,0.8,0.43,0.65,0.95,0.89,0.17,0.62,0.16,18606,6.932488679885864
0.71,0.8,0.43,0.66,0.95,0.89,0.17,0.62,0.16,18613,6.932488679885864
0.7,0.8,0.43,0.65,0.94,0.89,0.17,0.62,0.16,18686,6.93648624420166
0.7,0.81,0.43,0.66,0.95,0.89,0.17,0.62,0.16,19099,6.940488576889038
0.7,0.8,0.43,0.65,0.95,0.89,0.18,0.62,0.16,19038,6.944488048553467
0.7,0.8,0.43,0.65,0.95,0.89,0.18,0.62,0.16,18969,6.945495128631592
0.71,0.81,0.42,0.65,0.95,0.89,0.18,0.62,0.16,18632,6.948487997055054
0.71,0.81,0.43,0.65,0.95,0.89,0.18,0.62,0.16,18207,6.953486442565918
0.71,0.81,0.43,0.65,0.96,0.89,0.18,0.62,0.16,18428,6.9564855098724365
0.71,0.81,0.43,0.65,0.95,0.89,0.18,0.62,0.16,18361,6.957541465759277
0.71,0.8,0.43,0.65,0.95,0.89,0.18,0.62,0.16,18806,6.961580514907837
0.71,0.8,0.43,0.65,0.95,0.89,0.18,0.62,0.16,19153,6.965839385986328
0.7,0.81,0.43,0.66,0.95,0.89,0.18,0.62,0.16,18628,6.968841314315796
0.71,0.8,0.43,0.66,0.95,0.89,0.18,0.62,0.16,18503,6.972837924957275
0.7,0.8,0.43,0.66,0.95,0.89,0.18,0.62,0.16,18690,6.972837924957275
0.71,0.8,0.43,0.65,0.95,0.89,0.18,0.62,0.16,18635,6.9779510498046875
0.7,0.8,0.43,0.66,0.95,0.89,0.18,0.62,0.16,18784,6.981954097747803
0.7,0.8,0.43,0.65,0.94,0.89,0.18,0.62,0.16,18377,6.9849536418914795
0.71,0.81,0.43,0.65,0.94,0.89,0.18,0.62,0.16,18282,6.985950708389282
0.71,0.81,0.43,0.65,0.95,0.89,0.17,0.62,0.16,18371,6.9899513721466064
0.7,0.8,0.43,0.65,0.95,0.89,0.17,0.62,0.16,18750,6.994297981262207
0.71,0.81,0.43,0.65,0.95,0.89,0.18,0.62,0.16,18839,6.997300863265991
0.71,0.81,0.42,0.65,0.94,0.89,0.17,0.62,0.16,18290,6.9982993602752686
0.71,0.81,0.43,0.65,0.95,0.89,0.18,0.62,0.16,19089,7.001297950744629
0.7,0.8,0.43,0.65,0.95,0.89,0.18,0.62,0.16,19496,7.0064404010772705
0.7,0.8,0.43,0.65,0.95,0.89,0.17,0.62,0.16,19557,7.010440349578857
0.7,0.8,0.43,0.65,0.95,0.89,0.18,0.62,0.16,19064,7.010440349578857
0.71,0.8,0.43,0.65,0.95,0.89,0.18,0.62,0.16,18749,7.014440298080444
0.7,0.8,0.43,0.65,0.95,0.89,0.17,0.62,0.16,18876,7.018550872802734
0.71,0.8,0.43,0.65,0.95,0.89,0.17,0.62,0.16,18903,7.022614240646362
0.71,0.8,0.43,0.66,0.96,0.89,0.17,0.62,0.16,18660,7.022614240646362
0.71,0.8,0.43,0.66,0.95,0.89,0.17,0.62,0.16,18717,7.026729345321655
0.7,0.8,0.43,0.66,0.96,0.89,0.17,0.62,0.16,18724,7.030740261077881
0.7,0.8,0.43,0.66,0.95,0.89,0.17,0.62,0.16,18871,7.034729719161987
0.7,0.81,0.43,0.66,0.95,0.89,0.17,0.62,0.16,18920,7.035742282867432
0.7,0.8,0.43,0.66,0.95,0.89,0.18,0.62,0.16,19073,7.038734436035156
0.7,0.8,0.42,0.66,0.95,0.89,0.16,0.62,0.16,18818,7.042847394943237
0.7,0.8,0.43,0.66,0.96,0.89,0.17,0.62,0.16,18867,7.046895265579224
0.7,0.81,0.43,0.66,0.95,0.89,0.17,0.62,0.16,18940,7.046895265579224
0.7,0.81,0.43,0.66,0.95,0.9,0.17,0.62,0.16,19315,7.050878524780273
0.7,0.81,0.43,0.65,0.95,0.89,0.17,0.62,0.16,19196,7.055876731872559
0.7,0.8,0.43,0.66,0.95,0.89,0.18,0.62,0.16,18883,7.059877157211304
0.7,0.8,0.43,0.66,0.95,0.89,0.17,0.62,0.16,18646,7.062878847122192
0.7,0.81,0.43,0.65,0.95,0.89,0.18,0.62,0.16,19219,7.0638813972473145
0.7,0.8,0.43,0.66,0.95,0.89,0.17,0.62,0.16,18838,7.066964864730835
0.7,0.81,0.43,0.66,0.95,0.89,0.17,0.62,0.16,18759,7.0719969272613525
0.7,0.81,0.43,0.67,0.95,0.89,0.17,0.62,0.16,18826,7.075995683670044
0.7,0.8,0.43,0.66,0.95,0.89,0.18,0.62,0.16,18907,7.075995683670044
0.7,0.8,0.43,0.66,0.95,0.89,0.18,0.62,0.16,18456,7.079131364822388
0.7,0.81,0.43,0.67,0.95,0.89,0.18,0.62,0.16,18345,7.084131717681885
0.7,0.81,0.43,0.67,0.95,0.89,0.17,0.62,0.16,18506,7.088133096694946
0.71,0.81,0.43,0.66,0.96,0.89,0.18,0.62,0.16,18833,7.088133096694946
0.7,0.8,0.43,0.67,0.95,0.89,0.17,0.62,0.16,19102,7.092130184173584
0.7,0.8,0.43,0.66,0.95,0.89,0.18,0.62,0.15,19025,7.0963921546936035
0.7,0.81,0.42,0.66,0.96,0.89,0.17,0.62,0.16,18980,7.100489616394043
0.7,0.81,0.43,0.66,0.96,0.89,0.17,0.62,0.16,19391,7.100489616394043
0.7,0.81,0.43,0.66,0.95,0.89,0.17,0.62,0.16,19722,7.104968786239624
0.71,0.8,0.43,0.67,0.95,0.89,0.17,0.62,0.16,19287,7.109002351760864
0.7,0.81,0.43,0.66,0.95,0.89,0.18,0.62,0.16,18738,7.113003492355347
0.7,0.8,0.43,0.66,0.95,0.89,0.18,0.62,0.16,18745,7.113003492355347
0.7,0.8,0.43,0.66,0.95,0.89,0.18,0.62,0.16,18302,7.117004632949829
0.7,0.8,0.43,0.66,0.95,0.89,0.16,0.62,0.16,18471,7.120537519454956
0.7,0.81,0.43,0.66,0.95,0.89,0.17,0.62,0.16,18714,7.124666929244995
0.7,0.81,0.43,0.67,0.95,0.89,0.17,0.62,0.16,18929,7.125673294067383
0.7,0.8,0.43,0.67,0.95,0.89,0.16,0.62,0.16,18826,7.128663778305054
0.7,0.81,0.43,0.67,0.95,0.89,0.18,0.62,0.16,19035,7.1323816776275635
0.7,0.81,0.43,0.66,0.95,0.89,0.17,0.62,0.16,18636,7.13739538192749
0.7,0.81,0.43,0.66,0.95,0.89,0.18,0.62,0.16,18559,7.141397714614868
0.7,0.81,0.43,0.66,0.95,0.89,0.18,0.62,0.16,18954,7.141397714614868
0.7,0.81,0.43,0.66,0.95,0.89,0.18,0.62,0.16,19329,7.145398139953613
0.7,0.81,0.43,0.66,0.95,0.88,0.17,0.62,0.16,18994,7.149402856826782
0.7,0.81,0.43,0.66,0.95,0.89,0.18,0.62,0.16,18965,7.153399467468262
0.7,0.81,0.43,0.66,0.95,0.89,0.18,0.62,0.16,19008,7.153399467468262
0.7,0.81,0.43,0.66,0.95,0.89,0.17,0.61,0.16,18541,7.157396078109741
0.7,0.81,0.43,0.66,0.94,0.89,0.16,0.62,0.16,18318,7.162402629852295
0.7,0.81,0.43,0.66,0.95,0.89,0.17,0.62,0.16,18937,7.165696382522583
0.7,0.81,0.43,0.67,0.95,0.89,0.17,0.62,0.16,18970,7.166726589202881
0.7,0.81,0.43,0.66,0.95,0.89,0.17,0.62,0.16,19011,7.169792413711548
0.7,0.81,0.43,0.66,0.95,0.89,0.18,0.62,0.16,19034,7.173855304718018
0.7,0.81,0.43,0.66,0.95,0.89,0.17,0.62,0.16,18695,7.177995920181274
0.7,0.8,0.43,0.66,0.95,0.89,0.17,0.62,0.16,18708,7.178995847702026
0.7,0.81,0.43,0.66,0.94,0.89,0.18,0.62,0.16,18471,7.182023525238037
0.7,0.81,0.43,0.67,0.95,0.89,0.18,0.62,0.16,18670,7.186120510101318
0.7,0.81,0.42,0.66,0.94,0.89,0.18,0.62,0.16,19019,7.19019889831543
0.69,0.81,0.43,0.66,0.95,0.89,0.17,0.62,0.16,18698,7.1912314891815186
0.7,0.81,0.43,0.67,0.95,0.89,0.17,0.62,0.16,18379,7.194227933883667
0.7,0.81,0.43,0.66,0.95,0.89,0.17,0.62,0.16,18608,7.198229074478149
0.7,0.82,0.43,0.66,0.95,0.89,0.17,0.61,0.16,18851,7.203340291976929
0.7,0.81,0.43,0.66,0.94,0.88,0.17,0.61,0.16,18764,7.203340291976929
0.7,0.82,0.43,0.66,0.95,0.89,0.17,0.61,0.16,18587,7.207348108291626
0.7,0.81,0.43,0.66,0.95,0.88,0.18,0.61,0.16,18580,7.211348533630371
0.7,0.81,0.43,0.66,0.95,0.89,0.17,0.62,0.16,18643,7.215347766876221
0.7,0.81,0.43,0.66,0.95,0.89,0.18,0.61,0.16,18502,7.21834921836853
0.7,0.81,0.43,0.67,0.95,0.88,0.17,0.62,0.16,18947,7.219351530075073
0.7,0.81,0.43,0.66,0.95,0.88,0.18,0.62,0.16,18770,7.222867488861084
0.7,0.81,0.43,0.66,0.95,0.88,0.18,0.62,0.16,18819,7.227867603302002
0.7,0.81,0.43,0.66,0.95,0.88,0.18,0.62,0.16,18878,7.230867862701416
0.7,0.81,0.43,0.67,0.95,0.89,0.18,0.62,0.16,18963,7.231863975524902
0.7,0.81,0.43,0.66,0.95,0.89,0.18,0.62,0.16,19316,7.235040903091431
0.7,0.81,0.43,0.66,0.95,0.88,0.18,0.62,0.16,18859,7.2390265464782715
0.7,0.81,0.43,0.66,0.95,0.88,0.17,0.62,0.15,18414,7.244030952453613
0.7,0.81,0.43,0.66,0.95,0.89,0.18,0.62,0.16,18541,7.244030952453613
0.7,0.81,0.43,0.66,0.95,0.89,0.18,0.62,0.16,18776,7.248026609420776
0.69,0.81,0.43,0.66,0.95,0.88,0.18,0.62,0.16,19017,7.2512006759643555
0.7,0.81,0.43,0.66,0.95,0.89,0.18,0.62,0.16,19064,7.25619101524353
0.7,0.81,0.43,0.66,0.95,0.89,0.18,0.62,0.16,19187,7.25619101524353
0.69,0.81,0.43,0.66,0.95,0.89,0.18,0.62,0.16,18850,7.260199785232544
0.7,0.81,0.43,0.67,0.95,0.88,0.18,0.62,0.16,19027,7.263604164123535
0.7,0.81,0.43,0.66,0.95,0.88,0.18,0.62,0.16,18750,7.268747091293335
0.7,0.81,0.43,0.66,0.96,0.89,0.18,0.62,0.16,18741,7.268747091293335
0.7,0.81,0.43,0.66,0.95,0.88,0.18,0.62,0.16,19144,7.272756099700928
0.7,0.81,0.43,0.66,0.95,0.88,0.18,0.62,0.16,19513,7.276753187179565
0.7,0.81,0.43,0.66,0.95,0.88,0.18,0.62,0.16,19170,7.280752897262573
0.7,0.81,0.43,0.66,0.95,0.89,0.17,0.62,0.16,18753,7.280752897262573
0.7,0.81,0.43,0.66,0.95,0.89,0.17,0.62,0.16,18590,7.28487229347229
0.7,0.81,0.43,0.66,0.95,0.88,0.18,0.62,0.16,18687,7.2889275550842285
0.7,0.81,0.43,0.66,0.95,0.89,0.18,0.62,0.16,18912,7.292922735214233
0.7,0.81,0.43,0.66,0.95,0.88,0.17,0.62,0.16,18989,7.296076536178589
0.69,0.81,0.43,0.66,0.95,0.88,0.18,0.62,0.16,19004,7.297084093093872
0.7,0.81,0.43,0.67,0.95,0.88,0.18,0.62,0.16,18797,7.3012449741363525
0.7,0.81,0.43,0.67,0.96,0.89,0.17,0.62,0.16,18814,7.30525016784668
0.7,0.8,0.43,0.66,0.95,0.88,0.18,0.61,0.16,18927,7.3092591762542725
0.7,0.81,0.43,0.66,0.95,0.89,0.17,0.61,0.16,18650,7.310263395309448
0.7,0.81,0.43,0.66,0.95,0.89,0.16,0.62,0.16,18423,7.313385725021362
0.7,0.81,0.43,0.66,0.95,0.89,0.17,0.62,0.16,18924,7.317582130432129
0.7,0.81,0.43,0.66,0.95,0.89,0.18,0.61,0.16,19139,7.321077585220337
0.7,0.81,0.43,0.66,0.95,0.88,0.16,0.62,0.16,18766,7.3220884799957275
0.7,0.82,0.43,0.66,0.94,0.89,0.16,0.62,0.16,18849,7.325088739395142
0.7,0.81,0.43,0.66,0.95,0.89,0.18,0.61,0.16,18814,7.330085754394531
0.7,0.82,0.43,0.66,0.95,0.89,0.17,0.61,0.16,18801,7.334087133407593
0.7,0.82,0.43,0.66,0.95,0.89,0.17,0.61,0.16,18672,7.334087133407593
0.7,0.82,0.43,0.66,0.95,0.89,0.18,0.61,0.16,18839,7.338253974914551
0.7,0.81,0.44,0.66,0.95,0.89,0.17,0.61,0.16,19050,7.342278718948364
0.7,0.81,0.44,0.66,0.95,0.89,0.17,0.61,0.16,19141,7.34628701210022
0.7,0.81,0.43,0.66,0.95,0.89,0.18,0.61,0.16,18796,7.34628701210022
0.7,0.81,0.43,0.67,0.95,0.89,0.18,0.61,0.16,19127,7.350290775299072
0.7,0.81,0.43,0.67,0.95,0.89,0.18,0.61,0.16,18892,7.354422330856323
0.7,0.81,0.43,0.66,0.95,0.89,0.18,0.61,0.16,18451,7.358424425125122
0.7,0.81,0.43,0.66,0.95,0.89,0.18,0.61,0.16,19058,7.362424373626709
0.7,0.81,0.43,0.67,0.95,0.89,0.17,0.61,0.16,19139,7.362424373626709
0.7,0.81,0.43,0.67,0.95,0.89,0.18,0.61,0.16,18856,7.366424560546875
0.7,0.81,0.43,0.66,0.95,0.88,0.18,0.62,0.16,19003,7.370490789413452
0.7,0.81,0.43,0.67,0.95,0.89,0.18,0.61,0.16,18800,7.374785423278809
0.7,0.81,0.44,0.67,0.95,0.89,0.17,0.61,0.16,18885,7.374785423278809
0.7,0.81,0.43,0.67,0.95,0.89,0.18,0.61,0.16,18834,7.378790616989136
0.71,0.81,0.43,0.66,0.95,0.89,0.18,0.61,0.16,19111,7.383788347244263
0.7,0.8,0.43,0.66,0.95,0.89,0.18,0.61,0.16,18998,7.386869668960571
0.71,0.8,0.43,0.66,0.95,0.89,0.18,0.62,0.16,18851,7.38786768913269
0.7,0.81,0.43,0.66,0.95,0.89,0.18,0.61,0.16,18602,7.390861749649048
0.7,0.81,0.43,0.66,0.95,0.89,0.18,0.61,0.16,18995,7.395862579345703
0.7,0.8,0.43,0.66,0.95,0.89,0.18,0.61,0.16,19174,7.399861574172974
0.7,0.81,0.43,0.66,0.95,0.89,0.18,0.62,0.16,18559,7.399861574172974
0.7,0.81,0.43,0.67,0.95,0.89,0.18,0.61,0.16,18622,7.402859210968018
0.7,0.81,0.43,0.67,0.95,0.89,0.18,0.61,0.16,18877,7.40719199180603
0.7,0.8,0.43,0.66,0.95,0.88,0.18,0.61,0.16,18474,7.412190675735474
0.7,0.81,0.43,0.66,0.95,0.89,0.18,0.61,0.16,18459,7.412190675735474
0.7,0.81,0.43,0.67,0.95,0.89,0.17,0.61,0.16,18808,7.416193246841431
0.7,0.81,0.43,0.66,0.95,0.89,0.17,0.61,0.16,18955,7.419190883636475
0.7,0.81,0.43,0.67,0.95,0.89,0.18,0.61,0.16,18958,7.424510955810547
0.7,0.8,0.43,0.66,0.96,0.89,0.18,0.61,0.16,18383,7.424510955810547
0.7,0.81,0.43,0.67,0.95,0.89,0.18,0.61,0.16,18370,7.428508996963501
0.7,0.8,0.43,0.67,0.95,0.89,0.18,0.61,0.16,18543,7.432506561279297
0.7,0.81,0.43,0.67,0.95,0.89,0.18,0.61,0.16,18294,7.436507940292358
0.7,0.81,0.43,0.66,0.95,0.89,0.18,0.61,0.16,18603,7.439506769180298
0.69,0.81,0.43,0.66,0.95,0.89,0.18,0.61,0.16,18772,7.44051194190979
0.7,0.81,0.43,0.67,0.95,0.89,0.18,0.61,0.16,18641,7.444523811340332
0.7,0.81,0.43,0.67,0.95,0.89,0.18,0.61,0.16,18850,7.4485368728637695
0.7,0.81,0.43,0.67,0.95,0.89,0.18,0.61,0.16,18717,7.451670169830322
0.7,0.81,0.43,0.67,0.95,0.89,0.18,0.61,0.16,18988,7.452658653259277
0.7,0.81,0.43,0.67,0.96,0.89,0.17,0.61,0.16,18993,7.456658601760864
0.7,0.8,0.43,0.66,0.95,0.89,0.17,0.61,0.16,18906,7.460661172866821
0.7,0.81,0.43,0.67,0.95,0.89,0.18,0.61,0.15,18895,7.464662790298462
0.7,0.81,0.43,0.67,0.95,0.89,0.18,0.61,0.16,18760,7.46566104888916
0.7,0.8,0.43,0.67,0.95,0.89,0.17,0.61,0.16,18361,7.468791484832764
0.7,0.8,0.43,0.67,0.95,0.89,0.18,0.61,0.16,18630,7.472795248031616
0.7,0.81,0.43,0.66,0.96,0.89,0.18,0.61,0.16,18935,7.476858139038086
0.7,0.81,0.43,0.67,0.95,0.89,0.18,0.61,0.16,18480,7.476858139038086
0.7,0.8,0.43,0.66,0.96,0.9,0.18,0.61,0.16,18577,7.480870962142944
0.7,0.8,0.43,0.66,0.96,0.89,0.18,0.61,0.16,18626,7.4848716259002686
0.7,0.8,0.43,0.66,0.96,0.89,0.18,0.61,0.16,19197,7.489851236343384
0.7,0.81,0.43,0.67,0.96,0.89,0.17,0.61,0.16,19584,7.489851236343384
0.7,0.81,0.43,0.66,0.96,0.89,0.18,0.61,0.16,18873,7.493877172470093
0.7,0.8,0.42,0.66,0.96,0.89,0.18,0.61,0.16,18710,7.496984004974365
0.71,0.81,0.43,0.67,0.96,0.89,0.18,0.61,0.16,19071,7.502012729644775
0.7,0.81,0.43,0.66,0.96,0.89,0.17,0.61,0.16,19090,7.505007982254028
0.7,0.8,0.43,0.66,0.96,0.89,0.18,0.61,0.16,18761,7.50601053237915
0.7,0.8,0.43,0.66,0.95,0.89,0.18,0.61,0.16,18640,7.510018348693848
0.7,0.8,0.43,0.67,0.95,0.89,0.18,0.61,0.16,18791,7.51375937461853
0.7,0.8,0.43,0.67,0.95,0.89,0.18,0.61,0.16,18792,7.517859935760498
0.7,0.8,0.42,0.66,0.95,0.89,0.18,0.61,0.16,18795,7.518853187561035
0.7,0.8,0.43,0.67,0.95,0.89,0.18,0.61,0.16,18696,7.521503925323486
0.7,0.8,0.43,0.67,0.95,0.89,0.17,0.61,0.16,18407,7.526603937149048
0.7,0.8,0.43,0.67,0.96,0.89,0.18,0.61,0.16,18760,7.529620885848999
0.69,0.8,0.43,0.67,0.96,0.89,0.18,0.61,0.16,19361,7.530619382858276
0.7,0.8,0.43,0.67,0.95,0.89,0.17,0.61,0.16,19786,7.534737825393677
0.7,0.81,0.43,0.67,0.95,0.89,0.17,0.61,0.16,19097,7.538733005523682
0.71,0.8,0.43,0.67,0.96,0.89,0.17,0.61,0.16,18584,7.5427374839782715
0.7,0.81,0.43,0.67,0.95,0.89,0.18,0.61,0.16,18801,7.5427374839782715
0.7,0.81,0.43,0.67,0.96,0.89,0.18,0.61,0.16,19110,7.546429634094238
0.69,0.8,0.43,0.67,0.95,0.89,0.18,0.61,0.16,19385,7.550530910491943
0.7,0.81,0.43,0.67,0.96,0.89,0.18,0.61,0.16,19076,7.554602861404419
0.7,0.81,0.43,0.67,0.96,0.89,0.16,0.61,0.16,18691,7.554602861404419
0.7,0.81,0.43,0.67,0.95,0.89,0.18,0.61,0.16,18514,7.558601140975952
0.7,0.81,0.43,0.66,0.96,0.89,0.17,0.61,0.16,18331,7.563030242919922
0.7,0.8,0.43,0.67,0.96,0.89,0.17,0.61,0.16,19038,7.567037105560303
0.7,0.81,0.43,0.67,0.95,0.89,0.17,0.61,0.16,19081,7.571170091629028
0.71,0.81,0.43,0.67,0.95,0.89,0.17,0.61,0.16,18400,7.571170091629028
0.7,0.81,0.43,0.67,0.95,0.88,0.18,0.61,0.16,18339,7.575236797332764
0.7,0.81,0.43,0.67,0.96,0.89,0.17,0.61,0.15,18786,7.579237461090088
0.7,0.8,0.43,0.67,0.95,0.89,0.17,0.61,0.15,18561,7.583256244659424
0.7,0.81,0.43,0.67,0.95,0.89,0.18,0.61,0.16,18584,7.583256244659424
0.7,0.81,0.43,0.67,0.95,0.89,0.18,0.61,0.16,18759,7.587259769439697
0.7,0.81,0.43,0.67,0.95,0.89,0.17,0.62,0.16,18868,7.591256380081177
0.7,0.81,0.43,0.66,0.95,0.89,0.17,0.61,0.16,18947,7.595257520675659
0.7,0.81,0.43,0.67,0.95,0.89,0.17,0.62,0.16,18796,7.596256732940674
0.7,0.8,0.42,0.66,0.95,0.89,0.17,0.62,0.16,18499,7.599318742752075
0.7,0.8,0.42,0.67,0.95,0.89,0.18,0.62,0.16,18642,7.60434103012085
0.7,0.8,0.43,0.67,0.95,0.89,0.17,0.62,0.16,19091,7.607426404953003
0.7,0.8,0.43,0.66,0.95,0.89,0.18,0.62,0.16,19266,7.608468294143677
0.71,0.8,0.43,0.67,0.95,0.89,0.18,0.62,0.16,19171,7.611466884613037
0.7,0.8,0.43,0.66,0.95,0.89,0.17,0.62,0.16,19322,7.615789413452148
0.7,0.8,0.43,0.66,0.96,0.89,0.17,0.62,0.16,19219,7.619811534881592
0.7,0.8,0.43,0.67,0.96,0.89,0.18,0.62,0.16,18774,7.620812654495239
0.7,0.81,0.43,0.66,0.95,0.88,0.17,0.62,0.16,18805,7.623932838439941
0.7,0.81,0.43,0.67,0.96,0.89,0.18,0.62,0.16,19222,7.628932476043701
0.69,0.8,0.42,0.67,0.96,0.89,0.18,0.62,0.16,19297,7.632934331893921
0.7,0.8,0.43,0.67,0.96,0.89,0.17,0.62,0.16,18848,7.633941411972046
0.69,0.8,0.43,0.67,0.96,0.89,0.18,0.61,0.16,19403,7.636942386627197
0.69,0.8,0.43,0.67,0.96,0.89,0.17,0.62,0.16,19034,7.640939950942993
0.7,0.81,0.42,0.67,0.96,0.89,0.17,0.62,0.16,18565,7.644940614700317
0.7,0.8,0.42,0.67,0.96,0.89,0.18,0.62,0.16,18800,7.6489410400390625
0.7,0.8,0.43,0.67,0.96,0.89,0.18,0.62,0.16,18551,7.649942398071289
0.7,0.8,0.43,0.67,0.96,0.89,0.18,0.62,0.16,18484,7.6527533531188965
0.69,0.8,0.43,0.67,0.96,0.89,0.18,0.62,0.16,18797,7.65741229057312
0.7,0.8,0.42,0.67,0.96,0.89,0.18,0.62,0.16,18682,7.660826206207275
0.69,0.8,0.42,0.66,0.96,0.89,0.18,0.62,0.16,18513,7.66184663772583
0.7,0.8,0.42,0.66,0.95,0.89,0.18,0.62,0.16,18844,7.664841651916504
0.69,0.8,0.43,0.66,0.96,0.89,0.17,0.62,0.16,19073,7.669841766357422
0.69,0.8,0.43,0.67,0.96,0.89,0.17,0.62,0.15,18876,7.673839092254639
0.69,0.8,0.43,0.67,0.96,0.89,0.18,0.62,0.16,18991,7.673839092254639
0.69,0.8,0.42,0.67,0.95,0.89,0.18,0.62,0.16,19200,7.677638292312622
0.69,0.8,0.43,0.66,0.96,0.89,0.18,0.62,0.16,18947,7.681944131851196
0.69,0.8,0.43,0.67,0.96,0.89,0.17,0.61,0.15,18708,7.68564772605896
0.7,0.8,0.43,0.67,0.95,0.89,0.17,0.62,0.16,18707,7.68564772605896
0.69,0.8,0.43,0.66,0.96,0.89,0.18,0.62,0.16,19156,7.690661430358887
0.7,0.8,0.43,0.66,0.96,0.89,0.18,0.62,0.16,19423,7.6937596797943115
0.7,0.8,0.43,0.66,0.96,0.89,0.17,0.62,0.16,19486,7.69776177406311
0.69,0.79,0.42,0.66,0.96,0.89,0.17,0.62,0.16,18955,7.698771238327026
0.7,0.8,0.42,0.67,0.96,0.88,0.17,0.62,0.16,18898,7.702182292938232
0.7,0.8,0.42,0.66,0.96,0.89,0.18,0.62,0.16,18669,7.706430196762085
0.7,0.81,0.42,0.66,0.96,0.89,0.17,0.62,0.16,18550,7.710431098937988
0.7,0.81,0.43,0.66,0.96,0.89,0.17,0.62,0.15,18717,7.714434385299683
0.7,0.8,0.43,0.66,0.96,0.88,0.18,0.62,0.16,18992,7.714434385299683
0.7,0.8,0.42,0.66,0.96,0.89,0.18,0.62,0.16,18907,7.718536853790283
0.7,0.8,0.42,0.66,0.96,0.88,0.18,0.62,0.16,18966,7.722988843917847
0.7,0.8,0.43,0.66,0.96,0.89,0.18,0.62,0.16,18669,7.726233243942261
0.69,0.8,0.43,0.66,0.96,0.89,0.17,0.62,0.15,18652,7.72723388671875
0.7,0.8,0.43,0.66,0.96,0.88,0.18,0.62,0.16,19073,7.731232166290283
0.7,0.81,0.42,0.66,0.96,0.89,0.18,0.62,0.16,18942,7.73523473739624
0.7,0.81,0.42,0.66,0.96,0.89,0.18,0.62,0.16,19007,7.739305257797241
0.7,0.8,0.43,0.65,0.95,0.88,0.18,0.62,0.16,19164,7.739305257797241
0.7,0.8,0.42,0.66,0.95,0.89,0.18,0.62,0.16,19123,7.742995023727417
0.7,0.8,0.42,0.66,0.95,0.88,0.18,0.62,0.16,18972,7.747094392776489
0.69,0.8,0.42,0.66,0.96,0.89,0.18,0.62,0.16,19069,7.751088857650757
0.7,0.8,0.42,0.66,0.96,0.88,0.18,0.62,0.16,18510,7.751088857650757
0.7,0.8,0.43,0.67,0.96,0.89,0.18,0.62,0.16,18653,7.75508975982666
0.7,0.8,0.42,0.66,0.95,0.89,0.18,0.62,0.16,18858,7.760087251663208
0.69,0.8,0.42,0.66,0.96,0.89,0.18,0.62,0.16,19241,7.763406276702881
0.69,0.8,0.43,0.66,0.95,0.89,0.17,0.61,0.15,19026,7.763406276702881
0.69,0.8,0.43,0.66,0.96,0.89,0.17,0.62,0.16,18541,7.767859697341919
0.7,0.81,0.43,0.66,0.95,0.89,0.18,0.62,0.16,18846,7.7718610763549805
0.7,0.8,0.42,0.66,0.96,0.89,0.18,0.61,0.16,18933,7.775860786437988
0.69,0.8,0.42,0.66,0.96,0.89,0.18,0.62,0.16,18554,7.776860237121582
0.69,0.8,0.43,0.66,0.96,0.89,0.17,0.62,0.16,18669,7.779934883117676
0.69,0.8,0.43,0.66,0.96,0.89,0.18,0.62,0.16,18912,7.783937692642212
0.69,0.8,0.42,0.66,0.96,0.89,0.18,0.62,0.16,18757,7.787935972213745
0.69,0.8,0.42,0.66,0.96,0.89,0.18,0.62,0.16,18852,7.79187273979187
0.69,0.8,0.42,0.66,0.96,0.89,0.17,0.62,0.15,18545,7.79187273979187
0.69,0.8,0.42,0.66,0.96,0.89,0.18,0.62,0.16,18576,7.796246528625488
0.69,0.8,0.42,0.66,0.96,0.89,0.18,0.62,0.16,18881,7.800326347351074
0.69,0.8,0.42,0.66,0.96,0.89,0.18,0.62,0.16,18584,7.8043293952941895
0.69,0.8,0.42,0.66,0.96,0.89,0.18,0.62,0.16,18383,7.8043293952941895
0.69,0.8,0.42,0.66,0.96,0.89,0.18,0.62,0.16,18554,7.808333396911621
0.69,0.8,0.42,0.66,0.96,0.89,0.18,0.62,0.16,18595,7.81291389465332
0.69,0.8,0.42,0.66,0.95,0.89,0.18,0.62,0.16,18598,7.817136526107788
0.69,0.8,0.43,0.66,0.95,0.89,0.17,0.62,0.15,18789,7.817136526107788
0.69,0.8,0.43,0.66,0.96,0.89,0.17,0.62,0.16,18980,7.821138381958008
0.69,0.8,0.42,0.66,0.95,0.89,0.18,0.62,0.16,19173,7.8252153396606445
0.69,0.8,0.42,0.66,0.96,0.89,0.18,0.62,0.16,19176,7.829216718673706
0.69,0.8,0.42,0.67,0.96,0.89,0.17,0.62,0.15,18857,7.829216718673706
0.69,0.8,0.42,0.66,0.95,0.89,0.18,0.62,0.16,19054,7.833256244659424
0.69,0.8,0.42,0.66,0.95,0.89,0.18,0.62,0.16,19043,7.837236404418945
0.69,0.8,0.42,0.66,0.96,0.88,0.18,0.62,0.16,18580,7.840886354446411
0.69,0.8,0.42,0.66,0.95,0.88,0.17,0.62,0.15,18569,7.841935873031616
0.69,0.8,0.43,0.66,0.95,0.89,0.17,0.61,0.15,18614,7.845911264419556
0.69,0.8,0.42,0.66,0.95,0.89,0.18,0.62,0.16,18691,7.8499085903167725
0.69,0.8,0.43,0.67,0.96,0.89,0.18,0.62,0.16,19046,7.853908538818359
0.69,0.8,0.43,0.67,0.95,0.89,0.18,0.62,0.16,19287,7.857022762298584
0.69,0.8,0.43,0.66,0.95,0.89,0.17,0.62,0.16,19026,7.858025074005127
0.69,0.8,0.43,0.66,0.95,0.89,0.18,0.62,0.16,18727,7.862024307250977
0.69,0.8,0.43,0.67,0.95,0.89,0.18,0.61,0.16,18828,7.866024494171143
0.69,0.8,0.43,0.67,0.95,0.89,0.17,0.62,0.16,18947,7.870115518569946
0.69,0.8,0.42,0.66,0.96,0.89,0.18,0.62,0.16,19318,7.870115518569946
0.69,0.8,0.43,0.67,0.96,0.89,0.17,0.61,0.15,19345,7.874587297439575
0.69,0.8,0.42,0.67,0.96,0.89,0.17,0.62,0.15,19784,7.878587961196899
0.69,0.8,0.42,0.67,0.96,0.89,0.17,0.61,0.16,19521,7.882586717605591
0.69,0.8,0.43,0.66,0.96,0.89,0.17,0.61,0.15,19056,7.882586717605591
0.69,0.8,0.43,0.66,0.96,0.89,0.17,0.61,0.16,19381,7.886585712432861
0.69,0.8,0.43,0.67,0.95,0.89,0.17,0.61,0.16,19218,7.890588045120239
0.69,0.8,0.42,0.66,0.96,0.9,0.17,0.61,0.16,18399,7.894587993621826
0.69,0.8,0.43,0.66,0.96,0.89,0.18,0.61,0.16,18610,7.895587921142578
0.69,0.8,0.42,0.67,0.96,0.89,0.18,0.61,0.16,18969,7.898587942123413
0.69,0.8,0.42,0.66,0.95,0.89,0.17,0.62,0.16,19148,7.903594732284546
0.69,0.8,0.43,0.67,0.96,0.89,0.17,0.61,0.15,19145,7.906688690185547
0.69,0.8,0.43,0.66,0.95,0.89,0.17,0.62,0.15,18858,7.907703399658203
0.69,0.8,0.42,0.67,0.95,0.89,0.17,0.62,0.15,18651,7.910696744918823
0.69,0.8,0.42,0.67,0.95,0.89,0.17,0.61,0.15,18618,7.915693759918213
0.69,0.8,0.43,0.66,0.95,0.89,0.17,0.62,0.15,18779,7.9196999073028564
0.69,0.8,0.43,0.66,0.95,0.89,0.17,0.62,0.15,19090,7.9196999073028564
0.69,0.8,0.43,0.67,0.95,0.89,0.17,0.62,0.15,19289,7.923220157623291
0.69,0.8,0.43,0.66,0.95,0.89,0.17,0.62,0.15,18912,7.927304744720459
0.69,0.8,0.43,0.66,0.95,0.89,0.18,0.62,0.16,18661,7.931329011917114
0.69,0.8,0.43,0.67,0.95,0.89,0.18,0.62,0.16,18726,7.9353320598602295
0.69,0.8,0.43,0.67,0.95,0.89,0.18,0.62,0.16,18819,7.936333417892456
0.69,0.8,0.43,0.66,0.95,0.89,0.18,0.62,0.16,18880,7.940412998199463
0.69,0.81,0.43,0.66,0.95,0.89,0.18,0.62,0.16,18883,7.944184064865112
0.69,0.8,0.43,0.66,0.95,0.89,0.18,0.62,0.16,19028,7.94818377494812
0.69,0.8,0.43,0.66,0.95,0.89,0.18,0.62,0.16,18907,7.94818377494812
0.69,0.8,0.43,0.67,0.95,0.89,0.18,0.62,0.16,18432,7.952183723449707
0.69,0.81,0.43,0.66,0.95,0.89,0.18,0.62,0.16,18491,7.956185579299927
0.7,0.8,0.43,0.67,0.95,0.88,0.18,0.62,0.16,18652,7.9602625370025635
0.69,0.8,0.43,0.66,0.95,0.88,0.18,0.62,0.16,18431,7.9602625370025635
0.69,0.8,0.43,0.66,0.95,0.88,0.18,0.62,0.16,18852,7.9642653465271
0.69,0.8,0.43,0.66,0.96,0.88,0.18,0.62,0.16,18805,7.96826434135437
0.7,0.8,0.43,0.66,0.95,0.89,0.17,0.62,0.16,18840,7.9726080894470215
0.7,0.8,0.43,0.66,0.95,0.88,0.18,0.62,0.16,18899,7.973628044128418
0.69,0.8,0.43,0.66,0.95,0.89,0.18,0.62,0.16,18672,7.976783037185669
0.69,0.8,0.43,0.66,0.96,0.89,0.18,0.62,0.16,18837,7.980929613113403
0.69,0.8,0.43,0.66,0.95,0.89,0.17,0.62,0.16,18864,7.98427677154541
0.69,0.8,0.43,0.66,0.96,0.88,0.18,0.62,0.16,18639,7.985313653945923
0.69,0.8,0.43,0.66,0.95,0.89,0.17,0.62,0.16,18870,7.989313840866089
0.69,0.8,0.43,0.66,0.95,0.88,0.17,0.62,0.16,19193,7.992613792419434
0.7,0.8,0.43,0.66,0.95,0.89,0.18,0.62,0.16,19340,7.996609210968018
0.69,0.8,0.43,0.66,0.95,0.89,0.17,0.62,0.16,19009,8.000740051269531
0.7,0.8,0.43,0.66,0.95,0.88,0.17,0.62,0.16,18730,8.00178599357605
0.69,0.8,0.43,0.66,0.96,0.88,0.18,0.62,0.15,18795,8.00533127784729
0.69,0.8,0.43,0.66,0.95,0.89,0.18,0.62,0.16,19002,8.00985836982727
0.69,0.8,0.43,0.66,0.95,0.89,0.17,0.62,0.16,18947,8.012858152389526
0.7,0.8,0.43,0.66,0.96,0.88,0.18,0.62,0.16,19050,8.013962984085083
0.69,0.8,0.43,0.66,0.95,0.89,0.17,0.62,0.16,19089,8.017560482025146
0.69,0.8,0.43,0.67,0.95,0.89,0.17,0.62,0.16,18914,8.022138833999634
0.69,0.8,0.43,0.67,0.96,0.89,0.17,0.62,0.16,18875,8.026204109191895
0.7,0.8,0.43,0.66,0.95,0.89,0.17,0.62,0.16,18894,8.027151823043823
0.69,0.8,0.43,0.66,0.95,0.89,0.17,0.62,0.16,18915,8.030152320861816
0.69,0.81,0.43,0.66,0.95,0.89,0.18,0.62,0.16,18732,8.03451919555664
0.69,0.8,0.43,0.66,0.96,0.89,0.18,0.62,0.16,18609,8.038158655166626
0.69,0.81,0.43,0.66,0.96,0.89,0.18,0.62,0.17,18646,8.039223194122314
0.69,0.8,0.43,0.66,0.96,0.89,0.18,0.62,0.16,18767,8.042732954025269
0.69,0.81,0.43,0.66,0.95,0.89,0.18,0.62,0.16,18578,8.047103881835938
0.69,0.81,0.43,0.66,0.95,0.89,0.18,0.62,0.16,19057,8.050735235214233
0.69,0.8,0.43,0.66,0.95,0.89,0.18,0.62,0.16,18920,8.051625967025757
0.69,0.8,0.43,0.66,0.95,0.89,0.18,0.62,0.16,18869,8.054675579071045
0.69,0.8,0.43,0.66,0.95,0.88,0.18,0.62,0.16,18858,8.05962610244751
0.69,0.81,0.43,0.66,0.95,0.89,0.18,0.62,0.16,18959,8.063649415969849
0.69,0.8,0.43,0.66,0.95,0.89,0.18,0.62,0.16,18714,8.063649415969849
0.69,0.8,0.43,0.66,0.94,0.89,0.18,0.62,0.16,18573,8.068080425262451
0.7,0.8,0.43,0.67,0.96,0.89,0.18,0.62,0.16,18696,8.07092833518982
0.69,0.81,0.43,0.66,0.95,0.89,0.18,0.62,0.16,18701,8.075400590896606
0.69,0.8,0.43,0.66,0.95,0.89,0.18,0.62,0.16,18850,8.079355955123901
0.69,0.8,0.43,0.66,0.95,0.89,0.18,0.62,0.16,18519,8.079355955123901
0.69,0.81,0.43,0.66,0.95,0.89,0.17,0.62,0.16,18556,8.083942651748657
0.69,0.81,0.43,0.66,0.95,0.89,0.18,0.62,0.16,19273,8.08799123764038
0.69,0.8,0.43,0.66,0.95,0.89,0.18,0.62,0.16,19486,8.091991424560547
0.69,0.8,0.43,0.66,0.95,0.89,0.18,0.62,0.16,18965,8.09299087524414
0.69,0.8,0.43,0.66,0.95,0.89,0.18,0.62,0.16,18986,8.095991373062134
0.69,0.8,0.43,0.66,0.95,0.89,0.18,0.62,0.16,19413,8.09998083114624
0.69,0.81,0.43,0.66,0.95,0.89,0.18,0.62,0.16,18684,8.10420846939087
0.69,0.81,0.43,0.66,0.95,0.89,0.18,0.62,0.16,18217,8.105217933654785
0.68,0.8,0.43,0.66,0.95,0.89,0.18,0.62,0.16,18604,8.10800290107727
0.69,0.81,0.43,0.66,0.95,0.89,0.18,0.62,0.16,18985,8.112856388092041
0.69,0.8,0.43,0.66,0.95,0.89,0.17,0.62,0.16,19192,8.11606240272522
0.69,0.8,0.43,0.66,0.95,0.89,0.17,0.62,0.16,19059,8.117101430892944
0.69,0.8,0.43,0.66,0.95,0.89,0.17,0.62,0.16,19108,8.120922565460205
0.69,0.8,0.44,0.66,0.95,0.89,0.17,0.62,0.16,18931,8.12479853630066
0.69,0.8,0.43,0.66,0.95,0.89,0.18,0.62,0.16,18926,8.129181623458862
0.69,0.8,0.43,0.66,0.95,0.89,0.18,0.62,0.16,18673,8.129181623458862
0.69,0.81,0.43,0.66,0.95,0.89,0.18,0.62,0.16,18490,8.1331946849823
0.7,0.8,0.43,0.66,0.95,0.89,0.17,0.62,0.16,18577,8.137181758880615
0.69,0.81,0.43,0.66,0.95,0.89,0.17,0.62,0.16,18726,8.14152479171753
0.69,0.81,0.43,0.66,0.95,0.89,0.17,0.62,0.16,18585,8.14152479171753
0.7,0.81,0.43,0.66,0.95,0.89,0.17,0.62,0.16,18610,8.145128965377808
0.69,0.8,0.43,0.66,0.96,0.89,0.17,0.62,0.16,18741,8.149344444274902
0.69,0.81,0.43,0.66,0.96,0.89,0.17,0.62,0.16,18928,8.153378009796143
0.69,0.8,0.43,0.66,0.95,0.89,0.18,0.62,0.16,18567,8.153378009796143
0.7,0.8,0.43,0.66,0.95,0.89,0.17,0.62,0.16,18610,8.15737771987915
0.69,0.8,0.43,0.66,0.95,0.89,0.18,0.62,0.16,18829,8.161247968673706
0.69,0.8,0.43,0.66,0.95,0.89,0.18,0.62,0.16,18914,8.165788888931274
0.69,0.8,0.43,0.66,0.95,0.89,0.18,0.62,0.16,18727,8.169496774673462
0.69,0.8,0.43,0.66,0.95,0.89,0.18,0.62,0.16,18206,8.169496774673462
0.68,0.8,0.43,0.66,0.94,0.88,0.17,0.62,0.16,18335,8.173176050186157
0.69,0.8,0.43,0.66,0.95,0.89,0.18,0.62,0.16,18428,8.177725791931152
0.69,0.8,0.43,0.65,0.95,0.89,0.17,0.62,0.16,18837,8.182258129119873
0.69,0.8,0.43,0.66,0.95,0.89,0.18,0.62,0.16,18990,8.182819843292236
0.69,0.8,0.43,0.66,0.95,0.89,0.18,0.62,0.16,18633,8.18550729751587
0.69,0.8,0.43,0.66,0.95,0.89,0.18,0.61,0.16,18832,8.189918041229248
0.69,0.8,0.43,0.66,0.96,0.89,0.18,0.62,0.16,18685,8.19486117362976
0.69,0.81,0.44,0.66,0.95,0.89,0.17,0.61,0.16,19060,8.19486117362976
0.69,0.8,0.43,0.66,0.95,0.88,0.17,0.62,0.16,19113,8.197423934936523
0.7,0.8,0.43,0.66,0.96,0.89,0.17,0.62,0.17,18580,8.202067852020264
0.69,0.8,0.43,0.66,0.95,0.89,0.18,0.62,0.16,18707,8.206312656402588
0.69,0.8,0.44,0.66,0.96,0.88,0.17,0.61,0.16,18252,8.207350254058838
0.7,0.8,0.44,0.65,0.95,0.88,0.17,0.62,0.16,18563,8.210545301437378
0.69,0.8,0.43,0.66,0.95,0.89,0.18,0.62,0.16,18644,8.215367555618286
0.69,0.8,0.43,0.65,0.95,0.88,0.17,0.62,0.16,18681,8.218371629714966
0.7,0.8,0.43,0.66,0.95,0.89,0.18,0.61,0.16,19008,8.219356298446655
0.69,0.8,0.43,0.66,0.95,0.89,0.17,0.61,0.16,19019,8.223048686981201
0.7,0.8,0.43,0.66,0.96,0.89,0.17,0.61,0.16,19248,8.226776838302612
0.7,0.8,0.43,0.65,0.95,0.89,0.17,0.62,0.16,19017,8.23077130317688
0.7,0.8,0.43,0.65,0.95,0.88,0.17,0.62,0.16,18968,8.23177433013916
0.7,0.8,0.43,0.66,0.95,0.88,0.17,0.62,0.16,18969,8.234784126281738
0.7,0.8,0.43,0.65,0.95,0.89,0.17,0.62,0.16,18910,8.238770484924316
0.7,0.8,0.43,0.66,0.95,0.89,0.17,0.62,0.17,19229,8.242906332015991
0.7,0.8,0.43,0.66,0.95,0.89,0.18,0.62,0.16,19276,8.246779441833496
0.7,0.8,0.43,0.66,0.95,0.89,0.17,0.62,0.16,18629,8.247864007949829
0.7,0.8,0.43,0.66,0.96,0.88,0.18,0.62,0.16,18278,8.251864910125732
0.69,0.8,0.43,0.66,0.95,0.89,0.17,0.62,0.16,18587,8.255876302719116
0.7,0.8,0.43,0.66,0.95,0.88,0.17,0.62,0.16,18918,8.259950160980225
0.7,0.8,0.43,0.66,0.95,0.88,0.18,0.62,0.17,18521,8.259950160980225
0.7,0.8,0.43,0.66,0.96,0.89,0.18,0.62,0.16,18846,8.263946294784546
0.7,0.81,0.43,0.66,0.96,0.89,0.18,0.62,0.16,18965,8.267028331756592
0.7,0.8,0.43,0.65,0.95,0.89,0.18,0.62,0.16,18800,8.272030591964722
0.7,0.8,0.43,0.66,0.95,0.89,0.18,0.62,0.16,19127,8.272030591964722
0.7,0.8,0.43,0.66,0.95,0.89,0.17,0.62,0.16,19332,8.27564001083374
0.7,0.8,0.43,0.66,0.96,0.89,0.17,0.62,0.16,19401,8.28026032447815
0.7,0.8,0.43,0.66,0.95,0.88,0.18,0.62,0.16,19098,8.284229278564453
0.7,0.8,0.43,0.66,0.95,0.89,0.18,0.62,0.16,18797,8.285331010818481
0.7,0.81,0.44,0.66,0.95,0.89,0.18,0.62,0.16,18982,8.288371324539185
0.7,0.81,0.43,0.66,0.95,0.89,0.17,0.62,0.16,18919,8.292371273040771
0.7,0.8,0.43,0.66,0.95,0.89,0.18,0.62,0.16,18682,8.296365737915039
0.7,0.81,0.43,0.65,0.96,0.89,0.17,0.62,0.16,19039,8.297362565994263
0.7,0.8,0.43,0.66,0.96,0.88,0.18,0.62,0.16,18792,8.300365924835205
0.7,0.8,0.43,0.66,0.95,0.88,0.17,0.62,0.17,18363,8.30432415008545
0.7,0.8,0.44,0.65,0.95,0.89,0.18,0.62,0.16,18272,8.308503150939941
0.7,0.8,0.44,0.66,0.95,0.88,0.17,0.62,0.16,18577,8.308503150939941
0.7,0.8,0.43,0.65,0.95,0.89,0.17,0.62,0.16,18924,8.313528060913086
0.7,0.8,0.43,0.66,0.95,0.89,0.18,0.62,0.16,19087,8.317504167556763
0.7,0.8,0.44,0.66,0.95,0.88,0.18,0.62,0.16,18990,8.321503639221191
0.7,0.8,0.44,0.66,0.95,0.88,0.18,0.62,0.16,19293,8.325291633605957
0.7,0.81,0.44,0.65,0.95,0.88,0.17,0.62,0.16,18950,8.326350688934326
0.7,0.8,0.44,0.66,0.95,0.89,0.18,0.62,0.16,18463,8.330151081085205
0.7,0.8,0.43,0.66,0.95,0.89,0.18,0.62,0.16,18856,8.33432388305664
0.7,0.8,0.44,0.66,0.95,0.89,0.18,0.62,0.16,18769,8.337553262710571
0.71,0.8,0.43,0.66,0.95,0.89,0.18,0.62,0.16,19002,8.338310956954956
0.7,0.8,0.43,0.66,0.95,0.88,0.18,0.62,0.16,19135,8.34191632270813
0.7,0.8,0.43,0.65,0.95,0.89,0.18,0.62,0.16,18822,8.346197366714478
0.7,0.8,0.44,0.66,0.94,0.89,0.17,0.62,0.16,18649,8.349872350692749
0.7,0.8,0.43,0.65,0.95,0.89,0.18,0.62,0.16,18830,8.350929737091064
0.7,0.8,0.43,0.66,0.95,0.89,0.18,0.62,0.16,18531,8.354852199554443
0.71,0.8,0.43,0.66,0.95,0.89,0.18,0.62,0.17,18740,8.35789704322815
0.7,0.8,0.44,0.65,0.95,0.89,0.18,0.62,0.16,18543,8.362416744232178
0.71,0.8,0.44,0.66,0.95,0.89,0.18,0.62,0.16,18848,8.362416744232178
0.71,0.8,0.44,0.66,0.95,0.89,0.17,0.62,0.16,18635,8.366442203521729
0.71,0.8,0.43,0.66,0.95,0.89,0.18,0.62,0.16,18748,8.370441913604736
0.7,0.8,0.43,0.66,0.96,0.89,0.18,0.62,0.17,18959,8.374937057495117
0.7,0.8,0.43,0.66,0.95,0.89,0.18,0.62,0.16,18722,8.374937057495117
0.7,0.8,0.43,0.66,0.96,0.89,0.17,0.62,0.16,18821,8.378178358078003
0.7,0.8,0.42,0.66,0.95,0.89,0.18,0.62,0.16,19228,8.382471084594727
0.7,0.8,0.43,0.66,0.95,0.89,0.18,0.62,0.16,18657,8.386620044708252
0.7,0.8,0.43,0.66,0.95,0.89,0.18,0.62,0.16,18920,8.390212774276733
0.71,0.8,0.43,0.66,0.95,0.89,0.18,0.62,0.16,19159,8.39092493057251
0.7,0.8,0.43,0.65,0.95,0.89,0.17,0.62,0.16,18848,8.39492416381836
0.7,0.8,0.43,0.65,0.95,0.89,0.18,0.62,0.16,18595,8.399922132492065
0.7,0.8,0.43,0.66,0.95,0.89,0.18,0.62,0.16,18594,8.402523040771484
0.7,0.8,0.43,0.66,0.95,0.89,0.18,0.62,0.16,18515,8.402523040771484
0.7,0.8,0.43,0.66,0.95,0.89,0.18,0.62,0.16,18282,8.407667636871338
0.7,0.8,0.43,0.65,0.95,0.89,0.18,0.62,0.16,18677,8.411009073257446
0.7,0.8,0.43,0.65,0.95,0.89,0.18,0.62,0.16,19190,8.415344953536987
0.71,0.8,0.44,0.65,0.95,0.89,0.18,0.62,0.16,18889,8.416547536849976
0.71,0.8,0.43,0.66,0.95,0.89,0.18,0.62,0.16,19160,8.419585466384888
0.71,0.8,0.43,0.66,0.95,0.89,0.18,0.61,0.16,18963,8.42359209060669
0.7,0.8,0.43,0.66,0.95,0.89,0.18,0.61,0.16,19008,8.427687406539917
0.71,0.8,0.43,0.66,0.95,0.89,0.18,0.61,0.16,19185,8.428198337554932
0.7,0.8,0.43,0.66,0.95,0.89,0.18,0.62,0.16,18818,8.431941270828247
0.71,0.8,0.43,0.66,0.95,0.89,0.18,0.61,0.16,18771,8.435873746871948
0.7,0.8,0.43,0.66,0.95,0.89,0.18,0.61,0.16,19088,8.440500736236572
0.7,0.8,0.43,0.66,0.95,0.89,0.18,0.61,0.16,18845,8.440500736236572
0.71,0.8,0.44,0.66,0.95,0.89,0.17,0.62,0.16,18946,8.444500923156738
0.7,0.8,0.43,0.66,0.96,0.89,0.17,0.62,0.16,19039,8.448477029800415
0.7,0.8,0.44,0.66,0.96,0.89,0.18,0.62,0.16,18902,8.452473402023315
0.71,0.8,0.43,0.66,0.95,0.89,0.18,0.62,0.16,18657,8.453476905822754
0.7,0.8,0.43,0.65,0.95,0.89,0.18,0.62,0.16,18884,8.456078052520752
0.71,0.8,0.44,0.66,0.95,0.89,0.18,0.62,0.16,18673,8.460655212402344
0.71,0.8,0.44,0.66,0.95,0.89,0.18,0.62,0.16,19270,8.464675426483154
0.71,0.8,0.44,0.66,0.96,0.89,0.18,0.62,0.16,19011,8.468023538589478
0.71,0.8,0.44,0.66,0.95,0.89,0.18,0.62,0.16,18834,8.469049453735352
0.71,0.8,0.44,0.66,0.95,0.88,0.18,0.62,0.16,19007,8.4735746383667
0.7,0.8,0.44,0.66,0.95,0.89,0.18,0.62,0.16,19274,8.47694444656372
0.7,0.8,0.44,0.66,0.95,0.89,0.18,0.62,0.16,19027,8.480772495269775
0.7,0.8,0.44,0.66,0.95,0.88,0.18,0.62,0.16,19210,8.481348991394043
0.71,0.8,0.43,0.66,0.95,0.88,0.18,0.62,0.16,19423,8.48444414138794
0.71,0.8,0.44,0.65,0.95,0.89,0.18,0.62,0.16,18650,8.488503217697144
0.7,0.8,0.44,0.65,0.95,0.88,0.17,0.62,0.16,18539,8.49277925491333
0.7,0.8,0.44,0.65,0.95,0.89,0.18,0.62,0.16,19230,8.49347734451294
0.7,0.8,0.44,0.65,0.95,0.89,0.18,0.62,0.17,19165,8.496818542480469
0.7,0.8,0.44,0.66,0.95,0.89,0.18,0.62,0.16,18432,8.501479387283325
0.71,0.8,0.44,0.65,0.95,0.89,0.18,0.62,0.16,18689,8.506118535995483
0.7,0.8,0.43,0.66,0.95,0.89,0.18,0.62,0.16,19376,8.506118535995483
0.71,0.8,0.44,0.66,0.95,0.88,0.18,0.62,0.16,19465,8.50905990600586
0.7,0.8,0.44,0.66,0.95,0.89,0.18,0.62,0.16,18724,8.513503074645996
0.71,0.8,0.43,0.65,0.95,0.89,0.18,0.62,0.16,18955,8.51791262626648
0.71,0.8,0.43,0.66,0.96,0.89,0.18,0.62,0.16,18880,8.518901824951172
0.7,0.8,0.43,0.66,0.95,0.89,0.18,0.62,0.16,18499,8.521926641464233
0.71,0.8,0.43,0.66,0.95,0.88,0.18,0.62,0.16,18564,8.526806354522705
0.71,0.8,0.43,0.65,0.95,0.89,0.18,0.62,0.16,18885,8.53080677986145
0.71,0.8,0.43,0.65,0.95,0.89,0.18,0.62,0.16,19178,8.534265041351318
0.71,0.8,0.43,0.66,0.96,0.89,0.18,0.62,0.16,19025,8.534265041351318
0.71,0.8,0.43,0.66,0.96,0.89,0.18,0.62,0.16,18686,8.537719964981079
0.71,0.79,0.43,0.66,0.96,0.89,0.18,0.62,0.16,18489,8.541937589645386
0.71,0.8,0.44,0.65,0.95,0.89,0.18,0.62,0.16,19096,8.54600214958191
0.71,0.8,0.43,0.65,0.95,0.88,0.18,0.62,0.16,18687,8.547002077102661
0.71,0.8,0.43,0.65,0.95,0.89,0.18,0.62,0.16,18322,8.550526142120361
0.7,0.8,0.43,0.66,0.95,0.89,0.18,0.62,0.16,18427,8.554513692855835
0.7,0.8,0.43,0.65,0.96,0.89,0.18,0.62,0.16,18722,8.558485507965088
0.7,0.8,0.43,0.65,0.95,0.89,0.18,0.62,0.16,18797,8.558485507965088
0.7,0.81,0.43,0.65,0.96,0.89,0.18,0.62,0.16,18902,8.563534498214722
0.7,0.81,0.43,0.65,0.96,0.89,0.18,0.62,0.16,19049,8.566619873046875
0.7,0.81,0.43,0.66,0.95,0.89,0.18,0.62,0.16,19060,8.571380853652954
0.7,0.8,0.43,0.66,0.95,0.89,0.18,0.62,0.16,18937,8.571380853652954
0.7,0.8,0.44,0.66,0.95,0.89,0.18,0.62,0.16,18964,8.575378179550171
0.7,0.81,0.43,0.66,0.95,0.89,0.17,0.62,0.16,18941,8.579535245895386
0.7,0.8,0.43,0.66,0.96,0.88,0.18,0.62,0.16,18978,8.583990097045898
0.71,0.8,0.43,0.65,0.95,0.89,0.18,0.62,0.16,18841,8.583990097045898
0.7,0.81,0.43,0.65,0.95,0.88,0.18,0.62,0.16,18750,8.587498188018799
0.7,0.81,0.43,0.66,0.95,0.89,0.18,0.62,0.16,19315,8.59152364730835
0.7,0.8,0.43,0.66,0.95,0.89,0.18,0.62,0.16,19284,8.595216512680054
0.7,0.8,0.43,0.66,0.95,0.89,0.18,0.62,0.16,19117,8.599506378173828
0.7,0.8,0.43,0.65,0.95,0.89,0.18,0.62,0.16,18938,8.600545406341553
0.7,0.8,0.43,0.66,0.95,0.89,0.18,0.62,0.16,19157,8.603548288345337
0.7,0.8,0.43,0.66,0.95,0.88,0.18,0.62,0.16,19302,8.608983516693115
0.7,0.8,0.43,0.65,0.95,0.89,0.18,0.62,0.16,19001,8.611772060394287
0.71,0.8,0.43,0.65,0.95,0.89,0.18,0.62,0.16,18752,8.611772060394287
0.7,0.81,0.43,0.66,0.95,0.89,0.18,0.62,0.16,18859,8.616771459579468
0.7,0.81,0.44,0.65,0.95,0.89,0.18,0.62,0.16,18746,8.619826078414917
0.7,0.8,0.43,0.66,0.95,0.89,0.18,0.62,0.16,18801,8.622821807861328
0.7,0.8,0.43,0.66,0.95,0.89,0.18,0.62,0.16,18570,8.624361515045166
0.7,0.8,0.43,0.65,0.95,0.89,0.18,0.62,0.16,18521,8.628375768661499
0.7,0.8,0.43,0.66,0.95,0.89,0.18,0.62,0.16,18600,8.632375717163086
0.7,0.81,0.43,0.66,0.95,0.89,0.18,0.62,0.16,18541,8.636168241500854
0.7,0.8,0.43,0.66,0.95,0.89,0.18,0.62,0.16,18740,8.63730239868164
0.71,0.8,0.43,0.66,0.95,0.89,0.18,0.62,0.16,18999,8.640427827835083
0.7,0.81,0.43,0.66,0.95,0.89,0.18,0.62,0.16,19544,8.644465446472168
0.7,0.81,0.43,0.66,0.95,0.89,0.18,0.62,0.16,19483,8.648465871810913
0.7,0.8,0.43,0.66,0.95,0.89,0.18,0.62,0.16,18608,8.649463891983032
0.71,0.81,0.43,0.66,0.95,0.89,0.18,0.62,0.16,18371,8.652461290359497
0.7,0.8,0.43,0.66,0.95,0.89,0.19,0.62,0.16,18788,8.657465696334839
0.7,0.81,0.43,0.66,0.95,0.89,0.18,0.62,0.16,18841,8.660776853561401
0.7,0.81,0.43,0.66,0.95,0.89,0.18,0.62,0.16,18836,8.66178274154663
0.7,0.8,0.43,0.67,0.95,0.89,0.18,0.62,0.16,18519,8.665395259857178
0.71,0.81,0.43,0.66,0.95,0.89,0.18,0.62,0.16,18814,8.668761730194092
0.7,0.81,0.43,0.66,0.95,0.89,0.18,0.62,0.16,19059,8.673961162567139
0.71,0.81,0.43,0.66,0.95,0.89,0.18,0.62,0.16,18650,8.677069425582886
0.71,0.81,0.43,0.66,0.95,0.89,0.18,0.62,0.16,18843,8.677961111068726
0.7,0.8,0.43,0.66,0.95,0.89,0.18,0.62,0.15,19080,8.681936264038086
0.7,0.8,0.44,0.66,0.95,0.89,0.18,0.62,0.16,19073,8.685960531234741
0.7,0.81,0.44,0.66,0.95,0.89,0.18,0.62,0.16,19008,8.689476490020752
0.7,0.81,0.44,0.66,0.95,0.89,0.17,0.62,0.16,19173,8.689476490020752
0.71,0.81,0.44,0.66,0.95,0.89,0.18,0.62,0.16,18624,8.694765567779541
0.7,0.8,0.44,0.66,0.95,0.89,0.18,0.62,0.16,18909,8.699109077453613
0.71,0.8,0.44,0.66,0.95,0.89,0.18,0.62,0.16,18776,8.701951742172241
0.71,0.8,0.44,0.67,0.95,0.89,0.18,0.62,0.16,18659,8.701951742172241
0.71,0.8,0.43,0.67,0.95,0.89,0.18,0.62,0.16,18936,8.705978393554688
0.71,0.8,0.43,0.67,0.95,0.89,0.18,0.62,0.16,18991,8.710995435714722
0.71,0.81,0.44,0.66,0.95,0.89,0.18,0.62,0.16,19042,8.714261054992676
0.7,0.8,0.43,0.66,0.95,0.89,0.18,0.62,0.16,19015,8.714995622634888
0.71,0.8,0.43,0.66,0.95,0.89,0.18,0.62,0.16,19142,8.718272924423218
0.7,0.8,0.43,0.67,0.95,0.89,0.18,0.62,0.16,19131,8.72264051437378
0.7,0.81,0.44,0.66,0.95,0.88,0.17,0.62,0.16,19244,8.727059364318848
0.7,0.81,0.43,0.65,0.95,0.89,0.17,0.62,0.16,18955,8.727059364318848
0.7,0.81,0.44,0.66,0.95,0.89,0.18,0.62,0.16,18574,8.730323076248169
0.7,0.8,0.44,0.66,0.95,0.89,0.18,0.62,0.16,18755,8.734978437423706
0.7,0.8,0.43,0.66,0.95,0.89,0.18,0.62,0.16,18986,8.738389253616333
0.7,0.8,0.43,0.66,0.95,0.89,0.18,0.62,0.16,19081,8.742457389831543
0.7,0.8,0.44,0.66,0.95,0.89,0.18,0.62,0.16,18806,8.742457389831543
0.7,0.8,0.43,0.66,0.95,0.89,0.18,0.62,0.16,18531,8.74744439125061
0.7,0.81,0.43,0.66,0.95,0.89,0.18,0.62,0.16,18932,8.75143814086914
0.7,0.81,0.44,0.66,0.95,0.89,0.18,0.62,0.16,19179,8.754924774169922
0.71,0.81,0.43,0.66,0.96,0.89,0.18,0.62,0.16,19088,8.755988836288452
0.7,0.81,0.44,0.66,0.95,0.89,0.18,0.62,0.16,19423,8.759915351867676
0.7,0.8,0.44,0.66,0.95,0.89,0.18,0.62,0.16,19314,8.76388144493103
0.7,0.81,0.44,0.65,0.95,0.89,0.19,0.62,0.16,19409,8.767437934875488
0.7,0.81,0.44,0.66,0.95,0.89,0.18,0.62,0.16,19622,8.767437934875488
0.7,0.8,0.44,0.66,0.95,0.89,0.18,0.62,0.16,19341,8.771544218063354
0.7,0.81,0.44,0.66,0.95,0.89,0.18,0.62,0.16,19004,8.776018619537354
0.69,0.81,0.43,0.66,0.95,0.89,0.18,0.62,0.16,18961,8.78002142906189
0.69,0.81,0.44,0.66,0.95,0.89,0.18,0.62,0.16,18832,8.78002142906189
0.7,0.8,0.43,0.66,0.95,0.89,0.18,0.62,0.16,18823,8.784008741378784
0.7,0.8,0.44,0.66,0.95,0.89,0.18,0.62,0.16,18784,8.788003921508789
0.7,0.81,0.43,0.66,0.95,0.89,0.18,0.62,0.16,18717,8.79213285446167
0.7,0.81,0.44,0.66,0.95,0.89,0.18,0.62,0.16,19082,8.79302167892456
0.7,0.81,0.43,0.66,0.95,0.89,0.18,0.62,0.16,19381,8.79572868347168
0.7,0.81,0.43,0.66,0.96,0.89,0.18,0.62,0.16,19060,8.80142092704773
0.7,0.81,0.43,0.66,0.95,0.89,0.18,0.62,0.16,18995,8.804461479187012
0.7,0.8,0.43,0.66,0.95,0.89,0.18,0.62,0.16,19042,8.808127880096436
0.7,0.8,0.44,0.66,0.95,0.89,0.18,0.62,0.16,18757,8.808858871459961
0.7,0.81,0.43,0.66,0.95,0.89,0.17,0.62,0.16,18776,8.81317138671875
0.7,0.8,0.44,0.67,0.95,0.89,0.17,0.62,0.16,18989,8.816465854644775
0.7,0.81,0.43,0.67,0.95,0.89,0.17,0.62,0.16,19050,8.820724248886108
0.7,0.81,0.43,0.66,0.96,0.89,0.18,0.62,0.16,19149,8.821811437606812
0.7,0.81,0.44,0.67,0.95,0.89,0.17,0.62,0.16,19108,8.825335264205933
0.7,0.81,0.43,0.67,0.95,0.89,0.18,0.62,0.16,18817,8.829869985580444
0.7,0.81,0.44,0.66,0.95,0.89,0.18,0.62,0.16,18464,8.833181619644165
0.7,0.8,0.43,0.66,0.96,0.89,0.18,0.62,0.16,18473,8.83390498161316
0.7,0.81,0.44,0.67,0.95,0.89,0.18,0.62,0.16,18688,8.836910009384155
0.7,0.8,0.43,0.66,0.95,0.89,0.18,0.62,0.16,18457,8.841097593307495
0.7,0.8,0.44,0.66,0.95,0.88,0.18,0.62,0.16,18216,8.845130205154419
0.7,0.8,0.44,0.66,0.95,0.89,0.17,0.62,0.16,18709,8.84613561630249
0.7,0.8,0.43,0.66,0.95,0.89,0.18,0.62,0.16,18766,8.850159645080566
0.7,0.8,0.44,0.66,0.95,0.89,0.18,0.62,0.16,18547,8.854135990142822
0.7,0.8,0.44,0.66,0.95,0.89,0.17,0.62,0.16,18440,8.857364892959595
0.7,0.81,0.43,0.66,0.95,0.89,0.18,0.62,0.16,18753,8.857364892959595
0.7,0.81,0.44,0.66,0.95,0.89,0.17,0.62,0.16,18956,8.861400604248047
0.7,0.81,0.44,0.67,0.95,0.89,0.18,0.62,0.16,18603,8.866459131240845
0.7,0.81,0.43,0.67,0.95,0.89,0.18,0.62,0.16,18624,8.869429588317871
0.7,0.81,0.43,0.67,0.95,0.89,0.18,0.62,0.16,18627,8.87043571472168
0.7,0.81,0.44,0.67,0.95,0.89,0.18,0.62,0.16,19244,8.873423337936401
0.7,0.81,0.44,0.67,0.95,0.89,0.18,0.62,0.16,19557,8.878427505493164
0.7,0.81,0.43,0.68,0.95,0.89,0.18,0.62,0.16,19118,8.882537364959717
0.7,0.81,0.43,0.67,0.95,0.88,0.18,0.62,0.16,18979,8.885937213897705
0.7,0.81,0.44,0.67,0.95,0.88,0.18,0.62,0.16,18914,8.88671612739563
0.7,0.81,0.43,0.67,0.95,0.89,0.17,0.62,0.16,18807,8.88973879814148
0.7,0.81,0.43,0.66,0.95,0.89,0.18,0.62,0.16,19224,8.894644737243652
0.7,0.81,0.43,0.66,0.95,0.89,0.18,0.62,0.16,19231,8.898497104644775
0.7,0.81,0.43,0.66,0.95,0.89,0.18,0.62,0.16,19196,8.898497104644775
0.7,0.81,0.44,0.66,0.95,0.89,0.18,0.62,0.16,18973,8.90286660194397
0.7,0.81,0.43,0.66,0.95,0.89,0.18,0.62,0.16,18840,8.90778112411499
0.71,0.81,0.43,0.67,0.95,0.89,0.18,0.62,0.16,19155,8.910244703292847
0.71,0.81,0.43,0.66,0.95,0.89,0.18,0.62,0.16,19188,8.9112548828125
0.71,0.81,0.44,0.67,0.95,0.89,0.18,0.62,0.16,19189,8.915421724319458
0.71,0.81,0.44,0.66,0.95,0.89,0.17,0.62,0.16,19026,8.919495344161987
0.71,0.81,0.43,0.66,0.95,0.89,0.18,0.62,0.16,18867,8.92382550239563
0.71,0.81,0.43,0.66,0.95,0.89,0.17,0.62,0.16,18598,8.92382550239563
0.7,0.81,0.43,0.66,0.95,0.89,0.18,0.62,0.16,18807,8.927273273468018
0.7,0.81,0.43,0.66,0.95,0.89,0.18,0.62,0.16,18984,8.931692600250244
0.71,0.8,0.44,0.66,0.95,0.89,0.17,0.62,0.16,19363,8.935769081115723
0.7,0.8,0.43,0.66,0.95,0.89,0.17,0.62,0.16,18940,8.935769081115723
0.7,0.81,0.43,0.66,0.95,0.89,0.18,0.62,0.16,19279,8.939775228500366
0.7,0.81,0.43,0.66,0.95,0.89,0.18,0.62,0.16,18932,8.944227695465088
0.7,0.81,0.43,0.67,0.95,0.89,0.17,0.62,0.16,18767,8.947749614715576
0.7,0.81,0.43,0.66,0.95,0.89,0.18,0.62,0.16,18620,8.950783491134644
0.7,0.8,0.43,0.66,0.95,0.89,0.18,0.62,0.16,18395,8.951749801635742
0.7,0.8,0.44,0.66,0.95,0.89,0.18,0.62,0.16,18618,8.955443620681763
0.7,0.81,0.43,0.66,0.95,0.89,0.18,0.62,0.16,18951,8.96005654335022
0.7,0.81,0.44,0.66,0.95,0.89,0.18,0.62,0.16,19190,8.964187860488892
0.7,0.81,0.44,0.66,0.95,0.89,0.17,0.62,0.16,18775,8.964187860488892
0.7,0.81,0.43,0.67,0.95,0.89,0.18,0.62,0.16,18746,8.967871904373169
0.7,0.81,0.43,0.66,0.95,0.89,0.18,0.62,0.16,19065,8.972229480743408
0.71,0.81,0.44,0.66,0.95,0.89,0.18,0.62,0.16,19232,8.975465536117554
0.7,0.81,0.44,0.66,0.95,0.89,0.18,0.61,0.16,19403,8.97646975517273
0.7,0.81,0.44,0.67,0.95,0.89,0.17,0.62,0.16,19028,8.980721950531006
0.71,0.81,0.43,0.67,0.95,0.89,0.17,0.61,0.16,18845,8.984882354736328
0.7,0.81,0.44,0.66,0.95,0.89,0.18,0.61,0.16,19024,8.988404035568237
0.7,0.81,0.44,0.66,0.95,0.89,0.17,0.62,0.16,18725,8.988404035568237
0.71,0.81,0.44,0.66,0.95,0.89,0.18,0.61,0.16,18652,8.99219822883606
0.7,0.81,0.43,0.66,0.95,0.89,0.18,0.61,0.16,18915,8.996637344360352
0.7,0.81,0.44,0.66,0.95,0.89,0.18,0.62,0.16,18970,9.000964403152466
0.7,0.81,0.43,0.67,0.96,0.89,0.18,0.61,0.16,19021,9.001959800720215
0.7,0.81,0.43,0.66,0.95,0.89,0.17,0.61,0.16,18768,9.004961729049683
0.71,0.81,0.43,0.66,0.96,0.89,0.17,0.61,0.16,18551,9.00962233543396
0.71,0.8,0.43,0.66,0.96,0.89,0.17,0.62,0.16,18734,9.013633728027344
0.71,0.81,0.44,0.67,0.96,0.89,0.17,0.61,0.16,19107,9.013633728027344
0.7,0.81,0.44,0.67,0.96,0.89,0.17,0.61,0.16,19080,9.017717361450195
0.7,0.81,0.44,0.67,0.95,0.89,0.17,0.62,0.16,18787,9.021881341934204
0.7,0.8,0.44,0.67,0.96,0.89,0.16,0.61,0.16,18548,9.02542781829834
0.7,0.8,0.44,0.67,0.95,0.89,0.18,0.61,0.16,18565,9.029304265975952
0.7,0.8,0.44,0.67,0.96,0.89,0.18,0.62,0.15,18892,9.029894590377808
0.71,0.81,0.43,0.66,0.95,0.88,0.18,0.62,0.16,18687,9.034008026123047
0.7,0.81,0.43,0.66,0.95,0.89,0.18,0.61,0.16,18102,9.0379798412323
0.7,0.81,0.44,0.67,0.95,0.89,0.18,0.62,0.16,18393,9.041874170303345
0.7,0.81,0.43,0.66,0.95,0.89,0.18,0.62,0.16,19148,9.041874170303345
0.7,0.81,0.43,0.67,0.95,0.89,0.18,0.62,0.16,19193,9.045870780944824
0.71,0.81,0.43,0.67,0.95,0.89,0.18,0.62,0.16,19094,9.05088472366333
0.7,0.8,0.43,0.67,0.95,0.89,0.18,0.62,0.16,19015,9.054601907730103
0.7,0.8,0.43,0.66,0.95,0.89,0.17,0.62,0.16,19206,9.054601907730103
0.7,0.8,0.43,0.67,0.95,0.89,0.18,0.62,0.16,18965,9.058619737625122
0.7,0.8,0.43,0.67,0.95,0.89,0.18,0.62,0.16,18840,9.06261944770813
0.7,0.8,0.43,0.66,0.95,0.89,0.18,0.62,0.16,18965,9.066619634628296
0.7,0.81,0.43,0.67,0.95,0.89,0.18,0.62,0.16,18752,9.066619634628296
0.7,0.81,0.43,0.66,0.95,0.89,0.18,0.62,0.16,18333,9.070658206939697
0.7,0.81,0.44,0.66,0.95,0.89,0.17,0.62,0.16,18480,9.074677467346191
0.7,0.8,0.43,0.67,0.95,0.89,0.18,0.62,0.16,18669,9.078728199005127
0.7,0.8,0.43,0.66,0.95,0.89,0.18,0.62,0.16,18748,9.078728199005127
0.7,0.8,0.43,0.66,0.95,0.89,0.18,0.62,0.16,18657,9.082818508148193
0.71,0.81,0.43,0.67,0.95,0.89,0.18,0.62,0.16,18678,9.087575197219849
0.7,0.8,0.43,0.66,0.95,0.89,0.18,0.62,0.16,18909,9.091564178466797
0.7,0.8,0.43,0.67,0.95,0.89,0.18,0.62,0.16,19384,9.094855546951294
0.69,0.8,0.43,0.67,0.95,0.89,0.18,0.62,0.16,18919,9.09557580947876
0.7,0.8,0.43,0.66,0.95,0.89,0.18,0.62,0.16,18438,9.099801778793335
0.7,0.8,0.43,0.67,0.95,0.89,0.18,0.62,0.16,18357,9.103475570678711
0.7,0.81,0.43,0.67,0.96,0.89,0.17,0.62,0.16,18466,9.107081413269043
0.7,0.81,0.43,0.67,0.95,0.89,0.18,0.62,0.16,18635,9.108133316040039
0.7,0.8,0.43,0.67,0.95,0.89,0.18,0.62,0.16,18690,9.112157583236694
0.7,0.81,0.43,0.67,0.95,0.89,0.18,0.62,0.16,18621,9.11618709564209
0.7,0.81,0.43,0.67,0.96,0.89,0.18,0.61,0.16,18898,9.11975383758545
0.7,0.81,0.43,0.67,0.96,0.89,0.18,0.62,0.16,18819,9.120840787887573
0.7,0.81,0.43,0.66,0.95,0.89,0.18,0.62,0.16,18622,9.123840808868408
0.7,0.81,0.43,0.67,0.95,0.89,0.18,0.61,0.16,18967,9.129156827926636
0.7,0.8,0.43,0.67,0.96,0.89,0.18,0.62,0.16,19086,9.131563425064087
0.7,0.81,0.43,0.67,0.95,0.89,0.18,0.62,0.16,19247,9.132687091827393
0.7,0.81,0.43,0.66,0.95,0.89,0.18,0.62,0.16,18778,9.135754346847534
0.7,0.81,0.43,0.66,0.95,0.89,0.18,0.62,0.16,18633,9.140744686126709
0.7,0.8,0.43,0.66,0.95,0.89,0.18,0.62,0.16,19132,9.144091844558716
0.7,0.8,0.43,0.67,0.95,0.89,0.18,0.62,0.16,19241,9.145126342773438
0.7,0.81,0.44,0.67,0.95,0.88,0.18,0.62,0.16,18800,9.14886736869812
0.7,0.8,0.43,0.67,0.95,0.89,0.18,0.62,0.16,18335,9.15305757522583
0.7,0.81,0.43,0.66,0.96,0.89,0.18,0.62,0.16,18286,9.156056880950928
0.7,0.8,0.43,0.66,0.96,0.89,0.18,0.62,0.16,18889,9.157057762145996
0.7,0.8,0.43,0.67,0.95,0.88,0.18,0.62,0.16,19312,9.16005825996399
0.7,0.8,0.43,0.67,0.95,0.89,0.18,0.62,0.16,19329,9.16505765914917
0.7,0.8,0.43,0.66,0.95,0.89,0.18,0.62,0.16,18894,9.169170618057251
0.71,0.8,0.43,0.66,0.95,0.89,0.18,0.62,0.16,18933,9.169170618057251
0.7,0.81,0.43,0.66,0.95,0.89,0.18,0.62,0.17,18982,9.172642946243286
0.7,0.8,0.43,0.67,0.95,0.89,0.18,0.62,0.16,19049,9.176774024963379
0.7,0.8,0.43,0.66,0.95,0.89,0.18,0.62,0.16,18936,9.181803703308105
0.7,0.81,0.43,0.66,0.95,0.88,0.18,0.61,0.16,18845,9.184802293777466
0.7,0.81,0.43,0.67,0.95,0.89,0.18,0.62,0.16,18896,9.18579888343811
0.7,0.81,0.43,0.67,0.95,0.89,0.18,0.62,0.16,18675,9.18980360031128
0.7,0.81,0.43,0.67,0.95,0.89,0.18,0.61,0.16,18850,9.193263053894043
0.7,0.8,0.43,0.67,0.96,0.89,0.18,0.62,0.16,18899,9.197144031524658
0.7,0.8,0.43,0.67,0.96,0.89,0.18,0.62,0.16,18744,9.198192119598389
0.7,0.8,0.43,0.67,0.95,0.89,0.18,0.62,0.16,18717,9.20121431350708
0.7,0.8,0.43,0.67,0.95,0.89,0.18,0.61,0.16,18926,9.206225633621216
0.71,0.8,0.43,0.68,0.96,0.89,0.18,0.61,0.16,19177,9.20945119857788
0.7,0.81,0.43,0.67,0.96,0.89,0.17,0.61,0.16,19122,9.210596561431885
0.7,0.8,0.43,0.67,0.95,0.89,0.18,0.62,0.16,18873,9.214471578598022
0.7,0.8,0.43,0.67,0.95,0.89,0.18,0.61,0.16,18682,9.21848201751709
0.7,0.8,0.43,0.67,0.96,0.89,0.18,0.61,0.16,19289,9.222495555877686
0.7,0.8,0.43,0.67,0.96,0.89,0.18,0.61,0.16,19210,9.222495555877686
0.7,0.8,0.43,0.67,0.96,0.89,0.17,0.62,0.16,18711,9.226179122924805
0.7,0.8,0.43,0.67,0.95,0.89,0.18,0.61,0.16,18592,9.230700016021729
0.7,0.8,0.43,0.67,0.96,0.89,0.18,0.62,0.16,18421,9.23408842086792
0.7,0.81,0.43,0.67,0.96,0.89,0.18,0.61,0.16,18726,9.23408842086792
0.7,0.81,0.43,0.68,0.96,0.89,0.18,0.61,0.16,18439,9.238535404205322
0.7,0.81,0.43,0.67,0.96,0.89,0.17,0.61,0.16,18816,9.242689371109009
0.71,0.8,0.43,0.67,0.95,0.89,0.18,0.61,0.16,19195,9.246714353561401
0.7,0.81,0.43,0.67,0.96,0.88,0.19,0.61,0.16,19112,9.246714353561401
0.71,0.81,0.43,0.67,0.96,0.89,0.18,0.61,0.16,18929,9.250840425491333
0.7,0.81,0.43,0.67,0.96,0.89,0.17,0.61,0.16,18720,9.255840539932251
0.71,0.8,0.43,0.67,0.96,0.89,0.18,0.61,0.16,18687,9.259840250015259
0.7,0.8,0.43,0.67,0.96,0.89,0.18,0.61,0.16,18858,9.263110399246216
0.7,0.8,0.43,0.67,0.96,0.89,0.18,0.61,0.16,18907,9.263816118240356
0.7,0.8,0.43,0.67,0.96,0.89,0.18,0.61,0.16,18818,9.268154859542847
0.7,0.8,0.43,0.67,0.96,0.89,0.18,0.61,0.16,18475,9.271384477615356
0.7,0.8,0.43,0.67,0.95,0.89,0.18,0.61,0.16,18928,9.274786710739136
0.7,0.8,0.43,0.67,0.96,0.88,0.18,0.61,0.16,19069,9.275835752487183
0.71,0.8,0.43,0.67,0.96,0.88,0.17,0.61,0.16,18846,9.279836654663086
0.7,0.8,0.43,0.67,0.96,0.89,0.18,0.61,0.16,18837,9.284814596176147
0.7,0.8,0.43,0.66,0.96,0.89,0.18,0.61,0.16,18470,9.287806510925293
0.7,0.8,0.43,0.67,0.96,0.89,0.18,0.61,0.16,18447,9.288812160491943
0.7,0.8,0.43,0.67,0.96,0.88,0.18,0.61,0.16,18448,9.292227506637573
0.7,0.81,0.43,0.67,0.96,0.89,0.18,0.61,0.16,18679,9.296990633010864
0.7,0.81,0.43,0.67,0.96,0.88,0.18,0.61,0.16,18832,9.300487279891968
0.7,0.81,0.43,0.67,0.96,0.88,0.18,0.61,0.16,18859,9.300487279891968
0.7,0.81,0.43,0.67,0.96,0.88,0.18,0.61,0.16,18656,9.304742097854614
0.7,0.8,0.43,0.67,0.96,0.89,0.18,0.61,0.16,18639,9.308801174163818
0.7,0.8,0.43,0.67,0.96,0.88,0.18,0.61,0.16,18964,9.312833309173584
0.7,0.8,0.43,0.68,0.96,0.89,0.18,0.61,0.16,18663,9.312833309173584
0.7,0.8,0.43,0.67,0.96,0.89,0.18,0.61,0.16,18756,9.316368818283081
0.7,0.8,0.43,0.67,0.96,0.89,0.18,0.61,0.16,19293,9.320861101150513
0.7,0.8,0.43,0.67,0.96,0.88,0.18,0.61,0.17,19568,9.324893236160278
0.7,0.8,0.43,0.67,0.96,0.89,0.18,0.61,0.16,19145,9.325413703918457
0.7,0.8,0.43,0.67,0.96,0.89,0.18,0.61,0.16,18572,9.328799962997437
0.7,0.81,0.43,0.67,0.96,0.89,0.18,0.61,0.16,18591,9.332282781600952
0.7,0.81,0.43,0.67,0.96,0.89,0.18,0.61,0.16,19276,9.337438344955444
0.7,0.81,0.43,0.67,0.97,0.89,0.17,0.61,0.16,19589,9.337438344955444
0.7,0.8,0.43,0.67,0.96,0.88,0.17,0.61,0.16,19544,9.341514825820923
0.7,0.8,0.43,0.67,0.96,0.88,0.18,0.61,0.16,18797,9.344985008239746
0.7,0.81,0.43,0.67,0.96,0.89,0.18,0.61,0.16,18554,9.350217819213867
0.7,0.81,0.43,0.67,0.96,0.89,0.18,0.61,0.16,18419,9.353198051452637
0.7,0.8,0.43,0.67,0.96,0.89,0.17,0.61,0.16,18758,9.353198051452637
0.7,0.81,0.44,0.66,0.96,0.89,0.18,0.61,0.16,19029,9.358227968215942
0.7,0.8,0.43,0.67,0.96,0.89,0.17,0.61,0.16,18898,9.361513614654541
0.7,0.81,0.43,0.67,0.96,0.89,0.18,0.62,0.16,18817,9.366214513778687
0.71,0.8,0.43,0.67,0.96,0.89,0.18,0.61,0.16,18998,9.366214513778687
0.7,0.8,0.43,0.66,0.96,0.89,0.18,0.61,0.16,19091,9.36966609954834
0.7,0.8,0.43,0.67,0.96,0.89,0.18,0.61,0.16,19042,9.374254941940308
0.7,0.8,0.43,0.67,0.97,0.88,0.18,0.61,0.16,19205,9.378263711929321
0.7,0.8,0.43,0.67,0.96,0.88,0.17,0.61,0.16,19328,9.378263711929321
0.7,0.8,0.43,0.67,0.96,0.88,0.18,0.61,0.16,19205,9.382276773452759
0.7,0.8,0.43,0.67,0.96,0.89,0.18,0.61,0.16,18738,9.386263608932495
0.7,0.8,0.43,0.67,0.96,0.89,0.17,0.61,0.16,19029,9.390641689300537
0.7,0.8,0.43,0.67,0.96,0.89,0.18,0.61,0.16,18904,9.390641689300537
0.7,0.8,0.43,0.67,0.96,0.89,0.18,0.61,0.16,18819,9.394629955291748
0.7,0.8,0.43,0.67,0.97,0.88,0.18,0.61,0.16,19096,9.398256540298462
0.69,0.8,0.43,0.67,0.97,0.88,0.18,0.61,0.16,18799,9.40264081954956
0.7,0.8,0.43,0.67,0.96,0.89,0.18,0.61,0.16,18874,9.403684854507446
0.7,0.8,0.43,0.67,0.96,0.89,0.18,0.61,0.16,19015,9.407074689865112
0.7,0.81,0.43,0.67,0.97,0.89,0.18,0.61,0.16,19138,9.410527229309082
0.7,0.8,0.43,0.67,0.96,0.88,0.18,0.62,0.16,18995,9.415382146835327
0.7,0.8,0.43,0.67,0.96,0.89,0.18,0.61,0.16,18816,9.418372869491577
0.7,0.8,0.43,0.67,0.96,0.89,0.18,0.61,0.16,18697,9.418372869491577
0.7,0.8,0.43,0.67,0.96,0.89,0.18,0.61,0.16,18976,9.422602891921997
0.7,0.8,0.43,0.67,0.97,0.89,0.18,0.61,0.16,19053,9.426811933517456
0.7,0.8,0.43,0.67,0.96,0.89,0.18,0.61,0.16,18630,9.43098258972168
0.7,0.8,0.43,0.67,0.96,0.89,0.17,0.61,0.16,18963,9.432074546813965
0.69,0.8,0.43,0.67,0.96,0.89,0.18,0.62,0.16,19180,9.435049533843994
0.7,0.8,0.42,0.67,0.96,0.89,0.18,0.62,0.16,18971,9.439152002334595
0.71,0.8,0.43,0.67,0.96,0.89,0.18,0.61,0.16,19030,9.443151950836182
0.7,0.8,0.43,0.67,0.97,0.89,0.18,0.62,0.16,18757,9.443151950836182
0.7,0.8,0.43,0.67,0.96,0.88,0.18,0.61,0.16,18722,9.44736933708191
0.7,0.8,0.43,0.67,0.96,0.89,0.17,0.61,0.16,18783,9.452325582504272
0.7,0.8,0.43,0.67,0.96,0.89,0.17,0.61,0.16,18778,9.455814123153687
0.7,0.8,0.43,0.67,0.96,0.89,0.18,0.62,0.16,18955,9.456822633743286
0.7,0.8,0.43,0.67,0.97,0.89,0.18,0.61,0.16,18786,9.459685802459717
0.7,0.8,0.43,0.67,0.96,0.88,0.18,0.61,0.16,18673,9.464235067367554
0.7,0.8,0.43,0.66,0.97,0.88,0.18,0.61,0.16,18644,9.468597650527954
0.7,0.8,0.43,0.67,0.97,0.89,0.18,0.61,0.16,18945,9.468597650527954
0.7,0.8,0.43,0.67,0.96,0.89,0.18,0.61,0.16,18804,9.472322702407837
0.7,0.8,0.43,0.67,0.96,0.89,0.18,0.61,0.16,18941,9.477144002914429
0.7,0.8,0.43,0.67,0.97,0.89,0.18,0.61,0.16,19636,9.480621337890625
0.71,0.8,0.43,0.68,0.96,0.89,0.18,0.61,0.16,19009,9.484618902206421
0.7,0.8,0.43,0.67,0.97,0.89,0.18,0.61,0.16,18536,9.484618902206421
0.7,0.8,0.43,0.67,0.96,0.89,0.18,0.62,0.16,18881,9.488694667816162
0.71,0.8,0.43,0.67,0.97,0.89,0.18,0.61,0.16,19130,9.492688179016113
0.7,0.8,0.43,0.67,0.96,0.89,0.18,0.61,0.16,18615,9.495995998382568
0.7,0.8,0.43,0.67,0.97,0.89,0.18,0.61,0.16,18536,9.495995998382568
0.7,0.8,0.43,0.67,0.96,0.89,0.18,0.61,0.16,18813,9.501053810119629
0.7,0.8,0.43,0.67,0.96,0.89,0.18,0.61,0.16,19038,9.505065202713013
0.71,0.8,0.43,0.67,0.96,0.89,0.18,0.61,0.16,18565,9.508871793746948
0.7,0.8,0.43,0.67,0.96,0.89,0.18,0.61,0.16,18442,9.50994610786438
0.7,0.8,0.43,0.67,0.96,0.89,0.17,0.61,0.16,18541,9.512958526611328
0.7,0.8,0.43,0.67,0.97,0.89,0.18,0.61,0.16,19094,9.516966581344604
0.7,0.8,0.43,0.67,0.96,0.88,0.18,0.61,0.16,18901,9.520724534988403
0.7,0.8,0.43,0.67,0.96,0.89,0.18,0.61,0.16,18852,9.52178144454956
0.7,0.8,0.43,0.67,0.96,0.89,0.18,0.61,0.16,18843,9.52558970451355
0.7,0.8,0.43,0.67,0.96,0.89,0.18,0.61,0.16,18348,9.528956651687622
0.7,0.8,0.43,0.67,0.96,0.89,0.18,0.61,0.16,18193,9.533677101135254
0.7,0.81,0.43,0.67,0.97,0.89,0.18,0.61,0.16,18818,9.533677101135254
0.7,0.8,0.43,0.67,0.96,0.89,0.18,0.61,0.16,19115,9.53766918182373
0.7,0.8,0.43,0.67,0.97,0.89,0.17,0.61,0.16,18908,9.541057109832764
0.71,0.8,0.43,0.67,0.97,0.89,0.18,0.61,0.16,18919,9.545900344848633
0.7,0.8,0.43,0.67,0.97,0.89,0.18,0.61,0.16,18968,9.547019958496094
0.71,0.8,0.43,0.67,0.97,0.89,0.18,0.61,0.16,18275,9.55007815361023
0.71,0.8,0.43,0.68,0.97,0.89,0.18,0.61,0.16,18438,9.55306887626648
0.71,0.8,0.43,0.67,0.96,0.89,0.18,0.61,0.16,19145,9.558069944381714
0.7,0.8,0.43,0.66,0.97,0.89,0.18,0.61,0.16,19136,9.562160730361938
0.71,0.8,0.43,0.67,0.96,0.89,0.17,0.61,0.16,18857,9.562239170074463
0.71,0.8,0.43,0.67,0.96,0.89,0.18,0.61,0.16,18924,9.566075563430786
0.71,0.8,0.43,0.67,0.96,0.89,0.18,0.61,0.16,19219,9.57016396522522
0.7,0.81,0.43,0.67,0.96,0.89,0.18,0.61,0.16,19480,9.574200630187988
0.7,0.8,0.43,0.67,0.97,0.89,0.18,0.61,0.16,19073,9.574200630187988
0.71,0.8,0.43,0.67,0.96,0.89,0.18,0.61,0.16,18696,9.578192472457886
0.7,0.8,0.43,0.68,0.97,0.89,0.18,0.61,0.16,18513,9.583198547363281
0.7,0.8,0.43,0.67,0.97,0.89,0.18,0.61,0.16,18512,9.586539268493652
0.71,0.8,0.43,0.67,0.97,0.89,0.18,0.61,0.16,18859,9.587204217910767
0.71,0.8,0.43,0.67,0.97,0.89,0.18,0.61,0.16,19116,9.591228008270264
0.71,0.8,0.43,0.66,0.97,0.89,0.18,0.61,0.16,19219,9.595221757888794
0.71,0.8,0.43,0.67,0.97,0.89,0.18,0.61,0.16,18934,9.599556684494019
0.71,0.8,0.43,0.67,0.97,0.89,0.18,0.61,0.16,18875,9.599556684494019
0.71,0.8,0.43,0.67,0.96,0.89,0.18,0.61,0.16,18888,9.604113340377808
0.7,0.8,0.43,0.67,0.96,0.89,0.17,0.61,0.16,19083,9.607546329498291
0.7,0.8,0.43,0.67,0.97,0.89,0.18,0.61,0.16,18824,9.611994743347168
0.7,0.8,0.43,0.67,0.97,0.89,0.18,0.61,0.16,18755,9.611994743347168
0.7,0.8,0.43,0.67,0.96,0.89,0.18,0.61,0.16,18928,9.615994691848755
0.71,0.8,0.43,0.67,0.97,0.89,0.18,0.61,0.16,19039,9.619946718215942
0.7,0.79,0.43,0.67,0.97,0.89,0.18,0.61,0.16,19166,9.624088525772095
0.7,0.8,0.43,0.67,0.96,0.88,0.18,0.61,0.16,19297,9.627165079116821
0.7,0.8,0.43,0.67,0.97,0.89,0.18,0.61,0.16,18994,9.627165079116821
0.7,0.8,0.43,0.67,0.97,0.89,0.18,0.61,0.16,18989,9.631406545639038
0.7,0.8,0.43,0.67,0.97,0.88,0.18,0.61,0.16,19010,9.635578155517578
0.71,0.8,0.43,0.67,0.97,0.89,0.18,0.61,0.16,19031,9.639610052108765
0.7,0.8,0.43,0.67,0.97,0.89,0.18,0.61,0.16,18898,9.639610052108765
0.71,0.8,0.43,0.67,0.97,0.88,0.18,0.61,0.16,18541,9.643644571304321
0.71,0.8,0.43,0.67,0.97,0.88,0.18,0.61,0.16,18606,9.64864468574524
0.71,0.8,0.43,0.67,0.96,0.88,0.18,0.61,0.16,18991,9.65164041519165
0.71,0.8,0.42,0.66,0.97,0.88,0.18,0.61,0.16,19256,9.65164041519165
0.71,0.8,0.42,0.66,0.97,0.89,0.18,0.61,0.16,19087,9.656782627105713
0.71,0.8,0.43,0.67,0.97,0.89,0.18,0.61,0.16,18918,9.660442352294922
0.71,0.8,0.43,0.67,0.97,0.89,0.19,0.61,0.16,18739,9.664296627044678
0.71,0.8,0.43,0.67,0.97,0.89,0.19,0.61,0.16,18774,9.664931297302246
0.71,0.8,0.43,0.67,0.97,0.88,0.18,0.61,0.16,19117,9.668931484222412
0.7,0.8,0.43,0.67,0.97,0.89,0.18,0.61,0.16,19422,9.672979354858398
0.71,0.8,0.43,0.66,0.97,0.89,0.18,0.62,0.16,19611,9.67697787284851
0.71,0.8,0.43,0.66,0.96,0.89,0.18,0.61,0.16,19372,9.677931308746338
0.71,0.8,0.43,0.66,0.96,0.88,0.18,0.61,0.16,19019,9.681029319763184
0.7,0.8,0.43,0.67,0.97,0.89,0.18,0.61,0.16,18624,9.68515658378601
0.7,0.8,0.43,0.67,0.97,0.89,0.18,0.61,0.16,18929,9.689285039901733
0.7,0.8,0.43,0.67,0.97,0.89,0.18,0.61,0.16,18946,9.690359592437744
0.7,0.8,0.43,0.67,0.96,0.89,0.18,0.61,0.16,18971,9.693920612335205
0.71,0.8,0.43,0.67,0.96,0.89,0.18,0.61,0.16,18808,9.69751238822937
0.7,0.8,0.43,0.67,0.96,0.89,0.18,0.62,0.16,19097,9.70162844657898
0.7,0.8,0.42,0.67,0.96,0.88,0.18,0.61,0.16,19072,9.705731868743896
0.71,0.8,0.42,0.67,0.97,0.89,0.18,0.61,0.15,19189,9.705731868743896
0.7,0.8,0.43,0.67,0.97,0.88,0.17,0.61,0.16,19016,9.709642171859741
0.7,0.8,0.42,0.67,0.96,0.88,0.17,0.62,0.16,18985,9.71397066116333
0.71,0.8,0.42,0.67,0.97,0.88,0.18,0.62,0.16,19124,9.71793246269226
0.71,0.8,0.42,0.67,0.97,0.89,0.18,0.61,0.16,19017,9.718989849090576
0.7,0.8,0.42,0.67,0.96,0.89,0.18,0.62,0.16,18784,9.722333669662476
0.7,0.8,0.42,0.67,0.96,0.88,0.18,0.62,0.16,19027,9.725779294967651
0.71,0.8,0.43,0.67,0.96,0.89,0.18,0.61,0.16,18990,9.72981333732605
0.71,0.8,0.43,0.67,0.96,0.89,0.18,0.61,0.16,18885,9.730819463729858
0.71,0.8,0.42,0.67,0.97,0.89,0.18,0.61,0.16,18656,9.733545303344727
0.71,0.8,0.43,0.66,0.97,0.89,0.18,0.61,0.16,18775,9.738774299621582
0.71,0.8,0.43,0.67,0.97,0.89,0.18,0.61,0.16,19122,9.742138862609863
0.7,0.8,0.43,0.67,0.96,0.89,0.18,0.61,0.16,19107,9.743181467056274
0.71,0.8,0.42,0.67,0.96,0.88,0.18,0.62,0.16,18738,9.746177673339844
0.71,0.8,0.42,0.66,0.97,0.88,0.18,0.61,0.15,18611,9.750243425369263
0.71,0.8,0.42,0.67,0.97,0.89,0.18,0.61,0.16,18644,9.754237174987793
0.71,0.8,0.42,0.67,0.97,0.89,0.18,0.62,0.16,18921,9.755287170410156
0.71,0.8,0.43,0.67,0.97,0.89,0.18,0.61,0.16,18630,9.758508682250977
0.71,0.8,0.42,0.67,0.97,0.88,0.18,0.61,0.16,18499,9.76250672340393
0.71,0.8,0.42,0.67,0.96,0.89,0.18,0.61,0.16,18350,9.766504287719727
0.71,0.8,0.42,0.67,0.97,0.89,0.18,0.61,0.16,18799,9.770503759384155
0.71,0.8,0.42,0.67,0.97,0.89,0.18,0.61,0.16,18916,9.771679162979126
0.71,0.8,0.42,0.67,0.97,0.89,0.18,0.61,0.16,18943,9.774915218353271
0.71,0.8,0.42,0.67,0.97,0.89,0.19,0.61,0.16,18910,9.779956340789795
0.7,0.8,0.42,0.67,0.97,0.89,0.18,0.62,0.16,19031,9.783334255218506
0.71,0.8,0.42,0.67,0.97,0.89,0.18,0.62,0.16,19042,9.784380912780762
0.71,0.8,0.42,0.67,0.97,0.89,0.18,0.61,0.16,18887,9.787285566329956
0.71,0.8,0.42,0.67,0.96,0.89,0.18,0.61,0.16,18924,9.791579961776733
0.71,0.8,0.42,0.67,0.97,0.89,0.18,0.61,0.16,18669,9.795580863952637
0.7,0.8,0.42,0.67,0.97,0.89,0.18,0.62,0.16,18752,9.795580863952637
0.7,0.8,0.42,0.67,0.97,0.89,0.18,0.61,0.16,19177,9.80007266998291
0.7,0.8,0.42,0.67,0.97,0.89,0.18,0.61,0.16,18726,9.803547859191895
0.7,0.81,0.43,0.67,0.96,0.89,0.18,0.61,0.16,18885,9.807903528213501
0.7,0.8,0.42,0.67,0.96,0.89,0.18,0.61,0.16,19086,9.808588743209839
0.7,0.81,0.42,0.67,0.96,0.88,0.18,0.61,0.16,18859,9.812016248703003
0.7,0.81,0.42,0.67,0.96,0.88,0.18,0.61,0.16,18634,9.817082166671753
0.7,0.81,0.42,0.67,0.96,0.89,0.18,0.61,0.16,18857,9.820611476898193
0.7,0.8,0.42,0.67,0.96,0.88,0.18,0.61,0.16,18920,9.820611476898193
0.7,0.8,0.42,0.67,0.96,0.89,0.18,0.61,0.16,18777,9.8247971534729
0.71,0.8,0.42,0.67,0.96,0.89,0.18,0.62,0.16,18774,9.828866481781006
0.7,0.81,0.42,0.67,0.96,0.89,0.18,0.6,0.16,19101,9.833155632019043
0.71,0.8,0.42,0.67,0.97,0.89,0.18,0.61,0.16,19150,9.836565971374512
0.7,0.8,0.42,0.67,0.96,0.89,0.18,0.62,0.16,19015,9.836565971374512
0.71,0.81,0.42,0.67,0.96,0.89,0.18,0.61,0.16,19176,9.840564250946045
0.7,0.8,0.42,0.67,0.96,0.89,0.17,0.61,0.16,19369,9.84494686126709
0.7,0.81,0.42,0.67,0.96,0.89,0.19,0.61,0.16,19092,9.848457098007202
0.7,0.8,0.42,0.67,0.96,0.89,0.18,0.61,0.16,18673,9.848457098007202
0.7,0.81,0.42,0.67,0.97,0.89,0.18,0.61,0.16,18692,9.852455377578735
0.7,0.81,0.42,0.67,0.96,0.88,0.18,0.61,0.16,19243,9.857765913009644
0.7,0.81,0.42,0.67,0.97,0.89,0.18,0.61,0.16,19278,9.860812664031982
0.71,0.8,0.42,0.66,0.96,0.89,0.18,0.61,0.16,18757,9.862004041671753
0.7,0.8,0.42,0.66,0.97,0.89,0.18,0.61,0.16,18592,9.865286588668823
0.7,0.8,0.43,0.67,0.96,0.89,0.17,0.61,0.16,18687,9.86928653717041
0.7,0.8,0.42,0.67,0.97,0.89,0.18,0.61,0.16,18778,9.873257160186768
0.71,0.8,0.43,0.66,0.96,0.89,0.18,0.61,0.16,18729,9.874278545379639
0.7,0.8,0.43,0.67,0.97,0.89,0.18,0.61,0.16,19032,9.878250122070312
0.71,0.8,0.42,0.67,0.97,0.89,0.18,0.62,0.16,18957,9.881376504898071
0.71,0.8,0.42,0.67,0.96,0.89,0.18,0.61,0.16,18822,9.88620924949646
0.71,0.8,0.43,0.67,0.96,0.89,0.18,0.62,0.16,18951,9.88620924949646
0.71,0.8,0.43,0.67,0.97,0.89,0.18,0.61,0.16,19034,9.890250444412231
0.71,0.8,0.42,0.67,0.96,0.89,0.18,0.61,0.16,18565,9.893256902694702
0.71,0.8,0.42,0.67,0.96,0.89,0.18,0.61,0.16,18618,9.897667169570923
0.71,0.8,0.42,0.67,0.97,0.89,0.18,0.61,0.16,18755,9.901667356491089
0.71,0.8,0.42,0.67,0.97,0.89,0.18,0.61,0.16,18734,9.901667356491089
0.71,0.8,0.42,0.67,0.96,0.89,0.17,0.62,0.16,18569,9.90589451789856
0.71,0.8,0.42,0.66,0.97,0.89,0.18,0.62,0.16,18738,9.911048889160156
0.71,0.8,0.42,0.67,0.97,0.89,0.18,0.61,0.16,19295,9.91404914855957
0.71,0.8,0.42,0.67,0.96,0.89,0.18,0.61,0.16,19148,9.915048837661743
0.71,0.8,0.43,0.67,0.96,0.89,0.19,0.62,0.16,18807,9.919050455093384
0.71,0.8,0.42,0.67,0.97,0.89,0.18,0.61,0.16,18620,9.923049926757812
0.71,0.8,0.42,0.66,0.96,0.89,0.18,0.62,0.16,18925,9.926394701004028
0.71,0.8,0.42,0.66,0.96,0.89,0.18,0.61,0.16,19346,9.926918745040894
0.71,0.8,0.43,0.66,0.96,0.89,0.18,0.61,0.16,19549,9.931130170822144
0.71,0.8,0.43,0.67,0.96,0.89,0.18,0.62,0.16,19100,9.934949159622192
0.71,0.8,0.43,0.66,0.97,0.89,0.18,0.61,0.16,18705,9.938438892364502
0.71,0.8,0.42,0.67,0.96,0.89,0.18,0.62,0.16,18622,9.939505338668823
0.71,0.8,0.42,0.66,0.97,0.89,0.18,0.61,0.16,18783,9.942939281463623
0.71,0.8,0.42,0.66,0.96,0.89,0.18,0.61,0.16,19166,9.947490215301514
0.71,0.8,0.42,0.67,0.96,0.89,0.18,0.61,0.16,18959,9.951514720916748
0.71,0.81,0.42,0.66,0.96,0.89,0.18,0.61,0.15,19252,9.951514720916748
0.71,0.81,0.42,0.66,0.96,0.89,0.18,0.61,0.16,19207,9.955518007278442
0.71,0.81,0.42,0.67,0.96,0.89,0.18,0.62,0.16,18936,9.960102796554565
0.71,0.81,0.42,0.67,0.96,0.89,0.18,0.61,0.16,18685,9.963918924331665
0.71,0.81,0.42,0.67,0.96,0.89,0.18,0.61,0.16,18778,9.963918924331665
0.71,0.8,0.42,0.67,0.96,0.89,0.18,0.61,0.16,18517,9.967586994171143
0.7,0.8,0.42,0.67,0.96,0.89,0.18,0.61,0.16,18644,9.97264313697815
0.71,0.8,0.42,0.68,0.96,0.89,0.18,0.61,0.16,18195,9.97583556175232
0.71,0.8,0.42,0.66,0.96,0.89,0.18,0.61,0.16,18172,9.979835271835327
0.71,0.8,0.42,0.66,0.96,0.89,0.18,0.61,0.16,18757,9.979835271835327
0.71,0.8,0.42,0.66,0.95,0.89,0.18,0.61,0.16,19218,9.984307765960693
0.7,0.8,0.43,0.67,0.96,0.89,0.18,0.61,0.16,18463,9.98789119720459
0.71,0.8,0.43,0.67,0.96,0.89,0.18,0.61,0.16,18234,9.992176532745361
0.71,0.8,0.42,0.67,0.96,0.89,0.18,0.61,0.16,18717,9.992915391921997
0.71,0.8,0.42,0.67,0.95,0.89,0.18,0.62,0.16,18796,9.995915174484253
0.71,0.8,0.42,0.67,0.96,0.89,0.18,0.61,0.16,18909,10.000208854675293
0.7,0.8,0.42,0.67,0.96,0.89,0.18,0.61,0.16,18984,10.004536867141724
0.71,0.8,0.42,0.67,0.96,0.89,0.18,0.61,0.16,18787,10.004536867141724
0.71,0.8,0.42,0.67,0.96,0.89,0.18,0.61,0.16,18562,10.008544683456421
0.71,0.8,0.42,0.67,0.96,0.89,0.18,0.61,0.16,18617,10.012659788131714
0.71,0.8,0.43,0.67,0.96,0.89,0.18,0.62,0.16,18822,10.016647815704346
0.71,0.8,0.42,0.67,0.96,0.89,0.18,0.61,0.16,18669,10.016647815704346
0.71,0.8,0.42,0.67,0.96,0.89,0.18,0.62,0.16,18744,10.020667791366577
0.71,0.8,0.42,0.67,0.96,0.89,0.18,0.62,0.16,18995,10.024823427200317
0.71,0.8,0.42,0.66,0.96,0.89,0.18,0.62,0.16,19110,10.028829574584961
0.71,0.8,0.42,0.66,0.96,0.89,0.18,0.62,0.16,18819,10.028829574584961
0.71,0.8,0.42,0.67,0.96,0.89,0.18,0.61,0.16,19038,10.033938884735107
0.7,0.8,0.42,0.67,0.96,0.89,0.18,0.62,0.16,19069,10.037938833236694
0.7,0.8,0.42,0.67,0.96,0.89,0.18,0.62,0.16,19168,10.04193902015686
0.71,0.81,0.42,0.68,0.96,0.89,0.18,0.61,0.16,19075,10.044901609420776
0.71,0.8,0.42,0.67,0.96,0.89,0.18,0.62,0.16,18574,10.04590892791748
0.71,0.8,0.43,0.67,0.96,0.89,0.18,0.61,0.16,18641,10.049069166183472
0.71,0.81,0.42,0.67,0.96,0.89,0.18,0.61,0.16,18426,10.054449558258057
0.71,0.8,0.42,0.67,0.96,0.89,0.18,0.61,0.15,18239,10.057569026947021
0.71,0.8,0.42,0.67,0.96,0.89,0.17,0.61,0.16,18418,10.057569026947021
0.71,0.8,0.42,0.67,0.96,0.89,0.18,0.62,0.16,18807,10.061563730239868
0.71,0.8,0.42,0.67,0.96,0.89,0.18,0.62,0.16,19184,10.065563678741455
0.71,0.8,0.42,0.67,0.96,0.89,0.18,0.61,0.16,18605,10.06956434249878
0.71,0.8,0.42,0.66,0.96,0.89,0.18,0.61,0.16,18738,10.06956434249878
0.71,0.8,0.42,0.67,0.96,0.89,0.17,0.61,0.16,19015,10.073817491531372
0.71,0.8,0.42,0.67,0.96,0.89,0.18,0.61,0.16,19240,10.077993869781494
0.71,0.8,0.42,0.67,0.96,0.89,0.18,0.61,0.16,19087,10.082346439361572
0.71,0.8,0.42,0.67,0.96,0.89,0.18,0.61,0.16,18418,10.083107948303223
0.71,0.8,0.42,0.67,0.96,0.89,0.18,0.61,0.16,18533,10.087067365646362
0.71,0.8,0.43,0.67,0.96,0.88,0.18,0.61,0.16,18888,10.09064507484436
0.71,0.8,0.42,0.66,0.97,0.89,0.18,0.61,0.16,18825,10.094856023788452
0.71,0.8,0.42,0.67,0.96,0.89,0.18,0.61,0.16,18722,10.094856023788452
0.71,0.8,0.43,0.66,0.96,0.89,0.18,0.61,0.16,19109,10.09931230545044
0.71,0.8,0.42,0.67,0.96,0.89,0.18,0.62,0.16,18990,10.102479457855225
0.71,0.8,0.43,0.67,0.96,0.89,0.17,0.61,0.16,18579,10.10758924484253
0.71,0.79,0.42,0.67,0.97,0.89,0.18,0.61,0.16,18898,10.10758924484253
0.71,0.8,0.42,0.66,0.96,0.89,0.18,0.61,0.16,18617,10.111207246780396
0.71,0.8,0.42,0.67,0.97,0.89,0.18,0.62,0.16,18432,10.116215229034424
0.7,0.8,0.42,0.67,0.96,0.89,0.18,0.61,0.16,18565,10.120214700698853
0.71,0.8,0.42,0.67,0.96,0.89,0.18,0.62,0.16,18990,10.122586011886597
0.7,0.8,0.42,0.67,0.96,0.89,0.17,0.62,0.16,18969,10.123656034469604
0.7,0.8,0.42,0.67,0.96,0.89,0.18,0.62,0.16,19016,10.12762713432312
0.7,0.8,0.42,0.67,0.97,0.89,0.18,0.61,0.16,19383,10.131622076034546
0.7,0.8,0.42,0.67,0.96,0.89,0.18,0.61,0.16,19230,10.135197401046753
0.7,0.8,0.43,0.67,0.97,0.89,0.18,0.61,0.16,19009,10.136254787445068
0.71,0.79,0.43,0.66,0.96,0.89,0.18,0.62,0.16,18804,10.13928771018982
0.7,0.8,0.43,0.67,0.97,0.89,0.18,0.61,0.16,19255,10.144293546676636
0.7,0.8,0.43,0.67,0.96,0.89,0.18,0.62,0.16,19574,10.147745370864868
0.7,0.8,0.42,0.67,0.97,0.88,0.17,0.62,0.16,18921,10.147745370864868
0.7,0.8,0.43,0.67,0.96,0.89,0.18,0.62,0.16,18664,10.151757001876831
0.7,0.8,0.43,0.67,0.96,0.88,0.17,0.61,0.16,18843,10.15581464767456
0.7,0.8,0.43,0.67,0.96,0.89,0.18,0.61,0.15,18876,10.159846544265747
0.7,0.8,0.43,0.66,0.97,0.89,0.18,0.62,0.16,18897,10.160847187042236
0.7,0.8,0.43,0.67,0.97,0.89,0.17,0.61,0.16,18870,10.164172172546387
0.7,0.8,0.43,0.67,0.96,0.89,0.17,0.61,0.15,19245,10.16835069656372
0.69,0.8,0.43,0.67,0.96,0.89,0.17,0.61,0.15,19186,10.172361373901367
0.69,0.8,0.42,0.67,0.96,0.89,0.17,0.61,0.15,18389,10.173357248306274
0.7,0.8,0.43,0.67,0.97,0.89,0.17,0.61,0.15,18282,10.176358222961426
0.69,0.8,0.43,0.67,0.96,0.89,0.18,0.61,0.16,18611,10.180485963821411
0.7,0.8,0.43,0.66,0.97,0.89,0.17,0.61,0.15,18684,10.184478759765625
0.7,0.8,0.43,0.67,0.97,0.89,0.17,0.61,0.15,18519,10.184478759765625
0.7,0.8,0.43,0.67,0.96,0.89,0.17,0.61,0.15,18892,10.188474416732788
0.69,0.8,0.43,0.67,0.97,0.89,0.17,0.61,0.15,18993,10.193515062332153
0.7,0.8,0.43,0.67,0.97,0.89,0.17,0.61,0.15,18604,10.197739839553833
0.7,0.8,0.43,0.66,0.97,0.89,0.17,0.61,0.15,18851,10.200735330581665
0.7,0.81,0.43,0.67,0.96,0.89,0.18,0.61,0.15,18642,10.200735330581665
0.71,0.8,0.43,0.66,0.96,0.89,0.17,0.61,0.16,18577,10.204740047454834
0.7,0.81,0.43,0.66,0.97,0.89,0.16,0.61,0.16,18884,10.20978307723999
0.71,0.8,0.43,0.67,0.97,0.89,0.17,0.61,0.16,19091,10.213143348693848
0.7,0.8,0.43,0.67,0.97,0.89,0.17,0.61,0.16,19206,10.213848114013672
0.7,0.8,0.43,0.67,0.97,0.89,0.16,0.61,0.15,19047,10.217151641845703
0.71,0.8,0.43,0.66,0.97,0.89,0.18,0.61,0.16,19160,10.222293615341187
0.68,0.81,0.42,0.65,0.96,0.89,0.17,0.61,0.16,18961,10.226256370544434
0.69,0.8,0.43,0.65,0.96,0.89,0.17,0.61,0.16,18520,10.226771831512451
0.69,0.8,0.43,0.65,0.96,0.89,0.17,0.61,0.16,18581,10.229761362075806
0.68,0.8,0.43,0.66,0.97,0.89,0.17,0.61,0.16,18910,10.23421335220337
0.68,0.8,0.43,0.65,0.97,0.89,0.16,0.61,0.16,18931,10.238213062286377
0.69,0.8,0.43,0.65,0.96,0.89,0.16,0.61,0.15,18494,10.238213062286377
0.66,0.8,0.43,0.65,0.97,0.89,0.16,0.6,0.15,18419,10.242213249206543
0.67,0.8,0.43,0.65,0.97,0.89,0.16,0.61,0.15,18358,10.247374057769775
0.65,0.8,0.43,0.65,0.97,0.89,0.16,0.61,0.15,18877,10.25035047531128
0.67,0.8,0.43,0.65,0.97,0.89,0.17,0.61,0.15,19120,10.25035047531128
0.68,0.8,0.43,0.65,0.96,0.89,0.16,0.61,0.16,18885,10.25400710105896
0.67,0.8,0.42,0.65,0.96,0.89,0.17,0.61,0.16,18920,10.259208917617798
0.68,0.8,0.42,0.65,0.96,0.89,0.17,0.61,0.16,18865,10.262622117996216
0.67,0.8,0.43,0.65,0.96,0.89,0.16,0.61,0.16,19384,10.263389110565186
0.67,0.8,0.42,0.65,0.96,0.89,0.17,0.61,0.15,19529,10.26645278930664
0.68,0.8,0.42,0.65,0.96,0.89,0.17,0.61,0.15,19280,10.270590543746948
0.68,0.8,0.43,0.65,0.96,0.89,0.17,0.61,0.15,18895,10.275410652160645
0.68,0.8,0.42,0.65,0.96,0.89,0.17,0.61,0.15,18390,10.278700590133667
0.68,0.8,0.43,0.65,0.97,0.89,0.17,0.61,0.16,18939,10.279423475265503
0.67,0.8,0.43,0.64,0.96,0.89,0.15,0.61,0.15,19156,10.283877611160278
0.68,0.8,0.43,0.65,0.96,0.89,0.15,0.61,0.15,18553,10.287902116775513
0.68,0.81,0.43,0.64,0.96,0.89,0.18,0.61,0.16,18704,10.290876626968384
0.68,0.8,0.43,0.64,0.97,0.89,0.15,0.61,0.16,18977,10.291966438293457
0.68,0.8,0.43,0.65,0.97,0.89,0.16,0.61,0.15,19314,10.295966386795044
0.67,0.8,0.43,0.64,0.96,0.89,0.16,0.61,0.15,18863,10.300291299819946
0.67,0.8,0.42,0.65,0.97,0.89,0.18,0.61,0.15,18650,10.303505182266235
0.68,0.8,0.42,0.65,0.96,0.89,0.16,0.61,0.15,18785,10.30433702468872
0.69,0.8,0.42,0.64,0.97,0.89,0.17,0.61,0.15,18890,10.307720422744751
0.68,0.8,0.42,0.65,0.97,0.89,0.16,0.61,0.15,18783,10.311789274215698
0.66,0.81,0.43,0.65,0.96,0.89,0.16,0.61,0.15,19006,10.315824508666992
0.66,0.81,0.42,0.65,0.96,0.89,0.17,0.61,0.15,19357,10.316835403442383
0.66,0.81,0.42,0.65,0.96,0.89,0.16,0.61,0.15,19130,10.319737195968628
0.66,0.8,0.43,0.66,0.96,0.89,0.16,0.61,0.15,18767,10.324197053909302
0.65,0.8,0.42,0.65,0.96,0.89,0.17,0.61,0.16,18488,10.328299760818481
0.65,0.81,0.42,0.65,0.96,0.89,0.15,0.6,0.15,18553,10.32925009727478
0.66,0.8,0.42,0.65,0.96,0.89,0.15,0.61,0.15,18716,10.33224892616272
0.66,0.8,0.42,0.65,0.96,0.89,0.17,0.61,0.15,19069,10.336352825164795
0.65,0.81,0.42,0.65,0.97,0.89,0.18,0.61,0.15,19024,10.340710401535034
0.65,0.8,0.42,0.65,0.96,0.89,0.17,0.61,0.16,19161,10.340710401535034
0.65,0.8,0.42,0.65,0.96,0.89,0.17,0.61,0.15,19112,10.344498634338379
0.66,0.8,0.42,0.65,0.96,0.89,0.17,0.61,0.15,18791,10.348573684692383
0.66,0.81,0.42,0.65,0.96,0.88,0.17,0.61,0.15,19100,10.352751970291138
0.65,0.8,0.42,0.65,0.96,0.89,0.17,0.61,0.16,19419,10.353896141052246
0.66,0.8,0.43,0.66,0.96,0.89,0.16,0.61,0.15,18892,10.35729455947876
0.66,0.8,0.42,0.65,0.96,0.89,0.17,0.61,0.15,18991,10.361349821090698
0.65,0.8,0.42,0.65,0.97,0.89,0.17,0.61,0.15,19110,10.364621877670288
0.66,0.8,0.42,0.66,0.96,0.89,0.17,0.61,0.15,18613,10.368646144866943
0.67,0.8,0.42,0.66,0.96,0.89,0.15,0.61,0.15,18432,10.369343042373657
0.66,0.8,0.42,0.66,0.96,0.89,0.17,0.61,0.15,18999,10.373380422592163
0.66,0.8,0.42,0.65,0.97,0.89,0.17,0.61,0.15,19042,10.377005100250244
0.66,0.8,0.42,0.65,0.97,0.89,0.15,0.61,0.15,18757,10.382049322128296
0.67,0.8,0.42,0.66,0.97,0.89,0.15,0.61,0.15,18544,10.382049322128296
0.68,0.8,0.42,0.65,0.96,0.89,0.15,0.61,0.15,18823,10.385732412338257
0.67,0.8,0.42,0.65,0.97,0.89,0.15,0.61,0.15,18756,10.38923168182373
0.67,0.8,0.42,0.66,0.97,0.89,0.17,0.61,0.15,18483,10.393262147903442
0.67,0.8,0.42,0.65,0.97,0.89,0.17,0.61,0.15,18954,10.394265174865723
0.67,0.8,0.42,0.64,0.97,0.89,0.17,0.61,0.15,18817,10.398260354995728
0.67,0.8,0.42,0.65,0.97,0.89,0.17,0.61,0.15,18328,10.402260303497314
0.67,0.8,0.43,0.65,0.96,0.89,0.18,0.61,0.15,18711,10.405677318572998
0.67,0.8,0.42,0.65,0.96,0.89,0.17,0.61,0.15,18446,10.40670394897461
0.68,0.8,0.42,0.65,0.96,0.89,0.17,0.61,0.15,18305,10.409707307815552
0.67,0.8,0.43,0.65,0.97,0.89,0.17,0.61,0.15,18706,10.413795471191406
0.68,0.8,0.43,0.65,0.96,0.89,0.17,0.61,0.16,18963,10.417967319488525
0.67,0.8,0.43,0.65,0.97,0.89,0.17,0.61,0.15,18962,10.419164419174194
0.68,0.8,0.43,0.65,0.96,0.89,0.17,0.61,0.15,18611,10.422166109085083
0.67,0.8,0.43,0.65,0.97,0.89,0.17,0.61,0.15,18568,10.42616605758667
0.67,0.8,0.43,0.65,0.97,0.89,0.17,0.61,0.15,18715,10.430523872375488
0.67,0.8,0.42,0.65,0.97,0.89,0.17,0.61,0.15,18818,10.43152117729187
0.67,0.8,0.42,0.66,0.96,0.89,0.17,0.61,0.15,18719,10.434205532073975
0.67,0.8,0.42,0.65,0.97,0.89,0.17,0.61,0.15,18550,10.438336610794067
0.67,0.8,0.43,0.65,0.97,0.89,0.17,0.61,0.15,18499,10.443336248397827
0.67,0.8,0.42,0.65,0.97,0.89,0.18,0.61,0.15,19242,10.446340799331665
0.68,0.8,0.42,0.64,0.97,0.89,0.17,0.61,0.16,19253,10.447336435317993
0.67,0.8,0.43,0.65,0.97,0.89,0.17,0.61,0.15,18914,10.450336217880249
0.68,0.8,0.42,0.65,0.97,0.89,0.17,0.61,0.15,18695,10.454875707626343
0.68,0.8,0.43,0.65,0.97,0.89,0.17,0.61,0.15,18694,10.459287405014038
0.69,0.8,0.43,0.65,0.97,0.89,0.17,0.61,0.15,18635,10.459287405014038
0.68,0.8,0.43,0.65,0.97,0.89,0.17,0.61,0.15,19182,10.463380813598633
0.68,0.8,0.43,0.65,0.97,0.89,0.17,0.61,0.15,19123,10.466938495635986
0.67,0.81,0.42,0.65,0.97,0.89,0.17,0.61,0.15,18732,10.47092866897583
0.68,0.8,0.42,0.65,0.97,0.89,0.17,0.61,0.16,19149,10.471927404403687
0.68,0.8,0.43,0.65,0.97,0.89,0.17,0.6,0.15,19046,10.475176811218262
0.68,0.8,0.43,0.65,0.97,0.89,0.18,0.61,0.16,18911,10.479399919509888
0.68,0.8,0.43,0.65,0.97,0.89,0.17,0.61,0.16,18662,10.483514308929443
0.69,0.8,0.43,0.64,0.97,0.89,0.18,0.61,0.16,19035,10.483514308929443
0.67,0.8,0.43,0.65,0.97,0.89,0.17,0.6,0.15,19236,10.48752737045288
0.68,0.8,0.42,0.64,0.97,0.89,0.17,0.61,0.15,19271,10.491844654083252
0.68,0.8,0.42,0.64,0.97,0.89,0.17,0.61,0.15,18882,10.495845794677734
0.67,0.8,0.42,0.64,0.97,0.89,0.17,0.61,0.15,19051,10.497151613235474
0.68,0.8,0.42,0.64,0.97,0.89,0.17,0.61,0.15,18822,10.500201940536499
0.67,0.8,0.42,0.65,0.97,0.89,0.18,0.61,0.15,18437,10.50429654121399
0.67,0.81,0.42,0.64,0.97,0.89,0.18,0.61,0.15,18770,10.508143424987793
0.68,0.8,0.43,0.64,0.97,0.89,0.17,0.61,0.15,18787,10.511379718780518
0.68,0.8,0.43,0.65,0.97,0.89,0.17,0.6,0.15,18964,10.51257610321045
0.67,0.81,0.43,0.64,0.97,0.89,0.17,0.61,0.15,18881,10.51657748222351
0.69,0.81,0.43,0.64,0.97,0.89,0.17,0.61,0.15,18520,10.520577192306519
0.68,0.81,0.42,0.64,0.97,0.89,0.17,0.61,0.15,18805,10.523885011672974
0.69,0.81,0.43,0.64,0.97,0.89,0.17,0.61,0.15,18884,10.52487850189209
0.68,0.81,0.42,0.64,0.97,0.89,0.17,0.61,0.15,18831,10.528897762298584
0.68,0.81,0.43,0.64,0.97,0.89,0.17,0.61,0.15,18814,10.53301739692688
0.68,0.8,0.43,0.64,0.97,0.89,0.17,0.61,0.15,18797,10.537039518356323
0.67,0.81,0.43,0.64,0.97,0.89,0.18,0.61,0.15,18800,10.538015127182007
0.68,0.81,0.43,0.64,0.97,0.89,0.18,0.61,0.15,18765,10.541472434997559
0.68,0.81,0.42,0.64,0.97,0.89,0.17,0.61,0.15,18296,10.545495748519897
0.68,0.81,0.43,0.64,0.96,0.89,0.17,0.61,0.15,18635,10.550487756729126
0.68,0.81,0.43,0.64,0.97,0.89,0.17,0.61,0.16,18830,10.550487756729126
0.69,0.81,0.43,0.64,0.96,0.89,0.17,0.61,0.16,19211,10.553484201431274
0.68,0.82,0.42,0.64,0.97,0.89,0.17,0.61,0.16,19274,10.557186841964722
0.69,0.81,0.42,0.64,0.96,0.89,0.17,0.61,0.15,19075,10.562029600143433
0.69,0.82,0.43,0.65,0.96,0.89,0.17,0.61,0.15,18756,10.562029600143433
0.68,0.81,0.43,0.64,0.96,0.89,0.17,0.61,0.15,19175,10.56614899635315
0.68,0.81,0.42,0.64,0.97,0.89,0.17,0.61,0.15,19114,10.570121765136719
0.68,0.81,0.42,0.64,0.97,0.88,0.17,0.61,0.15,18779,10.574619770050049
0.68,0.81,0.43,0.64,0.96,0.89,0.17,0.6,0.15,18978,10.574619770050049
0.69,0.81,0.43,0.64,0.97,0.89,0.17,0.61,0.15,19061,10.578619718551636
0.69,0.81,0.43,0.64,0.96,0.89,0.18,0.61,0.16,18626,10.582897663116455
0.69,0.81,0.43,0.63,0.96,0.89,0.17,0.61,0.15,18765,10.587284088134766
0.69,0.81,0.42,0.64,0.96,0.89,0.17,0.61,0.15,18606,10.589885473251343
0.69,0.81,0.42,0.63,0.97,0.89,0.17,0.61,0.15,18493,10.589885473251343
0.69,0.81,0.42,0.64,0.96,0.89,0.17,0.61,0.15,18414,10.593939542770386
0.69,0.81,0.42,0.64,0.97,0.89,0.17,0.61,0.15,18755,10.597966194152832
0.68,0.81,0.42,0.64,0.97,0.89,0.17,0.61,0.15,18770,10.602165699005127
0.69,0.81,0.43,0.64,0.96,0.89,0.17,0.61,0.15,18883,10.603166818618774
0.69,0.81,0.42,0.64,0.96,0.89,0.18,0.61,0.15,18722,10.607166051864624
0.69,0.81,0.43,0.64,0.96,0.89,0.17,0.61,0.15,18705,10.61046552658081
0.68,0.81,0.43,0.64,0.96,0.89,0.17,0.61,0.15,18936,10.614684104919434
0.68,0.81,0.42,0.64,0.97,0.89,0.17,0.61,0.15,18723,10.614684104919434
0.68,0.81,0.43,0.64,0.96,0.89,0.17,0.61,0.15,18410,10.61885142326355
0.69,0.81,0.43,0.64,0.96,0.89,0.18,0.62,0.16,18733,10.622846841812134
0.68,0.81,0.43,0.64,0.96,0.89,0.17,0.61,0.15,18984,10.627360105514526
0.68,0.81,0.42,0.64,0.96,0.88,0.17,0.61,0.15,19007,10.628368616104126
0.68,0.81,0.42,0.64,0.96,0.89,0.18,0.61,0.15,18952,10.631372928619385
0.68,0.81,0.43,0.64,0.96,0.89,0.17,0.61,0.15,18857,10.63548731803894
0.68,0.81,0.42,0.65,0.96,0.89,0.18,0.61,0.15,18510,10.639169216156006
0.68,0.81,0.43,0.64,0.96,0.89,0.17,0.61,0.15,18625,10.640235424041748
0.68,0.81,0.43,0.64,0.96,0.89,0.18,0.61,0.15,18502,10.643334150314331
0.68,0.81,0.43,0.64,0.96,0.89,0.17,0.61,0.15,18621,10.647330522537231
0.68,0.81,0.43,0.64,0.96,0.89,0.17,0.61,0.15,18502,10.65232801437378
0.68,0.81,0.43,0.65,0.96,0.89,0.18,0.61,0.15,18599,10.65562891960144
0.68,0.8,0.43,0.64,0.96,0.89,0.17,0.61,0.15,18680,10.656327486038208
0.68,0.81,0.43,0.64,0.97,0.89,0.17,0.61,0.15,18877,10.659562349319458
0.68,0.81,0.43,0.64,0.96,0.89,0.17,0.61,0.15,19166,10.665244817733765
0.68,0.81,0.43,0.64,0.96,0.89,0.17,0.61,0.15,18667,10.667223930358887
0.68,0.8,0.43,0.64,0.96,0.89,0.18,0.61,0.15,18624,10.668212652206421
0.68,0.81,0.43,0.64,0.96,0.89,0.17,0.61,0.15,18911,10.672399520874023
0.68,0.81,0.43,0.64,0.96,0.89,0.18,0.61,0.15,18756,10.676515579223633
0.68,0.81,0.43,0.64,0.96,0.89,0.18,0.61,0.15,18713,10.680420398712158
0.69,0.81,0.43,0.65,0.96,0.88,0.17,0.61,0.16,19420,10.681389570236206
0.69,0.81,0.43,0.64,0.96,0.89,0.17,0.61,0.15,19233,10.684389114379883
0.68,0.81,0.43,0.65,0.96,0.89,0.17,0.62,0.15,18750,10.688400983810425
0.69,0.81,0.43,0.65,0.96,0.89,0.17,0.61,0.15,19123,10.692771434783936
0.68,0.81,0.43,0.65,0.96,0.89,0.17,0.61,0.16,19072,10.693795442581177
0.69,0.81,0.43,0.65,0.96,0.89,0.17,0.61,0.15,18659,10.697269916534424
0.69,0.81,0.43,0.65,0.96,0.89,0.17,0.61,0.15,18392,10.701203107833862
0.69,0.81,0.43,0.65,0.96,0.89,0.17,0.61,0.15,18513,10.705608606338501
0.69,0.81,0.43,0.65,0.97,0.89,0.17,0.62,0.15,18940,10.705608606338501
0.69,0.81,0.43,0.64,0.96,0.89,0.17,0.61,0.16,18783,10.709608316421509
0.69,0.81,0.43,0.65,0.96,0.89,0.17,0.61,0.15,18510,10.713011741638184
0.69,0.81,0.43,0.65,0.96,0.89,0.17,0.61,0.15,19105,10.716923713684082
0.69,0.81,0.43,0.65,0.96,0.89,0.17,0.61,0.15,19152,10.721266746520996
0.69,0.81,0.43,0.65,0.97,0.89,0.17,0.61,0.15,19343,10.722307920455933
0.69,0.81,0.43,0.65,0.96,0.89,0.16,0.61,0.15,19266,10.726309061050415
0.69,0.81,0.43,0.65,0.96,0.89,0.17,0.61,0.15,19225,10.730162620544434
0.69,0.81,0.43,0.65,0.97,0.89,0.17,0.61,0.15,19072,10.733236074447632
0.69,0.81,0.43,0.65,0.97,0.89,0.17,0.61,0.15,18677,10.733236074447632
0.69,0.81,0.43,0.64,0.96,0.88,0.17,0.61,0.15,18836,10.73837685585022
0.69,0.81,0.43,0.64,0.96,0.89,0.17,0.61,0.15,19011,10.742950916290283
0.69,0.81,0.43,0.65,0.96,0.89,0.17,0.61,0.15,19038,10.745920896530151
0.69,0.81,0.43,0.65,0.96,0.88,0.17,0.61,0.15,18441,10.745920896530151
0.69,0.81,0.43,0.65,0.96,0.89,0.17,0.61,0.15,18182,10.74992036819458
0.69,0.81,0.43,0.65,0.96,0.88,0.17,0.61,0.15,18987,10.753994941711426
0.69,0.81,0.43,0.65,0.96,0.89,0.17,0.6,0.16,19168,10.758155107498169
0.69,0.81,0.43,0.64,0.96,0.88,0.17,0.61,0.15,18753,10.7591552734375
0.69,0.81,0.43,0.65,0.97,0.89,0.17,0.61,0.16,18936,10.762155055999756
0.69,0.81,0.43,0.65,0.96,0.89,0.17,0.61,0.15,18675,10.76615858078003
0.69,0.81,0.43,0.64,0.96,0.89,0.17,0.61,0.15,18880,10.770167112350464
0.68,0.81,0.43,0.65,0.96,0.89,0.17,0.61,0.15,19003,10.771291255950928
0.68,0.81,0.43,0.65,0.96,0.89,0.17,0.61,0.15,18766,10.774401187896729
0.68,0.81,0.43,0.65,0.96,0.89,0.17,0.61,0.15,18273,10.778554916381836
0.69,0.81,0.43,0.65,0.97,0.89,0.17,0.61,0.15,18244,10.782421588897705
0.68,0.81,0.43,0.65,0.96,0.89,0.17,0.61,0.15,18839,10.78346300125122
0.68,0.81,0.43,0.65,0.96,0.89,0.17,0.61,0.15,19162,10.787204027175903
0.69,0.81,0.43,0.66,0.97,0.89,0.17,0.61,0.15,18885,10.791627168655396
0.68,0.81,0.43,0.65,0.96,0.89,0.17,0.61,0.15,18880,10.79586124420166
0.68,0.81,0.43,0.65,0.96,0.89,0.17,0.61,0.15,18771,10.799059867858887
0.68,0.81,0.43,0.65,0.96,0.89,0.17,0.61,0.15,19046,10.799864292144775
0.68,0.81,0.43,0.65,0.97,0.89,0.17,0.61,0.15,19233,10.803860902786255
0.68,0.81,0.43,0.65,0.96,0.89,0.17,0.61,0.16,18916,10.807874202728271
0.68,0.81,0.43,0.65,0.96,0.89,0.17,0.61,0.15,18947,10.811119318008423
0.69,0.81,0.43,0.65,0.96,0.89,0.17,0.61,0.15,18918,10.811860799789429
0.68,0.81,0.43,0.65,0.96,0.89,0.17,0.61,0.15,18815,10.81541395187378
0.68,0.81,0.43,0.65,0.96,0.89,0.17,0.61,0.15,18694,10.820008039474487
0.67,0.81,0.43,0.65,0.96,0.89,0.17,0.61,0.15,18849,10.82369065284729
0.68,0.81,0.43,0.65,0.96,0.89,0.17,0.61,0.15,18840,10.824419498443604
0.69,0.81,0.43,0.65,0.96,0.89,0.17,0.61,0.16,18643,10.82816481590271
0.69,0.81,0.43,0.66,0.97,0.89,0.17,0.61,0.15,18758,10.832167625427246
0.69,0.81,0.43,0.65,0.96,0.89,0.17,0.61,0.15,18545,10.836223602294922
0.68,0.81,0.43,0.65,0.96,0.89,0.17,0.61,0.15,18792,10.836223602294922
0.68,0.81,0.43,0.65,0.97,0.89,0.17,0.61,0.15,19255,10.840198993682861
0.68,0.81,0.43,0.65,0.96,0.89,0.17,0.61,0.15,18838,10.845223665237427
0.68,0.81,0.43,0.65,0.96,0.89,0.18,0.61,0.15,18791,10.849194526672363
0.68,0.81,0.43,0.65,0.96,0.88,0.17,0.61,0.15,18968,10.849194526672363
0.68,0.81,0.43,0.65,0.96,0.89,0.17,0.61,0.15,18729,10.852523565292358
0.68,0.81,0.43,0.65,0.96,0.89,0.17,0.61,0.15,18752,10.856445074081421
0.68,0.81,0.43,0.65,0.96,0.89,0.17,0.61,0.15,18887,10.861049890518188
0.69,0.81,0.43,0.65,0.96,0.89,0.17,0.61,0.15,19028,10.864307880401611
0.69,0.81,0.43,0.65,0.96,0.88,0.17,0.61,0.16,19053,10.865049123764038
0.69,0.81,0.43,0.65,0.96,0.89,0.17,0.61,0.15,19082,10.869049549102783
0.68,0.81,0.43,0.65,0.96,0.89,0.17,0.61,0.15,18953,10.87302303314209
0.69,0.81,0.43,0.65,0.96,0.89,0.17,0.61,0.15,18738,10.876900672912598
0.69,0.81,0.43,0.65,0.97,0.88,0.18,0.61,0.15,18805,10.877975702285767
0.69,0.81,0.43,0.65,0.96,0.89,0.17,0.61,0.15,19094,10.881050825119019
0.69,0.81,0.43,0.65,0.96,0.89,0.17,0.61,0.15,18847,10.884865760803223
0.69,0.81,0.43,0.65,0.96,0.88,0.17,0.61,0.16,18814,10.889031410217285
0.7,0.81,0.43,0.65,0.96,0.89,0.17,0.61,0.15,18829,10.890002012252808
0.69,0.81,0.43,0.65,0.96,0.89,0.17,0.61,0.15,18932,10.893651008605957
0.69,0.81,0.43,0.64,0.96,0.89,0.17,0.61,0.15,18771,10.897659540176392
0.69,0.81,0.44,0.65,0.96,0.89,0.17,0.61,0.15,18668,10.901576280593872
0.69,0.81,0.43,0.65,0.96,0.89,0.17,0.61,0.16,19035,10.902601957321167
0.69,0.81,0.43,0.64,0.96,0.89,0.18,0.61,0.15,18986,10.90553879737854
0.69,0.81,0.43,0.64,0.96,0.89,0.17,0.61,0.15,18459,10.909786224365234
0.69,0.81,0.43,0.64,0.96,0.89,0.17,0.61,0.16,18646,10.913832664489746
0.69,0.81,0.43,0.65,0.96,0.89,0.17,0.61,0.16,18783,10.914843797683716
0.69,0.81,0.43,0.64,0.96,0.89,0.17,0.61,0.15,18784,10.917957782745361
0.69,0.81,0.43,0.65,0.96,0.88,0.17,0.61,0.15,18925,10.922468423843384
0.69,0.81,0.43,0.64,0.96,0.88,0.17,0.61,0.15,18842,10.926036357879639
0.69,0.81,0.43,0.65,0.96,0.89,0.17,0.61,0.16,18731,10.927044868469238
0.69,0.81,0.43,0.65,0.96,0.89,0.17,0.61,0.15,18666,10.930097818374634
0.69,0.81,0.43,0.65,0.96,0.89,0.18,0.61,0.15,18941,10.935148239135742
0.68,0.81,0.43,0.65,0.96,0.89,0.17,0.61,0.15,19158,10.938445568084717
0.69,0.81,0.43,0.65,0.96,0.89,0.17,0.61,0.15,18697,10.942920684814453
0.69,0.81,0.43,0.65,0.96,0.89,0.17,0.61,0.15,18506,10.942920684814453
0.69,0.81,0.43,0.65,0.96,0.89,0.17,0.61,0.15,18765,10.94729995727539
0.69,0.81,0.43,0.64,0.96,0.89,0.17,0.61,0.15,18918,10.951341152191162
0.69,0.81,0.43,0.64,0.96,0.89,0.17,0.61,0.16,18719,10.95462155342102
0.69,0.81,0.43,0.65,0.96,0.89,0.17,0.61,0.15,18550,10.955347537994385
0.69,0.81,0.43,0.65,0.96,0.89,0.17,0.61,0.15,18965,10.958813428878784
0.69,0.81,0.44,0.65,0.96,0.89,0.17,0.61,0.15,18906,10.963232517242432
0.69,0.81,0.43,0.65,0.96,0.89,0.17,0.61,0.16,19313,10.967277765274048
0.69,0.81,0.43,0.65,0.96,0.89,0.17,0.61,0.15,19084,10.967277765274048
0.69,0.81,0.43,0.65,0.96,0.89,0.17,0.61,0.15,18905,10.971689701080322
0.69,0.81,0.43,0.65,0.96,0.89,0.17,0.61,0.15,18650,10.976044416427612
0.69,0.81,0.43,0.65,0.96,0.89,0.17,0.61,0.16,19125,10.979260444641113
0.69,0.81,0.43,0.66,0.96,0.89,0.17,0.61,0.16,19620,10.979260444641113
0.69,0.81,0.43,0.65,0.96,0.89,0.17,0.61,0.16,19281,10.983667135238647
0.69,0.81,0.43,0.65,0.96,0.89,0.16,0.61,0.15,18660,10.987654685974121
0.7,0.81,0.43,0.65,0.96,0.89,0.17,0.61,0.15,18805,10.991658926010132
0.69,0.81,0.43,0.65,0.96,0.89,0.17,0.61,0.15,18818,10.991658926010132
0.69,0.81,0.43,0.65,0.96,0.89,0.17,0.61,0.15,18591,10.995687007904053
0.7,0.81,0.43,0.65,0.96,0.89,0.17,0.61,0.16,18776,10.999393701553345
0.7,0.81,0.43,0.65,0.96,0.89,0.17,0.61,0.15,18991,11.003494262695312
0.69,0.81,0.43,0.65,0.96,0.89,0.17,0.61,0.15,18406,11.007601499557495
0.7,0.81,0.43,0.65,0.96,0.89,0.17,0.61,0.15,18653,11.007601499557495
0.69,0.81,0.43,0.65,0.96,0.89,0.17,0.61,0.15,19134,11.012519121170044
0.7,0.81,0.43,0.65,0.96,0.89,0.17,0.61,0.15,19089,11.015610218048096
0.7,0.81,0.43,0.65,0.96,0.89,0.17,0.61,0.15,19230,11.020253419876099
0.69,0.82,0.43,0.65,0.96,0.89,0.18,0.61,0.15,18789,11.02132797241211
0.7,0.82,0.43,0.65,0.96,0.89,0.17,0.62,0.15,18638,11.024305820465088
0.7,0.81,0.43,0.65,0.96,0.89,0.17,0.61,0.15,18859,11.028570413589478
0.69,0.81,0.43,0.65,0.96,0.89,0.17,0.61,0.15,18542,11.032583475112915
0.7,0.81,0.43,0.65,0.96,0.89,0.17,0.62,0.15,18745,11.033630132675171
0.69,0.81,0.43,0.65,0.96,0.89,0.17,0.62,0.15,18576,11.036620855331421
0.69,0.81,0.43,0.65,0.96,0.9,0.17,0.61,0.15,19077,11.040744543075562
0.69,0.82,0.43,0.65,0.96,0.89,0.17,0.62,0.15,18980,11.044747829437256
0.69,0.81,0.43,0.65,0.95,0.89,0.17,0.62,0.15,18365,11.044747829437256
0.7,0.82,0.43,0.65,0.96,0.89,0.17,0.62,0.15,18738,11.049299240112305
0.69,0.81,0.43,0.65,0.96,0.89,0.17,0.61,0.15,19009,11.052372217178345
0.69,0.82,0.43,0.66,0.96,0.9,0.17,0.62,0.15,19112,11.057411432266235
0.69,0.81,0.43,0.65,0.96,0.89,0.17,0.62,0.15,19303,11.057411432266235
0.69,0.81,0.43,0.65,0.96,0.89,0.17,0.61,0.15,19530,11.061566829681396
0.69,0.82,0.43,0.65,0.96,0.89,0.17,0.62,0.16,18815,11.06513261795044
0.7,0.81,0.43,0.65,0.96,0.89,0.17,0.61,0.15,18562,11.0693359375
0.69,0.81,0.43,0.65,0.96,0.89,0.17,0.62,0.15,18809,11.07362961769104
0.69,0.81,0.43,0.65,0.96,0.89,0.17,0.62,0.15,19222,11.07362961769104
0.7,0.81,0.43,0.65,0.96,0.89,0.17,0.62,0.15,18991,11.07773232460022
0.69,0.81,0.43,0.65,0.96,0.89,0.17,0.62,0.15,18602,11.081679582595825
0.69,0.81,0.43,0.65,0.96,0.89,0.17,0.62,0.15,18771,11.085492849349976
0.69,0.81,0.43,0.65,0.96,0.89,0.17,0.62,0.16,18590,11.085492849349976
0.69,0.81,0.43,0.65,0.96,0.89,0.17,0.61,0.16,18709,11.08979058265686
0.69,0.81,0.43,0.65,0.96,0.89,0.18,0.62,0.15,18998,11.093822002410889
0.7,0.81,0.43,0.65,0.97,0.89,0.17,0.62,0.15,19373,11.09813642501831
0.7,0.81,0.43,0.66,0.96,0.89,0.17,0.62,0.15,19488,11.099020004272461
0.7,0.81,0.43,0.65,0.96,0.89,0.17,0.62,0.15,19015,11.103019952774048
0.69,0.81,0.43,0.65,0.96,0.89,0.17,0.61,0.16,18914,11.10649037361145
0.69,0.81,0.43,0.65,0.96,0.89,0.17,0.61,0.15,18855,11.11074709892273
0.69,0.81,0.43,0.65,0.96,0.89,0.17,0.61,0.15,18590,11.11074709892273
0.69,0.81,0.43,0.65,0.96,0.89,0.17,0.61,0.15,18571,11.11508846282959
0.69,0.81,0.43,0.65,0.96,0.89,0.17,0.61,0.15,18784,11.118396043777466
0.69,0.81,0.43,0.65,0.97,0.89,0.17,0.61,0.15,18665,11.122729778289795
0.7,0.81,0.43,0.65,0.96,0.89,0.17,0.61,0.15,18882,11.12378191947937
0.69,0.81,0.43,0.65,0.96,0.89,0.17,0.61,0.15,19069,11.127193689346313
0.7,0.81,0.43,0.65,0.97,0.89,0.17,0.61,0.15,19082,11.130475997924805
0.69,0.81,0.43,0.65,0.96,0.89,0.17,0.61,0.15,18817,11.135521411895752
0.69,0.81,0.43,0.65,0.96,0.89,0.17,0.61,0.15,18928,11.135521411895752
0.7,0.81,0.43,0.65,0.97,0.89,0.17,0.61,0.15,18993,11.139252662658691
0.69,0.81,0.43,0.65,0.96,0.89,0.17,0.62,0.15,19150,11.143295526504517
0.69,0.81,0.43,0.65,0.97,0.89,0.18,0.61,0.15,18991,11.147346019744873
0.69,0.81,0.43,0.66,0.96,0.89,0.17,0.62,0.15,18944,11.150984287261963
0.69,0.81,0.43,0.66,0.97,0.89,0.17,0.61,0.15,18965,11.151694774627686
0.69,0.81,0.43,0.65,0.96,0.89,0.18,0.61,0.15,18738,11.155627012252808
0.69,0.81,0.43,0.65,0.97,0.89,0.17,0.61,0.15,18681,11.15972375869751
0.7,0.81,0.43,0.66,0.96,0.89,0.17,0.62,0.15,18836,11.163256168365479
0.69,0.81,0.43,0.66,0.97,0.89,0.17,0.61,0.15,18789,11.164344549179077
0.7,0.81,0.43,0.65,0.96,0.89,0.17,0.62,0.15,18910,11.1674644947052
0.7,0.81,0.43,0.65,0.97,0.89,0.17,0.62,0.15,18645,11.172462224960327
0.7,0.81,0.43,0.65,0.96,0.89,0.17,0.62,0.15,18988,11.17595624923706
0.7,0.81,0.43,0.65,0.97,0.89,0.17,0.62,0.15,19233,11.176873445510864
0.7,0.81,0.43,0.65,0.97,0.89,0.17,0.61,0.16,19038,11.179985761642456
0.69,0.81,0.43,0.65,0.96,0.89,0.18,0.62,0.16,18859,11.185333251953125
0.7,0.81,0.43,0.65,0.96,0.89,0.18,0.62,0.16,18944,11.187875270843506
0.69,0.81,0.43,0.65,0.97,0.89,0.18,0.62,0.16,18951,11.188883781433105
0.69,0.81,0.43,0.65,0.96,0.89,0.18,0.61,0.16,19024,11.192925930023193
0.69,0.81,0.43,0.65,0.96,0.89,0.18,0.62,0.16,19135,11.196443796157837
0.69,0.81,0.43,0.65,0.96,0.89,0.18,0.61,0.16,18952,11.200480222702026
0.69,0.81,0.43,0.65,0.96,0.89,0.18,0.62,0.16,18739,11.200480222702026
0.69,0.81,0.43,0.66,0.96,0.89,0.17,0.62,0.16,18960,11.204919815063477
0.7,0.81,0.43,0.66,0.96,0.89,0.17,0.61,0.16,18823,11.208921194076538
0.69,0.81,0.43,0.65,0.96,0.89,0.17,0.62,0.16,18870,11.212921142578125
0.7,0.81,0.43,0.66,0.96,0.89,0.17,0.61,0.16,18897,11.215925216674805
0.69,0.81,0.43,0.66,0.96,0.89,0.17,0.62,0.16,18898,11.216919898986816
0.69,0.81,0.43,0.66,0.97,0.89,0.18,0.62,0.16,18891,11.220754146575928
0.69,0.81,0.42,0.67,0.97,0.89,0.18,0.62,0.16,18732,11.22481894493103
0.69,0.81,0.43,0.66,0.96,0.89,0.18,0.62,0.16,18839,11.22910475730896
0.69,0.81,0.43,0.65,0.96,0.89,0.18,0.62,0.16,18902,11.23020076751709
0.7,0.81,0.43,0.65,0.97,0.89,0.18,0.62,0.16,18631,11.23320484161377
0.69,0.8,0.43,0.66,0.96,0.89,0.18,0.62,0.16,18600,11.238200426101685
0.7,0.81,0.43,0.65,0.96,0.89,0.17,0.61,0.16,18599,11.240941047668457
0.69,0.81,0.43,0.65,0.97,0.89,0.17,0.62,0.16,18768,11.240941047668457
0.7,0.8,0.43,0.65,0.97,0.89,0.18,0.62,0.16,19127,11.24549651145935
0.7,0.81,0.43,0.65,0.96,0.89,0.17,0.61,0.16,18984,11.2491774559021
0.7,0.81,0.43,0.65,0.96,0.89,0.17,0.61,0.16,18811,11.254227876663208
0.7,0.81,0.43,0.65,0.97,0.89,0.17,0.61,0.16,18898,11.254227876663208
0.69,0.81,0.43,0.65,0.97,0.89,0.17,0.61,0.16,18731,11.25810694694519
0.7,0.8,0.43,0.65,0.96,0.89,0.18,0.61,0.16,19110,11.263070106506348
0.7,0.81,0.43,0.65,0.97,0.89,0.17,0.62,0.16,19137,11.266045093536377
0.7,0.81,0.43,0.65,0.96,0.89,0.18,0.62,0.16,18800,11.266045093536377
0.69,0.81,0.43,0.66,0.96,0.89,0.18,0.62,0.16,18833,11.270455121994019
0.69,0.81,0.43,0.65,0.97,0.89,0.18,0.61,0.16,18920,11.274644374847412
0.7,0.81,0.43,0.65,0.97,0.89,0.18,0.62,0.16,19327,11.278633117675781
0.7,0.81,0.43,0.65,0.96,0.89,0.18,0.62,0.16,19010,11.278633117675781
0.69,0.8,0.43,0.65,0.97,0.89,0.18,0.62,0.16,18595,11.282633781433105
0.69,0.81,0.43,0.66,0.97,0.89,0.18,0.62,0.16,18822,11.28674840927124
0.7,0.81,0.43,0.65,0.97,0.89,0.18,0.62,0.16,18761,11.290421724319458
0.7,0.81,0.43,0.65,0.97,0.89,0.18,0.62,0.16,18104,11.29416799545288
0.7,0.81,0.43,0.65,0.97,0.89,0.18,0.62,0.16,18719,11.295250654220581
0.7,0.8,0.43,0.65,0.97,0.89,0.18,0.62,0.16,18534,11.2996506690979
0.7,0.81,0.43,0.65,0.97,0.89,0.18,0.62,0.16,18701,11.303824186325073
0.7,0.8,0.43,0.65,0.97,0.89,0.18,0.62,0.16,18594,11.307135105133057
0.7,0.81,0.43,0.65,0.97,0.89,0.18,0.62,0.16,18813,11.30816125869751
0.7,0.8,0.43,0.66,0.97,0.89,0.18,0.62,0.16,18974,11.311412811279297
0.7,0.81,0.43,0.66,0.97,0.89,0.18,0.62,0.16,18779,11.31574010848999
0.7,0.81,0.43,0.66,0.97,0.89,0.18,0.62,0.16,18684,11.319118022918701
0.7,0.81,0.43,0.66,0.97,0.89,0.18,0.62,0.16,18721,11.319764852523804
0.7,0.81,0.43,0.66,0.97,0.89,0.19,0.62,0.16,19292,11.32376480102539
0.7,0.8,0.43,0.65,0.97,0.89,0.18,0.62,0.16,19029,11.32755184173584
0.7,0.81,0.43,0.65,0.97,0.89,0.18,0.62,0.16,19252,11.331873178482056
0.7,0.81,0.43,0.65,0.97,0.89,0.17,0.62,0.16,19083,11.331873178482056
0.7,0.8,0.43,0.65,0.97,0.89,0.18,0.62,0.16,18780,11.3363676071167
0.7,0.8,0.43,0.65,0.97,0.89,0.18,0.62,0.16,18459,11.340367317199707
0.7,0.81,0.43,0.65,0.97,0.89,0.18,0.62,0.16,18158,11.34394359588623
0.7,0.8,0.42,0.65,0.97,0.89,0.18,0.61,0.16,18871,11.344947814941406
0.69,0.81,0.43,0.65,0.97,0.89,0.18,0.61,0.16,18776,11.348245859146118
0.7,0.81,0.43,0.65,0.97,0.89,0.18,0.61,0.16,18793,11.352250337600708
0.7,0.81,0.43,0.65,0.97,0.89,0.18,0.62,0.16,18904,11.355933666229248
0.7,0.81,0.43,0.66,0.97,0.89,0.18,0.61,0.16,19093,11.357021570205688
0.7,0.8,0.43,0.65,0.97,0.89,0.18,0.61,0.16,19064,11.360443353652954
0.7,0.81,0.43,0.65,0.97,0.89,0.18,0.61,0.16,19271,11.364424228668213
0.69,0.8,0.43,0.65,0.97,0.89,0.18,0.61,0.16,19098,11.369454145431519
0.7,0.8,0.43,0.65,0.97,0.89,0.18,0.62,0.16,18711,11.369454145431519
0.7,0.8,0.43,0.65,0.97,0.89,0.17,0.61,0.16,18690,11.372809171676636
0.69,0.8,0.43,0.65,0.97,0.89,0.17,0.62,0.16,18801,11.376587867736816
0.7,0.8,0.43,0.65,0.97,0.89,0.18,0.62,0.16,18950,11.38104510307312
0.7,0.8,0.43,0.65,0.97,0.89,0.18,0.62,0.16,19355,11.384494066238403
0.71,0.8,0.43,0.65,0.97,0.89,0.18,0.62,0.16,18980,11.385559797286987
0.7,0.8,0.43,0.65,0.97,0.88,0.18,0.61,0.16,19053,11.38932728767395
0.7,0.81,0.43,0.65,0.97,0.89,0.18,0.62,0.16,19078,11.393352031707764
0.7,0.81,0.43,0.65,0.97,0.88,0.18,0.62,0.16,18843,11.397318601608276
0.7,0.81,0.44,0.65,0.97,0.89,0.18,0.62,0.16,18554,11.397318601608276
0.7,0.81,0.43,0.65,0.97,0.88,0.18,0.62,0.16,18713,11.401327133178711
0.7,0.81,0.43,0.65,0.97,0.89,0.18,0.62,0.16,18884,11.405843019485474
0.7,0.8,0.43,0.65,0.97,0.89,0.18,0.61,0.16,18771,11.409348726272583
0.7,0.8,0.43,0.65,0.97,0.89,0.18,0.62,0.16,18344,11.410361051559448
0.7,0.81,0.43,0.65,0.97,0.89,0.18,0.62,0.16,18393,11.413416624069214
0.7,0.8,0.43,0.65,0.97,0.89,0.18,0.62,0.16,18368,11.417576551437378
0.7,0.81,0.43,0.64,0.97,0.89,0.18,0.62,0.16,18029,11.421767234802246
0.71,0.8,0.43,0.65,0.97,0.89,0.18,0.62,0.16,18194,11.42282223701477
0.7,0.8,0.43,0.65,0.97,0.89,0.18,0.61,0.16,18429,11.425893545150757
0.7,0.81,0.43,0.65,0.97,0.89,0.18,0.62,0.16,19100,11.430383920669556
0.7,0.8,0.43,0.65,0.97,0.89,0.18,0.61,0.16,18659,11.433385372161865
0.7,0.8,0.44,0.65,0.97,0.89,0.18,0.61,0.16,18742,11.434381484985352
0.7,0.8,0.43,0.65,0.97,0.89,0.16,0.61,0.16,19029,11.437573432922363
0.7,0.8,0.43,0.65,0.97,0.89,0.18,0.61,0.16,18852,11.442694902420044
0.7,0.81,0.43,0.65,0.97,0.89,0.18,0.61,0.16,19057,11.446724653244019
0.7,0.81,0.43,0.65,0.97,0.89,0.18,0.62,0.16,19070,11.446724653244019
0.7,0.8,0.43,0.65,0.97,0.89,0.18,0.62,0.16,18367,11.450722455978394
0.7,0.8,0.43,0.65,0.97,0.89,0.18,0.61,0.16,18642,11.45472502708435
0.7,0.81,0.43,0.65,0.97,0.89,0.18,0.61,0.16,18877,11.458725452423096
0.7,0.81,0.43,0.65,0.97,0.89,0.18,0.61,0.16,18970,11.462322473526001
0.7,0.8,0.43,0.65,0.97,0.89,0.18,0.62,0.16,18975,11.462811708450317
0.7,0.8,0.43,0.65,0.97,0.89,0.18,0.62,0.16,18736,11.46682095527649
0.7,0.8,0.43,0.65,0.97,0.89,0.18,0.62,0.16,18639,11.470666885375977
0.69,0.8,0.43,0.64,0.97,0.89,0.18,0.62,0.16,18560,11.474446773529053
0.7,0.81,0.43,0.65,0.97,0.89,0.18,0.61,0.16,18423,11.475475311279297
0.7,0.81,0.43,0.65,0.97,0.89,0.18,0.62,0.16,18528,11.479458808898926
0.7,0.81,0.43,0.65,0.97,0.89,0.17,0.61,0.16,18667,11.483399868011475
0.7,0.81,0.43,0.65,0.97,0.89,0.18,0.61,0.16,18686,11.48801875114441
0.7,0.8,0.43,0.65,0.97,0.89,0.18,0.61,0.16,18841,11.48801875114441
0.7,0.81,0.43,0.65,0.97,0.89,0.18,0.61,0.16,18720,11.490984916687012
0.7,0.81,0.43,0.65,0.97,0.89,0.18,0.61,0.16,18419,11.495446681976318
0.7,0.81,0.43,0.64,0.97,0.89,0.18,0.61,0.16,18712,11.49922490119934
0.7,0.81,0.43,0.65,0.97,0.89,0.17,0.61,0.16,18311,11.500225305557251
0.7,0.8,0.43,0.65,0.97,0.88,0.18,0.61,0.16,18138,11.504234313964844
0.69,0.81,0.43,0.64,0.97,0.89,0.18,0.61,0.16,18509,11.508235216140747
0.7,0.81,0.43,0.65,0.97,0.89,0.18,0.62,0.16,18514,11.51163625717163
0.7,0.8,0.43,0.65,0.97,0.89,0.18,0.61,0.16,18283,11.51163625717163
0.7,0.8,0.43,0.65,0.97,0.89,0.18,0.62,0.16,18744,11.515753507614136
0.7,0.8,0.43,0.65,0.97,0.89,0.18,0.61,0.16,18507,11.520025730133057
0.7,0.8,0.43,0.65,0.97,0.89,0.18,0.62,0.16,18892,11.52420163154602
0.7,0.8,0.43,0.65,0.97,0.89,0.18,0.62,0.16,19053,11.525211572647095
0.7,0.8,0.43,0.65,0.96,0.89,0.18,0.62,0.16,19058,11.528205394744873
0.7,0.8,0.43,0.65,0.96,0.89,0.18,0.61,0.16,18739,11.53301739692688
0.7,0.81,0.43,0.64,0.97,0.89,0.18,0.61,0.16,18866,11.537019729614258
0.7,0.81,0.43,0.65,0.97,0.89,0.18,0.62,0.16,18887,11.540019512176514
0.7,0.81,0.43,0.65,0.96,0.89,0.18,0.62,0.16,18804,11.541015148162842
0.7,0.81,0.43,0.65,0.97,0.88,0.18,0.61,0.16,18379,11.544194221496582
0.7,0.8,0.43,0.65,0.97,0.89,0.18,0.61,0.16,18294,11.549097299575806
0.7,0.81,0.43,0.65,0.97,0.89,0.17,0.62,0.16,18253,11.55209231376648
0.7,0.81,0.43,0.65,0.97,0.89,0.18,0.62,0.16,18510,11.55209231376648
0.7,0.81,0.43,0.64,0.97,0.89,0.18,0.61,0.16,18875,11.55608057975769
0.7,0.8,0.43,0.65,0.97,0.89,0.18,0.61,0.16,18898,11.561086177825928
0.7,0.81,0.43,0.65,0.97,0.89,0.18,0.62,0.16,18899,11.56444764137268
0.7,0.81,0.43,0.65,0.97,0.89,0.18,0.61,0.16,19144,11.565495252609253
0.7,0.81,0.43,0.65,0.97,0.89,0.18,0.62,0.16,19017,11.569515705108643
0.7,0.81,0.43,0.66,0.96,0.89,0.18,0.61,0.16,18858,11.573684453964233
0.7,0.81,0.43,0.65,0.97,0.89,0.18,0.62,0.16,18485,11.577069997787476
0.7,0.81,0.43,0.66,0.97,0.89,0.18,0.61,0.16,18844,11.578070163726807
0.7,0.81,0.43,0.65,0.97,0.89,0.18,0.61,0.16,18701,11.582070112228394
0.7,0.81,0.43,0.65,0.97,0.89,0.18,0.61,0.16,18670,11.58607006072998
0.7,0.8,0.43,0.65,0.97,0.89,0.18,0.61,0.16,18817,11.590070724487305
0.7,0.8,0.43,0.65,0.97,0.89,0.18,0.61,0.16,18748,11.590070724487305
0.69,0.8,0.43,0.65,0.97,0.89,0.18,0.61,0.16,18761,11.593667268753052
0.69,0.8,0.43,0.65,0.97,0.89,0.18,0.61,0.16,18634,11.597629070281982
0.7,0.8,0.43,0.65,0.97,0.89,0.18,0.61,0.16,18763,11.602287530899048
0.7,0.8,0.43,0.65,0.97,0.89,0.18,0.61,0.16,19308,11.605332612991333
0.69,0.8,0.43,0.65,0.97,0.89,0.18,0.61,0.16,18739,11.605332612991333
0.7,0.8,0.43,0.66,0.96,0.89,0.18,0.61,0.16,18448,11.609432220458984
0.69,0.81,0.43,0.65,0.97,0.89,0.18,0.61,0.16,19131,11.614491939544678
0.7,0.8,0.43,0.65,0.96,0.89,0.18,0.61,0.16,19114,11.617818832397461
0.7,0.8,0.43,0.65,0.97,0.89,0.18,0.61,0.16,18827,11.618452787399292
0.7,0.8,0.43,0.65,0.97,0.88,0.18,0.61,0.16,19068,11.623476505279541
0.7,0.81,0.43,0.65,0.97,0.89,0.18,0.61,0.16,18955,11.62721586227417
0.7,0.81,0.43,0.65,0.97,0.89,0.17,0.61,0.16,18968,11.630568504333496
0.7,0.81,0.43,0.65,0.97,0.89,0.17,0.61,0.16,19111,11.630568504333496
0.7,0.8,0.43,0.65,0.97,0.89,0.18,0.61,0.16,18874,11.634815216064453
0.7,0.8,0.43,0.65,0.97,0.88,0.18,0.61,0.16,18793,11.639130115509033
0.7,0.81,0.43,0.65,0.97,0.89,0.18,0.61,0.16,18922,11.642668724060059
0.7,0.8,0.43,0.65,0.97,0.89,0.18,0.61,0.16,19197,11.643583297729492
0.7,0.81,0.43,0.65,0.97,0.89,0.18,0.61,0.16,19556,11.647724151611328
0.7,0.81,0.43,0.65,0.97,0.89,0.19,0.61,0.16,19095,11.65177321434021
0.7,0.8,0.43,0.65,0.97,0.89,0.18,0.61,0.16,19158,11.656094074249268
0.71,0.8,0.43,0.65,0.97,0.89,0.18,0.61,0.16,19345,11.656094074249268
0.7,0.81,0.43,0.65,0.97,0.89,0.18,0.61,0.16,18950,11.660141468048096
0.7,0.81,0.43,0.66,0.97,0.89,0.18,0.62,0.16,18679,11.66414189338684
0.69,0.81,0.43,0.65,0.97,0.89,0.18,0.61,0.16,18774,11.668143033981323
0.7,0.81,0.43,0.65,0.97,0.89,0.18,0.61,0.16,19211,11.668143033981323
0.7,0.81,0.43,0.66,0.97,0.89,0.19,0.62,0.16,19166,11.672141551971436
0.7,0.81,0.43,0.65,0.97,0.89,0.18,0.61,0.16,18703,11.676225185394287
0.7,0.81,0.43,0.65,0.96,0.89,0.18,0.61,0.16,18798,11.679800987243652
0.7,0.81,0.43,0.65,0.96,0.89,0.18,0.62,0.16,19031,11.683780670166016
0.7,0.81,0.43,0.65,0.97,0.89,0.18,0.62,0.16,18872,11.68409538269043
0.7,0.8,0.43,0.65,0.97,0.89,0.18,0.61,0.16,18595,11.68748927116394
0.7,0.81,0.43,0.65,0.96,0.89,0.18,0.61,0.16,19412,11.692546367645264
0.7,0.81,0.42,0.65,0.97,0.89,0.18,0.61,0.16,18971,11.695546865463257
0.7,0.81,0.43,0.65,0.97,0.89,0.18,0.61,0.16,18844,11.69654655456543
0.7,0.81,0.42,0.65,0.97,0.89,0.18,0.61,0.16,19429,11.699666261672974
0.7,0.8,0.42,0.65,0.97,0.89,0.18,0.61,0.16,19034,11.704662322998047
0.7,0.81,0.42,0.64,0.97,0.89,0.18,0.61,0.16,18761,11.708666563034058
0.7,0.81,0.42,0.65,0.97,0.89,0.18,0.61,0.16,18790,11.708666563034058
0.7,0.8,0.43,0.65,0.97,0.89,0.18,0.61,0.16,19271,11.713299751281738
0.7,0.8,0.42,0.65,0.97,0.89,0.18,0.61,0.16,19274,11.716636419296265
0.7,0.8,0.42,0.65,0.97,0.89,0.18,0.62,0.16,18687,11.720234632492065
0.7,0.81,0.42,0.65,0.97,0.89,0.18,0.61,0.16,18472,11.721261739730835
0.7,0.81,0.42,0.64,0.97,0.89,0.18,0.61,0.16,18819,11.725382328033447
0.7,0.8,0.42,0.64,0.97,0.89,0.18,0.61,0.16,18836,11.729449272155762
0.71,0.81,0.43,0.65,0.97,0.89,0.18,0.61,0.16,19051,11.732804536819458
0.7,0.81,0.42,0.65,0.97,0.89,0.18,0.61,0.16,19230,11.733776569366455
0.7,0.8,0.42,0.65,0.97,0.89,0.18,0.61,0.16,19299,11.73741888999939
0.7,0.81,0.42,0.65,0.97,0.89,0.18,0.62,0.16,18720,11.74158763885498
0.7,0.81,0.42,0.65,0.97,0.89,0.18,0.62,0.16,18135,11.746383666992188
0.71,0.81,0.42,0.65,0.97,0.89,0.18,0.61,0.16,18732,11.748760223388672
0.7,0.81,0.42,0.65,0.98,0.89,0.18,0.61,0.16,18709,11.749382972717285
0.71,0.81,0.42,0.65,0.97,0.89,0.18,0.62,0.16,18502,11.754417181015015
0.71,0.81,0.43,0.65,0.97,0.89,0.18,0.61,0.16,18577,11.757381200790405
0.7,0.81,0.42,0.65,0.97,0.89,0.18,0.61,0.16,19060,11.760569334030151
0.71,0.81,0.42,0.65,0.97,0.89,0.18,0.61,0.16,18977,11.761560678482056
0.7,0.81,0.42,0.65,0.97,0.89,0.18,0.61,0.16,18620,11.765748977661133
0.71,0.81,0.42,0.65,0.98,0.89,0.19,0.61,0.16,18617,11.769644737243652
0.71,0.81,0.42,0.65,0.97,0.89,0.18,0.61,0.16,19232,11.773960828781128
0.7,0.81,0.42,0.65,0.97,0.89,0.18,0.61,0.16,19387,11.773960828781128
0.71,0.81,0.42,0.65,0.97,0.89,0.18,0.61,0.16,19156,11.77823257446289
0.71,0.81,0.42,0.65,0.97,0.89,0.18,0.61,0.16,19047,11.78255033493042
0.7,0.81,0.43,0.65,0.98,0.89,0.18,0.61,0.16,19204,11.78566861152649
0.71,0.81,0.42,0.65,0.97,0.89,0.18,0.61,0.16,18565,11.786585092544556
0.71,0.81,0.42,0.65,0.98,0.89,0.18,0.61,0.16,18850,11.790585279464722
0.7,0.81,0.43,0.65,0.97,0.89,0.18,0.61,0.16,19877,11.794485569000244
0.7,0.81,0.43,0.65,0.97,0.89,0.18,0.61,0.16,19346,11.799148797988892
0.71,0.81,0.42,0.65,0.97,0.89,0.18,0.61,0.16,19053,11.800169944763184
0.71,0.81,0.43,0.65,0.97,0.9,0.18,0.61,0.16,19172,11.80261754989624
0.71,0.81,0.43,0.65,0.97,0.89,0.17,0.61,0.16,19051,11.806745052337646
0.7,0.81,0.42,0.65,0.97,0.89,0.18,0.61,0.16,19718,11.8108811378479
0.7,0.81,0.43,0.65,0.98,0.89,0.18,0.61,0.16,18879,11.814174890518188
0.71,0.81,0.43,0.65,0.97,0.89,0.18,0.61,0.16,18516,11.815212726593018
0.71,0.81,0.43,0.65,0.97,0.89,0.18,0.61,0.16,18727,11.819683074951172
0.71,0.81,0.43,0.65,0.97,0.89,0.18,0.61,0.16,18356,11.823682308197021
0.71,0.81,0.43,0.65,0.97,0.89,0.18,0.61,0.16,18877,11.827149629592896
0.71,0.81,0.43,0.65,0.97,0.89,0.17,0.61,0.16,19090,11.828224897384644
0.71,0.81,0.43,0.65,0.97,0.89,0.18,0.61,0.16,19021,11.831377506256104
0.71,0.81,0.43,0.65,0.97,0.89,0.18,0.61,0.16,18830,11.836478233337402
0.71,0.81,0.43,0.65,0.97,0.89,0.18,0.61,0.16,19019,11.839491844177246
0.7,0.81,0.43,0.65,0.97,0.89,0.18,0.61,0.16,18984,11.840455055236816
0.7,0.81,0.43,0.65,0.97,0.89,0.18,0.61,0.16,18793,11.844007968902588
0.71,0.81,0.43,0.65,0.97,0.89,0.18,0.62,0.16,18468,11.848008394241333
0.7,0.81,0.43,0.65,0.97,0.89,0.18,0.61,0.16,18659,11.851536750793457
0.71,0.81,0.43,0.65,0.97,0.89,0.18,0.61,0.16,19152,11.852396249771118
0.7,0.81,0.43,0.65,0.97,0.89,0.18,0.61,0.16,19307,11.85561490058899
0.7,0.81,0.43,0.65,0.97,0.89,0.18,0.61,0.16,18706,11.861091136932373
0.7,0.8,0.43,0.65,0.98,0.89,0.18,0.61,0.16,18743,11.86411452293396
0.71,0.81,0.43,0.65,0.97,0.89,0.18,0.61,0.16,18646,11.865114688873291
0.71,0.81,0.43,0.65,0.97,0.89,0.18,0.61,0.16,18703,11.867906332015991
0.7,0.81,0.43,0.65,0.98,0.89,0.18,0.61,0.16,18642,11.872135639190674
0.71,0.81,0.43,0.65,0.97,0.89,0.18,0.61,0.16,18341,11.876139163970947
0.71,0.81,0.43,0.65,0.97,0.89,0.18,0.61,0.16,18692,11.877135276794434
0.71,0.81,0.43,0.65,0.97,0.89,0.18,0.61,0.16,19105,11.88043737411499
0.71,0.81,0.43,0.65,0.97,0.89,0.18,0.61,0.16,18822,11.884434938430786
0.71,0.81,0.43,0.65,0.97,0.89,0.18,0.61,0.16,18763,11.888432741165161
0.71,0.81,0.43,0.65,0.97,0.89,0.18,0.61,0.16,19170,11.892459630966187
0.71,0.81,0.43,0.65,0.97,0.89,0.19,0.61,0.16,19459,11.892459630966187
0.71,0.81,0.43,0.65,0.97,0.89,0.18,0.61,0.16,19266,11.89679503440857
0.71,0.81,0.43,0.65,0.97,0.89,0.18,0.61,0.16,18565,11.901447534561157
0.7,0.81,0.43,0.65,0.98,0.89,0.18,0.61,0.16,18834,11.904446125030518
0.7,0.81,0.43,0.65,0.97,0.89,0.18,0.61,0.16,19711,11.905446290969849
0.71,0.81,0.43,0.65,0.97,0.89,0.18,0.61,0.16,19662,11.90945029258728
0.71,0.81,0.43,0.65,0.97,0.89,0.18,0.61,0.16,19045,11.913763284683228
0.7,0.81,0.42,0.65,0.97,0.89,0.18,0.61,0.16,18876,11.917010307312012
0.71,0.81,0.43,0.65,0.98,0.88,0.18,0.61,0.16,18669,11.917010307312012
0.71,0.81,0.43,0.65,0.97,0.89,0.18,0.6,0.16,18674,11.921977758407593
0.71,0.81,0.43,0.65,0.97,0.88,0.18,0.61,0.16,18587,11.925561904907227
0.7,0.81,0.42,0.65,0.97,0.89,0.18,0.61,0.16,18928,11.930262088775635
0.7,0.81,0.43,0.65,0.97,0.88,0.18,0.61,0.16,18845,11.930262088775635
0.7,0.81,0.43,0.65,0.97,0.89,0.18,0.61,0.16,18918,11.933682203292847
0.7,0.81,0.43,0.64,0.98,0.89,0.18,0.61,0.16,18605,11.938492059707642
0.7,0.81,0.42,0.65,0.97,0.88,0.18,0.61,0.16,18796,11.9417142868042
0.7,0.81,0.43,0.65,0.97,0.89,0.18,0.61,0.16,19017,11.942769289016724
0.7,0.81,0.43,0.65,0.97,0.89,0.18,0.61,0.16,18508,11.946271896362305
0.7,0.81,0.43,0.65,0.97,0.89,0.18,0.61,0.16,18345,11.950483560562134
0.71,0.81,0.42,0.65,0.97,0.89,0.19,0.61,0.16,18260,11.954471826553345
0.7,0.81,0.42,0.65,0.97,0.89,0.19,0.61,0.16,18631,11.958487749099731
0.7,0.81,0.42,0.65,0.97,0.89,0.18,0.61,0.16,19082,11.959471464157104
0.7,0.81,0.42,0.65,0.97,0.89,0.18,0.61,0.16,18785,11.962471961975098
0.7,0.81,0.43,0.65,0.97,0.89,0.18,0.61,0.16,18366,11.966558694839478
0.71,0.81,0.42,0.65,0.97,0.89,0.18,0.61,0.16,18251,11.970687627792358
0.7,0.81,0.42,0.65,0.97,0.89,0.18,0.61,0.16,18606,11.970687627792358
0.7,0.8,0.42,0.66,0.97,0.89,0.18,0.61,0.16,18827,11.974631547927856
0.7,0.81,0.43,0.66,0.97,0.89,0.18,0.61,0.16,18854,11.979864835739136
0.7,0.81,0.43,0.65,0.97,0.89,0.18,0.61,0.16,18391,11.98287558555603
0.7,0.81,0.43,0.65,0.97,0.89,0.18,0.61,0.16,18594,11.98287558555603
0.7,0.81,0.43,0.65,0.97,0.89,0.18,0.62,0.16,18921,11.987990617752075
0.7,0.81,0.43,0.65,0.97,0.89,0.18,0.61,0.16,18814,11.991991758346558
0.7,0.81,0.43,0.65,0.97,0.89,0.18,0.61,0.16,18741,11.994636058807373
0.7,0.81,0.43,0.65,0.97,0.89,0.18,0.61,0.16,18996,11.995684385299683
0.7,0.81,0.43,0.65,0.97,0.89,0.18,0.61,0.16,18859,11.998887062072754
0.7,0.81,0.43,0.65,0.97,0.89,0.18,0.61,0.16,18722,12.003301858901978
0.7,0.81,0.43,0.65,0.97,0.89,0.19,0.61,0.16,18867,12.007712841033936
0.7,0.81,0.43,0.65,0.97,0.89,0.18,0.61,0.16,18926,12.007712841033936
0.7,0.81,0.43,0.65,0.97,0.89,0.18,0.62,0.16,19033,12.011453628540039
0.7,0.81,0.43,0.64,0.97,0.89,0.18,0.61,0.16,19086,12.016363620758057
0.7,0.82,0.43,0.65,0.97,0.89,0.18,0.61,0.16,19029,12.020257711410522
0.7,0.81,0.43,0.65,0.97,0.89,0.18,0.61,0.16,19032,12.020257711410522
0.7,0.8,0.43,0.65,0.97,0.89,0.18,0.61,0.16,18607,12.024314165115356
0.7,0.81,0.43,0.65,0.97,0.89,0.18,0.61,0.16,18746,12.02831482887268
0.7,0.81,0.43,0.65,0.97,0.89,0.18,0.61,0.17,18853,12.032357215881348
0.7,0.81,0.43,0.65,0.97,0.89,0.18,0.61,0.16,18826,12.035647630691528
0.7,0.81,0.43,0.65,0.97,0.89,0.18,0.61,0.16,19053,12.03636884689331
0.7,0.82,0.43,0.65,0.97,0.89,0.18,0.61,0.16,19092,12.040340423583984
0.7,0.81,0.43,0.65,0.97,0.89,0.18,0.61,0.16,19039,12.044933795928955
0.7,0.81,0.43,0.65,0.97,0.89,0.18,0.61,0.16,18936,12.048345804214478
0.7,0.81,0.43,0.65,0.97,0.89,0.18,0.61,0.16,18871,12.049396276473999
0.7,0.81,0.43,0.65,0.97,0.89,0.18,0.61,0.16,19036,12.0523841381073
0.7,0.81,0.43,0.65,0.97,0.89,0.18,0.61,0.16,18859,12.057836771011353
0.7,0.81,0.43,0.66,0.97,0.89,0.18,0.61,0.16,18866,12.060442209243774
0.7,0.81,0.43,0.65,0.97,0.89,0.18,0.61,0.16,18417,12.06148648262024
0.7,0.81,0.43,0.65,0.98,0.89,0.18,0.61,0.16,18656,12.064902305603027
0.7,0.81,0.43,0.65,0.97,0.89,0.18,0.61,0.16,18771,12.069921016693115
0.7,0.81,0.43,0.65,0.97,0.89,0.18,0.61,0.16,18654,12.072894096374512
0.7,0.81,0.43,0.65,0.97,0.89,0.18,0.61,0.16,18763,12.072894096374512
0.7,0.81,0.43,0.65,0.97,0.89,0.18,0.61,0.16,18708,12.077213048934937
0.7,0.82,0.43,0.65,0.96,0.89,0.18,0.62,0.16,18809,12.08220386505127
0.7,0.81,0.43,0.65,0.97,0.89,0.18,0.61,0.16,18684,12.085176944732666
0.7,0.82,0.43,0.65,0.97,0.89,0.18,0.61,0.16,18731,12.086181879043579
0.7,0.82,0.42,0.65,0.97,0.89,0.18,0.61,0.16,18962,12.090202808380127
0.7,0.82,0.43,0.65,0.98,0.89,0.18,0.61,0.16,19069,12.094202280044556
0.7,0.81,0.43,0.65,0.97,0.89,0.18,0.61,0.16,18868,12.097766399383545
0.7,0.81,0.42,0.65,0.97,0.89,0.18,0.61,0.16,19047,12.101300954818726
0.7,0.81,0.43,0.65,0.97,0.89,0.18,0.61,0.16,19194,12.10193943977356
0.7,0.81,0.43,0.65,0.97,0.89,0.18,0.62,0.16,18373,12.106096267700195
0.7,0.81,0.43,0.65,0.97,0.89,0.18,0.61,0.16,18280,12.110137701034546
0.7,0.81,0.43,0.65,0.97,0.89,0.18,0.61,0.16,18541,12.113825798034668
0.7,0.81,0.43,0.66,0.97,0.89,0.18,0.61,0.16,18546,12.113825798034668
0.7,0.81,0.43,0.65,0.97,0.89,0.18,0.61,0.16,18569,12.118309259414673
0.7,0.81,0.43,0.65,0.97,0.89,0.18,0.62,0.16,18296,12.122430086135864
0.7,0.81,0.43,0.66,0.97,0.89,0.18,0.62,0.16,18437,12.125639200210571
0.7,0.81,0.43,0.65,0.97,0.89,0.18,0.62,0.16,18814,12.126636028289795
0.7,0.81,0.43,0.66,0.97,0.89,0.18,0.61,0.16,18849,12.130145788192749
0.7,0.81,0.43,0.65,0.98,0.89,0.18,0.62,0.16,18744,12.134154558181763
0.7,0.81,0.42,0.66,0.97,0.89,0.18,0.61,0.16,18597,12.138193607330322
0.7,0.82,0.42,0.65,0.97,0.88,0.18,0.61,0.16,18962,12.13926100730896
0.7,0.82,0.42,0.65,0.97,0.89,0.18,0.61,0.16,18723,12.1422598361969
0.7,0.81,0.43,0.66,0.97,0.89,0.18,0.62,0.16,18488,12.146807670593262
0.7,0.82,0.42,0.66,0.97,0.89,0.18,0.62,0.16,19103,12.149908065795898
0.7,0.82,0.43,0.66,0.98,0.89,0.18,0.62,0.16,19054,12.150895357131958
0.7,0.82,0.42,0.65,0.97,0.89,0.18,0.62,0.16,18473,12.154902219772339
0.7,0.82,0.43,0.65,0.97,0.89,0.18,0.62,0.16,18466,12.159147262573242
0.7,0.82,0.43,0.65,0.97,0.89,0.18,0.61,0.16,18603,12.16322374343872
0.7,0.82,0.43,0.65,0.97,0.89,0.18,0.62,0.16,19006,12.164145946502686
0.7,0.81,0.43,0.65,0.98,0.89,0.18,0.62,0.16,19009,12.166748762130737
0.7,0.82,0.43,0.66,0.97,0.89,0.18,0.62,0.16,18866,12.172025442123413
0.69,0.82,0.43,0.66,0.97,0.89,0.18,0.62,0.16,18753,12.175474405288696
0.7,0.82,0.43,0.65,0.97,0.89,0.18,0.62,0.16,18396,12.179521799087524
0.7,0.82,0.43,0.66,0.97,0.89,0.19,0.62,0.16,18521,12.180527448654175
0.7,0.82,0.43,0.65,0.97,0.89,0.18,0.61,0.16,19152,12.183516025543213
0.7,0.81,0.43,0.66,0.97,0.89,0.18,0.61,0.16,19233,12.188049077987671
0.7,0.82,0.43,0.66,0.97,0.89,0.18,0.62,0.16,18392,12.19141411781311
0.7,0.82,0.43,0.65,0.97,0.89,0.18,0.62,0.16,18493,12.192479610443115
0.7,0.82,0.43,0.66,0.97,0.89,0.18,0.62,0.16,18568,12.195608615875244
0.7,0.82,0.42,0.65,0.97,0.89,0.18,0.62,0.16,18893,12.200732231140137
0.7,0.82,0.42,0.66,0.97,0.89,0.18,0.62,0.16,18756,12.20331597328186
0.7,0.82,0.43,0.66,0.97,0.89,0.18,0.61,0.16,18817,12.204396963119507
0.7,0.81,0.43,0.65,0.97,0.89,0.19,0.62,0.16,19142,12.208468437194824
0.7,0.81,0.43,0.65,0.97,0.89,0.18,0.61,0.16,19389,12.212941408157349
0.7,0.81,0.43,0.66,0.97,0.89,0.19,0.62,0.16,19552,12.216361045837402
0.7,0.81,0.43,0.66,0.97,0.89,0.18,0.61,0.16,18927,12.216361045837402
0.7,0.81,0.43,0.65,0.97,0.89,0.18,0.61,0.16,18478,12.22041392326355
0.7,0.81,0.43,0.65,0.97,0.89,0.18,0.61,0.16,18747,12.224916219711304
0.7,0.81,0.43,0.65,0.97,0.89,0.18,0.62,0.16,18976,12.229204654693604
0.7,0.81,0.43,0.66,0.97,0.89,0.18,0.61,0.16,19313,12.229204654693604
0.7,0.81,0.43,0.65,0.97,0.89,0.18,0.62,0.16,19100,12.23224401473999
0.7,0.81,0.43,0.66,0.97,0.89,0.18,0.62,0.16,18833,12.237905740737915
0.7,0.82,0.43,0.66,0.97,0.89,0.18,0.62,0.16,18800,12.241462707519531
0.7,0.82,0.43,0.66,0.97,0.89,0.18,0.62,0.16,18889,12.245075941085815
0.7,0.81,0.43,0.66,0.97,0.89,0.18,0.62,0.16,18852,12.246081113815308
0.7,0.82,0.43,0.66,0.97,0.89,0.18,0.62,0.16,18585,12.249100923538208
0.7,0.81,0.43,0.66,0.97,0.89,0.18,0.62,0.16,18532,12.25425672531128
0.7,0.81,0.43,0.66,0.97,0.89,0.18,0.62,0.16,18631,12.257274150848389
0.71,0.81,0.43,0.66,0.97,0.89,0.18,0.62,0.16,19072,12.258256435394287
0.7,0.82,0.43,0.66,0.97,0.89,0.18,0.62,0.16,18929,12.261825323104858
0.71,0.81,0.43,0.66,0.97,0.89,0.18,0.62,0.16,19100,12.265814304351807
0.7,0.82,0.43,0.66,0.97,0.89,0.18,0.61,0.16,19185,12.269546747207642
0.7,0.82,0.43,0.66,0.97,0.89,0.18,0.62,0.16,18704,12.270193815231323
0.7,0.81,0.43,0.65,0.97,0.89,0.18,0.62,0.16,19039,12.273483753204346
0.71,0.82,0.43,0.65,0.97,0.89,0.18,0.62,0.16,19234,12.278199672698975
0.7,0.81,0.43,0.65,0.97,0.89,0.19,0.62,0.16,18801,12.281781435012817
0.7,0.81,0.43,0.66,0.97,0.88,0.18,0.62,0.16,18774,12.282765626907349
0.7,0.81,0.42,0.66,0.97,0.88,0.18,0.62,0.16,18765,12.28677773475647
0.7,0.81,0.42,0.65,0.97,0.89,0.18,0.61,0.16,18796,12.290798425674438
0.7,0.82,0.42,0.66,0.97,0.89,0.18,0.62,0.16,19029,12.294801235198975
0.7,0.82,0.42,0.65,0.97,0.89,0.18,0.62,0.16,19188,12.294801235198975
0.7,0.82,0.42,0.66,0.97,0.89,0.18,0.61,0.16,19035,12.29880690574646
0.71,0.82,0.43,0.66,0.97,0.89,0.18,0.62,0.16,18968,12.303256511688232
0.71,0.81,0.43,0.65,0.97,0.89,0.18,0.62,0.16,18463,12.306476354598999
0.71,0.81,0.42,0.65,0.97,0.89,0.18,0.61,0.16,18704,12.307541370391846
0.7,0.81,0.43,0.65,0.97,0.89,0.18,0.61,0.16,19247,12.310252666473389
0.7,0.82,0.43,0.65,0.97,0.89,0.19,0.61,0.16,19152,12.314747333526611
0.7,0.81,0.43,0.65,0.97,0.89,0.18,0.61,0.16,19253,12.319000720977783
0.7,0.82,0.43,0.65,0.97,0.89,0.19,0.61,0.16,19020,12.322973728179932
0.7,0.82,0.43,0.66,0.97,0.89,0.18,0.62,0.16,18457,12.322973728179932
0.7,0.82,0.43,0.65,0.97,0.89,0.18,0.61,0.16,18496,12.326993465423584
0.7,0.81,0.43,0.66,0.97,0.89,0.18,0.62,0.16,18551,12.33142876625061
0.71,0.82,0.43,0.65,0.98,0.89,0.18,0.62,0.16,18786,12.335112571716309
0.71,0.81,0.43,0.66,0.98,0.89,0.18,0.61,0.16,18631,12.336187362670898
0.71,0.81,0.43,0.66,0.97,0.89,0.18,0.62,0.16,19044,12.339658975601196
0.7,0.82,0.43,0.66,0.98,0.89,0.17,0.62,0.16,19291,12.34381890296936
0.7,0.82,0.43,0.66,0.98,0.89,0.18,0.62,0.16,19192,12.346804857254028
0.7,0.82,0.43,0.66,0.97,0.89,0.18,0.61,0.16,18481,12.346804857254028
0.7,0.82,0.43,0.65,0.97,0.89,0.18,0.61,0.16,18790,12.351306915283203
0.7,0.82,0.43,0.65,0.97,0.89,0.18,0.62,0.16,18877,12.355485677719116
0.7,0.82,0.43,0.65,0.97,0.89,0.18,0.62,0.16,18550,12.359412908554077
0.7,0.82,0.43,0.65,0.97,0.89,0.18,0.62,0.16,18661,12.360541343688965
0.7,0.82,0.43,0.65,0.98,0.89,0.18,0.62,0.16,18782,12.363401412963867
0.7,0.82,0.43,0.65,0.97,0.89,0.18,0.62,0.16,18981,12.367475271224976
0.7,0.81,0.43,0.65,0.98,0.89,0.18,0.62,0.16,18836,12.371507406234741
0.7,0.81,0.43,0.66,0.98,0.89,0.18,0.61,0.16,18959,12.372507572174072
0.7,0.82,0.43,0.65,0.97,0.89,0.18,0.62,0.16,18586,12.376503467559814
0.7,0.82,0.43,0.65,0.98,0.89,0.18,0.62,0.16,19205,12.38077163696289
0.7,0.81,0.43,0.66,0.98,0.89,0.18,0.62,0.16,19456,12.384772062301636
0.7,0.81,0.42,0.65,0.98,0.89,0.18,0.62,0.16,18647,12.384772062301636
0.7,0.82,0.43,0.65,0.97,0.89,0.18,0.61,0.16,18404,12.388870000839233
0.7,0.81,0.43,0.65,0.97,0.89,0.18,0.62,0.16,18507,12.392878532409668
0.7,0.82,0.43,0.65,0.97,0.89,0.18,0.62,0.16,18810,12.396639108657837
0.71,0.82,0.43,0.65,0.98,0.89,0.18,0.62,0.16,19417,12.397680044174194
0.71,0.82,0.43,0.66,0.98,0.89,0.18,0.62,0.16,18670,12.4006929397583
0.7,0.81,0.43,0.66,0.98,0.89,0.18,0.62,0.16,18503,12.404760360717773
0.7,0.82,0.43,0.66,0.97,0.89,0.18,0.62,0.16,18696,12.409711837768555
0.71,0.82,0.43,0.65,0.97,0.89,0.18,0.62,0.16,18585,12.412946939468384
0.7,0.82,0.43,0.66,0.97,0.89,0.18,0.62,0.16,18672,12.413691759109497
0.7,0.82,0.43,0.65,0.97,0.89,0.18,0.62,0.16,18609,12.417990684509277
0.7,0.81,0.43,0.66,0.97,0.89,0.18,0.62,0.16,18518,12.421440362930298
0.7,0.82,0.43,0.66,0.97,0.89,0.18,0.62,0.16,18859,12.425224781036377
0.7,0.82,0.43,0.66,0.97,0.89,0.18,0.62,0.16,18830,12.426297187805176
0.7,0.82,0.43,0.66,0.97,0.88,0.18,0.62,0.16,18635,12.429171562194824
0.7,0.82,0.43,0.66,0.97,0.89,0.18,0.62,0.16,18510,12.433032035827637
0.71,0.82,0.43,0.66,0.97,0.89,0.18,0.62,0.16,18665,12.437281847000122
0.7,0.82,0.43,0.66,0.97,0.89,0.18,0.61,0.16,18850,12.438085556030273
0.7,0.82,0.43,0.65,0.97,0.89,0.18,0.62,0.16,18617,12.44208574295044
0.7,0.82,0.43,0.66,0.97,0.89,0.18,0.62,0.16,18456,12.446085691452026
0.7,0.81,0.43,0.66,0.98,0.89,0.18,0.62,0.16,18695,12.450073003768921
0.7,0.82,0.43,0.66,0.97,0.89,0.18,0.62,0.16,18794,12.450073003768921
0.7,0.82,0.43,0.66,0.97,0.89,0.18,0.62,0.16,18805,12.453710079193115
0.7,0.82,0.43,0.66,0.97,0.89,0.18,0.62,0.16,18716,12.45904803276062
0.7,0.82,0.43,0.65,0.97,0.89,0.18,0.62,0.16,19191,12.461869716644287
0.7,0.82,0.43,0.66,0.97,0.89,0.18,0.62,0.16,19372,12.462882280349731
0.7,0.82,0.43,0.65,0.98,0.89,0.18,0.62,0.16,18925,12.465903282165527
0.7,0.82,0.43,0.65,0.97,0.89,0.18,0.62,0.16,18998,12.471347093582153
0.7,0.82,0.43,0.65,0.97,0.89,0.18,0.62,0.16,19167,12.474506139755249
0.7,0.82,0.43,0.65,0.97,0.89,0.18,0.62,0.16,18924,12.475561141967773
0.7,0.82,0.43,0.65,0.97,0.89,0.18,0.62,0.16,18635,12.479256868362427
0.7,0.82,0.43,0.65,0.97,0.89,0.18,0.62,0.16,18804,12.482247352600098
0.7,0.82,0.43,0.65,0.97,0.89,0.18,0.62,0.16,18813,12.486430644989014
0.7,0.81,0.44,0.65,0.97,0.89,0.19,0.62,0.16,18928,12.490436553955078
0.7,0.82,0.44,0.65,0.97,0.89,0.18,0.62,0.16,19231,12.490436553955078
0.7,0.82,0.43,0.65,0.97,0.89,0.19,0.62,0.16,19064,12.494468688964844
0.7,0.82,0.43,0.65,0.97,0.89,0.18,0.62,0.16,18737,12.499473333358765
0.7,0.82,0.43,0.66,0.97,0.89,0.18,0.62,0.16,18782,12.502806663513184
0.7,0.81,0.43,0.65,0.97,0.89,0.18,0.62,0.16,18871,12.502806663513184
0.7,0.81,0.43,0.65,0.97,0.89,0.18,0.62,0.16,18734,12.506805896759033
0.7,0.81,0.43,0.66,0.97,0.89,0.18,0.62,0.16,18913,12.5118088722229
0.7,0.81,0.43,0.66,0.97,0.89,0.18,0.62,0.16,18806,12.514807224273682
0.7,0.81,0.43,0.65,0.97,0.89,0.18,0.62,0.16,19081,12.515806913375854
0.7,0.82,0.43,0.66,0.97,0.89,0.18,0.62,0.16,19162,12.519049406051636
0.71,0.82,0.43,0.65,0.96,0.89,0.18,0.61,0.16,18783,12.523909330368042
0.71,0.82,0.43,0.65,0.97,0.89,0.18,0.62,0.16,18768,12.528072357177734
0.7,0.82,0.43,0.65,0.97,0.89,0.18,0.62,0.16,18883,12.528072357177734
0.7,0.82,0.43,0.65,0.97,0.89,0.18,0.62,0.16,18984,12.532318115234375
0.7,0.82,0.43,0.65,0.97,0.89,0.18,0.62,0.16,19091,12.535442590713501
0.7,0.82,0.43,0.65,0.97,0.89,0.19,0.62,0.16,18752,12.539733409881592
0.7,0.82,0.43,0.65,0.97,0.89,0.18,0.62,0.16,18807,12.540776491165161
0.7,0.82,0.43,0.65,0.97,0.89,0.18,0.62,0.16,18994,12.543766975402832
0.7,0.82,0.43,0.66,0.97,0.89,0.18,0.62,0.16,18723,12.547809600830078
0.7,0.82,0.43,0.65,0.97,0.89,0.19,0.62,0.16,18440,12.551809787750244
0.7,0.82,0.43,0.65,0.97,0.89,0.18,0.62,0.16,18243,12.552899360656738
0.7,0.82,0.43,0.64,0.97,0.89,0.18,0.62,0.16,18824,12.556605339050293
0.7,0.82,0.43,0.65,0.97,0.89,0.19,0.62,0.16,18885,12.560428142547607
0.7,0.82,0.43,0.66,0.97,0.89,0.19,0.62,0.16,18594,12.564280271530151
0.7,0.82,0.43,0.65,0.97,0.89,0.18,0.62,0.16,18459,12.568074703216553
0.7,0.82,0.43,0.65,0.97,0.89,0.19,0.62,0.16,18752,12.569204807281494
0.7,0.82,0.43,0.65,0.97,0.89,0.19,0.62,0.16,18691,12.572685480117798
0.7,0.82,0.43,0.65,0.97,0.89,0.18,0.62,0.16,18836,12.576682567596436
0.7,0.82,0.43,0.65,0.97,0.89,0.18,0.62,0.16,18785,12.580681324005127
0.7,0.82,0.43,0.65,0.97,0.89,0.19,0.62,0.16,18924,12.580681324005127
0.7,0.82,0.43,0.65,0.97,0.89,0.18,0.62,0.16,19205,12.584677934646606
0.7,0.82,0.43,0.64,0.97,0.89,0.18,0.62,0.16,19080,12.588778495788574
0.7,0.82,0.43,0.64,0.97,0.89,0.18,0.62,0.16,18821,12.593198537826538
0.7,0.82,0.43,0.65,0.97,0.89,0.18,0.62,0.16,18880,12.594197988510132
0.69,0.82,0.43,0.65,0.98,0.89,0.18,0.62,0.16,18777,12.598243474960327
0.69,0.82,0.43,0.65,0.97,0.89,0.18,0.62,0.16,18462,12.602250337600708
0.7,0.83,0.43,0.65,0.97,0.89,0.18,0.62,0.16,18499,12.606252431869507
0.7,0.82,0.43,0.66,0.97,0.89,0.18,0.62,0.16,18738,12.606252431869507
0.7,0.82,0.43,0.66,0.97,0.89,0.18,0.62,0.16,19171,12.60975980758667
0.7,0.82,0.43,0.66,0.97,0.89,0.18,0.62,0.16,19032,12.613753080368042
0.69,0.82,0.43,0.65,0.97,0.89,0.18,0.62,0.16,19013,12.618021488189697
0.7,0.82,0.43,0.65,0.97,0.89,0.18,0.62,0.16,19212,12.618021488189697
0.7,0.82,0.43,0.65,0.97,0.89,0.18,0.62,0.16,18989,12.622326135635376
0.69,0.82,0.43,0.65,0.97,0.89,0.19,0.62,0.16,18850,12.626506567001343
0.7,0.82,0.43,0.65,0.97,0.89,0.19,0.62,0.16,19141,12.629803657531738
0.7,0.82,0.43,0.65,0.97,0.89,0.18,0.62,0.16,18610,12.633641004562378
0.69,0.82,0.43,0.64,0.97,0.89,0.18,0.62,0.16,18367,12.634360551834106
0.69,0.82,0.43,0.65,0.97,0.89,0.18,0.62,0.16,18606,12.638360738754272
0.7,0.82,0.43,0.65,0.97,0.89,0.18,0.62,0.16,19107,12.64336109161377
0.7,0.82,0.43,0.65,0.98,0.89,0.18,0.62,0.16,18698,12.646061897277832
0.7,0.82,0.43,0.65,0.97,0.89,0.18,0.62,0.16,18719,12.647126197814941
0.7,0.82,0.43,0.65,0.97,0.89,0.19,0.62,0.16,18704,12.650126934051514
0.7,0.82,0.43,0.65,0.97,0.89,0.18,0.62,0.16,18991,12.65468454360962
0.7,0.82,0.43,0.65,0.97,0.89,0.18,0.62,0.16,18726,12.658797264099121
0.7,0.82,0.43,0.65,0.97,0.89,0.18,0.62,0.16,18653,12.658797264099121
0.7,0.82,0.43,0.65,0.97,0.89,0.19,0.62,0.16,19016,12.662709712982178
0.7,0.82,0.43,0.66,0.97,0.89,0.18,0.62,0.16,19199,12.667155742645264
0.69,0.82,0.43,0.66,0.97,0.89,0.19,0.62,0.16,19012,12.670591592788696
0.7,0.82,0.43,0.66,0.97,0.88,0.19,0.62,0.16,18511,12.67164158821106
0.69,0.82,0.43,0.65,0.97,0.88,0.19,0.62,0.16,18878,12.675072431564331
0.7,0.82,0.43,0.65,0.97,0.89,0.18,0.62,0.16,19097,12.680150747299194
0.7,0.81,0.43,0.65,0.97,0.89,0.18,0.62,0.16,18640,12.683384418487549
0.7,0.82,0.43,0.65,0.98,0.89,0.18,0.62,0.16,18959,12.6843900680542
0.7,0.82,0.43,0.65,0.97,0.89,0.18,0.62,0.16,19446,12.687394142150879
0.7,0.82,0.43,0.65,0.97,0.89,0.19,0.62,0.16,19115,12.691593408584595
0.69,0.82,0.43,0.65,0.97,0.89,0.19,0.62,0.16,18616,12.695812940597534
0.7,0.82,0.43,0.65,0.97,0.89,0.18,0.62,0.16,18575,12.696952104568481
0.7,0.82,0.43,0.65,0.97,0.89,0.19,0.62,0.16,18660,12.69956636428833
0.7,0.83,0.43,0.65,0.98,0.89,0.19,0.62,0.16,19125,12.704347372055054
0.7,0.82,0.43,0.65,0.98,0.89,0.18,0.62,0.16,18976,12.708418130874634
0.7,0.82,0.43,0.65,0.97,0.89,0.19,0.62,0.17,18517,12.711628198623657
0.69,0.82,0.43,0.65,0.97,0.89,0.19,0.62,0.16,18628,12.711628198623657
0.7,0.82,0.44,0.65,0.97,0.89,0.18,0.62,0.16,18971,12.716161966323853
0.69,0.82,0.43,0.65,0.97,0.89,0.18,0.62,0.16,19012,12.720599889755249
0.7,0.82,0.43,0.65,0.97,0.89,0.18,0.62,0.16,18889,12.72388744354248
0.7,0.82,0.43,0.65,0.97,0.89,0.18,0.62,0.16,18642,12.724621772766113
0.7,0.82,0.43,0.65,0.97,0.89,0.19,0.62,0.16,18527,12.728718757629395
0.7,0.82,0.43,0.66,0.97,0.89,0.18,0.62,0.16,18574,12.732213020324707
0.7,0.82,0.43,0.65,0.97,0.89,0.18,0.62,0.16,18861,12.736426591873169
0.69,0.82,0.43,0.65,0.97,0.89,0.18,0.61,0.16,18558,12.736426591873169
0.7,0.82,0.43,0.65,0.97,0.89,0.18,0.61,0.16,18471,12.740229606628418
0.7,0.82,0.43,0.65,0.97,0.89,0.18,0.62,0.16,18874,12.744559526443481
0.7,0.82,0.43,0.65,0.97,0.88,0.19,0.62,0.16,19131,12.748562574386597
0.7,0.81,0.43,0.65,0.97,0.88,0.18,0.62,0.16,19340,12.749554634094238
0.7,0.81,0.43,0.66,0.97,0.89,0.18,0.62,0.16,18905,12.752842903137207
0.7,0.82,0.44,0.66,0.97,0.89,0.18,0.62,0.16,18932,12.75684642791748
0.7,0.82,0.43,0.65,0.97,0.88,0.18,0.62,0.16,18875,12.760939359664917
0.7,0.82,0.43,0.65,0.97,0.89,0.18,0.61,0.16,18320,12.761948585510254
0.7,0.82,0.43,0.66,0.97,0.89,0.18,0.62,0.16,18673,12.764938354492188
0.7,0.82,0.43,0.65,0.97,0.89,0.18,0.62,0.16,18976,12.768912315368652
0.69,0.82,0.44,0.65,0.97,0.89,0.18,0.62,0.16,19157,12.773945808410645
0.7,0.82,0.43,0.66,0.97,0.89,0.18,0.61,0.16,18714,12.7772216796875
0.7,0.82,0.43,0.66,0.97,0.89,0.18,0.61,0.16,19117,12.7772216796875
0.7,0.82,0.43,0.66,0.97,0.89,0.19,0.62,0.16,19120,12.782227039337158
0.7,0.82,0.43,0.65,0.97,0.89,0.19,0.62,0.16,18657,12.78546404838562
0.69,0.82,0.43,0.65,0.97,0.89,0.19,0.62,0.16,18620,12.789713859558105
0.7,0.82,0.43,0.65,0.97,0.89,0.19,0.62,0.16,19173,12.789713859558105
0.7,0.82,0.43,0.65,0.97,0.89,0.18,0.62,0.16,18976,12.793733835220337
0.7,0.82,0.43,0.65,0.97,0.88,0.18,0.62,0.17,18773,12.798887491226196
0.7,0.82,0.43,0.65,0.97,0.89,0.19,0.62,0.16,18964,12.80201530456543
0.7,0.81,0.43,0.65,0.97,0.89,0.19,0.62,0.16,19211,12.80286717414856
0.69,0.82,0.43,0.66,0.97,0.89,0.19,0.62,0.16,18858,12.806867122650146
0.7,0.82,0.43,0.66,0.97,0.89,0.18,0.62,0.16,18781,12.810867071151733
0.7,0.82,0.43,0.66,0.97,0.89,0.19,0.62,0.16,18782,12.814362525939941
0.7,0.82,0.43,0.66,0.97,0.89,0.19,0.62,0.16,18797,12.815444231033325
0.7,0.82,0.43,0.66,0.97,0.89,0.18,0.62,0.16,18780,12.8184335231781
0.7,0.82,0.43,0.65,0.97,0.89,0.18,0.62,0.16,18563,12.82312297821045
0.7,0.82,0.43,0.65,0.97,0.89,0.18,0.61,0.16,18434,12.826659202575684
0.7,0.82,0.43,0.65,0.97,0.89,0.19,0.62,0.16,18621,12.826659202575684
0.7,0.82,0.43,0.65,0.97,0.89,0.18,0.62,0.16,18712,12.83120083808899
0.7,0.82,0.43,0.66,0.97,0.89,0.19,0.62,0.16,18665,12.834641218185425
0.7,0.82,0.43,0.66,0.97,0.88,0.19,0.62,0.16,18806,12.839045763015747
0.69,0.82,0.44,0.65,0.97,0.88,0.19,0.62,0.16,18897,12.842302083969116
0.7,0.82,0.43,0.65,0.97,0.89,0.19,0.62,0.16,18536,12.843039751052856
0.7,0.82,0.43,0.65,0.97,0.89,0.19,0.62,0.16,18735,12.847460985183716
0.7,0.82,0.43,0.65,0.97,0.89,0.18,0.62,0.16,18774,12.851949691772461
0.7,0.81,0.43,0.66,0.97,0.89,0.19,0.62,0.16,18635,12.855278968811035
0.7,0.82,0.43,0.65,0.97,0.89,0.18,0.62,0.16,18650,12.855944156646729
0.7,0.81,0.43,0.66,0.97,0.89,0.19,0.62,0.16,18959,12.860382080078125
0.7,0.81,0.43,0.65,0.97,0.89,0.19,0.62,0.16,18784,12.864446640014648
0.7,0.81,0.43,0.65,0.97,0.89,0.19,0.62,0.16,18301,12.867966175079346
0.7,0.81,0.43,0.65,0.97,0.89,0.18,0.62,0.16,18806,12.867966175079346
0.69,0.82,0.43,0.65,0.97,0.89,0.18,0.62,0.16,18999,12.872199296951294
0.69,0.82,0.43,0.65,0.97,0.89,0.19,0.62,0.16,19092,12.876232862472534
0.69,0.81,0.43,0.66,0.98,0.89,0.19,0.62,0.16,18815,12.87984037399292
0.69,0.81,0.43,0.66,0.97,0.89,0.19,0.62,0.16,18586,12.880915641784668
0.7,0.81,0.43,0.66,0.97,0.89,0.19,0.62,0.16,18489,12.884366035461426
0.69,0.81,0.43,0.66,0.97,0.89,0.19,0.62,0.16,18842,12.888553857803345
0.7,0.81,0.44,0.65,0.98,0.89,0.19,0.62,0.16,18961,12.892746925354004
0.69,0.81,0.43,0.65,0.98,0.89,0.19,0.62,0.16,18932,12.892746925354004
0.7,0.8,0.43,0.65,0.97,0.89,0.19,0.62,0.16,18675,12.897011280059814
0.69,0.81,0.43,0.65,0.97,0.89,0.19,0.62,0.16,18816,12.901031494140625
0.69,0.82,0.43,0.65,0.97,0.89,0.18,0.62,0.16,18863,12.904481410980225
0.68,0.82,0.44,0.65,0.97,0.89,0.18,0.62,0.16,18896,12.905494213104248
0.68,0.81,0.43,0.65,0.97,0.89,0.19,0.62,0.16,18937,12.909520387649536
0.67,0.81,0.43,0.65,0.97,0.89,0.19,0.62,0.17,18576,12.912424564361572
0.68,0.82,0.43,0.66,0.97,0.89,0.18,0.62,0.16,18373,12.916493892669678
0.68,0.82,0.43,0.66,0.97,0.89,0.19,0.62,0.16,19052,12.920689344406128
0.66,0.82,0.43,0.66,0.98,0.89,0.18,0.62,0.16,18829,12.920689344406128
0.66,0.82,0.43,0.65,0.98,0.89,0.18,0.62,0.16,18672,12.925636529922485
0.65,0.82,0.43,0.65,0.98,0.89,0.18,0.62,0.16,18897,12.929636478424072
0.64,0.82,0.43,0.65,0.98,0.89,0.17,0.62,0.16,18948,12.933257818222046
0.62,0.82,0.43,0.65,0.98,0.89,0.17,0.62,0.16,18933,12.934244871139526
0.62,0.82,0.43,0.65,0.98,0.89,0.17,0.62,0.16,19168,12.937244653701782
0.61,0.82,0.43,0.64,0.97,0.89,0.17,0.62,0.16,18429,12.94245433807373
0.63,0.82,0.43,0.63,0.97,0.89,0.17,0.62,0.16,18602,12.944895029067993
0.65,0.82,0.43,0.63,0.98,0.89,0.17,0.62,0.16,19073,12.945921897888184
0.66,0.82,0.43,0.62,0.97,0.89,0.17,0.62,0.15,18636,12.948992490768433
0.64,0.82,0.43,0.6,0.97,0.9,0.17,0.62,0.16,18899,12.954060792922974
0.65,0.82,0.43,0.62,0.97,0.89,0.18,0.62,0.15,18662,12.958061218261719
0.65,0.82,0.43,0.62,0.97,0.89,0.17,0.62,0.15,19011,12.958061218261719
0.64,0.82,0.43,0.6,0.97,0.89,0.17,0.62,0.17,18650,12.962040185928345
0.63,0.82,0.42,0.57,0.98,0.9,0.18,0.62,0.17,19075,12.966026782989502
0.63,0.82,0.43,0.58,0.98,0.9,0.17,0.62,0.17,18850,12.970049142837524
0.62,0.81,0.42,0.56,0.97,0.9,0.18,0.62,0.16,18975,12.970049142837524
0.61,0.82,0.42,0.57,0.97,0.9,0.18,0.62,0.16,19338,12.97371244430542
0.62,0.82,0.42,0.56,0.97,0.9,0.19,0.62,0.16,18985,12.978270292282104
0.62,0.82,0.42,0.55,0.97,0.9,0.18,0.62,0.16,18752,12.982038497924805
0.63,0.82,0.42,0.56,0.97,0.9,0.18,0.62,0.16,18847,12.986069679260254
0.63,0.82,0.41,0.53,0.98,0.9,0.19,0.62,0.16,19004,12.987069129943848
0.61,0.82,0.42,0.55,0.97,0.9,0.19,0.62,0.16,19417,12.991069078445435
0.64,0.82,0.42,0.54,0.97,0.9,0.19,0.62,0.17,19246,12.9950692653656
0.61,0.82,0.42,0.53,0.97,0.89,0.19,0.62,0.17,19419,12.99807095527649
0.6,0.81,0.42,0.53,0.97,0.9,0.19,0.62,0.17,19518,12.999065637588501
0.6,0.82,0.41,0.52,0.97,0.9,0.19,0.62,0.17,19115,13.003123998641968
0.61,0.82,0.4,0.48,0.97,0.91,0.17,0.62,0.17,18938,13.00663161277771
0.59,0.82,0.41,0.49,0.97,0.9,0.16,0.62,0.18,19115,13.010522842407227
0.57,0.82,0.42,0.51,0.97,0.9,0.16,0.62,0.18,19562,13.010522842407227
0.58,0.82,0.42,0.48,0.97,0.91,0.17,0.62,0.18,19431,13.01456356048584
0.57,0.81,0.41,0.49,0.97,0.91,0.17,0.62,0.18,19132,13.019726276397705
0.56,0.81,0.42,0.47,0.97,0.9,0.17,0.62,0.18,18757,13.023427248001099
0.56,0.81,0.42,0.47,0.98,0.9,0.16,0.62,0.18,18966,13.02445650100708
0.58,0.81,0.42,0.47,0.97,0.91,0.17,0.62,0.19,19505,13.027235746383667
0.6,0.8,0.41,0.48,0.97,0.91,0.2,0.62,0.19,19544,13.031946659088135
0.61,0.81,0.41,0.46,0.96,0.91,0.2,0.62,0.19,19577,13.035233736038208
0.59,0.81,0.41,0.45,0.96,0.91,0.19,0.62,0.19,19340,13.035961151123047
0.6,0.81,0.42,0.43,0.96,0.91,0.18,0.62,0.18,19361,13.039235353469849
0.65,0.81,0.42,0.42,0.96,0.92,0.2,0.62,0.19,19718,13.043721199035645
0.62,0.81,0.42,0.43,0.96,0.92,0.19,0.61,0.18,19769,13.047764301300049
0.67,0.81,0.42,0.45,0.96,0.92,0.19,0.62,0.19,19538,13.05153203010559
0.62,0.81,0.42,0.45,0.96,0.93,0.19,0.61,0.18,19149,13.05153203010559
0.63,0.82,0.43,0.45,0.96,0.92,0.18,0.62,0.2,19324,13.055870771408081
0.62,0.81,0.42,0.46,0.96,0.92,0.19,0.61,0.19,19697,13.059861421585083
0.66,0.81,0.42,0.44,0.96,0.93,0.19,0.61,0.19,19750,13.063963174819946
0.67,0.81,0.42,0.45,0.95,0.92,0.18,0.62,0.19,19997,13.063963174819946
0.65,0.8,0.42,0.44,0.96,0.92,0.17,0.61,0.18,19798,13.068963289260864
0.63,0.81,0.42,0.44,0.95,0.92,0.19,0.61,0.19,19665,13.072984218597412
0.62,0.8,0.42,0.43,0.96,0.92,0.17,0.62,0.2,19662,13.076569557189941
0.61,0.8,0.41,0.42,0.96,0.93,0.2,0.61,0.2,19611,13.077224493026733
0.71,0.81,0.42,0.43,0.96,0.92,0.2,0.61,0.19,19634,13.0806565284729
0.69,0.8,0.42,0.4,0.96,0.93,0.21,0.61,0.2,19609,13.08496379852295
0.72,0.8,0.42,0.42,0.96,0.93,0.21,0.61,0.21,19702,13.088780641555786
0.74,0.8,0.42,0.44,0.95,0.91,0.23,0.6,0.2,19403,13.089840412139893
0.72,0.79,0.42,0.44,0.95,0.92,0.22,0.6,0.2,19280,13.093396663665771
0.78,0.8,0.41,0.42,0.96,0.92,0.22,0.6,0.19,19545,13.096671342849731
0.75,0.79,0.42,0.42,0.96,0.92,0.22,0.61,0.2,19652,13.101719856262207
0.77,0.78,0.42,0.43,0.96,0.92,0.23,0.61,0.21,19345,13.101719856262207
0.76,0.78,0.42,0.44,0.96,0.92,0.23,0.61,0.21,19518,13.105245590209961
0.74,0.79,0.43,0.44,0.96,0.93,0.27,0.61,0.21,19655,13.110294103622437
0.77,0.79,0.42,0.44,0.94,0.93,0.27,0.61,0.21,19384,13.11293911933899
0.78,0.78,0.41,0.47,0.94,0.93,0.27,0.62,0.22,19589,13.113982200622559
0.8,0.79,0.41,0.47,0.95,0.93,0.29,0.61,0.21,19702,13.118319749832153
0.78,0.79,0.41,0.45,0.94,0.93,0.28,0.61,0.21,19271,13.122332096099854
0.76,0.79,0.41,0.47,0.95,0.93,0.28,0.61,0.22,19258,13.12633204460144
0.8,0.78,0.42,0.45,0.94,0.92,0.26,0.58,0.21,19557,13.129332304000854
0.8,0.77,0.41,0.44,0.93,0.92,0.29,0.61,0.21,20260,13.130310773849487
0.83,0.77,0.4,0.45,0.93,0.93,0.3,0.6,0.22,20043,13.132710695266724
0.83,0.78,0.4,0.44,0.94,0.93,0.33,0.6,0.21,20286,13.137800931930542
0.86,0.78,0.38,0.46,0.94,0.93,0.32,0.61,0.21,20189,13.14224624633789
0.85,0.77,0.39,0.46,0.94,0.93,0.31,0.61,0.21,20004,13.14224624633789
0.88,0.76,0.4,0.49,0.95,0.93,0.33,0.61,0.21,19897,13.146229982376099
0.87,0.76,0.4,0.5,0.94,0.93,0.34,0.61,0.22,20202,13.150260210037231
0.86,0.76,0.39,0.48,0.95,0.94,0.34,0.61,0.23,20301,13.15440034866333
0.88,0.77,0.39,0.48,0.95,0.95,0.37,0.6,0.23,20526,13.155230045318604
0.88,0.77,0.39,0.48,0.95,0.95,0.37,0.61,0.22,20393,13.158466100692749
0.9,0.77,0.37,0.49,0.94,0.95,0.39,0.61,0.23,19988,13.162543296813965
0.88,0.76,0.36,0.52,0.95,0.94,0.4,0.61,0.22,19613,13.166589498519897
0.87,0.76,0.38,0.51,0.95,0.95,0.42,0.61,0.24,19972,13.1676504611969
0.92,0.76,0.38,0.52,0.95,0.95,0.42,0.61,0.24,20213,13.170645713806152
0.93,0.76,0.4,0.53,0.95,0.94,0.44,0.61,0.25,20294,13.17483401298523
0.93,0.76,0.4,0.52,0.96,0.95,0.44,0.62,0.25,20355,13.179091691970825
0.96,0.76,0.39,0.54,0.97,0.95,0.45,0.62,0.25,20032,13.180091381072998
0.97,0.76,0.41,0.55,0.97,0.95,0.45,0.62,0.25,20137,13.182415008544922
1.0,0.76,0.41,0.53,0.97,0.95,0.46,0.62,0.25,20370,13.187394142150879
0.98,0.76,0.41,0.52,0.97,0.95,0.46,0.62,0.25,20533,13.191672325134277
0.99,0.76,0.42,0.53,0.97,0.95,0.46,0.62,0.26,20196,13.194674253463745
0.96,0.76,0.42,0.52,0.97,0.95,0.47,0.62,0.25,20349,13.194674253463745
0.96,0.77,0.42,0.54,0.98,0.96,0.47,0.62,0.24,20550,13.199052095413208
0.98,0.77,0.42,0.55,0.98,0.96,0.47,0.62,0.24,20695,13.203252077102661
0.97,0.76,0.42,0.56,0.97,0.96,0.48,0.62,0.25,20320,13.207576274871826
0.96,0.76,0.42,0.58,0.98,0.96,0.46,0.62,0.25,20187,13.2083158493042
0.99,0.76,0.42,0.57,0.98,0.96,0.47,0.62,0.26,19990,13.212182760238647
1.0,0.77,0.43,0.57,0.98,0.96,0.47,0.62,0.25,19753,13.216026306152344
0.99,0.77,0.43,0.58,0.98,0.96,0.46,0.62,0.25,19976,13.219700813293457
1.0,0.77,0.42,0.57,0.97,0.96,0.46,0.62,0.26,20347,13.220550537109375
0.99,0.76,0.42,0.57,0.97,0.95,0.47,0.62,0.26,20158,13.224601030349731
0.97,0.76,0.42,0.59,0.98,0.96,0.47,0.62,0.26,20401,13.227904081344604
0.99,0.77,0.42,0.56,0.97,0.97,0.47,0.62,0.26,20026,13.231953144073486
1.0,0.76,0.42,0.58,0.98,0.96,0.47,0.62,0.26,19715,13.232467412948608
1.0,0.76,0.43,0.59,0.97,0.96,0.48,0.63,0.26,20036,13.236456394195557
1.01,0.76,0.43,0.6,0.98,0.96,0.47,0.62,0.26,20467,13.239744186401367
1.01,0.76,0.43,0.6,0.97,0.97,0.48,0.62,0.26,19994,13.244028568267822
1.01,0.76,0.43,0.61,0.98,0.97,0.47,0.63,0.27,19847,13.245150327682495
0.99,0.76,0.43,0.61,0.97,0.97,0.47,0.63,0.27,20102,13.248044490814209
1.01,0.76,0.43,0.61,0.97,0.97,0.47,0.62,0.26,20019,13.253028392791748
1.01,0.76,0.43,0.61,0.97,0.97,0.49,0.62,0.27,20374,13.257028579711914
1.01,0.77,0.44,0.61,0.98,0.96,0.47,0.62,0.27,20555,13.257028579711914
1.03,0.77,0.44,0.61,0.97,0.96,0.48,0.62,0.27,20362,13.261507272720337
1.03,0.77,0.43,0.61,0.98,0.97,0.47,0.62,0.27,19783,13.265346050262451
1.02,0.77,0.43,0.61,0.98,0.96,0.48,0.62,0.27,19808,13.268775463104248
1.01,0.77,0.44,0.6,0.98,0.96,0.48,0.62,0.27,20125,13.269466161727905
1.03,0.77,0.44,0.61,0.98,0.96,0.49,0.62,0.27,20186,13.273577213287354
1.03,0.77,0.44,0.61,0.98,0.96,0.48,0.63,0.27,19861,13.278160810470581
1.03,0.77,0.45,0.59,0.98,0.96,0.48,0.62,0.27,20276,13.28213381767273
1.03,0.77,0.44,0.6,0.98,0.96,0.48,0.63,0.27,20547,13.285340070724487
1.04,0.77,0.45,0.6,0.98,0.96,0.48,0.62,0.27,20538,13.286160707473755
1.03,0.76,0.45,0.61,0.98,0.96,0.48,0.62,0.27,19967,13.289427757263184
1.04,0.76,0.45,0.62,0.98,0.97,0.49,0.62,0.28,20182,13.293631315231323
1.04,0.77,0.46,0.61,0.98,0.96,0.49,0.63,0.28,20163,13.298015832901001
1.02,0.77,0.45,0.62,0.99,0.96,0.48,0.63,0.27,20032,13.298015832901001
1.03,0.76,0.45,0.62,0.98,0.96,0.48,0.63,0.27,20237,13.3021240234375
1.04,0.77,0.45,0.62,0.98,0.96,0.49,0.63,0.27,20096,13.306188106536865
1.04,0.77,0.45,0.62,0.98,0.96,0.49,0.63,0.28,20253,13.310627698898315
1.03,0.77,0.45,0.62,0.98,0.97,0.49,0.63,0.27,20192,13.310627698898315
1.04,0.76,0.45,0.61,0.98,0.96,0.49,0.64,0.28,20397,13.314105987548828
1.04,0.77,0.45,0.61,0.98,0.96,0.5,0.63,0.27,19956,13.318121433258057
1.04,0.77,0.45,0.62,0.98,0.96,0.5,0.63,0.28,20199,13.322367906570435
1.03,0.77,0.45,0.62,0.97,0.96,0.49,0.63,0.28,20356,13.322367906570435
1.04,0.77,0.45,0.62,0.98,0.96,0.5,0.63,0.28,20059,13.32595419883728
1.03,0.77,0.45,0.62,0.98,0.97,0.49,0.64,0.28,19674,13.330971717834473
1.03,0.76,0.45,0.62,0.98,0.96,0.49,0.64,0.28,19897,13.33406114578247
1.04,0.76,0.45,0.62,0.98,0.96,0.5,0.63,0.28,19708,13.335057020187378
1.04,0.77,0.45,0.62,0.98,0.96,0.49,0.64,0.28,19511,13.339061737060547
1.04,0.77,0.45,0.62,0.98,0.96,0.5,0.63,0.28,19994,13.342475414276123
1.04,0.77,0.45,0.62,0.98,0.97,0.5,0.63,0.28,20087,13.34665584564209
1.04,0.76,0.45,0.62,0.99,0.97,0.5,0.63,0.28,20498,13.347645998001099
1.05,0.77,0.45,0.62,0.99,0.97,0.49,0.64,0.28,20475,13.350805282592773
1.04,0.76,0.45,0.62,0.98,0.96,0.5,0.64,0.28,19906,13.355080127716064
1.04,0.77,0.45,0.62,0.98,0.96,0.5,0.64,0.28,20431,13.359068155288696
1.04,0.77,0.45,0.62,0.98,0.96,0.49,0.63,0.28,20706,13.363358974456787
1.05,0.77,0.45,0.62,0.99,0.97,0.5,0.64,0.28,20315,13.364062070846558
1.05,0.76,0.45,0.62,0.99,0.96,0.5,0.64,0.28,20134,13.368061780929565
1.05,0.77,0.45,0.62,0.98,0.96,0.5,0.64,0.28,19711,13.372392177581787
1.06,0.77,0.45,0.62,0.98,0.96,0.49,0.64,0.28,19632,13.37556004524231
1.06,0.77,0.45,0.62,0.99,0.96,0.49,0.64,0.28,19965,13.37662935256958
1.06,0.77,0.45,0.63,0.98,0.96,0.49,0.63,0.28,20440,13.379637718200684
1.06,0.78,0.45,0.62,0.99,0.96,0.5,0.63,0.28,20163,13.383927345275879
1.06,0.77,0.46,0.62,0.99,0.97,0.49,0.63,0.28,20166,13.387791872024536
1.07,0.78,0.46,0.62,0.99,0.97,0.5,0.64,0.28,20133,13.38886308670044
1.05,0.78,0.46,0.62,0.98,0.96,0.49,0.64,0.28,19908,13.392273187637329
1.05,0.78,0.46,0.62,0.98,0.96,0.5,0.63,0.29,20071,13.396273374557495
1.04,0.78,0.46,0.63,0.98,0.96,0.5,0.63,0.28,20080,13.400273084640503
1.05,0.78,0.46,0.63,0.99,0.96,0.49,0.63,0.28,20113,13.401302337646484
1.06,0.78,0.46,0.63,0.99,0.96,0.5,0.63,0.28,19856,13.404372453689575
1.05,0.78,0.46,0.63,0.99,0.96,0.5,0.63,0.28,20009,13.409327507019043
1.05,0.78,0.46,0.62,0.98,0.96,0.5,0.63,0.28,20406,13.412302732467651
1.06,0.78,0.46,0.62,0.98,0.96,0.5,0.63,0.29,20409,13.412302732467651
1.05,0.78,0.46,0.62,0.99,0.95,0.49,0.63,0.28,20172,13.416624784469604
1.06,0.77,0.46,0.63,0.98,0.96,0.49,0.63,0.28,20349,13.42106294631958
1.06,0.78,0.46,0.62,0.98,0.96,0.5,0.64,0.28,20164,13.425062656402588
1.07,0.78,0.46,0.62,0.98,0.96,0.5,0.63,0.28,20089,13.425062656402588
1.07,0.77,0.46,0.62,0.98,0.96,0.5,0.63,0.28,20168,13.428685903549194
1.07,0.78,0.47,0.62,0.99,0.96,0.5,0.63,0.28,20405,13.43247365951538
1.07,0.78,0.47,0.62,0.99,0.96,0.5,0.64,0.28,20426,13.43684697151184
1.07,0.78,0.47,0.62,0.98,0.96,0.5,0.63,0.29,20323,13.44093370437622
1.07,0.78,0.47,0.62,0.98,0.95,0.5,0.63,0.28,20234,13.44093370437622
1.06,0.78,0.47,0.62,0.99,0.95,0.5,0.64,0.29,19947,13.445117950439453
1.06,0.78,0.46,0.62,0.99,0.95,0.51,0.64,0.28,20240,13.449116468429565
1.06,0.78,0.47,0.62,0.98,0.95,0.5,0.63,0.29,20299,13.453275203704834
1.06,0.78,0.47,0.62,0.99,0.96,0.5,0.64,0.29,20220,13.454275369644165
1.07,0.78,0.47,0.62,0.98,0.96,0.51,0.64,0.29,19837,13.457275390625
1.05,0.78,0.46,0.62,0.98,0.96,0.51,0.64,0.28,20352,13.460966348648071
1.06,0.78,0.47,0.63,0.98,0.95,0.51,0.63,0.28,20439,13.465598344802856
1.06,0.78,0.47,0.62,0.98,0.96,0.51,0.63,0.29,20004,13.465598344802856
1.07,0.78,0.47,0.63,0.98,0.96,0.5,0.64,0.28,20143,13.469630002975464
1.07,0.78,0.46,0.62,0.98,0.96,0.51,0.64,0.28,20524,13.47419261932373
1.06,0.78,0.47,0.63,0.98,0.96,0.51,0.64,0.28,20283,13.478022813796997
1.07,0.78,0.47,0.63,0.98,0.95,0.51,0.64,0.29,19892,13.478022813796997
1.06,0.78,0.46,0.63,0.98,0.96,0.52,0.63,0.28,20163,13.482165813446045
1.06,0.78,0.46,0.63,0.98,0.96,0.52,0.64,0.28,20240,13.486144065856934
1.06,0.78,0.47,0.62,0.98,0.96,0.52,0.64,0.28,19867,13.49034070968628
1.06,0.77,0.47,0.63,0.98,0.96,0.52,0.64,0.28,20278,13.491169691085815
1.08,0.78,0.47,0.62,0.98,0.96,0.52,0.64,0.28,20345,13.494456052780151
1.08,0.78,0.46,0.63,0.98,0.96,0.52,0.64,0.28,20268,13.498491764068604
1.08,0.78,0.46,0.62,0.98,0.96,0.52,0.64,0.29,19951,13.503536701202393
1.07,0.78,0.46,0.62,0.98,0.96,0.52,0.64,0.29,20206,13.503536701202393
1.08,0.78,0.46,0.62,0.98,0.96,0.51,0.64,0.28,20139,13.50670599937439
1.07,0.78,0.46,0.63,0.99,0.97,0.52,0.64,0.28,20140,13.510685920715332
1.07,0.78,0.47,0.62,0.99,0.96,0.52,0.64,0.29,20325,13.514671564102173
1.08,0.78,0.46,0.63,0.99,0.96,0.52,0.64,0.29,20646,13.518301486968994
1.08,0.78,0.46,0.62,0.99,0.96,0.51,0.64,0.28,20429,13.519031286239624
1.08,0.78,0.46,0.62,0.99,0.97,0.52,0.64,0.28,20250,13.523016929626465
1.07,0.78,0.46,0.63,0.99,0.96,0.52,0.64,0.29,20535,13.527000904083252
1.08,0.78,0.46,0.63,0.99,0.96,0.52,0.64,0.29,20336,13.530361413955688
1.09,0.78,0.46,0.63,0.98,0.96,0.53,0.64,0.29,19973,13.531878471374512
1.08,0.78,0.46,0.62,0.98,0.97,0.52,0.64,0.29,20180,13.534850120544434
1.08,0.78,0.46,0.63,0.99,0.97,0.52,0.64,0.29,19891,13.539080142974854
1.08,0.78,0.46,0.63,0.98,0.96,0.53,0.64,0.29,19292,13.543800354003906
1.07,0.78,0.46,0.63,0.99,0.96,0.52,0.64,0.29,19479,13.544778823852539
1.08,0.78,0.46,0.62,0.99,0.96,0.52,0.64,0.29,19974,13.547804832458496
1.08,0.78,0.46,0.62,0.99,0.96,0.52,0.64,0.29,20455,13.55201244354248
1.06,0.78,0.46,0.63,0.99,0.96,0.52,0.64,0.29,20294,13.55604600906372
1.08,0.78,0.46,0.63,0.98,0.96,0.53,0.64,0.29,20295,13.55604600906372
1.08,0.78,0.46,0.62,0.99,0.96,0.52,0.64,0.29,20426,13.559587478637695
1.09,0.78,0.46,0.62,0.99,0.96,0.53,0.64,0.28,20295,13.564650535583496
1.1,0.78,0.46,0.62,0.99,0.96,0.52,0.64,0.29,19812,13.568186044692993
1.09,0.77,0.46,0.63,0.99,0.97,0.53,0.64,0.29,20239,13.568186044692993
1.09,0.78,0.46,0.62,0.99,0.96,0.52,0.64,0.3,20158,13.571711540222168
1.09,0.78,0.46,0.63,0.99,0.96,0.53,0.64,0.29,20441,13.576210021972656
1.09,0.77,0.46,0.63,0.99,0.96,0.53,0.64,0.29,20562,13.580343008041382
1.09,0.78,0.46,0.63,0.98,0.96,0.52,0.64,0.3,20269,13.583345651626587
1.09,0.78,0.46,0.63,0.98,0.96,0.52,0.64,0.29,19894,13.584349393844604
1.1,0.78,0.46,0.63,0.98,0.96,0.52,0.64,0.29,20039,13.588346719741821
1.1,0.78,0.46,0.63,0.99,0.96,0.52,0.64,0.29,20286,13.593369960784912
1.1,0.78,0.46,0.63,0.99,0.96,0.52,0.64,0.29,20217,13.596524000167847
1.11,0.78,0.46,0.62,0.99,0.96,0.52,0.64,0.29,20184,13.596524000167847
1.11,0.78,0.46,0.63,0.99,0.97,0.52,0.64,0.29,19905,13.600395679473877
1.1,0.77,0.46,0.63,0.99,0.97,0.52,0.64,0.29,19478,13.604665040969849
1.1,0.78,0.46,0.64,0.99,0.97,0.52,0.64,0.29,19631,13.608661651611328
1.11,0.78,0.46,0.64,0.99,0.97,0.53,0.64,0.3,20246,13.608661651611328
1.11,0.78,0.46,0.64,0.99,0.96,0.53,0.64,0.3,20559,13.612705707550049
1.1,0.78,0.47,0.64,0.98,0.97,0.52,0.64,0.3,20076,13.617083311080933
1.1,0.78,0.47,0.63,0.99,0.96,0.52,0.64,0.3,20217,13.621249675750732
1.1,0.78,0.47,0.63,0.99,0.96,0.52,0.64,0.29,20542,13.621249675750732
1.1,0.78,0.47,0.63,0.99,0.97,0.53,0.64,0.29,20481,13.625645160675049
1.11,0.78,0.47,0.64,0.99,0.96,0.53,0.64,0.29,20342,13.62947964668274
1.1,0.78,0.46,0.63,0.99,0.96,0.52,0.64,0.29,20323,13.633336067199707
1.11,0.78,0.46,0.63,0.99,0.96,0.53,0.64,0.3,20188,13.634369850158691
1.11,0.78,0.46,0.64,0.99,0.96,0.52,0.65,0.3,20471,13.63777780532837
1.11,0.78,0.47,0.63,0.99,0.96,0.53,0.65,0.29,20702,13.641368389129639
1.11,0.78,0.46,0.63,0.99,0.96,0.53,0.64,0.29,20635,13.646399021148682
1.11,0.78,0.47,0.63,0.99,0.96,0.52,0.65,0.29,20348,13.646399021148682
1.1,0.78,0.46,0.63,0.99,0.96,0.52,0.64,0.29,20141,13.65039849281311
1.11,0.78,0.47,0.64,0.99,0.96,0.52,0.64,0.29,20316,13.654520988464355
1.11,0.78,0.47,0.64,0.99,0.96,0.52,0.65,0.29,20695,13.657809257507324
1.12,0.78,0.47,0.64,0.99,0.96,0.52,0.65,0.29,20206,13.661973237991333
1.11,0.78,0.47,0.63,0.99,0.96,0.52,0.65,0.29,19867,13.661973237991333
1.11,0.78,0.47,0.63,0.98,0.96,0.52,0.64,0.3,20150,13.665945529937744
1.09,0.78,0.47,0.63,0.99,0.96,0.52,0.64,0.29,19845,13.670250177383423
1.1,0.78,0.47,0.63,0.99,0.96,0.52,0.64,0.3,19898,13.674583911895752
1.1,0.78,0.47,0.63,0.99,0.96,0.53,0.65,0.29,20331,13.675091743469238
1.1,0.78,0.47,0.63,0.99,0.96,0.53,0.65,0.29,20512,13.678857326507568
1.09,0.78,0.47,0.63,0.99,0.97,0.53,0.65,0.29,20329,13.683039426803589
1.1,0.78,0.46,0.63,0.98,0.97,0.53,0.64,0.29,20486,13.686038732528687
1.11,0.78,0.47,0.63,0.99,0.96,0.53,0.64,0.29,20309,13.687038898468018
1.11,0.78,0.46,0.63,0.99,0.96,0.53,0.64,0.29,20272,13.691211462020874
1.1,0.79,0.47,0.63,0.99,0.96,0.53,0.64,0.29,20177,13.695385217666626
1.11,0.79,0.46,0.63,0.99,0.96,0.53,0.64,0.29,20592,13.698794603347778
1.1,0.78,0.47,0.63,0.99,0.96,0.53,0.64,0.29,20339,13.698794603347778
1.1,0.78,0.46,0.63,0.99,0.97,0.53,0.64,0.29,20242,13.704189777374268
1.11,0.78,0.46,0.63,0.99,0.97,0.53,0.64,0.29,20327,13.70716905593872
1.11,0.78,0.46,0.64,0.99,0.97,0.53,0.64,0.29,20430,13.711760997772217
1.1,0.78,0.46,0.64,0.99,0.97,0.53,0.65,0.3,19891,13.711760997772217
1.1,0.78,0.46,0.63,0.99,0.97,0.53,0.64,0.29,20208,13.714759111404419
1.1,0.78,0.46,0.64,0.99,0.97,0.54,0.65,0.29,20323,13.719770193099976
1.1,0.78,0.46,0.64,0.99,0.97,0.53,0.65,0.29,20164,13.723955869674683
1.11,0.78,0.47,0.63,0.99,0.97,0.53,0.65,0.3,20063,13.72695803642273
1.1,0.78,0.47,0.63,0.99,0.97,0.53,0.65,0.29,19518,13.728060245513916
1.1,0.78,0.46,0.64,0.99,0.97,0.54,0.64,0.29,19819,13.731097221374512
1.11,0.78,0.46,0.64,0.99,0.97,0.54,0.64,0.29,20410,13.736116886138916
1.11,0.78,0.47,0.64,0.99,0.96,0.53,0.65,0.3,20137,13.73991870880127
1.11,0.78,0.47,0.63,0.99,0.96,0.53,0.65,0.3,19984,13.73991870880127
1.1,0.78,0.47,0.64,0.99,0.96,0.53,0.65,0.3,20023,13.7439706325531
1.1,0.78,0.47,0.63,0.99,0.96,0.54,0.64,0.3,20170,13.747984409332275
1.11,0.78,0.47,0.63,0.98,0.96,0.53,0.65,0.29,20471,13.75225043296814
1.12,0.78,0.47,0.64,0.98,0.97,0.54,0.65,0.3,20168,13.75296950340271
1.11,0.78,0.47,0.63,0.98,0.97,0.53,0.64,0.3,19831,13.756012439727783
1.11,0.78,0.47,0.63,0.98,0.97,0.53,0.65,0.3,19982,13.761063575744629
1.1,0.78,0.47,0.65,0.99,0.96,0.53,0.65,0.3,20185,13.764765739440918
1.11,0.78,0.47,0.64,0.99,0.96,0.53,0.65,0.3,19952,13.764765739440918
1.1,0.78,0.47,0.65,0.99,0.97,0.54,0.65,0.3,20045,13.76929497718811
1.11,0.78,0.47,0.64,0.99,0.96,0.53,0.65,0.3,20000,13.772488594055176
1.11,0.78,0.47,0.64,0.99,0.96,0.53,0.65,0.3,19781,13.7765371799469
1.1,0.78,0.47,0.64,0.99,0.96,0.53,0.65,0.3,19706,13.77753496170044
1.11,0.78,0.47,0.64,0.99,0.96,0.53,0.65,0.3,19979,13.78153944015503
1.12,0.79,0.47,0.64,0.99,0.96,0.53,0.65,0.3,20234,13.78485369682312
1.12,0.78,0.47,0.64,0.99,0.96,0.53,0.65,0.3,19795,13.78914213180542
1.11,0.78,0.47,0.64,0.99,0.96,0.53,0.65,0.3,20262,13.790212869644165
1.1,0.78,0.47,0.64,0.99,0.96,0.53,0.65,0.3,20373,13.79323673248291
1.1,0.78,0.47,0.64,0.98,0.96,0.54,0.65,0.3,20332,13.797087669372559
1.12,0.78,0.47,0.64,0.99,0.97,0.53,0.65,0.3,20063,13.801442384719849
1.12,0.78,0.47,0.64,0.99,0.96,0.53,0.65,0.3,19778,13.805471658706665
1.11,0.78,0.47,0.64,0.99,0.97,0.53,0.65,0.3,20061,13.805569171905518
1.1,0.78,0.47,0.64,0.99,0.97,0.53,0.65,0.3,20252,13.809630632400513
1.11,0.78,0.47,0.64,0.99,0.96,0.53,0.65,0.29,20487,13.81461501121521
1.11,0.78,0.47,0.64,0.99,0.96,0.53,0.65,0.3,20584,13.817872047424316
1.12,0.78,0.47,0.65,0.99,0.97,0.53,0.65,0.3,20459,13.817872047424316
1.12,0.78,0.47,0.64,0.99,0.97,0.53,0.65,0.3,20176,13.82216763496399
1.11,0.78,0.47,0.65,0.99,0.96,0.53,0.65,0.3,19693,13.827181100845337
1.11,0.78,0.47,0.64,0.99,0.97,0.53,0.65,0.3,19930,13.830297708511353
1.12,0.78,0.47,0.65,0.98,0.97,0.53,0.65,0.3,20095,13.831180334091187
1.13,0.78,0.47,0.65,0.99,0.97,0.53,0.65,0.3,20440,13.83432674407959
1.12,0.78,0.47,0.64,0.99,0.96,0.53,0.65,0.3,20587,13.839469909667969
1.11,0.78,0.47,0.65,0.99,0.97,0.53,0.65,0.3,20382,13.842448711395264
1.11,0.78,0.47,0.64,0.98,0.97,0.53,0.65,0.3,20117,13.843451023101807
1.11,0.78,0.47,0.65,0.98,0.97,0.53,0.65,0.3,20224,13.84644079208374
1.11,0.78,0.47,0.65,0.98,0.96,0.53,0.65,0.3,20247,13.851469993591309
1.12,0.78,0.47,0.65,0.98,0.97,0.53,0.65,0.3,19944,13.855399370193481
1.12,0.78,0.47,0.65,0.98,0.97,0.53,0.65,0.3,20101,13.855399370193481
1.11,0.78,0.47,0.64,0.98,0.97,0.52,0.65,0.3,20554,13.858784675598145
1.12,0.78,0.47,0.65,0.98,0.97,0.54,0.65,0.3,20801,13.862967729568481
1.11,0.78,0.47,0.65,0.99,0.96,0.54,0.65,0.3,20162,13.867338180541992
1.12,0.78,0.47,0.65,0.99,0.97,0.53,0.65,0.3,19975,13.870614051818848
1.11,0.78,0.46,0.65,0.98,0.97,0.53,0.65,0.3,20246,13.871339082717896
1.11,0.78,0.47,0.65,0.98,0.97,0.54,0.65,0.3,20537,13.875838279724121
1.12,0.78,0.47,0.64,0.98,0.97,0.53,0.65,0.3,20246,13.879180192947388
1.12,0.79,0.47,0.65,0.99,0.96,0.53,0.65,0.3,20061,13.883346557617188
1.13,0.78,0.47,0.64,0.99,0.96,0.53,0.65,0.3,20258,13.884231328964233
1.12,0.79,0.48,0.64,0.99,0.97,0.53,0.65,0.3,20191,13.887799501419067
1.12,0.79,0.47,0.64,0.99,0.97,0.53,0.65,0.3,20158,13.892340421676636
1.13,0.78,0.47,0.64,0.98,0.97,0.54,0.65,0.3,20159,13.895546197891235
1.12,0.78,0.47,0.64,0.98,0.97,0.54,0.65,0.3,20042,13.896476030349731
1.13,0.79,0.47,0.64,0.98,0.96,0.53,0.65,0.3,19743,13.900472640991211
1.12,0.78,0.47,0.64,0.98,0.97,0.53,0.65,0.3,19944,13.904476642608643
1.12,0.79,0.47,0.65,0.99,0.97,0.53,0.65,0.3,20273,13.907735109329224
1.12,0.79,0.47,0.65,0.98,0.97,0.53,0.65,0.3,20194,13.908457279205322
1.12,0.79,0.48,0.65,0.98,0.97,0.53,0.65,0.3,20497,13.912476539611816
1.12,0.79,0.47,0.65,0.98,0.96,0.53,0.65,0.3,20088,13.916049242019653
1.12,0.78,0.47,0.65,0.98,0.96,0.53,0.65,0.3,20049,13.920297861099243
1.11,0.79,0.47,0.65,0.98,0.96,0.53,0.65,0.3,20124,13.92137336730957
1.12,0.79,0.47,0.65,0.98,0.97,0.53,0.65,0.3,20133,13.92451024055481
1.12,0.78,0.47,0.65,0.98,0.96,0.54,0.65,0.3,20142,13.928659677505493
1.12,0.78,0.47,0.65,0.98,0.97,0.53,0.65,0.3,20237,13.932386636734009
1.11,0.78,0.47,0.65,0.98,0.96,0.53,0.65,0.3,20174,13.933454990386963
1.11,0.79,0.47,0.65,0.98,0.96,0.54,0.65,0.3,19743,13.936793804168701
1.11,0.79,0.47,0.65,0.98,0.96,0.54,0.65,0.3,20172,13.94077205657959
1.11,0.79,0.47,0.65,0.99,0.96,0.54,0.65,0.3,20101,13.945060968399048
1.11,0.79,0.47,0.65,0.98,0.96,0.53,0.65,0.3,19666,13.949357986450195
1.12,0.79,0.47,0.65,0.99,0.97,0.54,0.65,0.3,19501,13.949357986450195
1.11,0.78,0.47,0.65,0.99,0.97,0.53,0.65,0.3,19800,13.953392028808594
1.11,0.78,0.47,0.65,0.99,0.97,0.54,0.65,0.3,20159,13.9579176902771
1.12,0.79,0.47,0.65,0.99,0.97,0.54,0.65,0.3,20356,13.961230039596558
1.12,0.78,0.47,0.65,0.99,0.97,0.53,0.65,0.3,19967,13.962305068969727
1.12,0.78,0.47,0.65,0.99,0.97,0.53,0.65,0.3,20018,13.965627908706665
1.12,0.78,0.47,0.65,0.99,0.97,0.53,0.65,0.3,19905,13.970120191574097
1.11,0.79,0.47,0.65,0.99,0.97,0.53,0.65,0.3,19764,13.973367929458618
1.11,0.79,0.47,0.65,0.99,0.97,0.54,0.65,0.3,20097,13.974119901657104
1.12,0.79,0.47,0.65,0.99,0.97,0.54,0.65,0.3,19318,13.978564977645874
1.12,0.78,0.47,0.66,0.99,0.97,0.54,0.65,0.3,19341,13.981614828109741
1.11,0.79,0.47,0.65,0.99,0.97,0.54,0.65,0.3,20084,13.985822200775146
1.11,0.78,0.47,0.66,0.99,0.97,0.54,0.65,0.3,20419,13.986687898635864
1.11,0.79,0.48,0.66,0.99,0.97,0.54,0.65,0.3,20128,13.990055084228516
1.11,0.79,0.48,0.66,0.99,0.97,0.54,0.65,0.3,19939,13.99507737159729
1.12,0.79,0.47,0.66,0.99,0.97,0.53,0.65,0.3,20246,13.998482465744019
1.12,0.79,0.47,0.66,0.98,0.97,0.54,0.65,0.3,20311,13.998482465744019
1.12,0.79,0.47,0.65,0.99,0.97,0.54,0.65,0.3,19808,14.002574682235718
1.13,0.79,0.47,0.65,0.99,0.97,0.54,0.65,0.3,19607,14.00736665725708
1.12,0.79,0.47,0.65,0.99,0.97,0.54,0.65,0.3,20130,14.010771751403809
1.13,0.79,0.48,0.65,0.98,0.97,0.54,0.65,0.3,20177,14.01409101486206
1.13,0.79,0.48,0.65,0.99,0.97,0.54,0.65,0.3,19988,14.014772891998291
1.12,0.78,0.47,0.66,0.98,0.97,0.53,0.65,0.3,20095,14.019122123718262
1.12,0.79,0.48,0.66,0.99,0.97,0.54,0.65,0.3,20492,14.023122310638428
1.12,0.79,0.48,0.65,0.99,0.96,0.54,0.65,0.3,20481,14.026715993881226
1.12,0.78,0.47,0.66,0.99,0.97,0.54,0.65,0.3,20108,14.02758002281189
1.12,0.78,0.47,0.66,0.98,0.97,0.54,0.65,0.3,19741,14.031055688858032
1.12,0.78,0.48,0.66,0.99,0.97,0.54,0.65,0.31,19822,14.03600263595581
1.11,0.78,0.48,0.66,0.98,0.97,0.54,0.65,0.3,19755,14.039032697677612
1.12,0.79,0.48,0.66,0.99,0.97,0.54,0.65,0.3,19930,14.040001153945923
1.11,0.78,0.48,0.66,0.99,0.96,0.54,0.65,0.3,20087,14.043498992919922
1.11,0.78,0.48,0.66,0.99,0.97,0.54,0.65,0.3,20190,14.04766035079956
1.12,0.78,0.47,0.66,0.99,0.96,0.54,0.65,0.3,20077,14.051022291183472
1.11,0.79,0.48,0.66,0.98,0.97,0.54,0.65,0.3,20080,14.052048683166504
1.12,0.78,0.47,0.66,0.99,0.98,0.54,0.65,0.3,20309,14.055861711502075
1.12,0.79,0.48,0.66,0.99,0.97,0.54,0.65,0.3,20172,14.059958934783936
1.12,0.79,0.47,0.66,0.99,0.97,0.53,0.65,0.3,19983,14.063042163848877
1.12,0.78,0.47,0.66,0.99,0.97,0.54,0.65,0.3,20038,14.064075946807861
1.12,0.79,0.47,0.66,0.99,0.97,0.54,0.65,0.3,20121,14.067922830581665
1.12,0.79,0.47,0.66,0.98,0.97,0.54,0.65,0.3,20070,14.071929454803467
1.13,0.79,0.48,0.66,0.99,0.96,0.54,0.65,0.3,20045,14.075970888137817
1.12,0.79,0.47,0.66,0.99,0.97,0.54,0.66,0.3,20246,14.078980445861816
1.12,0.79,0.48,0.66,0.99,0.97,0.54,0.66,0.3,20059,14.079973697662354
1.11,0.79,0.48,0.66,0.99,0.97,0.54,0.65,0.3,19934,14.083987951278687
1.12,0.79,0.47,0.66,0.99,0.96,0.54,0.65,0.3,20095,14.088652849197388
1.12,0.79,0.48,0.66,0.98,0.97,0.54,0.65,0.3,20110,14.091970920562744
1.12,0.79,0.48,0.66,0.99,0.97,0.54,0.65,0.3,20089,14.092674970626831
1.12,0.79,0.47,0.65,0.98,0.97,0.54,0.65,0.3,19964,14.096916913986206
1.12,0.79,0.47,0.65,0.99,0.97,0.54,0.65,0.3,19961,14.101544380187988
1.12,0.79,0.47,0.66,0.98,0.97,0.55,0.65,0.3,19764,14.104623556137085
1.13,0.79,0.47,0.66,0.98,0.97,0.54,0.65,0.3,19519,14.105679273605347
1.13,0.79,0.48,0.65,0.98,0.97,0.54,0.65,0.3,19986,14.109246492385864
1.11,0.79,0.47,0.66,0.99,0.96,0.54,0.65,0.3,19993,14.11324691772461
1.12,0.79,0.47,0.66,0.99,0.96,0.54,0.65,0.3,20060,14.116864204406738
1.12,0.79,0.48,0.66,0.99,0.96,0.55,0.66,0.3,20569,14.117562294006348
1.12,0.79,0.48,0.66,0.99,0.96,0.55,0.65,0.3,20458,14.12089204788208
1.13,0.79,0.48,0.66,0.99,0.96,0.54,0.66,0.3,19743,14.126163244247437
1.13,0.79,0.48,0.66,0.99,0.96,0.55,0.65,0.3,19514,14.129071712493896
1.13,0.78,0.48,0.65,0.99,0.97,0.54,0.66,0.3,19935,14.130098104476929
1.13,0.79,0.47,0.66,1.0,0.97,0.54,0.66,0.3,20122,14.132906436920166
1.13,0.79,0.47,0.65,0.99,0.97,0.54,0.66,0.3,19943,14.13809323310852
1.13,0.79,0.47,0.66,0.99,0.96,0.54,0.66,0.3,20318,14.141646146774292
1.14,0.79,0.48,0.66,0.99,0.97,0.54,0.66,0.3,19967,14.14260721206665
1.13,0.78,0.47,0.66,0.99,0.97,0.54,0.66,0.3,19862,14.145652294158936
1.13,0.79,0.47,0.66,0.99,0.97,0.54,0.66,0.3,19853,14.149848937988281
1.14,0.78,0.47,0.66,0.99,0.97,0.54,0.66,0.3,20322,14.15383243560791
1.14,0.78,0.47,0.66,0.99,0.97,0.55,0.66,0.3,20419,14.156872034072876
1.14,0.79,0.48,0.66,0.99,0.97,0.54,0.66,0.3,20274,14.157870054244995
1.13,0.79,0.48,0.65,0.99,0.97,0.54,0.66,0.3,20453,14.161904096603394
1.14,0.79,0.48,0.66,0.99,0.97,0.55,0.66,0.3,20118,14.166192531585693
1.15,0.79,0.48,0.66,0.99,0.96,0.55,0.65,0.3,20173,14.169785499572754
1.14,0.78,0.48,0.66,0.99,0.97,0.55,0.66,0.3,20360,14.169785499572754
1.14,0.78,0.48,0.66,0.99,0.96,0.55,0.66,0.3,20117,14.173558712005615
1.13,0.79,0.48,0.66,0.99,0.97,0.54,0.66,0.3,20074,14.178531169891357
1.14,0.78,0.48,0.66,0.99,0.97,0.55,0.66,0.31,19795,14.181530237197876
1.14,0.78,0.47,0.66,0.99,0.97,0.55,0.66,0.3,20316,14.182533740997314
1.14,0.79,0.47,0.66,0.99,0.97,0.55,0.66,0.3,20731,14.186530590057373
1.14,0.78,0.47,0.66,0.99,0.96,0.54,0.65,0.3,20262,14.190369606018066
1.13,0.79,0.47,0.66,0.99,0.97,0.55,0.66,0.31,20385,14.194588422775269
1.13,0.79,0.48,0.66,0.99,0.97,0.55,0.66,0.3,20052,14.195596694946289
1.13,0.79,0.47,0.66,0.99,0.97,0.55,0.66,0.3,20117,14.198059558868408
1.13,0.79,0.47,0.66,0.99,0.97,0.55,0.66,0.31,20286,14.203062057495117
1.13,0.79,0.47,0.66,0.99,0.97,0.54,0.66,0.3,20265,14.207062482833862
1.13,0.79,0.47,0.66,0.99,0.97,0.55,0.66,0.3,20348,14.207062482833862
1.12,0.79,0.47,0.66,0.99,0.97,0.55,0.66,0.3,20209,14.211355686187744
1.12,0.79,0.47,0.66,0.99,0.97,0.55,0.66,0.3,20464,14.214857816696167
1.14,0.78,0.47,0.66,0.99,0.97,0.55,0.66,0.3,20635,14.219702005386353
1.13,0.78,0.48,0.65,0.99,0.97,0.55,0.66,0.3,20030,14.222582340240479
1.13,0.78,0.47,0.66,0.99,0.97,0.55,0.66,0.3,20033,14.22375774383545
1.13,0.79,0.47,0.66,0.99,0.97,0.55,0.65,0.3,19694,14.227597951889038
1.13,0.79,0.47,0.66,0.99,0.97,0.55,0.65,0.3,19745,14.231594800949097
1.13,0.79,0.47,0.66,0.99,0.96,0.55,0.66,0.3,19658,14.235624074935913
1.13,0.78,0.48,0.66,0.99,0.97,0.55,0.66,0.3,20041,14.23616075515747
1.12,0.78,0.48,0.66,0.99,0.97,0.55,0.66,0.3,19970,14.23969316482544
1.13,0.78,0.48,0.65,0.99,0.97,0.55,0.66,0.3,19999,14.244723081588745
1.13,0.79,0.48,0.65,0.99,0.97,0.55,0.66,0.3,20260,14.24772310256958
1.13,0.78,0.47,0.65,0.99,0.96,0.55,0.66,0.3,20249,14.24772310256958
1.13,0.79,0.48,0.65,0.99,0.96,0.56,0.66,0.3,19774,14.252710103988647
1.13,0.78,0.47,0.65,0.99,0.97,0.55,0.66,0.3,19575,14.257262945175171
1.13,0.79,0.47,0.65,0.99,0.96,0.55,0.66,0.3,19688,14.260661602020264
1.14,0.78,0.47,0.65,0.99,0.97,0.55,0.66,0.3,19635,14.261630058288574
1.14,0.78,0.47,0.66,0.99,0.97,0.55,0.66,0.3,19566,14.264589548110962
1.13,0.78,0.47,0.66,0.99,0.97,0.55,0.66,0.3,19531,14.26862096786499
1.14,0.79,0.48,0.66,0.99,0.97,0.55,0.66,0.3,19868,14.272637605667114
1.13,0.79,0.47,0.66,0.99,0.97,0.56,0.66,0.3,20089,14.27362060546875
1.13,0.79,0.48,0.65,0.99,0.97,0.55,0.66,0.3,20338,14.277143955230713
1.13,0.79,0.48,0.66,0.99,0.97,0.55,0.66,0.29,20281,14.281450271606445
1.13,0.79,0.48,0.66,0.99,0.97,0.55,0.66,0.3,20140,14.284426927566528
1.13,0.79,0.47,0.66,0.99,0.96,0.56,0.66,0.3,20027,14.28542947769165
1.13,0.79,0.48,0.66,0.99,0.97,0.56,0.66,0.3,19926,14.288824558258057
1.12,0.78,0.47,0.66,0.99,0.97,0.56,0.66,0.3,20109,14.293235301971436
1.13,0.79,0.47,0.66,0.98,0.97,0.55,0.66,0.3,19936,14.298354387283325
1.12,0.79,0.48,0.66,0.98,0.97,0.56,0.67,0.3,20293,14.300650596618652
1.12,0.79,0.47,0.66,0.98,0.96,0.56,0.66,0.3,20254,14.301350116729736
1.13,0.78,0.47,0.65,0.99,0.97,0.56,0.66,0.3,20225,14.306349992752075
1.13,0.79,0.47,0.66,0.99,0.97,0.56,0.66,0.3,20468,14.309953212738037
1.12,0.79,0.47,0.66,0.99,0.96,0.56,0.66,0.3,20349,14.31346082687378
1.12,0.79,0.47,0.66,0.99,0.96,0.55,0.66,0.3,20320,14.314488172531128
1.13,0.79,0.48,0.66,0.99,0.96,0.55,0.66,0.3,19857,14.317315816879272
1.13,0.79,0.47,0.66,0.99,0.96,0.56,0.66,0.3,19952,14.322155475616455
1.12,0.78,0.47,0.66,0.99,0.96,0.56,0.66,0.3,19865,14.325752973556519
1.13,0.78,0.47,0.66,0.99,0.97,0.56,0.66,0.3,19720,14.326730728149414
1.14,0.79,0.47,0.66,0.98,0.96,0.56,0.66,0.3,20185,14.329925298690796
1.14,0.78,0.48,0.65,0.99,0.96,0.55,0.66,0.3,20396,14.334481239318848
1.13,0.79,0.47,0.66,0.99,0.97,0.56,0.66,0.3,20181,14.338470697402954
1.12,0.78,0.48,0.66,0.99,0.97,0.56,0.66,0.3,19762,14.338470697402954
1.13,0.78,0.47,0.66,0.99,0.97,0.56,0.66,0.3,20045,14.343112707138062
1.13,0.78,0.47,0.66,0.99,0.97,0.56,0.66,0.3,20180,14.346644163131714
1.14,0.79,0.48,0.66,0.99,0.97,0.56,0.66,0.3,20345,14.350641012191772
1.14,0.78,0.48,0.66,0.99,0.96,0.56,0.66,0.3,20446,14.350641012191772
1.14,0.78,0.47,0.66,0.99,0.96,0.55,0.66,0.3,20107,14.354809045791626
1.14,0.78,0.48,0.66,0.99,0.97,0.56,0.66,0.3,19722,14.35826063156128
1.14,0.78,0.48,0.66,0.99,0.97,0.56,0.66,0.3,19873,14.362291097640991
1.14,0.78,0.48,0.66,0.99,0.97,0.56,0.66,0.3,20216,14.363450288772583
1.13,0.78,0.47,0.66,0.99,0.96,0.55,0.66,0.3,19857,14.366450309753418
1.13,0.79,0.47,0.66,0.99,0.97,0.56,0.66,0.3,19706,14.37045431137085
1.13,0.79,0.48,0.66,0.99,0.96,0.56,0.66,0.3,20113,14.374653816223145
1.13,0.79,0.47,0.66,0.99,0.97,0.56,0.66,0.3,20342,14.378603219985962
1.13,0.78,0.47,0.65,0.99,0.96,0.56,0.66,0.3,20085,14.379647493362427
1.14,0.79,0.48,0.66,0.99,0.97,0.56,0.66,0.3,19910,14.383265733718872
1.13,0.78,0.47,0.66,0.99,0.96,0.56,0.66,0.3,19869,14.386406660079956
1.14,0.78,0.47,0.66,0.99,0.97,0.56,0.66,0.3,20272,14.390453815460205
1.13,0.79,0.47,0.66,0.99,0.97,0.56,0.66,0.3,20185,14.391454935073853
1.14,0.79,0.47,0.66,0.99,0.97,0.56,0.66,0.3,20184,14.39545488357544
1.14,0.78,0.48,0.66,0.99,0.97,0.56,0.66,0.3,20177,14.399454593658447
1.14,0.78,0.48,0.66,0.99,0.96,0.56,0.66,0.3,20068,14.40378189086914
1.14,0.78,0.47,0.66,1.0,0.97,0.56,0.66,0.3,19715,14.40378189086914
1.13,0.78,0.47,0.66,0.99,0.97,0.56,0.66,0.3,19796,14.407651424407959
1.14,0.79,0.47,0.66,1.0,0.96,0.56,0.66,0.3,20005,14.411563396453857
1.14,0.79,0.47,0.66,0.99,0.97,0.56,0.66,0.3,20690,14.415631532669067
1.14,0.79,0.47,0.66,1.0,0.97,0.56,0.66,0.3,20603,14.416593551635742
1.14,0.79,0.47,0.67,0.99,0.97,0.56,0.67,0.3,20372,14.4198637008667
1.14,0.78,0.48,0.66,1.0,0.97,0.56,0.66,0.3,19725,14.424615144729614
1.14,0.79,0.47,0.66,0.99,0.97,0.56,0.66,0.3,20158,14.428615808486938
1.15,0.79,0.47,0.66,0.99,0.96,0.57,0.66,0.3,20373,14.428615808486938
1.15,0.79,0.47,0.67,1.0,0.97,0.56,0.66,0.3,20118,14.432595491409302
1.14,0.79,0.48,0.66,1.0,0.97,0.56,0.67,0.3,19671,14.436294794082642
1.14,0.79,0.48,0.65,1.0,0.97,0.56,0.65,0.29,19918,14.440313577651978
1.15,0.79,0.48,0.66,1.0,0.97,0.56,0.66,0.3,20207,14.441044330596924
1.15,0.79,0.48,0.65,1.0,0.96,0.57,0.66,0.3,19926,14.444417953491211
1.15,0.79,0.48,0.66,1.0,0.96,0.57,0.66,0.3,19817,14.449031591415405
1.15,0.79,0.48,0.66,1.0,0.97,0.56,0.66,0.3,19710,14.45306396484375
1.16,0.79,0.48,0.66,1.0,0.97,0.56,0.66,0.3,19859,14.456029653549194
1.15,0.79,0.48,0.66,1.0,0.97,0.57,0.66,0.3,20098,14.457029581069946
1.15,0.79,0.48,0.66,1.0,0.96,0.56,0.66,0.3,20849,14.460550308227539
1.15,0.79,0.48,0.66,1.0,0.96,0.56,0.66,0.3,20672,14.464774370193481
1.14,0.79,0.48,0.66,1.0,0.97,0.56,0.66,0.3,19923,14.469249486923218
1.15,0.78,0.48,0.66,0.99,0.97,0.57,0.66,0.3,19792,14.469249486923218
1.15,0.79,0.48,0.66,0.99,0.97,0.57,0.66,0.3,20077,14.473249912261963
1.15,0.79,0.48,0.67,0.99,0.97,0.57,0.66,0.3,20008,14.47724962234497
1.15,0.78,0.48,0.67,0.99,0.97,0.57,0.66,0.3,19881,14.481252670288086
1.14,0.79,0.48,0.66,0.99,0.96,0.57,0.66,0.3,19976,14.481252670288086
1.14,0.78,0.48,0.66,1.0,0.97,0.57,0.66,0.3,20353,14.485257387161255
1.15,0.78,0.48,0.66,1.0,0.97,0.56,0.66,0.3,20250,14.489606618881226
1.15,0.78,0.48,0.66,1.0,0.96,0.57,0.66,0.3,20181,14.493650674819946
1.14,0.78,0.48,0.66,0.99,0.97,0.57,0.66,0.3,19980,14.494636058807373
1.15,0.78,0.48,0.66,0.99,0.96,0.56,0.66,0.3,19363,14.497636795043945
1.14,0.78,0.47,0.67,1.0,0.97,0.56,0.67,0.3,19494,14.502637147903442
1.15,0.78,0.48,0.66,1.0,0.97,0.57,0.67,0.3,19937,14.506638050079346
1.15,0.79,0.48,0.66,1.0,0.97,0.57,0.67,0.3,20150,14.506638050079346
1.15,0.79,0.48,0.66,1.0,0.97,0.57,0.67,0.3,19941,14.510344505310059
1.15,0.78,0.48,0.66,0.99,0.97,0.57,0.66,0.3,19722,14.514519453048706
1.14,0.79,0.47,0.66,0.99,0.96,0.57,0.66,0.3,19791,14.517807483673096
1.15,0.78,0.48,0.66,0.99,0.96,0.57,0.66,0.3,20020,14.518833637237549
1.15,0.79,0.47,0.67,0.99,0.97,0.57,0.66,0.3,19927,14.522854089736938
1.14,0.79,0.48,0.66,1.0,0.97,0.57,0.67,0.3,20090,14.52683401107788
1.14,0.79,0.48,0.66,1.0,0.97,0.57,0.67,0.3,20063,14.530853986740112
1.15,0.79,0.48,0.66,1.0,0.96,0.57,0.66,0.3,20234,14.534785747528076
1.14,0.79,0.47,0.66,1.0,0.96,0.57,0.67,0.3,20281,14.535784006118774
1.15,0.78,0.47,0.66,1.0,0.96,0.57,0.66,0.3,19948,14.53876543045044
1.15,0.78,0.48,0.66,1.0,0.96,0.57,0.66,0.3,19697,14.543007850646973
1.15,0.79,0.48,0.66,0.99,0.97,0.57,0.66,0.3,20150,14.547145366668701
1.14,0.78,0.48,0.66,1.0,0.96,0.57,0.67,0.3,20613,14.547145366668701
1.15,0.78,0.48,0.66,0.99,0.96,0.57,0.66,0.31,20732,14.551145315170288
1.15,0.78,0.48,0.66,1.0,0.96,0.57,0.66,0.3,20279,14.5554678440094
1.14,0.78,0.48,0.66,1.0,0.96,0.57,0.66,0.3,19986,14.55898666381836
1.15,0.78,0.48,0.66,0.99,0.96,0.57,0.66,0.3,20239,14.560017108917236
1.15,0.78,0.48,0.65,1.0,0.96,0.57,0.66,0.31,20132,14.563019514083862
1.14,0.78,0.48,0.66,1.0,0.96,0.57,0.66,0.3,20291,14.567021131515503
1.14,0.78,0.47,0.65,0.99,0.96,0.57,0.67,0.3,20446,14.571031332015991
1.15,0.78,0.48,0.66,0.99,0.96,0.57,0.66,0.3,20199,14.57203221321106
1.15,0.78,0.48,0.66,1.0,0.96,0.57,0.66,0.3,19732,14.576038360595703
1.15,0.79,0.48,0.67,1.0,0.96,0.57,0.66,0.3,19561,14.580032587051392
1.14,0.79,0.48,0.66,1.0,0.96,0.57,0.66,0.3,20070,14.584031820297241
1.15,0.78,0.48,0.66,1.0,0.97,0.56,0.67,0.3,20265,14.584031820297241
1.16,0.79,0.48,0.66,1.0,0.96,0.57,0.66,0.3,20022,14.588194370269775
1.15,0.78,0.48,0.66,0.99,0.96,0.57,0.66,0.3,19919,14.591395378112793
1.14,0.78,0.47,0.66,1.0,0.97,0.57,0.66,0.3,20282,14.596460103988647
1.15,0.79,0.48,0.66,1.0,0.97,0.57,0.66,0.3,20495,14.596460103988647
1.15,0.79,0.48,0.66,1.0,0.97,0.57,0.66,0.3,20428,14.599831581115723
1.15,0.78,0.48,0.66,0.99,0.97,0.57,0.66,0.3,19997,14.604832172393799
1.16,0.78,0.47,0.67,1.0,0.97,0.57,0.66,0.3,20154,14.608832120895386
1.15,0.79,0.48,0.66,1.0,0.97,0.57,0.66,0.3,20053,14.612210512161255
1.15,0.78,0.47,0.66,1.0,0.97,0.57,0.66,0.3,20360,14.612210512161255
1.15,0.79,0.48,0.66,1.0,0.97,0.56,0.66,0.3,20467,14.616512537002563
1.16,0.78,0.48,0.66,1.0,0.97,0.56,0.67,0.3,20264,14.62051248550415
1.15,0.78,0.48,0.66,1.0,0.97,0.57,0.66,0.3,19991,14.624509334564209
1.15,0.78,0.48,0.66,1.0,0.97,0.56,0.67,0.3,19834,14.625511646270752
1.15,0.79,0.48,0.66,1.0,0.97,0.56,0.67,0.3,19997,14.628990173339844
1.16,0.78,0.48,0.66,1.0,0.97,0.57,0.67,0.3,20142,14.633003950119019
1.16,0.79,0.48,0.66,1.0,0.97,0.57,0.67,0.3,20011,14.637145757675171
1.15,0.78,0.48,0.66,1.0,0.97,0.58,0.67,0.3,20102,14.637145757675171
1.15,0.78,0.48,0.66,1.0,0.97,0.57,0.67,0.3,19817,14.641308307647705
1.15,0.79,0.48,0.66,1.0,0.97,0.57,0.67,0.3,19616,14.646307945251465
1.15,0.78,0.49,0.66,1.0,0.97,0.56,0.67,0.3,19769,14.65030813217163
1.16,0.79,0.48,0.66,1.0,0.97,0.57,0.67,0.3,19904,14.65030813217163
1.16,0.78,0.48,0.66,1.0,0.97,0.57,0.67,0.29,19973,14.653308391571045
1.16,0.79,0.48,0.66,0.99,0.97,0.56,0.67,0.3,19890,14.658271074295044
1.16,0.79,0.48,0.66,0.99,0.97,0.57,0.66,0.3,19981,14.661729574203491
1.16,0.79,0.48,0.66,1.0,0.97,0.57,0.67,0.3,20010,14.662741661071777
1.16,0.79,0.48,0.66,1.0,0.97,0.57,0.67,0.3,20047,14.665397644042969
1.16,0.79,0.48,0.66,1.0,0.97,0.57,0.66,0.3,20086,14.66994309425354
1.16,0.79,0.48,0.66,1.0,0.97,0.57,0.67,0.3,19855,14.674029111862183
1.16,0.79,0.48,0.66,1.0,0.97,0.57,0.66,0.3,19984,14.674916505813599
1.15,0.79,0.48,0.66,0.99,0.97,0.57,0.67,0.3,19967,14.677927494049072
1.16,0.79,0.48,0.66,0.99,0.96,0.57,0.67,0.3,20128,14.682925701141357
1.16,0.79,0.48,0.65,1.0,0.97,0.58,0.67,0.3,20121,14.687374591827393
1.16,0.79,0.48,0.66,1.0,0.96,0.57,0.67,0.3,20150,14.690389633178711
1.16,0.79,0.48,0.66,1.0,0.97,0.58,0.67,0.3,19875,14.691415071487427
1.15,0.79,0.48,0.67,1.0,0.97,0.58,0.67,0.3,19354,14.694486379623413
1.15,0.79,0.48,0.67,1.0,0.97,0.57,0.66,0.3,19379,14.699620008468628
1.16,0.79,0.48,0.66,1.0,0.97,0.57,0.66,0.3,19534,14.702708959579468
1.16,0.79,0.48,0.66,1.0,0.97,0.58,0.67,0.3,19675,14.703651428222656
1.15,0.79,0.48,0.67,1.0,0.97,0.57,0.66,0.3,20032,14.706653118133545
1.15,0.79,0.48,0.67,1.0,0.97,0.58,0.66,0.3,20471,14.710233688354492
1.15,0.79,0.48,0.66,1.0,0.97,0.58,0.66,0.3,20494,14.714238405227661
1.15,0.79,0.47,0.66,1.0,0.97,0.57,0.66,0.3,20037,14.715233325958252
1.15,0.79,0.47,0.66,1.0,0.97,0.58,0.67,0.3,20260,14.718923091888428
1.16,0.79,0.48,0.67,1.0,0.96,0.56,0.67,0.3,20231,14.723976612091064
1.16,0.79,0.48,0.66,1.0,0.96,0.58,0.66,0.3,20048,14.727996587753296
1.16,0.79,0.48,0.66,1.0,0.96,0.57,0.67,0.3,20233,14.727996587753296
1.16,0.79,0.48,0.66,1.0,0.97,0.57,0.66,0.3,20280,14.730966329574585
1.16,0.79,0.48,0.66,1.0,0.97,0.57,0.66,0.3,19973,14.736114740371704
1.16,0.79,0.48,0.66,1.0,0.97,0.58,0.66,0.3,20126,14.74008560180664
1.16,0.79,0.48,0.66,1.0,0.97,0.58,0.66,0.3,20229,14.74008560180664
1.16,0.79,0.48,0.66,1.0,0.97,0.58,0.66,0.3,19964,14.742774486541748
1.16,0.79,0.48,0.66,1.0,0.97,0.57,0.66,0.3,19615,14.747211217880249
1.17,0.79,0.48,0.66,1.0,0.97,0.58,0.66,0.29,19812,14.75221872329712
1.16,0.79,0.48,0.67,1.0,0.96,0.57,0.66,0.3,20367,14.755627155303955
1.16,0.79,0.48,0.66,1.0,0.96,0.57,0.66,0.3,20184,14.756218910217285
1.16,0.79,0.48,0.66,1.0,0.97,0.57,0.66,0.29,20161,14.760218143463135
1.16,0.79,0.48,0.67,1.0,0.97,0.58,0.66,0.3,20348,14.76472282409668
1.16,0.79,0.48,0.66,1.0,0.97,0.58,0.66,0.3,20059,14.767963647842407
1.15,0.79,0.48,0.66,1.0,0.97,0.58,0.66,0.3,19850,14.768666744232178
1.16,0.79,0.48,0.66,1.0,0.97,0.58,0.66,0.31,19939,14.772170066833496
1.16,0.79,0.48,0.66,1.0,0.96,0.58,0.66,0.3,20256,14.777487993240356
1.16,0.79,0.48,0.66,1.0,0.97,0.57,0.66,0.3,19927,14.780493259429932
1.16,0.79,0.48,0.66,1.0,0.97,0.58,0.67,0.3,19750,14.781496524810791
1.16,0.79,0.48,0.66,1.0,0.96,0.58,0.67,0.3,20353,14.785488367080688
1.15,0.79,0.48,0.66,1.0,0.96,0.57,0.66,0.3,20052,14.788516521453857
1.16,0.79,0.48,0.66,1.0,0.97,0.58,0.66,0.3,19579,14.792486429214478
1.16,0.79,0.48,0.66,1.0,0.97,0.58,0.66,0.3,20058,14.792486429214478
1.16,0.79,0.48,0.66,1.0,0.97,0.58,0.66,0.3,20537,14.797767877578735
1.16,0.79,0.48,0.67,1.0,0.97,0.58,0.67,0.3,20088,14.800738334655762
1.16,0.79,0.48,0.66,1.0,0.97,0.58,0.66,0.29,20177,14.805784940719604
1.15,0.79,0.48,0.66,1.0,0.96,0.58,0.66,0.3,20194,14.805784940719604
1.15,0.79,0.48,0.66,1.0,0.96,0.57,0.66,0.29,19941,14.80924129486084
1.16,0.79,0.47,0.66,1.0,0.97,0.58,0.66,0.3,19994,14.813061475753784
1.15,0.79,0.48,0.66,1.0,0.97,0.58,0.66,0.3,19523,14.81727409362793
1.15,0.79,0.48,0.66,1.0,0.96,0.58,0.66,0.3,19962,14.81827187538147
1.15,0.79,0.48,0.66,1.0,0.97,0.57,0.67,0.3,20103,14.821304321289062
1.16,0.79,0.48,0.67,1.0,0.97,0.58,0.66,0.3,19986,14.82530403137207
1.16,0.79,0.48,0.66,1.0,0.96,0.57,0.66,0.3,19703,14.830333948135376
1.16,0.79,0.48,0.66,1.0,0.97,0.57,0.66,0.3,19862,14.832912921905518
1.16,0.79,0.48,0.66,1.0,0.97,0.57,0.66,0.3,19809,14.834458351135254
1.16,0.79,0.48,0.66,1.0,0.97,0.57,0.66,0.3,20254,14.838128566741943
1.16,0.79,0.48,0.66,1.0,0.97,0.58,0.66,0.3,20351,14.84195590019226
1.16,0.79,0.48,0.66,1.0,0.97,0.58,0.66,0.3,20584,14.845772743225098
1.16,0.79,0.48,0.66,1.0,0.96,0.57,0.66,0.3,20235,14.846819400787354
1.16,0.79,0.48,0.66,1.0,0.96,0.58,0.66,0.3,20234,14.85102367401123
1.15,0.79,0.48,0.66,1.0,0.97,0.58,0.67,0.3,20335,14.854528903961182
1.16,0.79,0.48,0.66,1.0,0.97,0.57,0.67,0.3,20078,14.858223676681519
1.16,0.79,0.48,0.66,1.0,0.97,0.58,0.67,0.3,20085,14.85956883430481
1.16,0.79,0.48,0.67,1.0,0.97,0.58,0.67,0.3,19974,14.863131999969482
1.16,0.79,0.48,0.66,1.0,0.97,0.58,0.67,0.3,19457,14.867161989212036
1.16,0.79,0.48,0.66,1.0,0.97,0.58,0.67,0.3,19734,14.870738983154297
1.16,0.79,0.48,0.66,1.0,0.97,0.58,0.66,0.3,19959,14.871750831604004
1.16,0.79,0.48,0.66,1.0,0.97,0.58,0.66,0.3,20044,14.874789953231812
1.16,0.79,0.48,0.66,1.0,0.97,0.58,0.66,0.3,20165,14.879425525665283
1.16,0.79,0.48,0.66,1.0,0.96,0.58,0.67,0.3,20062,14.883192539215088
1.16,0.79,0.48,0.67,1.0,0.97,0.58,0.67,0.3,20535,14.883192539215088
1.16,0.79,0.48,0.66,0.99,0.97,0.58,0.66,0.3,20194,14.887192964553833
1.16,0.79,0.48,0.66,1.0,0.96,0.58,0.67,0.3,20161,14.89119267463684
1.16,0.79,0.48,0.66,1.0,0.96,0.58,0.66,0.3,19846,14.896316528320312
1.16,0.79,0.48,0.67,1.0,0.97,0.58,0.66,0.3,20039,14.89886736869812
1.16,0.79,0.48,0.67,1.0,0.96,0.58,0.66,0.3,20342,14.89886736869812
1.15,0.79,0.48,0.67,1.0,0.97,0.58,0.66,0.3,20165,14.903998613357544
1.15,0.79,0.48,0.66,0.99,0.97,0.58,0.66,0.3,19846,14.907665491104126
1.16,0.79,0.48,0.66,1.0,0.97,0.57,0.67,0.3,20041,14.911431074142456
1.16,0.79,0.48,0.67,1.0,0.96,0.57,0.67,0.3,20330,14.91250491142273
1.16,0.79,0.48,0.67,1.0,0.97,0.58,0.67,0.3,19947,14.916502714157104
1.16,0.79,0.48,0.66,1.0,0.96,0.58,0.67,0.3,19752,14.919795274734497
1.15,0.79,0.48,0.66,1.0,0.97,0.58,0.66,0.3,19875,14.92352294921875
1.16,0.79,0.48,0.66,1.0,0.97,0.58,0.67,0.3,19886,14.924299001693726
1.16,0.79,0.48,0.66,1.0,0.96,0.58,0.66,0.3,19759,14.928298950195312
1.16,0.8,0.48,0.67,1.0,0.96,0.58,0.67,0.3,19200,14.932495594024658
1.16,0.79,0.48,0.67,1.0,0.97,0.58,0.66,0.3,19843,14.936259269714355
1.16,0.79,0.48,0.66,0.99,0.96,0.58,0.67,0.3,20196,14.93727159500122
1.16,0.79,0.48,0.66,1.0,0.96,0.58,0.66,0.3,20391,14.940292596817017
1.16,0.79,0.48,0.66,1.0,0.97,0.58,0.66,0.3,20400,14.94456958770752
1.16,0.79,0.48,0.66,0.99,0.97,0.58,0.67,0.3,20149,14.948132038116455
1.16,0.79,0.48,0.67,1.0,0.97,0.57,0.66,0.3,19600,14.948132038116455
1.16,0.79,0.48,0.67,1.0,0.97,0.58,0.66,0.3,20099,14.952720165252686
1.16,0.79,0.48,0.67,1.0,0.97,0.58,0.67,0.3,20444,14.95713496208191
1.15,0.79,0.48,0.67,1.0,0.97,0.58,0.67,0.3,20357,14.961477756500244
1.16,0.8,0.48,0.67,1.0,0.97,0.58,0.66,0.3,20250,14.964371681213379
1.16,0.79,0.48,0.67,1.0,0.97,0.57,0.66,0.3,19821,14.964371681213379
1.16,0.79,0.48,0.67,1.0,0.97,0.57,0.67,0.3,19972,14.96943712234497
1.16,0.79,0.48,0.66,1.0,0.96,0.57,0.67,0.3,20579,14.973437070846558
1.17,0.79,0.48,0.66,1.0,0.96,0.58,0.66,0.3,20352,14.9769868850708
1.16,0.79,0.48,0.66,1.0,0.96,0.57,0.66,0.3,19977,14.977926969528198
1.16,0.79,0.48,0.66,1.0,0.97,0.57,0.66,0.3,20118,14.98092269897461
1.17,0.79,0.48,0.67,1.0,0.96,0.58,0.66,0.3,20447,14.985111236572266
1.16,0.79,0.48,0.66,1.0,0.97,0.58,0.66,0.3,20310,14.98925495147705
1.17,0.79,0.48,0.66,1.0,0.97,0.58,0.66,0.3,20075,14.990138053894043
1.16,0.8,0.48,0.67,1.0,0.97,0.58,0.67,0.3,20176,14.993714094161987
1.16,0.8,0.48,0.67,1.0,0.97,0.59,0.67,0.3,20089,14.997859001159668
1.15,0.79,0.48,0.66,1.0,0.96,0.58,0.66,0.3,20498,15.001304388046265
1.15,0.79,0.48,0.67,1.0,0.96,0.58,0.66,0.31,19943,15.002367973327637
1.15,0.79,0.48,0.67,1.0,0.97,0.58,0.67,0.3,19694,15.005906581878662
1.16,0.79,0.48,0.67,1.0,0.96,0.58,0.67,0.3,20071,15.009932279586792
1.15,0.79,0.48,0.67,1.0,0.97,0.58,0.66,0.3,20404,15.01396107673645
1.16,0.79,0.48,0.67,1.0,0.96,0.58,0.66,0.3,20801,15.01396107673645
1.17,0.79,0.48,0.67,1.0,0.96,0.58,0.66,0.3,20538,15.017966270446777
1.16,0.79,0.48,0.65,1.0,0.96,0.57,0.67,0.3,19965,15.022273540496826
1.16,0.79,0.48,0.66,1.0,0.96,0.58,0.66,0.3,20188,15.02680778503418
1.17,0.79,0.48,0.66,1.0,0.96,0.58,0.66,0.3,20169,15.02680778503418
1.16,0.79,0.47,0.66,1.0,0.97,0.58,0.66,0.3,19908,15.030660152435303
1.16,0.79,0.48,0.66,1.0,0.96,0.58,0.66,0.31,20241,15.035310745239258
1.16,0.79,0.48,0.66,1.0,0.96,0.58,0.66,0.3,20730,15.039410829544067
1.16,0.79,0.48,0.66,1.0,0.96,0.57,0.66,0.3,20479,15.042253017425537
1.16,0.79,0.48,0.66,1.0,0.96,0.58,0.67,0.3,19890,15.04330825805664
1.17,0.79,0.48,0.66,1.0,0.96,0.58,0.67,0.3,19701,15.04755711555481
1.16,0.79,0.48,0.66,1.0,0.97,0.59,0.67,0.3,19658,15.05055546760559
1.16,0.79,0.48,0.67,1.0,0.96,0.58,0.67,0.3,19653,15.05455470085144
1.17,0.79,0.48,0.66,1.0,0.96,0.59,0.67,0.3,19866,15.055585622787476
1.17,0.79,0.48,0.66,1.0,0.96,0.58,0.67,0.3,19643,15.058591604232788
1.16,0.79,0.48,0.66,1.0,0.96,0.58,0.66,0.3,19584,15.062748908996582
1.16,0.79,0.48,0.66,1.0,0.96,0.58,0.67,0.3,20293,15.066980600357056
1.16,0.79,0.48,0.66,1.0,0.96,0.58,0.66,0.3,19890,15.066980600357056
1.17,0.79,0.48,0.66,1.0,0.96,0.58,0.66,0.3,19899,15.071243047714233
1.16,0.79,0.48,0.66,1.0,0.96,0.58,0.66,0.3,20246,15.07526969909668
1.15,0.79,0.49,0.67,1.0,0.97,0.59,0.66,0.3,20357,15.079272031784058
1.15,0.79,0.48,0.66,1.0,0.96,0.58,0.67,0.3,20270,15.080274105072021
1.15,0.79,0.48,0.66,1.0,0.96,0.59,0.67,0.3,20449,15.08327341079712
1.16,0.79,0.48,0.66,1.0,0.97,0.58,0.66,0.3,20410,15.087706804275513
1.16,0.79,0.48,0.66,1.0,0.97,0.58,0.66,0.3,20771,15.091455459594727
1.15,0.79,0.48,0.67,1.0,0.97,0.59,0.66,0.3,20582,15.092519998550415
1.15,0.79,0.48,0.67,1.01,0.97,0.59,0.66,0.3,19949,15.095937728881836
1.15,0.79,0.48,0.66,1.0,0.97,0.59,0.66,0.3,19808,15.100184917449951
1.15,0.79,0.48,0.66,1.0,0.97,0.59,0.66,0.3,19615,15.10418438911438
1.16,0.79,0.48,0.67,1.0,0.96,0.59,0.66,0.3,19688,15.107196569442749
1.15,0.79,0.48,0.67,1.0,0.97,0.59,0.66,0.3,20191,15.108164548873901
1.15,0.79,0.48,0.67,1.0,0.97,0.58,0.66,0.3,20226,15.112566232681274
1.16,0.79,0.48,0.66,1.0,0.96,0.58,0.67,0.3,20187,15.116570472717285
1.16,0.79,0.48,0.66,1.0,0.97,0.59,0.66,0.3,20330,15.120243310928345
1.16,0.79,0.48,0.66,1.0,0.97,0.58,0.67,0.3,20603,15.121280670166016
1.16,0.79,0.48,0.67,1.0,0.96,0.58,0.66,0.3,20100,15.124635219573975
1.16,0.79,0.48,0.66,1.0,0.96,0.58,0.66,0.3,20073,15.128745794296265
1.16,0.79,0.48,0.66,1.0,0.97,0.58,0.67,0.3,20404,15.132784843444824
1.16,0.8,0.48,0.66,1.0,0.97,0.58,0.66,0.3,20081,15.13374638557434
1.15,0.79,0.47,0.67,1.0,0.97,0.59,0.66,0.3,20156,15.137617111206055
1.15,0.79,0.47,0.67,1.0,0.97,0.58,0.66,0.3,20603,15.141634702682495
1.15,0.8,0.48,0.67,1.0,0.97,0.58,0.66,0.3,20304,15.144654273986816
1.15,0.8,0.48,0.66,1.0,0.97,0.58,0.67,0.3,20217,15.144654273986816
1.16,0.8,0.48,0.67,1.0,0.96,0.58,0.67,0.3,20048,15.149380207061768
1.16,0.8,0.48,0.66,1.0,0.96,0.58,0.67,0.3,19971,15.153494358062744
1.16,0.79,0.48,0.66,1.0,0.96,0.58,0.67,0.3,19792,15.157069444656372
1.16,0.8,0.48,0.67,1.0,0.97,0.58,0.67,0.3,19905,15.158137559890747
1.16,0.8,0.48,0.66,1.0,0.96,0.58,0.67,0.3,19864,15.161665916442871
1.16,0.79,0.48,0.66,1.0,0.97,0.58,0.67,0.3,20141,15.16582727432251
1.17,0.8,0.48,0.67,1.0,0.96,0.58,0.67,0.3,20088,15.169864654541016
1.16,0.8,0.48,0.66,1.0,0.97,0.58,0.67,0.3,19499,15.170835256576538
1.16,0.8,0.48,0.67,1.0,0.96,0.58,0.67,0.3,19732,15.173864126205444
1.16,0.8,0.48,0.66,1.0,0.96,0.58,0.67,0.3,20301,15.177692890167236
1.15,0.8,0.48,0.67,1.0,0.97,0.58,0.67,0.3,20196,15.181309700012207
1.16,0.8,0.48,0.66,1.0,0.97,0.58,0.67,0.3,20533,15.185856819152832
1.16,0.79,0.48,0.66,1.0,0.97,0.58,0.66,0.3,20372,15.185856819152832
1.16,0.8,0.48,0.66,1.0,0.97,0.58,0.67,0.3,20279,15.189960241317749
1.16,0.8,0.48,0.67,1.0,0.97,0.58,0.67,0.3,20488,15.193942070007324
1.16,0.8,0.48,0.67,1.0,0.97,0.58,0.67,0.3,20315,15.198322534561157
1.16,0.79,0.48,0.66,1.0,0.97,0.58,0.67,0.3,20098,15.199313402175903
1.15,0.8,0.48,0.67,1.0,0.97,0.58,0.67,0.3,20307,15.202969551086426
1.16,0.79,0.48,0.66,1.0,0.97,0.58,0.66,0.3,20026,15.207018852233887
1.16,0.8,0.48,0.67,1.0,0.97,0.58,0.67,0.3,19729,15.210301637649536
1.16,0.79,0.48,0.66,1.0,0.97,0.58,0.67,0.3,20044,15.211390018463135
1.16,0.79,0.48,0.67,1.0,0.97,0.58,0.67,0.3,20141,15.21438980102539
1.16,0.79,0.48,0.66,1.0,0.97,0.58,0.67,0.3,20518,15.219523191452026
1.15,0.79,0.48,0.67,1.0,0.97,0.58,0.67,0.3,19751,15.2225341796875
1.16,0.79,0.48,0.66,1.0,0.97,0.58,0.67,0.3,19696,15.223543643951416
1.16,0.8,0.48,0.67,1.0,0.97,0.58,0.67,0.3,20181,15.227564334869385
1.16,0.8,0.48,0.66,1.0,0.97,0.58,0.67,0.3,19990,15.231547594070435
1.17,0.8,0.48,0.67,1.0,0.97,0.58,0.67,0.3,19909,15.235106706619263
1.16,0.79,0.48,0.67,1.0,0.97,0.58,0.67,0.3,20214,15.236122369766235
1.16,0.8,0.47,0.67,1.0,0.96,0.58,0.67,0.3,20109,15.238869905471802
1.16,0.79,0.48,0.67,1.0,0.96,0.59,0.67,0.3,20308,15.242990493774414
1.16,0.8,0.48,0.67,1.0,0.97,0.59,0.67,0.3,20287,15.247620820999146
1.16,0.79,0.48,0.66,1.0,0.97,0.58,0.67,0.3,20408,15.251396656036377
1.15,0.79,0.48,0.67,1.0,0.97,0.59,0.67,0.3,20349,15.252472639083862
1.15,0.79,0.48,0.67,1.0,0.97,0.58,0.67,0.3,20504,15.255703926086426
1.15,0.79,0.48,0.67,1.0,0.97,0.59,0.67,0.3,20805,15.25975251197815
1.16,0.79,0.48,0.66,1.0,0.97,0.59,0.67,0.3,20274,15.263389825820923
1.16,0.79,0.48,0.67,1.0,0.97,0.59,0.67,0.3,19777,15.264070272445679
1.16,0.79,0.48,0.67,1.0,0.97,0.58,0.67,0.3,19704,15.268069982528687
1.16,0.79,0.48,0.67,1.0,0.97,0.58,0.67,0.3,19887,15.272042036056519
1.15,0.79,0.48,0.67,1.0,0.97,0.59,0.67,0.3,19998,15.275702714920044
1.17,0.79,0.48,0.66,1.0,0.97,0.58,0.67,0.3,19739,15.275702714920044
1.16,0.8,0.48,0.66,1.0,0.97,0.59,0.67,0.3,19792,15.280715703964233
1.15,0.8,0.48,0.66,1.0,0.97,0.59,0.67,0.3,19979,15.284353733062744
1.16,0.8,0.48,0.67,1.0,0.97,0.59,0.67,0.3,20074,15.287956953048706
1.15,0.79,0.48,0.66,0.99,0.96,0.59,0.67,0.3,20247,15.288498640060425
1.15,0.8,0.48,0.67,1.0,0.97,0.58,0.67,0.3,19886,15.29267954826355
1.16,0.8,0.48,0.67,1.0,0.97,0.58,0.67,0.3,19779,15.296685218811035
1.16,0.8,0.48,0.67,1.0,0.97,0.58,0.67,0.3,20410,15.300681114196777
1.16,0.8,0.48,0.67,1.0,0.96,0.58,0.67,0.3,20089,15.300681114196777
1.16,0.8,0.48,0.67,1.0,0.97,0.59,0.67,0.3,20124,15.30467963218689
1.16,0.8,0.48,0.67,1.0,0.97,0.58,0.67,0.3,19887,15.308689832687378
1.17,0.8,0.48,0.67,1.0,0.97,0.59,0.67,0.3,19798,15.312660455703735
1.16,0.8,0.48,0.67,1.0,0.97,0.58,0.67,0.3,20043,15.313721418380737
1.16,0.8,0.48,0.67,1.0,0.97,0.58,0.67,0.3,19898,15.316697835922241
1.16,0.8,0.48,0.67,1.0,0.97,0.58,0.67,0.3,20479,15.32211446762085
1.16,0.8,0.48,0.67,1.0,0.97,0.58,0.67,0.3,20702,15.325763940811157
1.16,0.8,0.48,0.67,1.0,0.97,0.58,0.67,0.31,20425,15.329209089279175
1.16,0.8,0.48,0.67,1.0,0.97,0.59,0.67,0.3,19986,15.32997465133667
1.16,0.8,0.48,0.67,1.0,0.97,0.58,0.67,0.3,19887,15.333990097045898
1.16,0.8,0.48,0.67,1.0,0.97,0.58,0.67,0.3,19960,15.337843179702759
1.17,0.8,0.49,0.67,1.0,0.97,0.58,0.67,0.3,20049,15.341102361679077
1.16,0.79,0.48,0.67,1.0,0.97,0.58,0.67,0.3,20256,15.341842651367188
1.16,0.8,0.48,0.67,1.0,0.97,0.58,0.67,0.3,20497,15.346152782440186
1.16,0.79,0.48,0.67,1.0,0.97,0.58,0.67,0.31,20080,15.350534915924072
1.16,0.8,0.48,0.67,1.0,0.97,0.58,0.67,0.31,20257,15.353848695755005
1.16,0.8,0.48,0.67,1.0,0.97,0.58,0.67,0.3,20414,15.35490369796753
1.16,0.8,0.48,0.67,1.0,0.96,0.59,0.67,0.3,20187,15.357890129089355
1.17,0.8,0.48,0.67,1.0,0.97,0.59,0.67,0.3,19564,15.361891269683838
1.16,0.8,0.48,0.67,1.0,0.97,0.58,0.67,0.3,19727,15.366345405578613
1.16,0.8,0.48,0.67,1.0,0.97,0.59,0.67,0.3,20374,15.366345405578613
1.16,0.8,0.48,0.67,1.0,0.97,0.59,0.67,0.3,20135,15.370363473892212
1.17,0.8,0.48,0.67,1.0,0.97,0.59,0.67,0.3,19900,15.374656677246094
1.16,0.79,0.48,0.67,1.0,0.97,0.58,0.67,0.3,19861,15.377647161483765
1.16,0.79,0.48,0.67,1.0,0.97,0.59,0.67,0.3,20074,15.378985166549683
1.17,0.79,0.48,0.67,1.0,0.96,0.59,0.67,0.31,20099,15.382283687591553
1.17,0.79,0.48,0.67,1.0,0.97,0.59,0.67,0.3,20056,15.386347770690918
1.17,0.79,0.48,0.67,1.0,0.97,0.59,0.67,0.3,20071,15.390462160110474
1.16,0.79,0.48,0.67,1.0,0.97,0.59,0.67,0.3,19812,15.394492864608765
1.16,0.79,0.48,0.67,1.0,0.96,0.59,0.67,0.31,20275,15.395493984222412
1.16,0.8,0.48,0.67,1.0,0.97,0.59,0.67,0.3,20452,15.398664474487305
1.16,0.8,0.48,0.67,1.0,0.97,0.59,0.67,0.3,20011,15.402658462524414
1.16,0.8,0.48,0.67,1.0,0.97,0.59,0.67,0.31,20288,15.406975984573364
1.16,0.8,0.48,0.67,0.99,0.97,0.59,0.67,0.3,20367,15.406975984573364
1.15,0.8,0.48,0.67,1.0,0.96,0.59,0.67,0.3,19762,15.411599397659302
1.15,0.8,0.48,0.67,0.99,0.97,0.59,0.66,0.3,20109,15.415108680725098
1.16,0.8,0.48,0.67,1.0,0.97,0.59,0.67,0.3,20382,15.419376850128174
1.16,0.8,0.48,0.66,1.0,0.97,0.59,0.67,0.3,20453,15.420079231262207
1.17,0.8,0.48,0.67,1.0,0.96,0.59,0.67,0.3,20550,15.423396825790405
1.16,0.8,0.48,0.67,1.0,0.97,0.59,0.67,0.3,20563,15.427421569824219
1.16,0.8,0.48,0.67,0.99,0.96,0.6,0.67,0.3,20690,15.431723594665527
1.17,0.8,0.48,0.67,1.0,0.97,0.59,0.67,0.31,20401,15.432393312454224
1.16,0.8,0.48,0.67,1.0,0.97,0.59,0.67,0.3,20032,15.436231851577759
1.16,0.8,0.49,0.67,1.0,0.96,0.59,0.67,0.3,20109,15.439901113510132
1.16,0.8,0.48,0.66,1.0,0.96,0.59,0.67,0.3,20000,15.44399905204773
1.16,0.8,0.48,0.67,0.99,0.96,0.59,0.67,0.31,19975,15.44399905204773
1.16,0.8,0.48,0.66,1.0,0.96,0.59,0.67,0.3,20320,15.44767165184021
1.17,0.8,0.48,0.66,0.99,0.96,0.59,0.67,0.3,20491,15.452367782592773
1.17,0.8,0.48,0.67,0.99,0.96,0.59,0.67,0.3,20064,15.45589017868042
1.17,0.8,0.48,0.66,1.0,0.96,0.59,0.67,0.31,20157,15.460160493850708
1.16,0.8,0.48,0.66,1.0,0.96,0.59,0.68,0.3,20366,15.460919618606567
1.16,0.81,0.48,0.67,1.0,0.97,0.59,0.67,0.31,20143,15.463923692703247
1.15,0.8,0.48,0.67,1.0,0.97,0.59,0.67,0.31,20122,15.468607664108276
1.17,0.8,0.48,0.67,1.0,0.96,0.6,0.67,0.31,19721,15.47216534614563
1.17,0.8,0.49,0.67,1.0,0.96,0.59,0.67,0.3,19918,15.47216534614563
1.16,0.8,0.48,0.68,1.0,0.96,0.59,0.67,0.3,20143,15.47737741470337
1.17,0.8,0.48,0.67,1.0,0.96,0.59,0.67,0.31,20474,15.481383323669434
1.17,0.8,0.48,0.67,1.0,0.96,0.59,0.67,0.31,20569,15.484644412994385
1.17,0.8,0.49,0.67,1.0,0.96,0.59,0.67,0.31,20070,15.485377311706543
1.17,0.8,0.49,0.67,1.0,0.96,0.59,0.67,0.3,19681,15.488924741744995
1.17,0.81,0.49,0.67,1.0,0.96,0.59,0.67,0.31,19780,15.493319988250732
1.17,0.8,0.48,0.67,1.0,0.96,0.59,0.67,0.3,19863,15.496919870376587
1.17,0.8,0.48,0.68,1.0,0.96,0.59,0.67,0.3,20260,15.496919870376587
1.17,0.8,0.48,0.66,1.0,0.96,0.59,0.67,0.3,20185,15.50196361541748
1.17,0.8,0.48,0.66,1.0,0.96,0.59,0.67,0.3,20074,15.50598406791687
1.17,0.8,0.48,0.66,1.0,0.97,0.58,0.67,0.3,20019,15.509983777999878
1.17,0.8,0.48,0.67,1.0,0.97,0.6,0.67,0.31,19934,15.509983777999878
1.16,0.8,0.48,0.67,0.99,0.97,0.59,0.67,0.31,20181,15.514089584350586
1.16,0.8,0.48,0.67,0.99,0.97,0.59,0.67,0.3,20726,15.518109560012817
1.16,0.8,0.48,0.67,1.0,0.97,0.59,0.68,0.31,20817,15.521493673324585
1.17,0.8,0.48,0.67,1.0,0.96,0.59,0.67,0.3,20740,15.522565603256226
1.16,0.8,0.48,0.67,0.99,0.97,0.59,0.68,0.3,20547,15.525729894638062
1.16,0.8,0.48,0.67,1.0,0.97,0.59,0.67,0.3,20052,15.530951261520386
1.17,0.8,0.48,0.67,1.0,0.97,0.59,0.67,0.3,19995,15.53419017791748
1.17,0.8,0.48,0.67,1.0,0.97,0.59,0.67,0.3,19988,15.53419017791748
1.17,0.8,0.48,0.67,1.0,0.97,0.59,0.67,0.31,20169,15.53865671157837
1.17,0.81,0.48,0.67,1.0,0.96,0.59,0.67,0.3,20154,15.542656421661377
1.17,0.8,0.48,0.67,1.0,0.96,0.59,0.67,0.3,20185,15.547208309173584
1.17,0.8,0.48,0.67,0.99,0.96,0.59,0.67,0.3,20366,15.550453186035156
1.17,0.8,0.48,0.67,1.0,0.96,0.59,0.67,0.3,20115,15.551190614700317
1.16,0.8,0.48,0.67,1.0,0.96,0.59,0.67,0.3,19674,15.555264472961426
1.17,0.8,0.48,0.67,1.0,0.96,0.6,0.67,0.3,19675,15.558722019195557
1.16,0.8,0.48,0.67,1.0,0.96,0.59,0.68,0.31,19900,15.562317371368408
1.17,0.81,0.49,0.67,1.0,0.96,0.59,0.67,0.31,19759,15.56303882598877
1.17,0.8,0.48,0.67,1.0,0.96,0.59,0.67,0.31,20116,15.566014051437378
1.17,0.8,0.48,0.67,0.99,0.97,0.59,0.68,0.3,20007,15.570709466934204
1.17,0.8,0.48,0.67,1.0,0.96,0.59,0.68,0.31,20300,15.575753450393677
1.17,0.8,0.48,0.67,1.0,0.96,0.59,0.68,0.3,19823,15.575753450393677
1.17,0.8,0.49,0.67,1.0,0.97,0.59,0.68,0.3,19350,15.579004526138306
1.17,0.8,0.48,0.67,1.0,0.97,0.59,0.67,0.31,19875,15.583745241165161
1.17,0.8,0.48,0.67,1.0,0.97,0.59,0.67,0.31,19846,15.58674144744873
1.17,0.8,0.49,0.67,1.0,0.96,0.59,0.67,0.31,19757,15.587958574295044
1.16,0.8,0.49,0.67,1.0,0.96,0.59,0.67,0.3,19938,15.591015577316284
1.16,0.8,0.49,0.67,0.99,0.96,0.59,0.68,0.31,19695,15.59525203704834
1.17,0.8,0.49,0.67,1.0,0.96,0.59,0.67,0.31,19876,15.599215507507324
1.16,0.8,0.48,0.67,1.0,0.97,0.59,0.68,0.31,20055,15.600281715393066
1.16,0.8,0.48,0.67,1.0,0.96,0.59,0.68,0.3,20018,15.60374641418457
1.17,0.8,0.48,0.67,1.0,0.96,0.59,0.68,0.31,19997,15.607508659362793
1.16,0.8,0.49,0.67,1.0,0.96,0.59,0.68,0.31,19738,15.612261533737183
1.17,0.8,0.49,0.67,1.0,0.96,0.59,0.67,0.31,19927,15.612261533737183
1.16,0.8,0.48,0.67,1.0,0.96,0.59,0.67,0.31,19988,15.616265296936035
1.16,0.8,0.49,0.67,1.0,0.97,0.59,0.67,0.31,20065,15.620261669158936
1.17,0.8,0.48,0.67,1.0,0.97,0.59,0.67,0.31,20314,15.625308275222778
1.17,0.8,0.49,0.66,1.0,0.96,0.59,0.67,0.3,20077,15.628609418869019
1.17,0.8,0.48,0.67,1.0,0.96,0.59,0.67,0.3,20128,15.628609418869019
1.16,0.8,0.49,0.67,1.0,0.97,0.59,0.67,0.3,20457,15.632645845413208
1.16,0.8,0.49,0.67,1.0,0.97,0.59,0.67,0.3,20234,15.636574268341064
1.16,0.8,0.48,0.67,1.0,0.96,0.6,0.67,0.31,19807,15.640315771102905
1.17,0.8,0.49,0.67,1.0,0.96,0.59,0.67,0.31,20202,15.641037225723267
1.15,0.8,0.49,0.66,1.0,0.96,0.59,0.67,0.31,20173,15.645616054534912
1.16,0.8,0.48,0.66,1.0,0.96,0.59,0.67,0.31,20168,15.649040460586548
1.16,0.8,0.49,0.67,1.0,0.97,0.6,0.68,0.31,20205,15.653074264526367
1.16,0.8,0.48,0.67,1.0,0.96,0.59,0.67,0.3,20142,15.653074264526367
1.17,0.8,0.49,0.67,1.0,0.97,0.6,0.67,0.31,20361,15.657087564468384
1.17,0.8,0.49,0.67,1.0,0.97,0.59,0.67,0.31,20502,15.660766363143921
1.17,0.8,0.49,0.66,1.0,0.97,0.6,0.67,0.31,19869,15.665407657623291
1.17,0.8,0.48,0.67,1.0,0.96,0.59,0.67,0.31,19934,15.665407657623291
1.16,0.8,0.49,0.67,1.0,0.96,0.59,0.67,0.3,19923,15.669516801834106
1.17,0.8,0.48,0.67,1.0,0.96,0.59,0.67,0.3,20228,15.673517942428589
1.17,0.8,0.48,0.66,1.0,0.97,0.59,0.67,0.3,20379,15.678030252456665
1.16,0.8,0.49,0.67,1.0,0.96,0.59,0.68,0.3,20292,15.678030252456665
1.16,0.8,0.48,0.67,1.01,0.97,0.59,0.68,0.3,20393,15.682030200958252
1.15,0.8,0.48,0.67,1.0,0.97,0.59,0.67,0.3,20158,15.686351537704468
1.16,0.8,0.48,0.67,1.0,0.97,0.59,0.67,0.31,20581,15.689399003982544
1.16,0.8,0.48,0.67,1.0,0.97,0.59,0.67,0.3,20316,15.690377950668335
1.16,0.8,0.48,0.67,1.0,0.97,0.59,0.67,0.3,20125,15.694546222686768
1.16,0.8,0.48,0.67,1.0,0.97,0.59,0.67,0.31,20202,15.698273658752441
1.16,0.8,0.48,0.67,1.0,0.97,0.59,0.67,0.31,20061,15.702404022216797
1.16,0.8,0.48,0.67,1.0,0.97,0.59,0.67,0.3,20120,15.702404022216797
1.16,0.8,0.48,0.67,1.0,0.97,0.59,0.67,0.31,20365,15.706403970718384
1.16,0.8,0.49,0.67,1.0,0.96,0.59,0.67,0.3,20518,15.710967540740967
1.16,0.8,0.48,0.67,1.0,0.96,0.59,0.67,0.3,20085,15.71411418914795
1.17,0.8,0.48,0.67,1.0,0.96,0.59,0.67,0.3,19638,15.718398094177246
1.17,0.8,0.48,0.67,1.0,0.97,0.59,0.67,0.3,19773,15.719164609909058
1.16,0.8,0.49,0.68,1.0,0.97,0.59,0.67,0.31,20352,15.722248554229736
1.16,0.8,0.48,0.68,1.0,0.97,0.59,0.67,0.31,20285,15.726715803146362
1.17,0.8,0.48,0.68,1.0,0.97,0.58,0.67,0.31,20238,15.730822563171387
1.16,0.79,0.48,0.67,1.0,0.97,0.59,0.67,0.31,20487,15.730822563171387
1.16,0.8,0.48,0.68,1.0,0.97,0.59,0.67,0.31,20230,15.734816074371338
1.17,0.8,0.48,0.67,1.0,0.96,0.59,0.67,0.31,20301,15.7393479347229
1.17,0.79,0.48,0.67,1.0,0.96,0.59,0.67,0.3,20212,15.743033170700073
1.17,0.8,0.48,0.67,1.0,0.97,0.59,0.67,0.31,20423,15.74408745765686
1.17,0.8,0.48,0.68,1.0,0.97,0.59,0.67,0.31,20498,15.74710750579834
1.17,0.8,0.48,0.67,1.0,0.97,0.59,0.67,0.31,20569,15.75208568572998
1.17,0.8,0.49,0.67,1.0,0.96,0.59,0.67,0.3,20528,15.756105422973633
1.16,0.8,0.48,0.67,1.0,0.97,0.59,0.67,0.3,20449,15.756105422973633
1.16,0.8,0.48,0.67,1.0,0.97,0.6,0.67,0.3,20334,15.759321212768555
1.17,0.8,0.49,0.67,1.0,0.97,0.58,0.67,0.3,20219,15.763614177703857
1.17,0.8,0.48,0.68,1.0,0.97,0.6,0.67,0.3,20198,15.76864218711853
1.17,0.8,0.48,0.67,1.0,0.97,0.59,0.67,0.3,20067,15.76864218711853
1.16,0.8,0.48,0.67,1.0,0.97,0.59,0.67,0.3,20480,15.771613597869873
1.16,0.8,0.48,0.67,1.0,0.97,0.59,0.67,0.3,20249,15.775360584259033
1.16,0.8,0.48,0.67,1.0,0.97,0.59,0.67,0.3,19894,15.779929161071777
1.16,0.8,0.48,0.68,1.0,0.97,0.6,0.67,0.3,20175,15.782962083816528
1.16,0.8,0.48,0.68,1.0,0.97,0.59,0.67,0.3,20308,15.783931732177734
1.16,0.8,0.48,0.68,1.0,0.97,0.59,0.67,0.3,20375,15.787666082382202
1.16,0.8,0.48,0.68,1.0,0.97,0.59,0.67,0.3,20416,15.791783809661865
1.16,0.8,0.48,0.68,1.0,0.97,0.59,0.67,0.31,20239,15.795970439910889
1.15,0.8,0.48,0.68,1.0,0.97,0.59,0.67,0.31,19900,15.795970439910889
1.16,0.8,0.48,0.68,1.0,0.97,0.59,0.67,0.31,19589,15.800128698348999
1.16,0.8,0.48,0.68,1.0,0.97,0.59,0.67,0.3,19862,15.805129289627075
1.16,0.79,0.48,0.68,1.0,0.97,0.59,0.67,0.3,20067,15.80821704864502
1.16,0.8,0.48,0.68,1.0,0.97,0.59,0.67,0.3,20046,15.809282302856445
1.16,0.8,0.48,0.68,1.0,0.97,0.6,0.67,0.3,19459,15.812446355819702
1.17,0.8,0.48,0.67,1.0,0.97,0.6,0.67,0.3,19642,15.817591190338135
1.17,0.8,0.48,0.68,1.0,0.97,0.6,0.67,0.3,20125,15.820594787597656
1.16,0.79,0.48,0.67,1.0,0.97,0.59,0.67,0.3,20036,15.821569919586182
1.16,0.8,0.49,0.68,1.01,0.97,0.59,0.68,0.31,19821,15.825740575790405
1.17,0.8,0.49,0.68,1.0,0.97,0.6,0.67,0.31,20224,15.829806566238403
1.15,0.8,0.48,0.67,1.0,0.97,0.6,0.67,0.31,20371,15.83380675315857
1.16,0.79,0.49,0.68,1.0,0.97,0.59,0.67,0.31,20166,15.83380675315857
1.17,0.8,0.49,0.68,1.0,0.97,0.59,0.67,0.3,20289,15.83756399154663
1.16,0.79,0.49,0.68,1.01,0.97,0.59,0.67,0.31,20608,15.841651916503906
1.16,0.79,0.49,0.67,1.01,0.97,0.59,0.67,0.31,20027,15.845730781555176
1.16,0.79,0.49,0.68,1.0,0.97,0.59,0.67,0.3,20144,15.849322319030762
1.16,0.79,0.48,0.67,1.0,0.97,0.59,0.67,0.31,20247,15.850380897521973
1.16,0.79,0.49,0.67,1.0,0.97,0.6,0.67,0.31,20040,15.852949619293213
1.16,0.8,0.49,0.68,1.0,0.97,0.6,0.67,0.3,20033,15.858249425888062
1.16,0.79,0.48,0.68,1.0,0.97,0.59,0.67,0.3,19890,15.861506223678589
1.17,0.8,0.49,0.68,1.0,0.97,0.59,0.67,0.31,19837,15.861506223678589
1.17,0.79,0.48,0.68,1.0,0.97,0.59,0.67,0.31,19838,15.866273403167725
1.17,0.79,0.49,0.67,1.0,0.97,0.59,0.67,0.3,20039,15.869988679885864
1.17,0.79,0.49,0.68,1.0,0.97,0.59,0.67,0.31,20470,15.874154567718506
1.16,0.8,0.48,0.68,1.0,0.97,0.6,0.67,0.3,20479,15.874154567718506
1.16,0.8,0.48,0.68,1.0,0.97,0.59,0.68,0.3,20788,15.878203868865967
1.17,0.79,0.48,0.67,1.0,0.97,0.59,0.67,0.3,21019,15.882491827011108
1.17,0.8,0.48,0.68,1.0,0.97,0.59,0.67,0.3,20566,15.886627435684204
1.16,0.8,0.48,0.68,1.0,0.97,0.6,0.68,0.3,19977,15.887678146362305
1.15,0.8,0.48,0.68,1.0,0.97,0.59,0.67,0.3,20100,15.890713691711426
1.16,0.8,0.48,0.68,1.01,0.97,0.59,0.67,0.3,20253,15.894433975219727
1.16,0.79,0.48,0.68,1.0,0.97,0.59,0.67,0.31,19798,15.8993239402771
1.17,0.79,0.49,0.68,1.0,0.97,0.59,0.67,0.3,19907,15.8993239402771
1.16,0.8,0.48,0.68,1.0,0.97,0.59,0.67,0.31,20404,15.902745723724365
1.16,0.8,0.48,0.68,1.0,0.97,0.59,0.68,0.3,20395,15.907004356384277
1.16,0.8,0.48,0.68,1.0,0.97,0.59,0.67,0.3,20098,15.911059856414795
1.17,0.8,0.48,0.68,1.0,0.97,0.59,0.67,0.3,19967,15.912015676498413
1.17,0.8,0.48,0.68,1.0,0.97,0.59,0.67,0.31,19984,15.914485454559326
1.17,0.79,0.48,0.68,1.0,0.97,0.59,0.67,0.31,19889,15.91903567314148
1.17,0.8,0.48,0.68,1.0,0.97,0.59,0.67,0.3,20058,15.92316746711731
1.16,0.8,0.49,0.68,1.0,0.97,0.59,0.67,0.3,19995,15.92723298072815
1.17,0.79,0.49,0.68,1.0,0.97,0.59,0.67,0.3,19976,15.928438663482666
1.17,0.8,0.48,0.68,1.0,0.97,0.59,0.67,0.31,20223,15.931467056274414
1.17,0.79,0.49,0.68,1.0,0.97,0.59,0.67,0.31,20500,15.935895204544067
1.17,0.8,0.49,0.68,1.0,0.97,0.59,0.67,0.31,20453,15.939264059066772
1.17,0.8,0.49,0.67,1.0,0.97,0.59,0.67,0.31,20228,15.939984560012817
1.17,0.8,0.48,0.68,1.0,0.97,0.59,0.68,0.31,20099,15.943984508514404
1.18,0.8,0.49,0.67,1.0,0.97,0.59,0.67,0.31,20128,15.948275089263916
1.17,0.79,0.49,0.68,1.0,0.97,0.59,0.67,0.31,20247,15.951854467391968
1.18,0.79,0.49,0.68,1.0,0.97,0.59,0.68,0.31,20368,15.952698945999146
1.17,0.79,0.49,0.68,1.01,0.97,0.59,0.68,0.31,20115,15.95607852935791
1.17,0.79,0.49,0.68,1.0,0.97,0.59,0.68,0.31,19966,15.960108995437622
1.18,0.79,0.49,0.68,1.01,0.97,0.58,0.67,0.31,19897,15.96413803100586
1.18,0.79,0.49,0.67,1.0,0.97,0.59,0.68,0.31,19676,15.96413803100586
1.17,0.79,0.49,0.67,1.0,0.97,0.59,0.67,0.3,20357,15.968668222427368
1.18,0.8,0.49,0.67,1.0,0.97,0.59,0.67,0.3,20430,15.973023653030396
1.17,0.8,0.49,0.67,1.0,0.97,0.59,0.67,0.31,19953,15.97610878944397
1.17,0.79,0.49,0.67,1.0,0.97,0.59,0.67,0.3,20012,15.977022647857666
1.18,0.79,0.49,0.68,1.0,0.97,0.59,0.67,0.31,20005,15.980907440185547
1.17,0.8,0.49,0.68,1.0,0.97,0.59,0.68,0.31,20124,15.98490571975708
1.17,0.8,0.49,0.68,1.0,0.97,0.59,0.67,0.31,20245,15.989200115203857
1.18,0.79,0.49,0.68,1.0,0.97,0.59,0.67,0.31,20458,15.992755889892578
1.17,0.8,0.49,0.67,1.01,0.97,0.59,0.68,0.31,20491,15.993823289871216
1.17,0.8,0.49,0.68,1.0,0.97,0.6,0.68,0.31,20280,15.996715068817139
1.17,0.8,0.49,0.67,1.0,0.97,0.59,0.67,0.3,20571,16.00173592567444
1.17,0.79,0.49,0.68,1.0,0.97,0.59,0.67,0.31,20508,16.004714965820312
1.18,0.8,0.49,0.68,1.0,0.97,0.59,0.68,0.3,20361,16.004714965820312
1.17,0.8,0.49,0.67,1.0,0.97,0.59,0.68,0.31,20536,16.009732246398926
1.17,0.8,0.49,0.67,1.0,0.97,0.59,0.68,0.31,19749,16.013712167739868
1.16,0.79,0.49,0.67,1.0,0.97,0.6,0.68,0.3,19430,16.017385721206665
1.17,0.79,0.49,0.68,1.0,0.97,0.59,0.67,0.3,19861,16.018460273742676
1.16,0.79,0.48,0.68,1.0,0.97,0.59,0.67,0.3,20004,16.0214581489563
1.17,0.79,0.49,0.68,1.0,0.97,0.59,0.67,0.3,20031,16.025888442993164
1.17,0.79,0.48,0.68,1.0,0.97,0.59,0.67,0.31,20072,16.029913187026978
1.18,0.79,0.49,0.68,1.0,0.97,0.59,0.67,0.31,20203,16.029913187026978
1.18,0.79,0.49,0.68,1.0,0.97,0.6,0.67,0.31,20488,16.034656763076782
1.17,0.79,0.49,0.67,1.0,0.97,0.59,0.67,0.31,20001,16.038103580474854
1.17,0.79,0.49,0.68,1.0,0.97,0.59,0.67,0.31,19718,16.042170524597168
1.18,0.8,0.49,0.67,1.0,0.97,0.59,0.67,0.31,20027,16.043131351470947
1.18,0.8,0.49,0.68,1.01,0.97,0.59,0.67,0.31,20100,16.046178102493286
1.17,0.8,0.49,0.67,1.0,0.97,0.59,0.67,0.31,19939,16.050628423690796
1.17,0.8,0.49,0.67,1.0,0.97,0.59,0.67,0.31,20278,16.054153442382812
1.17,0.8,0.49,0.68,1.0,0.97,0.59,0.67,0.31,20413,16.054153442382812
1.17,0.79,0.49,0.68,1.0,0.97,0.59,0.68,0.31,20136,16.059204578399658
1.17,0.79,0.49,0.68,1.0,0.97,0.59,0.68,0.3,20083,16.062842845916748
1.17,0.79,0.49,0.68,1.0,0.97,0.59,0.68,0.31,19932,16.066545248031616
1.18,0.79,0.48,0.67,1.0,0.97,0.59,0.68,0.31,19993,16.070597171783447
1.17,0.79,0.49,0.67,1.0,0.97,0.59,0.68,0.3,20072,16.070597171783447
1.17,0.79,0.49,0.67,1.0,0.97,0.59,0.67,0.3,19945,16.0746111869812
1.18,0.79,0.48,0.67,1.0,0.97,0.59,0.67,0.3,19606,16.07892918586731
1.18,0.79,0.49,0.67,1.01,0.97,0.59,0.67,0.3,19825,16.082930326461792
1.19,0.8,0.49,0.67,1.01,0.97,0.6,0.68,0.31,20466,16.08392906188965
1.18,0.8,0.48,0.67,1.01,0.97,0.59,0.67,0.3,20487,16.086944341659546
1.18,0.8,0.48,0.68,1.01,0.97,0.59,0.68,0.3,19882,16.09101104736328
1.18,0.8,0.49,0.68,1.0,0.97,0.59,0.68,0.3,19809,16.0951669216156
1.17,0.8,0.49,0.67,1.0,0.97,0.59,0.68,0.3,20120,16.096207857131958
1.18,0.8,0.48,0.67,1.0,0.97,0.59,0.67,0.31,19851,16.099201202392578
1.18,0.8,0.49,0.67,1.0,0.97,0.59,0.67,0.3,19998,16.10347867012024
1.19,0.8,0.48,0.67,1.0,0.97,0.59,0.67,0.31,20031,16.107535362243652
1.19,0.8,0.49,0.68,1.01,0.97,0.59,0.67,0.31,20008,16.108479261398315
1.19,0.8,0.49,0.67,1.0,0.97,0.59,0.68,0.31,19757,16.11247968673706
1.18,0.8,0.48,0.67,1.0,0.97,0.58,0.67,0.3,19838,16.11647939682007
1.17,0.8,0.49,0.67,1.0,0.97,0.58,0.67,0.31,20073,16.120479345321655
1.18,0.79,0.49,0.68,1.0,0.97,0.59,0.68,0.31,19534,16.12071967124939
1.17,0.8,0.48,0.67,1.0,0.97,0.59,0.68,0.3,19901,16.12359881401062
1.17,0.8,0.48,0.67,1.0,0.97,0.59,0.68,0.3,20000,16.127997636795044
1.18,0.8,0.48,0.67,1.0,0.97,0.58,0.68,0.3,20107,16.1321280002594
1.17,0.8,0.48,0.67,1.0,0.97,0.59,0.68,0.3,19820,16.13613247871399
1.17,0.8,0.48,0.68,1.0,0.97,0.59,0.68,0.3,19667,16.13613247871399
1.18,0.8,0.48,0.68,1.0,0.97,0.59,0.68,0.3,19608,16.140698194503784
1.18,0.8,0.48,0.67,1.0,0.97,0.59,0.67,0.3,19329,16.144686698913574
1.18,0.8,0.48,0.68,1.0,0.97,0.59,0.68,0.3,19878,16.148203372955322
1.18,0.8,0.48,0.67,1.0,0.97,0.59,0.67,0.3,20483,16.149215936660767
1.18,0.8,0.48,0.67,1.0,0.97,0.59,0.67,0.31,20186,16.15351104736328
1.18,0.79,0.48,0.67,1.0,0.97,0.6,0.67,0.3,20075,16.156920194625854
1.18,0.8,0.48,0.68,1.0,0.97,0.59,0.68,0.3,20484,16.160918951034546
1.19,0.8,0.48,0.67,1.0,0.97,0.59,0.68,0.3,20475,16.160918951034546
1.18,0.8,0.48,0.68,1.0,0.98,0.59,0.68,0.3,20254,16.165363073349
1.18,0.8,0.49,0.68,1.0,0.97,0.59,0.68,0.3,20567,16.169366121292114
1.18,0.8,0.48,0.67,1.0,0.97,0.6,0.68,0.3,20404,16.17336678504944
1.18,0.8,0.49,0.67,1.0,0.97,0.59,0.68,0.3,20409,16.17336678504944
1.18,0.79,0.49,0.68,1.0,0.97,0.59,0.67,0.3,20198,16.17636752128601
1.18,0.8,0.48,0.68,1.0,0.97,0.59,0.68,0.3,19983,16.181348085403442
1.18,0.8,0.48,0.68,1.0,0.97,0.59,0.68,0.3,20194,16.185648679733276
1.19,0.8,0.48,0.67,1.0,0.97,0.59,0.68,0.3,20423,16.18662714958191
1.18,0.8,0.48,0.67,1.0,0.97,0.59,0.68,0.3,19912,16.190436601638794
1.18,0.8,0.48,0.68,1.0,0.97,0.59,0.67,0.3,19867,16.19331932067871
1.19,0.8,0.48,0.68,1.0,0.97,0.59,0.68,0.3,20106,16.19763684272766
1.19,0.8,0.48,0.67,1.0,0.97,0.59,0.68,0.3,19895,16.198652982711792
1.19,0.79,0.48,0.67,1.0,0.97,0.6,0.68,0.3,20362,16.201660871505737
1.19,0.8,0.48,0.67,1.0,0.97,0.6,0.68,0.3,19867,16.206660509109497
1.19,0.8,0.48,0.67,1.0,0.97,0.59,0.68,0.3,19850,16.210658073425293
1.18,0.8,0.48,0.67,1.0,0.97,0.59,0.68,0.3,20239,16.21368670463562
1.18,0.8,0.49,0.67,1.01,0.97,0.59,0.68,0.3,20010,16.21368670463562
1.18,0.8,0.49,0.68,1.0,0.97,0.59,0.68,0.3,19837,16.21803617477417
1.18,0.8,0.49,0.67,1.0,0.97,0.59,0.68,0.3,19494,16.22278666496277
1.18,0.8,0.49,0.68,1.0,0.97,0.59,0.68,0.3,19227,16.225965976715088
1.18,0.8,0.48,0.67,1.0,0.97,0.59,0.68,0.3,19610,16.225965976715088
1.18,0.8,0.48,0.67,1.0,0.97,0.59,0.67,0.3,19917,16.230098485946655
1.18,0.79,0.48,0.67,1.0,0.97,0.59,0.68,0.3,20450,16.235023260116577
1.18,0.8,0.49,0.67,1.0,0.97,0.59,0.68,0.3,20475,16.23877763748169
1.19,0.8,0.49,0.68,1.0,0.97,0.59,0.68,0.3,20202,16.23877763748169
1.18,0.79,0.48,0.68,1.0,0.97,0.59,0.68,0.3,20191,16.242820024490356
1.18,0.8,0.48,0.67,1.0,0.98,0.59,0.68,0.3,20132,16.246803760528564
1.18,0.79,0.48,0.68,1.0,0.97,0.59,0.68,0.3,19727,16.250625371932983
1.18,0.8,0.48,0.67,1.0,0.97,0.59,0.67,0.3,19990,16.251402616500854
1.18,0.8,0.48,0.68,1.0,0.97,0.58,0.67,0.3,20121,16.254918336868286
1.18,0.79,0.48,0.67,1.01,0.97,0.59,0.68,0.3,20338,16.25996470451355
1.19,0.8,0.48,0.67,1.0,0.97,0.59,0.68,0.31,20189,16.263405561447144
1.17,0.8,0.48,0.67,1.0,0.97,0.59,0.68,0.31,20386,16.263405561447144
1.18,0.8,0.48,0.68,1.0,0.97,0.59,0.68,0.31,20473,16.268226861953735
1.18,0.8,0.48,0.67,1.0,0.97,0.6,0.68,0.31,20128,16.27121925354004
1.19,0.8,0.48,0.67,1.0,0.97,0.6,0.68,0.3,20409,16.275214433670044
1.18,0.8,0.48,0.67,1.0,0.97,0.6,0.68,0.3,20542,16.27908706665039
1.18,0.8,0.48,0.67,1.0,0.97,0.6,0.68,0.3,20499,16.280114889144897
1.18,0.8,0.48,0.67,1.0,0.97,0.6,0.68,0.3,20316,16.28421974182129
1.18,0.8,0.48,0.67,1.0,0.97,0.59,0.68,0.3,20113,16.288185119628906
1.18,0.8,0.48,0.67,1.0,0.97,0.59,0.68,0.3,20066,16.291187286376953
1.18,0.8,0.48,0.67,1.0,0.97,0.6,0.68,0.3,19895,16.292187929153442
1.18,0.8,0.48,0.67,1.0,0.97,0.6,0.67,0.3,19872,16.296201944351196
1.18,0.8,0.48,0.68,1.0,0.97,0.6,0.68,0.3,20143,16.30020499229431
1.18,0.8,0.48,0.67,1.0,0.97,0.6,0.68,0.3,20274,16.304216861724854
1.18,0.79,0.48,0.67,1.0,0.96,0.59,0.68,0.3,19933,16.304216861724854
1.19,0.8,0.48,0.68,1.0,0.97,0.59,0.68,0.31,19766,16.308440446853638
1.18,0.79,0.49,0.67,1.0,0.97,0.59,0.68,0.31,20261,16.312272310256958
1.19,0.8,0.49,0.67,1.0,0.97,0.59,0.68,0.3,20274,16.316431045532227
1.19,0.79,0.48,0.67,1.0,0.97,0.6,0.68,0.3,19785,16.316431045532227
1.19,0.8,0.48,0.67,1.0,0.97,0.59,0.68,0.3,20028,16.320484399795532
1.18,0.8,0.49,0.67,1.0,0.97,0.59,0.68,0.31,20011,16.324578762054443
1.19,0.79,0.48,0.68,1.0,0.97,0.59,0.68,0.3,20086,16.328580856323242
1.18,0.8,0.49,0.68,1.0,0.97,0.6,0.68,0.3,19809,16.32968783378601
1.18,0.79,0.48,0.68,1.0,0.97,0.59,0.68,0.3,20010,16.332730293273926
1.19,0.79,0.48,0.68,1.0,0.97,0.59,0.68,0.3,20303,16.3367338180542
1.19,0.8,0.48,0.67,1.0,0.97,0.59,0.68,0.3,19896,16.340959787368774
1.18,0.8,0.48,0.67,1.0,0.97,0.59,0.68,0.31,19631,16.344024181365967
1.19,0.8,0.48,0.67,1.0,0.97,0.59,0.68,0.3,20162,16.344990491867065
1.18,0.8,0.49,0.67,1.0,0.97,0.59,0.68,0.3,20077,16.349158763885498
1.19,0.8,0.48,0.67,1.0,0.97,0.59,0.68,0.31,20060,16.3532657623291
1.18,0.8,0.49,0.68,1.0,0.97,0.6,0.68,0.3,20273,16.356900453567505
1.19,0.8,0.48,0.68,1.0,0.97,0.6,0.68,0.31,20336,16.357598304748535
1.17,0.79,0.48,0.68,1.0,0.97,0.6,0.68,0.31,20149,16.361798763275146
1.19,0.79,0.48,0.68,1.0,0.97,0.59,0.68,0.3,20158,16.366037368774414
1.18,0.79,0.48,0.68,1.0,0.97,0.59,0.68,0.3,20019,16.368908405303955
1.19,0.8,0.48,0.68,1.0,0.97,0.6,0.68,0.3,19818,16.36996579170227
1.18,0.8,0.48,0.68,1.0,0.97,0.59,0.68,0.3,20009,16.37470579147339
1.18,0.79,0.48,0.68,1.0,0.97,0.6,0.68,0.3,20274,16.377931594848633
1.17,0.79,0.49,0.68,1.0,0.97,0.6,0.68,0.3,20203,16.3819260597229
1.19,0.79,0.48,0.68,1.0,0.97,0.59,0.68,0.31,20164,16.3819260597229
1.18,0.79,0.48,0.68,1.0,0.97,0.6,0.68,0.31,20621,16.386025428771973
1.18,0.79,0.48,0.68,1.0,0.97,0.59,0.68,0.31,20546,16.38999342918396
1.18,0.79,0.48,0.68,1.0,0.97,0.59,0.68,0.3,19887,16.393993377685547
1.19,0.8,0.48,0.68,1.0,0.97,0.59,0.68,0.31,20316,16.394989490509033
1.18,0.79,0.48,0.68,1.0,0.97,0.59,0.68,0.31,20623,16.397992849349976
1.19,0.8,0.48,0.68,1.0,0.97,0.6,0.68,0.31,19972,16.403033018112183
1.19,0.8,0.48,0.67,1.0,0.97,0.6,0.68,0.3,20191,16.40655255317688
1.19,0.8,0.48,0.67,1.0,0.97,0.59,0.68,0.3,20174,16.407590627670288
1.18,0.8,0.48,0.68,1.0,0.97,0.59,0.68,0.3,20289,16.41058897972107
1.18,0.8,0.49,0.68,1.0,0.97,0.59,0.68,0.3,19890,16.4145827293396
1.18,0.8,0.48,0.68,1.0,0.97,0.59,0.68,0.3,19899,16.419590950012207
1.18,0.8,0.48,0.68,1.0,0.97,0.59,0.68,0.3,19820,16.422855138778687
1.18,0.8,0.48,0.68,1.0,0.97,0.59,0.68,0.3,19455,16.423591375350952
1.18,0.8,0.48,0.68,1.0,0.97,0.6,0.68,0.3,19550,16.42760968208313
1.18,0.8,0.48,0.68,1.0,0.97,0.6,0.68,0.3,19499,16.43117904663086
1.18,0.8,0.48,0.68,1.0,0.97,0.59,0.68,0.3,19612,16.435160160064697
1.19,0.8,0.48,0.68,1.0,0.97,0.6,0.68,0.3,20041,16.43621253967285
1.19,0.79,0.48,0.67,1.01,0.97,0.6,0.68,0.31,20330,16.4392728805542
1.18,0.8,0.49,0.68,1.0,0.97,0.6,0.68,0.3,19913,16.44350242614746
1.18,0.8,0.49,0.68,1.0,0.97,0.6,0.68,0.31,19808,16.44771671295166
1.18,0.8,0.49,0.68,1.0,0.97,0.6,0.68,0.3,20093,16.44870638847351
1.18,0.8,0.48,0.68,1.0,0.97,0.6,0.68,0.3,20272,16.451225996017456
1.18,0.79,0.48,0.68,1.01,0.97,0.59,0.68,0.31,19867,16.456228733062744
1.18,0.79,0.48,0.68,1.01,0.97,0.6,0.68,0.31,20026,16.459228515625
1.18,0.8,0.49,0.68,1.01,0.97,0.6,0.68,0.3,20057,16.46030831336975
1.18,0.8,0.49,0.68,1.01,0.97,0.6,0.68,0.3,20088,16.463345766067505
1.18,0.8,0.49,0.68,1.0,0.97,0.59,0.68,0.3,19505,16.468385696411133
1.18,0.8,0.49,0.68,1.0,0.97,0.59,0.68,0.3,19712,16.472400188446045
1.19,0.8,0.49,0.68,1.01,0.97,0.59,0.68,0.3,20449,16.472400188446045
1.18,0.8,0.49,0.68,1.0,0.97,0.59,0.68,0.31,20412,16.476446390151978
1.19,0.79,0.49,0.68,1.0,0.97,0.6,0.68,0.31,20559,16.480411767959595
1.19,0.8,0.49,0.67,1.0,0.97,0.6,0.68,0.3,20504,16.484421968460083
1.19,0.8,0.49,0.68,1.0,0.97,0.59,0.68,0.3,20383,16.4874210357666
1.19,0.8,0.49,0.68,1.0,0.97,0.6,0.68,0.3,20268,16.48842191696167
1.19,0.8,0.49,0.68,1.0,0.97,0.6,0.68,0.31,20389,16.492708444595337
1.19,0.8,0.49,0.68,1.01,0.97,0.6,0.68,0.3,20568,16.496922731399536
1.19,0.8,0.49,0.68,1.01,0.97,0.6,0.68,0.3,20531,16.500370740890503
1.2,0.79,0.48,0.68,1.01,0.97,0.6,0.68,0.3,19716,16.501401901245117
1.19,0.8,0.49,0.68,1.01,0.97,0.59,0.68,0.3,19347,16.504438161849976
1.19,0.8,0.49,0.68,1.01,0.97,0.59,0.68,0.3,19912,16.508670330047607
1.19,0.8,0.49,0.68,1.01,0.97,0.59,0.68,0.3,20163,16.512669801712036
1.19,0.8,0.49,0.68,1.0,0.97,0.6,0.68,0.3,20114,16.513669967651367
1.19,0.8,0.49,0.68,1.0,0.97,0.59,0.68,0.31,20261,16.516669988632202
1.19,0.8,0.49,0.68,1.01,0.97,0.59,0.68,0.3,20126,16.521663188934326
1.19,0.8,0.49,0.68,1.01,0.97,0.59,0.68,0.3,19985,16.525228261947632
1.19,0.8,0.49,0.68,1.0,0.97,0.59,0.68,0.31,19762,16.525943279266357
1.19,0.8,0.49,0.68,1.0,0.97,0.59,0.68,0.31,19767,16.530357599258423
1.19,0.8,0.48,0.69,1.0,0.97,0.6,0.68,0.31,19526,16.533909559249878
1.19,0.8,0.49,0.68,1.0,0.97,0.59,0.68,0.31,19297,16.537607669830322
1.18,0.8,0.49,0.67,1.0,0.97,0.59,0.68,0.31,19754,16.537607669830322
1.18,0.8,0.49,0.68,1.0,0.97,0.59,0.68,0.31,20125,16.542651176452637
1.19,0.8,0.49,0.68,1.01,0.97,0.6,0.68,0.31,20066,16.546350240707397
1.18,0.8,0.49,0.69,1.0,0.97,0.59,0.68,0.31,20459,16.54991126060486
1.19,0.8,0.49,0.68,1.0,0.97,0.59,0.68,0.31,20424,16.550920963287354
1.18,0.8,0.49,0.68,1.01,0.97,0.59,0.68,0.31,20287,16.554056644439697
1.18,0.79,0.49,0.68,1.01,0.97,0.6,0.68,0.31,20232,16.55808424949646
1.18,0.8,0.49,0.69,1.01,0.97,0.6,0.68,0.31,19821,16.562922716140747
1.19,0.8,0.49,0.68,1.0,0.97,0.6,0.68,0.31,20078,16.563915729522705
1.18,0.8,0.49,0.68,1.0,0.97,0.6,0.68,0.31,20045,16.56639075279236
1.18,0.8,0.49,0.68,1.01,0.97,0.59,0.68,0.31,20042,16.569960594177246
1.18,0.8,0.49,0.68,1.01,0.97,0.6,0.68,0.31,19835,16.57430648803711
1.18,0.79,0.49,0.68,1.01,0.97,0.6,0.68,0.31,19824,16.578523874282837
1.18,0.8,0.48,0.68,1.01,0.97,0.59,0.68,0.31,20033,16.579374313354492
1.18,0.8,0.49,0.68,1.01,0.97,0.59,0.68,0.31,20308,16.58234405517578
1.19,0.8,0.49,0.69,1.0,0.97,0.59,0.68,0.31,20481,16.5864360332489
1.19,0.8,0.49,0.68,1.0,0.97,0.59,0.68,0.31,20246,16.590436220169067
1.19,0.79,0.49,0.68,1.01,0.97,0.59,0.68,0.31,20191,16.591437101364136
1.19,0.8,0.49,0.68,1.01,0.97,0.6,0.68,0.31,20212,16.594632863998413
1.18,0.8,0.49,0.68,1.01,0.97,0.6,0.69,0.31,20047,16.598600149154663
1.19,0.8,0.49,0.68,1.01,0.97,0.6,0.68,0.31,19912,16.60283923149109
1.19,0.8,0.49,0.68,1.0,0.97,0.6,0.68,0.31,20107,16.60283923149109
1.19,0.8,0.49,0.69,1.01,0.97,0.6,0.68,0.31,20400,16.606843948364258
1.18,0.8,0.49,0.68,1.01,0.97,0.6,0.68,0.31,20471,16.61114811897278
1.19,0.79,0.49,0.68,1.01,0.97,0.6,0.69,0.31,20100,16.615278005599976
1.19,0.8,0.49,0.68,1.0,0.97,0.6,0.68,0.31,20247,16.61627984046936
1.19,0.8,0.49,0.68,1.01,0.97,0.6,0.68,0.31,20054,16.61928367614746
1.19,0.8,0.49,0.68,1.01,0.97,0.6,0.68,0.31,19801,16.62438130378723
1.19,0.8,0.49,0.68,1.0,0.97,0.6,0.68,0.3,19934,16.627450942993164
1.19,0.8,0.49,0.68,1.01,0.97,0.6,0.68,0.31,19849,16.628461599349976
1.18,0.8,0.49,0.68,1.01,0.97,0.6,0.68,0.31,19618,16.631502389907837
1.19,0.8,0.49,0.68,1.01,0.97,0.6,0.69,0.31,20031,16.636565685272217
1.19,0.8,0.49,0.68,1.0,0.97,0.6,0.68,0.31,20002,16.64008092880249
1.19,0.8,0.49,0.68,1.01,0.97,0.6,0.68,0.31,19703,16.64008092880249
1.19,0.8,0.49,0.68,1.01,0.97,0.6,0.68,0.3,19718,16.644081830978394
1.18,0.8,0.49,0.68,1.01,0.97,0.6,0.68,0.31,19799,16.648226499557495
1.19,0.8,0.49,0.69,1.01,0.97,0.6,0.68,0.31,19840,16.652050495147705
1.18,0.8,0.49,0.69,1.0,0.97,0.6,0.68,0.3,20125,16.656298875808716
1.19,0.8,0.49,0.68,1.0,0.97,0.6,0.68,0.31,19816,16.656298875808716
1.18,0.8,0.49,0.68,1.0,0.97,0.6,0.68,0.31,19575,16.660393714904785
1.19,0.8,0.49,0.68,1.0,0.97,0.6,0.68,0.31,19636,16.664748668670654
1.19,0.8,0.49,0.68,1.0,0.97,0.6,0.68,0.31,19583,16.668760061264038
1.19,0.8,0.49,0.68,1.01,0.97,0.6,0.68,0.31,20152,16.668760061264038
1.19,0.8,0.49,0.68,1.01,0.97,0.6,0.68,0.31,19861,16.67237687110901
1.19,0.8,0.49,0.68,1.0,0.97,0.59,0.68,0.31,19838,16.67695450782776
1.18,0.8,0.49,0.68,1.01,0.97,0.6,0.68,0.31,19961,16.680875301361084
1.19,0.8,0.49,0.69,1.01,0.97,0.59,0.68,0.31,19948,16.681870698928833
1.19,0.8,0.49,0.68,1.0,0.97,0.6,0.68,0.31,20315,16.68500542640686
1.19,0.8,0.49,0.68,1.0,0.97,0.6,0.68,0.31,20414,16.68900489807129
1.18,0.8,0.49,0.68,1.01,0.97,0.6,0.68,0.31,20225,16.693002939224243
1.18,0.8,0.49,0.68,1.01,0.97,0.6,0.68,0.31,19750,16.694004774093628
1.19,0.8,0.49,0.68,1.0,0.96,0.6,0.68,0.31,20287,16.696998119354248
1.19,0.8,0.49,0.68,1.01,0.97,0.6,0.68,0.31,20298,16.70110559463501
1.18,0.8,0.49,0.68,1.01,0.96,0.6,0.68,0.31,19989,16.705135822296143
1.19,0.8,0.49,0.68,1.0,0.97,0.6,0.68,0.31,19918,16.706199884414673
1.19,0.8,0.49,0.68,1.0,0.97,0.6,0.68,0.31,20027,16.70923352241516
1.19,0.8,0.49,0.68,1.0,0.97,0.6,0.68,0.31,19984,16.713226556777954
1.19,0.8,0.49,0.68,1.0,0.97,0.6,0.68,0.3,19965,16.71759557723999
1.19,0.8,0.49,0.68,1.0,0.97,0.6,0.68,0.3,19948,16.718623638153076
1.18,0.8,0.49,0.68,1.0,0.97,0.59,0.68,0.31,20137,16.72175097465515
1.19,0.8,0.49,0.68,1.01,0.97,0.6,0.68,0.31,20194,16.72562551498413
1.19,0.8,0.49,0.68,1.0,0.97,0.59,0.68,0.3,20381,16.730127334594727
1.19,0.8,0.49,0.68,1.0,0.97,0.59,0.68,0.3,20018,16.734131336212158
1.19,0.8,0.49,0.68,1.0,0.97,0.6,0.68,0.3,20015,16.734131336212158
1.19,0.8,0.5,0.68,1.0,0.97,0.6,0.68,0.3,20210,16.738324642181396
1.19,0.8,0.49,0.68,1.0,0.97,0.59,0.68,0.31,20107,16.74325394630432
1.19,0.8,0.49,0.68,1.0,0.97,0.6,0.68,0.3,19852,16.7465877532959
1.18,0.8,0.49,0.69,1.0,0.97,0.59,0.68,0.31,19681,16.74756169319153
1.19,0.8,0.49,0.68,1.0,0.97,0.6,0.68,0.31,20040,16.751291513442993
1.18,0.8,0.49,0.68,1.0,0.97,0.6,0.68,0.3,19987,16.75567650794983
1.18,0.8,0.49,0.69,1.0,0.97,0.59,0.68,0.31,20026,16.758849382400513
1.18,0.8,0.49,0.68,1.0,0.97,0.6,0.68,0.31,20343,16.759676218032837
1.18,0.8,0.49,0.68,1.0,0.97,0.6,0.68,0.31,19762,16.762667894363403
1.18,0.8,0.49,0.68,1.0,0.97,0.6,0.69,0.31,19645,16.767160415649414
1.18,0.8,0.49,0.68,1.0,0.97,0.6,0.68,0.31,19794,16.77073359489441
1.19,0.8,0.49,0.68,1.0,0.97,0.59,0.68,0.31,20115,16.771747589111328
1.19,0.8,0.49,0.68,1.0,0.97,0.59,0.68,0.31,20320,16.77518606185913
1.19,0.8,0.49,0.68,1.0,0.97,0.6,0.68,0.31,20027,16.78020215034485
1.19,0.8,0.49,0.69,1.0,0.97,0.59,0.68,0.31,19918,16.783205270767212
1.19,0.8,0.49,0.68,1.0,0.97,0.59,0.69,0.31,20117,16.784198999404907
1.19,0.8,0.49,0.68,1.0,0.97,0.6,0.68,0.31,19966,16.78738021850586
1.18,0.8,0.49,0.68,1.0,0.97,0.6,0.68,0.31,19721,16.791176080703735
1.19,0.8,0.49,0.68,1.0,0.97,0.59,0.68,0.31,19812,16.795494318008423
1.19,0.8,0.49,0.68,1.0,0.97,0.6,0.68,0.31,19797,16.796515226364136
1.19,0.8,0.49,0.68,1.0,0.97,0.6,0.68,0.31,20044,16.799511671066284
1.19,0.8,0.49,0.68,1.0,0.97,0.59,0.68,0.31,19959,16.80351495742798
1.19,0.8,0.49,0.68,1.0,0.97,0.59,0.68,0.3,19860,16.808751106262207
1.19,0.8,0.49,0.68,1.0,0.97,0.6,0.69,0.31,20077,16.811817169189453
1.19,0.8,0.49,0.68,1.0,0.97,0.59,0.69,0.31,20006,16.81287431716919
1.18,0.8,0.49,0.68,1.0,0.97,0.59,0.68,0.31,19497,16.815744638442993
1.19,0.8,0.49,0.68,1.0,0.97,0.59,0.68,0.31,19642,16.820084810256958
1.19,0.8,0.49,0.68,1.0,0.97,0.6,0.68,0.3,19829,16.824036121368408
1.18,0.8,0.49,0.68,1.0,0.97,0.6,0.68,0.3,20010,16.825064182281494
1.18,0.81,0.49,0.68,1.0,0.97,0.6,0.69,0.3,19973,16.828067779541016
1.19,0.8,0.49,0.68,1.0,0.97,0.59,0.68,0.3,19902,16.833067655563354
1.19,0.8,0.49,0.68,1.0,0.97,0.6,0.68,0.31,19877,16.836076974868774
1.19,0.8,0.49,0.68,1.01,0.97,0.6,0.69,0.31,20386,16.837063550949097
1.19,0.8,0.49,0.68,1.0,0.97,0.6,0.68,0.3,20841,16.84037446975708
1.19,0.8,0.49,0.68,1.0,0.97,0.6,0.68,0.31,20478,16.844406127929688
1.18,0.8,0.49,0.68,1.0,0.97,0.6,0.68,0.3,20019,16.849434852600098
1.19,0.8,0.49,0.69,1.0,0.97,0.6,0.68,0.3,20154,16.849434852600098
1.19,0.8,0.49,0.68,1.0,0.97,0.6,0.69,0.31,19983,16.85289430618286
1.19,0.8,0.49,0.68,1.0,0.97,0.6,0.68,0.31,19836,16.857001781463623
1.19,0.8,0.49,0.68,1.0,0.97,0.6,0.68,0.31,19885,16.861966371536255
1.2,0.8,0.49,0.69,1.0,0.97,0.6,0.69,0.31,20014,16.861966371536255
1.2,0.8,0.49,0.69,1.0,0.97,0.6,0.69,0.31,19855,16.86556601524353
1.19,0.8,0.49,0.68,1.0,0.97,0.6,0.69,0.3,19512,16.869632720947266
1.19,0.8,0.49,0.68,1.0,0.97,0.6,0.69,0.3,19835,16.87420344352722
1.19,0.8,0.49,0.68,1.0,0.97,0.6,0.69,0.3,19350,16.877706050872803
1.18,0.8,0.49,0.68,1.0,0.97,0.6,0.68,0.3,19457,16.878722190856934
1.19,0.8,0.49,0.68,1.0,0.97,0.6,0.69,0.3,20146,16.88172936439514
1.19,0.8,0.49,0.68,1.0,0.97,0.6,0.69,0.31,20539,16.88583278656006
1.19,0.8,0.49,0.68,1.0,0.97,0.6,0.68,0.31,20068,16.889142274856567
1.19,0.8,0.49,0.68,1.0,0.97,0.6,0.69,0.31,19895,16.890169382095337
1.18,0.8,0.49,0.68,1.0,0.97,0.59,0.68,0.31,20178,16.894155263900757
1.19,0.8,0.49,0.68,0.99,0.97,0.59,0.69,0.31,20323,16.898444652557373
1.19,0.8,0.49,0.68,1.0,0.97,0.6,0.69,0.31,20308,16.901710033416748
1.19,0.8,0.49,0.68,1.0,0.97,0.6,0.69,0.31,20647,16.902445316314697
1.18,0.8,0.49,0.69,1.0,0.97,0.6,0.69,0.31,20452,16.906445026397705
1.19,0.8,0.49,0.68,1.0,0.97,0.6,0.68,0.31,20045,16.910444974899292
1.19,0.81,0.49,0.68,1.0,0.97,0.6,0.69,0.3,19916,16.91471266746521
1.18,0.8,0.49,0.69,1.0,0.97,0.6,0.68,0.3,19517,16.91471266746521
1.18,0.8,0.49,0.68,1.0,0.97,0.6,0.69,0.3,19604,16.919506311416626
1.18,0.8,0.49,0.69,1.0,0.97,0.6,0.68,0.31,19819,16.923596143722534
1.18,0.8,0.49,0.69,0.99,0.97,0.6,0.68,0.31,19970,16.927640914916992
1.18,0.8,0.49,0.68,1.0,0.97,0.6,0.68,0.3,19887,16.927640914916992
1.18,0.8,0.49,0.68,1.0,0.97,0.6,0.69,0.31,19830,16.93164086341858
1.18,0.8,0.49,0.69,1.0,0.97,0.6,0.68,0.31,19865,16.935641050338745
1.19,0.8,0.49,0.68,1.0,0.97,0.6,0.68,0.31,20382,16.939456939697266
1.18,0.8,0.49,0.69,1.0,0.97,0.6,0.68,0.31,20661,16.939456939697266
1.18,0.8,0.49,0.68,1.0,0.97,0.6,0.69,0.31,20130,16.943577766418457
1.18,0.8,0.49,0.69,1.0,0.97,0.6,0.69,0.3,19791,16.946760654449463
1.18,0.8,0.49,0.69,1.0,0.97,0.6,0.69,0.31,20338,16.952476024627686
1.18,0.8,0.49,0.69,1.0,0.97,0.6,0.69,0.31,20151,16.95464062690735
1.19,0.8,0.49,0.69,1.0,0.97,0.6,0.69,0.31,20328,16.95565962791443
1.19,0.8,0.49,0.69,1.0,0.97,0.6,0.68,0.31,20559,16.95980954170227
1.18,0.8,0.49,0.68,1.0,0.97,0.6,0.68,0.31,20676,16.963822841644287
1.19,0.8,0.49,0.69,1.0,0.97,0.6,0.68,0.31,20507,16.967553853988647
1.19,0.8,0.49,0.69,1.0,0.97,0.6,0.68,0.31,20496,16.968313455581665
1.19,0.8,0.49,0.68,1.0,0.97,0.6,0.69,0.31,20459,16.97231364250183
1.19,0.8,0.49,0.68,1.0,0.97,0.6,0.69,0.31,20138,16.976635217666626
1.19,0.8,0.49,0.69,1.0,0.97,0.6,0.68,0.31,20233,16.979625940322876
1.18,0.8,0.49,0.68,1.0,0.97,0.6,0.69,0.31,20362,16.979625940322876
1.19,0.8,0.49,0.68,1.0,0.97,0.6,0.68,0.31,19919,16.983977794647217
1.19,0.8,0.49,0.67,1.0,0.97,0.6,0.69,0.31,19892,16.988648653030396
1.18,0.8,0.49,0.68,1.0,0.97,0.6,0.69,0.31,20085,16.992650747299194
1.19,0.8,0.49,0.68,1.0,0.97,0.6,0.68,0.31,20232,16.99368405342102
1.19,0.8,0.49,0.68,1.0,0.97,0.6,0.68,0.31,20289,16.996707916259766
1.18,0.8,0.49,0.68,1.0,0.97,0.6,0.68,0.31,20442,17.000717639923096
1.19,0.8,0.49,0.68,1.0,0.97,0.6,0.68,0.31,20445,17.004900217056274
1.19,0.8,0.49,0.68,1.0,0.97,0.6,0.69,0.31,20254,17.004900217056274
1.18,0.8,0.49,0.68,1.0,0.97,0.6,0.69,0.31,20203,17.009009838104248
1.19,0.8,0.49,0.68,1.0,0.97,0.61,0.68,0.31,20208,17.01307988166809
1.18,0.8,0.49,0.68,1.0,0.97,0.6,0.68,0.31,20325,17.017091035842896
1.18,0.8,0.49,0.68,1.0,0.97,0.6,0.68,0.31,20108,17.020837545394897
1.19,0.8,0.49,0.68,1.0,0.97,0.6,0.69,0.31,19525,17.021892070770264
1.19,0.8,0.49,0.68,1.0,0.97,0.6,0.68,0.31,19952,17.025271892547607
1.18,0.81,0.49,0.68,1.0,0.97,0.6,0.69,0.31,20119,17.028975009918213
1.18,0.8,0.49,0.68,1.0,0.97,0.6,0.69,0.31,19964,17.032586336135864
1.18,0.81,0.49,0.68,1.0,0.97,0.6,0.69,0.31,20141,17.033334016799927
1.18,0.8,0.49,0.68,1.0,0.97,0.6,0.68,0.31,20190,17.03789782524109
1.18,0.8,0.49,0.68,1.0,0.97,0.6,0.68,0.31,20157,17.041483163833618
1.18,0.8,0.49,0.68,1.0,0.97,0.6,0.68,0.31,19886,17.04562020301819
1.18,0.8,0.49,0.68,1.0,0.97,0.6,0.68,0.31,20139,17.0465030670166
1.19,0.8,0.49,0.68,1.0,0.97,0.6,0.68,0.31,20190,17.04950475692749
1.18,0.8,0.49,0.68,1.0,0.97,0.6,0.68,0.31,20401,17.05407476425171
1.18,0.8,0.49,0.68,1.0,0.97,0.6,0.69,0.31,20326,17.057617902755737
1.19,0.8,0.5,0.68,1.0,0.97,0.6,0.68,0.31,20103,17.058650255203247
1.19,0.8,0.49,0.68,1.0,0.97,0.6,0.69,0.31,20186,17.06265139579773
1.19,0.8,0.5,0.68,1.0,0.97,0.6,0.69,0.31,19999,17.066115379333496
1.18,0.8,0.49,0.68,1.0,0.97,0.61,0.69,0.31,19272,17.070735216140747
1.18,0.8,0.5,0.68,1.0,0.96,0.6,0.69,0.31,19589,17.070735216140747
1.18,0.8,0.49,0.68,1.0,0.97,0.6,0.69,0.31,19812,17.073760986328125
1.19,0.8,0.49,0.68,1.0,0.97,0.6,0.68,0.31,20053,17.078745126724243
1.19,0.8,0.49,0.68,1.0,0.97,0.6,0.68,0.31,19986,17.081748723983765
1.19,0.8,0.49,0.68,1.0,0.97,0.6,0.69,0.31,19815,17.08574914932251
1.18,0.8,0.49,0.68,1.0,0.97,0.6,0.68,0.31,19610,17.08674454689026
1.19,0.8,0.5,0.69,1.0,0.97,0.6,0.68,0.31,20151,17.090786457061768
1.18,0.8,0.49,0.68,1.0,0.97,0.6,0.68,0.31,19940,17.09476089477539
1.18,0.8,0.49,0.69,1.0,0.97,0.6,0.69,0.31,19875,17.09777045249939
1.17,0.8,0.49,0.69,1.0,0.97,0.6,0.68,0.31,20030,17.09877038002014
1.18,0.8,0.49,0.69,1.0,0.97,0.6,0.69,0.31,20075,17.102725505828857
1.18,0.8,0.49,0.69,1.0,0.97,0.6,0.69,0.31,20054,17.106725454330444
1.18,0.8,0.49,0.69,1.0,0.97,0.6,0.68,0.31,20347,17.110725164413452
1.11,0.8,0.48,0.68,1.0,0.98,0.61,0.68,0.31,20226,17.111725568771362
1.09,0.8,0.48,0.67,1.0,0.98,0.59,0.68,0.3,19829,17.11569309234619
1.09,0.81,0.48,0.66,1.0,0.98,0.59,0.68,0.3,19982,17.119216203689575
1.11,0.8,0.48,0.67,1.0,0.97,0.6,0.68,0.3,19689,17.12297034263611
1.1,0.8,0.49,0.67,1.01,0.97,0.6,0.69,0.3,19564,17.123969793319702
1.12,0.8,0.49,0.68,1.01,0.97,0.59,0.68,0.3,19799,17.127066373825073
1.11,0.81,0.48,0.66,1.01,0.97,0.59,0.68,0.3,19968,17.132033348083496
1.09,0.81,0.47,0.67,1.0,0.97,0.58,0.67,0.29,19935,17.13601326942444
1.08,0.79,0.47,0.66,1.0,0.97,0.58,0.67,0.29,19778,17.13601326942444
1.08,0.81,0.46,0.67,1.0,0.98,0.57,0.67,0.29,20349,17.1398446559906
1.09,0.8,0.45,0.66,1.0,0.97,0.56,0.67,0.28,20172,17.143953561782837
1.07,0.8,0.45,0.66,1.0,0.98,0.56,0.67,0.27,19935,17.147853136062622
1.05,0.79,0.44,0.66,1.0,0.98,0.56,0.67,0.27,19532,17.14885926246643
1.04,0.79,0.44,0.65,1.0,0.97,0.55,0.66,0.26,19559,17.151859045028687
1.03,0.79,0.44,0.66,1.0,0.98,0.55,0.66,0.26,19746,17.155855178833008
1.03,0.79,0.43,0.66,1.01,0.98,0.53,0.66,0.26,19615,17.15998935699463
1.01,0.78,0.43,0.65,1.01,0.97,0.52,0.66,0.25,19566,17.164062023162842
0.99,0.78,0.44,0.64,1.0,0.97,0.51,0.66,0.25,19681,17.164062023162842
0.98,0.78,0.44,0.64,1.0,0.97,0.48,0.65,0.25,19924,17.168956518173218
0.98,0.78,0.45,0.64,1.0,0.96,0.49,0.66,0.25,20015,17.172532081604004
0.97,0.78,0.45,0.63,1.0,0.96,0.48,0.66,0.25,19680,17.176528215408325
0.98,0.78,0.45,0.63,1.0,0.96,0.49,0.66,0.25,19787,17.177573680877686
0.97,0.79,0.46,0.64,1.01,0.96,0.49,0.65,0.25,19628,17.181726455688477
0.95,0.78,0.46,0.63,1.01,0.97,0.46,0.65,0.25,19443,17.18540620803833
0.94,0.78,0.46,0.63,1.0,0.96,0.48,0.65,0.25,20146,17.188619136810303
0.96,0.79,0.46,0.62,1.0,0.96,0.47,0.65,0.25,19829,17.189462184906006
0.95,0.79,0.46,0.62,1.0,0.96,0.47,0.65,0.25,19596,17.192840576171875
0.96,0.79,0.45,0.61,1.0,0.96,0.46,0.65,0.24,19773,17.19690775871277
0.96,0.79,0.44,0.61,1.0,0.96,0.46,0.65,0.24,19948,17.201088190078735
0.95,0.78,0.45,0.61,1.0,0.96,0.46,0.65,0.24,19575,17.20204448699951
0.94,0.78,0.45,0.58,1.0,0.96,0.46,0.65,0.25,19078,17.205656051635742
0.96,0.78,0.45,0.58,1.0,0.96,0.48,0.65,0.25,18943,17.209747076034546
0.96,0.78,0.46,0.59,1.0,0.96,0.49,0.65,0.25,19298,17.213725566864014
0.95,0.78,0.46,0.59,0.99,0.96,0.51,0.65,0.25,20017,17.213725566864014
0.92,0.78,0.46,0.61,1.0,0.96,0.53,0.65,0.24,20066,17.217734575271606
0.96,0.79,0.45,0.6,1.0,0.96,0.5,0.65,0.24,19893,17.221722841262817
0.92,0.79,0.46,0.61,1.0,0.96,0.51,0.64,0.24,19716,17.22572922706604
0.89,0.79,0.47,0.61,1.0,0.95,0.5,0.65,0.24,19525,17.229464530944824
0.9,0.79,0.47,0.61,1.0,0.96,0.5,0.65,0.24,19596,17.229464530944824
0.91,0.78,0.45,0.61,1.0,0.96,0.52,0.65,0.24,19693,17.234371662139893
0.91,0.79,0.45,0.61,1.0,0.96,0.5,0.65,0.24,20144,17.238296270370483
0.91,0.79,0.45,0.6,0.99,0.97,0.51,0.65,0.24,20471,17.242393732070923
0.92,0.79,0.45,0.58,0.99,0.96,0.5,0.65,0.24,20474,17.242393732070923
0.93,0.79,0.45,0.6,0.99,0.96,0.49,0.64,0.24,19785,17.24638843536377
0.93,0.79,0.45,0.6,0.99,0.96,0.52,0.65,0.25,19608,17.250773906707764
0.92,0.79,0.45,0.6,0.99,0.96,0.53,0.65,0.24,19923,17.254074811935425
0.92,0.79,0.45,0.6,0.99,0.96,0.54,0.65,0.24,19820,17.25479030609131
0.92,0.79,0.44,0.6,0.99,0.96,0.53,0.65,0.24,19971,17.25912594795227
0.9,0.79,0.44,0.62,0.99,0.95,0.53,0.65,0.24,19572,17.262161254882812
0.88,0.8,0.44,0.62,0.98,0.95,0.54,0.65,0.24,19141,17.266669750213623
0.87,0.79,0.44,0.62,0.98,0.96,0.54,0.65,0.24,19486,17.267940998077393
0.87,0.8,0.44,0.62,0.98,0.96,0.51,0.65,0.24,20121,17.271363973617554
0.87,0.79,0.44,0.63,0.98,0.95,0.52,0.65,0.24,20186,17.275771856307983
0.88,0.79,0.44,0.62,0.98,0.96,0.52,0.65,0.24,19623,17.2785747051239
0.87,0.79,0.44,0.62,0.98,0.96,0.53,0.65,0.24,19446,17.27963948249817
0.85,0.79,0.44,0.62,0.98,0.96,0.53,0.65,0.23,19969,17.28362226486206
0.83,0.79,0.44,0.62,0.97,0.96,0.5,0.65,0.23,20072,17.28764295578003
0.89,0.79,0.43,0.62,0.98,0.96,0.5,0.65,0.23,19481,17.291642665863037
0.86,0.79,0.44,0.62,0.98,0.96,0.5,0.65,0.23,19632,17.291642665863037
0.85,0.79,0.45,0.62,0.98,0.96,0.51,0.64,0.24,20069,17.295643091201782
0.87,0.79,0.44,0.62,0.98,0.96,0.5,0.65,0.23,20342,17.29962468147278
0.88,0.79,0.44,0.62,0.97,0.96,0.5,0.65,0.23,20165,17.303624868392944
0.9,0.8,0.45,0.61,0.98,0.96,0.49,0.65,0.23,20022,17.306933641433716
0.88,0.79,0.45,0.62,0.98,0.96,0.49,0.65,0.23,20157,17.307960271835327
0.86,0.8,0.45,0.62,0.98,0.96,0.5,0.64,0.23,19834,17.312211751937866
0.88,0.79,0.45,0.62,0.98,0.96,0.52,0.65,0.24,20055,17.31668448448181
0.9,0.8,0.45,0.62,0.98,0.96,0.52,0.65,0.24,20102,17.31924796104431
0.88,0.79,0.45,0.62,0.98,0.96,0.5,0.65,0.24,19531,17.3202965259552
0.89,0.79,0.44,0.61,0.98,0.96,0.5,0.65,0.24,19642,17.324253797531128
0.92,0.79,0.45,0.62,0.98,0.96,0.52,0.66,0.24,19901,17.329259634017944
0.92,0.79,0.45,0.62,0.98,0.96,0.52,0.65,0.24,19896,17.33227825164795
0.93,0.79,0.44,0.62,0.98,0.96,0.53,0.65,0.24,19979,17.33227825164795
0.93,0.8,0.44,0.62,0.98,0.96,0.53,0.65,0.23,20014,17.337257623672485
0.92,0.8,0.44,0.62,0.98,0.96,0.53,0.65,0.23,19857,17.34139347076416
0.95,0.8,0.44,0.62,0.98,0.96,0.51,0.65,0.23,20260,17.34428381919861
0.93,0.8,0.44,0.62,0.98,0.96,0.53,0.65,0.23,20405,17.345402002334595
0.93,0.8,0.45,0.62,0.98,0.96,0.52,0.65,0.23,20238,17.34951663017273
0.92,0.81,0.44,0.62,0.98,0.96,0.53,0.64,0.23,20185,17.3536376953125
0.94,0.8,0.44,0.62,0.98,0.96,0.54,0.65,0.23,20058,17.357637405395508
0.94,0.8,0.44,0.62,0.98,0.96,0.54,0.64,0.23,20209,17.357637405395508
0.94,0.8,0.44,0.62,0.99,0.96,0.54,0.65,0.23,20380,17.36089253425598
0.93,0.8,0.43,0.62,0.99,0.96,0.53,0.65,0.23,19985,17.365915298461914
0.94,0.8,0.44,0.62,0.99,0.96,0.54,0.65,0.23,19932,17.36912989616394
0.92,0.8,0.44,0.62,0.99,0.96,0.54,0.65,0.23,19777,17.372886180877686
0.91,0.8,0.44,0.62,0.98,0.96,0.53,0.65,0.23,19762,17.373541593551636
0.91,0.8,0.43,0.61,0.99,0.96,0.53,0.64,0.23,19787,17.37759757041931
0.9,0.81,0.43,0.6,0.98,0.96,0.53,0.65,0.23,19774,17.38179898262024
0.9,0.8,0.43,0.6,0.98,0.96,0.53,0.65,0.23,19299,17.38509178161621
0.91,0.8,0.43,0.61,0.99,0.96,0.53,0.65,0.23,19464,17.385786294937134
0.89,0.8,0.43,0.6,0.98,0.96,0.52,0.65,0.23,19891,17.38978624343872
0.89,0.8,0.43,0.61,0.98,0.96,0.52,0.65,0.23,19516,17.39480471611023
0.89,0.81,0.42,0.61,0.99,0.96,0.52,0.64,0.23,19341,17.397393465042114
0.89,0.8,0.43,0.61,0.99,0.97,0.52,0.64,0.23,19438,17.398707151412964
0.9,0.81,0.43,0.61,0.99,0.97,0.53,0.64,0.23,19581,17.402228832244873
0.89,0.81,0.42,0.61,0.99,0.97,0.52,0.64,0.23,19192,17.40646505355835
0.88,0.8,0.42,0.61,0.99,0.97,0.53,0.65,0.23,19099,17.409778594970703
0.88,0.8,0.43,0.61,0.98,0.96,0.52,0.65,0.23,19296,17.410513401031494
0.87,0.8,0.43,0.61,0.99,0.96,0.52,0.64,0.23,19369,17.414114236831665
0.85,0.8,0.43,0.62,0.99,0.96,0.52,0.64,0.23,19796,17.41826343536377
0.87,0.8,0.43,0.62,0.99,0.97,0.51,0.64,0.23,20155,17.422309637069702
0.89,0.8,0.42,0.62,0.99,0.96,0.51,0.64,0.23,19636,17.42324209213257
0.88,0.8,0.43,0.63,0.99,0.96,0.52,0.64,0.23,19531,17.426526308059692
0.88,0.8,0.43,0.62,0.98,0.96,0.51,0.65,0.23,19448,17.43162202835083
0.88,0.8,0.42,0.62,0.99,0.96,0.51,0.65,0.23,19501,17.43510675430298
0.86,0.8,0.42,0.62,0.99,0.96,0.52,0.64,0.23,19566,17.438465356826782
0.86,0.8,0.42,0.62,0.98,0.96,0.52,0.64,0.23,19495,17.438465356826782
0.85,0.8,0.42,0.62,0.99,0.96,0.53,0.64,0.23,19482,17.44296622276306
0.85,0.8,0.42,0.62,0.98,0.96,0.52,0.65,0.23,19707,17.447033882141113
0.86,0.8,0.43,0.62,0.99,0.96,0.52,0.65,0.23,19452,17.450890064239502
0.88,0.8,0.43,0.61,0.99,0.96,0.52,0.64,0.24,19679,17.451587677001953
0.85,0.8,0.42,0.61,0.99,0.97,0.53,0.64,0.23,19140,17.45558762550354
0.85,0.8,0.42,0.62,0.99,0.96,0.53,0.64,0.23,19003,17.459587812423706
0.86,0.8,0.43,0.62,0.99,0.96,0.53,0.64,0.23,19460,17.46258783340454
0.88,0.8,0.42,0.62,0.99,0.96,0.52,0.65,0.23,19653,17.463568687438965
0.88,0.8,0.42,0.62,0.99,0.96,0.52,0.64,0.23,19906,17.467303037643433
0.87,0.8,0.42,0.61,0.99,0.96,0.52,0.64,0.23,19923,17.47154927253723
0.87,0.8,0.42,0.61,0.98,0.96,0.52,0.64,0.23,19976,17.47531270980835
0.85,0.8,0.42,0.62,0.99,0.96,0.51,0.64,0.23,19583,17.47603416442871
0.83,0.8,0.42,0.61,0.98,0.96,0.53,0.64,0.23,19352,17.480025053024292
0.82,0.8,0.42,0.61,0.99,0.96,0.51,0.64,0.23,19615,17.484013557434082
0.81,0.8,0.42,0.62,0.99,0.97,0.49,0.63,0.23,19490,17.48802924156189
0.81,0.8,0.42,0.61,0.99,0.97,0.51,0.63,0.23,19647,17.48901343345642
0.82,0.81,0.42,0.61,0.98,0.97,0.51,0.64,0.23,20030,17.49203133583069
0.83,0.81,0.41,0.62,0.99,0.97,0.52,0.64,0.23,20081,17.496034860610962
0.83,0.81,0.41,0.62,0.99,0.97,0.52,0.64,0.23,19832,17.500401735305786
0.81,0.81,0.41,0.6,0.98,0.97,0.52,0.64,0.23,19559,17.500401735305786
0.82,0.81,0.41,0.61,0.98,0.96,0.51,0.64,0.23,19720,17.504413604736328
0.8,0.81,0.42,0.6,0.98,0.97,0.49,0.64,0.22,19525,17.507970094680786
0.8,0.81,0.42,0.6,0.98,0.97,0.49,0.64,0.23,19592,17.513068437576294
0.78,0.81,0.43,0.6,0.98,0.97,0.49,0.64,0.22,20021,17.515761375427246
0.77,0.8,0.43,0.6,0.98,0.97,0.49,0.63,0.22,19956,17.51682186126709
0.81,0.81,0.43,0.61,0.98,0.96,0.5,0.63,0.22,19451,17.520792961120605
0.82,0.8,0.43,0.62,0.98,0.96,0.49,0.63,0.22,19220,17.525359392166138
0.81,0.8,0.43,0.61,0.98,0.96,0.49,0.63,0.22,19205,17.52867364883423
0.82,0.8,0.44,0.61,0.98,0.97,0.5,0.63,0.22,19248,17.529744386672974
0.81,0.8,0.43,0.62,0.98,0.97,0.49,0.63,0.22,19289,17.532557010650635
0.79,0.8,0.43,0.62,0.98,0.96,0.49,0.63,0.22,19216,17.537842512130737
0.77,0.81,0.43,0.61,0.98,0.96,0.5,0.63,0.22,19283,17.540846586227417
0.79,0.8,0.42,0.61,0.98,0.96,0.49,0.63,0.22,19354,17.540846586227417
0.81,0.8,0.43,0.62,0.98,0.96,0.49,0.63,0.22,18955,17.54594349861145
0.8,0.8,0.43,0.61,0.98,0.96,0.49,0.63,0.22,19500,17.54930543899536
0.82,0.8,0.43,0.62,0.98,0.96,0.48,0.63,0.22,19685,17.553467750549316
0.79,0.8,0.42,0.61,0.98,0.97,0.48,0.63,0.22,19522,17.55443501472473
0.79,0.8,0.43,0.62,0.98,0.96,0.48,0.63,0.21,19435,17.557767868041992
0.79,0.8,0.42,0.62,0.98,0.96,0.48,0.63,0.21,19412,17.56198263168335
0.8,0.8,0.43,0.62,0.98,0.96,0.48,0.63,0.21,19365,17.56598210334778
0.81,0.8,0.43,0.62,0.98,0.96,0.49,0.63,0.22,19152,17.56598210334778
0.82,0.8,0.43,0.62,0.98,0.96,0.49,0.63,0.22,19287,17.570148706436157
0.83,0.8,0.43,0.62,0.98,0.96,0.5,0.63,0.22,19220,17.57414960861206
0.82,0.8,0.43,0.62,0.98,0.96,0.5,0.63,0.22,19479,17.57795810699463
0.82,0.8,0.42,0.62,0.98,0.96,0.5,0.63,0.21,19512,17.58198881149292
0.83,0.8,0.42,0.62,0.98,0.96,0.49,0.63,0.21,19625,17.58198881149292
0.8,0.81,0.42,0.62,0.98,0.96,0.49,0.63,0.21,19572,17.586100578308105
0.79,0.8,0.42,0.62,0.99,0.96,0.49,0.63,0.21,19277,17.59044051170349
0.81,0.8,0.42,0.62,0.99,0.96,0.5,0.63,0.21,19798,17.59428834915161
0.81,0.8,0.42,0.61,0.99,0.96,0.49,0.63,0.22,19475,17.594990253448486
0.8,0.8,0.42,0.62,0.99,0.96,0.49,0.62,0.21,19366,17.59847855567932
0.79,0.8,0.42,0.6,0.99,0.96,0.49,0.62,0.21,19587,17.603150367736816
0.79,0.8,0.42,0.61,0.98,0.97,0.49,0.62,0.21,19508,17.606361389160156
0.78,0.8,0.42,0.62,0.98,0.96,0.48,0.62,0.21,19705,17.606361389160156
0.78,0.8,0.42,0.62,0.98,0.95,0.49,0.62,0.21,19254,17.610395908355713
0.76,0.8,0.42,0.62,0.99,0.95,0.48,0.62,0.21,19373,17.615473747253418
0.77,0.8,0.42,0.62,0.99,0.96,0.48,0.62,0.21,19196,17.618441343307495
0.77,0.8,0.41,0.62,0.99,0.96,0.49,0.62,0.21,19311,17.619494199752808
0.76,0.8,0.41,0.62,0.99,0.95,0.48,0.62,0.21,19852,17.623534202575684
0.76,0.8,0.42,0.62,0.99,0.95,0.48,0.62,0.21,19229,17.627544164657593
0.77,0.8,0.41,0.61,0.98,0.95,0.48,0.62,0.21,18920,17.631706476211548
0.78,0.8,0.42,0.61,0.99,0.95,0.48,0.62,0.22,19321,17.631706476211548
0.78,0.8,0.42,0.6,0.99,0.95,0.48,0.62,0.21,19292,17.635725498199463
0.78,0.8,0.42,0.61,0.98,0.95,0.49,0.62,0.21,19221,17.63972306251526
0.75,0.8,0.42,0.61,0.98,0.95,0.48,0.62,0.21,19772,17.643242597579956
0.76,0.79,0.42,0.61,0.98,0.95,0.48,0.62,0.21,20055,17.644246339797974
0.75,0.8,0.42,0.6,0.98,0.95,0.49,0.61,0.21,19362,17.64733910560608
0.78,0.8,0.42,0.61,0.98,0.95,0.48,0.62,0.21,19211,17.651306867599487
0.77,0.8,0.42,0.59,0.98,0.95,0.48,0.63,0.21,18958,17.656346797943115
0.76,0.8,0.42,0.59,0.98,0.95,0.48,0.62,0.21,18843,17.656346797943115
0.76,0.8,0.42,0.58,0.98,0.95,0.48,0.62,0.21,19364,17.65937829017639
0.74,0.8,0.41,0.59,0.98,0.96,0.47,0.63,0.21,19545,17.66394877433777
0.75,0.8,0.41,0.59,0.99,0.96,0.48,0.63,0.21,19598,17.668615579605103
0.75,0.79,0.41,0.6,0.99,0.96,0.48,0.63,0.21,19793,17.67263650894165
0.76,0.8,0.42,0.6,0.99,0.95,0.47,0.63,0.21,19528,17.67263650894165
0.75,0.8,0.42,0.58,0.99,0.95,0.47,0.63,0.21,19231,17.677255392074585
0.76,0.8,0.42,0.6,0.99,0.95,0.45,0.63,0.21,19434,17.681446075439453
0.76,0.8,0.42,0.59,0.98,0.95,0.44,0.63,0.21,19179,17.68439745903015
0.74,0.8,0.42,0.59,0.98,0.95,0.44,0.63,0.21,19086,17.685450792312622
0.74,0.8,0.42,0.58,0.98,0.95,0.42,0.62,0.21,19315,17.68965244293213
0.75,0.8,0.43,0.57,0.98,0.95,0.44,0.62,0.21,19414,17.693679571151733
0.72,0.8,0.42,0.58,0.98,0.95,0.43,0.63,0.21,19163,17.696864366531372
0.74,0.8,0.42,0.57,0.98,0.96,0.43,0.63,0.21,18906,17.69785714149475
0.75,0.8,0.42,0.56,0.98,0.96,0.44,0.62,0.21,18881,17.700857400894165
0.73,0.8,0.42,0.57,0.98,0.96,0.44,0.63,0.21,19546,17.705156326293945
0.74,0.8,0.42,0.58,0.98,0.96,0.43,0.62,0.21,19787,17.709356784820557
0.76,0.81,0.42,0.57,0.98,0.96,0.44,0.62,0.21,19806,17.709356784820557
0.74,0.8,0.42,0.56,0.99,0.96,0.43,0.62,0.21,19821,17.712773323059082
0.74,0.8,0.42,0.57,0.99,0.96,0.43,0.62,0.21,19824,17.71739625930786
0.74,0.8,0.42,0.57,0.98,0.96,0.44,0.62,0.21,19245,17.721965312957764
0.75,0.79,0.42,0.58,0.98,0.95,0.45,0.62,0.21,19280,17.722984790802002
0.72,0.8,0.42,0.56,0.99,0.95,0.42,0.62,0.21,19885,17.724990606307983
0.72,0.8,0.42,0.57,0.98,0.95,0.43,0.62,0.21,19610,17.72898244857788
0.72,0.81,0.42,0.57,0.99,0.95,0.43,0.62,0.21,19073,17.733454704284668
0.71,0.8,0.43,0.59,0.98,0.95,0.44,0.62,0.21,18660,17.734492540359497
0.73,0.8,0.43,0.59,0.98,0.95,0.44,0.62,0.21,18771,17.737961292266846
0.72,0.81,0.43,0.59,0.98,0.95,0.42,0.62,0.21,18722,17.74204158782959
0.72,0.81,0.42,0.59,0.98,0.95,0.43,0.62,0.21,19273,17.74542760848999
0.73,0.81,0.42,0.59,0.99,0.95,0.42,0.61,0.21,19358,17.750447034835815
0.73,0.81,0.42,0.58,0.98,0.96,0.43,0.62,0.21,18923,17.750447034835815
0.72,0.81,0.41,0.58,0.99,0.96,0.42,0.62,0.21,19112,17.754456996917725
0.72,0.8,0.42,0.59,0.98,0.96,0.43,0.62,0.2,19221,17.758774757385254
0.73,0.8,0.42,0.57,0.98,0.95,0.42,0.62,0.21,19320,17.76162028312683
0.73,0.81,0.42,0.58,0.98,0.96,0.42,0.62,0.2,19329,17.762660026550293
0.72,0.81,0.42,0.57,0.98,0.96,0.41,0.61,0.21,19494,17.766299962997437
0.74,0.81,0.41,0.57,0.98,0.96,0.41,0.62,0.21,19487,17.77133059501648
0.73,0.81,0.42,0.58,0.98,0.96,0.42,0.62,0.21,19640,17.774013996124268
0.74,0.81,0.42,0.58,0.98,0.96,0.42,0.61,0.21,19637,17.77506184577942
0.73,0.81,0.42,0.57,0.98,0.96,0.42,0.62,0.2,19350,17.77918529510498
0.75,0.81,0.42,0.56,0.98,0.96,0.41,0.61,0.2,19241,17.783642530441284
0.72,0.81,0.41,0.58,0.98,0.96,0.4,0.61,0.2,19362,17.786640167236328
0.7,0.81,0.41,0.58,0.98,0.96,0.38,0.61,0.2,18859,17.786640167236328
0.71,0.81,0.41,0.57,0.98,0.96,0.39,0.61,0.2,18972,17.790947437286377
0.7,0.8,0.41,0.59,0.99,0.96,0.37,0.59,0.2,19275,17.794633388519287
0.69,0.81,0.41,0.58,0.99,0.95,0.38,0.61,0.19,19608,17.798927545547485
0.68,0.81,0.42,0.57,0.99,0.95,0.38,0.61,0.19,19327,17.799973249435425
0.68,0.81,0.41,0.57,0.99,0.95,0.37,0.61,0.19,19170,17.803581476211548
0.69,0.81,0.41,0.57,0.99,0.96,0.36,0.61,0.19,19469,17.807780742645264
0.69,0.81,0.42,0.57,0.99,0.95,0.35,0.61,0.19,19258,17.811793327331543
0.69,0.81,0.42,0.58,0.98,0.95,0.35,0.61,0.19,19179,17.81276226043701
0.68,0.81,0.42,0.57,0.99,0.95,0.34,0.6,0.19,19198,17.815749168395996
0.69,0.81,0.42,0.57,0.98,0.95,0.34,0.61,0.19,19233,17.81874418258667
0.7,0.81,0.42,0.58,0.98,0.95,0.35,0.61,0.19,18784,17.823784828186035
0.68,0.82,0.42,0.56,0.98,0.95,0.37,0.61,0.19,18881,17.82481074333191
0.67,0.8,0.42,0.56,0.98,0.95,0.38,0.61,0.19,19128,17.827440977096558
0.68,0.81,0.42,0.56,0.98,0.95,0.37,0.61,0.19,18985,17.831390857696533
0.67,0.81,0.42,0.57,0.98,0.96,0.36,0.61,0.19,19162,17.836552619934082
0.69,0.81,0.42,0.56,0.98,0.95,0.34,0.62,0.19,19679,17.8395516872406
0.71,0.81,0.42,0.55,0.98,0.95,0.33,0.62,0.19,19644,17.84055256843567
0.65,0.81,0.41,0.56,0.98,0.95,0.33,0.59,0.18,19561,17.844624519348145
0.64,0.81,0.41,0.57,0.99,0.96,0.33,0.6,0.19,19636,17.848729133605957
0.64,0.81,0.4,0.57,0.99,0.96,0.33,0.6,0.18,19061,17.852729082107544
0.65,0.81,0.4,0.58,0.99,0.96,0.33,0.6,0.18,19100,17.85283136367798
0.65,0.81,0.4,0.57,0.99,0.96,0.32,0.6,0.18,19355,17.856099843978882
0.65,0.81,0.39,0.55,0.99,0.96,0.31,0.6,0.18,19316,17.86122488975525
0.65,0.81,0.4,0.55,0.99,0.96,0.32,0.6,0.18,19569,17.865204334259033
0.67,0.8,0.4,0.55,0.99,0.96,0.33,0.59,0.18,19530,17.865204334259033
0.66,0.81,0.41,0.56,0.99,0.96,0.32,0.59,0.18,19399,17.86919641494751
0.67,0.81,0.41,0.56,0.99,0.95,0.32,0.59,0.18,19322,17.873193502426147
0.66,0.81,0.4,0.56,0.99,0.95,0.32,0.6,0.18,19547,17.87723994255066
0.66,0.81,0.4,0.57,0.99,0.96,0.32,0.6,0.18,19882,17.87723994255066
0.67,0.8,0.4,0.58,0.99,0.96,0.32,0.6,0.18,19869,17.880698919296265
0.65,0.79,0.39,0.58,0.99,0.95,0.31,0.6,0.17,19778,17.885679244995117
0.66,0.79,0.39,0.56,0.99,0.95,0.31,0.6,0.18,19855,17.889573335647583
0.66,0.79,0.39,0.55,0.99,0.95,0.32,0.6,0.17,19904,17.890618562698364
0.66,0.79,0.39,0.55,0.99,0.96,0.32,0.6,0.17,19783,17.894323348999023
0.65,0.8,0.39,0.57,0.99,0.96,0.32,0.59,0.16,19806,17.89717960357666
0.67,0.8,0.38,0.57,0.99,0.96,0.31,0.6,0.17,19741,17.902246475219727
0.62,0.8,0.38,0.56,0.99,0.96,0.3,0.6,0.17,19860,17.9055233001709
0.67,0.79,0.39,0.56,0.99,0.96,0.3,0.6,0.17,19699,17.90624690055847
0.67,0.79,0.39,0.57,0.99,0.96,0.3,0.6,0.17,19640,17.910771131515503
0.68,0.79,0.39,0.58,0.99,0.95,0.31,0.59,0.17,19731,17.91373586654663
0.7,0.79,0.39,0.58,0.99,0.96,0.31,0.6,0.17,19654,17.917601346969604
0.7,0.79,0.39,0.58,0.99,0.96,0.31,0.61,0.17,19523,17.918636798858643
0.69,0.79,0.39,0.59,0.99,0.96,0.32,0.6,0.17,19788,17.922634601593018
0.69,0.79,0.39,0.58,0.99,0.96,0.31,0.61,0.17,20343,17.92572021484375
0.67,0.79,0.39,0.59,0.98,0.96,0.31,0.61,0.17,20328,17.929774045944214
0.66,0.79,0.4,0.59,0.98,0.95,0.32,0.61,0.17,19763,17.931032180786133
0.67,0.8,0.4,0.57,0.98,0.95,0.3,0.61,0.17,19546,17.934081315994263
0.7,0.8,0.4,0.58,0.98,0.95,0.31,0.61,0.17,19507,17.93808627128601
0.7,0.8,0.41,0.58,0.98,0.95,0.31,0.61,0.17,20042,17.94293236732483
0.7,0.8,0.4,0.58,0.98,0.95,0.3,0.61,0.17,20465,17.94293236732483
0.68,0.8,0.4,0.56,0.98,0.95,0.3,0.61,0.17,20178,17.945956707000732
0.66,0.8,0.4,0.57,0.97,0.96,0.28,0.61,0.17,20155,17.95117497444153
0.64,0.8,0.4,0.57,0.98,0.95,0.29,0.6,0.17,20554,17.955172777175903
0.64,0.8,0.4,0.56,0.98,0.95,0.29,0.59,0.17,20433,17.955172777175903
0.65,0.8,0.4,0.56,0.98,0.95,0.29,0.59,0.17,20314,17.95816993713379
0.65,0.8,0.41,0.55,0.98,0.94,0.29,0.59,0.17,20603,17.962257862091064
0.62,0.79,0.41,0.54,0.98,0.95,0.28,0.57,0.17,20444,17.968481063842773
0.63,0.78,0.41,0.55,0.97,0.94,0.29,0.57,0.17,20669,17.971119165420532
0.62,0.78,0.4,0.56,0.97,0.95,0.29,0.56,0.16,20638,17.971119165420532
0.61,0.78,0.4,0.56,0.97,0.94,0.28,0.54,0.16,20255,17.975330352783203
0.6,0.78,0.39,0.57,0.97,0.95,0.27,0.53,0.15,20802,17.979400396347046
0.61,0.77,0.38,0.56,0.98,0.95,0.27,0.52,0.16,21281,17.98340106010437
0.61,0.77,0.39,0.56,0.97,0.95,0.25,0.51,0.16,21378,17.984373569488525
0.59,0.76,0.38,0.56,0.95,0.95,0.26,0.49,0.16,21417,17.987622261047363
0.57,0.76,0.38,0.55,0.94,0.96,0.25,0.5,0.16,21318,17.99164390563965
0.57,0.74,0.39,0.55,0.93,0.96,0.24,0.44,0.16,21241,17.9953830242157
0.57,0.72,0.38,0.55,0.94,0.96,0.23,0.42,0.15,21414,17.9953830242157
0.56,0.72,0.37,0.54,0.9,0.95,0.24,0.41,0.14,21623,18.000842332839966
0.53,0.69,0.35,0.56,0.87,0.95,0.23,0.37,0.13,22058,18.004274368286133
0.51,0.68,0.33,0.54,0.86,0.95,0.22,0.32,0.14,22495,18.00814175605774
0.49,0.69,0.35,0.49,0.83,0.95,0.21,0.34,0.14,22686,18.00814175605774
0.45,0.69,0.33,0.47,0.83,0.96,0.19,0.34,0.14,22893,18.012338876724243
0.4,0.69,0.32,0.44,0.82,0.95,0.19,0.3,0.14,22994,18.016338109970093
0.41,0.67,0.32,0.47,0.82,0.96,0.19,0.3,0.13,23259,18.019815683364868
0.38,0.64,0.28,0.47,0.79,0.96,0.2,0.31,0.13,23772,18.020967483520508
0.4,0.62,0.29,0.48,0.79,0.94,0.18,0.33,0.13,23797,18.024136066436768
0.39,0.59,0.31,0.46,0.78,0.95,0.18,0.28,0.13,23882,18.029142141342163
0.42,0.58,0.31,0.44,0.77,0.94,0.18,0.28,0.13,24467,18.03260374069214
0.41,0.57,0.33,0.42,0.76,0.92,0.17,0.32,0.15,25222,18.033608198165894
0.39,0.58,0.33,0.41,0.74,0.93,0.15,0.32,0.15,24997,18.0367431640625
0.37,0.56,0.31,0.43,0.71,0.92,0.17,0.3,0.15,25318,18.04073190689087
0.37,0.59,0.33,0.43,0.72,0.91,0.16,0.31,0.15,26111,18.044787168502808
0.37,0.56,0.32,0.41,0.73,0.9,0.14,0.28,0.14,26504,18.047874450683594
0.39,0.54,0.32,0.4,0.72,0.9,0.14,0.27,0.13,26939,18.048919916152954
0.39,0.53,0.3,0.43,0.72,0.9,0.14,0.25,0.14,27482,18.052740812301636
0.39,0.55,0.32,0.4,0.72,0.9,0.12,0.31,0.14,27973,18.057203769683838
0.38,0.53,0.32,0.42,0.7,0.86,0.11,0.24,0.14,27800,18.0614230632782
0.38,0.51,0.32,0.39,0.71,0.85,0.1,0.27,0.14,28287,18.062209606170654
0.37,0.49,0.32,0.38,0.7,0.84,0.1,0.24,0.14,28504,18.06523609161377
0.36,0.5,0.31,0.32,0.67,0.83,0.1,0.24,0.13,29063,18.06921911239624
0.41,0.47,0.31,0.33,0.66,0.81,0.09,0.24,0.13,29340,18.073543071746826
0.39,0.5,0.3,0.34,0.65,0.8,0.09,0.2,0.12,29373,18.074615716934204
0.36,0.45,0.3,0.31,0.66,0.79,0.08,0.2,0.12,29558,18.078739404678345
0.34,0.46,0.3,0.32,0.62,0.77,0.07,0.2,0.11,29639,18.081425666809082
0.34,0.44,0.31,0.32,0.62,0.78,0.07,0.21,0.11,30180,18.08574676513672
0.36,0.44,0.27,0.34,0.6,0.77,0.07,0.21,0.1,30429,18.086775541305542
0.34,0.48,0.27,0.34,0.61,0.77,0.09,0.25,0.12,30746,18.08975839614868
0.32,0.45,0.28,0.3,0.62,0.76,0.07,0.24,0.11,30661,18.093742847442627
0.35,0.44,0.28,0.31,0.61,0.76,0.08,0.25,0.11,31116,18.09874439239502
0.31,0.46,0.29,0.28,0.59,0.78,0.08,0.26,0.12,31403,18.09907102584839
0.33,0.43,0.27,0.26,0.54,0.76,0.08,0.27,0.11,31366,18.10186791419983
0.36,0.45,0.25,0.26,0.56,0.76,0.07,0.26,0.11,31889,18.106295108795166
0.34,0.47,0.23,0.29,0.53,0.77,0.08,0.26,0.11,32054,18.110656261444092
0.34,0.44,0.23,0.26,0.55,0.76,0.07,0.24,0.11,31671,18.113656520843506
0.36,0.45,0.24,0.27,0.55,0.78,0.08,0.26,0.11,31484,18.114834785461426
0.36,0.44,0.22,0.29,0.55,0.79,0.09,0.25,0.12,32093,18.118833541870117
0.37,0.42,0.24,0.32,0.56,0.8,0.08,0.24,0.1,32332,18.122852563858032
0.37,0.45,0.22,0.29,0.53,0.81,0.08,0.25,0.1,32773,18.126476764678955
0.37,0.42,0.27,0.3,0.56,0.79,0.08,0.22,0.1,32848,18.127511262893677
0.36,0.4,0.26,0.28,0.55,0.79,0.07,0.22,0.1,32907,18.130270957946777
0.36,0.42,0.23,0.24,0.54,0.8,0.07,0.24,0.1,32570,18.13524317741394
0.34,0.42,0.21,0.27,0.52,0.81,0.07,0.23,0.1,32739,18.139289379119873
0.26,0.39,0.22,0.23,0.52,0.79,0.06,0.22,0.1,32880,18.139289379119873
0.28,0.33,0.21,0.25,0.53,0.75,0.07,0.22,0.1,32879,18.1430881023407
0.32,0.35,0.2,0.24,0.54,0.76,0.06,0.21,0.1,32926,18.14738368988037
0.26,0.32,0.21,0.23,0.48,0.76,0.07,0.23,0.1,32775,18.15141797065735
0.24,0.38,0.2,0.2,0.49,0.81,0.06,0.2,0.1,32288,18.152400493621826
0.22,0.37,0.19,0.2,0.49,0.79,0.04,0.23,0.1,32437,18.155157327651978
0.26,0.39,0.2,0.2,0.5,0.75,0.05,0.23,0.1,32490,18.160226106643677
0.24,0.33,0.22,0.19,0.48,0.77,0.04,0.24,0.11,32221,18.163394689559937
0.26,0.37,0.22,0.21,0.52,0.75,0.04,0.24,0.1,32154,18.163394689559937
0.25,0.38,0.2,0.19,0.52,0.75,0.06,0.23,0.11,32193,18.167778491973877
0.26,0.39,0.23,0.22,0.52,0.77,0.04,0.22,0.11,32250,18.172778367996216
0.26,0.41,0.23,0.22,0.54,0.76,0.05,0.28,0.1,31933,18.176289081573486
0.28,0.42,0.21,0.23,0.51,0.74,0.05,0.26,0.1,32082,18.1772940158844
0.28,0.37,0.21,0.25,0.55,0.75,0.08,0.26,0.1,32363,18.18031883239746
0.27,0.42,0.21,0.21,0.55,0.73,0.07,0.27,0.1,32170,18.184098482131958
0.24,0.42,0.21,0.21,0.61,0.78,0.05,0.31,0.1,32075,18.189444303512573
0.25,0.38,0.22,0.22,0.57,0.77,0.07,0.31,0.1,32474,18.192636013031006
0.25,0.37,0.21,0.19,0.57,0.76,0.06,0.28,0.11,32267,18.192636013031006
0.25,0.34,0.25,0.17,0.54,0.77,0.06,0.24,0.12,31810,18.19653058052063
0.26,0.33,0.21,0.18,0.51,0.74,0.04,0.26,0.1,31599,18.201481580734253
0.22,0.33,0.2,0.21,0.54,0.73,0.03,0.29,0.09,31774,18.204824209213257
0.25,0.33,0.22,0.19,0.53,0.77,0.04,0.25,0.09,32091,18.205825328826904
0.27,0.38,0.22,0.18,0.55,0.74,0.04,0.23,0.1,31480,18.208823919296265
0.27,0.37,0.21,0.17,0.55,0.69,0.03,0.23,0.09,31249,18.213826894760132
0.33,0.35,0.21,0.19,0.51,0.67,0.03,0.3,0.08,31616,18.21701431274414
0.25,0.33,0.21,0.19,0.57,0.67,0.04,0.3,0.09,31855,18.21799898147583
0.26,0.37,0.18,0.19,0.56,0.64,0.03,0.28,0.09,31358,18.22100806236267
0.31,0.33,0.22,0.21,0.56,0.68,0.05,0.3,0.08,31177,18.22506809234619
0.3,0.39,0.19,0.22,0.62,0.69,0.05,0.31,0.08,31492,18.229207277297974
0.27,0.41,0.21,0.21,0.59,0.68,0.04,0.31,0.09,31951,18.229207277297974
0.25,0.4,0.21,0.21,0.59,0.66,0.05,0.31,0.08,32056,18.232885599136353
0.26,0.37,0.21,0.19,0.56,0.69,0.04,0.29,0.09,31933,18.23760986328125
0.29,0.39,0.2,0.21,0.61,0.67,0.03,0.24,0.08,32258,18.240613222122192
0.31,0.36,0.17,0.22,0.6,0.66,0.04,0.28,0.07,31747,18.242122173309326
0.3,0.38,0.18,0.21,0.63,0.65,0.04,0.27,0.08,31736,18.245134592056274
0.28,0.36,0.22,0.21,0.64,0.65,0.03,0.31,0.07,31807,18.250133991241455
0.28,0.45,0.22,0.21,0.65,0.62,0.03,0.28,0.08,31698,18.253569841384888
0.29,0.38,0.2,0.18,0.67,0.64,0.03,0.28,0.08,31625,18.257553339004517
0.24,0.36,0.22,0.19,0.66,0.64,0.03,0.27,0.09,31076,18.25811266899109
0.24,0.34,0.19,0.2,0.7,0.64,0.04,0.27,0.09,30953,18.261286973953247
0.32,0.39,0.2,0.19,0.69,0.63,0.05,0.28,0.08,31006,18.26636576652527
0.35,0.39,0.2,0.18,0.73,0.65,0.03,0.27,0.08,31099,18.26994299888611
0.3,0.4,0.18,0.2,0.74,0.64,0.05,0.29,0.09,31054,18.270955085754395
0.32,0.36,0.2,0.21,0.74,0.65,0.06,0.27,0.09,31465,18.275036811828613
0.32,0.39,0.22,0.19,0.74,0.61,0.07,0.31,0.09,31262,18.278083562850952
0.34,0.41,0.21,0.23,0.8,0.62,0.05,0.32,0.08,31693,18.28252339363098
0.34,0.42,0.19,0.23,0.74,0.65,0.05,0.36,0.08,31614,18.283571243286133
0.3,0.44,0.19,0.24,0.71,0.63,0.04,0.34,0.08,31137,18.286023139953613
0.29,0.45,0.17,0.23,0.74,0.62,0.05,0.36,0.08,31262,18.291072607040405
0.28,0.43,0.19,0.2,0.72,0.62,0.03,0.35,0.08,31789,18.295120239257812
0.3,0.43,0.19,0.21,0.71,0.62,0.04,0.35,0.08,32020,18.295120239257812
0.31,0.44,0.21,0.21,0.71,0.55,0.04,0.39,0.09,31977,18.29951286315918
0.27,0.45,0.18,0.2,0.77,0.59,0.03,0.37,0.08,32332,18.302951335906982
0.27,0.44,0.19,0.23,0.73,0.59,0.05,0.36,0.08,32537,18.30740785598755
0.3,0.36,0.18,0.19,0.75,0.57,0.03,0.37,0.08,32654,18.30740785598755
0.27,0.42,0.18,0.21,0.69,0.56,0.05,0.39,0.08,32997,18.311411142349243
0.28,0.45,0.19,0.19,0.68,0.54,0.04,0.38,0.09,32966,18.31544041633606
0.31,0.44,0.19,0.21,0.72,0.52,0.06,0.34,0.09,33275,18.319900035858154
0.32,0.43,0.18,0.22,0.71,0.52,0.06,0.35,0.08,33224,18.323474645614624
0.3,0.45,0.17,0.23,0.69,0.53,0.05,0.39,0.09,33145,18.323474645614624
0.3,0.5,0.21,0.2,0.68,0.53,0.04,0.41,0.09,33368,18.327205657958984
0.32,0.49,0.18,0.21,0.68,0.55,0.04,0.4,0.08,33909,18.33200240135193
0.36,0.45,0.21,0.23,0.69,0.53,0.04,0.39,0.1,34242,18.335986375808716
0.37,0.49,0.19,0.21,0.77,0.52,0.05,0.36,0.1,34123,18.335986375808716
0.34,0.52,0.21,0.22,0.81,0.5,0.04,0.38,0.1,34442,18.33998966217041
0.35,0.51,0.22,0.21,0.77,0.52,0.04,0.37,0.1,34935,18.34406566619873
0.36,0.46,0.23,0.24,0.83,0.51,0.04,0.36,0.11,34690,18.34795093536377
0.31,0.48,0.21,0.22,0.85,0.51,0.05,0.4,0.1,34177,18.34795093536377
0.34,0.44,0.21,0.24,0.88,0.51,0.06,0.33,0.09,34544,18.35223960876465
0.34,0.48,0.21,0.21,0.92,0.5,0.04,0.44,0.09,35181,18.356276273727417
0.35,0.51,0.21,0.21,0.86,0.47,0.04,0.44,0.09,35496,18.360276460647583
0.33,0.48,0.18,0.2,0.89,0.46,0.04,0.43,0.09,35341,18.360276460647583
0.31,0.53,0.17,0.23,0.94,0.44,0.05,0.44,0.1,35270,18.36427640914917
0.31,0.52,0.15,0.22,1.01,0.45,0.04,0.49,0.1,35231,18.36927628517151
0.3,0.51,0.19,0.25,0.98,0.46,0.05,0.43,0.1,35490,18.372342586517334
0.23,0.52,0.18,0.21,1.01,0.45,0.04,0.47,0.1,35629,18.372342586517334
0.24,0.51,0.19,0.21,1.06,0.46,0.05,0.46,0.11,35356,18.377577781677246
0.27,0.53,0.17,0.19,1.23,0.44,0.07,0.44,0.1,35415,18.381849765777588
0.3,0.51,0.17,0.22,1.23,0.47,0.07,0.48,0.1,35726,18.38500165939331
0.29,0.53,0.2,0.23,1.24,0.46,0.06,0.48,0.11,35849,18.385846376419067
0.26,0.55,0.2,0.19,1.24,0.44,0.05,0.49,0.11,35984,18.38984775543213
0.27,0.57,0.21,0.22,1.35,0.45,0.05,0.48,0.11,35989,18.393842935562134
0.27,0.58,0.2,0.17,1.37,0.46,0.04,0.52,0.11,36402,18.3978431224823
0.27,0.57,0.18,0.16,1.43,0.46,0.05,0.55,0.11,36315,18.401483058929443
0.24,0.61,0.21,0.15,1.47,0.47,0.04,0.52,0.11,36516,18.401483058929443
0.21,0.66,0.21,0.11,1.5,0.46,0.03,0.54,0.1,36637,18.40551471710205
0.19,0.62,0.18,0.14,1.56,0.47,0.03,0.56,0.1,36688,18.410564661026
0.23,0.63,0.16,0.16,1.63,0.47,0.04,0.58,0.11,36925,18.413686513900757
0.22,0.6,0.15,0.18,1.67,0.48,0.05,0.61,0.1,37312,18.413686513900757
0.26,0.62,0.14,0.14,1.76,0.47,0.05,0.57,0.11,37525,18.418246746063232
0.26,0.6,0.14,0.18,1.78,0.48,0.04,0.59,0.1,37158,18.422226667404175
0.27,0.57,0.14,0.19,1.86,0.51,0.04,0.61,0.1,37169,18.42551851272583
0.25,0.57,0.13,0.18,1.9,0.51,0.04,0.63,0.1,36426,18.42622661590576
0.24,0.55,0.13,0.18,2.04,0.5,0.04,0.62,0.11,36303,18.42955994606018
0.23,0.57,0.15,0.18,2.07,0.51,0.04,0.63,0.11,36842,18.434677600860596
0.24,0.54,0.14,0.19,2.13,0.51,0.04,0.7,0.1,37231,18.438055992126465
0.28,0.58,0.15,0.2,2.16,0.49,0.06,0.73,0.1,37648,18.438679218292236
0.24,0.58,0.14,0.18,2.23,0.49,0.05,0.7,0.11,37683,18.442518711090088
0.23,0.62,0.13,0.18,2.25,0.46,0.04,0.68,0.12,37840,18.446540594100952
0.25,0.64,0.14,0.18,2.25,0.43,0.05,0.68,0.12,37747,18.45060920715332
0.21,0.61,0.14,0.17,2.37,0.42,0.05,0.64,0.12,37580,18.45060920715332
0.22,0.67,0.16,0.14,2.37,0.42,0.05,0.72,0.12,38211,18.454750776290894
0.26,0.62,0.13,0.16,2.4,0.39,0.05,0.76,0.12,38360,18.458532571792603
0.29,0.62,0.16,0.12,2.41,0.41,0.05,0.78,0.14,38275,18.462562561035156
0.21,0.69,0.13,0.14,2.4,0.43,0.04,0.79,0.13,38544,18.466737985610962
0.21,0.7,0.14,0.13,2.37,0.46,0.04,0.81,0.13,38927,18.46757197380066
0.21,0.71,0.17,0.13,2.33,0.47,0.06,0.87,0.13,38702,18.47059726715088
0.25,0.74,0.15,0.14,2.29,0.46,0.06,0.9,0.12,39011,18.47511339187622
0.28,0.79,0.18,0.13,2.22,0.47,0.07,0.97,0.13,38808,18.478161573410034
0.28,0.79,0.18,0.12,2.21,0.47,0.06,0.99,0.13,38815,18.479165077209473
0.26,0.78,0.15,0.14,2.19,0.47,0.06,1.03,0.13,39162,18.48315453529358
0.31,0.8,0.14,0.15,2.18,0.48,0.07,1.09,0.13,39473,18.48716449737549
0.29,0.86,0.18,0.14,2.15,0.48,0.07,1.08,0.13,39064,18.491039991378784
0.24,0.88,0.16,0.15,2.12,0.48,0.07,1.11,0.13,39407,18.491039991378784
0.3,0.9,0.14,0.16,2.09,0.5,0.08,1.2,0.14,39800,18.49521565437317
0.29,0.95,0.2,0.14,2.01,0.49,0.07,1.25,0.13,39807,18.49930477142334
0.29,0.98,0.17,0.13,1.97,0.49,0.07,1.24,0.13,40110,18.503334283828735
0.22,1.0,0.17,0.15,1.97,0.51,0.07,1.27,0.13,40503,18.504493713378906
0.27,1.01,0.16,0.14,1.96,0.52,0.07,1.28,0.13,40904,18.507493257522583
0.24,1.04,0.14,0.13,1.96,0.51,0.08,1.3,0.12,40823,18.51149582862854
0.23,1.03,0.15,0.13,1.94,0.53,0.09,1.32,0.12,41322,18.51567006111145
0.27,1.04,0.17,0.14,1.92,0.53,0.09,1.31,0.13,42025,18.516661882400513
0.23,1.06,0.13,0.14,1.9,0.54,0.08,1.36,0.12,42108,18.51965308189392
0.22,1.05,0.14,0.13,1.86,0.56,0.08,1.4,0.13,42097,18.52384090423584
0.25,1.06,0.17,0.14,1.87,0.57,0.08,1.39,0.13,42256,18.528253078460693
0.28,1.04,0.2,0.13,1.84,0.59,0.09,1.43,0.12,42471,18.53132915496826
0.26,1.04,0.2,0.15,1.86,0.6,0.1,1.43,0.12,42314,18.53252100944519
0.25,1.02,0.21,0.14,1.84,0.61,0.08,1.46,0.13,42621,18.536401510238647
0.25,1.0,0.23,0.16,1.82,0.61,0.09,1.51,0.13,42600,18.54058575630188
0.24,0.98,0.24,0.15,1.79,0.65,0.08,1.53,0.16,42123,18.54454207420349
0.24,1.0,0.29,0.15,1.82,0.65,0.1,1.57,0.15,42646,18.545276165008545
0.23,0.97,0.3,0.15,1.76,0.69,0.09,1.6,0.16,42557,18.549275875091553
0.26,1.01,0.25,0.17,1.77,0.72,0.11,1.56,0.17,42222,18.55348777770996
0.25,1.01,0.31,0.18,1.74,0.73,0.11,1.63,0.19,42865,18.556844234466553
0.23,1.04,0.33,0.14,1.69,0.77,0.11,1.62,0.22,43436,18.55791187286377
0.25,1.05,0.33,0.15,1.63,0.79,0.11,1.64,0.22,43323,18.56092882156372
0.23,1.09,0.33,0.14,1.64,0.8,0.12,1.63,0.24,43076,18.56531572341919
0.22,1.09,0.33,0.13,1.58,0.81,0.1,1.67,0.25,42847,18.568485260009766
0.24,1.11,0.3,0.16,1.56,0.85,0.13,1.63,0.25,43116,18.5695538520813
0.22,1.11,0.32,0.12,1.56,0.91,0.11,1.7,0.25,42885,18.573554754257202
0.24,1.13,0.35,0.13,1.56,0.94,0.13,1.65,0.26,42668,18.578556537628174
0.25,1.12,0.37,0.16,1.54,0.95,0.12,1.65,0.27,42753,18.581547737121582
0.22,1.17,0.35,0.18,1.51,0.96,0.12,1.61,0.29,43514,18.582534790039062
0.21,1.13,0.37,0.17,1.48,1.0,0.12,1.69,0.26,43173,18.58512783050537
0.21,1.07,0.35,0.2,1.51,1.02,0.13,1.67,0.32,42760,18.590446710586548
0.25,1.05,0.38,0.19,1.49,1.05,0.12,1.67,0.32,42331,18.59380030632019
0.25,1.1,0.42,0.17,1.51,1.07,0.1,1.61,0.37,42096,18.594867944717407
0.21,1.13,0.44,0.17,1.48,1.07,0.11,1.67,0.4,42303,18.598872184753418
0.27,1.11,0.45,0.16,1.44,1.06,0.12,1.68,0.4,42326,18.60201907157898
0.23,1.1,0.43,0.19,1.43,1.1,0.13,1.68,0.36,41949,18.606070041656494
0.26,1.08,0.45,0.21,1.46,1.17,0.12,1.64,0.41,41550,18.610105276107788
0.22,1.06,0.45,0.16,1.44,1.13,0.11,1.69,0.43,41765,18.61105704307556
0.23,1.03,0.45,0.2,1.45,1.18,0.12,1.63,0.42,41480,18.61440348625183
0.23,1.03,0.46,0.21,1.43,1.21,0.13,1.63,0.37,41241,18.618403673171997
0.25,1.04,0.47,0.23,1.42,1.26,0.15,1.6,0.41,41398,18.622499227523804
0.27,1.04,0.47,0.25,1.47,1.3,0.15,1.55,0.37,41173,18.62352705001831
0.26,1.02,0.46,0.27,1.52,1.33,0.16,1.49,0.4,41054,18.62565565109253
0.23,1.02,0.46,0.26,1.52,1.34,0.15,1.49,0.4,41089,18.630837440490723
0.23,0.99,0.46,0.29,1.53,1.38,0.16,1.46,0.44,40368,18.633889198303223
0.22,0.99,0.49,0.3,1.47,1.39,0.15,1.46,0.47,39969,18.634928703308105
0.26,1.0,0.52,0.32,1.5,1.41,0.18,1.47,0.52,39506,18.63922953605652
0.29,0.95,0.5,0.31,1.49,1.44,0.17,1.45,0.53,39595,18.643481731414795
0.26,0.96,0.53,0.35,1.51,1.44,0.17,1.41,0.58,39282,18.64673352241516
0.27,0.95,0.59,0.35,1.49,1.44,0.16,1.37,0.62,38829,18.64773416519165
0.3,0.92,0.62,0.37,1.47,1.42,0.22,1.37,0.67,38670,18.650725841522217
0.33,0.94,0.62,0.39,1.5,1.45,0.22,1.33,0.66,38579,18.655746459960938
0.34,0.93,0.64,0.42,1.51,1.45,0.24,1.38,0.68,38824,18.65930962562561
0.34,0.91,0.62,0.42,1.5,1.46,0.22,1.35,0.7,38677,18.65930962562561
0.37,0.91,0.64,0.42,1.53,1.5,0.25,1.32,0.71,38696,18.66330885887146
0.36,0.9,0.63,0.44,1.5,1.49,0.24,1.26,0.71,38671,18.667309522628784
0.4,0.91,0.64,0.48,1.51,1.52,0.27,1.25,0.73,38592,18.671315908432007
0.4,0.87,0.67,0.5,1.54,1.5,0.28,1.25,0.77,38393,18.672420978546143
0.41,0.89,0.69,0.51,1.53,1.53,0.3,1.24,0.75,38372,18.67530107498169
0.41,0.89,0.71,0.52,1.55,1.56,0.3,1.2,0.77,38767,18.679147481918335
0.39,0.9,0.7,0.54,1.55,1.62,0.31,1.2,0.78,39064,18.683147192001343
0.4,0.88,0.7,0.54,1.56,1.61,0.31,1.24,0.8,38707,18.687167406082153
0.43,0.89,0.7,0.54,1.58,1.6,0.3,1.16,0.81,38666,18.688138484954834
0.42,0.88,0.7,0.51,1.59,1.69,0.29,1.15,0.83,39091,18.692137718200684
0.42,0.83,0.7,0.49,1.64,1.65,0.3,1.15,0.89,39444,18.69596815109253
0.41,0.85,0.76,0.45,1.67,1.67,0.28,1.14,0.89,39117,18.699936389923096
0.41,0.85,0.71,0.46,1.65,1.68,0.27,1.14,0.91,38882,18.700327396392822
0.38,0.84,0.76,0.46,1.67,1.72,0.29,1.13,0.94,39283,18.704495191574097
0.39,0.81,0.79,0.43,1.69,1.72,0.25,1.13,0.89,39398,18.708476305007935
0.4,0.83,0.8,0.41,1.7,1.74,0.25,1.12,0.93,39569,18.712522983551025
0.37,0.8,0.82,0.42,1.71,1.75,0.25,1.13,0.97,39412,18.713476419448853
0.33,0.8,0.84,0.39,1.72,1.8,0.23,1.11,1.01,39599,18.71647620201111
0.32,0.8,0.82,0.37,1.7,1.81,0.22,1.12,1.02,40036,18.72184419631958
0.31,0.81,0.83,0.34,1.74,1.82,0.21,1.12,1.05,40311,18.725248098373413
0.31,0.79,0.81,0.38,1.74,1.82,0.21,1.11,1.07,41038,18.725248098373413
0.26,0.81,0.83,0.33,1.75,1.82,0.16,1.1,1.11,41419,18.72901439666748
0.23,0.83,0.83,0.33,1.78,1.8,0.17,1.07,1.17,41774,18.733180046081543
0.24,0.81,0.82,0.29,1.8,1.78,0.15,1.06,1.21,41761,18.737202644348145
0.23,0.76,0.84,0.3,1.81,1.79,0.16,1.09,1.24,41988,18.73834490776062
0.25,0.79,0.84,0.27,1.78,1.72,0.13,1.13,1.29,42781,18.74116063117981
0.24,0.8,0.88,0.28,1.8,1.72,0.16,1.15,1.29,42284,18.74492335319519
0.22,0.83,0.91,0.3,1.75,1.67,0.16,1.13,1.31,41993,18.749329805374146
0.2,0.84,0.93,0.28,1.76,1.62,0.13,1.14,1.34,42506,18.750394105911255
0.18,0.89,0.99,0.31,1.71,1.6,0.16,1.18,1.34,42825,18.75375509262085
0.19,0.91,0.97,0.32,1.74,1.58,0.16,1.11,1.37,43172,18.757813930511475
0.19,0.92,1.0,0.35,1.75,1.58,0.16,1.1,1.38,43859,18.762296676635742
0.18,0.94,1.04,0.31,1.76,1.57,0.16,1.08,1.38,43824,18.76555871963501
0.24,0.96,1.09,0.28,1.75,1.53,0.14,1.1,1.36,44015,18.766626358032227
0.2,0.96,1.14,0.32,1.73,1.53,0.16,1.15,1.32,44068,18.769611120224
0.21,0.94,1.15,0.33,1.72,1.53,0.13,1.17,1.31,44285,18.774622917175293
0.21,0.96,1.19,0.3,1.69,1.52,0.14,1.19,1.3,44420,18.77791929244995
0.24,0.94,1.2,0.24,1.71,1.51,0.15,1.21,1.27,44649,18.778626918792725
0.27,0.95,1.17,0.25,1.66,1.53,0.14,1.25,1.28,44820,18.782710790634155
0.24,0.97,1.17,0.28,1.65,1.54,0.15,1.31,1.33,44869,18.787346839904785
0.26,0.99,1.12,0.26,1.65,1.58,0.14,1.32,1.33,44986,18.79096031188965
0.25,1.04,1.09,0.27,1.62,1.56,0.12,1.34,1.33,44925,18.79096031188965
0.25,1.06,1.06,0.32,1.62,1.53,0.15,1.31,1.37,45090,18.79478693008423
0.23,1.07,1.03,0.26,1.6,1.56,0.15,1.32,1.37,45737,18.798808574676514
0.23,1.07,1.04,0.26,1.62,1.58,0.13,1.34,1.37,45738,18.802692651748657
0.25,1.07,1.05,0.26,1.57,1.6,0.14,1.33,1.33,45147,18.803752422332764
0.26,1.08,1.08,0.26,1.58,1.58,0.14,1.36,1.34,45616,18.80780577659607
0.25,1.06,1.09,0.31,1.61,1.58,0.13,1.35,1.34,45699,18.811806440353394
0.27,1.05,1.1,0.27,1.59,1.57,0.18,1.34,1.34,45820,18.81580638885498
0.2,1.04,1.09,0.31,1.6,1.57,0.15,1.37,1.34,45973,18.81580638885498
0.25,1.0,1.07,0.33,1.56,1.54,0.15,1.37,1.36,45542,18.819806575775146
0.26,0.98,1.1,0.37,1.57,1.52,0.19,1.42,1.36,46047,18.822807788848877
0.31,0.99,1.13,0.43,1.57,1.53,0.19,1.41,1.34,45950,18.827028036117554
0.31,0.96,1.12,0.48,1.55,1.54,0.23,1.43,1.33,45783,18.827559232711792
0.35,0.95,1.12,0.48,1.54,1.55,0.2,1.45,1.33,46186,18.831242561340332
0.32,0.95,1.14,0.52,1.49,1.58,0.21,1.46,1.28,46549,18.83519458770752
0.34,1.0,1.1,0.57,1.43,1.6,0.24,1.48,1.27,46406,18.83985209465027
0.33,1.04,1.06,0.61,1.41,1.61,0.27,1.48,1.33,46179,18.840839624404907
0.33,1.05,0.96,0.62,1.36,1.66,0.28,1.5,1.28,46064,18.843690633773804
0.37,1.08,0.99,0.68,1.4,1.67,0.31,1.47,1.29,45967,18.848105430603027
0.38,1.07,0.92,0.7,1.37,1.7,0.32,1.51,1.29,45836,18.852166891098022
0.5,1.11,0.94,0.7,1.35,1.7,0.33,1.47,1.26,45857,18.856056928634644
0.52,1.13,0.96,0.76,1.34,1.68,0.32,1.42,1.25,45664,18.857190370559692
0.55,1.11,0.96,0.75,1.33,1.67,0.37,1.43,1.23,45925,18.86023449897766
0.55,1.13,1.01,0.78,1.33,1.67,0.39,1.42,1.25,46160,18.864234447479248
0.61,1.09,0.99,0.8,1.37,1.69,0.41,1.44,1.24,46257,18.868730068206787
0.57,1.11,1.01,0.86,1.35,1.73,0.42,1.39,1.17,45738,18.868730068206787
0.62,1.08,1.04,0.83,1.35,1.67,0.46,1.42,1.16,44965,18.87241792678833
0.65,1.06,1.0,0.85,1.37,1.67,0.48,1.39,1.17,44780,18.876864194869995
0.62,1.02,0.96,0.95,1.4,1.69,0.51,1.41,1.15,44615,18.88118886947632
0.61,0.97,0.94,0.93,1.38,1.7,0.51,1.41,1.19,44360,18.88118886947632
0.66,0.98,0.92,0.95,1.38,1.69,0.56,1.44,1.19,44019,18.884756565093994
0.65,0.96,0.91,0.93,1.36,1.75,0.59,1.45,1.15,44122,18.888702154159546
0.7,0.94,0.86,0.9,1.35,1.73,0.63,1.44,1.14,43897,18.89371657371521
0.71,0.99,0.87,0.96,1.31,1.71,0.64,1.46,1.12,43194,18.89371657371521
0.72,0.97,0.9,1.0,1.35,1.72,0.65,1.43,1.11,43009,18.897716283798218
0.72,0.97,0.87,1.02,1.32,1.72,0.68,1.41,1.15,42396,18.900686740875244
0.72,0.99,0.84,1.0,1.34,1.73,0.77,1.37,1.11,42435,18.905686140060425
0.72,1.01,0.87,1.06,1.39,1.73,0.74,1.35,1.09,42086,18.905686140060425
0.73,0.92,0.87,1.08,1.38,1.73,0.77,1.36,1.08,41947,18.908793687820435
0.74,0.9,0.86,1.09,1.41,1.74,0.82,1.36,1.1,42378,18.91379451751709
0.82,0.9,0.85,1.07,1.41,1.71,0.82,1.29,1.1,41737,18.917152881622314
0.78,0.93,0.83,1.07,1.4,1.73,0.83,1.32,1.12,41716,18.918040990829468
0.79,0.9,0.83,1.12,1.39,1.69,0.85,1.25,1.13,41339,18.9211905002594
0.81,0.89,0.84,1.1,1.43,1.68,0.87,1.23,1.14,40720,18.926174879074097
0.86,0.88,0.81,1.14,1.44,1.69,0.91,1.23,1.15,40663,18.930318593978882
0.83,0.87,0.8,1.19,1.41,1.69,0.91,1.25,1.15,40400,18.933555364608765
0.86,0.89,0.79,1.17,1.4,1.67,0.93,1.27,1.14,40443,18.934297800064087
0.88,0.87,0.8,1.19,1.43,1.69,0.94,1.25,1.16,40556,18.93879008293152
0.88,0.85,0.79,1.17,1.46,1.69,0.94,1.25,1.17,40431,18.94266939163208
0.91,0.88,0.75,1.17,1.48,1.69,0.98,1.2,1.16,40400,18.946805238723755
0.9,0.85,0.77,1.17,1.49,1.72,1.01,1.15,1.15,40041,18.946805238723755
0.92,0.89,0.77,1.19,1.51,1.67,1.01,1.13,1.17,39704,18.950056791305542
0.9,0.9,0.75,1.22,1.5,1.73,0.97,1.09,1.14,39463,18.95454978942871
0.93,0.87,0.76,1.21,1.47,1.71,1.01,1.12,1.15,39472,18.958863019943237
0.96,0.86,0.76,1.23,1.51,1.74,1.0,1.17,1.14,39767,18.959858894348145
0.95,0.85,0.77,1.22,1.53,1.76,1.01,1.15,1.11,39424,18.961862564086914
0.96,0.82,0.73,1.24,1.52,1.78,1.05,1.11,1.08,39413,18.966862440109253
0.98,0.84,0.77,1.21,1.54,1.79,1.02,1.12,1.06,39974,18.97086238861084
0.99,0.8,0.74,1.18,1.57,1.78,1.02,1.12,1.08,40113,18.9718599319458
0.99,0.78,0.71,1.18,1.56,1.82,1.0,1.11,1.1,39888,18.97537064552307
1.04,0.77,0.7,1.16,1.62,1.82,0.99,1.11,1.08,40365,18.978375911712646
1.01,0.76,0.71,1.18,1.6,1.88,1.03,1.11,1.07,40746,18.983426809310913
1.02,0.78,0.72,1.18,1.63,1.87,1.03,1.1,1.08,40765,18.983426809310913
1.04,0.76,0.73,1.17,1.61,1.84,1.04,1.12,1.12,40642,18.986980676651
1.07,0.78,0.74,1.14,1.63,1.81,1.04,1.11,1.13,41043,18.9909725189209
1.07,0.79,0.78,1.15,1.6,1.79,1.05,1.15,1.17,41356,18.99533176422119
1.08,0.78,0.81,1.17,1.61,1.78,1.0,1.15,1.16,41157,18.998941659927368
1.05,0.83,0.79,1.19,1.6,1.79,1.05,1.11,1.13,41220,18.998941659927368
1.06,0.83,0.82,1.19,1.64,1.81,1.09,1.11,1.11,41777,19.003035306930542
1.06,0.8,0.83,1.23,1.68,1.79,1.07,1.13,1.14,41806,19.00704574584961
1.09,0.82,0.86,1.24,1.68,1.76,1.07,1.12,1.13,42027,19.011236906051636
1.08,0.81,0.87,1.21,1.67,1.75,1.12,1.13,1.14,42446,19.011236906051636
1.11,0.81,0.87,1.2,1.7,1.74,1.11,1.12,1.18,42743,19.015235662460327
1.15,0.85,0.85,1.24,1.66,1.76,1.14,1.11,1.2,42710,19.020294189453125
1.16,0.82,0.86,1.23,1.69,1.74,1.17,1.12,1.19,43185,19.023313283920288
1.11,0.82,0.87,1.24,1.68,1.71,1.2,1.16,1.2,43368,19.024317264556885
1.11,0.78,0.86,1.25,1.7,1.71,1.22,1.14,1.22,43653,19.02731704711914
1.17,0.83,0.85,1.28,1.69,1.71,1.23,1.14,1.21,43870,19.03262734413147
1.19,0.83,0.9,1.26,1.65,1.67,1.26,1.14,1.25,43739,19.036468029022217
1.21,0.82,0.88,1.29,1.66,1.68,1.28,1.12,1.25,43750,19.036468029022217
1.15,0.82,0.88,1.3,1.65,1.67,1.3,1.14,1.25,44161,19.040494441986084
1.21,0.81,0.92,1.32,1.62,1.68,1.29,1.16,1.23,44544,19.044400691986084
1.23,0.8,0.93,1.29,1.64,1.64,1.34,1.15,1.24,44919,19.04813504219055
1.17,0.83,0.96,1.3,1.64,1.62,1.3,1.2,1.24,45270,19.04914140701294
1.24,0.83,0.99,1.32,1.6,1.62,1.33,1.25,1.19,45479,19.05241322517395
1.24,0.88,1.01,1.34,1.58,1.6,1.31,1.23,1.19,46086,19.057379484176636
1.24,0.89,1.01,1.34,1.58,1.59,1.34,1.25,1.19,46389,19.061397552490234
1.25,0.88,1.04,1.34,1.58,1.58,1.29,1.3,1.19,46324,19.06473207473755
1.26,0.88,1.02,1.37,1.57,1.61,1.32,1.28,1.16,46421,19.065800189971924
1.25,0.91,1.01,1.35,1.5,1.63,1.38,1.27,1.16,46138,19.06871485710144
1.25,0.91,0.99,1.34,1.49,1.66,1.38,1.28,1.14,46565,19.073744773864746
1.29,0.93,0.98,1.33,1.48,1.64,1.36,1.31,1.15,46858,19.077531814575195
1.33,0.93,0.96,1.37,1.5,1.65,1.34,1.3,1.15,46841,19.077531814575195
1.35,0.94,0.96,1.38,1.49,1.67,1.31,1.29,1.18,47258,19.08165740966797
1.33,0.93,0.94,1.37,1.48,1.66,1.29,1.27,1.18,47013,19.085649013519287
1.35,0.93,0.92,1.42,1.48,1.66,1.26,1.26,1.17,46670,19.088962078094482
1.37,0.93,0.93,1.41,1.46,1.66,1.25,1.28,1.17,47015,19.089664220809937
1.39,0.9,0.88,1.42,1.46,1.65,1.25,1.22,1.23,46986,19.093867778778076
1.39,0.88,0.88,1.4,1.44,1.65,1.25,1.3,1.2,46917,19.098730087280273
1.39,0.9,0.92,1.43,1.4,1.58,1.25,1.33,1.19,47070,19.101938486099243
1.38,0.86,0.9,1.41,1.33,1.59,1.26,1.34,1.18,46925,19.101938486099243
1.35,0.87,0.92,1.41,1.33,1.59,1.28,1.39,1.19,47048,19.106294870376587
1.39,0.92,0.97,1.4,1.31,1.59,1.26,1.38,1.18,47215,19.110277891159058
1.36,0.93,0.96,1.43,1.31,1.6,1.27,1.39,1.17,47100,19.113990783691406
1.37,0.94,0.98,1.42,1.23,1.59,1.25,1.42,1.14,46909,19.11505627632141
1.38,0.97,0.95,1.42,1.22,1.6,1.29,1.4,1.16,47378,19.118223667144775
1.37,0.97,0.93,1.39,1.25,1.64,1.28,1.36,1.11,47749,19.122151613235474
1.34,0.96,0.91,1.39,1.25,1.67,1.31,1.38,1.1,47690,19.127197742462158
1.35,0.99,0.87,1.39,1.22,1.65,1.32,1.41,1.1,47423,19.127197742462158
1.32,1.0,0.85,1.39,1.23,1.66,1.33,1.34,1.12,47270,19.130791425704956
1.29,1.0,0.82,1.42,1.21,1.65,1.31,1.33,1.12,47277,19.134987115859985
1.29,1.0,0.83,1.43,1.22,1.67,1.36,1.29,1.13,47244,19.139184713363647
1.28,0.99,0.81,1.43,1.22,1.68,1.33,1.32,1.1,47193,19.14244556427002
1.27,0.98,0.77,1.45,1.22,1.65,1.36,1.3,1.13,46784,19.14320135116577
1.23,0.96,0.81,1.45,1.18,1.67,1.4,1.27,1.09,46671,19.147785663604736
1.22,0.84,0.8,1.48,1.2,1.67,1.38,1.33,1.07,46968,19.151785612106323
1.25,0.85,0.78,1.47,1.25,1.66,1.41,1.36,1.14,46751,19.1549072265625
1.23,0.83,0.79,1.48,1.23,1.65,1.35,1.36,1.07,46242,19.15578556060791
1.21,0.83,0.79,1.5,1.19,1.69,1.36,1.4,1.08,46281,19.159785509109497
1.22,0.82,0.81,1.48,1.19,1.66,1.33,1.37,1.09,46196,19.16317653656006
1.2,0.86,0.8,1.52,1.19,1.65,1.37,1.31,1.09,46163,19.16711449623108
1.21,0.87,0.77,1.49,1.2,1.64,1.33,1.27,1.09,45972,19.168159008026123
1.23,0.88,0.78,1.48,1.2,1.67,1.37,1.29,1.08,45703,19.171074390411377
1.25,0.86,0.75,1.47,1.27,1.68,1.34,1.27,1.02,45844,19.175176858901978
1.22,0.84,0.74,1.46,1.23,1.67,1.38,1.23,1.01,45525,19.179176568984985
1.21,0.83,0.74,1.48,1.29,1.67,1.4,1.25,1.04,44832,19.179176568984985
1.13,0.8,0.72,1.56,1.31,1.66,1.4,1.22,1.07,44989,19.183467149734497
1.16,0.81,0.7,1.53,1.29,1.67,1.39,1.21,1.08,44262,19.187469482421875
1.13,0.75,0.69,1.53,1.36,1.62,1.38,1.19,1.08,43899,19.192508697509766
1.11,0.7,0.71,1.56,1.38,1.64,1.37,1.17,1.12,44106,19.192508697509766
1.12,0.72,0.7,1.53,1.35,1.63,1.38,1.16,1.1,44411,19.195552349090576
1.11,0.73,0.68,1.49,1.33,1.67,1.41,1.17,1.09,43976,19.200603723526
1.08,0.76,0.7,1.52,1.32,1.64,1.39,1.16,1.09,42981,19.20442271232605
1.07,0.78,0.7,1.52,1.3,1.67,1.41,1.18,1.07,42548,19.20770001411438
1.06,0.79,0.71,1.54,1.32,1.67,1.36,1.17,1.07,42711,19.208529233932495
1.09,0.81,0.69,1.49,1.31,1.71,1.37,1.18,1.02,42898,19.211610317230225
1.11,0.85,0.69,1.47,1.3,1.75,1.41,1.15,1.02,42617,19.216610193252563
1.07,0.83,0.69,1.46,1.33,1.74,1.43,1.14,1.01,43072,19.2201144695282
1.08,0.79,0.69,1.45,1.36,1.73,1.43,1.14,1.02,43299,19.2201144695282
1.06,0.8,0.68,1.42,1.35,1.76,1.42,1.11,1.01,42672,19.224154472351074
1.04,0.76,0.7,1.43,1.37,1.75,1.44,1.15,1.04,42231,19.228795051574707
1.03,0.77,0.7,1.43,1.4,1.76,1.44,1.07,1.02,41922,19.232812643051147
1.04,0.75,0.69,1.41,1.4,1.78,1.42,1.1,1.01,41913,19.233810424804688
1.05,0.77,0.67,1.4,1.41,1.77,1.43,1.09,1.04,41826,19.237118005752563
1.07,0.73,0.65,1.38,1.42,1.8,1.41,1.09,1.07,41793,19.24117350578308
1.05,0.74,0.65,1.4,1.42,1.81,1.39,1.07,1.02,42112,19.244890928268433
1.07,0.71,0.66,1.36,1.46,1.85,1.4,1.07,1.0,42117,19.244890928268433
1.09,0.71,0.63,1.38,1.49,1.85,1.38,1.07,1.03,41886,19.2488853931427
1.05,0.71,0.65,1.37,1.49,1.81,1.37,1.07,1.06,41771,19.25288724899292
1.08,0.69,0.67,1.34,1.52,1.82,1.38,1.1,1.05,41480,19.256887197494507
1.06,0.72,0.67,1.34,1.5,1.83,1.37,1.07,1.05,41359,19.257884979248047
1.05,0.73,0.69,1.31,1.5,1.8,1.38,1.09,1.09,41710,19.26189661026001
1.08,0.73,0.65,1.27,1.5,1.84,1.36,1.13,1.1,41745,19.265889883041382
1.05,0.71,0.67,1.3,1.48,1.84,1.36,1.09,1.07,41764,19.26988458633423
1.06,0.73,0.72,1.32,1.48,1.81,1.32,1.09,1.09,42659,19.26988458633423
1.07,0.74,0.71,1.36,1.51,1.77,1.3,1.06,1.12,42938,19.27393341064453
1.08,0.77,0.73,1.33,1.56,1.77,1.29,1.07,1.12,43139,19.277307271957397
1.11,0.68,0.74,1.3,1.6,1.76,1.26,1.03,1.13,43444,19.282280445098877
1.11,0.69,0.76,1.32,1.62,1.75,1.27,1.06,1.14,42927,19.28554677963257
1.13,0.7,0.78,1.3,1.62,1.73,1.26,1.06,1.13,43144,19.28645920753479
1.12,0.7,0.76,1.3,1.61,1.76,1.27,1.09,1.13,43499,19.290462970733643
1.16,0.7,0.75,1.31,1.63,1.77,1.28,1.11,1.13,43390,19.294463634490967
1.12,0.72,0.73,1.32,1.58,1.75,1.27,1.14,1.21,43765,19.298238277435303
1.08,0.74,0.71,1.34,1.58,1.77,1.29,1.14,1.22,44072,19.298238277435303
1.1,0.73,0.73,1.32,1.55,1.78,1.28,1.16,1.19,43653,19.302592754364014
1.03,0.73,0.74,1.33,1.56,1.76,1.33,1.16,1.21,43966,19.307633638381958
1.05,0.74,0.76,1.35,1.55,1.69,1.33,1.14,1.21,44159,19.310311794281006
1.09,0.73,0.78,1.34,1.54,1.71,1.32,1.15,1.22,44164,19.311370134353638
1.07,0.73,0.8,1.35,1.53,1.71,1.33,1.14,1.21,44591,19.31432843208313
1.1,0.73,0.82,1.36,1.58,1.72,1.33,1.14,1.19,44674,19.319617748260498
1.12,0.74,0.83,1.35,1.56,1.69,1.34,1.18,1.17,44869,19.32286810874939
1.11,0.75,0.89,1.4,1.55,1.68,1.3,1.17,1.17,45062,19.323650360107422
1.13,0.75,0.91,1.36,1.59,1.67,1.36,1.18,1.11,45195,19.3276526927948
1.18,0.77,0.9,1.34,1.55,1.64,1.34,1.16,1.14,45632,19.33134937286377
1.19,0.77,0.93,1.35,1.53,1.67,1.32,1.18,1.1,45999,19.335277795791626
1.18,0.82,0.92,1.35,1.49,1.66,1.35,1.21,1.12,46410,19.33629560470581
1.18,0.81,0.91,1.39,1.52,1.64,1.33,1.22,1.11,46437,19.33976435661316
1.2,0.82,0.91,1.38,1.49,1.65,1.31,1.2,1.1,46046,19.343750476837158
1.17,0.85,0.87,1.41,1.48,1.71,1.33,1.21,1.08,46027,19.34716248512268
1.18,0.88,0.82,1.39,1.45,1.69,1.33,1.26,1.11,46290,19.350650548934937
1.17,0.9,0.84,1.38,1.43,1.67,1.37,1.22,1.11,46789,19.35172939300537
1.2,0.89,0.83,1.39,1.43,1.68,1.36,1.21,1.11,46832,19.356048822402954
1.18,0.86,0.81,1.4,1.44,1.65,1.34,1.18,1.13,46801,19.360084295272827
1.2,0.8,0.83,1.41,1.44,1.64,1.34,1.2,1.17,47188,19.36332106590271
1.22,0.82,0.83,1.41,1.42,1.65,1.31,1.21,1.17,47033,19.36407232284546
1.22,0.78,0.83,1.4,1.4,1.62,1.33,1.25,1.17,47030,19.368048667907715
1.22,0.8,0.86,1.41,1.37,1.62,1.34,1.23,1.17,47579,19.37232518196106
1.22,0.81,0.87,1.42,1.36,1.62,1.31,1.28,1.16,47750,19.375765323638916
1.21,0.82,0.85,1.41,1.3,1.61,1.32,1.29,1.16,47703,19.376529455184937
1.24,0.88,0.87,1.42,1.25,1.6,1.3,1.28,1.14,47854,19.380529642105103
1.24,0.9,0.88,1.41,1.24,1.59,1.31,1.28,1.16,47713,19.384820222854614
1.22,0.9,0.88,1.41,1.21,1.59,1.33,1.26,1.15,48086,19.388145446777344
1.23,0.91,0.87,1.42,1.2,1.62,1.32,1.29,1.13,47997,19.388145446777344
1.21,0.9,0.83,1.43,1.19,1.6,1.31,1.29,1.13,47584,19.392157077789307
1.22,0.92,0.83,1.42,1.19,1.64,1.32,1.3,1.12,48119,19.396156787872314
1.19,0.93,0.77,1.44,1.15,1.7,1.32,1.35,1.11,48030,19.40013360977173
1.2,0.95,0.76,1.44,1.14,1.65,1.33,1.31,1.11,47571,19.40118646621704
1.19,0.94,0.76,1.43,1.14,1.65,1.37,1.32,1.12,48024,19.404449462890625
1.17,0.94,0.69,1.42,1.15,1.62,1.35,1.26,1.12,47855,19.409570693969727
1.14,0.96,0.71,1.41,1.16,1.62,1.39,1.26,1.12,47974,19.413570404052734
1.15,0.9,0.72,1.42,1.16,1.6,1.34,1.26,1.15,47603,19.416870594024658
1.14,0.87,0.72,1.44,1.19,1.62,1.34,1.25,1.1,47790,19.417397022247314
1.12,0.84,0.76,1.44,1.16,1.58,1.36,1.22,1.08,47945,19.420624494552612
1.14,0.81,0.79,1.45,1.15,1.59,1.37,1.25,1.08,47604,19.42560386657715
1.11,0.79,0.77,1.43,1.12,1.61,1.36,1.27,1.05,47633,19.428614139556885
1.08,0.81,0.77,1.43,1.09,1.59,1.34,1.29,1.06,47752,19.42962670326233
1.12,0.8,0.75,1.42,1.1,1.62,1.36,1.28,1.04,47787,19.434031009674072
1.14,0.83,0.73,1.41,1.07,1.61,1.34,1.27,1.04,47924,19.43871283531189
1.09,0.82,0.73,1.43,1.11,1.61,1.35,1.21,1.04,47595,19.44167137145996
1.1,0.82,0.71,1.42,1.09,1.6,1.39,1.25,1.04,47246,19.442728519439697
1.08,0.81,0.75,1.42,1.13,1.6,1.4,1.21,1.03,47005,19.445914030075073
1.07,0.81,0.72,1.42,1.13,1.58,1.38,1.22,1.04,47122,19.45097327232361
1.09,0.75,0.71,1.4,1.15,1.59,1.4,1.22,1.05,46887,19.453978300094604
1.06,0.75,0.7,1.43,1.13,1.57,1.36,1.16,1.08,46374,19.45494508743286
1.08,0.74,0.67,1.46,1.13,1.56,1.32,1.18,1.08,46565,19.45848798751831
1.05,0.74,0.66,1.46,1.08,1.56,1.32,1.12,1.08,46548,19.461902379989624
1.09,0.72,0.65,1.46,1.17,1.56,1.3,1.1,1.07,46363,19.46694254875183
1.06,0.7,0.64,1.46,1.18,1.57,1.29,1.1,1.06,46190,19.46694254875183
1.06,0.66,0.67,1.48,1.2,1.59,1.32,1.08,1.04,46359,19.46995759010315
1.01,0.69,0.64,1.46,1.16,1.58,1.36,1.09,1.04,45556,19.474182605743408
1.03,0.72,0.65,1.46,1.16,1.6,1.35,1.09,1.05,45275,19.478304624557495
1.01,0.73,0.65,1.46,1.11,1.59,1.35,1.1,1.05,45454,19.478304624557495
1.01,0.77,0.64,1.45,1.16,1.63,1.3,1.11,1.04,45273,19.482309818267822
1.05,0.79,0.64,1.42,1.15,1.63,1.3,1.08,1.04,44848,19.48731231689453
1.01,0.78,0.65,1.43,1.18,1.62,1.35,1.05,1.03,44533,19.490302085876465
0.98,0.76,0.64,1.43,1.18,1.62,1.35,1.0,1.01,44446,19.494552612304688
1.01,0.75,0.65,1.41,1.2,1.64,1.3,1.04,1.0,44395,19.494552612304688
1.02,0.72,0.66,1.43,1.24,1.6,1.3,1.02,1.03,44316,19.49892234802246
1.03,0.73,0.65,1.4,1.25,1.6,1.33,1.03,1.04,43901,19.503998279571533
1.04,0.7,0.66,1.37,1.24,1.61,1.33,1.05,1.02,44210,19.507185459136963
1.03,0.75,0.69,1.37,1.24,1.66,1.34,1.07,1.03,44301,19.507996797561646
1.0,0.75,0.67,1.38,1.23,1.67,1.3,1.05,1.04,43596,19.51150417327881
1.03,0.74,0.69,1.38,1.23,1.71,1.32,1.04,1.03,42803,19.51649761199951
1.01,0.73,0.65,1.34,1.27,1.75,1.36,1.04,1.05,41858,19.51982569694519
1.04,0.72,0.65,1.33,1.32,1.73,1.4,1.09,1.04,41045,19.51982569694519
1.04,0.75,0.63,1.32,1.31,1.79,1.42,1.09,1.03,40136,19.52389931678772
1.05,0.71,0.63,1.35,1.38,1.78,1.39,1.11,1.07,39929,19.5285165309906
1.05,0.72,0.65,1.36,1.34,1.77,1.37,1.11,1.06,39882,19.531501054763794
1.05,0.74,0.64,1.36,1.35,1.79,1.36,1.12,1.07,40371,19.53254246711731
1.08,0.73,0.64,1.35,1.32,1.8,1.36,1.14,1.09,40830,19.536335945129395
1.08,0.74,0.66,1.33,1.35,1.81,1.34,1.14,1.07,40949,19.540031671524048
1.07,0.75,0.65,1.33,1.35,1.84,1.36,1.1,1.08,40772,19.54387378692627
1.09,0.75,0.66,1.34,1.36,1.84,1.31,1.07,1.07,40927,19.544958353042603
1.09,0.74,0.68,1.34,1.41,1.82,1.31,1.06,1.07,40826,19.54850697517395
1.08,0.76,0.72,1.32,1.4,1.81,1.29,1.07,1.09,40831,19.552496671676636
1.06,0.75,0.72,1.36,1.43,1.79,1.32,1.08,1.08,41370,19.556483507156372
1.08,0.76,0.71,1.35,1.44,1.81,1.32,1.08,1.11,41307,19.55948781967163
1.05,0.76,0.7,1.37,1.44,1.81,1.3,1.08,1.1,41186,19.560487985610962
1.08,0.76,0.71,1.35,1.48,1.82,1.28,1.1,1.12,41001,19.564392566680908
1.05,0.8,0.71,1.39,1.46,1.77,1.27,1.1,1.15,40672,19.56882071495056
1.05,0.81,0.68,1.38,1.47,1.82,1.28,1.06,1.14,40637,19.571841955184937
1.04,0.82,0.69,1.39,1.44,1.79,1.27,1.07,1.17,40632,19.57282781600952
1.03,0.84,0.71,1.44,1.45,1.74,1.29,1.04,1.19,41123,19.576876640319824
1.04,0.84,0.68,1.43,1.46,1.73,1.31,1.02,1.19,41186,19.58062744140625
1.04,0.86,0.69,1.44,1.44,1.75,1.3,1.03,1.21,41221,19.584848165512085
1.02,0.83,0.71,1.4,1.43,1.75,1.31,1.08,1.2,41600,19.58588433265686
1.05,0.78,0.73,1.41,1.44,1.72,1.32,1.1,1.17,41921,19.589884757995605
1.06,0.79,0.78,1.42,1.46,1.74,1.32,1.15,1.13,42264,19.593856811523438
1.06,0.77,0.78,1.44,1.45,1.74,1.34,1.14,1.09,41777,19.59742569923401
1.02,0.74,0.83,1.45,1.46,1.67,1.35,1.18,1.12,42020,19.59742569923401
1.02,0.78,0.86,1.45,1.48,1.7,1.38,1.14,1.11,42539,19.601825714111328
1.03,0.82,0.88,1.46,1.42,1.7,1.36,1.15,1.08,42814,19.605860948562622
1.05,0.82,0.88,1.45,1.43,1.65,1.36,1.15,1.1,42861,19.609859943389893
1.06,0.85,0.87,1.46,1.4,1.67,1.36,1.18,1.11,43284,19.609859943389893
1.09,0.86,0.83,1.48,1.38,1.7,1.34,1.22,1.12,43123,19.6138596534729
1.08,0.85,0.82,1.47,1.37,1.69,1.35,1.18,1.11,42974,19.617862462997437
1.06,0.88,0.79,1.49,1.39,1.69,1.37,1.17,1.11,43305,19.621944904327393
1.05,0.82,0.76,1.5,1.43,1.7,1.38,1.17,1.14,43972,19.625871658325195
1.07,0.8,0.8,1.51,1.41,1.7,1.37,1.19,1.16,43327,19.626893281936646
1.08,0.79,0.79,1.51,1.37,1.67,1.33,1.19,1.14,42950,19.629912614822388
1.08,0.81,0.78,1.51,1.36,1.67,1.35,1.21,1.17,43423,19.63391137123108
1.09,0.79,0.77,1.53,1.34,1.67,1.33,1.2,1.18,43440,19.63791799545288
1.09,0.79,0.81,1.53,1.32,1.64,1.36,1.24,1.15,43277,19.63892412185669
1.1,0.82,0.81,1.54,1.28,1.65,1.32,1.23,1.13,43154,19.64245295524597
1.1,0.83,0.82,1.52,1.3,1.62,1.33,1.26,1.14,43285,19.647505044937134
1.12,0.83,0.86,1.53,1.27,1.6,1.31,1.23,1.11,43958,19.65052819252014
1.12,0.86,0.88,1.51,1.25,1.6,1.33,1.21,1.09,44607,19.65052819252014
1.13,0.85,0.88,1.5,1.2,1.57,1.32,1.24,1.14,44642,19.654924869537354
1.17,0.88,0.85,1.49,1.18,1.57,1.32,1.23,1.15,44679,19.658830165863037
1.15,0.88,0.83,1.5,1.2,1.58,1.32,1.24,1.16,44490,19.662090063095093
1.13,0.89,0.83,1.54,1.21,1.61,1.32,1.28,1.11,44371,19.663092851638794
1.12,0.91,0.77,1.52,1.19,1.61,1.34,1.28,1.12,44088,19.66608738899231
1.1,0.91,0.75,1.55,1.19,1.61,1.33,1.26,1.14,44435,19.671268463134766
1.07,0.92,0.72,1.54,1.15,1.62,1.34,1.24,1.12,44112,19.674313068389893
1.07,0.94,0.69,1.53,1.13,1.66,1.4,1.27,1.11,44225,19.675491333007812
1.1,0.88,0.72,1.5,1.13,1.64,1.37,1.27,1.1,44322,19.679495096206665
1.09,0.84,0.72,1.5,1.16,1.61,1.36,1.25,1.1,44743,19.683522939682007
1.12,0.83,0.74,1.5,1.13,1.63,1.36,1.24,1.07,44532,19.687270879745483
1.11,0.78,0.72,1.48,1.13,1.62,1.34,1.25,1.03,44347,19.688310146331787
1.14,0.78,0.75,1.49,1.13,1.6,1.37,1.26,1.05,44130,19.691386222839355
1.17,0.78,0.73,1.48,1.14,1.6,1.34,1.26,1.03,43763,19.69563913345337
1.11,0.79,0.76,1.46,1.12,1.57,1.37,1.25,1.06,44146,19.69964575767517
1.1,0.83,0.72,1.47,1.05,1.58,1.38,1.18,1.06,43793,19.70374584197998
1.1,0.85,0.73,1.47,1.05,1.6,1.34,1.16,1.03,43824,19.7046480178833
1.05,0.84,0.72,1.46,1.08,1.61,1.38,1.14,1.01,43521,19.70780634880066
1.08,0.82,0.68,1.48,1.05,1.64,1.37,1.16,1.01,43526,19.71198058128357
1.08,0.81,0.7,1.5,1.08,1.62,1.38,1.19,1.0,43523,19.716126441955566
1.06,0.77,0.67,1.48,1.09,1.61,1.33,1.15,1.04,43744,19.716126441955566
1.05,0.78,0.68,1.48,1.09,1.6,1.36,1.12,0.97,43803,19.720120429992676
1.05,0.79,0.67,1.53,1.1,1.6,1.33,1.13,1.01,43792,19.724889039993286
1.07,0.75,0.65,1.54,1.07,1.6,1.3,1.13,0.98,43367,19.727858304977417
1.07,0.74,0.65,1.53,1.09,1.58,1.32,1.05,1.0,43410,19.727858304977417
1.05,0.69,0.64,1.5,1.09,1.58,1.34,1.07,0.99,43251,19.73215341567993
1.03,0.71,0.66,1.52,1.05,1.57,1.34,1.08,0.97,42916,19.737155199050903
1.04,0.74,0.64,1.49,1.08,1.56,1.33,1.08,1.01,42791,19.74121880531311
1.05,0.7,0.64,1.5,1.09,1.56,1.28,1.05,0.98,42744,19.74121880531311
1.03,0.72,0.65,1.46,1.08,1.55,1.32,1.06,0.98,42465,19.745038747787476
1.02,0.78,0.64,1.5,1.05,1.55,1.33,1.07,0.97,42806,19.749058723449707
0.98,0.81,0.65,1.47,1.05,1.57,1.34,1.02,0.99,42957,19.753028869628906
0.96,0.8,0.64,1.48,1.06,1.58,1.34,1.04,0.98,42560,19.754037618637085
0.95,0.8,0.64,1.5,1.05,1.57,1.34,1.02,0.96,42013,19.757028102874756
0.93,0.81,0.65,1.48,1.08,1.59,1.35,1.0,0.94,41974,19.760661602020264
0.95,0.82,0.63,1.45,1.1,1.59,1.34,0.97,0.97,41931,19.765281677246094
0.97,0.78,0.64,1.46,1.1,1.59,1.36,1.0,0.97,41860,19.7663516998291
0.94,0.76,0.63,1.43,1.1,1.58,1.37,0.99,0.98,41749,19.769495487213135
0.95,0.73,0.64,1.42,1.17,1.6,1.35,1.02,0.96,41326,19.773356676101685
0.98,0.76,0.66,1.42,1.17,1.6,1.31,1.04,0.98,40983,19.777398109436035
1.0,0.75,0.66,1.42,1.17,1.64,1.31,1.02,0.93,40962,19.781013250350952
0.99,0.73,0.65,1.43,1.18,1.64,1.3,0.97,1.0,40839,19.78203248977661
0.97,0.72,0.65,1.41,1.19,1.61,1.32,0.97,0.98,40662,19.786110639572144
0.98,0.73,0.65,1.39,1.18,1.62,1.31,0.99,1.02,40207,19.79068374633789
0.96,0.74,0.66,1.4,1.18,1.65,1.31,0.99,1.03,40258,19.79367184638977
1.0,0.77,0.64,1.36,1.18,1.67,1.35,1.04,1.02,39825,19.794682025909424
1.01,0.75,0.64,1.36,1.21,1.7,1.38,1.06,1.06,38570,19.798266172409058
1.01,0.76,0.66,1.38,1.25,1.69,1.39,1.09,1.06,37565,19.8024959564209
1.04,0.75,0.65,1.36,1.26,1.73,1.38,1.1,1.06,37984,19.806164026260376
1.03,0.77,0.64,1.36,1.27,1.73,1.36,1.08,1.06,37757,19.80721664428711
1.04,0.78,0.62,1.33,1.27,1.75,1.36,1.09,1.1,37590,19.811214685440063
1.04,0.78,0.64,1.35,1.26,1.76,1.37,1.08,1.08,38185,19.81415557861328
1.0,0.81,0.64,1.39,1.25,1.76,1.38,1.05,1.06,37770,19.818458795547485
1.02,0.75,0.68,1.37,1.32,1.73,1.34,1.0,1.09,37943,19.81931161880493
1.03,0.75,0.68,1.35,1.29,1.75,1.36,1.03,1.08,37936,19.82332754135132
1.02,0.8,0.68,1.35,1.33,1.71,1.35,1.04,1.1,38161,19.827348470687866
1.0,0.78,0.7,1.37,1.33,1.73,1.33,1.05,1.09,38070,19.83088254928589
0.98,0.81,0.67,1.41,1.36,1.74,1.34,1.07,1.08,38291,19.83088254928589
0.98,0.78,0.65,1.42,1.35,1.74,1.32,1.06,1.09,38482,19.834990739822388
0.99,0.8,0.64,1.45,1.35,1.74,1.33,1.08,1.12,38415,19.838576078414917
0.96,0.81,0.63,1.44,1.35,1.74,1.32,1.07,1.13,37786,19.843159914016724
0.98,0.83,0.62,1.45,1.33,1.74,1.3,1.06,1.14,37427,19.844130754470825
1.02,0.83,0.66,1.46,1.36,1.73,1.3,1.01,1.11,38442,19.84673547744751
1.03,0.82,0.69,1.46,1.34,1.72,1.3,1.03,1.11,38517,19.85073494911194
0.99,0.82,0.72,1.49,1.34,1.71,1.32,1.07,1.09,38368,19.855735301971436
0.99,0.82,0.76,1.5,1.36,1.69,1.32,1.09,1.09,38307,19.855735301971436
0.98,0.77,0.79,1.51,1.34,1.68,1.3,1.06,1.09,38258,19.859735250473022
1.0,0.78,0.78,1.48,1.39,1.69,1.33,1.06,1.09,38505,19.864439249038696
1.01,0.82,0.81,1.46,1.41,1.65,1.34,1.08,1.07,39116,19.867438316345215
1.03,0.79,0.83,1.46,1.39,1.64,1.37,1.08,1.1,39323,19.871509790420532
1.03,0.8,0.84,1.43,1.37,1.63,1.37,1.11,1.07,39252,19.872469663619995
1.01,0.83,0.86,1.47,1.37,1.65,1.39,1.16,1.07,39589,19.87618660926819
1.06,0.84,0.85,1.42,1.36,1.64,1.36,1.16,1.09,39396,19.88041353225708
1.08,0.85,0.83,1.45,1.37,1.66,1.36,1.16,1.11,39587,19.884297609329224
1.08,0.87,0.81,1.45,1.35,1.66,1.35,1.21,1.09,40168,19.884297609329224
1.06,0.85,0.8,1.45,1.36,1.64,1.38,1.21,1.14,40037,19.88830256462097
1.06,0.87,0.76,1.46,1.34,1.64,1.38,1.17,1.14,40238,19.89232301712036
1.06,0.84,0.78,1.47,1.35,1.63,1.37,1.15,1.15,40221,19.89629817008972
1.08,0.79,0.76,1.44,1.36,1.62,1.4,1.15,1.16,40112,19.897291898727417
1.07,0.79,0.8,1.47,1.32,1.61,1.35,1.16,1.15,40181,19.90090298652649
1.06,0.8,0.8,1.5,1.3,1.62,1.34,1.16,1.15,40384,19.905555486679077
1.05,0.78,0.78,1.52,1.31,1.61,1.33,1.21,1.17,40809,19.90837025642395
1.09,0.81,0.8,1.53,1.27,1.59,1.32,1.27,1.17,40596,19.909419059753418
1.1,0.81,0.81,1.49,1.25,1.58,1.35,1.26,1.16,40359,19.912404775619507
1.1,0.79,0.8,1.5,1.24,1.58,1.36,1.26,1.17,40556,19.917407989501953
1.1,0.79,0.81,1.5,1.24,1.58,1.34,1.27,1.16,41079,19.92140769958496
1.13,0.84,0.83,1.49,1.22,1.55,1.35,1.26,1.15,40852,19.92140769958496
1.11,0.85,0.83,1.51,1.21,1.55,1.31,1.29,1.08,40815,19.92470622062683
1.11,0.86,0.82,1.52,1.2,1.57,1.34,1.28,1.09,40670,19.928698301315308
1.06,0.87,0.78,1.53,1.18,1.59,1.34,1.29,1.09,41317,19.932966232299805
1.06,0.87,0.75,1.53,1.15,1.6,1.37,1.28,1.07,41842,19.933995485305786
1.07,0.88,0.73,1.52,1.15,1.59,1.38,1.32,1.09,41521,19.93699860572815
1.04,0.88,0.71,1.55,1.12,1.59,1.39,1.27,1.08,41154,19.941308975219727
1.06,0.9,0.67,1.53,1.12,1.59,1.39,1.25,1.11,41115,19.94536566734314
1.08,0.9,0.66,1.53,1.09,1.57,1.38,1.21,1.1,41386,19.948493003845215
1.11,0.84,0.68,1.49,1.11,1.59,1.38,1.24,1.08,41631,19.949617385864258
1.08,0.81,0.68,1.5,1.11,1.6,1.38,1.25,1.06,41778,19.953493118286133
1.09,0.77,0.7,1.47,1.09,1.58,1.37,1.25,1.01,41461,19.95849299430847
1.13,0.75,0.69,1.45,1.1,1.62,1.37,1.23,0.99,41158,19.96145725250244
1.14,0.76,0.71,1.46,1.1,1.58,1.36,1.25,1.0,41089,19.96145725250244
1.11,0.78,0.69,1.47,1.1,1.59,1.34,1.26,0.98,41474,19.96685552597046
1.08,0.79,0.7,1.51,1.08,1.6,1.32,1.24,0.97,41181,19.970060348510742
1.06,0.81,0.71,1.5,1.08,1.6,1.36,1.2,0.96,40784,19.974499702453613
1.06,0.8,0.69,1.5,1.11,1.59,1.31,1.21,1.0,40795,19.974499702453613
1.09,0.78,0.66,1.48,1.1,1.57,1.34,1.14,0.99,40886,19.97784948348999
1.04,0.79,0.66,1.5,1.09,1.59,1.34,1.16,0.97,40995,19.982532739639282
1.08,0.77,0.68,1.46,1.08,1.55,1.35,1.12,1.0,41126,19.98660111427307
1.05,0.79,0.65,1.48,1.07,1.55,1.36,1.12,0.97,40765,19.987587451934814
1.01,0.78,0.65,1.47,1.06,1.55,1.35,1.1,0.96,40776,19.99133563041687
1.06,0.78,0.66,1.46,1.08,1.54,1.34,1.05,0.96,41265,19.99426507949829
1.07,0.77,0.64,1.45,1.03,1.53,1.31,1.05,0.97,40598,19.999308347702026
1.08,0.75,0.65,1.45,1.04,1.5,1.29,1.04,0.97,40373,19.999308347702026
1.06,0.72,0.63,1.47,1.09,1.51,1.33,1.02,0.96,40604,20.003329277038574
1.05,0.73,0.64,1.47,1.02,1.48,1.31,1.02,0.98,40229,20.00732922554016
1.04,0.71,0.62,1.47,0.98,1.51,1.34,0.97,0.97,40364,20.011784553527832
1.03,0.72,0.61,1.47,1.02,1.52,1.35,0.97,0.95,40009,20.011784553527832
0.96,0.71,0.62,1.48,1.02,1.51,1.36,1.01,0.94,39800,20.015480995178223
0.97,0.73,0.62,1.47,1.04,1.5,1.36,0.95,0.92,39915,20.01907706260681
0.94,0.75,0.64,1.49,0.99,1.54,1.36,0.95,0.92,39874,20.02311420440674
0.95,0.74,0.62,1.47,0.98,1.55,1.38,0.92,0.91,39819,20.0268657207489
0.94,0.75,0.61,1.45,0.97,1.54,1.37,0.92,0.92,39462,20.027910709381104
0.91,0.76,0.6,1.45,0.96,1.54,1.37,0.91,0.94,39163,20.031936645507812
0.93,0.75,0.6,1.45,0.97,1.56,1.35,0.91,0.92,39264,20.035935878753662
0.94,0.72,0.57,1.41,0.98,1.53,1.36,0.92,0.94,39279,20.03993582725525
0.98,0.7,0.59,1.42,0.99,1.53,1.36,0.87,0.95,39316,20.040935039520264
0.97,0.7,0.6,1.4,0.98,1.56,1.31,0.87,0.92,39169,20.04393744468689
0.98,0.71,0.62,1.38,0.98,1.55,1.35,0.85,0.94,38918,20.04794454574585
0.95,0.66,0.62,1.38,0.99,1.55,1.37,0.83,0.96,38901,20.051769495010376
0.97,0.66,0.62,1.37,0.99,1.56,1.36,0.85,0.94,38368,20.052807331085205
0.95,0.66,0.62,1.38,1.04,1.57,1.35,0.83,0.96,38383,20.05580472946167
0.96,0.69,0.62,1.37,0.98,1.56,1.37,0.83,1.0,38316,20.05984401702881
0.94,0.7,0.62,1.36,1.0,1.57,1.31,0.84,1.02,37679,20.06480598449707
0.96,0.74,0.65,1.36,1.02,1.59,1.39,0.86,1.04,36746,20.06480598449707
0.97,0.73,0.66,1.35,1.04,1.61,1.41,0.87,1.01,35705,20.069079399108887
1.0,0.75,0.67,1.36,1.04,1.65,1.41,0.87,1.04,35406,20.072080850601196
1.0,0.78,0.68,1.37,1.02,1.65,1.37,0.88,1.06,35297,20.07632088661194
1.01,0.79,0.67,1.36,0.98,1.62,1.37,0.86,1.08,34986,20.077359914779663
1.0,0.82,0.67,1.39,0.97,1.65,1.36,0.79,1.08,34869,20.0809485912323
1.02,0.8,0.68,1.38,0.93,1.64,1.32,0.81,1.09,34848,20.084947109222412
1.04,0.78,0.69,1.36,0.94,1.66,1.3,0.75,1.09,35079,20.088801860809326
1.06,0.8,0.7,1.37,0.91,1.67,1.33,0.73,1.07,34966,20.092803478240967
1.01,0.74,0.7,1.4,0.9,1.66,1.31,0.76,1.11,34743,20.092803478240967
1.04,0.78,0.71,1.34,0.9,1.65,1.31,0.76,1.11,34814,20.097853660583496
1.02,0.75,0.67,1.38,0.91,1.66,1.28,0.71,1.14,34825,20.10222601890564
1.02,0.71,0.68,1.37,0.89,1.68,1.32,0.7,1.1,34942,20.104878902435303
1.02,0.71,0.68,1.35,0.88,1.68,1.33,0.71,1.12,34571,20.105948448181152
0.98,0.72,0.67,1.41,0.9,1.72,1.33,0.7,1.13,34508,20.109716653823853
0.98,0.69,0.65,1.4,0.88,1.71,1.36,0.71,1.12,34975,20.114023685455322
0.97,0.7,0.67,1.4,0.87,1.69,1.34,0.68,1.12,34982,20.117013216018677
0.97,0.71,0.69,1.41,0.85,1.69,1.35,0.7,1.13,34535,20.11805009841919
0.95,0.73,0.68,1.42,0.84,1.69,1.36,0.69,1.13,34536,20.12201690673828
0.99,0.71,0.71,1.45,0.8,1.68,1.35,0.71,1.13,35269,20.126023530960083
0.97,0.76,0.76,1.45,0.78,1.68,1.35,0.71,1.12,35416,20.130345821380615
0.97,0.74,0.79,1.43,0.73,1.69,1.39,0.7,1.12,35149,20.130345821380615
1.01,0.75,0.77,1.43,0.78,1.7,1.37,0.7,1.1,35440,20.13437056541443
1.03,0.74,0.79,1.44,0.77,1.66,1.34,0.66,1.06,35341,20.138949632644653
1.02,0.72,0.84,1.45,0.75,1.64,1.36,0.68,1.11,35544,20.142868518829346
1.04,0.75,0.82,1.46,0.82,1.65,1.32,0.64,1.07,35519,20.142868518829346
1.03,0.74,0.81,1.48,0.77,1.66,1.36,0.65,1.08,35414,20.14696168899536
1.04,0.72,0.8,1.45,0.76,1.66,1.38,0.7,1.08,36179,20.150233030319214
1.07,0.69,0.77,1.45,0.74,1.67,1.35,0.62,1.09,36192,20.155497074127197
1.05,0.69,0.76,1.45,0.71,1.64,1.4,0.62,1.1,36121,20.157813549041748
1.06,0.66,0.76,1.45,0.72,1.65,1.41,0.61,1.11,35916,20.158880710601807
1.04,0.69,0.76,1.45,0.73,1.67,1.4,0.58,1.1,35983,20.16234564781189
1.05,0.67,0.76,1.44,0.77,1.64,1.41,0.62,1.08,36478,20.167213439941406
1.06,0.68,0.78,1.46,0.76,1.63,1.41,0.59,1.1,36497,20.170198678970337
1.04,0.69,0.78,1.46,0.73,1.64,1.39,0.58,1.08,36398,20.170198678970337
1.08,0.7,0.78,1.47,0.73,1.62,1.39,0.61,1.08,36413,20.175198793411255
1.08,0.7,0.81,1.48,0.71,1.62,1.36,0.61,1.07,36280,20.179202556610107
1.1,0.67,0.8,1.48,0.69,1.6,1.33,0.61,1.07,36483,20.182739973068237
1.1,0.69,0.81,1.48,0.69,1.58,1.33,0.59,1.09,36956,20.18377661705017
1.11,0.69,0.83,1.5,0.72,1.57,1.34,0.6,1.07,37067,20.186882495880127
1.13,0.63,0.84,1.5,0.65,1.56,1.31,0.57,1.05,37104,20.191882371902466
1.12,0.64,0.83,1.49,0.67,1.56,1.34,0.57,1.03,37517,20.195013999938965
1.11,0.63,0.78,1.46,0.68,1.61,1.36,0.59,1.02,37110,20.195013999938965
1.09,0.62,0.72,1.5,0.66,1.67,1.36,0.55,1.0,37045,20.199065685272217
1.1,0.65,0.7,1.48,0.65,1.68,1.4,0.58,0.97,37246,20.203104496002197
1.06,0.62,0.65,1.5,0.7,1.68,1.4,0.57,1.01,36891,20.208581924438477
1.07,0.6,0.65,1.51,0.71,1.66,1.4,0.56,1.03,37180,20.208581924438477
1.05,0.6,0.68,1.51,0.7,1.66,1.38,0.62,1.01,37411,20.21159267425537
1.09,0.59,0.64,1.49,0.71,1.65,1.39,0.63,1.03,37696,20.21660041809082
1.08,0.62,0.62,1.44,0.68,1.64,1.39,0.62,0.96,37635,20.220600366592407
1.08,0.61,0.66,1.48,0.69,1.64,1.37,0.62,0.9,36950,20.220600366592407
1.1,0.65,0.65,1.46,0.68,1.62,1.35,0.61,0.89,37417,20.224724769592285
1.12,0.64,0.67,1.49,0.7,1.62,1.36,0.63,0.87,37406,20.227837085723877
1.1,0.62,0.67,1.48,0.7,1.59,1.35,0.55,0.85,37423,20.232919692993164
1.13,0.61,0.68,1.44,0.7,1.58,1.36,0.57,0.86,37532,20.236194849014282
1.1,0.62,0.65,1.44,0.71,1.58,1.37,0.53,0.88,37033,20.236926794052124
1.07,0.61,0.67,1.45,0.68,1.61,1.37,0.52,0.82,37268,20.24092698097229
1.07,0.55,0.66,1.47,0.69,1.54,1.38,0.5,0.9,36887,20.244765996932983
1.09,0.6,0.62,1.41,0.69,1.53,1.38,0.52,0.86,36750,20.248096227645874
1.06,0.58,0.62,1.45,0.71,1.53,1.38,0.53,0.83,37049,20.2487735748291
1.06,0.6,0.61,1.46,0.7,1.53,1.34,0.5,0.83,36992,20.25311779975891
1.09,0.58,0.59,1.42,0.65,1.5,1.36,0.51,0.88,37211,20.257956743240356
1.09,0.58,0.58,1.42,0.67,1.48,1.37,0.47,0.88,37168,20.26095700263977
1.08,0.58,0.55,1.42,0.67,1.46,1.37,0.5,0.88,36983,20.261934280395508
1.1,0.62,0.56,1.41,0.68,1.46,1.37,0.48,0.86,36804,20.264922857284546
1.08,0.62,0.56,1.44,0.69,1.44,1.34,0.52,0.89,37269,20.269954919815063
1.06,0.62,0.54,1.44,0.72,1.44,1.32,0.52,0.84,37136,20.273515701293945
1.1,0.64,0.56,1.43,0.71,1.41,1.32,0.54,0.86,36873,20.273515701293945
1.01,0.62,0.56,1.46,0.69,1.41,1.32,0.5,0.85,37118,20.277697324752808
1.0,0.62,0.54,1.46,0.71,1.37,1.31,0.47,0.85,37427,20.281334161758423
0.97,0.62,0.52,1.46,0.71,1.41,1.36,0.48,0.8,36810,20.285457372665405
0.98,0.64,0.48,1.44,0.7,1.43,1.33,0.43,0.8,36475,20.28653049468994
0.97,0.62,0.47,1.42,0.68,1.46,1.36,0.47,0.77,36644,20.28952145576477
0.96,0.63,0.45,1.37,0.66,1.47,1.36,0.44,0.76,36249,20.29464888572693
0.97,0.58,0.47,1.37,0.75,1.43,1.36,0.44,0.74,35718,20.29764723777771
0.98,0.58,0.45,1.38,0.73,1.45,1.34,0.44,0.75,36005,20.300858974456787
1.0,0.6,0.45,1.37,0.73,1.42,1.34,0.48,0.75,36276,20.302133560180664
1.0,0.62,0.45,1.36,0.73,1.42,1.35,0.5,0.72,35677,20.305878400802612
0.99,0.63,0.45,1.38,0.75,1.43,1.3,0.49,0.72,35152,20.31010890007019
1.0,0.65,0.44,1.33,0.69,1.46,1.31,0.48,0.67,35249,20.31409978866577
1.03,0.61,0.43,1.34,0.73,1.48,1.31,0.48,0.65,35154,20.314878940582275
0.99,0.62,0.42,1.31,0.7,1.48,1.33,0.45,0.66,35089,20.318093299865723
0.98,0.61,0.42,1.33,0.7,1.46,1.31,0.45,0.65,34848,20.322344303131104
0.99,0.58,0.4,1.32,0.67,1.46,1.3,0.52,0.66,34809,20.325873374938965
1.03,0.55,0.43,1.31,0.7,1.47,1.32,0.49,0.66,34604,20.32716464996338
1.03,0.57,0.45,1.32,0.67,1.45,1.33,0.44,0.67,34225,20.330117225646973
1.01,0.58,0.47,1.3,0.71,1.45,1.35,0.46,0.67,32902,20.334228038787842
1.04,0.58,0.44,1.32,0.71,1.46,1.38,0.48,0.69,31951,20.338447093963623
1.04,0.62,0.46,1.37,0.73,1.44,1.39,0.51,0.69,31428,20.338447093963623
1.07,0.58,0.43,1.34,0.77,1.46,1.39,0.5,0.7,30951,20.342650413513184
1.09,0.59,0.42,1.34,0.76,1.44,1.35,0.54,0.7,31326,20.346976041793823
1.08,0.6,0.44,1.38,0.76,1.45,1.36,0.53,0.69,31103,20.350999355316162
1.07,0.64,0.43,1.35,0.8,1.43,1.38,0.52,0.69,30860,20.351974964141846
1.06,0.64,0.45,1.36,0.78,1.44,1.37,0.54,0.67,30981,20.35576844215393
1.04,0.64,0.45,1.37,0.78,1.43,1.33,0.53,0.63,31262,20.359428644180298
1.05,0.65,0.42,1.36,0.78,1.43,1.34,0.53,0.61,31289,20.363529443740845
1.04,0.63,0.4,1.38,0.78,1.42,1.34,0.53,0.62,30910,20.366811513900757
1.08,0.65,0.39,1.37,0.8,1.43,1.32,0.54,0.58,30579,20.36752963066101
1.07,0.63,0.38,1.38,0.81,1.39,1.32,0.53,0.58,30348,20.371646881103516
1.03,0.62,0.39,1.41,0.81,1.37,1.32,0.55,0.55,30567,20.37664818763733
1.04,0.64,0.41,1.42,0.8,1.38,1.31,0.54,0.53,30474,20.379218101501465
1.05,0.62,0.38,1.43,0.83,1.4,1.3,0.54,0.54,30493,20.379218101501465
1.07,0.63,0.38,1.44,0.82,1.37,1.36,0.54,0.55,30810,20.38397741317749
1.05,0.62,0.37,1.41,0.81,1.38,1.36,0.54,0.53,31001,20.388070344924927
1.05,0.61,0.35,1.45,0.82,1.37,1.36,0.53,0.48,31324,20.391831636428833
1.04,0.62,0.34,1.44,0.81,1.36,1.41,0.52,0.52,31587,20.392614364624023
1.07,0.62,0.32,1.43,0.8,1.36,1.41,0.49,0.52,30926,20.396141290664673
1.07,0.61,0.31,1.44,0.79,1.37,1.39,0.49,0.48,30311,20.400152444839478
1.09,0.62,0.34,1.43,0.82,1.34,1.41,0.52,0.44,31040,20.404154300689697
1.05,0.61,0.3,1.41,0.81,1.33,1.41,0.51,0.44,31031,20.405150413513184
1.09,0.6,0.31,1.41,0.8,1.32,1.4,0.49,0.39,30964,20.40869140625
1.09,0.62,0.35,1.42,0.77,1.31,1.4,0.48,0.43,31069,20.413137435913086
1.11,0.63,0.36,1.44,0.78,1.31,1.38,0.48,0.45,31528,20.416641235351562
1.08,0.6,0.37,1.46,0.77,1.28,1.39,0.49,0.44,31797,20.41748070716858
1.09,0.6,0.36,1.46,0.78,1.29,1.39,0.47,0.43,31284,20.420572757720947
1.09,0.62,0.36,1.45,0.79,1.29,1.42,0.47,0.41,31253,20.42575454711914
1.1,0.62,0.35,1.45,0.76,1.3,1.39,0.48,0.38,31540,20.428852319717407
1.09,0.63,0.33,1.46,0.76,1.3,1.38,0.49,0.34,31389,20.429863452911377
1.11,0.63,0.31,1.43,0.78,1.29,1.42,0.48,0.42,31528,20.432886838912964
1.11,0.6,0.31,1.43,0.78,1.3,1.43,0.48,0.38,31443,20.43788433074951
1.14,0.62,0.34,1.43,0.77,1.26,1.41,0.48,0.37,32188,20.441209077835083
1.11,0.62,0.33,1.45,0.78,1.28,1.38,0.47,0.34,32293,20.444097757339478
1.14,0.62,0.32,1.48,0.79,1.27,1.38,0.46,0.34,31932,20.44511866569519
1.16,0.63,0.33,1.46,0.78,1.27,1.36,0.46,0.33,32119,20.44894289970398
1.15,0.58,0.33,1.46,0.76,1.28,1.36,0.46,0.33,32444,20.453646659851074
1.16,0.6,0.33,1.47,0.77,1.26,1.31,0.44,0.39,31989,20.456719160079956
1.17,0.58,0.34,1.51,0.78,1.25,1.29,0.47,0.41,32038,20.457691192626953
1.14,0.6,0.33,1.48,0.77,1.23,1.32,0.48,0.4,32103,20.46097755432129
1.13,0.62,0.33,1.5,0.75,1.24,1.34,0.45,0.41,32468,20.466251134872437
1.13,0.62,0.32,1.49,0.75,1.22,1.32,0.48,0.41,32489,20.46961808204651
1.1,0.62,0.36,1.49,0.76,1.2,1.35,0.46,0.41,32422,20.470319986343384
1.09,0.59,0.34,1.48,0.75,1.21,1.36,0.46,0.41,32719,20.47334575653076
1.12,0.59,0.37,1.47,0.74,1.19,1.38,0.44,0.4,32808,20.478994131088257
1.12,0.62,0.32,1.45,0.74,1.19,1.38,0.46,0.4,32883,20.48197293281555
1.13,0.61,0.34,1.44,0.74,1.19,1.36,0.46,0.39,32732,20.482981204986572
1.14,0.61,0.32,1.4,0.75,1.16,1.37,0.44,0.39,32695,20.486668586730957
1.15,0.62,0.31,1.37,0.73,1.19,1.35,0.44,0.4,32822,20.489832401275635
1.15,0.62,0.31,1.39,0.69,1.17,1.32,0.44,0.38,33387,20.493923664093018
1.15,0.61,0.34,1.41,0.74,1.16,1.34,0.46,0.37,33548,20.493923664093018
1.13,0.62,0.35,1.4,0.7,1.15,1.32,0.47,0.36,33453,20.497968196868896
1.15,0.64,0.37,1.39,0.71,1.14,1.32,0.45,0.38,33494,20.502190828323364
1.1,0.62,0.34,1.42,0.73,1.16,1.3,0.49,0.37,33583,20.506293058395386
1.09,0.62,0.37,1.42,0.68,1.14,1.32,0.48,0.36,33366,20.51023030281067
1.12,0.61,0.36,1.42,0.75,1.14,1.29,0.48,0.34,33617,20.51119089126587
1.07,0.62,0.37,1.38,0.73,1.13,1.31,0.46,0.36,33918,20.514750003814697
1.09,0.61,0.36,1.35,0.73,1.13,1.3,0.48,0.35,33883,20.51887583732605
1.05,0.61,0.37,1.38,0.71,1.13,1.3,0.51,0.32,34022,20.523021936416626
1.01,0.59,0.38,1.41,0.74,1.13,1.28,0.49,0.34,33333,20.523021936416626
1.01,0.6,0.36,1.37,0.74,1.13,1.26,0.49,0.33,33068,20.527993202209473
1.02,0.61,0.36,1.36,0.72,1.11,1.27,0.5,0.34,33675,20.53095006942749
1.03,0.62,0.35,1.34,0.73,1.11,1.25,0.48,0.28,33252,20.53498649597168
1.01,0.61,0.33,1.38,0.73,1.11,1.21,0.48,0.25,33773,20.53599190711975
0.97,0.6,0.35,1.38,0.75,1.12,1.19,0.46,0.25,33666,20.538982391357422
0.95,0.59,0.33,1.42,0.75,1.11,1.15,0.46,0.24,33765,20.543399810791016
0.92,0.62,0.32,1.38,0.74,1.11,1.12,0.46,0.27,33958,20.54774045944214
0.93,0.61,0.34,1.35,0.71,1.12,1.18,0.48,0.25,33511,20.54774045944214
0.91,0.61,0.36,1.34,0.74,1.11,1.18,0.47,0.22,33564,20.551971673965454
0.9,0.58,0.32,1.32,0.7,1.1,1.17,0.45,0.24,33401,20.555943965911865
0.91,0.6,0.33,1.28,0.7,1.11,1.12,0.48,0.21,33366,20.559590816497803
0.86,0.61,0.31,1.26,0.72,1.1,1.2,0.49,0.25,33533,20.560627698898315
0.84,0.6,0.32,1.22,0.75,1.09,1.15,0.46,0.23,33342,20.563623428344727
0.82,0.62,0.34,1.21,0.73,1.1,1.14,0.47,0.26,32897,20.568624258041382
0.84,0.61,0.33,1.17,0.72,1.07,1.15,0.47,0.26,32462,20.57162380218506
0.84,0.61,0.33,1.13,0.68,1.08,1.14,0.48,0.27,32237,20.575752019882202
0.84,0.61,0.35,1.12,0.69,1.08,1.13,0.5,0.25,32270,20.575752019882202
0.8,0.6,0.35,1.11,0.72,1.06,1.06,0.48,0.27,32577,20.57999014854431
0.78,0.6,0.36,1.14,0.69,1.06,1.07,0.49,0.26,32394,20.584041833877563
0.77,0.59,0.36,1.13,0.7,1.05,1.03,0.46,0.29,32227,20.588042497634888
0.76,0.57,0.4,1.16,0.7,1.03,1.04,0.43,0.3,31780,20.589043855667114
0.77,0.54,0.37,1.12,0.64,1.06,1.09,0.37,0.26,31333,20.593042373657227
0.82,0.58,0.35,1.13,0.67,1.07,1.17,0.39,0.23,30438,20.596358060836792
0.82,0.58,0.36,1.14,0.67,1.05,1.2,0.42,0.25,28813,20.600494384765625
0.83,0.59,0.36,1.19,0.68,1.04,1.16,0.42,0.27,28512,20.601370811462402
0.85,0.57,0.35,1.12,0.69,1.06,1.15,0.42,0.25,27837,20.60521125793457
0.86,0.56,0.34,1.11,0.67,1.06,1.16,0.44,0.23,27108,20.6092267036438
0.84,0.59,0.34,1.12,0.67,1.06,1.13,0.46,0.24,27139,20.61325740814209
0.83,0.56,0.34,1.1,0.67,1.06,1.06,0.44,0.21,27550,20.61325740814209
0.8,0.6,0.33,1.08,0.67,1.05,1.08,0.45,0.22,27587,20.61723256111145
0.81,0.58,0.34,1.06,0.72,1.06,1.08,0.44,0.23,27370,20.62136673927307
0.74,0.6,0.33,1.08,0.7,1.05,1.04,0.45,0.24,27141,20.625441074371338
0.76,0.59,0.3,1.05,0.67,1.06,0.97,0.45,0.24,27050,20.625441074371338
0.78,0.61,0.33,1.03,0.67,1.05,1.0,0.44,0.23,27191,20.62932562828064
0.76,0.59,0.32,1.02,0.65,1.07,0.99,0.46,0.25,27004,20.633955240249634
0.78,0.6,0.32,1.0,0.64,1.07,0.96,0.43,0.25,26703,20.637662410736084
0.75,0.59,0.31,1.0,0.66,1.07,0.97,0.47,0.24,26286,20.637662410736084
0.73,0.56,0.33,0.98,0.66,1.07,0.96,0.46,0.27,25723,20.64180326461792
0.75,0.59,0.31,0.98,0.65,1.06,0.96,0.46,0.26,26294,20.646326303482056
0.78,0.58,0.31,0.93,0.7,1.08,0.94,0.46,0.23,26551,20.65032720565796
0.77,0.57,0.32,0.96,0.7,1.07,0.9,0.43,0.25,26654,20.653326511383057
0.78,0.58,0.34,0.92,0.71,1.07,0.88,0.45,0.25,26345,20.654327392578125
0.8,0.59,0.34,0.94,0.68,1.06,0.87,0.46,0.26,26388,20.658483028411865
0.77,0.59,0.31,0.93,0.71,1.07,0.85,0.44,0.26,26469,20.66236186027527
0.73,0.6,0.35,0.95,0.71,1.05,0.82,0.45,0.26,26900,20.665361642837524
0.72,0.62,0.31,0.95,0.7,1.07,0.81,0.44,0.26,26525,20.666361808776855
0.7,0.64,0.31,0.95,0.73,1.07,0.78,0.44,0.26,26806,20.670357942581177
0.74,0.61,0.33,0.9,0.72,1.05,0.78,0.43,0.27,26475,20.674364805221558
0.77,0.62,0.31,0.88,0.71,1.05,0.72,0.45,0.26,26302,20.678465604782104
0.74,0.63,0.31,0.89,0.72,1.07,0.7,0.44,0.24,26423,20.678465604782104
0.74,0.61,0.35,0.84,0.73,1.06,0.71,0.45,0.23,26694,20.683400630950928
0.72,0.6,0.35,0.85,0.72,1.06,0.69,0.44,0.24,26927,20.687713623046875
0.74,0.61,0.32,0.84,0.73,1.06,0.67,0.44,0.23,26770,20.690913677215576
0.76,0.62,0.33,0.8,0.72,1.06,0.68,0.45,0.23,26851,20.691688060760498
0.72,0.62,0.34,0.79,0.71,1.06,0.64,0.48,0.21,26726,20.69502329826355
0.72,0.62,0.34,0.8,0.72,1.05,0.62,0.46,0.22,26577,20.700079679489136
0.73,0.63,0.33,0.78,0.74,1.05,0.63,0.48,0.23,26944,20.703250646591187
0.71,0.62,0.33,0.75,0.72,1.04,0.62,0.46,0.23,26637,20.70430564880371
0.69,0.63,0.31,0.73,0.72,1.04,0.62,0.46,0.24,26470,20.707324504852295
0.69,0.6,0.34,0.67,0.71,1.04,0.58,0.44,0.24,26927,20.71237802505493
0.66,0.63,0.33,0.66,0.71,1.05,0.57,0.45,0.23,26746,20.715442657470703
0.64,0.61,0.33,0.69,0.74,1.03,0.59,0.44,0.23,27447,20.718810081481934
0.65,0.59,0.33,0.7,0.73,1.05,0.54,0.45,0.22,27430,20.719871044158936
0.66,0.59,0.31,0.63,0.73,1.06,0.53,0.45,0.2,27223,20.723865509033203
0.63,0.58,0.32,0.65,0.74,1.07,0.53,0.45,0.22,27116,20.727859020233154
0.67,0.6,0.31,0.62,0.74,1.05,0.53,0.42,0.2,26977,20.7319278717041
0.65,0.62,0.32,0.63,0.74,1.05,0.5,0.43,0.21,27196,20.732909440994263
0.67,0.61,0.31,0.61,0.74,1.03,0.5,0.43,0.22,27157,20.736423015594482
0.64,0.62,0.32,0.58,0.75,1.04,0.5,0.44,0.21,26994,20.740264177322388
0.69,0.61,0.31,0.53,0.75,1.04,0.48,0.45,0.21,27145,20.743570566177368
0.65,0.6,0.34,0.54,0.76,1.02,0.47,0.46,0.21,27152,20.743570566177368
0.64,0.59,0.33,0.54,0.77,1.03,0.47,0.44,0.21,27329,20.748201608657837
0.59,0.61,0.31,0.56,0.75,1.04,0.49,0.44,0.21,27768,20.75220513343811
0.61,0.59,0.29,0.53,0.76,1.03,0.47,0.42,0.2,27895,20.756205081939697
0.59,0.61,0.33,0.57,0.76,1.03,0.5,0.44,0.2,28222,20.75720524787903
0.62,0.62,0.33,0.55,0.76,1.02,0.48,0.45,0.2,28099,20.76020622253418
0.65,0.62,0.31,0.54,0.76,1.03,0.47,0.44,0.21,28216,20.764374256134033
0.64,0.61,0.32,0.56,0.76,1.03,0.47,0.42,0.21,28161,20.768433809280396
0.64,0.62,0.32,0.56,0.76,1.03,0.46,0.44,0.21,28268,20.769477367401123
0.62,0.6,0.33,0.52,0.77,1.03,0.46,0.41,0.21,28011,20.77297306060791
0.65,0.62,0.35,0.51,0.78,1.03,0.47,0.42,0.21,28264,20.77777338027954
0.64,0.61,0.36,0.54,0.78,1.03,0.47,0.43,0.21,28631,20.780922174453735
0.6,0.6,0.34,0.54,0.78,1.03,0.45,0.43,0.2,28612,20.78192400932312
0.63,0.59,0.34,0.48,0.78,1.04,0.49,0.43,0.2,29043,20.78493070602417
0.62,0.6,0.36,0.49,0.77,1.04,0.48,0.42,0.21,29054,20.788928031921387
0.6,0.61,0.36,0.53,0.78,1.04,0.48,0.45,0.2,28561,20.79402208328247
0.58,0.61,0.33,0.54,0.78,1.05,0.49,0.43,0.19,29262,20.79704523086548
0.6,0.61,0.34,0.49,0.78,1.05,0.47,0.44,0.2,29029,20.798076152801514
0.59,0.6,0.34,0.5,0.77,1.06,0.43,0.44,0.19,29228,20.801156520843506
0.6,0.62,0.33,0.52,0.77,1.05,0.46,0.44,0.19,29429,20.80524706840515
0.6,0.58,0.33,0.52,0.76,1.04,0.47,0.43,0.19,28786,20.809343814849854
0.64,0.6,0.33,0.52,0.76,1.04,0.47,0.42,0.19,29511,20.809343814849854
0.61,0.6,0.35,0.54,0.76,1.03,0.49,0.41,0.19,29426,20.81434416770935
0.61,0.61,0.34,0.55,0.75,1.03,0.46,0.42,0.21,29335,20.818344116210938
0.58,0.61,0.32,0.57,0.75,1.02,0.47,0.43,0.2,29340,20.82188844680786
0.6,0.6,0.33,0.53,0.74,1.04,0.45,0.42,0.2,29385,20.82292103767395
0.58,0.59,0.33,0.56,0.78,1.03,0.46,0.42,0.2,29154,20.826911449432373
0.56,0.59,0.32,0.56,0.77,1.04,0.44,0.43,0.19,29035,20.830206155776978
0.53,0.62,0.3,0.57,0.75,1.03,0.41,0.39,0.19,29188,20.833996772766113
0.57,0.63,0.32,0.55,0.74,1.02,0.4,0.45,0.18,29229,20.835042238235474
0.54,0.58,0.31,0.55,0.75,1.02,0.39,0.41,0.18,28842,20.838595867156982
0.52,0.6,0.33,0.53,0.77,0.99,0.36,0.39,0.18,29021,20.84306788444519
0.54,0.61,0.32,0.55,0.69,0.99,0.34,0.39,0.17,28706,20.846894025802612
0.48,0.62,0.32,0.52,0.65,0.97,0.3,0.37,0.17,28213,20.847871780395508
0.41,0.59,0.32,0.43,0.64,0.92,0.2,0.32,0.16,28234,20.85086965560913
0.28,0.6,0.28,0.4,0.56,0.79,0.16,0.1,0.12,27487,20.85486888885498
0.4,0.54,0.26,0.48,0.57,0.87,0.22,0.28,0.16,26770,20.8585946559906
0.4,0.55,0.28,0.51,0.62,0.88,0.21,0.25,0.16,23997,20.859622716903687
0.4,0.55,0.27,0.52,0.61,0.89,0.24,0.28,0.16,22166,20.862895488739014
0.37,0.58,0.26,0.54,0.63,0.9,0.24,0.29,0.16,22115,20.866942167282104
0.39,0.55,0.29,0.49,0.64,0.9,0.24,0.3,0.16,22166,20.871559143066406
0.39,0.55,0.29,0.52,0.63,0.9,0.23,0.33,0.17,22547,20.872571229934692
0.44,0.58,0.29,0.49,0.64,0.9,0.25,0.32,0.17,22602,20.875592708587646
0.42,0.58,0.27,0.49,0.63,0.89,0.23,0.33,0.15,22423,20.879600048065186
0.39,0.6,0.27,0.5,0.64,0.89,0.24,0.35,0.15,22290,20.88401961326599
0.39,0.58,0.31,0.48,0.61,0.87,0.2,0.32,0.16,21963,20.887245893478394
0.37,0.58,0.29,0.5,0.64,0.9,0.21,0.36,0.16,21622,20.888314962387085
0.38,0.59,0.28,0.49,0.64,0.91,0.21,0.37,0.16,21587,20.892295360565186
0.38,0.58,0.26,0.48,0.66,0.91,0.21,0.34,0.15,21922,20.89634370803833
0.39,0.58,0.29,0.49,0.65,0.9,0.21,0.34,0.14,21423,20.89993691444397
0.37,0.59,0.3,0.49,0.65,0.9,0.2,0.36,0.14,21342,20.90089225769043
0.38,0.58,0.29,0.45,0.65,0.91,0.19,0.35,0.15,21685,20.90390157699585
0.34,0.59,0.27,0.47,0.67,0.9,0.19,0.33,0.13,21134,20.90799045562744
0.37,0.58,0.27,0.49,0.66,0.91,0.14,0.32,0.12,20929,20.911957025527954
0.38,0.58,0.29,0.48,0.65,0.89,0.14,0.36,0.12,21728,20.911957025527954
0.33,0.59,0.28,0.46,0.68,0.91,0.14,0.34,0.13,21979,20.916138887405396
0.39,0.59,0.31,0.43,0.68,0.9,0.14,0.34,0.14,21180,20.92110514640808
0.38,0.58,0.29,0.45,0.67,0.9,0.15,0.32,0.13,20915,20.925105333328247
0.36,0.59,0.28,0.42,0.67,0.9,0.15,0.37,0.13,20766,20.925105333328247
0.37,0.57,0.27,0.42,0.68,0.89,0.15,0.33,0.13,20903,20.928396940231323
0.4,0.61,0.28,0.42,0.66,0.9,0.14,0.36,0.13,21024,20.933621168136597
0.39,0.58,0.28,0.42,0.68,0.89,0.15,0.37,0.13,20687,20.936461925506592
0.38,0.58,0.28,0.4,0.7,0.9,0.15,0.33,0.13,20902,20.93747091293335
0.36,0.58,0.29,0.39,0.69,0.91,0.15,0.37,0.13,21019,20.940435886383057
0.4,0.57,0.3,0.4,0.68,0.9,0.16,0.36,0.13,20412,20.94505023956299
0.41,0.62,0.29,0.37,0.67,0.89,0.17,0.36,0.14,19971,20.94970393180847
0.38,0.6,0.3,0.38,0.66,0.89,0.15,0.36,0.14,20092,20.94970393180847
0.38,0.61,0.29,0.38,0.63,0.89,0.13,0.36,0.13,20031,20.953275680541992
0.38,0.62,0.3,0.35,0.64,0.89,0.11,0.34,0.14,20206,20.95676612854004
0.35,0.63,0.28,0.34,0.64,0.9,0.12,0.33,0.13,20297,20.960689544677734
0.37,0.61,0.3,0.36,0.63,0.88,0.11,0.32,0.12,20076,20.96479845046997
0.39,0.59,0.3,0.33,0.63,0.88,0.1,0.29,0.13,19835,20.96586275100708
0.36,0.6,0.3,0.34,0.63,0.88,0.12,0.31,0.12,19594,20.969862937927246
0.4,0.62,0.29,0.32,0.68,0.88,0.12,0.33,0.13,19773,20.97350287437439
0.39,0.6,0.3,0.35,0.64,0.89,0.12,0.33,0.13,20436,20.977498054504395
0.38,0.63,0.3,0.33,0.64,0.87,0.1,0.31,0.13,20039,20.977498054504395
0.4,0.58,0.31,0.32,0.65,0.85,0.12,0.29,0.13,19448,20.981501817703247
0.39,0.59,0.3,0.33,0.66,0.85,0.11,0.34,0.13,19471,20.986546516418457
0.41,0.6,0.29,0.34,0.64,0.83,0.1,0.36,0.13,19670,20.98964023590088
0.41,0.6,0.31,0.34,0.65,0.85,0.1,0.36,0.13,19575,20.990671157836914
0.42,0.58,0.31,0.34,0.65,0.85,0.11,0.37,0.12,20308,20.993671655654907
0.43,0.61,0.3,0.33,0.65,0.84,0.1,0.36,0.13,20303,20.997965097427368
0.41,0.59,0.3,0.35,0.66,0.86,0.1,0.4,0.12,19864,21.001870155334473
0.41,0.6,0.3,0.36,0.67,0.86,0.11,0.39,0.13,19583,21.0028715133667
0.41,0.61,0.31,0.36,0.66,0.86,0.11,0.38,0.12,19604,21.00687026977539
0.38,0.63,0.31,0.36,0.65,0.86,0.11,0.38,0.13,20169,21.01011633872986
0.38,0.62,0.31,0.36,0.64,0.86,0.11,0.38,0.13,20484,21.015450954437256
0.37,0.62,0.3,0.37,0.66,0.86,0.1,0.38,0.13,19981,21.015450954437256
0.38,0.63,0.31,0.37,0.64,0.85,0.08,0.35,0.12,19776,21.018799304962158
0.41,0.64,0.31,0.38,0.65,0.85,0.09,0.39,0.12,19571,21.02280902862549
0.39,0.64,0.31,0.38,0.65,0.84,0.12,0.39,0.13,19226,21.02723979949951
0.39,0.64,0.31,0.38,0.65,0.84,0.11,0.39,0.12,19497,21.02723979949951
0.4,0.64,0.31,0.37,0.65,0.83,0.1,0.39,0.12,19860,21.0315158367157
0.41,0.65,0.31,0.37,0.65,0.84,0.08,0.38,0.12,19737,21.035536289215088
0.42,0.64,0.31,0.38,0.65,0.83,0.08,0.4,0.12,19886,21.03971028327942
0.42,0.64,0.3,0.39,0.64,0.83,0.08,0.39,0.12,19917,21.043177604675293
0.43,0.64,0.3,0.39,0.64,0.83,0.09,0.4,0.11,19764,21.043177604675293
0.43,0.65,0.31,0.39,0.64,0.84,0.08,0.37,0.11,19605,21.04787302017212
0.43,0.64,0.3,0.4,0.65,0.84,0.1,0.39,0.11,19834,21.051902770996094
0.45,0.64,0.31,0.4,0.62,0.83,0.1,0.4,0.11,19967,21.055476903915405
0.46,0.64,0.32,0.41,0.65,0.83,0.1,0.4,0.11,19908,21.056545734405518
0.46,0.63,0.31,0.41,0.64,0.83,0.1,0.39,0.12,19927,21.059391975402832
0.45,0.63,0.3,0.42,0.64,0.84,0.1,0.41,0.11,20420,21.0642032623291
0.43,0.63,0.3,0.4,0.65,0.83,0.1,0.41,0.11,20011,21.067866563796997
0.45,0.62,0.32,0.41,0.66,0.83,0.1,0.38,0.12,19362,21.068896293640137
0.44,0.64,0.33,0.41,0.67,0.84,0.1,0.42,0.12,19603,21.072896718978882
0.44,0.64,0.32,0.42,0.68,0.84,0.09,0.42,0.12,19860,21.075867176055908
0.43,0.63,0.33,0.41,0.68,0.83,0.1,0.41,0.12,19721,21.080862045288086
0.45,0.65,0.31,0.42,0.69,0.84,0.09,0.42,0.11,19852,21.080974817276
0.44,0.64,0.29,0.4,0.69,0.83,0.09,0.42,0.11,19725,21.08420443534851
0.45,0.63,0.31,0.39,0.69,0.83,0.07,0.39,0.11,20170,21.088348627090454
0.44,0.63,0.31,0.38,0.68,0.82,0.07,0.39,0.1,19851,21.092450380325317
0.44,0.63,0.3,0.4,0.67,0.83,0.06,0.38,0.1,19698,21.09343123435974
0.43,0.64,0.31,0.38,0.65,0.82,0.07,0.36,0.1,19787,21.096450567245483
0.43,0.64,0.32,0.39,0.67,0.83,0.06,0.37,0.1,19738,21.101447105407715
0.41,0.63,0.31,0.36,0.65,0.81,0.06,0.32,0.11,19851,21.105450868606567
0.36,0.65,0.33,0.37,0.65,0.82,0.06,0.32,0.11,20024,21.105450868606567
0.37,0.65,0.31,0.38,0.64,0.81,0.06,0.31,0.1,19551,21.10843062400818
0.37,0.64,0.31,0.38,0.66,0.8,0.06,0.32,0.11,18964,21.112509727478027
0.35,0.63,0.31,0.31,0.63,0.77,0.05,0.34,0.1,19175,21.117810010910034
0.37,0.62,0.32,0.35,0.62,0.78,0.06,0.3,0.1,19046,21.12102484703064
0.36,0.65,0.33,0.34,0.63,0.78,0.06,0.31,0.11,18489,21.122081518173218
0.36,0.65,0.34,0.33,0.63,0.79,0.06,0.35,0.11,18360,21.126077890396118
0.38,0.63,0.35,0.33,0.64,0.78,0.06,0.35,0.1,18581,21.13009762763977
0.38,0.65,0.34,0.32,0.65,0.79,0.05,0.36,0.11,18836,21.1332528591156
0.38,0.64,0.35,0.33,0.65,0.79,0.05,0.34,0.1,19369,21.134121894836426
0.4,0.65,0.34,0.34,0.65,0.8,0.06,0.37,0.11,18730,21.138121604919434
0.42,0.65,0.34,0.36,0.62,0.8,0.06,0.36,0.1,18437,21.142590284347534
0.42,0.64,0.34,0.37,0.63,0.8,0.06,0.36,0.1,18688,21.145431995391846
0.41,0.64,0.35,0.36,0.64,0.79,0.05,0.38,0.11,18643,21.14645767211914
0.39,0.63,0.34,0.37,0.65,0.81,0.05,0.36,0.1,18476,21.149932384490967
0.42,0.64,0.35,0.38,0.65,0.82,0.06,0.39,0.11,18715,21.153934717178345
0.43,0.66,0.34,0.39,0.66,0.82,0.06,0.38,0.11,18960,21.158060550689697
0.41,0.66,0.33,0.39,0.66,0.82,0.05,0.39,0.1,18939,21.15911841392517
0.42,0.65,0.34,0.39,0.64,0.8,0.06,0.36,0.11,18900,21.162408590316772
0.42,0.67,0.35,0.39,0.67,0.81,0.06,0.4,0.11,18665,21.16640853881836
0.42,0.68,0.36,0.4,0.66,0.8,0.06,0.39,0.11,18238,21.170387744903564
0.44,0.67,0.35,0.4,0.64,0.81,0.05,0.38,0.11,18555,21.170387744903564
0.44,0.67,0.35,0.4,0.66,0.82,0.05,0.36,0.1,18746,21.174408674240112
0.44,0.65,0.35,0.4,0.66,0.82,0.05,0.37,0.11,18665,21.17873477935791
0.43,0.66,0.36,0.4,0.64,0.81,0.05,0.39,0.1,18586,21.182981252670288
0.43,0.67,0.34,0.41,0.65,0.81,0.05,0.37,0.1,18459,21.186463832855225
0.41,0.67,0.35,0.39,0.66,0.8,0.07,0.38,0.11,18238,21.187517404556274
0.44,0.67,0.35,0.39,0.67,0.81,0.07,0.38,0.11,18415,21.19049906730652
0.45,0.68,0.34,0.39,0.68,0.81,0.06,0.38,0.11,18986,21.1945059299469
0.44,0.69,0.35,0.4,0.68,0.82,0.07,0.39,0.1,18915,21.19785976409912
0.43,0.67,0.33,0.4,0.66,0.82,0.06,0.38,0.11,18728,21.198880195617676
0.42,0.66,0.35,0.4,0.65,0.82,0.06,0.39,0.11,18713,21.202880382537842
0.43,0.65,0.35,0.41,0.66,0.82,0.06,0.38,0.11,18564,21.206996202468872
0.46,0.66,0.34,0.41,0.67,0.82,0.07,0.38,0.11,18785,21.210846662521362
0.44,0.67,0.36,0.41,0.68,0.83,0.06,0.39,0.11,19140,21.210846662521362
0.45,0.66,0.36,0.41,0.68,0.83,0.07,0.39,0.11,19165,21.21501898765564
0.43,0.66,0.36,0.41,0.69,0.82,0.07,0.39,0.11,18708,21.21922779083252
0.43,0.65,0.37,0.43,0.69,0.82,0.06,0.4,0.11,18605,21.223400831222534
0.43,0.64,0.36,0.43,0.7,0.82,0.07,0.38,0.11,18652,21.224430561065674
0.43,0.65,0.33,0.42,0.69,0.83,0.07,0.39,0.11,18753,21.22744369506836
0.45,0.66,0.34,0.42,0.68,0.83,0.07,0.4,0.11,19154,21.23193359375
0.43,0.66,0.33,0.42,0.69,0.83,0.07,0.39,0.11,19309,21.23593306541443
0.45,0.66,0.34,0.43,0.68,0.83,0.07,0.4,0.11,18880,21.23593306541443
0.46,0.65,0.33,0.42,0.69,0.83,0.07,0.4,0.11,18507,21.239933013916016
0.45,0.65,0.32,0.42,0.7,0.83,0.07,0.4,0.1,18668,21.243253231048584
0.46,0.65,0.33,0.41,0.71,0.83,0.07,0.41,0.11,18849,21.24777913093567
0.45,0.65,0.33,0.41,0.71,0.83,0.06,0.39,0.11,18586,21.251803398132324
0.44,0.66,0.35,0.42,0.71,0.83,0.07,0.39,0.11,18489,21.25200390815735
0.46,0.67,0.34,0.42,0.7,0.83,0.07,0.4,0.11,18802,21.255767583847046
0.47,0.67,0.35,0.42,0.7,0.83,0.07,0.39,0.11,18855,21.260025024414062
0.48,0.67,0.35,0.42,0.72,0.84,0.07,0.39,0.11,18962,21.264024019241333
0.5,0.67,0.34,0.41,0.69,0.84,0.07,0.39,0.11,18857,21.265024423599243
0.48,0.67,0.35,0.42,0.7,0.84,0.07,0.39,0.11,18796,21.26802396774292
0.47,0.65,0.34,0.42,0.7,0.84,0.07,0.4,0.11,18901,21.273024082183838
0.47,0.66,0.34,0.43,0.72,0.84,0.06,0.4,0.11,18916,21.276077270507812
0.47,0.66,0.34,0.44,0.72,0.84,0.07,0.4,0.11,18687,21.2771053314209
0.46,0.66,0.34,0.44,0.73,0.84,0.07,0.41,0.11,18712,21.280345916748047
0.46,0.68,0.33,0.44,0.71,0.84,0.07,0.4,0.11,18851,21.285212993621826
0.47,0.68,0.32,0.45,0.72,0.84,0.07,0.41,0.11,18416,21.28821349143982
0.44,0.67,0.32,0.45,0.73,0.84,0.07,0.41,0.1,18853,21.289213180541992
0.46,0.68,0.32,0.44,0.73,0.84,0.07,0.41,0.11,19042,21.292210578918457
0.48,0.7,0.33,0.44,0.73,0.84,0.07,0.4,0.11,18963,21.297512531280518
0.49,0.68,0.33,0.45,0.71,0.84,0.07,0.42,0.11,19134,21.30083990097046
0.48,0.7,0.33,0.43,0.71,0.84,0.07,0.41,0.11,19189,21.301881313323975
0.5,0.69,0.34,0.43,0.72,0.84,0.07,0.41,0.11,19024,21.305919647216797
0.5,0.69,0.33,0.45,0.72,0.84,0.07,0.42,0.11,18635,21.309489488601685
0.48,0.68,0.34,0.44,0.72,0.85,0.07,0.42,0.11,18792,21.31375217437744
0.48,0.67,0.34,0.44,0.74,0.84,0.07,0.39,0.11,19097,21.31375217437744
0.5,0.68,0.31,0.46,0.73,0.84,0.07,0.42,0.11,18734,21.317375421524048
0.49,0.68,0.33,0.44,0.73,0.84,0.07,0.4,0.11,18869,21.321577787399292
0.49,0.68,0.34,0.45,0.73,0.83,0.07,0.39,0.11,18752,21.325865983963013
0.49,0.68,0.35,0.46,0.73,0.83,0.07,0.41,0.12,18635,21.32969856262207
0.47,0.68,0.35,0.45,0.73,0.84,0.07,0.42,0.11,18944,21.330742597579956
0.49,0.68,0.37,0.46,0.74,0.84,0.07,0.42,0.11,18731,21.333980798721313
0.5,0.68,0.36,0.45,0.73,0.83,0.07,0.41,0.11,18510,21.33914279937744
0.5,0.69,0.36,0.45,0.72,0.84,0.07,0.42,0.12,18621,21.341711044311523
0.47,0.69,0.36,0.44,0.72,0.83,0.07,0.43,0.11,18140,21.342429637908936
0.49,0.69,0.36,0.44,0.72,0.84,0.07,0.43,0.12,18585,21.346905946731567
0.5,0.69,0.37,0.43,0.73,0.83,0.07,0.44,0.12,18590,21.35062527656555
0.48,0.68,0.37,0.44,0.74,0.84,0.06,0.42,0.12,18521,21.354652166366577
0.49,0.68,0.35,0.44,0.75,0.84,0.07,0.43,0.11,18618,21.354652166366577
0.48,0.68,0.35,0.46,0.76,0.84,0.07,0.42,0.11,18879,21.35900044441223
0.48,0.67,0.35,0.45,0.75,0.83,0.08,0.43,0.12,18788,21.362972736358643
0.5,0.67,0.35,0.46,0.75,0.83,0.07,0.42,0.12,18817,21.366506338119507
0.51,0.66,0.36,0.46,0.74,0.83,0.07,0.42,0.12,19002,21.367534637451172
0.5,0.66,0.36,0.46,0.75,0.83,0.07,0.41,0.12,19017,21.370614051818848
0.47,0.66,0.36,0.45,0.74,0.82,0.07,0.42,0.12,18616,21.37484383583069
0.51,0.66,0.35,0.45,0.74,0.83,0.07,0.41,0.12,18797,21.378849267959595
0.49,0.66,0.36,0.45,0.74,0.83,0.07,0.41,0.11,19008,21.379843950271606
0.5,0.65,0.35,0.45,0.74,0.84,0.07,0.42,0.12,19037,21.383436918258667
0.5,0.67,0.35,0.46,0.74,0.84,0.08,0.41,0.12,18792,21.387566566467285
0.51,0.66,0.34,0.45,0.73,0.84,0.07,0.41,0.12,18335,21.39112687110901
0.5,0.67,0.35,0.45,0.73,0.83,0.07,0.42,0.12,18554,21.395214557647705
0.5,0.67,0.35,0.46,0.73,0.84,0.07,0.42,0.12,18777,21.395214557647705
0.51,0.67,0.36,0.46,0.72,0.84,0.07,0.42,0.12,18730,21.39941930770874
0.52,0.69,0.36,0.45,0.72,0.84,0.07,0.42,0.12,18943,21.40398359298706
0.53,0.68,0.36,0.45,0.73,0.84,0.07,0.42,0.12,18624,21.407660245895386
0.49,0.66,0.35,0.45,0.74,0.83,0.07,0.42,0.12,18965,21.409024715423584
0.5,0.66,0.34,0.46,0.74,0.84,0.06,0.42,0.11,18540,21.412415742874146
0.5,0.66,0.34,0.46,0.73,0.84,0.07,0.42,0.12,18701,21.416990280151367
0.49,0.68,0.35,0.46,0.73,0.84,0.06,0.42,0.11,18786,21.42027235031128
0.49,0.68,0.35,0.46,0.74,0.84,0.07,0.42,0.12,18785,21.42027235031128
0.5,0.68,0.34,0.46,0.74,0.85,0.07,0.43,0.12,19082,21.42427396774292
0.5,0.69,0.35,0.46,0.74,0.84,0.06,0.42,0.12,18521,21.427653789520264
0.51,0.69,0.34,0.47,0.76,0.84,0.07,0.43,0.11,18602,21.43229389190674
0.48,0.68,0.34,0.45,0.75,0.85,0.06,0.42,0.11,18711,21.43305802345276
0.49,0.68,0.34,0.45,0.75,0.85,0.06,0.42,0.11,19248,21.437057733535767
0.48,0.66,0.34,0.46,0.75,0.85,0.07,0.42,0.11,18995,21.441057920455933
0.48,0.68,0.34,0.46,0.75,0.85,0.07,0.42,0.11,18618,21.445048093795776
0.49,0.68,0.34,0.47,0.74,0.85,0.06,0.42,0.1,18391,21.446056842803955
0.48,0.67,0.35,0.46,0.75,0.85,0.06,0.42,0.11,18716,21.449016094207764
0.49,0.67,0.35,0.46,0.75,0.85,0.06,0.42,0.11,19103,21.452919721603394
0.49,0.67,0.35,0.47,0.75,0.85,0.07,0.42,0.11,18784,21.456897735595703
0.51,0.67,0.35,0.46,0.75,0.85,0.08,0.4,0.11,18947,21.46103525161743
0.49,0.69,0.35,0.46,0.75,0.85,0.08,0.4,0.11,18716,21.46103525161743
0.49,0.68,0.34,0.46,0.75,0.85,0.08,0.41,0.11,18823,21.466026067733765
0.49,0.69,0.34,0.48,0.75,0.85,0.08,0.43,0.11,18660,21.469430446624756
0.49,0.7,0.34,0.46,0.75,0.85,0.08,0.42,0.11,18163,21.472732543945312
0.48,0.69,0.34,0.45,0.75,0.85,0.08,0.42,0.11,18544,21.47345781326294
0.49,0.69,0.34,0.47,0.76,0.85,0.08,0.42,0.11,18503,21.47724676132202
0.47,0.7,0.35,0.47,0.75,0.85,0.07,0.44,0.11,18426,21.482089281082153
0.49,0.7,0.35,0.47,0.75,0.85,0.08,0.44,0.11,18827,21.485540866851807
0.49,0.7,0.35,0.47,0.75,0.85,0.08,0.44,0.11,18954,21.485540866851807
0.5,0.7,0.36,0.46,0.75,0.84,0.08,0.44,0.11,18889,21.490461587905884
0.49,0.69,0.36,0.46,0.75,0.84,0.07,0.43,0.11,18616,21.49423599243164
0.5,0.69,0.36,0.46,0.76,0.85,0.08,0.42,0.11,18657,21.49754023551941
0.49,0.69,0.36,0.45,0.76,0.84,0.08,0.42,0.11,18756,21.498235940933228
0.49,0.69,0.36,0.45,0.76,0.84,0.08,0.43,0.11,18817,21.501586437225342
0.5,0.7,0.35,0.46,0.76,0.85,0.07,0.42,0.11,18578,21.505752325057983
0.5,0.7,0.36,0.47,0.76,0.84,0.08,0.42,0.11,18907,21.509560346603394
0.47,0.69,0.36,0.47,0.76,0.84,0.08,0.43,0.11,18774,21.51041889190674
0.48,0.7,0.36,0.47,0.77,0.84,0.08,0.43,0.11,18779,21.51410150527954
0.48,0.7,0.36,0.48,0.77,0.85,0.08,0.43,0.11,18958,21.518150806427002
0.48,0.7,0.36,0.47,0.77,0.84,0.08,0.42,0.11,19017,21.522472381591797
0.47,0.68,0.36,0.46,0.77,0.85,0.07,0.43,0.11,18860,21.52344799041748
0.49,0.69,0.36,0.47,0.78,0.85,0.08,0.43,0.11,18511,21.526448488235474
0.5,0.69,0.36,0.45,0.77,0.84,0.08,0.42,0.11,18150,21.530452966690063
0.48,0.69,0.36,0.47,0.77,0.85,0.08,0.42,0.11,18977,21.53547739982605
0.49,0.68,0.35,0.47,0.77,0.85,0.07,0.42,0.11,19214,21.538812398910522
0.5,0.69,0.35,0.47,0.76,0.85,0.08,0.42,0.11,19083,21.539886713027954
0.5,0.68,0.35,0.47,0.76,0.85,0.08,0.43,0.11,19316,21.54398274421692
0.49,0.69,0.34,0.48,0.77,0.85,0.08,0.44,0.11,19043,21.547377824783325
0.5,0.69,0.35,0.49,0.77,0.85,0.08,0.42,0.11,18426,21.551507234573364
0.5,0.69,0.34,0.49,0.78,0.85,0.08,0.43,0.11,18137,21.551507234573364
0.51,0.69,0.35,0.49,0.77,0.85,0.08,0.43,0.11,18560,21.555583238601685
0.51,0.68,0.35,0.49,0.77,0.85,0.08,0.43,0.11,18673,21.55981993675232
0.52,0.68,0.36,0.48,0.76,0.85,0.08,0.43,0.11,18748,21.56307864189148
0.51,0.69,0.35,0.48,0.76,0.85,0.08,0.42,0.12,18677,21.563819646835327
0.52,0.69,0.36,0.49,0.76,0.85,0.08,0.42,0.12,18444,21.567880392074585
0.51,0.7,0.36,0.48,0.76,0.85,0.08,0.43,0.11,18531,21.571876049041748
0.5,0.69,0.36,0.48,0.76,0.85,0.08,0.44,0.12,18940,21.575875759124756
0.5,0.7,0.36,0.48,0.78,0.85,0.09,0.43,0.11,18865,21.575875759124756
0.5,0.69,0.36,0.48,0.78,0.86,0.08,0.44,0.12,19104,21.5793673992157
0.51,0.66,0.37,0.48,0.78,0.85,0.08,0.43,0.12,19051,21.584546089172363
0.51,0.66,0.37,0.48,0.78,0.85,0.08,0.43,0.11,18566,21.588550329208374
0.51,0.68,0.36,0.48,0.78,0.86,0.09,0.43,0.12,18503,21.588550329208374
0.51,0.69,0.36,0.48,0.78,0.85,0.08,0.43,0.11,18604,21.5925509929657
0.5,0.68,0.35,0.48,0.77,0.86,0.08,0.42,0.11,18813,21.595534324645996
0.52,0.69,0.35,0.48,0.76,0.85,0.08,0.43,0.11,18606,21.599908590316772
0.52,0.67,0.36,0.47,0.76,0.86,0.08,0.42,0.11,18761,21.604238748550415
0.54,0.66,0.36,0.47,0.77,0.86,0.08,0.42,0.11,18510,21.6051766872406
0.53,0.65,0.35,0.48,0.78,0.86,0.08,0.41,0.1,18479,21.608360767364502
0.51,0.66,0.36,0.48,0.77,0.86,0.08,0.41,0.11,18760,21.61258864402771
0.51,0.67,0.36,0.47,0.77,0.86,0.08,0.42,0.11,18601,21.616018056869507
0.52,0.69,0.36,0.48,0.78,0.86,0.08,0.42,0.11,18316,21.617050886154175
0.51,0.68,0.36,0.48,0.77,0.86,0.08,0.42,0.11,18539,21.621051788330078
0.53,0.68,0.35,0.48,0.77,0.86,0.08,0.42,0.11,19020,21.625041723251343
0.53,0.68,0.35,0.48,0.78,0.86,0.09,0.42,0.11,19135,21.628446340560913
0.54,0.68,0.36,0.48,0.78,0.86,0.09,0.42,0.11,19068,21.629150390625
0.54,0.69,0.35,0.49,0.79,0.87,0.08,0.42,0.11,18969,21.63349986076355
0.54,0.69,0.35,0.48,0.79,0.86,0.08,0.42,0.11,18884,21.63782525062561
0.52,0.69,0.36,0.48,0.78,0.87,0.09,0.41,0.11,18635,21.64118266105652
0.51,0.69,0.36,0.47,0.79,0.86,0.08,0.41,0.1,18532,21.64224886894226
0.52,0.65,0.35,0.48,0.8,0.86,0.09,0.42,0.11,18683,21.64470338821411
0.53,0.66,0.35,0.47,0.78,0.87,0.09,0.42,0.1,18756,21.649721384048462
0.53,0.66,0.35,0.48,0.79,0.87,0.08,0.42,0.11,19013,21.653207540512085
0.51,0.67,0.36,0.48,0.8,0.86,0.09,0.41,0.12,18902,21.65365982055664
0.51,0.68,0.35,0.49,0.8,0.87,0.09,0.42,0.11,18639,21.657775163650513
0.51,0.69,0.35,0.48,0.78,0.87,0.09,0.41,0.12,18898,21.661755323410034
0.52,0.69,0.36,0.49,0.78,0.86,0.09,0.41,0.11,18897,21.665823698043823
0.53,0.68,0.36,0.49,0.78,0.86,0.09,0.41,0.11,18844,21.669013738632202
0.53,0.69,0.35,0.5,0.78,0.87,0.08,0.41,0.11,18543,21.66977620124817
0.53,0.7,0.36,0.5,0.78,0.86,0.09,0.41,0.11,18660,21.674154043197632
0.53,0.7,0.36,0.5,0.78,0.86,0.09,0.41,0.11,18933,21.677835941314697
0.53,0.7,0.36,0.51,0.79,0.86,0.08,0.41,0.11,19190,21.681657552719116
0.54,0.69,0.36,0.51,0.79,0.86,0.09,0.42,0.11,18567,21.6827073097229
0.54,0.7,0.35,0.5,0.8,0.86,0.09,0.42,0.11,18502,21.686707496643066
0.53,0.7,0.35,0.51,0.79,0.86,0.09,0.42,0.11,18507,21.690703868865967
0.53,0.68,0.35,0.5,0.8,0.87,0.09,0.42,0.11,18808,21.693708181381226
0.54,0.69,0.35,0.49,0.79,0.86,0.08,0.42,0.1,18951,21.694687128067017
0.54,0.69,0.35,0.5,0.79,0.86,0.09,0.41,0.11,18290,21.69927668571472
0.54,0.7,0.36,0.49,0.79,0.87,0.09,0.42,0.11,18513,21.702687978744507
0.55,0.69,0.35,0.5,0.79,0.87,0.09,0.41,0.11,18598,21.70669198036194
0.54,0.7,0.34,0.5,0.79,0.87,0.09,0.42,0.11,18781,21.707738876342773
0.53,0.68,0.34,0.5,0.79,0.87,0.08,0.42,0.11,18866,21.710869550704956
0.54,0.67,0.33,0.5,0.8,0.87,0.09,0.42,0.1,18643,21.71592092514038
0.54,0.69,0.33,0.5,0.79,0.87,0.09,0.42,0.1,18998,21.719449281692505
0.52,0.67,0.33,0.5,0.8,0.87,0.08,0.42,0.1,18519,21.719449281692505
0.52,0.68,0.33,0.51,0.8,0.87,0.08,0.42,0.1,18330,21.72253680229187
0.52,0.69,0.34,0.51,0.8,0.87,0.09,0.42,0.1,18685,21.726902961730957
0.53,0.69,0.34,0.51,0.8,0.87,0.09,0.42,0.1,18856,21.731515645980835
0.53,0.69,0.34,0.49,0.79,0.87,0.09,0.42,0.11,18929,21.731515645980835
0.54,0.69,0.35,0.5,0.8,0.87,0.08,0.42,0.11,18778,21.735515356063843
0.54,0.69,0.35,0.5,0.79,0.86,0.09,0.43,0.11,18797,21.740516424179077
0.55,0.69,0.35,0.49,0.8,0.87,0.08,0.43,0.11,18850,21.743869304656982
0.54,0.69,0.35,0.5,0.8,0.87,0.08,0.42,0.11,18717,21.747644186019897
0.54,0.69,0.35,0.5,0.8,0.87,0.08,0.44,0.11,18828,21.74867606163025
0.55,0.68,0.36,0.5,0.8,0.87,0.09,0.42,0.11,19171,21.752863883972168
0.54,0.69,0.36,0.5,0.79,0.87,0.1,0.44,0.11,19160,21.75632357597351
0.54,0.69,0.36,0.49,0.8,0.87,0.09,0.44,0.11,18377,21.759459733963013
0.53,0.69,0.35,0.5,0.8,0.86,0.09,0.44,0.11,18498,21.760513305664062
0.53,0.69,0.35,0.49,0.8,0.87,0.09,0.44,0.11,18405,21.76505208015442
0.53,0.69,0.36,0.5,0.8,0.87,0.09,0.44,0.11,18496,21.768638372421265
0.54,0.69,0.35,0.5,0.8,0.86,0.08,0.44,0.11,18791,21.772015810012817
0.54,0.7,0.35,0.51,0.8,0.87,0.09,0.44,0.11,18770,21.772653341293335
0.54,0.67,0.35,0.51,0.8,0.86,0.09,0.44,0.11,18837,21.776639699935913
0.53,0.67,0.35,0.51,0.81,0.86,0.08,0.44,0.11,18632,21.780638456344604
0.54,0.69,0.35,0.51,0.8,0.86,0.09,0.44,0.11,18585,21.78422975540161
0.54,0.68,0.35,0.51,0.8,0.86,0.09,0.45,0.11,18910,21.784781217575073
0.53,0.66,0.35,0.51,0.8,0.86,0.09,0.44,0.11,18877,21.788068294525146
0.55,0.69,0.34,0.52,0.78,0.87,0.09,0.44,0.11,18970,21.79311513900757
0.54,0.68,0.35,0.52,0.79,0.87,0.09,0.44,0.11,18905,21.796839475631714
0.52,0.68,0.36,0.52,0.79,0.87,0.09,0.44,0.12,18506,21.79767084121704
0.52,0.68,0.36,0.52,0.79,0.87,0.09,0.45,0.11,18261,21.801043033599854
0.51,0.69,0.36,0.53,0.78,0.87,0.09,0.46,0.11,18486,21.806058883666992
0.52,0.69,0.36,0.53,0.78,0.86,0.1,0.46,0.12,18641,21.808782815933228
0.51,0.7,0.36,0.52,0.79,0.87,0.08,0.46,0.12,18596,21.81261420249939
0.52,0.69,0.37,0.53,0.79,0.87,0.08,0.46,0.12,18775,21.813652992248535
0.53,0.7,0.36,0.53,0.78,0.86,0.09,0.45,0.11,18880,21.816937923431396
0.53,0.69,0.36,0.52,0.78,0.86,0.09,0.46,0.12,18773,21.822075605392456
0.53,0.69,0.36,0.52,0.78,0.86,0.08,0.45,0.11,19026,21.82534098625183
0.54,0.69,0.36,0.52,0.79,0.87,0.09,0.46,0.11,19077,21.82606339454651
0.52,0.69,0.37,0.52,0.79,0.87,0.09,0.44,0.11,18682,21.829609155654907
0.54,0.69,0.36,0.51,0.78,0.87,0.09,0.45,0.11,18613,21.8341805934906
0.53,0.69,0.36,0.51,0.77,0.86,0.09,0.45,0.11,18828,21.837812423706055
0.53,0.69,0.35,0.51,0.78,0.87,0.09,0.45,0.11,18687,21.838886976242065
0.53,0.7,0.35,0.51,0.78,0.87,0.09,0.45,0.11,18290,21.842888355255127
0.53,0.7,0.36,0.51,0.78,0.87,0.09,0.45,0.12,18977,21.846703052520752
0.54,0.7,0.36,0.53,0.78,0.86,0.09,0.45,0.11,19248,21.84953022003174
0.53,0.7,0.36,0.52,0.78,0.86,0.09,0.45,0.11,18709,21.850600004196167
0.54,0.7,0.36,0.53,0.78,0.87,0.09,0.45,0.11,18606,21.85404896736145
0.54,0.69,0.36,0.53,0.78,0.86,0.09,0.46,0.11,18289,21.858217000961304
0.53,0.69,0.36,0.53,0.78,0.86,0.09,0.45,0.11,18256,21.862251043319702
0.53,0.69,0.36,0.53,0.78,0.86,0.09,0.45,0.11,18815,21.863245964050293
0.53,0.69,0.36,0.52,0.79,0.86,0.09,0.45,0.11,18714,21.866249799728394
0.53,0.7,0.35,0.51,0.78,0.86,0.09,0.45,0.11,18685,21.870250940322876
0.54,0.69,0.35,0.51,0.78,0.86,0.09,0.45,0.11,18734,21.87428641319275
0.54,0.7,0.35,0.52,0.78,0.86,0.09,0.45,0.11,18561,21.87533187866211
0.54,0.7,0.36,0.52,0.79,0.86,0.09,0.44,0.11,18496,21.87835192680359
0.54,0.69,0.35,0.51,0.79,0.87,0.09,0.45,0.11,18881,21.88236689567566
0.54,0.7,0.37,0.52,0.79,0.86,0.09,0.45,0.12,18826,21.88740825653076
0.53,0.69,0.37,0.51,0.79,0.86,0.09,0.45,0.11,18489,21.890753507614136
0.53,0.7,0.37,0.52,0.79,0.86,0.08,0.45,0.12,18392,21.891910791397095
0.54,0.7,0.37,0.52,0.79,0.86,0.09,0.44,0.12,18493,21.896080493927002
0.55,0.7,0.37,0.52,0.8,0.86,0.09,0.44,0.12,18354,21.899518251419067
0.56,0.7,0.38,0.53,0.8,0.86,0.09,0.45,0.12,18611,21.902600288391113
0.56,0.71,0.37,0.52,0.79,0.86,0.09,0.45,0.12,18522,21.90351414680481
0.55,0.71,0.37,0.53,0.79,0.86,0.09,0.45,0.12,18353,21.907796382904053
0.54,0.71,0.37,0.52,0.8,0.86,0.08,0.45,0.12,18456,21.911974906921387
0.54,0.71,0.37,0.52,0.8,0.86,0.09,0.45,0.12,18775,21.91483497619629
0.55,0.71,0.37,0.52,0.8,0.86,0.09,0.46,0.12,18534,21.915870666503906
0.54,0.71,0.37,0.53,0.79,0.86,0.09,0.45,0.12,18205,21.919867992401123
0.56,0.71,0.37,0.53,0.8,0.86,0.09,0.45,0.12,18450,21.923870086669922
0.56,0.71,0.37,0.53,0.8,0.86,0.09,0.45,0.11,18963,21.927972078323364
0.55,0.7,0.37,0.53,0.8,0.87,0.09,0.45,0.12,19534,21.928975582122803
0.55,0.7,0.37,0.53,0.8,0.86,0.09,0.45,0.12,19035,21.93198585510254
0.55,0.7,0.36,0.51,0.8,0.86,0.09,0.45,0.12,18776,21.936042308807373
0.55,0.68,0.36,0.51,0.81,0.86,0.09,0.45,0.11,18471,21.940143585205078
0.54,0.68,0.36,0.51,0.81,0.86,0.08,0.45,0.11,18322,21.94114089012146
0.54,0.69,0.36,0.53,0.81,0.86,0.08,0.45,0.11,18323,21.944154739379883
0.55,0.68,0.36,0.53,0.81,0.86,0.09,0.45,0.11,18652,21.948067903518677
0.55,0.68,0.36,0.52,0.81,0.86,0.09,0.45,0.12,18153,21.952855587005615
0.55,0.69,0.35,0.51,0.8,0.86,0.09,0.45,0.12,17858,21.952855587005615
0.54,0.71,0.36,0.51,0.79,0.86,0.09,0.44,0.12,18855,21.95609402656555
0.54,0.71,0.36,0.52,0.79,0.86,0.08,0.44,0.11,19324,21.960169315338135
0.53,0.71,0.36,0.52,0.8,0.86,0.08,0.44,0.11,18851,21.964401483535767
0.53,0.7,0.36,0.52,0.8,0.86,0.09,0.44,0.11,18444,21.965524911880493
0.52,0.71,0.36,0.52,0.81,0.86,0.08,0.44,0.11,18599,21.96836566925049
0.54,0.7,0.36,0.53,0.81,0.86,0.09,0.45,0.11,18584,21.97252607345581
0.53,0.7,0.36,0.53,0.8,0.86,0.09,0.46,0.11,18703,21.976481199264526
0.54,0.7,0.36,0.53,0.82,0.86,0.09,0.45,0.11,18340,21.977497339248657
0.53,0.71,0.36,0.53,0.8,0.86,0.09,0.46,0.11,18367,21.981502056121826
0.53,0.71,0.35,0.54,0.8,0.86,0.09,0.45,0.11,18828,21.98591637611389
0.53,0.71,0.35,0.54,0.81,0.86,0.09,0.45,0.11,18999,21.989354848861694
0.53,0.71,0.35,0.53,0.8,0.86,0.09,0.44,0.11,19130,21.99290704727173
0.54,0.71,0.34,0.53,0.8,0.86,0.09,0.44,0.11,19123,21.99290704727173
0.54,0.71,0.33,0.54,0.81,0.86,0.09,0.44,0.11,19060,21.998088359832764
0.53,0.71,0.34,0.54,0.81,0.86,0.09,0.44,0.11,18719,22.001357793807983
0.52,0.7,0.35,0.53,0.81,0.86,0.09,0.44,0.11,18704,22.00562620162964
0.51,0.7,0.36,0.53,0.81,0.87,0.09,0.45,0.11,18705,22.00562620162964
0.52,0.7,0.36,0.53,0.81,0.86,0.09,0.45,0.12,18788,22.0096275806427
0.54,0.7,0.36,0.53,0.81,0.87,0.09,0.45,0.11,18801,22.0137357711792
0.54,0.71,0.36,0.53,0.8,0.86,0.09,0.44,0.11,19036,22.01773500442505
0.54,0.72,0.35,0.54,0.79,0.86,0.09,0.45,0.11,18565,22.018735647201538
0.54,0.71,0.35,0.53,0.8,0.86,0.09,0.42,0.11,18388,22.02207922935486
0.55,0.72,0.35,0.54,0.8,0.86,0.09,0.45,0.11,18497,22.025908946990967
0.55,0.71,0.35,0.53,0.8,0.86,0.09,0.45,0.11,18568,22.030842065811157
0.55,0.72,0.35,0.54,0.79,0.86,0.09,0.45,0.11,18837,22.030842065811157
0.53,0.72,0.34,0.53,0.79,0.87,0.09,0.45,0.11,18628,22.03479027748108
0.54,0.73,0.35,0.54,0.79,0.87,0.09,0.45,0.11,18657,22.03813600540161
0.53,0.74,0.35,0.54,0.79,0.86,0.09,0.45,0.11,18764,22.043184518814087
0.53,0.73,0.35,0.54,0.79,0.86,0.09,0.46,0.11,18389,22.0442111492157
0.53,0.73,0.34,0.54,0.8,0.86,0.09,0.46,0.11,18258,22.04703164100647
0.54,0.72,0.35,0.53,0.8,0.86,0.09,0.45,0.11,18301,22.051483869552612
0.53,0.72,0.35,0.52,0.8,0.86,0.09,0.46,0.11,18904,22.05548334121704
0.54,0.71,0.35,0.53,0.8,0.86,0.09,0.45,0.11,18665,22.05548334121704
0.53,0.72,0.34,0.53,0.8,0.87,0.09,0.46,0.11,18670,22.059484243392944
0.52,0.72,0.34,0.52,0.8,0.87,0.09,0.46,0.11,18905,22.063483476638794
0.54,0.72,0.34,0.53,0.79,0.87,0.09,0.45,0.11,18826,22.067887783050537
0.54,0.71,0.34,0.53,0.79,0.87,0.09,0.43,0.11,18521,22.07105779647827
0.54,0.72,0.34,0.54,0.79,0.87,0.09,0.46,0.11,18736,22.07215189933777
0.53,0.72,0.34,0.54,0.79,0.88,0.09,0.45,0.11,18641,22.076152563095093
0.53,0.71,0.34,0.54,0.8,0.88,0.09,0.44,0.11,18594,22.079129695892334
0.52,0.72,0.35,0.54,0.8,0.87,0.09,0.46,0.11,18735,22.083586931228638
0.54,0.71,0.35,0.54,0.81,0.87,0.09,0.46,0.11,18654,22.084641695022583
0.55,0.72,0.34,0.54,0.79,0.87,0.09,0.47,0.11,18729,22.08770251274109
0.54,0.72,0.35,0.53,0.8,0.87,0.08,0.47,0.11,18476,22.092172861099243
0.54,0.71,0.35,0.55,0.79,0.87,0.09,0.47,0.11,18587,22.095474004745483
0.55,0.71,0.35,0.54,0.8,0.87,0.09,0.47,0.11,18562,22.096473455429077
0.56,0.71,0.35,0.53,0.8,0.87,0.09,0.46,0.11,18921,22.099475145339966
0.55,0.72,0.35,0.53,0.8,0.87,0.09,0.46,0.11,18598,22.103757858276367
0.55,0.72,0.36,0.53,0.8,0.86,0.08,0.46,0.11,18643,22.108456134796143
0.55,0.72,0.36,0.54,0.8,0.87,0.09,0.47,0.11,18876,22.10909605026245
0.55,0.72,0.35,0.54,0.8,0.87,0.09,0.46,0.11,18907,22.11205291748047
0.54,0.72,0.35,0.54,0.8,0.87,0.09,0.46,0.11,19164,22.11655330657959
0.55,0.73,0.36,0.54,0.81,0.87,0.09,0.46,0.11,19141,22.120553255081177
0.55,0.72,0.37,0.53,0.8,0.87,0.09,0.46,0.11,18702,22.120553255081177
0.55,0.71,0.36,0.53,0.81,0.87,0.09,0.46,0.11,18969,22.124553442001343
0.54,0.71,0.36,0.54,0.82,0.87,0.09,0.46,0.11,18504,22.1285502910614
0.54,0.71,0.35,0.54,0.83,0.86,0.08,0.46,0.1,18639,22.13253617286682
0.53,0.71,0.35,0.54,0.82,0.87,0.09,0.46,0.1,18868,22.136413097381592
0.54,0.71,0.35,0.54,0.82,0.87,0.09,0.44,0.11,18889,22.136413097381592
0.54,0.71,0.35,0.54,0.82,0.87,0.09,0.46,0.1,18922,22.140439987182617
0.52,0.7,0.34,0.54,0.83,0.87,0.09,0.44,0.1,18971,22.144731760025024
0.54,0.69,0.34,0.53,0.83,0.87,0.09,0.46,0.1,18870,22.149255990982056
0.55,0.69,0.34,0.55,0.83,0.87,0.1,0.46,0.1,18863,22.149255990982056
0.54,0.69,0.35,0.54,0.83,0.87,0.1,0.46,0.1,18950,22.153255939483643
0.54,0.7,0.35,0.55,0.83,0.87,0.1,0.46,0.1,18635,22.15725588798523
0.53,0.7,0.35,0.54,0.83,0.86,0.09,0.47,0.11,18648,22.161255836486816
0.54,0.72,0.35,0.55,0.83,0.87,0.09,0.46,0.1,19003,22.162251472473145
0.53,0.72,0.35,0.54,0.83,0.87,0.09,0.47,0.11,19022,22.165138483047485
0.54,0.72,0.35,0.54,0.83,0.87,0.1,0.46,0.11,18931,22.169286966323853
0.53,0.72,0.35,0.54,0.83,0.86,0.1,0.46,0.11,18710,22.173858880996704
0.53,0.72,0.36,0.54,0.83,0.86,0.1,0.46,0.1,18621,22.173858880996704
0.54,0.71,0.36,0.53,0.82,0.87,0.1,0.47,0.1,18202,22.177839994430542
0.54,0.71,0.36,0.53,0.83,0.86,0.1,0.46,0.11,18357,22.182873249053955
0.54,0.72,0.36,0.53,0.83,0.86,0.1,0.47,0.11,18896,22.1868736743927
0.54,0.7,0.36,0.54,0.83,0.87,0.1,0.47,0.1,19061,22.1868736743927
0.54,0.71,0.35,0.54,0.83,0.87,0.1,0.46,0.11,19240,22.19083285331726
0.54,0.71,0.36,0.54,0.83,0.86,0.1,0.47,0.11,19259,22.19401454925537
0.53,0.71,0.36,0.54,0.82,0.86,0.1,0.46,0.11,18964,22.19918704032898
0.54,0.71,0.36,0.54,0.82,0.86,0.1,0.46,0.11,19027,22.19918704032898
0.53,0.71,0.36,0.54,0.82,0.87,0.1,0.46,0.1,19252,22.20225238800049
0.54,0.72,0.35,0.55,0.82,0.86,0.1,0.46,0.11,18875,22.20727515220642
0.54,0.73,0.35,0.55,0.82,0.87,0.1,0.47,0.1,18242,22.211671590805054
0.54,0.73,0.35,0.54,0.82,0.87,0.1,0.46,0.1,18287,22.213955640792847
0.55,0.74,0.36,0.53,0.82,0.87,0.1,0.44,0.11,18852,22.215023517608643
0.55,0.74,0.36,0.53,0.82,0.87,0.1,0.47,0.11,19057,22.2182137966156
0.54,0.75,0.35,0.52,0.82,0.87,0.1,0.46,0.11,18766,22.223248720169067
0.52,0.75,0.35,0.52,0.82,0.88,0.1,0.47,0.1,18657,22.227259635925293
0.53,0.74,0.34,0.53,0.8,0.87,0.1,0.46,0.1,18584,22.228228330612183
0.52,0.72,0.34,0.53,0.8,0.87,0.1,0.46,0.1,18747,22.23079800605774
0.53,0.71,0.34,0.53,0.82,0.87,0.1,0.45,0.11,18840,22.235901832580566
0.53,0.73,0.34,0.53,0.81,0.87,0.09,0.45,0.11,18811,22.239405870437622
0.53,0.72,0.34,0.53,0.82,0.87,0.1,0.43,0.1,18826,22.240804433822632
0.53,0.72,0.34,0.54,0.82,0.88,0.1,0.45,0.1,18699,22.242929220199585
0.54,0.72,0.34,0.53,0.82,0.87,0.1,0.45,0.1,18602,22.247650384902954
0.54,0.72,0.35,0.54,0.81,0.87,0.09,0.46,0.1,18841,22.251728296279907
0.54,0.72,0.35,0.54,0.81,0.87,0.1,0.46,0.1,18778,22.251728296279907
0.55,0.72,0.35,0.54,0.82,0.87,0.1,0.46,0.11,18547,22.255728483200073
0.56,0.72,0.35,0.54,0.82,0.87,0.1,0.45,0.11,18756,22.26015281677246
0.56,0.72,0.35,0.54,0.82,0.87,0.1,0.45,0.11,19095,22.26347303390503
0.55,0.71,0.36,0.55,0.82,0.87,0.1,0.44,0.11,18968,22.264140367507935
0.57,0.71,0.36,0.55,0.82,0.87,0.1,0.45,0.11,18583,22.26823902130127
0.56,0.72,0.36,0.55,0.82,0.87,0.1,0.45,0.11,18692,22.27294921875
0.55,0.72,0.36,0.55,0.82,0.87,0.1,0.44,0.11,18917,22.276891231536865
0.56,0.72,0.36,0.55,0.82,0.86,0.1,0.45,0.11,18564,22.280092239379883
0.56,0.72,0.37,0.55,0.83,0.87,0.1,0.45,0.11,18319,22.281117916107178
0.55,0.73,0.36,0.55,0.82,0.87,0.1,0.45,0.11,18802,22.28424382209778
0.56,0.73,0.36,0.54,0.81,0.86,0.1,0.44,0.11,18807,22.288890600204468
0.57,0.74,0.35,0.56,0.81,0.87,0.1,0.45,0.11,18876,22.29245686531067
0.56,0.73,0.35,0.55,0.8,0.87,0.11,0.45,0.11,18599,22.293506860733032
0.57,0.73,0.35,0.55,0.81,0.87,0.1,0.45,0.11,18658,22.296509981155396
0.57,0.74,0.35,0.55,0.82,0.87,0.11,0.45,0.11,18657,22.301871061325073
0.57,0.74,0.36,0.55,0.81,0.87,0.1,0.45,0.11,18704,22.304996490478516
0.56,0.74,0.36,0.55,0.82,0.87,0.1,0.43,0.11,18903,22.304996490478516
0.55,0.71,0.36,0.54,0.82,0.87,0.1,0.46,0.11,18470,22.308985948562622
0.56,0.71,0.35,0.55,0.82,0.87,0.1,0.46,0.11,18485,22.313984632492065
0.55,0.71,0.36,0.54,0.82,0.86,0.1,0.46,0.11,18774,22.31798505783081
0.56,0.71,0.36,0.54,0.81,0.87,0.1,0.46,0.11,18603,22.31798505783081
0.56,0.71,0.36,0.54,0.82,0.87,0.11,0.46,0.11,18844,22.321161031723022
0.56,0.7,0.36,0.55,0.83,0.87,0.1,0.46,0.11,19309,22.325483560562134
0.56,0.71,0.36,0.55,0.83,0.87,0.1,0.46,0.11,19166,22.32950782775879
0.56,0.71,0.35,0.55,0.83,0.86,0.1,0.46,0.11,18753,22.330504655838013
0.56,0.71,0.36,0.55,0.82,0.87,0.11,0.46,0.11,18716,22.33395767211914
0.57,0.71,0.36,0.56,0.83,0.86,0.11,0.46,0.12,19137,22.338029623031616
0.57,0.71,0.36,0.55,0.83,0.87,0.11,0.43,0.11,19172,22.342538356781006
0.56,0.71,0.36,0.56,0.83,0.87,0.11,0.44,0.11,18629,22.345622301101685
0.56,0.71,0.36,0.56,0.83,0.87,0.11,0.45,0.11,18702,22.34567666053772
0.56,0.71,0.36,0.56,0.83,0.87,0.1,0.46,0.11,18767,22.349860429763794
0.56,0.72,0.36,0.56,0.83,0.87,0.11,0.45,0.11,18788,22.35400676727295
0.55,0.71,0.36,0.56,0.83,0.87,0.1,0.45,0.11,19239,22.357619762420654
0.56,0.73,0.36,0.57,0.83,0.87,0.11,0.45,0.11,19136,22.357619762420654
0.54,0.72,0.36,0.56,0.83,0.87,0.11,0.45,0.11,18873,22.361774444580078
0.54,0.72,0.36,0.56,0.83,0.87,0.11,0.45,0.11,18846,22.36677575111389
0.55,0.72,0.35,0.55,0.83,0.87,0.11,0.45,0.11,18677,22.36977505683899
0.56,0.72,0.36,0.55,0.83,0.87,0.1,0.45,0.11,18416,22.37077569961548
0.56,0.72,0.36,0.55,0.84,0.87,0.11,0.45,0.11,18883,22.374918222427368
0.57,0.72,0.36,0.55,0.84,0.87,0.11,0.45,0.11,18788,22.378575801849365
0.56,0.72,0.36,0.55,0.83,0.87,0.11,0.45,0.12,18527,22.382238626480103
0.56,0.71,0.37,0.55,0.83,0.87,0.11,0.45,0.12,18848,22.382238626480103
0.55,0.72,0.36,0.55,0.82,0.87,0.1,0.46,0.11,19527,22.38668918609619
0.55,0.72,0.36,0.55,0.82,0.87,0.11,0.46,0.11,19040,22.391009092330933
0.55,0.72,0.37,0.55,0.82,0.87,0.1,0.45,0.12,18297,22.39502453804016
0.54,0.72,0.37,0.55,0.82,0.87,0.11,0.45,0.12,18520,22.39603328704834
0.55,0.71,0.37,0.55,0.82,0.87,0.11,0.46,0.12,18643,22.399028062820435
0.55,0.73,0.37,0.55,0.82,0.86,0.1,0.45,0.11,18498,22.402809858322144
0.56,0.72,0.38,0.54,0.82,0.86,0.11,0.46,0.12,18633,22.407055139541626
0.55,0.72,0.38,0.54,0.82,0.87,0.1,0.46,0.12,18984,22.40805459022522
0.55,0.72,0.38,0.54,0.83,0.87,0.11,0.45,0.12,18935,22.410865306854248
0.54,0.73,0.38,0.55,0.82,0.86,0.11,0.45,0.12,18616,22.415858507156372
0.54,0.72,0.38,0.56,0.83,0.87,0.1,0.46,0.12,18591,22.419858694076538
0.54,0.72,0.39,0.56,0.83,0.87,0.11,0.46,0.12,18946,22.423149347305298
0.52,0.72,0.39,0.56,0.83,0.87,0.1,0.45,0.12,19127,22.423859357833862
0.53,0.73,0.38,0.56,0.82,0.87,0.11,0.46,0.12,18524,22.42741847038269
0.52,0.73,0.38,0.56,0.81,0.87,0.11,0.45,0.12,18547,22.432923793792725
0.52,0.73,0.38,0.56,0.82,0.87,0.11,0.46,0.12,18958,22.435832023620605
0.53,0.73,0.38,0.56,0.82,0.87,0.11,0.45,0.12,18791,22.435832023620605
0.54,0.74,0.38,0.56,0.83,0.87,0.11,0.45,0.12,19026,22.440945386886597
0.53,0.73,0.37,0.55,0.82,0.87,0.1,0.46,0.12,18841,22.44401216506958
0.53,0.73,0.38,0.56,0.82,0.87,0.11,0.47,0.12,18326,22.448018550872803
0.53,0.73,0.39,0.56,0.82,0.87,0.11,0.47,0.12,18325,22.449044466018677
0.54,0.74,0.38,0.55,0.82,0.87,0.11,0.46,0.12,18006,22.453065633773804
0.54,0.72,0.38,0.55,0.83,0.87,0.11,0.46,0.12,18347,22.45664620399475
0.54,0.73,0.38,0.55,0.83,0.87,0.11,0.46,0.12,18848,22.46070623397827
0.53,0.71,0.38,0.54,0.83,0.87,0.11,0.46,0.13,19013,22.46070623397827
0.53,0.72,0.38,0.54,0.83,0.87,0.1,0.45,0.12,18924,22.464816331863403
0.54,0.72,0.38,0.54,0.84,0.87,0.1,0.45,0.12,18729,22.469635009765625
0.54,0.72,0.38,0.55,0.84,0.87,0.1,0.45,0.12,18950,22.47298526763916
0.54,0.71,0.38,0.55,0.83,0.87,0.11,0.46,0.13,18869,22.47298526763916
0.54,0.71,0.38,0.54,0.84,0.87,0.11,0.46,0.13,18606,22.476967811584473
0.54,0.72,0.39,0.56,0.83,0.87,0.11,0.45,0.12,18403,22.480980396270752
0.54,0.71,0.38,0.55,0.84,0.87,0.11,0.46,0.12,18594,22.485028505325317
0.54,0.71,0.39,0.55,0.83,0.87,0.1,0.45,0.12,18781,22.489101886749268
0.55,0.7,0.39,0.53,0.84,0.87,0.11,0.45,0.12,18778,22.490168571472168
0.57,0.7,0.39,0.55,0.85,0.87,0.11,0.43,0.12,19041,22.493144512176514
0.57,0.7,0.39,0.54,0.85,0.87,0.11,0.45,0.13,18558,22.497318983078003
0.58,0.71,0.39,0.54,0.84,0.88,0.11,0.42,0.13,18489,22.50078535079956
0.58,0.71,0.39,0.54,0.84,0.88,0.11,0.45,0.12,18740,22.501505374908447
0.58,0.71,0.39,0.55,0.84,0.87,0.11,0.45,0.12,18779,22.50550603866577
0.58,0.72,0.38,0.55,0.84,0.87,0.11,0.46,0.12,18534,22.509480476379395
0.57,0.72,0.39,0.56,0.84,0.87,0.11,0.46,0.12,18679,22.513725996017456
0.57,0.7,0.39,0.55,0.84,0.86,0.11,0.46,0.12,18528,22.514505863189697
0.57,0.7,0.38,0.56,0.85,0.87,0.11,0.45,0.12,18737,22.51822781562805
0.57,0.69,0.39,0.55,0.85,0.87,0.11,0.46,0.12,18696,22.521865367889404
0.58,0.7,0.39,0.56,0.84,0.87,0.11,0.45,0.12,18603,22.52551770210266
0.56,0.73,0.38,0.57,0.84,0.87,0.11,0.45,0.12,18122,22.52551770210266
0.57,0.71,0.38,0.55,0.84,0.87,0.11,0.46,0.12,18159,22.5295991897583
0.57,0.72,0.38,0.56,0.84,0.87,0.11,0.45,0.12,18744,22.534887552261353
0.59,0.72,0.39,0.56,0.83,0.87,0.1,0.46,0.12,18727,22.53888750076294
0.57,0.72,0.38,0.55,0.84,0.87,0.1,0.46,0.12,18400,22.53888750076294
0.58,0.72,0.38,0.56,0.84,0.86,0.11,0.46,0.12,18503,22.543042182922363
0.58,0.71,0.38,0.55,0.85,0.87,0.11,0.46,0.12,18928,22.54603409767151
0.56,0.71,0.38,0.55,0.84,0.87,0.11,0.46,0.12,18665,22.550716638565063
0.56,0.71,0.38,0.55,0.85,0.87,0.11,0.46,0.12,19198,22.553933143615723
0.57,0.71,0.39,0.57,0.85,0.87,0.11,0.46,0.12,19003,22.554687976837158
0.57,0.7,0.39,0.56,0.85,0.86,0.11,0.46,0.12,18568,22.559691667556763
0.57,0.7,0.39,0.55,0.85,0.86,0.1,0.46,0.12,18603,22.562692403793335
0.56,0.72,0.39,0.56,0.85,0.86,0.11,0.46,0.12,18824,22.566842794418335
0.56,0.72,0.39,0.55,0.85,0.87,0.11,0.46,0.12,18627,22.567741632461548
0.56,0.72,0.39,0.55,0.85,0.87,0.11,0.46,0.12,18388,22.57125449180603
0.56,0.71,0.39,0.56,0.85,0.86,0.11,0.46,0.12,18579,22.575681686401367
0.56,0.72,0.39,0.55,0.85,0.86,0.11,0.46,0.12,18472,22.579012393951416
0.57,0.72,0.39,0.56,0.85,0.86,0.11,0.46,0.12,18387,22.579671621322632
0.56,0.72,0.39,0.55,0.85,0.86,0.11,0.45,0.12,18378,22.58367919921875
0.56,0.72,0.39,0.56,0.86,0.86,0.11,0.46,0.12,18397,22.587796688079834
0.56,0.73,0.39,0.55,0.86,0.86,0.11,0.46,0.12,18686,22.59077286720276
0.56,0.73,0.39,0.55,0.85,0.86,0.11,0.47,0.12,19025,22.591784477233887
0.56,0.72,0.39,0.54,0.85,0.86,0.11,0.46,0.12,18988,22.594777822494507
0.56,0.73,0.39,0.54,0.84,0.86,0.11,0.46,0.12,18943,22.60064387321472
0.55,0.73,0.39,0.55,0.84,0.86,0.11,0.45,0.12,18460,22.603633403778076
0.55,0.72,0.39,0.54,0.85,0.86,0.11,0.46,0.12,18429,22.603633403778076
0.56,0.73,0.39,0.54,0.84,0.86,0.11,0.46,0.12,18384,22.607698678970337
0.56,0.72,0.39,0.54,0.85,0.86,0.11,0.46,0.12,18525,22.612386465072632
0.56,0.73,0.38,0.55,0.85,0.86,0.11,0.46,0.13,18542,22.616070985794067
0.56,0.74,0.38,0.55,0.84,0.86,0.11,0.46,0.12,18949,22.617144346237183
0.57,0.73,0.38,0.54,0.84,0.87,0.11,0.46,0.12,18812,22.62038564682007
0.57,0.73,0.39,0.54,0.84,0.87,0.11,0.46,0.12,18729,22.624385595321655
0.59,0.72,0.39,0.54,0.84,0.86,0.11,0.46,0.12,18934,22.62846541404724
0.58,0.73,0.39,0.54,0.84,0.86,0.11,0.46,0.12,19019,22.63238549232483
0.58,0.74,0.39,0.53,0.84,0.87,0.11,0.47,0.12,18722,22.63238549232483
0.58,0.73,0.39,0.53,0.83,0.87,0.11,0.46,0.12,18791,22.63667869567871
0.57,0.73,0.39,0.54,0.84,0.87,0.11,0.46,0.12,18642,22.641085386276245
0.58,0.72,0.39,0.54,0.85,0.87,0.11,0.47,0.12,18541,22.644431591033936
0.59,0.71,0.38,0.54,0.85,0.87,0.11,0.47,0.12,18472,22.644431591033936
0.59,0.72,0.39,0.55,0.85,0.87,0.11,0.47,0.12,18251,22.649598360061646
0.6,0.73,0.39,0.56,0.84,0.87,0.11,0.46,0.12,18464,22.653619050979614
0.57,0.73,0.39,0.55,0.84,0.87,0.11,0.46,0.12,19105,22.657200813293457
0.57,0.73,0.39,0.55,0.84,0.88,0.11,0.47,0.12,19012,22.658190488815308
0.57,0.73,0.39,0.54,0.85,0.87,0.11,0.46,0.13,18477,22.661202669143677
0.57,0.73,0.39,0.55,0.84,0.87,0.1,0.47,0.12,18888,22.66517972946167
0.58,0.74,0.39,0.55,0.84,0.86,0.11,0.47,0.12,19199,22.669179677963257
0.57,0.73,0.39,0.55,0.84,0.87,0.11,0.47,0.12,18760,22.6701717376709
0.58,0.74,0.39,0.55,0.84,0.86,0.11,0.46,0.12,18547,22.673518419265747
0.59,0.74,0.39,0.56,0.84,0.87,0.11,0.47,0.13,18442,22.676875352859497
0.56,0.73,0.39,0.56,0.84,0.87,0.11,0.47,0.12,18359,22.68094778060913
0.59,0.73,0.4,0.56,0.85,0.87,0.11,0.47,0.13,18630,22.68207359313965
0.58,0.72,0.4,0.56,0.85,0.86,0.11,0.46,0.13,18825,22.685927629470825
0.58,0.73,0.39,0.55,0.84,0.87,0.11,0.46,0.12,18612,22.689948797225952
0.59,0.73,0.39,0.56,0.85,0.87,0.11,0.46,0.12,18285,22.694058418273926
0.57,0.73,0.4,0.55,0.85,0.87,0.11,0.47,0.12,18586,22.697893381118774
0.59,0.72,0.4,0.55,0.85,0.86,0.11,0.46,0.12,18569,22.698970317840576
0.59,0.72,0.4,0.55,0.86,0.87,0.11,0.47,0.12,18624,22.70267343521118
0.59,0.72,0.4,0.55,0.84,0.87,0.11,0.47,0.12,18547,22.70595955848694
0.57,0.73,0.4,0.54,0.85,0.87,0.11,0.47,0.12,18506,22.71016573905945
0.57,0.72,0.4,0.56,0.85,0.87,0.11,0.47,0.12,18723,22.71100091934204
0.58,0.73,0.4,0.55,0.85,0.86,0.11,0.47,0.12,18696,22.71516180038452
0.59,0.72,0.4,0.55,0.85,0.86,0.11,0.47,0.12,18617,22.71851658821106
0.59,0.73,0.4,0.54,0.85,0.86,0.11,0.47,0.13,18712,22.72219967842102
0.6,0.73,0.39,0.54,0.85,0.87,0.11,0.47,0.12,18635,22.723209857940674
0.59,0.73,0.4,0.55,0.85,0.87,0.11,0.47,0.12,18668,22.72631335258484
0.58,0.73,0.4,0.56,0.85,0.87,0.11,0.47,0.12,18653,22.73149299621582
0.59,0.73,0.4,0.55,0.84,0.87,0.11,0.48,0.12,18572,22.73480725288391
0.58,0.73,0.4,0.54,0.84,0.86,0.11,0.48,0.12,18585,22.735514879226685
0.6,0.74,0.39,0.54,0.84,0.87,0.11,0.48,0.12,18116,22.738104104995728
0.6,0.73,0.39,0.55,0.84,0.87,0.11,0.48,0.12,18471,22.74328303337097
0.61,0.72,0.39,0.55,0.85,0.87,0.11,0.49,0.11,18950,22.747283697128296
0.59,0.72,0.39,0.54,0.84,0.87,0.11,0.48,0.11,18963,22.747283697128296
0.58,0.72,0.39,0.55,0.85,0.87,0.11,0.48,0.12,18576,22.75160264968872
0.58,0.72,0.39,0.54,0.85,0.87,0.11,0.49,0.11,18515,22.75573182106018
0.59,0.71,0.39,0.55,0.86,0.87,0.11,0.48,0.11,18876,22.759944915771484
0.61,0.71,0.39,0.55,0.85,0.87,0.11,0.48,0.11,19105,22.762904167175293
0.61,0.71,0.39,0.54,0.86,0.87,0.11,0.47,0.12,18916,22.763978481292725
0.6,0.71,0.39,0.55,0.87,0.87,0.11,0.46,0.11,19013,22.767592430114746
0.59,0.71,0.38,0.55,0.87,0.87,0.11,0.48,0.12,19156,22.771721124649048
0.61,0.71,0.38,0.55,0.86,0.87,0.11,0.48,0.11,19077,22.775516033172607
0.61,0.71,0.38,0.54,0.86,0.87,0.11,0.48,0.11,19016,22.776565551757812
0.62,0.71,0.38,0.54,0.86,0.87,0.11,0.49,0.12,18985,22.780158758163452
0.62,0.71,0.38,0.54,0.86,0.87,0.11,0.48,0.11,18546,22.784050941467285
0.62,0.71,0.38,0.54,0.85,0.87,0.11,0.48,0.11,18533,22.788148403167725
0.62,0.72,0.38,0.54,0.84,0.87,0.11,0.48,0.12,18220,22.789039134979248
0.62,0.71,0.39,0.54,0.84,0.87,0.11,0.48,0.12,18303,22.793039560317993
0.62,0.72,0.38,0.54,0.85,0.87,0.11,0.48,0.12,18502,22.79703950881958
0.62,0.72,0.38,0.55,0.85,0.87,0.11,0.48,0.11,18587,22.80040431022644
0.62,0.72,0.38,0.55,0.85,0.87,0.11,0.48,0.11,18304,22.801458835601807
0.62,0.72,0.39,0.55,0.86,0.87,0.11,0.49,0.12,18481,22.804591417312622
0.62,0.72,0.38,0.55,0.85,0.87,0.11,0.48,0.12,18234,22.809940814971924
0.62,0.72,0.38,0.56,0.84,0.87,0.11,0.49,0.12,18305,22.812644481658936
0.6,0.73,0.39,0.54,0.85,0.87,0.11,0.49,0.12,18600,22.8136990070343
0.62,0.73,0.39,0.54,0.85,0.88,0.11,0.48,0.12,18909,22.816969394683838
0.6,0.73,0.39,0.55,0.84,0.87,0.11,0.48,0.12,18724,22.821990251541138
0.62,0.73,0.39,0.55,0.84,0.87,0.11,0.49,0.12,18641,22.825990915298462
0.62,0.73,0.38,0.55,0.85,0.87,0.11,0.48,0.12,18502,22.825990915298462
0.62,0.73,0.38,0.55,0.85,0.87,0.11,0.48,0.12,18345,22.82999038696289
0.6,0.73,0.39,0.55,0.85,0.87,0.11,0.49,0.12,18462,22.833186864852905
0.6,0.73,0.39,0.55,0.85,0.87,0.11,0.49,0.12,18675,22.837653398513794
0.6,0.73,0.39,0.55,0.85,0.87,0.11,0.49,0.12,18712,22.84142303466797
0.59,0.73,0.39,0.55,0.84,0.87,0.11,0.49,0.12,18547,22.84244203567505
0.59,0.73,0.39,0.55,0.84,0.87,0.11,0.49,0.12,18852,22.845741510391235
0.58,0.73,0.39,0.56,0.84,0.87,0.12,0.49,0.12,19081,22.84902310371399
0.61,0.73,0.39,0.56,0.84,0.87,0.11,0.49,0.12,18936,22.853524208068848
0.6,0.72,0.39,0.56,0.85,0.87,0.11,0.5,0.12,18339,22.854309797286987
0.6,0.72,0.39,0.55,0.84,0.87,0.11,0.5,0.12,18390,22.857553720474243
0.61,0.73,0.39,0.55,0.84,0.87,0.11,0.49,0.12,18599,22.86197853088379
0.61,0.73,0.39,0.56,0.83,0.87,0.11,0.5,0.12,18466,22.865269899368286
0.59,0.73,0.39,0.56,0.83,0.87,0.11,0.5,0.12,18713,22.866267681121826
0.59,0.73,0.39,0.55,0.84,0.87,0.11,0.5,0.12,18532,22.870270013809204
0.59,0.73,0.39,0.56,0.84,0.87,0.11,0.49,0.12,18527,22.87427043914795
0.61,0.73,0.39,0.56,0.83,0.87,0.11,0.46,0.12,18528,22.87809419631958
0.61,0.73,0.39,0.55,0.84,0.87,0.11,0.46,0.13,18731,22.87913227081299
0.61,0.72,0.39,0.55,0.84,0.87,0.11,0.47,0.12,19208,22.882124423980713
0.61,0.73,0.39,0.55,0.84,0.87,0.12,0.49,0.12,18899,22.88713026046753
0.61,0.74,0.39,0.57,0.84,0.87,0.11,0.49,0.12,18562,22.890159130096436
0.6,0.73,0.39,0.56,0.84,0.87,0.11,0.49,0.12,18887,22.890159130096436
0.6,0.73,0.39,0.57,0.83,0.87,0.12,0.48,0.12,19020,22.894510984420776
0.6,0.72,0.4,0.57,0.84,0.87,0.11,0.49,0.12,18623,22.899232149124146
0.6,0.75,0.39,0.57,0.84,0.87,0.11,0.49,0.12,18346,22.90321969985962
0.6,0.75,0.4,0.57,0.84,0.87,0.11,0.49,0.12,18801,22.906724452972412
0.62,0.74,0.39,0.56,0.84,0.86,0.11,0.49,0.12,18946,22.907246112823486
0.6,0.74,0.4,0.56,0.83,0.86,0.11,0.49,0.12,18679,22.91128945350647
0.61,0.75,0.39,0.56,0.84,0.86,0.11,0.5,0.12,18824,22.915804624557495
0.6,0.76,0.39,0.57,0.84,0.86,0.11,0.49,0.12,19187,22.919231414794922
0.59,0.75,0.39,0.56,0.84,0.86,0.11,0.49,0.12,18978,22.92024326324463
0.59,0.74,0.39,0.57,0.84,0.86,0.11,0.49,0.12,18919,22.923260927200317
0.61,0.74,0.39,0.56,0.84,0.86,0.11,0.49,0.12,18756,22.928305625915527
0.6,0.74,0.39,0.57,0.84,0.86,0.11,0.49,0.12,19003,22.93176531791687
0.61,0.75,0.39,0.56,0.85,0.86,0.11,0.49,0.12,18700,22.93176531791687
0.6,0.75,0.39,0.57,0.85,0.86,0.12,0.48,0.12,18543,22.93609070777893
0.61,0.75,0.39,0.58,0.84,0.86,0.11,0.49,0.12,18806,22.94009518623352
0.6,0.75,0.38,0.57,0.84,0.86,0.11,0.49,0.12,18875,22.944084405899048
0.6,0.75,0.39,0.57,0.84,0.87,0.11,0.49,0.12,19122,22.944084405899048
0.58,0.75,0.39,0.57,0.84,0.86,0.11,0.49,0.12,18995,22.94739079475403
0.6,0.74,0.39,0.58,0.85,0.86,0.11,0.49,0.12,19082,22.952747583389282
0.58,0.74,0.39,0.58,0.85,0.86,0.11,0.47,0.13,18753,22.95596218109131
0.58,0.74,0.39,0.58,0.84,0.86,0.11,0.49,0.12,18140,22.95702290534973
0.59,0.75,0.39,0.57,0.84,0.87,0.11,0.49,0.12,18377,22.959798097610474
0.59,0.74,0.39,0.59,0.84,0.86,0.11,0.49,0.13,18530,22.96482014656067
0.6,0.74,0.39,0.57,0.84,0.86,0.12,0.5,0.12,18627,22.96884059906006
0.6,0.74,0.39,0.57,0.84,0.87,0.11,0.5,0.12,18818,22.96884059906006
0.6,0.74,0.39,0.57,0.84,0.87,0.11,0.5,0.12,18645,22.97282099723816
0.58,0.75,0.39,0.58,0.84,0.87,0.11,0.5,0.12,18364,22.97682285308838
0.57,0.74,0.39,0.57,0.85,0.87,0.11,0.5,0.13,18359,22.981223583221436
0.59,0.74,0.39,0.57,0.84,0.87,0.11,0.5,0.12,18458,22.981223583221436
0.58,0.74,0.4,0.58,0.85,0.86,0.11,0.5,0.12,18859,22.98464059829712
0.59,0.74,0.4,0.58,0.86,0.87,0.11,0.5,0.12,19230,22.98989462852478
0.59,0.75,0.4,0.59,0.85,0.86,0.11,0.49,0.12,19223,22.99310827255249
0.58,0.75,0.4,0.59,0.84,0.86,0.11,0.49,0.12,19080,22.996373891830444
0.6,0.75,0.4,0.59,0.84,0.87,0.11,0.49,0.12,18343,22.997108459472656
0.6,0.73,0.39,0.58,0.85,0.87,0.12,0.49,0.12,18414,23.00107765197754
0.61,0.74,0.39,0.59,0.84,0.87,0.13,0.49,0.12,18583,23.005077362060547
0.59,0.74,0.39,0.59,0.84,0.87,0.11,0.49,0.12,18734,23.008692264556885
0.59,0.74,0.4,0.59,0.84,0.87,0.11,0.5,0.11,19029,23.008692264556885
0.59,0.73,0.39,0.59,0.85,0.87,0.11,0.5,0.11,19196,23.013157606124878
0.59,0.73,0.39,0.58,0.85,0.87,0.11,0.49,0.12,19167,23.017264366149902
0.59,0.72,0.39,0.58,0.85,0.87,0.11,0.5,0.12,18770,23.021268129348755
0.59,0.72,0.39,0.59,0.85,0.87,0.11,0.49,0.11,18961,23.02227282524109
0.6,0.72,0.39,0.58,0.85,0.87,0.11,0.5,0.11,19144,23.025267839431763
0.6,0.72,0.39,0.57,0.85,0.87,0.11,0.49,0.11,18705,23.03026795387268
0.59,0.71,0.39,0.58,0.85,0.87,0.11,0.49,0.11,18650,23.033275365829468
0.59,0.71,0.4,0.57,0.85,0.87,0.11,0.49,0.12,19167,23.034340143203735
0.59,0.71,0.4,0.58,0.85,0.87,0.11,0.49,0.12,18928,23.03831148147583
0.59,0.71,0.39,0.57,0.85,0.87,0.1,0.49,0.11,18801,23.041685581207275
0.6,0.72,0.39,0.57,0.85,0.87,0.11,0.49,0.11,18892,23.046956062316895
0.59,0.73,0.39,0.58,0.86,0.87,0.11,0.49,0.12,18387,23.046956062316895
0.59,0.73,0.39,0.58,0.85,0.87,0.11,0.49,0.12,18284,23.04959774017334
0.59,0.72,0.38,0.58,0.85,0.88,0.11,0.5,0.11,18377,23.05460476875305
0.58,0.73,0.39,0.57,0.86,0.87,0.11,0.49,0.11,18728,23.05865454673767
0.59,0.73,0.38,0.58,0.86,0.88,0.11,0.49,0.12,18789,23.059597730636597
0.58,0.72,0.38,0.58,0.86,0.87,0.11,0.49,0.11,18694,23.063024759292603
0.59,0.72,0.37,0.58,0.86,0.87,0.11,0.49,0.11,18863,23.06653666496277
0.59,0.73,0.38,0.58,0.86,0.87,0.11,0.49,0.12,18612,23.071586847305298
0.58,0.73,0.39,0.58,0.86,0.87,0.11,0.49,0.11,18239,23.071586847305298
0.59,0.72,0.39,0.58,0.86,0.87,0.1,0.48,0.12,18354,23.075365781784058
0.58,0.73,0.39,0.58,0.85,0.87,0.11,0.49,0.12,18719,23.079374074935913
0.58,0.73,0.39,0.58,0.85,0.87,0.11,0.49,0.12,18674,23.083372592926025
0.58,0.73,0.39,0.58,0.85,0.88,0.11,0.5,0.12,18477,23.087034940719604
0.58,0.72,0.4,0.59,0.85,0.87,0.11,0.49,0.12,18348,23.08810806274414
0.59,0.72,0.39,0.58,0.86,0.87,0.11,0.49,0.12,18479,23.092074871063232
0.59,0.72,0.39,0.58,0.86,0.87,0.11,0.49,0.12,18220,23.09505605697632
0.58,0.72,0.39,0.59,0.86,0.87,0.11,0.48,0.12,18227,23.099000215530396
0.59,0.72,0.4,0.59,0.86,0.87,0.11,0.48,0.12,18690,23.099834442138672
0.58,0.72,0.4,0.59,0.85,0.87,0.11,0.49,0.12,18811,23.103891134262085
0.58,0.72,0.39,0.59,0.85,0.87,0.11,0.48,0.12,18386,23.10754132270813
0.57,0.72,0.39,0.59,0.85,0.88,0.11,0.48,0.12,18391,23.111916065216064
0.58,0.72,0.39,0.59,0.85,0.87,0.11,0.48,0.12,18750,23.112921237945557
0.58,0.72,0.39,0.59,0.86,0.88,0.11,0.48,0.12,19141,23.115942239761353
0.57,0.72,0.39,0.59,0.86,0.88,0.11,0.48,0.12,18678,23.12023663520813
0.58,0.72,0.39,0.6,0.86,0.87,0.11,0.48,0.12,18427,23.123961210250854
0.58,0.73,0.39,0.59,0.86,0.87,0.11,0.48,0.12,18852,23.124895572662354
0.58,0.74,0.39,0.59,0.86,0.87,0.12,0.48,0.12,18931,23.128235578536987
0.57,0.74,0.4,0.59,0.87,0.87,0.11,0.49,0.12,18760,23.13264298439026
0.57,0.74,0.4,0.59,0.86,0.87,0.12,0.48,0.12,18673,23.13670563697815
0.58,0.74,0.4,0.59,0.86,0.87,0.11,0.48,0.12,19052,23.13670563697815
0.58,0.74,0.4,0.59,0.85,0.88,0.11,0.49,0.11,18847,23.141253232955933
0.58,0.74,0.4,0.59,0.86,0.88,0.11,0.5,0.12,18710,23.14465641975403
0.59,0.74,0.4,0.58,0.87,0.87,0.11,0.49,0.11,18927,23.14801573753357
0.59,0.74,0.4,0.59,0.88,0.87,0.1,0.49,0.11,18870,23.149540185928345
0.59,0.73,0.4,0.59,0.87,0.87,0.11,0.49,0.11,18735,23.152557611465454
0.59,0.75,0.4,0.58,0.87,0.87,0.11,0.49,0.11,18414,23.156548976898193
0.59,0.75,0.39,0.59,0.87,0.87,0.11,0.49,0.11,18819,23.160520553588867
0.58,0.75,0.4,0.58,0.86,0.87,0.11,0.49,0.11,19006,23.164589881896973
0.58,0.74,0.4,0.59,0.86,0.88,0.11,0.48,0.12,18983,23.165610313415527
0.59,0.74,0.39,0.59,0.87,0.87,0.11,0.48,0.12,18758,23.168753147125244
0.58,0.75,0.39,0.59,0.86,0.87,0.11,0.48,0.11,19011,23.17376732826233
0.59,0.75,0.39,0.59,0.86,0.87,0.11,0.48,0.11,18848,23.17686653137207
0.58,0.74,0.39,0.59,0.86,0.87,0.11,0.48,0.12,18429,23.17786955833435
0.58,0.74,0.39,0.59,0.86,0.87,0.11,0.49,0.11,18488,23.18186593055725
0.59,0.75,0.39,0.6,0.86,0.87,0.11,0.49,0.12,18845,23.185840368270874
0.59,0.74,0.4,0.59,0.85,0.87,0.11,0.49,0.12,18656,23.189837217330933
0.6,0.75,0.39,0.6,0.86,0.87,0.11,0.49,0.12,18955,23.189837217330933
0.59,0.74,0.39,0.6,0.86,0.87,0.11,0.49,0.12,19128,23.193435192108154
0.6,0.74,0.4,0.6,0.86,0.87,0.11,0.49,0.12,18639,23.197576999664307
0.59,0.74,0.4,0.61,0.86,0.87,0.11,0.48,0.12,18440,23.202548265457153
0.58,0.75,0.4,0.6,0.86,0.87,0.11,0.48,0.12,18705,23.202548265457153
0.59,0.75,0.4,0.6,0.86,0.87,0.1,0.48,0.12,19310,23.20554757118225
0.59,0.75,0.4,0.6,0.86,0.87,0.11,0.48,0.12,18901,23.2105770111084
0.6,0.75,0.4,0.6,0.85,0.87,0.11,0.48,0.11,18532,23.214873790740967
0.59,0.74,0.4,0.6,0.87,0.87,0.11,0.48,0.12,18515,23.214873790740967
0.59,0.74,0.41,0.6,0.87,0.87,0.11,0.49,0.12,18940,23.21831703186035
0.59,0.74,0.4,0.59,0.87,0.87,0.11,0.49,0.12,18797,23.222570419311523
0.58,0.73,0.4,0.59,0.86,0.87,0.11,0.48,0.12,18470,23.226447343826294
0.59,0.74,0.4,0.59,0.86,0.87,0.12,0.49,0.12,18823,23.230039834976196
0.59,0.74,0.4,0.59,0.86,0.87,0.11,0.49,0.12,19090,23.2307870388031
0.59,0.73,0.41,0.59,0.86,0.87,0.1,0.49,0.12,18897,23.23471760749817
0.6,0.73,0.4,0.59,0.86,0.88,0.11,0.49,0.13,18070,23.238780736923218
0.59,0.74,0.4,0.58,0.86,0.87,0.11,0.49,0.12,18247,23.24192762374878
0.59,0.74,0.4,0.59,0.85,0.87,0.11,0.49,0.12,18576,23.242910146713257
0.59,0.73,0.4,0.59,0.86,0.87,0.11,0.5,0.12,18779,23.247279167175293
0.59,0.74,0.4,0.58,0.85,0.88,0.11,0.49,0.12,18736,23.250827074050903
0.59,0.74,0.4,0.59,0.85,0.87,0.11,0.5,0.12,18533,23.25488543510437
0.59,0.73,0.4,0.59,0.85,0.87,0.11,0.5,0.12,18578,23.25584387779236
0.59,0.74,0.4,0.59,0.85,0.87,0.11,0.49,0.12,18995,23.258896350860596
0.59,0.73,0.39,0.58,0.85,0.87,0.11,0.49,0.12,18826,23.26298761367798
0.6,0.73,0.4,0.59,0.85,0.87,0.11,0.5,0.12,18555,23.26798701286316
0.6,0.73,0.4,0.58,0.86,0.87,0.11,0.49,0.12,18746,23.26798701286316
0.6,0.73,0.4,0.58,0.86,0.87,0.11,0.5,0.12,18933,23.271989345550537
0.59,0.73,0.39,0.59,0.86,0.87,0.11,0.5,0.12,18880,23.275988817214966
0.58,0.73,0.4,0.58,0.86,0.87,0.11,0.49,0.12,18607,23.28014850616455
0.58,0.74,0.4,0.58,0.86,0.88,0.11,0.5,0.12,18786,23.28014850616455
0.59,0.74,0.39,0.58,0.86,0.87,0.11,0.5,0.12,18889,23.283584356307983
0.58,0.74,0.39,0.58,0.86,0.87,0.11,0.5,0.12,19180,23.28765320777893
0.58,0.73,0.39,0.58,0.86,0.87,0.11,0.5,0.12,18879,23.293145418167114
0.59,0.74,0.39,0.58,0.87,0.87,0.12,0.49,0.12,19182,23.293145418167114
0.59,0.74,0.39,0.58,0.87,0.87,0.11,0.5,0.12,19029,23.295533418655396
0.59,0.74,0.39,0.57,0.86,0.87,0.11,0.5,0.12,18674,23.300200700759888
0.59,0.74,0.39,0.57,0.86,0.88,0.11,0.5,0.12,19077,23.305302619934082
0.59,0.74,0.39,0.57,0.86,0.88,0.11,0.5,0.12,19326,23.308173656463623
0.59,0.74,0.39,0.58,0.86,0.88,0.11,0.5,0.12,19029,23.309240102767944
0.59,0.74,0.39,0.58,0.85,0.87,0.1,0.5,0.12,18836,23.312634229660034
0.59,0.74,0.39,0.57,0.86,0.87,0.11,0.5,0.12,18783,23.316672563552856
0.59,0.75,0.38,0.57,0.85,0.87,0.11,0.5,0.12,18664,23.320672512054443
0.59,0.75,0.39,0.58,0.85,0.87,0.12,0.5,0.12,18187,23.320672512054443
0.59,0.75,0.39,0.58,0.86,0.88,0.11,0.5,0.12,18414,23.324658632278442
0.59,0.74,0.39,0.57,0.85,0.88,0.11,0.5,0.12,18659,23.32852077484131
0.59,0.75,0.39,0.58,0.85,0.88,0.11,0.5,0.12,19006,23.33295226097107
0.59,0.75,0.39,0.58,0.85,0.88,0.11,0.5,0.12,18805,23.33295226097107
0.6,0.74,0.39,0.58,0.85,0.88,0.12,0.49,0.12,18896,23.336852312088013
0.59,0.75,0.39,0.58,0.85,0.88,0.11,0.5,0.12,18709,23.341519355773926
0.6,0.75,0.39,0.59,0.85,0.87,0.12,0.5,0.12,18794,23.34518337249756
0.59,0.75,0.39,0.58,0.85,0.87,0.11,0.5,0.12,18829,23.346543073654175
0.59,0.75,0.39,0.58,0.85,0.88,0.11,0.5,0.12,18620,23.349586486816406
0.59,0.75,0.39,0.59,0.85,0.87,0.11,0.5,0.12,18483,23.353581428527832
0.59,0.75,0.38,0.58,0.86,0.88,0.11,0.5,0.12,18796,23.357749700546265
0.59,0.74,0.39,0.58,0.86,0.87,0.11,0.5,0.12,18629,23.358716011047363
0.59,0.74,0.39,0.59,0.86,0.87,0.11,0.5,0.12,18500,23.36176085472107
0.59,0.74,0.39,0.58,0.86,0.87,0.11,0.49,0.12,18639,23.365794897079468
0.59,0.74,0.39,0.58,0.86,0.87,0.12,0.5,0.12,18594,23.36976456642151
0.59,0.74,0.39,0.58,0.86,0.87,0.11,0.49,0.12,18261,23.37340784072876
0.57,0.74,0.39,0.58,0.85,0.88,0.11,0.5,0.12,18558,23.37340784072876
0.57,0.74,0.39,0.59,0.87,0.88,0.11,0.5,0.12,19119,23.37799596786499
0.58,0.74,0.39,0.58,0.86,0.87,0.11,0.49,0.12,18610,23.381982803344727
0.57,0.74,0.4,0.58,0.86,0.87,0.11,0.5,0.12,17943,23.38598322868347
0.57,0.74,0.4,0.58,0.86,0.87,0.11,0.49,0.13,18434,23.386982202529907
0.58,0.74,0.4,0.58,0.86,0.87,0.11,0.49,0.13,18641,23.3901846408844
0.57,0.74,0.4,0.58,0.86,0.88,0.11,0.49,0.13,19100,23.394389629364014
0.58,0.74,0.4,0.58,0.86,0.88,0.11,0.49,0.13,18859,23.398329496383667
0.58,0.75,0.4,0.58,0.87,0.88,0.11,0.49,0.13,18446,23.399359226226807
0.58,0.75,0.39,0.59,0.86,0.87,0.11,0.49,0.12,18903,23.402409553527832
0.58,0.75,0.4,0.59,0.86,0.88,0.11,0.49,0.13,18360,23.407358407974243
0.58,0.74,0.4,0.59,0.86,0.88,0.11,0.5,0.13,18643,23.410635948181152
0.58,0.74,0.4,0.59,0.86,0.88,0.11,0.49,0.13,18942,23.41135835647583
0.57,0.73,0.4,0.58,0.86,0.88,0.11,0.49,0.13,18829,23.415358066558838
0.57,0.73,0.4,0.58,0.86,0.88,0.11,0.49,0.13,18940,23.41876745223999
0.57,0.73,0.39,0.58,0.85,0.88,0.11,0.49,0.12,19285,23.42305016517639
0.58,0.73,0.39,0.58,0.86,0.88,0.11,0.5,0.13,19390,23.424046277999878
0.58,0.74,0.4,0.58,0.86,0.88,0.11,0.49,0.12,18849,23.427029371261597
0.58,0.73,0.4,0.58,0.86,0.88,0.11,0.49,0.13,18958,23.431198596954346
0.59,0.74,0.4,0.58,0.86,0.88,0.11,0.49,0.13,18731,23.435572624206543
0.58,0.74,0.4,0.59,0.86,0.88,0.11,0.49,0.13,18314,23.439189195632935
0.58,0.74,0.4,0.58,0.86,0.88,0.12,0.49,0.13,18299,23.439583778381348
0.58,0.74,0.4,0.59,0.86,0.88,0.11,0.49,0.12,18188,23.44279456138611
0.59,0.74,0.4,0.59,0.86,0.88,0.11,0.5,0.12,18393,23.448163270950317
0.58,0.75,0.4,0.58,0.86,0.88,0.11,0.49,0.12,19038,23.45189118385315
0.58,0.74,0.4,0.59,0.86,0.88,0.11,0.5,0.12,18953,23.452490091323853
0.59,0.74,0.4,0.58,0.86,0.88,0.11,0.49,0.12,18734,23.455855131149292
0.59,0.74,0.39,0.58,0.86,0.88,0.11,0.5,0.12,18773,23.45982837677002
0.59,0.74,0.4,0.58,0.87,0.88,0.12,0.5,0.12,18636,23.464029788970947
0.59,0.74,0.4,0.58,0.86,0.88,0.11,0.5,0.12,18727,23.464823484420776
0.6,0.74,0.4,0.58,0.86,0.88,0.11,0.5,0.12,18404,23.46880292892456
0.59,0.73,0.39,0.58,0.86,0.88,0.11,0.49,0.12,18681,23.47282361984253
0.59,0.73,0.39,0.59,0.86,0.88,0.11,0.49,0.12,18774,23.475935459136963
0.58,0.74,0.39,0.58,0.87,0.88,0.11,0.49,0.12,18845,23.475935459136963
0.6,0.73,0.39,0.58,0.87,0.89,0.11,0.5,0.12,18564,23.480186223983765
0.6,0.74,0.39,0.59,0.87,0.88,0.11,0.5,0.12,18707,23.484943151474
0.61,0.74,0.39,0.6,0.87,0.88,0.12,0.5,0.12,19148,23.488401889801025
0.6,0.73,0.39,0.59,0.86,0.88,0.11,0.49,0.12,18489,23.489413499832153
0.6,0.73,0.39,0.6,0.85,0.88,0.1,0.49,0.12,18586,23.49241352081299
0.6,0.74,0.39,0.59,0.86,0.88,0.11,0.49,0.12,19045,23.496586799621582
0.6,0.74,0.39,0.6,0.86,0.88,0.11,0.49,0.12,19148,23.501874685287476
0.6,0.74,0.39,0.59,0.86,0.88,0.12,0.49,0.12,18853,23.501874685287476
0.6,0.74,0.39,0.59,0.86,0.88,0.12,0.49,0.12,18746,23.504501581192017
0.6,0.74,0.39,0.59,0.86,0.88,0.12,0.5,0.12,18449,23.50947618484497
0.6,0.74,0.39,0.59,0.86,0.88,0.12,0.5,0.12,18384,23.513598918914795
0.6,0.74,0.39,0.59,0.87,0.88,0.11,0.49,0.12,18845,23.5168936252594
0.61,0.74,0.4,0.6,0.86,0.88,0.12,0.49,0.12,18912,23.5176203250885
0.6,0.74,0.39,0.59,0.86,0.88,0.11,0.5,0.12,18911,23.52161979675293
0.6,0.74,0.39,0.6,0.86,0.89,0.11,0.49,0.12,18476,23.525620222091675
0.6,0.74,0.39,0.59,0.86,0.88,0.11,0.49,0.12,18675,23.528995752334595
0.6,0.74,0.4,0.6,0.86,0.88,0.12,0.49,0.12,18972,23.529714584350586
0.6,0.74,0.4,0.59,0.86,0.88,0.11,0.5,0.12,19275,23.53404188156128
0.6,0.74,0.4,0.6,0.86,0.88,0.11,0.5,0.12,19450,23.53834080696106
0.6,0.74,0.39,0.6,0.87,0.88,0.11,0.5,0.12,18731,23.54171919822693
0.61,0.73,0.39,0.6,0.86,0.88,0.11,0.5,0.12,18858,23.542850017547607
0.61,0.74,0.39,0.59,0.86,0.88,0.12,0.5,0.12,18649,23.54544496536255
0.6,0.74,0.39,0.59,0.86,0.88,0.11,0.5,0.12,19130,23.55048966407776
0.61,0.74,0.39,0.59,0.86,0.88,0.11,0.49,0.12,19163,23.55405282974243
0.61,0.74,0.39,0.59,0.87,0.88,0.11,0.5,0.12,18526,23.55505394935608
0.61,0.74,0.39,0.59,0.86,0.88,0.12,0.5,0.12,18313,23.558056592941284
0.61,0.74,0.39,0.6,0.87,0.89,0.12,0.49,0.12,18550,23.562602043151855
0.6,0.74,0.39,0.6,0.87,0.88,0.11,0.49,0.12,18875,23.566150188446045
0.61,0.74,0.39,0.6,0.87,0.89,0.11,0.49,0.12,19058,23.567180395126343
0.61,0.74,0.39,0.6,0.87,0.88,0.12,0.49,0.12,18895,23.571181535720825
0.61,0.75,0.39,0.6,0.86,0.88,0.11,0.49,0.12,19008,23.574581623077393
0.6,0.74,0.39,0.6,0.86,0.88,0.11,0.49,0.12,18485,23.578684091567993
0.6,0.74,0.39,0.6,0.86,0.88,0.11,0.49,0.12,18230,23.581682920455933
0.6,0.75,0.39,0.6,0.86,0.88,0.11,0.49,0.12,18743,23.58268666267395
0.6,0.75,0.39,0.6,0.86,0.88,0.11,0.49,0.12,18832,23.586683750152588
0.6,0.74,0.39,0.6,0.87,0.88,0.11,0.5,0.12,19063,23.590681791305542
0.59,0.74,0.39,0.59,0.87,0.88,0.11,0.5,0.12,19122,23.594682216644287
0.6,0.74,0.4,0.59,0.87,0.88,0.11,0.5,0.12,18607,23.594682216644287
0.6,0.74,0.4,0.6,0.87,0.88,0.11,0.49,0.12,18736,23.598684787750244
0.6,0.74,0.4,0.6,0.86,0.88,0.11,0.5,0.12,18321,23.602996826171875
0.6,0.74,0.4,0.6,0.86,0.88,0.11,0.5,0.12,18268,23.60718274116516
0.59,0.74,0.4,0.6,0.86,0.88,0.11,0.5,0.12,18383,23.608036279678345
0.6,0.74,0.4,0.61,0.87,0.88,0.11,0.49,0.12,18562,23.61223316192627
0.6,0.75,0.4,0.6,0.86,0.88,0.12,0.5,0.12,18915,23.61628031730652
0.6,0.74,0.4,0.6,0.87,0.88,0.12,0.5,0.12,18832,23.619574069976807
0.6,0.75,0.4,0.61,0.86,0.88,0.11,0.5,0.12,18573,23.620279550552368
0.6,0.74,0.4,0.6,0.86,0.88,0.11,0.49,0.12,18718,23.62325954437256
0.6,0.74,0.39,0.6,0.86,0.88,0.11,0.49,0.12,18653,23.627690076828003
0.6,0.74,0.4,0.6,0.86,0.88,0.11,0.49,0.12,18584,23.631771326065063
0.6,0.74,0.39,0.6,0.86,0.89,0.11,0.48,0.13,18667,23.63272190093994
0.6,0.74,0.39,0.6,0.86,0.89,0.11,0.5,0.12,18650,23.636011838912964
0.6,0.74,0.4,0.6,0.86,0.89,0.11,0.5,0.12,18585,23.6410174369812
0.61,0.74,0.39,0.61,0.86,0.89,0.11,0.5,0.12,18744,23.643949031829834
0.61,0.74,0.39,0.6,0.87,0.89,0.11,0.48,0.12,18811,23.648229122161865
0.61,0.74,0.39,0.6,0.87,0.88,0.11,0.5,0.12,19148,23.648881196975708
0.6,0.74,0.39,0.6,0.87,0.88,0.11,0.51,0.12,18673,23.652392625808716
0.6,0.74,0.39,0.61,0.86,0.89,0.11,0.5,0.12,18296,23.656423568725586
0.6,0.74,0.39,0.6,0.86,0.89,0.11,0.5,0.12,18765,23.66040277481079
0.6,0.74,0.39,0.61,0.86,0.89,0.11,0.51,0.12,18476,23.66139817237854
0.61,0.74,0.39,0.61,0.86,0.89,0.11,0.5,0.12,18539,23.664389610290527
0.6,0.74,0.39,0.6,0.85,0.89,0.11,0.51,0.12,18792,23.668699264526367
0.62,0.75,0.39,0.61,0.85,0.88,0.11,0.5,0.13,18657,23.672022819519043
0.61,0.74,0.39,0.61,0.86,0.88,0.11,0.5,0.12,18678,23.673073530197144
0.61,0.74,0.39,0.6,0.86,0.88,0.11,0.5,0.12,19279,23.677069425582886
0.62,0.74,0.39,0.6,0.86,0.88,0.11,0.51,0.12,19284,23.681069374084473
0.62,0.75,0.39,0.6,0.86,0.88,0.11,0.51,0.12,19137,23.684468030929565
0.61,0.75,0.39,0.6,0.86,0.88,0.11,0.51,0.12,18664,23.685473680496216
0.62,0.75,0.4,0.61,0.87,0.88,0.11,0.51,0.12,18851,23.68878173828125
0.62,0.75,0.4,0.61,0.87,0.88,0.11,0.51,0.12,18690,23.69309139251709
0.61,0.75,0.39,0.61,0.87,0.89,0.11,0.51,0.12,18471,23.69707489013672
0.61,0.75,0.4,0.6,0.87,0.89,0.11,0.51,0.12,18718,23.69810962677002
0.61,0.74,0.39,0.6,0.87,0.88,0.12,0.51,0.12,19193,23.70110583305359
0.61,0.75,0.4,0.6,0.87,0.88,0.11,0.5,0.12,18762,23.7062087059021
0.61,0.75,0.4,0.59,0.87,0.88,0.11,0.51,0.12,18431,23.709208726882935
0.61,0.76,0.4,0.59,0.86,0.88,0.11,0.51,0.12,18888,23.709208726882935
0.61,0.75,0.4,0.58,0.86,0.89,0.11,0.51,0.12,18905,23.71420931816101
0.61,0.76,0.4,0.6,0.87,0.88,0.11,0.52,0.12,18730,23.7188777923584
0.61,0.76,0.4,0.6,0.87,0.88,0.11,0.52,0.12,18551,23.721978187561035
0.61,0.76,0.4,0.59,0.86,0.89,0.12,0.52,0.12,18898,23.72575354576111
0.61,0.76,0.4,0.59,0.87,0.88,0.11,0.52,0.12,18951,23.72575354576111
0.61,0.76,0.4,0.58,0.87,0.89,0.11,0.52,0.12,18436,23.73119020462036
0.61,0.76,0.39,0.59,0.86,0.88,0.12,0.52,0.12,18173,23.73441171646118
0.61,0.76,0.4,0.59,0.86,0.89,0.11,0.52,0.12,18270,23.737889766693115
0.6,0.75,0.39,0.6,0.86,0.88,0.11,0.52,0.12,18473,23.73923373222351
0.6,0.76,0.4,0.6,0.86,0.88,0.11,0.52,0.13,18852,23.741688013076782
0.6,0.75,0.4,0.6,0.86,0.88,0.11,0.52,0.12,18809,23.74670958518982
0.6,0.76,0.4,0.6,0.86,0.88,0.11,0.52,0.12,18858,23.74969172477722
0.6,0.76,0.4,0.6,0.86,0.88,0.11,0.53,0.12,18495,23.74969172477722
0.6,0.76,0.4,0.61,0.86,0.88,0.11,0.52,0.12,18992,23.755340337753296
0.6,0.75,0.39,0.6,0.86,0.88,0.11,0.52,0.12,18951,23.759323358535767
0.6,0.76,0.4,0.61,0.86,0.88,0.11,0.52,0.13,18678,23.762877225875854
0.6,0.76,0.4,0.61,0.86,0.88,0.11,0.51,0.12,18313,23.763937950134277
0.6,0.76,0.39,0.6,0.85,0.89,0.11,0.51,0.12,18656,23.767261505126953
0.61,0.76,0.4,0.61,0.86,0.88,0.11,0.52,0.12,19191,23.771093368530273
0.61,0.76,0.39,0.61,0.85,0.88,0.12,0.52,0.12,18724,23.775304794311523
0.6,0.76,0.39,0.61,0.84,0.88,0.11,0.51,0.12,18693,23.776318550109863
0.6,0.76,0.39,0.61,0.85,0.88,0.12,0.52,0.12,18814,23.779305458068848
0.61,0.76,0.39,0.61,0.85,0.88,0.11,0.52,0.12,18619,23.78330373764038
0.6,0.75,0.4,0.61,0.86,0.88,0.11,0.52,0.12,18506,23.787214517593384
0.61,0.75,0.39,0.61,0.86,0.88,0.11,0.52,0.12,18617,23.79147481918335
0.61,0.77,0.39,0.61,0.85,0.88,0.11,0.52,0.12,18822,23.79250979423523
0.61,0.77,0.39,0.61,0.85,0.88,0.11,0.52,0.12,18921,23.79551100730896
0.61,0.78,0.39,0.61,0.86,0.88,0.11,0.52,0.12,18778,23.799580335617065
0.61,0.77,0.39,0.61,0.86,0.88,0.11,0.51,0.12,18657,23.80361247062683
0.61,0.77,0.39,0.62,0.86,0.88,0.12,0.51,0.12,19138,23.80361247062683
0.62,0.77,0.39,0.61,0.86,0.88,0.11,0.52,0.12,18823,23.807775259017944
0.62,0.77,0.39,0.61,0.86,0.88,0.11,0.52,0.12,18436,23.811771392822266
0.62,0.77,0.38,0.6,0.86,0.89,0.11,0.52,0.12,18551,23.815773487091064
0.62,0.77,0.38,0.61,0.86,0.89,0.11,0.52,0.12,18436,23.816774606704712
0.62,0.76,0.38,0.61,0.86,0.89,0.11,0.52,0.12,18933,23.820125818252563
0.61,0.76,0.38,0.61,0.86,0.89,0.11,0.52,0.12,18546,23.824071407318115
0.61,0.76,0.38,0.6,0.86,0.88,0.11,0.52,0.12,18449,23.828114986419678
0.61,0.76,0.38,0.61,0.87,0.88,0.11,0.52,0.12,18442,23.829166412353516
0.61,0.76,0.38,0.61,0.86,0.88,0.11,0.52,0.12,18509,23.83278489112854
0.62,0.76,0.39,0.61,0.86,0.88,0.11,0.51,0.12,19002,23.836949586868286
0.62,0.76,0.39,0.6,0.86,0.88,0.12,0.51,0.12,19241,23.840799808502197
0.62,0.76,0.39,0.61,0.86,0.89,0.11,0.52,0.12,19350,23.840799808502197
0.62,0.76,0.39,0.61,0.86,0.88,0.12,0.51,0.12,18801,23.84509253501892
0.62,0.76,0.39,0.61,0.87,0.88,0.11,0.51,0.12,18924,23.84926700592041
0.62,0.76,0.39,0.6,0.87,0.89,0.11,0.51,0.12,18853,23.852775812149048
0.62,0.76,0.39,0.61,0.86,0.89,0.12,0.51,0.12,18652,23.856810331344604
0.62,0.76,0.39,0.62,0.87,0.88,0.11,0.51,0.12,18685,23.856810331344604
0.62,0.76,0.39,0.61,0.87,0.88,0.11,0.52,0.12,18544,23.861918926239014
0.62,0.77,0.39,0.61,0.86,0.89,0.11,0.52,0.12,18601,23.86481213569641
0.62,0.77,0.39,0.61,0.86,0.88,0.11,0.51,0.12,19266,23.86885118484497
0.61,0.76,0.39,0.61,0.86,0.89,0.11,0.52,0.12,19275,23.86987805366516
0.62,0.77,0.39,0.6,0.86,0.89,0.11,0.51,0.12,18926,23.873868942260742
0.62,0.76,0.39,0.61,0.86,0.89,0.11,0.51,0.12,18607,23.87787175178528
0.62,0.77,0.38,0.6,0.86,0.88,0.11,0.51,0.12,19112,23.880868673324585
0.62,0.77,0.39,0.6,0.86,0.89,0.12,0.51,0.12,18975,23.881868600845337
0.61,0.77,0.39,0.61,0.86,0.89,0.12,0.52,0.12,19074,23.885639667510986
0.61,0.77,0.38,0.61,0.86,0.89,0.11,0.52,0.12,18903,23.88970708847046
0.62,0.77,0.39,0.6,0.86,0.89,0.12,0.52,0.12,18656,23.893924474716187
0.62,0.77,0.39,0.61,0.85,0.88,0.11,0.52,0.12,18531,23.893924474716187
0.62,0.79,0.39,0.6,0.86,0.89,0.12,0.53,0.12,18890,23.898788690567017
0.62,0.77,0.39,0.61,0.86,0.89,0.12,0.52,0.12,18831,23.903255224227905
0.62,0.77,0.38,0.6,0.86,0.89,0.11,0.52,0.12,18734,23.906272649765015
0.62,0.77,0.39,0.61,0.86,0.88,0.11,0.52,0.11,18637,23.90725803375244
0.62,0.77,0.39,0.61,0.87,0.88,0.12,0.53,0.12,18902,23.9112548828125
0.62,0.77,0.39,0.61,0.86,0.88,0.11,0.52,0.12,18755,23.91446852684021
0.62,0.77,0.39,0.61,0.86,0.89,0.11,0.52,0.12,18528,23.919068813323975
0.62,0.76,0.39,0.61,0.86,0.88,0.12,0.53,0.12,18707,23.919068813323975
0.62,0.77,0.39,0.6,0.86,0.88,0.11,0.53,0.12,18772,23.922369956970215
0.62,0.76,0.39,0.6,0.86,0.88,0.11,0.53,0.12,18841,23.927391290664673
0.62,0.77,0.39,0.6,0.86,0.88,0.12,0.52,0.12,18748,23.93025541305542
0.62,0.77,0.39,0.61,0.86,0.89,0.12,0.52,0.12,18985,23.935009002685547
0.62,0.76,0.39,0.61,0.87,0.89,0.12,0.52,0.12,19036,23.936054706573486
0.62,0.76,0.39,0.61,0.86,0.89,0.11,0.52,0.12,18399,23.93959951400757
0.61,0.76,0.39,0.61,0.86,0.89,0.11,0.52,0.12,18540,23.94303321838379
0.62,0.76,0.39,0.61,0.86,0.89,0.11,0.52,0.12,18621,23.947038173675537
0.62,0.76,0.39,0.62,0.85,0.89,0.11,0.52,0.12,18796,23.947038173675537
0.62,0.76,0.39,0.61,0.86,0.88,0.11,0.52,0.12,19523,23.95160746574402
0.62,0.76,0.4,0.6,0.86,0.88,0.12,0.52,0.12,19088,23.95562171936035
0.62,0.77,0.39,0.6,0.86,0.88,0.11,0.52,0.12,18919,23.95967173576355
0.62,0.76,0.4,0.61,0.86,0.88,0.11,0.52,0.12,18486,23.95967173576355
0.62,0.76,0.4,0.62,0.87,0.88,0.11,0.51,0.12,18221,23.963626623153687
0.62,0.77,0.39,0.61,0.86,0.88,0.11,0.52,0.12,18486,23.96821355819702
0.62,0.76,0.4,0.62,0.87,0.89,0.11,0.52,0.12,18613,23.971399068832397
0.62,0.76,0.4,0.61,0.86,0.88,0.11,0.52,0.12,18606,23.972445487976074
0.62,0.76,0.4,0.62,0.87,0.88,0.11,0.52,0.12,19207,23.976616859436035
0.62,0.77,0.4,0.61,0.86,0.88,0.11,0.52,0.12,19172,23.98065447807312
0.62,0.76,0.4,0.61,0.87,0.88,0.11,0.52,0.12,18817,23.984638214111328
0.62,0.76,0.4,0.62,0.87,0.88,0.11,0.52,0.12,19140,23.984638214111328
0.62,0.76,0.4,0.61,0.86,0.88,0.12,0.52,0.12,18909,23.988654375076294
0.62,0.76,0.4,0.61,0.87,0.88,0.12,0.52,0.12,19048,23.99270725250244
0.62,0.77,0.4,0.61,0.87,0.88,0.11,0.52,0.12,19329,23.996617317199707
0.62,0.77,0.4,0.62,0.87,0.88,0.12,0.52,0.12,19030,23.997671365737915
0.62,0.76,0.4,0.62,0.87,0.88,0.11,0.52,0.12,18995,24.00106191635132
0.62,0.76,0.4,0.6,0.86,0.88,0.11,0.52,0.12,18896,24.00450038909912
0.62,0.76,0.4,0.62,0.86,0.88,0.12,0.52,0.12,18701,24.009151935577393
0.62,0.76,0.41,0.61,0.86,0.89,0.12,0.52,0.12,18968,24.012179136276245
0.61,0.76,0.41,0.62,0.87,0.88,0.11,0.52,0.12,19007,24.013157844543457
0.62,0.77,0.41,0.62,0.86,0.88,0.11,0.52,0.12,19108,24.01768970489502
0.62,0.76,0.41,0.62,0.86,0.88,0.12,0.52,0.12,18845,24.02136254310608
0.61,0.76,0.41,0.62,0.87,0.88,0.12,0.53,0.12,18722,24.024635076522827
0.62,0.76,0.41,0.62,0.87,0.88,0.11,0.52,0.12,18773,24.025373935699463
0.62,0.76,0.41,0.62,0.86,0.88,0.12,0.53,0.13,18966,24.02977442741394
0.62,0.76,0.41,0.61,0.87,0.88,0.11,0.52,0.12,18747,24.033655643463135
0.62,0.76,0.41,0.61,0.86,0.88,0.11,0.53,0.12,18662,24.036666870117188
0.62,0.76,0.41,0.61,0.87,0.88,0.12,0.52,0.12,18537,24.037673473358154
0.62,0.76,0.41,0.61,0.86,0.88,0.12,0.52,0.12,18750,24.04177737236023
0.62,0.76,0.41,0.62,0.87,0.88,0.11,0.52,0.12,18745,24.045775651931763
0.61,0.76,0.41,0.62,0.87,0.88,0.12,0.52,0.12,18788,24.04889416694641
0.62,0.76,0.41,0.62,0.88,0.88,0.11,0.52,0.12,18767,24.050037384033203
0.62,0.76,0.41,0.61,0.88,0.88,0.11,0.52,0.12,18158,24.053821563720703
0.62,0.76,0.41,0.62,0.88,0.88,0.12,0.52,0.13,18621,24.058853149414062
0.62,0.76,0.42,0.62,0.88,0.88,0.12,0.52,0.13,18788,24.061849117279053
0.62,0.76,0.42,0.61,0.87,0.89,0.11,0.51,0.13,18947,24.061849117279053
0.62,0.76,0.42,0.62,0.88,0.88,0.11,0.52,0.13,18714,24.066436767578125
0.61,0.76,0.41,0.61,0.87,0.88,0.11,0.52,0.12,18459,24.070794820785522
0.62,0.76,0.41,0.61,0.87,0.89,0.11,0.52,0.13,18894,24.07490348815918
0.61,0.76,0.41,0.62,0.87,0.89,0.11,0.52,0.13,18875,24.07490348815918
0.61,0.76,0.41,0.61,0.88,0.88,0.11,0.52,0.12,18666,24.07891607284546
0.61,0.76,0.41,0.62,0.88,0.89,0.11,0.52,0.12,18709,24.08336853981018
0.61,0.76,0.41,0.61,0.88,0.88,0.11,0.52,0.13,18700,24.08673620223999
0.61,0.76,0.42,0.62,0.88,0.89,0.11,0.52,0.13,18827,24.09052324295044
0.62,0.75,0.41,0.61,0.88,0.88,0.11,0.52,0.13,18606,24.091577529907227
0.62,0.77,0.42,0.61,0.88,0.89,0.11,0.51,0.13,18813,24.09457564353943
0.61,0.77,0.41,0.62,0.88,0.89,0.11,0.52,0.13,18564,24.09990620613098
0.62,0.75,0.41,0.62,0.89,0.89,0.11,0.51,0.12,18631,24.103018522262573
0.62,0.75,0.41,0.62,0.88,0.89,0.11,0.51,0.13,18820,24.104041814804077
0.61,0.76,0.41,0.62,0.88,0.89,0.12,0.51,0.12,18367,24.108031749725342
0.61,0.75,0.4,0.61,0.88,0.89,0.11,0.51,0.12,18820,24.11217498779297
0.61,0.75,0.4,0.62,0.88,0.89,0.11,0.52,0.12,18863,24.115261793136597
0.61,0.75,0.41,0.62,0.87,0.89,0.11,0.52,0.12,19130,24.116285800933838
0.61,0.76,0.41,0.62,0.88,0.89,0.11,0.52,0.12,19043,24.11974787712097
0.61,0.76,0.41,0.62,0.88,0.89,0.11,0.52,0.12,19028,24.123748064041138
0.61,0.76,0.41,0.62,0.88,0.89,0.11,0.52,0.13,18569,24.12815761566162
0.61,0.76,0.41,0.62,0.88,0.89,0.11,0.51,0.12,18722,24.12815761566162
0.62,0.76,0.41,0.62,0.88,0.89,0.11,0.52,0.12,18691,24.131571054458618
0.61,0.76,0.41,0.61,0.88,0.89,0.11,0.52,0.12,18532,24.135600805282593
0.61,0.76,0.41,0.62,0.88,0.89,0.11,0.52,0.12,18933,24.140342235565186
0.61,0.76,0.41,0.61,0.89,0.89,0.11,0.51,0.12,18724,24.140342235565186
0.61,0.76,0.41,0.61,0.89,0.89,0.11,0.52,0.12,18855,24.14478826522827
0.61,0.75,0.4,0.62,0.89,0.89,0.11,0.51,0.12,18450,24.147923231124878
0.61,0.76,0.41,0.61,0.88,0.89,0.11,0.52,0.12,18599,24.15190625190735
0.61,0.76,0.41,0.62,0.88,0.88,0.11,0.51,0.12,18508,24.153179168701172
0.61,0.76,0.41,0.61,0.88,0.89,0.11,0.52,0.12,18453,24.155749797821045
0.61,0.76,0.41,0.62,0.88,0.89,0.1,0.52,0.12,18668,24.16081738471985
0.61,0.76,0.42,0.62,0.88,0.89,0.12,0.51,0.12,18903,24.164817571640015
0.61,0.75,0.42,0.62,0.87,0.89,0.11,0.51,0.12,18742,24.164817571640015
0.61,0.76,0.41,0.62,0.87,0.89,0.11,0.51,0.12,18931,24.1688175201416
0.61,0.76,0.42,0.62,0.88,0.89,0.11,0.52,0.12,19276,24.172813653945923
0.61,0.76,0.41,0.62,0.87,0.89,0.11,0.52,0.12,18933,24.177096605300903
0.61,0.76,0.42,0.61,0.87,0.89,0.12,0.52,0.12,18770,24.1799578666687
0.61,0.76,0.41,0.61,0.87,0.89,0.11,0.52,0.12,18533,24.18138074874878
0.61,0.76,0.41,0.61,0.88,0.89,0.11,0.51,0.12,18970,24.18441367149353
0.61,0.75,0.42,0.62,0.88,0.89,0.11,0.52,0.12,18899,24.18838095664978
0.61,0.76,0.41,0.61,0.88,0.89,0.11,0.52,0.12,18482,24.192384719848633
0.61,0.76,0.41,0.61,0.88,0.89,0.11,0.51,0.12,18585,24.19337773323059
0.61,0.76,0.41,0.61,0.88,0.89,0.11,0.51,0.12,18776,24.197359561920166
0.61,0.76,0.41,0.62,0.87,0.89,0.11,0.52,0.12,18623,24.201595067977905
0.61,0.76,0.41,0.62,0.87,0.88,0.11,0.52,0.13,18404,24.205615758895874
0.6,0.76,0.41,0.62,0.88,0.89,0.11,0.51,0.12,18551,24.205615758895874
0.6,0.76,0.41,0.61,0.88,0.89,0.11,0.51,0.12,18778,24.20959496498108
0.61,0.75,0.42,0.61,0.88,0.89,0.11,0.52,0.12,18843,24.213800191879272
0.61,0.76,0.41,0.62,0.88,0.89,0.11,0.52,0.12,18784,24.217612981796265
0.61,0.75,0.41,0.62,0.88,0.89,0.11,0.52,0.13,18953,24.21868324279785
0.61,0.76,0.41,0.62,0.88,0.89,0.11,0.51,0.13,19222,24.221935272216797
0.62,0.76,0.41,0.61,0.88,0.89,0.11,0.51,0.12,18837,24.225871801376343
0.62,0.75,0.41,0.61,0.88,0.89,0.11,0.52,0.12,18928,24.22992992401123
0.62,0.76,0.41,0.61,0.89,0.89,0.11,0.52,0.13,19233,24.231016159057617
0.62,0.75,0.41,0.62,0.88,0.89,0.11,0.51,0.12,19160,24.233442544937134
0.61,0.76,0.41,0.61,0.88,0.89,0.12,0.52,0.13,18885,24.238736629486084
0.61,0.76,0.41,0.62,0.88,0.89,0.11,0.51,0.13,18642,24.242549419403076
0.62,0.76,0.41,0.61,0.88,0.89,0.11,0.52,0.12,19549,24.242549419403076
0.61,0.76,0.41,0.61,0.89,0.89,0.11,0.52,0.13,19332,24.246533155441284
0.62,0.76,0.41,0.62,0.89,0.89,0.11,0.52,0.12,18609,24.250351190567017
0.62,0.76,0.41,0.61,0.88,0.89,0.11,0.52,0.12,18540,24.254918813705444
0.62,0.76,0.41,0.62,0.89,0.89,0.11,0.52,0.12,18597,24.257912158966064
0.62,0.76,0.41,0.62,0.89,0.89,0.11,0.52,0.12,18602,24.258965253829956
0.61,0.76,0.41,0.62,0.88,0.89,0.11,0.52,0.12,18577,24.262527227401733
0.61,0.76,0.41,0.62,0.89,0.89,0.11,0.51,0.12,18774,24.26657271385193
0.61,0.76,0.41,0.61,0.88,0.89,0.11,0.52,0.12,18793,24.270869255065918
0.61,0.75,0.4,0.62,0.88,0.89,0.11,0.52,0.12,18826,24.271981477737427
0.61,0.76,0.41,0.62,0.88,0.89,0.11,0.53,0.12,18735,24.275312185287476
0.62,0.76,0.41,0.61,0.88,0.89,0.11,0.52,0.12,18682,24.27898144721985
0.62,0.76,0.41,0.62,0.88,0.89,0.11,0.52,0.12,18405,24.28391432762146
0.62,0.76,0.41,0.62,0.88,0.89,0.11,0.53,0.12,18664,24.28391432762146
0.61,0.77,0.41,0.62,0.88,0.89,0.11,0.53,0.12,18925,24.28791379928589
0.62,0.77,0.4,0.62,0.88,0.89,0.11,0.52,0.12,18598,24.291531324386597
0.62,0.76,0.4,0.62,0.88,0.89,0.11,0.52,0.12,18003,24.29555869102478
0.62,0.76,0.4,0.62,0.88,0.89,0.11,0.52,0.12,18246,24.296814680099487
0.62,0.76,0.41,0.62,0.88,0.89,0.11,0.52,0.12,18951,24.29992651939392
0.62,0.77,0.4,0.62,0.88,0.89,0.11,0.52,0.12,18784,24.30392622947693
0.62,0.76,0.41,0.62,0.88,0.89,0.12,0.52,0.12,18969,24.307969093322754
0.61,0.77,0.41,0.62,0.88,0.89,0.11,0.52,0.12,19056,24.307969093322754
0.62,0.77,0.41,0.62,0.88,0.88,0.11,0.52,0.12,19407,24.311534881591797
0.62,0.77,0.41,0.62,0.88,0.89,0.11,0.52,0.12,18998,24.31683111190796
0.62,0.77,0.41,0.62,0.88,0.89,0.12,0.52,0.12,18459,24.321205139160156
0.62,0.77,0.41,0.62,0.88,0.89,0.11,0.53,0.12,18456,24.32354974746704
0.62,0.77,0.41,0.62,0.88,0.89,0.11,0.53,0.12,18529,24.32354974746704
0.62,0.76,0.41,0.62,0.88,0.89,0.11,0.53,0.12,18476,24.328744649887085
0.61,0.77,0.42,0.62,0.89,0.89,0.12,0.53,0.13,18491,24.332744359970093
0.61,0.76,0.41,0.62,0.89,0.89,0.11,0.54,0.12,19042,24.33628559112549
0.61,0.76,0.41,0.62,0.89,0.89,0.11,0.53,0.12,18837,24.33733034133911
0.61,0.76,0.42,0.62,0.89,0.89,0.11,0.53,0.12,18290,24.340548515319824
0.61,0.76,0.41,0.62,0.88,0.89,0.11,0.53,0.12,18893,24.34451675415039
0.61,0.77,0.41,0.62,0.89,0.89,0.11,0.53,0.12,18874,24.348273992538452
0.62,0.76,0.41,0.62,0.89,0.89,0.11,0.53,0.12,18845,24.349321126937866
0.62,0.76,0.41,0.62,0.89,0.89,0.11,0.53,0.12,18650,24.352396726608276
0.62,0.77,0.41,0.62,0.89,0.89,0.11,0.53,0.12,18741,24.35755968093872
0.61,0.77,0.41,0.62,0.89,0.89,0.11,0.53,0.12,18684,24.36104941368103
0.62,0.77,0.41,0.62,0.89,0.89,0.12,0.53,0.12,18787,24.36212182044983
0.62,0.77,0.42,0.62,0.88,0.89,0.11,0.53,0.12,18766,24.366120100021362
0.62,0.77,0.42,0.62,0.88,0.89,0.11,0.53,0.12,19127,24.36911940574646
0.62,0.77,0.42,0.62,0.88,0.89,0.11,0.53,0.12,18858,24.374119997024536
0.62,0.76,0.42,0.62,0.88,0.89,0.11,0.53,0.12,18717,24.374119997024536
0.61,0.76,0.41,0.62,0.88,0.89,0.11,0.54,0.13,18492,24.378119468688965
0.62,0.76,0.41,0.62,0.88,0.88,0.11,0.54,0.12,18889,24.382339000701904
0.62,0.76,0.41,0.62,0.88,0.89,0.11,0.54,0.12,18700,24.38554072380066
0.62,0.76,0.42,0.62,0.88,0.89,0.11,0.54,0.12,18597,24.389216899871826
0.62,0.75,0.41,0.62,0.88,0.89,0.12,0.54,0.12,19280,24.39030694961548
0.62,0.76,0.41,0.62,0.88,0.89,0.11,0.54,0.12,19201,24.393300771713257
0.63,0.76,0.41,0.61,0.88,0.89,0.11,0.54,0.12,18706,24.398679494857788
0.62,0.76,0.41,0.61,0.88,0.89,0.11,0.54,0.12,18607,24.401923179626465
0.62,0.76,0.41,0.61,0.88,0.89,0.11,0.54,0.12,18724,24.402679204940796
0.62,0.76,0.41,0.61,0.88,0.89,0.12,0.54,0.12,18679,24.40657377243042
0.62,0.76,0.41,0.62,0.89,0.89,0.12,0.54,0.12,18668,24.409963130950928
0.62,0.76,0.41,0.62,0.88,0.89,0.11,0.53,0.13,18617,24.414271354675293
0.62,0.76,0.42,0.62,0.89,0.89,0.11,0.53,0.12,18706,24.41525149345398
0.63,0.76,0.42,0.63,0.89,0.89,0.11,0.53,0.12,18477,24.418530464172363
0.62,0.76,0.41,0.62,0.88,0.89,0.11,0.53,0.12,18582,24.422565698623657
0.62,0.76,0.41,0.62,0.89,0.89,0.11,0.53,0.12,18959,24.426130056381226
0.62,0.76,0.41,0.62,0.88,0.89,0.11,0.54,0.12,19104,24.426889181137085
0.62,0.76,0.41,0.62,0.88,0.89,0.12,0.54,0.12,18555,24.430879592895508
0.62,0.76,0.42,0.62,0.88,0.89,0.11,0.54,0.13,19042,24.43488883972168
0.62,0.76,0.41,0.63,0.88,0.89,0.11,0.54,0.12,19003,24.439218997955322
0.62,0.76,0.41,0.62,0.88,0.89,0.11,0.54,0.12,18520,24.439218997955322
0.62,0.76,0.42,0.62,0.88,0.89,0.11,0.54,0.12,18853,24.44221830368042
0.62,0.76,0.41,0.63,0.88,0.89,0.11,0.54,0.12,19246,24.447257041931152
0.62,0.76,0.41,0.62,0.88,0.89,0.11,0.54,0.12,19167,24.45067262649536
0.62,0.76,0.41,0.62,0.87,0.89,0.11,0.54,0.13,18850,24.45493245124817
0.62,0.77,0.41,0.62,0.88,0.89,0.11,0.54,0.13,18549,24.455978870391846
0.62,0.77,0.41,0.62,0.88,0.89,0.11,0.54,0.12,18752,24.4591646194458
0.62,0.77,0.41,0.62,0.88,0.89,0.11,0.54,0.12,19053,24.464215993881226
0.62,0.77,0.41,0.62,0.87,0.89,0.1,0.54,0.13,18688,24.466808795928955
0.62,0.76,0.41,0.62,0.88,0.89,0.11,0.54,0.13,18819,24.46782088279724
0.62,0.76,0.41,0.62,0.88,0.89,0.11,0.54,0.13,18512,24.47204065322876
0.63,0.77,0.42,0.62,0.87,0.89,0.1,0.53,0.13,18325,24.475064039230347
0.62,0.76,0.41,0.62,0.87,0.89,0.11,0.54,0.13,18382,24.479410648345947
0.62,0.77,0.41,0.62,0.87,0.89,0.11,0.53,0.13,18567,24.480074167251587
0.62,0.77,0.41,0.62,0.87,0.89,0.11,0.53,0.13,18726,24.483737230300903
0.63,0.77,0.4,0.62,0.87,0.9,0.11,0.54,0.12,18907,24.48904323577881
0.62,0.77,0.41,0.62,0.88,0.89,0.11,0.53,0.13,18876,24.492043256759644
0.62,0.77,0.41,0.62,0.88,0.89,0.11,0.54,0.13,18727,24.492043256759644
0.61,0.77,0.41,0.62,0.88,0.89,0.11,0.53,0.12,18818,24.4970703125
0.62,0.77,0.41,0.62,0.87,0.89,0.11,0.53,0.12,19081,24.500502347946167
0.62,0.77,0.41,0.62,0.87,0.9,0.11,0.54,0.13,18722,24.504008054733276
0.62,0.76,0.41,0.62,0.88,0.9,0.11,0.54,0.12,18223,24.505054712295532
0.62,0.77,0.41,0.62,0.88,0.9,0.1,0.54,0.12,18502,24.50804305076599
0.62,0.77,0.41,0.61,0.88,0.89,0.1,0.54,0.12,18597,24.513072967529297
0.62,0.77,0.4,0.62,0.88,0.89,0.1,0.54,0.12,18856,24.5166916847229
0.62,0.77,0.41,0.62,0.88,0.89,0.1,0.54,0.13,19109,24.517696619033813
0.62,0.77,0.41,0.62,0.88,0.89,0.1,0.54,0.13,18956,24.52098274230957
0.62,0.77,0.41,0.62,0.89,0.89,0.11,0.53,0.13,18621,24.524462938308716
0.62,0.77,0.41,0.61,0.88,0.89,0.11,0.54,0.13,18726,24.529784202575684
0.62,0.77,0.41,0.62,0.88,0.9,0.11,0.53,0.13,18741,24.5326669216156
0.62,0.77,0.41,0.61,0.88,0.89,0.11,0.54,0.13,18840,24.5326669216156
0.62,0.77,0.4,0.61,0.89,0.9,0.11,0.54,0.12,18913,24.536568641662598
0.62,0.77,0.41,0.61,0.89,0.89,0.11,0.54,0.13,19086,24.541605949401855
0.62,0.77,0.41,0.61,0.88,0.9,0.11,0.54,0.13,18867,24.54517912864685
0.62,0.77,0.41,0.62,0.89,0.9,0.11,0.54,0.13,18820,24.546133041381836
0.62,0.77,0.41,0.62,0.88,0.89,0.11,0.54,0.12,18673,24.55013346672058
0.62,0.77,0.41,0.62,0.88,0.89,0.11,0.53,0.13,18270,24.553618669509888
0.62,0.77,0.41,0.62,0.89,0.89,0.11,0.54,0.13,18023,24.55780863761902
0.62,0.77,0.41,0.62,0.89,0.89,0.1,0.53,0.12,18418,24.558852672576904
0.62,0.77,0.41,0.61,0.89,0.89,0.11,0.54,0.12,18581,24.561855792999268
0.61,0.76,0.41,0.61,0.89,0.89,0.1,0.54,0.13,18586,24.566779375076294
0.62,0.76,0.41,0.61,0.89,0.89,0.11,0.53,0.13,18605,24.569417715072632
0.62,0.77,0.42,0.62,0.89,0.89,0.11,0.54,0.13,18624,24.570592164993286
0.62,0.77,0.42,0.61,0.89,0.89,0.11,0.53,0.13,18725,24.574598789215088
0.61,0.77,0.42,0.61,0.89,0.89,0.11,0.53,0.13,18612,24.57911252975464
0.62,0.77,0.42,0.61,0.89,0.89,0.11,0.53,0.13,18479,24.581648111343384
0.61,0.77,0.42,0.61,0.89,0.89,0.11,0.53,0.12,18648,24.582653999328613
0.61,0.77,0.42,0.61,0.89,0.89,0.11,0.53,0.13,19117,24.587018966674805
0.62,0.77,0.42,0.62,0.89,0.89,0.11,0.53,0.13,18914,24.591033935546875
0.61,0.76,0.42,0.62,0.89,0.89,0.11,0.53,0.13,18369,24.594032287597656
0.62,0.76,0.42,0.61,0.89,0.89,0.11,0.53,0.13,18312,24.598413467407227
0.61,0.76,0.42,0.62,0.89,0.89,0.11,0.53,0.13,18231,24.5990252494812
0.61,0.76,0.42,0.62,0.89,0.89,0.11,0.53,0.13,18490,24.602471590042114
0.62,0.76,0.42,0.62,0.89,0.89,0.11,0.53,0.13,18567,24.607518196105957
0.62,0.76,0.42,0.62,0.89,0.89,0.11,0.53,0.13,18672,24.610575437545776
0.62,0.76,0.42,0.62,0.89,0.89,0.11,0.53,0.13,18915,24.610575437545776
0.62,0.77,0.42,0.62,0.88,0.89,0.11,0.53,0.12,18866,24.61467671394348
0.62,0.76,0.42,0.62,0.89,0.89,0.1,0.53,0.13,18833,24.619226694107056
0.62,0.76,0.42,0.62,0.89,0.89,0.11,0.52,0.12,18758,24.623148202896118
0.62,0.75,0.42,0.62,0.89,0.89,0.11,0.53,0.13,19113,24.624165773391724
0.62,0.76,0.42,0.62,0.89,0.89,0.11,0.53,0.13,18724,24.62803554534912
0.62,0.76,0.42,0.62,0.89,0.89,0.11,0.53,0.13,18725,24.632354497909546
0.62,0.75,0.42,0.62,0.89,0.89,0.11,0.53,0.13,19084,24.635424613952637
0.62,0.76,0.42,0.62,0.88,0.89,0.11,0.54,0.13,18807,24.635500192642212
0.62,0.76,0.42,0.62,0.89,0.89,0.11,0.53,0.13,18598,24.639566659927368
0.62,0.76,0.42,0.62,0.89,0.89,0.11,0.53,0.13,18713,24.643565893173218
0.62,0.76,0.42,0.62,0.89,0.89,0.11,0.53,0.13,19100,24.64756679534912
0.62,0.76,0.42,0.62,0.89,0.89,0.11,0.53,0.13,19359,24.64756679534912
0.61,0.76,0.42,0.62,0.89,0.89,0.11,0.53,0.13,19272,24.651562452316284
0.62,0.76,0.41,0.62,0.89,0.89,0.11,0.53,0.13,18797,24.65573525428772
0.62,0.76,0.42,0.62,0.89,0.89,0.11,0.53,0.13,18672,24.65973687171936
0.61,0.76,0.42,0.62,0.89,0.89,0.11,0.53,0.13,18821,24.662943124771118
0.61,0.76,0.41,0.62,0.89,0.89,0.11,0.53,0.13,18972,24.663941860198975
0.62,0.76,0.42,0.62,0.89,0.89,0.11,0.53,0.13,19185,24.66835927963257
0.61,0.76,0.42,0.62,0.88,0.89,0.11,0.53,0.13,18918,24.672358512878418
0.61,0.75,0.42,0.61,0.88,0.89,0.11,0.53,0.13,18847,24.675358057022095
0.62,0.75,0.42,0.62,0.89,0.89,0.11,0.53,0.13,19008,24.676363468170166
0.62,0.75,0.42,0.62,0.88,0.89,0.11,0.53,0.13,18839,24.680362462997437
0.62,0.75,0.42,0.62,0.88,0.88,0.11,0.53,0.13,18796,24.68436884880066
0.61,0.74,0.42,0.61,0.89,0.89,0.11,0.52,0.13,18775,24.68826913833618
0.62,0.75,0.42,0.62,0.89,0.89,0.11,0.51,0.13,18786,24.689387559890747
0.62,0.75,0.42,0.62,0.89,0.89,0.11,0.51,0.13,19057,24.692593574523926
0.61,0.74,0.41,0.62,0.89,0.89,0.11,0.51,0.13,18594,24.697593688964844
0.61,0.75,0.42,0.62,0.88,0.89,0.11,0.51,0.13,18373,24.701188325881958
0.62,0.75,0.42,0.62,0.89,0.89,0.11,0.51,0.13,18778,24.70219588279724
0.62,0.75,0.42,0.62,0.89,0.89,0.11,0.51,0.13,18747,24.705323219299316
0.61,0.75,0.42,0.62,0.89,0.89,0.11,0.51,0.13,18990,24.710160732269287
0.61,0.75,0.42,0.62,0.89,0.89,0.11,0.51,0.14,19307,24.713159322738647
0.62,0.74,0.41,0.62,0.89,0.89,0.11,0.5,0.13,19170,24.713159322738647
0.62,0.74,0.42,0.62,0.9,0.89,0.11,0.51,0.13,18855,24.718158960342407
0.61,0.74,0.42,0.61,0.89,0.89,0.11,0.5,0.13,18290,24.721424102783203
0.62,0.75,0.42,0.62,0.89,0.89,0.11,0.5,0.13,18485,24.725566148757935
0.62,0.75,0.42,0.62,0.89,0.89,0.11,0.51,0.13,18862,24.726510047912598
0.61,0.75,0.42,0.62,0.89,0.89,0.11,0.51,0.13,18801,24.729512453079224
0.62,0.75,0.42,0.62,0.89,0.89,0.11,0.51,0.13,18466,24.734023332595825
0.62,0.75,0.41,0.62,0.89,0.89,0.11,0.51,0.13,18385,24.737617015838623
0.62,0.76,0.42,0.62,0.89,0.89,0.11,0.51,0.13,18722,24.74153208732605
0.62,0.76,0.42,0.62,0.89,0.89,0.11,0.51,0.13,19063,24.74153208732605
0.61,0.76,0.41,0.62,0.88,0.89,0.11,0.51,0.13,18804,24.74660062789917
0.62,0.76,0.42,0.62,0.88,0.89,0.11,0.51,0.13,18791,24.75009560585022
0.61,0.76,0.42,0.62,0.88,0.89,0.11,0.51,0.13,18442,24.75407886505127
0.61,0.76,0.42,0.62,0.88,0.88,0.11,0.51,0.13,18675,24.755069255828857
0.61,0.76,0.42,0.62,0.88,0.89,0.11,0.52,0.13,19032,24.75809955596924
0.61,0.76,0.42,0.62,0.89,0.88,0.11,0.52,0.13,18695,24.763099908828735
0.61,0.76,0.42,0.62,0.89,0.89,0.11,0.52,0.13,18126,24.766709566116333
0.61,0.76,0.42,0.62,0.89,0.89,0.11,0.52,0.13,17821,24.766709566116333
0.61,0.77,0.42,0.62,0.88,0.89,0.11,0.52,0.13,18034,24.77093005180359
0.6,0.77,0.42,0.62,0.88,0.89,0.11,0.52,0.13,18681,24.774933099746704
0.6,0.77,0.42,0.62,0.88,0.89,0.11,0.51,0.13,18962,24.778844356536865
0.59,0.77,0.42,0.62,0.89,0.89,0.11,0.52,0.13,18867,24.778844356536865
0.6,0.77,0.42,0.61,0.89,0.89,0.11,0.52,0.13,19074,24.78328275680542
0.6,0.77,0.42,0.61,0.88,0.89,0.11,0.52,0.13,18959,24.786942958831787
0.6,0.77,0.42,0.62,0.89,0.89,0.1,0.52,0.13,19006,24.790717124938965
0.6,0.76,0.42,0.62,0.88,0.89,0.11,0.52,0.13,18663,24.791756629943848
0.6,0.76,0.42,0.62,0.88,0.9,0.11,0.52,0.13,18688,24.795777320861816
0.6,0.77,0.42,0.62,0.88,0.89,0.11,0.52,0.13,19003,24.800269603729248
0.6,0.77,0.42,0.62,0.88,0.89,0.11,0.52,0.13,19184,24.803243398666382
0.6,0.76,0.42,0.63,0.88,0.89,0.11,0.52,0.13,18983,24.807173490524292
0.6,0.77,0.42,0.62,0.88,0.89,0.11,0.52,0.13,18932,24.808247327804565
0.6,0.77,0.42,0.62,0.88,0.89,0.11,0.53,0.13,18717,24.811214923858643
0.6,0.77,0.41,0.62,0.88,0.89,0.11,0.52,0.13,18474,24.816304206848145
0.6,0.77,0.42,0.62,0.88,0.89,0.11,0.52,0.13,18463,24.819663286209106
0.6,0.77,0.41,0.62,0.88,0.89,0.11,0.52,0.13,18566,24.819663286209106
0.6,0.76,0.42,0.62,0.88,0.89,0.11,0.52,0.13,18581,24.823702573776245
0.61,0.77,0.42,0.62,0.88,0.89,0.11,0.52,0.13,18824,24.828141450881958
0.61,0.77,0.42,0.62,0.89,0.89,0.11,0.52,0.13,18783,24.832024097442627
0.6,0.77,0.42,0.62,0.89,0.89,0.11,0.52,0.13,18664,24.832024097442627
0.6,0.77,0.42,0.63,0.89,0.89,0.11,0.52,0.13,18695,24.837072134017944
0.6,0.77,0.42,0.63,0.88,0.89,0.11,0.52,0.13,18980,24.839927434921265
0.6,0.77,0.41,0.62,0.89,0.89,0.11,0.52,0.13,19033,24.843966007232666
0.6,0.77,0.41,0.62,0.89,0.89,0.11,0.52,0.13,18604,24.845009565353394
0.6,0.76,0.41,0.62,0.89,0.89,0.11,0.52,0.13,18471,24.848331928253174
0.6,0.76,0.41,0.63,0.89,0.89,0.11,0.52,0.13,18966,24.852768659591675
0.6,0.76,0.42,0.62,0.89,0.9,0.11,0.52,0.13,18795,24.856391668319702
0.6,0.76,0.41,0.62,0.89,0.9,0.11,0.52,0.13,18646,24.856391668319702
0.6,0.76,0.41,0.63,0.9,0.89,0.12,0.52,0.13,18967,24.86039638519287
0.6,0.76,0.41,0.62,0.89,0.89,0.12,0.52,0.13,18512,24.864392518997192
0.59,0.76,0.4,0.63,0.89,0.89,0.11,0.52,0.13,18213,24.86839199066162
0.6,0.76,0.41,0.63,0.89,0.89,0.12,0.52,0.13,18678,24.86938977241516
0.61,0.76,0.41,0.63,0.88,0.89,0.12,0.53,0.13,18623,24.872392177581787
0.6,0.77,0.41,0.62,0.88,0.89,0.12,0.53,0.13,18870,24.876680612564087
0.6,0.77,0.41,0.63,0.88,0.89,0.11,0.53,0.13,18953,24.880776166915894
0.6,0.77,0.41,0.62,0.88,0.89,0.12,0.53,0.13,18864,24.884806871414185
0.61,0.77,0.41,0.62,0.88,0.89,0.12,0.53,0.13,18945,24.88587760925293
0.61,0.77,0.41,0.63,0.87,0.89,0.12,0.53,0.13,18810,24.888920545578003
0.6,0.77,0.41,0.63,0.88,0.89,0.11,0.53,0.13,18903,24.893921613693237
0.61,0.77,0.41,0.63,0.89,0.89,0.12,0.53,0.13,18438,24.897196292877197
0.6,0.77,0.41,0.63,0.89,0.89,0.12,0.52,0.13,18735,24.89823579788208
0.6,0.76,0.41,0.63,0.89,0.89,0.12,0.52,0.13,18972,24.90128183364868
0.61,0.77,0.41,0.63,0.89,0.89,0.12,0.53,0.13,18933,24.906376600265503
0.6,0.76,0.41,0.63,0.89,0.89,0.12,0.52,0.13,18678,24.909647226333618
0.61,0.76,0.4,0.63,0.89,0.89,0.12,0.53,0.13,18725,24.91037678718567
0.61,0.76,0.41,0.63,0.89,0.89,0.12,0.52,0.13,18638,24.913887977600098
0.62,0.76,0.41,0.63,0.89,0.89,0.12,0.52,0.13,18407,24.91889500617981
0.61,0.76,0.41,0.62,0.89,0.89,0.12,0.52,0.13,18556,24.922138929367065
0.61,0.76,0.41,0.63,0.89,0.9,0.11,0.52,0.13,18625,24.922894954681396
0.61,0.76,0.41,0.63,0.89,0.9,0.12,0.52,0.13,18558,24.926042079925537
0.61,0.76,0.41,0.63,0.89,0.9,0.12,0.52,0.13,18999,24.931089878082275
0.61,0.76,0.4,0.63,0.89,0.89,0.12,0.53,0.13,18770,24.93434739112854
0.61,0.76,0.41,0.63,0.89,0.9,0.12,0.53,0.13,19013,24.93522047996521
0.61,0.76,0.41,0.63,0.89,0.89,0.12,0.53,0.13,18522,24.938557147979736
0.6,0.75,0.41,0.63,0.89,0.9,0.11,0.53,0.13,18843,24.942535877227783
0.61,0.76,0.41,0.63,0.9,0.9,0.12,0.52,0.13,19174,24.9466392993927
0.62,0.75,0.41,0.63,0.89,0.89,0.12,0.53,0.13,19171,24.950164079666138
0.61,0.75,0.41,0.64,0.88,0.89,0.12,0.53,0.13,18822,24.951383113861084
0.61,0.76,0.41,0.63,0.89,0.89,0.11,0.53,0.13,18489,24.955420970916748
0.61,0.75,0.41,0.63,0.88,0.89,0.12,0.53,0.13,19096,24.9585223197937
0.61,0.75,0.41,0.63,0.89,0.89,0.12,0.53,0.13,19209,24.962437868118286
0.61,0.75,0.41,0.62,0.89,0.89,0.11,0.53,0.13,19066,24.962437868118286
0.61,0.76,0.41,0.63,0.89,0.9,0.11,0.53,0.13,19075,24.96697998046875
0.62,0.75,0.41,0.62,0.89,0.9,0.12,0.53,0.13,18842,24.972278833389282
0.61,0.76,0.41,0.62,0.89,0.89,0.12,0.53,0.13,18521,24.975262880325317
0.61,0.76,0.4,0.62,0.89,0.89,0.12,0.53,0.13,18260,24.9763343334198
0.61,0.76,0.41,0.62,0.9,0.9,0.12,0.53,0.13,18673,24.980332136154175
0.62,0.76,0.41,0.62,0.9,0.89,0.12,0.54,0.13,18836,24.98351240158081
0.62,0.75,0.41,0.63,0.9,0.9,0.11,0.54,0.13,18485,24.988025665283203
0.61,0.75,0.41,0.62,0.9,0.9,0.11,0.54,0.13,18706,24.988025665283203
0.61,0.75,0.41,0.62,0.9,0.9,0.11,0.54,0.13,18985,24.991140604019165
0.62,0.75,0.41,0.63,0.9,0.9,0.11,0.54,0.13,18926,24.996134519577026
0.61,0.75,0.41,0.63,0.9,0.9,0.11,0.54,0.13,18457,24.999937534332275
0.62,0.75,0.41,0.63,0.9,0.9,0.12,0.54,0.13,18410,25.000691175460815
0.62,0.75,0.41,0.63,0.89,0.9,0.12,0.54,0.13,19003,25.004737615585327
